<TICKER>,<PER>,<DATE>,<TIME>,<OPEN>,<HIGH>,<LOW>,<CLOSE>,<VOL>,<OPENINT>
TGT.US,D,20000103,000000,25.671,25.847,24.9588,25.5991,3962828.3942235,0
TGT.US,D,20000104,000000,24.6904,25.1123,24.3795,24.4966,5326031.1861697,0
TGT.US,D,20000105,000000,24.4966,24.8487,23.8033,23.9379,5974971.9253237,0
TGT.US,D,20000106,000000,23.4521,23.5368,22.63,22.8069,11258834.286498,0
TGT.US,D,20000107,000000,22.7381,24.0451,22.6662,23.9803,6067836.0682115,0
TGT.US,D,20000110,000000,23.6252,23.9803,23.2888,23.5151,3541773.5815547,0
TGT.US,D,20000111,000000,23.4718,24.3372,23.4521,24.2251,5230404.5246554,0
TGT.US,D,20000112,000000,24.2714,24.4219,23.8425,23.9566,4405935.5685002,0
TGT.US,D,20000113,000000,24.5546,24.8634,24.3146,24.5153,6999780.9284546,0
TGT.US,D,20000114,000000,24.8634,25.0258,24.4671,24.6058,4031448.0554598,0
TGT.US,D,20000118,000000,23.9803,24.3372,23.8947,24.1632,2686712.553102,0
TGT.US,D,20000119,000000,24.1849,25.5126,23.8033,24.8487,4721173.8184128,0
TGT.US,D,20000120,000000,24.8487,24.9372,23.8033,24.0451,4144976.6917461,0
TGT.US,D,20000121,000000,24.4219,24.5153,22.9112,23.0223,7407059.7511088,0
TGT.US,D,20000124,000000,23.2673,23.5368,22.4725,22.5571,7763360.5984625,0
TGT.US,D,20000125,000000,22.9112,23.2466,22.3408,23.1384,6561362.003492,0
TGT.US,D,20000126,000000,23.095,24.3372,23.095,24.1976,7014385.5723818,0
TGT.US,D,20000127,000000,24.1395,24.1632,23.3784,23.9144,6485034.3357386,0
TGT.US,D,20000128,000000,23.9566,23.9566,22.383,22.5108,6435157.5042261,0
TGT.US,D,20000131,000000,22.6515,23.5368,22.5108,23.3999,4254096.6858667,0
TGT.US,D,20000201,000000,23.4521,24.1976,23.1384,23.9566,3776002.0149194,0
TGT.US,D,20000202,000000,23.9803,24.5546,23.4718,24.1632,4277521.664385,0
TGT.US,D,20000203,000000,24.0677,24.0677,23.3135,23.4718,6549789.3178072,0
TGT.US,D,20000204,000000,23.7845,23.9803,22.6515,22.9574,6262934.7520958,0
TGT.US,D,20000207,000000,23.095,23.6252,22.9574,23.334,3899727.6697204,0
TGT.US,D,20000208,000000,23.334,24.4219,23.3135,24.4022,4848480.4782202,0
TGT.US,D,20000209,000000,24.4022,24.4022,23.8033,23.8711,2877403.611574,0
TGT.US,D,20000210,000000,23.9144,24.2478,23.4933,23.6026,2617819.3852369,0
TGT.US,D,20000211,000000,23.6479,23.7541,23.4718,23.4718,2898617.1517366,0
TGT.US,D,20000214,000000,23.4933,23.4933,22.868,23.1826,2598806.0991441,0
TGT.US,D,20000215,000000,23.095,23.095,22.3408,22.7174,3882371.6914528,0
TGT.US,D,20000216,000000,22.68,23.2171,21.8618,21.9916,5410078.0447261,0
TGT.US,D,20000217,000000,21.9916,22.1509,20.8132,21.311,7865863.5623214,0
TGT.US,D,20000218,000000,21.311,21.6179,20.7041,20.9993,7333484.4344492,0
TGT.US,D,20000222,000000,20.9215,21.2805,19.7286,20.5448,7790635.0048497,0
TGT.US,D,20000223,000000,20.7298,20.7523,20.1701,20.2113,5102548.8180838,0
TGT.US,D,20000224,000000,20.2113,20.2113,19.1276,19.8879,5692521.9347651,0
TGT.US,D,20000225,000000,19.9459,20.1926,19.5328,19.8879,6627775.3101389,0
TGT.US,D,20000228,000000,20.3727,21.013,20.1494,20.9529,5433222.3993428,0
TGT.US,D,20000229,000000,20.9529,21.5254,20.6835,20.9993,5107231.9836316,0
TGT.US,D,20000301,000000,20.9775,21.3533,20.8132,21.0847,5554741.6995544,0
TGT.US,D,20000302,000000,21.129,22.1932,21.129,21.4408,5571830.2717128,0
TGT.US,D,20000303,000000,21.7073,22.325,21.311,21.9679,3489144.3989484,0
TGT.US,D,20000306,000000,22.0437,22.1272,21.3317,21.6179,3650346.5624176,0
TGT.US,D,20000307,000000,21.3533,21.3759,20.4848,20.6441,5223520.0882846,0
TGT.US,D,20000308,000000,20.2428,20.7041,20.2428,20.7041,7643489.4552966,0
TGT.US,D,20000309,000000,20.7298,21.5254,20.1494,21.3759,3926736.7035049,0
TGT.US,D,20000310,000000,21.5254,22.0633,21.5047,21.6345,3624168.2160523,0
TGT.US,D,20000313,000000,21.1693,21.9679,20.8132,21.8618,4776558.4023727,0
TGT.US,D,20000314,000000,21.8618,22.3967,21.484,21.6877,3315264.338993,0
TGT.US,D,20000315,000000,21.7073,22.9918,21.4408,22.7763,4195957.7173066,0
TGT.US,D,20000316,000000,23.1315,25.3533,23.1315,25.3081,7720370.2368273,0
TGT.US,D,20000317,000000,24.9087,25.3533,24.5782,24.7258,8602716.8559531,0
TGT.US,D,20000320,000000,24.5989,24.6393,23.4866,23.6173,7347535.9645991,0
TGT.US,D,20000321,000000,23.573,24.1464,23.2396,23.821,6654780.2769104,0
TGT.US,D,20000322,000000,23.6173,23.9714,23.106,23.7333,4183831.9178444,0
TGT.US,D,20000323,000000,23.573,24.4671,23.2396,24.1976,3943540.5847486,0
TGT.US,D,20000324,000000,24.2861,24.9087,24.2861,24.5989,3451943.4304156,0
TGT.US,D,20000327,000000,24.5025,24.6845,24.06,24.3501,3072491.1111724,0
TGT.US,D,20000328,000000,23.9321,24.6393,23.9321,24.5025,7313643.5111971,0
TGT.US,D,20000329,000000,24.5546,25.9769,24.5025,25.8391,6185779.4471831,0
TGT.US,D,20000330,000000,25.8667,27.4855,25.7083,27.4649,9793133.6144591,0
TGT.US,D,20000331,000000,27.4855,27.4855,26.5483,26.6003,8137574.604874,0
TGT.US,D,20000403,000000,26.5246,27.7983,26.0181,27.3961,7552560.1938759,0
TGT.US,D,20000404,000000,27.3961,27.8858,26.0633,26.7961,7554760.4479457,0
TGT.US,D,20000405,000000,26.6879,26.9042,26.0633,26.3987,3291565.8538458,0
TGT.US,D,20000406,000000,25.6218,26.7115,25.3749,26.3298,7410089.6758444,0
TGT.US,D,20000407,000000,26.2464,26.7331,26.0633,26.4194,2596328.2714325,0
TGT.US,D,20000410,000000,26.4194,27.0635,26.084,26.7538,2947666.3460898,0
TGT.US,D,20000411,000000,26.3298,26.6003,25.663,25.9345,6208372.721529,0
TGT.US,D,20000412,000000,25.9345,26.1942,25.5126,25.7299,4920127.0139324,0
TGT.US,D,20000413,000000,25.6415,25.6415,25.129,25.129,4057626.4018251,0
TGT.US,D,20000414,000000,24.9087,24.9087,23.4866,24.3077,3913780.2166236,0
TGT.US,D,20000417,000000,23.7688,23.996,22.505,23.2396,4411993.3844649,0
TGT.US,D,20000418,000000,22.9042,24.8241,22.9042,24.6845,7276441.5259108,0
TGT.US,D,20000419,000000,24.6845,24.7041,24.1111,24.3727,3879333.632691,0
TGT.US,D,20000420,000000,24.3501,24.6628,24.2379,24.6393,3182174.386603,0
TGT.US,D,20000424,000000,24.6393,25.3081,24.4671,24.9982,2935539.5298744,0
TGT.US,D,20000425,000000,24.9313,25.5766,24.6845,25.4378,2557197.5051987,0
TGT.US,D,20000426,000000,25.3945,25.7083,25.1772,25.1978,3837175.9919815,0
TGT.US,D,20000427,000000,24.772,24.9737,24.0885,24.1976,3444500.7965011,0
TGT.US,D,20000428,000000,24.2861,24.3077,23.573,23.6832,2549760.971804,0
TGT.US,D,20000501,000000,23.8425,24.7041,23.7924,24.2861,4516153.6561492,0
TGT.US,D,20000502,000000,24.1976,24.6845,23.9074,24.5025,4743221.0962544,0
TGT.US,D,20000503,000000,23.3045,23.4866,22.442,22.68,7852088.5890602,0
TGT.US,D,20000504,000000,22.8188,23.8425,22.505,23.5288,9762550.6929411,0
TGT.US,D,20000505,000000,23.4364,25.0415,23.3932,24.2251,5792827.6948141,0
TGT.US,D,20000508,000000,24.1111,24.4818,23.6616,24.2861,4589457.4996866,0
TGT.US,D,20000509,000000,24.3501,24.886,24.2192,24.7041,5494117.7860098,0
TGT.US,D,20000510,000000,24.7258,25.1772,24.7041,25.0415,4606266.4646965,0
TGT.US,D,20000511,000000,25.2666,25.2894,24.415,24.8566,2342261.9650753,0
TGT.US,D,20000512,000000,24.6393,25.129,24.3943,25.011,2131182.9700935,0
TGT.US,D,20000515,000000,24.8566,25.4812,24.6845,25.2666,2372849.9703596,0
TGT.US,D,20000516,000000,25.4378,26.1282,25.3533,25.4182,4797779.0598082,0
TGT.US,D,20000517,000000,25.2499,25.2814,24.5379,24.8113,4879068.4835045,0
TGT.US,D,20000518,000000,24.7641,25.608,24.7179,25.2666,6321902.3745686,0
TGT.US,D,20000519,000000,25.1625,25.4979,24.9255,25.011,3750097.1751829,0
TGT.US,D,20000522,000000,25.0739,25.2057,24.8487,24.9913,3147446.1620154,0
TGT.US,D,20000523,000000,24.7179,24.7179,23.8711,23.8711,8533001.1346948,0
TGT.US,D,20000524,000000,23.1137,23.3852,22.5571,22.9869,9610715.8773208,0
TGT.US,D,20000525,000000,23.343,23.3626,23.0528,23.1384,4272835.4485774,0
TGT.US,D,20000526,000000,23.0528,23.2466,22.8245,22.9671,3810998.6623695,0
TGT.US,D,20000530,000000,22.7174,22.7174,22.0054,22.029,5460498.8392365,0
TGT.US,D,20000531,000000,22.2699,22.4282,21.8263,22.3408,9706609.9449442,0
TGT.US,D,20000601,000000,22.0939,22.63,21.8017,22.4489,6652302.4491988,0
TGT.US,D,20000602,000000,22.8069,23.5878,22.8069,23.5151,7057922.9472745,0
TGT.US,D,20000605,000000,23.4718,23.5368,22.868,22.9112,2548381.2376207,0
TGT.US,D,20000606,000000,22.4941,22.4941,20.4691,20.5113,12495280.482154,0
TGT.US,D,20000607,000000,20.9313,21.5558,20.9313,21.2657,9460255.7121173,0
TGT.US,D,20000608,000000,21.1998,21.4221,20.7995,21.2893,5766646.2981889,0
TGT.US,D,20000609,000000,21.2893,21.311,19.9311,20.0462,8732225.8033367,0
TGT.US,D,20000612,000000,19.9311,20.0009,19.2633,19.4216,7714306.3203429,0
TGT.US,D,20000613,000000,19.821,20.2713,19.3793,20.1759,6523341.5318259,0
TGT.US,D,20000614,000000,20.3559,21.07,19.9733,20.6716,6974704.7426307,0
TGT.US,D,20000615,000000,21.07,21.4034,20.8664,21.4034,6693077.3054651,0
TGT.US,D,20000616,000000,21.3828,21.3828,20.7121,20.8448,8628615.5951699,0
TGT.US,D,20000619,000000,21.0937,21.3592,19.6449,20.3806,11197666.409956,0
TGT.US,D,20000620,000000,20.1357,20.1584,19.4866,19.5957,13678254.606747,0
TGT.US,D,20000621,000000,19.5957,19.5957,18.4872,18.6899,12831186.275726,0
TGT.US,D,20000622,000000,18.7774,19.3262,18.6161,19.1098,10450622.198329,0
TGT.US,D,20000623,000000,19.2918,19.4649,18.9938,19.2633,5753699.9788402,0
TGT.US,D,20000626,000000,19.5957,19.9733,19.5515,19.7531,5701063.6789611,0
TGT.US,D,20000627,000000,19.3793,20.4446,19.2397,19.8879,8734705.6645549,0
TGT.US,D,20000628,000000,19.8879,20.5752,19.4216,19.4796,7151614.7273217,0
TGT.US,D,20000629,000000,19.7373,20.1357,19.2918,19.7777,8776595.8991552,0
TGT.US,D,20000630,000000,19.7531,20.7041,19.6203,20.6716,6375360.2110875,0
TGT.US,D,20000703,000000,20.4446,20.6716,20.0677,20.5949,3116310.1267201,0
TGT.US,D,20000705,000000,20.891,21.1133,20.2713,20.5507,6308947.9211939,0
TGT.US,D,20000706,000000,20.5507,20.9529,20.0677,20.1112,6504874.2422376,0
TGT.US,D,20000707,000000,20.3097,21.1133,20.1759,20.9844,9681259.2357381,0
TGT.US,D,20000710,000000,21.4703,22.029,21.3385,21.8017,10562223.07042,0
TGT.US,D,20000711,000000,22.0496,22.63,22.029,22.4489,10951316.244142,0
TGT.US,D,20000712,000000,22.63,22.7597,22.3604,22.383,8029550.6707752,0
TGT.US,D,20000713,000000,22.5364,22.5364,21.911,22.1362,5626660.7251421,0
TGT.US,D,20000714,000000,22.0939,22.2699,22.0054,22.1362,5192934.1165067,0
TGT.US,D,20000717,000000,22.2316,22.2316,21.4221,21.7014,5355788.5040348,0
TGT.US,D,20000718,000000,21.2893,21.5558,21.0247,21.1359,7188811.6288415,0
TGT.US,D,20000719,000000,21.07,21.3828,21.0247,21.0465,5874946.7891764,0
TGT.US,D,20000720,000000,21.0247,21.7801,20.891,21.7378,5923029.0511727,0
TGT.US,D,20000721,000000,21.6415,21.6965,21.2893,21.3385,3933205.2877896,0
TGT.US,D,20000724,000000,21.1998,21.4221,20.7995,20.891,4630651.2582988,0
TGT.US,D,20000725,000000,21.3828,21.911,21.3385,21.4624,4771875.236825,0
TGT.US,D,20000726,000000,21.9994,22.63,21.8263,22.2699,5006103.6701897,0
TGT.US,D,20000727,000000,22.3093,22.7597,21.911,22.2316,2039972.0680179,0
TGT.US,D,20000728,000000,22.2699,22.2699,21.4221,21.6965,2506358.8250957,0
TGT.US,D,20000731,000000,21.7378,21.8263,20.1357,20.6716,3963108.0013719,0
TGT.US,D,20000801,000000,20.532,20.7995,20.3097,20.6716,3487766.6982716,0
TGT.US,D,20000802,000000,20.9313,22.0939,20.8448,21.7378,4237423.9657945,0
TGT.US,D,20000803,000000,21.911,22.0496,21.2893,21.4221,2343087.5687281,0
TGT.US,D,20000804,000000,21.4624,21.6415,20.7041,21.1556,2611617.1903082,0
TGT.US,D,20000807,000000,21.0247,22.3535,20.7523,22.1784,3131329.6059802,0
TGT.US,D,20000808,000000,22.2699,22.7597,21.8696,22.7115,3357285.7347646,0
TGT.US,D,20000809,000000,21.7378,22.2699,20.9313,22.0939,4075536.5106232,0
TGT.US,D,20000810,000000,21.7378,21.7378,20.9313,21.1998,3449736.0590729,0
TGT.US,D,20000811,000000,21.0247,21.3385,21.0247,21.1074,3227778.8208875,0
TGT.US,D,20000814,000000,21.2893,21.6415,21.1556,21.3385,5476350.022669,0
TGT.US,D,20000815,000000,20.6716,20.9313,19.103,19.2397,11964687.789772,0
TGT.US,D,20000816,000000,19.1895,19.2397,18.4725,18.8325,11507808.692493,0
TGT.US,D,20000817,000000,18.748,18.7922,18.4303,18.6072,10125182.862888,0
TGT.US,D,20000818,000000,18.6072,18.921,18.5679,18.921,6978563.3212789,0
TGT.US,D,20000821,000000,18.7922,18.9642,18.1647,18.748,9062077.8479559,0
TGT.US,D,20000822,000000,19.103,19.9527,19.0578,19.6379,8148039.0294978,0
TGT.US,D,20000823,000000,19.459,19.5957,19.1895,19.2397,5142230.6645881,0
TGT.US,D,20000824,000000,19.2397,19.9036,19.2397,19.4147,5115913.0230253,0
TGT.US,D,20000825,000000,19.459,19.459,19.2849,19.4147,3623204.3339552,0
TGT.US,D,20000828,000000,19.5013,19.5465,19.0578,19.0578,5531594.2946779,0
TGT.US,D,20000829,000000,18.8787,19.0578,18.2984,18.8787,9977072.4144849,0
TGT.US,D,20000830,000000,18.6526,18.7046,18.3908,18.6072,5661105.2755681,0
TGT.US,D,20000831,000000,16.6078,16.9176,15.4374,16.5625,30523666.154341,0
TGT.US,D,20000901,000000,16.6078,17.5814,16.4258,17.5814,8767084.1723424,0
TGT.US,D,20000905,000000,17.4978,17.9434,17.3611,17.8529,5298332.7936701,0
TGT.US,D,20000906,000000,17.8529,18.0299,17.7635,17.8971,5061492.3211625,0
TGT.US,D,20000907,000000,17.8971,17.9434,17.4978,17.7173,5556394.9403665,0
TGT.US,D,20000908,000000,17.8107,18.1647,17.6286,17.7635,9093901.2084596,0
TGT.US,D,20000911,000000,17.8529,19.0086,17.8107,18.8325,8769289.5101785,0
TGT.US,D,20000912,000000,18.8787,19.3203,18.5217,19.1482,8161819.0865254,0
TGT.US,D,20000913,000000,19.459,19.813,18.921,18.921,9264471.736531,0
TGT.US,D,20000914,000000,19.459,19.9941,19.1895,19.9941,6490681.3833835,0
TGT.US,D,20000915,000000,19.7698,19.813,19.1895,19.3203,6563707.653279,0
TGT.US,D,20000918,000000,19.103,19.3203,18.4725,18.748,5903598.8962403,0
TGT.US,D,20000919,000000,18.7922,18.7922,18.0299,18.3476,3662331.0331757,0
TGT.US,D,20000920,000000,18.6526,18.7046,17.8971,18.3908,4857164.5678736,0
TGT.US,D,20000921,000000,18.3908,19.103,18.208,18.208,8132741.9765959,0
TGT.US,D,20000922,000000,18.4725,18.8787,18.3908,18.8787,7110281.6735118,0
TGT.US,D,20000925,000000,18.5679,18.748,18.0732,18.4725,6589061.4127448,0
TGT.US,D,20000926,000000,18.3908,18.5217,17.3179,17.8174,7173383.4147681,0
TGT.US,D,20000927,000000,17.4978,18.0939,16.8252,17.7173,8482293.6157633,0
TGT.US,D,20000928,000000,17.1349,18.3908,17.1349,18.0299,6419043.9984508,0
TGT.US,D,20000929,000000,18.0732,18.9642,18.0732,18.2984,5846423.8097773,0
TGT.US,D,20001002,000000,18.748,19.0086,17.8107,17.8529,6495643.1393265,0
TGT.US,D,20001003,000000,18.0299,18.208,17.5814,17.9434,7553794.532342,0
TGT.US,D,20001004,000000,17.5814,18.6526,17.5332,18.208,7300695.1583418,0
TGT.US,D,20001005,000000,18.6526,19.103,18.5217,18.5217,5649676.9688472,0
TGT.US,D,20001006,000000,18.0299,18.0299,17.1349,17.4054,5613851.6674845,0
TGT.US,D,20001009,000000,17.4555,17.8529,17.4054,17.4978,4098683.9154998,0
TGT.US,D,20001010,000000,17.5332,17.6719,17.1349,17.1801,2745954.698957,0
TGT.US,D,20001011,000000,17.1349,17.1801,16.5625,16.6855,3961591.0054975,0
TGT.US,D,20001012,000000,16.3304,16.5124,15.8426,16.2419,8723685.075894,0
TGT.US,D,20001013,000000,16.2419,17.7635,16.1121,17.1801,5994126.5401206,0
TGT.US,D,20001016,000000,17.1349,17.6719,17.1349,17.4054,6050342.8282529,0
TGT.US,D,20001017,000000,17.9434,18.0299,16.8674,16.9176,6542214.505968,0
TGT.US,D,20001018,000000,16.779,17.4978,16.2419,17.1349,8544987.6389594,0
TGT.US,D,20001019,000000,17.6719,18.748,17.5332,18.5217,8466999.6131211,0
TGT.US,D,20001020,000000,18.8325,18.8325,17.8529,17.9434,5050053.8469088,0
TGT.US,D,20001023,000000,18.208,18.208,17.2737,17.6719,3571258.4095442,0
TGT.US,D,20001024,000000,17.5332,17.8107,17.2737,17.7173,6604903.4453979,0
TGT.US,D,20001025,000000,17.7173,17.7173,17.0031,17.3179,5309214.0871335,0
TGT.US,D,20001026,000000,17.0494,17.6286,16.9638,17.3179,4152968.3724247,0
TGT.US,D,20001027,000000,17.1349,17.8529,17.1349,17.4555,5096212.4117239,0
TGT.US,D,20001030,000000,17.4555,18.4725,17.4054,18.208,4989984.0638946,0
TGT.US,D,20001031,000000,18.208,19.9941,18.1647,19.7286,8983949.5101667,0
TGT.US,D,20001101,000000,19.3656,20.532,19.3656,19.6851,6632598.7876376,0
TGT.US,D,20001102,000000,19.6851,20.532,19.1482,20.2566,8670508.8800301,0
TGT.US,D,20001103,000000,19.9941,20.1759,19.0086,19.6379,4978407.3111966,0
TGT.US,D,20001106,000000,19.103,19.6851,19.0086,19.6851,5186592.6263804,0
TGT.US,D,20001107,000000,19.9527,20.3482,19.2849,20.2566,3960764.3850915,0
TGT.US,D,20001108,000000,21.4221,21.8696,21.07,21.5116,8366423.396703,0
TGT.US,D,20001109,000000,20.1759,20.3954,19.2849,19.5465,10265307.731133,0
TGT.US,D,20001110,000000,18.6072,18.8325,18.3476,18.5217,5466009.6419436,0
TGT.US,D,20001113,000000,18.0299,18.8325,17.8107,18.7046,5512308.5187096,0
TGT.US,D,20001114,000000,19.459,20.3482,19.3656,20.1357,9523362.5371399,0
TGT.US,D,20001115,000000,20.0835,20.6658,19.9036,20.6205,5761824.8541969,0
TGT.US,D,20001116,000000,20.6127,20.7917,20.301,20.7041,2755880.2443493,0
TGT.US,D,20001117,000000,20.7041,21.1074,20.4779,21.013,3204903.9058867,0
TGT.US,D,20001120,000000,20.9215,20.9687,20.3482,20.5242,2646203.0694384,0
TGT.US,D,20001121,000000,20.8369,20.9687,20.0315,20.6579,4411305.0425031,0
TGT.US,D,20001122,000000,20.301,20.8369,20.0315,20.8369,2652544.5595646,0
TGT.US,D,20001124,000000,21.013,21.013,20.3482,20.3482,2070148.2882291,0
TGT.US,D,20001127,000000,20.7523,21.547,20.6579,20.7523,7804416.0786305,0
TGT.US,D,20001128,000000,20.7917,21.1074,20.301,20.7523,4410201.8652085,0
TGT.US,D,20001129,000000,20.5675,21.7801,20.5675,21.547,5706437.2199772,0
TGT.US,D,20001130,000000,21.8263,21.8263,20.7523,21.5047,5868330.7756679,0
TGT.US,D,20001201,000000,21.9994,22.7597,21.9031,22.4941,7034092.2842026,0
TGT.US,D,20001204,000000,22.8984,23.6095,22.5364,23.5229,11064847.930688,0
TGT.US,D,20001205,000000,22.5364,23.3479,22.2699,22.5364,11769592.156148,0
TGT.US,D,20001206,000000,22.9869,23.6095,22.622,23.4304,8680836.0429628,0
TGT.US,D,20001207,000000,22.8984,24.3285,22.8984,24.0098,6445352.4892342,0
TGT.US,D,20001208,000000,23.8849,24.3285,23.5229,24.1042,7170216.2283414,0
TGT.US,D,20001211,000000,23.9232,24.3285,23.6095,23.8357,8487668.1735326,0
TGT.US,D,20001212,000000,23.2533,24.2861,23.0725,23.2978,10352935.594695,0
TGT.US,D,20001213,000000,23.5229,23.6095,22.442,23.0725,4914476.9160277,0
TGT.US,D,20001214,000000,22.8069,22.8551,22.1362,22.3604,4989153.3764756,0
TGT.US,D,20001215,000000,22.7174,22.7174,22.1362,22.3604,6977872.9458106,0
TGT.US,D,20001218,000000,22.7174,22.9869,22.1784,22.6722,5053357.2782733,0
TGT.US,D,20001219,000000,22.1784,22.2699,19.8573,20.5675,12655789.219895,0
TGT.US,D,20001220,000000,19.7619,20.3482,19.2278,20.1701,13042677.05578,0
TGT.US,D,20001221,000000,20.6579,21.7299,20.2566,21.4624,11614447.808643,0
TGT.US,D,20001222,000000,21.8263,22.1784,21.7801,21.9542,7011356.6643994,0
TGT.US,D,20001226,000000,21.9031,22.1784,21.547,21.9031,4648974.1689234,0
TGT.US,D,20001227,000000,21.4624,23.1137,21.1074,23.0725,10118019.836122,0
TGT.US,D,20001228,000000,23.0725,23.0725,22.622,22.8984,4560518.6682012,0
TGT.US,D,20001229,000000,23.1699,23.8849,23.0725,23.0725,3353843.0082026,0
TGT.US,D,20010102,000000,23.3479,24.0098,23.2121,23.7924,5526082.4752175,0
TGT.US,D,20010103,000000,23.7924,26.0251,23.3479,25.9345,14680469.318777,0
TGT.US,D,20010104,000000,25.7584,27.1865,25.4015,26.4252,13042677.05578,0
TGT.US,D,20010105,000000,25.7584,26.0703,24.4592,24.8241,8238420.2609078,0
TGT.US,D,20010108,000000,24.6845,25.1369,24.1907,24.5989,5855928.4193172,0
TGT.US,D,20010109,000000,24.5989,24.8241,24.1907,24.6845,4099650.8478567,0
TGT.US,D,20010110,000000,24.2379,24.7789,24.0098,24.6393,5463255.2573433,0
TGT.US,D,20010111,000000,24.3285,24.5989,23.6095,23.9232,8188824.053297,0
TGT.US,D,20010112,000000,23.9232,25.2194,23.9232,24.9018,8872760.4231477,0
TGT.US,D,20010116,000000,24.952,26.1115,24.8241,25.671,9085768.199077,0
TGT.US,D,20010117,000000,25.7584,26.0703,25.4889,25.6218,7556138.1486225,0
TGT.US,D,20010118,000000,25.7998,25.7998,24.1464,24.7258,7525548.1098316,0
TGT.US,D,20010119,000000,24.3285,24.5025,23.3479,23.4304,5853312.3131612,0
TGT.US,D,20010122,000000,24.6845,25.5766,24.5025,24.7258,8918507.2028897,0
TGT.US,D,20010123,000000,25.2194,26.3388,25.0798,25.7584,6936401.6135563,0
TGT.US,D,20010124,000000,25.7584,26.2079,25.5342,25.9769,5325895.9579851,0
TGT.US,D,20010125,000000,25.5766,27.0076,25.4015,26.2541,7060819.6773322,0
TGT.US,D,20010126,000000,26.6505,26.8747,25.8991,26.0251,5673506.6151657,0
TGT.US,D,20010129,000000,26.0181,27.1865,25.9542,26.3692,5029387.3200038,0
TGT.US,D,20010130,000000,26.4715,26.4715,25.7584,26.1115,4450845.5603034,0
TGT.US,D,20010131,000000,26.1862,27.6232,26.0771,27.1708,10969228.386446,0
TGT.US,D,20010201,000000,27.1708,27.3715,26.3692,27.1147,10310360.068393,0
TGT.US,D,20010202,000000,27.1147,27.3715,26.1538,26.4479,6229178.5436316,0
TGT.US,D,20010205,000000,26.4479,26.4646,25.7811,26.0044,4585869.3774073,0
TGT.US,D,20010206,000000,26.0044,26.9042,25.7584,25.9629,5343665.7548325,0
TGT.US,D,20010207,000000,25.9629,26.5306,25.904,26.2541,4261678.6149787,0
TGT.US,D,20010208,000000,25.5766,25.7231,24.6845,25.3021,7316677.5029457,0
TGT.US,D,20010209,000000,25.3021,25.5676,23.6616,24.294,6382525.27136,0
TGT.US,D,20010212,000000,23.9016,26.0408,23.8357,25.8667,9491672.3713142,0
TGT.US,D,20010213,000000,25.8667,26.5798,25.5618,26.3535,4525665.3829619,0
TGT.US,D,20010214,000000,26.4057,26.5403,25.9689,26.1942,4409238.9998647,0
TGT.US,D,20010215,000000,26.4784,26.5483,25.9404,26.1617,4086420.8543465,0
TGT.US,D,20010216,000000,25.904,26.8315,25.0739,25.5991,4836768.4973376,0
TGT.US,D,20010220,000000,25.9404,27.7688,25.8991,26.6948,7321494.8799247,0
TGT.US,D,20010221,000000,26.5138,26.5138,24.7179,24.9372,4857299.7960581,0
TGT.US,D,20010222,000000,25.9769,25.9769,24.5379,25.6483,7250542.786694,0
TGT.US,D,20010223,000000,25.4378,25.9689,24.894,25.608,6737998.4815542,0
TGT.US,D,20010226,000000,26.3298,27.0872,26.1282,27.0872,5530355.8891988,0
TGT.US,D,20010227,000000,27.4029,27.996,27.0568,27.4915,8784169.694241,0
TGT.US,D,20010228,000000,27.7295,28.3766,27.3065,27.9429,9398810.2619329,0
TGT.US,D,20010301,000000,27.1581,27.2711,26.1617,26.7253,6810192.0305241,0
TGT.US,D,20010302,000000,26.2384,26.6574,25.7299,26.4784,6344915.5680138,0
TGT.US,D,20010305,000000,26.6574,27.2308,25.7928,26.084,5951692.3425226,0
TGT.US,D,20010306,000000,27.5869,28.234,26.6574,27.2308,11599567.624581,0
TGT.US,D,20010307,000000,27.8711,28.0894,26.9417,27.4423,10442636.61817,0
TGT.US,D,20010308,000000,27.8426,28.3059,27.0872,27.2308,10909289.764603,0
TGT.US,D,20010309,000000,27.2308,27.3439,26.8699,26.9417,4930045.4420519,0
TGT.US,D,20010312,000000,26.6948,26.8443,26.1617,26.1617,5258518.7692411,0
TGT.US,D,20010313,000000,26.1617,26.4391,24.6559,25.5471,8016596.2174004,0
TGT.US,D,20010314,000000,24.9018,26.084,24.4022,25.4378,6734276.1478438,0
TGT.US,D,20010315,000000,25.6483,26.0111,24.7573,25.4889,4962700.506728,0
TGT.US,D,20010316,000000,25.2194,25.6148,24.9737,25.0346,6854698.3712803,0
TGT.US,D,20010319,000000,25.367,25.7231,24.832,25.5126,4047288.0546063,0
TGT.US,D,20010320,000000,26.5138,27.1944,25.6148,25.6148,6285532.0934549,0
TGT.US,D,20010321,000000,25.6148,26.6948,25.1821,26.4194,6383351.8917661,0
TGT.US,D,20010322,000000,25.8303,25.8391,23.3932,24.7179,9334599.2428622,0
TGT.US,D,20010323,000000,24.6117,25.129,23.9016,25.011,5685497.1864434,0
TGT.US,D,20010326,000000,25.6857,25.9769,24.9018,25.6415,4939831.6922468,0
TGT.US,D,20010327,000000,25.8667,26.5069,25.4378,26.4252,5023047.8633841,0
TGT.US,D,20010328,000000,25.7231,26.1617,25.367,25.904,6695009.1366724,0
TGT.US,D,20010329,000000,25.6483,25.8598,24.832,25.4092,6518099.1519813,0
TGT.US,D,20010330,000000,25.7231,26.323,25.3375,25.8528,5461191.2482114,0
TGT.US,D,20010402,000000,26.5138,26.8245,25.8303,26.0111,5854415.4904559,0
TGT.US,D,20010403,000000,26.1617,26.1617,24.6904,25.1369,6278223.6709718,0
TGT.US,D,20010404,000000,25.0739,25.2194,24.4022,24.5851,6675446.8038155,0
TGT.US,D,20010405,000000,25.1506,25.8667,24.8802,25.6857,5702993.4766618,0
TGT.US,D,20010406,000000,26.1617,26.1617,25.011,25.5126,4854821.9683465,0
TGT.US,D,20010409,000000,26.0111,26.0111,25.0189,25.1123,3319812.2763563,0
TGT.US,D,20010410,000000,25.5471,26.084,25.3375,25.6857,5225447.8524787,0
TGT.US,D,20010411,000000,25.9769,26.084,24.7641,25.5843,5605308.9065352,0
TGT.US,D,20010412,000000,25.011,25.7861,24.0048,25.6857,8962732.9197442,0
TGT.US,D,20010416,000000,25.6857,26.3692,25.2666,25.6148,2791288.6768724,0
TGT.US,D,20010417,000000,25.5843,25.7811,25.0739,25.3286,3929766.6282405,0
TGT.US,D,20010418,000000,25.7928,27.9429,25.5204,27.4029,8572681.964446,0
TGT.US,D,20010419,000000,27.2308,27.3715,26.7331,26.8521,4199262.1654243,0
TGT.US,D,20010420,000000,26.6948,26.9623,26.5138,26.8699,3647173.2754714,0
TGT.US,D,20010423,000000,27.0135,27.1147,26.2611,26.323,4106670.512412,0
TGT.US,D,20010424,000000,25.7928,25.904,25.1506,25.7811,5748599.944453,0
TGT.US,D,20010425,000000,26.1195,26.1725,25.7231,25.9906,3457589.4613072,0
TGT.US,D,20010426,000000,26.3298,26.978,26.084,26.9042,4151727.933439,0
TGT.US,D,20010427,000000,27.1226,28.1985,26.978,28.0559,5460912.6578161,0
TGT.US,D,20010430,000000,28.2674,28.6628,27.5141,27.5514,7142524.9531148,0
TGT.US,D,20010501,000000,27.5593,28.0471,27.4118,28.0107,5887621.6354027,0
TGT.US,D,20010502,000000,27.9429,28.2979,27.6232,27.8642,4063137.2045323,0
TGT.US,D,20010503,000000,27.8642,28.0177,27.4423,27.9488,4912272.5949449,0
TGT.US,D,20010504,000000,27.2987,28.2979,27.1944,28.1248,4910068.273862,0
TGT.US,D,20010507,000000,28.0471,28.0471,27.7442,27.9015,3170318.0267565,0
TGT.US,D,20010508,000000,27.9015,28.1593,27.4796,27.5947,5278630.1488623,0
TGT.US,D,20010509,000000,27.6232,27.8711,27.335,27.4423,5358544.9221417,0
TGT.US,D,20010510,000000,28.234,28.9372,28.1985,28.3059,6475248.0855437,0
TGT.US,D,20010511,000000,28.417,28.954,28.3059,28.6116,6516724.5015644,0
TGT.US,D,20010514,000000,28.4455,28.8271,28.3059,28.4455,4478957.7713826,0
TGT.US,D,20010515,000000,28.9372,28.9775,27.0518,27.4423,8984642.9358948,0
TGT.US,D,20010516,000000,26.7676,27.6232,26.4646,27.2672,9841219.9434684,0
TGT.US,D,20010517,000000,27.3763,27.8426,27.1393,27.5367,3954842.8140645,0
TGT.US,D,20010518,000000,27.5593,27.5869,27.0518,27.1226,3828913.8549339,0
TGT.US,D,20010521,000000,27.1944,27.5219,26.4391,27.0872,8397422.1703073,0
TGT.US,D,20010522,000000,27.4855,28.176,26.5561,27.9094,6416558.0367129,0
TGT.US,D,20010523,000000,28.1317,28.1317,26.622,27.0459,4581464.8022546,0
TGT.US,D,20010524,000000,27.1865,27.4118,26.7174,26.9348,3132569.0282127,0
TGT.US,D,20010525,000000,26.7676,27.0135,26.7676,26.8108,2531706.4840419,0
TGT.US,D,20010529,000000,26.5845,26.8245,26.383,26.6948,4157788.7996635,0
TGT.US,D,20010530,000000,26.5483,27.3439,26.4194,27.1089,5109153.6473062,0
TGT.US,D,20010531,000000,27.4255,27.4855,27.0518,27.1226,5140848.8968982,0
TGT.US,D,20010601,000000,27.2672,27.5435,26.7833,27.1226,3246927.3351648,0
TGT.US,D,20010604,000000,27.1305,27.1305,26.4715,26.564,4126105.7511107,0
TGT.US,D,20010605,000000,26.564,27.1226,26.564,26.9869,3163157.033497,0
TGT.US,D,20010606,000000,26.9869,27.1226,26.622,26.7961,2471501.4728433,0
TGT.US,D,20010607,000000,26.1195,27.3439,26.084,27.2386,4733300.6346282,0
TGT.US,D,20010608,000000,27.2672,27.6232,26.978,27.458,3216063.7897451,0
TGT.US,D,20010611,000000,27.2711,27.4187,26.2669,26.7331,2574422.322295,0
TGT.US,D,20010612,000000,26.3023,26.7391,26.0328,26.6357,3762082.6626942,0
TGT.US,D,20010613,000000,26.5483,26.7331,26.3298,26.4391,1869957.7039836,0
TGT.US,D,20010614,000000,26.4391,26.5845,26.201,26.3298,2872712.3120001,0
TGT.US,D,20010615,000000,25.8303,25.9404,25.1123,25.5618,7104359.0857315,0
TGT.US,D,20010618,000000,25.7928,26.3987,25.5843,26.0703,3724611.2377924,0
TGT.US,D,20010619,000000,26.1942,26.5138,25.8667,26.0251,3970683.8299644,0
TGT.US,D,20010620,000000,25.8391,26.2149,25.6935,25.8223,5282488.7275106,0
TGT.US,D,20010621,000000,25.8667,27.0518,25.8667,26.0565,7564267.0909921,0
TGT.US,D,20010622,000000,26.3692,26.4715,25.7584,26.0771,2621130.9506276,0
TGT.US,D,20010625,000000,26.1942,26.5403,26.0496,26.4125,4587799.1751081,0
TGT.US,D,20010626,000000,25.6218,26.4125,25.5676,26.3535,4404279.2774283,0
TGT.US,D,20010627,000000,26.3623,26.3623,25.0041,25.3021,5388031.7836378,0
TGT.US,D,20010628,000000,25.3021,26.2669,25.2971,25.4889,5569901.4907653,0
TGT.US,D,20010629,000000,25.3081,26.0496,24.6117,24.832,7138385.7505648,0
TGT.US,D,20010702,000000,25.0484,25.5843,24.6313,25.5411,4307418.2774478,0
TGT.US,D,20010703,000000,25.5411,25.8223,25.3286,25.8223,2389935.4922583,0
TGT.US,D,20010705,000000,25.6935,25.6935,25.1565,25.3877,4002932.1933336,0
TGT.US,D,20010706,000000,25.1821,25.3286,23.9803,24.0451,5304119.1365127,0
TGT.US,D,20010709,000000,24.2557,24.2557,23.7176,23.821,5183981.6039909,0
TGT.US,D,20010710,000000,23.821,24.0737,23.3135,23.4933,9130688.3584129,0
TGT.US,D,20010711,000000,23.4933,24.2045,23.4933,23.9517,5868330.7756679,0
TGT.US,D,20010712,000000,24.0737,25.8303,24.0677,25.7928,7687852.4338423,0
TGT.US,D,20010713,000000,25.4378,26.0111,24.9018,25.9689,5605034.3831532,0
TGT.US,D,20010716,000000,25.9542,26.1617,25.6148,25.7231,4675707.6625726,0
TGT.US,D,20010717,000000,25.367,25.9769,25.1506,25.5618,3206427.0022806,0
TGT.US,D,20010718,000000,25.2971,25.6483,25.1123,25.4674,5794757.4925149,0
TGT.US,D,20010719,000000,25.904,26.3298,25.6355,25.9769,4040537.8296667,0
TGT.US,D,20010720,000000,25.9769,26.9701,25.904,26.7331,6464372.8926,0
TGT.US,D,20010723,000000,26.8394,27.1944,26.5483,26.5483,6467395.7000627,0
TGT.US,D,20010724,000000,26.5483,26.5561,26.0633,26.3692,5522636.6983958,0
TGT.US,D,20010725,000000,26.3692,26.8394,26.0496,26.4784,5232201.1276781,0
TGT.US,D,20010726,000000,26.622,26.8394,25.8528,26.4391,5702857.2317241,0
TGT.US,D,20010727,000000,26.4479,26.8747,25.91,26.4057,2868308.7536008,0
TGT.US,D,20010730,000000,26.4057,27.0292,26.2464,26.7676,2025641.9474727,0
TGT.US,D,20010731,000000,26.7676,27.7688,26.7676,27.7688,7053381.1104309,0
TGT.US,D,20010801,000000,27.6232,27.6301,26.8108,27.0518,3523034.818844,0
TGT.US,D,20010802,000000,26.978,27.4118,26.7331,27.2898,2849015.8603594,0
TGT.US,D,20010803,000000,27.1944,27.6232,26.861,27.4501,2810300.9462121,0
TGT.US,D,20010806,000000,27.4501,27.4855,27.102,27.1639,3819811.8796878,0
TGT.US,D,20010807,000000,27.1639,28.0559,26.919,28.0107,4355501.5561974,0
TGT.US,D,20010808,000000,27.9881,28.6972,27.2672,27.2672,5714290.6222116,0
TGT.US,D,20010809,000000,27.6232,28.1465,26.9869,27.4118,6159320.4769161,0
TGT.US,D,20010810,000000,27.7688,27.7688,26.5561,27.1581,3692365.9246828,0
TGT.US,D,20010813,000000,27.1226,27.1581,26.564,26.9869,2721569.9053546,0
TGT.US,D,20010814,000000,26.4784,27.4118,26.4715,26.8964,4380308.3024055,0
TGT.US,D,20010815,000000,27.1944,27.4118,26.802,26.8394,2188771.8751363,0
TGT.US,D,20010816,000000,26.8315,26.8699,26.1195,26.6309,3837175.9919815,0
TGT.US,D,20010817,000000,26.2296,26.8443,25.9769,26.3151,3125403.9679402,0
TGT.US,D,20010820,000000,26.0496,26.6574,25.9769,26.6574,3434998.2204678,0
TGT.US,D,20010821,000000,26.6574,26.6574,24.7887,25.4092,12459871.032878,0
TGT.US,D,20010822,000000,25.5126,26.0771,25.1625,25.9404,4467653.5085601,0
TGT.US,D,20010823,000000,25.6415,25.9837,25.3818,25.7928,3963519.786445,0
TGT.US,D,20010824,000000,25.7231,26.1725,25.5293,25.663,5413103.9024488,0
TGT.US,D,20010827,000000,25.8755,25.9404,25.2499,25.367,3808517.7843979,0
TGT.US,D,20010828,000000,25.1821,25.3138,25.0189,25.0258,5855379.372553,0
TGT.US,D,20010829,000000,25.3463,25.367,25.1506,25.1821,3560375.0825744,0
TGT.US,D,20010830,000000,25.1506,25.3463,24.7946,25.011,4703399.9545524,0
TGT.US,D,20010831,000000,24.9372,25.6935,24.7494,24.9018,2822152.2222921,0
TGT.US,D,20010904,000000,25.0484,25.5991,24.8634,25.0484,4364871.954306,0
TGT.US,D,20010905,000000,24.9018,25.5066,24.5094,25.1448,3969309.1795473,0
TGT.US,D,20010906,000000,24.7179,25.0189,23.6479,23.821,5410078.0447261,0
TGT.US,D,20010907,000000,23.821,23.8297,22.5276,22.8413,5704097.6707099,0
TGT.US,D,20010910,000000,22.4204,23.5368,22.2768,23.1384,4564796.1491955,0
TGT.US,D,20010917,000000,21.4762,22.1362,20.8369,21.3178,5653668.7421734,0
TGT.US,D,20010918,000000,21.2353,21.7654,20.8724,20.9313,5892444.096148,0
TGT.US,D,20010919,000000,20.8595,21.0847,19.8534,20.3097,8421530.407021,0
TGT.US,D,20010920,000000,19.7619,19.9803,19.2278,19.3262,8355677.3314241,0
TGT.US,D,20010921,000000,18.685,20.1189,18.685,19.1748,8851130.0141456,0
TGT.US,D,20010924,000000,19.1806,21.6651,19.1806,21.6651,8493454.516375,0
TGT.US,D,20010925,000000,21.7378,22.9741,21.5942,22.4204,9215422.5421778,0
TGT.US,D,20010926,000000,22.0633,22.7459,21.8824,22.6447,8702330.2070272,0
TGT.US,D,20010927,000000,22.5276,22.6722,22.2226,22.5364,5644992.786546,0
TGT.US,D,20010928,000000,22.4941,23.1757,22.39,22.8188,5973453.912696,0
TGT.US,D,20011001,000000,22.9671,22.9671,22.2827,22.5738,5333609.0482687,0
TGT.US,D,20011002,000000,22.4204,23.2533,22.3476,23.0223,4973583.833698,0
TGT.US,D,20011003,000000,23.0655,25.1506,22.6958,24.7179,5755212.9077015,0
TGT.US,D,20011004,000000,24.6117,24.7946,23.4718,23.7127,6217328.2843048,0
TGT.US,D,20011005,000000,23.7127,23.7127,22.9869,23.581,4169500.780546,0
TGT.US,D,20011008,000000,23.5878,23.5878,22.2768,22.6033,6036697.9994097,0
TGT.US,D,20011009,000000,22.6722,22.6722,22.029,22.3093,6458860.0563863,0
TGT.US,D,20011010,000000,22.4941,23.3479,22.1362,23.2171,4252863.3641539,0
TGT.US,D,20011011,000000,23.6832,24.0737,23.3852,23.7501,6853598.2442455,0
TGT.US,D,20011012,000000,23.7501,23.7501,22.2768,22.7597,5670064.9053569,0
TGT.US,D,20011015,000000,22.2768,22.3742,21.9542,22.3604,6737585.6797279,0
TGT.US,D,20011016,000000,22.6367,23.1757,22.4941,22.8551,5113714.802462,0
TGT.US,D,20011017,000000,23.4304,23.7127,22.2768,22.2768,6049235.5839451,0
TGT.US,D,20011018,000000,22.3093,22.8069,22.1155,22.325,3185337.5060166,0
TGT.US,D,20011019,000000,22.0703,22.9189,21.9287,22.6367,3742520.3298373,0
TGT.US,D,20011022,000000,22.7843,22.9918,22.2226,22.7115,3466686.352787,0
TGT.US,D,20011023,000000,22.8925,23.1315,22.4578,22.4578,3355498.2825213,0
TGT.US,D,20011024,000000,22.4578,22.7843,21.9769,22.0437,3113412.3799093,0
TGT.US,D,20011025,000000,21.9542,22.5011,21.5942,22.3476,5187416.1965268,0
TGT.US,D,20011026,000000,21.9207,22.7262,21.8755,22.6033,4275043.8366734,0
TGT.US,D,20011029,000000,22.6722,22.7763,21.6562,21.7014,4584629.9551748,0
TGT.US,D,20011030,000000,21.3828,21.3906,20.6963,20.9077,10235546.346255,0
TGT.US,D,20011031,000000,22.1018,22.7036,21.5637,22.383,9265434.6018749,0
TGT.US,D,20011101,000000,22.5276,23.5023,21.9542,23.1315,7707972.9642427,0
TGT.US,D,20011102,000000,23.4659,24.3501,23.3557,24.2113,6783049.8020617,0
TGT.US,D,20011105,000000,24.5025,25.1212,24.3727,24.7946,5663312.6469108,0
TGT.US,D,20011106,000000,24.649,25.5471,24.5782,25.3818,4172664.916713,0
TGT.US,D,20011107,000000,25.1821,25.2971,24.3285,24.5094,4968079.1315105,0
TGT.US,D,20011108,000000,24.6117,25.0798,24.5782,24.6845,5982411.5089783,0
TGT.US,D,20011109,000000,24.6845,25.0484,24.4022,24.772,3137943.5859821,0
TGT.US,D,20011112,000000,24.9175,25.1565,24.06,25.1506,3144828.0223529,0
TGT.US,D,20011113,000000,25.2194,26.1538,25.0041,26.0251,4505824.4597096,0
TGT.US,D,20011114,000000,26.5925,27.1639,26.1617,26.9042,5394916.2200086,0
TGT.US,D,20011115,000000,26.9112,27.4501,26.4479,27.2308,5882247.0776334,0
TGT.US,D,20011116,000000,27.3439,27.3439,25.7861,26.201,7584797.3729593,0
TGT.US,D,20011119,000000,26.2611,27.4915,26.2079,27.1944,5940526.3581444,0
TGT.US,D,20011120,000000,26.9869,26.9947,26.084,26.2669,5819145.3363771,0
TGT.US,D,20011121,000000,26.1617,26.5798,26.0703,26.4567,3121135.6377253,0
TGT.US,D,20011123,000000,26.7754,27.2987,26.6357,27.1393,1593564.5126365,0
TGT.US,D,20011126,000000,27.3498,27.5288,26.7596,27.4344,3557073.6847165,0
TGT.US,D,20011127,000000,27.3498,27.6773,26.7596,27.335,4948647.9598249,0
TGT.US,D,20011128,000000,27.335,27.8426,26.8443,27.458,4908141.526421,0
TGT.US,D,20011129,000000,27.5288,27.5681,26.7027,26.9259,3868728.8961162,0
TGT.US,D,20011130,000000,26.7754,27.2987,26.7754,27.0135,4232326.9816671,0
TGT.US,D,20011203,000000,26.6652,27.3144,26.4125,26.7469,3101842.7444841,0
TGT.US,D,20011204,000000,26.7469,27.0568,26.5561,26.8915,4352058.8296353,0
TGT.US,D,20011205,000000,26.9869,28.6835,26.9475,28.5143,7903479.3661872,0
TGT.US,D,20011206,000000,28.4287,28.4365,27.6301,27.8269,9613750.8858227,0
TGT.US,D,20011207,000000,27.4915,28.0294,27.2711,27.3498,4196783.3209594,0
TGT.US,D,20011210,000000,27.458,27.458,26.39,26.4125,6745987.1119731,0
TGT.US,D,20011211,000000,26.5925,26.622,25.6148,25.8991,8352920.9133174,0
TGT.US,D,20011212,000000,26.2669,26.7676,25.9177,26.0703,4761399.627915,0
TGT.US,D,20011213,000000,25.9837,26.4391,25.2746,25.9177,4627485.0886254,0
TGT.US,D,20011214,000000,26.0565,26.6131,25.6218,26.4479,4392152.4612128,0
TGT.US,D,20011217,000000,26.1942,27.1639,26.0633,26.9701,4343653.3303771,0
TGT.US,D,20011218,000000,27.8111,27.8858,26.5718,26.8188,6121156.6430394,0
TGT.US,D,20011219,000000,26.3023,27.2711,26.1942,27.2475,4737017.8845724,0
TGT.US,D,20011220,000000,27.3498,27.6301,26.8188,26.8443,6503217.9511656,0
TGT.US,D,20011221,000000,27.1639,27.5435,26.9947,27.4983,5287039.7151336,0
TGT.US,D,20011224,000000,27.3577,27.5869,27.3577,27.3763,1236574.3065678,0
TGT.US,D,20011226,000000,27.6773,28.0649,27.4915,27.6843,4673497.2409701,0
TGT.US,D,20011227,000000,28.0649,28.6254,28.0649,28.5379,5459813.5475345,0
TGT.US,D,20011228,000000,28.5763,30.0131,28.5763,29.6857,7555863.6252404,0
TGT.US,D,20011231,000000,29.7929,30.0417,29.0768,29.5381,6896307.9819789,0
TGT.US,D,20020102,000000,29.5381,29.7929,29.2254,29.5037,6991237.150752,0
TGT.US,D,20020103,000000,29.3286,29.6502,28.8595,29.6119,7128747.946347,0
TGT.US,D,20020104,000000,29.6119,30.3683,29.6119,30.1863,5291165.6998911,0
TGT.US,D,20020107,000000,30.1942,30.5827,30.0054,30.1942,4545090.4541279,0
TGT.US,D,20020108,000000,30.1942,30.5482,29.6857,29.9443,5027184.0156742,0
TGT.US,D,20020109,000000,29.9443,30.2178,29.0012,29.0641,4355780.1465925,0
TGT.US,D,20020110,000000,28.7857,29.6935,28.7857,29.4015,5761272.7571728,0
TGT.US,D,20020111,000000,29.5037,29.5037,28.6116,29.0012,4048257.0204698,0
TGT.US,D,20020114,000000,28.7857,29.1487,28.3993,28.3993,3575945.6421051,0
TGT.US,D,20020115,000000,28.408,28.8793,28.1396,28.7926,5468214.9797797,0
TGT.US,D,20020116,000000,28.7857,28.7857,28.3628,28.5458,4913653.3458813,0
TGT.US,D,20020117,000000,28.6765,29.191,28.6116,29.1545,3718823.8781966,0
TGT.US,D,20020118,000000,28.8221,29.4015,28.8221,29.2627,3033915.4922226,0
TGT.US,D,20020122,000000,30.1942,30.5827,29.9847,30.0968,6458166.6306582,0
TGT.US,D,20020123,000000,30.1027,30.7961,30.1027,30.6997,5631484.2026408,0
TGT.US,D,20020124,000000,30.8737,31.1511,30.7321,30.8737,5835537.4325476,0
TGT.US,D,20020125,000000,30.5137,30.7735,30.202,30.3957,6867786.019333,0
TGT.US,D,20020128,000000,30.4401,31.1295,30.4401,31.0222,4039849.487705,0
TGT.US,D,20020129,000000,31.3566,31.6675,29.9384,30.1184,6260317.6291867,0
TGT.US,D,20020130,000000,30.1942,31.6331,29.7594,31.4915,6299171.8385316,0
TGT.US,D,20020131,000000,31.701,31.9872,30.8531,31.9625,5965328.0205862,0
TGT.US,D,20020201,000000,31.5926,31.8494,31.0341,31.2023,3779171.2348526,0
TGT.US,D,20020204,000000,31.2023,31.7275,30.6279,30.9101,2946018.1890441,0
TGT.US,D,20020205,000000,31.0931,31.2672,30.4401,30.5827,5625697.8597982,0
TGT.US,D,20020206,000000,30.9485,31.0222,30.264,30.5827,5282488.7275106,0
TGT.US,D,20020207,000000,31.0862,31.4982,30.2305,30.2305,8518530.7021991,0
TGT.US,D,20020208,000000,30.621,30.7321,30.083,30.5718,5969463.156123,0
TGT.US,D,20020211,000000,30.9101,31.7777,30.7321,31.6331,4776148.6508061,0
TGT.US,D,20020212,000000,31.3104,31.8848,31.3104,31.6528,4221444.6714504,0
TGT.US,D,20020213,000000,31.9498,32.3854,31.7362,32.3854,5288415.3823038,0
TGT.US,D,20020214,000000,32.3854,32.53,32.169,32.3854,4391879.9713372,0
TGT.US,D,20020215,000000,32.3854,32.3943,31.8721,32.0639,3372028.6571361,0
TGT.US,D,20020219,000000,31.7442,32.3559,31.3489,31.4275,4920677.0774498,0
TGT.US,D,20020220,000000,31.927,32.5674,31.8189,32.4258,5133136.8233682,0
TGT.US,D,20020221,000000,32.5752,32.9362,31.7982,32.0639,5885964.3275775,0
TGT.US,D,20020222,000000,32.2457,32.2457,31.1383,31.993,5663040.1570353,0
TGT.US,D,20020225,000000,32.2457,32.4258,31.8189,32.2457,4504169.185391,0
TGT.US,D,20020226,000000,32.8988,33.1103,32.2832,32.952,7308681.7552541,0
TGT.US,D,20020227,000000,33.1448,33.2549,31.2898,31.6381,7050760.9372618,0
TGT.US,D,20020228,000000,31.7825,31.8189,28.9922,30.1942,21868320.115782,0
TGT.US,D,20020301,000000,30.8098,31.0931,30.3378,31.0931,7645417.2194908,0
TGT.US,D,20020304,000000,31.1648,31.5642,30.8472,31.275,6532982.3863037,0
TGT.US,D,20020305,000000,30.6997,30.9711,29.365,29.9119,11362729.18558,0
TGT.US,D,20020306,000000,29.8086,30.5403,29.8086,30.4243,5452780.6651867,0
TGT.US,D,20020307,000000,31.3489,31.3489,30.4243,31.3409,8037405.0897627,0
TGT.US,D,20020308,000000,31.9625,31.993,31.3242,31.8908,4866667.143907,0
TGT.US,D,20020311,000000,31.8573,32.2457,31.2672,32.1317,4120727.1263283,0
TGT.US,D,20020312,000000,32.0639,32.176,31.6813,32.0511,2598670.8709596,0
TGT.US,D,20020313,000000,31.7068,31.7068,31.3035,31.5219,3711796.0796151,0
TGT.US,D,20020314,000000,31.5219,31.8908,31.3409,31.5504,2772411.6357173,0
TGT.US,D,20020315,000000,31.993,32.5005,31.7904,32.4258,6865588.8155232,0
TGT.US,D,20020318,000000,32.468,32.5339,31.927,32.3854,4704364.8534029,0
TGT.US,D,20020319,000000,32.5339,32.5752,31.9625,31.9625,4249415.5538255,0
TGT.US,D,20020320,000000,31.9625,32.5605,31.7362,32.4208,4835253.5349699,0
TGT.US,D,20020321,000000,32.4208,32.4326,31.6016,31.8189,3587931.1296165,0
TGT.US,D,20020322,000000,31.3489,31.6016,31.2357,31.456,3032957.7106451,0
TGT.US,D,20020325,000000,31.7068,31.8788,31.215,31.275,4570581.4752847,0
TGT.US,D,20020326,000000,30.8098,31.3409,30.5266,30.8472,5206020.7478062,0
TGT.US,D,20020327,000000,30.9181,31.0931,30.4695,30.9338,5725314.2611323,0
TGT.US,D,20020328,000000,30.9338,31.2898,30.7577,31.0694,5724353.429295,0
TGT.US,D,20020401,000000,30.4469,30.9033,30.264,30.8816,6162354.4686648,0
TGT.US,D,20020402,000000,30.738,30.7577,30.1184,30.1184,6704928.5815452,0
TGT.US,D,20020403,000000,29.8371,30.3161,29.6807,29.8735,4490258.9839453,0
TGT.US,D,20020404,000000,29.5823,30.383,29.4182,30.2856,3129952.9220568,0
TGT.US,D,20020405,000000,30.4833,30.6888,30.1637,30.5266,4454705.1557048,0
TGT.US,D,20020408,000000,30.1577,31.6016,30.1577,31.4639,5128588.8860049,0
TGT.US,D,20020409,000000,31.5642,32.1956,31.3724,31.7442,3817474.363927,0
TGT.US,D,20020410,000000,31.993,32.2832,31.6448,32.2457,4698714.7554982,0
TGT.US,D,20020411,000000,33.0759,33.1448,32.0639,32.1878,8646120.0194146,0
TGT.US,D,20020412,000000,32.6451,32.6451,32.1376,32.4208,3395870.5044939,0
TGT.US,D,20020415,000000,32.4208,32.4897,31.7825,31.9203,2914464.268156,0
TGT.US,D,20020416,000000,32.1011,32.4258,31.8416,32.4258,2981835.3563804,0
TGT.US,D,20020417,000000,32.4258,32.4258,31.689,31.993,3334279.6585924,0
TGT.US,D,20020418,000000,31.8189,32.234,31.0931,32.1464,4865016.9533546,0
TGT.US,D,20020419,000000,32.1533,32.3687,31.9045,32.1376,2789774.7312579,0
TGT.US,D,20020422,000000,32.1011,32.3274,31.2357,31.514,3452352.1652288,0
TGT.US,D,20020423,000000,31.8908,32.0716,31.4216,31.6675,3929079.303032,0
TGT.US,D,20020424,000000,31.7068,31.9625,30.8659,31.1591,4241284.5779493,0
TGT.US,D,20020425,000000,30.9181,31.6016,30.6643,31.5297,4026486.2995168,0
TGT.US,D,20020426,000000,31.6753,32.0639,31.2672,31.3842,5804127.8906235,0
TGT.US,D,20020429,000000,31.456,32.0087,31.3489,31.5721,4051838.0254762,0
TGT.US,D,20020430,000000,31.8573,31.8721,31.3489,31.456,5735786.8197823,0
TGT.US,D,20020501,000000,31.8573,31.8908,30.9711,31.8416,4830848.9598172,0
TGT.US,D,20020502,000000,31.993,32.2182,31.6381,31.7982,3250093.5048383,0
TGT.US,D,20020503,000000,31.8416,32.0206,31.4639,31.7137,4013675.2083527,0
TGT.US,D,20020506,000000,31.927,32.7936,31.6753,31.7068,4116180.2057181,0
TGT.US,D,20020507,000000,31.9123,32.6303,31.8573,32.3854,3996312.1128122,0
TGT.US,D,20020508,000000,32.8988,32.952,31.4915,31.9428,7542494.3365326,0
TGT.US,D,20020509,000000,30.984,30.9908,29.6188,30.2856,11995962.103512,0
TGT.US,D,20020510,000000,30.2856,30.3003,29.5322,29.666,7009425.8499454,0
TGT.US,D,20020513,000000,29.9443,30.1942,29.5381,29.9601,3974818.9655012,0
TGT.US,D,20020514,000000,30.9181,31.1295,30.2729,30.8334,7395897.8337438,0
TGT.US,D,20020515,000000,30.8472,31.2023,30.5266,30.5561,4330705.994275,0
TGT.US,D,20020516,000000,30.6063,31.6753,30.5718,31.2957,5398085.4399419,0
TGT.US,D,20020517,000000,31.7068,31.8494,31.0488,31.1383,3639051.4503746,0
TGT.US,D,20020520,000000,31.3566,31.6606,30.8177,30.8177,2852190.164059,0
TGT.US,D,20020521,000000,31.3566,31.3566,29.666,29.9758,6090431.376064,0
TGT.US,D,20020522,000000,29.9847,30.202,29.6325,30.1637,3296249.0193936,0
TGT.US,D,20020523,000000,30.3082,30.4036,29.8017,30.2364,3190713.0805392,0
TGT.US,D,20020524,000000,30.3427,30.4607,29.8814,29.9119,2026751.2252871,0
TGT.US,D,20020528,000000,30.1253,30.1253,28.5094,29.2127,4930185.7540028,0
TGT.US,D,20020529,000000,28.8793,29.127,28.7189,28.8643,5024011.7454811,0
TGT.US,D,20020530,000000,28.8643,29.2254,28.3766,29.2254,5390371.3329052,0
TGT.US,D,20020531,000000,29.5184,30.3003,29.1033,29.9119,5828511.6674726,0
TGT.US,D,20020603,000000,29.7741,30.2807,28.8643,29.127,3217304.228731,0
TGT.US,D,20020604,000000,29.127,29.1349,27.935,28.5094,6731935.5818232,0
TGT.US,D,20020605,000000,29.0071,29.2127,28.5763,28.8643,6688671.7135592,0
TGT.US,D,20020606,000000,28.1465,28.2547,27.1147,27.7088,9532593.640051,0
TGT.US,D,20020607,000000,27.102,27.8426,27.102,27.5869,6003907.706549,0
TGT.US,D,20020610,000000,28.0363,28.5094,27.9015,27.9881,5833339.2119844,0
TGT.US,D,20020611,000000,28.4522,28.9775,28.1051,28.1985,7637012.7369858,0
TGT.US,D,20020612,000000,28.4287,29.0641,28.2419,29.0159,5696654.0200422,0
TGT.US,D,20020613,000000,28.5094,28.647,27.9635,28.0559,5004723.9360063,0
TGT.US,D,20020614,000000,27.5288,27.8346,26.7331,27.2987,5959129.8926706,0
TGT.US,D,20020617,000000,27.2987,28.4877,27.2987,28.408,4672669.6038108,0
TGT.US,D,20020618,000000,28.408,28.4287,28.167,28.291,4176391.3174364,0
TGT.US,D,20020619,000000,28.1465,28.8221,28.0736,28.0736,5229169.169436,0
TGT.US,D,20020620,000000,27.7835,28.3274,27.3144,27.3144,3719648.4650962,0
TGT.US,D,20020621,000000,26.7391,27.1305,26.4252,26.5561,7364206.6511648,0
TGT.US,D,20020624,000000,26.4125,26.8315,25.2499,26.2149,7379227.147178,0
TGT.US,D,20020625,000000,26.919,27.8858,26.3388,26.5561,7843817.3012332,0
TGT.US,D,20020626,000000,25.6218,26.9417,25.6218,26.7331,6481866.1325586,0
TGT.US,D,20020627,000000,27.3144,27.6301,26.5925,27.3872,5038343.8995328,0
TGT.US,D,20020628,000000,27.102,27.7835,26.5197,27.4915,8809521.4202003,0
TGT.US,D,20020701,000000,27.3498,27.6773,26.4194,26.5197,5292823.0077164,0
TGT.US,D,20020702,000000,26.5197,26.8394,25.7998,25.8076,4110392.8461226,0
TGT.US,D,20020703,000000,25.9837,26.7961,25.6218,26.7391,3947400.1801501,0
TGT.US,D,20020705,000000,27.1452,28.1465,27.0715,28.1465,2336751.1623683,0
TGT.US,D,20020708,000000,28.0736,28.3274,27.4737,27.7353,3368585.9305741,0
TGT.US,D,20020709,000000,28.0736,28.5034,27.2642,27.4187,4721860.1268681,0
TGT.US,D,20020710,000000,27.7835,28.0019,26.2669,26.5798,5030486.4302854,0
TGT.US,D,20020711,000000,26.5845,27.2711,25.6277,26.6309,7135079.2689406,0
TGT.US,D,20020712,000000,26.7027,27.3144,25.847,26.084,5072652.2050211,0
TGT.US,D,20020715,000000,26.084,26.3023,24.2478,26.2926,5866679.5683624,0
TGT.US,D,20020716,000000,25.9837,25.9906,24.7179,24.9824,5285933.4875792,0
TGT.US,D,20020717,000000,25.4378,25.904,23.3705,24.1779,8191853.9780325,0
TGT.US,D,20020718,000000,24.3569,25.0346,23.813,23.821,4620321.0451062,0
TGT.US,D,20020719,000000,23.283,24.5379,22.8492,23.0361,5026630.9018971,0
TGT.US,D,20020722,000000,22.7311,23.6684,21.9355,22.4027,6296824.1552382,0
TGT.US,D,20020723,000000,22.4646,23.4147,21.6474,21.9846,7540287.9819432,0
TGT.US,D,20020724,000000,21.6474,24.1179,21.2972,23.8711,8208940.5166845,0
TGT.US,D,20020725,000000,23.8711,23.8769,22.3093,23.7127,6827142.3242381,0
TGT.US,D,20020726,000000,23.7127,24.1554,23.095,23.813,4237838.8011275,0
TGT.US,D,20020729,000000,24.4671,25.4979,23.9566,25.4674,6489445.0114108,0
TGT.US,D,20020730,000000,25.3286,25.7664,24.6628,24.8241,6746955.0610833,0
TGT.US,D,20020731,000000,24.5379,24.5467,23.334,24.0677,8539473.7859926,0
TGT.US,D,20020801,000000,23.5515,23.813,22.3604,22.6584,10952277.075979,0
TGT.US,D,20020802,000000,22.7311,22.9426,21.7152,22.3672,8334865.4088021,0
TGT.US,D,20020805,000000,22.4578,23.1137,22.2964,22.7311,6546078.1683825,0
TGT.US,D,20020806,000000,23.095,24.0245,22.9112,23.6341,6768308.9131967,0
TGT.US,D,20020807,000000,23.813,23.9517,22.9741,23.3557,8551047.4884307,0
TGT.US,D,20020808,000000,23.5583,23.5583,22.1784,23.2751,11727839.183238,0
TGT.US,D,20020809,000000,22.9869,23.813,22.8551,23.573,7146102.9078614,0
TGT.US,D,20020812,000000,23.095,23.1826,22.6584,23.0528,5101586.9694932,0
TGT.US,D,20020813,000000,22.3672,23.4521,22.3181,22.3408,9262678.183768,0
TGT.US,D,20020814,000000,22.6584,23.2978,21.9994,23.2171,9444274.3842666,0
TGT.US,D,20020815,000000,24.5379,25.3286,23.7541,25.3286,12763950.415686,0
TGT.US,D,20020816,000000,25.3081,26.2464,24.9372,25.6935,9848519.2151722,0
TGT.US,D,20020819,000000,25.5342,26.6652,25.3021,26.6003,9119668.7865051,0
TGT.US,D,20020820,000000,26.6722,26.7833,25.9689,26.7027,8528173.5901832,0
TGT.US,D,20020821,000000,27.0715,27.1807,26.1195,26.8394,6703556.981388,0
TGT.US,D,20020822,000000,26.9259,27.0361,26.0928,26.9259,4307002.4253616,0
TGT.US,D,20020823,000000,26.5246,26.622,25.7437,25.9542,7228630.7370369,0
TGT.US,D,20020826,000000,25.7741,25.9542,25.0611,25.8755,6085055.8015414,0
TGT.US,D,20020827,000000,25.3021,25.3081,24.4897,25.3021,9010958.5439512,0
TGT.US,D,20020828,000000,25.2274,25.2352,24.4897,24.649,6503768.014683,0
TGT.US,D,20020829,000000,24.2192,24.7041,24.0451,24.5025,4113702.3780066,0
TGT.US,D,20020830,000000,24.2557,24.9737,24.1317,24.7179,3615902.0119915,0
TGT.US,D,20020903,000000,24.2192,24.5782,23.9016,24.0167,5219938.066525,0
TGT.US,D,20020904,000000,24.0048,25.0258,23.8563,24.8113,4505546.8860678,0
TGT.US,D,20020905,000000,24.1464,24.1849,23.2751,23.9321,6908298.5532566,0
TGT.US,D,20020906,000000,24.5025,25.1448,24.3638,24.8634,6077896.8417884,0
TGT.US,D,20020909,000000,24.8634,25.4889,24.5851,25.3021,5471247.9547752,0
TGT.US,D,20020910,000000,25.3749,25.7369,25.3081,25.7152,5613161.2920162,0
TGT.US,D,20020911,000000,26.0251,26.5197,25.904,26.1008,4065341.5256151,0
TGT.US,D,20020912,000000,25.8834,25.904,25.5066,25.5471,4779455.1324303,0
TGT.US,D,20020913,000000,25.5923,26.6809,25.3021,26.1862,5141266.7824911,0
TGT.US,D,20020916,000000,26.2611,26.7754,26.201,26.6722,6179022.1049707,0
TGT.US,D,20020917,000000,26.8188,27.1089,25.7741,25.8391,6712231.920262,0
TGT.US,D,20020918,000000,25.3375,26.3093,25.1772,26.0044,5469872.287605,0
TGT.US,D,20020919,000000,25.4092,25.663,24.9737,24.9982,4002102.5226677,0
TGT.US,D,20020920,000000,25.0041,25.0041,23.7127,24.3372,10656741.470875,0
TGT.US,D,20020923,000000,23.8563,23.8563,22.5945,23.1,10646819.992495,0
TGT.US,D,20020924,000000,22.5011,23.6616,22.4863,23.1137,7398653.2350973,0
TGT.US,D,20020925,000000,23.5643,23.8563,23.0598,23.5072,7888598.1653715,0
TGT.US,D,20020926,000000,23.9321,24.7946,23.7127,24.6559,6331273.7894305,0
TGT.US,D,20020927,000000,24.2192,24.3215,23.0223,23.0655,7266248.5744092,0
TGT.US,D,20020930,000000,23.0725,23.0725,20.3097,21.3385,21965040.803811,0
TGT.US,D,20021001,000000,20.6786,21.6877,20.0963,21.6877,19113682.343924,0
TGT.US,D,20021002,000000,21.5804,21.8263,20.9608,21.1074,8965904.173184,0
TGT.US,D,20021003,000000,21.3237,21.4536,20.2428,20.7298,9105884.6624645,0
TGT.US,D,20021004,000000,20.9608,20.9608,19.3135,20.4985,9868361.1551777,0
TGT.US,D,20021007,000000,20.1701,20.6963,18.798,18.9092,12799354.781195,0
TGT.US,D,20021008,000000,19.6971,20.8222,18.9564,20.3954,13993635.202116,0
TGT.US,D,20021009,000000,19.9154,19.9527,19.1551,19.2702,8415059.7892298,0
TGT.US,D,20021010,000000,19.278,20.1189,17.9985,20.1189,13351306.409457,0
TGT.US,D,20021011,000000,20.6038,21.603,20.6038,21.603,10147230.140729,0
TGT.US,D,20021014,000000,21.1419,22.8925,21.1419,21.7152,8718453.8803353,0
TGT.US,D,20021015,000000,23.095,23.4521,22.7843,23.1984,9370423.5274716,0
TGT.US,D,20021016,000000,22.9112,23.3135,22.0703,22.2896,7687578.9272134,0
TGT.US,D,20021017,000000,22.2964,22.2964,21.0465,21.3317,17034577.476167,0
TGT.US,D,20021018,000000,20.9993,22.505,20.9993,22.3181,9905561.1069573,0
TGT.US,D,20021021,000000,22.3181,22.9514,21.6179,22.7763,6174201.6777319,0
TGT.US,D,20021022,000000,22.8188,23.2751,21.8618,22.1214,7779476.1377444,0
TGT.US,D,20021023,000000,22.2099,22.8551,21.8696,22.7912,7314609.4268006,0
TGT.US,D,20021024,000000,23.1315,23.5583,22.6367,22.9741,8204530.8577655,0
TGT.US,D,20021025,000000,22.9112,23.0598,22.4115,22.9259,6210438.7641676,0
TGT.US,D,20021028,000000,23.8563,23.8711,22.5011,22.6447,5794757.4925149,0
TGT.US,D,20021029,000000,22.2699,22.9801,21.7958,22.7912,5828238.1608439,0
TGT.US,D,20021030,000000,22.798,22.798,21.5637,21.8333,8370279.9418447,0
TGT.US,D,20021031,000000,21.7575,22.1657,21.6179,21.7732,5154355.4472971,0
TGT.US,D,20021101,000000,21.7575,22.5945,21.4103,22.3181,6316251.2599106,0
TGT.US,D,20021104,000000,22.6958,22.9112,22.1018,22.1155,7053097.4362694,0
TGT.US,D,20021105,000000,21.9769,22.5188,21.9355,22.4115,4494109.4285673,0
TGT.US,D,20021106,000000,22.4204,22.5945,21.9769,22.2768,8606158.5657617,0
TGT.US,D,20021107,000000,22.2768,22.9042,22.0633,22.2827,6191010.6427418,0
TGT.US,D,20021108,000000,22.4115,22.7311,21.9207,22.2316,5911181.8421056,0
TGT.US,D,20021111,000000,22.2404,22.2699,21.4034,21.5401,4281655.7831686,0
TGT.US,D,20021112,000000,21.5401,22.7597,21.5401,22.3033,6280980.0890785,0
TGT.US,D,20021113,000000,22.3093,22.3093,21.3975,21.7073,8282098.9645046,0
TGT.US,D,20021114,000000,22.5188,24.4897,22.5188,24.2113,11649309.227908,0
TGT.US,D,20021115,000000,23.9517,24.649,23.458,23.7767,9696001.1413564,0
TGT.US,D,20021118,000000,23.8297,23.8297,22.7262,22.7262,7827701.7619513,0
TGT.US,D,20021119,000000,22.7311,23.1,22.0201,22.5188,8124339.5275976,0
TGT.US,D,20021120,000000,22.63,22.7666,22.3328,22.5738,8330871.6019692,0
TGT.US,D,20021121,000000,22.9574,23.7845,22.7763,23.7176,8084936.2714883,0
TGT.US,D,20021122,000000,23.7924,24.9087,23.581,23.8642,9397568.8061939,0
TGT.US,D,20021125,000000,23.6479,24.4749,23.5023,24.2714,4551289.5987968,0
TGT.US,D,20021126,000000,24.2793,24.593,23.6547,24.3215,6422344.3795554,0
TGT.US,D,20021127,000000,24.593,25.5618,24.53,25.5618,5850560.9788206,0
TGT.US,D,20021129,000000,25.4182,25.6277,25.0484,25.1821,4078016.3718415,0
TGT.US,D,20021202,000000,26.4312,26.8699,25.5676,25.8834,8155343.384968,0
TGT.US,D,20021203,000000,25.8902,25.8902,24.8359,25.0346,5336773.1844355,0
TGT.US,D,20021204,000000,24.6628,25.6857,24.5546,25.4614,5869295.6745184,0
TGT.US,D,20021205,000000,25.4614,25.5618,24.6393,25.0798,5710982.1070807,0
TGT.US,D,20021206,000000,24.3727,24.952,24.2557,24.5989,6076103.2890255,0
TGT.US,D,20021209,000000,24.2635,24.2714,23.3852,23.3999,6555852.2175382,0
TGT.US,D,20021210,000000,23.7541,24.2635,23.2751,24.0451,5461604.0500377,0
TGT.US,D,20021211,000000,24.0451,24.0451,23.3784,23.8033,5488604.949796,0
TGT.US,D,20021212,000000,23.9379,24.053,23.4069,23.6832,8111532.5034464,0
TGT.US,D,20021213,000000,23.6911,23.6911,22.4115,22.4282,10272196.234516,0
TGT.US,D,20021216,000000,21.7152,23.1699,21.7152,23.0301,11761596.408456,0
TGT.US,D,20021217,000000,21.9031,22.3604,21.013,21.547,20432518.090312,0
TGT.US,D,20021218,000000,21.5558,21.5558,21.2353,21.4762,6905264.5615079,0
TGT.US,D,20021219,000000,21.1861,21.8696,21.1861,21.3533,5987513.5768721,0
TGT.US,D,20021220,000000,21.7575,21.9355,21.5175,21.6474,7748339.0856958,0
TGT.US,D,20021223,000000,21.6562,21.6562,20.5595,20.6716,7923322.322946,0
TGT.US,D,20021224,000000,20.0235,20.6786,20.0009,20.4101,5083123.7469178,0
TGT.US,D,20021226,000000,20.4179,20.9775,20.2783,20.8222,5143746.6437092,0
TGT.US,D,20021227,000000,20.4848,20.8664,20.4612,20.7523,4429772.3320916,0
TGT.US,D,20021230,000000,20.8724,21.9031,20.4249,21.723,8900043.9803143,0
TGT.US,D,20021231,000000,21.723,21.8333,21.129,21.723,7287326.8863873,0
TGT.US,D,20030102,000000,22.0122,22.5276,21.6562,22.5276,6169932.3307636,0
TGT.US,D,20030103,000000,22.5364,22.5364,21.5637,21.8333,7515077.5846881,0
TGT.US,D,20030106,000000,21.6228,22.0496,21.2293,21.9031,6636592.5944704,0
TGT.US,D,20030107,000000,21.5873,22.2316,21.5716,21.6965,5762104.4613453,0
TGT.US,D,20030108,000000,21.5873,22.3033,21.4034,21.8096,7753854.9721693,0
TGT.US,D,20030109,000000,22.1362,22.8767,22.1362,22.7518,9573374.5968369,0
TGT.US,D,20030110,000000,22.3742,22.7666,22.2316,22.5945,4974001.7192907,0
TGT.US,D,20030113,000000,22.7036,22.8148,21.9031,22.2482,5137955.2171004,0
TGT.US,D,20030114,000000,22.2551,22.4115,21.9287,22.2316,3943129.8164287,0
TGT.US,D,20030115,000000,21.9414,22.087,21.484,21.6474,5920686.4516455,0
TGT.US,D,20030116,000000,21.7958,21.9916,21.5637,21.8618,6608072.6653311,0
TGT.US,D,20030117,000000,21.723,21.723,21.4034,21.491,5052261.2182514,0
TGT.US,D,20030121,000000,21.491,21.6228,20.7218,20.7375,4252996.5588318,0
TGT.US,D,20030122,000000,20.8222,20.9451,20.2066,20.3235,7846992.621686,0
TGT.US,D,20030123,000000,20.6038,20.9313,20.2428,20.8222,5680394.1017963,0
TGT.US,D,20030124,000000,20.831,20.9215,19.8445,20.062,5926338.5830567,0
TGT.US,D,20030127,000000,20.0677,20.5193,19.6449,19.7423,5636443.9250772,0
TGT.US,D,20030128,000000,19.9881,19.9881,19.3999,19.5515,9060278.1946734,0
TGT.US,D,20030129,000000,19.2996,19.8879,19.0794,19.6596,6403877.0899669,0
TGT.US,D,20030130,000000,20.4908,21.005,19.9311,19.9527,9836669.9725986,0
TGT.US,D,20030131,000000,20.054,20.5822,19.9606,20.4336,7668843.2147625,0
TGT.US,D,20030203,000000,20.5891,21.0542,20.4336,20.6579,4818862.4555525,0
TGT.US,D,20030204,000000,20.6658,20.6658,20.0235,20.1189,4645810.0327565,0
TGT.US,D,20030205,000000,20.3167,20.6441,19.9231,20.1859,3928661.4174394,0
TGT.US,D,20030206,000000,20.4021,20.4021,19.4796,19.6971,5813491.1714593,0
TGT.US,D,20030207,000000,19.9459,20.0895,19.2466,19.4059,5027596.8175006,0
TGT.US,D,20030210,000000,19.2633,19.4216,18.7686,19.3852,6774238.6182499,0
TGT.US,D,20030211,000000,19.4059,19.6272,19.2633,19.5328,6099393.0393593,0
TGT.US,D,20030212,000000,19.5328,19.9154,19.5328,19.7472,4970831.4826042,0
TGT.US,D,20030213,000000,19.7472,19.7472,19.342,19.5593,6743789.9081631,0
TGT.US,D,20030214,000000,19.4796,20.054,19.1895,20.054,7573771.700532,0
TGT.US,D,20030218,000000,19.813,20.4612,19.813,20.3334,4859228.5770056,0
TGT.US,D,20030219,000000,20.2488,20.3954,19.8967,20.2261,5415169.9450872,0
TGT.US,D,20030220,000000,20.0895,20.3167,19.2347,19.4295,11127396.558167,0
TGT.US,D,20030221,000000,19.9231,20.7375,19.7777,20.6716,12495969.840869,0
TGT.US,D,20030224,000000,20.3954,20.6441,20.2783,20.4908,9186077.0093857,0
TGT.US,D,20030225,000000,20.4985,20.7917,20.0462,20.6903,7779064.3526711,0
TGT.US,D,20030226,000000,20.4691,20.6579,20.3235,20.4101,4842419.6119956,0
TGT.US,D,20030227,000000,20.5113,20.6038,20.0895,20.2488,6798347.8717168,0
TGT.US,D,20030228,000000,20.5045,20.8664,20.3402,20.7917,5672545.7833284,0
TGT.US,D,20030303,000000,20.9019,20.9687,19.9666,20.0009,5963948.2864029,0
TGT.US,D,20030304,000000,19.821,19.9459,19.1954,19.2347,8745045.028527,0
TGT.US,D,20030305,000000,19.3734,19.4511,18.798,19.1187,9372078.8017903,0
TGT.US,D,20030306,000000,18.8069,19.5957,18.8069,18.9161,8851273.3763563,0
TGT.US,D,20030307,000000,18.9161,19.5092,18.5826,19.4147,8423183.6478332,0
TGT.US,D,20030310,000000,19.2702,19.574,18.8708,19.3587,5964361.0882293,0
TGT.US,D,20030311,000000,19.3656,19.6332,19.0086,19.0656,5453061.2890884,0
TGT.US,D,20030312,000000,19.0852,19.4866,18.8256,19.4649,6076518.1243585,0
TGT.US,D,20030313,000000,19.9231,20.6038,19.7373,20.5193,8293125.6536853,0
TGT.US,D,20030314,000000,20.539,20.6038,19.7049,19.7993,8290641.725454,0
TGT.US,D,20030317,000000,19.8573,21.4103,19.6332,21.3385,9274115.6412684,0
TGT.US,D,20030318,000000,21.6296,21.6651,20.9993,21.2293,6349043.5862779,0
TGT.US,D,20030319,000000,21.3828,21.5873,20.891,21.484,5483236.4925463,0
TGT.US,D,20030320,000000,21.484,21.7732,20.8724,21.723,6289386.6050901,0
TGT.US,D,20030321,000000,21.847,22.4115,21.3464,22.3033,10233343.041926,0
TGT.US,D,20030324,000000,21.6179,22.1362,20.9019,21.4103,7164013.0166595,0
TGT.US,D,20030325,000000,21.4103,21.7958,20.7867,21.603,5777533.692172,0
TGT.US,D,20030326,000000,21.6296,22.2099,21.5312,21.7014,5365566.6202036,0
TGT.US,D,20030327,000000,21.5558,21.61,21.2972,21.4152,4250927.4659336,0
TGT.US,D,20030328,000000,21.4152,21.7014,21.1486,21.4536,4593315.0615816,0
TGT.US,D,20030331,000000,20.8055,21.5716,20.7121,21.2353,4096758.1848121,0
TGT.US,D,20030401,000000,21.1556,21.2353,20.6835,21.1556,4568375.1206953,0
TGT.US,D,20030402,000000,21.7152,22.2611,21.4152,22.1018,4690860.3365106,0
TGT.US,D,20030403,000000,22.1706,22.4282,21.9542,21.9994,4078976.1869256,0
TGT.US,D,20030404,000000,22.3535,22.4941,22.0939,22.4578,4069890.4797316,0
TGT.US,D,20030407,000000,22.9741,23.581,22.9741,23.0655,9142398.3057889,0
TGT.US,D,20030408,000000,23.0655,23.2593,22.7518,23.0134,5975934.7906676,0
TGT.US,D,20030409,000000,22.5865,23.1315,22.3181,22.3476,5075817.3579411,0
TGT.US,D,20030410,000000,21.6296,23.3557,21.6296,23.1137,14861378.194067,0
TGT.US,D,20030411,000000,23.1137,23.2978,22.3535,22.4115,10643514.527624,0
TGT.US,D,20030414,000000,22.4282,22.8188,22.087,22.798,9804571.0719595,0
TGT.US,D,20030415,000000,22.8984,23.4521,22.7763,23.3272,9043747.8200585,0
TGT.US,D,20030416,000000,23.4796,23.5151,22.9426,22.9801,5719255.4284142,0
TGT.US,D,20030417,000000,23.0006,23.5937,22.6958,23.4442,4624455.1638898,0
TGT.US,D,20030421,000000,22.9741,23.6095,22.9741,23.5583,4901525.5129127,0
TGT.US,D,20030422,000000,23.5583,24.1849,23.2533,23.9566,4885405.9066177,0
TGT.US,D,20030423,000000,23.9566,24.4287,23.9232,24.1179,5007346.1426819,0
TGT.US,D,20030424,000000,23.7333,23.9449,23.6026,23.7973,3477706.9414479,0
TGT.US,D,20030425,000000,23.8711,24.053,23.2171,23.4796,4779316.853986,0
TGT.US,D,20030428,000000,23.4796,24.2113,23.0223,24.0363,6270237.0740595,0
TGT.US,D,20030429,000000,24.0737,24.5989,23.7767,24.2045,6096497.3260549,0
TGT.US,D,20030430,000000,24.2379,24.5467,23.8769,24.2714,7980360.1477179,0
TGT.US,D,20030501,000000,24.0245,24.0815,23.4521,23.8769,5747772.3072937,0
TGT.US,D,20030502,000000,23.8769,24.4445,23.7176,24.1849,4738675.1923977,0
TGT.US,D,20030505,000000,24.415,24.5379,24.0815,24.4376,6079138.2975274,0
TGT.US,D,20030506,000000,24.593,25.1821,24.5222,24.9175,7714447.649047,0
TGT.US,D,20030507,000000,24.9175,25.1772,24.6904,24.8045,5403319.6857604,0
TGT.US,D,20030508,000000,24.8045,25.5843,24.7415,25.2431,8482707.4343429,0
TGT.US,D,20030509,000000,25.2431,25.5991,25.1369,25.5991,6141824.1866976,0
TGT.US,D,20030512,000000,25.5126,26.564,25.5126,26.2227,7163463.9698953,0
TGT.US,D,20030513,000000,24.9087,26.8699,24.9087,26.4252,6819703.7573368,0
TGT.US,D,20030514,000000,26.5138,26.5925,25.8834,26.0771,8187442.2856071,0
TGT.US,D,20030515,000000,25.2589,26.0771,24.3146,25.011,22205056.596771,0
TGT.US,D,20030516,000000,24.6687,25.6148,24.6687,24.7101,10237197.55356,0
TGT.US,D,20030519,000000,24.7101,24.7101,24.0972,24.0972,4969175.1915323,0
TGT.US,D,20030520,000000,24.1711,24.4966,23.9449,24.2379,4517121.6052594,0
TGT.US,D,20030521,000000,24.0167,24.415,23.9517,23.996,4619906.2097733,0
TGT.US,D,20030522,000000,23.7688,24.5153,23.6341,24.4504,5772713.2649332,0
TGT.US,D,20030523,000000,24.2379,24.3795,23.9517,23.996,3826839.6782692,0
TGT.US,D,20030527,000000,23.7688,24.8162,23.7333,24.6776,4806870.8675217,0
TGT.US,D,20030528,000000,25.2971,25.9769,25.2971,25.5843,7366822.7573208,0
TGT.US,D,20030529,000000,25.91,26.1538,25.4889,25.663,7895770.3429169,0
TGT.US,D,20030530,000000,25.8834,26.5845,25.8528,26.5845,8564825.5119519,0
TGT.US,D,20030602,000000,26.5845,27.579,26.5845,26.9701,7847264.0948083,0
TGT.US,D,20030603,000000,26.978,27.2898,26.4991,26.9112,4549224.5729115,0
TGT.US,D,20030604,000000,27.0568,27.4855,26.2296,27.3665,4411305.0425031,0
TGT.US,D,20030605,000000,26.8915,27.7688,26.8188,27.2553,6905951.8867164,0
TGT.US,D,20030606,000000,27.692,28.0107,27.3271,27.4255,7044558.7423331,0
TGT.US,D,20030609,000000,27.0793,27.458,26.7174,26.8443,5492604.8571484,0
TGT.US,D,20030610,000000,27.0361,27.3872,26.9417,27.2023,4895328.4017504,0
TGT.US,D,20030611,000000,27.0518,27.5072,26.8915,27.4187,4498383.8593018,0
TGT.US,D,20030612,000000,27.6458,28.1051,27.1452,27.5219,5864610.4754641,0
TGT.US,D,20030613,000000,27.7255,27.7599,26.8443,26.8521,3734529.6659119,0
TGT.US,D,20030616,000000,27.1807,27.6773,27.0076,27.579,3342952.5639599,0
TGT.US,D,20030617,000000,27.9094,27.9094,27.2642,27.2898,3563823.909656,0
TGT.US,D,20030618,000000,27.2987,27.4187,27.0076,27.2239,2591781.3508224,0
TGT.US,D,20030619,000000,27.3665,27.4118,26.9869,27.0715,3249683.7532717,0
TGT.US,D,20030620,000000,27.1639,27.4737,26.802,27.1807,6172961.2387461,0
TGT.US,D,20030623,000000,27.1393,27.3763,26.7174,26.8699,3866389.3468488,0
TGT.US,D,20030624,000000,26.9947,27.3665,26.9947,27.1531,3284817.6624128,0
TGT.US,D,20030625,000000,27.3665,27.5435,26.8521,26.9259,4373140.1918732,0
TGT.US,D,20030626,000000,26.7596,27.2898,26.7538,27.2553,4070577.8049401,0
TGT.US,D,20030627,000000,27.3763,27.7599,26.9544,27.0213,3316642.0396697,0
TGT.US,D,20030630,000000,27.2023,27.7255,27.2023,27.4649,4145668.0839677,0
TGT.US,D,20030701,000000,27.4649,27.4649,26.7892,27.3065,5057077.5784772,0
TGT.US,D,20030702,000000,27.5681,27.6625,27.217,27.5514,3145791.90445,0
TGT.US,D,20030703,000000,27.5435,27.5435,27.102,27.1393,2515455.7165756,0
TGT.US,D,20030707,000000,27.3961,28.1121,27.3665,28.0412,4978686.9183451,0
TGT.US,D,20030708,000000,27.9792,28.9854,27.935,28.8988,6122401.1490381,0
TGT.US,D,20030709,000000,28.6687,28.9677,28.0471,28.2674,5701893.349627,0
TGT.US,D,20030710,000000,28.2674,28.2674,27.0568,27.3872,6989585.9434464,0
TGT.US,D,20030711,000000,27.217,27.935,27.0361,27.8927,4235913.0704398,0
TGT.US,D,20030714,000000,28.2547,28.7051,27.4983,28.1907,4229026.6005624,0
TGT.US,D,20030715,000000,28.234,28.3766,27.8927,28.2271,3321603.7956127,0
TGT.US,D,20030716,000000,28.647,28.9215,28.1593,28.4612,4560795.2250899,0
TGT.US,D,20030717,000000,28.1985,28.4287,27.7255,27.9429,2838402.9897586,0
TGT.US,D,20030718,000000,27.8927,28.0894,27.6537,27.8858,3587384.1163588,0
TGT.US,D,20030721,000000,27.8858,27.9094,27.637,27.8061,2731353.1052895,0
TGT.US,D,20030722,000000,27.335,28.4455,27.335,28.0412,3472471.6788762,0
TGT.US,D,20030723,000000,28.1248,28.1828,27.6143,27.9714,1957584.5507932,0
TGT.US,D,20030724,000000,28.2674,28.6835,27.8711,27.9281,3272277.0276177,0
TGT.US,D,20030725,000000,27.7688,28.5222,27.697,28.3766,2207510.637847,0
TGT.US,D,20030728,000000,28.7051,28.9215,28.3059,28.6254,3440920.808248,0
TGT.US,D,20030729,000000,28.4877,28.5881,27.5593,27.7255,6068936.1952464,0
TGT.US,D,20030730,000000,27.8269,28.0363,27.7442,27.7442,3603914.4909737,0
TGT.US,D,20030731,000000,28.0471,28.4455,27.637,27.8111,3367345.4915883,0
TGT.US,D,20030801,000000,27.7353,27.9163,27.4649,27.5869,3006913.575711,0
TGT.US,D,20030804,000000,27.5869,28.0471,27.1708,27.9881,3911442.7008627,0
TGT.US,D,20030805,000000,27.1452,27.9015,27.1452,27.3271,5370117.6078266,0
TGT.US,D,20030806,000000,27.1807,27.5435,26.9623,27.3577,5182597.8027944,0
TGT.US,D,20030807,000000,28.0894,28.2624,27.579,27.579,6838992.5835651,0
TGT.US,D,20030808,000000,27.7255,28.2624,27.6143,28.2419,3043152.6956533,0
TGT.US,D,20030811,000000,28.0894,28.6176,28.0894,28.417,4274764.229525,0
TGT.US,D,20030812,000000,28.5881,29.1487,28.5684,29.0316,6383491.1869636,0
TGT.US,D,20030813,000000,29.0316,29.2716,28.5379,28.9854,5184937.3520619,0
TGT.US,D,20030814,000000,27.9429,28.474,27.3577,27.3665,15438952.004658,0
TGT.US,D,20030815,000000,27.1807,27.6016,27.1089,27.4983,4348620.1700862,0
TGT.US,D,20030818,000000,27.8346,28.176,27.7599,28.1051,4701472.1903583,0
TGT.US,D,20030819,000000,27.458,28.5094,27.458,28.2271,4666749.0495371,0
TGT.US,D,20030820,000000,28.1248,28.5606,28.1248,28.1593,3678859.374284,0
TGT.US,D,20030821,000000,28.2045,28.5881,28.1593,28.3136,3833729.1984064,0
TGT.US,D,20030822,000000,28.5606,28.6028,27.7914,27.8711,3620995.9458593,0
TGT.US,D,20030825,000000,27.9429,28.1985,27.7255,28.0973,3760295.2104509,0
TGT.US,D,20030826,000000,28.0973,28.6687,28.0973,28.3766,4650628.4264889,0
TGT.US,D,20030827,000000,28.291,28.5606,28.2832,28.3913,3704217.2007628,0
TGT.US,D,20030828,000000,28.4522,29.3366,28.4522,29.191,7102156.7981552,0
TGT.US,D,20030829,000000,29.3228,29.5381,28.954,29.4673,4671022.4635183,0
TGT.US,D,20030902,000000,29.6119,30.1253,29.5823,30.1253,7189917.856396,0
TGT.US,D,20030903,000000,30.3003,30.3378,29.8676,30.1489,4590972.4620543,0
TGT.US,D,20030904,000000,29.7594,29.8883,29.3808,29.5766,5148012.9404176,0
TGT.US,D,20030905,000000,29.5766,29.5766,28.8516,29.0386,4981305.0580076,0
TGT.US,D,20030908,000000,28.3431,29.1418,28.1593,29.1418,12932730.441253,0
TGT.US,D,20030909,000000,28.5606,28.8162,28.3136,28.3196,9102439.9023959,0
TGT.US,D,20030910,000000,28.3274,28.5379,27.9223,27.9881,6705759.2689643,0
TGT.US,D,20030911,000000,28.0894,28.5763,28.0894,28.3698,3769388.0349176,0
TGT.US,D,20030912,000000,28.3698,28.4612,27.692,28.3274,5260444.4999288,0
TGT.US,D,20030915,000000,28.417,28.6313,28.3196,28.4455,4949474.580231,0
TGT.US,D,20030916,000000,28.5222,28.7189,28.1396,28.6313,5281247.2717716,0
TGT.US,D,20030917,000000,28.6313,28.954,28.4877,28.5143,4050460.3247993,0
TGT.US,D,20030918,000000,28.656,28.9135,28.5763,28.7404,3751890.7279458,0
TGT.US,D,20030919,000000,28.7404,28.7789,28.3196,28.4799,4048257.0204698,0
TGT.US,D,20030922,000000,28.0894,28.1828,27.5869,27.6537,6477321.2454551,0
TGT.US,D,20030923,000000,27.9429,28.7051,27.9163,28.6628,5882247.0776334,0
TGT.US,D,20030924,000000,28.5949,28.6835,28.1593,28.2271,5329883.6642983,0
TGT.US,D,20030925,000000,28.6687,28.7404,28.3274,28.3835,5481852.69135,0
TGT.US,D,20030926,000000,28.3059,28.3835,27.7531,27.7599,5367775.0082995,0
TGT.US,D,20030929,000000,27.8346,27.9792,26.7469,27.2553,9092387.2628451,0
TGT.US,D,20030930,000000,27.217,27.6232,26.6722,27.3144,7763771.3667824,0
TGT.US,D,20031001,000000,27.3144,28.0816,27.2987,28.0294,5147461.8601468,0
TGT.US,D,20031002,000000,27.9094,27.9094,27.4983,27.7531,3909650.164853,0
TGT.US,D,20031003,000000,27.7531,28.9922,27.7531,28.5606,5071961.8295528,0
TGT.US,D,20031006,000000,28.3993,28.5949,28.3196,28.417,3198977.2510933,0
TGT.US,D,20031007,000000,28.0894,28.8162,28.0294,28.8094,3168253.0008712,0
TGT.US,D,20031008,000000,29.0159,29.0316,28.3431,28.5222,2374778.7513072,0
TGT.US,D,20031009,000000,29.0316,29.5972,28.894,29.3228,8200253.3767713,0
TGT.US,D,20031010,000000,29.2392,29.3719,28.6254,28.7189,4808114.3567672,0
TGT.US,D,20031013,000000,28.9215,29.2392,28.7189,29.1103,3004291.3690354,0
TGT.US,D,20031014,000000,29.1772,29.5184,28.8733,29.5184,2907575.7647722,0
TGT.US,D,20031015,000000,29.6857,29.6935,29.0768,29.2794,4121822.1695968,0
TGT.US,D,20031016,000000,29.3463,29.5913,29.0316,29.2127,3301624.5939163,0
TGT.US,D,20031017,000000,29.3228,29.4093,28.6687,28.8014,3504987.4483548,0
TGT.US,D,20031020,000000,28.9215,28.9617,28.4522,28.6028,3943540.5847486,0
TGT.US,D,20031021,000000,28.4877,29.0701,28.4612,28.954,3178450.019386,0
TGT.US,D,20031022,000000,28.954,28.954,28.3431,28.3835,3331661.5189298,0
TGT.US,D,20031023,000000,28.3835,28.4365,28.0471,28.3274,4202429.351851,0
TGT.US,D,20031024,000000,28.291,28.291,27.4737,27.8583,5203269.4134658,0
TGT.US,D,20031027,000000,28.1985,28.3766,28.1317,28.1593,5693350.5886777,0
TGT.US,D,20031028,000000,28.1248,28.8221,28.0649,28.8094,6659881.3280509,0
TGT.US,D,20031029,000000,28.7926,28.8595,28.5606,28.6687,4126931.3547635,0
TGT.US,D,20031030,000000,28.6687,29.2057,28.3628,28.5094,4815000.8266445,0
TGT.US,D,20031031,000000,28.5094,29.127,28.5094,28.8438,3796119.4950602,0
TGT.US,D,20031103,000000,29.0316,29.3945,28.8516,28.9283,4502693.8764006,0
TGT.US,D,20031104,000000,28.9804,29.0071,28.4877,28.6254,3839499.2731967,0
TGT.US,D,20031105,000000,28.6254,28.6313,28.0649,28.1907,4535860.3679701,0
TGT.US,D,20031106,000000,28.1828,28.7189,27.9714,28.417,6435436.0946213,0
TGT.US,D,20031107,000000,28.417,28.5379,28.1248,28.2045,4106948.0860539,0
TGT.US,D,20031110,000000,28.2624,28.5094,27.996,28.3431,5445207.8868541,0
TGT.US,D,20031111,000000,28.8162,28.8988,28.3274,28.6116,5285799.2761479,0
TGT.US,D,20031112,000000,28.6116,29.0316,28.3766,28.9804,4703673.4611814,0
TGT.US,D,20031113,000000,28.9854,28.9854,27.7442,28.3059,15882466.896994,0
TGT.US,D,20031114,000000,28.0177,28.4877,27.8346,28.0412,5713464.0018054,0
TGT.US,D,20031117,000000,28.0471,28.0471,27.0026,27.8269,4456227.2353457,0
TGT.US,D,20031118,000000,28.3059,28.3766,27.5514,27.579,4332500.5637914,0
TGT.US,D,20031119,000000,27.4344,27.9281,27.217,27.9281,5691552.9689016,0
TGT.US,D,20031120,000000,27.7688,28.0894,27.4255,27.4796,5272708.5778353,0
TGT.US,D,20031121,000000,27.575,27.8189,27.3065,27.3961,5189215.8498093,0
TGT.US,D,20031124,000000,27.579,28.234,27.5593,28.1189,4485843.2245067,0
TGT.US,D,20031125,000000,28.417,28.417,28.0471,28.291,4643469.4667358,0
TGT.US,D,20031126,000000,28.2497,28.2979,27.579,28.1051,4693347.3150016,0
TGT.US,D,20031128,000000,28.1051,28.1985,27.9488,28.1051,1637793.2797509,0
TGT.US,D,20031201,000000,28.3059,28.8014,27.9556,28.7267,7354839.3033159,0
TGT.US,D,20031202,000000,28.5949,28.7789,28.2271,28.3136,5586291.5534293,0
TGT.US,D,20031203,000000,28.234,28.647,28.1907,28.474,5500184.7527539,0
TGT.US,D,20031204,000000,28.5606,29.2127,28.5379,29.1418,10622295.903695,0
TGT.US,D,20031205,000000,29.0159,29.2127,28.417,28.4455,4911033.1727124,0
TGT.US,D,20031208,000000,28.4455,28.6972,28.176,28.4799,4182866.0022407,0
TGT.US,D,20031209,000000,28.7051,28.8014,28.2419,28.3913,3255056.2775345,0
TGT.US,D,20031210,000000,28.3913,28.9677,28.2497,28.3766,7115242.4127015,0
TGT.US,D,20031211,000000,28.4877,28.6972,28.3059,28.3136,3822844.8546832,0
TGT.US,D,20031212,000000,28.3274,28.4218,27.9792,28.1396,3423973.5647937,0
TGT.US,D,20031215,000000,28.5606,28.5949,26.8443,26.9417,10863683.296813,0
TGT.US,D,20031216,000000,26.9417,27.2553,26.2669,27.0292,9722867.8296835,0
TGT.US,D,20031217,000000,26.8188,27.9094,26.7833,27.8711,8745045.028527,0
TGT.US,D,20031218,000000,27.8711,28.3835,27.8711,27.9429,6506113.66447,0
TGT.US,D,20031219,000000,27.8927,27.9429,27.5072,27.5869,5253140.1444587,0
TGT.US,D,20031222,000000,27.5869,28.0363,27.3577,27.697,4528553.9789933,0
TGT.US,D,20031223,000000,27.4029,28.0107,27.3439,27.6016,4961736.624631,0
TGT.US,D,20031224,000000,27.2898,27.4796,27.0459,27.3271,3549351.4436536,0
TGT.US,D,20031226,000000,27.2898,27.697,27.2898,27.3763,1394612.3338702,0
TGT.US,D,20031229,000000,27.3961,28.0973,27.3961,28.0471,4724341.0048395,0
TGT.US,D,20031230,000000,27.8346,27.9881,27.6301,27.8583,4543435.1798091,0
TGT.US,D,20031231,000000,27.877,28.0894,27.637,27.8711,3539021.2304609,0
TGT.US,D,20040102,000000,27.9094,28.1465,27.3144,27.3763,3626091.9132334,0
TGT.US,D,20040105,000000,27.3961,27.7688,26.5845,27.1452,9017709.785644,0
TGT.US,D,20040106,000000,27.5072,28.0816,27.3498,27.996,6999645.7002701,0
TGT.US,D,20040107,000000,27.8346,27.996,27.3961,27.7767,4669506.4843972,0
TGT.US,D,20040108,000000,28.3766,28.4671,27.2386,27.4029,8590317.5498619,0
TGT.US,D,20040109,000000,27.2642,27.2642,26.8394,26.8915,6551305.2969282,0
TGT.US,D,20040112,000000,27.1089,27.2023,26.6948,27.102,5454303.7615807,0
TGT.US,D,20040113,000000,27.3271,27.7531,27.3203,27.7531,7296008.9425342,0
TGT.US,D,20040114,000000,27.7599,27.935,27.5681,27.8346,4387468.2789117,0
TGT.US,D,20040115,000000,27.8711,28.3766,27.579,28.3431,5655047.4596034,0
TGT.US,D,20040116,000000,28.4877,28.6687,28.1189,28.4218,6499225.161086,0
TGT.US,D,20040120,000000,28.4218,28.4218,27.4501,27.5219,6098009.2381629,0
TGT.US,D,20040121,000000,27.5219,27.8346,27.2898,27.7688,5693074.031789,0
TGT.US,D,20040122,000000,27.697,27.9792,27.697,27.8711,3620450.9661081,0
TGT.US,D,20040123,000000,28.0235,28.3059,27.8346,28.3059,4185897.9604829,0
TGT.US,D,20040126,000000,28.2045,28.2271,27.6143,27.9556,4173223.1142566,0
TGT.US,D,20040127,000000,28.1248,28.4522,27.9556,28.1465,7824535.5922778,0
TGT.US,D,20040128,000000,28.1465,28.234,27.0518,27.1944,7833627.3999913,0
TGT.US,D,20040129,000000,27.3813,27.697,27.0793,27.5947,8165401.1082852,0
TGT.US,D,20040130,000000,27.6232,28.1828,27.4796,27.5514,4537239.0854001,0
TGT.US,D,20040202,000000,27.6143,28.1828,27.6095,28.0107,5380037.0526994,0
TGT.US,D,20040203,000000,28.0107,28.4218,27.8711,28.3059,5383205.2558794,0
TGT.US,D,20040204,000000,28.3059,28.9617,28.234,28.3059,8651213.9532822,0
TGT.US,D,20040205,000000,28.3136,28.9617,28.167,28.3766,6783327.3757035,0
TGT.US,D,20040206,000000,28.3431,28.6254,28.0816,28.6254,5397677.7218818,0
TGT.US,D,20040209,000000,28.8793,29.1182,28.647,28.6903,3945061.6476359,0
TGT.US,D,20040210,000000,29.0316,29.9984,28.9854,29.9758,11236929.354113,0
TGT.US,D,20040211,000000,29.9384,30.4469,29.6414,30.2305,7523483.0839463,0
TGT.US,D,20040212,000000,29.9384,30.4548,29.9119,30.2807,4576922.965411,0
TGT.US,D,20040213,000000,30.1027,30.2807,29.6325,29.8814,4238254.6532137,0
TGT.US,D,20040217,000000,30.4469,30.4754,30.2256,30.3957,5936945.353138,0
TGT.US,D,20040218,000000,30.4469,30.8816,30.3957,30.6938,6390518.9855451,0
TGT.US,D,20040219,000000,31.1383,31.7137,30.2729,30.2729,12077665.345788,0
TGT.US,D,20040220,000000,30.7154,31.3489,30.5226,30.9485,7805519.2559252,0
TGT.US,D,20040223,000000,31.3566,31.3566,31.0065,31.1511,5418891.2620444,0
TGT.US,D,20040224,000000,31.1511,31.6753,30.6279,31.0065,6017824.0085145,0
TGT.US,D,20040225,000000,30.8816,31.2819,30.7518,31.1433,3608188.9217082,0
TGT.US,D,20040226,000000,31.1511,31.5926,31.0627,31.3566,5146360.7163587,0
TGT.US,D,20040227,000000,31.4982,32.4258,31.4216,31.9045,7811579.1053965,0
TGT.US,D,20040301,000000,32.0511,32.3628,32.0511,32.234,5727931.3840416,0
TGT.US,D,20040302,000000,32.0087,32.291,31.4314,31.6331,4181347.9896131,0
TGT.US,D,20040303,000000,31.4639,31.7137,31.215,31.6381,4830021.3226578,0
TGT.US,D,20040304,000000,31.6381,32.0639,31.2819,31.7677,4085182.4488673,0
TGT.US,D,20040305,000000,31.3193,31.6528,31.1433,31.3566,5871634.2070324,0
TGT.US,D,20040308,000000,31.2819,31.5504,31.1295,31.1591,3934588.0722327,0
TGT.US,D,20040309,000000,31.3566,31.3636,30.8659,31.1019,3293631.8964845,0
TGT.US,D,20040310,000000,31.1019,31.1383,30.1803,30.2856,4479090.9660606,0
TGT.US,D,20040311,000000,32.2261,33.1388,32.2261,32.4415,25353195.167762,0
TGT.US,D,20040312,000000,32.5172,33.2864,32.3687,33.1182,8982298.302861,0
TGT.US,D,20040315,000000,33.0306,33.0306,32.6303,32.765,5795720.3578587,0
TGT.US,D,20040316,000000,32.7877,32.9746,32.4592,32.8723,5467525.6210647,0
TGT.US,D,20040317,000000,32.833,33.0169,32.6382,32.6598,5357440.7280938,0
TGT.US,D,20040318,000000,32.6136,32.7877,31.9872,32.5801,4974273.192413,0
TGT.US,D,20040319,000000,33.9738,33.9738,32.2654,32.468,4317615.2959626,0
TGT.US,D,20040322,000000,32.3353,32.3687,31.8788,32.0943,5434872.5898951,0
TGT.US,D,20040323,000000,32.0943,32.291,31.8189,31.8189,4159441.0237224,0
TGT.US,D,20040324,000000,31.7137,32.0639,31.5367,31.8121,4976340.2518048,0
TGT.US,D,20040325,000000,31.935,32.4808,31.935,32.2418,6434885.0143506,0
TGT.US,D,20040326,000000,32.2527,32.5005,32.0639,32.3049,4342558.2871084,0
TGT.US,D,20040329,000000,32.653,33.1044,32.4808,32.9746,4872729.0268848,0
TGT.US,D,20040330,000000,32.6598,33.127,32.6598,32.8132,3902758.6112093,0
TGT.US,D,20040331,000000,32.8398,32.8772,32.4415,32.6894,4389674.6335011,0
TGT.US,D,20040401,000000,32.2261,32.3687,31.7982,32.169,6857865.5577071,0
TGT.US,D,20040402,000000,32.4897,32.6382,32.2654,32.4808,4480613.0457013,0
TGT.US,D,20040405,000000,32.3854,32.8132,32.1533,32.7198,3511461.1164057,0
TGT.US,D,20040406,000000,32.5005,33.1044,32.4415,32.952,2839646.4790041,0
TGT.US,D,20040407,000000,32.8634,32.9441,32.4808,32.5242,4389398.0766125,0
TGT.US,D,20040408,000000,32.7936,32.7936,31.6448,32.0569,6485858.9226381,0
TGT.US,D,20040412,000000,32.2261,32.6598,32.1878,32.5516,3314852.5539199,0
TGT.US,D,20040413,000000,32.5172,32.7799,31.6448,31.7195,4442446.1615647,0
TGT.US,D,20040414,000000,30.8472,31.5889,30.8019,31.1089,7417666.5211901,0
TGT.US,D,20040415,000000,31.2435,31.8042,31.1728,31.7068,5063556.3302945,0
TGT.US,D,20040416,000000,31.927,32.1878,31.753,32.1376,4691000.6484614,0
TGT.US,D,20040419,000000,31.935,32.0639,31.6448,31.7904,3631059.769696,0
TGT.US,D,20040420,000000,32.0432,32.3687,31.7195,31.7195,3845027.3607092,0
TGT.US,D,20040421,000000,31.8651,32.0147,31.3901,32.0087,3868591.6344252,0
TGT.US,D,20040422,000000,31.935,32.6303,31.9045,32.6303,4961736.624631,0
TGT.US,D,20040423,000000,32.4808,32.6598,32.3274,32.475,2801343.3499298,0
TGT.US,D,20040426,000000,32.5801,32.5871,32.0569,32.0943,3042045.4513455,0
TGT.US,D,20040427,000000,32.1169,32.6382,32.1169,32.3274,3703110.9732084,0
TGT.US,D,20040428,000000,32.2979,32.5674,32.0274,32.0943,4411029.5023678,0
TGT.US,D,20040429,000000,32.0943,32.5172,31.1295,31.4982,5044129.2256221,0
TGT.US,D,20040430,000000,31.6528,32.0432,31.4757,31.4757,4243626.1607232,0
TGT.US,D,20040503,000000,31.4471,32.0639,31.3409,31.9872,5868051.1685197,0
TGT.US,D,20040504,000000,31.9999,32.2104,31.7677,32.0087,4703673.4611814,0
TGT.US,D,20040505,000000,32.1878,32.5074,32.0943,32.4504,4328636.9013768,0
TGT.US,D,20040506,000000,32.2654,32.2654,31.753,32.0432,6275609.5983223,0
TGT.US,D,20040507,000000,31.7982,32.2035,31.2278,31.3971,8944274.7809352,0
TGT.US,D,20040510,000000,31.3971,31.935,31.215,31.6084,6625570.9890561,0
TGT.US,D,20040511,000000,31.935,32.2527,31.8788,32.1464,5567003.7439544,0
TGT.US,D,20040512,000000,32.1533,32.2104,31.4639,32.1878,7376057.9272449,0
TGT.US,D,20040513,000000,31.935,32.1169,31.2819,31.3311,9177809.7885717,0
TGT.US,D,20040514,000000,31.3409,31.5642,31.0627,31.2091,5191828.9057055,0
TGT.US,D,20040517,000000,30.8472,30.861,30.2807,30.6357,5896022.0508946,0
TGT.US,D,20040518,000000,30.8816,31.695,30.7735,31.4678,6323829.1220096,0
TGT.US,D,20040519,000000,31.9123,32.1169,31.3409,31.4118,5292959.2526541,0
TGT.US,D,20040520,000000,31.2819,31.4038,30.8237,31.2278,4103366.0642943,0
TGT.US,D,20040521,000000,31.4216,31.7068,31.1816,31.3636,3597988.8529337,0
TGT.US,D,20040524,000000,32.4415,32.4415,31.3035,31.7599,5330299.5163845,0
TGT.US,D,20040525,000000,31.6448,32.1169,31.4639,32.0274,4484740.0472119,0
TGT.US,D,20040526,000000,31.9715,32.2182,31.6813,31.6813,4713320.4161785,0
TGT.US,D,20040527,000000,31.935,32.7061,31.8908,32.234,4992602.2035571,0
TGT.US,D,20040528,000000,32.3687,32.6136,32.2035,32.4415,3216613.8532627,0
TGT.US,D,20040601,000000,32.3353,32.5871,31.8494,32.1248,3324633.7203483,0
TGT.US,D,20040602,000000,32.2654,33.1044,32.1533,32.9362,5171161.3620473,0
TGT.US,D,20040603,000000,32.6598,33.3719,32.4258,32.9205,5897816.6204109,0
TGT.US,D,20040604,000000,33.0976,33.1978,32.6303,32.8132,3704358.529467,0
TGT.US,D,20040607,000000,32.9135,33.3011,32.713,33.3011,3076906.870611,0
TGT.US,D,20040608,000000,32.9441,33.7408,32.8929,33.5313,3993556.7114587,0
TGT.US,D,20040609,000000,33.3503,33.7269,33.1182,33.1182,4436794.0301535,0
TGT.US,D,20040610,000000,34.264,34.4026,32.8988,33.2057,14087192.770732,0
TGT.US,D,20040614,000000,33.3011,33.307,32.8772,33.2057,4242112.2151087,0
TGT.US,D,20040615,000000,33.3149,33.7408,33.3011,33.5391,4299978.6937932,0
TGT.US,D,20040616,000000,33.5391,33.5686,33.3434,33.3867,2960204.9473784,0
TGT.US,D,20040617,000000,33.2057,33.6797,32.9746,33.5234,2831516.5198812,0
TGT.US,D,20040618,000000,33.5234,33.7348,33.2696,33.3798,3319676.0314185,0
TGT.US,D,20040621,000000,33.3798,34.0309,33.2057,33.6994,4412545.4814889,0
TGT.US,D,20040622,000000,33.1684,33.3217,32.4504,32.7799,10281843.189514,0
TGT.US,D,20040623,000000,32.6598,33.2638,32.5801,33.2549,5161658.7860139,0
TGT.US,D,20040624,000000,33.0976,33.2696,32.8132,32.9883,3455939.2707548,0
TGT.US,D,20040625,000000,32.9952,33.2411,32.1376,32.2596,5477729.7568523,0
TGT.US,D,20040628,000000,32.2596,32.468,31.9123,31.9625,6927031.2154478,0
TGT.US,D,20040629,000000,31.0282,31.0282,29.8883,30.6938,22157245.807898,0
TGT.US,D,20040630,000000,30.8963,30.9987,30.4921,30.8237,7340508.1660176,0
TGT.US,D,20040701,000000,31.0627,31.3842,30.4401,30.6643,7058062.2424721,0
TGT.US,D,20040702,000000,30.5895,30.7813,30.0535,30.3003,6358137.4274978,0
TGT.US,D,20040706,000000,29.904,30.2178,29.7053,29.9296,6415594.1546158,0
TGT.US,D,20040707,000000,29.5766,30.3889,29.5451,30.1115,9544164.2922295,0
TGT.US,D,20040708,000000,30.1027,30.1184,29.3858,29.6119,9031352.5809805,0
TGT.US,D,20040709,000000,29.7594,29.9758,29.6502,29.9532,6393275.4036519,0
TGT.US,D,20040712,000000,29.843,30.8098,29.7053,30.738,6426892.3169187,0
TGT.US,D,20040713,000000,30.7735,31.8416,30.6643,31.6753,10064289.509728,0
TGT.US,D,20040714,000000,31.5721,31.6675,30.7577,30.9258,7062468.8511313,0
TGT.US,D,20040715,000000,31.2091,31.2278,30.8472,30.9181,5083673.8104353,0
TGT.US,D,20040716,000000,31.1226,31.3035,30.3741,30.7735,6292282.3183944,0
TGT.US,D,20040719,000000,30.9544,31.2091,30.8334,31.0222,5735235.7395117,0
TGT.US,D,20040720,000000,31.2435,31.6381,31.1383,31.5809,4733300.6346282,0
TGT.US,D,20040721,000000,31.7195,31.8908,31.2091,31.2091,4417918.0057517,0
TGT.US,D,20040722,000000,31.0627,31.3842,30.6997,31.2957,4530896.5785206,0
TGT.US,D,20040723,000000,31.2957,32.1011,31.2435,31.8121,9389714.3872064,0
TGT.US,D,20040726,000000,31.8721,31.9123,30.8413,31.0409,5268847.9656804,0
TGT.US,D,20040727,000000,31.2819,32.2182,31.2435,32.1317,6512453.1210897,0
TGT.US,D,20040728,000000,32.0432,32.2182,31.4757,31.9557,3678317.4447928,0
TGT.US,D,20040729,000000,32.1878,32.53,32.0147,32.176,3433203.6509516,0
TGT.US,D,20040730,000000,32.4415,32.5074,31.5435,31.6448,6724912.867008,0
TGT.US,D,20040802,000000,31.8249,32.1956,31.6331,31.8573,3851506.1125266,0
TGT.US,D,20040803,000000,31.7275,31.8908,31.4216,31.5367,4056797.7479126,0
TGT.US,D,20040804,000000,31.2957,31.8416,31.1019,31.3035,3603223.0987521,0
TGT.US,D,20040805,000000,31.3901,31.3901,30.2856,30.3082,5100620.0371363,0
TGT.US,D,20040806,000000,29.7929,30.027,29.424,29.6188,6932404.7564639,0
TGT.US,D,20040809,000000,29.7929,30.1184,29.6502,29.8204,3469027.9355609,0
TGT.US,D,20040810,000000,29.8086,29.9237,29.3719,29.8017,7484488.5626505,0
TGT.US,D,20040811,000000,29.6119,29.9119,29.0561,29.3366,6297791.087595,0
TGT.US,D,20040812,000000,29.6119,31.2898,29.424,30.4125,13451610.136,0
TGT.US,D,20040813,000000,30.498,31.1648,30.4125,31.1648,7267763.5367771,0
TGT.US,D,20040816,000000,31.1648,31.8848,31.0282,31.8721,5561770.5148891,0
TGT.US,D,20040817,000000,31.935,32.291,31.753,31.9203,6838165.9631589,0
TGT.US,D,20040818,000000,31.8416,32.1376,31.4915,32.0147,5603106.6189589,0
TGT.US,D,20040819,000000,32.0147,32.0432,31.6084,31.8721,4261127.534708,0
TGT.US,D,20040820,000000,31.8721,31.9872,31.6173,31.7982,3551832.321625,0
TGT.US,D,20040823,000000,31.6753,31.9715,30.984,31.7442,5434045.9694891,0
TGT.US,D,20040824,000000,32.2182,32.5516,31.935,32.176,6528571.7106314,0
TGT.US,D,20040825,000000,32.2832,32.5801,32.0206,32.5005,4936660.4388071,0
TGT.US,D,20040826,000000,32.5074,32.6224,32.3766,32.4208,2240854.0444849,0
TGT.US,D,20040827,000000,32.4258,32.653,32.2596,32.6136,2876576.991168,0
TGT.US,D,20040830,000000,32.5871,32.6136,32.291,32.475,2697868.3699476,0
TGT.US,D,20040831,000000,32.475,32.6136,32.2457,32.3559,6788563.6550286,0
TGT.US,D,20040901,000000,32.3206,32.6382,32.2457,32.6303,3479634.7056422,0
TGT.US,D,20040902,000000,32.6382,33.3503,32.5242,33.191,6344633.9273588,0
TGT.US,D,20040903,000000,33.2204,33.8066,33.2057,33.3355,3487489.1246297,0
TGT.US,D,20040907,000000,33.3867,33.6797,33.0248,33.5686,5784422.1955559,0
TGT.US,D,20040908,000000,33.604,33.8587,33.191,33.248,3901933.0075565,0
TGT.US,D,20040909,000000,33.2411,33.5391,32.653,32.7877,4031448.0554598,0
TGT.US,D,20040910,000000,32.885,33.4516,32.6451,33.2549,3158747.3745781,0
TGT.US,D,20040913,000000,33.5745,33.8243,33.3149,33.5686,3547702.2698546,0
TGT.US,D,20040914,000000,33.4368,33.5391,33.1309,33.5391,3579389.3854205,0
TGT.US,D,20040915,000000,33.4221,33.429,32.9883,33.0896,4647047.4214824,0
TGT.US,D,20040916,000000,32.9677,33.2549,32.8241,32.9135,2788531.2420124,0
TGT.US,D,20040917,000000,32.952,32.9952,32.5438,32.8929,4827126.6261068,0
TGT.US,D,20040920,000000,32.8034,33.0837,32.713,32.9362,3142489.4898389,0
TGT.US,D,20040921,000000,32.9362,33.3867,32.7729,33.1388,5100341.4467412,0
TGT.US,D,20040922,000000,32.9883,33.191,32.8772,32.9362,4555972.7643445,0
TGT.US,D,20040923,000000,32.8929,33.0759,32.6835,32.7799,5132999.561677,0
TGT.US,D,20040924,000000,32.8988,34.0387,32.8467,33.546,5712088.3346352,0
TGT.US,D,20040927,000000,33.546,33.604,33.0532,33.2057,3607357.2175358,0
TGT.US,D,20040928,000000,33.3867,33.4595,32.7975,33.2638,4294190.3174442,0
TGT.US,D,20040929,000000,33.2638,33.307,32.885,33.248,3045218.7382918,0
TGT.US,D,20040930,000000,33.1182,33.1182,32.7877,32.8398,4770084.7343217,0
TGT.US,D,20041001,000000,32.8398,33.2696,32.8398,32.9883,4037919.6900043,0
TGT.US,D,20041004,000000,33.4595,34.1961,33.4014,33.8873,4608195.245644,0
TGT.US,D,20041005,000000,33.9099,34.2365,33.4722,33.7634,3673906.7691205,0
TGT.US,D,20041006,000000,33.7634,34.256,33.5745,34.1873,3524002.7679542,0
TGT.US,D,20041007,000000,34.4616,34.975,34.1873,34.2069,8158512.6049012,0
TGT.US,D,20041008,000000,34.2128,34.6181,34.1961,34.3514,5232749.157689,0
TGT.US,D,20041011,000000,34.5422,34.983,34.498,34.6653,3984737.3936207,0
TGT.US,D,20041012,000000,34.3377,34.6338,34.1479,34.4301,4191960.8602141,0
TGT.US,D,20041013,000000,34.5138,34.8354,33.5617,33.8735,4850820.0274875,0
TGT.US,D,20041014,000000,33.7122,33.8824,33.1978,33.4014,3203801.7453453,0
TGT.US,D,20041015,000000,33.5175,34.1273,33.0976,34.0309,3737149.8390809,0
TGT.US,D,20041018,000000,34.0171,34.8895,33.902,34.6583,4745426.4340905,0
TGT.US,D,20041019,000000,35.0931,35.7432,34.9071,35.1708,7590996.5176281,0
TGT.US,D,20041020,000000,35.1658,35.1658,34.7735,34.9593,5525394.1332558,0
TGT.US,D,20041021,000000,34.8089,34.9967,34.5502,34.9071,4468347.9510415,0
TGT.US,D,20041022,000000,34.983,35.2023,34.381,34.6269,4589732.0230686,0
TGT.US,D,20041025,000000,34.4538,34.8354,34.2512,34.7173,4623209.6411377,0
TGT.US,D,20041026,000000,34.8354,35.3536,34.6338,35.1708,6147885.0529221,0
TGT.US,D,20041027,000000,35.1658,35.8907,34.8442,35.8907,5674196.990634,0
TGT.US,D,20041028,000000,35.8336,36.291,35.8336,36.291,5767196.3617065,0
TGT.US,D,20041029,000000,36.291,36.4788,36.1888,36.3048,7927178.8680877,0
TGT.US,D,20041101,000000,36.3048,36.7995,36.1652,36.6313,6849321.7800045,0
TGT.US,D,20041102,000000,36.6313,37.4643,36.5153,36.6529,6638798.9490597,0
TGT.US,D,20041103,000000,37.313,37.3345,36.2654,36.5605,6543454.9449536,0
TGT.US,D,20041104,000000,36.5605,37.3492,36.1809,37.2538,8857332.2090743,0
TGT.US,D,20041105,000000,37.2538,37.7703,36.8712,37.6197,7325357.5255861,0
TGT.US,D,20041108,000000,37.4841,37.9236,37.2705,37.4231,3919293.0528373,0
TGT.US,D,20041109,000000,37.3778,37.4841,37.067,37.0827,4234673.6482073,0
TGT.US,D,20041110,000000,37.2342,37.2705,36.8712,36.9274,5415998.5989999,0
TGT.US,D,20041111,000000,36.9274,37.1584,36.2556,36.8487,12516220.515688,0
TGT.US,D,20041112,000000,36.9274,37.8519,36.8487,37.7545,7925109.7751894,0
TGT.US,D,20041115,000000,37.6344,38.2984,37.5597,38.0535,4482814.3165244,0
TGT.US,D,20041116,000000,37.2705,37.6109,37.0916,37.3492,4357845.1724778,0
TGT.US,D,20041117,000000,37.6679,37.9089,36.9351,37.0297,6906502.9669871,0
TGT.US,D,20041118,000000,37.2538,37.6404,36.7611,37.4516,5258377.4405369,0
TGT.US,D,20041119,000000,37.4369,37.4369,37.0158,37.2263,4876313.0821509,0
TGT.US,D,20041122,000000,37.2342,37.3277,36.8782,37.1584,4538060.6220398,0
TGT.US,D,20041123,000000,37.1212,37.5952,37.067,37.5243,3653101.9637712,0
TGT.US,D,20041124,000000,37.5243,37.8941,37.5175,37.7191,5052538.7918933,0
TGT.US,D,20041126,000000,37.7191,37.9601,37.7043,37.8941,1111608.2127812,0
TGT.US,D,20041129,000000,37.8941,37.8941,37.4064,37.6679,5432671.3190721,0
TGT.US,D,20041130,000000,37.0985,37.8205,36.77,37.1732,5902502.8362185,0
TGT.US,D,20041201,000000,37.2705,38.0977,37.2705,37.6886,4470415.0104332,0
TGT.US,D,20041202,000000,37.5872,39.2967,37.313,38.0299,8965214.814469,0
TGT.US,D,20041203,000000,37.4516,37.6551,37.009,37.5243,6726701.3360047,0
TGT.US,D,20041206,000000,37.5243,37.6277,37.0248,37.0985,3824776.6858905,0
TGT.US,D,20041207,000000,37.0985,37.4064,36.77,36.9274,4291433.8993374,0
TGT.US,D,20041208,000000,37.0158,37.5175,36.8712,37.4918,4500728.4923356,0
TGT.US,D,20041209,000000,37.2342,37.6826,37.1407,37.6826,3492311.5853751,0
TGT.US,D,20041210,000000,38.1047,38.1047,37.3847,37.5243,2870376.8297457,0
TGT.US,D,20041213,000000,37.5243,37.6551,37.1584,37.3847,3493831.6315093,0
TGT.US,D,20041214,000000,37.4151,37.8292,37.3729,37.6886,3624168.2160523,0
TGT.US,D,20041215,000000,37.6826,37.8577,37.4369,37.5952,3712214.9819611,0
TGT.US,D,20041216,000000,37.5952,37.6621,37.067,37.1496,4206975.2557078,0
TGT.US,D,20041217,000000,36.9411,37.1407,36.6756,36.6756,7914778.5452433,0
TGT.US,D,20041220,000000,36.9559,36.9559,36.531,36.6824,4522360.9348442,0
TGT.US,D,20041221,000000,36.9057,37.0158,36.592,36.7238,5575407.2097061,0
TGT.US,D,20041222,000000,36.6529,37.2705,36.5083,36.77,7081897.9893102,0
TGT.US,D,20041223,000000,36.948,36.9795,36.531,36.6529,4246251.4176585,0
TGT.US,D,20041227,000000,37.0021,37.8292,36.8929,37.2421,5059013.4766976,0
TGT.US,D,20041228,000000,37.3277,37.6964,37.2146,37.6404,3578011.6847437,0
TGT.US,D,20041229,000000,37.5952,37.9955,37.306,37.5243,3870800.0225211,0
TGT.US,D,20041230,000000,37.547,37.8941,37.54,37.8135,2773241.3063832,0
TGT.US,D,20041231,000000,37.8135,38.0595,37.6109,37.6886,3808378.4892004,0
TGT.US,D,20050103,000000,38.2276,38.5757,37.3935,37.5952,6109310.4507256,0
TGT.US,D,20050104,000000,37.8519,37.8577,37.1289,37.1899,3340480.8367678,0
TGT.US,D,20050105,000000,37.3277,37.5872,36.9795,37.2204,3555969.4906685,0
TGT.US,D,20050106,000000,36.4434,36.4434,35.0282,35.2023,19116714.302167,0
TGT.US,D,20050107,000000,35.275,35.8534,34.6583,35.5779,9254143.5568448,0
TGT.US,D,20050110,000000,35.5878,36.0716,35.5377,36.0559,5146776.5684449,0
TGT.US,D,20050111,000000,36.0008,36.1454,35.7166,35.7166,5712778.7101035,0
TGT.US,D,20050112,000000,35.7432,36.0992,35.6753,36.0992,4556112.0595421,0
TGT.US,D,20050113,000000,36.1307,36.2045,35.5701,35.7432,4669232.9777683,0
TGT.US,D,20050114,000000,35.7432,36.1592,35.6822,36.1061,4091519.8719804,0
TGT.US,D,20050118,000000,35.0282,36.5083,35.0282,36.4346,4012568.9807982,0
TGT.US,D,20050119,000000,35.4088,36.4346,35.4088,36.2457,4408135.8225699,0
TGT.US,D,20050120,000000,36.4346,36.6952,36.1652,36.2556,6090294.1143729,0
TGT.US,D,20050121,000000,36.4936,36.4936,35.4796,35.636,6481174.7403371,0
TGT.US,D,20050124,000000,35.9655,35.9714,35.2957,35.3164,4922470.6302128,0
TGT.US,D,20050125,000000,35.5464,35.9714,35.3094,35.6291,4022767.0160662,0
TGT.US,D,20050126,000000,35.9832,36.7169,35.7796,36.6529,5529804.808928,0
TGT.US,D,20050127,000000,36.6529,36.833,36.291,36.4051,4371898.7361343,0
TGT.US,D,20050128,000000,36.5516,36.6077,35.7953,35.9202,4122657.9407823,0
TGT.US,D,20050131,000000,36.3274,37.009,36.2457,36.8487,3932937.8816804,0
TGT.US,D,20050201,000000,37.0158,37.5018,36.5841,36.7995,5556122.450491,0
TGT.US,D,20050202,000000,36.6146,37.547,36.6146,37.2421,4472065.2009856,0
TGT.US,D,20050203,000000,38.4675,38.4675,37.074,37.5558,4992462.9083596,0
TGT.US,D,20050204,000000,37.6474,37.7987,37.2263,37.3935,3551144.9964165,0
TGT.US,D,20050207,000000,37.3935,37.7122,37.2342,37.2834,3036538.7156514,0
TGT.US,D,20050208,000000,37.2834,37.306,36.7396,36.7572,3539846.8341138,0
TGT.US,D,20050209,000000,36.2182,36.4641,35.7029,36.0716,8678631.72188,0
TGT.US,D,20050210,000000,36.2389,36.3382,35.5464,35.6094,6330441.0685048,0
TGT.US,D,20050211,000000,35.696,36.2556,35.6094,35.7295,4028275.7852667,0
TGT.US,D,20050214,000000,35.8268,36.0716,35.6094,36.0716,4004712.5283042,0
TGT.US,D,20050215,000000,36.0716,36.1888,35.8406,36.1592,4209599.4958899,0
TGT.US,D,20050216,000000,35.9271,35.9488,35.0577,35.6154,9787482.4998011,0
TGT.US,D,20050217,000000,36.291,36.4277,35.5622,36.4051,9981478.0063909,0
TGT.US,D,20050218,000000,36.4346,36.7925,36.4346,36.7396,6251223.7879666,0
TGT.US,D,20050222,000000,36.7396,36.8192,36.0716,36.2822,6538216.6321222,0
TGT.US,D,20050223,000000,36.4346,37.074,36.4129,37.0158,5247908.9489,0
TGT.US,D,20050224,000000,37.0248,37.1407,36.7011,37.1162,4210976.1798134,0
TGT.US,D,20050225,000000,37.1584,37.3414,36.8712,37.2834,2425898.055312,0
TGT.US,D,20050228,000000,37.1407,37.4713,36.5516,36.8841,3850260.5897746,0
TGT.US,D,20050301,000000,37.1122,37.604,37.1064,37.248,4595657.6611087,0
TGT.US,D,20050302,000000,37.1584,38.0535,36.9136,37.6474,5757967.2923019,0
TGT.US,D,20050303,000000,38.4675,38.6574,37.8135,38.1047,7982976.2538739,0
TGT.US,D,20050304,000000,38.3584,38.4381,37.9601,38.024,6245570.6398021,0
TGT.US,D,20050307,000000,38.1853,38.2836,37.7043,38.0103,3690991.2742658,0
TGT.US,D,20050308,000000,38.0299,38.1174,37.7623,37.9236,3018904.1469886,0
TGT.US,D,20050309,000000,37.6679,37.9798,37.6197,37.7545,3115618.7344986,0
TGT.US,D,20050310,000000,37.9316,38.0367,37.6826,37.9502,2676101.7160077,0
TGT.US,D,20050311,000000,37.8205,38.0742,37.5323,37.5597,3559687.7573659,0
TGT.US,D,20050314,000000,37.8047,37.9316,37.4369,37.8519,3785644.9029035,0
TGT.US,D,20050315,000000,37.8941,38.1656,37.6551,37.7043,3326977.3366288,0
TGT.US,D,20050316,000000,37.4516,37.5243,37.074,37.3277,4744597.7801779,0
TGT.US,D,20050317,000000,37.3572,37.5323,36.9274,37.3277,3332354.9446579,0
TGT.US,D,20050318,000000,37.306,37.365,36.6599,36.8407,5930469.6515804,0
TGT.US,D,20050321,000000,36.8407,36.9351,36.0147,36.4936,3665913.0549354,0
TGT.US,D,20050322,000000,36.5083,37.2903,36.2969,36.6077,4641122.8001957,0
TGT.US,D,20050323,000000,36.6077,36.7995,36.291,36.352,5565490.8150931,0
TGT.US,D,20050324,000000,36.5083,36.6146,36.2045,36.352,2798176.1635031,0
TGT.US,D,20050328,000000,36.3451,37.067,36.3333,36.6313,2713297.6007743,0
TGT.US,D,20050329,000000,36.5083,37.0158,36.2969,36.472,3143172.7480342,0
TGT.US,D,20050330,000000,36.6146,37.1899,36.6146,36.8712,3632024.6685464,0
TGT.US,D,20050331,000000,36.7483,37.0158,36.2969,36.3048,4892433.7051992,0
TGT.US,D,20050401,000000,36.3756,36.3756,35.4088,35.8534,7539882.2973897,0
TGT.US,D,20050404,000000,35.8534,36.2654,35.4166,36.1061,5103649.961872,0
TGT.US,D,20050405,000000,36.0147,36.6146,35.9271,36.592,4042330.3656764,0
TGT.US,D,20050406,000000,36.6874,36.9057,36.1366,36.2654,3504160.8279487,0
TGT.US,D,20050407,000000,36.472,36.8712,35.5878,36.825,5558738.5566469,0
TGT.US,D,20050408,000000,36.472,36.7011,36.2389,36.3274,4439828.0219022,0
TGT.US,D,20050411,000000,36.4552,36.4552,35.9419,36.1061,2981010.769481,0
TGT.US,D,20050412,000000,35.9655,36.7238,35.519,36.5782,6153259.6106915,0
TGT.US,D,20050413,000000,36.5782,36.7396,35.9488,36.0924,3938721.174263,0
TGT.US,D,20050414,000000,36.2182,36.2457,35.399,35.5553,4629138.3294376,0
TGT.US,D,20050415,000000,35.3901,35.5464,34.6918,34.8354,5061076.4690763,0
TGT.US,D,20050418,000000,34.983,35.5248,34.7293,35.2907,5886106.6730349,0
TGT.US,D,20050419,000000,34.8354,34.9377,33.9266,34.7577,7909539.2156586,0
TGT.US,D,20050420,000000,34.6583,34.9171,33.9591,34.0023,7622822.9283917,0
TGT.US,D,20050421,000000,34.2866,34.8354,34.2866,34.7293,4620041.4379578,0
TGT.US,D,20050422,000000,34.3289,34.3879,33.6267,33.8459,5175570.0042129,0
TGT.US,D,20050425,000000,33.9384,34.4893,33.9384,34.1273,4533794.3253316,0
TGT.US,D,20050426,000000,33.8459,34.203,33.6345,33.7987,4044260.1633772,0
TGT.US,D,20050427,000000,33.7919,34.2699,33.3935,34.0387,4204637.7399469,0
TGT.US,D,20050428,000000,34.1047,34.4893,33.7408,34.0023,4536688.0051293,0
TGT.US,D,20050429,000000,34.2925,34.3614,33.0591,33.6846,6152432.9902854,0
TGT.US,D,20050502,000000,33.8372,34.256,33.8243,34.256,4392292.7731636,0
TGT.US,D,20050503,000000,34.1401,34.4538,33.8931,34.0762,6023194.4992707,0
TGT.US,D,20050504,000000,34.1115,34.3072,33.1684,33.5883,11727568.72687,0
TGT.US,D,20050505,000000,34.4755,34.8589,34.1115,34.3142,5686600.3637381,0
TGT.US,D,20050506,000000,34.3514,34.6781,33.9266,34.0171,4295016.9378502,0
TGT.US,D,20050509,000000,34.0309,34.5619,34.0171,34.5552,3162331.4298443,0
TGT.US,D,20050510,000000,34.2433,34.7233,34.1873,34.4823,3411708.4701339,0
TGT.US,D,20050511,000000,34.4391,35.0202,34.2699,34.983,4741973.5399958,0
TGT.US,D,20050512,000000,34.4755,35.9419,34.4755,35.4166,10125324.191592,0
TGT.US,D,20050513,000000,35.5072,35.7098,34.6338,35.1933,6777127.2142814,0
TGT.US,D,20050516,000000,35.3773,36.0648,35.3479,35.9271,5540550.8742069,0
TGT.US,D,20050517,000000,35.7432,36.6461,35.7432,36.5379,6044687.6465818,0
TGT.US,D,20050518,000000,36.6529,37.778,36.4552,37.7545,9304845.9920101,0
TGT.US,D,20050519,000000,37.9955,38.3889,37.7545,38.2276,10872917.449982,0
TGT.US,D,20050520,000000,38.0299,38.0299,37.5018,37.6621,5214428.2805711,0
TGT.US,D,20050523,000000,37.7987,38.024,37.5872,37.8449,3828218.3956993,0
TGT.US,D,20050524,000000,37.785,38.4675,37.6964,38.3584,5982688.0658669,0
TGT.US,D,20050525,000000,38.2148,38.562,38.0013,38.4026,4580775.4435396,0
TGT.US,D,20050526,000000,38.5817,38.8423,38.0456,38.7075,4668674.7802248,0
TGT.US,D,20050527,000000,38.6868,39.0852,38.6868,38.8275,3117000.5021885,0
TGT.US,D,20050531,000000,38.9357,39.0468,38.7872,38.976,5166616.4749439,0
TGT.US,D,20050601,000000,38.9357,39.4186,38.6574,39.0616,4833052.2641468,0
TGT.US,D,20050602,000000,39.1944,39.8671,39.1874,39.6635,5683288.7983475,0
TGT.US,D,20050603,000000,39.5543,39.7392,39.0134,39.1354,3958700.3759595,0
TGT.US,D,20050606,000000,39.3036,39.5288,38.9032,39.1462,2480318.7571747,0
TGT.US,D,20050607,000000,39.4107,39.9911,39.2652,39.3448,4817205.1477274,0
TGT.US,D,20050608,000000,39.4412,39.4825,38.8895,39.1206,4529795.4347324,0
TGT.US,D,20050609,000000,38.976,39.4914,38.8354,39.1412,4049492.3756891,0
TGT.US,D,20050610,000000,39.2967,39.45,38.5393,38.8679,3456081.6162122,0
TGT.US,D,20050613,000000,38.9229,39.1462,38.6495,38.7075,3147038.4439554,0
TGT.US,D,20050614,000000,39.0134,39.7146,39.0134,39.5928,5047025.9556796,0
TGT.US,D,20050615,000000,39.874,39.9192,39.0134,39.9192,6177102.4748026,0
TGT.US,D,20050616,000000,39.7943,39.9272,39.3891,39.6005,3110385.5054334,0
TGT.US,D,20050617,000000,39.9851,39.9851,39.398,39.4992,6162905.5489356,0
TGT.US,D,20050620,000000,39.2554,39.8602,39.0468,39.8445,5294753.8221704,0
TGT.US,D,20050621,000000,39.8445,40.1749,39.4412,39.7392,4166333.5941194,0
TGT.US,D,20050622,000000,39.7392,40.7523,39.7146,40.592,5986819.1343907,0
TGT.US,D,20050623,000000,40.5782,40.8182,39.7854,39.9429,4168539.9487088,0
TGT.US,D,20050624,000000,39.9272,39.9272,39.1462,39.2416,5459951.8259789,0
TGT.US,D,20050627,000000,39.2898,39.9724,39.2475,39.7146,4221031.869624,0
TGT.US,D,20050628,000000,39.9911,40.6007,39.9644,40.4022,3816644.6932611,0
TGT.US,D,20050629,000000,40.3884,40.5006,39.7658,39.8445,3305067.3204783,0
TGT.US,D,20050630,000000,39.8445,39.9025,39.3448,39.4914,4878516.3864805,0
TGT.US,D,20050701,000000,39.6635,39.9192,39.4825,39.6005,3558994.3316377,0
TGT.US,D,20050705,000000,39.6448,40.7523,39.5356,40.6736,3905515.0293162,0
TGT.US,D,20050706,000000,40.6047,40.6047,40.0775,40.3235,4582430.7178583,0
TGT.US,D,20050707,000000,40.2546,41.3631,40.2448,40.948,6510936.1252154,0
TGT.US,D,20050708,000000,41.1034,41.604,40.8939,41.3187,5815558.2308511,0
TGT.US,D,20050711,000000,41.7211,41.7407,41.3631,41.5243,2795834.5807292,0
TGT.US,D,20050712,000000,41.4417,42.5491,41.422,42.2856,7159053.2942231,0
TGT.US,D,20050713,000000,42.2768,42.3564,41.7211,42.0004,4656280.5579,0
TGT.US,D,20050714,000000,42.3171,42.799,41.8932,42.377,5219526.2814517,0
TGT.US,D,20050715,000000,42.2768,42.6485,42.2217,42.6023,3197739.8623674,0
TGT.US,D,20050718,000000,42.6023,42.9672,42.559,42.8236,2858247.9800238,0
TGT.US,D,20050719,000000,43.1865,43.339,42.7499,43.2288,3786474.5735695,0
TGT.US,D,20050720,000000,43.154,43.5483,42.6564,43.5346,5174607.1388691,0
TGT.US,D,20050721,000000,43.3655,43.394,42.082,42.261,6846157.6438376,0
TGT.US,D,20050722,000000,42.2413,42.915,42.205,42.8944,4502521.0283452,0
TGT.US,D,20050725,000000,42.8944,43.1787,42.5039,42.618,4341454.0930605,0
TGT.US,D,20050726,000000,43.0409,43.4727,42.6485,42.8472,4146354.3924229,0
TGT.US,D,20050727,000000,42.9879,43.163,42.6632,43.0783,2360176.1408865,0
TGT.US,D,20050728,000000,43.2936,43.3792,42.9879,43.2878,3484319.9046965,0
TGT.US,D,20050729,000000,43.1098,43.2641,42.6268,42.6425,4159441.0237224,0
TGT.US,D,20050801,000000,42.3859,42.3938,41.7879,41.9492,6614549.3836419,0
TGT.US,D,20050802,000000,41.9866,42.0309,41.1102,41.8381,6381284.8323743,0
TGT.US,D,20050803,000000,41.7132,42.022,41.305,41.8548,4719245.0374654,0
TGT.US,D,20050804,000000,41.5155,41.5155,40.5231,40.7119,7265283.6755588,0
TGT.US,D,20050805,000000,40.3755,40.7523,40.0116,40.2616,3855635.1475438,0
TGT.US,D,20050808,000000,40.4651,40.5565,39.7854,39.9556,2791560.1499947,0
TGT.US,D,20050809,000000,40.2821,40.7336,40.2094,40.2251,4367077.2921421,0
TGT.US,D,20050810,000000,40.5133,40.9559,40.0254,40.3098,5414483.636632,0
TGT.US,D,20050811,000000,41.1497,41.5882,40.05,40.3884,8492625.8624624,0
TGT.US,D,20050812,000000,40.3884,41.1497,40.2408,41.066,5579680.6236872,0
TGT.US,D,20050815,000000,41.2981,41.7211,40.885,41.4781,4458978.5696861,0
TGT.US,D,20050816,000000,41.2981,41.2981,40.4267,40.4336,5361986.6319505,0
TGT.US,D,20050817,000000,40.5006,41.008,40.4336,40.6432,4966420.806932,0
TGT.US,D,20050818,000000,40.6432,40.8772,40.5063,40.7523,4689210.1459582,0
TGT.US,D,20050819,000000,40.8625,40.8625,40.0038,40.1672,5757139.6551425,0
TGT.US,D,20050822,000000,40.2153,40.7915,40.1347,40.7434,5107231.9836316,0
TGT.US,D,20050823,000000,41.2253,41.5361,40.6432,40.7169,5561770.5148891,0
TGT.US,D,20050824,000000,40.357,40.9853,40.357,40.4651,4812517.9151665,0
TGT.US,D,20050825,000000,39.7707,41.1102,39.7707,40.6519,4423569.1204096,0
TGT.US,D,20050826,000000,40.5006,40.7119,40.3235,40.4099,4738807.3703223,0
TGT.US,D,20050829,000000,39.9911,40.6136,39.9359,40.4424,3814028.5871051,0
TGT.US,D,20050830,000000,40.3942,40.4336,39.0341,39.2967,6262244.3766276,0
TGT.US,D,20050831,000000,39.332,39.332,38.2984,39.0134,9748220.572396,0
TGT.US,D,20050901,000000,39.1206,39.5288,38.0662,38.3082,7710305.3962373,0
TGT.US,D,20050902,000000,39.0134,39.1944,38.3417,38.5817,5508861.7251345,0
TGT.US,D,20050906,000000,38.7645,39.4825,38.7223,39.162,5335121.97713,0
TGT.US,D,20050907,000000,39.1777,39.3812,38.8275,39.2967,4314445.0592761,0
TGT.US,D,20050908,000000,38.6623,39.2554,38.5875,39.2288,5098695.323202,0
TGT.US,D,20050909,000000,39.2416,39.6232,39.1531,39.4825,3484456.1496343,0
TGT.US,D,20050912,000000,39.337,40.3637,39.2416,40.2251,5910487.3996242,0
TGT.US,D,20050913,000000,40.2251,40.2408,39.3193,39.332,5143331.8083763,0
TGT.US,D,20050914,000000,39.9192,39.9192,38.2473,38.2836,6224629.5895151,0
TGT.US,D,20050915,000000,38.4439,38.7154,38.0742,38.2984,3261395.7341543,0
TGT.US,D,20050916,000000,38.6997,38.8747,38.3132,38.6868,8120758.5225911,0
TGT.US,D,20050919,000000,38.502,38.562,37.6679,37.9089,4744731.9916092,0
TGT.US,D,20050920,000000,38.0299,38.2088,36.7572,36.8989,5742263.5380931,0
TGT.US,D,20050921,000000,36.8989,37.2146,36.2114,36.9057,8205356.4614183,0
TGT.US,D,20050922,000000,37.009,38.3584,36.77,38.1774,7416981.2294883,0
TGT.US,D,20050923,000000,38.262,38.736,37.9374,38.1735,4997283.3355985,0
TGT.US,D,20050926,000000,38.7567,39.332,37.7919,38.2345,5985169.9605917,0
TGT.US,D,20050927,000000,38.3977,38.6406,37.8135,38.2679,3651862.5415387,0
TGT.US,D,20050928,000000,38.3977,38.6868,37.1212,37.2765,5834571.516944,0
TGT.US,D,20050929,000000,37.1289,37.6621,36.6952,37.3778,5733718.7436373,0
TGT.US,D,20050930,000000,37.5597,37.8724,37.365,37.6886,4998665.1032883,0
TGT.US,D,20051003,000000,37.9502,38.2148,37.365,37.6109,4243351.6373412,0
TGT.US,D,20051004,000000,37.5095,38.1921,37.3729,37.8135,5766646.2981889,0
TGT.US,D,20051005,000000,37.8135,37.8577,37.1584,37.1899,6207410.8729385,0
TGT.US,D,20051006,000000,37.9601,38.3977,37.2903,37.7545,8929941.6101303,0
TGT.US,D,20051007,000000,38.3977,38.4675,37.8205,38.2984,5833887.2419953,0
TGT.US,D,20051010,000000,38.5393,38.6711,37.8135,37.9001,4682045.0856858,0
TGT.US,D,20051011,000000,38.1047,38.3584,37.6886,37.7338,3915847.2760154,0
TGT.US,D,20051012,000000,37.5175,37.7279,36.8487,37.3414,7919875.5293708,0
TGT.US,D,20051013,000000,37.3414,38.1047,37.3414,37.9955,6200793.8426769,0
TGT.US,D,20051014,000000,38.142,38.9357,37.9443,38.8226,4747348.0977651,0
TGT.US,D,20051017,000000,38.6938,38.8502,38.142,38.6574,4975653.9433497,0
TGT.US,D,20051018,000000,38.6574,39.0852,38.321,38.6259,5800956.6371837,0
TGT.US,D,20051019,000000,38.736,40.8053,38.3977,40.6432,10899372.353237,0
TGT.US,D,20051020,000000,40.6432,41.5361,40.4022,40.4719,11510838.617229,0
TGT.US,D,20051021,000000,40.4719,40.6205,39.5838,39.6576,6638935.1939976,0
TGT.US,D,20051024,000000,39.8533,40.357,39.5543,40.0775,4074984.4135994,0
TGT.US,D,20051025,000000,40.0038,40.0254,38.9908,39.2288,6161115.0464324,0
TGT.US,D,20051026,000000,39.1944,39.6989,39.0134,39.092,4659862.5796596,0
TGT.US,D,20051027,000000,39.092,39.3675,37.8794,38.1047,5265541.4840562,0
TGT.US,D,20051028,000000,38.3977,39.5838,38.3485,39.5603,5768990.9312226,0
TGT.US,D,20051031,000000,39.9979,40.6814,39.9359,40.4179,7708523.0277603,0
TGT.US,D,20051101,000000,40.3884,40.6814,40.0726,40.1347,4698992.32914,0
TGT.US,D,20051102,000000,40.1749,41.9591,40.1347,41.3492,8097195.2656285,0
TGT.US,D,20051103,000000,42.022,42.199,40.8378,41.2253,11169556.232382,0
TGT.US,D,20051104,000000,41.2253,41.7663,41.2253,41.666,6499505.7849878,0
TGT.US,D,20051107,000000,41.7368,41.9866,41.5656,41.9452,6107099.0123698,0
TGT.US,D,20051108,000000,41.3935,41.4702,41.1329,41.2913,5055567.6998758,0
TGT.US,D,20051109,000000,41.3709,41.4496,40.7828,41.0503,4549358.7843427,0
TGT.US,D,20051110,000000,40.7915,42.8658,40.4936,42.7144,9844391.1969082,0
TGT.US,D,20051111,000000,42.4744,43.0331,42.0151,42.4212,5341182.8433545,0
TGT.US,D,20051114,000000,42.3702,42.5866,42.0869,42.4085,4125828.1774687,0
TGT.US,D,20051115,000000,39.4825,39.9192,38.6623,39.4107,33314679.291078,0
TGT.US,D,20051116,000000,39.337,39.7707,38.7725,39.5603,8243798.8856902,0
TGT.US,D,20051117,000000,39.6989,40.2753,39.3812,40.2094,7845887.4108848,0
TGT.US,D,20051118,000000,40.5565,40.5733,39.754,40.0775,6792006.3815905,0
TGT.US,D,20051121,000000,39.8405,40.0825,39.6635,39.8602,5244606.5342888,0
TGT.US,D,20051122,000000,39.81,40.1592,39.7324,39.9724,7372059.0366458,0
TGT.US,D,20051123,000000,39.9782,40.4099,39.9272,39.9911,6780715.3365606,0
TGT.US,D,20051125,000000,40.2821,40.2821,39.8278,40.0825,3122099.5198225,0
TGT.US,D,20051128,000000,39.9644,40.0038,39.4107,39.7146,9620911.8790822,0
TGT.US,D,20051129,000000,39.7707,39.8533,38.7075,39.1944,9027216.4286904,0
TGT.US,D,20051130,000000,39.1944,39.3586,38.7223,38.8354,6232756.4983781,0
TGT.US,D,20051201,000000,39.1874,39.5091,38.6938,39.0468,8818476.982976,0
TGT.US,D,20051202,000000,38.9603,39.637,38.8679,39.092,4886650.4126165,0
TGT.US,D,20051205,000000,38.6868,38.742,37.9738,38.1853,7509429.5202899,0
TGT.US,D,20051206,000000,38.7567,39.1265,38.4026,38.6121,7199978.6299729,0
TGT.US,D,20051207,000000,38.5757,38.742,38.4381,38.5325,4476476.893411,0
TGT.US,D,20051208,000000,38.5325,38.6121,37.9601,38.2473,6497157.084941,0
TGT.US,D,20051209,000000,38.4311,39.1874,38.1174,39.0468,5892444.096148,0
TGT.US,D,20051212,000000,39.1944,39.516,39.0999,39.281,4111356.7282196,0
TGT.US,D,20051213,000000,39.1138,39.6005,38.7645,39.6005,4610124.0265915,0
TGT.US,D,20051214,000000,39.4186,39.6448,39.1354,39.5543,3950983.2186629,0
TGT.US,D,20051215,000000,39.5543,39.6517,39.3744,39.5928,3484456.1496343,0
TGT.US,D,20051216,000000,39.7245,39.7392,38.8984,38.9524,6025259.525156,0
TGT.US,D,20051219,000000,38.9524,39.1206,38.321,38.321,3719237.6967763,0
TGT.US,D,20051220,000000,38.6495,39.337,38.3279,39.215,5092214.537878,0
TGT.US,D,20051221,000000,39.337,39.63,39.0704,39.5543,6799586.2771961,0
TGT.US,D,20051222,000000,39.7392,39.9104,39.4992,39.8818,4776704.8148431,0
TGT.US,D,20051223,000000,39.9104,40.4651,39.8445,40.2881,3900417.0284354,0
TGT.US,D,20051227,000000,40.6047,40.7434,40.3402,40.3402,5503766.7745135,0
TGT.US,D,20051228,000000,40.4651,40.6647,40.2546,40.3175,3914883.3939183,0
TGT.US,D,20051229,000000,40.4858,40.6432,40.0726,40.0923,3064231.0076314,0
TGT.US,D,20051230,000000,39.9192,40.4561,39.8602,39.8947,2933889.339322,0
TGT.US,D,20060103,000000,40.292,40.292,38.8984,39.7146,6163866.3807728,0
TGT.US,D,20060104,000000,39.576,39.7451,39.3252,39.6635,5586020.080307,0
TGT.US,D,20060105,000000,39.9429,40.2329,39.2967,39.5484,7403201.1724606,0
TGT.US,D,20060106,000000,39.8336,39.8602,39.1354,39.4304,5604758.8430178,0
TGT.US,D,20060109,000000,39.337,39.6694,39.3036,39.4825,5019745.4487729,0
TGT.US,D,20060110,000000,39.4236,39.5838,39.3036,39.4363,4933494.2691336,0
TGT.US,D,20060111,000000,39.1265,39.4363,38.9298,39.4363,5214701.7871999,0
TGT.US,D,20060112,000000,39.398,39.398,38.8895,39.1412,3551009.7682321,0
TGT.US,D,20060113,000000,39.3114,39.6989,39.2475,39.4649,3405647.6039093,0
TGT.US,D,20060117,000000,39.3812,39.4649,39.0704,39.2652,3742520.3298373,0
TGT.US,D,20060118,000000,38.9357,39.3744,38.8816,39.1462,5372321.9289095,0
TGT.US,D,20060119,000000,39.6517,39.7245,39.2092,39.4992,4220894.607933,0
TGT.US,D,20060120,000000,39.6232,39.6753,38.8895,38.8895,5738815.7277647,0
TGT.US,D,20060123,000000,38.8502,39.0134,38.1499,38.2836,5620464.630733,0
TGT.US,D,20060124,000000,39.1777,39.6576,38.9032,39.3744,8964249.9156186,0
TGT.US,D,20060125,000000,39.6635,40.0992,39.4412,39.7707,6428267.9840889,0
TGT.US,D,20060126,000000,39.9192,40.0038,38.8275,39.1206,7579970.8452008,0
TGT.US,D,20060127,000000,39.7392,39.8671,39.2092,39.3193,5324370.8280846,0
TGT.US,D,20060130,000000,39.4649,39.7618,39.3891,39.4559,3760430.4386354,0
TGT.US,D,20060131,000000,39.5928,39.7943,39.281,39.7392,5479928.9941688,0
TGT.US,D,20060201,000000,39.63,40.0431,39.2416,39.7324,4940515.9671955,0
TGT.US,D,20060202,000000,39.8445,40.4561,38.976,40.0825,7806760.7116642,0
TGT.US,D,20060203,000000,39.7068,40.1867,39.45,39.8867,5283596.9885716,0
TGT.US,D,20060206,000000,40.0638,40.2683,39.7943,39.9192,5902362.5242677,0
TGT.US,D,20060207,000000,39.9497,40.0431,39.3193,39.4186,4859916.9189673,0
TGT.US,D,20060208,000000,39.6517,39.6517,38.9908,39.2288,4799847.1359532,0
TGT.US,D,20060209,000000,39.2003,39.45,39.0134,39.1777,5220215.6401668,0
TGT.US,D,20060210,000000,39.1206,39.754,38.976,39.637,5533388.8641942,0
TGT.US,D,20060213,000000,39.45,39.7943,39.3744,39.5838,2691255.406699,0
TGT.US,D,20060214,000000,39.3812,40.2408,39.2003,40.2329,4749273.8284527,0
TGT.US,D,20060215,000000,39.9911,40.5645,39.6812,40.5006,4958703.6496356,0
TGT.US,D,20060216,000000,39.8445,40.2821,39.3036,39.6232,8153690.144156,0
TGT.US,D,20060217,000000,39.5218,39.754,39.2416,39.4186,7147481.6252914,0
TGT.US,D,20060221,000000,39.3812,39.63,38.8423,38.9446,6367920.6274329,0
TGT.US,D,20060222,000000,39.1354,39.9192,39.0341,39.63,5672127.8977357,0
TGT.US,D,20060223,000000,39.7245,40.0333,39.4186,39.5603,5846701.3834192,0
TGT.US,D,20060224,000000,39.5218,39.5603,39.0852,39.2288,3910886.5368258,0
TGT.US,D,20060227,000000,39.4236,40.5133,39.3744,40.2683,5094830.644034,0
TGT.US,D,20060228,000000,39.9911,40.1672,39.3891,39.4825,6479656.7277095,0
TGT.US,D,20060301,000000,39.6232,39.8445,39.215,39.6075,4778903.0354063,0
TGT.US,D,20060302,000000,39.5218,39.5218,38.7567,38.9819,5532975.0456145,0
TGT.US,D,20060303,000000,38.7941,39.2092,38.6868,38.7479,5617296.4275531,0
TGT.US,D,20060306,000000,38.7567,38.9298,38.321,38.4223,6615652.5609366,0
TGT.US,D,20060307,000000,38.4311,38.5688,38.142,38.3672,6137552.8062229,0
TGT.US,D,20060308,000000,38.3584,39.0272,38.2473,38.736,4504443.7087732,0
TGT.US,D,20060309,000000,38.8275,38.859,38.1735,38.2836,3667845.9028959,0
TGT.US,D,20060310,000000,38.2836,39.0341,38.256,38.6938,4970004.8621981,0
TGT.US,D,20060313,000000,38.7941,38.8895,38.5757,38.7292,4166333.5941194,0
TGT.US,D,20060314,000000,38.5817,39.637,38.5817,39.5838,5274087.2952653,0
TGT.US,D,20060315,000000,39.6635,39.6989,38.6623,38.9908,5918619.3922536,0
TGT.US,D,20060316,000000,39.1944,39.3193,38.9298,38.9908,3407714.6633012,0
TGT.US,D,20060317,000000,39.1462,39.2219,38.9032,39.0272,4994391.689307,0
TGT.US,D,20060320,000000,38.9357,39.1206,38.6623,38.8502,3820092.5035895,0
TGT.US,D,20060321,000000,38.8679,39.1412,38.4528,38.7292,8084520.4194021,0
TGT.US,D,20060322,000000,38.7292,39.1462,38.5472,38.8747,6264448.6977104,0
TGT.US,D,20060323,000000,38.6997,38.8177,38.4675,38.7075,5741711.4410692,0
TGT.US,D,20060324,000000,38.9032,39.0704,38.4883,38.9819,4875209.9048563,0
TGT.US,D,20060327,000000,38.8354,39.0547,38.5393,38.5875,3606394.3521918,0
TGT.US,D,20060328,000000,38.5177,38.976,38.5177,38.6495,4258234.8716634,0
TGT.US,D,20060329,000000,38.7223,38.8895,38.5472,38.6868,5317348.1132695,0
TGT.US,D,20060330,000000,38.5541,38.7941,38.1047,38.2836,7069223.1430839,0
TGT.US,D,20060331,000000,38.142,38.3889,37.6679,37.7476,6643895.9331872,0
TGT.US,D,20060403,000000,37.7398,37.7476,37.1212,37.1407,7561510.6728852,0
TGT.US,D,20060404,000000,37.2834,37.6679,36.9274,37.4231,6273265.9820418,0
TGT.US,D,20060405,000000,37.6621,37.9955,37.5952,37.8724,5433358.6442806,0
TGT.US,D,20060406,000000,38.5757,38.742,37.9876,38.1921,7410916.2962506,0
TGT.US,D,20060407,000000,38.2473,38.3889,37.6551,37.7122,4686732.3182467,0
TGT.US,D,20060410,000000,37.9502,37.9502,37.3277,37.4643,4954297.0409763,0
TGT.US,D,20060411,000000,37.4151,37.5657,37.0523,37.1496,4234947.1548361,0
TGT.US,D,20060412,000000,37.0916,37.3572,36.9795,37.2991,4849032.5752442,0
TGT.US,D,20060413,000000,36.9351,37.4516,36.9351,37.365,4065209.3476905,0
TGT.US,D,20060417,000000,37.365,37.6277,36.6756,37.1831,6048274.7521077,0
TGT.US,D,20060418,000000,37.4151,37.8873,37.3847,37.5095,7317635.2845233,0
TGT.US,D,20060419,000000,37.5952,37.7043,37.1584,37.3492,5238536.5172848,0
TGT.US,D,20060420,000000,37.0523,37.6679,37.0523,37.4516,4211520.1428113,0
TGT.US,D,20060421,000000,37.5952,37.604,36.8487,36.9057,6126946.0361416,0
TGT.US,D,20060424,000000,37.4643,37.7703,37.0916,37.5952,5885694.8879618,0
TGT.US,D,20060425,000000,37.6759,37.9876,37.4575,37.7987,4431969.5359016,0
TGT.US,D,20060426,000000,37.9236,38.8354,37.9236,38.7223,7245441.7355535,0
TGT.US,D,20060427,000000,39.3518,39.3518,38.0595,38.802,6003492.8712161,0
TGT.US,D,20060428,000000,38.802,39.0272,38.4823,38.5393,5262099.7742474,0
TGT.US,D,20060501,000000,38.8275,39.2652,38.4823,38.5875,5895467.9203642,0
TGT.US,D,20060502,000000,38.6495,39.0065,38.2197,38.8984,4302735.1119001,0
TGT.US,D,20060503,000000,38.7479,39.1138,38.5098,38.8423,3276412.1631545,0
TGT.US,D,20060504,000000,38.9032,38.9298,37.8135,38.5757,6903469.9919916,0
TGT.US,D,20060505,000000,38.8226,39.7392,38.6868,39.5838,5297093.3714376,0
TGT.US,D,20060508,000000,39.9192,40.0116,39.45,39.7068,3969995.4880025,0
TGT.US,D,20060509,000000,39.691,39.6989,39.2288,39.4107,3876167.4630176,0
TGT.US,D,20060510,000000,39.2356,39.5603,39.0852,39.1874,3315123.0102889,0
TGT.US,D,20060511,000000,39.1874,39.1944,38.5875,38.7725,4693067.7078532,0
TGT.US,D,20060512,000000,38.5875,38.6868,37.6404,37.8941,7683168.2515411,0
TGT.US,D,20060515,000000,35.6674,36.592,34.9071,36.3048,34266464.057821,0
TGT.US,D,20060516,000000,36.291,36.4346,35.7225,35.8042,16245517.969288,0
TGT.US,D,20060517,000000,35.6035,35.7864,35.1786,35.3479,8172015.088287,0
TGT.US,D,20060518,000000,35.456,35.5701,35.1413,35.1413,7533133.0892034,0
TGT.US,D,20060519,000000,35.2023,35.8465,35.036,35.6822,8802912.5239648,0
TGT.US,D,20060522,000000,35.6094,35.9133,35.3026,35.6606,6848084.3912785,0
TGT.US,D,20060523,000000,35.935,36.0353,35.6035,35.6674,6678475.7117978,0
TGT.US,D,20060524,000000,35.5622,36.0353,35.2023,35.5464,8133023.6172509,0
TGT.US,D,20060525,000000,35.759,35.7864,35.1658,35.5779,9074608.3152184,0
TGT.US,D,20060526,000000,35.7432,35.8976,35.2582,35.456,5132449.4981597,0
TGT.US,D,20060530,000000,35.2023,35.5966,35.0282,35.3311,8423047.4028953,0
TGT.US,D,20060531,000000,35.3842,35.636,35.2435,35.5072,8651351.2149733,0
TGT.US,D,20060601,000000,35.7432,36.2556,35.5072,35.759,7046077.7717141,0
TGT.US,D,20060602,000000,35.7098,35.8406,35.3311,35.7029,6771203.6097478,0
TGT.US,D,20060605,000000,35.5622,35.7098,35.0282,35.1658,4670885.2018272,0
TGT.US,D,20060606,000000,35.2023,35.3389,34.3013,34.5502,10838884.68463,0
TGT.US,D,20060607,000000,35.0202,35.9202,34.9683,35.4934,10055053.32305,0
TGT.US,D,20060608,000000,35.4934,36.0716,35.0429,35.811,9013299.1099717,0
TGT.US,D,20060609,000000,35.9271,35.9271,35.1216,35.1364,5072099.0912438,0
TGT.US,D,20060612,000000,35.4166,35.5464,34.9258,34.9898,6389277.5298061,0
TGT.US,D,20060613,000000,35.0429,35.5248,34.8531,34.8836,8179588.8833728,0
TGT.US,D,20060614,000000,34.8442,35.2091,34.6918,35.036,5401664.4114417,0
TGT.US,D,20060615,000000,35.216,36.0559,35.1658,35.935,6985312.5294653,0
TGT.US,D,20060616,000000,35.6094,36.1739,35.5779,35.7225,7459275.1151355,0
TGT.US,D,20060619,000000,36.0716,36.1809,35.4166,35.636,5049086.9145518,0
TGT.US,D,20060620,000000,36.0067,36.0864,35.4982,35.5966,8383508.9186016,0
TGT.US,D,20060621,000000,35.5622,36.2045,35.5553,36.0147,6238684.1699247,0
TGT.US,D,20060622,000000,35.8336,36.05,35.7098,35.8534,4036817.5294629,0
TGT.US,D,20060623,000000,35.6202,36.1366,35.6202,35.7432,4105987.2542166,0
TGT.US,D,20060626,000000,35.7295,36.2389,35.689,35.935,2798584.8983165,0
TGT.US,D,20060627,000000,35.8189,35.992,35.1471,35.2023,5022637.0950642,0
TGT.US,D,20060628,000000,35.275,35.3164,34.983,35.1708,4088347.6017875,0
TGT.US,D,20060629,000000,35.2435,35.8818,35.1933,35.7953,3809481.666495,0
TGT.US,D,20060630,000000,35.7658,36.0432,35.4236,35.4708,4727234.6846374,0
TGT.US,D,20060703,000000,35.399,35.4934,35.1089,35.2957,2446009.4349331,0
TGT.US,D,20060705,000000,35.2023,35.2662,34.8089,35.036,4628311.7090315,0
TGT.US,D,20060706,000000,35.696,35.8534,35.2819,35.689,6234003.0378835,0
TGT.US,D,20060707,000000,35.5779,36.0353,35.5072,35.7225,4825750.9589365,0
TGT.US,D,20060710,000000,35.8681,36.0992,35.7658,36.0067,3924529.3321623,0
TGT.US,D,20060711,000000,36.0353,36.5733,35.7796,36.3913,5844079.1767436,0
TGT.US,D,20060712,000000,36.3913,36.5733,35.5464,35.5878,6161386.5195546,0
TGT.US,D,20060713,000000,35.2819,35.636,34.8836,35.2023,6102143.3569465,0
TGT.US,D,20060714,000000,35.0045,35.2278,34.3289,34.6496,6497983.7053472,0
TGT.US,D,20060717,000000,34.7892,35.456,34.4026,34.5138,9660864.1819555,0
TGT.US,D,20060718,000000,33.3149,33.4595,32.4415,33.0454,25377579.961364,0
TGT.US,D,20060719,000000,33.2273,33.6404,32.9952,33.1831,11178788.352047,0
TGT.US,D,20060720,000000,33.3867,33.9955,33.0248,33.7122,7537532.5805896,0
TGT.US,D,20060721,000000,33.7043,33.7043,33.2411,33.4447,6311984.9632023,0
TGT.US,D,20060724,000000,33.4221,33.8873,33.4074,33.5175,6684816.1851708,0
TGT.US,D,20060725,000000,33.5175,33.8931,33.3286,33.7703,5499355.082088,0
TGT.US,D,20060726,000000,33.6345,33.6345,33.2136,33.2942,5046881.5767158,0
TGT.US,D,20060727,000000,33.4958,33.8243,33.3149,33.4516,6157530.9911661,0
TGT.US,D,20060728,000000,33.5539,33.9955,33.4801,33.7201,5241157.7072071,0
TGT.US,D,20060731,000000,33.8587,33.9178,33.1044,33.3286,7059026.1245692,0
TGT.US,D,20060801,000000,33.0976,33.1831,32.9048,33.1309,4735775.4120801,0
TGT.US,D,20060802,000000,33.3582,33.3867,32.9824,33.2273,4214004.0710426,0
TGT.US,D,20060803,000000,32.8772,33.9738,32.7424,33.6729,7585068.8460816,0
TGT.US,D,20060804,000000,33.8587,34.4233,33.8587,34.2699,6773133.4074486,0
TGT.US,D,20060807,000000,34.0762,34.1873,33.6729,33.9266,3920258.9684408,0
TGT.US,D,20060808,000000,34.0023,34.0525,33.1684,33.3434,4571541.2903688,0
TGT.US,D,20060809,000000,33.6561,33.8243,32.7936,32.8634,6993992.5521056,0
TGT.US,D,20060810,000000,33.1684,34.6396,33.0248,34.6338,12756783.321906,0
TGT.US,D,20060811,000000,34.8029,35.1708,34.4301,35.1304,9503105.7618016,0
TGT.US,D,20060814,000000,35.1304,35.4236,34.9258,34.9593,5508587.2017523,0
TGT.US,D,20060815,000000,35.5622,35.5622,34.7655,35.3311,6656710.0746112,0
TGT.US,D,20060816,000000,35.5464,35.8465,34.8314,35.8268,5851660.0891023,0
TGT.US,D,20060817,000000,35.8268,36.5782,35.6674,36.1652,9162651.0141141,0
TGT.US,D,20060818,000000,36.4129,36.4936,35.9419,36.1454,4183972.2297952,0
TGT.US,D,20060821,000000,36.0284,36.0716,35.4482,35.4934,3830422.7167821,0
TGT.US,D,20060822,000000,35.5248,35.7737,35.1571,35.4314,4209320.9054948,0
TGT.US,D,20060823,000000,35.4314,35.5248,34.5138,34.5974,5869986.0499866,0
TGT.US,D,20060824,000000,34.4675,34.5552,33.8824,34.1047,9236777.4110444,0
TGT.US,D,20060825,000000,33.8931,34.1793,33.6404,34.0387,5018915.7781071,0
TGT.US,D,20060828,000000,34.256,34.8679,34.1716,34.6338,5879213.0858848,0
TGT.US,D,20060829,000000,34.8029,35.3842,34.7812,35.3616,5720488.7501271,0
TGT.US,D,20060830,000000,35.1786,35.7225,34.8531,35.2582,6230142.4257287,0
TGT.US,D,20060831,000000,35.0774,35.3479,34.5502,35.1216,7281954.3621246,0
TGT.US,D,20060901,000000,35.1658,35.7295,35.1658,35.5248,5359092.9521525,0
TGT.US,D,20060905,000000,35.7098,35.9419,35.4875,35.5377,4187000.1210244,0
TGT.US,D,20060906,000000,35.4236,35.4708,34.8836,35.0684,4665096.8254782,0
TGT.US,D,20060907,000000,34.8442,35.689,34.6653,35.3311,5501146.6013446,0
TGT.US,D,20060908,000000,34.8256,36.8407,34.8256,36.6952,8127095.9457043,0
TGT.US,D,20060911,000000,36.5782,37.3572,36.3048,37.1988,6661393.240159,0
TGT.US,D,20060912,000000,37.2342,38.2836,37.1584,38.1047,9082881.6365519,0
TGT.US,D,20060913,000000,37.9236,38.3672,37.785,38.3279,7854019.4035142,0
TGT.US,D,20060914,000000,38.2403,38.802,37.8577,38.6574,9401151.8447068,0
TGT.US,D,20060915,000000,38.8679,39.1412,38.5688,38.9298,9651638.1628107,0
TGT.US,D,20060918,000000,38.7941,38.8895,38.3977,38.8895,7318191.4485603,0
TGT.US,D,20060919,000000,39.2003,39.5484,39.0468,39.4736,11856529.644242,0
TGT.US,D,20060920,000000,39.6163,40.0638,39.5928,39.9359,10774271.031265,0
TGT.US,D,20060921,000000,40.1347,40.1672,39.3518,39.4736,10989204.537883,0
TGT.US,D,20060922,000000,39.2288,39.7943,39.0763,39.7943,6075552.2087547,0
TGT.US,D,20060925,000000,39.8445,40.9007,39.6448,40.5565,12564717.613017,0
TGT.US,D,20060926,000000,40.4651,41.1329,40.2329,40.6559,8873451.8153692,0
TGT.US,D,20060927,000000,40.5645,41.0729,40.4424,40.585,9351824.0599584,0
TGT.US,D,20060928,000000,40.768,40.885,40.1347,40.8182,6529534.5759753,0
TGT.US,D,20060929,000000,40.8535,40.9274,40.0775,40.0992,6016856.0594043,0
TGT.US,D,20061002,000000,39.7068,40.6814,39.63,40.5133,7432680.9166839,0
TGT.US,D,20061003,000000,40.7256,41.3492,40.4267,41.2322,9040576.5666187,0
TGT.US,D,20061004,000000,40.9991,41.9,40.824,41.8282,7919875.5293708,0
TGT.US,D,20061005,000000,41.9492,42.6425,41.7289,42.5866,15059636.947106,0
TGT.US,D,20061006,000000,42.4508,42.7499,42.1095,42.497,9688561.5577017,0
TGT.US,D,20061009,000000,42.3859,42.5541,42.022,42.5256,6374671.8691258,0
TGT.US,D,20061010,000000,42.5256,43.1245,42.2531,42.5658,10706893.842522,0
TGT.US,D,20061011,000000,42.3859,42.7144,42.1616,42.5039,5752176.8824464,0
TGT.US,D,20061012,000000,42.7282,43.3655,42.4212,43.2878,7995656.1838666,0
TGT.US,D,20061013,000000,42.8944,43.3723,42.8236,43.3163,6346703.0202572,0
TGT.US,D,20061016,000000,43.1462,43.3458,42.9524,43.0036,6251912.1299284,0
TGT.US,D,20061017,000000,42.6485,42.8157,41.7368,42.3004,8399351.9680081,0
TGT.US,D,20061018,000000,42.4823,42.736,42.1341,42.2344,6147196.7109604,0
TGT.US,D,20061019,000000,42.0938,42.3407,41.4496,41.6739,6346423.4131087,0
TGT.US,D,20061020,000000,41.8696,42.3092,41.6394,42.0938,5960502.509581,0
TGT.US,D,20061023,000000,41.9492,43.4402,41.9089,43.3458,8618284.3652241,0
TGT.US,D,20061024,000000,43.0783,43.3311,42.7144,42.8855,6021403.9967676,0
TGT.US,D,20061025,000000,42.8236,42.8796,41.9669,42.1469,10955447.312666,0
TGT.US,D,20061026,000000,42.1469,43.1865,42.1341,43.0184,5621292.2678924,0
TGT.US,D,20061027,000000,42.7499,42.8738,42.3859,42.5039,5760591.532484,0
TGT.US,D,20061030,000000,42.1685,42.9879,42.022,42.7213,5922068.2193352,0
TGT.US,D,20061031,000000,43.1098,43.7973,42.7852,42.9524,9976522.3509674,0
TGT.US,D,20061101,000000,43.0783,43.0783,41.7368,41.8764,9282105.2884405,0
TGT.US,D,20061102,000000,40.7169,41.4918,40.6814,41.3424,11615966.838024,0
TGT.US,D,20061103,000000,41.5499,41.9158,40.4561,40.6647,6972090.6699812,0
TGT.US,D,20061106,000000,40.831,41.5882,40.7758,41.5155,5543444.5540048,0
TGT.US,D,20061107,000000,41.4093,41.8627,41.1722,41.604,4751349.0218708,0
TGT.US,D,20061108,000000,41.4781,42.0938,41.305,41.8381,4507065.9154487,0
TGT.US,D,20061109,000000,41.7732,41.8223,40.9853,41.0571,6568114.2619381,0
TGT.US,D,20061110,000000,41.1497,42.1616,40.9706,42.0535,6349043.5862779,0
TGT.US,D,20061113,000000,42.0938,42.4212,41.4417,41.9236,6950042.3753865,0
TGT.US,D,20061114,000000,42.6338,42.9672,41.9944,42.9377,10725770.883677,0
TGT.US,D,20061115,000000,42.7557,43.2936,42.1902,42.2925,9255102.3551756,0
TGT.US,D,20061116,000000,42.4587,42.6564,41.8843,42.497,7299865.4876759,0
TGT.US,D,20061117,000000,42.3092,42.444,41.9,42.2531,5437491.746311,0
TGT.US,D,20061120,000000,42.1007,42.3938,41.9492,42.022,4110392.8461226,0
TGT.US,D,20061121,000000,42.0938,42.205,41.8282,41.8843,4527591.1136495,0
TGT.US,D,20061122,000000,42.0761,42.7282,41.8843,42.4016,3802592.1463579,0
TGT.US,D,20061124,000000,42.1253,42.1685,41.8696,41.8843,2147165.3146975,0
TGT.US,D,20061127,000000,41.9866,42.4587,41.3492,41.422,7149277.2115609,0
TGT.US,D,20061128,000000,41.1899,41.4781,40.9323,41.2676,5305500.9042024,0
TGT.US,D,20061129,000000,41.4417,42.0604,41.3355,41.9866,4513123.7314134,0
TGT.US,D,20061130,000000,42.0938,42.2768,41.1172,42.1616,9625733.3230742,0
TGT.US,D,20061201,000000,42.2768,42.5541,41.1722,41.5961,6938881.4747746,0
TGT.US,D,20061204,000000,41.7732,42.4154,41.6138,42.1184,4222544.7984853,0
TGT.US,D,20061205,000000,42.205,42.4823,41.9492,42.4085,4423294.5970276,0
TGT.US,D,20061206,000000,42.4587,42.5256,41.9944,42.1902,3605565.6982793,0
TGT.US,D,20061207,000000,42.4016,42.4587,41.8764,42.1469,4893260.3256053,0
TGT.US,D,20061208,000000,42.1685,42.444,42.0456,42.1902,2745403.6186862,0
TGT.US,D,20061211,000000,42.1902,42.4587,42.1184,42.3407,3583931.2222642,0
TGT.US,D,20061212,000000,42.2138,42.3702,41.604,41.8932,5566867.4990166,0
TGT.US,D,20061213,000000,42.2768,42.5344,41.845,42.4587,4675291.8104863,0
TGT.US,D,20061214,000000,42.4587,43.5031,42.2925,43.3655,7821504.6507889,0
TGT.US,D,20061215,000000,43.5406,43.5483,42.5944,42.6485,7269001.9422563,0
TGT.US,D,20061218,000000,42.858,42.9672,42.4212,42.497,3842134.6976647,0
TGT.US,D,20061219,000000,42.3486,42.618,42.1095,42.4508,4672536.4091327,0
TGT.US,D,20061220,000000,42.5344,42.5658,41.9236,41.9787,4119074.9022694,0
TGT.US,D,20061221,000000,41.9787,42.1341,41.6906,41.8932,4961460.0677424,0
TGT.US,D,20061222,000000,41.9,42.0004,41.5155,41.604,3138351.3040421,0
TGT.US,D,20061226,000000,41.604,41.6522,41.1447,41.4359,3264150.1187545,0
TGT.US,D,20061227,000000,41.4417,41.845,41.2598,41.7132,2883873.212612,0
TGT.US,D,20061228,000000,41.7289,41.9394,41.3424,41.4417,2368024.4593544,0
TGT.US,D,20061229,000000,41.5243,41.8696,41.305,41.4093,2580758.728655,0
TGT.US,D,20070103,000000,41.9866,42.3278,41.1899,41.5008,7563716.0107214,0
TGT.US,D,20070104,000000,41.4279,41.9708,41.0896,41.7948,4420950.9807471,0
TGT.US,D,20070105,000000,41.7368,42.1685,41.4781,41.5656,3917915.3521604,0
TGT.US,D,20070108,000000,41.5096,41.6739,41.3187,41.6267,3821878.9390795,0
TGT.US,D,20070109,000000,41.6975,42.4212,41.6975,42.2856,5176952.7886561,0
TGT.US,D,20070110,000000,42.0535,42.4154,41.9866,42.322,4485568.7011245,0
TGT.US,D,20070111,000000,42.3486,43.4816,42.2768,43.4117,6715678.7138371,0
TGT.US,D,20070112,000000,43.403,43.8819,43.1934,43.7736,6859246.3086436,0
TGT.US,D,20070116,000000,43.7058,44.2743,43.6065,44.1592,6076927.875925,0
TGT.US,D,20070117,000000,44.2221,44.2743,43.6065,43.811,6988623.0781025,0
TGT.US,D,20070118,000000,43.2366,44.711,43.2366,44.6441,8514539.945626,0
TGT.US,D,20070119,000000,44.9047,45.6935,44.6568,45.2548,7945917.6307984,0
TGT.US,D,20070122,000000,45.2548,45.3483,44.4837,44.6362,7364758.7481887,0
TGT.US,D,20070123,000000,44.5418,45.063,44.2673,44.584,5853177.0849766,0
TGT.US,D,20070124,000000,44.5418,44.942,44.3903,44.6225,5387891.471687,0
TGT.US,D,20070125,000000,44.5998,44.6362,43.9595,44.0441,4792682.0756807,0
TGT.US,D,20070126,000000,44.05,44.1709,43.5278,43.6862,4267052.1559948,0
TGT.US,D,20070129,000000,43.6862,43.9329,43.4816,43.5995,4225715.0351718,0
TGT.US,D,20070130,000000,43.9074,44.3323,43.4599,43.8651,6065775.1093393,0
TGT.US,D,20070131,000000,43.9074,44.704,43.8051,44.5329,4419846.7866993,0
TGT.US,D,20070201,000000,44.4837,45.1525,44.3234,44.8536,5315553.5437533,0
TGT.US,D,20070202,000000,44.9273,45.18,44.6225,45.0227,4514227.9254614,0
TGT.US,D,20070205,000000,45.0227,45.3483,44.8536,45.0846,4266079.1231182,0
TGT.US,D,20070206,000000,45.0846,45.6542,45.007,45.5154,4296532.9169713,0
TGT.US,D,20070207,000000,45.6807,45.8272,45.2607,45.5824,2560783.5939714,0
TGT.US,D,20070208,000000,45.7958,45.8696,45.0473,45.189,3936103.0346005,0
TGT.US,D,20070209,000000,45.1713,45.2873,44.3677,44.7582,6838578.7649854,0
TGT.US,D,20070212,000000,44.7395,45.2047,44.6441,44.8536,4026759.8061456,0
TGT.US,D,20070213,000000,45.0148,45.2548,44.8319,45.0916,3121640.9640991,0
TGT.US,D,20070214,000000,45.0699,45.4338,44.9273,45.3178,4497660.947729,0
TGT.US,D,20070215,000000,45.1574,45.7171,45.0552,45.484,2858798.0435412,0
TGT.US,D,20070216,000000,45.2873,45.6875,45.1073,45.659,4759616.2426848,0
TGT.US,D,20070220,000000,45.8341,46.9898,45.726,46.685,6469053.007888,0
TGT.US,D,20070221,000000,46.4517,46.5816,45.9944,46.1665,4202158.895482,0
TGT.US,D,20070222,000000,45.9857,46.0082,45.4928,45.8106,4057626.4018251,0
TGT.US,D,20070223,000000,45.8341,45.9777,45.5824,45.7958,4460213.9249056,0
TGT.US,D,20070226,000000,45.8106,46.0348,45.1643,45.4013,4714170.4219098,0
TGT.US,D,20070227,000000,44.7818,44.9991,43.1098,43.1098,8679738.9661878,0
TGT.US,D,20070228,000000,43.8592,44.8889,43.4599,44.6568,10750018.415588,0
TGT.US,D,20070301,000000,44.1307,44.5634,43.5483,44.1985,7361605.7963078,0
TGT.US,D,20070302,000000,43.9133,44.8752,43.7638,44.2929,7854019.4035142,0
TGT.US,D,20070305,000000,43.9133,44.3391,43.3792,43.394,6740774.2179732,0
TGT.US,D,20070306,000000,43.6939,44.2221,43.5918,44.0765,7636876.4920481,0
TGT.US,D,20070307,000000,43.8523,44.3391,43.7559,43.9821,5881832.2423005,0
TGT.US,D,20070308,000000,45.5057,45.726,44.6441,44.7729,6224077.4924911,0
TGT.US,D,20070309,000000,45.2548,45.3099,44.7651,44.9116,5674886.3493491,0
TGT.US,D,20070312,000000,44.5261,45.1958,44.4562,45.1643,4609020.8492968,0
TGT.US,D,20070313,000000,44.469,44.5703,43.5483,43.8897,10172030.786418,0
TGT.US,D,20070314,000000,44.1455,44.1985,42.3171,43.0409,14816598.346683,0
TGT.US,D,20070315,000000,42.9377,43.5346,42.7646,43.2445,10720530.537338,0
TGT.US,D,20070316,000000,43.4324,43.6714,43.0478,43.3792,7613730.1039249,0
TGT.US,D,20070319,000000,43.7638,44.0608,43.4402,43.8651,5254664.2576059,0
TGT.US,D,20070320,000000,43.8592,44.5123,43.811,44.3756,5127765.3158585,0
TGT.US,D,20070321,000000,44.2851,45.189,44.0353,44.704,7144281.9027602,0
TGT.US,D,20070322,000000,44.8536,44.8536,44.0835,44.4404,3951168.2677576,0
TGT.US,D,20070323,000000,44.4198,44.9559,44.3234,44.6441,3757208.3475322,0
TGT.US,D,20070326,000000,44.5565,44.8536,43.7559,44.6785,5006393.4448707,0
TGT.US,D,20070327,000000,44.4257,44.6785,43.6222,43.9389,5724601.5170921,0
TGT.US,D,20070328,000000,43.7559,43.7893,43.213,43.5111,6203686.5057215,0
TGT.US,D,20070329,000000,43.7638,43.9969,42.9377,43.3655,4803034.6574452,0
TGT.US,D,20070330,000000,43.3655,43.5483,42.684,43.0104,6946188.8805045,0
TGT.US,D,20070402,000000,43.1934,43.5199,42.7144,43.4964,6147330.9223916,0
TGT.US,D,20070403,000000,43.8592,44.5487,43.629,44.1455,6248473.4703795,0
TGT.US,D,20070404,000000,44.1455,44.4759,43.8218,43.9734,3393937.6565333,0
TGT.US,D,20070405,000000,43.9507,44.5634,43.8976,44.352,2601012.4537334,0
TGT.US,D,20070409,000000,44.4257,44.7463,44.2811,44.5487,3795158.6632228,0
TGT.US,D,20070410,000000,44.469,44.7582,43.9389,43.9507,5509547.0168363,0
TGT.US,D,20070411,000000,43.9133,43.9821,43.0331,43.3163,9216221.7102456,0
TGT.US,D,20070412,000000,43.636,43.8455,42.7714,43.5111,5974270.3655694,0
TGT.US,D,20070413,000000,43.9133,43.9133,42.6338,43.2936,7902855.0796812,0
TGT.US,D,20070416,000000,43.5111,43.8169,43.2809,43.6714,3710973.5262222,0
TGT.US,D,20070417,000000,43.5631,44.1779,43.5483,43.9901,6607384.3233694,0
TGT.US,D,20070418,000000,43.9192,44.2389,43.7274,44.1385,5535698.9276168,0
TGT.US,D,20070419,000000,43.9329,44.6225,43.8592,44.4641,7374305.0446125,0
TGT.US,D,20070420,000000,44.8476,45.1299,44.5771,45.0846,6957896.7943739,0
TGT.US,D,20070423,000000,45.007,45.18,44.5418,44.584,4990740.5283253,0
TGT.US,D,20070424,000000,43.5483,43.9074,43.1462,43.7893,12382331.39523,0
TGT.US,D,20070425,000000,43.8365,44.0196,43.5031,43.9262,5743068.8066806,0
TGT.US,D,20070426,000000,43.6222,44.7189,43.5838,44.2389,7577386.2583961,0
TGT.US,D,20070427,000000,44.0903,44.3835,43.7736,44.106,4411223.7022418,0
TGT.US,D,20070430,000000,43.9821,44.1307,43.0478,43.0901,9549701.5305216,0
TGT.US,D,20070501,000000,42.8993,43.4245,42.444,43.2878,10433550.910976,0
TGT.US,D,20070502,000000,42.675,43.4245,42.6672,42.7852,9228897.5732253,0
TGT.US,D,20070503,000000,42.9377,43.0901,42.3004,42.5176,13590821.95981,0
TGT.US,D,20070504,000000,42.5491,42.9377,42.3092,42.8068,6544347.654322,0
TGT.US,D,20070507,000000,42.3171,43.4187,42.3092,43.0783,7833074.2862141,0
TGT.US,D,20070508,000000,43.1098,43.1462,42.6632,42.6632,8702638.2832671,0
TGT.US,D,20070509,000000,42.675,43.1048,42.5344,42.9377,6144303.0311625,0
TGT.US,D,20070510,000000,43.0783,43.5483,42.5738,42.618,9913828.3277712,0
TGT.US,D,20070511,000000,42.6338,42.8472,41.9787,42.2768,8790234.6274786,0
TGT.US,D,20070514,000000,42.3938,42.4587,41.9158,42.082,8607534.2329321,0
TGT.US,D,20070515,000000,42.1007,42.3486,41.6267,41.7663,13215028.935575,0
TGT.US,D,20070516,000000,41.7663,41.9315,41.2253,41.5961,15669593.332497,0
TGT.US,D,20070517,000000,42.022,42.0938,41.7879,41.8696,11681397.961015,0
TGT.US,D,20070518,000000,42.0456,42.3859,41.9492,42.205,13615401.97004,0
TGT.US,D,20070521,000000,42.4212,42.675,42.0073,42.199,10171751.17927,0
TGT.US,D,20070522,000000,42.4154,42.8236,42.0073,42.1253,14895079.497856,0
TGT.US,D,20070523,000000,43.8051,44.0038,42.4587,42.5344,21314616.621641,0
TGT.US,D,20070524,000000,42.7144,43.7274,42.5413,43.6625,16380638.377952,0
TGT.US,D,20070525,000000,43.8897,44.1779,43.7058,44.0982,9954386.6155916,0
TGT.US,D,20070529,000000,44.0982,44.2673,43.874,44.1307,9147635.6018672,0
TGT.US,D,20070530,000000,43.7009,44.3677,43.6537,44.3323,7481873.4732477,0
TGT.US,D,20070531,000000,44.4936,45.4013,44.1385,45.3099,16322189.299646,0
TGT.US,D,20070601,000000,45.2952,46.3436,45.2744,46.2127,16452700.76575,0
TGT.US,D,20070604,000000,45.9285,46.3505,45.7958,46.3436,9456065.671904,0
TGT.US,D,20070605,000000,45.9561,46.4577,45.8783,46.4213,11435750.371708,0
TGT.US,D,20070606,000000,46.1263,46.5816,45.7958,46.5236,14461092.600383,0
TGT.US,D,20070607,000000,46.2344,46.3348,45.2744,45.3837,15213951.623945,0
TGT.US,D,20070608,000000,45.3925,46.0446,45.2175,45.9944,10202209.040137,0
TGT.US,D,20070611,000000,45.7958,45.9423,45.484,45.6807,7715837.5507631,0
TGT.US,D,20070612,000000,45.2607,45.8548,45.1447,45.3335,11536877.668397,0
TGT.US,D,20070613,000000,45.5892,46.1341,45.4771,46.0643,10568704.872499,0
TGT.US,D,20070614,000000,46.0888,46.379,45.9944,46.3348,9860331.8546281,0
TGT.US,D,20070615,000000,46.685,46.7784,46.2826,46.2954,11745747.258529,0
TGT.US,D,20070618,000000,46.321,46.5668,46.2669,46.436,13866972.147126,0
TGT.US,D,20070619,000000,46.2344,46.5541,45.8272,45.9512,18936753.040922,0
TGT.US,D,20070620,000000,46.1597,47.2288,45.9512,46.6308,27885830.96429,0
TGT.US,D,20070621,000000,46.4882,46.9435,46.205,46.7419,11114447.188559,0
TGT.US,D,20070622,000000,46.139,47.0488,46.0948,46.6435,14486955.753236,0
TGT.US,D,20070625,000000,46.3131,46.9819,46.0888,46.5668,19290028.030552,0
TGT.US,D,20070626,000000,46.4055,46.5896,45.5666,45.659,22631014.193694,0
TGT.US,D,20070627,000000,45.5824,46.379,45.2873,46.2669,13862302.199372,0
TGT.US,D,20070628,000000,46.1459,46.3721,45.9423,46.0888,11007706.397082,0
TGT.US,D,20070629,000000,46.6101,46.6435,45.9777,46.1597,10112958.43836,0
TGT.US,D,20070702,000000,45.9079,46.4803,45.8046,46.3348,9241637.4916608,0
TGT.US,D,20070703,000000,46.444,46.444,45.8046,45.9158,5481732.7144645,0
TGT.US,D,20070705,000000,45.7624,46.7567,45.726,46.6043,10702273.715677,0
TGT.US,D,20070706,000000,46.5973,49.5302,46.2826,49.426,41584404.368323,0
TGT.US,D,20070709,000000,49.0699,49.0699,48.2595,48.4238,16771632.880283,0
TGT.US,D,20070710,000000,47.9035,47.9959,46.9898,47.0399,21310416.413895,0
TGT.US,D,20070711,000000,46.9898,47.9497,46.973,47.6124,14949130.101529,0
TGT.US,D,20070712,000000,48.3666,51.155,47.6124,50.8333,45169721.42529,0
TGT.US,D,20070713,000000,50.6239,51.3497,50.0918,50.9041,26917314.505786,0
TGT.US,D,20070716,000000,51.2907,51.3133,49.8922,49.9993,14494116.746496,0
TGT.US,D,20070717,000000,50.1872,50.1872,49.6207,49.7308,10772471.377983,0
TGT.US,D,20070718,000000,49.9747,50.0082,49.2804,49.3679,11392897.271764,0
TGT.US,D,20070719,000000,49.3817,50.3996,49.3679,49.9993,12849236.696474,0
TGT.US,D,20070720,000000,49.6207,50.4567,48.2673,48.943,14196590.338495,0
TGT.US,D,20070723,000000,49.247,49.3896,48.3067,48.3893,10110167.450641,0
TGT.US,D,20070724,000000,48.2673,48.3893,46.9976,47.0321,15157652.978798,0
TGT.US,D,20070725,000000,47.1757,47.5336,46.379,46.7489,13294544.124821,0
TGT.US,D,20070726,000000,46.5374,46.675,44.6155,45.1574,18986912.529842,0
TGT.US,D,20070727,000000,45.2411,46.1548,44.584,45.0699,18290377.57026,0
TGT.US,D,20070730,000000,45.0699,45.7486,44.592,45.5931,12058514.798004,0
TGT.US,D,20070731,000000,46.0348,46.2256,43.9133,43.9595,14501703.759375,0
TGT.US,D,20070801,000000,43.9821,44.5565,42.8738,43.9389,15925945.300197,0
TGT.US,D,20070802,000000,43.9821,45.9857,43.6065,45.7958,15528826.89294,0
TGT.US,D,20070803,000000,45.781,45.9079,43.8651,43.9192,11727429.431671,0
TGT.US,D,20070806,000000,44.0539,44.9912,42.9789,44.704,17027000.63082,0
TGT.US,D,20070807,000000,44.3008,45.7958,43.9821,45.4771,15015824.032078,0
TGT.US,D,20070808,000000,45.5224,48.0913,45.4928,47.3311,18926717.686176,0
TGT.US,D,20070809,000000,46.4577,47.2691,44.9637,45.3758,19074279.087816,0
TGT.US,D,20070810,000000,45.007,45.726,43.7117,45.2607,16861535.220903,0
TGT.US,D,20070813,000000,46.2561,46.4517,45.6325,45.9217,10071586.747925,0
TGT.US,D,20070814,000000,45.5292,45.6542,43.5031,43.7058,12481497.374867,0
TGT.US,D,20070815,000000,43.5631,43.8819,42.0682,42.1764,15274567.403463,0
TGT.US,D,20070816,000000,41.845,43.9458,40.6894,43.3655,17729821.1591,0
TGT.US,D,20070817,000000,44.469,45.659,43.1787,44.4041,16177587.666767,0
TGT.US,D,20070820,000000,44.8889,44.9273,42.4587,42.8855,13903804.034224,0
TGT.US,D,20070821,000000,43.6939,43.874,42.3092,43.6222,13463044.543239,0
TGT.US,D,20070822,000000,44.5329,46.2954,44.4198,46.1459,11907648.948247,0
TGT.US,D,20070823,000000,46.1597,46.5089,44.8821,45.007,7859806.76311,0
TGT.US,D,20070824,000000,45.1221,45.8106,44.5771,45.7899,5714157.4275335,0
TGT.US,D,20070827,000000,45.5224,45.8106,45.0227,45.18,5005077.7661432,0
TGT.US,D,20070828,000000,44.9991,45.484,44.1523,44.3677,13095998.647361,0
TGT.US,D,20070829,000000,44.5771,46.5541,44.4336,46.3997,8197639.3041218,0
TGT.US,D,20070830,000000,45.7672,46.8137,45.6807,46.3131,10609897.614357,0
TGT.US,D,20070831,000000,46.9819,48.2595,46.7419,47.8504,10767654.001004,0
TGT.US,D,20070904,000000,47.5828,47.5907,46.5236,46.6248,7255085.6402909,0
TGT.US,D,20070905,000000,46.1263,46.4125,44.6568,44.9116,10748639.698159,0
TGT.US,D,20070906,000000,46.1459,46.7104,45.422,46.0082,8937931.2573023,0
TGT.US,D,20070907,000000,45.2952,45.5361,43.9734,44.2743,14583885.892439,0
TGT.US,D,20070910,000000,44.7651,44.8319,43.3655,43.874,8083694.8157493,0
TGT.US,D,20070911,000000,44.0038,44.9991,44.0038,44.8536,7406097.9025183,0
TGT.US,D,20070912,000000,44.6499,45.9423,44.1907,45.5224,10543347.046019,0
TGT.US,D,20070913,000000,46.5816,47.0546,46.2256,46.7567,13715288.827743,0
TGT.US,D,20070914,000000,46.1459,47.0822,45.9561,46.8216,7545915.711276,0
TGT.US,D,20070917,000000,46.5541,46.6907,46.0082,46.0219,5404922.0889092,0
TGT.US,D,20070918,000000,46.4282,48.8968,46.1745,48.825,11177606.88475,0
TGT.US,D,20070919,000000,48.9902,49.5666,47.8867,48.0313,11374469.635554,0
TGT.US,D,20070920,000000,47.9497,48.0225,47.0675,47.6054,7608820.2023986,0
TGT.US,D,20070921,000000,48.0412,48.1425,47.4658,47.6467,12359121.968404,0
TGT.US,D,20070924,000000,47.6124,47.7018,46.3721,46.6672,11527602.845096,0
TGT.US,D,20070925,000000,44.2743,45.1574,44.2743,44.5261,23071620.154934,0
TGT.US,D,20070926,000000,44.8821,45.5154,44.6499,45.3708,10970521.696602,0
TGT.US,D,20070927,000000,45.3621,45.544,44.7729,44.7818,10076689.832572,0
TGT.US,D,20070928,000000,45.6807,46.3505,45.3621,46.139,11848184.133427,0
TGT.US,D,20071001,000000,46.2904,47.2573,46.1597,47.1697,8782376.141478,0
TGT.US,D,20071002,000000,47.3232,47.4097,46.7784,47.4097,5536278.476979,0
TGT.US,D,20071003,000000,47.097,48.2447,46.9277,47.7018,7432554.8392788,0
TGT.US,D,20071004,000000,47.9035,47.9625,47.161,47.3163,4019322.2559976,0
TGT.US,D,20071005,000000,47.6763,49.718,47.3803,49.0434,10655614.908254,0
TGT.US,D,20071008,000000,48.8811,48.8811,47.9418,48.1267,4478469.7298144,0
TGT.US,D,20071009,000000,48.1995,48.3224,47.1697,47.7254,6880599.1440039,0
TGT.US,D,20071010,000000,47.0016,48.0313,46.9976,47.7353,10500305.84672,0
TGT.US,D,20071011,000000,46.8137,48.4896,46.6515,46.8993,14057232.102212,0
TGT.US,D,20071012,000000,47.1757,47.2484,46.3131,46.5757,7018519.6911653,0
TGT.US,D,20071015,000000,46.56,46.7045,45.6384,46.197,10052297.921697,0
TGT.US,D,20071016,000000,46.1745,46.4517,45.6001,46.205,7525548.1098316,0
TGT.US,D,20071017,000000,46.6672,46.8009,45.4338,46.0259,10530694.568365,0
TGT.US,D,20071018,000000,45.6679,45.781,45.3621,45.4771,8671194.1717319,0
TGT.US,D,20071019,000000,45.2744,45.7672,44.0196,44.106,13531042.968231,0
TGT.US,D,20071022,000000,43.9133,44.9696,43.5483,44.6707,10831912.807479,0
TGT.US,D,20071023,000000,44.7818,45.2744,43.577,44.5329,11516491.765393,0
TGT.US,D,20071024,000000,44.2389,44.9352,43.8051,44.7818,12053978.044926,0
TGT.US,D,20071025,000000,44.9991,45.8696,44.4641,45.2243,12281993.099076,0
TGT.US,D,20071026,000000,45.7171,45.8046,44.8476,45.7486,8658518.3087523,0
TGT.US,D,20071029,000000,45.8106,46.3505,45.2175,45.3571,11199178.322063,0
TGT.US,D,20071030,000000,45.6542,45.902,45.3925,45.6158,8064688.6469294,0
TGT.US,D,20071031,000000,45.6158,45.6875,43.8051,44.5329,17356104.345036,0
TGT.US,D,20071101,000000,44.1227,44.1227,42.2925,42.4361,20298097.207896,0
TGT.US,D,20071102,000000,42.5658,43.2366,41.5795,43.0646,17452882.988001,0
TGT.US,D,20071105,000000,42.4587,42.7144,41.7368,42.0309,14585500.496628,0
TGT.US,D,20071106,000000,42.0682,42.7774,41.5578,42.7774,14026333.987183,0
TGT.US,D,20071107,000000,42.0938,43.577,42.0387,42.6907,15133885.354428,0
TGT.US,D,20071108,000000,43.4727,44.0126,41.5578,42.6023,14723667.09808,0
TGT.US,D,20071109,000000,42.0938,42.0938,40.348,40.7828,17663549.181156,0
TGT.US,D,20071112,000000,40.6432,42.022,40.6372,41.1034,13783382.827541,0
TGT.US,D,20071113,000000,42.2413,43.2809,42.0073,43.2554,12645735.563591,0
TGT.US,D,20071114,000000,43.1393,43.3723,41.008,41.2027,15256545.451806,0
TGT.US,D,20071115,000000,40.948,41.008,39.6448,39.9192,16975981.98539,0
TGT.US,D,20071116,000000,39.8189,39.8405,38.6328,39.1078,18722562.780942,0
TGT.US,D,20071119,000000,39.1944,39.337,38.4026,39.1206,12431329.75192,0
TGT.US,D,20071120,000000,37.8449,39.3193,36.472,37.5175,35936420.293665,0
TGT.US,D,20071121,000000,37.1988,39.6005,36.9952,39.2652,33622453.555258,0
TGT.US,D,20071123,000000,39.1777,41.4918,39.1698,41.4918,18711987.530212,0
TGT.US,D,20071126,000000,41.4781,41.6522,39.9192,40.0775,18053509.645414,0
TGT.US,D,20071127,000000,40.3402,41.3935,40.1297,41.3709,18685400.449035,0
TGT.US,D,20071128,000000,41.4781,43.629,41.3788,43.2445,23096527.559716,0
TGT.US,D,20071129,000000,42.8236,43.5346,42.261,43.1393,13714143.963564,0
TGT.US,D,20071130,000000,44.0126,44.2743,43.3655,43.5278,16673430.782743,0
TGT.US,D,20071203,000000,43.5483,43.7638,43.0556,43.1992,10139550.603304,0
TGT.US,D,20071204,000000,42.858,43.6487,42.4823,43.1315,22357450.626689,0
TGT.US,D,20071205,000000,43.4442,43.9074,42.9524,43.6428,9359890.9803788,0
TGT.US,D,20071206,000000,40.6047,41.6906,40.0431,40.3323,30620463.098865,0
TGT.US,D,20071207,000000,40.357,40.8535,39.7707,40.2881,12104819.775289,0
TGT.US,D,20071210,000000,40.4858,40.6432,39.6635,40.357,10001078.975872,0
TGT.US,D,20071211,000000,40.5006,40.5006,38.2403,38.495,20831404.631501,0
TGT.US,D,20071212,000000,39.3744,39.4107,38.1577,38.5954,18348380.293882,0
TGT.US,D,20071213,000000,38.4823,39.1698,37.306,38.1047,15123970.993322,0
TGT.US,D,20071214,000000,38.0535,38.0595,37.3778,37.4231,10590404.420722,0
TGT.US,D,20071217,000000,37.3345,38.1774,37.009,37.6826,13416717.197382,0
TGT.US,D,20071218,000000,38.0299,38.7567,37.3207,38.4754,18721074.254161,0
TGT.US,D,20071219,000000,38.4311,38.6406,37.3935,37.4309,16577608.9046,0
TGT.US,D,20071220,000000,37.778,37.778,35.456,36.4434,25568290.338149,0
TGT.US,D,20071221,000000,36.71,37.2903,36.2045,36.7848,16534914.418166,0
TGT.US,D,20071224,000000,37.0297,38.2679,36.8192,38.082,8312984.8784962,0
TGT.US,D,20071226,000000,36.9952,37.54,36.5841,37.1289,13347577.975228,0
TGT.US,D,20071227,000000,37.0158,37.3345,36.6824,36.7572,12171823.815585,0
TGT.US,D,20071228,000000,37.1212,37.4791,36.7925,36.825,10182263.391297,0
TGT.US,D,20071231,000000,36.833,36.948,36.1809,36.291,13543950.650955,0
TGT.US,D,20080102,000000,36.3274,36.5231,35.5701,35.935,15263881.326626,0
TGT.US,D,20080103,000000,35.9832,36.5998,35.7796,35.9762,16995389.771749,0
TGT.US,D,20080104,000000,35.6035,35.7432,34.5817,34.8964,21360292.228654,0
TGT.US,D,20080107,000000,35.0429,35.8268,34.2925,35.5553,16687924.600564,0
TGT.US,D,20080108,000000,35.7953,36.7169,35.3616,35.5248,20959259.321318,0
TGT.US,D,20080109,000000,35.6428,36.2822,34.7577,36.232,17837813.573848,0
TGT.US,D,20080110,000000,35.8406,38.0977,35.456,37.4151,25396095.038357,0
TGT.US,D,20080111,000000,37.1407,37.1407,35.9271,36.2556,21967937.533869,0
TGT.US,D,20080114,000000,36.472,36.6756,35.9271,36.6461,13269232.052239,0
TGT.US,D,20080115,000000,36.2596,36.5083,35.7737,36.1966,17929022.442416,0
TGT.US,D,20080116,000000,35.9566,36.8487,35.6517,36.4199,21831608.20557,0
TGT.US,D,20080117,000000,36.7483,36.7995,36.1218,36.2457,18281330.49969,0
TGT.US,D,20080118,000000,36.5733,37.1407,36.2261,36.3618,26397532.950893,0
TGT.US,D,20080122,000000,34.1194,39.2092,34.1194,39.0704,38107647.074426,0
TGT.US,D,20080123,000000,38.4311,40.768,38.2473,39.4736,35190104.077378,0
TGT.US,D,20080124,000000,39.2416,39.4304,37.7987,38.4754,23524759.633696,0
TGT.US,D,20080125,000000,38.7075,38.9229,37.2903,37.4516,15442910.225126,0
TGT.US,D,20080128,000000,37.4309,38.8354,37.1899,38.8078,14939876.630046,0
TGT.US,D,20080129,000000,39.1138,39.1206,37.9001,38.321,15734644.189766,0
TGT.US,D,20080130,000000,38.2345,38.8816,37.7476,38.018,14351925.835613,0
TGT.US,D,20080131,000000,37.4841,40.8702,37.3778,40.2251,27219760.982847,0
TGT.US,D,20080201,000000,40.1749,41.5096,39.8032,41.4093,18414783.432996,0
TGT.US,D,20080204,000000,41.4918,41.604,39.2288,39.2288,14187286.029347,0
TGT.US,D,20080205,000000,38.9603,39.5543,38.2836,38.2836,15038176.335899,0
TGT.US,D,20080206,000000,38.4754,38.6938,36.833,37.0158,19567539.650494,0
TGT.US,D,20080207,000000,36.9185,39.6576,36.6756,39.2652,26752606.577052,0
TGT.US,D,20080208,000000,38.976,39.3675,37.7398,38.1047,14387364.770734,0
TGT.US,D,20080211,000000,38.1735,39.4107,37.6886,39.332,10361857.604613,0
TGT.US,D,20080212,000000,39.4914,39.81,38.8679,39.1265,10763028.790393,0
TGT.US,D,20080213,000000,39.398,39.7068,38.9091,39.5603,9686153.8859655,0
TGT.US,D,20080214,000000,39.6517,39.6517,38.4026,38.5688,8811869.1034939,0
TGT.US,D,20080215,000000,38.3977,38.562,37.9236,38.5177,10812325.055789,0
TGT.US,D,20080219,000000,38.9819,39.215,37.6679,37.9001,10545624.573337,0
TGT.US,D,20080220,000000,37.6759,39.0999,37.5597,38.7567,12555631.905824,0
TGT.US,D,20080221,000000,38.2473,38.7567,37.0158,37.2765,19256579.898328,0
TGT.US,D,20080222,000000,37.3572,37.8382,36.7611,37.7919,21448644.020543,0
TGT.US,D,20080225,000000,37.3207,38.802,37.3207,38.6495,16761874.082426,0
TGT.US,D,20080226,000000,38.3889,40.2683,38.3889,39.8405,20357774.524149,0
TGT.US,D,20080227,000000,39.5218,39.9429,39.2652,39.7943,14642083.832688,0
TGT.US,D,20080228,000000,39.576,39.6163,38.6938,39.0616,10555083.42898,0
TGT.US,D,20080229,000000,38.7075,39.4107,37.9955,38.1853,11184151.72553,0
TGT.US,D,20080303,000000,38.0535,38.7075,37.6679,38.4026,9557454.2741823,0
TGT.US,D,20080304,000000,37.9738,38.6495,37.8577,38.5098,11184558.426838,0
TGT.US,D,20080305,000000,38.4675,38.8984,37.9601,38.321,17092937.080186,0
TGT.US,D,20080306,000000,38.2088,38.6121,37.7338,37.9374,14186419.755564,0
TGT.US,D,20080307,000000,37.6621,38.5757,37.5018,37.7398,14454804.99818,0
TGT.US,D,20080310,000000,37.8519,38.1047,37.1064,37.1831,12314224.177641,0
TGT.US,D,20080311,000000,37.9443,38.0662,36.291,37.4369,26677310.913865,0
TGT.US,D,20080312,000000,37.4436,37.9601,36.9726,37.0827,15513596.945755,0
TGT.US,D,20080313,000000,36.825,37.0158,35.935,36.6952,24036454.949858,0
TGT.US,D,20080314,000000,37.0297,37.1988,35.6202,36.1652,15980722.882457,0
TGT.US,D,20080317,000000,35.3536,36.0432,34.6269,35.2023,21279909.748871,0
TGT.US,D,20080318,000000,35.8042,37.1349,35.7511,37.009,18325408.787321,0
TGT.US,D,20080319,000000,37.2638,37.8941,36.3195,36.3913,17866947.62196,0
TGT.US,D,20080320,000000,36.4346,38.2403,36.3913,37.9955,15783659.831261,0
TGT.US,D,20080324,000000,37.9955,39.2219,37.7987,38.9298,11588786.98969,0
TGT.US,D,20080325,000000,38.8895,39.0852,38.4675,38.7872,12201686.875789,0
TGT.US,D,20080326,000000,38.5177,38.7154,37.6826,38.0535,16553811.794388,0
TGT.US,D,20080327,000000,38.1174,38.4675,36.8487,37.0021,16613331.513884,0
TGT.US,D,20080328,000000,36.3274,36.6687,35.9202,36.0648,18421841.734176,0
TGT.US,D,20080331,000000,36.115,37.0523,35.7225,36.7848,16478439.874705,0
TGT.US,D,20080401,000000,37.0611,38.7725,37.0611,38.6574,15033419.964117,0
TGT.US,D,20080402,000000,38.6328,39.2967,38.3417,38.7941,15912433.666033,0
TGT.US,D,20080403,000000,38.6328,38.7872,38.1047,38.6495,7790926.8130372,0
TGT.US,D,20080404,000000,38.1499,38.7567,38.0742,38.2276,9647875.1589696,0
TGT.US,D,20080407,000000,38.5817,38.6259,38.1047,38.2984,8276915.5563495,0
TGT.US,D,20080408,000000,38.1047,38.7941,37.6759,38.6574,10267802.84365,0
TGT.US,D,20080409,000000,38.5393,38.6711,37.5872,37.9876,11290255.012708,0
TGT.US,D,20080410,000000,38.082,38.976,37.7703,38.5817,15951801.335778,0
TGT.US,D,20080411,000000,38.0456,38.4381,37.547,37.7191,11695453.558178,0
TGT.US,D,20080414,000000,37.7623,37.9601,37.5872,37.7122,7624986.5793438,0
TGT.US,D,20080415,000000,37.9443,38.1774,37.547,38.1331,11072586.439802,0
TGT.US,D,20080416,000000,38.4164,38.9524,38.2088,38.9229,8936625.7461076,0
TGT.US,D,20080417,000000,38.7075,38.9603,38.3889,38.7645,7489743.1435343,0
TGT.US,D,20080418,000000,39.5484,39.9911,39.1354,39.63,13075593.426046,0
TGT.US,D,20080421,000000,39.5543,39.7324,39.215,39.5928,11311585.479496,0
TGT.US,D,20080422,000000,39.281,39.3193,37.8647,38.2021,17823818.98188,0
TGT.US,D,20080423,000000,38.321,38.321,37.5952,38.018,21269669.009966,0
TGT.US,D,20080424,000000,37.9955,39.162,37.9955,38.3977,16146001.209774,0
TGT.US,D,20080425,000000,38.502,39.2416,38.3751,39.1777,15635183.351683,0
TGT.US,D,20080428,000000,39.5484,39.5484,38.8747,39.1462,8650041.6367654,0
TGT.US,D,20080429,000000,39.1462,39.5416,38.9229,39.2652,12939210.209823,0
TGT.US,D,20080430,000000,39.2092,39.4649,38.3377,38.562,12823546.391676,0
TGT.US,D,20080501,000000,38.4381,39.7776,38.2276,39.2741,13868132.262605,0
TGT.US,D,20080502,000000,39.6694,39.9192,39.1265,39.1265,12215674.350483,0
TGT.US,D,20080505,000000,39.0134,39.2741,38.5393,38.6043,13427184.672266,0
TGT.US,D,20080506,000000,38.6495,38.9298,38.3082,38.7872,11512317.993232,0
TGT.US,D,20080507,000000,38.5817,39.4107,38.5177,39.0134,8820425.0822355,0
TGT.US,D,20080508,000000,38.859,38.9357,37.2705,37.9876,21073717.270091,0
TGT.US,D,20080509,000000,37.9236,38.3485,37.604,37.9168,9082788.0952514,0
TGT.US,D,20080512,000000,38.0103,38.9032,38.0103,38.8177,10441254.85048,0
TGT.US,D,20080513,000000,38.802,39.0341,38.3279,38.6495,7200760.5132353,0
TGT.US,D,20080514,000000,38.9819,39.3891,38.6495,39.0852,8926144.0366781,0
TGT.US,D,20080515,000000,39.0272,40.0186,38.6406,39.9911,11984019.319637,0
TGT.US,D,20080516,000000,39.9025,39.9644,39.4992,39.8336,14197329.51812,0
TGT.US,D,20080519,000000,39.3675,40.4424,39.3193,39.8602,13108024.805002,0
TGT.US,D,20080520,000000,39.6232,40.3637,39.2475,39.4058,18874415.898122,0
TGT.US,D,20080521,000000,39.3675,39.5416,38.2836,38.3751,11696344.23404,0
TGT.US,D,20080522,000000,38.3485,38.8226,37.9502,38.4754,10727813.54099,0
TGT.US,D,20080523,000000,38.4311,38.4311,37.4713,37.7703,10132294.035237,0
TGT.US,D,20080527,000000,37.7191,38.7075,37.5018,37.8519,12858361.040293,0
TGT.US,D,20080528,000000,37.8205,38.2836,37.6109,37.9738,16117683.614535,0
TGT.US,D,20080529,000000,37.9798,39.2288,37.8519,39.0134,12562711.558822,0
TGT.US,D,20080530,000000,39.0852,39.1944,38.6574,38.7292,8821810.9169385,0
TGT.US,D,20080602,000000,38.859,38.9298,37.8292,38.3377,9058025.0694337,0
TGT.US,D,20080603,000000,38.4675,39.9644,38.1735,39.9192,26239501.02411,0
TGT.US,D,20080604,000000,39.8602,39.8602,39.162,39.337,16319829.415313,0
TGT.US,D,20080605,000000,39.2652,39.9192,38.8679,39.6517,15377228.980832,0
TGT.US,D,20080606,000000,39.0547,39.3586,38.0299,38.1174,17710373.719362,0
TGT.US,D,20080609,000000,38.2473,38.736,37.6826,38.0662,12704626.929569,0
TGT.US,D,20080610,000000,37.7623,38.8078,37.5725,38.6043,12827024.704603,0
TGT.US,D,20080611,000000,38.3132,38.5236,37.4064,37.4575,12887835.70075,0
TGT.US,D,20080612,000000,37.7191,38.3977,37.4575,37.8941,12148405.954339,0
TGT.US,D,20080613,000000,38.2276,38.859,38.0456,38.859,13018838.258683,0
TGT.US,D,20080616,000000,38.679,38.679,38.1085,38.5325,8962636.3281839,0
TGT.US,D,20080617,000000,38.6574,38.7793,37.9374,38.0662,9043027.9587455,0
TGT.US,D,20080618,000000,37.9601,38.0299,36.7768,36.9057,14979522.890186,0
TGT.US,D,20080619,000000,36.9057,37.7919,36.8712,37.5952,13587800.169101,0
TGT.US,D,20080620,000000,37.2765,37.54,36.2389,36.2733,20789192.086115,0
TGT.US,D,20080623,000000,36.4129,36.531,35.1146,35.3773,21510478.887229,0
TGT.US,D,20080624,000000,35.1786,36.1592,34.6496,35.689,19569300.667152,0
TGT.US,D,20080625,000000,35.5966,36.6687,35.5464,36.2045,17173038.936066,0
TGT.US,D,20080626,000000,35.7864,35.8976,34.5422,34.5767,17805235.782419,0
TGT.US,D,20080627,000000,34.5502,34.975,34.1548,34.742,16652371.789077,0
TGT.US,D,20080630,000000,34.7293,35.2278,33.6345,33.7408,16976962.135539,0
TGT.US,D,20080701,000000,33.3503,34.5502,33.0385,34.498,18152913.545315,0
TGT.US,D,20080702,000000,34.6918,34.983,33.8066,33.8873,16208526.451928,0
TGT.US,D,20080703,000000,34.2797,34.5904,33.5391,34.0387,7099217.3644603,0
TGT.US,D,20080707,000000,34.498,35.0202,33.6561,34.2365,14757808.656033,0
TGT.US,D,20080708,000000,34.2365,35.3389,34.2365,35.3222,15031386.457582,0
TGT.US,D,20080709,000000,35.2957,35.7432,34.2208,34.3457,12445981.166497,0
TGT.US,D,20080710,000000,34.4164,34.4164,32.3206,32.5801,20355908.781904,0
TGT.US,D,20080711,000000,32.2596,32.8398,31.2819,32.475,20127984.218794,0
TGT.US,D,20080714,000000,32.8034,32.8398,31.5926,31.8788,15283885.947155,0
TGT.US,D,20080715,000000,31.4639,32.3411,30.7154,31.701,18676829.218993,0
TGT.US,D,20080716,000000,31.6813,33.5539,31.5721,33.5175,19595740.319107,0
TGT.US,D,20080717,000000,33.5115,34.6918,32.7877,34.5285,19384850.440233,0
TGT.US,D,20080718,000000,34.5767,34.7655,33.7043,34.0171,13080357.931855,0
TGT.US,D,20080721,000000,34.0839,34.3289,33.067,33.1388,11007220.38902,0
TGT.US,D,20080722,000000,32.8398,33.4633,32.2182,33.3582,20070549.860249,0
TGT.US,D,20080723,000000,32.4808,33.9591,32.0147,33.546,20443234.669746,0
TGT.US,D,20080724,000000,33.546,33.8587,32.5242,32.5752,14250768.036326,0
TGT.US,D,20080725,000000,32.6835,33.6198,32.2979,32.3471,9934053.5837583,0
TGT.US,D,20080728,000000,32.6598,32.9746,31.8721,31.9045,9892992.0030706,0
TGT.US,D,20080729,000000,31.9872,33.2204,31.935,33.1516,10152132.924983,0
TGT.US,D,20080730,000000,33.3867,34.2208,32.8034,33.307,14484445.389419,0
TGT.US,D,20080731,000000,32.9205,33.7122,32.7061,32.8241,8841849.0903244,0
TGT.US,D,20080801,000000,33.0385,33.248,32.3471,32.4258,10177420.595487,0
TGT.US,D,20080804,000000,32.3274,33.0169,32.1248,32.6658,7505171.3576077,0
TGT.US,D,20080805,000000,32.9205,35.1216,32.8546,34.8314,20880497.546244,0
TGT.US,D,20080806,000000,34.6181,34.9171,33.8824,34.8442,13034755.531077,0
TGT.US,D,20080807,000000,34.1115,34.1873,33.1388,33.2136,13760510.962799,0
TGT.US,D,20080808,000000,33.3798,35.4875,33.2411,35.3773,16333107.196227,0
TGT.US,D,20080811,000000,35.2957,38.562,34.8836,37.1831,37172766.847501,0
TGT.US,D,20080812,000000,37.0827,37.0916,35.6094,35.8268,23256210.693804,0
TGT.US,D,20080813,000000,35.4393,35.5553,34.5767,34.8895,14831167.404246,0
TGT.US,D,20080814,000000,34.6721,36.6234,34.5285,36.0353,16267814.351679,0
TGT.US,D,20080815,000000,36.2114,37.306,35.8189,37.306,15303903.785475,0
TGT.US,D,20080818,000000,37.4516,37.4791,36.1739,36.3274,15258922.620944,0
TGT.US,D,20080819,000000,36.2182,37.0158,35.6094,36.0864,17736881.493786,0
TGT.US,D,20080820,000000,36.5841,36.8929,35.8465,36.352,13519558.74008,0
TGT.US,D,20080821,000000,35.9419,37.1122,35.8534,37.0611,11586162.749508,0
TGT.US,D,20080822,000000,37.2263,38.3132,37.2046,38.2197,17507588.380779,0
TGT.US,D,20080825,000000,37.9502,38.1174,37.5725,37.6474,12869397.897005,0
TGT.US,D,20080826,000000,37.604,38.4439,37.5952,38.4311,12250344.620134,0
TGT.US,D,20080827,000000,38.1853,38.5236,37.6344,38.3584,10458506.103161,0
TGT.US,D,20080828,000000,38.5236,39.1265,38.3584,39.1078,9519179.6141995,0
TGT.US,D,20080829,000000,38.7645,39.0341,38.4381,38.4823,8302325.237245,0
TGT.US,D,20080902,000000,39.9104,40.2753,39.1944,39.9497,17797127.175115,0
TGT.US,D,20080903,000000,39.9192,40.3235,39.281,39.9272,13031218.246461,0
TGT.US,D,20080904,000000,39.2356,40.5231,38.9819,39.0704,21728664.987547,0
TGT.US,D,20080905,000000,38.5688,40.0825,37.8135,39.9429,21433239.191795,0
TGT.US,D,20080908,000000,40.6814,42.0938,40.3323,42.0151,27758072.866032,0
TGT.US,D,20080909,000000,42.1341,42.9789,40.7758,40.8053,32727620.18926,0
TGT.US,D,20080910,000000,41.008,41.7663,40.4936,41.1811,17714724.406592,0
TGT.US,D,20080911,000000,41.1811,41.8282,40.3402,41.8282,17546780.152209,0
TGT.US,D,20080912,000000,41.5155,41.6138,40.8457,41.5578,13497548.065356,0
TGT.US,D,20080915,000000,40.3825,41.9089,40.107,40.2094,19857257.393404,0
TGT.US,D,20080916,000000,39.6576,42.6672,39.2652,42.0004,28893071.48772,0
TGT.US,D,20080917,000000,40.9391,41.9158,38.4381,38.8984,28598880.030435,0
TGT.US,D,20080918,000000,38.7793,40.8535,38.024,40.3008,30766505.471123,0
TGT.US,D,20080919,000000,42.8236,43.2199,38.2088,38.6997,32101338.813414,0
TGT.US,D,20080922,000000,38.3377,38.4607,36.0716,36.1454,29052585.840766,0
TGT.US,D,20080923,000000,36.3382,36.9136,35.7225,35.935,19442572.539953,0
TGT.US,D,20080924,000000,35.8189,37.0425,35.4934,35.7511,11651559.302888,0
TGT.US,D,20080925,000000,36.1809,37.1584,35.8042,36.4484,13837057.232504,0
TGT.US,D,20080926,000000,35.759,37.4516,35.5553,37.3572,13408515.048778,0
TGT.US,D,20080929,000000,36.7925,36.8712,33.8372,34.3682,21836019.897995,0
TGT.US,D,20080930,000000,35.2662,36.0353,34.6121,35.6035,15940752.278025,0
TGT.US,D,20081001,000000,35.2091,35.4619,33.8735,34.2866,19667553.602355,0
TGT.US,D,20081002,000000,33.9955,34.5552,32.2979,32.4415,20253583.749867,0
TGT.US,D,20081003,000000,33.2057,33.2057,31.5721,31.689,28721663.154958,0
TGT.US,D,20081006,000000,30.8413,31.3724,27.8346,30.738,32761158.812525,0
TGT.US,D,20081007,000000,31.456,31.5642,28.8988,28.9283,34436792.598614,0
TGT.US,D,20081008,000000,27.2987,31.0488,27.1452,29.9758,42034035.031561,0
TGT.US,D,20081009,000000,30.5895,30.7321,26.8699,27.2386,24695025.359203,0
TGT.US,D,20081010,000000,25.7811,28.1189,25.4015,26.8521,36188295.496732,0
TGT.US,D,20081013,000000,28.6393,29.6502,27.217,29.6188,21046839.397479,0
TGT.US,D,20081014,000000,30.6888,30.978,28.2114,28.8733,19852978.895657,0
TGT.US,D,20081015,000000,28.2979,28.3431,25.6572,25.9257,20599486.261559,0
TGT.US,D,20081016,000000,26.7115,27.7442,24.649,27.5141,31545551.99183,0
TGT.US,D,20081017,000000,26.802,28.9215,26.5138,28.5763,21666791.484237,0
TGT.US,D,20081020,000000,28.9283,28.9854,26.8699,27.6301,18274933.088134,0
TGT.US,D,20081021,000000,27.1581,28.4671,27.1581,27.3665,12124117.752297,0
TGT.US,D,20081022,000000,27.0635,27.0635,23.5072,24.2478,25225467.572102,0
TGT.US,D,20081023,000000,24.2861,24.7041,23.106,24.6244,22603925.853154,0
TGT.US,D,20081024,000000,22.1018,24.4966,22.1018,23.8947,17916287.607747,0
TGT.US,D,20081027,000000,23.5151,25.3138,23.2396,23.7256,14697440.964311,0
TGT.US,D,20081028,000000,25.4378,28.1396,24.3638,27.9488,33329959.059175,0
TGT.US,D,20081029,000000,27.6458,31.753,26.4941,29.5539,42041084.181961,0
TGT.US,D,20081030,000000,30.0486,30.4401,27.4855,27.8642,24452324.320865,0
TGT.US,D,20081031,000000,27.5514,29.5618,27.4501,29.1182,20784294.385627,0
TGT.US,D,20081103,000000,29.1033,29.4889,28.4218,28.5379,8687838.4227127,0
TGT.US,D,20081104,000000,29.3011,30.6426,29.0316,30.0131,16658396.052184,0
TGT.US,D,20081105,000000,29.5913,29.9925,27.2308,27.3961,15320875.431008,0
TGT.US,D,20081106,000000,26.9348,28.3835,25.4092,25.7437,23405154.879886,0
TGT.US,D,20081107,000000,25.9482,26.7892,25.0671,26.5069,12121319.647307,0
TGT.US,D,20081110,000000,26.7115,27.5141,25.9954,26.3388,9768671.5476084,0
TGT.US,D,20081111,000000,25.4732,26.7115,25.0611,26.0181,10079834.650427,0
TGT.US,D,20081112,000000,25.3463,25.6857,24.0737,24.1554,14088079.37958,0
TGT.US,D,20081113,000000,24.3638,25.6768,22.5188,25.6415,18560847.157073,0
TGT.US,D,20081114,000000,24.832,26.3388,23.5937,23.9714,15946232.578135,0
TGT.US,D,20081117,000000,23.4069,25.2194,22.9671,22.9918,25772983.10586,0
TGT.US,D,20081118,000000,22.8984,23.6684,21.5047,21.8194,27990192.553121,0
TGT.US,D,20081119,000000,21.6296,22.0201,18.5826,19.5652,54795511.686547,0
TGT.US,D,20081120,000000,19.8967,21.8194,19.2111,20.3235,35008083.890768,0
TGT.US,D,20081121,000000,20.7818,20.9077,18.9416,20.3806,30585713.52246,0
TGT.US,D,20081124,000000,20.5045,23.1914,19.9036,22.0939,26945477.554529,0
TGT.US,D,20081125,000000,22.9869,23.4304,22.1362,23.2328,22272043.352261,0
TGT.US,D,20081126,000000,22.5571,25.5991,22.5571,25.4979,20473861.311656,0
TGT.US,D,20081128,000000,25.4015,25.6355,24.2045,24.5025,7224186.5085069,0
TGT.US,D,20081201,000000,24.1464,24.2192,21.311,21.4408,19643217.612909,0
TGT.US,D,20081202,000000,21.7732,22.8984,20.7818,22.8847,20149993.876764,0
TGT.US,D,20081203,000000,22.3181,25.1821,22.029,25.0258,25558446.133017,0
TGT.US,D,20081204,000000,24.2321,25.9629,24.0048,24.7041,21717762.342264,0
TGT.US,D,20081205,000000,24.3638,25.5766,22.7912,25.3749,18904880.876262,0
TGT.US,D,20081208,000000,25.6355,28.2763,25.5126,27.8111,28822934.830609,0
TGT.US,D,20081209,000000,27.2898,29.1625,27.1089,27.5681,26273280.617898,0
TGT.US,D,20081210,000000,27.9223,28.3993,26.7174,28.1985,19500526.459419,0
TGT.US,D,20081211,000000,27.9635,28.6176,26.8964,27.2553,27096521.336107,0
TGT.US,D,20081212,000000,26.4567,27.0635,25.429,26.0111,27045965.313413,0
TGT.US,D,20081215,000000,26.0928,26.2856,24.5782,25.1772,15003273.22975,0
TGT.US,D,20081216,000000,25.4889,26.3692,25.1448,26.2296,13699817.910032,0
TGT.US,D,20081217,000000,25.8528,26.4784,25.5293,25.9345,14714205.192177,0
TGT.US,D,20081218,000000,26.0328,26.5246,25.5676,25.7083,18866807.533425,0
TGT.US,D,20081219,000000,25.9837,26.4646,24.8634,24.9824,17504291.049934,0
TGT.US,D,20081222,000000,25.2499,25.2589,23.6616,23.7924,15216684.656727,0
TGT.US,D,20081223,000000,23.7541,24.2478,23.1826,23.1914,10124947.992884,0
TGT.US,D,20081224,000000,23.5455,23.996,23.3784,23.4796,5111781.9545014,0
TGT.US,D,20081226,000000,23.698,23.8849,23.3045,23.3999,5776523.0394246,0
TGT.US,D,20081229,000000,23.4147,23.6616,23.0006,23.5072,13068490.387722,0
TGT.US,D,20081230,000000,23.581,24.5094,23.4364,24.3501,8503826.4164516,0
TGT.US,D,20081231,000000,24.1111,25.3945,23.9636,25.0611,9314881.3467554,0
TGT.US,D,20090102,000000,25.1448,25.5293,24.7946,25.1369,11114006.934393,0
TGT.US,D,20090105,000000,24.9018,26.5197,24.8566,26.2296,12056952.048232,0
TGT.US,D,20090106,000000,26.5403,28.0235,26.2464,27.6625,19932471.71633,0
TGT.US,D,20090107,000000,27.3961,28.1907,26.5246,26.861,13834940.352203,0
TGT.US,D,20090108,000000,27.5072,27.7442,26.0565,27.2308,25938435.297985,0
TGT.US,D,20090109,000000,27.2308,27.4915,25.5766,25.6935,13261260.706625,0
TGT.US,D,20090112,000000,25.6415,25.91,25.1506,25.4812,12004386.921082,0
TGT.US,D,20090113,000000,25.5066,26.3388,24.9982,25.3592,11532239.239994,0
TGT.US,D,20090114,000000,24.6845,25.0189,24.2557,24.4592,11876236.356063,0
TGT.US,D,20090115,000000,24.4592,25.7998,23.9566,25.3463,16975184.850828,0
TGT.US,D,20090116,000000,25.5843,25.8076,24.6687,25.4182,12058539.200082,0
TGT.US,D,20090120,000000,25.2894,25.3945,23.3135,23.6252,15449102.252523,0
TGT.US,D,20090121,000000,23.2171,24.8438,23.1137,24.7789,17100430.551763,0
TGT.US,D,20090122,000000,24.3638,25.2814,23.9714,24.6176,16059433.819868,0
TGT.US,D,20090123,000000,23.9016,24.6393,23.6832,24.2321,9268997.3053224,0
TGT.US,D,20090126,000000,24.3874,25.2117,23.8033,24.06,15289032.752193,0
TGT.US,D,20090127,000000,24.1711,24.415,23.6026,24.1976,14976298.765577,0
TGT.US,D,20090128,000000,24.9824,25.7299,24.9175,25.3463,15107412.149616,0
TGT.US,D,20090129,000000,25.0887,25.2589,23.6547,23.7333,17762082.740261,0
TGT.US,D,20090130,000000,23.9449,23.9636,22.622,22.6447,21813963.469374,0
TGT.US,D,20090202,000000,21.9542,22.6367,21.6877,21.9207,23637033.596451,0
TGT.US,D,20090203,000000,22.1362,23.5643,21.847,23.3045,28063475.04484,0
TGT.US,D,20090204,000000,22.9514,23.7256,22.622,22.7459,27376434.527265,0
TGT.US,D,20090205,000000,22.5188,23.9144,22.5188,23.4364,19503558.417661,0
TGT.US,D,20090206,000000,23.3999,24.3146,23.1984,23.9636,23761067.327492,0
TGT.US,D,20090209,000000,23.8769,24.2045,23.3479,23.7541,14748582.636888,0
TGT.US,D,20090210,000000,23.6419,23.7924,22.6584,22.7115,17539708.633236,0
TGT.US,D,20090211,000000,22.8188,23.2466,22.4725,23.045,10723633.66831,0
TGT.US,D,20090212,000000,22.862,22.862,21.6345,22.39,38689444.478088,0
TGT.US,D,20090213,000000,22.3181,22.5011,21.723,21.8333,13134110.626821,0
TGT.US,D,20090217,000000,21.4536,21.8755,20.7121,21.5047,17736143.330915,0
TGT.US,D,20090218,000000,21.6345,22.1018,20.9529,21.367,28985463.857092,0
TGT.US,D,20090219,000000,21.7732,22.3742,21.5873,21.6965,13696492.110096,0
TGT.US,D,20090220,000000,21.3906,21.9031,20.8969,21.5942,16895434.791579,0
TGT.US,D,20090223,000000,21.788,22.2482,20.4908,20.6354,14703152.067411,0
TGT.US,D,20090224,000000,19.9231,21.005,19.6851,20.2006,37165724.814375,0
TGT.US,D,20090225,000000,20.3295,21.1998,19.7472,20.0235,38833408.606669,0
TGT.US,D,20090226,000000,20.3097,20.7298,20.0393,20.1926,18078403.832404,0
TGT.US,D,20090227,000000,20.0088,20.8132,19.7286,20.5448,23789147.002467,0
TGT.US,D,20090302,000000,20.1701,20.6835,19.6675,19.8622,16903447.824075,0
TGT.US,D,20090303,000000,20.1641,20.3097,18.6014,18.8325,41245825.530414,0
TGT.US,D,20090304,000000,19.1276,20.1426,19.0086,19.7137,18721005.114938,0
TGT.US,D,20090305,000000,19.5092,20.1926,18.9013,19.0941,18204432.433354,0
TGT.US,D,20090306,000000,19.3262,19.4442,18.1441,18.6161,17088529.454774,0
TGT.US,D,20090309,000000,18.4342,19.1276,18.2385,18.4145,16280760.671028,0
TGT.US,D,20090310,000000,18.6899,20.0767,18.4804,19.7472,18545037.660525,0
TGT.US,D,20090311,000000,19.7777,20.2113,19.4216,19.5249,21320001.346943,0
TGT.US,D,20090312,000000,19.517,20.8222,19.3075,20.6786,17448275.062195,0
TGT.US,D,20090313,000000,20.8222,21.7801,20.4513,21.7506,23243609.053812,0
TGT.US,D,20090316,000000,21.9916,22.0939,20.8664,20.9215,15343543.945096,0
TGT.US,D,20090317,000000,21.367,22.1018,21.1419,22.1018,14078646.959523,0
TGT.US,D,20090318,000000,21.9846,23.813,21.723,22.9189,25598420.804463,0
TGT.US,D,20090319,000000,23.2249,23.2978,22.63,22.8148,15110160.433697,0
TGT.US,D,20090320,000000,22.9426,23.0361,21.7378,22.029,15945743.519813,0
TGT.US,D,20090323,000000,22.6584,24.0304,22.2896,24.0098,20353577.366663,0
TGT.US,D,20090324,000000,23.7176,24.3372,23.5515,23.996,13738898.855356,0
TGT.US,D,20090325,000000,24.1464,25.2274,23.2051,24.1179,18214898.891484,0
TGT.US,D,20090326,000000,24.6313,25.8902,24.3795,25.3533,21184525.074635,0
TGT.US,D,20090327,000000,24.952,25.3021,24.3285,24.8045,13125730.546395,0
TGT.US,D,20090330,000000,24.1779,24.3285,23.6341,24.1554,12663428.087191,0
TGT.US,D,20090331,000000,24.3077,25.3138,23.581,24.9588,18957339.244318,0
TGT.US,D,20090401,000000,24.6244,25.2589,24.1711,24.952,14233956.021056,0
TGT.US,D,20090402,000000,25.4546,26.7469,25.3021,26.1725,16390639.163086,0
TGT.US,D,20090403,000000,26.0328,26.6809,25.847,26.622,14632579.223149,0
TGT.US,D,20090406,000000,26.39,26.5403,25.2499,25.7299,13427968.589035,0
TGT.US,D,20090407,000000,25.2971,25.7004,25.0258,25.424,8632085.7740701,0
TGT.US,D,20090408,000000,25.5991,27.5072,25.5843,27.2898,24263320.056063,0
TGT.US,D,20090409,000000,28.0107,29.0316,27.8583,28.954,33649195.182933,0
TGT.US,D,20090413,000000,28.6176,29.5696,28.6176,29.191,14532597.807392,0
TGT.US,D,20090414,000000,28.7719,29.1418,28.1396,28.3569,20552565.131794,0
TGT.US,D,20090415,000000,27.996,28.3363,27.3065,27.9714,16152226.790028,0
TGT.US,D,20090416,000000,28.234,29.2185,28.0471,28.9215,14865508.245838,0
TGT.US,D,20090417,000000,28.9804,29.6502,28.7552,29.424,16578843.243067,0
TGT.US,D,20090420,000000,29.0316,29.1182,27.5141,27.579,20759765.213061,0
TGT.US,D,20090421,000000,27.4344,28.1828,27.2023,28.1189,15361474.38896,0
TGT.US,D,20090422,000000,27.5141,29.6325,27.5141,28.474,19171899.602487,0
TGT.US,D,20090423,000000,28.6176,28.8516,27.579,28.0816,13437253.57987,0
TGT.US,D,20090424,000000,28.2979,29.7594,28.234,29.0896,17153948.376725,0
TGT.US,D,20090427,000000,28.656,29.1625,28.234,28.5881,11445846.731649,0
TGT.US,D,20090428,000000,28.2624,29.4742,28.1465,28.7552,12802486.381258,0
TGT.US,D,20090429,000000,29.1418,30.0201,28.886,29.2127,15895397.965044,0
TGT.US,D,20090430,000000,29.4673,30.3161,29.2884,29.9443,17482793.83561,0
TGT.US,D,20090501,000000,29.3071,29.9758,28.8438,29.0701,12669820.41498,0
TGT.US,D,20090504,000000,28.8516,30.0486,28.6628,29.433,13958332.511933,0
TGT.US,D,20090505,000000,29.3719,30.0201,29.0316,29.9443,13201300.732964,0
TGT.US,D,20090506,000000,30.3378,30.8816,29.0071,30.0968,14440170.86841,0
TGT.US,D,20090507,000000,31.7195,31.8249,30.4243,30.9711,20422744.041156,0
TGT.US,D,20090508,000000,31.8042,32.408,31.2672,31.7825,16467534.179163,0
TGT.US,D,20090511,000000,31.3636,31.9203,30.9181,31.0135,16337306.387219,0
TGT.US,D,20090512,000000,31.22,31.456,30.1184,30.8659,11749786.819259,0
TGT.US,D,20090513,000000,30.3957,30.3957,29.1487,29.3719,17075186.60165,0
TGT.US,D,20090514,000000,29.3719,30.3003,29.2057,29.3808,11683465.020407,0
TGT.US,D,20090515,000000,29.3513,30.1184,29.0838,29.3011,14560706.968211,0
TGT.US,D,20090518,000000,29.6248,30.323,29.6188,30.3161,12946478.97893,0
TGT.US,D,20090519,000000,30.3082,30.6515,29.9384,30.4401,12677159.340061,0
TGT.US,D,20090520,000000,31.9123,32.5871,31.1295,31.1648,29839425.775264,0
TGT.US,D,20090521,000000,30.8098,31.4275,29.8598,30.1942,19626176.828154,0
TGT.US,D,20090522,000000,30.3427,30.4754,29.3011,29.5696,11645991.561999,0
TGT.US,D,20090526,000000,29.3366,30.4833,29.2185,29.7594,15868451.969962,0
TGT.US,D,20090527,000000,29.7929,30.0752,28.647,28.7404,17298252.100897,0
TGT.US,D,20090528,000000,28.9617,29.191,27.8583,28.408,15919599.743059,0
TGT.US,D,20090529,000000,28.8358,28.8358,27.8711,28.5222,16152690.429517,0
TGT.US,D,20090601,000000,28.9372,30.7321,28.8988,30.2453,18025606.885508,0
TGT.US,D,20090602,000000,30.0909,30.7882,29.8204,29.9601,13216666.925088,0
TGT.US,D,20090603,000000,29.7427,30.1942,29.3945,29.7349,19232239.84187,0
TGT.US,D,20090604,000000,28.9215,29.7516,28.4287,29.7182,18759559.382069,0
TGT.US,D,20090605,000000,30.2178,30.3378,29.2559,29.3858,16056437.447991,0
TGT.US,D,20090608,000000,29.1545,30.0417,28.9135,29.7427,10018869.107785,0
TGT.US,D,20090609,000000,29.8086,30.0417,29.666,29.8598,10218299.160586,0
TGT.US,D,20090610,000000,30.0201,30.1863,28.9372,29.3011,13398949.434042,0
TGT.US,D,20090611,000000,29.4093,29.666,28.656,28.7051,11671778.458356,0
TGT.US,D,20090612,000000,28.7719,29.365,28.3136,29.3071,9441935.8517526,0
TGT.US,D,20090615,000000,29.5037,29.5322,28.6972,29.1103,12994646.6482,0
TGT.US,D,20090616,000000,29.1103,29.1182,27.9429,28.0294,12976836.181222,0
TGT.US,D,20090617,000000,27.8711,28.7857,27.335,28.3431,16401601.796811,0
TGT.US,D,20090618,000000,28.3501,28.4957,27.8583,28.3059,9152922.7188556,0
TGT.US,D,20090619,000000,28.3059,28.9854,28.2763,28.7267,11002830.048414,0
TGT.US,D,20090622,000000,28.5379,28.945,28.176,28.647,12660381.894403,0
TGT.US,D,20090623,000000,28.6254,28.7926,27.6773,27.8111,13604749.446062,0
TGT.US,D,20090624,000000,27.9429,28.5536,27.8269,28.0736,11645018.529121,0
TGT.US,D,20090625,000000,27.9488,29.4467,27.8269,29.2559,16729280.022946,0
TGT.US,D,20090626,000000,29.0896,29.4673,28.6254,28.7189,10638573.106746,0
TGT.US,D,20090629,000000,28.7926,29.2127,28.4365,28.7789,8804331.9115255,0
TGT.US,D,20090630,000000,28.7267,29.1182,28.3196,28.647,10358439.28013,0
TGT.US,D,20090701,000000,28.7719,28.9058,28.0471,28.0816,11972307.338755,0
TGT.US,D,20090702,000000,27.7255,27.7767,26.9417,27.1807,11790781.294232,0
TGT.US,D,20090706,000000,26.8915,27.5367,26.7253,27.2898,9167002.7180969,0
TGT.US,D,20090707,000000,27.3763,27.3872,26.6003,26.6722,8588420.2882658,0
TGT.US,D,20090708,000000,26.8443,27.1226,26.39,27.0459,10986087.172366,0
TGT.US,D,20090709,000000,28.2763,28.5222,27.8061,27.8642,20694372.726695,0
TGT.US,D,20090710,000000,27.9792,28.0471,27.217,27.4344,11670498.365993,0
TGT.US,D,20090713,000000,27.6458,27.9281,27.3065,27.8269,11525150.436216,0
TGT.US,D,20090714,000000,27.9163,28.0816,27.3961,27.996,9840397.3900754,0
TGT.US,D,20090715,000000,28.2979,28.9372,28.176,28.8643,12557811.824828,0
TGT.US,D,20090716,000000,28.8162,28.8733,28.0019,28.7189,10870701.944614,0
TGT.US,D,20090717,000000,28.6176,28.7719,28.3274,28.711,7853822.1533804,0
TGT.US,D,20090720,000000,28.9283,29.0071,28.3501,28.9854,11268176.215516,0
TGT.US,D,20090721,000000,29.185,29.2127,28.4799,29.0768,11486117.278296,0
TGT.US,D,20090722,000000,28.7267,29.9925,28.6028,29.8814,11886071.410415,0
TGT.US,D,20090723,000000,29.8814,31.1433,29.5037,30.6573,16103759.178544,0
TGT.US,D,20090724,000000,30.4607,31.0488,30.3082,30.9987,9487105.1156388,0
TGT.US,D,20090727,000000,30.9033,31.1089,30.5482,31.1089,5442182.0291315,0
TGT.US,D,20090728,000000,30.9101,31.3783,30.7321,31.3636,8500497.5662555,0
TGT.US,D,20090729,000000,31.1157,31.8976,30.9485,31.6331,8746071.9493266,0
TGT.US,D,20090730,000000,31.8651,32.2527,31.5889,31.6448,6468839.4897018,0
TGT.US,D,20090731,000000,31.5367,32.2035,31.3724,31.6606,16054297.182363,0
TGT.US,D,20090803,000000,31.8976,31.935,31.0222,31.2357,9985160.6867238,0
TGT.US,D,20090804,000000,30.8472,31.1885,30.4469,30.6063,9663776.1633121,0
TGT.US,D,20090805,000000,30.7321,30.8098,30.1331,30.3427,10447205.907351,0
TGT.US,D,20090806,000000,30.498,31.1157,30.1725,30.2729,14446372.046585,0
TGT.US,D,20090807,000000,30.7154,31.2515,30.3427,31.1591,22682045.040165,0
TGT.US,D,20090810,000000,31.0282,31.1383,30.1942,30.4695,10746662.113054,0
TGT.US,D,20090811,000000,30.4607,31.0222,30.2453,30.6279,11380975.839709,0
TGT.US,D,20090812,000000,30.6279,31.1648,30.5561,30.8531,8726442.510754,0
TGT.US,D,20090813,000000,30.9416,30.9544,30.2256,30.6573,21843167.673464,0
TGT.US,D,20090814,000000,30.5777,30.9544,30.3003,30.506,9820000.3027862,0
TGT.US,D,20090817,000000,29.9758,30.2945,29.9119,30.0338,10556378.772643,0
TGT.US,D,20090818,000000,31.6173,32.3471,31.3489,32.169,27655345.199702,0
TGT.US,D,20090819,000000,31.935,33.1182,31.8976,32.6982,21954025.298916,0
TGT.US,D,20090820,000000,32.5801,33.0248,32.4504,32.8546,10759740.610327,0
TGT.US,D,20090821,000000,33.0976,33.2942,32.7572,33.1388,8399783.0713932,0
TGT.US,D,20090824,000000,33.307,33.307,32.7267,32.7877,8958109.7426392,0
TGT.US,D,20090825,000000,33.0759,33.9885,32.8546,33.7269,15252794.649003,0
TGT.US,D,20090826,000000,33.6119,34.6121,33.5745,34.4164,14016164.421007,0
TGT.US,D,20090827,000000,34.4164,34.5138,33.9738,34.321,9913485.6819202,0
TGT.US,D,20090828,000000,34.5689,34.5689,34.1194,34.3958,9094868.1408165,0
TGT.US,D,20090831,000000,34.1273,34.264,33.7495,34.1115,11167595.932084,0
TGT.US,D,20090901,000000,33.9099,34.5138,33.6198,33.8066,14286408.288594,0
TGT.US,D,20090902,000000,33.665,33.9532,33.1516,33.5814,11053603.656308,0
TGT.US,D,20090903,000000,34.5422,34.6583,33.9591,34.1626,16829848.105337,0
TGT.US,D,20090904,000000,34.2365,34.3731,34.0171,34.203,8338809.3947246,0
TGT.US,D,20090908,000000,34.4233,34.5974,34.0171,34.3377,11787109.798184,0
TGT.US,D,20090909,000000,34.3072,34.6781,34.1047,34.5817,11018405.691711,0
TGT.US,D,20090910,000000,34.5974,34.9898,34.4026,34.9593,9427306.8057469,0
TGT.US,D,20090911,000000,35.0202,35.1658,34.5422,34.8029,8555862.8319033,0
TGT.US,D,20090914,000000,34.6121,34.8679,34.3457,34.4164,9189833.9127073,0
TGT.US,D,20090915,000000,34.4164,34.8029,34.0103,34.4823,9788643.6320321,0
TGT.US,D,20090916,000000,34.5619,35.2023,34.5619,35.1786,9045056.3815131,0
TGT.US,D,20090917,000000,35.1009,35.6674,35.0774,35.3222,9835687.7889427,0
TGT.US,D,20090918,000000,35.4482,35.513,35.1846,35.4088,8645052.4284842,0
TGT.US,D,20090921,000000,35.216,35.7098,34.7293,35.4482,5609375.9196031,0
TGT.US,D,20090922,000000,35.5072,35.5307,34.8679,34.9525,9551757.4056274,0
TGT.US,D,20090923,000000,34.9593,35.1146,34.4755,34.5197,7709308.9780357,0
TGT.US,D,20090924,000000,34.5689,34.8679,34.1115,34.5817,7417971.5471703,0
TGT.US,D,20090925,000000,34.6121,34.6121,33.4958,33.5972,11535660.614736,0
TGT.US,D,20090928,000000,33.7987,34.7173,33.6404,34.6269,8297025.9192175,0
TGT.US,D,20090929,000000,34.7006,34.9593,34.256,34.3142,7513057.2959465,0
TGT.US,D,20090930,000000,34.0762,34.2512,33.5883,33.8824,12910293.746911,0
TGT.US,D,20091001,000000,33.7634,34.1401,33.3867,33.7987,9947748.2335114,0
TGT.US,D,20091002,000000,33.4074,33.7761,33.191,33.4014,8343466.1246875,0
TGT.US,D,20091005,000000,33.5115,34.1961,33.4516,34.0604,7440936.9532119,0
TGT.US,D,20091006,000000,34.5422,34.9683,34.5422,34.9033,9699770.2457171,0
TGT.US,D,20091007,000000,34.8187,35.3164,34.7293,35.2091,10059434.512878,0
TGT.US,D,20091008,000000,34.6181,36.0284,34.4893,35.811,16611174.980203,0
TGT.US,D,20091009,000000,35.8602,36.2556,35.6291,36.2114,11343346.81805,0
TGT.US,D,20091012,000000,36.291,36.833,35.9566,36.0008,10011764.035955,0
TGT.US,D,20091013,000000,36.0216,36.9057,36.0067,36.3618,10555739.234837,0
TGT.US,D,20091014,000000,36.9559,37.5725,36.5083,37.2705,12701617.339899,0
TGT.US,D,20091015,000000,37.0985,37.1212,36.291,36.592,11828489.622645,0
TGT.US,D,20091016,000000,36.4857,36.531,36.0353,36.3451,9293163.4969724,0
TGT.US,D,20091019,000000,36.4788,36.7925,36.3274,36.5733,7084257.8736431,0
TGT.US,D,20091020,000000,36.472,36.8712,35.935,36.2654,5930292.736512,0
TGT.US,D,20091021,000000,36.4788,36.8407,35.4236,35.4934,10762223.521806,0
TGT.US,D,20091022,000000,35.5701,36.2556,35.4314,35.9202,9357424.3369531,0
TGT.US,D,20091023,000000,36.1533,36.4346,35.4166,35.5878,8193151.3552013,0
TGT.US,D,20091026,000000,35.6753,36.291,35.2907,35.4796,6824185.6057377,0
TGT.US,D,20091027,000000,35.4796,35.8042,34.9525,35.1658,9000925.2227124,0
TGT.US,D,20091028,000000,35.6202,35.9832,34.9455,35.0115,13187033.651122,0
TGT.US,D,20091029,000000,35.4314,36.0008,35.2023,35.9488,10206524.141001,0
TGT.US,D,20091030,000000,35.876,36.5153,35.1304,35.1471,14006570.337179,0
TGT.US,D,20091102,000000,35.2907,36.0648,35.0627,35.811,9759552.2875567,0
TGT.US,D,20091103,000000,35.6517,36.1652,35.3164,35.7432,9798759.3102854,0
TGT.US,D,20091104,000000,35.8534,36.1454,35.6517,35.759,9963747.862921,0
TGT.US,D,20091105,000000,35.7511,36.1307,35.1364,36.0716,11364846.065881,0
TGT.US,D,20091106,000000,36.0008,36.2654,35.6753,36.0716,7293112.2124765,0
TGT.US,D,20091109,000000,36.2457,36.6461,35.9655,36.6146,12114365.05496,0
TGT.US,D,20091110,000000,36.5998,36.9057,36.2457,36.6461,6120370.692764,0
TGT.US,D,20091111,000000,36.8487,37.0297,36.1454,36.3707,7300421.651713,0
TGT.US,D,20091112,000000,36.3756,36.5733,35.3479,35.513,13223478.155223,0
TGT.US,D,20091113,000000,35.5464,35.6517,34.9593,35.5553,13808499.683495,0
TGT.US,D,20091116,000000,35.7796,36.5379,35.7432,36.5006,15105730.439712,0
TGT.US,D,20091117,000000,36.6382,36.7169,34.4616,35.399,32351541.457357,0
TGT.US,D,20091118,000000,35.0202,35.0282,34.6338,34.742,15971279.278113,0
TGT.US,D,20091119,000000,34.7942,34.9328,34.4616,34.7655,12022529.866379,0
TGT.US,D,20091120,000000,34.6396,34.9683,34.256,34.4449,10647809.293423,0
TGT.US,D,20091123,000000,34.7812,34.7892,34.2295,34.3013,9887885.8681637,0
TGT.US,D,20091124,000000,34.1873,34.5138,34.1479,34.4449,8077922.7074526,0
TGT.US,D,20091125,000000,34.4893,34.8756,34.3879,34.7173,5971168.2513518,0
TGT.US,D,20091127,000000,34.0525,34.7942,33.8372,34.6181,5847721.186946,0
TGT.US,D,20091130,000000,34.4391,34.5974,33.3798,33.7919,17729609.67442,0
TGT.US,D,20091201,000000,34.1716,34.2925,33.8519,33.9532,13147900.851382,0
TGT.US,D,20091202,000000,33.9326,34.6838,33.8735,34.6338,15523899.706608,0
TGT.US,D,20091203,000000,34.1716,34.2925,33.4221,33.6404,19795675.698283,0
TGT.US,D,20091204,000000,34.0387,34.2512,32.7877,33.127,24127278.468939,0
TGT.US,D,20091207,000000,33.127,33.7495,33.127,33.6345,11907653.015259,0
TGT.US,D,20091208,000000,33.5313,33.5313,32.9677,33.2942,8776887.7073428,0
TGT.US,D,20091209,000000,33.1684,33.191,32.7424,32.8772,9108949.1568112,0
TGT.US,D,20091210,000000,33.1388,33.5115,32.7877,33.3798,10661551.73058,0
TGT.US,D,20091211,000000,33.5115,34.1273,33.4368,34.0604,10406510.35784,0
TGT.US,D,20091214,000000,34.264,34.7735,34.0525,34.7233,12371732.759174,0
TGT.US,D,20091215,000000,34.6653,34.7655,34.381,34.5904,9676652.3266854,0
TGT.US,D,20091216,000000,34.7488,34.8354,34.4449,34.4616,7393106.8460259,0
TGT.US,D,20091217,000000,34.3614,34.7942,34.1873,34.4755,10487769.278938,0
TGT.US,D,20091218,000000,34.5904,35.1009,34.0466,35.0115,14457276.725372,0
TGT.US,D,20091221,000000,35.1216,35.9419,34.8756,35.8042,11041621.219056,0
TGT.US,D,20091222,000000,35.7953,35.8336,35.1216,35.4088,7110976.1159931,0
TGT.US,D,20091223,000000,35.5307,35.636,35.1708,35.456,6392416.2471414,0
TGT.US,D,20091224,000000,35.4314,35.7225,35.216,35.3094,2078871.0145066,0
TGT.US,D,20091228,000000,35.2907,35.5464,35.0577,35.1658,5775846.8985019,0
TGT.US,D,20091229,000000,35.3222,35.3842,35.1216,35.2582,5182375.133829,0
TGT.US,D,20091230,000000,35.0627,35.3536,35.0115,35.3479,4051601.1219649,0
TGT.US,D,20091231,000000,35.4088,35.6517,35.0627,35.1089,4458350.2161672,0
TGT.US,D,20100104,000000,35.1786,35.4875,35.1304,35.2347,6322573.4317248,0
TGT.US,D,20100105,000000,35.2091,35.7295,35.0282,35.3694,6558256.8390145,0
TGT.US,D,20100106,000000,35.2662,36.0716,35.2662,36.0432,9944011.6652553,0
TGT.US,D,20100107,000000,36.4346,36.8624,36.0864,36.4857,17265584.835181,0
TGT.US,D,20100108,000000,36.3274,36.3707,35.9832,36.3382,8973320.3715134,0
TGT.US,D,20100111,000000,36.4051,36.531,36.0992,36.4199,5169058.7162912,0
TGT.US,D,20100112,000000,36.2182,36.2733,35.5307,35.811,7530734.5682466,0
TGT.US,D,20100113,000000,35.8042,36.0432,35.6428,35.811,6604291.3599311,0
TGT.US,D,20100114,000000,36.1218,36.5458,36.0008,36.3618,10325713.042725,0
TGT.US,D,20100115,000000,36.1888,36.5231,36.1366,36.4129,12528432.739178,0
TGT.US,D,20100119,000000,36.6313,37.306,36.291,37.1584,12839839.862781,0
TGT.US,D,20100120,000000,36.8555,37.2991,36.7011,36.8133,11831578.51907,0
TGT.US,D,20100121,000000,36.7572,37.248,36.0716,36.4484,12723333.156174,0
TGT.US,D,20100122,000000,36.3048,37.0916,36.2969,36.5654,16150796.218181,0
TGT.US,D,20100125,000000,36.8192,37.074,36.4434,36.8487,12274171.216194,0
TGT.US,D,20100126,000000,36.6952,38.0742,36.6687,37.7545,17962540.730616,0
TGT.US,D,20100127,000000,37.6277,37.8873,37.3935,37.7122,15170022.799044,0
TGT.US,D,20100128,000000,37.8724,38.0535,37.4575,37.6759,11370536.833917,0
TGT.US,D,20100129,000000,37.9139,38.0151,37.2146,37.2146,13121242.597474,0
TGT.US,D,20100201,000000,37.4151,37.4575,36.7995,37.0827,12050505.83252,0
TGT.US,D,20100202,000000,37.0985,37.1349,36.7326,36.8841,18466520.922988,0
TGT.US,D,20100203,000000,36.7925,37.0158,36.6599,36.7238,9909606.7682066,0
TGT.US,D,20100204,000000,35.811,35.8534,35.0045,35.6154,21115778.31924,0
TGT.US,D,20100205,000000,35.275,35.935,35.2091,35.7796,10120989.772415,0
TGT.US,D,20100208,000000,35.7511,36.0432,35.3842,35.4048,6674112.8235291,0
TGT.US,D,20100209,000000,35.6753,36.0716,35.4048,35.6674,6376888.3912478,0
TGT.US,D,20100210,000000,35.5779,35.7953,35.2819,35.5248,6108683.1139599,0
TGT.US,D,20100211,000000,35.456,35.9419,35.2957,35.6822,6498149.4361296,0
TGT.US,D,20100212,000000,35.4088,35.5464,35.2023,35.3026,12001780.982459,0
TGT.US,D,20100216,000000,35.7796,36.4552,35.689,36.352,7975540.7372324,0
TGT.US,D,20100217,000000,36.4936,36.8407,36.4129,36.7238,7542389.6109461,0
TGT.US,D,20100218,000000,36.5605,36.9647,36.3844,36.825,6722386.2351395,0
TGT.US,D,20100219,000000,36.7995,37.074,36.6461,36.8192,7126613.7812396,0
TGT.US,D,20100222,000000,36.8624,37.0523,36.6952,36.7572,5511617.126488,0
TGT.US,D,20100223,000000,36.2182,36.7396,35.4166,36.3333,21624487.431057,0
TGT.US,D,20100224,000000,36.4346,37.1289,36.3756,37.009,12777026.879452,0
TGT.US,D,20100225,000000,36.8133,37.1122,36.4857,36.9795,11314141.59721,0
TGT.US,D,20100226,000000,37.0158,37.4713,37.009,37.3935,5772427.5572651,0
TGT.US,D,20100301,000000,37.5725,37.9876,37.3729,37.9168,6728615.8824064,0
TGT.US,D,20100302,000000,37.8647,38.0103,37.3572,37.5018,6620614.3168795,0
TGT.US,D,20100303,000000,37.5725,37.6826,37.3492,37.5095,5498266.1393391,0
TGT.US,D,20100304,000000,38.0299,38.6495,37.8519,38.4223,9494850.7420268,0
TGT.US,D,20100305,000000,38.7154,38.8275,38.3672,38.8226,6204391.1157355,0
TGT.US,D,20100308,000000,38.7793,38.9298,38.6406,38.8177,4493942.6810316,0
TGT.US,D,20100309,000000,38.5393,38.742,38.1656,38.3672,4956668.109595,0
TGT.US,D,20100310,000000,38.3132,38.6868,38.0013,38.2088,5738088.7491788,0
TGT.US,D,20100311,000000,38.0742,38.4095,37.8724,38.3279,4444187.8599111,0
TGT.US,D,20100312,000000,38.5472,38.619,38.0977,38.5236,5176865.3478751,0
TGT.US,D,20100315,000000,38.3977,38.8354,38.3672,38.8078,5292511.8812167,0
TGT.US,D,20100316,000000,38.8275,38.8984,38.5817,38.7872,3919222.8968618,0
TGT.US,D,20100317,000000,38.9032,38.9298,38.4528,38.5954,4806335.0385499,0
TGT.US,D,20100318,000000,38.6711,38.742,38.2984,38.495,5605942.3438205,0
TGT.US,D,20100319,000000,38.6574,38.7479,38.4528,38.6868,7199511.9402234,0
TGT.US,D,20100322,000000,38.495,39.1944,38.3672,39.1078,5190587.4499666,0
TGT.US,D,20100323,000000,39.0468,39.1944,38.619,39.1138,4372541.3241989,0
TGT.US,D,20100324,000000,38.9151,39.0704,38.5541,38.736,6455644.0658027,0
TGT.US,D,20100325,000000,38.9229,39.1944,38.742,38.7941,4878368.9572568,0
TGT.US,D,20100326,000000,38.976,39.5288,38.9446,39.4559,6734678.7821375,0
TGT.US,D,20100329,000000,39.576,39.7245,39.0468,39.162,4970017.0632374,0
TGT.US,D,20100330,000000,39.1531,39.4236,38.7725,39.0065,4242589.0723909,0
TGT.US,D,20100331,000000,38.8373,38.9554,37.9139,38.1764,8910771.7440344,0
TGT.US,D,20100401,000000,38.2915,38.5688,38.2148,38.562,6968577.7874438,0
TGT.US,D,20100405,000000,38.679,39.162,38.2276,39.0202,5843220.0202329,0
TGT.US,D,20100406,000000,38.9229,39.2554,38.7223,39.2554,6001212.2936383,0
TGT.US,D,20100407,000000,39.1354,39.5603,38.9819,39.2003,9008876.2332603,0
TGT.US,D,20100408,000000,39.7776,40.9627,39.3812,40.3825,16226169.154617,0
TGT.US,D,20100409,000000,40.592,40.7376,39.7658,40.4022,9829977.7025953,0
TGT.US,D,20100412,000000,40.5565,40.8053,40.2881,40.6293,6248881.1884394,0
TGT.US,D,20100413,000000,40.6136,41.1329,40.5497,40.9785,8132288.5046388,0
TGT.US,D,20100414,000000,40.9853,41.1811,40.6559,41.1811,6166620.7653732,0
TGT.US,D,20100415,000000,40.9706,41.1979,40.7758,41.0807,5197373.2612705,0
TGT.US,D,20100416,000000,40.8772,40.9706,40.4267,40.6372,8695578.9653343,0
TGT.US,D,20100419,000000,40.6559,41.0296,39.8336,40.6971,7749706.61884,0
TGT.US,D,20100420,000000,40.9923,41.0296,40.6205,40.7434,5741654.5028861,0
TGT.US,D,20100421,000000,40.8457,41.9708,40.6559,41.3187,7509262.7727541,0
TGT.US,D,20100422,000000,41.125,41.9089,41.066,41.8046,6886382.4365864,0
TGT.US,D,20100423,000000,41.7308,42.0967,41.3867,42.0564,7327021.9506842,0
TGT.US,D,20100426,000000,41.8843,42.4744,41.7132,42.1341,0,0
TGT.US,D,20100427,000000,41.9492,42.082,41.0138,41.1329,8118935.4839834,0
TGT.US,D,20100428,000000,41.3109,41.604,40.7758,41.0896,7153642.1333362,0
TGT.US,D,20100429,000000,41.3492,41.7594,41.125,41.6267,5146183.8012902,0
TGT.US,D,20100430,000000,41.7063,42.2394,40.9529,41.2755,9053705.9015555,0
TGT.US,D,20100503,000000,41.3424,41.8223,41.1329,41.3631,7064487.1063662,0
TGT.US,D,20100504,000000,41.1172,41.1378,40.0431,40.3402,9342925.4353656,0
TGT.US,D,20100505,000000,40.0638,41.0729,40.0038,40.6894,15327069.491911,0
TGT.US,D,20100506,000000,39.7707,40.7758,38.6574,39.9359,20298991.950771,0
TGT.US,D,20100507,000000,39.7324,40.1749,38.2403,39.4107,16059106.425317,0
TGT.US,D,20100510,000000,40.357,41.4417,40.3323,41.1329,10870050.20577,0
TGT.US,D,20100511,000000,40.6736,41.3631,40.5645,40.8457,6172401.007696,0
TGT.US,D,20100512,000000,41.0228,41.5303,40.6519,41.4633,6520291.272025,0
TGT.US,D,20100513,000000,41.3867,41.3994,39.874,39.9724,10684457.148179,0
TGT.US,D,20100514,000000,39.9724,40.7828,39.7392,40.0431,11150139.295243,0
TGT.US,D,20100517,000000,40.2616,40.8053,39.6694,40.6814,10471302.959779,0
TGT.US,D,20100518,000000,40.885,41.1497,39.1462,39.3518,11793977.966503,0
TGT.US,D,20100519,000000,38.8177,39.6989,38.4883,39.215,14007242.411088,0
TGT.US,D,20100520,000000,38.6623,39.3744,38.2021,38.3082,14633829.829668,0
TGT.US,D,20100521,000000,37.6197,39.4559,37.6197,39.4412,15977717.3598,0
TGT.US,D,20100524,000000,39.337,39.874,39.0704,39.4058,8447372.208055,0
TGT.US,D,20100525,000000,38.5325,39.63,38.2836,39.6163,11675293.3744,0
TGT.US,D,20100526,000000,39.9851,39.9851,38.7793,38.8984,12806926.542774,0
TGT.US,D,20100527,000000,39.4559,40.1592,39.0704,40.1425,7733939.8259286,0
TGT.US,D,20100528,000000,40.1425,40.1425,39.4412,39.576,7012458.8249408,0
TGT.US,D,20100601,000000,39.3891,40.0038,39.0468,39.1265,6289245.2763859,0
TGT.US,D,20100602,000000,39.2003,39.7392,38.7793,39.4559,8507882.2452337,0
TGT.US,D,20100603,000000,39.9979,40.2005,39.2219,39.5416,8011094.5654727,0
TGT.US,D,20100604,000000,38.8984,39.0999,37.9955,38.321,8556787.0606229,0
TGT.US,D,20100607,000000,38.4528,38.8354,37.6886,37.7398,7919825.7084608,0
TGT.US,D,20100608,000000,37.604,38.3377,37.604,38.0456,9404321.0646401,0
TGT.US,D,20100609,000000,38.2403,38.679,37.8519,38.0103,8378992.5005897,0
TGT.US,D,20100610,000000,38.5177,38.9357,38.3977,38.9091,6771253.4306579,0
TGT.US,D,20100611,000000,38.6938,39.1777,38.4223,38.9819,4763515.4914636,0
TGT.US,D,20100614,000000,39.2652,39.7245,38.8502,39.2288,5380104.1584151,0
TGT.US,D,20100615,000000,39.5838,39.8032,39.1531,39.63,6046017.559855,0
TGT.US,D,20100616,000000,39.3586,39.5838,38.8895,39.3252,5921455.1171153,0
TGT.US,D,20100617,000000,39.6212,39.6212,38.6574,39.277,7017024.0471096,0
TGT.US,D,20100618,000000,39.4058,39.4825,38.8895,38.9524,12138480.408947,0
TGT.US,D,20100621,000000,39.1698,39.3114,38.0899,38.3889,11515047.975755,0
TGT.US,D,20100622,000000,38.4095,38.9032,37.6679,37.9443,13006608.750386,0
TGT.US,D,20100623,000000,37.9738,38.5098,37.9168,38.2276,8066977.3585334,0
TGT.US,D,20100624,000000,38.0456,38.0456,36.7611,36.8192,13413879.439015,0
TGT.US,D,20100625,000000,36.9136,37.1831,36.5841,36.6529,11591442.749225,0
TGT.US,D,20100628,000000,36.7326,36.9647,36.0864,36.232,8468917.2097826,0
TGT.US,D,20100629,000000,35.8681,35.935,35.0045,35.5622,14053454.863826,0
TGT.US,D,20100630,000000,35.5936,36.3431,35.4443,35.688,13193926.221518,0
TGT.US,D,20100701,000000,35.5553,36.1739,35.0577,36.0067,14718186.79797,0
TGT.US,D,20100702,000000,36.05,36.2596,35.7098,35.9488,7567372.2554695,0
TGT.US,D,20100706,000000,36.2969,36.5516,35.9064,36.2389,11788241.44457,0
TGT.US,D,20100707,000000,36.2389,36.6382,35.9271,36.5998,10427148.415653,0
TGT.US,D,20100708,000000,36.9274,37.2342,35.876,36.3048,12487154.590045,0
TGT.US,D,20100709,000000,36.2654,36.3126,35.8534,36.1809,7328457.6062972,0
TGT.US,D,20100712,000000,36.0353,36.0353,35.4236,35.6822,7768793.111168,0
TGT.US,D,20100713,000000,35.9566,36.4857,35.6291,36.2114,8340129.1404652,0
TGT.US,D,20100714,000000,36.05,36.1307,35.6202,36.0353,7179196.1931956,0
TGT.US,D,20100715,000000,35.9488,36.9795,35.8336,36.8624,9210466.8867545,0
TGT.US,D,20100716,000000,36.7572,36.9559,36.4051,36.4936,12278763.8907,0
TGT.US,D,20100719,000000,36.7011,36.7011,36.1061,36.4552,5580137.1459041,0
TGT.US,D,20100720,000000,36.1101,37.1222,35.8927,37.0365,7566556.8193493,0
TGT.US,D,20100721,000000,37.1162,37.1162,36.291,36.4129,5762355.5994022,0
TGT.US,D,20100722,000000,36.7995,37.5795,36.7238,37.3492,6230797.2148327,0
TGT.US,D,20100723,000000,37.248,37.6621,36.948,37.6621,7409065.8053046,0
TGT.US,D,20100726,000000,37.5597,38.4439,37.5597,38.3584,7504497.2501917,0
TGT.US,D,20100727,000000,38.3485,38.4607,37.7398,37.8382,5631781.0945948,0
TGT.US,D,20100728,000000,37.7919,38.2088,37.5018,37.5952,5857789.0777957,0
TGT.US,D,20100729,000000,37.8519,38.2403,37.2421,37.3847,6371829.0269912,0
TGT.US,D,20100730,000000,37.0248,37.3659,36.8615,37.249,10026193.79832,0
TGT.US,D,20100802,000000,37.4466,37.7378,37.1741,37.5617,8175944.8396639,0
TGT.US,D,20100803,000000,37.4014,38.1725,36.59,37.0021,7931204.1942717,0
TGT.US,D,20100804,000000,37.1899,37.5323,37.0158,37.3778,6643213.691745,0
TGT.US,D,20100805,000000,37.9718,38.6338,37.3227,38.3662,9675786.052902,0
TGT.US,D,20100806,000000,38.0358,38.2393,37.4241,37.9718,6709250.7996833,0
TGT.US,D,20100809,000000,38.6947,38.978,38.4381,38.7243,7392517.1291311,0
TGT.US,D,20100810,000000,38.3672,38.5875,38.018,38.4223,5191771.9675226,0
TGT.US,D,20100811,000000,37.9139,38.1479,37.7241,37.7437,5113785.9751907,0
TGT.US,D,20100812,000000,37.308,37.7378,37.2008,37.6069,5795650.2018833,0
TGT.US,D,20100813,000000,37.4741,37.4948,36.824,36.8782,5282015.9372414,0
TGT.US,D,20100816,000000,36.6509,36.9559,36.5428,36.8133,4309653.1011287,0
TGT.US,D,20100817,000000,37.3502,37.486,36.948,36.9647,8468844.0035474,0
TGT.US,D,20100818,000000,36.0097,38.1636,36.0097,37.8922,22369021.278868,0
TGT.US,D,20100819,000000,37.8262,38.0151,37.4241,37.8185,11504764.533213,0
TGT.US,D,20100820,000000,37.7437,38.1725,37.6719,38.0358,7578084.7678906,0
TGT.US,D,20100823,000000,38.0869,38.3574,37.8548,37.9364,5558428.4469005,0
TGT.US,D,20100824,000000,37.5992,37.8185,37.0611,37.5824,8621929.4256862,0
TGT.US,D,20100825,000000,37.4093,37.7751,37.2008,37.6159,14056944.361038,0
TGT.US,D,20100826,000000,37.6512,38.0967,37.6159,37.6798,6818276.23575,0
TGT.US,D,20100827,000000,37.7505,38.0967,37.4398,37.7378,8987361.7341307,0
TGT.US,D,20100830,000000,37.6364,37.7151,37.009,37.0523,7375033.0399518,0
TGT.US,D,20100831,000000,36.9371,37.55,36.7877,37.3139,10010880.477366,0
TGT.US,D,20100901,000000,37.6798,38.3977,37.6512,38.1037,7159456.94527,0
TGT.US,D,20100902,000000,38.1725,38.6209,38.1558,38.3279,10909410.758242,0
TGT.US,D,20100903,000000,38.6269,39.042,38.3977,38.5335,7637801.737521,0
TGT.US,D,20100907,000000,38.3132,38.6878,38.0722,38.1725,4497720.9361717,0
TGT.US,D,20100908,000000,38.2393,38.7006,38.1921,38.2826,8067534.5393237,0
TGT.US,D,20100909,000000,38.563,38.8619,38.266,38.4528,5098823.4341135,0
TGT.US,D,20100910,000000,38.4528,38.8187,38.4223,38.7006,4686631.6596732,0
TGT.US,D,20100913,000000,38.9633,39.0872,38.6515,38.7961,4862029.7322561,0
TGT.US,D,20100914,000000,38.8993,39.5061,38.6632,39.2052,7187071.9640017,0
TGT.US,D,20100915,000000,39.0656,39.395,38.9475,39.213,4404518.2144459,0
TGT.US,D,20100916,000000,39.037,39.4353,38.8246,39.3556,4516459.6988825,0
TGT.US,D,20100917,000000,39.4974,39.5838,39.1305,39.1983,7392936.0314771,0
TGT.US,D,20100920,000000,39.3488,39.9192,39.1983,39.8268,4940244.4940732,0
TGT.US,D,20100921,000000,39.8523,39.8523,39.2602,39.4353,6539835.3033232,0
TGT.US,D,20100922,000000,39.4472,39.6507,39.0232,39.454,5131189.7408619,0
TGT.US,D,20100923,000000,39.095,39.6428,38.9248,39.2179,4449574.6187196,0
TGT.US,D,20100924,000000,39.6143,40.3185,39.3223,40.1532,6071757.6855623,0
TGT.US,D,20100927,000000,39.9851,40.115,39.5209,39.6674,5693329.236859,0
TGT.US,D,20100928,000000,39.2455,39.9429,39.0656,39.7697,8714051.3386892,0
TGT.US,D,20100929,000000,39.7766,39.7766,38.9387,39.0508,8454099.0476694,0
TGT.US,D,20100930,000000,39.1826,39.4353,38.8246,38.978,9833887.1189068,0
TGT.US,D,20101001,000000,39.2249,39.3419,38.8776,39.0016,6981251.6169168,0
TGT.US,D,20101004,000000,38.8836,39.1245,38.6338,38.9633,6406411.8558615,0
TGT.US,D,20101005,000000,39.2455,39.5908,39.0872,39.5593,7526843.4534937,0
TGT.US,D,20101006,000000,39.5593,39.7392,39.2249,39.4353,7792632.9250193,0
TGT.US,D,20101007,000000,39.4619,39.8268,39.0872,39.6212,9669833.9792769,0
TGT.US,D,20101008,000000,39.6743,39.874,39.3282,39.5327,9067626.2705339,0
TGT.US,D,20101011,000000,39.6055,40.115,39.5593,40.0048,6128876.8505956,0
TGT.US,D,20101012,000000,40.0186,40.051,39.7314,39.9272,7934557.4465463,0
TGT.US,D,20101013,000000,39.8867,40.1759,39.6428,39.6891,5558005.4775415,0
TGT.US,D,20101014,000000,39.7225,39.8405,39.037,39.4353,7760828.8828276,0
TGT.US,D,20101015,000000,39.6743,39.8189,39.3635,39.6291,5770043.2708539,0
TGT.US,D,20101018,000000,39.5474,39.6567,39.2052,39.4157,5960937.6799794,0
TGT.US,D,20101019,000000,39.1481,39.4097,38.8187,39.0232,7954508.1791513,0
TGT.US,D,20101020,000000,39.1422,39.5593,38.9111,39.5209,7066231.8549724,0
TGT.US,D,20101021,000000,39.5908,40.0785,39.3419,39.5396,7355039.6037096,0
TGT.US,D,20101022,000000,39.5474,39.6891,38.9849,39.2937,6567022.2689294,0
TGT.US,D,20101025,000000,39.4393,39.7697,39.157,39.213,5697564.0142161,0
TGT.US,D,20101026,000000,39.037,39.1983,38.6947,38.7577,7375744.7672387,0
TGT.US,D,20101027,000000,38.5187,38.5335,37.8185,38.4616,8872941.4052292,0
TGT.US,D,20101028,000000,38.6632,38.6947,37.9413,38.1921,8321015.1957989,0
TGT.US,D,20101029,000000,38.0466,38.0839,37.6709,37.8863,8739980.5805041,0
TGT.US,D,20101101,000000,38.2088,39.2858,37.8764,39.0085,16292308.954635,0
TGT.US,D,20101102,000000,39.1098,39.5671,38.7577,39.3488,7066643.6400456,0
TGT.US,D,20101103,000000,39.3862,39.4472,38.8373,39.3635,7369579.1754276,0
TGT.US,D,20101104,000000,39.9644,40.9608,39.8867,39.9429,12800406.104073,0
TGT.US,D,20101105,000000,40.0785,40.3717,39.8592,40.2271,6190980.1401437,0
TGT.US,D,20101108,000000,40.1612,40.2171,39.7609,40.0431,3721184.7792825,0
TGT.US,D,20101109,000000,39.9911,40.115,39.5671,39.7225,4084125.0254696,0
TGT.US,D,20101110,000000,39.6291,39.8189,39.3006,39.809,4757758.634466,0
TGT.US,D,20101111,000000,39.5474,39.8592,39.3773,39.6055,4920602.8544614,0
TGT.US,D,20101112,000000,39.4472,39.8405,39.3282,39.5278,5742908.1596643,0
TGT.US,D,20101115,000000,39.5995,39.7766,39.4226,39.5061,4807921.1736465,0
TGT.US,D,20101116,000000,39.4393,39.753,38.8836,39.2308,8145711.6812697,0
TGT.US,D,20101117,000000,40.0264,40.7366,39.9359,40.5683,14658886.69718,0
TGT.US,D,20101118,000000,41.0128,41.305,40.3265,40.35,10848758.375606,0
TGT.US,D,20101119,000000,40.4052,41.0945,40.1829,41.072,12498568.662219,0
TGT.US,D,20101122,000000,41.0562,41.2096,40.5802,40.6784,8573261.5138081,0
TGT.US,D,20101123,000000,40.4681,40.7581,40.2418,40.2881,8640942.711779,0
TGT.US,D,20101124,000000,40.4601,41.8243,40.4601,41.7535,9540482.6286496,0
TGT.US,D,20101126,000000,41.5165,41.7535,41.2755,41.4633,2812421.893527,0
TGT.US,D,20101129,000000,41.2903,41.305,40.7129,41.0877,7840954.1240333,0
TGT.US,D,20101130,000000,40.8359,41.902,40.83,41.5283,9226785.7766898,0
TGT.US,D,20101201,000000,42.0112,42.4145,41.7535,42.32,7797700.4233019,0
TGT.US,D,20101202,000000,42.375,43.6173,41.8961,43.5061,14709077.70545,0
TGT.US,D,20101203,000000,43.1639,43.3113,42.6318,43.1176,9374341.0778094,0
TGT.US,D,20101206,000000,43.0341,43.3408,42.8738,43.2012,5665867.7478708,0
TGT.US,D,20101207,000000,43.3595,43.7609,43.0576,43.098,6337908.1044977,0
TGT.US,D,20101208,000000,43.1108,43.2661,42.7636,43.1265,3690419.8589298,0
TGT.US,D,20101209,000000,43.4137,43.5356,43.0341,43.333,6391417.7954331,0
TGT.US,D,20101210,000000,43.4422,43.7048,42.8993,42.9966,5347574.1543908,0
TGT.US,D,20101213,000000,43.2012,43.3478,42.7774,42.8796,4824043.8302013,0
TGT.US,D,20101214,000000,43.0194,43.3251,42.9524,43.0911,5653830.4059428,0
TGT.US,D,20101215,000000,42.9072,43.1944,42.617,42.8738,6442051.0913763,0
TGT.US,D,20101216,000000,42.9072,43.4756,42.8796,43.0803,5193133.4001471,0
TGT.US,D,20101217,000000,42.9387,43.098,42.6632,42.683,9412141.9307697,0
TGT.US,D,20101220,000000,42.916,42.9672,42.5521,42.7419,3880344.2854384,0
TGT.US,D,20101221,000000,42.8944,43.7304,42.7056,43.5446,7679600.4643273,0
TGT.US,D,20101222,000000,43.4844,44.2379,43.4844,43.7863,7441869.3159578,0
TGT.US,D,20101223,000000,43.5661,44.1907,43.5661,43.9497,4571487.4024456,0
TGT.US,D,20101227,000000,43.8081,44.0745,43.572,43.8022,2298896.4214847,0
TGT.US,D,20101228,000000,43.8081,44.1375,43.6025,43.6979,2919661.9108569,0
TGT.US,D,20101229,000000,43.7244,44.0048,43.6252,43.6842,3762281.9463346,0
TGT.US,D,20101230,000000,43.6684,43.9319,43.5947,43.7244,2369114.4188567,0
TGT.US,D,20101231,000000,43.7127,43.9497,43.5661,43.8563,2725897.2072589,0
TGT.US,D,20110103,000000,43.9497,44.469,43.8425,44.3234,7351284.7338945,0
TGT.US,D,20110104,000000,44.229,44.3234,43.5238,43.753,5627900.1473745,0
TGT.US,D,20110105,000000,43.3822,43.6025,42.7499,42.9879,10067984.3911,0
TGT.US,D,20110106,000000,40.7099,40.8103,39.5995,40.0648,39135914.055419,0
TGT.US,D,20110107,000000,40.2271,40.2821,39.9272,40.1532,17201209.102081,0
TGT.US,D,20110110,000000,40.3343,40.4808,40.1366,40.2763,14890240.769058,0
TGT.US,D,20110111,000000,40.4808,40.5408,40.1217,40.2556,11296817.138293,0
TGT.US,D,20110112,000000,40.3912,40.6539,40.1532,40.4444,11256771.294119,0
TGT.US,D,20110113,000000,41.0483,41.1368,40.2626,40.4209,9840181.8383828,0
TGT.US,D,20110114,000000,40.4896,40.5802,40.108,40.169,8693547.4923069,0
TGT.US,D,20110118,000000,40.1887,40.3431,39.7846,39.8445,8751037.7722827,0
TGT.US,D,20110119,000000,39.8671,39.9272,39.2858,39.7697,16298472.512939,0
TGT.US,D,20110120,000000,40.0785,40.6784,39.9979,40.5173,10663971.603356,0
TGT.US,D,20110121,000000,40.7581,41.1634,40.6087,40.647,8142222.1840574,0
TGT.US,D,20110124,000000,40.5408,40.8103,40.0048,40.7011,7592814.4724695,0
TGT.US,D,20110125,000000,40.588,41.0208,40.4808,40.8103,8594568.5952714,0
TGT.US,D,20110126,000000,40.8595,40.8831,40.533,40.5458,6027935.6197549,0
TGT.US,D,20110127,000000,40.4129,40.6942,39.9359,39.9911,13336855.295273,0
TGT.US,D,20110128,000000,39.9791,40.1946,39.5838,39.6428,7755296.7283019,0
TGT.US,D,20110131,000000,40.053,40.0865,39.6999,39.992,8227402.7225066,0
TGT.US,D,20110201,000000,39.8592,40.1445,39.8022,39.8523,8984773.0803129,0
TGT.US,D,20110202,000000,39.6979,39.7943,38.7006,38.9947,17066408.970696,0
TGT.US,D,20110203,000000,39.0656,39.5908,38.9387,39.4284,11447577.245711,0
TGT.US,D,20110204,000000,39.3635,39.753,39.1826,39.5838,7158595.7552529,0
TGT.US,D,20110207,000000,39.6891,40.0431,39.5533,39.9724,7134432.6138628,0
TGT.US,D,20110208,000000,39.9025,40.5016,39.8445,40.3972,6471700.6333952,0
TGT.US,D,20110209,000000,40.2626,40.3647,39.9911,40.1217,6762617.128408,0
TGT.US,D,20110210,000000,40.051,40.0933,39.6428,39.7943,6032266.9886722,0
TGT.US,D,20110211,000000,39.6507,39.8268,39.4974,39.6674,7874745.9188619,0
TGT.US,D,20110214,000000,39.5278,39.5278,39.0803,39.1166,8020591.0409864,0
TGT.US,D,20110215,000000,39.0872,39.514,39.0291,39.2858,8124917.0434531,0
TGT.US,D,20110216,000000,39.3556,39.7431,39.0872,39.1983,7285230.3411508,0
TGT.US,D,20110217,000000,39.1374,39.3223,38.737,38.7665,10234105.606875,0
TGT.US,D,20110218,000000,38.4754,38.5108,37.7437,37.8548,31622785.586744,0
TGT.US,D,20110222,000000,37.5912,37.7437,37.1741,37.249,20350811.797776,0
TGT.US,D,20110223,000000,37.308,37.3729,36.469,36.6589,24484153.781888,0
TGT.US,D,20110224,000000,37.0168,38.255,36.833,37.9276,23536447.2125,0
TGT.US,D,20110225,000000,38.0869,38.4439,37.6649,38.1921,13016485.491622,0
TGT.US,D,20110228,000000,38.1509,38.4488,37.9502,38.3328,9223333.8993483,0
TGT.US,D,20110301,000000,38.4311,38.6416,38.266,38.266,14027533.756038,0
TGT.US,D,20110302,000000,38.3662,38.4223,37.9276,38.1479,12820996.374484,0
TGT.US,D,20110303,000000,38.0358,38.0722,37.3797,37.9856,17786429.913994,0
TGT.US,D,20110304,000000,38.1312,38.2905,37.5283,37.6719,15184402.740499,0
TGT.US,D,20110307,000000,37.7958,38.0437,37.3227,37.4171,10868422.38379,0
TGT.US,D,20110308,000000,37.2146,37.7505,37.1222,37.5687,11691852.218106,0
TGT.US,D,20110309,000000,37.4546,37.8548,37.1909,37.6649,6700970.3610767,0
TGT.US,D,20110310,000000,37.3954,37.6649,37.2213,37.3158,7160925.1369876,0
TGT.US,D,20110311,000000,37.5048,37.9276,37.2421,37.5824,7954693.2282459,0
TGT.US,D,20110314,000000,37.4546,37.4546,37.068,37.249,6146314.1691247,0
TGT.US,D,20110315,000000,36.7473,37.2843,36.5428,37.0926,7703816.4768872,0
TGT.US,D,20110316,000000,36.9795,37.1417,36.708,36.948,8030687.4009278,0
TGT.US,D,20110317,000000,37.2765,37.3729,36.5792,36.7503,7651555.3589637,0
TGT.US,D,20110318,000000,36.8989,36.9647,36.0668,36.4601,21243683.846722,0
TGT.US,D,20110321,000000,37.1909,37.2066,36.7553,36.9647,5392191.3212531,0
TGT.US,D,20110322,000000,36.9185,37.2352,36.7925,36.833,7582458.8404452,0
TGT.US,D,20110323,000000,36.7228,36.833,36.5202,36.6441,7843702.408114,0
TGT.US,D,20110324,000000,36.5713,37.0248,36.5369,36.9136,8349806.5980605,0
TGT.US,D,20110325,000000,36.8782,36.8989,36.3893,36.4326,13541033.585831,0
TGT.US,D,20110328,000000,36.5772,36.6293,36.0323,36.1406,8581806.308264,0
TGT.US,D,20110329,000000,36.1769,36.235,35.7609,35.8554,12861115.424892,0
TGT.US,D,20110330,000000,36.0244,36.7149,35.9074,36.6589,10480391.717233,0
TGT.US,D,20110331,000000,36.5212,36.6628,36.2989,36.4779,8598653.9098981,0
TGT.US,D,20110401,000000,36.5202,36.8919,36.469,36.7306,8138077.8977412,0
TGT.US,D,20110404,000000,36.7396,36.8703,36.2949,36.5133,7397417.879878,0
TGT.US,D,20110405,000000,36.3598,37.2765,36.3598,37.007,9200087.8694049,0
TGT.US,D,20110406,000000,37.2352,37.2923,37.0248,37.1674,7361063.8668164,0
TGT.US,D,20110407,000000,36.8919,36.9559,36.169,36.1926,17098969.477319,0
TGT.US,D,20110408,000000,36.0323,36.41,35.813,36.1258,11493585.331041,0
TGT.US,D,20110411,000000,36.1258,36.3008,35.9153,35.929,7513080.6812716,0
TGT.US,D,20110412,000000,35.8465,36.8889,35.8336,36.7945,13618135.002821,0
TGT.US,D,20110413,000000,36.769,36.9185,36.3736,36.5369,7807175.5469971,0
TGT.US,D,20110414,000000,36.4464,36.6736,36.287,36.4838,5707569.8831167,0
TGT.US,D,20110415,000000,36.5821,36.9351,36.4986,36.6441,7286971.0227439,0
TGT.US,D,20110418,000000,36.4248,36.7228,36.2143,36.6667,5778700.9249224,0
TGT.US,D,20110419,000000,36.6589,36.6805,36.0756,36.3372,9823791.7757187,0
TGT.US,D,20110420,000000,36.6589,37.0434,36.4464,36.5054,7186181.2881398,0
TGT.US,D,20110421,000000,36.5428,36.5772,36.3245,36.3962,5728041.1933943,0
TGT.US,D,20110425,000000,36.3736,36.4405,36.0962,36.1021,5023246.1302712,0
TGT.US,D,20110426,000000,36.1021,36.5083,36.1021,36.3598,8747518.7892256,0
TGT.US,D,20110427,000000,36.4405,37.0365,36.3667,36.8989,7288377.1925122,0
TGT.US,D,20110428,000000,36.833,37.0926,36.5585,36.6293,6437792.9286941,0
TGT.US,D,20110429,000000,36.2989,36.2989,35.756,35.811,12555624.78855,0
TGT.US,D,20110502,000000,35.9861,36.0756,35.398,35.5976,13937624.298144,0
TGT.US,D,20110503,000000,35.517,35.9851,35.3803,35.8612,10892331.336864,0
TGT.US,D,20110504,000000,35.8996,36.0962,35.517,35.8828,11232973.167152,0
TGT.US,D,20110505,000000,35.759,37.1269,35.6664,36.7188,18067312.071014,0
TGT.US,D,20110506,000000,37.0493,37.0897,36.7945,36.835,12080808.130136,0
TGT.US,D,20110509,000000,36.8152,36.8152,36.3314,36.471,6516013.7910308,0
TGT.US,D,20110510,000000,36.8083,36.9097,36.6618,36.8152,6326986.1409037,0
TGT.US,D,20110511,000000,37.0405,37.3729,36.8447,37.0582,10317118.427358,0
TGT.US,D,20110512,000000,37.1398,37.8863,36.9165,37.7515,10850050.669009,0
TGT.US,D,20110513,000000,37.844,38.018,37.3729,37.5765,8629643.5327229,0
TGT.US,D,20110516,000000,37.6227,37.6591,36.8221,36.8959,9615546.4720923,0
TGT.US,D,20110517,000000,36.9165,37.2705,36.8516,37.2204,8343271.9248136,0
TGT.US,D,20110518,000000,37.6926,37.79,35.7658,36.6156,27561103.356137,0
TGT.US,D,20110519,000000,36.5605,36.9313,35.9851,36.8595,10101567.751509,0
TGT.US,D,20110520,000000,36.6765,36.7188,36.2517,36.4189,11097086.126524,0
TGT.US,D,20110523,000000,36.1848,36.5231,36.1484,36.288,6750040.9072486,0
TGT.US,D,20110524,000000,36.288,36.5006,35.995,36.0874,8497107.7108634,0
TGT.US,D,20110525,000000,35.928,36.288,35.8691,36.1779,8002753.1216703,0
TGT.US,D,20110526,000000,36.0313,36.3185,35.9064,36.2152,8760532.2142899,0
TGT.US,D,20110527,000000,36.1346,36.3687,36.1021,36.1848,4008637.1959148,0
TGT.US,D,20110531,000000,36.348,36.4779,36.1307,36.2999,7731402.0097742,0
TGT.US,D,20110601,000000,36.3598,36.3746,35.5682,35.5936,11535070.897842,0
TGT.US,D,20110602,000000,35.7156,35.7511,34.974,35.1423,13111727.820401,0
TGT.US,D,20110603,000000,34.9151,35.1581,34.6878,34.739,8717988.207339,0
TGT.US,D,20110606,000000,34.682,34.8659,34.4253,34.7135,8282277.9130796,0
TGT.US,D,20110607,000000,34.7872,35.1491,34.4468,34.4921,9190262.982586,0
TGT.US,D,20110608,000000,34.4921,34.501,34.0977,34.3466,10831933.142544,0
TGT.US,D,20110609,000000,34.4311,34.8157,34.1548,34.5649,8426009.2051621,0
TGT.US,D,20110610,000000,34.5522,34.5522,34.0909,34.2285,8822414.8683791,0
TGT.US,D,20110613,000000,34.2128,34.3524,33.8272,34.028,8090731.7651103,0
TGT.US,D,20110614,000000,34.3072,34.8069,34.2925,34.6613,9581281.8869944,0
TGT.US,D,20110615,000000,34.4695,34.4921,34.0495,34.2355,7503716.3836825,0
TGT.US,D,20110616,000000,34.2128,34.4253,33.8951,34.0417,7656545.5839981,0
TGT.US,D,20110617,000000,34.264,34.6446,34.0732,34.1027,12382572.365754,0
TGT.US,D,20110620,000000,34.0732,34.6878,34.0063,34.6219,7708684.6915297,0
TGT.US,D,20110621,000000,34.7056,35.0202,34.558,34.9455,6765604.3495065,0
TGT.US,D,20110622,000000,34.6968,34.8659,34.2503,34.3152,7471780.1635663,0
TGT.US,D,20110623,000000,34.1548,34.9238,34.0437,34.9062,10341035.514459,0
TGT.US,D,20110624,000000,34.8354,34.9062,33.9502,33.9571,17080569.293446,0
TGT.US,D,20110627,000000,33.666,34.1095,33.4585,34.0495,11323228.321157,0
TGT.US,D,20110628,000000,34.2503,34.6751,34.0662,34.2198,8538546.5070131,0
TGT.US,D,20110629,000000,34.4106,34.4921,34.0662,34.0732,7703407.742074,0
TGT.US,D,20110630,000000,34.2069,34.3849,34.0977,34.3849,9563327.0410526,0
TGT.US,D,20110701,000000,34.4843,35.1581,34.3289,35.1314,7406119.2543369,0
TGT.US,D,20110705,000000,35.1796,35.217,34.7784,34.8511,7639296.3648235,0
TGT.US,D,20110706,000000,34.8786,35.7432,34.8786,35.5032,9470026.7110131,0
TGT.US,D,20110707,000000,37.9591,38.2088,37.6227,37.8705,30156770.737946,0
TGT.US,D,20110708,000000,37.3787,37.7004,37.2903,37.4801,13397084.70855,0
TGT.US,D,20110711,000000,37.1398,37.5283,37.0208,37.1487,6552872.1137127,0
TGT.US,D,20110712,000000,37.2018,37.7151,37.2018,37.3325,7948695.4007239,0
TGT.US,D,20110713,000000,37.5765,37.6069,37.2037,37.2538,8724232.0891516,0
TGT.US,D,20110714,000000,37.2538,37.4536,37.1487,37.2263,9783022.0032188,0
TGT.US,D,20110715,000000,37.3287,37.4663,36.9313,37.4456,11225077.061281,0
TGT.US,D,20110718,000000,37.3139,37.3787,36.9028,37.0797,7949056.3481337,0
TGT.US,D,20110719,000000,37.3769,37.6364,37.2873,37.5972,9711210.7534774,0
TGT.US,D,20110720,000000,37.6729,37.7378,37.2411,37.3492,7850320.4551288,0
TGT.US,D,20110721,000000,37.5195,38.1105,37.4948,37.9159,8686489.1911274,0
TGT.US,D,20110722,000000,37.9159,38.024,37.6374,37.9738,5326500.9261791,0
TGT.US,D,20110725,000000,37.6649,37.7594,37.4241,37.4801,4606340.687685,0
TGT.US,D,20110726,000000,37.5892,37.6364,36.8812,37.0985,8042066.9034919,0
TGT.US,D,20110727,000000,37.0011,37.2204,36.828,36.9028,7327048.3862692,0
TGT.US,D,20110728,000000,36.9037,37.3542,36.8673,36.9637,5817570.3855665,0
TGT.US,D,20110729,000000,37.2421,37.9895,36.9579,37.7368,12972306.545417,0
TGT.US,D,20110801,000000,37.8705,37.8774,36.8595,37.4536,12024160.738618,0
TGT.US,D,20110802,000000,37.0158,37.2441,35.8641,35.8789,11103162.244048,0
TGT.US,D,20110803,000000,35.9665,36.5379,35.6026,36.4631,12991707.214506,0
TGT.US,D,20110804,000000,36.357,36.5379,34.9553,35.041,17582630.872403,0
TGT.US,D,20110805,000000,35.4275,35.814,34.6711,35.6606,15356291.997558,0
TGT.US,D,20110808,000000,34.8914,35.276,33.188,34.0347,17737858.593675,0
TGT.US,D,20110809,000000,34.3702,35.9173,34.1017,35.8789,19602934.865225,0
TGT.US,D,20110810,000000,35.3724,35.4766,34.1606,34.2275,13303016.729794,0
TGT.US,D,20110811,000000,34.4636,35.1285,34.2797,34.6466,16550770.685366,0
TGT.US,D,20110812,000000,35.1285,35.8298,34.4116,35.5287,9373123.0073955,0
TGT.US,D,20110815,000000,35.6832,35.7108,35.0479,35.4895,8145974.0036126,0
TGT.US,D,20110816,000000,35.4835,36.6392,35.4835,36.41,12002827.22157,0
TGT.US,D,20110817,000000,38.3741,38.5412,36.9254,37.2805,29460643.496423,0
TGT.US,D,20110818,000000,36.5212,37.4918,36.0992,37.3472,19317038.081091,0
TGT.US,D,20110819,000000,36.9037,37.547,36.6981,36.8152,11626235.029267,0
TGT.US,D,20110822,000000,37.3375,37.3916,36.0196,36.9116,8330912.2720998,0
TGT.US,D,20110823,000000,36.9116,37.3827,36.8044,37.3375,8440636.2176611,0
TGT.US,D,20110824,000000,37.302,37.9306,37.0611,37.6139,6638303.7902187,0
TGT.US,D,20110825,000000,37.5805,37.8195,36.9637,37.0985,6263621.0605511,0
TGT.US,D,20110826,000000,36.9401,37.7308,36.5448,37.4841,6357087.1213731,0
TGT.US,D,20110829,000000,37.8362,37.9079,37.4436,37.8627,5931611.4654993,0
TGT.US,D,20110830,000000,37.7093,37.8991,37.2588,37.5805,8809682.0672165,0
TGT.US,D,20110831,000000,37.782,38.3514,37.7585,38.1067,12759729.872873,0
TGT.US,D,20110901,000000,38.4616,38.5255,37.4703,37.6581,10741305.856843,0
TGT.US,D,20110902,000000,37.3434,37.3434,36.6628,36.6628,6376021.100711,0
TGT.US,D,20110906,000000,35.9526,36.4405,35.6674,36.3893,7016851.1990542,0
TGT.US,D,20110907,000000,36.9116,37.302,36.5841,37.302,7729123.4657028,0
TGT.US,D,20110908,000000,37.0355,37.9159,36.8044,37.311,13333991.10132,0
TGT.US,D,20110909,000000,37.068,37.2588,36.5143,36.8899,10813821.716599,0
TGT.US,D,20110912,000000,36.4543,37.1299,36.1976,36.9549,7189817.1978226,0
TGT.US,D,20110913,000000,36.9786,37.6649,36.7031,37.5745,8957448.8530156,0
TGT.US,D,20110914,000000,37.844,38.2188,37.5745,37.8195,9312755.3156741,0
TGT.US,D,20110915,000000,38.2443,38.2531,37.6581,38.1282,6677174.267616,0
TGT.US,D,20110916,000000,38.321,39.3754,38.2738,38.8344,15087127.921939,0
TGT.US,D,20110919,000000,38.2895,39.0734,38.2246,38.9091,8618414.5096422,0
TGT.US,D,20110920,000000,39.0222,39.1846,38.5412,38.5571,5979440.5559321,0
TGT.US,D,20110921,000000,38.3829,39.037,37.9159,37.9306,6554016.9778913,0
TGT.US,D,20110922,000000,37.0425,37.8362,35.8572,36.234,18001786.389968,0
TGT.US,D,20110923,000000,36.1897,36.6392,35.999,36.2408,10925573.068175,0
TGT.US,D,20110926,000000,36.5212,37.4436,36.4179,37.3325,8038723.81875,0
TGT.US,D,20110927,000000,37.844,38.1696,37.0985,37.1929,10340746.75653,0
TGT.US,D,20110928,000000,37.1861,37.8362,36.7582,36.8673,10327779.085364,0
TGT.US,D,20110929,000000,37.5253,37.5805,36.3667,37.0425,10694525.039029,0
TGT.US,D,20110930,000000,36.6854,36.7925,36.1425,36.1632,11924579.923649,0
TGT.US,D,20111003,000000,35.9026,36.2851,35.2445,35.2515,11402256.485587,0
TGT.US,D,20111004,000000,35.1206,36.5379,35.1206,36.4838,13769402.470119,0
TGT.US,D,20111005,000000,36.6244,36.7661,36.1878,36.6991,8296478.9059598,0
TGT.US,D,20111006,000000,37.844,38.6574,37.6119,38.2846,18650661.04016,0
TGT.US,D,20111007,000000,38.4764,38.6082,37.6139,38.025,9830212.5725999,0
TGT.US,D,20111010,000000,38.4026,38.8747,38.2325,38.8167,6531345.4135437,0
TGT.US,D,20111011,000000,38.5412,39.2268,38.2325,39.1383,9012789.716585,0
TGT.US,D,20111012,000000,39.096,39.5248,38.8984,38.9042,7523891.8187597,0
TGT.US,D,20111013,000000,38.6456,39.1176,38.5492,38.8895,6314622.4211769,0
TGT.US,D,20111014,000000,39.096,39.3252,38.7715,39.0508,6511199.4643115,0
TGT.US,D,20111017,000000,38.8344,39.2337,38.8078,39.0164,5457090.6822855,0
TGT.US,D,20111018,000000,39.0164,39.8278,38.8167,39.5583,7608589.3994069,0
TGT.US,D,20111019,000000,39.573,39.8032,39.214,39.2898,5699457.2087992,0
TGT.US,D,20111020,000000,39.28,39.6891,39.042,39.6124,6375904.1740854,0
TGT.US,D,20111021,000000,39.9182,40.3008,39.7176,40.292,7973998.3225264,0
TGT.US,D,20111024,000000,40.1277,40.6894,40.1277,40.3589,5934393.3024378,0
TGT.US,D,20111025,000000,40.232,40.4916,39.9272,40.117,5262833.8701063,0
TGT.US,D,20111026,000000,40.4611,40.9107,39.9045,40.6736,8872193.0748247,0
TGT.US,D,20111027,000000,41.2618,41.301,40.4611,40.9756,10221039.310641,0
TGT.US,D,20111028,000000,40.8437,40.9706,40.4129,40.7405,7301522.7955012,0
TGT.US,D,20111031,000000,40.7748,40.8555,40.1917,40.3775,5822197.6296845,0
TGT.US,D,20111101,000000,39.2642,39.3203,38.0849,38.799,22326710.108415,0
TGT.US,D,20111102,000000,39.332,39.9389,38.8984,39.0291,16519293.020973,0
TGT.US,D,20111103,000000,38.1144,38.8266,37.6984,38.5226,13620253.91663,0
TGT.US,D,20111104,000000,38.4046,38.6043,37.9236,38.4803,7139571.2848741,0
TGT.US,D,20111107,000000,38.5531,38.9928,38.4046,38.9613,5246454.9917282,0
TGT.US,D,20111108,000000,39.0872,39.1934,38.5875,39.1245,7054864.5534474,0
TGT.US,D,20111109,000000,38.4646,38.6121,38.0033,38.1224,7968607.4967047,0
TGT.US,D,20111110,000000,38.4184,38.5531,38.019,38.1833,5324954.4444599,0
TGT.US,D,20111111,000000,38.3514,39.1846,38.3377,39.1383,5819422.9100189,0
TGT.US,D,20111114,000000,38.9357,39.3252,38.7832,39.0498,5049990.8082062,0
TGT.US,D,20111115,000000,38.9613,39.7354,38.8974,39.4393,8801662.9341997,0
TGT.US,D,20111116,000000,40.5713,40.7868,39.1993,39.2642,17707966.047625,0
TGT.US,D,20111117,000000,39.6005,39.8661,38.6878,39.042,8617007.3231206,0
TGT.US,D,20111118,000000,39.1678,39.4698,38.7183,39.3124,8258192.0449377,0
TGT.US,D,20111121,000000,38.6043,39.1432,38.2846,38.9672,7965798.2074279,0
TGT.US,D,20111122,000000,38.9672,39.3203,38.8875,39.0793,7271289.637107,0
TGT.US,D,20111123,000000,38.7095,38.7302,38.2188,38.2188,7042958.3726908,0
TGT.US,D,20111125,000000,38.3141,38.4725,37.9808,37.9808,3141505.2726764,0
TGT.US,D,20111128,000000,38.8728,38.9829,38.0849,38.2915,6365379.7610186,0
TGT.US,D,20111129,000000,38.5452,39.1039,38.3092,38.7449,7573599.8692298,0
TGT.US,D,20111130,000000,39.4393,39.4974,38.4843,39.0842,12339849.410228,0
TGT.US,D,20111201,000000,39.1383,39.4462,38.562,38.681,12045435.283977,0
TGT.US,D,20111202,000000,39.0006,39.5681,38.8207,39.2199,10142294.820372,0
TGT.US,D,20111205,000000,39.453,39.6576,39.214,39.5474,5904018.8153396,0
TGT.US,D,20111206,000000,39.5632,39.9724,39.337,39.7973,5661980.7001311,0
TGT.US,D,20111207,000000,39.7736,40.1917,39.6773,40.1917,11321075.85449,0
TGT.US,D,20111208,000000,39.9349,40.2743,39.5681,39.6576,6831639.4239382,0
TGT.US,D,20111209,000000,39.8435,39.9791,39.5278,39.6773,5357834.211608,0
TGT.US,D,20111212,000000,39.6232,39.7816,39.3252,39.6576,5915039.4040005,0
TGT.US,D,20111213,000000,39.6832,39.7816,39.0154,39.1678,6022118.7743142,0
TGT.US,D,20111214,000000,38.977,39.1757,38.7518,38.9229,4621673.3269513,0
TGT.US,D,20111215,000000,39.2199,39.3203,38.562,38.62,4919581.017428,0
TGT.US,D,20111216,000000,38.8875,39.0006,38.4184,38.7183,5615848.5709009,0
TGT.US,D,20111219,000000,38.6957,38.8974,38.0475,38.1549,4237938.4429477,0
TGT.US,D,20111220,000000,38.5452,38.6043,37.9236,38.4046,8953487.5822874,0
TGT.US,D,20111221,000000,38.3377,38.6338,38.262,38.3604,9099663.1492238,0
TGT.US,D,20111222,000000,38.3514,38.5817,37.9236,38.026,7874816.0748374,0
TGT.US,D,20111223,000000,38.2088,38.3604,37.9079,38.3437,4504243.4083795,0
TGT.US,D,20111227,000000,38.1833,38.7302,38.0849,38.6515,4923839.1801102,0
TGT.US,D,20111228,000000,38.7095,38.8207,38.3141,38.3514,4043966.3216831,0
TGT.US,D,20111229,000000,38.494,38.62,38.2088,38.3299,4256424.0340949,0
TGT.US,D,20111230,000000,38.378,38.378,37.9895,37.9895,3450731.4605212,0
TGT.US,D,20120103,000000,38.4853,38.499,37.6571,37.9168,10284651.462038,0
TGT.US,D,20120104,000000,37.8557,37.9974,36.7523,37.0867,18999196.942814,0
TGT.US,D,20120105,000000,35.6035,36.1799,35.0469,35.9782,26303836.087078,0
TGT.US,D,20120106,000000,36.2035,36.7602,35.9576,36.3068,16982314.324736,0
TGT.US,D,20120109,000000,36.356,36.356,35.811,36.0254,9161914.8847488,0
TGT.US,D,20120110,000000,36.1799,36.2389,35.995,36.1878,8528477.59941,0
TGT.US,D,20120111,000000,36.0156,36.4179,35.9772,36.3657,5377198.277578,0
TGT.US,D,20120112,000000,36.8074,37.0523,36.3893,36.9451,9564139.4269128,0
TGT.US,D,20120113,000000,36.824,37.248,36.6991,36.949,9226877.2844837,0
TGT.US,D,20120117,000000,37.0158,37.187,36.7306,36.9943,6831602.8208205,0
TGT.US,D,20120118,000000,36.356,37.0119,36.1513,36.9903,12675027.20846,0
TGT.US,D,20120119,000000,37.0463,37.7495,36.7602,37.7495,10121820.459834,0
TGT.US,D,20120120,000000,37.9079,37.9079,37.0562,37.2136,9767929.3177235,0
TGT.US,D,20120123,000000,37.2136,37.546,37.0315,37.1978,8526541.7011896,0
TGT.US,D,20120124,000000,37.1477,37.6414,37.07,37.6414,5853548.1999191,0
TGT.US,D,20120125,000000,37.6414,38.019,37.4349,37.9316,6951180.1222921,0
TGT.US,D,20120126,000000,37.9895,38.0407,37.2775,37.4556,6552574.2050054,0
TGT.US,D,20120127,000000,37.4181,37.6709,37.0238,37.1192,7599841.2542977,0
TGT.US,D,20120130,000000,37.0031,37.4673,36.8989,37.3296,7210224.4526445,0
TGT.US,D,20120131,000000,37.547,37.8991,37.3207,37.6876,9413531.8324857,0
TGT.US,D,20120201,000000,37.9808,38.2266,37.8362,38.1391,8795404.8178413,0
TGT.US,D,20120202,000000,39.0646,39.2278,38.2335,38.5678,13234806.820125,0
TGT.US,D,20120203,000000,38.7832,39.0882,38.6023,38.6721,8202406.8601907,0
TGT.US,D,20120206,000000,38.4548,38.8314,38.4174,38.6023,5001951.2498472,0
TGT.US,D,20120207,000000,38.497,38.9682,38.4912,38.8728,6292546.674244,0
TGT.US,D,20120208,000000,38.8649,39.0164,38.7243,38.9938,7507084.8872563,0
TGT.US,D,20120209,000000,39.038,39.1511,38.8266,39.0882,4428385.4806354,0
TGT.US,D,20120210,000000,38.8314,38.8974,38.5797,38.8875,4337071.8864798,0
TGT.US,D,20120213,000000,39.1944,39.2288,38.8728,39.0577,4174852.9697435,0
TGT.US,D,20120214,000000,38.9367,39.2003,38.8314,38.9938,5949495.1387125,0
TGT.US,D,20120215,000000,38.9938,39.097,38.4233,38.6495,6443863.9624514,0
TGT.US,D,20120216,000000,38.7173,38.857,38.6111,38.737,5268399.5774898,0
TGT.US,D,20120217,000000,38.9613,39.3223,38.8806,39.2671,6743215.4425672,0
TGT.US,D,20120221,000000,39.3782,39.6733,39.0222,39.1944,6802501.3088126,0
TGT.US,D,20120222,000000,39.2583,39.6497,38.977,39.518,9080816.6106666,0
TGT.US,D,20120223,000000,39.878,40.8959,39.2416,40.6539,20964533.220514,0
TGT.US,D,20120224,000000,40.8722,41.3719,40.7434,41.1929,13882127.871324,0
TGT.US,D,20120227,000000,40.9027,41.3492,40.8388,41.2578,8437022.6765502,0
TGT.US,D,20120228,000000,41.2361,41.844,41.1683,41.7771,11055456.18076,0
TGT.US,D,20120229,000000,41.7259,42.4587,41.661,42.2876,14945935.462764,0
TGT.US,D,20120301,000000,42.2157,42.4518,41.9256,42.3377,11023552.496749,0
TGT.US,D,20120302,000000,42.2157,42.4449,42.0426,42.2157,4641089.2473379,0
TGT.US,D,20120305,000000,42.3702,42.4154,41.8617,42.2974,5434378.4478073,0
TGT.US,D,20120306,000000,42.0269,42.2885,41.8617,42.139,8505051.6041384,0
TGT.US,D,20120307,000000,42.1832,42.2806,41.9689,42.2502,8000725.7156558,0
TGT.US,D,20120308,000000,42.3131,42.8118,42.3052,42.6907,6847456.0377595,0
TGT.US,D,20120309,000000,42.8019,43.1138,42.7439,43.0351,5630321.0369033,0
TGT.US,D,20120312,000000,43.095,43.334,43.0438,43.2514,6247139.4900932,0
TGT.US,D,20120313,000000,43.3685,43.6772,43.1138,43.6252,6942316.0673105,0
TGT.US,D,20120314,000000,43.6909,43.8553,43.5573,43.7117,6390043.1450162,0
TGT.US,D,20120315,000000,43.632,43.9025,43.3685,43.8248,6046771.9907791,0
TGT.US,D,20120316,000000,43.879,43.9714,43.3498,43.572,7720004.2056511,0
TGT.US,D,20120319,000000,43.5416,43.64,43.1295,43.5416,5669557.5454768,0
TGT.US,D,20120320,000000,43.1697,43.4727,42.9976,43.2741,7046654.2708164,0
TGT.US,D,20120321,000000,43.3842,43.572,42.922,42.9445,7268037.0434059,0
TGT.US,D,20120322,000000,42.922,43.2199,42.7871,43.213,5680822.1549217,0
TGT.US,D,20120323,000000,43.2574,43.5641,42.9799,43.4087,6541446.8572513,0
TGT.US,D,20120326,000000,43.5041,43.9714,43.4087,43.9113,5196208.0620265,0
TGT.US,D,20120327,000000,43.8179,43.8927,43.4087,43.4087,5513914.9888714,0
TGT.US,D,20120328,000000,43.5641,43.8317,43.2898,43.3842,6121599.9474638,0
TGT.US,D,20120329,000000,43.2052,43.2956,42.8925,43.2514,5680358.5154321,0
TGT.US,D,20120330,000000,43.334,43.6517,43.334,43.4649,4994427.2756714,0
TGT.US,D,20120402,000000,43.5278,43.6025,43.2574,43.4806,5558546.3902794,0
TGT.US,D,20120403,000000,43.4727,43.5868,42.9307,43.1787,6100268.4639222,0
TGT.US,D,20120404,000000,42.9387,43.2464,42.5275,43.1315,8023882.2713117,0
TGT.US,D,20120405,000000,43.2858,43.7048,43.0528,43.0694,7868443.0653598,0
TGT.US,D,20120409,000000,42.4154,43.0438,42.3258,42.9062,6541073.7088024,0
TGT.US,D,20120410,000000,42.7075,42.7871,41.9335,42.0741,8058127.5380974,0
TGT.US,D,20120411,000000,42.3377,42.7144,42.3377,42.6672,5962472.9774125,0
TGT.US,D,20120412,000000,42.6239,43.2514,42.5374,43.213,5470749.7456744,0
TGT.US,D,20120413,000000,43.1295,43.3113,42.8186,42.8433,6045565.1046513,0
TGT.US,D,20120416,000000,42.9307,43.0203,42.6239,42.8118,5604255.5501506,0
TGT.US,D,20120417,000000,42.8935,43.1088,42.8285,42.9682,4996514.6701285,0
TGT.US,D,20120418,000000,42.914,42.9799,42.7794,42.8019,3952476.8292122,0
TGT.US,D,20120419,000000,42.8925,42.9602,42.2728,42.3623,4963923.6609083,0
TGT.US,D,20120420,000000,42.4676,42.8118,42.3131,42.7292,4838867.0760807,0
TGT.US,D,20120423,000000,42.5206,42.5561,41.9335,42.2502,4772120.2743621,0
TGT.US,D,20120424,000000,42.3938,42.5561,42.081,42.32,4500404.1480434,0
TGT.US,D,20120425,000000,42.5148,42.7292,42.2157,42.3938,4716900.4044317,0
TGT.US,D,20120426,000000,42.4302,43.0833,42.3702,42.8835,4787159.0719344,0
TGT.US,D,20120427,000000,42.9996,43.7234,42.7518,43.4539,5211833.5262336,0
TGT.US,D,20120430,000000,43.3113,43.4589,42.8767,43.2199,5254935.7307282,0
TGT.US,D,20120501,000000,42.8353,43.5465,42.6239,43.2769,6532459.7751245,0
TGT.US,D,20120502,000000,43.1138,43.2514,42.5069,43.2514,10138423.023931,0
TGT.US,D,20120503,000000,42.915,43.0281,41.9295,42.1813,15208806.852414,0
TGT.US,D,20120504,000000,41.8725,42.084,41.4181,41.5135,7602930.1507228,0
TGT.US,D,20120507,000000,41.5499,41.8971,41.5224,41.5971,4063424.9457068,0
TGT.US,D,20120508,000000,41.3729,41.542,40.9883,41.4378,4105337.548879,0
TGT.US,D,20120509,000000,41.2352,41.5066,41.0483,41.2352,3890130.5356332,0
TGT.US,D,20120510,000000,41.5135,41.5735,40.9952,41.2568,4641751.1537146,0
TGT.US,D,20120511,000000,41.1516,41.8568,41.1092,41.3492,5284984.856781,0
TGT.US,D,20120514,000000,41.184,41.6551,41.125,41.1919,5565857.8630225,0
TGT.US,D,20120515,000000,41.1388,41.6207,41.1388,41.3109,5845710.0489839,0
TGT.US,D,20120516,000000,41.8971,42.3367,41.3492,41.4889,12036010.997945,0
TGT.US,D,20120517,000000,41.5224,41.6354,41.0119,41.1092,6454308.05201,0
TGT.US,D,20120518,000000,41.305,41.9994,41.184,41.5971,9525471.2834157,0
TGT.US,D,20120521,000000,41.5735,41.9365,41.1997,41.8725,6373431.4301401,0
TGT.US,D,20120522,000000,41.9197,42.675,41.8568,42.5049,7702909.5329731,0
TGT.US,D,20120523,000000,42.1813,42.6672,41.9561,42.5826,5274735.9838497,0
TGT.US,D,20120524,000000,42.6475,43.0438,42.4902,42.9387,5245149.4805334,0
TGT.US,D,20120525,000000,43.0763,43.2858,42.8776,43.2149,5724959.414242,0
TGT.US,D,20120529,000000,43.4255,43.629,43.0438,43.5995,6391256.1316637,0
TGT.US,D,20120530,000000,43.3508,43.3792,42.7518,43.3448,9644701.8720234,0
TGT.US,D,20120531,000000,43.6497,43.8455,43.3792,43.4344,9143335.7523011,0
TGT.US,D,20120601,000000,42.915,43.1038,42.6406,42.8983,6413536.2460034,0
TGT.US,D,20120604,000000,42.9465,43.3508,42.7439,43.1806,8200509.5985945,0
TGT.US,D,20120605,000000,42.6997,43.1315,42.6997,42.9898,5326315.8770845,0
TGT.US,D,20120606,000000,43.2769,43.338,42.9465,43.1245,12668309.519625,0
TGT.US,D,20120607,000000,43.5001,43.5001,42.9534,42.9898,7421408.1732127,0
TGT.US,D,20120608,000000,42.9327,44.4395,42.9327,44.4022,8569596.1182806,0
TGT.US,D,20120611,000000,44.5211,44.5507,43.9487,44.0273,7030213.370489,0
TGT.US,D,20120612,000000,44.0273,44.1749,43.4412,43.6232,7412092.6797804,0
TGT.US,D,20120613,000000,43.6567,43.9891,43.3585,43.5386,6309041.4624944,0
TGT.US,D,20120614,000000,43.6665,44.1897,43.6075,43.9152,5710801.1249991,0
TGT.US,D,20120615,000000,44.1897,44.2546,43.6743,43.877,8023557.9270195,0
TGT.US,D,20120618,000000,43.7234,44.1002,43.2858,43.8533,5112146.9689242,0
TGT.US,D,20120619,000000,43.9428,44.05,43.6075,44.0273,6025480.160615,0
TGT.US,D,20120620,000000,44.05,44.1542,43.5681,43.877,5317785.3171743,0
TGT.US,D,20120621,000000,43.9634,44.0116,42.9996,43.0528,7198678.2025445,0
TGT.US,D,20120622,000000,43.2022,43.3733,43.1088,43.1727,7179029.4456597,0
TGT.US,D,20120625,000000,42.9898,43.1245,42.6632,42.923,4236778.32747,0
TGT.US,D,20120626,000000,42.9465,43.4037,42.9327,43.2229,4657681.643902,0
TGT.US,D,20120627,000000,43.096,43.2681,42.8639,43.1727,4655156.0287868,0
TGT.US,D,20120628,000000,42.9898,43.1727,42.6907,43.096,6883223.3841859,0
TGT.US,D,20120629,000000,43.395,43.6891,42.6997,43.6437,10245592.885286,0
TGT.US,D,20120702,000000,43.7549,43.8533,43.338,43.7048,5484306.1169832,0
TGT.US,D,20120703,000000,43.5169,43.5258,42.9996,43.338,4865677.8429782,0
TGT.US,D,20120705,000000,43.0438,43.7314,42.5275,42.8639,8642794.2194782,0
TGT.US,D,20120706,000000,42.5993,43.6497,42.5364,43.5543,6708620.4126576,0
TGT.US,D,20120709,000000,43.6969,43.7176,43.1639,43.5316,6216086.8285657,0
TGT.US,D,20120710,000000,43.7097,44.6195,43.5258,44.4247,11081040.743219,0
TGT.US,D,20120711,000000,44.5211,44.9706,44.3795,44.8447,12318869.723317,0
TGT.US,D,20120712,000000,44.7591,45.1723,44.4553,44.9106,8688634.5405208,0
TGT.US,D,20120713,000000,44.8634,46.4872,44.7671,46.4636,14070428.542865,0
TGT.US,D,20120716,000000,46.2954,46.6358,46.0898,46.1283,8552165.9170245,0
TGT.US,D,20120717,000000,45.5115,46.0524,45.4958,45.9462,10394493.350977,0
TGT.US,D,20120718,000000,45.8263,46.1705,45.6551,46.0436,5557649.613898,0
TGT.US,D,20120719,000000,46.1488,46.1775,45.4958,45.9375,4595608.8569519,0
TGT.US,D,20120720,000000,45.8096,46.202,45.7524,46.0259,4784840.8744857,0
TGT.US,D,20120723,000000,45.5882,45.6473,45.189,45.3316,5679859.2895779,0
TGT.US,D,20120724,000000,45.3925,45.6473,45.128,45.4152,5030923.6341902,0
TGT.US,D,20120725,000000,45.5499,45.661,45.0011,45.2706,4337279.3041462,0
TGT.US,D,20120726,000000,45.8626,46.0339,45.5273,45.7949,4309502.6216452,0
TGT.US,D,20120727,000000,45.9375,46.4095,45.9178,46.142,4748862.0433797,0
TGT.US,D,20120730,000000,46.0259,46.621,45.966,46.5314,4851142.3382733,0
TGT.US,D,20120731,000000,45.7387,45.9088,45.0011,45.4879,9631465.7779936,0
TGT.US,D,20120801,000000,45.661,45.7457,45.0896,45.4643,6458521.4775484,0
TGT.US,D,20120802,000000,45.661,46.5776,45.4152,46.4794,7065689.9254811,0
TGT.US,D,20120803,000000,46.8236,47.1471,46.5471,46.7704,5223943.0576436,0
TGT.US,D,20120806,000000,46.9111,47.1757,46.7951,46.7951,3220996.0598434,0
TGT.US,D,20120807,000000,46.9435,47.1816,46.7704,46.9829,4545147.3923108,0
TGT.US,D,20120808,000000,46.8156,47.2514,46.6563,47.2072,3762428.358805,0
TGT.US,D,20120809,000000,47.2149,47.2298,46.8815,47.0193,3756651.1667419,0
TGT.US,D,20120810,000000,47.0704,47.1687,46.7871,47.1304,3912593.6655609,0
TGT.US,D,20120813,000000,47.2357,47.2357,46.9426,47.154,4650166.8205055,0
TGT.US,D,20120814,000000,47.3212,47.8759,47.2593,47.8081,6337755.5915077,0
TGT.US,D,20120815,000000,48.5574,49.0267,48.3676,48.6558,12009101.605981,0
TGT.US,D,20120816,000000,48.6096,48.6833,48.0047,48.2103,7602998.2731918,0
TGT.US,D,20120817,000000,48.2949,48.3923,48.0904,48.3834,4007162.9036776,0
TGT.US,D,20120820,000000,48.2772,48.3609,47.8494,48.0047,5600741.6508598,0
TGT.US,D,20120821,000000,48.1955,48.527,48.0549,48.3746,5521617.9116221,0
TGT.US,D,20120822,000000,48.3746,48.5427,47.8611,48.0362,3547620.9295932,0
TGT.US,D,20120823,000000,47.9015,47.9753,47.2966,47.5169,3796022.9034998,0
TGT.US,D,20120824,000000,47.5258,48.1257,47.5081,48.0451,3664998.9937483,0
TGT.US,D,20120827,000000,48.0175,48.0362,47.7058,47.7913,3167543.3070909,0
TGT.US,D,20120828,000000,47.8494,48.6558,47.7589,48.1356,6020892.5698743,0
TGT.US,D,20120829,000000,48.1661,48.6558,48.0904,48.4749,6317358.5042184,0
TGT.US,D,20120830,000000,48.5172,48.7,48.2565,48.4001,4628364.5802014,0
TGT.US,D,20120831,000000,48.6775,48.6913,48.2772,48.3431,5130660.0124098,0
TGT.US,D,20120904,000000,48.2772,48.3609,48.0047,48.1611,4313779.0858861,0
TGT.US,D,20120905,000000,48.2408,48.4375,47.9093,48.0737,3507878.0778929,0
TGT.US,D,20120906,000000,48.3155,48.9303,48.1661,48.9303,3967639.6706828,0
TGT.US,D,20120907,000000,48.9303,49.0109,48.1798,48.2772,5137968.4348929,0
TGT.US,D,20120910,000000,48.4749,48.9765,48.3008,48.8811,5083065.7919817,0
TGT.US,D,20120911,000000,48.708,48.768,48.4818,48.6411,4554861.4530238,0
TGT.US,D,20120912,000000,48.6558,48.9116,48.3746,48.5654,3060283.9714489,0
TGT.US,D,20120913,000000,48.4444,49.1083,48.3923,49.0779,3625566.2517945,0
TGT.US,D,20120914,000000,49.1014,49.1014,48.5507,48.7817,5939547.2247482,0
TGT.US,D,20120917,000000,48.768,48.8436,48.4129,48.5851,5449917.4879869,0
TGT.US,D,20120918,000000,48.467,48.5427,48.0608,48.4887,5104273.2316247,0
TGT.US,D,20120919,000000,48.5359,49.3207,48.4955,49.0414,4510543.2116219,0
TGT.US,D,20120920,000000,48.9686,49.4761,48.6913,49.3354,4285757.3658477,0
TGT.US,D,20120921,000000,49.4023,49.6345,49.2272,49.3641,5522601.1120314,0
TGT.US,D,20120924,000000,49.2647,49.3502,49.0344,49.1446,3372621.4242907,0
TGT.US,D,20120925,000000,49.4456,49.485,48.5507,48.5654,4129146.8601323,0
TGT.US,D,20120926,000000,48.5507,48.6096,48.0953,48.1513,4609756.9786621,0
TGT.US,D,20120927,000000,47.9753,48.1356,47.1088,47.9694,8538617.6797418,0
TGT.US,D,20120928,000000,47.9172,48.1877,47.5081,47.8759,5339106.6331832,0
TGT.US,D,20121001,000000,47.6596,48.1661,47.393,47.5169,5578807.232631,0
TGT.US,D,20121002,000000,47.6439,47.9015,47.3517,47.5081,3993536.3763933,0
TGT.US,D,20121003,000000,47.6822,47.8936,47.5169,47.5917,5397298.4729132,0
TGT.US,D,20121004,000000,48.225,48.3067,47.7717,48.0107,5335298.8921983,0
TGT.US,D,20121005,000000,48.2772,48.5851,48.2408,48.4129,5040246.2448954,0
TGT.US,D,20121008,000000,48.3224,48.4287,48.0648,48.2703,3128578.2716397,0
TGT.US,D,20121009,000000,48.2103,48.3224,47.4402,47.4402,2877407.678587,0
TGT.US,D,20121010,000000,47.5258,47.8002,47.2307,47.2671,4554061.2682025,0
TGT.US,D,20121011,000000,47.5995,47.6133,46.1803,46.204,6967295.6615741,0
TGT.US,D,20121012,000000,46.2571,46.8314,46.2187,46.4055,5732232.2503609,0
TGT.US,D,20121015,000000,46.4754,46.7774,46.2571,46.6248,4266154.36286,0
TGT.US,D,20121016,000000,46.9583,47.5169,46.856,47.4501,5099061.3543781,0
TGT.US,D,20121017,000000,47.5169,47.8425,47.1304,47.5543,4468205.6055842,0
TGT.US,D,20121018,000000,47.6133,47.8936,47.161,47.4757,3465855.6653679,0
TGT.US,D,20121019,000000,47.4275,47.5416,46.6386,46.9426,5012353.6525218,0
TGT.US,D,20121022,000000,46.7389,47.0251,46.6101,46.9249,4123543.5328779,0
TGT.US,D,20121023,000000,46.6701,47.4678,46.5442,47.2514,7104228.9413134,0
TGT.US,D,20121024,000000,47.4549,47.4914,47.161,47.393,4371059.9146889,0
TGT.US,D,20121025,000000,47.5917,47.7304,47.2514,47.6133,4579522.8035147,0
TGT.US,D,20121026,000000,47.8494,48.4533,47.7647,48.2183,7036071.9028135,0
TGT.US,D,20121031,000000,48.4198,48.4198,47.7353,48.0904,7738414.5570567,0
TGT.US,D,20121101,000000,47.4993,48.0737,47.2897,47.4757,8160845.0368957,0
TGT.US,D,20121102,000000,47.7717,47.8494,47.2357,47.3055,4920951.6008319,0
TGT.US,D,20121105,000000,47.6497,47.9831,47.5838,47.8258,5277637.7976737,0
TGT.US,D,20121106,000000,47.9753,48.2024,47.751,47.8169,5309393.0357085,0
TGT.US,D,20121107,000000,47.5416,47.6911,47.0104,47.3625,6706095.8142957,0
TGT.US,D,20121108,000000,47.4549,47.629,46.6318,46.6318,6056710.753964,0
TGT.US,D,20121109,000000,46.5354,47.093,46.3987,46.7851,5254301.2766895,0
TGT.US,D,20121112,000000,46.8068,46.9976,46.4754,46.7547,3042964.5962988,0
TGT.US,D,20121113,000000,46.6386,47.4619,46.5049,46.8393,4795591.0067777,0
TGT.US,D,20121114,000000,46.856,47.2897,46.0259,46.2984,7327688.9408273,0
TGT.US,D,20121115,000000,46.9337,47.5081,46.1213,47.1019,11793154.396357,0
TGT.US,D,20121116,000000,47.0507,47.2671,46.6878,47.1471,5114658.3494937,0
TGT.US,D,20121119,000000,47.7087,47.9811,47.5189,47.8051,7104178.1036501,0
TGT.US,D,20121120,000000,47.7953,47.8887,47.4432,47.7953,6211895.7715991,0
TGT.US,D,20121121,000000,47.8287,48.4198,47.7175,48.3421,5862174.3346364,0
TGT.US,D,20121123,000000,48.6332,48.941,48.3214,48.9243,2397545.8904618,0
TGT.US,D,20121126,000000,48.6518,48.6518,47.4854,47.633,8566757.3431591,0
TGT.US,D,20121127,000000,47.7028,48.0874,47.4372,47.4697,6642655.4942015,0
TGT.US,D,20121128,000000,47.4294,47.7796,47.2435,47.6536,6447387.0125216,0
TGT.US,D,20121129,000000,46.4252,47.6861,46.4252,47.6399,11743072.180685,0
TGT.US,D,20121130,000000,47.5475,47.9811,47.093,47.8976,7969194.1633398,0
TGT.US,D,20121203,000000,47.874,47.9546,47.1982,47.2681,4706179.7579845,0
TGT.US,D,20121204,000000,47.274,47.274,46.5471,47.0331,6025087.693854,0
TGT.US,D,20121205,000000,47.0773,47.2681,46.4951,47.0694,7936396.7532062,0
TGT.US,D,20121206,000000,47.1009,47.4206,46.8127,47.1904,4330559.5818047,0
TGT.US,D,20121207,000000,47.3222,47.3379,46.9327,47.2524,4790501.139923,0
TGT.US,D,20121210,000000,47.1757,47.2435,46.8206,47.0094,5142760.3930403,0
TGT.US,D,20121211,000000,47.0498,47.2307,46.4487,46.6082,8388917.0292288,0
TGT.US,D,20121212,000000,46.6425,46.8373,45.8626,45.9325,10952487.543905,0
TGT.US,D,20121213,000000,46.0161,46.6082,45.9482,46.4704,5579882.9575875,0
TGT.US,D,20121214,000000,46.2579,46.5089,45.8813,45.904,4440428.923083,0
TGT.US,D,20121217,000000,45.9325,46.4095,45.6315,46.3515,6500786.8941042,0
TGT.US,D,20121218,000000,46.4164,47.2524,46.3938,47.2524,6784878.9411889,0
TGT.US,D,20121219,000000,47.1471,47.2524,46.6672,46.676,6142764.6834696,0
TGT.US,D,20121220,000000,46.0466,46.3023,45.419,45.7939,10779620.170203,0
TGT.US,D,20121221,000000,45.6217,45.7112,45.0739,45.2195,11429632.567301,0
TGT.US,D,20121224,000000,45.1899,45.3866,45.1034,45.1713,2259546.0365453,0
TGT.US,D,20121226,000000,45.1211,45.1713,44.5211,44.9254,6157079.5527156,0
TGT.US,D,20121227,000000,44.8417,44.9991,44.3775,44.7129,4908360.1283734,0
TGT.US,D,20121228,000000,44.5585,45.2352,44.4159,44.4385,4582953.3290376,0
TGT.US,D,20121231,000000,44.3854,44.9155,44.2339,44.8919,5176079.3975998,0
TGT.US,D,20130102,000000,44.4385,44.9077,44.0146,44.6293,12552658.919271,0
TGT.US,D,20130103,000000,45.8626,46.1153,45.1112,45.6453,14058551.847953,0
TGT.US,D,20130104,000000,46.0672,46.1233,45.4446,45.961,6918567.7612532,0
TGT.US,D,20130107,000000,45.9188,46.615,45.8026,46.5089,6453594.2912166,0
TGT.US,D,20130108,000000,46.3201,46.3731,45.7437,46.0092,6499970.4412308,0
TGT.US,D,20130109,000000,46.0751,46.1086,45.6315,45.659,5840747.2762877,0
TGT.US,D,20130110,000000,45.8096,45.8813,45.4388,45.7584,6257292.7882173,0
TGT.US,D,20130111,000000,45.6532,45.9255,45.5164,45.5774,5907142.2813757,0
TGT.US,D,20130114,000000,45.5774,45.904,45.3089,45.8174,5858298.4711826,0
TGT.US,D,20130115,000000,45.8341,46.6573,45.6453,46.3515,6184410.8972857,0
TGT.US,D,20130116,000000,46.3201,46.6917,46.1902,46.5246,5525940.1297602,0
TGT.US,D,20130117,000000,46.6573,46.8776,46.4627,46.6288,4742307.0350674,0
TGT.US,D,20130118,000000,46.6505,46.8058,46.5089,46.685,4844074.8863143,0
TGT.US,D,20130122,000000,46.685,46.799,46.5029,46.6505,3259777.0629533,0
TGT.US,D,20130123,000000,46.5089,46.7212,46.1233,46.3111,4740358.9358078,0
TGT.US,D,20130124,000000,46.5089,47.1471,46.4567,46.9327,6384488.6219185,0
TGT.US,D,20130125,000000,47.0419,47.1304,46.5471,46.6917,5999669.8789322,0
TGT.US,D,20130128,000000,46.7212,46.7754,46.0996,46.381,5123082.1503108,0
TGT.US,D,20130129,000000,46.4164,46.8285,46.2532,46.5394,4870840.916068,0
TGT.US,D,20130130,000000,46.6013,46.676,46.1823,46.2639,4804377.788511,0
TGT.US,D,20130131,000000,46.1538,46.4164,45.8341,45.8341,7005036.5260917,0
TGT.US,D,20130201,000000,46.2364,46.7045,46.145,46.3938,6205459.7234191,0
TGT.US,D,20130204,000000,46.2786,46.3593,45.7722,46.1665,5384280.9808358,0
TGT.US,D,20130205,000000,46.615,47.5416,46.5394,47.3458,9186652.4917348,0
TGT.US,D,20130206,000000,47.1471,47.6861,46.9622,47.5622,7987196.7966853,0
TGT.US,D,20130207,000000,47.4934,47.7028,47.0331,47.2681,7951393.8638944,0
TGT.US,D,20130208,000000,47.1757,47.8051,47.1757,47.4127,5452078.0886792,0
TGT.US,D,20130211,000000,47.4039,47.5475,46.923,47.5475,4635283.5861833,0
TGT.US,D,20130212,000000,47.4785,47.6763,47.2976,47.5947,4454115.4388101,0
TGT.US,D,20130213,000000,47.7953,48.0097,47.3645,47.5622,6335744.4535456,0
TGT.US,D,20130214,000000,47.5622,48.0519,47.4785,47.8651,7054567.6614934,0
TGT.US,D,20130215,000000,47.5927,47.7687,46.3505,47.0891,19152309.817291,0
TGT.US,D,20130219,000000,47.158,47.3566,46.8805,47.213,9019250.1668435,0
TGT.US,D,20130220,000000,47.2946,48.232,47.0203,47.8041,8598875.5621103,0
TGT.US,D,20130221,000000,47.8277,48.7454,47.7087,48.3776,9464137.6760906,0
TGT.US,D,20130222,000000,48.4415,48.7542,48.0589,48.5309,7003403.620345,0
TGT.US,D,20130225,000000,48.5555,48.6824,47.989,47.989,8095450.5170224,0
TGT.US,D,20130226,000000,48.1513,49.0649,48.108,48.8732,10611494.933739,0
TGT.US,D,20130227,000000,47.5465,48.6481,47.0656,48.1661,17855134.982504,0
TGT.US,D,20130228,000000,48.2497,48.9056,47.6605,48.0431,11097621.955497,0
TGT.US,D,20130301,000000,48.2418,49.1328,48.2418,48.939,8565511.8204071,0
TGT.US,D,20130304,000000,49.5077,51.0645,49.3335,50.6986,16202849.918437,0
TGT.US,D,20130305,000000,50.7439,51.0045,50.2334,50.8815,7768446.398304,0
TGT.US,D,20130306,000000,50.9091,51.0497,50.3918,50.4537,5637578.6217232,0
TGT.US,D,20130307,000000,50.5304,50.5521,50.1124,50.2512,5265854.6440624,0
TGT.US,D,20130308,000000,50.4469,50.7213,50.142,50.6298,5016400.3305246,0
TGT.US,D,20130311,000000,50.6298,51.4058,50.2777,51.3841,6534144.5352878,0
TGT.US,D,20130312,000000,51.2661,51.5523,51.1019,51.2111,5426531.1460927,0
TGT.US,D,20130313,000000,50.9249,51.4933,50.8196,51.4521,4765114.8443527,0
TGT.US,D,20130314,000000,51.507,51.507,51.0261,51.3841,4325126.0523458,0
TGT.US,D,20130315,000000,51.1639,51.3458,50.7596,50.9731,7807489.7237566,0
TGT.US,D,20130318,000000,50.7596,51.1707,50.5905,50.9436,4683051.67142,0
TGT.US,D,20130319,000000,51.1324,51.273,50.3318,50.7143,5324497.922243,0
TGT.US,D,20130320,000000,51.1019,52.5546,51.0497,52.284,10386368.47562,0
TGT.US,D,20130321,000000,51.9803,52.0942,51.4461,51.9291,6276681.2562657,0
TGT.US,D,20130322,000000,52.0707,52.469,51.9221,52.2093,4150462.0756215,0
TGT.US,D,20130325,000000,52.4493,52.5703,52.0175,52.2025,5582996.256091,0
TGT.US,D,20130326,000000,52.2093,52.4758,51.8504,52.3549,4360507.0325307,0
TGT.US,D,20130327,000000,52.2645,53.2922,52.2645,52.6893,6016258.2084833,0
TGT.US,D,20130328,000000,52.7945,52.9804,52.1239,52.233,5218539.0140295,0
TGT.US,D,20130401,000000,52.1159,52.5211,52.0784,52.3893,3583225.5954968,0
TGT.US,D,20130402,000000,52.6204,52.7355,52.1239,52.5211,3780125.9661704,0
TGT.US,D,20130403,000000,51.8876,52.3117,51.5435,51.8719,8041513.7897147,0
TGT.US,D,20130404,000000,52.049,52.5211,52.0342,52.4886,4639698.3288686,0
TGT.US,D,20130405,000000,52.0942,52.5703,51.7795,52.5368,4980702.1233202,0
TGT.US,D,20130408,000000,52.5762,53.0257,52.4955,52.8496,3766681.4377209,0
TGT.US,D,20130409,000000,52.94,53.002,52.4818,52.5899,3824882.4282303,0
TGT.US,D,20130410,000000,52.6588,52.8349,52.4061,52.5457,4099343.7883701,0
TGT.US,D,20130411,000000,52.7109,53.3463,52.6351,52.7434,5193357.0858659,0
TGT.US,D,20130412,000000,52.6823,53.1948,52.6823,53.0257,2996584.3792716,0
TGT.US,D,20130415,000000,52.8349,53.1564,52.2418,52.2555,3992744.3255984,0
TGT.US,D,20130416,000000,51.6212,52.4061,51.4303,52.1768,9552363.3905744,0
TGT.US,D,20130417,000000,52.1768,52.5979,51.9803,52.469,6154624.0935758,0
TGT.US,D,20130418,000000,52.4493,52.5368,51.745,52.1089,5218641.7061095,0
TGT.US,D,20130419,000000,52.5045,52.8201,51.9803,52.6823,5339840.729042,0
TGT.US,D,20130422,000000,52.5979,52.7945,52.1631,52.7276,3660719.4792475,0
TGT.US,D,20130423,000000,52.8102,53.3541,52.7208,53.1771,4311032.835312,0
TGT.US,D,20130424,000000,53.3374,53.7958,52.8948,53.1948,5024527.2393876,0
TGT.US,D,20130425,000000,53.3777,54.1694,53.3,53.9275,4346395.5139382,0
TGT.US,D,20130426,000000,53.8282,54.1616,53.7643,53.8115,3294707.6214409,0
TGT.US,D,20130429,000000,53.8715,53.9856,53.7082,53.9009,3007626.3197512,0
TGT.US,D,20130430,000000,53.8282,53.9009,53.5144,53.843,3771037.2087167,0
TGT.US,D,20130501,000000,53.7554,54.0495,53.6659,53.8282,3146123.3660151,0
TGT.US,D,20130502,000000,53.064,53.2204,52.464,52.7945,12360998.894935,0
TGT.US,D,20130503,000000,53.1564,53.963,52.9804,53.7958,6424385.0033623,0
TGT.US,D,20130506,000000,53.6915,53.6915,53.2145,53.4368,4022345.0634604,0
TGT.US,D,20130507,000000,53.601,53.9856,53.4505,53.8351,3969291.8947418,0
TGT.US,D,20130508,000000,53.7554,53.7554,53.0886,53.2607,4902658.1760521,0
TGT.US,D,20130509,000000,53.3374,53.4731,52.9323,53.0168,4795075.5128712,0
TGT.US,D,20130510,000000,52.5979,53.2145,52.5762,53.2145,5236060.7230797,0
TGT.US,D,20130513,000000,53.2863,53.4584,52.9628,53.2617,3752181.5193802,0
TGT.US,D,20130514,000000,53.2863,53.5361,53.0326,53.2617,4919856.5575633,0
TGT.US,D,20130515,000000,53.365,54.0593,53.3168,53.9886,6749391.201911,0
TGT.US,D,20130516,000000,53.5607,53.96,53.4299,53.6935,5301912.7819232,0
TGT.US,D,20130517,000000,53.7092,54.6435,53.7092,54.5009,5743819.1705916,0
TGT.US,D,20130520,000000,54.3869,54.5363,53.9394,54.1871,3187510.3077481,0
TGT.US,D,20130521,000000,54.2137,55.1589,54.0308,54.6593,7023980.6729623,0
TGT.US,D,20130522,000000,53.3168,53.4584,51.8375,52.467,21123674.425112,0
TGT.US,D,20130523,000000,51.9663,53.1318,51.8719,52.6736,11103507.940158,0
TGT.US,D,20130524,000000,52.5172,53.484,52.3656,53.4751,7056464.9230897,0
TGT.US,D,20130528,000000,53.9236,54.4871,53.1024,53.3168,8031342.1900317,0
TGT.US,D,20130529,000000,53.2145,53.6098,53.0719,53.245,6308558.5046925,0
TGT.US,D,20130530,000000,53.2922,54.1125,53.2617,53.5538,6227779.4911362,0
TGT.US,D,20130531,000000,53.4721,54.1409,53.2735,53.3059,7370932.4740259,0
TGT.US,D,20130603,000000,53.3099,54.5639,53.2617,54.4931,7747449.4265872,0
TGT.US,D,20130604,000000,55.1264,55.8159,54.7428,54.8482,10470144.877809,0
TGT.US,D,20130605,000000,54.9022,55.026,53.5774,53.8233,7260525.2702692,0
TGT.US,D,20130606,000000,53.8912,53.8971,53.3551,53.8912,7249499.597842,0
TGT.US,D,20130607,000000,54.0672,54.3672,53.6098,53.9679,6668458.6586112,0
TGT.US,D,20130610,000000,53.9462,54.2658,53.4672,53.603,5526809.4538034,0
TGT.US,D,20130611,000000,53.3551,54.1222,53.3384,53.6935,3764432.3794943,0
TGT.US,D,20130612,000000,53.96,54.1871,53.0158,53.2538,5350673.2183486,0
TGT.US,D,20130613,000000,53.2538,53.5459,53.007,53.3797,4150465.1258814,0
TGT.US,D,20130614,000000,53.2145,53.4102,52.887,52.948,5154241.5709313,0
TGT.US,D,20130617,000000,52.9961,53.7033,52.9961,53.5862,4015222.706825,0
TGT.US,D,20130618,000000,53.5774,53.8607,53.3856,53.8154,3073095.0626131,0
TGT.US,D,20130619,000000,53.8075,53.9462,52.7325,52.8329,6429828.7003537,0
TGT.US,D,20130620,000000,52.472,52.9961,52.4453,52.6647,7346220.2858716,0
TGT.US,D,20130621,000000,52.9961,53.1407,52.4011,52.7936,6437629.2314183,0
TGT.US,D,20130624,000000,52.3017,52.7257,52.0362,52.3804,5216348.9274925,0
TGT.US,D,20130625,000000,52.6313,53.1938,52.526,53.0247,4677873.3470313,0
TGT.US,D,20130626,000000,53.3099,53.3207,52.7936,53.0158,4840108.5318197,0
TGT.US,D,20130627,000000,53.3551,53.419,52.5949,52.766,6453661.3969322,0
TGT.US,D,20130628,000000,52.648,53.0798,52.5674,52.8172,10065812.606122,0
TGT.US,D,20130701,000000,53.0719,53.7377,53.007,53.1771,3440715.4240881,0
TGT.US,D,20130702,000000,53.2145,53.9679,53.1476,53.3551,4123604.5380738,0
TGT.US,D,20130703,000000,53.063,53.2696,52.8938,53.2145,2073458.8368664,0
TGT.US,D,20130705,000000,53.5862,54.0465,53.419,53.8833,2974888.8980604,0
TGT.US,D,20130708,000000,54.0465,54.6278,53.96,54.5915,4880291.6376848,0
TGT.US,D,20130709,000000,54.6278,55.2031,54.6278,55.0468,5122786.2751102,0
TGT.US,D,20130710,000000,55.09,55.4029,54.7783,55.2484,3419317.8515842,0
TGT.US,D,20130711,000000,55.5622,55.9467,55.3015,55.6635,4222985.0526499,0
TGT.US,D,20130712,000000,55.1097,55.6546,54.9986,55.6546,3536305.4824848,0
TGT.US,D,20130715,000000,55.5937,55.7264,55.331,55.4953,2799474.5574251,0
TGT.US,D,20130716,000000,55.5779,55.6861,55.2336,55.2818,2823437.3984217,0
TGT.US,D,20130717,000000,55.3242,55.7343,55.2238,55.6949,3046223.2905196,0
TGT.US,D,20130718,000000,55.7932,55.9929,55.3782,55.5475,3262266.0749508,0
TGT.US,D,20130719,000000,55.6467,55.8631,55.5179,55.6467,5328573.0693371,0
TGT.US,D,20130722,000000,55.7185,56.053,55.6635,56.0155,2996577.2619987,0
TGT.US,D,20130723,000000,55.9929,56.2762,55.8474,56.1818,3542931.6635257,0
TGT.US,D,20130724,000000,56.3077,56.3765,56.0155,56.2398,3481723.1168526,0
TGT.US,D,20130725,000000,56.0451,56.1198,54.5915,55.09,7287293.3335295,0
TGT.US,D,20130726,000000,54.8964,54.9121,54.1125,54.8087,5307816.0513914,0
TGT.US,D,20130729,000000,54.8894,54.9661,54.4045,54.8482,3245141.9164281,0
TGT.US,D,20130730,000000,54.9406,55.266,54.7596,54.7852,3797720.8814557,0
TGT.US,D,20130731,000000,54.9199,55.1491,54.4931,54.6494,5355958.3018304,0
TGT.US,D,20130801,000000,54.9898,55.1678,54.799,54.9022,4821014.9222189,0
TGT.US,D,20130802,000000,54.8569,54.9022,54.7261,54.8392,7234242.1983175,0
TGT.US,D,20130805,000000,54.8482,55.2818,54.676,55.2151,4007736.3525202,0
TGT.US,D,20130806,000000,55.1264,55.1736,54.314,55.0635,4257632.9537293,0
TGT.US,D,20130807,000000,54.9986,55.1167,54.2963,54.9818,3307394.6687065,0
TGT.US,D,20130808,000000,54.9898,54.9898,54.3052,54.6278,4843308.254351,0
TGT.US,D,20130809,000000,54.6179,54.6367,54.0062,54.2472,3105990.0810601,0
TGT.US,D,20130812,000000,54.0593,54.4084,53.9394,54.2738,2947245.4102373,0
TGT.US,D,20130813,000000,54.2895,54.6593,54.0387,54.5992,4071167.5218351,0
TGT.US,D,20130814,000000,54.2226,54.3307,53.6512,53.723,6804854.0758723,0
TGT.US,D,20130815,000000,53.1554,53.3099,52.7257,52.9882,7495538.6371562,0
TGT.US,D,20130816,000000,52.7877,52.9628,52.5594,52.6027,5697096.3077133,0
TGT.US,D,20130819,000000,52.6746,53.0572,52.6027,52.6746,5006277.5349983,0
TGT.US,D,20130820,000000,52.6746,52.9656,52.4523,52.4523,8354879.1801096,0
TGT.US,D,20130821,000000,51.27,51.6596,50.2787,50.557,19757035.007123,0
TGT.US,D,20130822,000000,50.1272,50.4724,49.4515,49.5853,13185799.312656,0
TGT.US,D,20130823,000000,49.8941,49.9924,49.4928,49.6698,8452267.8750356,0
TGT.US,D,20130826,000000,49.8086,50.0918,49.4752,49.4997,5853531.9318669,0
TGT.US,D,20130827,000000,49.0679,49.2991,48.7719,48.8289,7516212.2813339,0
TGT.US,D,20130828,000000,48.8289,49.0759,48.7445,48.8369,5388885.8563822,0
TGT.US,D,20130829,000000,48.7887,49.0139,48.6667,48.7445,5332066.6335626,0
TGT.US,D,20130830,000000,48.8211,48.9313,48.7355,48.8663,5359680.635541,0
TGT.US,D,20130903,000000,49.0454,49.2547,48.9223,49.0826,7750950.1080855,0
TGT.US,D,20130904,000000,49.0826,49.246,48.9647,49.0532,5375191.2066289,0
TGT.US,D,20130905,000000,49.1358,49.3226,48.9805,48.9805,3928014.7623616,0
TGT.US,D,20130906,000000,49.0679,49.2215,48.6953,48.8516,4283681.1556764,0
TGT.US,D,20130909,000000,48.9056,49.4151,48.8978,49.3463,4358474.54275,0
TGT.US,D,20130910,000000,49.7457,50.0859,49.5568,49.96,5774440.7287337,0
TGT.US,D,20130911,000000,49.96,50.1774,49.8224,50.1655,4572460.4353221,0
TGT.US,D,20130912,000000,50.2728,50.3563,49.1358,49.4662,7251060.3141069,0
TGT.US,D,20130913,000000,49.6373,49.7938,49.1526,49.2135,5331656.881996,0
TGT.US,D,20130916,000000,49.6138,49.7457,49.1751,49.2382,4205073.9270984,0
TGT.US,D,20130917,000000,49.3159,49.7387,49.3159,49.6925,3296017.1996487,0
TGT.US,D,20130918,000000,49.5764,50.5796,49.5636,50.5413,5659549.6430696,0
TGT.US,D,20130919,000000,50.6278,50.6278,50.1715,50.4724,3739843.2184852,0
TGT.US,D,20130920,000000,50.435,50.5481,49.8224,49.8224,6053575.0868886,0
TGT.US,D,20130923,000000,49.8164,49.902,49.5312,49.7092,3240313.3551631,0
TGT.US,D,20130924,000000,49.4662,49.5921,49.2382,49.3306,5398812.4185278,0
TGT.US,D,20130925,000000,49.3679,49.3993,48.466,48.8122,8209428.5582525,0
TGT.US,D,20130926,000000,48.95,49.3306,48.7445,48.9136,5229069.5276158,0
TGT.US,D,20130927,000000,48.9056,49.6138,48.8516,49.3551,4376772.0345429,0
TGT.US,D,20130930,000000,49.0297,49.3916,48.9223,49.3826,5930691.3037927,0
TGT.US,D,20131001,000000,49.3551,49.4604,49.1436,49.3306,5346270.6767025,0
TGT.US,D,20131002,000000,49.183,49.183,48.7797,49.1298,4647978.767475,0
TGT.US,D,20131003,000000,49.0916,49.1909,48.704,48.9705,5136470.7573306,0
TGT.US,D,20131004,000000,48.9647,48.9705,48.6953,48.946,3616443.9414829,0
TGT.US,D,20131007,000000,48.7208,48.8663,48.3637,48.3805,4306119.8835258,0
TGT.US,D,20131008,000000,48.4119,48.5025,47.8769,47.9595,5739727.7554453,0
TGT.US,D,20131009,000000,48.0225,48.4808,47.9595,48.3883,5008406.6163393,0
TGT.US,D,20131010,000000,48.7522,49.0759,48.6352,48.9705,3418057.0775331,0
TGT.US,D,20131011,000000,48.7355,48.8034,48.2024,48.7887,4583368.1643705,0
TGT.US,D,20131014,000000,48.4739,49.183,48.4739,49.1298,4018100.1185708,0
TGT.US,D,20131015,000000,49.0227,49.0532,48.5427,48.5742,4991406.5017152,0
TGT.US,D,20131016,000000,48.704,49.3226,48.6873,49.3226,4138697.2235692,0
TGT.US,D,20131017,000000,49.1298,50.0771,49.0679,50.0633,4548174.2667866,0
TGT.US,D,20131018,000000,50.3023,50.3731,49.724,49.9168,7594817.4764055,0
TGT.US,D,20131021,000000,49.9551,50.1193,49.5312,49.9394,3632045.0036117,0
TGT.US,D,20131022,000000,50.0112,50.5275,49.7544,50.2659,4978216.1615824,0
TGT.US,D,20131023,000000,50.1715,50.3071,49.5853,49.6079,6072821.2094796,0
TGT.US,D,20131024,000000,49.724,49.8224,49.3993,49.4997,6008798.2897634,0
TGT.US,D,20131025,000000,49.5243,49.5391,49.1004,49.4515,5582386.2041307,0
TGT.US,D,20131028,000000,49.2991,50.2167,49.0601,50.0771,7351679.234162,0
TGT.US,D,20131029,000000,50.0269,50.0918,49.5568,49.6453,7835745.2970465,0
TGT.US,D,20131030,000000,49.6532,50.9023,49.0139,50.7193,11122928.944311,0
TGT.US,D,20131031,000000,50.9612,51.0281,49.902,50.0112,9704119.9161933,0
TGT.US,D,20131101,000000,50.0859,50.1193,49.5853,49.8783,4882668.8068229,0
TGT.US,D,20131104,000000,50.1488,50.4488,50.0338,50.3416,5647045.6113922,0
TGT.US,D,20131105,000000,50.2512,50.3642,49.8636,49.8863,6616794.3748554,0
TGT.US,D,20131106,000000,50.2078,51.0055,50.0013,50.7124,5817128.0978953,0
TGT.US,D,20131107,000000,50.8579,50.9356,50.0269,50.0338,6677612.4882741,0
TGT.US,D,20131108,000000,49.9747,50.2728,49.8086,50.258,4815588.5100329,0
TGT.US,D,20131111,000000,50.258,50.8265,50.2512,50.7046,3381825.0748636,0
TGT.US,D,20131112,000000,50.6888,51.0134,50.4193,50.5088,4129208.8820815,0
TGT.US,D,20131113,000000,50.4951,51.6743,50.4656,51.6163,7358128.5001346,0
TGT.US,D,20131114,000000,51.3291,51.5523,51.1205,51.4598,6003189.8787426,0
TGT.US,D,20131115,000000,51.4756,51.7598,51.27,51.6291,4589958.7590472,0
TGT.US,D,20131118,000000,51.8267,51.8848,51.4363,51.6221,4491141.525781,0
TGT.US,D,20131119,000000,51.6014,51.994,51.5297,51.7608,4322316.7630691,0
TGT.US,D,20131120,000000,51.9291,52.2467,51.4451,51.6526,6130432.4830941,0
TGT.US,D,20131121,000000,49.9797,50.435,49.3226,49.8686,21086493.791645,0
TGT.US,D,20131122,000000,49.417,49.7879,49.1909,49.485,10484890.85044,0
TGT.US,D,20131125,000000,49.485,49.6798,49.4003,49.5332,6453852.5465464,0
TGT.US,D,20131126,000000,49.5863,50.0456,49.5666,49.6148,7576066.5126555,0
TGT.US,D,20131127,000000,49.7122,50.3318,49.6148,50.0397,6136467.930487,0
TGT.US,D,20131129,000000,50.4665,50.4892,49.5017,49.664,4312199.0513092,0
TGT.US,D,20131202,000000,49.7033,49.7122,48.6323,48.7325,9229575.7476544,0
TGT.US,D,20131203,000000,48.4296,49.0816,48.4208,48.8014,13382381.439556,0
TGT.US,D,20131204,000000,48.5142,49.3916,48.3204,49.183,12154945.711352,0
TGT.US,D,20131205,000000,48.9785,49.5272,48.6323,48.6558,10772317.84824,0
TGT.US,D,20131206,000000,48.9303,49.3836,48.8713,49.2382,8214602.8156284,0
TGT.US,D,20131209,000000,49.2057,49.5725,49.0739,49.1298,7535182.8637896,0
TGT.US,D,20131210,000000,49.1436,49.2991,48.9116,49.0659,5186202.193126,0
TGT.US,D,20131211,000000,49.1909,49.3169,48.826,48.888,3906995.4220729,0
TGT.US,D,20131212,000000,48.8948,49.1298,48.7492,48.8565,5186557.0400162,0
TGT.US,D,20131213,000000,49.1201,49.1298,48.3913,48.4454,6115700.7450086,0
TGT.US,D,20131216,000000,48.5054,48.5624,47.9585,48.2988,6148847.9182659,0
TGT.US,D,20131217,000000,48.2821,48.2821,47.7314,47.8936,6842191.289343,0
TGT.US,D,20131218,000000,48.5545,49.4003,48.4985,49.3689,10690863.710514,0
TGT.US,D,20131219,000000,48.3343,48.8565,48.1513,48.2821,10173052.623452,0
TGT.US,D,20131220,000000,48.2595,48.6775,48.1798,48.5467,8840134.8443163,0
TGT.US,D,20131223,000000,48.1671,48.2821,47.7972,48.0717,7370672.1851896,0
TGT.US,D,20131224,000000,47.8533,47.9723,47.5907,47.9428,4320321.8931593,0
TGT.US,D,20131226,000000,47.9644,48.6244,47.9644,48.5388,5113123.0520606,0
TGT.US,D,20131227,000000,48.7768,48.7768,48.1611,48.2821,4197086.3134329,0
TGT.US,D,20131230,000000,48.5142,48.5545,48.0943,48.5309,4741038.1269902,0
TGT.US,D,20131231,000000,48.6066,49.5656,48.5555,49.1516,8731993.9835918,0
TGT.US,D,20140102,000000,49.3561,49.8518,49.0522,49.0816,9560098.8494298,0
TGT.US,D,20140103,000000,49.425,49.6326,49.2547,49.3226,5907605.9208655,0
TGT.US,D,20140106,000000,49.4682,49.4771,48.6843,48.9882,5934001.8524301,0
TGT.US,D,20140107,000000,48.9617,49.1673,48.6323,48.8713,6955200.3647098,0
TGT.US,D,20140108,000000,48.7926,48.8014,48.4985,48.701,7132824.1101943,0
TGT.US,D,20140109,000000,48.8565,49.4003,48.763,49.2057,9358543.7823,0
TGT.US,D,20140110,000000,48.8565,49.4308,48.2909,48.649,16691100.93777,0
TGT.US,D,20140113,000000,48.2595,48.3411,47.7697,47.7756,10392756.736398,0
TGT.US,D,20140114,000000,47.7805,47.9783,47.5985,47.9428,7169602.1093681,0
TGT.US,D,20140115,000000,48.0579,48.0638,47.7756,47.8228,5456182.7216181,0
TGT.US,D,20140116,000000,47.7314,47.8159,47.0773,47.2376,6818665.6522512,0
TGT.US,D,20140117,000000,47.335,47.335,46.5109,46.799,10477667.835231,0
TGT.US,D,20140121,000000,46.4577,46.4636,45.6778,45.9895,13655742.672661,0
TGT.US,D,20140122,000000,46.441,46.4714,45.6423,45.8184,9303539.464062,0
TGT.US,D,20140123,000000,45.4446,45.6168,45.2607,45.5626,9090789.9434626,0
TGT.US,D,20140124,000000,45.4928,45.5243,44.8171,44.8417,9947932.2658527,0
TGT.US,D,20140127,000000,44.8486,45.0306,44.5743,44.8329,7991002.5041635,0
TGT.US,D,20140128,000000,44.943,45.2804,44.8693,44.9716,6325006.5222928,0
TGT.US,D,20140129,000000,44.8014,44.949,44.1513,44.1917,7657951.7537664,0
TGT.US,D,20140130,000000,44.3667,44.4365,44.0096,44.0255,7999271.758484,0
TGT.US,D,20140131,000000,43.8218,44.2673,43.4707,43.9999,8144389.9020227,0
TGT.US,D,20140203,000000,44.1719,44.1779,42.9445,43.0468,8687762.1662177,0
TGT.US,D,20140204,000000,43.403,43.403,42.8039,42.8216,7692819.2735514,0
TGT.US,D,20140205,000000,42.7734,42.8748,42.4627,42.7803,10531154.140841,0
TGT.US,D,20140206,000000,42.8304,43.5041,42.7951,43.394,11486526.01311,0
TGT.US,D,20140207,000000,43.5898,43.8218,43.1452,43.7579,8658254.9696562,0
TGT.US,D,20140210,000000,43.7678,44.0421,43.637,43.9035,7746805.8217692,0
TGT.US,D,20140211,000000,44.0176,44.5743,43.9309,44.3903,10555993.423154,0
TGT.US,D,20140212,000000,44.4159,44.4159,43.9861,44.2447,9406642.3123486,0
TGT.US,D,20140213,000000,44.2586,44.5605,43.8533,44.1719,9747118.4118546,0
TGT.US,D,20140214,000000,44.351,44.3756,43.6467,43.8827,10970391.552184,0
TGT.US,D,20140218,000000,44.1719,44.3363,43.9664,44.1435,7786187.7260598,0
TGT.US,D,20140219,000000,44.1189,45.2607,44.0845,44.8585,11312688.656791,0
TGT.US,D,20140220,000000,44.9323,44.9323,44.1582,44.3195,11276368.196587,0
TGT.US,D,20140221,000000,44.3992,44.4641,43.9497,44.0245,8439264.6175039,0
TGT.US,D,20140224,000000,43.9841,44.3363,43.396,43.9438,11697990.357579,0
TGT.US,D,20140225,000000,43.8071,44.3107,43.6872,44.2359,10295882.518625,0
TGT.US,D,20140226,000000,45.8706,47.8809,45.4791,47.3517,30908127.000177,0
TGT.US,D,20140227,000000,47.2956,47.5769,46.7704,47.4825,12077883.94774,0
TGT.US,D,20140228,000000,47.4452,49.2215,47.2779,48.9528,18201059.862768,0
TGT.US,D,20140303,000000,48.4857,48.8536,48.2988,48.5005,8768268.6898985,0
TGT.US,D,20140304,000000,48.8998,48.9598,47.9487,48.0057,8204282.7699684,0
TGT.US,D,20140305,000000,48.2595,48.2673,47.2474,47.4372,9480458.5995325,0
TGT.US,D,20140306,000000,47.4452,47.8198,47.3734,47.5455,6204498.8915818,0
TGT.US,D,20140307,000000,47.6231,47.7343,47.4137,47.5543,4905805.0274134,0
TGT.US,D,20140310,000000,47.6084,47.9398,47.515,47.874,4699920.6248728,0
TGT.US,D,20140311,000000,47.9487,48.1601,47.6457,47.7038,5743923.8961782,0
TGT.US,D,20140312,000000,47.3891,47.9231,47.3734,47.8277,4928894.4773537,0
TGT.US,D,20140313,000000,47.8111,48.234,46.7399,46.7567,7847178.6875338,0
TGT.US,D,20140314,000000,46.6515,46.9592,46.3938,46.4655,7193881.1606308,0
TGT.US,D,20140317,000000,46.6425,46.9337,46.4173,46.7075,4383038.2849274,0
TGT.US,D,20140318,000000,46.8353,46.917,46.622,46.7489,3997249.5593244,0
TGT.US,D,20140319,000000,46.7626,47.1304,46.2324,46.56,5468558.6423839,0
TGT.US,D,20140320,000000,46.6003,46.8875,46.3858,46.734,4256704.6579966,0
TGT.US,D,20140321,000000,47.1088,47.1088,46.4655,46.5354,7672766.8656198,0
TGT.US,D,20140324,000000,46.974,46.9986,46.3081,46.5451,5811322.4367408,0
TGT.US,D,20140325,000000,46.6425,46.6515,45.8706,46.2324,6664505.5219092,0
TGT.US,D,20140326,000000,46.3593,46.9592,46.2324,46.3416,5670688.1751096,0
TGT.US,D,20140327,000000,46.6288,47.0763,46.2,46.7626,5641944.5602517,0
TGT.US,D,20140328,000000,46.7626,47.0546,46.734,46.9514,3914068.9745513,0
TGT.US,D,20140331,000000,47.154,47.5769,46.9249,47.3635,5437183.670071,0
TGT.US,D,20140401,000000,47.3045,47.6015,47.2012,47.4137,5424227.1831896,0
TGT.US,D,20140402,000000,47.3595,47.8573,47.3202,47.6625,5072174.3309856,0
TGT.US,D,20140403,000000,47.9831,48.4405,47.4973,48.3127,5832213.6661178,0
TGT.US,D,20140404,000000,48.5073,48.7355,47.8277,47.8573,4884495.9124437,0
TGT.US,D,20140407,000000,47.7421,47.7933,47.3595,47.3595,5364232.6399173,0
TGT.US,D,20140408,000000,47.2258,48.2201,47.0478,48.1425,5784108.0187963,0
TGT.US,D,20140409,000000,48.3509,48.3509,47.751,47.9153,5999437.0424341,0
TGT.US,D,20140410,000000,48.4011,48.4011,46.7075,46.7075,7542432.3145833,0
TGT.US,D,20140411,000000,46.6515,46.7399,45.8548,46.1066,6810296.7561107,0
TGT.US,D,20140414,000000,46.3653,46.5678,46.139,46.5137,5194113.5502965,0
TGT.US,D,20140415,000000,46.5285,46.7961,46.2914,46.56,4756033.2041718,0
TGT.US,D,20140416,000000,46.8638,46.9652,46.5923,46.8944,4521835.2734052,0
TGT.US,D,20140417,000000,46.7399,46.9986,46.6927,46.9652,4643308.8197197,0
TGT.US,D,20140421,000000,46.8638,46.9249,46.5923,46.7804,4732037.8270707,0
TGT.US,D,20140422,000000,46.8039,47.4884,46.7881,47.2169,6176226.0334864,0
TGT.US,D,20140423,000000,47.2169,47.6084,47.2169,47.5455,3800416.2943665,0
TGT.US,D,20140424,000000,47.633,48.107,47.5543,48.1001,4689788.6785672,0
TGT.US,D,20140425,000000,47.7421,47.99,47.3202,47.9565,6597896.998635,0
TGT.US,D,20140428,000000,47.7343,48.9076,47.7343,48.6736,6253378.2881394,0
TGT.US,D,20140429,000000,48.767,48.7974,48.3923,48.5073,5335312.1099907,0
TGT.US,D,20140430,000000,48.4011,48.463,48.0628,48.3352,5783165.4885178,0
TGT.US,D,20140501,000000,48.4148,48.4306,48.0057,48.3284,4613818.9079637,0
TGT.US,D,20140502,000000,48.4218,49.0344,48.3204,48.5407,4373964.7787727,0
TGT.US,D,20140505,000000,47.7647,48.2201,46.6682,46.8638,20684208.244284,0
TGT.US,D,20140506,000000,46.3653,46.4095,45.0856,45.1191,17020361.231987,0
TGT.US,D,20140507,000000,45.2903,45.5951,45.1348,45.5027,8207117.4780767,0
TGT.US,D,20140508,000000,45.6306,45.9974,45.3856,45.6532,8698294.7133104,0
TGT.US,D,20140509,000000,45.6306,46.38,45.6306,46.2836,7990471.7589582,0
TGT.US,D,20140512,000000,46.4095,46.7399,46.3938,46.6868,4751770.9744765,0
TGT.US,D,20140513,000000,46.6682,46.86,46.3081,46.622,6260197.6523012,0
TGT.US,D,20140514,000000,46.622,46.8098,46.2482,46.3938,5461622.3515966,0
TGT.US,D,20140515,000000,45.8488,45.9265,45.2479,45.542,10537833.193052,0
TGT.US,D,20140516,000000,45.6306,46.0514,45.4948,45.904,8187807.3000299,0
TGT.US,D,20140519,000000,45.8706,46.1243,45.7672,45.963,4659738.5357611,0
TGT.US,D,20140520,000000,45.6738,45.6885,44.5763,44.6402,11907967.19202,0
TGT.US,D,20140521,000000,44.9411,45.301,44.2635,45.1043,18771306.949315,0
TGT.US,D,20140522,000000,45.0306,45.0306,43.8592,44.1532,15739345.656872,0
TGT.US,D,20140523,000000,44.2772,44.3333,43.8917,43.9162,9607525.3055688,0
TGT.US,D,20140527,000000,44.0727,44.1209,43.6949,43.9763,7152118.0201889,0
TGT.US,D,20140528,000000,44.1612,44.1612,43.5671,43.64,7384141.1157175,0
TGT.US,D,20140529,000000,43.6862,44.1297,43.6085,44.0638,6124656.3077843,0
TGT.US,D,20140530,000000,44.0943,44.8841,44.0727,44.7562,8005412.9482167,0
TGT.US,D,20140602,000000,44.8663,44.9795,44.5142,44.5448,4753404.8969766,0
TGT.US,D,20140603,000000,44.5763,44.9165,44.3903,44.7828,5728919.668217,0
TGT.US,D,20140604,000000,44.6539,45.1043,44.5526,45.0876,4607145.9562725,0
TGT.US,D,20140605,000000,45.1535,45.5725,45.0217,45.3345,5714326.2085758,0
TGT.US,D,20140606,000000,45.3424,45.5814,45.3345,45.482,4529934.72993,0
TGT.US,D,20140609,000000,45.6276,45.9108,45.3188,45.423,5611174.5561325,0
TGT.US,D,20140610,000000,45.4073,45.4073,44.6874,44.8388,8394514.2559636,0
TGT.US,D,20140611,000000,44.7375,45.2017,44.6402,45.0119,6779306.1165325,0
TGT.US,D,20140612,000000,45.0562,45.2332,45.0384,45.1378,6921359.7657244,0
TGT.US,D,20140613,000000,45.2243,45.3188,44.9863,45.1289,4716103.2698703,0
TGT.US,D,20140616,000000,45.1289,45.5725,44.9942,45.5322,6775071.3391755,0
TGT.US,D,20140617,000000,45.4004,46.2256,45.3522,45.8706,8440532.5088279,0
TGT.US,D,20140618,000000,45.9718,46.321,45.8311,46.2876,4761995.4453295,0
TGT.US,D,20140619,000000,46.3023,46.7784,46.2876,46.321,4946331.7958827,0
TGT.US,D,20140620,000000,46.2944,46.375,45.8066,45.963,6580431.2110145,0
TGT.US,D,20140623,000000,45.8311,46.0928,45.7819,46.0672,4754370.8125802,0
TGT.US,D,20140624,000000,45.8803,46.4135,45.7544,46.2876,5547492.2487607,0
TGT.US,D,20140625,000000,46.1153,46.139,45.6738,45.7819,7606859.9020998,0
TGT.US,D,20140626,000000,45.7909,45.8144,45.4427,45.6364,4499290.803216,0
TGT.US,D,20140627,000000,45.5559,45.9885,45.54,45.8311,10736056.359726,0
TGT.US,D,20140630,000000,45.8311,46.1331,45.6098,45.6945,6168591.2332046,0
TGT.US,D,20140701,000000,46.0436,46.0928,45.6945,46.0259,4778936.5882642,0
TGT.US,D,20140702,000000,46.1331,46.6053,46.0524,46.3456,3889614.0249735,0
TGT.US,D,20140703,000000,46.6907,46.9435,46.4784,46.9249,3822711.6600052,0
TGT.US,D,20140707,000000,46.8767,47.3537,46.7055,47.3065,6235751.8535027,0
TGT.US,D,20140708,000000,47.1167,47.2661,46.8256,47.156,5810979.7908898,0
TGT.US,D,20140709,000000,46.974,47.4619,46.974,47.3537,5423518.5061626,0
TGT.US,D,20140710,000000,46.8865,47.2976,46.8865,47.2593,4818781.1152912,0
TGT.US,D,20140711,000000,47.2809,47.3537,47.0389,47.3153,3942980.3536985,0
TGT.US,D,20140714,000000,47.4255,47.4619,47.273,47.4549,4830576.4699417,0
TGT.US,D,20140715,000000,47.749,47.8799,47.4934,47.872,7256430.8048631,0
TGT.US,D,20140716,000000,47.8976,47.8976,47.1717,47.4255,8861437.8587664,0
TGT.US,D,20140717,000000,47.3065,47.4688,46.974,47.0921,5782229.058759,0
TGT.US,D,20140718,000000,47.1717,47.3468,46.917,47.3222,6006496.3603669,0
TGT.US,D,20140721,000000,47.2976,47.3311,46.5581,46.7606,5228410.6714988,0
TGT.US,D,20140722,000000,46.859,46.9337,46.6348,46.8256,4499792.0625767,0
TGT.US,D,20140723,000000,46.8433,47.9753,46.8166,47.8887,7820878.3307765,0
TGT.US,D,20140724,000000,47.8976,48.1611,47.6439,48.0933,4428242.1184248,0
TGT.US,D,20140725,000000,47.9153,48.0116,47.5425,47.6202,3334176.9665124,0
TGT.US,D,20140728,000000,47.629,47.7717,47.3065,47.5493,5086736.2712755,0
TGT.US,D,20140729,000000,47.5897,48.3539,47.5493,48.1798,4836112.6914804,0
TGT.US,D,20140730,000000,48.3441,48.5969,48.2143,48.4031,4662974.8614099,0
TGT.US,D,20140731,000000,48.1011,48.1011,46.9839,46.9927,8963039.9792309,0
TGT.US,D,20140801,000000,46.7784,47.3153,46.684,47.1933,5087485.6184333,0
TGT.US,D,20140804,000000,47.4491,48.1011,47.2504,47.8631,5377956.7755152,0
TGT.US,D,20140805,000000,46.0928,46.8511,45.5892,45.7614,18999276.249569,0
TGT.US,D,20140806,000000,45.3266,45.9265,45.1535,45.7112,9210915.2749451,0
TGT.US,D,20140807,000000,45.9718,46.0199,45.1584,45.3424,6235717.2838917,0
TGT.US,D,20140808,000000,45.6513,46.203,45.4368,46.1617,5973789.4412742,0
TGT.US,D,20140811,000000,46.2117,46.2629,45.8548,46.0199,3545623.0094235,0
TGT.US,D,20140812,000000,46.0132,46.1617,45.7544,46.0996,3735924.6513942,0
TGT.US,D,20140813,000000,46.0741,46.1153,45.54,45.9403,4641837.5777423,0
TGT.US,D,20140814,000000,45.897,46.3456,45.8066,46.321,3987522.2808191,0
TGT.US,D,20140815,000000,46.321,46.3456,45.6098,45.897,5309735.6815595,0
TGT.US,D,20140818,000000,46.1882,46.6977,45.9512,46.5866,5057917.4166758,0
TGT.US,D,20140819,000000,46.8166,47.2691,46.6248,47.1442,6051632.0713953,0
TGT.US,D,20140820,000000,46.5471,48.3676,46.3496,48.0018,16117077.629588,0
TGT.US,D,20140821,000000,48.0598,48.6066,47.5975,48.5889,8247111.4678341,0
TGT.US,D,20140822,000000,48.65,48.9018,48.3609,48.5752,5738835.0460768,0
TGT.US,D,20140825,000000,48.7974,48.9362,48.3127,48.5192,5489992.8180055,0
TGT.US,D,20140826,000000,48.5752,48.6943,48.2103,48.2979,4055264.4839859,0
TGT.US,D,20140827,000000,48.3204,48.5025,48.2506,48.3676,3516102.5950696,0
TGT.US,D,20140828,000000,48.1209,48.2103,47.7933,48.0156,5286918.7214949,0
TGT.US,D,20140829,000000,48.3127,48.3127,47.7776,47.7933,5037434.9221121,0
TGT.US,D,20140902,000000,47.9634,48.1395,47.7274,47.8916,3271104.7111008,0
TGT.US,D,20140903,000000,48.1631,48.1936,47.7274,48.0529,4466112.1106073,0
TGT.US,D,20140904,000000,48.0097,48.6943,47.9005,48.5604,5484195.2908771,0
TGT.US,D,20140905,000000,48.5369,48.6558,48.1395,48.5979,4275560.3473329,0
TGT.US,D,20140908,000000,48.4582,48.6943,47.9575,48.1858,4019403.596259,0
TGT.US,D,20140909,000000,48.111,48.464,47.8829,48.4424,5325483.1561587,0
TGT.US,D,20140910,000000,48.5447,49.603,48.4336,49.2912,10910233.311635,0
TGT.US,D,20140911,000000,49.1958,49.8725,49.0217,49.8016,7037865.4555765,0
TGT.US,D,20140912,000000,49.7623,49.8498,49.3178,49.7534,5564655.0439076,0
TGT.US,D,20140915,000000,49.6738,49.8174,49.3866,49.4987,4642762.8232154,0
TGT.US,D,20140916,000000,49.3955,50.3337,49.3788,50.018,5730016.7449921,0
TGT.US,D,20140917,000000,50.0574,50.1951,49.7141,50.0269,4117401.3263919,0
TGT.US,D,20140918,000000,50.3071,51.4412,50.2865,50.8688,9229299.1907658,0
TGT.US,D,20140919,000000,51.1068,51.2169,50.6111,50.7714,6182052.0297063,0
TGT.US,D,20140922,000000,50.557,50.7399,50.2315,50.4144,3878558.8667015,0
TGT.US,D,20140923,000000,50.3809,50.6042,50.1813,50.1892,5021242.1095818,0
TGT.US,D,20140924,000000,50.1282,50.8688,50.1203,50.8265,4091840.1492596,0
TGT.US,D,20140925,000000,50.6288,50.7301,49.9275,50.0338,3570357.5661497,0
TGT.US,D,20140926,000000,50.2865,50.3505,49.842,50.2492,2936157.7158606,0
TGT.US,D,20140929,000000,49.7849,50.256,49.7534,50.1616,2727718.2123601,0
TGT.US,D,20140930,000000,50.018,50.1951,49.7447,49.8725,3215671.3229841,0
TGT.US,D,20141001,000000,49.8725,50.0485,49.3571,49.3866,4881115.207831,0
TGT.US,D,20141002,000000,49.4437,49.8883,49.0217,49.7849,4021474.7226638,0
TGT.US,D,20141003,000000,50.1951,50.4852,49.9442,50.1813,3286531.9084209,0
TGT.US,D,20141006,000000,50.1439,50.3977,49.483,49.5568,3118527.6655955,0
TGT.US,D,20141007,000000,49.3473,49.3955,48.7974,48.9627,4602272.6578637,0
TGT.US,D,20141008,000000,49.0779,50.0938,48.948,49.9727,4977241.0951993,0
TGT.US,D,20141009,000000,49.9275,50.1951,48.8703,49.0129,5465773.7551857,0
TGT.US,D,20141010,000000,49.0779,49.6817,48.1768,48.2103,7794624.7446694,0
TGT.US,D,20141013,000000,48.1768,48.9892,47.7637,48.0904,6699452.3484492,0
TGT.US,D,20141014,000000,48.5025,49.188,48.3294,49.0856,5709216.0066559,0
TGT.US,D,20141015,000000,48.4238,48.7267,47.1747,47.7274,9770419.3464743,0
TGT.US,D,20141016,000000,46.7784,47.874,46.7212,47.2946,5445215.004127,0
TGT.US,D,20141017,000000,47.6851,47.7845,46.8638,46.9996,8180402.2859864,0
TGT.US,D,20141020,000000,46.919,47.987,46.9101,47.9723,5406991.1818076,0
TGT.US,D,20141021,000000,48.29,49.2824,48.0648,49.0464,6029962.0090159,0
TGT.US,D,20141022,000000,49.1476,49.6738,48.7522,48.7974,4770867.6343374,0
TGT.US,D,20141023,000000,49.1643,49.728,49.0856,49.3571,4296288.8961873,0
TGT.US,D,20141024,000000,49.3001,49.3473,48.6943,48.9892,5007707.0900916,0
TGT.US,D,20141027,000000,48.9695,49.1328,48.5604,48.9795,4569737.5700731,0
TGT.US,D,20141028,000000,48.7345,48.7897,47.9723,48.2585,6265703.3712419,0
TGT.US,D,20141029,000000,48.3127,48.5025,48.0333,48.4503,3769270.0915386,0
TGT.US,D,20141030,000000,48.3844,49.3001,48.1768,49.1565,2895066.6493283,0
TGT.US,D,20141031,000000,49.5312,49.6236,48.8861,49.188,5318025.2709453,0
TGT.US,D,20141103,000000,49.188,49.3178,48.65,49.005,3436040.3925665,0
TGT.US,D,20141104,000000,48.9795,49.0384,48.5192,48.8309,3818556.189403,0
TGT.US,D,20141105,000000,49.2115,49.3326,48.528,48.6323,3377343.2264627,0
TGT.US,D,20141106,000000,48.7974,49.3326,48.6401,49.245,4971995.6650949,0
TGT.US,D,20141107,000000,49.5568,51.4481,49.4643,51.0576,9465174.764423,0
TGT.US,D,20141110,000000,51.6094,52.4533,51.034,52.1326,9899203.3487787,0
TGT.US,D,20141111,000000,52.0687,52.4011,51.9291,52.29,4296105.8805992,0
TGT.US,D,20141112,000000,52.1071,53.2282,52.0127,53.0886,7838028.9248842,0
TGT.US,D,20141113,000000,53.302,53.9314,53.2607,53.7092,9903808.224325,0
TGT.US,D,20141114,000000,53.5735,54.3307,53.4279,54.2089,6897060.3793965,0
TGT.US,D,20141117,000000,54.1823,54.2806,53.6364,53.8243,9054982.9436588,0
TGT.US,D,20141118,000000,53.6905,54.3307,53.3188,54.1282,6960663.3800134,0
TGT.US,D,20141119,000000,56.0874,58.5963,56.0126,58.1292,31946645.904361,0
TGT.US,D,20141120,000000,57.128,57.594,56.3656,57.0798,13799938.620986,0
TGT.US,D,20141121,000000,57.5685,57.9374,56.9706,57.3355,8524978.9514183,0
TGT.US,D,20141124,000000,57.2154,57.8567,56.9243,57.3837,5107857.2868908,0
TGT.US,D,20141125,000000,57.4741,57.8902,57.2154,57.8095,8274858.6644904,0
TGT.US,D,20141126,000000,57.6984,57.9708,57.5145,57.8567,5142739.0412216,0
TGT.US,D,20141128,000000,58.1784,59.9417,58.1784,59.332,5570617.2850652,0
TGT.US,D,20141201,000000,58.8904,58.9051,57.7771,58.3288,9726169.2275414,0
TGT.US,D,20141202,000000,58.1537,58.8511,58.0338,58.5865,5166644.9440353,0
TGT.US,D,20141203,000000,58.5314,59.1962,58.2029,58.795,8356281.2828647,0
TGT.US,D,20141204,000000,58.795,58.8511,58.1537,58.7566,5286725.5383741,0
TGT.US,D,20141205,000000,58.9475,59.1018,58.435,59.0595,4689509.0714187,0
TGT.US,D,20141208,000000,58.9317,59.4156,58.7232,59.155,4803648.7764186,0
TGT.US,D,20141209,000000,58.2511,59.033,58.0505,59.0104,4200538.1907744,0
TGT.US,D,20141210,000000,58.7733,59.4824,58.4026,58.4596,5687893.6738936,0
TGT.US,D,20141211,000000,59.0675,59.7962,58.7871,58.9563,7044309.6377827,0
TGT.US,D,20141212,000000,58.9651,59.332,58.0435,58.0505,5733177.8308992,0
TGT.US,D,20141215,000000,58.5865,58.9475,58.0505,58.6888,4537309.2413755,0
TGT.US,D,20141216,000000,58.6888,58.7803,57.7141,57.9521,9815026.3458041,0
TGT.US,D,20141217,000000,58.435,59.1186,57.9521,58.9888,3716480.2619161,0
TGT.US,D,20141218,000000,59.572,60.1258,59.1107,59.8463,9757850.2425877,0
TGT.US,D,20141219,000000,59.6536,59.8287,59.0871,59.2936,7828995.0721069,0
TGT.US,D,20141222,000000,59.3094,59.8021,59.2277,59.7333,4660887.4669528,0
TGT.US,D,20141223,000000,59.9989,60.1897,59.6222,59.8858,4383453.1202604,0
TGT.US,D,20141224,000000,59.9654,60.3932,59.8188,59.8543,2230035.789724,0
TGT.US,D,20141226,000000,59.9103,60.4287,59.8188,60.1817,2771861.5722,0
TGT.US,D,20141229,000000,60.1817,60.9282,60.0313,60.5613,3423248.6197143,0
TGT.US,D,20141230,000000,60.4876,60.8398,60.2939,60.7059,2694912.6682005,0
TGT.US,D,20141231,000000,60.4945,61.4554,60.35,60.8643,4006456.2601571,0
TGT.US,D,20150102,000000,60.9282,61.4495,59.7746,60.401,4631175.9029847,0
TGT.US,D,20150105,000000,60.2694,60.5427,59.2376,59.3172,4712518.1978509,0
TGT.US,D,20150106,000000,59.572,59.8858,58.322,59.3094,5820553.5396518,0
TGT.US,D,20150107,000000,60.0381,61.6964,60.0381,61.5538,8663800.3419743,0
TGT.US,D,20150108,000000,61.7396,62.3406,61.4919,61.842,7912970.7579347,0
TGT.US,D,20150109,000000,61.9452,62.0357,61.2007,61.2813,4010127.7562042,0
TGT.US,D,20150112,000000,60.9991,61.6885,60.9676,61.4407,3545685.0313729,0
TGT.US,D,20150113,000000,61.6492,62.2678,60.5094,60.8957,6135771.4544992,0
TGT.US,D,20150114,000000,59.8188,60.165,59.0871,59.5956,7027935.843171,0
TGT.US,D,20150115,000000,61.9806,62.138,60.1975,60.6705,21571134.320125,0
TGT.US,D,20150116,000000,60.401,60.5024,58.8127,60.0863,12438416.522191,0
TGT.US,D,20150120,000000,60.165,60.2457,58.4409,59.0675,11435410.776117,0
TGT.US,D,20150121,000000,58.9396,59.5857,58.5963,59.2936,6278910.9961802,0
TGT.US,D,20150122,000000,59.7077,60.889,59.033,60.7501,5815125.0939593,0
TGT.US,D,20150123,000000,60.8465,60.882,59.8543,60.3676,4938000.5196129,0
TGT.US,D,20150126,000000,60.401,60.5171,59.9594,60.3343,4470983.3755096,0
TGT.US,D,20150127,000000,60.1258,60.408,59.6458,59.9417,4026189.4075629,0
TGT.US,D,20150128,000000,60.408,60.9676,59.4382,59.5415,5102561.0191231,0
TGT.US,D,20150129,000000,59.5415,60.5241,59.1962,60.5241,5669382.6639147,0
TGT.US,D,20150130,000000,59.9507,60.2389,58.9731,59.0173,8951173.4518517,0
TGT.US,D,20150202,000000,58.6819,59.6458,57.6482,59.5316,6144986.2893579,0
TGT.US,D,20150203,000000,59.9103,60.8465,59.4382,60.8318,6136389.6404855,0
TGT.US,D,20150204,000000,60.7768,61.4643,60.5024,60.6233,7071767.059758,0
TGT.US,D,20150205,000000,60.889,61.2489,60.7916,60.8957,3880743.8694723,0
TGT.US,D,20150206,000000,60.9362,61.4996,60.586,61.2244,5115357.8757414,0
TGT.US,D,20150209,000000,60.9764,61.4003,60.225,60.4454,3882169.3575526,0
TGT.US,D,20150210,000000,60.6175,61.4996,60.5938,61.4554,3505330.0942057,0
TGT.US,D,20150211,000000,61.2735,61.4996,60.8465,61.2735,3443891.7612941,0
TGT.US,D,20150212,000000,61.2567,61.6885,60.8161,61.6335,4678261.7467793,0
TGT.US,D,20150213,000000,61.7466,61.9157,61.1003,61.4475,2949509.7197628,0
TGT.US,D,20150217,000000,61.1919,61.9973,60.4945,61.8665,5001160.2158055,0
TGT.US,D,20150218,000000,61.956,62.4734,61.6974,62.4409,5630481.6839195,0
TGT.US,D,20150219,000000,62.3455,62.3681,61.5685,61.8961,6953264.4664894,0
TGT.US,D,20150220,000000,61.7948,62.0544,61.3492,62.0544,5546756.1193954,0
TGT.US,D,20150223,000000,62.0544,62.3602,61.5843,61.9059,5282587.3525774,0
TGT.US,D,20150224,000000,62.0219,62.1645,61.4082,62.1173,5956399.9101487,0
TGT.US,D,20150225,000000,63.03,63.2896,61.3265,62.2806,11657258.20495,0
TGT.US,D,20150226,000000,62.2717,62.4802,61.5685,62.077,6544204.2921114,0
TGT.US,D,20150227,000000,62.1823,62.4006,61.9245,62.0219,5872149.7009389,0
TGT.US,D,20150302,000000,62.0308,63.095,61.9403,62.7065,7576697.9164343,0
TGT.US,D,20150303,000000,62.3838,63.0782,60.6105,62.9661,15988578.318198,0
TGT.US,D,20150304,000000,62.9199,63.7726,62.6337,62.738,9934204.0632419,0
TGT.US,D,20150305,000000,62.7959,63.1589,62.7959,63.1303,8203520.2050181,0
TGT.US,D,20150306,000000,62.8196,62.8196,62.0387,62.3288,4865772.4010319,0
TGT.US,D,20150309,000000,62.2462,63.4992,62.1173,63.4275,5472893.0615612,0
TGT.US,D,20150310,000000,63.1845,63.2474,62.496,62.6986,5954653.1280359,0
TGT.US,D,20150311,000000,63.3281,63.3339,62.3366,62.7881,4744367.9939396,0
TGT.US,D,20150312,000000,63.0439,64.2821,62.9661,64.2821,5191812.6376532,0
TGT.US,D,20150313,000000,64.0067,64.3381,63.4834,63.9182,6691101.7538673,0
TGT.US,D,20150316,000000,64.3598,65.2331,64.2654,64.9774,5515010.0321399,0
TGT.US,D,20150317,000000,64.9597,65.6708,64.7434,65.4111,6246258.9817639,0
TGT.US,D,20150318,000000,65.363,65.6944,64.5171,65.4358,6078155.0971183,0
TGT.US,D,20150319,000000,64.9853,65.2331,64.88,65.0659,4944806.6659822,0
TGT.US,D,20150320,000000,65.2174,66.0642,65.0659,65.6403,6856352.6288457,0
TGT.US,D,20150323,000000,65.7347,66.3878,65.5469,65.5714,4177756.8170741,0
TGT.US,D,20150324,000000,65.4692,66.3474,65.3157,66.195,7043531.8215334,0
TGT.US,D,20150325,000000,66.195,66.2737,65.6708,65.8862,6958179.4517821,0
TGT.US,D,20150326,000000,65.6787,65.6787,64.8398,64.9351,5939907.1554048,0
TGT.US,D,20150327,000000,64.8948,66.0809,64.8485,65.8419,4649234.4577597,0
TGT.US,D,20150330,000000,66.1213,66.8009,66.1213,66.3091,4774968.200263,0
TGT.US,D,20150331,000000,66.3731,66.8491,66.195,66.251,6649753.4487584,0
TGT.US,D,20150401,000000,66.0564,66.3808,65.597,66.2658,6146287.7335397,0
TGT.US,D,20150402,000000,66.2048,66.8658,65.8714,66.735,3718793.3755986,0
TGT.US,D,20150406,000000,66.9485,67.5051,66.5235,67.2779,4739538.4159213,0
TGT.US,D,20150407,000000,67.2051,67.5494,66.6317,66.6858,3742727.7475037,0
TGT.US,D,20150408,000000,66.8264,67.5051,66.7832,67.1126,4053387.5574551,0
TGT.US,D,20150409,000000,66.9995,67.4972,66.7437,67.2356,4174517.4411654,0
TGT.US,D,20150410,000000,67.269,67.6005,66.97,67.4617,3482932.0364871,0
TGT.US,D,20150413,000000,67.3723,67.7942,66.9298,66.97,3009722.8649877,0
TGT.US,D,20150414,000000,66.9485,67.3143,66.4271,67.0497,3544250.3925131,0
TGT.US,D,20150415,000000,67.0901,67.6624,66.0986,66.1626,4758646.260068,0
TGT.US,D,20150416,000000,66.138,66.4271,65.8154,66.1301,5227254.6230342,0
TGT.US,D,20150417,000000,65.7092,65.7829,64.5093,64.5948,7543872.0372094,0
TGT.US,D,20150420,000000,65.363,65.6137,64.8948,65.3295,4828877.4752325,0
TGT.US,D,20150421,000000,65.8469,66.018,65.4436,65.5882,3628940.8558875,0
TGT.US,D,20150422,000000,65.6541,65.9363,65.3964,65.6629,5218896.9111795,0
TGT.US,D,20150423,000000,65.6137,66.4016,65.5617,66.138,5733777.7153268,0
TGT.US,D,20150424,000000,66.978,66.9995,66.5491,66.7586,4473922.8092044,0
TGT.US,D,20150427,000000,66.8796,66.9553,65.5252,65.6944,5921325.9894504,0
TGT.US,D,20150428,000000,65.6137,66.0397,65.2833,65.7987,4005288.0106533,0
TGT.US,D,20150429,000000,65.5469,65.6226,63.5621,63.6673,8221972.2433075,0
TGT.US,D,20150430,000000,63.5966,64.0813,63.2809,63.6358,6660379.5371517,0
TGT.US,D,20150501,000000,63.5306,64.3381,63.4432,64.3007,3798569.8704336,0
TGT.US,D,20150504,000000,64.3695,65.2095,64.3007,64.7247,3649916.4757857,0
TGT.US,D,20150505,000000,64.5948,64.7345,63.7067,63.7479,3929753.410448,0
TGT.US,D,20150506,000000,64.1208,64.1208,63.3693,63.869,4840961.5878108,0
TGT.US,D,20150507,000000,64.0568,64.8122,63.9035,64.6686,4911392.0866156,0
TGT.US,D,20150508,000000,65.2263,65.6541,65.0472,65.1771,4981222.700993,0
TGT.US,D,20150511,000000,65.2263,65.6855,65.0069,65.0738,3442422.5528234,0
TGT.US,D,20150512,000000,64.7511,65.6403,64.6922,65.2331,3420090.5840671,0
TGT.US,D,20150513,000000,65.0305,65.3295,64.3598,64.4286,6046691.667271,0
TGT.US,D,20150514,000000,62.5216,63.0439,61.7239,62.3681,12259255.445766,0
TGT.US,D,20150515,000000,62.677,63.4018,62.3534,63.394,8486793.765723,0
TGT.US,D,20150518,000000,63.6143,63.8168,63.1107,63.6782,5850710.441551,0
TGT.US,D,20150519,000000,63.3773,63.7609,62.8903,63.3191,10709296.430492,0
TGT.US,D,20150520,000000,64.4649,64.525,63.0349,63.5306,13146642.110837,0
TGT.US,D,20150521,000000,63.5886,64.9883,63.386,64.5161,8275453.4651515,0
TGT.US,D,20150522,000000,64.6765,64.6765,64.1395,64.4325,4734490.2359507,0
TGT.US,D,20150526,000000,64.5555,64.6765,64.1572,64.2624,5772877.9789624,0
TGT.US,D,20150527,000000,64.5948,65.4092,64.4562,65.2528,5897132.3454622,0
TGT.US,D,20150528,000000,65.2862,65.5784,64.7178,65.0512,3652649.5085674,0
TGT.US,D,20150529,000000,64.9804,65.0167,64.1985,64.4562,4401255.4532123,0
TGT.US,D,20150601,000000,64.6027,64.9439,64.288,64.6125,3915224.0062626,0
TGT.US,D,20150602,000000,64.3578,65.122,64.1258,65.0099,4249098.3268061,0
TGT.US,D,20150603,000000,65.2862,65.6206,64.9193,65.2862,4234140.8694953,0
TGT.US,D,20150604,000000,64.9971,65.4181,64.6607,64.9804,6999474.8857212,0
TGT.US,D,20150605,000000,65.0954,65.2223,64.2703,64.3578,4826662.986617,0
TGT.US,D,20150608,000000,64.4001,64.4001,63.8995,64.11,3932895.1780431,0
TGT.US,D,20150609,000000,63.9447,64.409,63.5886,64.1168,6731490.2438922,0
TGT.US,D,20150610,000000,64.7444,64.8495,64.2378,64.7444,5746709.8001297,0
TGT.US,D,20150611,000000,65.0099,65.3747,64.9439,65.0689,4399381.5769411,0
TGT.US,D,20150612,000000,64.6843,65.1289,64.5339,64.5791,3573816.5607641,0
TGT.US,D,20150615,000000,65.2951,65.8951,65.0246,65.3747,7664351.1988289,0
TGT.US,D,20150616,000000,65.4023,66.2048,65.0512,65.7987,4997338.2402748,0
TGT.US,D,20150617,000000,65.9373,67.0162,65.8951,66.7182,6417539.2036155,0
TGT.US,D,20150618,000000,66.7182,67.7834,66.7182,67.6034,8220080.0654777,0
TGT.US,D,20150619,000000,67.448,68.6676,67.3753,67.7342,14276446.140084,0
TGT.US,D,20150622,000000,68.4493,68.5299,67.9762,68.4493,5904020.8488461,0
TGT.US,D,20150623,000000,68.7315,69.7328,68.5859,68.8791,7281073.8537953,0
TGT.US,D,20150624,000000,68.8477,68.9617,68.2515,68.5387,4037741.7581825,0
TGT.US,D,20150625,000000,68.6027,69.244,68.5387,68.6676,6163429.176868,0
TGT.US,D,20150626,000000,68.6597,68.7915,68.1375,68.3282,7616114.390336,0
TGT.US,D,20150629,000000,67.8375,68.1797,66.6131,66.7095,6429105.7887809,0
TGT.US,D,20150630,000000,67.448,67.448,66.2864,66.3366,6226724.101245,0
TGT.US,D,20150701,000000,66.7182,67.5513,66.5047,67.4401,5030443.7266483,0
TGT.US,D,20150702,000000,67.5012,67.8001,66.7577,66.855,4211005.6656581,0
TGT.US,D,20150706,000000,66.5127,67.6192,66.432,67.3939,4354983.0120312,0
TGT.US,D,20150707,000000,67.5198,68.6519,67.2444,68.6283,7025442.7641603,0
TGT.US,D,20150708,000000,68.0028,68.4532,67.7647,67.8375,5030076.6787188,0
TGT.US,D,20150709,000000,68.4217,68.523,67.4647,67.4825,4754793.7819394,0
TGT.US,D,20150710,000000,68.3381,68.4149,67.9437,68.1886,4025194.0061144,0
TGT.US,D,20150713,000000,68.8299,68.8634,68.3469,68.3469,4246321.573634,0
TGT.US,D,20150714,000000,68.3539,68.5623,67.7077,68.3469,5039622.9751427,0
TGT.US,D,20150715,000000,68.3469,68.7079,67.809,68.6371,3512194.1955113,0
TGT.US,D,20150716,000000,68.8722,69.3227,68.6676,69.0817,3657249.3003473,0
TGT.US,D,20150717,000000,68.7817,69.0817,68.6194,68.822,3598798.1885342,0
TGT.US,D,20150720,000000,68.7915,69.058,68.3991,68.4493,4013379.333152,0
TGT.US,D,20150721,000000,68.407,68.4611,66.7577,66.8638,7489118.8570283,0
TGT.US,D,20150722,000000,67.0831,67.7342,66.9917,67.3024,5354083.4088062,0
TGT.US,D,20150723,000000,67.3566,67.4106,66.3269,66.3504,4294071.3573119,0
TGT.US,D,20150724,000000,66.5294,66.5294,65.0954,65.182,6515000.0880234,0
TGT.US,D,20150727,000000,64.9036,64.9096,64.3066,64.5948,5707502.7774011,0
TGT.US,D,20150728,000000,65.4092,65.4967,64.5948,65.4426,6715459.0951315,0
TGT.US,D,20150729,000000,65.5694,66.6533,65.4967,66.5047,6550953.5002978,0
TGT.US,D,20150730,000000,66.2964,66.8638,66.2629,66.5796,3680877.629519,0
TGT.US,D,20150731,000000,66.8638,66.9288,66.3996,66.5127,3485216.681078,0
TGT.US,D,20150803,000000,65.9698,66.3366,65.0512,65.3265,4424899.0336829,0
TGT.US,D,20150804,000000,65.2626,65.6462,64.7749,65.0512,5359862.6343758,0
TGT.US,D,20150805,000000,65.5232,65.8783,64.8053,65.0423,5295509.2698477,0
TGT.US,D,20150806,000000,65.0099,65.2862,63.8896,64.6381,5547340.7525239,0
TGT.US,D,20150807,000000,64.7178,64.7985,63.8729,64.1797,3880475.4466098,0
TGT.US,D,20150810,000000,64.5643,64.7601,64.0519,64.171,3689736.6007343,0
TGT.US,D,20150811,000000,63.9142,64.409,63.6053,64.0923,5153734.211051,0
TGT.US,D,20150812,000000,63.8336,64.3942,62.6464,64.1985,6284146.258752,0
TGT.US,D,20150813,000000,63.9782,64.8564,63.6211,64.1897,4088934.2684226,0
TGT.US,D,20150814,000000,64.1797,64.7001,63.9782,64.4827,4427463.2854223,0
TGT.US,D,20150817,000000,64.1867,64.8171,63.9929,64.6381,3554338.6184282,0
TGT.US,D,20150818,000000,64.3273,66.0691,64.3273,65.717,8952379.3212264,0
TGT.US,D,20150819,000000,68.7049,69.2538,64.7531,66.1862,25871813.556918,0
TGT.US,D,20150820,000000,65.7583,66.8411,65.3177,66.014,9161200.1072022,0
TGT.US,D,20150821,000000,65.5312,66.1862,64.1295,64.162,9753078.6195058,0
TGT.US,D,20150824,000000,60.4807,63.4932,58.8521,61.6079,12730881.532429,0
TGT.US,D,20150825,000000,62.8196,63.149,60.4552,60.5112,9230969.7163834,0
TGT.US,D,20150826,000000,62.0022,63.1353,60.8565,62.8874,9970578.4113685,0
TGT.US,D,20150827,000000,63.1717,63.7716,62.6603,63.7127,8467417.4987138,0
TGT.US,D,20150828,000000,63.6635,64.4915,63.4775,63.8591,5406716.6584254,0
TGT.US,D,20150831,000000,63.3693,64.0008,62.977,63.5996,5470374.5637188,0
TGT.US,D,20150901,000000,62.5432,62.8874,61.3709,61.6984,8174282.4480724,0
TGT.US,D,20150902,000000,62.435,63.2051,62.257,63.0556,9197733.0688386,0
TGT.US,D,20150903,000000,63.451,64.2212,63.149,63.386,5570693.5415603,0
TGT.US,D,20150904,000000,62.8963,63.156,62.3229,62.5432,5025488.0712248,0
TGT.US,D,20150908,000000,63.5838,64.1965,62.9976,64.1463,6022790.8482238,0
TGT.US,D,20150909,000000,64.6952,64.7276,63.0163,63.149,4092090.2705632,0
TGT.US,D,20150910,000000,62.7792,63.632,62.6898,63.0734,5472850.3579239,0
TGT.US,D,20150911,000000,62.8874,63.8443,62.8874,63.7372,4088423.8582824,0
TGT.US,D,20150914,000000,63.5484,63.7205,62.675,63.1422,3317781.8200821,0
TGT.US,D,20150915,000000,63.3339,64.0391,63.149,63.689,4183241.1841962,0
TGT.US,D,20150916,000000,63.6575,64.3421,63.5395,64.2437,4238597.2990646,0
TGT.US,D,20150917,000000,64.4739,64.7531,63.7372,63.8443,6926740.4240133,0
TGT.US,D,20150918,000000,63.2976,63.7549,62.5992,62.7065,8127484.3454523,0
TGT.US,D,20150921,000000,63.149,64.3421,62.977,64.048,5107844.0690983,0
TGT.US,D,20150922,000000,63.5071,63.931,63.2454,63.8778,3844536.2688813,0
TGT.US,D,20150923,000000,63.8366,64.5565,63.695,64.4562,4814485.3327383,0
TGT.US,D,20150924,000000,64.2142,64.8003,63.7784,64.7021,4807135.223371,0
TGT.US,D,20150925,000000,65.1525,65.4564,64.4482,64.6952,3733588.1523867,0
TGT.US,D,20150928,000000,64.645,64.7925,63.3339,63.5651,5293749.2699425,0
TGT.US,D,20150929,000000,63.5561,64.2959,63.149,63.8198,5885325.8065258,0
TGT.US,D,20150930,000000,64.5083,64.6037,63.9841,64.3755,5595618.2311475,0
TGT.US,D,20151001,000000,64.1238,65.1338,63.9841,65.0728,7812117.984628,0
TGT.US,D,20151002,000000,63.8945,65.12,63.3428,65.0905,5658547.1243485,0
TGT.US,D,20151005,000000,65.4485,65.6128,64.8919,65.0728,5753465.1088355,0
TGT.US,D,20151006,000000,64.9233,65.0286,63.3191,63.9172,5978316.0268188,0
TGT.US,D,20151007,000000,64.3204,64.4649,63.8286,64.2959,4046430.9316023,0
TGT.US,D,20151008,000000,64.2771,65.1958,64.1542,64.3991,4375081.1738599,0
TGT.US,D,20151009,000000,64.3991,64.6224,63.9929,64.5565,3491534.7858791,0
TGT.US,D,20151012,000000,64.5565,64.9647,64.5407,64.8259,1902235.5531976,0
TGT.US,D,20151013,000000,64.7463,65.3404,64.5801,64.6224,3555805.7933925,0
TGT.US,D,20151014,000000,64.8673,65.5597,61.0187,62.3642,22542789.495963,0
TGT.US,D,20151015,000000,62.2963,62.3721,60.0539,61.4889,12416790.180202,0
TGT.US,D,20151016,000000,61.6837,61.6984,61.1347,61.4219,5952534.2142276,0
TGT.US,D,20151019,000000,61.3965,61.6256,61.0788,61.1347,5668793.9637732,0
TGT.US,D,20151020,000000,61.2401,61.6256,60.8761,60.891,6136070.3799597,0
TGT.US,D,20151021,000000,61.2577,62.6898,61.0611,62.5245,7161345.0560869,0
TGT.US,D,20151022,000000,62.668,63.156,62.1645,63.1088,6040754.844945,0
TGT.US,D,20151023,000000,63.4185,63.5071,59.5385,59.693,11538374.329206,0
TGT.US,D,20151026,000000,59.9497,61.1859,59.8896,60.5801,8194687.6693877,0
TGT.US,D,20151027,000000,60.5978,61.1692,60.4945,61.1604,4989806.1320729,0
TGT.US,D,20151028,000000,61.4534,62.4281,61.1347,62.3868,5288314.7237304,0
TGT.US,D,20151029,000000,62.3721,62.6081,61.3551,62.4281,4662465.4680232,0
TGT.US,D,20151030,000000,62.3386,63.7716,62.2737,63.1638,6051502.9437304,0
TGT.US,D,20151102,000000,63.0163,63.4028,61.8085,63.2277,5067204.4410165,0
TGT.US,D,20151103,000000,63.3271,64.2437,63.1815,64.0244,4570874.3002256,0
TGT.US,D,20151104,000000,64.408,64.408,62.6898,63.3339,4553985.0117075,0
TGT.US,D,20151105,000000,63.1353,64.0067,62.6898,63.9575,3931410.7182733,0
TGT.US,D,20151106,000000,63.9674,64.2299,62.552,63.1982,5478196.4466018,0
TGT.US,D,20151109,000000,63.3339,63.4598,61.3168,62.3868,6756796.2159546,0
TGT.US,D,20151110,000000,62.5432,63.7637,62.198,63.1717,4818624.5352881,0
TGT.US,D,20151111,000000,62.5245,62.7152,60.5191,61.2745,9092042.5834876,0
TGT.US,D,20151112,000000,61.2577,62.0111,60.8318,61.3236,7089251.1489372,0
TGT.US,D,20151113,000000,60.3253,60.3253,58.5471,58.8362,9971677.5216502,0
TGT.US,D,20151116,000000,58.7271,59.7008,58.3977,59.6438,10836250.276915,0
TGT.US,D,20151117,000000,60.6912,61.3492,59.7254,60.1395,11005377.015347,0
TGT.US,D,20151118,000000,59.092,59.3703,56.2103,57.5558,30361044.603311,0
TGT.US,D,20151119,000000,57.7386,58.9592,57.6127,58.1911,10107619.466954,0
TGT.US,D,20151120,000000,58.6524,59.1018,58.2246,58.4242,7267042.6587108,0
TGT.US,D,20151123,000000,58.614,60.1296,58.5629,59.6192,6612247.4542454,0
TGT.US,D,20151124,000000,59.2819,60.3421,59.1904,60.1139,4944866.6544249,0
TGT.US,D,20151125,000000,60.3972,60.7247,60.172,60.3421,6787675.0126732,0
TGT.US,D,20151127,000000,60.6735,60.9382,60.0628,60.5771,3147300.7662983,0
TGT.US,D,20151130,000000,60.8555,60.8555,59.4844,59.7991,9394386.3684681,0
TGT.US,D,20151201,000000,60.2694,60.5693,59.5926,60.0558,5287245.0992936,0
TGT.US,D,20151202,000000,60.048,60.2231,59.272,59.3301,6754199.4281105,0
TGT.US,D,20151203,000000,59.3969,60.411,59.1904,60.3705,8761349.6839166,0
TGT.US,D,20151204,000000,60.3136,61.2341,60.3037,60.9558,7871649.9051639,0
TGT.US,D,20151207,000000,60.6233,61.2529,60.3352,60.5329,6051771.366593,0
TGT.US,D,20151208,000000,60.2781,60.5084,59.7923,59.933,4654895.7399504,0
TGT.US,D,20151209,000000,59.5926,60.2054,58.7026,59.3969,5135339.1109445,0
TGT.US,D,20151210,000000,59.6792,60.2536,59.4707,59.692,5133885.1537727,0
TGT.US,D,20151211,000000,59.215,59.8434,58.8117,59.2553,4564439.2687987,0
TGT.US,D,20151214,000000,59.2474,60.2054,59.0851,59.9832,5723449.5356407,0
TGT.US,D,20151215,000000,60.2614,61.243,60.0234,60.1955,5554821.0063093,0
TGT.US,D,20151216,000000,60.2369,61.0718,60.2142,60.8752,4799879.6720578,0
TGT.US,D,20151217,000000,60.8752,61.0718,59.4392,59.6615,8183230.8935753,0
TGT.US,D,20151218,000000,59.272,59.5356,58.315,58.8687,9211195.8988469,0
TGT.US,D,20151221,000000,58.9848,59.3546,58.6297,59.148,4519459.1210201,0
TGT.US,D,20151222,000000,59.4628,60.163,59.2819,59.8896,4273013.3803992,0
TGT.US,D,20151223,000000,60.2447,60.8752,60.163,60.7474,3143421.8525847,0
TGT.US,D,20151224,000000,60.5948,60.7012,60.0146,60.3509,1330767.3459758,0
TGT.US,D,20151228,000000,60.2447,60.5693,59.5691,60.105,2942814.3994997,0
TGT.US,D,20151229,000000,60.6028,61.8606,60.4926,61.4003,5513853.9836754,0
TGT.US,D,20151230,000000,61.5006,61.5096,60.6735,60.7247,2599061.3042142,0
TGT.US,D,20151231,000000,60.3883,60.3883,59.7756,59.8896,4228986.947185,0
TGT.US,D,20160104,000000,59.2553,60.7993,59.0015,60.6647,9968362.9059998,0
TGT.US,D,20160105,000000,60.822,62.0593,60.7296,61.7319,9931557.4544878,0
TGT.US,D,20160106,000000,60.8752,61.6964,60.5231,61.1043,5966496.27009,0
TGT.US,D,20160107,000000,60.6912,62.6878,60.6185,60.9382,13687374.883551,0
TGT.US,D,20160108,000000,61.2095,61.6885,58.7871,58.8767,9394545.9987311,0
TGT.US,D,20160111,000000,59.0015,60.0067,58.1597,59.7352,7721768.2725695,0
TGT.US,D,20160112,000000,60.1887,60.6647,59.9064,60.5084,5862028.9389192,0
TGT.US,D,20160113,000000,60.4512,60.8308,59.0143,59.092,7219745.3302367,0
TGT.US,D,20160114,000000,59.0753,59.092,57.7386,58.076,7610534.4484068,0
TGT.US,D,20160115,000000,56.7788,58.2246,56.7788,57.8055,8852516.8656018,0
TGT.US,D,20160119,000000,57.6127,58.2009,56.6677,57.1112,6844292.9183459,0
TGT.US,D,20160120,000000,56.2702,56.6008,54.8157,55.75,11390092.0495,0
TGT.US,D,20160121,000000,56.1464,57.4681,55.7048,56.6165,8328094.8487971,0
TGT.US,D,20160122,000000,57.063,57.7209,57.0276,57.5096,4535260.4835425,0
TGT.US,D,20160125,000000,57.5468,57.7299,56.7906,56.8486,6440287.0244582,0
TGT.US,D,20160126,000000,57.2361,58.2757,56.9194,58.0987,4913714.3510774,0
TGT.US,D,20160127,000000,57.9099,59.2819,57.8055,58.3081,4802223.2883382,0
TGT.US,D,20160128,000000,58.8186,58.9249,57.8872,58.554,4938359.4335161,0
TGT.US,D,20160129,000000,58.6789,59.8238,58.5806,59.7352,6285231.1344879,0
TGT.US,D,20160201,000000,58.7704,60.3883,58.0111,60.0716,5716125.8618584,0
TGT.US,D,20160202,000000,59.9752,60.5526,59.6516,60.4699,5619375.6879841,0
TGT.US,D,20160203,000000,60.9224,60.9883,59.0576,59.8592,6600782.5444068,0
TGT.US,D,20160204,000000,58.2905,58.2905,57.0197,57.7701,9272320.054999,0
TGT.US,D,20160205,000000,57.7701,58.3563,57.2873,57.3737,4563292.3711136,0
TGT.US,D,20160208,000000,57.063,57.9786,56.286,57.7386,6537429.6650934,0
TGT.US,D,20160209,000000,57.5745,58.1242,56.891,57.6227,6195949.0133596,0
TGT.US,D,20160210,000000,58.0917,58.315,56.5594,56.7149,5687229.7340104,0
TGT.US,D,20160211,000000,56.3529,57.0542,55.8012,56.1316,4662854.8845244,0
TGT.US,D,20160212,000000,56.5801,58.2019,56.0814,58.1764,5593333.5865565,0
TGT.US,D,20160216,000000,58.7331,59.5149,57.9689,59.4657,4751810.6278539,0
TGT.US,D,20160217,000000,60.0471,60.4217,59.4786,59.9644,5931875.8213488,0
TGT.US,D,20160218,000000,59.0074,60.4365,57.8026,60.3213,6486486.2594039,0
TGT.US,D,20160219,000000,60.0471,60.1473,58.6819,60.1473,5279358.1442015,0
TGT.US,D,20160222,000000,60.3056,60.9204,60.0972,60.2704,5725443.3887972,0
TGT.US,D,20160223,000000,60.5733,61.8577,60.4316,61.5361,6977461.1607375,0
TGT.US,D,20160224,000000,61.8665,64.0381,61.0443,63.9909,18090347.633031,0
TGT.US,D,20160225,000000,64.0381,65.5498,63.3388,65.4298,10066665.662113,0
TGT.US,D,20160226,000000,65.6206,65.6777,64.3086,65.2283,6239863.6037145,0
TGT.US,D,20160229,000000,65.0984,65.8439,64.8879,65.245,6279276.0106031,0
TGT.US,D,20160301,000000,65.8017,67.4106,65.6029,67.332,8624617.7213242,0
TGT.US,D,20160302,000000,67.3143,67.8975,66.6828,67.449,11283848.450372,0
TGT.US,D,20160303,000000,66.9602,67.1077,65.3433,66.2944,13651533.314137,0
TGT.US,D,20160304,000000,66.5924,67.8611,66.0839,67.4736,7285533.3336243,0
TGT.US,D,20160307,000000,66.974,67.5306,66.7419,67.216,5609136.9825855,0
TGT.US,D,20160308,000000,66.9897,67.6988,66.9179,66.974,4786780.839719,0
TGT.US,D,20160309,000000,67.3634,67.7834,67.0252,67.5385,4296380.4039813,0
TGT.US,D,20160310,000000,67.8699,68.2211,66.7832,67.7834,6847360.4629524,0
TGT.US,D,20160311,000000,68.1069,68.5722,67.8001,68.0883,4933800.3118669,0
TGT.US,D,20160314,000000,68.0736,68.2791,67.5916,68.0077,4267028.7706697,0
TGT.US,D,20160315,000000,67.6644,68.1069,67.5159,67.9054,3863591.2418581,0
TGT.US,D,20160316,000000,68.1069,68.5672,67.332,68.523,4888907.6048693,0
TGT.US,D,20160317,000000,68.4129,69.295,68.4129,69.0472,6841775.4372568,0
TGT.US,D,20160318,000000,69.3344,69.8576,68.7797,68.7895,9323706.7651129,0
TGT.US,D,20160321,000000,68.6134,68.9468,68.3066,68.3647,5598331.9456171,0
TGT.US,D,20160322,000000,68.523,68.7128,67.9054,67.9476,6329680.5370612,0
TGT.US,D,20160323,000000,67.9722,68.4857,67.7834,67.7834,5762667.7426552,0
TGT.US,D,20160324,000000,67.6644,68.3479,67.5159,68.2309,5176513.5512447,0
TGT.US,D,20160328,000000,68.5151,69.3914,68.4532,68.8634,6845104.2874529,0
TGT.US,D,20160329,000000,68.9135,69.2538,68.2977,69.004,4300318.2893844,0
TGT.US,D,20160330,000000,69.3796,69.776,69.004,69.5272,3854323.5358294,0
TGT.US,D,20160331,000000,68.6134,69.1554,67.3467,68.4286,11397806.156538,0
TGT.US,D,20160401,000000,67.9988,69.1888,67.9988,68.8299,5156669.5777328,0
TGT.US,D,20160404,000000,68.9381,69.3266,68.2977,68.4473,4513297.5962221,0
TGT.US,D,20160405,000000,68.3233,68.6941,68.0401,68.2791,5286583.1929167,0
TGT.US,D,20160406,000000,68.2408,68.5397,67.9152,68.3431,4671914.1561334,0
TGT.US,D,20160407,000000,68.1551,68.4611,67.3634,67.8395,4976499.8820677,0
TGT.US,D,20160408,000000,67.5818,67.6801,66.9897,67.2661,4759300.0324188,0
TGT.US,D,20160411,000000,67.3143,67.6487,66.2944,66.3446,5630243.763655,0
TGT.US,D,20160412,000000,66.4842,67.4195,66.0032,67.1855,4014611.6381116,0
TGT.US,D,20160413,000000,67.4569,67.924,66.9435,67.8306,3003398.659667,0
TGT.US,D,20160414,000000,67.6545,68.2791,67.5995,68.0165,3233920.0106203,0
TGT.US,D,20160415,000000,68.2555,69.0787,68.1945,68.6941,4264227.615419,0
TGT.US,D,20160418,000000,68.7541,69.6521,68.7453,69.3796,4469343.3524899,0
TGT.US,D,20160419,000000,69.4446,69.9786,69.3541,69.8439,4116565.5552064,0
TGT.US,D,20160420,000000,69.8124,69.8282,68.6322,68.9203,4493576.6498555,0
TGT.US,D,20160421,000000,69.0954,69.5507,68.6134,68.822,4002628.1841068,0
TGT.US,D,20160422,000000,68.9381,69.1366,68.3233,68.4699,3857661.5368049,0
TGT.US,D,20160425,000000,68.3233,68.6941,67.8611,68.6941,3802750.7598675,0
TGT.US,D,20160426,000000,68.7295,69.1191,68.5575,68.6941,3527553.2703625,0
TGT.US,D,20160427,000000,68.7541,69.5065,68.3647,69.2725,4304813.3555777,0
TGT.US,D,20160428,000000,68.88,69.0197,67.4923,67.6408,4608769.7112398,0
TGT.US,D,20160429,000000,67.0339,67.0989,65.7101,66.1183,8223178.1126822,0
TGT.US,D,20160502,000000,66.076,66.6651,65.7367,66.6356,5881944.0851598,0
TGT.US,D,20160503,000000,66.5087,66.8186,66.1763,66.5244,3884937.9766987,0
TGT.US,D,20160504,000000,66.26,66.7577,66.0583,66.2944,3865099.086953,0
TGT.US,D,20160505,000000,66.1685,66.2944,64.5545,64.9804,6798692.5510744,0
TGT.US,D,20160506,000000,64.9804,65.5852,64.7483,65.4859,4169447.9093761,0
TGT.US,D,20160509,000000,65.778,66.7832,65.5105,66.4782,5280346.428377,0
TGT.US,D,20160510,000000,66.4163,66.9602,65.953,66.5766,4635255.1170918,0
TGT.US,D,20160511,000000,64.0883,64.345,62.9425,62.9582,13809763.507805,0
TGT.US,D,20160512,000000,62.6514,63.5356,62.6327,62.8766,10970721.996995,0
TGT.US,D,20160513,000000,62.5914,62.7005,61.358,61.4447,11359925.996822,0
TGT.US,D,20160516,000000,61.6364,63.147,61.1762,62.5235,10447905.433599,0
TGT.US,D,20160517,000000,62.5589,62.9375,61.2263,61.6865,11078033.187055,0
TGT.US,D,20160518,000000,56.5516,57.5066,54.8914,56.9844,43477041.77068,0
TGT.US,D,20160519,000000,57.121,57.5813,55.9683,56.1985,15496688.338923,0
TGT.US,D,20160520,000000,56.4719,57.9404,56.1474,57.5361,11045226.626141,0
TGT.US,D,20160523,000000,57.6384,57.8665,56.8702,56.9243,9415229.8104416,0
TGT.US,D,20160524,000000,57.0443,58.0091,57.003,57.5635,9024836.2092923,0
TGT.US,D,20160525,000000,57.6737,58.3937,57.2538,58.0593,10378733.675339,0
TGT.US,D,20160526,000000,58.3505,58.7547,57.6552,57.7496,8374391.6920564,0
TGT.US,D,20160527,000000,57.8075,58.2678,57.6227,57.7406,5741970.7131522,0
TGT.US,D,20160531,000000,58.0593,58.2226,57.3737,57.6384,10214626.647785,0
TGT.US,D,20160601,000000,57.7908,57.7908,56.9931,57.3285,10484396.708352,0
TGT.US,D,20160602,000000,56.768,57.3375,56.768,57.2538,16304963.465796,0
TGT.US,D,20160603,000000,57.304,57.847,57.0443,57.5302,8652303.9127844,0
TGT.US,D,20160606,000000,57.5076,58.0091,57.1791,57.6639,6710791.1808827,0
TGT.US,D,20160607,000000,58.0091,58.3602,57.1437,57.1859,6408005.108231,0
TGT.US,D,20160608,000000,57.2823,57.7446,57.0846,57.5076,6811883.9079604,0
TGT.US,D,20160609,000000,57.4731,57.7151,56.4483,56.7266,7306191.7265032,0
TGT.US,D,20160610,000000,56.525,57.0945,56.1887,56.888,5659774.3455416,0
TGT.US,D,20160613,000000,56.8624,57.063,56.0136,56.0559,5530087.4663362,0
TGT.US,D,20160614,000000,55.8709,56.0992,55.2474,55.931,6285606.3164434,0
TGT.US,D,20160615,000000,56.1336,56.5939,56.0559,56.3745,7034024.1617338,0
TGT.US,D,20160616,000000,56.3313,56.6018,55.9231,56.1336,5927467.179183,0
TGT.US,D,20160617,000000,56.1562,57.063,56.0392,56.5673,9382999.7486311,0
TGT.US,D,20160620,000000,57.0778,57.7318,56.9764,56.9764,5163392.3503342,0
TGT.US,D,20160621,000000,57.2125,57.6904,56.7079,57.2381,5464948.1515329,0
TGT.US,D,20160622,000000,57.2046,57.9934,57.2046,57.7071,5275581.9225678,0
TGT.US,D,20160623,000000,58.1341,58.8305,58.0672,58.4793,8955269.9507645,0
TGT.US,D,20160624,000000,57.1791,58.5423,57.0532,58.1164,8067203.0777586,0
TGT.US,D,20160627,000000,57.8665,58.4291,56.9037,58.2019,6653631.3457187,0
TGT.US,D,20160628,000000,58.4193,59.0064,57.8705,58.4429,8741041.0541616,0
TGT.US,D,20160629,000000,58.4616,59.148,58.3937,58.6612,8078978.0973437,0
TGT.US,D,20160630,000000,58.8305,58.9081,58.1597,58.5128,7758877.7333083,0
TGT.US,D,20160701,000000,58.3602,59.0822,58.3268,58.7036,5971667.4772059,0
TGT.US,D,20160705,000000,58.6612,58.8392,58.1439,58.4429,3951081.8437298,0
TGT.US,D,20160706,000000,58.2767,59.1186,58.197,59.0911,4663045.0173854,0
TGT.US,D,20160707,000000,59.0458,59.4352,58.4527,58.7379,6071062.2263276,0
TGT.US,D,20160708,000000,59.2228,59.9792,59.0458,59.7618,5576389.393362,0
TGT.US,D,20160711,000000,59.8356,60.9401,59.7932,60.7916,6122650.2535886,0
TGT.US,D,20160712,000000,60.7474,61.6777,60.7079,61.6108,7933260.0693776,0
TGT.US,D,20160713,000000,61.6108,61.8773,61.2519,61.3217,4303986.7351717,0
TGT.US,D,20160714,000000,61.6698,62.198,61.5853,61.5853,5730004.543953,0
TGT.US,D,20160715,000000,61.5853,61.839,60.7571,61.2086,6210542.4730008,0
TGT.US,D,20160718,000000,61.0758,62.0328,61.0758,61.9826,4597197.0255548,0
TGT.US,D,20160719,000000,61.9217,62.0328,61.5223,61.9737,5077159.4722536,0
TGT.US,D,20160720,000000,62.1813,62.432,61.9826,62.4163,3342503.1590159,0
TGT.US,D,20160721,000000,62.3583,62.5914,62.139,62.2983,3918724.687761,0
TGT.US,D,20160722,000000,62.432,62.8461,62.1577,62.7842,3000404.3212956,0
TGT.US,D,20160725,000000,62.8009,63.9674,62.7428,63.9397,5021037.7421753,0
TGT.US,D,20160726,000000,64.0077,64.8485,63.7155,63.8748,5998821.9067076,0
TGT.US,D,20160727,000000,64.0077,64.0077,62.8874,63.0586,3772394.5743281,0
TGT.US,D,20160728,000000,62.8874,63.0429,62.0573,62.678,4970950.4427365,0
TGT.US,D,20160729,000000,62.7674,63.1736,62.4625,63.1323,5929401.0438969,0
TGT.US,D,20160801,000000,62.7182,63.3201,62.5746,63.2799,4556082.5736974,0
TGT.US,D,20160802,000000,63.6575,64.0598,61.7573,61.9217,6052483.0938799,0
TGT.US,D,20160803,000000,61.3502,62.1075,60.4729,62.0986,6551239.2079658,0
TGT.US,D,20160804,000000,62.0141,62.4084,61.8301,62.1311,3683721.4884068,0
TGT.US,D,20160805,000000,62.4409,62.9465,62.2983,62.8009,3647330.8722277,0
TGT.US,D,20160808,000000,62.8511,63.2887,62.7261,62.8511,3606271.3250467,0
TGT.US,D,20160809,000000,61.6944,61.6944,60.1188,60.8475,8939588.5651276,0
TGT.US,D,20160810,000000,61.0758,61.4957,60.8967,61.2174,4813696.3322031,0
TGT.US,D,20160811,000000,62.978,63.0005,61.6197,62.0239,7529524.6318588,0
TGT.US,D,20160812,000000,62.316,63.6575,62.2305,63.5306,7957763.8231121,0
TGT.US,D,20160815,000000,63.8443,64.3932,63.5818,63.8011,6360802.3378107,0
TGT.US,D,20160816,000000,63.7609,64.2614,63.455,63.7609,8188164.1804267,0
TGT.US,D,20160817,000000,59.5346,60.5211,59.0448,59.6635,23214115.075044,0
TGT.US,D,20160818,000000,59.4903,59.7293,58.4871,59.3822,13792703.404738,0
TGT.US,D,20160819,000000,59.2218,59.7372,59.1225,59.2317,7021029.0382283,0
TGT.US,D,20160822,000000,59.3822,59.6202,58.9798,59.4608,5383309.9814659,0
TGT.US,D,20160823,000000,59.63,60.3991,59.63,60.0175,6654650.1324922,0
TGT.US,D,20160824,000000,60.168,60.7699,60.1355,60.5938,6842697.6324699,0
TGT.US,D,20160825,000000,60.3213,60.9047,59.63,59.813,5998406.0546215,0
TGT.US,D,20160826,000000,59.7904,60.3991,59.1982,59.4274,5946445.8956648,0
TGT.US,D,20160829,000000,59.4903,60.0933,59.3822,60.0175,4726124.3900698,0
TGT.US,D,20160830,000000,60.0096,60.0933,59.2268,59.4608,4772814.7168436,0
TGT.US,D,20160831,000000,59.273,59.8473,59.0704,59.2906,5948618.6973963,0
TGT.US,D,20160901,000000,59.4185,59.7195,59.215,59.6202,6155613.3945046,0
TGT.US,D,20160902,000000,59.933,60.3362,59.5179,59.813,9301419.5335003,0
TGT.US,D,20160906,000000,59.8729,59.9417,58.7674,59.215,9748936.3666961,0
TGT.US,D,20160907,000000,59.0802,59.4824,58.9701,59.3822,6074830.3139351,0
TGT.US,D,20160908,000000,59.3822,59.3822,58.6406,58.674,10820383.842184,0
TGT.US,D,20160909,000000,58.319,58.6406,58.074,58.2855,7313225.6256042,0
TGT.US,D,20160912,000000,57.8203,58.7242,57.6167,58.5373,9669356.1052414,0
TGT.US,D,20160913,000000,58.3702,58.6642,58.1331,58.2353,11092525.988122,0
TGT.US,D,20160914,000000,58.5304,58.674,57.5173,57.607,7858245.0300918,0
TGT.US,D,20160915,000000,57.4938,58.55,57.3718,58.4636,6361642.1760091,0
TGT.US,D,20160916,000000,58.2186,58.5639,58.077,58.4793,8443814.5883738,0
TGT.US,D,20160919,000000,58.6072,58.9346,58.1754,58.1921,5332569.9264297,0
TGT.US,D,20160920,000000,58.4449,58.5304,57.841,57.9639,3537493.0503006,0
TGT.US,D,20160921,000000,58.4124,58.8265,58.0495,58.6809,5103035.8428987,0
TGT.US,D,20160922,000000,58.8422,59.1795,57.4761,57.9117,9012074.9390383,0
TGT.US,D,20160923,000000,57.7534,58.2678,57.6954,58.0907,4192950.1611429,0
TGT.US,D,20160926,000000,57.8203,57.8203,56.6962,56.7827,8164557.2030735,0
TGT.US,D,20160927,000000,57.4849,57.8627,57.2125,57.6876,6840571.6013887,0
TGT.US,D,20160928,000000,57.6256,57.7446,57.2125,57.2893,3996420.9054118,0
TGT.US,D,20160929,000000,57.3128,57.6689,57.1614,57.2046,3416145.5813911,0
TGT.US,D,20160930,000000,57.2459,58.2019,57.2459,58.0151,5801126.4349793,0
TGT.US,D,20161003,000000,57.8627,58.311,57.7613,58.0151,3901682.8862529,0
TGT.US,D,20161004,000000,58.0977,58.7586,57.8627,57.9914,5181095.0414658,0
TGT.US,D,20161005,000000,57.9639,58.0495,57.129,57.2204,5631733.3071912,0
TGT.US,D,20161006,000000,57.0522,57.9284,56.7728,57.7878,5936401.3901402,0
TGT.US,D,20161007,000000,57.9541,58.4636,57.845,58.319,4573263.670403,0
TGT.US,D,20161010,000000,58.6327,58.6327,58.0229,58.1655,3224868.8730374,0
TGT.US,D,20161011,000000,58.1075,58.3033,57.6787,57.7691,3586870.655959,0
TGT.US,D,20161012,000000,57.8302,57.9117,57.2833,57.3198,5050333.4540573,0
TGT.US,D,20161013,000000,57.1614,57.594,56.8594,57.3473,3889621.1422465,0
TGT.US,D,20161014,000000,57.3551,57.9069,57.1948,57.5311,4520644.6553295,0
TGT.US,D,20161017,000000,57.4229,57.4417,56.6716,56.7984,4804576.0553979,0
TGT.US,D,20161018,000000,57.062,57.2046,56.6047,56.9007,3564636.2955163,0
TGT.US,D,20161019,000000,57.129,57.1859,56.6962,57.0433,3101109.6653787,0
TGT.US,D,20161020,000000,57.12,57.3473,56.9755,57.1948,4689403.329079,0
TGT.US,D,20161021,000000,56.9617,57.8203,56.8063,57.6345,3680210.6393759,0
TGT.US,D,20161024,000000,57.7191,58.0318,57.4417,57.6599,3013827.4979265,0
TGT.US,D,20161025,000000,57.4417,57.7191,57.2736,57.3984,3022390.5939413,0
TGT.US,D,20161026,000000,57.3384,58.2511,57.2636,57.9384,3369802.9842347,0
TGT.US,D,20161027,000000,57.9384,58.0977,57.0089,57.12,4416936.838849,0
TGT.US,D,20161028,000000,57.2046,58.4921,57.2046,58.1429,4863647.386704,0
TGT.US,D,20161031,000000,58.0977,58.4961,57.8745,58.0583,3965205.5633617,0
TGT.US,D,20161101,000000,58.0003,58.1429,56.9332,57.2538,4758455.1104537,0
TGT.US,D,20161102,000000,57.2046,57.8527,56.8938,57.6599,4700073.1378629,0
TGT.US,D,20161103,000000,57.898,57.9384,56.2143,56.3184,5992945.0728244,0
TGT.US,D,20161104,000000,56.3598,56.8594,56.1897,56.1994,4661040.9966962,0
TGT.US,D,20161107,000000,56.7827,57.0738,56.6224,57.0433,5655955.4202709,0
TGT.US,D,20161108,000000,56.9007,57.2234,56.3017,56.6391,6034505.8793661,0
TGT.US,D,20161109,000000,55.9959,58.4961,55.7589,58.1242,11329182.428287,0
TGT.US,D,20161110,000000,58.8511,60.9883,58.616,59.5848,11387248.190613,0
TGT.US,D,20161111,000000,59.4903,60.4297,59.2995,60.2684,6310193.4439459,0
TGT.US,D,20161114,000000,60.5436,62.0839,60.3538,61.481,8703497.4397777,0
TGT.US,D,20161115,000000,61.598,61.6502,60.6273,60.8585,9030778.1153848,0
TGT.US,D,20161116,000000,66.0219,66.7015,64.3677,64.7689,25738095.25101,0
TGT.US,D,20161117,000000,64.8957,65.1102,64.2329,64.8555,9465564.1809242,0
TGT.US,D,20161118,000000,64.6567,65.0768,64.4798,64.9036,6725301.266756,0
TGT.US,D,20161121,000000,64.8466,65.4318,64.7444,65.1771,5255458.3419075,0
TGT.US,D,20161122,000000,65.4997,66.5589,65.476,66.3366,6870959.3062794,0
TGT.US,D,20161123,000000,66.3868,67.2642,66.0879,66.855,7963165.8332197,0
TGT.US,D,20161125,000000,67.1716,67.5788,66.8049,66.967,2986129.105427,0
TGT.US,D,20161128,000000,66.7605,67.2464,66.0219,66.2068,6341386.417424,0
TGT.US,D,20161129,000000,66.4468,67.0349,66.2325,66.7959,5510158.0855498,0
TGT.US,D,20161130,000000,66.2157,66.4832,65.6472,65.7977,6830674.5250877,0
TGT.US,D,20161201,000000,65.476,66.9415,65.2459,66.2944,7847710.4494925,0
TGT.US,D,20161202,000000,65.7977,66.7881,65.4505,66.3966,8830834.6021831,0
TGT.US,D,20161205,000000,66.4567,66.5137,65.4288,65.5764,8420510.6034941,0
TGT.US,D,20161206,000000,65.5183,65.6639,64.7846,65.3993,9043578.0222629,0
TGT.US,D,20161207,000000,65.4171,65.7465,64.8279,65.5665,7971780.783651,0
TGT.US,D,20161208,000000,65.8911,66.8049,65.7308,66.3111,5975630.7814407,0
TGT.US,D,20161209,000000,65.9698,66.1783,65.4918,65.9275,4751355.1223903,0
TGT.US,D,20161212,000000,65.5764,65.961,65.0403,65.3728,5267702.0847486,0
TGT.US,D,20161213,000000,65.5941,66.497,65.1603,66.1655,5733976.9989671,0
TGT.US,D,20161214,000000,65.9786,66.3189,65.4683,65.7554,7096607.3588239,0
TGT.US,D,20161215,000000,65.713,66.1872,65.4171,65.5764,4800437.8696014,0
TGT.US,D,20161216,000000,65.6305,66.7605,65.1456,65.3806,9646101.941272,0
TGT.US,D,20161219,000000,65.237,66.1408,65.1869,65.6305,3352711.3618165,0
TGT.US,D,20161220,000000,65.8911,66.4468,65.8174,66.1498,4113521.395925,0
TGT.US,D,20161221,000000,65.9098,66.3366,65.6973,65.7053,2505031.9620823,0
TGT.US,D,20161222,000000,65.4683,65.5852,62.5363,62.8166,9903878.3803003,0
TGT.US,D,20161223,000000,63.0212,63.447,62.433,62.6121,3913318.6106403,0
TGT.US,D,20161227,000000,62.8953,63.2327,62.6671,62.7822,2582846.1231121,0
TGT.US,D,20161228,000000,62.8255,63.0212,61.9757,62.0445,3082897.5808601,0
TGT.US,D,20161229,000000,62.0013,62.3327,61.7004,61.8616,3281598.6215694,0
TGT.US,D,20161230,000000,61.9413,62.1282,61.2311,61.5321,3602861.134589,0
TGT.US,D,20170103,000000,61.8951,62.0927,61.3275,61.9757,4576483.7279996,0
TGT.US,D,20170104,000000,62.2737,63.2415,62.2737,62.8796,6221939.2603706,0
TGT.US,D,20170105,000000,61.6147,61.9491,60.3538,61.8144,8329500.0018121,0
TGT.US,D,20170106,000000,61.3207,61.5321,60.6362,60.8585,6140292.9562775,0
TGT.US,D,20170109,000000,60.9529,61.2244,60.7906,60.8485,4469873.0809421,0
TGT.US,D,20170110,000000,60.8063,61.3433,60.4906,60.8485,5495839.1492908,0
TGT.US,D,20170111,000000,61.063,61.2754,60.7601,61.003,4076964.0322102,0
TGT.US,D,20170112,000000,60.8485,61.0885,60.3056,60.6972,4886818.1769056,0
TGT.US,D,20170113,000000,60.5436,60.8063,59.6575,59.7932,6259538.7961841,0
TGT.US,D,20170117,000000,60.2771,61.4032,60.167,60.4306,6370254.0761806,0
TGT.US,D,20170118,000000,57.9256,57.9256,56.5221,56.9489,22364982.734892,0
TGT.US,D,20170119,000000,56.5044,56.9735,55.4244,55.7048,14407928.605559,0
TGT.US,D,20170120,000000,55.7048,55.7225,54.3327,54.6032,15234694.407344,0
TGT.US,D,20170123,000000,54.5815,54.9898,54.137,54.3908,9283600.9324963,0
TGT.US,D,20170124,000000,54.3908,54.8787,54.1813,54.8697,7142276.8653176,0
TGT.US,D,20170125,000000,55.1422,55.513,55.0822,55.3694,6693541.9617081,0
TGT.US,D,20170126,000000,55.2445,55.2956,54.6219,54.6651,5156677.711759,0
TGT.US,D,20170127,000000,54.9898,55.1776,53.6138,54.2639,8770448.6089028,0
TGT.US,D,20170130,000000,54.2639,54.6406,54.0859,54.6219,6127440.1782294,0
TGT.US,D,20170131,000000,54.3505,54.9464,54.0505,54.9288,6732089.1115665,0
TGT.US,D,20170201,000000,54.5009,54.6464,54.0593,54.2413,6230202.4141714,0
TGT.US,D,20170202,000000,54.4459,54.6651,54.2325,54.2501,6477507.3113031,0
TGT.US,D,20170203,000000,54.3997,54.8167,54.1105,54.3082,5828849.2295573,0
TGT.US,D,20170206,000000,54.3259,54.4773,53.9757,54.0268,7046922.6936789,0
TGT.US,D,20170207,000000,54.4164,54.6554,54.0505,54.1537,4993795.8718926,0
TGT.US,D,20170208,000000,54.1016,55.2956,53.9915,55.1776,5295314.0532204,0
TGT.US,D,20170209,000000,55.1609,56.6784,55.037,56.5732,9102217.2334304,0
TGT.US,D,20170210,000000,56.6587,57.0413,55.5602,55.9929,6477343.614027,0
TGT.US,D,20170213,000000,56.4178,56.4808,55.4786,55.7195,4905784.6923482,0
TGT.US,D,20170214,000000,55.4697,56.4483,55.4697,56.4414,5951093.4748482,0
TGT.US,D,20170215,000000,56.3126,56.6992,56.0893,56.528,4619429.3524911,0
TGT.US,D,20170216,000000,56.5457,56.6135,55.9084,56.0539,3851761.3175965,0
TGT.US,D,20170217,000000,56.0893,56.6568,55.813,56.5614,4794004.8716811,0
TGT.US,D,20170221,000000,56.9686,57.0768,56.5614,56.9214,5628119.7660803,0
TGT.US,D,20170222,000000,56.7936,56.9814,56.3991,56.6893,3523575.731582,0
TGT.US,D,20170223,000000,56.7758,56.8722,55.7697,55.8651,5661573.9988242,0
TGT.US,D,20170224,000000,56.108,57.2931,55.8218,57.18,8034305.0090517,0
TGT.US,D,20170227,000000,57.0768,57.6709,56.9391,57.5253,7944455.5396004,0
TGT.US,D,20170228,000000,49.3581,51.2986,49.2627,50.5255,52685042.014009,0
TGT.US,D,20170301,000000,50.5354,51.0084,49.3049,49.719,26522746.115723,0
TGT.US,D,20170302,000000,49.8646,50.3081,49.6483,49.8214,12767128.786398,0
TGT.US,D,20170303,000000,50.0701,50.1066,49.0826,49.3049,10556127.634585,0
TGT.US,D,20170306,000000,49.2627,49.2715,48.1454,48.231,13152195.617181,0
TGT.US,D,20170307,000000,48.231,48.5122,47.3271,47.4057,15394454.814682,0
TGT.US,D,20170308,000000,47.6625,47.7589,47.2868,47.3036,10948186.677585,0
TGT.US,D,20170309,000000,47.2868,47.5858,46.7794,47.4559,12652463.419959,0
TGT.US,D,20170310,000000,47.5858,48.0412,47.3271,47.5957,8775823.1666722,0
TGT.US,D,20170313,000000,47.6124,47.8081,47.1481,47.4481,8749318.4425082,0
TGT.US,D,20170314,000000,47.4559,47.6035,47.0094,47.0694,6976875.5108557,0
TGT.US,D,20170315,000000,46.9406,47.037,46.5285,46.914,9916444.4339271,0
TGT.US,D,20170316,000000,46.7694,47.2415,46.6377,46.9317,7390511.0749353,0
TGT.US,D,20170317,000000,47.0271,47.096,46.674,46.674,16504564.333147,0
TGT.US,D,20170320,000000,46.8963,46.9749,46.374,46.7429,10658466.901168,0
TGT.US,D,20170321,000000,46.7794,46.8216,45.7594,45.903,10635294.07746,0
TGT.US,D,20170322,000000,45.8666,46.138,45.3679,46.0643,6826421.446172,0
TGT.US,D,20170323,000000,45.9777,46.1153,45.6088,45.6856,6655932.258362,0
TGT.US,D,20170324,000000,45.7791,45.8616,45.487,45.6699,5060937.1738787,0
TGT.US,D,20170327,000000,45.5666,46.2069,45.4358,45.8488,8890845.4135078,0
TGT.US,D,20170328,000000,45.7289,46.1508,45.72,46.0821,5112818.0260805,0
TGT.US,D,20170329,000000,46.1253,47.7796,46.0367,47.4147,11452136.36736,0
TGT.US,D,20170330,000000,47.3359,47.6369,47.1737,47.5002,5664751.3527837,0
TGT.US,D,20170331,000000,47.4559,47.9497,47.397,47.4481,8674553.5245261,0
TGT.US,D,20170403,000000,47.4727,47.4815,46.2954,46.4507,8107698.3268766,0
TGT.US,D,20170404,000000,46.2689,46.2954,45.5489,45.9335,7651265.5842826,0
TGT.US,D,20170405,000000,46.0367,46.2876,45.3246,45.3522,7914691.1044624,0
TGT.US,D,20170406,000000,45.7014,46.5364,45.6266,46.0564,10082525.996325,0
TGT.US,D,20170407,000000,45.9689,46.2452,45.5391,45.7712,6723187.4367139,0
TGT.US,D,20170410,000000,45.9777,46.7173,45.9098,46.2452,5789796.7533253,0
TGT.US,D,20170411,000000,46.2609,46.3396,45.6856,46.1765,5719894.9662192,0
TGT.US,D,20170412,000000,45.8764,46.0199,45.7289,45.9098,5267649.2135787,0
TGT.US,D,20170413,000000,45.9857,46.1153,45.8144,45.903,5917231.5240442,0
TGT.US,D,20170417,000000,45.8764,46.1508,45.6513,46.1508,5468706.0716077,0
TGT.US,D,20170418,000000,46.0821,46.2689,45.9305,46.0821,5083049.5239294,0
TGT.US,D,20170419,000000,46.2452,46.7479,46.1765,46.3318,6303625.2178411,0
TGT.US,D,20170420,000000,46.6072,47.1816,46.5196,46.9749,6796439.4258347,0
TGT.US,D,20170421,000000,46.8885,47.392,46.8885,47.096,7008880.8701943,0
TGT.US,D,20170424,000000,47.4235,47.5346,46.7871,47.1304,6642560.9361477,0
TGT.US,D,20170425,000000,47.1982,47.4235,47.1128,47.4147,4764535.2949905,0
TGT.US,D,20170426,000000,47.6035,48.3952,47.4638,48.1277,7296390.2250094,0
TGT.US,D,20170427,000000,48.1277,48.2909,47.868,48.2231,4513877.1455843,0
TGT.US,D,20170428,000000,48.2143,48.2143,47.5957,48.0126,9803080.5116701,0
TGT.US,D,20170501,000000,47.9821,48.1454,47.7333,47.9497,6007118.6133662,0
TGT.US,D,20170502,000000,47.9231,48.4385,47.8258,48.2821,4624757.13961,0
TGT.US,D,20170503,000000,48.2664,49.4672,48.0755,49.2962,8773478.5336385,0
TGT.US,D,20170504,000000,49.4338,49.5892,48.704,49.2547,6407629.9262754,0
TGT.US,D,20170505,000000,49.2872,49.5027,48.8536,49.2784,5635860.3087019,0
TGT.US,D,20170508,000000,49.4437,49.4771,49.0316,49.2627,5296755.809353,0
TGT.US,D,20170509,000000,49.3581,50.4242,49.3049,49.9325,9326963.4258271,0
TGT.US,D,20170510,000000,49.7614,50.2806,49.5991,50.2157,8088138.027526,0
TGT.US,D,20170511,000000,49.6483,49.7515,48.0923,48.1965,15498362.931556,0
TGT.US,D,20170512,000000,48.0579,48.1552,47.2868,47.9743,10413130.438362,0
TGT.US,D,20170515,000000,48.0765,48.7897,47.9821,48.1021,9538426.7535437,0
TGT.US,D,20170516,000000,48.2437,48.2851,47.1038,47.39,13723599.768947,0
TGT.US,D,20170517,000000,49.5027,49.5115,47.8337,47.8337,26726423.146921,0
TGT.US,D,20170518,000000,48.0136,48.764,47.9398,48.5182,13714986.852022,0
TGT.US,D,20170519,000000,48.7807,49.0512,48.4081,48.6598,11444127.401876,0
TGT.US,D,20170522,000000,48.7277,48.7277,48.1296,48.1995,10964081.581408,0
TGT.US,D,20170523,000000,48.1473,48.1719,47.3133,47.3557,8207676.6923736,0
TGT.US,D,20170524,000000,47.3734,47.3999,46.7164,47.0449,7876291.3838277,0
TGT.US,D,20170525,000000,47.2248,47.4176,46.9377,47.1038,8466420.0637589,0
TGT.US,D,20170526,000000,47.2327,47.4087,46.8638,47.2779,4286408.0879386,0
TGT.US,D,20170530,000000,47.3734,47.8946,47.2405,47.748,6631954.1660664,0
TGT.US,D,20170531,000000,48.0136,48.0589,47.1481,47.9319,9667067.3936375,0
TGT.US,D,20170601,000000,48.0136,48.5693,47.8583,48.3706,5939060.1999333,0
TGT.US,D,20170602,000000,48.2851,48.4857,47.989,48.2516,5160798.6127501,0
TGT.US,D,20170605,000000,48.2949,48.3903,47.7393,48.3451,4875081.7939446,0
TGT.US,D,20170606,000000,48.0225,48.0323,47.2082,47.4343,7353349.7597798,0
TGT.US,D,20170607,000000,47.5396,47.6487,47.1639,47.3379,6590732.9551158,0
TGT.US,D,20170608,000000,47.634,47.9575,47.3832,47.4757,6625934.9867257,0
TGT.US,D,20170609,000000,47.7637,49.5991,47.5632,49.4475,8940097.9585143,0
TGT.US,D,20170612,000000,49.6226,50.8137,49.6226,50.2934,13369752.347226,0
TGT.US,D,20170613,000000,50.1449,50.2679,49.3207,49.8686,6773031.7321218,0
TGT.US,D,20170614,000000,49.9688,50.3721,49.3836,50.2846,4985897.7325146,0
TGT.US,D,20170615,000000,49.5204,50.1882,48.0814,48.1995,12064004.248892,0
TGT.US,D,20170616,000000,44.6971,45.722,42.202,45.722,56941172.20641,0
TGT.US,D,20170619,000000,45.9482,45.9827,44.0096,44.9411,16968004.539257,0
TGT.US,D,20170620,000000,45.0287,45.0759,44.2447,44.2447,9957151.1677246,0
TGT.US,D,20170621,000000,44.2871,45.0089,43.8355,43.9074,11501599.380292,0
TGT.US,D,20170622,000000,43.9831,44.2871,43.4964,43.9999,7760572.6610044,0
TGT.US,D,20170623,000000,43.9734,44.2546,43.7826,44.115,7199008.6473563,0
TGT.US,D,20170626,000000,44.1749,44.8958,44.1237,44.7415,6679060.3449263,0
TGT.US,D,20170627,000000,44.6785,45.486,44.6352,45.2538,7675236.5593054,0
TGT.US,D,20170628,000000,45.303,45.7909,45.1034,45.247,7074439.0873436,0
TGT.US,D,20170629,000000,45.4103,45.7407,44.9657,45.2696,5357729.4860215,0
TGT.US,D,20170630,000000,45.4103,45.5666,45.1122,45.4427,4611056.3893374,0
TGT.US,D,20170703,000000,45.6522,45.9561,45.4781,45.7564,3211380.6241974,0
TGT.US,D,20170705,000000,45.9305,46.2177,45.1161,45.3306,4557070.8578728,0
TGT.US,D,20170706,000000,45.1919,45.2617,44.6441,44.707,4263929.7067118,0
TGT.US,D,20170707,000000,44.7415,44.9578,44.053,44.3845,5559765.4774467,0
TGT.US,D,20170710,000000,44.4543,44.469,43.4894,43.6104,7501526.2971454,0
TGT.US,D,20170711,000000,43.6527,44.1277,43.6202,43.8101,5284300.5818323,0
TGT.US,D,20170712,000000,43.871,44.4641,43.8543,44.2094,5157242.009822,0
TGT.US,D,20170713,000000,45.4103,46.678,45.1919,46.3308,26709154.609434,0
TGT.US,D,20170714,000000,46.4784,46.5304,46.1125,46.2599,6706979.3728847,0
TGT.US,D,20170717,000000,46.2599,47.0773,46.2532,46.6947,14369275.713361,0
TGT.US,D,20170718,000000,46.5658,46.9022,46.2866,46.6947,5207071.0539311,0
TGT.US,D,20170719,000000,46.7567,47.1088,46.5137,47.0174,4549898.6803274,0
TGT.US,D,20170720,000000,47.0685,47.7393,46.9111,47.4343,7663453.4056941,0
TGT.US,D,20170721,000000,47.4176,47.8061,47.0871,47.6586,7312685.7296195,0
TGT.US,D,20170724,000000,47.4943,47.6763,46.9465,46.973,6474182.5281199,0
TGT.US,D,20170725,000000,47.1118,48.2851,47.095,47.8857,5185032.9268689,0
TGT.US,D,20170726,000000,47.8504,47.9398,47.1639,47.7637,3916118.7491377,0
TGT.US,D,20170727,000000,47.7637,48.7208,47.39,48.712,5089482.5218496,0
TGT.US,D,20170728,000000,48.6696,48.9795,48.3549,48.764,6163582.7066113,0
TGT.US,D,20170731,000000,48.9598,49.3207,48.5821,49.2519,6490565.4735111,0
TGT.US,D,20170801,000000,49.1713,49.4318,48.7897,49.4161,4635993.2799637,0
TGT.US,D,20170802,000000,49.3463,49.6393,49.0344,49.3621,4007200.5235484,0
TGT.US,D,20170803,000000,49.5027,49.8686,48.9982,49.5735,6122878.0063204,0
TGT.US,D,20170804,000000,49.6945,50.1036,49.6758,50.0416,5135071.7048352,0
TGT.US,D,20170807,000000,50.0348,50.3799,49.9688,50.3023,4492276.2224269,0
TGT.US,D,20170808,000000,50.4065,51.4569,50.4065,51.0497,9352543.9212715,0
TGT.US,D,20170809,000000,50.9003,50.9091,49.8686,50.2934,7343363.2091913,0
TGT.US,D,20170810,000000,49.8154,49.8154,48.2074,48.3549,12422844.945907,0
TGT.US,D,20170811,000000,48.0943,48.5979,47.8946,48.3627,6928600.0657387,0
TGT.US,D,20170814,000000,48.6873,49.2577,48.6873,49.0335,6568291.1770066,0
TGT.US,D,20170815,000000,48.9775,49.0237,47.6772,47.7657,10738533.170685,0
TGT.US,D,20170816,000000,50.0957,50.0957,47.871,49.4899,25096701.871357,0
TGT.US,D,20170817,000000,49.6826,50.1439,48.6972,49.3226,17333387.026791,0
TGT.US,D,20170818,000000,49.1378,49.5322,48.9096,48.9096,5389373.8979502,0
TGT.US,D,20170821,000000,49.0946,50.1941,48.8732,49.7102,13196323.725722,0
TGT.US,D,20170822,000000,49.8488,50.018,49.4358,49.6915,9067844.8724863,0
TGT.US,D,20170823,000000,49.5686,49.9984,49.3581,49.6188,4832726.9031014,0
TGT.US,D,20170824,000000,50.2452,50.6504,47.3704,47.6439,18017987.336526,0
TGT.US,D,20170825,000000,47.8179,48.6873,47.5031,48.3451,7941651.3340901,0
TGT.US,D,20170828,000000,48.0009,48.2153,47.5209,47.8454,7243927.7899388,0
TGT.US,D,20170829,000000,47.6261,48.2153,47.5031,47.9448,4946430.4209495,0
TGT.US,D,20170830,000000,47.9615,48.1975,47.5907,47.7411,3975977.0474723,0
TGT.US,D,20170831,000000,47.7068,48.3372,47.6173,47.9261,6847288.2734705,0
TGT.US,D,20170901,000000,48.1975,49.5863,48.1975,49.4093,8017753.2826183,0
TGT.US,D,20170905,000000,49.3316,50.4557,49.3226,50.4025,8973999.5626958,0
TGT.US,D,20170906,000000,50.5255,51.5287,50.5059,50.9927,10348658.113701,0
TGT.US,D,20170907,000000,51.2465,51.7313,50.8472,51.3419,7909143.6986377,0
TGT.US,D,20170908,000000,51.0872,51.2121,48.9145,50.3318,12459748.005732,0
TGT.US,D,20170911,000000,50.5875,50.8324,50.1901,50.3505,6892433.1352784,0
TGT.US,D,20170912,000000,50.3859,51.4933,50.3042,50.8777,6045807.0919287,0
TGT.US,D,20170913,000000,50.9485,52.8339,50.9071,52.2997,9897212.5458819,0
TGT.US,D,20170914,000000,52.3254,52.46,51.8169,52.2674,5754516.4317137,0
TGT.US,D,20170915,000000,52.2418,52.8063,51.9663,52.6972,7644276.4223253,0
TGT.US,D,20170918,000000,52.8466,53.1201,51.9153,51.933,5612700.7027863,0
TGT.US,D,20170919,000000,52.0285,52.5035,51.6429,52.1601,4487663.2128546,0
TGT.US,D,20170920,000000,52.223,52.2831,51.5532,52.0814,5493699.9004171,0
TGT.US,D,20170921,000000,51.985,51.985,50.975,51.2651,6085542.8263563,0
TGT.US,D,20170922,000000,51.3339,51.8966,51.1225,51.8444,3788063.7589258,0
TGT.US,D,20170925,000000,50.975,52.1071,50.9297,51.4569,6815924.4854434,0
TGT.US,D,20170926,000000,51.4569,51.9251,51.274,51.4933,4791362.3299401,0
TGT.US,D,20170927,000000,51.4658,51.8611,50.8422,51.7403,4692640.6714812,0
TGT.US,D,20170928,000000,51.7648,52.2997,51.6251,51.7727,5898100.2945724,0
TGT.US,D,20170929,000000,51.9408,52.3539,51.573,51.8611,4342813.4921784,0
TGT.US,D,20171002,000000,51.6674,51.9251,50.7105,51.756,4226423.7121989,0
TGT.US,D,20171003,000000,51.8966,52.0627,51.3595,51.4835,4073404.3790224,0
TGT.US,D,20171004,000000,51.573,51.7912,51.4313,51.5532,3456614.3949241,0
TGT.US,D,20171005,000000,51.5809,51.756,51.2465,51.3085,5528490.1469538,0
TGT.US,D,20171006,000000,50.5698,50.676,49.8538,50.199,10153467.922022,0
TGT.US,D,20171009,000000,49.778,49.8853,49.0149,49.4358,7179889.6189235,0
TGT.US,D,20171010,000000,49.9198,50.8422,49.726,50.6219,8372891.9809877,0
TGT.US,D,20171011,000000,50.7901,52.4433,50.736,51.985,13285783.778672,0
TGT.US,D,20171012,000000,51.8611,52.947,51.4491,52.8978,10045261.989089,0
TGT.US,D,20171013,000000,52.9519,54.1016,52.6893,53.4771,7737778.0695116,0
TGT.US,D,20171016,000000,53.0463,53.3925,52.3539,52.8634,5236562.9991936,0
TGT.US,D,20171017,000000,52.8811,53.2224,52.6106,52.8811,3731449.9202661,0
TGT.US,D,20171018,000000,52.8811,53.241,52.7325,52.7581,4026291.0828896,0
TGT.US,D,20171019,000000,52.585,53.2066,52.3971,53.1102,4541568.420811,0
TGT.US,D,20171020,000000,53.3482,54.315,53.2066,54.2787,6887550.6860903,0
TGT.US,D,20171023,000000,54.324,55.9142,54.1901,55.0015,10100947.532016,0
TGT.US,D,20171024,000000,55.2543,55.5789,54.7538,55.3075,6407494.6980909,0
TGT.US,D,20171025,000000,55.1402,55.3409,53.9364,54.4184,7227858.004554,0
TGT.US,D,20171026,000000,54.5796,55.0782,54.1724,54.4961,4877814.8267263,0
TGT.US,D,20171027,000000,54.0062,54.1016,52.6106,52.9598,7924285.1882898,0
TGT.US,D,20171030,000000,52.8811,52.9066,52.1199,52.3352,7011531.5459612,0
TGT.US,D,20171031,000000,52.2831,52.5202,51.7727,51.8886,7348003.671102,0
TGT.US,D,20171101,000000,51.6753,52.223,51.515,51.7313,5359814.8469721,0
TGT.US,D,20171102,000000,51.9753,52.6893,51.5003,52.5467,5450489.9200761,0
TGT.US,D,20171103,000000,52.4433,52.8388,52.1071,52.1681,4542731.5865484,0
TGT.US,D,20171106,000000,52.1159,52.2043,51.5985,52.1071,5164318.6125604,0
TGT.US,D,20171107,000000,51.9153,51.9496,50.676,50.8777,7470445.1665267,0
TGT.US,D,20171108,000000,50.8511,51.809,50.4301,51.2986,5598332.9623703,0
TGT.US,D,20171109,000000,50.676,52.8634,50.2639,52.6421,9665732.3965979,0
TGT.US,D,20171110,000000,52.6509,53.9708,52.6509,53.962,7795827.5637842,0
TGT.US,D,20171113,000000,53.962,54.4479,52.8634,53.0846,7516228.5493863,0
TGT.US,D,20171114,000000,52.9146,53.5499,52.523,53.3601,9017086.5158913,0
TGT.US,D,20171115,000000,49.9551,50.0209,47.986,48.0933,39032958.636357,0
TGT.US,D,20171116,000000,48.4041,49.1231,48.0648,48.9293,14311117.426489,0
TGT.US,D,20171117,000000,49.5134,52.1591,49.478,51.6281,18688745.567282,0
TGT.US,D,20171120,000000,51.4756,51.6881,50.7075,51.3959,8404042.2508286,0
TGT.US,D,20171121,000000,51.3694,51.5652,50.4291,50.8363,6710231.9665859,0
TGT.US,D,20171122,000000,50.9898,51.2887,50.678,51.0497,3229388.3413092,0
TGT.US,D,20171124,000000,51.5465,51.6192,49.5774,49.6188,6635740.5552327,0
TGT.US,D,20171127,000000,49.9049,50.0731,49.0601,49.5863,9321555.3151999,0
TGT.US,D,20171128,000000,49.7427,50.3918,49.2115,50.2777,7107518.1381322,0
TGT.US,D,20171129,000000,50.4547,54.8579,50.4547,54.7733,21180732.584949,0
TGT.US,D,20171130,000000,54.7438,56.0322,53.1378,53.1899,16400841.265368,0
TGT.US,D,20171201,000000,53.2784,53.6974,52.3017,52.8436,9224044.6098819,0
TGT.US,D,20171204,000000,53.8567,55.9683,53.7564,55.5513,12907751.863743,0
TGT.US,D,20171205,000000,55.4009,55.4815,53.6777,55.2327,9216554.188564,0
TGT.US,D,20171206,000000,55.1441,55.3035,53.7653,53.9187,6256670.5352179,0
TGT.US,D,20171207,000000,54.0583,54.7538,53.724,54.2482,4464986.5647408,0
TGT.US,D,20171208,000000,54.2561,54.9032,53.8567,54.4931,4066582.9813542,0
TGT.US,D,20171211,000000,54.6829,55.2051,54.2993,54.8392,4501848.9544357,0
TGT.US,D,20171212,000000,54.8392,55.0095,54.0583,54.1833,5334415.3336093,0
TGT.US,D,20171213,000000,54.0348,55.7922,53.9886,55.6476,8900423.2292828,0
TGT.US,D,20171214,000000,56.0038,56.5633,54.9583,55.0035,7129990.4188393,0
TGT.US,D,20171215,000000,55.6861,56.1228,55.3644,55.5966,10305231.564915,0
TGT.US,D,20171218,000000,56.2526,57.2027,56.2526,56.9027,7152419.9959091,0
TGT.US,D,20171219,000000,57.124,57.3984,56.7149,56.885,6691248.1663378,0
TGT.US,D,20171220,000000,57.0079,57.9314,56.9854,57.2568,9192594.3978272,0
TGT.US,D,20171221,000000,57.363,58.3711,57.2931,57.9117,8604784.932098,0
TGT.US,D,20171222,000000,58.136,58.136,57.4249,58.0633,4435169.2584329,0
TGT.US,D,20171226,000000,58.072,59.0054,57.9404,58.4459,2968590.1115714,0
TGT.US,D,20171227,000000,58.6072,58.7036,57.7771,57.842,3953406.1416982,0
TGT.US,D,20171228,000000,57.9217,58.081,57.363,57.5588,2778800.9132472,0
TGT.US,D,20171229,000000,57.9049,58.375,57.6207,57.9404,5625111.1931632,0
TGT.US,D,20180102,000000,58.5619,60.4964,58.5619,60.0529,9575775.1513004,0
TGT.US,D,20180103,000000,60.941,61.128,59.5818,59.6468,6821103.8265855,0
TGT.US,D,20180104,000000,59.6978,60.225,57.7721,58.4743,8022764.8594712,0
TGT.US,D,20180105,000000,58.9445,59.2622,58.5619,59.0969,6249032.6846763,0
TGT.US,D,20180108,000000,59.6732,60.6657,58.8245,59.6546,9387179.6213117,0
TGT.US,D,20180109,000000,61.7337,62.1763,60.826,61.3955,20304635.948156,0
TGT.US,D,20180110,000000,61.6355,63.7214,61.5381,62.8058,12366914.365443,0
TGT.US,D,20180111,000000,62.9582,65.7622,62.6022,65.7092,13720024.86446,0
TGT.US,D,20180112,000000,66.19,68.3735,66.1094,68.1945,16521701.709462,0
TGT.US,D,20180116,000000,68.2673,68.8909,66.2787,66.5639,11418318.136946,0
TGT.US,D,20180117,000000,66.5904,68.5958,66.4615,68.2122,7976692.7186839,0
TGT.US,D,20180118,000000,68.2505,69.1848,67.7175,69.1761,8629291.7360926,0
TGT.US,D,20180119,000000,69.4131,69.4131,68.2761,69.3502,8790913.8186611,0
TGT.US,D,20180122,000000,69.3589,69.8302,68.881,69.777,6328600.7450916,0
TGT.US,D,20180123,000000,69.777,69.8822,69.1181,69.3689,6050374.3476041,0
TGT.US,D,20180124,000000,69.5232,69.5232,67.8179,68.2761,10996516.010626,0
TGT.US,D,20180125,000000,68.8634,68.8731,67.2739,67.7539,7148045.9233546,0
TGT.US,D,20180126,000000,68.0371,68.3922,67.3201,68.3322,5609647.3927255,0
TGT.US,D,20180129,000000,68.0815,68.4974,67.8237,68.1945,3926463.1968761,0
TGT.US,D,20180130,000000,67.8316,68.1089,66.438,66.6868,6335925.435627,0
TGT.US,D,20180131,000000,66.9455,67.2642,66.2382,66.7939,9802883.2615363,0
TGT.US,D,20180201,000000,66.2687,67.1775,65.8439,66.5726,5233940.792518,0
TGT.US,D,20180202,000000,65.959,66.1271,64.5742,64.7787,7652028.1492329,0
TGT.US,D,20180205,000000,64.3352,65.8616,62.6111,62.8402,7275744.0331697,0
TGT.US,D,20180206,000000,61.7505,64.8771,60.7276,64.5653,9067293.7922156,0
TGT.US,D,20180207,000000,64.404,65.8409,64.2359,65.0443,7342380.0087821,0
TGT.US,D,20180208,000000,65.2745,65.6137,63.1363,63.146,6422549.7637153,0
TGT.US,D,20180209,000000,63.7667,64.7866,61.1919,64.3352,8708230.4262356,0
TGT.US,D,20180212,000000,64.9371,65.0246,63.5159,63.8286,5207621.1174486,0
TGT.US,D,20180213,000000,63.81,65.6668,63.6468,65.6039,4957185.6370079,0
TGT.US,D,20180214,000000,65.9688,68.0283,65.7622,66.91,8320619.6787781,0
TGT.US,D,20180215,000000,67.2376,67.6723,66.7045,67.5208,3854371.323233,0
TGT.US,D,20180216,000000,67.6113,68.2033,66.8726,67.2189,4800253.83726,0
TGT.US,D,20180220,000000,65.2154,66.1094,64.1749,65.2321,7914158.3257505,0
TGT.US,D,20180221,000000,65.5518,66.8618,65.2862,65.3207,9655504.8754852,0
TGT.US,D,20180222,000000,65.7957,68.0097,65.779,67.1775,7752797.5487716,0
TGT.US,D,20180223,000000,67.6152,68.3135,66.5117,67.5159,6115777.0015036,0
TGT.US,D,20180226,000000,68.2673,68.9302,67.3094,68.8505,6454964.8746205,0
TGT.US,D,20180227,000000,69.6019,70.2195,67.391,67.6565,6963336.4243524,0
TGT.US,D,20180228,000000,68.0982,68.6529,67.5159,67.5159,6165995.4621139,0
TGT.US,D,20180301,000000,67.6053,67.6408,65.358,66.3701,7912790.7926064,0
TGT.US,D,20180302,000000,65.9226,67.5779,65.6276,67.2838,5535774.1673586,0
TGT.US,D,20180305,000000,66.9425,67.8217,66.2048,67.2739,8549844.6693159,0
TGT.US,D,20180306,000000,66.4782,66.8274,62.618,64.2741,22360592.394284,0
TGT.US,D,20180307,000000,63.6231,64.5869,63.1923,63.9517,8583129.1042643,0
TGT.US,D,20180308,000000,63.9517,64.0863,61.9088,62.4468,9777454.2623288,0
TGT.US,D,20180309,000000,63.0094,63.4068,62.0701,63.1107,7609683.4259223,0
TGT.US,D,20180312,000000,62.7152,63.5561,62.5019,63.2729,4093709.9585177,0
TGT.US,D,20180313,000000,63.5651,64.5516,63.4598,63.7195,5010339.4643,0
TGT.US,D,20180314,000000,63.9604,64.2122,63.0094,63.2533,5231315.5355827,0
TGT.US,D,20180315,000000,63.8188,64.0155,62.9248,63.2347,7291992.7671296,0
TGT.US,D,20180316,000000,63.1648,63.9517,63.0369,63.5561,8150221.9987622,0
TGT.US,D,20180319,000000,63.4962,63.8533,62.7704,62.977,3590770.9214913,0
TGT.US,D,20180320,000000,63.209,64.2574,63.1303,64.0686,5601458.4619131,0
TGT.US,D,20180321,000000,63.7294,64.0155,62.7959,62.7959,4236069.6504429,0
TGT.US,D,20180322,000000,62.5373,63.1028,61.605,61.6767,7387356.0895477,0
TGT.US,D,20180323,000000,62.4213,62.8598,60.6745,60.7748,5876167.90985,0
TGT.US,D,20180326,000000,61.482,63.2347,61.4624,62.9248,5466184.5235056,0
TGT.US,D,20180327,000000,63.3793,63.4785,61.0865,61.3364,7702891.2314144,0
TGT.US,D,20180328,000000,61.5439,64.2574,61.5439,61.9383,8993936.0607551,0
TGT.US,D,20180329,000000,61.9846,62.556,61.6551,62.1606,8482251.9288792,0
TGT.US,D,20180402,000000,61.8045,62.1163,60.3805,61.7603,6593277.888543,0
TGT.US,D,20180403,000000,62.1262,62.618,61.7858,62.2511,3891592.6268312,0
TGT.US,D,20180404,000000,61.6688,64.3981,61.6413,64.3371,5808309.7968107,0
TGT.US,D,20180405,000000,64.4267,64.9824,63.332,64.8564,5054254.0546547,0
TGT.US,D,20180406,000000,64.2574,65.7337,64.0284,64.7217,7103814.1059805,0
TGT.US,D,20180409,000000,64.8653,65.1083,63.933,63.9969,3455041.4776201,0
TGT.US,D,20180410,000000,65.2321,65.3669,64.3126,65.1692,5198837.385975,0
TGT.US,D,20180411,000000,64.8929,65.8104,64.5869,65.1977,3960258.0419646,0
TGT.US,D,20180412,000000,65.475,65.8842,64.5565,64.8485,3373378.9054747,0
TGT.US,D,20180413,000000,65.1603,65.1653,63.691,64.0332,4271618.3949168,0
TGT.US,D,20180416,000000,64.408,64.8485,63.9879,64.4621,5403222.0774468,0
TGT.US,D,20180417,000000,65.1879,65.3039,64.8112,64.8653,3425098.093907,0
TGT.US,D,20180418,000000,65.1171,65.7692,64.8388,64.9361,3586599.1828367,0
TGT.US,D,20180419,000000,64.7414,64.7414,62.8314,63.5484,6496661.9261,0
TGT.US,D,20180420,000000,63.6812,64.1395,62.7783,62.9582,4590603.3806184,0
TGT.US,D,20180423,000000,63.3408,63.6388,62.4566,63.5219,3737251.5144076,0
TGT.US,D,20180424,000000,63.5395,64.4267,62.8501,63.148,4407538.9884023,0
TGT.US,D,20180425,000000,62.8973,64.166,62.5816,63.691,2893861.7967069,0
TGT.US,D,20180426,000000,63.8533,64.5869,63.6488,64.3538,3476721.7075322,0
TGT.US,D,20180427,000000,64.0254,65.4298,63.9162,65.2233,4145776.8765672,0
TGT.US,D,20180430,000000,65.1781,65.9767,64.9007,65.001,5372674.7422932,0
TGT.US,D,20180501,000000,64.345,64.7315,63.631,63.631,6276650.7536676,0
TGT.US,D,20180502,000000,63.217,64.0332,62.1655,63.9683,5141632.8136672,0
TGT.US,D,20180503,000000,63.9517,64.1315,63.1825,63.7007,3593454.1333629,0
TGT.US,D,20180504,000000,63.2533,63.9152,62.6091,63.6133,2914627.965432,0
TGT.US,D,20180507,000000,63.4962,63.5119,61.6865,62.0701,6620832.918832,0
TGT.US,D,20180508,000000,62.0554,62.6809,61.8134,62.1527,4302773.7485242,0
TGT.US,D,20180509,000000,61.4909,62.7783,61.1772,62.6091,4605038.2267499,0
TGT.US,D,20180510,000000,62.4468,63.1206,61.9285,62.8874,3992170.8767558,0
TGT.US,D,20180511,000000,62.618,62.973,62.0465,62.8973,3386716.6748312,0
TGT.US,D,20180514,000000,63.2434,65.475,63.2012,65.2676,8167754.8920982,0
TGT.US,D,20180515,000000,65.3138,66.3249,65.2065,65.9915,5537160.0020614,0
TGT.US,D,20180516,000000,66.8039,68.3459,66.7654,67.9329,9519700.1918722,0
TGT.US,D,20180517,000000,67.8857,68.9705,67.8169,68.4728,6064282.5155434,0
TGT.US,D,20180518,000000,68.7985,69.1229,68.2653,68.5742,4781498.8064971,0
TGT.US,D,20180521,000000,69.1958,69.7023,68.8996,69.4131,5619019.8243407,0
TGT.US,D,20180522,000000,69.5292,70.0986,67.8945,68.1473,8361241.0053011,0
TGT.US,D,20180523,000000,64.5378,65.8803,63.9859,64.2674,19210142.743118,0
TGT.US,D,20180524,000000,64.3381,64.5899,63.2819,64.0588,9132207.3877937,0
TGT.US,D,20180525,000000,64.2751,64.9804,64.049,64.3037,6626864.2992118,0
TGT.US,D,20180529,000000,64.1119,64.7985,63.8423,64.7463,7432005.7925147,0
TGT.US,D,20180530,000000,65.0139,66.8658,64.6627,66.3446,8474293.8010585,0
TGT.US,D,20180531,000000,66.0534,66.4605,65.3492,65.8203,7108513.5395805,0
TGT.US,D,20180601,000000,65.8546,66.496,65.539,65.7377,4448870.0087057,0
TGT.US,D,20180604,000000,66.1448,69.3629,66.1301,68.9431,8437499.5338324,0
TGT.US,D,20180605,000000,68.9164,71.1904,68.4177,70.8854,9772791.4318463,0
TGT.US,D,20180606,000000,70.973,71.1461,70.1075,70.3435,4869023.9779799,0
TGT.US,D,20180607,000000,71.0674,71.6604,70.5018,70.7487,6276953.7461413,0
TGT.US,D,20180608,000000,70.6051,71.2818,70.3072,70.4527,5332469.2678563,0
TGT.US,D,20180611,000000,70.6769,71.6604,70.3268,71.3889,4752391.1939694,0
TGT.US,D,20180612,000000,71.7706,71.8679,70.7576,71.3979,4708664.702969,0
TGT.US,D,20180613,000000,71.7243,71.7991,70.434,70.4527,3878955.4004756,0
TGT.US,D,20180614,000000,70.6386,71.1736,69.5459,69.7308,4702992.2364924,0
TGT.US,D,20180615,000000,69.7839,69.8911,68.9351,69.7573,7508412.7670228,0
TGT.US,D,20180618,000000,68.9263,70.3592,68.7985,69.6374,3699952.9375611,0
TGT.US,D,20180619,000000,69.1958,69.4967,68.5565,69.1426,4348591.7009948,0
TGT.US,D,20180620,000000,69.6748,69.7485,67.2729,68.0765,5700640.7096021,0
TGT.US,D,20180621,000000,68.0765,69.7396,67.9417,68.7523,4718722.4262861,0
TGT.US,D,20180622,000000,69.2882,69.4131,68.2486,68.6646,3718538.1705286,0
TGT.US,D,20180625,000000,68.7345,69.6648,68.7079,69.3856,6856629.1857343,0
TGT.US,D,20180626,000000,69.2135,69.6029,68.8447,68.9263,3960083.1604026,0
TGT.US,D,20180627,000000,68.9518,70.8854,68.9518,69.4131,4793072.5089352,0
TGT.US,D,20180628,000000,69.295,69.6294,67.7205,68.2653,5172427.2198648,0
TGT.US,D,20180629,000000,68.9263,69.5065,68.6646,68.7345,3807834.5262026,0
TGT.US,D,20180702,000000,68.4011,68.764,67.5248,68.4177,3896872.6265466,0
TGT.US,D,20180703,000000,68.6087,69.9835,68.5909,69.1958,2207437.4316118,0
TGT.US,D,20180705,000000,69.2882,69.4211,68.2565,69.1229,3069900.4238481,0
TGT.US,D,20180706,000000,68.8072,69.6413,68.1296,69.3394,2671751.0287782,0
TGT.US,D,20180709,000000,69.6648,70.6681,69.6206,70.2166,3762016.5737319,0
TGT.US,D,20180710,000000,70.4595,70.8667,70.2078,70.7025,4243031.360062,0
TGT.US,D,20180711,000000,70.3366,70.6248,69.4967,70.0524,3323542.7440929,0
TGT.US,D,20180712,000000,70.5953,70.5953,68.6087,69.0787,3845678.0828002,0
TGT.US,D,20180713,000000,69.4967,70.7654,69.4967,70.1803,3276877.8361509,0
TGT.US,D,20180716,000000,69.9835,70.1803,68.7985,69.721,3771482.5466476,0
TGT.US,D,20180717,000000,69.5557,70.6051,69.4091,69.774,3520673.917758,0
TGT.US,D,20180718,000000,69.9098,70.261,69.1888,69.3954,4608055.9504464,0
TGT.US,D,20180719,000000,69.6119,71.1904,69.5646,70.85,5736759.8526589,0
TGT.US,D,20180720,000000,70.6858,71.0103,70.0986,70.2166,3271052.8566841,0
TGT.US,D,20180723,000000,70.3868,71.2729,70.3268,71.0575,3782884.4177837,0
TGT.US,D,20180724,000000,71.2907,72.2948,71.1953,71.6604,6095752.0459102,0
TGT.US,D,20180725,000000,71.8769,72.4011,71.4825,72.2298,4049751.6477722,0
TGT.US,D,20180726,000000,72.2024,73.4042,71.8237,72.1119,4883327.66294,0
TGT.US,D,20180727,000000,72.6459,73.1436,71.9319,72.3567,3723334.1956889,0
TGT.US,D,20180730,000000,72.4109,73.4042,72.4109,73.3324,4188257.8448156,0
TGT.US,D,20180731,000000,73.1613,73.4042,72.7188,72.8534,4384851.1560025,0
TGT.US,D,20180801,000000,72.7797,73.06,70.7409,71.2907,4656551.0142691,0
TGT.US,D,20180802,000000,71.2729,73.0866,71.1638,72.9262,4629137.3126844,0
TGT.US,D,20180803,000000,73.18,74.0002,73.1525,73.5478,3480238.6570828,0
TGT.US,D,20180806,000000,73.3127,73.8458,73.2154,73.6934,2732308.8533606,0
TGT.US,D,20180807,000000,74.0101,74.7663,73.8635,74.2629,3223426.1001515,0
TGT.US,D,20180808,000000,74.2629,74.5048,73.7574,74.3957,2961435.2188315,0
TGT.US,D,20180809,000000,74.5048,75.0034,74.253,74.607,3350198.9644937,0
TGT.US,D,20180810,000000,74.3179,75.097,74.253,74.6867,2595022.7602376,0
TGT.US,D,20180813,000000,74.9385,75.1215,73.7288,74.0976,4314777.5375942,0
TGT.US,D,20180814,000000,74.7163,75.4371,74.6376,75.2444,5142753.2757674,0
TGT.US,D,20180815,000000,74.6376,74.7241,72.2338,73.4357,6803455.0233769,0
TGT.US,D,20180816,000000,74.7074,75.0016,73.8183,74.6907,7256491.8100592,0
TGT.US,D,20180817,000000,75.0368,76.5741,74.9444,75.5739,8166080.2994675,0
TGT.US,D,20180820,000000,75.7194,75.9643,75.1107,75.8286,6262364.3535131,0
TGT.US,D,20180821,000000,75.8837,76.1916,75.0271,75.7833,8823356.3819044,0
TGT.US,D,20180822,000000,80.1316,80.8998,76.8839,78.2127,21573557.243159,0
TGT.US,D,20180823,000000,78.493,79.3496,78.132,78.9139,8141617.2158636,0
TGT.US,D,20180824,000000,78.6681,79.8404,78.3947,79.4618,4950443.5460944,0
TGT.US,D,20180827,000000,79.5247,79.7155,78.4684,78.8146,4329527.5772386,0
TGT.US,D,20180828,000000,79.1411,79.7528,78.6769,78.9041,4344643.6480591,0
TGT.US,D,20180829,000000,79.1047,79.8591,78.4586,79.7528,3634098.845211,0
TGT.US,D,20180830,000000,79.1884,79.8404,78.968,79.4618,3230961.2586133,0
TGT.US,D,20180831,000000,78.9956,79.7155,78.9956,79.6319,3812150.643821,0
TGT.US,D,20180904,000000,79.5503,80.9794,79.5503,80.9517,3914709.5291096,0
TGT.US,D,20180905,000000,80.933,81.3795,80.225,80.6341,7816758.4465386,0
TGT.US,D,20180906,000000,81.182,82.0848,80.8161,80.8898,4949927.0354347,0
TGT.US,D,20180907,000000,80.9794,81.8999,80.2781,80.7599,5070871.8700505,0
TGT.US,D,20180910,000000,81.3609,82.2639,80.9242,81.2351,4566554.1155941,0
TGT.US,D,20180911,000000,81.3541,81.7534,80.7452,80.8161,3373549.7200236,0
TGT.US,D,20180912,000000,80.942,81.182,80.3341,80.6793,3208981.0864874,0
TGT.US,D,20180913,000000,80.6626,80.942,80.044,80.159,4127596.3114,0
TGT.US,D,20180914,000000,80.1985,80.5614,79.6703,80.0352,3772516.5847201,0
TGT.US,D,20180917,000000,80.2525,80.2781,79.3054,79.4333,3139570.3912092,0
TGT.US,D,20180918,000000,79.1411,80.0616,78.8599,79.7962,5509537.8660569,0
TGT.US,D,20180919,000000,79.7962,80.0352,78.612,79.3221,3536433.5933965,0
TGT.US,D,20180920,000000,79.5148,79.7607,78.9218,79.5247,3562388.2540431,0
TGT.US,D,20180921,000000,79.6604,80.6843,79.2316,79.4618,7370151.6075169,0
TGT.US,D,20180924,000000,79.3683,80.5701,79.2149,79.3948,3819059.4822701,0
TGT.US,D,20180925,000000,79.5601,80.0794,79.0507,79.4618,3241036.2667359,0
TGT.US,D,20180926,000000,79.5856,80.4236,79.4145,79.989,4263423.3635849,0
TGT.US,D,20180927,000000,79.9417,80.3056,79.5247,79.6408,3379680.7422235,0
TGT.US,D,20180928,000000,79.7784,80.3528,79.6122,80.2781,4311716.0935074,0
TGT.US,D,20181001,000000,80.3893,80.8071,80.2742,80.5142,3466472.834601,0
TGT.US,D,20181002,000000,80.4138,81.3541,78.6484,78.8333,4679597.7605721,0
TGT.US,D,20181003,000000,78.9307,78.9504,77.9482,78.2402,4692573.5657656,0
TGT.US,D,20181004,000000,78.1232,78.7389,76.826,77.2124,6014011.1837632,0
TGT.US,D,20181005,000000,77.2213,77.5656,76.2752,76.9204,5576663.9167441,0
TGT.US,D,20181008,000000,76.8024,77.8675,76.6017,77.7219,4100735.7235925,0
TGT.US,D,20181009,000000,77.8036,78.9956,77.8036,77.9569,3659991.4839084,0
TGT.US,D,20181010,000000,77.9659,79.0044,77.415,77.539,5441888.1874373,0
TGT.US,D,20181011,000000,77.7396,78.3857,75.2631,75.3555,5594421.5125522,0
TGT.US,D,20181012,000000,76.5299,78.0493,76.2388,77.0029,5635914.196625,0
TGT.US,D,20181015,000000,76.9577,77.6403,76.7384,76.9942,3676088.7216314,0
TGT.US,D,20181016,000000,77.4869,78.3346,76.9478,78.0956,2957607.1427813,0
TGT.US,D,20181017,000000,77.8675,78.2224,76.0303,76.8278,4605955.3381968,0
TGT.US,D,20181018,000000,76.0735,76.9754,74.6287,75.865,4661794.410867,0
TGT.US,D,20181019,000000,76.2014,76.2388,74.554,74.6474,6004199.5147368,0
TGT.US,D,20181022,000000,75.0812,76.2476,75.0812,75.7471,3758144.7772911,0
TGT.US,D,20181023,000000,73.9718,75.4923,73.7829,75.2356,4963794.5332433,0
TGT.US,D,20181024,000000,75.1657,76.7197,74.7241,74.8746,5602530.1198564,0
TGT.US,D,20181025,000000,75.7017,76.9754,75.2189,76.2929,5836351.8519144,0
TGT.US,D,20181026,000000,76.1916,76.6833,74.4527,74.5727,6734648.2795395,0
TGT.US,D,20181029,000000,75.3368,77.8301,75.091,76.5388,5881794.6224295,0
TGT.US,D,20181030,000000,77.176,78.6947,76.9478,78.0583,6337408.8786436,0
TGT.US,D,20181031,000000,78.6947,78.6947,76.0106,76.1099,7333539.3391256,0
TGT.US,D,20181101,000000,76.0018,76.7935,75.5198,76.6568,4822180.1214628,0
TGT.US,D,20181102,000000,77.1386,77.9659,75.9555,76.82,3996989.2704881,0
TGT.US,D,20181105,000000,76.9577,77.8301,76.5476,77.6777,4033381.9201736,0
TGT.US,D,20181106,000000,77.7564,77.9659,77.2931,77.895,4216799.1257735,0
TGT.US,D,20181107,000000,79.6408,79.7784,78.0493,78.9592,7447950.5172477,0
TGT.US,D,20181108,000000,79.1785,79.9555,78.9857,79.7254,4920246.9908179,0
TGT.US,D,20181109,000000,79.5769,80.0263,78.8775,79.1215,3834744.9349201,0
TGT.US,D,20181112,000000,79.3319,79.4421,77.5753,77.7839,5187175.2260025,0
TGT.US,D,20181113,000000,77.9225,78.2491,76.3912,76.7384,4756051.5057306,0
TGT.US,D,20181114,000000,76.9204,77.9048,75.1814,75.6555,6181325.0511204,0
TGT.US,D,20181115,000000,75.4017,75.4017,72.8712,73.4996,7822351.6062603,0
TGT.US,D,20181116,000000,72.3076,72.9488,71.1775,72.516,9077021.0707209,0
TGT.US,D,20181119,000000,72.7403,73.1731,70.5864,70.7959,10047365.651599,0
TGT.US,D,20181120,000000,62.3908,65.6118,60.6735,63.3428,22739234.361174,0
TGT.US,D,20181121,000000,64.2339,64.4639,62.4685,63.5543,12777086.867894,0
TGT.US,D,20181123,000000,63.4922,63.6575,61.6738,61.8045,6159897.9927717,0
TGT.US,D,20181126,000000,62.4635,63.63,62.4635,63.5454,10928877.516292,0
TGT.US,D,20181127,000000,63.4008,65.8036,63.0222,65.4997,14594550.617456,0
TGT.US,D,20181128,000000,65.5085,65.9649,64.0696,65.96,9216273.5646623,0
TGT.US,D,20181129,000000,65.5637,65.6491,64.0136,65.3079,7321384.0538187,0
TGT.US,D,20181130,000000,65.0984,65.7672,64.5427,65.1171,7737739.4328874,0
TGT.US,D,20181203,000000,66.4655,66.6573,64.9784,66.3808,8442840.538744,0
TGT.US,D,20181204,000000,66.1241,66.5097,62.8579,63.6025,10638211.142583,0
TGT.US,D,20181206,000000,63.0399,63.867,61.8045,63.8129,6870249.6124991,0
TGT.US,D,20181207,000000,63.4737,64.1158,61.7858,62.2245,5962639.7249482,0
TGT.US,D,20181210,000000,62.1783,62.8874,61.0865,62.6927,6267262.0540002,0
TGT.US,D,20181211,000000,63.0782,63.147,60.6273,61.2803,6273158.2061956,0
TGT.US,D,20181212,000000,62.2629,62.6927,61.7111,62.2049,5940636.1674972,0
TGT.US,D,20181213,000000,61.8665,63.0124,60.5261,61.1889,6393413.6820964,0
TGT.US,D,20181214,000000,60.7474,62.3269,60.585,61.6373,7053045.5818527,0
TGT.US,D,20181217,000000,61.2066,61.2154,58.5098,59.0212,9346164.8112743,0
TGT.US,D,20181218,000000,59.389,60.3618,59.2523,59.932,7709250.0063462,0
TGT.US,D,20181219,000000,60.4187,60.5171,57.3236,57.6542,7307184.0776918,0
TGT.US,D,20181220,000000,57.4918,58.1144,55.7363,56.6195,8953604.5089131,0
TGT.US,D,20181221,000000,56.6814,58.2796,55.8022,56.0962,9617178.3610858,0
TGT.US,D,20181224,000000,55.7116,57.544,55.1953,56.4778,3948586.7312127,0
TGT.US,D,20181226,000000,57.2616,59.8582,56.885,59.747,6709957.4432037,0
TGT.US,D,20181227,000000,59.0675,59.5454,57.0403,59.3792,6218105.0838008,0
TGT.US,D,20181228,000000,59.811,60.4532,59.1254,59.6103,4569624.7104605,0
TGT.US,D,20181231,000000,59.9507,60.7286,59.8463,60.645,4553513.2381917,0
TGT.US,D,20190102,000000,59.7018,61.3433,59.4274,60.9666,4957619.7906528,0
TGT.US,D,20190103,000000,60.6834,61.1387,60.0234,60.1325,4971684.5385952,0
TGT.US,D,20190104,000000,60.7846,61.3709,60.0588,60.9587,5259003.7605494,0
TGT.US,D,20190107,000000,61.3088,64.1258,61.3088,63.9397,8315520.6611441,0
TGT.US,D,20190108,000000,64.3981,64.6745,62.6838,63.8768,7362331.7581404,0
TGT.US,D,20190109,000000,63.6655,65.1319,63.1206,64.5024,6565864.1869583,0
TGT.US,D,20190110,000000,62.3544,62.7025,61.0503,62.6671,15162487.640582,0
TGT.US,D,20190111,000000,62.676,64.2713,62.4537,63.8768,5477055.6494362,0
TGT.US,D,20190114,000000,63.455,64.0962,62.978,63.1698,4978046.3637868,0
TGT.US,D,20190115,000000,63.0969,63.0969,62.2147,62.5914,4108787.392714,0
TGT.US,D,20190116,000000,62.4537,62.978,62.0347,62.2629,5327674.2594491,0
TGT.US,D,20190117,000000,61.9501,63.923,61.6373,63.6575,4504224.0900675,0
TGT.US,D,20190118,000000,64.8584,65.0423,64.0786,64.8584,4886542.6367702,0
TGT.US,D,20190122,000000,64.584,65.1888,63.9202,64.4925,6281325.7851893,0
TGT.US,D,20190123,000000,65.0059,65.5637,63.6211,64.5279,4845661.0214108,0
TGT.US,D,20190124,000000,64.7404,65.062,64.0686,64.7945,4421168.5659463,0
TGT.US,D,20190125,000000,65.1987,66.4753,65.0984,66.4271,6042240.3214681,0
TGT.US,D,20190128,000000,66.0879,66.2707,65.3443,66.1803,3826287.5812453,0
TGT.US,D,20190129,000000,66.1803,66.2442,65.4278,65.7937,3618783.4907503,0
TGT.US,D,20190130,000000,66.3455,66.6661,65.4318,66.3721,4129436.6348133,0
TGT.US,D,20190131,000000,66.3544,67.0507,66.1291,66.9867,7301030.6869199,0
TGT.US,D,20190201,000000,66.9966,67.0744,64.6557,65.3079,6447196.8796606,0
TGT.US,D,20190204,000000,65.3443,66.5844,64.9784,66.4753,3947378.8283315,0
TGT.US,D,20190205,000000,66.7212,67.0339,66.3002,66.7762,3842799.6543013,0
TGT.US,D,20190206,000000,66.6483,66.7477,65.951,66.5372,3704437.8362218,0
TGT.US,D,20190207,000000,66.1065,66.5669,65.5921,65.9423,4044921.0530007,0
TGT.US,D,20190208,000000,65.7937,66.2344,64.9125,65.0423,4518361.0274918,0
TGT.US,D,20190211,000000,64.9499,64.9597,63.3811,64.3725,7258817.1247807,0
TGT.US,D,20190212,000000,64.8771,65.3167,64.4739,64.6105,4909835.4373639,0
TGT.US,D,20190213,000000,64.7945,66.7674,64.2073,66.5944,7832093.1193115,0
TGT.US,D,20190214,000000,65.8232,66.978,65.2528,66.2344,5039918.8503435,0
TGT.US,D,20190215,000000,66.5844,67.3349,66.2757,66.8411,4180101.4501077,0
TGT.US,D,20190219,000000,67.5159,68.2378,66.674,67.8572,7418621.2525078,0
TGT.US,D,20190220,000000,67.9791,68.165,67.1087,67.3114,5406958.645703,0
TGT.US,D,20190221,000000,67.3576,67.5523,66.3583,66.6828,4304805.2215516,0
TGT.US,D,20190222,000000,66.8491,67.2474,66.4715,66.8873,3397159.7476365,0
TGT.US,D,20190225,000000,67.4254,68.1287,67.2198,67.6733,8405965.9480098,0
TGT.US,D,20190226,000000,67.508,67.7864,66.3858,66.9258,5801485.3488826,0
TGT.US,D,20190227,000000,66.9425,68.0254,66.9327,67.5995,5578893.6566586,0
TGT.US,D,20190228,000000,67.692,67.692,66.9071,67.2474,5806815.1695082,0
TGT.US,D,20190301,000000,68.1257,68.9331,66.6199,67.5248,7381702.9413833,0
TGT.US,D,20190304,000000,67.9988,68.4788,67.0714,67.2759,7975814.2438612,0
TGT.US,D,20190305,000000,70.8127,70.8776,68.6184,70.3592,18379343.481123,0
TGT.US,D,20190306,000000,71.1185,71.6929,70.4792,71.1914,8505509.1431086,0
TGT.US,D,20190307,000000,70.6642,71.2749,69.9147,70.5166,6068362.7464038,0
TGT.US,D,20190308,000000,70.2471,70.313,69.238,70.1823,4949370.8713977,0
TGT.US,D,20190311,000000,70.192,70.6386,69.8389,70.6091,3711408.6966204,0
TGT.US,D,20190312,000000,70.7654,70.8215,70.1468,70.5254,3938590.0130916,0
TGT.US,D,20190313,000000,70.5992,71.626,70.5254,71.3939,4101037.6993128,0
TGT.US,D,20190314,000000,70.969,71.1008,70.4036,70.8127,4082494.1532295,0
TGT.US,D,20190315,000000,71.0339,71.1726,70.4232,70.969,5697091.223947,0
TGT.US,D,20190318,000000,71.21,72.2191,71.21,72.0982,4238309.55789,0
TGT.US,D,20190319,000000,72.516,72.9233,72.2191,72.6361,4528406.5497697,0
TGT.US,D,20190320,000000,72.6087,72.6272,71.6545,71.7853,4672066.6691234,0
TGT.US,D,20190321,000000,72.3942,73.9964,72.3942,73.5882,5748879.5516014,0
TGT.US,D,20190322,000000,73.2725,73.6826,72.4414,72.5073,3429065.4651549,0
TGT.US,D,20190325,000000,72.4975,73.3954,72.2565,72.7021,3144831.0726127,0
TGT.US,D,20190326,000000,73.2822,74.0898,73.1849,73.7189,3773977.6591649,0
TGT.US,D,20190327,000000,73.7671,74.6542,73.6452,73.8931,3898764.8043766,0
TGT.US,D,20190328,000000,74.1448,75.5061,73.9422,74.3592,5826624.5734091,0
TGT.US,D,20190329,000000,74.7458,74.7703,73.9226,74.3042,4198301.3335869,0
TGT.US,D,20190401,000000,74.6287,74.6287,73.4151,74.0357,5113546.0214196,0
TGT.US,D,20190402,000000,73.6914,74.3042,73.4692,73.5606,3142414.2500971,0
TGT.US,D,20190403,000000,73.8213,73.9343,73.3108,73.4239,3512609.0308442,0
TGT.US,D,20190404,000000,73.301,75.5061,73.2822,75.3388,4748709.5303897,0
TGT.US,D,20190405,000000,75.0428,75.5208,74.619,74.9327,4574179.7650966,0
TGT.US,D,20190408,000000,74.9052,76.1267,74.8589,75.8472,4978548.6399008,0
TGT.US,D,20190409,000000,75.1549,75.3388,74.4035,74.6719,5253727.827847,0
TGT.US,D,20190410,000000,74.9228,75.3674,74.2855,74.7556,2447001.7861217,0
TGT.US,D,20190411,000000,74.7074,75.0595,74.1911,74.4783,2838579.904827,0
TGT.US,D,20190412,000000,74.9876,75.4499,74.4684,74.7359,3799252.1118758,0
TGT.US,D,20190415,000000,74.8392,76.0352,74.6995,75.8954,3571380.4199364,0
TGT.US,D,20190416,000000,76.2752,76.3401,75.5906,75.8857,2877193.1436478,0
TGT.US,D,20190417,000000,76.283,77.2095,76.1916,76.5436,3289104.2941864,0
TGT.US,D,20190418,000000,76.6164,77.2822,76.3204,77.0797,3416505.5120477,0
TGT.US,D,20190422,000000,75.9309,77.4407,75.8472,75.9309,3598384.3699545,0
TGT.US,D,20190423,000000,75.5808,76.1542,74.3308,76.0617,6738721.393127,0
TGT.US,D,20190424,000000,75.6063,77.1544,75.6063,76.7276,2873305.0791548,0
TGT.US,D,20190425,000000,76.6449,76.6449,75.5906,75.6722,4101431.1828272,0
TGT.US,D,20190426,000000,71.3939,72.5427,69.1848,71.3939,13343262.874362,0
TGT.US,D,20190429,000000,72.5997,72.6559,71.2562,72.0253,9826396.697589,0
TGT.US,D,20190430,000000,72.2663,72.34,71.2935,71.6733,5767918.2565259,0
TGT.US,D,20190501,000000,72.0253,72.2476,70.0082,70.0514,5901188.1742442,0
TGT.US,D,20190502,000000,70.433,71.2848,70.1183,70.7467,4813565.1710315,0
TGT.US,D,20190503,000000,70.3327,71.2848,69.7308,70.3032,6237754.8574387,0
TGT.US,D,20190506,000000,69.4328,70.498,69.2026,70.3415,4330084.7580289,0
TGT.US,D,20190507,000000,69.8489,70.192,68.9411,69.4711,4792942.3645171,0
TGT.US,D,20190508,000000,69.542,70.1556,68.7817,69.8124,4318232.4651955,0
TGT.US,D,20190509,000000,69.3856,69.952,68.7188,69.534,4914022.4273173,0
TGT.US,D,20190510,000000,69.1171,69.5183,67.8857,69.0994,5617408.2704125,0
TGT.US,D,20190513,000000,67.8483,68.0726,66.0711,66.3583,6540672.0912619,0
TGT.US,D,20190514,000000,66.2944,67.0409,65.4161,66.5659,8631809.2171816,0
TGT.US,D,20190515,000000,66.2658,66.5264,65.6315,66.1448,5972437.159429,0
TGT.US,D,20190516,000000,66.7792,67.2012,65.9629,66.1164,4791909.3431977,0
TGT.US,D,20190517,000000,65.5174,66.8726,65.474,66.2186,4165904.5242407,0
TGT.US,D,20190520,000000,66.7143,67.5543,66.4143,67.33,6156012.9785386,0
TGT.US,D,20190521,000000,66.5659,68.1424,66.0504,67.2189,8249391.0286587,0
TGT.US,D,20190522,000000,71.9349,73.9718,71.7401,72.4503,22243380.060911,0
TGT.US,D,20190523,000000,72.6843,74.3465,71.7588,74.1684,12439170.953114,0
TGT.US,D,20190524,000000,74.3563,76.281,74.3366,76.1955,8405472.8226753,0
TGT.US,D,20190528,000000,76.3902,76.8298,75.3742,75.448,6982822.5007144,0
TGT.US,D,20190529,000000,74.7566,74.9071,73.9157,74.3917,6179722.6479716,0
TGT.US,D,20190530,000000,74.7369,75.4618,74.6376,75.093,4278853.6111649,0
TGT.US,D,20190531,000000,74.5333,75.2798,74.1773,75.1499,4428911.1420745,0
TGT.US,D,20190603,000000,75.2887,78.2402,75.2503,77.4859,7570730.5915104,0
TGT.US,D,20190604,000000,77.8585,80.2958,77.7641,80.1945,8513600.4656073,0
TGT.US,D,20190605,000000,80.6882,81.651,79.5267,79.8561,7220232.3550515,0
TGT.US,D,20190606,000000,79.8463,80.3716,79.1185,80.0549,4879909.3384563,0
TGT.US,D,20190607,000000,80.5761,81.6707,80.3813,81.1288,5581842.2411329,0
TGT.US,D,20190610,000000,81.5852,82.1832,81.4082,81.7819,3232647.0355299,0
TGT.US,D,20190611,000000,82.2018,82.7998,81.8547,82.0612,4587304.0162671,0
TGT.US,D,20190612,000000,82.1183,82.5667,81.8193,82.4448,3908398.5415813,0
TGT.US,D,20190613,000000,82.6316,83.2749,82.1733,82.4821,3426012.1550941,0
TGT.US,D,20190614,000000,82.5097,82.8844,81.5203,82.0061,4604304.1308912,0
TGT.US,D,20190617,000000,81.6973,81.8291,80.5958,81.3993,4490324.0561544,0
TGT.US,D,20190618,000000,81.7435,81.836,80.5908,80.7719,4698652.7335489,0
TGT.US,D,20190619,000000,80.8386,81.0344,79.989,80.4817,4376820.8386997,0
TGT.US,D,20190620,000000,80.9497,80.9774,79.8463,80.5299,4083863.71988,0
TGT.US,D,20190621,000000,80.6705,82.7585,80.3912,81.8291,8401126.2024589,0
TGT.US,D,20190624,000000,81.6973,82.192,80.7522,81.0059,3274924.6531249,0
TGT.US,D,20190625,000000,81.3993,81.5016,79.922,80.0549,5418281.2100843,0
TGT.US,D,20190626,000000,80.3912,80.8958,79.8945,79.9505,3188170.1806184,0
TGT.US,D,20190627,000000,79.9692,80.5102,79.6713,80.2132,3149055.6824371,0
TGT.US,D,20190628,000000,80.1453,81.3895,80.0981,80.9045,5656844.0626262,0
TGT.US,D,20190701,000000,81.7819,82.9867,80.343,81.2105,5119989.1868727,0
TGT.US,D,20190702,000000,81.185,81.3137,80.5584,81.3039,2487449.2478361,0
TGT.US,D,20190703,000000,81.7357,82.1832,81.661,82.1084,1641054.0074781,0
TGT.US,D,20190705,000000,81.9688,82.9306,81.6777,82.7998,2175341.5812326,0
TGT.US,D,20190708,000000,82.7163,83.5197,82.1546,83.0527,5068292.3670121,0
TGT.US,D,20190709,000000,82.6405,83.511,82.016,82.016,4268149.2327698,0
TGT.US,D,20190710,000000,82.0612,82.2018,80.0372,80.1945,6036066.5956309,0
TGT.US,D,20190711,000000,80.706,81.4731,80.3951,80.7719,5682100.2137783,0
TGT.US,D,20190712,000000,81.3137,83.0231,81.0157,81.7622,5065733.1990392,0
TGT.US,D,20190715,000000,81.7819,82.3995,80.7522,81.0796,3398082.9596029,0
TGT.US,D,20190716,000000,81.661,82.968,81.3609,82.491,5649056.7493543,0
TGT.US,D,20190717,000000,82.249,82.313,81.4632,82.0711,3930035.0511031,0
TGT.US,D,20190718,000000,81.7435,82.6877,81.2951,82.6681,4119354.5094178,0
TGT.US,D,20190719,000000,82.9867,83.266,82.2018,82.2117,3661628.4566682,0
TGT.US,D,20190722,000000,82.4349,82.8037,81.1573,81.4731,3051186.0632158,0
TGT.US,D,20190723,000000,81.9688,82.725,80.9774,82.7064,4607581.1266707,0
TGT.US,D,20190724,000000,82.2215,83.6122,81.9343,83.2198,3430745.1415519,0
TGT.US,D,20190725,000000,82.968,83.1647,81.6639,82.1733,3857966.562785,0
TGT.US,D,20190726,000000,82.0513,82.0513,80.6793,81.3236,5690870.7274595,0
TGT.US,D,20190729,000000,81.418,81.6973,80.9497,81.4819,3563569.7213393,0
TGT.US,D,20190730,000000,81.5203,81.5399,80.5397,81.1573,2926147.7799472,0
TGT.US,D,20190731,000000,81.1091,81.7435,80.1748,80.706,4785916.5994421,0
TGT.US,D,20190801,000000,80.5102,81.2999,75.6909,77.177,7601354.183159,0
TGT.US,D,20190802,000000,77.0924,77.2774,76.0834,76.1483,5496694.2387883,0
TGT.US,D,20190805,000000,75.9426,76.1955,74.7596,75.4656,7767327.9697102,0
TGT.US,D,20190806,000000,75.8119,77.7279,75.448,77.3167,5937550.3213319,0
TGT.US,D,20190807,000000,76.4178,77.7641,75.7853,77.5399,5098000.8807205,0
TGT.US,D,20190808,000000,78.2127,79.0448,77.5124,78.2796,4779009.7944993,0
TGT.US,D,20190809,000000,77.9984,78.8078,76.644,76.9803,5316636.3859826,0
TGT.US,D,20190812,000000,76.0371,76.7423,75.7106,76.6253,5235344.9287797,0
TGT.US,D,20190813,000000,75.9614,80.9312,75.8591,78.6887,9029062.8526232,0
TGT.US,D,20190814,000000,76.467,77.7367,75.803,76.4964,7506102.7036002,0
TGT.US,D,20190815,000000,77.8685,78.5116,76.6056,77.12,5769111.9248614,0
TGT.US,D,20190816,000000,77.8113,78.8952,77.6914,78.6612,5203925.219323,0
TGT.US,D,20190819,000000,80.8014,81.1573,80.0646,80.877,7872449.0732318,0
TGT.US,D,20190820,000000,81.1593,82.0051,80.5072,80.5072,9377215.4392952,0
TGT.US,D,20190821,000000,94.006,97.3117,92.3695,96.9498,44065571.097723,0
TGT.US,D,20190822,000000,99.208,100.261,97.3117,100.083,18180695.311583,0
TGT.US,D,20190823,000000,98.6178,99.7195,97.1848,97.409,9559918.8841015,0
TGT.US,D,20190826,000000,98.7457,99.5227,97.6835,98.6178,5932524.5099331,0
TGT.US,D,20190827,000000,98.8436,98.9226,98.1458,98.549,5652022.6186341,0
TGT.US,D,20190828,000000,98.5194,100.447,98.3621,100.162,7056021.6186652,0
TGT.US,D,20190829,000000,101.657,102.159,100.654,101.598,5521969.7082525,0
TGT.US,D,20190830,000000,102.119,102.915,100.555,100.761,5642544.4446791,0
TGT.US,D,20190903,000000,100.497,101.175,99.7891,100.438,4241086.3110623,0
TGT.US,D,20190904,000000,100.723,101.588,100.535,101.057,4210948.7274753,0
TGT.US,D,20190905,000000,102.837,102.984,101.864,102.159,4404068.8095019,0
TGT.US,D,20190906,000000,102.552,104.43,102.405,103.397,5603332.3381841,0
TGT.US,D,20190909,000000,103.171,103.801,101.215,101.618,5318144.2310776,0
TGT.US,D,20190910,000000,101.106,102.433,100.565,102.433,4195514.4128822,0
TGT.US,D,20190911,000000,102.306,103.083,101.568,102.572,3935827.4944651,0
TGT.US,D,20190912,000000,103.004,103.28,102.159,102.542,3384404.577902,0
TGT.US,D,20190913,000000,102.669,102.768,101.499,101.657,2664708.9956511,0
TGT.US,D,20190916,000000,100.959,101.608,100.063,100.683,4932110.4679372,0
TGT.US,D,20190917,000000,100.359,101.156,99.9461,100.989,4604606.1066115,0
TGT.US,D,20190918,000000,100.84,101.372,99.7891,100.693,3154084.5440957,0
TGT.US,D,20190919,000000,102.159,102.345,100.604,101.539,3132699.1726309,0
TGT.US,D,20190920,000000,101.952,102.159,100.329,100.398,4537005.2321487,0
TGT.US,D,20190923,000000,101.086,103.929,100.929,102.385,5975375.5763706,0
TGT.US,D,20190924,000000,103.546,103.742,100.801,101.146,5752318.2111504,0
TGT.US,D,20190925,000000,100.791,101.775,100.349,100.525,4204019.5539607,0
TGT.US,D,20190926,000000,100.624,101.096,98.5294,100.053,5698115.0944869,0
TGT.US,D,20190927,000000,99.7294,100.535,99.3255,99.8865,3387491.4408207,0
TGT.US,D,20190930,000000,100.398,101.086,100.182,100.634,3880959.421165,0
TGT.US,D,20191001,000000,101.027,101.785,99.6311,99.7195,3795037.6695841,0
TGT.US,D,20191002,000000,98.7359,99.7394,97.9098,98.9818,6188983.2367274,0
TGT.US,D,20191003,000000,99.051,100.428,98.2637,100.349,4559535.4677921,0
TGT.US,D,20191004,000000,100.497,102.857,100.28,102.699,4386924.3159139,0
TGT.US,D,20191007,000000,102.267,102.453,100.86,101.618,4113048.6056559,0
TGT.US,D,20191008,000000,101.657,103.575,100.761,102.139,5114640.0479349,0
TGT.US,D,20191009,000000,103.466,104.696,103.113,103.879,6238947.5090209,0
TGT.US,D,20191010,000000,103.133,104.096,102.689,104.077,3942152.7165392,0
TGT.US,D,20191011,000000,105.287,106.299,104.666,105.267,4870086.485144,0
TGT.US,D,20191014,000000,105.267,105.65,104.44,104.617,2573626.2044869,0
TGT.US,D,20191015,000000,105.001,105.709,104.785,105.325,2888278.8045179,0
TGT.US,D,20191016,000000,105.227,105.63,104.637,105.611,2486158.9879402,0
TGT.US,D,20191017,000000,105.817,107.037,105.749,106.575,4372787.3784895,0
TGT.US,D,20191018,000000,106.241,107.066,105.807,106.191,4130332.3944415,0
TGT.US,D,20191021,000000,106.653,107.135,106.132,107.007,3227221.6400972,0
TGT.US,D,20191022,000000,107.272,108.069,106.408,106.535,3734157.5342161,0
TGT.US,D,20191023,000000,106.535,106.535,104.214,104.805,5519295.6471603,0
TGT.US,D,20191024,000000,105.267,105.434,103.565,103.791,4380290.0008467,0
TGT.US,D,20191025,000000,103.466,103.536,102.149,102.621,6012699.5720488,0
TGT.US,D,20191028,000000,102.837,103.988,102.621,103.28,4725634.3149951,0
TGT.US,D,20191029,000000,102.857,103.151,101.598,101.794,3192076.5466702,0
TGT.US,D,20191030,000000,101.677,102.375,100.939,101.598,3790303.666373,0
TGT.US,D,20191031,000000,101.332,101.598,99.6897,100.634,6870814.9273154,0
TGT.US,D,20191101,000000,101.715,102.001,101.126,101.489,3297564.6981211,0
TGT.US,D,20191104,000000,102.119,102.758,101.854,102.375,3394872.0527857,0
TGT.US,D,20191105,000000,102.572,103.938,102.433,103.605,3497766.4666525,0
TGT.US,D,20191106,000000,103.437,104.105,102.925,104.018,3436091.2302298,0
TGT.US,D,20191107,000000,105.06,105.297,103.869,104.096,3712301.4059888,0
TGT.US,D,20191108,000000,104.067,104.47,102.994,103.693,2980436.3038851,0
TGT.US,D,20191111,000000,104.125,104.351,103.309,103.968,3275240.863391,0
TGT.US,D,20191112,000000,103.762,103.811,101.578,101.981,5769387.4649968,0
TGT.US,D,20191113,000000,102.237,102.827,100.743,102.188,4152132.6012391,0
TGT.US,D,20191114,000000,104.204,104.696,103.142,104.587,6342759.0343345,0
TGT.US,D,20191115,000000,105.483,107.007,104.775,106.555,5681062.1086928,0
TGT.US,D,20191118,000000,107.155,107.538,105.297,105.394,7341773.0070818,0
TGT.US,D,20191119,000000,104.549,105.198,103.546,104.952,7828607.6891122,0
TGT.US,D,20191120,000000,115.811,120.442,112.082,119.704,34194759.567171,0
TGT.US,D,20191121,000000,119.852,121.18,119.025,120.876,11410511.505362,0
TGT.US,D,20191122,000000,121.16,121.16,119.577,120.275,7959966.1106885,0
TGT.US,D,20191125,000000,120.501,120.728,118.416,118.524,8836810.0611332,0
TGT.US,D,20191126,000000,118.593,121.053,118.338,120.147,8007737.2461852,0
TGT.US,D,20191127,000000,120.394,120.394,119.075,119.202,3622933.8775861,0
TGT.US,D,20191129,000000,119.302,120.049,118.298,118.348,2809252.6735938,0
TGT.US,D,20191202,000000,119.015,119.497,117.334,117.404,4435972.4935138,0
TGT.US,D,20191203,000000,116.085,117.984,115.821,117.462,4509876.2214787,0
TGT.US,D,20191204,000000,118.348,118.858,117.719,117.924,4156826.951073,0
TGT.US,D,20191205,000000,118.396,118.663,117.079,118.052,2761450.0187459,0
TGT.US,D,20191206,000000,118.553,119.684,118.229,118.367,4547614.0357365,0
TGT.US,D,20191209,000000,118.318,120.422,118.268,119.724,3752286.2449668,0
TGT.US,D,20191210,000000,119.39,119.842,118.653,119.085,3774791.0617784,0
TGT.US,D,20191211,000000,118.73,119.193,118.101,119.115,2974327.6502571,0
TGT.US,D,20191212,000000,118.977,121.072,118.466,120.757,3888334.9493637,0
TGT.US,D,20191213,000000,119.989,120.668,119.459,120.461,3137037.6588212,0
TGT.US,D,20191216,000000,121.013,121.21,119.262,119.262,4741082.8641339,0
TGT.US,D,20191217,000000,119.744,122.045,119.302,121.554,5932917.9934474,0
TGT.US,D,20191218,000000,121.672,122.212,120.973,121.278,4162566.5232651,0
TGT.US,D,20191219,000000,120.943,122.114,120.609,121.848,3477459.8704041,0
TGT.US,D,20191220,000000,122.576,123.333,121.662,122.282,6574251.3846577,0
TGT.US,D,20191223,000000,122.596,122.665,121.219,121.515,4280247.5798938,0
TGT.US,D,20191224,000000,122.036,122.036,121.16,121.711,1735618.1618284,0
TGT.US,D,20191226,000000,122.262,122.527,121.14,122.026,2321809.9731097,0
TGT.US,D,20191227,000000,122.134,122.359,121.415,122.34,2360596.0599859,0
TGT.US,D,20191230,000000,122.134,123.048,121.583,122.026,2690324.0607064,0
TGT.US,D,20191231,000000,121.573,122.104,120.609,121.396,4287599.7227675,0
TGT.US,D,20200102,000000,121.887,122.036,118.593,119.37,5441802.7801629,0
TGT.US,D,20200103,000000,118.033,118.858,117.354,118.131,5301502.0136034,0
TGT.US,D,20200106,000000,117.394,118.033,116.665,117.01,4465993.1504752,0
TGT.US,D,20200107,000000,116.459,117.836,116.459,117.227,3873752.6740085,0
TGT.US,D,20200108,000000,117.422,118.583,116.783,116.842,6054226.8257328,0
TGT.US,D,20200109,000000,116.932,118.268,116.135,116.932,5671318.5621352,0
TGT.US,D,20200110,000000,118.081,119.015,117.472,118.101,4940899.2831771,0
TGT.US,D,20200113,000000,117.984,118.052,116.39,117.294,3837592.8608209,0
TGT.US,D,20200114,000000,117.03,118.977,116.872,118.593,3478631.1701677,0
TGT.US,D,20200115,000000,111.246,113.046,109.427,110.784,28244032.123499,0
TGT.US,D,20200116,000000,110.921,111.088,109.672,110.134,9886890.4667153,0
TGT.US,D,20200117,000000,110.292,111.532,109.997,110.706,7713667.7992912,0
TGT.US,D,20200121,000000,110.449,110.449,107.774,107.971,8647490.6028185,0
TGT.US,D,20200122,000000,108.059,108.974,107.725,107.844,5355089.9945403,0
TGT.US,D,20200123,000000,107.489,109.437,107.096,109.397,4902376.5353972,0
TGT.US,D,20200124,000000,109.84,109.84,107.597,108.236,4582356.4948698,0
TGT.US,D,20200127,000000,106.948,110.037,106.584,109.623,7159597.257221,0
TGT.US,D,20200128,000000,109.977,110.263,109.299,109.309,4082015.2624406,0
TGT.US,D,20200129,000000,109.623,109.919,108.169,108.187,5548089.0829284,0
TGT.US,D,20200130,000000,107.725,108.621,106.89,108.581,4717050.8839152,0
TGT.US,D,20200131,000000,107.401,107.744,104.509,104.843,7352499.7540486,0
TGT.US,D,20200203,000000,105.237,107.401,105.099,106.525,5478118.1566003,0
TGT.US,D,20200204,000000,107.597,108.698,107.195,107.243,3829442.5666327,0
TGT.US,D,20200205,000000,107.941,109.742,107.794,109.397,3840765.1310139,0
TGT.US,D,20200206,000000,109.83,110.184,108.669,109.033,4250797.3215152,0
TGT.US,D,20200207,000000,108.915,109.495,108.374,109.476,3137464.6951933,0
TGT.US,D,20200210,000000,109.466,111.011,109.466,110.764,4078656.9263997,0
TGT.US,D,20200211,000000,110.853,110.921,109.013,110.479,3237126.8504244,0
TGT.US,D,20200212,000000,110.449,112.437,110.272,111.846,3976009.5835768,0
TGT.US,D,20200213,000000,111.58,112.22,111.178,112.004,2803820.1608883,0
TGT.US,D,20200214,000000,112.022,112.18,110.114,110.42,3473629.7608473,0
TGT.US,D,20200218,000000,111.364,112.25,110.794,112.22,3281152.2668853,0
TGT.US,D,20200219,000000,112.082,112.486,111.463,111.797,3010430.5252615,0
TGT.US,D,20200220,000000,111.383,112.643,111.001,112.614,2792744.6675508,0
TGT.US,D,20200221,000000,112.22,113.204,111.217,111.423,4049828.9210206,0
TGT.US,D,20200224,000000,109.023,110.439,107.715,108.345,5571132.7789717,0
TGT.US,D,20200225,000000,108.738,109.652,106.299,106.378,5351395.1131682,0
TGT.US,D,20200226,000000,106.82,107.332,105.021,105.384,4536413.4817473,0
TGT.US,D,20200227,000000,103.123,104.145,100.497,100.575,7049999.3890647,0
TGT.US,D,20200228,000000,97.3206,99.2278,95.9338,98.0966,9685972.9038839,0
TGT.US,D,20200302,000000,98.4507,104.204,98.0376,103.861,10176963.056517,0
TGT.US,D,20200303,000000,106.643,106.84,98.9918,100.791,11475267.504184,0
TGT.US,D,20200304,000000,101.893,102.915,99.6698,102.669,7177427.0425109,0
TGT.US,D,20200305,000000,100.595,103.27,100.231,100.919,5560399.9314853,0
TGT.US,D,20200306,000000,99.1882,101.352,97.8497,100.9,5640050.3489152,0
TGT.US,D,20200309,000000,94.9974,102.532,94.9974,99.0608,7714894.0037312,0
TGT.US,D,20200310,000000,101.136,104.351,99.798,103.171,7835093.5582023,0
TGT.US,D,20200311,000000,100.969,102.827,98.4802,100.535,6409613.6118993,0
TGT.US,D,20200312,000000,94.5018,96.6744,87.9977,88.1984,10720657.631497,0
TGT.US,D,20200313,000000,92.0361,100.132,88.1128,96.2053,9731795.940121,0
TGT.US,D,20200316,000000,88.1699,95.1687,86.8077,89.3127,7312858.5776749,0
TGT.US,D,20200317,000000,90.5785,101.411,90.5225,98.6867,11117110.065364,0
TGT.US,D,20200318,000000,94.2166,103.191,92.2259,97.9195,9289224.594816,0
TGT.US,D,20200319,000000,97.8201,102.001,95.0456,95.6997,7785944.722029,0
TGT.US,D,20200320,000000,94.5578,97.5851,91.7783,92.7491,8461135.9970303,0
TGT.US,D,20200323,000000,91.9417,94.4654,89.3315,92.0725,7460476.917497,0
TGT.US,D,20200324,000000,95.3575,96.7934,91.4175,95.7606,6824400.1406771,0
TGT.US,D,20200325,000000,94.3878,94.5814,86.1978,86.6936,13193094.517346,0
TGT.US,D,20200326,000000,87.027,91.864,86.8559,91.4844,7370610.1632403,0
TGT.US,D,20200327,000000,89.9796,93.1583,88.4925,90.2166,5148929.0351111,0
TGT.US,D,20200330,000000,91.5866,93.1042,90.9414,91.4273,4710881.225091,0
TGT.US,D,20200331,000000,90.731,92.159,87.7587,88.5308,6712750.4644283,0
TGT.US,D,20200401,000000,87.266,91.5503,86.9316,90.7212,9011226.9668136,0
TGT.US,D,20200402,000000,89.769,91.1038,87.7214,89.8557,6226490.2479936,0
TGT.US,D,20200403,000000,89.0649,89.6354,85.8654,88.1512,7157142.8148344,0
TGT.US,D,20200406,000000,88.7708,93.1484,87.7302,92.8555,7464128.0784789,0
TGT.US,D,20200407,000000,94.0356,96.8033,92.397,93.5694,6930188.2343418,0
TGT.US,D,20200408,000000,95.5591,100.644,95.2267,99.6311,7921048.8626409,0
TGT.US,D,20200409,000000,97.1258,99.8268,96.6449,99.2278,7425077.6357533,0
TGT.US,D,20200413,000000,99.2278,100.339,98.008,99.6798,3397674.2247896,0
TGT.US,D,20200414,000000,103.309,104.657,100.831,103.221,5284551.7198893,0
TGT.US,D,20200415,000000,103.575,103.801,100.231,101.165,4437410.1826333,0
TGT.US,D,20200416,000000,101.893,104.637,101.568,104.077,6248572.0954463,0
TGT.US,D,20200417,000000,105.611,108.631,103.26,108.001,7999399.8693957,0
TGT.US,D,20200420,000000,107.135,107.135,103.536,103.791,5596806.8157166,0
TGT.US,D,20200421,000000,103.103,103.103,100.86,101.794,4746314.0596926,0
TGT.US,D,20200422,000000,103.034,103.349,101.342,101.745,3104199.578557,0
TGT.US,D,20200423,000000,95.8955,100.457,95.6997,98.893,17335617.783459,0
TGT.US,D,20200424,000000,99.5029,103.28,98.893,102.669,6398080.5795918,0
TGT.US,D,20200427,000000,103.496,105.896,103.329,104.627,4558348.9167295,0
TGT.US,D,20200428,000000,106.191,108.443,104.843,106.643,5150642.264366,0
TGT.US,D,20200429,000000,108.069,108.601,104.843,106.741,5176939.5708636,0
TGT.US,D,20200430,000000,105.779,105.896,103.703,104.5,5008752.3124502,0
TGT.US,D,20200501,000000,103.663,104.244,101.027,103.073,4820680.410394,0
TGT.US,D,20200504,000000,102.679,106.673,102.483,106.368,4807814.4145534,0
TGT.US,D,20200505,000000,106.358,107.961,105.198,106.417,4411740.2129015,0
TGT.US,D,20200506,000000,107.489,110.095,107.195,108.149,5160310.5711819,0
TGT.US,D,20200507,000000,109.299,109.791,107.696,107.941,3875099.8720872,0
TGT.US,D,20200508,000000,109.25,111.246,108.669,110.292,4481387.8116908,0
TGT.US,D,20200511,000000,111.236,114.984,110.381,114.452,6296924.8138117,0
TGT.US,D,20200512,000000,115.229,117.079,113.686,113.686,5142459.4340733,0
TGT.US,D,20200513,000000,113.745,114.885,112.494,113.44,4912383.4210509,0
TGT.US,D,20200514,000000,112.318,115.072,111.532,114.217,5918192.3558815,0
TGT.US,D,20200515,000000,114.61,116.793,114.078,115.171,8773044.3799935,0
TGT.US,D,20200518,000000,117.384,119.557,116.902,119.212,6665056.6021799,0
TGT.US,D,20200519,000000,119.764,120.6,117.541,117.924,8267860.3517536,0
TGT.US,D,20200520,000000,118.79,119.577,114.197,114.532,13472182.104851,0
TGT.US,D,20200521,000000,114.532,115.239,112.624,113.606,7960558.8778432,0
TGT.US,D,20200522,000000,113.754,114.265,112.19,112.467,5121539.7356048,0
TGT.US,D,20200526,000000,113.725,114.847,109.919,110.194,7599055.3040223,0
TGT.US,D,20200527,000000,110.686,112.427,109.358,112.387,8628668.4663398,0
TGT.US,D,20200528,000000,112.919,115.122,112.437,113.361,6411730.4922012,0
TGT.US,D,20200529,000000,113.666,117.551,113.115,117.107,9095236.2054992,0
TGT.US,D,20200601,000000,115.309,115.584,113.745,114.394,6291045.9464218,0
TGT.US,D,20200602,000000,114.56,115.623,113.144,113.773,5374069.7277755,0
TGT.US,D,20200603,000000,114.05,117.079,113.243,116.528,6075157.7084872,0
TGT.US,D,20200604,000000,116.675,117.512,114.452,114.847,4140414.5198372,0
TGT.US,D,20200605,000000,116.213,117.284,114.58,116.33,4783049.3552291,0
TGT.US,D,20200608,000000,115.653,117.227,115.436,117.147,3738027.2971504,0
TGT.US,D,20200609,000000,117.314,117.502,115.171,115.574,3053919.0959975,0
TGT.US,D,20200610,000000,115.594,116.96,114.669,114.885,3816673.1623525,0
TGT.US,D,20200611,000000,113.498,115.771,112.751,112.968,5228326.2809777,0
TGT.US,D,20200612,000000,114.482,114.64,109.919,111.915,5174345.8332796,0
TGT.US,D,20200615,000000,110.519,113.616,110.302,113.106,4799299.1059423,0
TGT.US,D,20200616,000000,115.299,116.135,112.23,114.118,5370445.0023786,0
TGT.US,D,20200617,000000,114.375,114.375,112.751,113.223,3978748.7168781,0
TGT.US,D,20200618,000000,113.194,113.213,111.895,112.299,3406548.4473039,0
TGT.US,D,20200619,000000,115.082,117.699,114.138,115.416,13169565.829995,0
TGT.US,D,20200622,000000,115.357,117.866,114.01,117.207,4879576.860138,0
TGT.US,D,20200623,000000,117.786,119.115,116.076,116.301,4499092.536329,0
TGT.US,D,20200624,000000,115.986,116.783,113.558,114.61,4368069.6433307,0
TGT.US,D,20200625,000000,114.295,114.837,113.233,114.699,2882640.9076523,0
TGT.US,D,20200626,000000,114.885,115.504,111.777,112.032,6968281.9122431,0
TGT.US,D,20200629,000000,112.467,114.187,111.797,113.498,3404329.8916754,0
TGT.US,D,20200630,000000,113.803,115.299,113.223,114.817,3796049.3390848,0
TGT.US,D,20200701,000000,114.797,115.229,113.754,113.873,2962892.2262631,0
TGT.US,D,20200702,000000,114.866,115.446,113.813,114.03,2314991.6257012,0
TGT.US,D,20200706,000000,114.894,115.131,112.939,114.148,3934428.4419697,0
TGT.US,D,20200707,000000,113.243,114.452,112.781,113.016,4082565.325958,0
TGT.US,D,20200708,000000,113.106,113.431,111.758,112.672,2972330.7468406,0
TGT.US,D,20200709,000000,112.437,114.217,112.142,112.859,2988718.7759981,0
TGT.US,D,20200710,000000,112.791,113.893,112.072,113.783,2124170.4228112,0
TGT.US,D,20200713,000000,114.285,116.558,113.321,113.656,3624859.6082738,0
TGT.US,D,20200714,000000,113.666,115.052,112.397,114.964,2693199.4389455,0
TGT.US,D,20200715,000000,116.115,117.492,114.894,116.468,3691510.8351852,0
TGT.US,D,20200716,000000,116.076,117.757,115.958,116.745,3248990.3275437,0
TGT.US,D,20200717,000000,117.413,117.964,116.253,116.468,2837135.0984346,0
TGT.US,D,20200720,000000,116.34,116.665,113.95,114.708,3996576.4686617,0
TGT.US,D,20200721,000000,115.219,115.811,114.904,115.082,3337968.4394451,0
TGT.US,D,20200722,000000,115.171,117.934,114.885,117.895,4049477.1243902,0
TGT.US,D,20200723,000000,118.181,118.308,116.735,117.127,3413244.7843204,0
TGT.US,D,20200724,000000,117.314,120.176,116.852,118.416,4003977.4156921,0
TGT.US,D,20200727,000000,118.948,119.164,116.94,117.462,2531830.5279405,0
TGT.US,D,20200728,000000,117.384,119.145,116.902,118.023,2441258.1469165,0
TGT.US,D,20200729,000000,118.201,119.154,117.669,118.386,2189274.1512502,0
TGT.US,D,20200730,000000,117.107,120.069,116.616,119.252,3767348.427864,0
TGT.US,D,20200731,000000,118.967,120.561,118.495,120.511,3413810.0991369,0
TGT.US,D,20200803,000000,121.101,122.764,120.866,122.379,3467313.6895527,0
TGT.US,D,20200804,000000,122.469,125.183,122.124,124.878,4099521.7201918,0
TGT.US,D,20200805,000000,125.164,126.304,123.176,123.835,3856957.9435443,0
TGT.US,D,20200806,000000,123.963,124.377,122.665,123.52,2068250.0098796,0
TGT.US,D,20200807,000000,123.718,126.255,123.511,126.128,2405827.3458214,0
TGT.US,D,20200810,000000,126.442,128.379,125.646,127.268,3136812.9563491,0
TGT.US,D,20200811,000000,127.996,128.851,125.753,126.098,4090528.5375452,0
TGT.US,D,20200812,000000,129.353,129.353,127.11,128.861,5080181.2629631,0
TGT.US,D,20200813,000000,128.261,129.186,127.897,129.067,2428459.2567914,0
TGT.US,D,20200814,000000,130.12,131.153,129.442,130.691,3322811.698494,0
TGT.US,D,20200817,000000,132.087,132.766,131.536,132.333,4838883.344133,0
TGT.US,D,20200818,000000,131.822,132.736,129.559,131.713,5984001.7110879,0
TGT.US,D,20200819,000000,142.857,148.807,140.979,148.364,41798645.465966,0
TGT.US,D,20200820,000000,149.043,150.184,145.964,146.456,12521318.516569,0
TGT.US,D,20200821,000000,146.535,149.702,146.358,147.804,7340059.7778268,0
TGT.US,D,20200824,000000,148.631,148.738,146.83,147.43,4527112.2228608,0
TGT.US,D,20200825,000000,148.296,148.414,146.565,147.047,3102156.9212436,0
TGT.US,D,20200826,000000,146.948,147.744,146.318,146.909,3182415.3571272,0
TGT.US,D,20200827,000000,146.86,146.948,143.988,144.607,3922039.3034115,0
TGT.US,D,20200828,000000,144.607,145.916,143.918,145.129,2947474.1797223,0
TGT.US,D,20200831,000000,145.404,146.151,144.617,145.473,3144950.032745,0
TGT.US,D,20200901,000000,144.892,146.014,144.42,144.835,3746284.3504316,0
TGT.US,D,20200902,000000,144.785,145.149,142.777,144.145,4291069.9016678,0
TGT.US,D,20200903,000000,143.791,144.283,139.887,140.487,4298504.401556,0
TGT.US,D,20200904,000000,141.126,142.907,138.234,141.648,4929200.5200871,0
TGT.US,D,20200908,000000,141.116,141.224,137.929,138.539,3641402.1839279,0
TGT.US,D,20200909,000000,139.258,142.954,139.258,141.943,3408926.6331955,0
TGT.US,D,20200910,000000,141.99,142.699,139.788,140.497,2939744.8213866,0
TGT.US,D,20200911,000000,141.293,142.335,140.634,142.04,2449337.2683759,0
TGT.US,D,20200914,000000,142.907,144.685,142.217,142.797,2813982.6097918,0
TGT.US,D,20200915,000000,142.482,144.145,141.775,143.416,2293497.4616369,0
TGT.US,D,20200916,000000,143.673,144.046,142.287,142.365,2154462.5528948,0
TGT.US,D,20200917,000000,141.805,143.122,140.989,142,2485934.2854683,0
TGT.US,D,20200918,000000,142.11,143.841,141.676,143.171,3757759.4278029,0
TGT.US,D,20200921,000000,143.044,144.293,140.889,144.165,3492574.9244712,0
TGT.US,D,20200922,000000,145.414,148.571,145.207,148.226,4505552.9865874,0
TGT.US,D,20200923,000000,148.049,149.299,144.667,145.277,2911821.7264151,0
TGT.US,D,20200924,000000,145.866,147.734,144.4,146.231,3350518.2250196,0
TGT.US,D,20200925,000000,146.093,149.27,145.994,148.483,2851580.1120988,0
TGT.US,D,20200928,000000,149.063,151.718,148.768,150.529,3770774.8863738,0
TGT.US,D,20200929,000000,150.804,152.417,149.957,150.971,2894426.09477,0
TGT.US,D,20200930,000000,151.463,153.115,150.568,151.433,2916950.2298938,0
TGT.US,D,20201001,000000,152.397,154.787,152.102,152.584,4018748.807155,0
TGT.US,D,20201002,000000,151.001,153.912,150.243,153.076,2056798.3178334,0
TGT.US,D,20201005,000000,153.912,156.154,153.912,155.367,2358089.7631827,0
TGT.US,D,20201006,000000,155.348,155.83,151.62,152.397,3048318.8190029,0
TGT.US,D,20201007,000000,153.98,155.465,153.548,154.58,3042522.3086277,0
TGT.US,D,20201008,000000,156.419,157.127,155.269,155.711,2275623.9559564,0
TGT.US,D,20201009,000000,156.046,158.553,155.947,157.502,2684606.8570862,0
TGT.US,D,20201012,000000,158.052,159.203,157.413,158.317,2532469.0489922,0
TGT.US,D,20201013,000000,158.317,160.344,157.905,159.35,2094754.7340436,0
TGT.US,D,20201014,000000,159.685,159.862,156.419,157.738,2376366.9199102,0
TGT.US,D,20201015,000000,155.691,159.174,155.003,159.174,1932747.3019869,0
TGT.US,D,20201016,000000,159.616,160.894,158.111,158.662,5248182.4555288,0
TGT.US,D,20201019,000000,159.911,160.62,157.609,157.816,2414190.1414425,0
TGT.US,D,20201020,000000,158.692,161.062,157.599,158.613,2805459.1671546,0
TGT.US,D,20201021,000000,159.458,159.892,156.764,157.098,3153587.351748,0
TGT.US,D,20201022,000000,156.882,157.187,153.291,153.538,3793403.7470841,0
TGT.US,D,20201023,000000,154.295,154.295,152.79,154.148,1888713.7514998,0
TGT.US,D,20201026,000000,152.819,153.341,150.381,151.974,2401754.2322338,0
TGT.US,D,20201027,000000,152.072,152.859,150.735,151.059,2501011.7196646,0
TGT.US,D,20201028,000000,149.023,151.286,148.256,149.308,2760965.0274377,0
TGT.US,D,20201029,000000,149.338,150.174,147.557,148.384,2243126.4880367,0
TGT.US,D,20201030,000000,147.509,148.286,145.079,146.436,3840609.5677642,0
TGT.US,D,20201102,000000,148.168,149.23,146.997,148.521,2779830.8843067,0
TGT.US,D,20201103,000000,150.4,152.692,149.525,150.784,2645821.7869633,0
TGT.US,D,20201104,000000,151.236,153.43,149.348,150.686,3281445.0918262,0
TGT.US,D,20201105,000000,153.666,153.793,150.606,152.613,3237815.1923861,0
TGT.US,D,20201106,000000,152.633,155.751,152.504,155.377,3636072.3633023,0
TGT.US,D,20201109,000000,156.96,156.97,148.866,149.023,5293794.0070863,0
TGT.US,D,20201110,000000,151.068,153.036,150.626,152.072,3719059.7649545,0
TGT.US,D,20201111,000000,153.391,156.39,152.732,153.626,3468173.8628166,0
TGT.US,D,20201112,000000,153.607,154.885,152.623,153.468,2815963.245156,0
TGT.US,D,20201113,000000,154.885,157.246,154.502,156.695,2879026.3497881,0
TGT.US,D,20201116,000000,158.74,159.694,157.157,158.918,5234321.0582399,0
TGT.US,D,20201117,000000,158.426,159.105,155.052,157.502,6521518.4932183,0
TGT.US,D,20201118,000000,160.295,166.274,158.967,161.179,13552932.649316,0
TGT.US,D,20201119,000000,162.98,167.543,162.193,165.547,7075401.9526875,0
TGT.US,D,20201120,000000,166.363,168.487,165.625,166.451,6891895.2728002,0
TGT.US,D,20201123,000000,168.329,172.932,167.68,171.526,5963218.2575572,0
TGT.US,D,20201124,000000,173.641,173.719,171.084,171.821,4854771.1306831,0
TGT.US,D,20201125,000000,171.693,174.348,171.329,173.699,3913725.3119472,0
TGT.US,D,20201127,000000,174.673,174.96,172.865,173.651,2455349.3304438,0
TGT.US,D,20201130,000000,172.185,173.946,170.247,173.424,8291839.4608025,0
TGT.US,D,20201201,000000,173.691,175.018,171.084,172.962,5213674.8664002,0
TGT.US,D,20201202,000000,171.978,172.155,169.501,170.415,3218647.3597967,0
TGT.US,D,20201203,000000,170.474,170.474,167.867,168.989,4362858.7828373,0
TGT.US,D,20201204,000000,168.458,169.206,167.337,169.087,3038970.7894662,0
TGT.US,D,20201207,000000,168.349,169.019,165.586,167.032,3550747.4458892,0
TGT.US,D,20201208,000000,166.639,167.867,165.911,166.845,2775959.0878659,0
TGT.US,D,20201209,000000,167.455,168.939,166.55,168.152,2953683.4919239,0
TGT.US,D,20201210,000000,167.68,168.319,166.225,166.54,2736735.797085,0
TGT.US,D,20201211,000000,165.675,166.875,165.251,165.882,2770706.5404887,0
TGT.US,D,20201214,000000,167.081,167.081,164.396,165.173,4157695.258363,0
TGT.US,D,20201215,000000,164.838,166.903,164.838,165.586,3612914.7908932,0
TGT.US,D,20201216,000000,166.176,167.101,164.898,165.862,2270831.9978091,0
TGT.US,D,20201217,000000,166.166,166.421,164.513,165.419,3618220.2094403,0
TGT.US,D,20201218,000000,165.36,166.334,163.226,164.622,6952115.5352979,0
TGT.US,D,20201221,000000,163.864,167.179,163.196,165.929,4220830.5524772,0
TGT.US,D,20201222,000000,166.54,167.228,165.635,166.491,3213222.9811172,0
TGT.US,D,20201223,000000,166.176,170.337,166.048,168.979,4920191.0693881,0
TGT.US,D,20201224,000000,169.993,170.513,168.744,169.226,2009510.1401387,0
TGT.US,D,20201228,000000,171.094,171.429,168.959,170.395,2527888.5755243,0
TGT.US,D,20201229,000000,171.094,171.733,168.537,169.096,2442727.3553873,0
TGT.US,D,20201230,000000,169.727,170.07,166.943,167.966,2003319.129496,0
TGT.US,D,20201231,000000,168.487,170.662,168.182,170.532,2661791.930528,0
TGT.US,D,20210104,000000,170.513,172.048,168.202,171.596,3584898.1546211,0
TGT.US,D,20210105,000000,170.789,175.784,170.435,174.241,5013684.5825484,0
TGT.US,D,20210106,000000,174.201,183.034,173.986,182.502,5807476.0591318,0
TGT.US,D,20210107,000000,182.778,185.808,182.738,184.608,4375381.1160736,0
TGT.US,D,20210108,000000,185.06,187.282,184.322,187.026,3438373.8413142,0
TGT.US,D,20210111,000000,186.476,192.721,185.659,188.65,7476041.3765082,0
TGT.US,D,20210112,000000,189.495,192.515,189.013,192.328,4002723.7589139,0
TGT.US,D,20210113,000000,191.768,193.164,188.65,190.134,4242337.9343338,0
TGT.US,D,20210114,000000,190.292,192.623,190.203,191.286,3438009.8436446,0
TGT.US,D,20210115,000000,190.931,192.082,187.41,188.178,4440838.6746497,0
TGT.US,D,20210119,000000,187.804,188.128,180.83,181.765,5535935.8311281,0
TGT.US,D,20210120,000000,182.09,182.286,178.254,181.903,3564371.939667,0
TGT.US,D,20210121,000000,183.634,187.488,182.581,184.775,4747989.6690765,0
TGT.US,D,20210122,000000,184.41,185.846,183.034,185.384,3371835.4740154,0
TGT.US,D,20210125,000000,185.04,186.544,182.797,183.682,3544371.3861518,0
TGT.US,D,20210126,000000,183.644,184.086,180.339,181.312,3585458.3856712,0
TGT.US,D,20210127,000000,181.224,181.312,170.809,172.215,7231635.2429409,0
TGT.US,D,20210128,000000,171.891,179.118,171.723,177.349,4104709.19536,0
TGT.US,D,20210129,000000,175.923,177.27,174.133,175.018,3739366.3612029,0
TGT.US,D,20210201,000000,175.982,178.706,173.572,177.34,2730087.2474721,0
TGT.US,D,20210202,000000,179.188,182.621,178.883,179.276,3023236.5326593,0
TGT.US,D,20210203,000000,178.893,180.574,177.457,178.814,2210566.9981677,0
TGT.US,D,20210204,000000,179.553,182.325,178.274,182.178,2390707.207988,0
TGT.US,D,20210205,000000,183.053,183.86,181.499,182.444,2296927.9871597,0
TGT.US,D,20210208,000000,185.808,187.863,184.017,187.351,3184585.1085991,0
TGT.US,D,20210209,000000,187.528,189.574,187.292,187.686,2969867.1536746,0
TGT.US,D,20210210,000000,187.292,187.833,183.653,185.905,2809011.7030695,0
TGT.US,D,20210211,000000,185.512,186.604,183.87,183.938,1927785.5460441,0
TGT.US,D,20210212,000000,184.558,185.344,183.732,184.922,1885846.507287,0
TGT.US,D,20210216,000000,185.296,186.693,184.342,184.775,2579039.3988804,0
TGT.US,D,20210217,000000,183.426,188.285,183.329,187.686,3838811.9479881,0
TGT.US,D,20210218,000000,182.522,185.709,182.256,185.562,3077451.8503622,0
TGT.US,D,20210219,000000,186.092,186.574,182.611,183.053,3218348.4343362,0
TGT.US,D,20210222,000000,182.375,184.598,181.893,183.22,2220435.6053772,0
TGT.US,D,20210223,000000,182.345,182.964,178.479,180.664,2917215.6024966,0
TGT.US,D,20210224,000000,180.349,182,178.666,181.361,3856132.3398914,0
TGT.US,D,20210225,000000,182.758,184.489,178.942,179.424,4492862.8890621,0
TGT.US,D,20210226,000000,180.467,181.126,176.611,177.84,4477117.4479693,0
TGT.US,D,20210301,000000,180.28,181.853,179.198,180.417,3799580.523181,0
TGT.US,D,20210302,000000,182.266,187.666,166.903,168.192,22786494.069776,0
TGT.US,D,20210303,000000,169.648,171.467,167.318,168.31,8546336.8705449,0
TGT.US,D,20210304,000000,167.101,169.264,161.731,164.632,7335736.5429356,0
TGT.US,D,20210305,000000,165.075,169.628,161.957,167.337,6197398.9035184,0
TGT.US,D,20210308,000000,169.913,173.022,168.301,171.467,4702197.1354377,0
TGT.US,D,20210309,000000,172.874,175.215,171.782,173.699,3870580.4038153,0
TGT.US,D,20210310,000000,174.478,176.08,172.647,173.129,3419261.9301545,0
TGT.US,D,20210311,000000,173.671,174.595,171.988,173.838,3141100.604876,0
TGT.US,D,20210312,000000,174.408,174.85,173.109,174.516,2518873.0243059,0
TGT.US,D,20210315,000000,174.93,176.237,173.119,175.569,3562904.7647026,0
TGT.US,D,20210316,000000,174.468,175.165,172.677,174.713,3545611.8251375,0
TGT.US,D,20210317,000000,174.014,174.172,172.43,172.952,3021555.8395089,0
TGT.US,D,20210318,000000,171.831,175.617,171.291,174.123,2949397.8769035,0
TGT.US,D,20210319,000000,174.398,182.552,174.143,181.824,7989207.9346474,0
TGT.US,D,20210322,000000,181.381,184.568,181.036,182.296,4076904.0437674,0
TGT.US,D,20210323,000000,182.03,184.961,181.706,183.152,3012439.6297171,0
TGT.US,D,20210324,000000,183.142,183.673,181.657,182.532,2568118.4520396,0
TGT.US,D,20210325,000000,182.345,187.46,181.942,186.82,3553262.8934718,0
TGT.US,D,20210326,000000,188.364,195.082,188.099,194.806,6236570.3398827,0
TGT.US,D,20210329,000000,193.98,195.8,191.482,192.151,3333593.3501372,0
TGT.US,D,20210330,000000,192.024,195.21,191.58,193.547,2899357.348115,0
TGT.US,D,20210331,000000,193.932,195.18,191.974,192.014,3668673.5400553,0
TGT.US,D,20210401,000000,192.082,195.318,190.36,194.59,2816264.2041229,0
TGT.US,D,20210405,000000,195.84,199.508,195.84,199.084,2922488.4849392,0
TGT.US,D,20210406,000000,198.16,201.042,196.744,199.154,2573466.574224,0
TGT.US,D,20210407,000000,199.459,199.703,197.845,198.21,2166524.2969011,0
TGT.US,D,20210408,000000,198.11,198.564,196.242,197.246,3128176.6540992,0
TGT.US,D,20210409,000000,197.768,199.379,197.323,199.094,2991873.7613855,0
TGT.US,D,20210412,000000,199.016,200.048,197.266,198.839,3291856.6452801,0
TGT.US,D,20210413,000000,199.271,199.703,197.295,198.682,2468816.2274651,0
TGT.US,D,20210414,000000,198.042,199.703,196.823,199.419,2239725.4483585,0
TGT.US,D,20210415,000000,199.723,199.911,197.314,199.468,3476468.5359688,0
TGT.US,D,20210416,000000,199.703,203.097,199.537,202.173,4479383.7910014,0
TGT.US,D,20210419,000000,203.097,204.426,201.898,202.271,3016679.4908405,0
TGT.US,D,20210420,000000,202.528,203.097,200.128,200.934,2155608.4338267,0
TGT.US,D,20210421,000000,200.904,202.056,200,200.462,2926571.7660594,0
TGT.US,D,20210422,000000,200.944,201.297,197.423,199.281,2578218.878994,0
TGT.US,D,20210423,000000,199.646,200.49,197.688,199.713,2521879.5637164,0
TGT.US,D,20210426,000000,199.566,199.723,196.646,197.413,2759966.5757295,0
TGT.US,D,20210427,000000,197.983,199.064,197.098,198.12,2331331.8674551,0
TGT.US,D,20210428,000000,197.698,198.986,197.226,198.22,1649183.966601,0
TGT.US,D,20210429,000000,199.823,202.056,199.478,201.042,1944304.7363729,0
TGT.US,D,20210430,000000,199.911,201.799,199.685,200.924,1858834.4232426,0
TGT.US,D,20210503,000000,202.793,206.314,202.438,204.838,2320566.4838642,0
TGT.US,D,20210504,000000,203.205,205.37,202.713,205.143,2272887.872915,0
TGT.US,D,20210505,000000,206.157,207.14,205.28,205.92,1691017.2630184,0
TGT.US,D,20210506,000000,207.14,207.385,205.457,206.491,2296099.3332472,0
TGT.US,D,20210507,000000,206.776,208.811,206.304,208.142,2370935.4239579,0
TGT.US,D,20210510,000000,208.929,210.749,207.198,207.503,3190127.4306574,0
TGT.US,D,20210511,000000,206.029,206.254,200.63,202.852,3401172.8727814,0
TGT.US,D,20210512,000000,201.612,202.301,196.557,196.754,3978799.5545415,0
TGT.US,D,20210513,000000,197.983,203.707,197.658,202.232,3232845.302417,0
TGT.US,D,20210514,000000,203.786,205.772,203.038,204.721,2733786.1958575,0
TGT.US,D,20210517,000000,206.334,207.121,202.97,203.599,2665102.4791653,0
TGT.US,D,20210518,000000,205.419,205.881,200.56,200.777,4929993.5876354,0
TGT.US,D,20210519,000000,204.553,213.799,204.051,213.012,13755472.950361,0
TGT.US,D,20210520,000000,212.293,216.7,211.123,215.716,7285891.2307744,0
TGT.US,D,20210521,000000,216.129,220.86,215.784,218.932,5227981.6016201,0
TGT.US,D,20210524,000000,220.142,222.236,219.158,219.237,3928587.1944508,0
TGT.US,D,20210525,000000,219.364,221.046,217.142,219.129,4218566.2429516,0
TGT.US,D,20210526,000000,219.975,221.706,219.798,220.889,3276552.4751054,0
TGT.US,D,20210527,000000,221.686,222.571,219.856,221.145,6809670.4360981,0
TGT.US,D,20210528,000000,221.754,222.099,219.985,220.703,2706700.905578,0
TGT.US,D,20210601,000000,221.322,222.522,219.856,221.046,3522868.0713081,0
TGT.US,D,20210602,000000,220.211,222.866,219.955,222.129,3425340.0811846,0
TGT.US,D,20210603,000000,222.089,223.918,220.79,222.906,3244250.2238129,0
TGT.US,D,20210604,000000,223.89,225.266,222.444,225.011,3172176.6517286,0
TGT.US,D,20210607,000000,225.158,226.28,224.076,224.568,2284359.9000264,0
TGT.US,D,20210608,000000,227.863,229.889,226.171,228.66,3538618.5961672,0
TGT.US,D,20210609,000000,228.168,230.321,225.541,225.59,3467875.9541094,0
TGT.US,D,20210610,000000,225.316,227.301,225.06,225.316,2652374.7617691,0
TGT.US,D,20210611,000000,225.443,226.594,225.443,226.554,2580864.4709947,0
TGT.US,D,20210614,000000,226.772,227.105,225.207,226.682,2986157.5745185,0
TGT.US,D,20210615,000000,226.624,226.624,224.43,226.19,2589021.8824559,0
TGT.US,D,20210616,000000,226.318,226.614,223.27,224.931,2845559.9160049,0
TGT.US,D,20210617,000000,224.233,226.544,223.535,224.892,2906207.2148747,0
TGT.US,D,20210618,000000,223.555,225.03,221.764,224.214,4607655.3496592,0
TGT.US,D,20210621,000000,225.069,227.636,224.921,227.371,3135547.0985318,0
TGT.US,D,20210622,000000,228.069,231.344,227.479,230.715,2983147.9848483,0
TGT.US,D,20210623,000000,230.38,231.452,229.377,230.803,2309840.7536506,0
TGT.US,D,20210624,000000,232.878,233.302,231.787,233.272,2202272.3250155,0
TGT.US,D,20210625,000000,233.44,235.111,233.223,233.96,6156143.1229567,0
TGT.US,D,20210628,000000,234.304,235.603,233.213,234.649,2121105.9284644,0
TGT.US,D,20210629,000000,234.649,236.794,234.414,235.219,2148471.8426456,0
TGT.US,D,20210630,000000,235.161,236.302,234.206,235.111,2851320.8400157,0
TGT.US,D,20210701,000000,235.328,236.861,234.531,236.803,2185388.1202637,0
TGT.US,D,20210702,000000,237.796,240.215,237.511,239.822,2240552.0687647,0
TGT.US,D,20210706,000000,239.743,240.56,236.302,238.731,2370160.6579684,0
TGT.US,D,20210707,000000,238.888,241.603,238.809,240.766,2093309.9276513,0
TGT.US,D,20210708,000000,238.602,242.143,238.337,241.769,2357322.1144661,0
TGT.US,D,20210709,000000,241.869,243.884,240.6,241.769,2778605.69662,0
TGT.US,D,20210712,000000,242.664,245.556,242.291,245.33,3142954.1460818,0
TGT.US,D,20210713,000000,243.638,246.49,243.638,244.858,2460342.605738,0
TGT.US,D,20210714,000000,245.684,247.091,244.721,246.677,2651345.8074629,0
TGT.US,D,20210715,000000,246.746,247.563,245.123,245.998,2720740.2346886,0
TGT.US,D,20210716,000000,246.943,247.091,243.983,244.268,3512065.0678463,0
TGT.US,D,20210719,000000,242.94,244.927,241.73,244.239,3277198.1134299,0
TGT.US,D,20210720,000000,244.219,249.352,242.851,247.739,2884176.2050855,0
TGT.US,D,20210721,000000,248.261,249.402,247.337,249.028,2326440.2674875,0
TGT.US,D,20210722,000000,250.356,250.739,247.995,249.972,2541874.0167119,0
TGT.US,D,20210723,000000,250.73,253.955,250.484,253.877,2073720.1424561,0
TGT.US,D,20210726,000000,253.729,255.194,251.988,253.71,2403863.9952628,0
TGT.US,D,20210727,000000,252.884,253.12,248.684,251.28,3121562.6740975,0
TGT.US,D,20210728,000000,250.248,251.762,249.352,250.376,2889627.0193499,0
TGT.US,D,20210729,000000,251.113,254.664,250.336,254.497,3140994.8625363,0
TGT.US,D,20210730,000000,253.602,256.248,251.645,253.896,2885650.4973226,0
TGT.US,D,20210802,000000,254.899,255.126,247.828,250.199,3264323.9835632,0
TGT.US,D,20210803,000000,251.034,256.09,250.887,255.018,2616701.9733966,0
TGT.US,D,20210804,000000,254.045,255.686,253.11,253.395,2464692.2762141,0
TGT.US,D,20210805,000000,254.594,255.509,252.864,254.24,2264909.4100289,0
TGT.US,D,20210806,000000,254.752,255.785,252.234,252.971,2510627.1553106,0
TGT.US,D,20210809,000000,252.981,255.588,252.962,255.224,2579417.6310958,0
TGT.US,D,20210810,000000,255.766,258.47,254.831,256.837,3464710.8011893,0
TGT.US,D,20210811,000000,257.309,259.749,255.264,255.804,3021735.8048373,0
TGT.US,D,20210812,000000,256.72,257.359,253.896,254.703,2331123.4330354,0
TGT.US,D,20210813,000000,255.49,256.483,253.483,254.378,3156926.3694768,0
TGT.US,D,20210816,000000,252.971,256.277,249.717,255.943,3497426.8710614,0
TGT.US,D,20210817,000000,254.182,254.182,245.989,248.517,6783702.557659,0
TGT.US,D,20210818,000000,242.999,249.638,240.324,241.632,9127563.8756234,0
TGT.US,D,20210819,000000,238.652,243.53,238.524,239.497,5192555.8842914,0
TGT.US,D,20210820,000000,240.737,247.877,240.687,247.307,4248270.6896468,0
TGT.US,D,20210823,000000,248.143,249.077,246.264,246.451,3025715.3771242,0
TGT.US,D,20210824,000000,247.405,247.405,244.258,244.622,2527414.768502,0
TGT.US,D,20210825,000000,244.475,246.195,243.412,245.104,2498532.8751997,0
TGT.US,D,20210826,000000,244.406,244.484,241.357,242.97,2991906.2974901,0
TGT.US,D,20210827,000000,242.183,244.445,241.711,243.186,2726650.6214297,0
TGT.US,D,20210830,000000,243.215,245.33,243.156,243.363,2144621.3980235,0
TGT.US,D,20210831,000000,243.156,243.599,239.507,241.042,4063798.0941558,0
TGT.US,D,20210901,000000,241.062,241.603,238.386,240.442,2933211.164893,0
TGT.US,D,20210902,000000,240.403,241.022,239.261,239.891,2587488.6185292,0
TGT.US,D,20210903,000000,239.203,239.291,237.156,238.435,3434750.1326706,0
TGT.US,D,20210907,000000,238.052,238.711,235.78,236.881,2794401.975376,0
TGT.US,D,20210908,000000,236.891,240.265,236.557,240.186,2913407.8615117,0
TGT.US,D,20210909,000000,240.048,241.377,238.74,239.527,2535670.8050299,0
TGT.US,D,20210910,000000,241.268,241.74,238.317,238.662,1993549.1473533,0
TGT.US,D,20210913,000000,239.586,240.324,235.79,237.246,2942803.2152139,0
TGT.US,D,20210914,000000,237.531,238.534,235.967,236.419,1952724.4701769,0
TGT.US,D,20210915,000000,236.498,238.977,235.987,238.268,2001322.2260796,0
TGT.US,D,20210916,000000,239.34,241.554,238.868,241.012,2224895.0852062,0
TGT.US,D,20210917,000000,239.537,242.547,239.537,240.737,3828653.5660976,0
TGT.US,D,20210920,000000,237.619,240.245,233.793,236.322,3411155.3563567,0
TGT.US,D,20210921,000000,236.999,239.174,235.435,235.505,2008650.983628,0
TGT.US,D,20210922,000000,236.537,237.521,233.951,235.957,2342261.9650753,0
TGT.US,D,20210923,000000,237.638,239.281,236.606,236.832,2089182.9261405,0
TGT.US,D,20210924,000000,235.525,236.97,234.599,235.633,1948283.2919066,0
TGT.US,D,20210927,000000,234.471,236.508,232.151,232.839,2652225.2990388,0
TGT.US,D,20210928,000000,231.197,231.649,227.262,227.833,3252170.7317628,0
TGT.US,D,20210929,000000,228.925,231.904,228.178,230.183,2720926.3005365,0
TGT.US,D,20210930,000000,230.213,230.213,222.64,223.27,5562120.278013,0
TGT.US,D,20211001,000000,223.732,223.957,218.46,222.926,3562171.6855972,0
TGT.US,D,20211004,000000,222.444,223.495,217.516,220.457,3910439.1653882,0
TGT.US,D,20211005,000000,221.597,223.987,220.231,222.089,2466672.9115783,0
TGT.US,D,20211006,000000,220.713,222.069,219.364,221.371,2857831.1111843,0
TGT.US,D,20211007,000000,223.053,225.925,222.906,224.292,2410234.9712339,0
TGT.US,D,20211008,000000,224.519,226.142,222.827,223.398,2054336.758174,0
TGT.US,D,20211011,000000,223.073,225.689,222.846,223.22,2047814.2859661,0
TGT.US,D,20211012,000000,224.469,225.827,223.003,224.706,2220837.2229176,0
TGT.US,D,20211013,000000,225.925,231.07,224.981,231.05,4088365.9033463,0
TGT.US,D,20211014,000000,233.055,237.934,230.548,236.272,4388298.9663308,0
TGT.US,D,20211015,000000,237.442,241.405,236.331,239.793,3716291.1458085,0
TGT.US,D,20211018,000000,239.064,247.641,238.662,247.553,4473407.315298,0
TGT.US,D,20211019,000000,248.408,250.768,245.743,246.127,3283839.5457699,0
TGT.US,D,20211020,000000,248.192,248.605,245.261,245.772,2263711.6746803,0
TGT.US,D,20211021,000000,245.566,248.123,245.35,248.094,1801698.990157,0
TGT.US,D,20211022,000000,249.332,251.212,248.467,249.776,2260038.1451265,0
TGT.US,D,20211025,000000,250.651,254.722,249.943,254.083,2549723.3519331,0
TGT.US,D,20211026,000000,255.116,255.214,251.31,252.509,2499842.4534076,0
TGT.US,D,20211027,000000,252.716,253.148,249.569,250.376,2325873.9359179,0
TGT.US,D,20211028,000000,252.047,253.896,251.33,252.008,1777963.9018923,0
TGT.US,D,20211029,000000,250.346,253.533,250.346,253.375,2477419.9936105,0
TGT.US,D,20211101,000000,255.264,255.5,251.29,251.712,1760454.3938813,0
TGT.US,D,20211102,000000,252.805,254.919,252.323,253.995,2282931.3616863,0
TGT.US,D,20211103,000000,252.48,254.378,250.552,254.142,2456578.5851436,0
TGT.US,D,20211104,000000,254.388,256.198,253.178,254.172,3106022.6171647,0
TGT.US,D,20211105,000000,254.722,254.959,246.726,248.152,4160359.1519225,0
TGT.US,D,20211108,000000,247.159,249.943,245.969,247.238,2585481.5475801,0
TGT.US,D,20211109,000000,246.697,249.274,246.49,249.018,2404921.4186605,0
TGT.US,D,20211110,000000,247.926,249.844,246.569,247.946,2144666.1351672,0
TGT.US,D,20211111,000000,248.152,250.405,247.592,249.854,2253635.6498043,0
TGT.US,D,20211112,000000,251.182,255.568,250.513,253.759,2559151.7049779,0
TGT.US,D,20211115,000000,256.473,262.501,255.116,257.968,4972037.3519789,0
TGT.US,D,20211116,000000,257.555,261.992,257.299,260.87,4447916.2941412,0
TGT.US,D,20211117,000000,248.723,251.841,246.254,248.536,12106728.221172,0
TGT.US,D,20211118,000000,250.778,251.32,244.475,246.825,5910962.2233999,0
TGT.US,D,20211119,000000,245.901,248.615,245.222,245.507,4049823.8372542,0
TGT.US,D,20211122,000000,246.225,246.461,236.212,239.497,5689712.6454884,0
TGT.US,D,20211123,000000,240.56,244.543,238.386,244.012,4140840.539456,0
TGT.US,D,20211124,000000,242.763,244.445,241.022,243.609,3116551.0972444,0
TGT.US,D,20211126,000000,243.54,246.244,240.677,241.464,3248170.8244104,0
TGT.US,D,20211129,000000,243.392,246.363,241.887,243.993,3091664.0275282,0
TGT.US,D,20211130,000000,241.258,241.869,237.216,238.789,8075273.0484388,0
TGT.US,D,20211201,000000,240.59,243.255,235.248,235.405,3933639.4414345,0
TGT.US,D,20211202,000000,236.881,241.514,236.379,240.413,3761957.6020424,0
TGT.US,D,20211203,000000,241.622,243.265,240.225,242.438,4941065.0139596,0
TGT.US,D,20211206,000000,243.313,243.697,237.295,237.934,3852421.1904668,0
TGT.US,D,20211207,000000,239.556,241.131,238.622,240.54,3641325.9274329,0
TGT.US,D,20211208,000000,241.632,242.202,233.262,234.639,5033745.1245062,0
TGT.US,D,20211209,000000,234.157,234.737,230.94,232.633,2820623.0253787,0
TGT.US,D,20211210,000000,232.249,234.786,231.787,233.243,2539863.895503,0
TGT.US,D,20211213,000000,232.988,233.577,227.587,229.319,3863560.73926,0
TGT.US,D,20211214,000000,226.122,231.265,226.122,230.4,3435963.1193181,0
TGT.US,D,20211215,000000,228.757,231.914,226.752,231.747,3506196.3679893,0
TGT.US,D,20211216,000000,231.07,231.747,219.836,220.122,7456560.3839125,0
TGT.US,D,20211217,000000,220.171,221.597,216.877,218.686,5961810.0542824,0
TGT.US,D,20211220,000000,216.454,216.906,210.15,214.644,5343973.8310724,0
TGT.US,D,20211221,000000,215.322,216.208,211.998,215.51,4059859.1919995,0
TGT.US,D,20211222,000000,215.244,216.7,212.5,213.228,4271088.6664648,0
TGT.US,D,20211223,000000,214.025,217.536,213.769,216.434,3416057.1238569,0
TGT.US,D,20211227,000000,217.496,220.034,216.286,219.453,4429380.8820839,0
TGT.US,D,20211228,000000,219.798,222.788,219.001,220.25,3270650.2223905,0
TGT.US,D,20211229,000000,220.703,224.804,220.703,223.2,3130698.2022015,0
TGT.US,D,20211230,000000,224.057,229.023,224.057,227.105,4092171.6108247,0
TGT.US,D,20211231,000000,227.951,228.777,224.469,226.643,2537833.4392288,0
TGT.US,D,20220103,000000,226.28,227.469,224.027,227.144,3082236.6912366,0
TGT.US,D,20220104,000000,227.204,230.755,226.772,229.319,3397994.5020686,0
TGT.US,D,20220105,000000,229.948,231.432,224.027,224.115,3967976.2160143,0
TGT.US,D,20220106,000000,218.126,227.843,218.126,226.554,4281928.2730442,0
TGT.US,D,20220107,000000,225.413,228.365,224.352,225.994,3117483.4599903,0
TGT.US,D,20220110,000000,223.791,223.9,218.401,222.708,4960979.143447,0
TGT.US,D,20220111,000000,223.368,223.967,219.355,222.837,3113377.8102982,0
TGT.US,D,20220112,000000,223.466,225.374,219.453,219.818,4322876.9941193,0
TGT.US,D,20220113,000000,220.614,222.099,219.11,221.155,3532162.2129218,0
TGT.US,D,20220114,000000,217.811,219.65,213.867,216.808,5394405.8098687,0
TGT.US,D,20220118,000000,214.251,216.375,212.775,215.451,4751205.6596602,0
TGT.US,D,20220119,000000,217.152,223.565,216.07,219.198,4177729.3647359,0
TGT.US,D,20220120,000000,220.358,224.558,216.562,217.123,4399076.550961,0
TGT.US,D,20220121,000000,215.441,216.316,209.785,212.746,8025634.1371907,0
TGT.US,D,20220124,000000,210.927,216.454,207.533,216.011,5737768.4718997,0
TGT.US,D,20220125,000000,213.838,214.152,208.497,210.228,5033410.6126813,0
TGT.US,D,20220126,000000,211.153,212.667,206.019,207.327,4296498.3473603,0
TGT.US,D,20220127,000000,210.867,212.815,207.002,207.78,4091849.300039,0
TGT.US,D,20220128,000000,209.854,213.277,206.157,213.159,2967657.7488255,0
TGT.US,D,20220131,000000,212.411,216.159,211.851,215.864,4238945.0286819,0
TGT.US,D,20220201,000000,217.388,217.91,211.851,214.683,4204523.8635811,0
TGT.US,D,20220202,000000,213.739,215.529,210.867,213.1,4685554.9179635,0
TGT.US,D,20220203,000000,209.815,213.799,208.162,208.802,6492337.6744555,0
TGT.US,D,20220204,000000,209.687,211.034,206.176,209.608,3834120.6484141,0
TGT.US,D,20220207,000000,210.277,210.7,205.939,206.913,4495939.584448,0
TGT.US,D,20220208,000000,206.706,210.208,206.284,208.537,2988577.447294,0
TGT.US,D,20220209,000000,210.532,212.677,209.618,212.156,2617070.0380791,0
TGT.US,D,20220210,000000,209.933,212.992,208.3,209.411,3102423.3105995,0
TGT.US,D,20220211,000000,209.726,210.297,206.421,207.178,2912736.8043554,0
TGT.US,D,20220214,000000,206.816,207.121,201.444,204.249,4152799.5913824,0
TGT.US,D,20220215,000000,205.872,205.872,202.408,203.767,4820453.6744154,0
TGT.US,D,20220216,000000,203.472,205.404,201.426,204.386,3396537.4946371,0
TGT.US,D,20220217,000000,203.186,203.54,200.511,200.639,3930677.6391679,0
TGT.US,D,20220218,000000,201.149,203.225,200.128,201.022,3377389.9971131,0
TGT.US,D,20220222,000000,199.291,199.833,191.295,193.115,5715522.9271711,0
TGT.US,D,20220223,000000,193.656,194.61,186.481,186.77,4546208.8827215,0
TGT.US,D,20220224,000000,181.451,188.6,180.969,188.394,3983353.5924244,0
TGT.US,D,20220225,000000,188.355,196.212,188.163,195.937,4167169.3653048,0
TGT.US,D,20220228,000000,194.108,197.865,192.613,196.479,6295968.0489874,0
TGT.US,D,20220301,000000,223.093,223.358,214.949,215.814,16040394.098191,0
TGT.US,D,20220302,000000,218.342,222.394,215.057,221.195,6464209.195324,0
TGT.US,D,20220303,000000,222.394,225.413,218.706,220.151,4681741.0764589,0
TGT.US,D,20220304,000000,219.06,221.381,217.988,220.407,4064129.5557209,0
TGT.US,D,20220307,000000,220.407,220.909,207.096,207.563,5839585.1273035,0
TGT.US,D,20220308,000000,207.75,210.385,203.295,205.37,4538017.9184026,0
TGT.US,D,20220309,000000,210.199,214.821,209.923,212.44,3236507.6476848,0
TGT.US,D,20220310,000000,210.08,211.929,206.619,211.241,3208123.9634832,0
TGT.US,D,20220311,000000,212.107,212.962,203.392,203.559,4110344.0419657,0
TGT.US,D,20220314,000000,204.779,207.435,201.574,205.32,3221539.006088,0
TGT.US,D,20220315,000000,207.041,212.638,207.041,211.801,2914891.3045282,0
TGT.US,D,20220316,000000,213.356,215.096,208.252,212.038,3080553.9645796,0
TGT.US,D,20220317,000000,211.457,217.26,210.946,216.994,3716650.0597117,0
TGT.US,D,20220318,000000,215.283,222.414,214.487,222.325,6654401.0279418,0
TGT.US,D,20220321,000000,222.306,224.696,217.67,219.326,3074181.9718554,0
TGT.US,D,20220322,000000,220.024,220.929,218.096,219.1,2505232.2624758,0
TGT.US,D,20220323,000000,218.608,219.06,212.382,213.149,3043689.5413783,0
TGT.US,D,20220324,000000,213.454,215.106,212.594,213.464,2277898.4330146,0
TGT.US,D,20220325,000000,214.457,216.306,212.765,215.008,2507526.0578462,0
TGT.US,D,20220328,000000,214.467,215.903,212.883,215.903,2249275.8117954,0
TGT.US,D,20220329,000000,218.342,220.87,216.572,219.257,3123686.6716722,0
TGT.US,D,20220330,000000,218.017,220.004,216.994,218.303,2506183.9435339,0
TGT.US,D,20220331,000000,214.733,216.572,208.567,208.724,4692819.6200562,0
TGT.US,D,20220401,000000,209.805,210.602,206.157,207.071,3270960.3321369,0
TGT.US,D,20220404,000000,206.726,211.074,202.793,210.877,3220278.2320369,0
TGT.US,D,20220405,000000,209.973,214.774,209.672,211.251,2581091.2069732,0
TGT.US,D,20220406,000000,208.182,213.513,207.523,212.382,3740087.2392693,0
TGT.US,D,20220407,000000,215.392,226.023,214.83,224.43,8071088.0919919,0
TGT.US,D,20220408,000000,229.162,232.181,226.819,229.495,6742254.6107299,0
TGT.US,D,20220411,000000,229.416,232.071,225.138,225.532,3225391.4842167,0
TGT.US,D,20220412,000000,228.472,231.532,226.595,227.528,3423007.6491901,0
TGT.US,D,20220413,000000,226.505,231.315,225.728,229.968,2492540.1314439,0
TGT.US,D,20220414,000000,230.056,234.265,229.268,233.292,3975193.1307035,0
TGT.US,D,20220418,000000,231.659,237.285,231.21,235.445,3397824.7042731,0
TGT.US,D,20220419,000000,236.35,243.127,235.525,241.996,4794746.0848126,0
TGT.US,D,20220420,000000,244.523,246.835,242.379,245.212,3798081.8288655,0
TGT.US,D,20220421,000000,246.716,250.671,243.53,244.081,4034184.1385012,0
TGT.US,D,20220422,000000,242.488,243.127,237.452,237.698,3488766.1667331,0
TGT.US,D,20220425,000000,236.035,238.917,234.344,237.678,3319781.7737583,0
TGT.US,D,20220426,000000,235.613,238.505,232.516,232.603,2964342.1164219,0
TGT.US,D,20220427,000000,232.553,233.62,226.672,227.164,3045447.5077769,0
TGT.US,D,20220428,000000,230.568,233.705,226.972,232.496,2356988.6193945,0
TGT.US,D,20220429,000000,230.625,231.939,224.449,224.882,3274628.7779242,0
TGT.US,D,20220502,000000,226.357,229.162,221.45,225.994,3100201.7047112,0
TGT.US,D,20220503,000000,227.234,230.625,225.718,228.708,3078482.8381749,0
TGT.US,D,20220504,000000,228.03,234.659,225.364,233.517,3311093.6170918,0
TGT.US,D,20220505,000000,231.727,231.974,224.539,226.958,3524823.2878406,0
TGT.US,D,20220506,000000,222.129,225.875,218.981,221.5,3744957.4874182,0
TGT.US,D,20220509,000000,219.522,224.42,218.656,220.506,4750576.2893878,0
TGT.US,D,20220510,000000,222.856,224.981,213.12,215.5,3810785.1441834,0
TGT.US,D,20220511,000000,216.149,217.28,208.881,209.973,3247099.1664671,0
TGT.US,D,20220512,000000,209.844,217.182,209.549,213.69,3606831.5560967,0
TGT.US,D,20220513,000000,216.365,219.62,214.218,216.109,3199408.3544786,0
TGT.US,D,20220516,000000,216.483,217.998,212.706,215.637,3401686.3331812,0
TGT.US,D,20220517,000000,208.013,212.902,206.532,212.605,6725184.0674251,0
TGT.US,D,20220518,000000,161.046,165.912,153.273,159.602,51577519.676634,0
TGT.US,D,20220519,000000,159.266,159.424,149.401,151.524,23612313.159752,0
TGT.US,D,20220520,000000,151.711,153.865,149.015,153.43,12454901.136635,0
TGT.US,D,20220523,000000,153.065,154.171,151.374,151.988,7796990.4537611,0
TGT.US,D,20220524,000000,149.697,150.201,143.703,148.087,11074145.577995,0
TGT.US,D,20220525,000000,148.373,155.03,147.663,154.477,8209741.1853379,0
TGT.US,D,20220526,000000,156.017,161.301,155.889,161.172,7462444.281917,0
TGT.US,D,20220527,000000,161.212,165.123,161.172,165.064,6394971.7362404,0
TGT.US,D,20220531,000000,164.442,164.718,159.424,159.869,9054578.868406,0
TGT.US,D,20220601,000000,159.869,161.133,154.536,154.575,4537302.3275118,0
TGT.US,D,20220602,000000,154.615,159.059,154.141,158.911,4420958.9573959,0
TGT.US,D,20220603,000000,157.212,160.837,157.025,159.039,4240328.9340581,0
TGT.US,D,20220606,000000,159.395,160.037,156.778,157.686,3819772.2263962,0
TGT.US,D,20220607,000000,146.161,155.988,145.321,154.042,33718574.407655,0
TGT.US,D,20220608,000000,152.511,157.647,151.445,154.753,6658674.8019957,0
TGT.US,D,20220609,000000,154.803,156.328,152.571,152.63,5819897.4077938,0
TGT.US,D,20220610,000000,149.627,150.823,147.771,147.811,5165373.0467147,0
TGT.US,D,20220613,000000,144.709,145.559,142.083,143.011,5960021.2096592,0
TGT.US,D,20220614,000000,143.081,144.611,139.535,140.927,5266245.2132239,0
TGT.US,D,20220615,000000,140.749,147.415,140.345,145.609,6433040.6786317,0
TGT.US,D,20220616,000000,143.119,145.253,140.245,141.115,5701150.1737233,0
TGT.US,D,20220617,000000,139.327,140.039,136.859,137.569,11065620.6704,0
TGT.US,D,20220621,000000,139.791,143.889,139.1,142.903,6637975.6499485,0
TGT.US,D,20220622,000000,141.411,142.527,138.497,139.061,4700842.0324733,0
TGT.US,D,20220623,000000,140.058,145.471,139.083,144.987,5276605.927623,0
TGT.US,D,20220624,000000,145.341,149.124,144.661,148.551,7081087.5680522,0
TGT.US,D,20220627,000000,149.282,150.043,146.191,147.751,3652530.5304415,0
TGT.US,D,20220628,000000,148.571,149.426,142.537,142.725,4184651.2325386,0
TGT.US,D,20220629,000000,142.419,142.695,139.565,140.137,4292219.5878985,0
TGT.US,D,20220630,000000,138.439,141.451,135.456,139.475,5974164.9214189,0
TGT.US,D,20220701,000000,139.006,140.729,137.767,140.611,3048072.1547757,0
TGT.US,D,20220705,000000,139.653,144.245,137.569,143.899,3763424.1971859,0
TGT.US,D,20220706,000000,143.653,144.265,141.253,143.011,2864053.0275389,0
TGT.US,D,20220707,000000,143.969,148.265,143.435,148.097,4009308.8998371,0
TGT.US,D,20220708,000000,148.027,148.167,145.629,146.151,2576959.3731775,0
TGT.US,D,20220711,000000,146.151,146.863,143.979,144.571,2076885.80263,0
TGT.US,D,20220712,000000,144.838,147.801,141.816,142.765,3172207.3248622,0
TGT.US,D,20220713,000000,140.887,145.499,140.463,143.633,2803843.0197595,0
TGT.US,D,20220714,000000,141.757,144.729,141.145,144.473,3013398.3917608,0
TGT.US,D,20220715,000000,146.083,146.833,144.039,144.847,3879682.5106159,0
TGT.US,D,20220718,000000,146.705,150.882,145.945,147.505,4417531.3754725,0
TGT.US,D,20220719,000000,149.469,151.633,147.899,151.455,3195578.6744561,0
TGT.US,D,20220720,000000,151.889,154.665,150.319,154.556,3288953.7016562,0
TGT.US,D,20220721,000000,154.536,156.778,153.06,156.689,3144292.5306329,0
TGT.US,D,20220722,000000,157.37,158.792,154.684,155.78,2815007.7223557,0
TGT.US,D,20220725,000000,156.432,156.511,154.665,155.533,2357280.2304019,0
TGT.US,D,20220726,000000,147.865,150.728,147.643,149.924,4678103.5451252,0
TGT.US,D,20220727,000000,151.099,153.902,148.927,152.679,3654713.6520448,0
TGT.US,D,20220728,000000,153.173,158.071,152.749,157.439,3153174.8788257,0
TGT.US,D,20220729,000000,158.012,162.002,156.561,161.35,5592445.7040597,0
TGT.US,D,20220801,000000,166.545,167.009,163.296,163.493,4591731.5183927,0
TGT.US,D,20220802,000000,162.476,164.264,161.265,161.449,3148479.5472514,0
TGT.US,D,20220803,000000,162.338,167.542,162.338,165.834,4108042.4982451,0
TGT.US,D,20220804,000000,165.548,166.406,163.671,164.491,3197446.8838059,0
TGT.US,D,20220805,000000,163,164.826,162.358,164.066,2233097.4690745,0
TGT.US,D,20220808,000000,164.59,168.866,164.362,164.896,2843675.8758025,0
TGT.US,D,20220809,000000,163.71,164.017,161.874,163.069,2641451.580057,0
TGT.US,D,20220810,000000,166.94,170.782,165.666,167.562,4596983.7687434,0
TGT.US,D,20220811,000000,168.944,170.85,166.782,167.493,4332657.9665382,0
TGT.US,D,20220812,000000,168.944,170.347,167.938,170.338,2386938.6866909,0
TGT.US,D,20220815,000000,169.696,171.996,168.086,171.236,3836235.7580043,0
TGT.US,D,20220816,000000,176.006,182.74,174.466,179.067,9114397.7454567,0
TGT.US,D,20220817,000000,173.074,176.881,169.765,174.247,13493105.007432,0
TGT.US,D,20220818,000000,172.896,174.048,170.51,171.971,4267879.427037,0
TGT.US,D,20220819,000000,170.759,170.848,165.75,165.999,5047252.5766344,0
TGT.US,D,20220822,000000,164.041,164.943,160.354,160.95,4659180.5660708,0
TGT.US,D,20220823,000000,160.931,161.805,159.152,160.96,3818913.8420756,0
TGT.US,D,20220824,000000,161.06,163.514,158.724,162.113,3428450.9280389,0
TGT.US,D,20220825,000000,161.616,166.506,160.593,166.456,3090653.2981226,0
TGT.US,D,20220826,000000,166.963,167.072,159.599,159.619,3630245.7974744,0
TGT.US,D,20220829,000000,158.257,159.45,157.174,157.701,2546968.288491,0
TGT.US,D,20220830,000000,157.711,160.081,156.195,159.778,3270054.5792207,0
TGT.US,D,20220831,000000,160.245,160.304,157.278,159.341,4932000.1614894,0
TGT.US,D,20220901,000000,158.297,163.872,157.114,163.812,4046617.2097102,0
TGT.US,D,20220902,000000,164.478,165.303,162.277,163.574,3585576.3546827,0
TGT.US,D,20220906,000000,163.485,163.763,158.337,162.56,4558899.4732627,0
TGT.US,D,20220907,000000,162.203,170.65,161.765,169.725,5239040.0660026,0
TGT.US,D,20220908,000000,168.016,171.137,167.668,170.828,2834761.2187915,0
TGT.US,D,20220909,000000,170.679,173.482,170.471,172.568,3401361.0659184,0
TGT.US,D,20220912,000000,174.018,175.032,172.061,172.766,3043521.50651,0
TGT.US,D,20220913,000000,168.99,170.679,164.657,165.204,3607914.5980323,0
TGT.US,D,20220914,000000,166.814,167.827,162.381,164.349,3641476.8049083,0
TGT.US,D,20220915,000000,164.419,167.936,163.673,163.981,2927512.374441,0
TGT.US,D,20220916,000000,161.716,164.607,160.702,163.067,4874099.2415229,0
TGT.US,D,20220919,000000,161.984,164.061,161.02,163.733,2623516.4442569,0
TGT.US,D,20220920,000000,162.282,162.729,157.234,159.032,3038542.4701528,0
TGT.US,D,20220921,000000,159.996,162.799,158.039,158.039,2827134.6794723,0
TGT.US,D,20220922,000000,157.254,157.442,151.689,152.007,4009652.7954931,0
TGT.US,D,20220923,000000,151.003,151.828,148.777,151.659,3820451.426464,0
TGT.US,D,20220926,000000,150.615,151.559,146.451,147.783,3992724.2731331,0
TGT.US,D,20220927,000000,149.532,151.311,145.945,147.545,2959841.8974977,0
TGT.US,D,20220928,000000,148.608,155.972,148.379,154.898,4280710.4077546,0
TGT.US,D,20220929,000000,153.239,153.785,149.954,150.844,3190255.1569895,0
TGT.US,D,20220930,000000,150.645,151.281,144.593,147.465,4355450.2918282,0
TGT.US,D,20221003,000000,148.737,151.664,147.465,150.844,2865398.191494,0
TGT.US,D,20221004,000000,153.736,157.303,153.378,155.982,3047587.8537048,0
TGT.US,D,20221005,000000,154.034,156.568,152.454,155.435,2507344.2960419,0
TGT.US,D,20221006,000000,156.478,158.009,154.511,154.779,2619707.7028236,0
TGT.US,D,20221007,000000,153.378,153.557,149.781,151.39,2789295.814448,0
TGT.US,D,20221010,000000,152.026,152.921,149.542,152.146,2068693.0042619,0
TGT.US,D,20221011,000000,152.543,156.737,151.758,153.537,2423384.943273,0
TGT.US,D,20221012,000000,153.775,156.021,153.08,153.199,2279679.1667626,0
TGT.US,D,20221013,000000,150.267,155.087,147.942,153.159,3415341.2098373,0
TGT.US,D,20221014,000000,153.517,154.223,144.285,144.782,4796521.6689839,0
TGT.US,D,20221017,000000,146.819,150.059,145.766,148.32,3197299.064528,0
TGT.US,D,20221018,000000,154.561,160.126,154.044,156.25,5598337.7142714,0
TGT.US,D,20221019,000000,156.21,157.207,153.169,154.421,2627855.4913006,0
TGT.US,D,20221020,000000,155.008,158.168,152.464,153.438,3099236.8025945,0
TGT.US,D,20221021,000000,153.577,158.267,153.338,158.198,3530275.6428705,0
TGT.US,D,20221024,000000,159.301,161.885,158.635,160.811,2992736.9457025,0
TGT.US,D,20221025,000000,161.969,165.268,160.98,164.767,4204117.9759985,0
TGT.US,D,20221026,000000,166.794,169.686,164.289,165.73,3477741.1741758,0
TGT.US,D,20221027,000000,167.171,169.238,165.76,165.86,2975903.0129579,0
TGT.US,D,20221028,000000,165.224,166.893,162.029,166.476,3086014.3818723,0
TGT.US,D,20221031,000000,164.965,166.317,162.998,163.226,3816466.5873422,0
TGT.US,D,20221101,000000,165.403,165.939,161.557,163.564,3070147.4770056,0
TGT.US,D,20221102,000000,163.554,164.856,159.082,159.201,3402315.0122536,0
TGT.US,D,20221103,000000,156.995,159.786,156.767,158.804,3060648.2645536,0
TGT.US,D,20221104,000000,161.398,161.736,155.286,158.635,2670182.3316995,0
TGT.US,D,20221107,000000,160.235,160.404,157.015,158.873,2439350.4628453,0
TGT.US,D,20221108,000000,160.314,163.634,158.814,160.613,3305205.6903828,0
TGT.US,D,20221109,000000,160.076,160.583,151.549,152.036,4043583.2981061,0
TGT.US,D,20221110,000000,157.949,163.524,157.403,163.355,4994067.0496287,0
TGT.US,D,20221111,000000,164.091,173.74,163.922,172.24,5864879.1755283,0
TGT.US,D,20221114,000000,171.564,175.698,171.276,172.18,5789843.4473381,0
TGT.US,D,20221115,000000,177,180.46,176.9,178.98,8606029,0
TGT.US,D,20221116,000000,149.85,158.49,148.75,155.47,36731476,0
TGT.US,D,20221117,000000,153.48,162.18,152.72,162.01,11300525,0
TGT.US,D,20221118,000000,161.98,164.7,160,162.88,7280857,0
TGT.US,D,20221121,000000,161.08,161.9308,156.77,158.02,5964702,0
TGT.US,D,20221122,000000,158.79,159.905,155.75,157.86,6364058,0
TGT.US,D,20221123,000000,158.48,164.14,158.25,163.41,4833474,0
TGT.US,D,20221125,000000,163.5,163.96,161.6,163.38,1883018,0
TGT.US,D,20221128,000000,162.81,166.89,162.81,165.37,4626781,0
TGT.US,D,20221129,000000,164.43,166.97,161.51,166.37,5231668,0
TGT.US,D,20221130,000000,165.88,167.23,162.735,167.07,11376654,0
TGT.US,D,20221201,000000,166.47,167.43,163.05,165.03,4989249,0
TGT.US,D,20221202,000000,163.31,164.855,162.45,164.16,3442958,0
TGT.US,D,20221205,000000,162.89,162.89,154.79,154.93,6233238,0
TGT.US,D,20221206,000000,155.82,156.6799,153.275,155.05,4721823,0
TGT.US,D,20221207,000000,153.5,155.6865,153.385,153.76,3685155,0
TGT.US,D,20221208,000000,154.04,155.26,153.17,154.21,3107142,0
TGT.US,D,20221209,000000,153.41,154.72,152.12,152.28,2905888,0
TGT.US,D,20221212,000000,150.5,150.68,148.43,150.03,4433845,0
TGT.US,D,20221213,000000,153.2,154.1,149.7,150.87,4178932,0
TGT.US,D,20221214,000000,150.5,154.65,150.1401,152.51,3749084,0
TGT.US,D,20221215,000000,149.86,150,145.3173,147.6,5417043,0
TGT.US,D,20221216,000000,146.05,147.655,145.55,146.45,8366961,0
TGT.US,D,20221219,000000,146.6,147,143.56,144.65,4186720,0
TGT.US,D,20221220,000000,142.9,143.96,142.45,143.25,3175400,0
TGT.US,D,20221221,000000,142.26,144.19,141.97,142.3,3510196,0
TGT.US,D,20221222,000000,141.5,141.71,139.68,141.35,3848504,0
TGT.US,D,20221223,000000,140.86,143.27,139.88,143.15,2464781,0
TGT.US,D,20221227,000000,143,146.28,142.4,145.55,3112519,0
TGT.US,D,20221228,000000,145.31,147.22,144.8471,145.8,2623183,0
TGT.US,D,20221229,000000,146.97,149.655,146.88,148.37,2829021,0
TGT.US,D,20221230,000000,147.23,149.08,146.8,149.04,2391104,0
TGT.US,D,20230103,000000,149.975,152.64,149.58,151.73,3685201,0
TGT.US,D,20230104,000000,148.26,154.32,147.6771,152.72,4443293,0
TGT.US,D,20230105,000000,152.21,154.51,150.29,154.26,3266024,0
TGT.US,D,20230106,000000,157.65,161.06,156.88,160.15,4944230,0
TGT.US,D,20230109,000000,159.88,160.37,156.34,156.35,3853813,0
TGT.US,D,20230110,000000,157.42,157.535,154.84,155.97,2554884,0
TGT.US,D,20230111,000000,157.15,159,155.895,158.97,3146758,0
TGT.US,D,20230112,000000,160,160.25,156.475,159.75,3222612,0
TGT.US,D,20230113,000000,159.325,164.93,159.13,164.6,5161230,0
TGT.US,D,20230117,000000,164.49,165.69,162.07,162.1,3527944,0
TGT.US,D,20230118,000000,163.41,165.19,160.63,160.83,2798087,0
TGT.US,D,20230119,000000,159.5,160.61,157.53,159.1,2881376,0
TGT.US,D,20230120,000000,159.63,162.75,158.5,162.21,3122200,0
TGT.US,D,20230123,000000,162.21,165.49,161.35,164.63,2371420,0
TGT.US,D,20230124,000000,169.82,169.82,144.3,163.55,1902036,0
TGT.US,D,20230125,000000,162.5,164.21,160.64,164.21,2248397,0
TGT.US,D,20230126,000000,165.7,167.1,164.48,167.03,2079129,0
TGT.US,D,20230127,000000,168,170.32,166.79,168.51,3850269,0
TGT.US,D,20230130,000000,167,169.59,165.74,168.68,3453478,0
TGT.US,D,20230131,000000,168.12,172.22,168.12,172.14,3715983,0
TGT.US,D,20230201,000000,172.11,177.68,169.91,177.08,4022156,0
TGT.US,D,20230202,000000,177.71,181.7,176.9,181.02,4003809,0
TGT.US,D,20230203,000000,177.27,179.065,175.2,176.76,2941637,0
TGT.US,D,20230206,000000,174.69,175.38,171.72,173.84,2642923,0
TGT.US,D,20230207,000000,173.55,175.44,171.935,174.76,2256803,0
TGT.US,D,20230208,000000,173.52,173.97,171.5143,171.79,2037227,0
TGT.US,D,20230209,000000,172.7,174.015,170.56,171.37,1656113,0
TGT.US,D,20230210,000000,170.32,171.2025,168.79,170.02,1841376,0
TGT.US,D,20230213,000000,170.99,173.5,170.33,173.32,2432640,0
TGT.US,D,20230214,000000,171.55,172.9844,168.84,171.17,2418580,0
TGT.US,D,20230215,000000,170.01,176.29,169.95,176.02,2954628,0
TGT.US,D,20230216,000000,174.2001,177.29,173.77,174.54,2318683,0
TGT.US,D,20230217,000000,173.35,173.515,170.89,173.22,2678144,0
TGT.US,D,20230221,000000,169.52,170.99,166.17,166.22,4133577,0
TGT.US,D,20230222,000000,165.6,169.3,165.2,165.72,2940959,0
TGT.US,D,20230223,000000,165.9,165.9,161.87,165.5,2718678,0
TGT.US,D,20230224,000000,164.08,167.43,163,166.96,2888815,0
TGT.US,D,20230227,000000,168.67,169.87,165.475,166.81,5244991,0
TGT.US,D,20230228,000000,168.73,172.67,167.1,168.5,10669298,0
TGT.US,D,20230301,000000,168.16,168.4014,160.8,162.4,5835691,0
TGT.US,D,20230302,000000,161.21,165.99,160.95,165.94,2831809,0
TGT.US,D,20230303,000000,166.15,166.2102,164.3201,166,2318619,0
TGT.US,D,20230306,000000,166.59,166.76,164.52,165.2,2220863,0
TGT.US,D,20230307,000000,165.83,166.62,162.58,162.82,2410866,0
TGT.US,D,20230308,000000,162.9,163.73,162.17,163.51,1752799,0
TGT.US,D,20230309,000000,164.31,164.6959,160.47,160.64,1872402,0
TGT.US,D,20230310,000000,160.27,161.87,157.51,158.18,2754204,0
TGT.US,D,20230313,000000,156.32,160.73,156.23,157.92,2342674,0
TGT.US,D,20230314,000000,159.77,160.32,156.55,158.37,2574171,0
TGT.US,D,20230315,000000,156.33,159.86,156.1,159.13,2633960,0
TGT.US,D,20230316,000000,157.55,163.24,157.23,163.05,2510741,0
TGT.US,D,20230317,000000,162.73,163.46,158.29,159.36,13174952,0
TGT.US,D,20230320,000000,159.37,163.37,159.2616,163.24,2875852,0
TGT.US,D,20230321,000000,164.23,164.77,161.4752,162.71,2497184,0
TGT.US,D,20230322,000000,162.9,163.11,157.37,157.47,2909854,0
TGT.US,D,20230323,000000,158.75,159.24,154.445,156.12,2791722,0
TGT.US,D,20230324,000000,154.72,156.57,152.68,156.22,2703923,0
TGT.US,D,20230327,000000,157.34,160.04,156.48,159.38,3078893,0
TGT.US,D,20230328,000000,159.05,161.26,158.1,159.77,2910671,0
TGT.US,D,20230329,000000,160.89,161,155.92,158.11,4219409,0
TGT.US,D,20230330,000000,159.8,161.41,159.67,160.27,2237569,0
TGT.US,D,20230331,000000,161.5,165.83,160.95,165.63,3094079,0
TGT.US,D,20230403,000000,166.4,167.96,165.33,166.06,2744397,0
TGT.US,D,20230404,000000,165.71,167.02,164.95,166.05,2350518,0
TGT.US,D,20230405,000000,165.8,166.99,164.06,165.24,2762084,0
TGT.US,D,20230406,000000,162.57,165.84,160.68,165.58,2552870,0
TGT.US,D,20230410,000000,165.08,169.6823,164.59,169,2724418,0
TGT.US,D,20230411,000000,169.71,171.24,169.38,169.58,2155636,0
TGT.US,D,20230412,000000,170.46,170.77,163.19,163.51,3900291,0
TGT.US,D,20230413,000000,164.04,164.94,161.7,163.27,2464836,0
TGT.US,D,20230414,000000,163,165.47,159.89,161,2370137,0
TGT.US,D,20230417,000000,161.51,163.0799,161.24,162.7,2566526,0
TGT.US,D,20230418,000000,162.95,163.03,161.99,162.4,2195491,0
TGT.US,D,20230419,000000,160.75,162.85,160.205,162.51,2183800,0
TGT.US,D,20230420,000000,160.92,162.485,159.78,160.28,2809925,0
TGT.US,D,20230421,000000,161.32,164.53,160.94,162.18,2743626,0
TGT.US,D,20230424,000000,162.31,164.2,162.31,163.94,2313130,0
TGT.US,D,20230425,000000,163.95,164.11,157.3301,157.61,2723287,0
TGT.US,D,20230426,000000,156.95,158.61,154.79,155.45,3077362,0
TGT.US,D,20230427,000000,156.23,158.6,155.13,158.15,3037874,0
TGT.US,D,20230428,000000,158.65,159.6599,155.95,157.75,3432888,0
TGT.US,D,20230501,000000,157.68,158.75,156.34,157.12,1964517,0
TGT.US,D,20230502,000000,156.55,156.8,153.57,155.72,2277367,0
TGT.US,D,20230503,000000,155.32,158.62,154.34,154.57,2385734,0
TGT.US,D,20230504,000000,154.18,154.5,150.87,152.53,2653616,0
TGT.US,D,20230505,000000,154.49,157.77,154.17,156.3,2187168,0
TGT.US,D,20230508,000000,156.48,157.79,155.645,156.5,1495283,0
TGT.US,D,20230509,000000,155.7,157.86,155.42,157.42,1886143,0
TGT.US,D,20230510,000000,158.18,159.3,155.02,157.73,2804995,0
TGT.US,D,20230511,000000,157.38,159.31,156.54,158.87,2832191,0
TGT.US,D,20230512,000000,157.8,159.3,156.03,157.99,3361673,0
TGT.US,D,20230515,000000,157.97,160.79,157.4,160.57,4055226,0
TGT.US,D,20230516,000000,157.38,160.85,154.7,156.91,5805908,0
TGT.US,D,20230517,000000,155.8,162.84,155.12,160.96,8387682,0
TGT.US,D,20230518,000000,160.87,161.62,153.245,154.18,7881625,0
TGT.US,D,20230519,000000,154.9,155.2673,150.93,152.28,4455951,0
TGT.US,D,20230522,000000,151,152.735,149.77,151.91,3717029,0
TGT.US,D,20230523,000000,150.33,151.33,146.94,147.16,4374107,0
TGT.US,D,20230524,000000,145.8,145.89,142.13,143.1,6738339,0
TGT.US,D,20230525,000000,142.18,142.2,138.65,140.75,7409509,0
TGT.US,D,20230526,000000,140.31,140.48,137.21,138.93,8100414,0
TGT.US,D,20230530,000000,138.22,138.89,133.58,133.84,10931881,0
TGT.US,D,20230531,000000,134.24,135.26,130.63,130.93,20234408,0
TGT.US,D,20230601,000000,128.6,132.03,126.75,131.16,13678399,0
TGT.US,D,20230602,000000,131.237,133.28,130.56,133.22,7594003,0
TGT.US,D,20230605,000000,131.67,132.515,129.72,130.6,7702865,0
TGT.US,D,20230606,000000,130.1,132.96,129.925,132.7,6065176,0
TGT.US,D,20230607,000000,132.03,132.31,131.01,131.75,5504444,0
TGT.US,D,20230608,000000,131.5,132.77,130.2184,131.27,6169538,0
TGT.US,D,20230609,000000,129.5,130.6,126.95,126.99,9404114,0
TGT.US,D,20230612,000000,127.3,127.39,125.08,126.48,8265553,0
TGT.US,D,20230613,000000,127.5,129.3973,126.7436,128.72,6916318,0
TGT.US,D,20230614,000000,129.2,134.53,127.93,133.23,14968680,0
TGT.US,D,20230615,000000,135.11,138.08,134.6,137.84,10063135,0
TGT.US,D,20230616,000000,138.06,138.06,133.64,133.81,9902995,0
TGT.US,D,20230620,000000,133.12,133.29,131.42,132.72,5358565,0
TGT.US,D,20230621,000000,132.36,133.98,131.33,133.22,3845534,0
TGT.US,D,20230622,000000,133.44,133.76,131.43,132.39,4621820,0
TGT.US,D,20230623,000000,131.01,132.41,130.32,131.83,6975461,0
TGT.US,D,20230626,000000,132.35,135.46,132.34,134.5,4831060,0
TGT.US,D,20230627,000000,133.2,134.8399,132.41,132.51,6047604,0
TGT.US,D,20230628,000000,132.7,133.38,131.88,132.47,4601877,0
TGT.US,D,20230629,000000,132.48,134.06,131.77,132.91,6055214,0
TGT.US,D,20230630,000000,133.81,133.85,131.1294,131.9,7316244,0
TGT.US,D,20230703,000000,131.59,135.3192,131.59,134.86,4134575,0
TGT.US,D,20230705,000000,134.24,134.4899,132.49,132.55,5186919,0
TGT.US,D,20230706,000000,131.88,132.97,130.43,130.84,4884559,0
TGT.US,D,20230707,000000,130.5,132.22,129.86,130.05,4256769,0
TGT.US,D,20230710,000000,130.28,131.86,130.28,131.74,3831341,0
TGT.US,D,20230711,000000,132.04,134.2974,131.37,133.39,4094851,0
TGT.US,D,20230712,000000,134.85,135.41,132.84,132.91,3758325,0
TGT.US,D,20230713,000000,133.37,134.3,132.69,132.82,3077394,0
TGT.US,D,20230714,000000,132.09,132.6767,130.66,130.92,4124253,0
TGT.US,D,20230717,000000,130.8,130.83,128.55,130.01,4733830,0
TGT.US,D,20230718,000000,130.35,131.97,129.04,130.81,3786428,0
TGT.US,D,20230719,000000,131.5,132.93,130.88,132.7,3229211,0
TGT.US,D,20230720,000000,133.13,135.2899,132.48,134.64,4174687,0
TGT.US,D,20230721,000000,135.13,136.36,133.6003,134.08,4034220,0
TGT.US,D,20230724,000000,134.32,135.6,133.83,135.41,2622554,0
TGT.US,D,20230725,000000,135.09,135.83,133.34,133.6,3849394,0
TGT.US,D,20230726,000000,132.76,135.54,132.4589,134.47,5180126,0
TGT.US,D,20230727,000000,135.33,138.28,134.5,134.5,5538824,0
TGT.US,D,20230728,000000,135.85,136.74,134.81,135,2959879,0
TGT.US,D,20230731,000000,135.26,136.89,135.26,136.47,6056394,0
TGT.US,D,20230801,000000,136.33,136.535,132.95,132.99,4069343,0
TGT.US,D,20230802,000000,132.2,134.09,131.82,133.54,3565201,0
TGT.US,D,20230803,000000,133.23,134.04,132.6,132.73,3726350,0
TGT.US,D,20230804,000000,133.8,134.62,131.965,132.53,3481493,0
TGT.US,D,20230807,000000,133.02,133.6983,131.34,131.94,3036744,0
TGT.US,D,20230808,000000,130.62,131.21,129.3477,130.98,4359129,0
TGT.US,D,20230809,000000,131.35,132.075,130.2601,130.6,2761196,0
TGT.US,D,20230810,000000,131.25,132.51,130.5201,130.92,4375612,0
TGT.US,D,20230811,000000,130.03,131.6896,130.02,131.05,3803950,0
TGT.US,D,20230814,000000,130.725,131.82,128.87,129.42,4425115,0
TGT.US,D,20230815,000000,127.95,129.32,124.963,125.05,9416536,0
TGT.US,D,20230816,000000,135,135.25,127.53,128.75,23754377,0
TGT.US,D,20230817,000000,128.54,132.85,128.43,130.11,8659582,0
TGT.US,D,20230818,000000,129.61,132.42,129.06,131.21,5755769,0
TGT.US,D,20230821,000000,130.49,131.745,127.43,127.79,5928622,0
TGT.US,D,20230822,000000,125.52,126.065,122.64,124.94,8792895,0
TGT.US,D,20230823,000000,124.32,125.39,122.79,123.21,4797546,0
TGT.US,D,20230824,000000,122.62,124.44,122.12,124.1,4308104,0
TGT.US,D,20230825,000000,124,124.1,120.75,121.79,7279729,0
TGT.US,D,20230828,000000,121.93,123.73,121.44,123.43,5116621,0
TGT.US,D,20230829,000000,123.815,127.6601,123.77,126.16,5267418,0
TGT.US,D,20230830,000000,125.77,127.35,125.37,126.95,3276692,0
TGT.US,D,20230831,000000,126.35,127.7,125.84,126.55,4234559,0
TGT.US,D,20230901,000000,127.55,127.7,125.15,125.52,2997077,0
TGT.US,D,20230905,000000,125.42,127.47,125,125.19,3427328,0
TGT.US,D,20230906,000000,125.19,125.47,123.13,123.71,3562081,0
TGT.US,D,20230907,000000,123.845,124.88,123.52,124.46,3267388,0
TGT.US,D,20230908,000000,124.36,124.7325,122.5309,123.69,2923526,0
TGT.US,D,20230911,000000,124.35,124.61,122.5433,122.67,2613061,0
TGT.US,D,20230912,000000,122.9,123.48,122.25,122.4,2930593,0
TGT.US,D,20230913,000000,122.74,123.675,122.4927,122.93,2541536,0
TGT.US,D,20230914,000000,123.6,124.96,122.8075,124.77,3760916,0
TGT.US,D,20230915,000000,124.76,125.1,122.72,123.05,4919837,0
TGT.US,D,20230918,000000,122.92,122.92,118.5501,119.34,5415228,0
TGT.US,D,20230919,000000,119.455,120.79,118.95,120.17,4056940,0
TGT.US,D,20230920,000000,120.58,121.54,120.065,120.41,3264205,0
TGT.US,D,20230921,000000,119.55,120.34,116.88,117.32,4138784,0
TGT.US,D,20230922,000000,116.97,117.37,112.54,112.6,6593656,0
TGT.US,D,20230925,000000,112.11,112.75,110.53,112.26,5353284,0
TGT.US,D,20230926,000000,111.36,112.39,109.12,109.48,6022236,0
TGT.US,D,20230927,000000,109.38,110.64,108.49,109.74,4498097,0
TGT.US,D,20230928,000000,109.54,110.48,108.1501,109.56,4676519,0
TGT.US,D,20230929,000000,110.37,111.65,109.88,110.57,4738145,0
TGT.US,D,20231002,000000,110.35,110.3916,105.75,106.69,6121320,0
TGT.US,D,20231003,000000,106.18,108.59,106.18,107.16,5370253,0
TGT.US,D,20231004,000000,108.4,108.4,105.75,106.62,5523089,0
TGT.US,D,20231005,000000,105.87,106.7,104.63,105.15,4749303,0
TGT.US,D,20231006,000000,104.75,106.27,102.93,105.01,7556860,0
TGT.US,D,20231009,000000,105.24,106.12,103.74,105.76,4819926,0
TGT.US,D,20231010,000000,106.45,111.16,106.21,109.63,6791773,0
TGT.US,D,20231011,000000,110.12,110.41,106.93,108.99,3977387,0
TGT.US,D,20231012,000000,112.99,112.995,109.5064,110.8,6497328,0
TGT.US,D,20231013,000000,111.21,112.23,110.01,111.98,4654301,0
TGT.US,D,20231016,000000,112.56,112.79,109.79,111.39,3872723,0
TGT.US,D,20231017,000000,111.18,113.1799,110.75,112.56,3387899,0
TGT.US,D,20231018,000000,111.94,111.97,109.93,110.21,2940763,0
TGT.US,D,20231019,000000,110.22,110.9,108.33,108.36,4249535,0
TGT.US,D,20231020,000000,108.25,110.2399,107.7,108.83,4215699,0
TGT.US,D,20231023,000000,108.09,108.45,106.6566,107.42,3189793,0
TGT.US,D,20231024,000000,107.67,109.2299,107.31,108.68,2518133,0
TGT.US,D,20231025,000000,108.43,111.075,107.92,110.36,4123180,0
TGT.US,D,20231026,000000,110.2,111.91,109.99,110.87,3092443,0
TGT.US,D,20231027,000000,110.52,111.1,106.89,107.23,3448150,0
TGT.US,D,20231030,000000,107.76,109.1,106.6,108.67,3852694,0
TGT.US,D,20231031,000000,108.88,111.28,108.46,110.79,5549356,0
TGT.US,D,20231101,000000,111.08,111.08,108.61,109.54,3081469,0
TGT.US,D,20231102,000000,110.24,111.83,108.915,111.07,3817841,0
TGT.US,D,20231103,000000,112.2,114.21,112.0791,112.85,4341125,0
TGT.US,D,20231106,000000,113.29,113.44,110.92,111.05,3684151,0
TGT.US,D,20231107,000000,110.83,112.67,110.8,111.35,2859192,0
TGT.US,D,20231108,000000,111.04,111.94,109.3,109.85,4514024,0
TGT.US,D,20231109,000000,110.305,110.305,106.325,106.79,5604550,0
TGT.US,D,20231110,000000,107.105,108.63,105.23,108.33,6239706,0
TGT.US,D,20231113,000000,108.72,108.83,107.125,107.3,4016019,0
TGT.US,D,20231114,000000,108.25,112.31,108.08,110.79,7656097,0
TGT.US,D,20231115,000000,126.08,131.53,124.88,130.46,32230788,0
TGT.US,D,20231116,000000,127.26,130.81,127.19,129.94,12033214,0
TGT.US,D,20231117,000000,130.38,131.09,128.9,129.89,5983144,0
TGT.US,D,20231120,000000,129.35,130.2279,128.37,129.65,5838646,0
TGT.US,D,20231121,000000,130.22,130.8699,128.7075,130.8,4057923,0
TGT.US,D,20231122,000000,130.5,132.36,129.89,130.5,3589640,0
TGT.US,D,20231124,000000,130.5,131.47,129.7601,131.46,1863112,0
TGT.US,D,20231127,000000,131.15,132.3499,130.25,131.33,3736677,0
TGT.US,D,20231128,000000,131.33,131.8,130.22,131.67,3804859,0
TGT.US,D,20231129,000000,131.96,133.1,131.17,131.32,2918926,0
TGT.US,D,20231130,000000,132.21,133.96,130.3893,133.81,5759516,0
TGT.US,D,20231201,000000,133.4,134.95,132.51,134.78,4594776,0
TGT.US,D,20231204,000000,134.22,136.24,133.185,133.71,7625135,0
TGT.US,D,20231205,000000,133.32,133.86,132.495,132.88,2997807,0
TGT.US,D,20231206,000000,133.24,133.99,132.29,133.38,3894396,0
TGT.US,D,20231207,000000,134.6,135.82,134.1262,135.19,3939241,0
TGT.US,D,20231208,000000,135.23,136.4,135.105,135.19,2880821,0
TGT.US,D,20231211,000000,136.11,136.95,135.485,136.76,3571671,0
TGT.US,D,20231212,000000,136.91,136.91,135.23,135.66,3352141,0
TGT.US,D,20231213,000000,136,138.42,134.7,138.38,3531705,0
TGT.US,D,20231214,000000,139.7,142.2,139.445,141.14,4636393,0
TGT.US,D,20231215,000000,141.1,141.6,138.205,138.37,5680232,0
TGT.US,D,20231218,000000,139,139.15,137.4,137.72,3116977,0
TGT.US,D,20231219,000000,138,139.7,137.9,139.58,2834632,0
TGT.US,D,20231220,000000,138.73,138.87,136.55,136.9,3711734,0
TGT.US,D,20231221,000000,137.95,139.638,137.29,139.37,3980171,0
TGT.US,D,20231222,000000,139.44,140.42,138.63,140.2,3223130,0
TGT.US,D,20231226,000000,140,141.44,139.295,141.03,2237681,0
TGT.US,D,20231227,000000,140.93,142.73,140.61,142.38,2806617,0
TGT.US,D,20231228,000000,142.06,143.11,142,142.54,2146723,0
TGT.US,D,20231229,000000,142.02,143.365,141.72,142.42,2517434,0
TGT.US,D,20240102,000000,142.19,144.2,141.5804,143.1,3601516,0
TGT.US,D,20240103,000000,142.36,142.97,138.33,138.67,4662126,0
TGT.US,D,20240104,000000,138.86,140.925,137.7,140.25,3903017,0
TGT.US,D,20240105,000000,139.32,141.95,139.32,140.75,2745251,0
TGT.US,D,20240108,000000,140.2,141.99,139.56,141.73,3563278,0
TGT.US,D,20240109,000000,140.995,143.97,140.53,143.77,3664385,0
TGT.US,D,20240110,000000,143.38,144.41,142.915,144.09,2777416,0
TGT.US,D,20240111,000000,144.5,144.5,140.985,142.02,3215302,0
TGT.US,D,20240112,000000,142.7,143.15,140.67,140.91,2236556,0
TGT.US,D,20240116,000000,142.19,142.4599,139.92,141.07,3482382,0
TGT.US,D,20240117,000000,140.08,140.745,138.385,138.74,3566339,0
TGT.US,D,20240118,000000,138.63,139.12,135.67,137.4,4160686,0
TGT.US,D,20240119,000000,137.22,138.6,135.8008,138.14,3592626,0
TGT.US,D,20240122,000000,138.4,140.76,137.91,140.36,2778677,0
TGT.US,D,20240123,000000,140.84,141.71,139.85,140.88,2806826,0
TGT.US,D,20240124,000000,141.6,141.8,138.96,139.2,2845913,0
TGT.US,D,20240125,000000,140.28,142.28,139.01,142.18,2566508,0
TGT.US,D,20240126,000000,142.89,143,141.64,142.53,3014884,0
TGT.US,D,20240129,000000,142.73,142.98,136.345,141.52,4878965,0
TGT.US,D,20240130,000000,140.62,141.2,137.8401,140.52,2879472,0
TGT.US,D,20240131,000000,140.53,141.45,138.96,139.08,5804407,0
TGT.US,D,20240201,000000,140.94,144.47,138.5,144.42,3613852,0
TGT.US,D,20240202,000000,143.49,147.04,142.5701,145.49,3776039,0
TGT.US,D,20240205,000000,144.22,144.885,141.5,142.33,4697391,0
TGT.US,D,20240206,000000,142.66,144.47,141.455,144.43,2873927,0
TGT.US,D,20240207,000000,149,149,145.255,146.73,3979600,0
TGT.US,D,20240208,000000,147.01,149.09,146.85,147.4,2946883,0
TGT.US,D,20240209,000000,147.08,147.57,146.3,146.53,2792412,0
TGT.US,D,20240212,000000,147.52,150.4,147.5,149.4,3492607,0
TGT.US,D,20240213,000000,147.22,147.87,144.5922,146.11,3061805,0
TGT.US,D,20240214,000000,144.69,146.09,143.735,145.03,2986367,0
TGT.US,D,20240215,000000,145.79,148.255,145.43,146.33,2807586,0
TGT.US,D,20240216,000000,145.73,150.29,145.1257,149.61,4319878,0
TGT.US,D,20240220,000000,150,152.11,149.21,149.89,3474440,0
TGT.US,D,20240221,000000,149.31,149.85,147.86,148.79,2307567,0
TGT.US,D,20240222,000000,148.79,150.98,147.985,150.34,2503830,0
TGT.US,D,20240223,000000,150.98,152.78,150.41,151.48,3503633,0
TGT.US,D,20240226,000000,150.61,150.95,149.095,150.15,3856937,0
TGT.US,D,20240227,000000,150.79,152.31,150.45,151.99,2851684,0
TGT.US,D,20240228,000000,151.33,152.25,150.65,151.44,2298383,0
TGT.US,D,20240229,000000,152.39,153.65,152,152.92,4447831,0
TGT.US,D,20240301,000000,153.24,155.54,152,155.29,4285496,0
TGT.US,D,20240304,000000,153.19,154.77,150.085,150.49,9096141,0
TGT.US,D,20240305,000000,166.0566,170.47,165.21,168.58,22986755,0
TGT.US,D,20240306,000000,172.22,175.5299,171.6,173.54,8955240,0
TGT.US,D,20240307,000000,175,175.27,171.32,171.54,3644659,0
TGT.US,D,20240308,000000,171.34,172.29,169.45,169.72,3362621,0
TGT.US,D,20240311,000000,170.19,170.58,166.68,168.07,3142428,0
TGT.US,D,20240312,000000,168.64,169.06,167.53,167.57,2292056,0
TGT.US,D,20240313,000000,167.24,167.54,164.19,166.67,5546260,0
TGT.US,D,20240314,000000,166.76,167.17,163.045,164.31,3365891,0
TGT.US,D,20240315,000000,162.87,165.25,162.71,164.22,5074986,0
TGT.US,D,20240318,000000,163.98,168.188,163.435,167.59,3189594,0
TGT.US,D,20240319,000000,167.07,168.61,166.3,168.21,2290482,0
TGT.US,D,20240320,000000,167.92,170.57,167.38,170.46,2969720,0
TGT.US,D,20240321,000000,170.67,170.88,168.97,170.17,2624530,0
TGT.US,D,20240322,000000,170,170.17,168.49,168.63,2443809,0
TGT.US,D,20240325,000000,170,173.58,169.73,172.66,4262579,0
TGT.US,D,20240326,000000,172.63,174.2,172.16,172.64,3513108,0
TGT.US,D,20240327,000000,174.1,175.48,173.54,174.67,4747265,0
TGT.US,D,20240328,000000,175,177.395,174.685,177.21,3716230,0
TGT.US,D,20240401,000000,178.77,181.86,177.66,177.82,3917377,0
TGT.US,D,20240402,000000,177.65,177.89,175.09,176.24,3022070,0
TGT.US,D,20240403,000000,176.53,177.19,175.1,175.49,3033852,0
TGT.US,D,20240404,000000,176.84,177.23,171.975,172.22,3614382,0
TGT.US,D,20240405,000000,171.62,172.54,170.03,171.77,2333972,0
TGT.US,D,20240408,000000,170.9,172.13,169.62,169.7,2123077,0
TGT.US,D,20240409,000000,170,171.74,169.26,171.63,1847129,0
TGT.US,D,20240410,000000,169.9,171.855,168.75,171.62,2148746,0
TGT.US,D,20240411,000000,172.79,173.045,170.385,171.33,2248121,0
TGT.US,D,20240412,000000,170.82,171.06,165.7814,166.12,3551672,0
TGT.US,D,20240415,000000,169.18,169.8,164.96,165.01,5075360,0
TGT.US,D,20240416,000000,165.06,166,162.2101,163.32,3450687,0
TGT.US,D,20240417,000000,166.76,167.94,163.87,164.47,3700382,0
TGT.US,D,20240418,000000,165.72,167.53,165.09,166.58,3169461,0
TGT.US,D,20240419,000000,167.33,168.47,166.77,168.3,3376607,0
TGT.US,D,20240422,000000,168.76,169.09,166.0342,167.11,2155534,0
TGT.US,D,20240423,000000,167.64,168.01,166.1,166.51,1890252,0
TGT.US,D,20240424,000000,165.03,166.54,164.79,165.34,2631351,0
TGT.US,D,20240425,000000,163.89,165.15,163.1777,164.44,3141691,0
TGT.US,D,20240426,000000,165.15,166.275,164.14,164.74,2085518,0
TGT.US,D,20240429,000000,164.7,165.72,162.06,163.73,2737235,0
TGT.US,D,20240430,000000,162.45,162.63,160.42,160.98,3534392,0
TGT.US,D,20240501,000000,160.83,161.63,156.33,156.43,4380435,0
TGT.US,D,20240502,000000,157.29,158.64,155.8,158.12,3880034,0
TGT.US,D,20240503,000000,159,160.31,157.81,158.04,3802181,0
TGT.US,D,20240506,000000,158.04,158.4,156.5,158.35,3314545,0
TGT.US,D,20240507,000000,161.07,162.36,159.84,160.41,3492502,0
TGT.US,D,20240508,000000,159,161.25,158.99,159.59,2678278,0
TGT.US,D,20240509,000000,159.44,164.4,159.04,164.32,2537985,0
TGT.US,D,20240510,000000,164.61,165.65,161.7,163.13,2414113,0
TGT.US,D,20240513,000000,164.21,164.4,160.59,160.9,2629007,0
TGT.US,D,20240514,000000,160.3,161.6,158.58,158.96,2707913,0
TGT.US,D,20240515,000000,160.61,161.08,157.04,157.51,2563650,0
TGT.US,D,20240516,000000,160.25,163.65,159.72,160.65,5232861,0
TGT.US,D,20240517,000000,160.18,160.465,159.1,160.13,4005467,0
TGT.US,D,20240520,000000,159.9,160.8,155.96,156.71,4429218,0
TGT.US,D,20240521,000000,156.71,156.84,154.65,155.78,6291009,0
TGT.US,D,20240522,000000,140.54,145.67,139.98,143.27,18724017,0
TGT.US,D,20240523,000000,142.5,145.58,141.76,144.41,6661102,0
TGT.US,D,20240524,000000,144.9,145.73,143.56,145.23,3550295,0
TGT.US,D,20240528,000000,145,147.4401,144.53,147.1,4344281,0
TGT.US,D,20240529,000000,146.05,148.13,145.5,147.74,3038460,0
TGT.US,D,20240530,000000,148.52,150.36,147.92,149.87,4239436,0
TGT.US,D,20240531,000000,148.88,156.93,148.76,156.16,7500984,0
TGT.US,D,20240603,000000,152.09,154.49,151.38,153.03,4162466,0
TGT.US,D,20240604,000000,152.37,154.19,150.11,150.55,4683706,0
TGT.US,D,20240605,000000,150.5,150.98,146.75,147.35,5746077,0
TGT.US,D,20240606,000000,146.7,147.19,145.05,145.13,4682855,0
TGT.US,D,20240607,000000,144.63,146.6,144.15,146,3110844,0
TGT.US,D,20240610,000000,146.05,148.91,145.57,148.52,3052921,0
TGT.US,D,20240611,000000,148.25,148.37,145.92,146.19,3592381,0
TGT.US,D,20240612,000000,146.34,148.03,145.1,146.78,3064275,0
TGT.US,D,20240613,000000,147.09,147.09,144.55,144.68,3470565,0
TGT.US,D,20240614,000000,143.77,143.8,139.38,141.16,5019720,0
TGT.US,D,20240617,000000,141.35,145.06,140.8,144.97,5006330,0
TGT.US,D,20240618,000000,144.355,144.8509,142.42,142.54,2969474,0
TGT.US,D,20240620,000000,142.15,143.77,141.73,143.38,2628654,0
TGT.US,D,20240621,000000,143.99,146.27,143.99,146.13,5652005,0
TGT.US,D,20240624,000000,147,150.79,146.72,149.69,3933203,0
TGT.US,D,20240625,000000,148.48,149.12,146.34,146.77,3367570,0
TGT.US,D,20240626,000000,146.01,147.31,144.92,147.17,2447102,0
TGT.US,D,20240627,000000,145.75,147,145.3,146.72,2273610,0
TGT.US,D,20240628,000000,147.54,148.7089,146.12,148.04,12772526,0
TGT.US,D,20240701,000000,148.34,148.94,145.07,145.74,2638855,0
TGT.US,D,20240702,000000,145.5,146.99,144.46,145.39,3296556,0
TGT.US,D,20240703,000000,145.32,146.23,144.37,144.8,1633259,0
TGT.US,D,20240705,000000,144.54,146.43,144.5,145.65,3562244,0
TGT.US,D,20240708,000000,151.86,151.97,147.785,148.72,5183791,0
TGT.US,D,20240709,000000,148,149.621,147.23,147.6,2848969,0
TGT.US,D,20240710,000000,147.45,147.45,143.405,146.11,4105702,0
TGT.US,D,20240711,000000,147,151.89,146.5,151.4,4728715,0
TGT.US,D,20240712,000000,152.47,153.635,150.81,152.85,2675771,0
TGT.US,D,20240715,000000,152.85,153.45,150.91,151.3,3645851,0
TGT.US,D,20240716,000000,151.45,155.01,151.39,155.01,3391784,0
TGT.US,D,20240717,000000,154.04,156.74,154.04,155.93,3353650,0
TGT.US,D,20240718,000000,154.82,155.25,151.84,152.09,2927396,0
TGT.US,D,20240719,000000,151.46,151.46,149.36,149.73,3186989,0
TGT.US,D,20240722,000000,149.37,151.74,148.72,151.02,3692971,0
TGT.US,D,20240723,000000,150.2,150.96,149.64,150.27,1622400,0
TGT.US,D,20240724,000000,150.29,150.92,145.3,146.45,3029508,0
TGT.US,D,20240725,000000,146.58,149.4189,145.99,146.29,3019653,0
TGT.US,D,20240726,000000,147.25,149.99,147.25,149,2426969,0
TGT.US,D,20240729,000000,147.38,147.9,145.14,146.82,2486982,0
TGT.US,D,20240730,000000,147.37,148.29,146.76,147.95,2379216,0
TGT.US,D,20240731,000000,148.71,152.395,147.925,150.41,5743885,0
TGT.US,D,20240801,000000,151.21,151.35,146.08,147.02,3782377,0
TGT.US,D,20240802,000000,145.32,145.42,138.04,139.17,6476490,0
TGT.US,D,20240805,000000,136,136.35,132.42,133.87,6887654,0
TGT.US,D,20240806,000000,134.51,135.91,133.25,133.85,5005677,0
TGT.US,D,20240807,000000,136.18,137.75,133.34,133.47,3209671,0
TGT.US,D,20240808,000000,134.79,135.99,133.07,133.97,3894009,0
TGT.US,D,20240809,000000,133.61,135.6,132.75,135.5,3778303,0
TGT.US,D,20240812,000000,134.59,136.545,134.12,135.02,3695560,0
TGT.US,D,20240813,000000,135.68,136.91,133.67,136.66,3319751,0
TGT.US,D,20240814,000000,136.7,136.91,135.51,135.76,4837956,0
TGT.US,D,20240815,000000,143.29,143.88,140.5601,141.66,4640641,0
TGT.US,D,20240816,000000,141.12,144.24,140.89,144.04,3473906,0
TGT.US,D,20240819,000000,144.5,148.64,144.42,144.63,4426996,0
TGT.US,D,20240820,000000,144.5,145.7,142.88,144.33,6815076,0
TGT.US,D,20240821,000000,167.33,167.4,158.97,159.25,25572113,0
TGT.US,D,20240822,000000,159.9,160.12,156.4214,156.82,7452356,0
TGT.US,D,20240823,000000,157.58,159.6196,156.74,158.5,3188295,0
TGT.US,D,20240826,000000,159.31,161.84,157.97,158.9,3655215,0
TGT.US,D,20240827,000000,158.9,159.77,157.76,158.68,3252292,0
TGT.US,D,20240828,000000,157.75,158.32,155.69,156.86,2666472,0
TGT.US,D,20240829,000000,156.26,156.26,152.47,153.42,3879497,0
TGT.US,D,20240830,000000,153.69,154.15,152.19,153.62,3933162,0
TGT.US,D,20240903,000000,152.99,154.96,151.35,151.8,4070975,0
TGT.US,D,20240904,000000,152.65,153.735,148.87,152.48,3841041,0
TGT.US,D,20240905,000000,153.06,153.55,150.67,151.9,3358882,0
TGT.US,D,20240906,000000,151.61,153.33,150.72,151.28,4045069,0
TGT.US,D,20240909,000000,151.37,152.92,149.95,150.59,3735150,0
TGT.US,D,20240910,000000,150.59,150.775,147.35,148.01,4103181,0
TGT.US,D,20240911,000000,147.25,147.97,144.67,147.29,4089547,0
TGT.US,D,20240912,000000,147.35,148.98,146.61,148.44,3454594,0
TGT.US,D,20240913,000000,149.72,152.62,149.48,151.36,3592362,0
TGT.US,D,20240916,000000,151.95,153.74,150.71,152.84,3429165,0
TGT.US,D,20240917,000000,152.94,153.69,151.07,151.96,3162261,0
TGT.US,D,20240918,000000,152.49,156.045,152.4,153.6,3269539,0
TGT.US,D,20240919,000000,156.58,157.39,155,156.49,5098842,0
TGT.US,D,20240920,000000,156.9,157.39,153.94,154.75,7389826,0
TGT.US,D,20240923,000000,154.77,155.74,152.91,155.29,2927656,0
TGT.US,D,20240924,000000,155.9,157.83,155.5,156.18,3113986,0
TGT.US,D,20240925,000000,156.29,156.92,154.16,155.07,2319914,0
TGT.US,D,20240926,000000,156.53,157.74,155.1239,155.98,2757937,0
TGT.US,D,20240927,000000,156.5,157.51,154.78,155.18,3067262,0
TGT.US,D,20240930,000000,155,156.355,154.22,155.86,2935829,0
TGT.US,D,20241001,000000,155.25,155.395,151.37,152.2,3994414,0
TGT.US,D,20241002,000000,151.66,152.445,149.96,150.4,2794972,0
TGT.US,D,20241003,000000,149.89,150,147.5401,149.6,4790132,0
TGT.US,D,20241004,000000,151.92,153.865,151.32,152.88,3557483,0
TGT.US,D,20241007,000000,152.63,152.63,147.91,149,3301408,0
TGT.US,D,20241008,000000,148.99,151.78,148.81,151.32,3224142,0
TGT.US,D,20241009,000000,151.56,154.44,150.25,154.33,3514297,0
TGT.US,D,20241010,000000,154.33,156.26,152.325,155.97,3139067,0
TGT.US,D,20241011,000000,156.69,158.83,156.43,158.46,3594086,0
TGT.US,D,20241014,000000,158.2,159.56,156.55,157.97,2534419,0
TGT.US,D,20241015,000000,158.65,161.5,158.44,160.69,2988018,0
TGT.US,D,20241016,000000,160.7,160.785,158.4518,158.87,3124548,0
TGT.US,D,20241017,000000,158.88,158.9727,155.51,155.89,2879828,0
TGT.US,D,20241018,000000,156.49,157.07,154.7144,156.84,2988748,0
TGT.US,D,20241021,000000,156,156.06,150.0567,150.91,4455218,0
TGT.US,D,20241022,000000,150.04,150.275,148.65,149.19,2815030,0
TGT.US,D,20241023,000000,148.33,149.39,147.41,148.05,3961995,0
TGT.US,D,20241024,000000,149.21,150.5,148.62,150.18,3060349,0
TGT.US,D,20241025,000000,151.51,153.08,150.95,151.16,4082176,0
TGT.US,D,20241028,000000,152.65,153.38,149.28,149.3,2523740,0
TGT.US,D,20241029,000000,148.9,150.22,147.72,147.93,2881493,0
TGT.US,D,20241030,000000,148,149.79,147.69,148.52,2520491,0
TGT.US,D,20241031,000000,149.04,150.72,148.09,150.04,3229478,0
TGT.US,D,20241101,000000,151.38,151.82,150.11,150.84,2453210,0
TGT.US,D,20241104,000000,150.4,152.6844,149.8,149.99,3289701,0
TGT.US,D,20241105,000000,150.01,151.83,149.5295,150.99,2692273,0
TGT.US,D,20241106,000000,151.7,151.7,145.08,147.29,7506637,0
TGT.US,D,20241107,000000,147.8,152.25,147.6,150.91,4862354,0
TGT.US,D,20241108,000000,151.51,151.6001,149.63,149.78,3323610,0
TGT.US,D,20241111,000000,150,154.6999,149.9,153.28,3541650,0
TGT.US,D,20241112,000000,153.9,157.06,153.73,155.65,5082085,0
TGT.US,D,20241113,000000,155.5,156.967,154.75,154.99,3624515,0
TGT.US,D,20241114,000000,154,155.92,152.85,153.47,4075055,0
TGT.US,D,20241115,000000,153.38,154.21,151.92,152.13,3888688,0
TGT.US,D,20241118,000000,152.99,157.03,152.78,156.56,6508271,0
TGT.US,D,20241119,000000,156.2,158.42,154.01,156,9170486,0
TGT.US,D,20241120,000000,128,129.06,120.21,121.72,64557671,0
TGT.US,D,20241121,000000,122.09,124.1,120.59,121.59,19616656,0
TGT.US,D,20241122,000000,121.7,125.75,121.26,125.01,13730074,0
TGT.US,D,20241125,000000,128.07,131.91,127.51,130.53,15456459,0
TGT.US,D,20241126,000000,129.3,129.6223,126.5,126.55,9888230,0
TGT.US,D,20241127,000000,127.97,130.7499,127.18,130.09,6745228,0
TGT.US,D,20241129,000000,130.56,132.85,130.17,132.31,5023526,0
TGT.US,D,20241202,000000,130.73,131.99,127.87,130.72,14195575,0
TGT.US,D,20241203,000000,130.5,131.77,128.92,131.45,8163940,0
TGT.US,D,20241204,000000,130.77,130.95,129.04,130.07,6051297,0
TGT.US,D,20241205,000000,130.145,130.5,128.5,129.17,6858622,0
TGT.US,D,20241206,000000,130,132.789,130,132.39,7284123,0
TGT.US,D,20241209,000000,133.35,138.11,133,135.29,9619251,0
TGT.US,D,20241210,000000,135.79,136.61,133.3,135.05,5575526,0
TGT.US,D,20241211,000000,134.75,137.745,134.51,135.98,4811931,0
TGT.US,D,20241212,000000,137.07,137.7,135.22,135.29,3860187,0
TGT.US,D,20241213,000000,136.025,136.025,133.34,134.52,4261210,0
TGT.US,D,20241216,000000,133.55,134.825,131.76,132.45,5503836,0
TGT.US,D,20241217,000000,131.5,132.01,129.9,131.6,5792995,0
TGT.US,D,20241218,000000,131.235,136.285,130.61,130.7,6602398,0
TGT.US,D,20241219,000000,131.59,131.9999,130.41,130.43,5262076,0
TGT.US,D,20241220,000000,129.73,132.31,129.35,131.48,7189143,0
TGT.US,D,20241223,000000,130.77,132.11,129.2,131.92,4097814,0
TGT.US,D,20241224,000000,131.715,132.67,131.18,132.4,1647679,0
TGT.US,D,20241226,000000,132.445,136.94,132.44,136.39,5042669,0
TGT.US,D,20241227,000000,135,137.09,135,135.5,3089050,0
TGT.US,D,20241230,000000,134.4,136.44,133.8301,135.05,3945601,0
TGT.US,D,20241231,000000,135.66,136.59,134.29,135.18,2830498,0
TGT.US,D,20250102,000000,135.75,138.88,135.46,137.19,4360979,0
TGT.US,D,20250103,000000,137.56,138.03,135.15,135.79,4025991,0
TGT.US,D,20250106,000000,137.02,139.85,137.02,139.29,4937860,0
TGT.US,D,20250107,000000,139.93,142.2,138.35,139.25,4166105,0
TGT.US,D,20250108,000000,139.04,139.29,136.26,138.22,4663432,0
TGT.US,D,20250110,000000,138.685,143,138.445,141.62,5882755,0
TGT.US,D,20250113,000000,140.31,140.6,137.87,138.77,4061936,0
TGT.US,D,20250114,000000,140.21,140.75,135.66,136.47,4635549,0
TGT.US,D,20250115,000000,139.89,140.3699,134.48,134.53,5132565,0
TGT.US,D,20250116,000000,128.52,133.7699,127.92,133.25,9900615,0
TGT.US,D,20250117,000000,132.89,133.7751,130.89,133.61,6892451,0
TGT.US,D,20250121,000000,134.5,137.71,134.12,137.34,4848927,0
TGT.US,D,20250122,000000,137.135,137.27,135.41,135.77,4012367,0
TGT.US,D,20250123,000000,135.49,137.51,135.04,137.25,6788929,0
TGT.US,D,20250124,000000,137.3,138.9,136.66,137.89,5868189,0
TGT.US,D,20250127,000000,137.95,142.51,137.48,142.5,5331613,0
TGT.US,D,20250128,000000,142.5679,145.08,140.61,141.06,4141533,0
TGT.US,D,20250129,000000,141,142.24,139.95,140.09,3279184,0
TGT.US,D,20250130,000000,140.86,142.0999,139.425,140.44,2792025,0
TGT.US,D,20250131,000000,140.22,140.39,137.44,137.91,4057192,0
TGT.US,D,20250203,000000,134.58,135.4504,132.08,134.16,6330501,0
TGT.US,D,20250204,000000,134.98,136.88,133.275,135.6,4376150,0
TGT.US,D,20250205,000000,135.13,136.3,133.8,135.21,4908709,0
TGT.US,D,20250206,000000,136.339,137.05,134.13,134.68,4289168,0
TGT.US,D,20250207,000000,134.89,135,130.29,131.35,5756700,0
TGT.US,D,20250210,000000,131.78,132.32,130.29,131.28,4003492,0
TGT.US,D,20250211,000000,130.92,132.47,130.21,132.45,4782582,0
TGT.US,D,20250212,000000,129.2,129.84,126.82,127.5,6428960,0
TGT.US,D,20250213,000000,127.55,129.44,126.99,128.58,5325881,0
TGT.US,D,20250214,000000,128.925,129.44,127.36,127.88,4549000,0
TGT.US,D,20250218,000000,128,130.65,127.75,130.11,4901553,0
TGT.US,D,20250219,000000,130,131.7,129.47,130.75,3893522,0
TGT.US,D,20250220,000000,128.78,130.15,127.8,128.13,6195906,0
TGT.US,D,20250221,000000,125.91,127,123.93,124.27,9052895,0
TGT.US,D,20250224,000000,124.31,126.71,123.69,125.77,8772920,0
TGT.US,D,20250225,000000,126.28,127.71,125.9024,127.39,6404277,0
TGT.US,D,20250226,000000,127.885,127.885,123.645,124.04,7714221,0
TGT.US,D,20250227,000000,123.75,125.05,122.37,122.5,6164482,0
TGT.US,D,20250228,000000,122.8,124.53,122.36,124.24,8893620,0
TGT.US,D,20250303,000000,125.4797,127.06,119.92,120.76,12120855,0
TGT.US,D,20250304,000000,117.5,118.22,112.53,117.14,15623264,0
TGT.US,D,20250305,000000,116.37,116.78,114.1,116.56,7310991,0
TGT.US,D,20250306,000000,115,115.9,113.26,114.05,8020211,0
TGT.US,D,20250307,000000,113.86,115.32,112.1,115.08,8050859,0
TGT.US,D,20250310,000000,114.69,115.63,111.84,113.85,8146222,0
TGT.US,D,20250311,000000,113.92,115.01,112.21,112.76,8271798,0
TGT.US,D,20250312,000000,113.1,113.48,107.02,107.28,10434224,0
TGT.US,D,20250313,000000,107.97,108.02,104.0123,104.5,9700204,0
TGT.US,D,20250314,000000,105.23,105.28,103.4602,104.7,7551811,0
TGT.US,D,20250317,000000,105.66,106.9555,105.26,105.67,5436150,0
TGT.US,D,20250318,000000,105.67,106.25,104.49,104.59,4922206,0
TGT.US,D,20250319,000000,104.1,105.76,103.75,104.94,6331901,0
TGT.US,D,20250320,000000,104.57,106.67,103.92,104.2,5863284,0
TGT.US,D,20250321,000000,103.36,105.12,101.76,104.06,31066226,0
TGT.US,D,20250324,000000,105,108.48,104.94,108.35,8526072,0
TGT.US,D,20250325,000000,108.16,108.76,104.57,105.4,6837658,0
TGT.US,D,20250326,000000,105.76,106.6699,104.97,106.09,5497126,0
TGT.US,D,20250327,000000,105.835,107.98,105.72,106.51,5015251,0
TGT.US,D,20250328,000000,104.49,105.39,102.37,103.65,9704436,0
TGT.US,D,20250331,000000,102,104.66,100.5,104.36,7069227,0
TGT.US,D,20250401,000000,104.64,105.59,103.53,104.43,6240546,0
TGT.US,D,20250402,000000,103.925,107.085,103.925,105.77,5654401,0
TGT.US,D,20250403,000000,97.75,98.45,93,94.28,19020448,0
TGT.US,D,20250404,000000,91.8,96.88,90.6216,95.72,16229747,0
TGT.US,D,20250407,000000,91.27,97.86,90.25,94.38,13800590,0
TGT.US,D,20250408,000000,96.49,97.5,87.35,88.76,13408872,0
TGT.US,D,20250409,000000,88.01,98.48,87.88,97.69,13717826,0
TGT.US,D,20250410,000000,95.43,96,89.8,92.71,12187919,0
TGT.US,D,20250411,000000,92.4,92.96,88.63,92.78,10457613,0
TGT.US,D,20250414,000000,94.42,95.41,92.72,94.65,8164397,0
TGT.US,D,20250415,000000,94.32,94.98,91.96,92.08,6605613,0
TGT.US,D,20250416,000000,91.21,92.63,89.53,90.46,8048423,0
TGT.US,D,20250417,000000,90.23,93.54,90.23,93.11,5349810,0
TGT.US,D,20250421,000000,92.425,93.91,90.85,93.78,6856590,0
TGT.US,D,20250422,000000,94.11,95.94,92.75,94.1,7200066,0
TGT.US,D,20250423,000000,96.82,97.62,91.69,92.15,9113799,0
TGT.US,D,20250424,000000,92.3,95.555,91.88,95.31,7718831,0
TGT.US,D,20250425,000000,95.01,96.85,94.6937,96.58,5274928,0
TGT.US,D,20250428,000000,96.49,97.99,95.17,96.37,4662403,0
TGT.US,D,20250429,000000,95.95,97.09,95.3,96.91,3768423,0
TGT.US,D,20250430,000000,95.905,96.99,94.23,96.7,8255323,0
TGT.US,D,20250501,000000,97,97.525,95.55,95.97,5443714,0
TGT.US,D,20250502,000000,97.4,98.505,96.69,97.37,5294948,0
TGT.US,D,20250505,000000,96.785,96.84,93.71,94.02,6789319,0
TGT.US,D,20250506,000000,93.9,94.59,93.01,93.65,5726565,0
TGT.US,D,20250507,000000,94.06,96.13,93.95,95.49,5727423,0
TGT.US,D,20250508,000000,96.95,98.38,96.2394,96.93,5006334,0
TGT.US,D,20250509,000000,97.49,97.8447,96.0875,96.4,4614732,0
TGT.US,D,20250512,000000,100.95,103,99.03,101.08,9670805,0
TGT.US,D,20250513,000000,100.88,100.88,98.47,99.09,7774480,0
TGT.US,D,20250514,000000,97.05,97.25,94.81,95.26,10286431,0
TGT.US,D,20250515,000000,94.3,97.5,93.71,97.07,8348519,0
TGT.US,D,20250516,000000,97.76,99.14,97.4,98.58,6371469,0
TGT.US,D,20250519,000000,96.76,98.44,96.05,97.99,8468670,0
TGT.US,D,20250520,000000,98.11,99.33,97.35,98.12,10163475,0
TGT.US,D,20250521,000000,91.5,95.31,90.6,93.01,27058507,0
TGT.US,D,20250522,000000,92.18,95.82,92.05,95.06,11428002,0
TGT.US,D,20250523,000000,93.48,95.18,93.14,94.29,7373841,0
TGT.US,D,20250527,000000,95.555,97.13,94.88,96.99,6501845,0
TGT.US,D,20250528,000000,97.025,97.0877,95.77,95.94,4475977,0
TGT.US,D,20250529,000000,97.77,97.77,94.24,94.87,7042679,0
TGT.US,D,20250530,000000,94.04,94.76,93.25,94.01,7874043,0
TGT.US,D,20250602,000000,93.41,93.46,92.06,93.32,5748843,0
TGT.US,D,20250603,000000,93.49,96.43,93.06,95.78,6388824,0
TGT.US,D,20250604,000000,95.635,96.05,93.93,93.94,4416734,0
TGT.US,D,20250605,000000,94.225,94.96,93.09,93.52,4763495,0
TGT.US,D,20250606,000000,94.5425,97.36,94.45,97.32,7822813,0
TGT.US,D,20250609,000000,98.26,99.36,97.31,97.35,6299277,0
TGT.US,D,20250610,000000,97.75,102.37,97.65,100.77,9612436,0
TGT.US,D,20250611,000000,100.815,101.09,97.75,98.11,6803443,0
TGT.US,D,20250612,000000,97.82,99.49,97.03,99.29,5320563,0
TGT.US,D,20250613,000000,97.8,99.25,94.775,95.37,7303257,0
TGT.US,D,20250616,000000,96.14,97.53,95.47,97.37,7427560,0
TGT.US,D,20250617,000000,96.75,96.836,94.86,95.02,7195491,0
TGT.US,D,20250618,000000,95.22,96.71,94.83,95.12,6408589,0
TGT.US,D,20250620,000000,95.875,96.58,94.4,95.54,9619794,0
TGT.US,D,20250623,000000,94.62,96.64,94.17,96.53,6887215,0
TGT.US,D,20250624,000000,97,98.1358,96.54,97.53,6406142,0
TGT.US,D,20250625,000000,97.5,97.814,95.99,96.7,4372035,0
TGT.US,D,20250626,000000,97.125,97.83,96.39,97.6,5331851,0
TGT.US,D,20250627,000000,98.11,100.2568,98.11,99.23,6389810,0
TGT.US,D,20250630,000000,99.565,99.66,98.14,98.65,4933601,0
TGT.US,D,20250701,000000,98.33,105.3395,98.32,103.85,9968224,0
TGT.US,D,20250702,000000,104.29,105.705,103.32,105.45,6327860,0
TGT.US,D,20250703,000000,105.85,105.9699,104.05,104.06,3535290,0
TGT.US,D,20250707,000000,103.155,103.41,100.74,101.6,5677102,0
TGT.US,D,20250708,000000,101.72,102.47,100.58,102.01,6100535,0
TGT.US,D,20250709,000000,102.54,103.33,101.795,102.43,4312231,0
TGT.US,D,20250710,000000,102.915,106.37,102.62,104.74,5116223,0
TGT.US,D,20250711,000000,104.205,105.04,103.1914,104.24,3866126,0
TGT.US,D,20250714,000000,104.075,105,103.19,104.87,4468061,0
TGT.US,D,20250715,000000,105,105.5038,102.19,102.21,5289948,0
TGT.US,D,20250716,000000,102.665,103.4071,100.36,101.34,3861865,0
TGT.US,D,20250717,000000,101.725,103.94,101.59,103.65,4529531,0
TGT.US,D,20250718,000000,103.94,104.28,102.143,103.46,5282100,0
TGT.US,D,20250721,000000,102.11,103.6561,101.6756,101.71,4478766,0
TGT.US,D,20250722,000000,102.66,106.9078,102.45,106.54,6473016,0
TGT.US,D,20250723,000000,107.5,108.9,106.8,107.43,5907473,0
TGT.US,D,20250724,000000,107.19,108.43,105.44,105.82,5415239,0
TGT.US,D,20250725,000000,106.67,107.02,105.15,106.05,3476001,0
TGT.US,D,20250728,000000,106.22,106.795,105.25,106.43,3864916,0
TGT.US,D,20250729,000000,106.26,106.285,103.92,104.18,4753506,0
TGT.US,D,20250730,000000,104.695,105,102.34,103.14,4527102,0
TGT.US,D,20250731,000000,102.35,102.625,100.36,100.5,6442342,0
TGT.US,D,20250801,000000,99.775,100.31,98.44,99.77,5021740,0
TGT.US,D,20250804,000000,100.01,101.0588,99.6,99.79,5312712,0
TGT.US,D,20250805,000000,100.05,102.96,99.78,102.43,5093419,0
TGT.US,D,20250806,000000,103.47,106.36,102.975,105.39,6306597,0
TGT.US,D,20250807,000000,106.5,106.93,104.12,105.67,4191041,0
TGT.US,D,20250808,000000,105.9199,106.25,104.79,105.4,3494893,0
TGT.US,D,20250811,000000,105.4,106.58,103.655,104.01,5020050,0
TGT.US,D,20250812,000000,104.9,107.8199,104.245,106.26,6595068,0
TGT.US,D,20250813,000000,103.9,105.67,102.33,105.36,7364729,0
TGT.US,D,20250814,000000,103.88,104.31,102.58,104.25,4985772,0
TGT.US,D,20250815,000000,102.25,104.44,101.95,103.02,6305133,0
TGT.US,D,20250818,000000,104.11,106.23,103.66,104.95,6901622,0
TGT.US,D,20250819,000000,105.8,107.265,104.44,105.36,8815517,0
TGT.US,D,20250820,000000,94.405,99.56,94.15,98.69,33165726,0
TGT.US,D,20250821,000000,98.48,98.5,96.1301,97.06,11415724,0
TGT.US,D,20250822,000000,97.445,101.34,97.36,99.24,13663612,0
TGT.US,D,20250825,000000,98.56,98.8384,96.595,97.13,7651270,0
TGT.US,D,20250826,000000,96.985,96.985,95.83,96.11,6398801,0
TGT.US,D,20250827,000000,96.34,98.17,96.32,97.96,6486002,0
TGT.US,D,20250828,000000,98.47,98.79,96.34,96.81,5145000,0
TGT.US,D,20250829,000000,96.875,97.2235,95.67,95.98,5370878,0
TGT.US,D,20250902,000000,95.13,95.36,91.92,92.44,12987184,0
TGT.US,D,20250903,000000,92.5,92.86,91.687,92.35,8485805,0
TGT.US,D,20250904,000000,92.74,93.29,92.28,92.71,5900988,0
TGT.US,D,20250905,000000,92.78,93.95,92.45,93.17,4894606,0
TGT.US,D,20250908,000000,93.33,93.4432,91.335,91.5,9261731,0
TGT.US,D,20250909,000000,91.52,91.86,90.22,90.91,7564772,0
TGT.US,D,20250910,000000,90.77,91.4,90.04,90.78,5747858,0
TGT.US,D,20250911,000000,90.89,92.25,90.79,91.52,9492495,0
TGT.US,D,20250912,000000,91.3,91.42,89.96,89.96,6176195,0
TGT.US,D,20250915,000000,90.095,90.19,88.44,88.56,9310894,0
TGT.US,D,20250916,000000,88.93,89.79,88.57,89.72,6736663,0
TGT.US,D,20250917,000000,89.84,90.814,88.7403,88.93,9399028,0
TGT.US,D,20250918,000000,88.71,89.525,88.16,89.42,8781141,0
TGT.US,D,20250919,000000,89.55,89.74,87.8101,88.13,13319502,0
TGT.US,D,20250922,000000,88.02,88.07,86.3,86.56,12449463,0
TGT.US,D,20250923,000000,86.89,87.88,86.73,87.05,8077829,0
TGT.US,D,20250924,000000,87.21,88.34,86.87,88.31,10691650,0
TGT.US,D,20250925,000000,87.805,88,86.5265,87.14,8566342,0
TGT.US,D,20250926,000000,86.89,88.5899,86.84,87.85,7575624,0
TGT.US,D,20250929,000000,88.305,88.83,87.3121,88.83,7955637,0
TGT.US,D,20250930,000000,88.53,90.21,87.255,89.7,16872289,0
TGT.US,D,20251001,000000,89.45,89.5,87.26,89.14,10378548,0
TGT.US,D,20251002,000000,88.925,90.28,88.18,89.51,7557397,0
TGT.US,D,20251003,000000,89.85,90.3689,88.28,89.03,6871981,0
TGT.US,D,20251006,000000,89.34,90.17,87.84,88.96,8975719,0
TGT.US,D,20251007,000000,89.18,90.09,88.51,89.27,6348052,0
TGT.US,D,20251008,000000,89.615,90.99,89.54,90.38,6848496,0
TGT.US,D,20251009,000000,90.985,90.985,88.62,89.1,7189211,0
TGT.US,D,20251010,000000,89.18,89.23,85.36,85.53,13925230,0
TGT.US,D,20251013,000000,86.92,88.35,86.73,87.34,10515490,0
TGT.US,D,20251014,000000,86.525,89.4,86.35,88.96,6352348,0
TGT.US,D,20251015,000000,89.255,91.19,88.9092,90.91,6402547,0
TGT.US,D,20251016,000000,90.875,91.65,89.12,90.07,5556500,0
TGT.US,D,20251017,000000,90,90.955,89.81,90.84,6461369,0
TGT.US,D,20251020,000000,91.08,92.17,90.995,91.53,4886287,0
TGT.US,D,20251021,000000,91.88,94.55,91.735,94.4,7770113,0
TGT.US,D,20251022,000000,94.29,94.73,93.45,94.02,4972951,0
TGT.US,D,20251023,000000,94.135,95.03,92.96,94.25,4833358,0
TGT.US,D,20251024,000000,94.86,95.61,93.92,94.26,5458994,0
TGT.US,D,20251027,000000,95.25,97.905,94.95,97.77,10000006,0
TGT.US,D,20251028,000000,97.52,99.49,96.41,97.11,7959604,0
TGT.US,D,20251029,000000,96.52,97.07,94.03,94.12,6125647,0
TGT.US,D,20251030,000000,93.31,94.63,92.66,92.92,5631171,0
TGT.US,D,20251031,000000,92.55,93.04,91.51,92.72,7084802,0
TGT.US,D,20251103,000000,92.605,92.655,90.9,91.45,5698075,0
TGT.US,D,20251104,000000,90.88,91.29,89.75,89.98,5057365,0
TGT.US,D,20251105,000000,89.83,93.26,89.02,91.94,8215290,0
TGT.US,D,20251106,000000,91.82,92.71,88.48,89.15,7051541,0
TGT.US,D,20251107,000000,89.255,91.58,89.15,91.24,6524897,0
TGT.US,D,20251110,000000,91.815,93.43,89.92,90.73,6299898,0
TGT.US,D,20251111,000000,91.39,92.13,90.94,91.58,4762908,0
TGT.US,D,20251112,000000,91.88,92.6,91.11,91.91,5512363,0
TGT.US,D,20251113,000000,91.74,92.615,90.41,90.62,6303511,0
TGT.US,D,20251114,000000,90.35,91.107,89.41,89.9,6096943,0
TGT.US,D,20251117,000000,89.52,90.26,88.23,88.48,7549384,0
TGT.US,D,20251118,000000,87.94,90.02,87.62,88.53,10063376,0
TGT.US,D,20251119,000000,86.42,89.62,85.3,86.08,18972022,0
TGT.US,D,20251120,000000,86.15,86.93,83.44,83.68,12051777,0
TGT.US,D,20251121,000000,84.44,88.98,84.24,87.62,12573876,0
TGT.US,D,20251124,000000,87.62,87.98,84.52,84.54,9227308,0
TGT.US,D,20251125,000000,84.99,86.63,84.725,86.58,6520053,0
TGT.US,D,20251126,000000,86.66,90.23,86.61,89.8,7927569,0
TGT.US,D,20251128,000000,90.275,91.7,89.8721,90.62,4058992,0
TGT.US,D,20251201,000000,90.45,93.11,90.14,91.36,6570553,0
TGT.US,D,20251202,000000,91.68,91.75,89.36,90.47,5863803,0
TGT.US,D,20251203,000000,90.625,92.91,90.6001,90.92,7308436,0
TGT.US,D,20251204,000000,91.095,92.1999,90.17,91.59,6759383,0
TGT.US,D,20251205,000000,91.55,92.69,90.85,92.19,5898896,0
TGT.US,D,20251208,000000,92.605,93.71,90.9,93.06,7694678,0
TGT.US,D,20251209,000000,92.75,93.98,92.31,93.62,4650499,0
TGT.US,D,20251210,000000,93.87,95.4,92.94,94.62,8444741,0
TGT.US,D,20251211,000000,94.83,97.18,94.78,96.97,6812931,0
TGT.US,D,20251212,000000,97.66,98.2,96.25,97.09,5260239,0
TGT.US,D,20251215,000000,97.38,97.93,96.31,97.56,5730084,0
TGT.US,D,20251216,000000,97.89,98.52,97.05,97.67,5142540,0
TGT.US,D,20251217,000000,97,98.615,95.145,98.6,6830421,0
TGT.US,D,20251218,000000,98.58,101.99,98.56,99.05,9594235,0
TGT.US,D,20251219,000000,98.9,99.45,96.545,98.01,12620407,0
TGT.US,D,20251222,000000,97.95,98.34,94.7782,95.2,11985244,0
TGT.US,D,20251223,000000,95.255,95.3765,93.77,94.3,7975887,0
TGT.US,D,20251224,000000,94.545,96.6,94.18,96.53,3299500,0
TGT.US,D,20251226,000000,96.58,103.03,96.54,99.55,10644132,0
TGT.US,D,20251229,000000,99.46,100.2424,97.71,98.1,8836957,0
TGT.US,D,20251230,000000,97.875,97.99,97.06,97.43,3686881,0
TGT.US,D,20251231,000000,97.34,98.44,97.2,97.75,4290055,0
TGT.US,D,20260102,000000,97.91,101,97.07,100.51,7064444,0
TGT.US,D,20260105,000000,100.25,103.26,99.9,102.1,7421165,0
TGT.US,D,20260106,000000,101.945,104.85,101.5938,104.3,7699831,0
TGT.US,D,20260107,000000,104.32,104.66,102.485,103.67,4686178,0
TGT.US,D,20260108,000000,103.13,108.64,102.68,106.33,8568630,0
TGT.US,D,20260109,000000,105.625,107.3,104.14,105.52,6490433,0
TGT.US,D,20260112,000000,105.58,106.85,103.16,106.14,5893399,0
TGT.US,D,20260113,000000,108.5,109.95,107.955,108.63,7742258,0
TGT.US,D,20260114,000000,108.455,110.64,108.18,109.82,5886151,0
TGT.US,D,20260115,000000,110.065,111.86,108.4,111.13,5827160,0
TGT.US,D,20260116,000000,110.84,111.75,110.18,111.28,5253188,0
TGT.US,D,20260120,000000,110.02,110.66,107.43,109.34,9556628,0
TGT.US,D,20260121,000000,108.75,110.25,104.89,106.04,6547286,0
TGT.US,D,20260122,000000,106.115,106.81,104.8,106.5,4904276,0
TGT.US,D,20260123,000000,106.1,108.33,106.1,108.1,4594123,0
TGT.US,D,20260126,000000,108.03,108.49,103.61,103.96,6709801,0
TGT.US,D,20260127,000000,104.35,104.82,103.19,104.1,4578858,0
TGT.US,D,20260128,000000,104,104.18,100.88,101.74,4644360,0
TGT.US,D,20260129,000000,102.22,103.27,101.315,102.84,6015154,0
TGT.US,D,20260130,000000,102.555,105.51,102.3601,105.47,6181799,0
TGT.US,D,20260202,000000,104.93,109.91,103.68,109.53,10561550,0
TGT.US,D,20260203,000000,109.82,112.96,109.59,111.3,8373411,0
TGT.US,D,20260204,000000,112.55,114.88,112.27,114.13,9816196,0
TGT.US,D,20260205,000000,114.13,114.77,110.335,110.85,6081531,0
TGT.US,D,20260206,000000,111.825,115.82,111.57,115.55,7804406,0
TGT.US,D,20260209,000000,115.15,116.2,113.73,115.52,4507549,0
TGT.US,D,20260210,000000,115.5,117.17,113.15,113.23,4955185,0
TGT.US,D,20260211,000000,113,114.78,112.31,114.61,6611961,0
TGT.US,D,20260212,000000,114.98,116.37,111.86,112.69,5588428,0
TGT.US,D,20260213,000000,113.13,116.15,112.62,115.76,6597145,0
TGT.US,D,20260217,000000,116.9,118.38,114.19,116.54,6258939,0
TGT.US,D,20260218,000000,115.75,116.83,114.75,115.66,5608103,0
TGT.US,D,20260219,000000,115.025,116.26,114.62,115.66,3631511,0
TGT.US,D,20260220,000000,115.27,118.98,114.45,116.69,6285894,0
TGT.US,D,20260223,000000,116,116.715,112.805,113.34,7924830,0
TGT.US,D,20260224,000000,113.725,115.58,113.4,115.52,4977600,0
TGT.US,D,20260225,000000,115.75,116.48,114.61,116.44,4522100,0
TGT.US,D,20260226,000000,117.47,118.7,113.96,114.79,5924201,0
TGT.US,D,20260227,000000,113,113.88,111.11,113.79,6415161,0
TGT.US,D,20260302,000000,112.12,114.38,111.25,113.17,6301850,0
TGT.US,D,20260303,000000,116.01,122.43,115,120.8,15692195,0
TGT.US,D,20260304,000000,123.96,126,119.885,120.08,9495964,0
TGT.US,D,20260305,000000,119.79,120.88,118.09,120.36,7130940,0
TGT.US,D,20260306,000000,119.2,120.79,117,120.79,5979671,0
TGT.US,D,20260309,000000,118.66,120.155,115.75,120.14,6005492,0
TGT.US,D,20260310,000000,119.495,122.47,118.57,120.74,4400011,0
TGT.US,D,20260311,000000,120.33,121.26,118.5,118.78,4422332,0
TGT.US,D,20260312,000000,117.905,117.905,115.19,115.75,6215334,0
TGT.US,D,20260313,000000,116.4,117.89,115.56,117.34,5282631,0
TGT.US,D,20260316,000000,118.01,118.45,116,117.05,4858546,0
TGT.US,D,20260317,000000,117.505,118.4599,116.16,116.76,4347536,0
TGT.US,D,20260318,000000,116.32,117.365,114.79,115.05,5267451,0
TGT.US,D,20260319,000000,114.63,116.09,113.42,114.47,6549613,0
TGT.US,D,20260320,000000,114.08,115.27,112.69,113.26,19717452,0
TGT.US,D,20260323,000000,114.63,116.49,114.01,114.93,6381919,0
TGT.US,D,20260324,000000,113.82,116.05,113.01,115.92,4991742,0
TGT.US,D,20260325,000000,117.5,117.65,114.685,116.37,4407977,0
TGT.US,D,20260326,000000,115.88,118.35,115.685,117,3403145,0
TGT.US,D,20260327,000000,117.1,121.46,116.5,119.84,8112912,0
TGT.US,D,20260330,000000,120.12,121.5,117.94,118.78,4425179,0
TGT.US,D,20260331,000000,119.9,121.34,118.78,121.2,4662081,0
TGT.US,D,20260401,000000,121.15,122.145,120.41,120.45,4250948,0
TGT.US,D,20260402,000000,120.3,121.51,119.15,120.45,5348064,0
TGT.US,D,20260406,000000,120.5,122.45,120.43,122.21,4059499,0
TGT.US,D,20260407,000000,122.3,122.91,118.61,119.52,3799465,0
TGT.US,D,20260408,000000,120.57,123.33,120,123.12,3634086,0
TGT.US,D,20260409,000000,122.26,124.22,121.5,124.03,4093506,0
TGT.US,D,20260410,000000,124.34,124.46,121.3101,121.89,3699828,0
TGT.US,D,20260413,000000,120.43,121.09,117.36,117.88,5800570,0
TGT.US,D,20260414,000000,117.8,119.62,116.83,119.53,5189054,0
TGT.US,D,20260415,000000,119.73,123.295,118.79,122.87,5232382,0
TGT.US,D,20260416,000000,123.44,124.07,121.61,123.91,4292989,0
TGT.US,D,20260417,000000,124.1,128.05,123.275,127.84,5844767,0
TGT.US,D,20260420,000000,127.85,130.19,126.87,130.18,5819101,0
TGT.US,D,20260421,000000,130.35,133.1,129.7,132.1,5745933,0
TGT.US,D,20260422,000000,132.515,132.515,130.02,130.6,5141424,0
TGT.US,D,20260423,000000,130.54,131.5,129.44,130.17,3595155,0
TGT.US,D,20260424,000000,130.015,130.015,128.1,129.26,3128384,0
