<TICKER>,<PER>,<DATE>,<TIME>,<OPEN>,<HIGH>,<LOW>,<CLOSE>,<VOL>,<OPENINT>
UNM.US,D,20000103,000000,20.9276,21.0042,19.8988,20.0629,839826.04758033,0
UNM.US,D,20000104,000000,19.8104,20.1395,19.4831,19.6875,630781.35031171,0
UNM.US,D,20000105,000000,19.6875,19.7366,18.9888,19.0331,952543.02487487,0
UNM.US,D,20000106,000000,19.1971,19.7366,18.8699,19.4418,1246720.2716871,0
UNM.US,D,20000107,000000,20.3047,20.3047,19.5686,19.7366,1192954.7558839,0
UNM.US,D,20000110,000000,19.8988,19.8988,19.2404,19.6472,1278363.088646,0
UNM.US,D,20000111,000000,19.4418,19.5244,19.1107,19.4045,1311828.5172075,0
UNM.US,D,20000112,000000,19.3612,19.4045,18.9122,19.152,1127430.2914101,0
UNM.US,D,20000113,000000,19.4831,19.4831,19.152,19.318,936161.90875644,0
UNM.US,D,20000114,000000,19.2748,19.8104,19.2748,19.3612,1346275.9782629,0
UNM.US,D,20000118,000000,19.5244,19.5244,19.152,19.318,714934.9203122,0
UNM.US,D,20000119,000000,19.152,19.2748,18.9888,19.1107,914876.73607002,0
UNM.US,D,20000120,000000,19.1971,19.1971,18.1251,18.1693,1281311.2214282,0
UNM.US,D,20000121,000000,18.2125,18.2125,17.4687,17.5906,1569041.6538893,0
UNM.US,D,20000124,000000,17.7566,17.962,17.512,17.5531,1081214.722832,0
UNM.US,D,20000125,000000,17.5531,17.8441,17.3921,17.512,734817.77095034,0
UNM.US,D,20000126,000000,17.3468,18.2558,17.1404,18.0897,1179653.0494302,0
UNM.US,D,20000127,000000,18.1409,18.1409,16.9842,17.4863,1133308.23927,0
UNM.US,D,20000128,000000,17.6495,17.6495,16.9479,17.1542,719273.16333966,0
UNM.US,D,20000131,000000,17.111,17.6917,16.9479,17.6917,826384.92304208,0
UNM.US,D,20000201,000000,17.5286,17.6917,17.3183,17.3969,941200.29515778,0
UNM.US,D,20000202,000000,17.5286,17.731,17.0275,17.1542,804684.54905254,0
UNM.US,D,20000203,000000,17.2338,17.8136,17.1689,17.4863,1140868.3629976,0
UNM.US,D,20000204,000000,17.6495,17.6917,17.3183,17.5286,768699.41846523,0
UNM.US,D,20000207,000000,17.5286,17.5601,17.3183,17.3969,513866.5657246,0
UNM.US,D,20000208,000000,17.4863,17.6063,17.0275,17.0707,1007290.573172,0
UNM.US,D,20000209,000000,17.2338,17.2741,16.9842,16.9842,1074356.7777787,0
UNM.US,D,20000210,000000,11.2436,11.5315,9.99759,10.4545,25784191.224347,0
UNM.US,D,20000211,000000,10.371,10.4122,9.09036,9.92187,16354110.733679,0
UNM.US,D,20000214,000000,9.87569,9.87569,8.92488,9.38535,9939182.4179088,0
UNM.US,D,20000215,000000,9.1332,9.34211,8.59834,8.88753,8756591.4121989,0
UNM.US,D,20000216,000000,8.88753,9.09036,8.67655,8.76293,6067123.9535891,0
UNM.US,D,20000217,000000,8.9685,10.0811,8.88753,9.96414,12023492.959571,0
UNM.US,D,20000218,000000,9.87569,10.0428,9.34211,9.41679,4284689.1829012,0
UNM.US,D,20000222,000000,9.34211,9.66835,9.29878,9.5072,2970619.7998372,0
UNM.US,D,20000223,000000,9.63003,9.71159,9.1781,9.1781,2868689.9152217,0
UNM.US,D,20000224,000000,9.29878,9.41679,8.88753,8.92488,3317308.8173413,0
UNM.US,D,20000225,000000,8.92488,9.29878,8.84213,9.21466,2998627.5700932,0
UNM.US,D,20000228,000000,9.21466,9.66835,9.09036,9.21466,1838017.8098426,0
UNM.US,D,20000229,000000,9.34211,9.34211,8.84213,8.84213,3315206.3519191,0
UNM.US,D,20000301,000000,8.80528,9.99759,8.67655,9.99759,4509139.0696959,0
UNM.US,D,20000302,000000,9.54749,9.66835,9.25593,9.25593,2918533.4069509,0
UNM.US,D,20000303,000000,9.41679,9.5072,9.05036,9.21466,1905091.138001,0
UNM.US,D,20000306,000000,9.29878,9.29878,8.88753,8.9685,2185124.0639504,0
UNM.US,D,20000307,000000,9.05036,9.1332,8.76293,8.84213,2051683.6569089,0
UNM.US,D,20000308,000000,8.84213,8.88753,8.59834,8.63401,2315480.990726,0
UNM.US,D,20000309,000000,8.63401,8.67655,8.34845,8.4701,1579821.6230166,0
UNM.US,D,20000310,000000,8.34845,8.34845,7.97563,8.14101,2864632.543664,0
UNM.US,D,20000313,000000,8.05777,8.22748,7.89279,8.05777,2573812.5250356,0
UNM.US,D,20000314,000000,8.02161,8.22748,7.89279,7.97563,2834945.6504909,0
UNM.US,D,20000315,000000,7.93466,9.01459,7.93466,8.92488,3018934.7808867,0
UNM.US,D,20000316,000000,9.09036,9.41679,9.09036,9.25593,4353586.1403125,0
UNM.US,D,20000317,000000,9.38535,9.66835,9.21466,9.21466,2403411.0608144,0
UNM.US,D,20000320,000000,9.1781,9.25593,9.01459,9.09036,1676853.5569656,0
UNM.US,D,20000321,000000,9.01459,9.29878,8.9685,9.05036,2486998.8172744,0
UNM.US,D,20000322,000000,9.1781,9.1781,8.63401,8.76293,2837047.0982629,0
UNM.US,D,20000323,000000,8.88753,10.1282,8.84213,9.75581,5133345.3817246,0
UNM.US,D,20000324,000000,9.8354,10.0811,9.29878,9.34211,2383386.7567912,0
UNM.US,D,20000327,000000,9.54749,9.66835,9.34211,9.41679,2095930.072248,0
UNM.US,D,20000328,000000,9.38535,9.87569,9.38535,9.66835,2168454.9528104,0
UNM.US,D,20000329,000000,9.71159,10.0428,9.66835,9.92187,2402987.7183093,0
UNM.US,D,20000330,000000,10.0428,10.7837,9.96414,10.6608,5902455.9308919,0
UNM.US,D,20000331,000000,11.1974,11.9059,10.9556,11.1974,6656042.2254537,0
UNM.US,D,20000403,000000,11.5737,11.5737,11.1581,11.4499,4576492.2516738,0
UNM.US,D,20000404,000000,11.4499,11.613,10.824,10.9911,3394457.9006522,0
UNM.US,D,20000405,000000,11.1581,11.4057,11.1197,11.2436,1732165.9011531,0
UNM.US,D,20000406,000000,11.2436,11.328,10.824,11.2858,1403544.2462361,0
UNM.US,D,20000407,000000,11.2436,11.2858,10.8702,10.9911,1730479.6546843,0
UNM.US,D,20000410,000000,10.9556,11.3615,10.9133,11.2436,1481672.3090901,0
UNM.US,D,20000411,000000,11.1581,11.2436,10.9911,11.0765,1102358.4421332,0
UNM.US,D,20000412,000000,11.1581,11.3615,11.0765,11.2858,1892627.9753556,0
UNM.US,D,20000413,000000,11.2436,11.2858,11.0352,11.1197,1616507.9146281,0
UNM.US,D,20000414,000000,10.9133,10.9911,10.3346,10.7837,2318140.1108364,0
UNM.US,D,20000417,000000,10.7473,10.7837,10.2491,10.4545,1539638.6851367,0
UNM.US,D,20000418,000000,10.2914,10.4122,9.79118,10.4122,1251343.4567854,0
UNM.US,D,20000419,000000,10.5105,10.5105,10.0584,10.429,1234960.3053664,0
UNM.US,D,20000420,000000,10.3474,10.6422,10.1773,10.5979,927059.02724563,0
UNM.US,D,20000424,000000,10.429,10.5979,10.2629,10.429,1035859.0687174,0
UNM.US,D,20000425,000000,10.5105,11.0559,10.3061,10.933,1137645.4646472,0
UNM.US,D,20000426,000000,11.2622,11.3045,10.7631,10.933,1310568.6661946,0
UNM.US,D,20000427,000000,10.7631,10.7631,10.0967,10.2206,947219.69640277,0
UNM.US,D,20000428,000000,10.2206,11.555,9.9288,11.3467,2500160.0879931,0
UNM.US,D,20000501,000000,11.2622,11.6848,11.0559,11.2189,1978736.4514917,0
UNM.US,D,20000502,000000,11.0982,11.2189,10.933,11.0559,1229081.3398563,0
UNM.US,D,20000503,000000,10.8937,10.8937,10.1773,10.2629,1183433.6201192,0
UNM.US,D,20000504,000000,11.0116,12.1839,10.5105,12.012,5586999.6172948,0
UNM.US,D,20000505,000000,11.6848,12.4336,11.6848,12.3048,2293915.9642201,0
UNM.US,D,20000508,000000,12.2272,13.0192,12.0552,12.7244,2668044.9031392,0
UNM.US,D,20000509,000000,12.9789,12.9789,12.2615,12.3923,1038095.8639729,0
UNM.US,D,20000510,000000,12.349,12.5986,12.0552,12.3923,1357619.7256303,0
UNM.US,D,20000511,000000,12.5545,13.1843,12.4336,12.7244,1828076.3845235,0
UNM.US,D,20000512,000000,12.7696,12.9789,12.52,12.7244,1087099.7942436,0
UNM.US,D,20000515,000000,12.6831,13.0546,12.6419,12.9789,1070580.2776908,0
UNM.US,D,20000516,000000,12.9789,13.2236,12.8914,13.2236,1562184.7264863,0
UNM.US,D,20000517,000000,13.0546,13.0968,12.7696,12.9789,1034315.2932839,0
UNM.US,D,20000518,000000,13.0192,13.9753,13.0192,13.6835,2417690.7291609,0
UNM.US,D,20000519,000000,13.5213,13.77,13.0546,13.4762,3118763.2177303,0
UNM.US,D,20000522,000000,13.6835,14.1385,13.2236,14.106,1809175.5663793,0
UNM.US,D,20000523,000000,14.2701,14.6445,14.1827,14.4362,1823043.0863734,0
UNM.US,D,20000524,000000,14.4765,14.5649,13.8122,14.1827,2833822.1646119,0
UNM.US,D,20000525,000000,13.8486,14.2269,13.3494,13.5646,1376516.4731735,0
UNM.US,D,20000526,000000,13.8909,13.9753,13.6835,13.8909,1057417.9893218,0
UNM.US,D,20000530,000000,13.8122,14.0196,13.3494,14.0196,1425667.9627308,0
UNM.US,D,20000531,000000,13.937,15.1496,13.8122,15.1496,2570592.6796359,0
UNM.US,D,20000601,000000,15.1496,16.3976,15.1054,16.3533,2476084.5183137,0
UNM.US,D,20000602,000000,16.4408,16.4408,15.4759,15.9761,2472298.8593735,0
UNM.US,D,20000605,000000,15.9761,15.9761,15.185,15.4759,1051817.8599809,0
UNM.US,D,20000606,000000,15.356,15.4759,15.0209,15.356,1083885.0370952,0
UNM.US,D,20000607,000000,15.185,15.8109,15.0631,15.3107,1244341.0053962,0
UNM.US,D,20000608,000000,15.356,15.3963,14.9325,15.0209,1079259.8166964,0
UNM.US,D,20000609,000000,15.0631,15.1496,14.8567,14.9766,388130.78874669,0
UNM.US,D,20000612,000000,14.9766,14.9766,13.77,14.2937,3036573.7127176,0
UNM.US,D,20000613,000000,14.1827,14.6848,14.106,14.6848,861534.56277189,0
UNM.US,D,20000614,000000,14.4362,14.6022,14.3527,14.4362,454920.19248459,0
UNM.US,D,20000615,000000,14.5188,14.6022,13.8122,14.106,901715.46535127,0
UNM.US,D,20000616,000000,14.1385,14.1827,13.8486,13.9154,1171251.3289436,0
UNM.US,D,20000619,000000,13.6835,13.8122,13.4329,13.5971,888416.8118484,0
UNM.US,D,20000620,000000,13.4329,13.6402,13.313,13.5213,902555.02680979,0
UNM.US,D,20000621,000000,13.6402,13.6835,13.4329,13.6402,709753.04522523,0
UNM.US,D,20000622,000000,13.6835,13.6835,12.2615,13.5213,3915752.2955715,0
UNM.US,D,20000623,000000,13.4329,13.5646,13.2688,13.3494,1087942.4086528,0
UNM.US,D,20000626,000000,13.3926,13.5646,13.0192,13.3926,1548739.531347,0
UNM.US,D,20000627,000000,13.4329,13.6402,13.2236,13.3494,872732.7861531,0
UNM.US,D,20000628,000000,13.3926,13.4762,13.313,13.3651,804126.87671404,0
UNM.US,D,20000629,000000,13.2236,13.3494,13.1843,13.2688,559514.28546172,0
UNM.US,D,20000630,000000,13.2688,13.5971,13.2688,13.3926,1314068.3654138,0
UNM.US,D,20000703,000000,13.2236,13.6835,13.1843,13.6835,423831.99491349,0
UNM.US,D,20000705,000000,13.937,14.2269,13.8122,14.106,914598.91755102,0
UNM.US,D,20000706,000000,14.0648,14.1827,13.77,14.106,671949.37363626,0
UNM.US,D,20000707,000000,14.0196,14.4765,14.0196,14.3124,844589.66841343,0
UNM.US,D,20000710,000000,14.3124,14.5649,13.8122,14.5649,912778.34124886,0
UNM.US,D,20000711,000000,14.5188,14.5188,13.7277,14.0648,772619.4072388,0
UNM.US,D,20000712,000000,14.1385,14.6022,13.8909,13.9753,1284102.6360715,0
UNM.US,D,20000713,000000,14.0196,14.0196,13.5971,13.8486,871470.89983969,0
UNM.US,D,20000714,000000,13.6835,14.0196,13.5646,14.0196,1264081.384999,0
UNM.US,D,20000717,000000,14.0648,14.1385,13.5971,14.0196,615657.03225541,0
UNM.US,D,20000718,000000,13.8486,13.8486,13.0546,13.1843,1572126.1518054,0
UNM.US,D,20000719,000000,13.313,13.4329,13.1421,13.3926,1689737.0091654,0
UNM.US,D,20000720,000000,13.3494,13.3926,13.1843,13.3926,798661.07720655,0
UNM.US,D,20000721,000000,13.3494,13.3926,12.8914,13.0968,2410969.1492416,0
UNM.US,D,20000724,000000,13.0968,13.313,13.0546,13.1843,466680.15880532,0
UNM.US,D,20000725,000000,13.313,13.8486,13.2688,13.8122,1524098.1481271,0
UNM.US,D,20000726,000000,13.8122,13.937,13.4762,13.6402,1117201.8887198,0
UNM.US,D,20000727,000000,14.6259,17.1896,14.5846,16.1411,6742569.9734938,0
UNM.US,D,20000728,000000,16.1411,16.2187,15.2567,15.803,1643108.2745846,0
UNM.US,D,20000731,000000,15.803,15.9701,15.2567,15.4601,1520177.1417033,0
UNM.US,D,20000801,000000,15.298,15.5044,15.1703,15.2115,745032.94418739,0
UNM.US,D,20000802,000000,15.2567,15.2567,14.7486,15.0484,1365317.232142,0
UNM.US,D,20000803,000000,15.0484,15.3805,14.7909,15.3432,785642.27752318,0
UNM.US,D,20000804,000000,16.0114,16.0114,15.6311,15.803,1572264.5522398,0
UNM.US,D,20000807,000000,15.8836,16.2187,15.8404,15.9259,656967.52661534,0
UNM.US,D,20000808,000000,15.8836,15.9259,15.3805,15.8404,1431819.6585087,0
UNM.US,D,20000809,000000,15.8836,16.5961,15.4277,16.3465,1131767.5167873,0
UNM.US,D,20000810,000000,14.1217,15.298,13.9154,14.6259,6481857.1375928,0
UNM.US,D,20000811,000000,14.7909,15.3805,14.6259,14.8342,1669294.4508882,0
UNM.US,D,20000814,000000,14.8342,15.2115,14.4538,14.9619,2064702.4565923,0
UNM.US,D,20000815,000000,14.7909,14.8755,14.5846,14.6259,1259321.8347669,0
UNM.US,D,20000816,000000,14.3674,14.7123,13.9154,14.0776,1349497.8589631,0
UNM.US,D,20000817,000000,13.9154,14.2937,13.8682,13.9901,1140166.1843232,0
UNM.US,D,20000818,000000,14.0313,14.0313,13.6186,13.8289,1366996.3550591,0
UNM.US,D,20000821,000000,13.9557,14.0776,13.8289,13.9154,851172.84789844,0
UNM.US,D,20000822,000000,13.9557,14.3674,13.8682,14.2937,1064417.3877601,0
UNM.US,D,20000823,000000,14.163,14.4538,13.9901,14.0313,811548.60000731,0
UNM.US,D,20000824,000000,13.9901,14.0313,13.1136,13.5351,1735524.1469871,0
UNM.US,D,20000825,000000,13.3651,13.4034,12.9406,13.199,2045525.8552296,0
UNM.US,D,20000828,000000,13.7838,14.4538,13.7425,14.0313,2021725.0511184,0
UNM.US,D,20000829,000000,13.9901,14.0313,13.7838,13.9557,930421.3436807,0
UNM.US,D,20000830,000000,13.6982,14.5846,13.6569,14.2475,1830038.4142108,0
UNM.US,D,20000831,000000,14.2937,14.8755,14.2937,14.5905,1878345.2540584,0
UNM.US,D,20000901,000000,14.7123,14.7123,13.8682,13.9557,840384.73756909,0
UNM.US,D,20000905,000000,13.8682,14.4991,13.6569,14.4165,1708502.479826,0
UNM.US,D,20000906,000000,15.0061,15.1703,14.7486,14.8342,1426646.942274,0
UNM.US,D,20000907,000000,14.6259,14.8342,14.6259,14.8342,1298669.2817893,0
UNM.US,D,20000908,000000,14.7909,15.0818,14.7909,14.7909,968508.93969019,0
UNM.US,D,20000911,000000,14.9197,15.6311,14.9197,15.5908,1450308.3283005,0
UNM.US,D,20000912,000000,15.5908,15.8836,15.3805,15.7627,1590186.3908408,0
UNM.US,D,20000913,000000,15.8404,15.8836,15.1703,15.5466,863348.01552228,0
UNM.US,D,20000914,000000,15.5466,16.0547,15.5044,16.0114,1089480.0781847,0
UNM.US,D,20000915,000000,15.9701,15.9701,15.5044,15.6311,965422.40647361,0
UNM.US,D,20000918,000000,15.3805,15.6311,15.1703,15.2567,1038792.954396,0
UNM.US,D,20000919,000000,15.298,15.4601,15.298,15.4601,717035.35043387,0
UNM.US,D,20000920,000000,15.3805,15.803,15.2567,15.803,1219138.896887,0
UNM.US,D,20000921,000000,15.7627,16.1755,15.7196,16.1755,1410544.6623248,0
UNM.US,D,20000922,000000,16.0114,16.8555,15.7627,16.8113,1505756.0199716,0
UNM.US,D,20000925,000000,16.5961,16.8555,16.3916,16.7267,751756.55940728,0
UNM.US,D,20000926,000000,16.6413,17.1483,16.6413,17.0196,1272764.9946056,0
UNM.US,D,20000927,000000,17.0628,17.1483,16.9764,17.0628,1138765.8975754,0
UNM.US,D,20000928,000000,17.0196,17.9845,16.9764,17.9482,1081640.1006376,0
UNM.US,D,20000929,000000,17.9482,18.6214,17.9482,18.3256,1312532.7311824,0
UNM.US,D,20001002,000000,18.1978,18.3609,17.8617,18.24,980542.6539289,0
UNM.US,D,20001003,000000,18.24,18.24,17.7743,17.8204,930983.08662022,0
UNM.US,D,20001004,000000,17.6111,19.2483,17.6111,18.4474,1858043.1315161,0
UNM.US,D,20001005,000000,18.2843,18.7403,18.24,18.4896,858025.70470042,0
UNM.US,D,20001006,000000,18.5339,19.0409,17.8204,19.0409,3463489.1878969,0
UNM.US,D,20001009,000000,18.7825,19.7111,18.6607,19.5391,2513601.2125314,0
UNM.US,D,20001010,000000,19.4969,19.6266,19.3317,19.5391,2956202.7487065,0
UNM.US,D,20001011,000000,19.4969,19.5844,19.0792,19.5391,2245750.5777577,0
UNM.US,D,20001012,000000,19.4969,19.4969,18.9948,19.2483,3668050.1181519,0
UNM.US,D,20001013,000000,18.7068,18.7825,17.904,18.1536,1440647.7744512,0
UNM.US,D,20001016,000000,18.1536,18.1536,17.6917,18.1123,1183713.4739387,0
UNM.US,D,20001017,000000,18.1123,18.1536,17.8617,18.0691,878052.04402419,0
UNM.US,D,20001018,000000,17.731,17.731,17.3125,17.5669,1330734.423603,0
UNM.US,D,20001019,000000,17.3969,18.1536,17.3969,18.0258,1000149.7213485,0
UNM.US,D,20001020,000000,17.8617,18.2843,17.8204,18.1536,1839979.8395299,0
UNM.US,D,20001023,000000,18.1536,18.1536,17.8617,18.0258,521143.78268197,0
UNM.US,D,20001024,000000,18.24,18.9122,18.24,18.7403,1210177.4687613,0
UNM.US,D,20001025,000000,18.5742,18.6607,18.4032,18.4896,800898.89011233,0
UNM.US,D,20001026,000000,18.3835,18.6322,17.789,18.1693,741537.31556921,0
UNM.US,D,20001027,000000,17.9993,18.3835,17.9993,18.3835,1330031.2272784,0
UNM.US,D,20001030,000000,18.2981,19.1843,18.2981,19.0979,1247838.6693149,0
UNM.US,D,20001031,000000,19.0979,19.1843,18.8051,19.0979,891074.91430857,0
UNM.US,D,20001101,000000,18.7609,19.436,18.6744,19.3957,854529.05843199,0
UNM.US,D,20001102,000000,19.3102,19.5617,18.8905,18.8905,838846.05038694,0
UNM.US,D,20001103,000000,18.7216,18.8905,18.4621,18.7609,752316.26704629,0
UNM.US,D,20001106,000000,17.9119,19.1843,17.9119,18.926,858732.97162608,0
UNM.US,D,20001107,000000,18.7216,18.926,18.6322,18.8905,603902.15418596,0
UNM.US,D,20001108,000000,18.8484,19.5617,18.5909,19.5617,780460.4024362,0
UNM.US,D,20001109,000000,19.5194,20.109,19.2669,19.8182,947925.94567817,0
UNM.US,D,20001110,000000,19.8182,20.0717,19.6079,20.0275,843470.25313541,0
UNM.US,D,20001113,000000,19.774,20.0275,19.2669,19.6472,889109.83167052,0
UNM.US,D,20001114,000000,20.0275,20.0717,18.7609,19.3102,1460945.8263925,0
UNM.US,D,20001115,000000,19.2669,19.2669,18.2558,18.4621,2142135.4643237,0
UNM.US,D,20001116,000000,18.4621,18.7609,18.4189,18.6322,760158.27989394,0
UNM.US,D,20001117,000000,18.5476,18.8484,18.5044,18.8051,835066.49734825,0
UNM.US,D,20001120,000000,18.6322,18.7216,17.9119,17.9993,1258203.4371391,0
UNM.US,D,20001121,000000,18.1251,18.5476,17.9993,18.4189,666204.73795951,0
UNM.US,D,20001122,000000,18.4621,18.4621,17.4048,17.4451,1181753.4795519,0
UNM.US,D,20001124,000000,17.5335,17.6632,17.4048,17.6181,768278.11126059,0
UNM.US,D,20001127,000000,17.6632,17.9993,17.6181,17.8352,568332.22490176,0
UNM.US,D,20001128,000000,17.9119,18.4189,17.8745,18.1251,1158508.3124787,0
UNM.US,D,20001129,000000,18.0848,18.3422,17.9119,18.2125,508822.07342174,0
UNM.US,D,20001130,000000,18.2558,18.5044,17.9119,18.2558,1137786.9180323,0
UNM.US,D,20001201,000000,18.2558,18.8051,18.2125,18.5476,1169853.0774963,0
UNM.US,D,20001204,000000,18.5476,18.6744,18.3835,18.5476,922718.74891768,0
UNM.US,D,20001205,000000,18.7609,18.8051,18.4189,18.6744,658363.74276211,0
UNM.US,D,20001206,000000,18.5909,18.7216,18.3835,18.5476,868253.08974051,0
UNM.US,D,20001207,000000,18.3835,18.5909,18.2558,18.5044,693511.34719142,0
UNM.US,D,20001208,000000,18.4189,18.8484,18.3835,18.8484,1295866.6729932,0
UNM.US,D,20001211,000000,18.7609,19.0979,18.6744,18.9673,851731.5378872,0
UNM.US,D,20001212,000000,19.1843,19.2286,18.8905,19.2286,758755.95784566,0
UNM.US,D,20001213,000000,19.0979,19.5194,18.8905,19.0979,709753.04522523,0
UNM.US,D,20001214,000000,19.0979,19.1382,17.955,18.0848,1714662.3168059,0
UNM.US,D,20001215,000000,17.5748,18.2981,17.5748,18.0386,1255542.2817282,0
UNM.US,D,20001218,000000,18.2981,18.5476,18.2558,18.3835,1077995.8950825,0
UNM.US,D,20001219,000000,18.3835,18.5476,18.1693,18.2558,1187913.3165318,0
UNM.US,D,20001220,000000,18.0848,18.2981,17.7035,17.8352,1172232.3437872,0
UNM.US,D,20001221,000000,17.8745,17.9119,17.1974,17.8352,1362655.0590809,0
UNM.US,D,20001222,000000,17.9119,18.0386,17.6632,17.8352,871611.33557457,0
UNM.US,D,20001226,000000,17.8352,17.955,17.3694,17.5335,735794.71519297,0
UNM.US,D,20001227,000000,17.5335,17.9993,17.3694,17.9993,1174049.8671386,0
UNM.US,D,20001228,000000,18.2558,18.6744,17.8352,18.2981,1439947.6310773,0
UNM.US,D,20001229,000000,18.5476,18.7609,18.1251,18.1693,885749.55053596,0
UNM.US,D,20010102,000000,18.2558,18.2558,17.0275,17.1542,1403122.9390315,0
UNM.US,D,20010103,000000,17.1542,18.7609,17.0275,17.7035,1939395.1103708,0
UNM.US,D,20010104,000000,18.0386,18.0386,16.3121,16.5214,1676292.8316764,0
UNM.US,D,20010105,000000,16.5214,16.6049,16.0959,16.2699,1446108.4857075,0
UNM.US,D,20010108,000000,16.5214,16.6049,16.1814,16.2699,944561.5939426,0
UNM.US,D,20010109,000000,16.2699,16.939,16.2699,16.7347,1464172.7953439,0
UNM.US,D,20010110,000000,17.0275,17.3253,16.8633,16.939,681183.53202966,0
UNM.US,D,20010111,000000,17.1974,17.3694,16.8633,16.8987,808609.62607738,0
UNM.US,D,20010112,000000,17.0707,17.0707,16.3533,16.5214,1254137.9243794,0
UNM.US,D,20010116,000000,16.3533,17.1974,16.3121,16.939,855090.80137151,0
UNM.US,D,20010117,000000,16.9842,17.5748,16.9842,17.1974,1218999.4788024,0
UNM.US,D,20010118,000000,17.2407,17.283,16.7749,17.0275,1328353.1220116,0
UNM.US,D,20010119,000000,17.0275,17.0707,16.4339,16.6049,785081.55223392,0
UNM.US,D,20010122,000000,17.0707,18.6744,17.0707,18.1251,2474963.0677352,0
UNM.US,D,20010123,000000,18.1693,18.6744,17.955,18.3835,1347534.8116256,0
UNM.US,D,20010124,000000,18.5909,20.282,18.5044,20.0717,2754717.1575153,0
UNM.US,D,20010125,000000,19.9587,20.34,19.7043,20.0845,1970894.438644,0
UNM.US,D,20010126,000000,19.4045,20.2957,19.0724,20.0422,1516810.7546672,0
UNM.US,D,20010129,000000,19.774,20.2073,19.7573,20.055,964165.60841147,0
UNM.US,D,20010130,000000,20.1739,20.2152,19.3848,20.1483,1226977.8567839,0
UNM.US,D,20010131,000000,20.0422,20.2349,19.659,19.8517,1086958.3408584,0
UNM.US,D,20010201,000000,19.7189,20.1739,19.3692,19.5844,787746.77824586,0
UNM.US,D,20010202,000000,19.7043,20.2957,19.5932,20.1621,701632.19620832,0
UNM.US,D,20010205,000000,19.7966,20.6791,19.7966,20.2604,1415162.7591717,0
UNM.US,D,20010206,000000,20.3616,20.6476,18.5123,18.9555,12320051.507975,0
UNM.US,D,20010207,000000,19.1254,19.4693,18.9555,19.0331,1962915.0430122,0
UNM.US,D,20010208,000000,19.09,19.1971,18.8199,19.1175,845286.75883656,0
UNM.US,D,20010209,000000,18.9555,19.1175,18.8119,18.9476,790961.53539428,0
UNM.US,D,20010212,000000,18.7736,19.3957,18.7736,19.3317,909139.22394505,0
UNM.US,D,20010213,000000,18.7825,19.0271,17.6632,17.9256,3365336.8210196,0
UNM.US,D,20010214,000000,17.2407,18.0062,17.1689,17.7487,1945830.7305692,0
UNM.US,D,20010215,000000,17.6111,18.0062,17.5669,17.8352,1638209.3062679,0
UNM.US,D,20010216,000000,17.8696,18.0386,17.4451,17.4598,1762127.5598944,0
UNM.US,D,20010220,000000,17.2908,17.5198,16.4831,16.6511,2662581.1389323,0
UNM.US,D,20010221,000000,17.2564,17.3183,16.6561,16.6619,1116224.9444771,0
UNM.US,D,20010222,000000,16.8181,17.1542,16.7494,17.0402,1542300.8581979,0
UNM.US,D,20010223,000000,16.8703,17.0835,16.8181,17.0049,1080653.9975427,0
UNM.US,D,20010226,000000,17.0402,17.5748,16.9902,17.5198,875112.05244401,0
UNM.US,D,20010227,000000,17.6632,18.6803,17.5974,18.1487,1559804.4425451,0
UNM.US,D,20010228,000000,18.3186,19.0478,17.5286,17.7821,1747427.6019935,0
UNM.US,D,20010301,000000,18.41,18.4778,17.8352,18.1409,2110773.5188346,0
UNM.US,D,20010302,000000,18.3118,18.8837,18.3118,18.5811,2950598.5487646,0
UNM.US,D,20010305,000000,18.9555,19.0331,18.5624,18.6685,1781032.4486396,0
UNM.US,D,20010306,000000,18.6489,19.3612,18.5476,18.753,1230199.7374841,0
UNM.US,D,20010307,000000,18.7216,18.8199,18.4828,18.6803,1179091.3064907,0
UNM.US,D,20010308,000000,18.7216,18.8837,18.6803,18.753,689166.99826245,0
UNM.US,D,20010309,000000,18.697,18.753,18.3786,18.6685,761557.54899146,0
UNM.US,D,20010312,000000,18.24,18.5191,18.1772,18.2981,1046497.5844596,0
UNM.US,D,20010313,000000,18.1251,18.5909,18.0258,18.5909,1399902.0759816,0
UNM.US,D,20010314,000000,18.2125,18.3472,17.9993,18.0966,752458.73808167,0
UNM.US,D,20010315,000000,17.9404,18.4474,17.9119,18.3531,867553.96401688,0
UNM.US,D,20010316,000000,18.0062,18.7658,18.0062,18.7609,2293915.9642201,0
UNM.US,D,20010319,000000,18.7216,18.92,18.4189,18.8316,2247989.4083137,0
UNM.US,D,20010320,000000,18.7825,18.9476,18.5546,18.7471,967665.30763066,0
UNM.US,D,20010321,000000,18.6214,18.641,18.2125,18.2607,1850200.1010182,0
UNM.US,D,20010322,000000,18.3472,18.3835,17.7035,18.1772,2367145.0587573,0
UNM.US,D,20010323,000000,18.0386,18.527,17.904,18.0386,1572264.5522398,0
UNM.US,D,20010326,000000,18.2125,19.1687,18.2125,18.5476,1336468.8827772,0
UNM.US,D,20010327,000000,18.6214,18.92,18.5476,18.7972,1178954.9413568,0
UNM.US,D,20010328,000000,18.7658,18.8905,18.6214,18.8699,1063436.3729165,0
UNM.US,D,20010329,000000,18.697,19.1382,18.641,18.9673,796565.73533614,0
UNM.US,D,20010330,000000,19.3612,20.1483,19.3612,19.8517,1626033.1209938,0
UNM.US,D,20010402,000000,19.5686,19.9754,19.2365,19.2669,1759888.7293383,0
UNM.US,D,20010403,000000,19.2669,19.2669,18.3609,18.527,1679935.0019309,0
UNM.US,D,20010404,000000,18.6803,19.1971,18.6489,18.8404,1387714.6965547,0
UNM.US,D,20010405,000000,19.0271,19.6668,18.9888,19.5038,980969.0493848,0
UNM.US,D,20010406,000000,19.1971,19.3534,18.5123,19.0271,859571.51543434,0
UNM.US,D,20010409,000000,19.2974,19.5194,18.92,19.2974,737756.74488026,0
UNM.US,D,20010410,000000,19.4693,19.8044,19.1441,19.7043,1108523.3673644,0
UNM.US,D,20010411,000000,19.5322,19.6806,19.0792,19.3475,879454.36607248,0
UNM.US,D,20010412,000000,19.1971,19.6413,19.09,19.1971,771359.5562259,0
UNM.US,D,20010416,000000,19.2601,19.8742,19.2601,19.6266,1407601.6177938,0
UNM.US,D,20010417,000000,19.6668,20.2957,19.6668,20.109,1830875.9403688,0
UNM.US,D,20010418,000000,20.109,20.3203,19.7043,20.109,1901720.6803639,0
UNM.US,D,20010419,000000,20.109,20.2269,19.7043,19.8742,2921198.6329628,0
UNM.US,D,20010420,000000,19.7897,20.1739,19.7897,19.9587,919495.85056723,0
UNM.US,D,20010423,000000,19.9587,20.109,19.8517,19.9538,968786.75820919,0
UNM.US,D,20010424,000000,20.0422,20.2152,19.8418,19.9587,1085697.4721953,0
UNM.US,D,20010425,000000,20.0422,20.1739,19.9538,20.0963,1290683.780256,0
UNM.US,D,20010426,000000,20.2152,20.4628,20.1483,20.282,1962772.5719769,0
UNM.US,D,20010427,000000,20.4834,20.5915,20.4393,20.453,1592288.856263,0
UNM.US,D,20010430,000000,20.453,20.621,20.3449,20.4255,2092711.2444986,0
UNM.US,D,20010501,000000,20.4255,20.4255,20.0275,20.1483,1689601.6616818,0
UNM.US,D,20010502,000000,20.2152,20.3115,19.9411,20.1483,1973555.5940549,0
UNM.US,D,20010503,000000,20.0787,20.4834,20.0029,20.4393,1749665.4148993,0
UNM.US,D,20010504,000000,20.3449,20.4834,20.2466,20.453,1261284.8821044,0
UNM.US,D,20010507,000000,20.453,20.453,20.2269,20.3695,744758.17861915,0
UNM.US,D,20010508,000000,20.6869,21.6312,20.6869,21.5123,3258786.8042567,0
UNM.US,D,20010509,000000,21.4759,21.9908,21.1723,21.8798,2363641.2889371,0
UNM.US,D,20010510,000000,21.8798,22.2984,21.5192,21.6862,1978874.851926,0
UNM.US,D,20010511,000000,21.6096,21.8199,21.3767,21.4396,844589.66841343,0
UNM.US,D,20010514,000000,21.4396,21.6469,21.2667,21.6469,1511358.184613,0
UNM.US,D,20010515,000000,21.6862,21.8729,21.6862,21.8061,1561066.3288585,0
UNM.US,D,20010516,000000,21.812,23.0443,21.812,23.0443,3817313.9689733,0
UNM.US,D,20010517,000000,22.8389,22.8457,21.4917,21.6096,3696615.5607464,0
UNM.US,D,20010518,000000,21.9221,22.5195,21.6784,22.3604,3852597.9385364,0
UNM.US,D,20010521,000000,22.3201,22.5323,22.0449,22.4202,1365317.232142,0
UNM.US,D,20010522,000000,22.2837,22.6197,22.1334,22.5038,1083041.4050356,0
UNM.US,D,20010523,000000,22.3259,22.435,21.9908,22.0823,1239720.8732488,0
UNM.US,D,20010524,000000,21.9908,22.5323,21.7638,22.4822,1853005.762765,0
UNM.US,D,20010525,000000,22.49,22.5323,22.1913,22.4458,584857.84735609,0
UNM.US,D,20010529,000000,22.435,22.8694,22.3397,22.6748,1308467.2184227,0
UNM.US,D,20010530,000000,22.6394,22.7072,22.3466,22.4783,1883525.0938448,0
UNM.US,D,20010531,000000,21.8553,22.3908,21.7688,22.1334,2047343.378581,0
UNM.US,D,20010601,000000,21.7089,21.9221,20.7822,21.8346,3303866.6751528,0
UNM.US,D,20010604,000000,21.6636,22.1756,21.6312,22.0036,978585.71249287,0
UNM.US,D,20010605,000000,22.0115,22.5323,21.9122,22.4822,1297965.0678144,0
UNM.US,D,20010606,000000,22.2768,22.3544,21.9545,21.9545,1485034.6255252,0
UNM.US,D,20010607,000000,21.8798,21.9221,21.2667,21.6862,1545937.9402012,0
UNM.US,D,20010608,000000,21.7089,21.9908,21.6469,21.8681,679786.29823264,0
UNM.US,D,20010611,000000,21.7089,21.8729,21.6233,21.7226,561753.11601776,0
UNM.US,D,20010612,000000,21.7089,21.8729,21.4759,21.8258,431259.82410827,0
UNM.US,D,20010613,000000,21.8258,22.3751,21.8258,22.1481,862235.72379603,0
UNM.US,D,20010614,000000,21.9545,21.9908,21.3413,21.3541,1012751.2844283,0
UNM.US,D,20010615,000000,21.4759,21.9908,21.4042,21.5605,2177276.9628515,0
UNM.US,D,20010618,000000,21.6715,22.1117,21.5761,21.9457,991186.25792236,0
UNM.US,D,20010619,000000,22.0193,22.2228,21.8553,22.2022,597599.84617071,0
UNM.US,D,20010620,000000,22.1274,22.3829,22.0969,22.2169,1194911.6973199,0
UNM.US,D,20010621,000000,22.1952,22.5903,22.1687,22.5107,1362799.5654167,0
UNM.US,D,20010622,000000,22.3751,22.5195,22.1952,22.2984,980820.4724479,0
UNM.US,D,20010625,000000,22.435,22.4694,21.7688,21.9908,972427.91081351,0
UNM.US,D,20010626,000000,21.7089,22.3604,21.584,22.3259,1124203.3224587,0
UNM.US,D,20010627,000000,22.2562,22.5323,22.2228,22.27,1367973.2993017,0
UNM.US,D,20010628,000000,22.3318,22.3318,21.7835,21.926,1140166.1843232,0
UNM.US,D,20010629,000000,21.756,22.0115,21.7472,21.9349,1236223.2093301,0
UNM.US,D,20010702,000000,21.8553,21.9122,21.7029,21.8553,1073377.7982356,0
UNM.US,D,20010703,000000,21.7226,21.9545,21.7157,21.8258,450718.31459101,0
UNM.US,D,20010705,000000,21.7472,22.0518,21.6558,21.8484,717035.35043387,0
UNM.US,D,20010706,000000,21.8681,21.9545,21.6912,21.7472,1070020.5700518,0
UNM.US,D,20010709,000000,21.7472,22.1687,21.7226,21.9624,966826.7638224,0
UNM.US,D,20010710,000000,21.7835,22.0969,21.7835,21.9457,897654.02319257,0
UNM.US,D,20010711,000000,21.7089,21.9545,21.7089,21.8592,1022274.4554935,0
UNM.US,D,20010712,000000,21.8798,22.0518,21.756,22.0193,873568.2770106,0
UNM.US,D,20010713,000000,22.0193,22.5107,22.0193,22.3544,809025.84503075,0
UNM.US,D,20010716,000000,22.2228,22.5195,22.1913,22.2984,715490.5573502,0
UNM.US,D,20010717,000000,22.1913,22.5391,22.1913,22.4429,1634428.7355789,0
UNM.US,D,20010718,000000,22.3967,22.4694,22.1117,22.2228,786619.22176581,0
UNM.US,D,20010719,000000,22.3259,22.3318,21.6715,21.756,1215221.9610642,0
UNM.US,D,20010720,000000,21.756,21.8199,20.1483,20.7989,2225728.3090349,0
UNM.US,D,20010723,000000,20.79,20.79,20.1483,20.34,1765347.4052941,0
UNM.US,D,20010724,000000,20.453,20.8265,20.453,20.5758,880014.07371149,0
UNM.US,D,20010725,000000,20.4834,21.0701,20.282,21.0465,1987555.408582,0
UNM.US,D,20010726,000000,18.527,19.6472,18.4896,19.5539,6095827.796618,0
UNM.US,D,20010727,000000,19.5539,19.5539,18.9888,19.4045,1902979.5137266,0
UNM.US,D,20010730,000000,19.2129,19.4595,19.152,19.3407,1015832.7293936,0
UNM.US,D,20010731,000000,19.3848,19.8742,19.3475,19.5765,949181.72609006,0
UNM.US,D,20010801,000000,19.5194,19.7642,19.376,19.6413,1057978.714611,0
UNM.US,D,20010802,000000,19.7642,19.7642,19.1382,19.4536,1121403.7666134,0
UNM.US,D,20010803,000000,19.4458,19.4458,18.9476,19.3317,583316.10722318,0
UNM.US,D,20010806,000000,19.0792,19.1598,18.7353,19.0635,1081640.1006376,0
UNM.US,D,20010807,000000,18.8699,19.3475,18.8257,19.1333,611179.37114334,0
UNM.US,D,20010808,000000,18.9948,19.2404,18.8316,18.9741,660884.46243816,0
UNM.US,D,20010809,000000,18.7471,18.92,18.4258,18.8905,1113288.0058477,0
UNM.US,D,20010810,000000,18.8905,19.0026,18.6066,18.8699,471302.32625328,0
UNM.US,D,20010813,000000,18.8699,19.0635,18.6489,18.8199,637779.73109984,0
UNM.US,D,20010814,000000,18.8699,19.0557,18.8119,19.0026,523667.55530878,0
UNM.US,D,20010815,000000,18.8759,19.0409,18.527,18.6685,626019.76477912,0
UNM.US,D,20010816,000000,18.7137,19.0026,18.6803,18.92,733696.32037181,0
UNM.US,D,20010817,000000,18.8837,19.2129,18.8759,19.0557,1073658.6697053,0
UNM.US,D,20010820,000000,19.0792,19.5539,19.0409,19.3317,1098724.4130807,0
UNM.US,D,20010821,000000,19.4831,19.5038,19.1598,19.2483,766743.49467945,0
UNM.US,D,20010822,000000,19.2286,19.4536,19.2218,19.3317,692106.98984263,0
UNM.US,D,20010823,000000,19.3102,19.6806,19.1755,19.4212,925658.74049786,0
UNM.US,D,20010824,000000,19.3848,19.6875,19.2218,19.5932,710594.64198425,0
UNM.US,D,20010827,000000,19.4831,19.5194,19.2129,19.2286,489361.5476385,0
UNM.US,D,20010828,000000,19.2483,19.4212,19.2129,19.3052,847249.80617411,0
UNM.US,D,20010829,000000,19.3317,19.6266,19.152,19.2218,988947.42736632,0
UNM.US,D,20010830,000000,19.2218,19.5194,18.92,19.2129,813786.41291309,0
UNM.US,D,20010831,000000,19.3102,19.4773,19.1971,19.2286,632603.96191438,0
UNM.US,D,20010904,000000,19.1755,19.5539,19.0478,19.1382,743774.11082474,0
UNM.US,D,20010905,000000,19.1107,19.2286,18.8699,19.0842,768699.41846523,0
UNM.US,D,20010906,000000,19.0409,19.0635,18.7658,18.8051,926498.30195637,0
UNM.US,D,20010907,000000,18.6607,18.7353,18.3914,18.4425,844730.10414831,0
UNM.US,D,20010910,000000,18.3186,18.6607,18.2558,18.5742,1062038.1214692,0
UNM.US,D,20010917,000000,17.4863,17.6426,16.826,17.2613,1671258.515876,0
UNM.US,D,20010918,000000,17.4274,17.8441,17.1689,17.8441,1408860.4511565,0
UNM.US,D,20010919,000000,17.8441,18.0897,17.2505,17.4274,1551118.797638,0
UNM.US,D,20010920,000000,17.4598,17.8441,16.5047,16.6747,1727824.6051749,0
UNM.US,D,20010921,000000,15.6135,15.92,15.2685,15.4916,2415031.6090505,0
UNM.US,D,20010924,000000,15.64,16.4684,15.64,16.261,1450024.40388,0
UNM.US,D,20010925,000000,16.1283,16.6413,15.9632,16.5047,1646612.0444048,0
UNM.US,D,20010926,000000,16.4831,16.9116,16.1283,16.3406,1170826.9687882,0
UNM.US,D,20010927,000000,16.261,17.0835,16.1283,16.9116,1508277.7572979,0
UNM.US,D,20010928,000000,17.2564,17.6181,17.05,17.3253,2243088.4046965,0
UNM.US,D,20011001,000000,17.4598,17.6337,16.7749,16.9174,1407040.8925046,0
UNM.US,D,20011002,000000,16.9174,17.2908,16.6747,17.2044,1262683.1335517,0
UNM.US,D,20011003,000000,17.0323,17.2181,16.6747,16.9233,2284393.8108051,0
UNM.US,D,20011004,000000,16.9479,16.9764,16.6413,16.7267,1426926.7960935,0
UNM.US,D,20011005,000000,16.7749,16.8113,15.9564,16.6973,1754140.0230606,0
UNM.US,D,20011008,000000,16.6186,16.6256,15.9564,16.1755,817565.96595179,0
UNM.US,D,20011009,000000,16.1755,16.1755,15.7834,15.9839,1085557.0364604,0
UNM.US,D,20011010,000000,15.9839,16.1283,15.8345,15.9996,694912.65158945,0
UNM.US,D,20011011,000000,15.9996,16.1136,15.8836,15.92,1918386.7385531,0
UNM.US,D,20011012,000000,15.9259,15.9761,15.7126,15.803,1831862.0434637,0
UNM.US,D,20011015,000000,15.8493,16.0547,15.7627,15.8561,982925.99082083,0
UNM.US,D,20011016,000000,15.8836,16.4684,15.7834,16.3327,1461090.3327284,0
UNM.US,D,20011017,000000,16.3258,16.4684,16.0262,16.2246,1399481.7864272,0
UNM.US,D,20011018,000000,16.2187,16.54,15.9564,16.147,1769265.3587671,0
UNM.US,D,20011019,000000,16.089,16.3848,15.6979,15.7126,1618750.8157851,0
UNM.US,D,20011022,000000,15.7834,16.6334,15.4424,16.54,1597046.3711946,0
UNM.US,D,20011023,000000,16.5047,17.0835,16.4899,16.5892,1612033.3064668,0
UNM.US,D,20011024,000000,16.6747,16.7061,16.3327,16.5125,848786.45805575,0
UNM.US,D,20011025,000000,16.4339,16.4899,15.9839,16.1283,1405500.1700219,0
UNM.US,D,20011026,000000,16.0547,16.2915,15.8758,16.0694,1339692.7987779,0
UNM.US,D,20011029,000000,16.0547,16.0547,15.6075,15.64,974385.86989979,0
UNM.US,D,20011030,000000,15.6075,16.0182,15.4759,15.64,697567.70109886,0
UNM.US,D,20011031,000000,15.8109,15.8198,15.4847,15.4847,854109.78652786,0
UNM.US,D,20011101,000000,15.4847,16.1333,15.467,16.034,970185.00965646,0
UNM.US,D,20011102,000000,15.8758,16.3258,15.7196,16.1637,989927.42455971,0
UNM.US,D,20011105,000000,16.2915,17.1188,16.2915,16.9233,1431266.0567712,0
UNM.US,D,20011106,000000,16.9116,17.2741,16.7405,17.0963,1456046.8580758,0
UNM.US,D,20011107,000000,16.6049,17.1267,16.6049,16.7897,1011214.6325466,0
UNM.US,D,20011108,000000,16.885,17.2407,16.7749,16.826,1121546.2376487,0
UNM.US,D,20011109,000000,16.7749,16.9056,16.4477,16.5499,715770.41116971,0
UNM.US,D,20011112,000000,16.4969,16.5695,16.2246,16.4969,492441.97495356,0
UNM.US,D,20011113,000000,16.6049,16.885,16.5833,16.8181,567628.01092686,0
UNM.US,D,20011114,000000,16.8496,17.0117,16.7572,16.8919,610899.51732383,0
UNM.US,D,20011115,000000,17.0196,17.2741,16.8113,17.111,1119445.8075271,0
UNM.US,D,20011116,000000,17.1542,17.4382,16.9479,17.226,1033617.1852106,0
UNM.US,D,20011119,000000,17.2181,17.3429,17.0049,17.2613,682164.54687331,0
UNM.US,D,20011120,000000,17.1188,17.3429,16.9479,17.2338,392891.35662903,0
UNM.US,D,20011121,000000,17.1896,17.2741,16.9842,17.2112,362230.57216407,0
UNM.US,D,20011123,000000,17.1837,17.2987,17.0786,17.2613,323999.48746895,0
UNM.US,D,20011126,000000,17.3253,17.4687,16.9116,17.3694,854247.16931198,0
UNM.US,D,20011127,000000,17.3694,17.5473,17.226,17.506,491180.08864015,0
UNM.US,D,20011128,000000,17.4687,17.5906,17.4274,17.506,746438.31918643,0
UNM.US,D,20011129,000000,17.4451,17.7743,17.4382,17.7104,738313.39956851,0
UNM.US,D,20011130,000000,17.7104,17.9325,17.7104,17.8136,1141570.541672,0
UNM.US,D,20011203,000000,17.7399,17.7399,17.3429,17.452,775278.52734922,0
UNM.US,D,20011204,000000,17.3969,17.3969,17.0707,17.3055,911236.60111596,0
UNM.US,D,20011205,000000,17.4687,17.6063,17.1837,17.2987,1407737.9829277,0
UNM.US,D,20011206,000000,17.3969,18.0779,17.3969,17.6181,1569743.8325637,0
UNM.US,D,20011207,000000,17.7399,18.0897,17.678,17.955,844171.41415955,0
UNM.US,D,20011210,000000,18.018,18.018,17.6917,17.8814,1389399.9253732,0
UNM.US,D,20011211,000000,17.8814,17.9845,17.7487,17.8499,856628.47090341,0
UNM.US,D,20011212,000000,17.7399,17.9482,17.7104,17.8549,848928.92909114,0
UNM.US,D,20011213,000000,17.8499,17.8882,17.789,17.8549,1325411.0951309,0
UNM.US,D,20011214,000000,17.8499,18.1251,17.8136,17.9325,1588365.8145387,0
UNM.US,D,20011217,000000,17.8136,18.1939,17.8136,18.018,580235.67990812,0
UNM.US,D,20011218,000000,17.9845,18.2981,17.962,18.1939,674182.09829078,0
UNM.US,D,20011219,000000,18.1939,18.5408,18.1536,18.47,673347.62508353,0
UNM.US,D,20011220,000000,18.4327,18.8837,18.3609,18.7137,1338293.5296804,0
UNM.US,D,20011221,000000,18.641,18.697,18.4425,18.4896,1825695.0829321,0
UNM.US,D,20011224,000000,18.4327,18.5742,18.3334,18.5408,223886.10855466,0
UNM.US,D,20011226,000000,18.5408,18.641,18.4896,18.5546,412073.04624302,0
UNM.US,D,20011227,000000,18.5191,18.5624,18.4327,18.4778,983488.7514106,0
UNM.US,D,20011228,000000,18.47,18.47,18.1536,18.3256,1582063.5065234,0
UNM.US,D,20011231,000000,18.3963,18.5408,18.2843,18.3059,1200236.0434422,0
UNM.US,D,20020102,000000,18.2607,18.3609,17.9325,18.2981,1076878.515105,0
UNM.US,D,20020103,000000,18.2607,18.3963,18.1536,18.3334,1026752.1166055,0
UNM.US,D,20020104,000000,18.3334,18.5673,18.2607,18.527,520726.54607835,0
UNM.US,D,20020107,000000,18.5408,18.5811,18.2911,18.4778,683708.32230672,0
UNM.US,D,20020108,000000,18.47,19.0026,18.47,18.753,1351452.7650986,0
UNM.US,D,20020109,000000,18.3609,18.9673,18.3334,18.641,1368959.4023966,0
UNM.US,D,20020110,000000,18.5044,18.8621,18.3334,18.8404,672786.89979426,0
UNM.US,D,20020111,000000,18.8316,18.8404,18.6135,18.6744,727111.1055863,0
UNM.US,D,20020114,000000,18.6214,19.0409,18.6066,18.92,898637.07333672,0
UNM.US,D,20020115,000000,18.982,19.3317,18.92,19.2974,1331994.2746159,0
UNM.US,D,20020116,000000,19.2974,19.3957,19.1254,19.1913,876652.77492667,0
UNM.US,D,20020117,000000,19.1913,19.3692,19.0842,19.3259,1221939.4703825,0
UNM.US,D,20020118,000000,19.1598,19.2483,19.0193,19.1382,1012335.0654749,0
UNM.US,D,20020122,000000,19.1038,19.3898,19.0271,19.1598,1350334.3674709,0
UNM.US,D,20020123,000000,18.641,19.2826,18.6322,19.2826,2196883.0126208,0
UNM.US,D,20020124,000000,19.2748,19.6079,19.2286,19.4969,1279904.8287789,0
UNM.US,D,20020125,000000,19.436,19.6413,19.376,19.5136,1469769.871734,0
UNM.US,D,20020128,000000,19.3612,19.5038,19.2974,19.3612,1531240.0176008,0
UNM.US,D,20020129,000000,19.4693,19.601,19.1038,19.2601,1343891.6237207,0
UNM.US,D,20020130,000000,19.152,19.4212,18.753,19.1333,1301049.5657304,0
UNM.US,D,20020131,000000,19.0557,19.7043,18.9888,19.6413,1712421.4509493,0
UNM.US,D,20020201,000000,19.3612,19.436,19.1038,19.3612,1993296.9913079,0
UNM.US,D,20020204,000000,19.2601,19.4881,19.0271,19.2974,908433.9923199,0
UNM.US,D,20020205,000000,19.2974,19.3612,18.926,19.0026,1166073.5244576,0
UNM.US,D,20020206,000000,18.8759,18.9073,18.5673,18.7471,1672089.9361325,0
UNM.US,D,20020207,000000,18.6685,19.436,18.6685,18.9555,2052806.1251377,0
UNM.US,D,20020208,000000,18.8759,19.2974,18.8199,19.1843,609775.01379455,0
UNM.US,D,20020211,000000,19.3317,19.4281,19.1333,19.2483,803421.64508889,0
UNM.US,D,20020212,000000,19.2483,19.6718,19.1913,19.2826,936580.16301032,0
UNM.US,D,20020213,000000,19.3317,19.9214,19.2974,19.891,861672.96320626,0
UNM.US,D,20020214,000000,19.891,20.3203,19.6875,20.3203,1708502.479826,0
UNM.US,D,20020215,000000,20.3203,20.3203,19.7966,20.0963,665085.32268149,0
UNM.US,D,20020219,000000,20.0275,20.0344,19.4831,19.5844,753716.55379406,0
UNM.US,D,20020220,000000,19.5765,19.8487,19.4969,19.7829,1288167.1311809,0
UNM.US,D,20020221,000000,19.7829,19.8487,19.3612,19.5391,503646.30423628,0
UNM.US,D,20020222,000000,19.436,19.5539,19.1598,19.4831,890372.73563418,0
UNM.US,D,20020225,000000,19.3317,19.5391,19.1333,19.5038,934201.91436965,0
UNM.US,D,20020226,000000,19.4693,19.9214,19.4693,19.7897,495384.00183424,0
UNM.US,D,20020227,000000,19.7366,20.0885,19.6875,19.8988,403111.61811735,0
UNM.US,D,20020228,000000,19.7494,20.118,19.6079,19.6521,915580.95004492,0
UNM.US,D,20020301,000000,19.7494,20.0482,19.5194,19.9833,601097.51008939,0
UNM.US,D,20020304,000000,20.0885,20.6132,19.9902,20.3695,1413899.8552081,0
UNM.US,D,20020305,000000,20.4048,20.5493,20.1248,20.2201,1398365.4240999,0
UNM.US,D,20020306,000000,20.2201,20.2909,20.055,20.2909,2064845.9452779,0
UNM.US,D,20020307,000000,20.2349,20.2349,19.7494,20.1248,921318.4621699,0
UNM.US,D,20020308,000000,20.1248,20.3518,19.9538,20.0344,1090181.2392089,0
UNM.US,D,20020311,000000,19.9902,20.109,19.8821,19.9902,544952.7279952,0
UNM.US,D,20020312,000000,19.8182,19.8339,19.1382,19.601,2689327.0228749,0
UNM.US,D,20020313,000000,19.5391,19.5765,19.152,19.4418,876514.3744923,0
UNM.US,D,20020314,000000,19.3957,19.6345,19.3612,19.4418,973402.81975564,0
UNM.US,D,20020315,000000,19.436,19.6413,19.3612,19.5194,1528297.9907202,0
UNM.US,D,20020318,000000,19.6718,19.7494,19.3957,19.5038,1501278.3588595,0
UNM.US,D,20020319,000000,19.436,19.5038,19.1687,19.3317,1982235.1330606,0
UNM.US,D,20020320,000000,19.3317,19.436,18.982,19.1755,860133.25837386,0
UNM.US,D,20020321,000000,19.1175,19.4595,18.9888,19.3848,1088640.5167262,0
UNM.US,D,20020322,000000,19.2974,19.5038,19.09,19.152,949878.81651319,0
UNM.US,D,20020325,000000,19.0331,19.1843,18.7403,18.8316,650665.21860009,0
UNM.US,D,20020326,000000,18.753,19.0026,18.7068,18.8199,1489229.379867,0
UNM.US,D,20020327,000000,18.9476,19.2129,18.8404,19.1913,1297546.8135605,0
UNM.US,D,20020328,000000,19.1175,19.4281,19.0724,19.3848,1058119.1503459,0
UNM.US,D,20020401,000000,19.3957,19.3957,18.982,19.2286,1007429.9912567,0
UNM.US,D,20020402,000000,19.2286,19.3407,19.152,19.3407,1201918.21931,0
UNM.US,D,20020403,000000,19.2974,19.3692,19.1333,19.318,1579267.0036289,0
UNM.US,D,20020404,000000,19.3475,19.5765,19.3317,19.5038,1713680.284312,0
UNM.US,D,20020405,000000,19.4693,19.8241,19.436,19.7681,1096342.093839,0
UNM.US,D,20020408,000000,19.7111,19.9411,19.5686,19.9411,1179513.6313456,0
UNM.US,D,20020409,000000,19.9214,20.2682,19.9135,20.2073,783539.81210101,0
UNM.US,D,20020410,000000,20.1248,20.4393,20.0275,20.4393,1143250.6822393,0
UNM.US,D,20020411,000000,20.4393,20.4677,20.0963,20.1395,637228.16466285,0
UNM.US,D,20020412,000000,20.1563,20.4048,20.1248,20.3115,657801.99982259,0
UNM.US,D,20020415,000000,20.3341,20.3341,19.6472,19.9135,802862.95510013,0
UNM.US,D,20020416,000000,19.9214,20.1395,19.8821,20.0885,452403.54340956,0
UNM.US,D,20020417,000000,20.0275,20.2957,19.9538,20.2466,414594.78356932,0
UNM.US,D,20020418,000000,20.2201,20.398,19.6718,19.8673,873853.21908137,0
UNM.US,D,20020419,000000,19.9214,20.1248,19.8821,19.9902,633301.05233751,0
UNM.US,D,20020422,000000,19.9902,20.2073,19.9273,20.1248,794882.5418181,0
UNM.US,D,20020423,000000,20.2682,20.2682,19.4212,19.436,1287049.7512034,0
UNM.US,D,20020424,000000,19.4418,19.7829,19.3848,19.5194,1334090.6341366,0
UNM.US,D,20020425,000000,19.3612,19.7043,19.2541,19.5686,821206.10090586,0
UNM.US,D,20020426,000000,19.5038,19.6079,19.4831,19.5322,822046.68001463,0
UNM.US,D,20020429,000000,19.5686,19.6718,19.2905,19.4881,858732.97162608,0
UNM.US,D,20020430,000000,19.6079,19.8517,19.3102,19.7043,868672.36164464,0
UNM.US,D,20020501,000000,19.6521,19.6521,19.4418,19.5322,1045655.9877005,0
UNM.US,D,20020502,000000,19.3957,19.5038,19.2541,19.4418,724591.4035605,0
UNM.US,D,20020503,000000,19.4693,19.5391,19.1755,19.5322,1848941.2676556,0
UNM.US,D,20020506,000000,19.6079,19.6973,19.2129,19.2129,1025774.1547127,0
UNM.US,D,20020507,000000,19.2218,19.2365,18.6547,18.7658,977469.35016561,0
UNM.US,D,20020508,000000,18.697,18.8759,17.3055,18.6607,5696493.6962389,0
UNM.US,D,20020509,000000,18.4543,18.4896,18.0543,18.0897,1996239.0181886,0
UNM.US,D,20020510,000000,18.1182,18.1693,17.8617,17.8882,1459688.0106801,0
UNM.US,D,20020513,000000,17.9708,18.1978,17.9404,18.0966,1140868.3629976,0
UNM.US,D,20020514,000000,18.1772,18.2125,17.8283,17.8961,2283416.8665625,0
UNM.US,D,20020515,000000,17.8961,18.0779,17.7487,17.7683,1563860.7964526,0
UNM.US,D,20020516,000000,17.8745,17.904,17.6574,17.789,1507994.8505276,0
UNM.US,D,20020517,000000,17.8617,18.1319,17.8283,17.8352,1217177.8848499,0
UNM.US,D,20020520,000000,17.8352,17.8352,17.4195,17.512,1312810.5497014,0
UNM.US,D,20020521,000000,17.512,17.5816,17.2407,17.2741,1268138.7565567,0
UNM.US,D,20020522,000000,17.2505,17.3773,17.111,17.1974,1691836.4216368,0
UNM.US,D,20020523,000000,17.2682,17.6111,17.2682,17.5748,3853995.1723335,0
UNM.US,D,20020524,000000,17.5748,17.8617,17.5601,17.6917,547752.2838405,0
UNM.US,D,20020528,000000,17.7163,17.8283,17.5669,17.6574,1321909.3606112,0
UNM.US,D,20020529,000000,17.6917,17.789,17.6701,17.7163,1229221.7755912,0
UNM.US,D,20020530,000000,17.6181,17.7163,17.4195,17.5601,2190720.1226902,0
UNM.US,D,20020531,000000,17.6426,17.6574,17.5473,17.6574,2471597.6983493,0
UNM.US,D,20020603,000000,17.6181,17.7163,17.5021,17.5414,1527739.3007314,0
UNM.US,D,20020604,000000,17.5414,17.6917,17.4382,17.5816,1461090.3327284,0
UNM.US,D,20020605,000000,17.5669,17.9325,17.5531,17.8204,1088502.1162919,0
UNM.US,D,20020606,000000,17.6574,17.7978,17.5473,17.5816,1305246.3553728,0
UNM.US,D,20020607,000000,17.5906,17.9325,17.5021,17.7635,1907608.8047263,0
UNM.US,D,20020610,000000,17.8352,17.9777,17.731,17.8882,624478.02464621,0
UNM.US,D,20020611,000000,17.9119,17.9325,17.5974,17.6269,722772.86255885,0
UNM.US,D,20020612,000000,17.6063,17.789,17.4863,17.4863,724732.85694563,0
UNM.US,D,20020613,000000,17.4775,17.5473,17.3429,17.3468,724033.731222,0
UNM.US,D,20020614,000000,17.3055,17.5601,16.9636,17.5021,1534596.2281344,0
UNM.US,D,20020617,000000,17.4863,17.9708,17.4687,17.8499,822466.96956901,0
UNM.US,D,20020618,000000,17.8549,18.0258,17.6917,17.9119,574351.62614675,0
UNM.US,D,20020619,000000,17.8058,17.9708,17.5414,17.5414,764217.68675214,0
UNM.US,D,20020620,000000,17.5414,17.6574,17.4195,17.5021,824840.12995841,0
UNM.US,D,20020621,000000,17.3055,17.9993,17.2908,17.4382,1205414.8655785,0
UNM.US,D,20020624,000000,17.4382,17.5473,16.939,17.2741,844730.10414831,0
UNM.US,D,20020625,000000,17.3183,17.7743,17.283,17.4451,835626.20498725,0
UNM.US,D,20020626,000000,17.0628,17.111,16.7494,16.8633,1548882.0023824,0
UNM.US,D,20020627,000000,16.8987,17.4333,16.8703,17.226,1430288.0948783,0
UNM.US,D,20020628,000000,17.2682,17.7566,17.1267,17.7566,2363506.9591038,0
UNM.US,D,20020701,000000,17.5816,17.7163,17.111,17.1621,1469065.6577591,0
UNM.US,D,20020702,000000,16.9902,17.0628,16.5695,16.7189,1028992.9824621,0
UNM.US,D,20020703,000000,16.7189,16.7965,16.1215,16.3976,794882.5418181,0
UNM.US,D,20020705,000000,16.4202,17.2682,16.3976,16.8113,772756.79002292,0
UNM.US,D,20020708,000000,16.8044,17.1974,16.7622,16.9174,1111605.8299799,0
UNM.US,D,20020709,000000,16.9056,16.9764,16.3622,16.3622,867553.96401688,0
UNM.US,D,20020710,000000,16.4684,16.4899,15.6566,15.6979,1288446.9850004,0
UNM.US,D,20020711,000000,15.3805,15.8404,15.2115,15.7264,1379595.8828383,0
UNM.US,D,20020712,000000,15.8758,15.8758,15.4964,15.64,1033897.0390301,0
UNM.US,D,20020715,000000,15.4218,15.6135,14.9708,15.576,1123927.5392402,0
UNM.US,D,20020716,000000,15.5044,15.6135,15.1565,15.3697,1138627.4971411,0
UNM.US,D,20020717,000000,15.3805,15.6075,15.0061,15.1909,1369656.4928197,0
UNM.US,D,20020718,000000,15.2626,15.413,14.4421,14.5571,1232577.9861247,0
UNM.US,D,20020719,000000,14.3409,14.5846,14.0313,14.2358,1968791.9732218,0
UNM.US,D,20020722,000000,14.1965,14.1965,13.1843,13.6049,1749665.4148993,0
UNM.US,D,20020723,000000,13.6255,13.7493,12.8689,13.1204,1437985.60139,0
UNM.US,D,20020724,000000,12.5643,13.256,12.3048,12.9032,3791687.5003086,0
UNM.US,D,20020725,000000,12.8325,13.6108,12.6989,13.2688,2287337.8729863,0
UNM.US,D,20020726,000000,13.2688,13.4329,13.1204,13.3651,1673355.8930469,0
UNM.US,D,20020729,000000,13.3651,14.1758,13.2904,14.1758,1916705.5803356,0
UNM.US,D,20020730,000000,14.0549,14.3467,13.8417,14.0913,1898085.6336611,0
UNM.US,D,20020731,000000,14.1217,14.4618,13.9989,14.392,1970194.2952701,0
UNM.US,D,20020801,000000,14.392,14.4205,13.8909,14.0982,1374697.9321718,0
UNM.US,D,20020802,000000,14.0913,14.0913,13.3278,13.6108,1170549.1502692,0
UNM.US,D,20020805,000000,13.4329,13.8191,13.1057,13.2236,1778515.7995646,0
UNM.US,D,20020806,000000,13.2973,14.0313,13.2973,13.4997,1472573.4981803,0
UNM.US,D,20020807,000000,14.0726,14.1699,13.6049,14.0726,1973555.5940549,0
UNM.US,D,20020808,000000,14.106,14.5649,14.0549,14.4362,1747561.9318268,0
UNM.US,D,20020809,000000,14.3467,15.0209,14.2426,14.8136,1781032.4486396,0
UNM.US,D,20020812,000000,14.7674,15.1988,14.5649,15.0759,1794330.0844922,0
UNM.US,D,20020813,000000,15.0552,15.3353,14.9472,14.9983,1895003.1710456,0
UNM.US,D,20020814,000000,15.07,15.6979,14.8902,15.64,1767868.1249701,0
UNM.US,D,20020815,000000,15.864,16.1755,15.4759,15.5672,1648574.0740921,0
UNM.US,D,20020816,000000,15.5417,15.9632,15.3963,15.9328,1209056.0181828,0
UNM.US,D,20020819,000000,15.8277,16.0694,15.7068,16.0625,1066096.5106772,0
UNM.US,D,20020820,000000,16.0477,16.4634,15.8109,16.0547,1349354.3702775,0
UNM.US,D,20020821,000000,16.1755,16.3465,15.9328,16.2246,823305.51337727,0
UNM.US,D,20020822,000000,16.0694,16.6334,16.0694,16.5892,1091719.926391,0
UNM.US,D,20020823,000000,16.4634,16.5273,16.1136,16.2059,1141283.5643007,0
UNM.US,D,20020826,000000,16.1057,16.3406,15.8277,16.3406,1019328.3580118,0
UNM.US,D,20020827,000000,16.377,16.4762,16.0409,16.1755,922579.33083305,0
UNM.US,D,20020828,000000,16.1755,16.2129,15.864,16.0762,1014564.7371787,0
UNM.US,D,20020829,000000,16.0762,16.32,15.8404,16.2767,1271644.5616774,0
UNM.US,D,20020830,000000,16.3062,16.5273,16.1057,16.2915,821765.80854487,0
UNM.US,D,20020903,000000,16.1755,16.1755,15.583,15.583,849768.49054965,0
UNM.US,D,20020904,000000,15.583,15.7126,15.3107,15.6566,833808.68163585,0
UNM.US,D,20020905,000000,15.6566,15.7264,15.4061,15.6135,848233.87396851,0
UNM.US,D,20020906,000000,15.7893,15.8561,15.5535,15.5997,1007711.8803767,0
UNM.US,D,20020909,000000,15.5672,16.1893,15.4552,16.147,919361.52073387,0
UNM.US,D,20020910,000000,16.1333,16.2059,15.9701,16.1057,1035576.1619471,0
UNM.US,D,20020911,000000,16.4202,16.5125,16.1637,16.1814,588491.87640864,0
UNM.US,D,20020912,000000,16.1893,16.2404,15.6901,15.7687,821483.91942486,0
UNM.US,D,20020913,000000,15.7481,16.1057,15.5535,16.0547,702472.77531709,0
UNM.US,D,20020916,000000,16.034,16.0625,15.7893,15.9495,589892.16315642,0
UNM.US,D,20020917,000000,16.2855,16.2855,15.5122,15.5614,722496.0616901,0
UNM.US,D,20020918,000000,15.5357,15.5357,15.1339,15.2764,1077721.1295143,0
UNM.US,D,20020919,000000,15.185,15.2852,14.6632,14.7408,1064977.0953992,0
UNM.US,D,20020920,000000,14.896,14.9118,14.5334,14.6632,1410955.7930269,0
UNM.US,D,20020923,000000,14.6445,14.6848,14.3192,14.4824,1349354.3702775,0
UNM.US,D,20020924,000000,14.1325,14.5709,13.8289,13.8761,1953955.6501871,0
UNM.US,D,20020925,000000,13.8761,14.1965,13.7896,13.9989,1447927.0267091,0
UNM.US,D,20020926,000000,14.106,14.9255,14.0776,14.9255,1456606.5657148,0
UNM.US,D,20020927,000000,14.6495,14.9472,14.1473,14.3124,1419084.7832458,0
UNM.US,D,20020930,000000,13.9615,14.3595,13.6186,14.3124,1857058.0460714,0
UNM.US,D,20021001,000000,14.3124,14.9619,14.1827,14.9619,1431967.2177953,0
UNM.US,D,20021002,000000,14.9118,14.9118,13.5056,13.5498,2952843.4852222,0
UNM.US,D,20021003,000000,13.5774,13.7346,13.3346,13.4477,1786069.8173907,0
UNM.US,D,20021004,000000,13.4997,13.6255,12.3756,12.6271,2283556.2846471,0
UNM.US,D,20021007,000000,12.6271,12.8689,12.0847,12.1781,1190150.1117873,0
UNM.US,D,20021008,000000,12.299,12.918,12.1417,12.802,1289004.6573389,0
UNM.US,D,20021009,000000,12.4994,12.5485,12.0327,12.0788,1293626.8247869,0
UNM.US,D,20021010,000000,11.9579,13.3651,11.9579,13.0192,2226984.0894468,0
UNM.US,D,20021011,000000,13.1204,14.0726,13.0899,13.3719,2139616.7799481,0
UNM.US,D,20021014,000000,13.0133,13.3494,13.0133,13.263,1310568.6661946,0
UNM.US,D,20021015,000000,13.9302,14.4205,13.6913,14.3006,1879319.1453502,0
UNM.US,D,20021016,000000,14.3006,14.4283,13.9065,14.2269,1618327.47328,0
UNM.US,D,20021017,000000,14.6986,14.9541,14.4913,14.842,1589765.0836362,0
UNM.US,D,20021018,000000,14.6259,14.8647,14.4765,14.7604,665367.2118015,0
UNM.US,D,20021021,000000,14.4765,14.9403,14.3674,14.8755,791381.82494866,0
UNM.US,D,20021022,000000,14.8755,14.9472,14.506,14.7604,823163.04234189,0
UNM.US,D,20021023,000000,14.7546,14.7546,13.9302,14.4283,1348231.9020487,0
UNM.US,D,20021024,000000,14.6022,14.617,14.1552,14.2426,1676575.7384466,0
UNM.US,D,20021025,000000,13.8122,14.3595,13.711,14.3124,1418942.3122104,0
UNM.US,D,20021028,000000,14.4205,14.6632,14.1296,14.2023,1153610.3618122,0
UNM.US,D,20021029,000000,14.0982,14.0982,13.5891,14.0254,1578287.0064355,0
UNM.US,D,20021030,000000,13.7562,14.2358,13.7346,14.2023,1347669.1414589,0
UNM.US,D,20021031,000000,14.3832,14.6022,14.2701,14.5414,1346134.5248778,0
UNM.US,D,20021101,000000,14.4538,14.6259,14.1699,14.5334,993986.83141791,0
UNM.US,D,20021104,000000,14.5846,15.2263,14.5709,14.896,1709898.6959728,0
UNM.US,D,20021105,000000,14.896,14.9472,14.5649,14.6445,955063.74455092,0
UNM.US,D,20021106,000000,14.5276,15.0061,14.1699,14.8755,1536276.3687017,0
UNM.US,D,20021107,000000,14.1385,14.1385,13.6707,13.8761,3382134.1560914,0
UNM.US,D,20021108,000000,13.8761,14.0982,13.3051,13.4624,1277801.3457065,0
UNM.US,D,20021111,000000,13.2835,13.3926,12.9985,13.1912,714510.56015681,0
UNM.US,D,20021112,000000,13.2128,13.5213,13.0831,13.1204,1770805.0635995,0
UNM.US,D,20021113,000000,12.9249,13.0192,12.7696,12.8531,1437288.5109669,0
UNM.US,D,20021114,000000,13.032,13.1057,12.9032,13.0192,1108661.7677987,0
UNM.US,D,20021115,000000,12.6831,13.2128,12.6831,13.1421,2017239.2488043,0
UNM.US,D,20021118,000000,13.1489,13.1489,11.6966,12.2615,4955942.4837646,0
UNM.US,D,20021119,000000,12.4394,12.7165,12.1839,12.5711,1798389.4913504,0
UNM.US,D,20021120,000000,12.6419,12.6419,12.1839,12.4994,1535717.6787129,0
UNM.US,D,20021121,000000,12.6419,13.1057,12.4208,12.7853,2090610.8143769,0
UNM.US,D,20021122,000000,12.7558,12.802,12.4797,12.6114,1835493.0195655,0
UNM.US,D,20021125,000000,12.6114,12.748,12.3117,12.4336,1354537.2630147,0
UNM.US,D,20021126,000000,12.4336,12.4336,11.9059,11.9639,2602380.0029306,0
UNM.US,D,20021127,000000,12.0415,12.1123,11.9639,12.0415,1500159.9612318,0
UNM.US,D,20021129,000000,12.1476,12.1967,12.0552,12.0788,745174.39757252,0
UNM.US,D,20021202,000000,12.1328,12.29,11.7899,12.0042,1963898.0931564,0
UNM.US,D,20021203,000000,11.8341,12.0199,11.7987,11.9579,2603358.9824738,0
UNM.US,D,20021204,000000,11.9059,12.1839,11.8341,12.064,1906207.5003283,0
UNM.US,D,20021205,000000,12.1123,12.126,11.7987,12.0042,1769265.3587671,0
UNM.US,D,20021206,000000,11.9059,12.3991,11.8685,12.0415,1651512.0303718,0
UNM.US,D,20021209,000000,11.6896,12.0199,11.5462,11.7486,2315755.7562942,0
UNM.US,D,20021210,000000,11.7624,12.1417,11.7565,12.1043,1866719.617571,0
UNM.US,D,20021211,000000,12.0415,12.2675,12.0042,12.1712,1457029.9082199,0
UNM.US,D,20021212,000000,12.073,12.126,11.896,11.9854,1240838.2532263,0
UNM.US,D,20021213,000000,11.8901,12.0042,11.6631,11.783,1201357.4940208,0
UNM.US,D,20021216,000000,11.8901,12.0415,11.8626,12.0415,947499.55022227,0
UNM.US,D,20021217,000000,12.1123,12.2842,11.9639,12.2419,1382397.4739841,0
UNM.US,D,20021218,000000,12.2567,12.3618,12.1191,12.2046,1607408.086068,0
UNM.US,D,20021219,000000,12.1918,12.29,11.9854,12.0415,1413762.472424,0
UNM.US,D,20021220,000000,12.2419,12.4071,12.1967,12.3991,1874982.9376233,0
UNM.US,D,20021223,000000,12.3618,12.5407,12.2842,12.354,1159068.0201177,0
UNM.US,D,20021224,000000,12.3412,12.4847,12.2204,12.4139,338282.20876623,0
UNM.US,D,20021226,000000,12.525,12.6616,12.4552,12.5043,1134705.473067,0
UNM.US,D,20021227,000000,12.4994,12.5643,12.299,12.354,1359298.8485473,0
UNM.US,D,20021230,000000,12.2204,12.5112,12.0199,12.4847,1132882.8614643,0
UNM.US,D,20021231,000000,12.4709,12.6203,12.3284,12.4267,1569182.0896242,0
UNM.US,D,20030102,000000,12.4482,12.9249,12.3923,12.8836,1619589.3595934,0
UNM.US,D,20030103,000000,12.918,13.0133,12.8266,12.9662,1168733.6622183,0
UNM.US,D,20030106,000000,12.9249,13.3563,12.9111,13.313,1329611.9553742,0
UNM.US,D,20030107,000000,13.313,13.3346,13.0831,13.0831,1406480.1672153,0
UNM.US,D,20030108,000000,13.0899,13.2128,12.9927,13.1421,832967.08487683,0
UNM.US,D,20030109,000000,13.2128,13.5568,13.1843,13.5498,1050970.1573204,0
UNM.US,D,20030110,000000,13.3926,13.6186,13.3346,13.4762,1232438.5680401,0
UNM.US,D,20030113,000000,13.5498,13.6913,13.5351,13.6186,932801.62762187,0
UNM.US,D,20030114,000000,13.5351,13.7425,13.4388,13.7425,1280602.9368523,0
UNM.US,D,20030115,000000,13.5705,13.6569,13.4908,13.5971,1554198.2073028,0
UNM.US,D,20030116,000000,13.6049,13.8417,13.4231,13.4997,1127848.545664,0
UNM.US,D,20030117,000000,13.5351,13.5568,13.3651,13.4231,983626.13419472,0
UNM.US,D,20030121,000000,13.5833,13.5833,13.2904,13.2904,1607964.7407563,0
UNM.US,D,20030122,000000,13.1784,13.3278,13.0763,13.1057,1184829.8362659,0
UNM.US,D,20030123,000000,13.2128,13.4624,13.2128,13.3563,955063.74455092,0
UNM.US,D,20030124,000000,13.2835,13.2835,12.8158,12.8158,1024513.2860495,0
UNM.US,D,20030127,000000,12.6055,12.8914,12.2114,12.6055,1616089.6603742,0
UNM.US,D,20030128,000000,12.6055,12.7244,12.2498,12.4394,1556159.2193398,0
UNM.US,D,20030129,000000,12.2615,12.3844,12.1554,12.3284,1448766.5881676,0
UNM.US,D,20030130,000000,12.3991,12.5318,12.1476,12.1476,1110486.4147019,0
UNM.US,D,20030131,000000,12.0327,12.52,12.0327,12.4797,954359.53057602,0
UNM.US,D,20030203,000000,12.4709,12.5711,12.2419,12.4208,1248820.7018088,0
UNM.US,D,20030204,000000,12.4267,12.4267,11.9137,12.1712,1712559.8513837,0
UNM.US,D,20030205,000000,12.3117,12.4994,12.0847,12.1633,1237201.171223,0
UNM.US,D,20030206,000000,12.1712,12.1712,10.0143,10.3179,8336256.0635538,0
UNM.US,D,20030207,000000,10.3552,10.5105,9.76367,10.0506,6280784.7124042,0
UNM.US,D,20030210,000000,10.0271,10.0702,9.50032,9.71945,2920075.1470838,0
UNM.US,D,20030211,000000,9.8639,9.97694,9.72633,9.85702,1467950.3130821,0
UNM.US,D,20030212,000000,9.85702,9.85702,9.2012,9.24915,2133738.8320883,0
UNM.US,D,20030213,000000,9.20798,9.37847,8.9685,9.06471,2451157.1753727,0
UNM.US,D,20030214,000000,9.16169,9.31823,9.02216,9.21466,2255975.9274972,0
UNM.US,D,20030218,000000,9.35685,9.6428,9.35685,9.48558,2829201.0148142,0
UNM.US,D,20030219,000000,9.51997,9.57009,9.3657,9.40402,1083461.69459,0
UNM.US,D,20030220,000000,9.39223,9.45708,9.20798,9.25593,1388274.4041937,0
UNM.US,D,20030221,000000,9.25593,9.37847,9.16169,9.24915,1385763.8610202,0
UNM.US,D,20030224,000000,9.26271,9.31823,9.05891,9.11226,1280466.5717184,0
UNM.US,D,20030225,000000,8.97509,9.14833,8.93421,9.12652,1166073.5244576,0
UNM.US,D,20030226,000000,9.12652,9.14057,8.95062,9.03631,959821.25948251,0
UNM.US,D,20030227,000000,9.07237,9.27735,9.07237,9.16169,1591307.8414194,0
UNM.US,D,20030228,000000,9.1781,9.44824,9.17044,9.28512,1690997.8778285,0
UNM.US,D,20030303,000000,9.28512,9.33474,9.11226,9.15501,1692822.5247317,0
UNM.US,D,20030304,000000,9.16169,9.21947,9.03631,9.04093,1442325.879718,0
UNM.US,D,20030305,000000,8.96182,9.1781,8.94118,8.99946,1253863.1588112,0
UNM.US,D,20030306,000000,8.94118,9.02776,8.84862,8.92488,1182035.3686719,0
UNM.US,D,20030307,000000,8.85589,9.0761,8.83467,9.00712,1230896.8279072,0
UNM.US,D,20030310,000000,8.91908,8.91908,5.66374,5.71365,11286297.95763,0
UNM.US,D,20030311,000000,5.29917,6.385,4.22081,4.26355,17201083.738984,0
UNM.US,D,20030312,000000,4.32781,4.81344,4.32781,4.65652,9507652.9164835,0
UNM.US,D,20030313,000000,4.85648,4.96369,4.66378,4.94934,6276451.557628,0
UNM.US,D,20030314,000000,4.94934,5.3992,4.89933,5.3992,6471073.0978645,0
UNM.US,D,20030317,000000,5.56331,6.57072,5.56331,6.43522,5921365.9078884,0
UNM.US,D,20030318,000000,6.57072,6.69208,6.28487,6.39896,5500606.199088,0
UNM.US,D,20030319,000000,6.39896,6.42785,6.07075,6.28487,4725748.9789434,0
UNM.US,D,20030320,000000,6.17776,6.18523,5.71365,5.96354,3408739.6042992,0
UNM.US,D,20030321,000000,5.99224,6.42077,5.99224,6.34196,2379330.4028837,0
UNM.US,D,20030324,000000,6.14936,6.15624,5.87048,5.94919,1540619.6999804,0
UNM.US,D,20030325,000000,7.12052,7.56988,6.99179,7.07758,8939878.3639203,0
UNM.US,D,20030326,000000,7.11315,7.28453,7.03474,7.21358,3194657.5382795,0
UNM.US,D,20030327,000000,7.09192,7.15629,6.96359,6.98501,2215922.2311994,0
UNM.US,D,20030328,000000,6.91358,6.92036,6.62035,6.82051,1909565.7461623,0
UNM.US,D,20030331,000000,6.67744,7.08504,6.62035,6.99917,3476928.2771346,0
UNM.US,D,20030401,000000,6.99917,6.99917,6.77777,6.81353,2130227.9387163,0
UNM.US,D,20030402,000000,6.94905,7.07758,6.92772,7.03474,1753730.927659,0
UNM.US,D,20030403,000000,7.02776,7.2066,6.92036,7.10637,2277954.1200058,0
UNM.US,D,20030404,000000,7.10637,7.10637,6.82051,6.85609,1950874.2052218,0
UNM.US,D,20030407,000000,7.07758,7.2066,6.99917,7.00633,1381001.2578373,0
UNM.US,D,20030408,000000,6.99179,7.12769,6.92036,6.92772,1240561.4523575,0
UNM.US,D,20030409,000000,6.91358,7.10637,6.89912,7.042,1835356.6544317,0
UNM.US,D,20030410,000000,7.02059,7.02059,6.85609,6.96359,1413200.7294844,0
UNM.US,D,20030411,000000,6.99917,7.19186,6.85609,6.97047,1002107.6804348,0
UNM.US,D,20030414,000000,6.9349,7.32049,6.9349,7.32049,2350206.2703004,0
UNM.US,D,20030415,000000,7.32049,7.80593,7.22036,7.80593,2656565.8082883,0
UNM.US,D,20030416,000000,7.8697,8.17874,7.76386,7.81349,3219438.3395841,0
UNM.US,D,20030421,000000,8.11143,8.28448,8.10554,8.1866,2048603.2295939,0
UNM.US,D,20030422,000000,8.14711,8.73532,8.09787,8.57073,3542036.522655,0
UNM.US,D,20030423,000000,8.57534,8.83467,8.54773,8.81285,3615406.0529271,0
UNM.US,D,20030424,000000,8.81717,8.99946,8.63401,8.895,3145787.9378421,0
UNM.US,D,20030425,000000,7.19186,8.44003,6.21353,6.51334,16435045.47593,0
UNM.US,D,20030428,000000,6.86356,7.27784,6.49889,7.0993,13088611.508355,0
UNM.US,D,20030429,000000,7.2066,7.58444,7.15629,7.49806,9562534.7946141,0
UNM.US,D,20030430,000000,7.53461,8.33292,7.51918,8.21383,16783547.946185,0
UNM.US,D,20030501,000000,8.14101,8.14711,7.8697,8.05777,16984891.066341,0
UNM.US,D,20030502,000000,7.85575,8.00569,7.81349,7.94968,44729060.39507,0
UNM.US,D,20030505,000000,7.96217,8.22051,7.95726,8.07242,13857866.563858,0
UNM.US,D,20030506,000000,8.14101,8.19309,7.94212,8.0852,14373137.486932,0
UNM.US,D,20030507,000000,8.0852,8.0852,7.84247,7.96905,10911469.892987,0
UNM.US,D,20030508,000000,7.92768,7.96905,7.7847,7.93466,8270726.5108288,0
UNM.US,D,20030509,000000,7.93466,8.02928,7.7847,7.91372,6558587.9666498,0
UNM.US,D,20030512,000000,7.92109,8.10554,7.87795,8.07242,6513782.8613219,0
UNM.US,D,20030513,000000,8.14101,8.17177,7.97563,8.13265,3954390.4403678,0
UNM.US,D,20030514,000000,8.13265,8.46195,8.13265,8.42539,5211052.137374,0
UNM.US,D,20030515,000000,8.40603,8.54144,8.30658,8.52091,4189204.0773364,0
UNM.US,D,20030516,000000,8.74712,8.90434,8.64108,8.69199,10119246.47128,0
UNM.US,D,20030519,000000,8.66368,8.66368,8.31867,8.35719,6254749.148338,0
UNM.US,D,20030520,000000,8.42539,8.49958,8.27593,8.45516,4422608.268705,0
UNM.US,D,20030521,000000,8.40603,8.44003,8.14711,8.37823,2528165.8229487,0
UNM.US,D,20030522,000000,8.39385,8.54773,8.32653,8.47796,2825566.9857616,0
UNM.US,D,20030523,000000,8.54144,8.54144,8.37193,8.4701,1519895.2525832,0
UNM.US,D,20030527,000000,8.28448,8.65651,8.26374,8.63401,6245360.3071061,0
UNM.US,D,20030528,000000,8.64108,8.85589,8.60679,8.75468,6512661.4107434,0
UNM.US,D,20030529,000000,8.81717,8.89971,8.66368,8.81717,3210613.2765923,0
UNM.US,D,20030530,000000,8.895,9.27155,8.85589,9.21466,8023453.7818158,0
UNM.US,D,20030602,000000,9.1781,9.34211,9.07237,9.07237,4689628.5008725,0
UNM.US,D,20030603,000000,9.2012,9.45708,9.15501,9.26271,5345891.8135129,0
UNM.US,D,20030604,000000,9.26271,9.8187,9.17044,9.66049,6261191.8920881,0
UNM.US,D,20030605,000000,9.66049,9.89043,9.65361,9.8187,4309756.9615771,0
UNM.US,D,20030606,000000,9.9288,9.99759,9.63003,9.6772,5110660.9399407,0
UNM.US,D,20030609,000000,9.6772,9.6772,9.21466,9.33474,3727138.9624273,0
UNM.US,D,20030610,000000,9.35685,9.81182,9.35685,9.74205,3864361.9754582,0
UNM.US,D,20030611,000000,9.74205,10.0044,9.68506,9.99759,6136427.9711016,0
UNM.US,D,20030612,000000,9.96414,10.0201,9.71945,9.96414,1796572.9856493,0
UNM.US,D,20030613,000000,9.99759,10.0044,9.71159,9.97099,2286359.9110934,0
UNM.US,D,20030616,000000,9.91401,10.199,9.84916,10.1115,3275301.2325582,0
UNM.US,D,20030617,000000,10.0702,10.1027,9.8354,9.9288,3864780.229712,0
UNM.US,D,20030618,000000,9.9288,9.94935,9.75581,9.84326,2516120.9145572,0
UNM.US,D,20030619,000000,9.84326,9.84326,9.35685,9.44038,3444022.5562121,0
UNM.US,D,20030620,000000,9.37356,9.58581,9.3657,9.52685,4015719.1328494,0
UNM.US,D,20030623,000000,9.69194,9.69194,9.31823,9.37356,3861980.6738667,0
UNM.US,D,20030624,000000,9.37356,9.57697,9.37356,9.4787,3080254.3145161,0
UNM.US,D,20030625,000000,9.46396,9.59957,9.30359,9.33474,3871360.3562463,0
UNM.US,D,20030626,000000,9.40402,9.65361,9.29102,9.61332,2686946.7389337,0
UNM.US,D,20030627,000000,9.68506,9.74205,9.45708,9.54749,1479147.5188131,0
UNM.US,D,20030630,000000,9.49344,9.62217,9.31047,9.57697,2261851.8400566,0
UNM.US,D,20030701,000000,9.57697,9.6772,9.31047,9.63494,3371074.3331446,0
UNM.US,D,20030702,000000,9.62217,9.6772,9.43448,9.62217,3606868.9849569,0
UNM.US,D,20030703,000000,9.52685,9.53176,9.35685,9.50032,2784820.2696417,0
UNM.US,D,20030707,000000,9.60645,9.68506,9.42466,9.44038,4479181.4815556,0
UNM.US,D,20030708,000000,9.45708,9.71945,9.38535,9.70373,2364204.0495269,0
UNM.US,D,20030709,000000,9.66835,9.76367,9.57697,9.66835,2918817.3313714,0
UNM.US,D,20030710,000000,9.59957,9.62217,9.31823,9.38535,2215228.1937271,0
UNM.US,D,20030711,000000,9.51408,9.53963,9.40992,9.53176,2897394.7759009,0
UNM.US,D,20030714,000000,9.59367,9.6772,9.47084,9.56124,1755967.7229145,0
UNM.US,D,20030715,000000,9.59957,9.70373,9.5072,9.63494,2265632.4107455,0
UNM.US,D,20030716,000000,9.66835,9.66835,9.40402,9.53176,2284259.4809718,0
UNM.US,D,20030717,000000,9.51997,9.52685,9.28512,9.34899,2393187.7463753,0
UNM.US,D,20030718,000000,9.40992,9.63003,9.35685,9.53963,1363357.2377552,0
UNM.US,D,20030721,000000,9.50032,9.54749,9.40402,9.4787,2337460.2008848,0
UNM.US,D,20030722,000000,9.51408,9.57009,9.07237,9.31823,6349398.7630453,0
UNM.US,D,20030723,000000,9.31047,9.34899,8.57073,9.21466,7465341.8184024,0
UNM.US,D,20030724,000000,9.46396,9.6428,9.35685,9.44038,5848836.9567251,0
UNM.US,D,20030725,000000,9.4787,9.74991,9.44038,9.74991,4923734.8709155,0
UNM.US,D,20030728,000000,9.73419,9.89043,9.6772,9.80003,2598878.2684109,0
UNM.US,D,20030729,000000,9.8187,9.94935,9.50032,9.50032,3764242.4906424,0
UNM.US,D,20030730,000000,9.56124,9.74991,9.56124,9.6428,3252204.6424219,0
UNM.US,D,20030731,000000,9.74991,9.88355,9.6428,9.69783,2474816.5260988,0
UNM.US,D,20030801,000000,9.70373,9.70373,9.3657,9.51408,4401188.7661852,0
UNM.US,D,20030804,000000,9.48558,9.48558,9.0761,9.21947,5086294.3222889,0
UNM.US,D,20030805,000000,9.1781,9.22714,9.01459,9.0761,3885779.4426774,0
UNM.US,D,20030806,000000,9.60645,10.1695,9.60645,9.8187,12452506.829571,0
UNM.US,D,20030807,000000,9.78529,10.1027,9.78529,10.0644,4732471.576513,0
UNM.US,D,20030808,000000,10.0506,10.1627,9.85702,9.93565,3183732.045166,0
UNM.US,D,20030811,000000,9.93565,10.0752,9.81182,9.87569,2239727.1059117,0
UNM.US,D,20030812,000000,9.8639,10.1498,9.80003,10.1352,2121279.7400439,0
UNM.US,D,20030813,000000,10.1498,10.1773,9.94052,10.0143,1938132.2064071,0
UNM.US,D,20030814,000000,10.0143,10.2078,9.94052,10.1773,3166651.8033239,0
UNM.US,D,20030815,000000,10.2078,10.2078,10.0644,10.1557,1021153.0049149,0
UNM.US,D,20030818,000000,10.2138,10.3474,10.0811,10.3474,3113303.5241243,0
UNM.US,D,20030819,000000,10.3346,10.3552,10.0889,10.2078,1962915.0430122,0
UNM.US,D,20030820,000000,10.1843,10.3798,10.0506,10.3424,2624783.5732448,0
UNM.US,D,20030821,000000,10.3424,10.4122,10.1498,10.2491,1632047.4339875,0
UNM.US,D,20030822,000000,10.2491,10.3346,10.0584,10.0811,1289429.0174943,0
UNM.US,D,20030825,000000,10.0428,10.0752,9.93565,10.0584,1298525.7931036,0
UNM.US,D,20030826,000000,10.0506,10.2491,9.85702,10.2138,2945841.0338331,0
UNM.US,D,20030827,000000,10.1843,10.2491,10.0702,10.0702,2349501.0386753,0
UNM.US,D,20030828,000000,10.0811,10.1773,9.98181,10.0644,2061625.082228,0
UNM.US,D,20030829,000000,10.0752,10.144,10.0702,10.0702,2031940.2243554,0
UNM.US,D,20030902,000000,10.144,10.2844,9.9563,10.2629,2271370.9405208,0
UNM.US,D,20030903,000000,10.2844,10.6422,10.2206,10.5517,4320956.2026085,0
UNM.US,D,20030904,000000,10.5517,10.6981,10.144,10.2078,7039689.2471867,0
UNM.US,D,20030905,000000,10.3552,10.6608,10.2992,10.5704,3962793.1785047,0
UNM.US,D,20030908,000000,10.5517,10.7631,10.5272,10.7414,2804705.1555804,0
UNM.US,D,20030909,000000,10.7149,10.7473,10.5351,10.6422,2550989.6828172,0
UNM.US,D,20030910,000000,10.6058,10.7473,10.4476,10.6923,4196759.1128128,0
UNM.US,D,20030911,000000,10.7837,10.8554,10.5764,10.7149,2781181.1523379,0
UNM.US,D,20030912,000000,10.7149,10.8141,10.5429,10.7551,1930424.5233928,0
UNM.US,D,20030915,000000,10.8141,10.82,10.6422,10.7984,2291396.2621943,0
UNM.US,D,20030916,000000,10.9271,11.1413,10.8554,11.106,5703353.6765926,0
UNM.US,D,20030917,000000,11.106,11.2484,11.0834,11.1581,2297137.8449203,0
UNM.US,D,20030918,000000,10.8465,11.0834,10.6981,10.8702,5531553.9609242,0
UNM.US,D,20030919,000000,11.0116,11.0116,10.6274,10.824,3145224.1596021,0
UNM.US,D,20030922,000000,10.6205,10.8465,10.6205,10.7631,2679385.5975558,0
UNM.US,D,20030923,000000,10.7631,10.8937,10.7631,10.824,1504492.0983577,0
UNM.US,D,20030924,000000,10.9193,10.9193,10.5812,10.7837,3801911.832398,0
UNM.US,D,20030925,000000,10.7984,10.8062,10.6923,10.7473,4111632.6691707,0
UNM.US,D,20030926,000000,10.7414,10.7414,10.4977,10.5272,2199543.1503815,0
UNM.US,D,20030929,000000,10.5704,10.7768,10.5105,10.7414,2268154.1480718,0
UNM.US,D,20030930,000000,10.6058,10.6825,10.5351,10.5517,5612209.867006,0
UNM.US,D,20031001,000000,10.5812,10.9006,10.5812,10.9006,3052673.9573662,0
UNM.US,D,20031002,000000,10.9193,11.0559,10.8937,11.0431,2184001.5957216,0
UNM.US,D,20031003,000000,11.3428,11.3713,11.106,11.1266,3708659.4514877,0
UNM.US,D,20031006,000000,11.1266,11.1758,10.8937,11.0716,1395701.2157382,0
UNM.US,D,20031007,000000,10.9969,11.1974,10.9006,11.1483,2098587.1570579,0
UNM.US,D,20031008,000000,11.1758,11.1758,11.0431,11.164,2273753.2597624,0
UNM.US,D,20031009,000000,11.164,11.4273,11.164,11.1758,3782165.3468937,0
UNM.US,D,20031010,000000,11.2858,11.3192,11.0982,11.1581,1130225.7766544,0
UNM.US,D,20031013,000000,10.8937,11.2111,10.8937,11.0637,2737632.8450722,0
UNM.US,D,20031014,000000,11.1197,11.3536,11.0038,11.334,1807633.8262464,0
UNM.US,D,20031015,000000,11.3114,11.3536,11.2367,11.2858,1609231.715321,0
UNM.US,D,20031016,000000,11.2779,11.4273,11.2701,11.3192,1622669.7869085,0
UNM.US,D,20031017,000000,11.3536,11.4961,11.2278,11.2484,1178528.5459009,0
UNM.US,D,20031020,000000,11.2858,11.4273,11.0716,11.2111,1800632.3925075,0
UNM.US,D,20031021,000000,11.1413,11.2436,11.0352,11.1758,1327650.9433372,0
UNM.US,D,20031022,000000,11.1698,11.1698,10.8937,10.8937,1833397.6776951,0
UNM.US,D,20031023,000000,10.8318,11.164,10.8318,11.0893,2873311.0650194,0
UNM.US,D,20031024,000000,11.0893,11.0982,10.8465,11.0038,1788312.7185478,0
UNM.US,D,20031027,000000,10.9969,11.2111,10.9419,11.1758,1298247.9745846,0
UNM.US,D,20031028,000000,11.2858,11.2858,11.0185,11.2367,1950448.8274161,0
UNM.US,D,20031029,000000,11.2367,11.4273,11.1758,11.391,2610213.8745762,0
UNM.US,D,20031030,000000,11.391,11.6769,11.391,11.555,3216772.0959219,0
UNM.US,D,20031031,000000,11.5796,11.7987,11.5737,11.6896,2454095.1316524,0
UNM.US,D,20031103,000000,11.8587,11.9196,11.7427,11.896,3285977.4013598,0
UNM.US,D,20031104,000000,11.896,12.0042,11.8145,11.9639,1742178.5619898,0
UNM.US,D,20031105,000000,11.8587,11.8626,11.4726,11.7772,2417690.7291609,0
UNM.US,D,20031106,000000,10.7149,11.391,10.591,10.9831,8659418.0248648,0
UNM.US,D,20031107,000000,10.9831,10.9831,10.5665,10.6422,5772520.311321,0
UNM.US,D,20031110,000000,10.6422,10.707,10.5704,10.5812,2558407.3355095,0
UNM.US,D,20031111,000000,10.5812,10.5812,10.4702,10.5351,2299517.1112112,0
UNM.US,D,20031112,000000,10.5429,10.6825,10.4613,10.6137,2691004.1104914,0
UNM.US,D,20031113,000000,10.65,10.65,10.429,10.4476,2294893.926113,0
UNM.US,D,20031114,000000,10.4545,10.4613,10.2138,10.3129,4798980.1087812,0
UNM.US,D,20031117,000000,10.2756,10.2756,9.99759,10.1115,3452429.36495,0
UNM.US,D,20031118,000000,10.429,10.6825,10.2138,10.4476,5061373.0852495,0
UNM.US,D,20031119,000000,10.4122,10.4122,10.1115,10.1115,2685264.5630659,0
UNM.US,D,20031120,000000,10.1115,10.5272,10.1115,10.2206,2828645.3777762,0
UNM.US,D,20031121,000000,10.2206,10.2914,10.0584,10.2334,1796991.2399032,0
UNM.US,D,20031124,000000,10.3552,10.5979,10.3179,10.5351,1773604.6194448,0
UNM.US,D,20031125,000000,10.4977,10.6058,10.2844,10.3985,2057004.9500805,0
UNM.US,D,20031126,000000,10.4702,10.5812,10.3945,10.5704,1571847.3156361,0
UNM.US,D,20031128,000000,10.5704,10.6608,10.5016,10.6608,543969.67785105,0
UNM.US,D,20031201,000000,10.656,10.9193,10.5351,10.8318,2139195.4727435,0
UNM.US,D,20031202,000000,10.5105,10.5764,10.0752,10.5016,4591475.116345,0
UNM.US,D,20031203,000000,10.5979,10.8141,10.5016,10.65,2698428.8867354,0
UNM.US,D,20031204,000000,10.6422,10.8387,10.5704,10.6608,2005897.5367374,0
UNM.US,D,20031205,000000,10.6608,10.82,10.6058,10.7149,1288446.9850004,0
UNM.US,D,20031208,000000,10.6058,10.7414,10.5016,10.591,1585567.2763436,0
UNM.US,D,20031209,000000,10.6058,10.656,10.5577,10.6137,1530397.4031916,0
UNM.US,D,20031210,000000,10.6137,10.6137,10.3945,10.4791,2248831.0050727,0
UNM.US,D,20031211,000000,10.429,10.5764,10.429,10.5351,1482095.6515953,0
UNM.US,D,20031212,000000,10.6058,10.707,10.5193,10.5812,1352156.9790735,0
UNM.US,D,20031215,000000,10.5812,10.6648,10.4791,10.4908,1690016.8629849,0
UNM.US,D,20031216,000000,10.5517,10.5577,10.2403,10.4977,3266339.8044326,0
UNM.US,D,20031217,000000,10.5351,10.6923,10.3985,10.6825,1719424.9199887,0
UNM.US,D,20031218,000000,10.6422,10.8387,10.6205,10.82,1960255.9229018,0
UNM.US,D,20031219,000000,10.8878,10.8878,10.65,10.7149,1962915.0430122,0
UNM.US,D,20031222,000000,10.656,10.8387,10.6274,10.7915,1538375.7811731,0
UNM.US,D,20031223,000000,10.7984,10.9911,10.7551,10.9419,2442051.2409111,0
UNM.US,D,20031224,000000,10.9419,10.9556,10.8554,10.9271,465984.08603244,0
UNM.US,D,20031226,000000,10.9133,11.0274,10.9065,10.9969,574773.95100164,0
UNM.US,D,20031229,000000,10.9911,11.2278,10.9911,11.2111,1552239.2305662,0
UNM.US,D,20031230,000000,11.2189,11.2917,11.1974,11.2779,1241823.3386709,0
UNM.US,D,20031231,000000,11.2701,11.3841,11.1974,11.2622,1376797.3446433,0
UNM.US,D,20040102,000000,11.2564,11.6003,11.2189,11.4961,2519345.8482081,0
UNM.US,D,20040105,000000,11.5315,11.7113,11.3428,11.3772,3875138.8916347,0
UNM.US,D,20040106,000000,11.3536,11.5029,10.9831,11.1197,3875845.1409101,0
UNM.US,D,20040107,000000,10.9969,11.2278,10.82,11.1698,3098040.8056336,0
UNM.US,D,20040108,000000,11.2484,11.2484,11.1266,11.1758,2901592.5831935,0
UNM.US,D,20040109,000000,11.1758,11.3615,11.1483,11.1826,1520315.5421376,0
UNM.US,D,20040112,000000,11.2564,11.2917,11.0834,11.2484,2314355.4695465,0
UNM.US,D,20040113,000000,11.2564,11.334,10.9704,11.0185,4154755.5986307,0
UNM.US,D,20040114,000000,11.1128,11.2484,11.0185,11.2111,2719430.1350013,0
UNM.US,D,20040115,000000,11.106,11.1128,10.7551,10.8318,4086004.1652055,0
UNM.US,D,20040116,000000,10.8318,10.8318,10.6981,10.8062,3530693.7929379,0
UNM.US,D,20040120,000000,10.9006,10.9969,10.8554,10.9271,3049873.3838707,0
UNM.US,D,20040121,000000,10.9704,11.2564,10.8633,11.2053,4330480.391324,0
UNM.US,D,20040122,000000,11.2053,11.4421,11.1413,11.3045,4312418.116988,0
UNM.US,D,20040123,000000,11.1895,11.3192,10.9625,11.164,2527886.9867794,0
UNM.US,D,20040126,000000,11.164,11.2701,11.0716,11.1758,4100848.6294423,0
UNM.US,D,20040127,000000,11.2484,11.4116,11.1826,11.3192,1993021.2080894,0
UNM.US,D,20040128,000000,11.2858,11.4273,11.1698,11.2367,4406225.117286,0
UNM.US,D,20040129,000000,11.2367,11.2367,10.9969,11.1128,2886610.7361725,0
UNM.US,D,20040130,000000,11.1197,11.2367,11.0637,11.164,1844600.9893276,0
UNM.US,D,20040202,000000,11.2111,11.4961,11.1698,11.4273,2661039.3987993,0
UNM.US,D,20040203,000000,11.4636,11.4961,11.3536,11.3615,2010936.940789,0
UNM.US,D,20040204,000000,11.106,11.2917,10.9625,11.1483,3160345.4247077,0
UNM.US,D,20040205,000000,9.88355,10.8937,9.53176,10.5429,25347473.741933,0
UNM.US,D,20040206,000000,10.5429,10.6736,10.2138,10.4476,9018005.409124,0
UNM.US,D,20040209,000000,10.4476,10.5429,10.1773,10.3945,5191726.9590743,0
UNM.US,D,20040210,000000,10.4791,10.4791,10.2629,10.3129,2655027.1211061,0
UNM.US,D,20040211,000000,10.3129,10.5979,10.2334,10.5979,4080268.6883811,0
UNM.US,D,20040212,000000,10.5979,10.7228,10.5812,10.65,2148435.7370384,0
UNM.US,D,20040213,000000,10.65,10.6608,10.4122,10.5016,1999316.3925529,0
UNM.US,D,20040217,000000,10.88,10.88,10.65,10.7984,2048322.3581241,0
UNM.US,D,20040218,000000,10.8141,10.8937,10.7149,10.8318,3804294.1516396,0
UNM.US,D,20040219,000000,10.8937,11.0559,10.8318,10.8554,2142840.6959488,0
UNM.US,D,20040220,000000,10.9133,10.9133,10.6923,10.7384,1459405.1039098,0
UNM.US,D,20040223,000000,10.7837,10.7837,10.5812,10.7149,2261990.240491,0
UNM.US,D,20040224,000000,10.7149,10.7149,10.591,10.6137,2132058.691521,0
UNM.US,D,20040225,000000,10.6422,10.6736,10.5812,10.6353,2091172.5573164,0
UNM.US,D,20040226,000000,10.3552,10.6422,10.3552,10.5979,1269125.8773018,0
UNM.US,D,20040227,000000,10.6274,10.7149,10.5517,10.5812,1844872.7019451,0
UNM.US,D,20040301,000000,10.6422,10.656,10.5105,10.65,1759745.2406527,0
UNM.US,D,20040302,000000,10.6422,10.7306,10.5704,10.6058,2437573.5797991,0
UNM.US,D,20040303,000000,10.6274,10.656,10.5429,10.6422,3648725.9575025,0
UNM.US,D,20040304,000000,10.6422,10.88,10.6137,10.8633,3390119.6576247,0
UNM.US,D,20040305,000000,10.8633,10.8633,10.5351,10.7631,3558702.5808442,0
UNM.US,D,20040308,000000,10.7306,10.9271,10.6981,10.8878,3497649.671581,0
UNM.US,D,20040309,000000,10.8937,10.9419,10.82,10.8387,3457470.8043021,0
UNM.US,D,20040310,000000,10.88,10.8878,10.591,10.6422,3533217.5655647,0
UNM.US,D,20040311,000000,10.4977,10.5979,10.2756,10.2844,4138237.0997282,0
UNM.US,D,20040312,000000,10.429,10.4613,10.3179,10.3179,3090338.2108706,0
UNM.US,D,20040315,000000,10.2844,10.3179,9.97099,10.0044,4550028.2568512,0
UNM.US,D,20040316,000000,10.144,10.2078,10.0644,10.1627,2021021.8547937,0
UNM.US,D,20040317,000000,10.1557,10.1773,10.0271,10.1282,7296202.2404947,0
UNM.US,D,20040318,000000,10.1773,10.3985,10.1557,10.3552,2857067.3316851,0
UNM.US,D,20040319,000000,10.2844,10.3424,10.1115,10.1627,2177699.2877063,0
UNM.US,D,20040322,000000,10.1627,10.1627,9.97099,10.0359,1772766.0756366,0
UNM.US,D,20040323,000000,10.0702,10.2403,9.97099,10.1843,2084029.6701924,0
UNM.US,D,20040324,000000,10.1627,10.1843,9.93565,10.0044,2259053.3018615,0
UNM.US,D,20040325,000000,9.99759,10.199,9.97694,10.1627,2392209.7844825,0
UNM.US,D,20040326,000000,10.1027,10.1695,10.0201,10.0201,2237629.7287407,0
UNM.US,D,20040329,000000,9.99759,10.3424,9.98181,10.2629,3617228.6645298,0
UNM.US,D,20040330,000000,10.2992,10.4407,10.2138,10.3552,1775568.6844326,0
UNM.US,D,20040331,000000,10.4407,10.4791,10.3061,10.4476,2451157.1753727,0
UNM.US,D,20040401,000000,10.4977,10.6274,10.3985,10.5429,3519354.1161715,0
UNM.US,D,20040402,000000,10.9271,10.9271,10.6422,10.7551,4430457.4051044,0
UNM.US,D,20040405,000000,10.7837,11.1128,10.7551,11.106,3152924.7190646,0
UNM.US,D,20040406,000000,11.106,11.106,10.9419,11.0274,2268434.0018913,0
UNM.US,D,20040407,000000,10.9969,10.9969,10.8318,10.88,2092432.4083293,0
UNM.US,D,20040408,000000,11.0038,11.0185,10.8387,10.9271,1544541.7240545,0
UNM.US,D,20040412,000000,10.9969,11.2622,10.9773,11.1197,2483503.1886562,0
UNM.US,D,20040413,000000,11.2189,11.3192,10.9006,10.9271,2205147.3503234,0
UNM.US,D,20040414,000000,10.8554,11.0274,10.7384,10.8062,2502404.0068004,0
UNM.US,D,20040415,000000,11.4961,11.4961,10.933,11.0716,4845324.9189415,0
UNM.US,D,20040416,000000,11.1581,11.1895,10.9419,10.9625,2070305.6388839,0
UNM.US,D,20040419,000000,10.933,10.9625,10.8554,10.9271,1518776.8549555,0
UNM.US,D,20040420,000000,10.933,11.0716,10.707,10.7149,1442883.5520565,0
UNM.US,D,20040421,000000,10.7679,10.9006,10.65,10.8554,2607276.9359468,0
UNM.US,D,20040422,000000,10.7837,10.933,10.7228,10.8633,1977897.9076834,0
UNM.US,D,20040423,000000,10.9006,10.9006,10.7984,10.8465,804966.43817255,0
UNM.US,D,20040426,000000,10.7984,10.88,10.7306,10.7679,1155570.356199,0
UNM.US,D,20040427,000000,10.8554,11.1197,10.82,10.9419,1995537.8571645,0
UNM.US,D,20040428,000000,10.8937,10.9193,10.7384,10.7837,1805116.1595211,0
UNM.US,D,20040429,000000,10.7837,10.8465,10.6923,10.7551,2456338.0328094,0
UNM.US,D,20040430,000000,10.7551,11.2858,10.7149,11.106,3161326.4395513,0
UNM.US,D,20040503,000000,11.106,11.2858,10.88,11.2779,4176882.3680762,0
UNM.US,D,20040504,000000,11.2779,11.3114,11.1128,11.1826,2788459.3869455,0
UNM.US,D,20040505,000000,11.1581,11.4057,11.1581,11.3772,3306808.7020335,0
UNM.US,D,20040506,000000,11.0038,11.0116,10.0359,10.5272,20606598.409633,0
UNM.US,D,20040507,000000,10.5272,10.82,10.1773,10.2992,8936652.4126191,0
UNM.US,D,20040510,000000,10.1627,10.2403,9.84916,10.0506,5343929.7838256,0
UNM.US,D,20040511,000000,10.0967,10.2629,10.0143,10.1352,3792669.5328025,0
UNM.US,D,20040512,000000,10.0702,10.1027,9.6428,9.99759,6453013.8764793,0
UNM.US,D,20040513,000000,9.99759,10.1773,9.85702,10.1115,5054932.3767998,0
UNM.US,D,20040514,000000,10.0811,10.0889,9.84326,9.96414,3813673.8340192,0
UNM.US,D,20040517,000000,9.76367,9.86979,9.71945,9.77841,2277253.9766319,0
UNM.US,D,20040518,000000,9.80003,9.90419,9.78529,9.82754,3747447.1908711,0
UNM.US,D,20040519,000000,9.9288,9.9563,9.70373,9.74991,3476790.8943505,0
UNM.US,D,20040520,000000,9.80003,9.85702,9.66049,9.72633,1999739.7350581,0
UNM.US,D,20040521,000000,9.8354,10.0752,9.77841,9.86979,3105742.3827464,0
UNM.US,D,20040524,000000,9.96414,9.96414,9.80494,9.92187,1679375.2942919,0
UNM.US,D,20040525,000000,9.92187,10.0271,9.78529,9.97099,1734687.6384794,0
UNM.US,D,20040526,000000,9.97099,10.144,9.9288,10.1194,1994136.5527665,0
UNM.US,D,20040527,000000,10.3552,10.4043,10.2206,10.2914,2636682.9576501,0
UNM.US,D,20040528,000000,10.2285,10.4122,10.2138,10.3985,2049722.6448719,0
UNM.US,D,20040601,000000,10.3257,10.5016,10.2844,10.4358,2437714.015534,0
UNM.US,D,20040602,000000,10.5272,10.6058,10.4358,10.4849,2058964.9444673,0
UNM.US,D,20040603,000000,10.4613,10.7837,10.3798,10.4977,2877509.8899622,0
UNM.US,D,20040604,000000,10.6058,10.707,10.4908,10.656,2129810.7021127,0
UNM.US,D,20040607,000000,10.6923,10.9193,10.6825,10.9133,3191991.2946173,0
UNM.US,D,20040608,000000,10.9488,10.9969,10.8554,10.9556,1589203.3406967,0
UNM.US,D,20040609,000000,10.8633,10.9488,10.8387,10.8702,3449346.9023345,0
UNM.US,D,20040610,000000,10.8702,11.0274,10.8465,10.9911,2439954.8813905,0
UNM.US,D,20040614,000000,10.9271,10.9773,10.7228,10.7915,1734965.4569984,0
UNM.US,D,20040615,000000,10.7679,10.9625,10.7679,10.9193,1930424.5233928,0
UNM.US,D,20040616,000000,10.9193,10.9831,10.8702,10.9625,1803010.6411482,0
UNM.US,D,20040617,000000,10.9625,10.9625,10.8141,10.8554,1120982.4594087,0
UNM.US,D,20040618,000000,10.8062,10.8554,10.7149,10.7631,1319532.1296208,0
UNM.US,D,20040621,000000,10.7768,10.8937,10.7414,10.8937,1892348.1215361,0
UNM.US,D,20040622,000000,10.8633,10.9969,10.8554,10.9831,1344031.0418054,0
UNM.US,D,20040623,000000,10.9773,11.1197,10.9773,11.0893,1090599.4934628,0
UNM.US,D,20040624,000000,11.0982,11.1758,11.0431,11.1413,1286201.0308926,0
UNM.US,D,20040625,000000,11.1128,11.1698,11.0637,11.1413,915716.29752854,0
UNM.US,D,20040628,000000,11.1758,11.2111,11.1128,11.1197,878891.60548271,0
UNM.US,D,20040629,000000,11.0893,11.2436,11.0834,11.2111,1190995.7791473,0
UNM.US,D,20040630,000000,11.2367,11.3968,11.1826,11.3536,1406901.47442,0
UNM.US,D,20040701,000000,11.3536,11.4057,11.0352,11.1758,2133313.4542826,0
UNM.US,D,20040702,000000,11.1483,11.1826,11.0185,11.164,936725.68699646,0
UNM.US,D,20040706,000000,11.164,11.2111,10.9831,10.9831,1447647.1728896,0
UNM.US,D,20040707,000000,10.9911,11.0637,10.8141,10.8141,1351452.7650986,0
UNM.US,D,20040708,000000,10.7149,10.8465,10.6608,10.82,2312957.2180992,0
UNM.US,D,20040709,000000,10.8554,10.9556,10.7768,10.88,1634710.6246989,0
UNM.US,D,20040712,000000,10.8878,11.1197,10.8878,11.106,1353411.7418352,0
UNM.US,D,20040713,000000,11.1345,11.1895,11.0559,11.0765,954359.53057602,0
UNM.US,D,20040714,000000,11.0559,11.1483,10.9773,11.1197,840106.91905009,0
UNM.US,D,20040715,000000,11.0982,11.2436,11.0431,11.1413,1464029.3066583,0
UNM.US,D,20040716,000000,11.2278,11.2278,11.1128,11.164,1148709.358195,0
UNM.US,D,20040719,000000,11.1698,11.1826,11.0509,11.106,1057978.714611,0
UNM.US,D,20040720,000000,11.0834,11.1895,11.0509,11.1413,1351174.9465796,0
UNM.US,D,20040721,000000,11.1345,11.2986,11.1345,11.1758,1532778.704783,0
UNM.US,D,20040722,000000,11.1197,11.1266,10.8702,11.0716,1944431.4614716,0
UNM.US,D,20040723,000000,11.0716,11.1266,10.9704,11.0765,1108938.5686675,0
UNM.US,D,20040726,000000,11.1197,11.1895,10.9704,11.0509,1585142.9161882,0
UNM.US,D,20040727,000000,11.1197,11.1345,11.0352,11.0716,1466971.333539,0
UNM.US,D,20040728,000000,11.0716,11.106,10.9193,11.0509,910118.20348819,0
UNM.US,D,20040729,000000,11.0716,11.2278,11.0509,11.2189,2949199.2796671,0
UNM.US,D,20040730,000000,11.1581,11.4116,11.1581,11.391,1400044.547017,0
UNM.US,D,20040802,000000,11.391,11.391,10.9831,11.1128,5010406.1076412,0
UNM.US,D,20040803,000000,11.0834,11.1974,10.9831,11.1197,2921056.1619275,0
UNM.US,D,20040804,000000,11.0765,11.2917,10.9969,11.1826,2304423.2030797,0
UNM.US,D,20040805,000000,11.2111,11.9196,11.2111,11.613,6774774.5333922,0
UNM.US,D,20040806,000000,11.5462,11.5462,11.2622,11.2986,3268025.0332511,0
UNM.US,D,20040809,000000,11.2986,11.2986,11.2367,11.2436,2612312.2693974,0
UNM.US,D,20040810,000000,11.2436,11.2701,11.106,11.2701,3105879.7655305,0
UNM.US,D,20040811,000000,11.2701,11.2858,11.0765,11.2189,2725735.4959674,0
UNM.US,D,20040812,000000,11.2436,11.2436,11.0716,11.0982,1561483.5654622,0
UNM.US,D,20040813,000000,11.1197,11.1197,10.9271,10.933,2239589.7231275,0
UNM.US,D,20040816,000000,10.9556,11.1345,10.9488,11.1197,5267064.6249353,0
UNM.US,D,20040817,000000,11.2564,11.2917,11.1197,11.164,3387595.8849979,0
UNM.US,D,20040818,000000,11.2701,11.4804,11.1974,11.4116,3012909.2737402,0
UNM.US,D,20040819,000000,11.4499,11.4922,11.334,11.4194,5363533.7982945,0
UNM.US,D,20040820,000000,11.4273,11.5109,11.3841,11.4351,2142135.4643237,0
UNM.US,D,20040823,000000,11.5029,11.5924,11.3968,11.4597,2330039.4952418,0
UNM.US,D,20040824,000000,11.5394,11.7624,11.4597,11.4636,3162307.454395,0
UNM.US,D,20040825,000000,11.5639,11.5639,11.4421,11.4961,2364764.7748162,0
UNM.US,D,20040826,000000,11.4961,11.4961,11.4057,11.4273,1070995.4789939,0
UNM.US,D,20040827,000000,11.4499,11.5737,11.4194,11.4922,1838017.8098426,0
UNM.US,D,20040830,000000,11.5167,11.7349,11.5109,11.6062,1608530.5542968,0
UNM.US,D,20040831,000000,11.6631,11.7565,11.4499,11.555,2901592.5831935,0
UNM.US,D,20040901,000000,11.5924,11.5924,11.4636,11.5315,1492869.5148211,0
UNM.US,D,20040902,000000,11.5845,11.6966,11.4499,11.6396,1216475.7061756,0
UNM.US,D,20040903,000000,11.6769,11.8057,11.67,11.7044,1490493.3014809,0
UNM.US,D,20040907,000000,11.8488,12.0327,11.8282,11.9972,2247708.5368439,0
UNM.US,D,20040908,000000,12.0267,12.0327,11.6848,11.6896,1986435.9933039,0
UNM.US,D,20040909,000000,11.6769,11.728,11.4961,11.4961,1907462.2630899,0
UNM.US,D,20040910,000000,11.5029,11.5315,11.4351,11.4922,1142687.9216495,0
UNM.US,D,20040913,000000,11.5167,11.5246,11.4351,11.4726,2517243.382786,0
UNM.US,D,20040914,000000,11.4636,11.4922,11.2701,11.3772,2000163.0775632,0
UNM.US,D,20040915,000000,11.4597,11.5109,11.3045,11.3192,983772.67583111,0
UNM.US,D,20040916,000000,11.2622,11.4922,11.2484,11.4194,1001827.8266153,0
UNM.US,D,20040917,000000,11.4273,11.4961,11.3968,11.4499,2056167.4239225,0
UNM.US,D,20040920,000000,11.4636,11.4961,11.3772,11.4057,720816.93877307,0
UNM.US,D,20040921,000000,11.4636,11.5109,11.3772,11.391,1045515.5519657,0
UNM.US,D,20040922,000000,11.391,11.4057,11.0185,11.0765,3160069.6414892,0
UNM.US,D,20040923,000000,11.1128,11.1128,10.7384,10.8387,4612897.6718155,0
UNM.US,D,20040924,000000,10.8702,11.1266,10.8465,10.8878,1677277.917121,0
UNM.US,D,20040927,000000,10.8878,10.933,10.7837,10.9006,3263542.2838878,0
UNM.US,D,20040928,000000,10.9133,10.9911,10.7915,10.9625,2301338.7051636,0
UNM.US,D,20040929,000000,10.9911,11.106,10.9488,11.0352,1357054.92974,0
UNM.US,D,20040930,000000,11.0352,11.2436,11.0116,11.2053,3204030.0971072,0
UNM.US,D,20041001,000000,11.2436,11.3772,11.0893,11.2858,4230085.1232897,0
UNM.US,D,20041004,000000,11.0765,11.4057,11.0765,11.1758,2733710.8209981,0
UNM.US,D,20041005,000000,11.1758,11.1758,10.9133,10.9419,3495973.6016147,0
UNM.US,D,20041006,000000,11.0509,11.0834,10.9704,10.9969,2390943.827568,0
UNM.US,D,20041007,000000,10.9969,11.0431,10.8937,10.9133,2128133.6144961,0
UNM.US,D,20041008,000000,10.9193,10.9625,10.7984,10.8937,2828785.8135111,0
UNM.US,D,20041011,000000,10.8937,10.9488,10.7679,10.7837,1763949.1538468,0
UNM.US,D,20041012,000000,10.824,10.8702,10.7679,10.8141,1053075.6756933,0
UNM.US,D,20041013,000000,10.88,10.9133,10.6205,10.6736,2705003.9250184,0
UNM.US,D,20041014,000000,10.7473,10.7631,10.1557,10.3424,4811999.9261148,0
UNM.US,D,20041015,000000,10.0428,10.0702,9.46396,9.74205,15066227.526919,0
UNM.US,D,20041018,000000,9.78529,9.87569,9.62217,9.65361,6174937.8919659,0
UNM.US,D,20041019,000000,9.68506,9.68506,8.14711,8.70633,30576029.463654,0
UNM.US,D,20041020,000000,8.74712,9.69783,8.74712,9.6772,20398533.709557,0
UNM.US,D,20041021,000000,9.58581,9.63003,9.14057,9.26271,15005459.559726,0
UNM.US,D,20041022,000000,9.33474,9.51408,9.29102,9.39223,8130011.9397808,0
UNM.US,D,20041025,000000,9.32599,9.33474,9.19255,9.25593,5712176.7042839,0
UNM.US,D,20041026,000000,9.51997,9.69194,9.34899,9.66049,6234864.2623993,0
UNM.US,D,20041027,000000,9.69194,9.89043,9.54749,9.69783,3079414.7530576,0
UNM.US,D,20041028,000000,9.70373,9.91401,9.70373,9.90419,3013330.5809449,0
UNM.US,D,20041029,000000,9.90419,9.90419,9.6772,9.75581,3077319.4111872,0
UNM.US,D,20041101,000000,9.70373,9.94052,9.70373,9.79118,3108399.4675563,0
UNM.US,D,20041102,000000,9.84326,9.99759,9.79118,9.99759,3279084.856198,0
UNM.US,D,20041103,000000,10.2334,10.5577,9.9563,10.1557,4848267.9634724,0
UNM.US,D,20041104,000000,10.3179,10.7631,10.199,10.591,4607855.2148132,0
UNM.US,D,20041105,000000,10.7149,10.7384,10.4201,10.65,3682056.0385804,0
UNM.US,D,20041108,000000,10.6736,10.707,10.6274,10.65,2721668.9655574,0
UNM.US,D,20041109,000000,10.1498,10.3985,10.144,10.2992,4633480.6658275,0
UNM.US,D,20041110,000000,10.2491,10.2844,10.0889,10.1773,3295463.9370159,0
UNM.US,D,20041111,000000,10.1773,10.3179,10.0967,10.144,2226706.2709278,0
UNM.US,D,20041112,000000,10.144,10.144,9.59957,9.60645,10344956.209087,0
UNM.US,D,20041115,000000,9.42466,10.0506,9.28512,10.0143,13206084.982931,0
UNM.US,D,20041116,000000,9.97694,10.1027,9.8639,9.99759,3620587.9280141,0
UNM.US,D,20041117,000000,10.0584,10.2491,9.97694,10.0644,2757097.4414565,0
UNM.US,D,20041118,000000,9.99759,9.99759,9.74205,9.80494,3359595.2382936,0
UNM.US,D,20041119,000000,11.0274,11.2367,10.6058,10.9625,28205944.413317,0
UNM.US,D,20041122,000000,11.0431,11.4194,10.9419,11.3114,8009874.2568432,0
UNM.US,D,20041123,000000,11.2111,11.3045,10.9271,11.0509,5347294.1355612,0
UNM.US,D,20041124,000000,11.0716,11.1197,10.9271,11.0038,3918125.4559609,0
UNM.US,D,20041126,000000,10.9831,11.0765,10.9419,11.0038,934340.31480402,0
UNM.US,D,20041129,000000,11.0637,11.2278,11.0431,11.1758,3479870.3040153,0
UNM.US,D,20041130,000000,11.1413,11.1895,11.0431,11.1197,3349369.888554,0
UNM.US,D,20041201,000000,11.1266,11.1826,10.9065,11.1826,3661755.9513387,0
UNM.US,D,20041202,000000,11.1413,11.391,11.0559,11.3192,4788058.6862687,0
UNM.US,D,20041203,000000,11.2779,11.3467,11.0431,11.0834,2477900.0063646,0
UNM.US,D,20041206,000000,11.0559,11.1197,10.8937,10.9271,3908183.0129916,0
UNM.US,D,20041207,000000,10.9625,11.1345,10.933,10.933,2811285.2821146,0
UNM.US,D,20041208,000000,10.9419,11.106,10.9271,10.9704,2450595.4324332,0
UNM.US,D,20041209,000000,10.9704,11.1345,10.8554,11.0352,3707120.7643055,0
UNM.US,D,20041210,000000,11.0352,11.3114,10.9773,11.1758,3567243.7194155,0
UNM.US,D,20041213,000000,11.2858,11.4862,11.1413,11.4862,4336221.97405,0
UNM.US,D,20041214,000000,11.5315,11.6474,11.4273,11.6396,5336512.1311334,0
UNM.US,D,20041215,000000,11.7044,11.9344,11.5924,11.9137,6861865.0420221,0
UNM.US,D,20041216,000000,11.9639,12.3991,11.8587,12.073,12166032.177522,0
UNM.US,D,20041217,000000,12.073,12.4847,12.064,12.2675,6114448.7609428,0
UNM.US,D,20041220,000000,12.2842,12.5986,12.2567,12.3284,4887050.6146045,0
UNM.US,D,20041221,000000,12.3195,12.5711,12.0847,12.463,5193971.8955319,0
UNM.US,D,20041222,000000,12.4267,12.5318,12.349,12.4552,2374145.474846,0
UNM.US,D,20041223,000000,12.463,12.6359,12.3412,12.6055,1658234.6279414,0
UNM.US,D,20041227,000000,12.5918,12.6055,12.4336,12.5112,2228107.5753258,0
UNM.US,D,20041228,000000,12.463,12.6359,12.3618,12.6359,3499891.5550878,0
UNM.US,D,20041229,000000,12.6419,12.8836,12.6359,12.8531,6059706.3008969,0
UNM.US,D,20041230,000000,12.8689,13.0133,12.748,12.9573,1944011.1719172,0
UNM.US,D,20041231,000000,13.032,13.032,12.802,12.8158,2039785.2901538,0
UNM.US,D,20050103,000000,12.8217,12.8266,12.4994,12.5112,3788471.72551,0
UNM.US,D,20050104,000000,12.5112,12.7342,12.4994,12.4994,3663713.9104249,0
UNM.US,D,20050105,000000,12.4994,12.6419,12.29,12.299,1495394.3050982,0
UNM.US,D,20050106,000000,12.299,12.3844,12.1967,12.299,2043144.5536381,0
UNM.US,D,20050107,000000,12.3195,12.349,12.1417,12.1781,3002129.3046129,0
UNM.US,D,20050110,000000,12.1781,12.3284,12.1781,12.2498,2440374.1532946,0
UNM.US,D,20050111,000000,12.2114,12.2842,12.1554,12.2842,3299666.8325597,0
UNM.US,D,20050112,000000,12.2842,12.3706,12.2204,12.349,1875822.4990818,0
UNM.US,D,20050113,000000,12.354,12.4267,12.0552,12.0906,5053253.2538828,0
UNM.US,D,20050114,000000,12.0906,12.2046,12.073,12.1417,4508578.3444066,0
UNM.US,D,20050118,000000,11.9639,12.3195,11.8901,12.1967,3042172.8244082,0
UNM.US,D,20050119,000000,11.9854,12.1554,11.9854,12.0552,5695374.2809609,0
UNM.US,D,20050120,000000,11.9766,12.0042,11.7899,11.8626,5589663.8256565,0
UNM.US,D,20050121,000000,11.8626,12.073,11.8145,11.9344,2723911.8667144,0
UNM.US,D,20050124,000000,11.9344,12.0975,11.8341,11.9344,4433533.7618184,0
UNM.US,D,20050125,000000,11.9403,12.0906,11.7772,11.8145,4349665.1338887,0
UNM.US,D,20050126,000000,11.842,12.2046,11.7899,12.1839,2968523.4403165,0
UNM.US,D,20050127,000000,12.1781,12.1918,11.9972,12.1123,3150128.2161701,0
UNM.US,D,20050128,000000,12.1191,12.1712,12.0975,12.1554,2678400.5121112,0
UNM.US,D,20050131,000000,12.299,12.3195,12.1417,12.2615,3892085.8212937,0
UNM.US,D,20050201,000000,12.3117,12.349,12.2272,12.2498,3497794.1779169,0
UNM.US,D,20050202,000000,12.2675,12.463,12.2272,12.2419,3583619.7472826,0
UNM.US,D,20050203,000000,12.2675,12.5711,12.2615,12.3048,6035200.2651605,0
UNM.US,D,20050204,000000,12.3117,12.4482,12.2498,12.354,3723080.5732193,0
UNM.US,D,20050207,000000,12.4071,12.4071,12.2498,12.2498,3022855.7873106,0
UNM.US,D,20050208,000000,12.2675,12.4208,12.1191,12.1328,3092019.3690881,0
UNM.US,D,20050209,000000,12.1417,12.1781,12.0267,12.064,2487839.3963832,0
UNM.US,D,20050210,000000,12.1417,12.2272,12.1043,12.1123,1927206.7132937,0
UNM.US,D,20050211,000000,12.126,12.3195,12.0415,12.2498,2313380.5606043,0
UNM.US,D,20050214,000000,12.29,12.4208,12.1781,12.3195,1857200.5171068,0
UNM.US,D,20050215,000000,12.3618,12.4905,12.2615,12.4208,2218448.0391268,0
UNM.US,D,20050216,000000,12.354,12.463,12.2842,12.4267,1779494.7791077,0
UNM.US,D,20050217,000000,12.4267,12.463,12.3284,12.3923,1209056.0181828,0
UNM.US,D,20050218,000000,12.3923,12.5485,12.3706,12.3991,1675454.2878681,0
UNM.US,D,20050222,000000,12.3923,12.3923,12.0552,12.0906,2057149.4564164,0
UNM.US,D,20050223,000000,12.0975,12.1633,12.0327,12.1123,2689046.1514051,0
UNM.US,D,20050224,000000,12.1123,12.2114,11.9972,12.1712,1680215.8734007,0
UNM.US,D,20050225,000000,12.1918,12.52,12.0975,12.4482,2550007.6503233,0
UNM.US,D,20050228,000000,12.3923,12.3923,12.0847,12.0847,1656833.3235434,0
UNM.US,D,20050301,000000,12.1191,12.4394,12.1043,12.3923,6045140.6728293,0
UNM.US,D,20050302,000000,12.3923,12.4267,12.2842,12.3412,1231176.6817267,0
UNM.US,D,20050303,000000,12.4267,12.4797,12.3618,12.3923,1643390.1637046,0
UNM.US,D,20050304,000000,12.3991,12.3991,12.2675,12.3618,1673773.1296506,0
UNM.US,D,20050307,000000,12.2842,12.4336,12.2046,12.4208,2781602.4595426,0
UNM.US,D,20050308,000000,12.862,12.8689,12.5848,12.6271,5313124.4930248,0
UNM.US,D,20050309,000000,12.9111,12.9111,12.5407,12.6055,4085586.9286019,0
UNM.US,D,20050310,000000,12.6055,12.6497,12.4208,12.579,1407463.2173595,0
UNM.US,D,20050311,000000,12.6419,12.7853,12.6055,12.6989,2041464.4130709,0
UNM.US,D,20050314,000000,12.7342,12.7765,12.6556,12.7696,2102935.5765879,0
UNM.US,D,20050315,000000,12.8217,12.8325,12.525,12.525,1416843.9173893,0
UNM.US,D,20050316,000000,12.5318,12.5318,12.3048,12.3117,1930152.8107754,0
UNM.US,D,20050317,000000,12.3048,12.7412,12.3048,12.7165,2548478.1219935,0
UNM.US,D,20050318,000000,12.7853,12.8158,12.6271,12.6674,3739740.525507,0
UNM.US,D,20050321,000000,12.7558,12.7617,12.5711,12.7165,1221658.5989128,0
UNM.US,D,20050322,000000,12.7165,12.7165,12.1918,12.2842,4260607.5073202,0
UNM.US,D,20050323,000000,12.3618,12.4071,12.1476,12.2615,3434501.4204474,0
UNM.US,D,20050324,000000,12.299,12.3706,12.2675,12.2675,1567637.2965405,0
UNM.US,D,20050328,000000,12.354,12.354,12.1967,12.2842,1327931.8148069,0
UNM.US,D,20050329,000000,12.2419,12.4139,12.1417,12.1633,2761574.0849183,0
UNM.US,D,20050330,000000,12.2204,12.3363,12.1781,12.2615,2832705.8022846,0
UNM.US,D,20050331,000000,12.2615,12.2615,12.126,12.1554,3363232.3202969,0
UNM.US,D,20050401,000000,12.1839,12.235,11.6573,11.9137,6801797.2182036,0
UNM.US,D,20050404,000000,11.9137,12.0327,11.7044,11.896,4271953.2899881,0
UNM.US,D,20050405,000000,11.9265,12.0327,11.8145,12.0327,2710331.3240916,0
UNM.US,D,20050406,000000,12.0552,12.1839,12.012,12.1191,2171257.5616065,0
UNM.US,D,20050407,000000,12.1123,12.1781,12.0267,12.1417,2811983.390188,0
UNM.US,D,20050408,000000,12.2675,12.4336,12.1712,12.235,2242388.2613226,0
UNM.US,D,20050411,000000,12.2419,12.3363,12.0415,12.1123,1713121.5943232,0
UNM.US,D,20050412,000000,12.073,12.2567,11.9924,12.1967,1988393.9523902,0
UNM.US,D,20050413,000000,12.126,12.1417,11.8341,11.8901,3054773.3698376,0
UNM.US,D,20050414,000000,11.8823,12.0042,11.783,11.7899,2978743.7018048,0
UNM.US,D,20050415,000000,11.6769,11.7201,11.4273,11.4273,5653375.8550301,0
UNM.US,D,20050418,000000,11.2858,11.6848,11.0716,11.6003,3340550.9314637,0
UNM.US,D,20050419,000000,11.6003,11.8685,11.5924,11.7427,2332419.7791829,0
UNM.US,D,20050420,000000,11.7486,11.8145,11.5109,11.5109,1470051.760854,0
UNM.US,D,20050421,000000,11.6062,11.6396,11.4194,11.4273,3516836.4494463,0
UNM.US,D,20050422,000000,11.4273,11.5109,11.2189,11.4116,5425981.9060542,0
UNM.US,D,20050425,000000,11.4922,11.6336,11.4922,11.5796,2827808.8692684,0
UNM.US,D,20050426,000000,11.5796,11.7486,11.5639,11.6631,2496800.8245088,0
UNM.US,D,20050427,000000,11.67,11.6848,11.4421,11.6631,2641864.8327371,0
UNM.US,D,20050428,000000,11.6003,11.7349,11.4804,11.5029,2983083.9801328,0
UNM.US,D,20050429,000000,11.6199,11.9403,11.5394,11.9403,2786500.410209,0
UNM.US,D,20050502,000000,11.9854,12.1191,11.7702,11.9344,3440522.8569929,0
UNM.US,D,20050503,000000,11.9344,12.1712,11.8587,12.0267,4409868.3051909,0
UNM.US,D,20050504,000000,11.8901,12.6497,11.6278,12.2498,6473735.2709257,0
UNM.US,D,20050505,000000,12.2567,12.3412,12.0788,12.2675,3263681.7019724,0
UNM.US,D,20050506,000000,12.354,12.5848,12.2675,12.4905,3495130.9872055,0
UNM.US,D,20050509,000000,12.4797,12.4797,12.1417,12.2763,4281191.5189825,0
UNM.US,D,20050510,000000,12.2419,12.3756,12.1918,12.3412,3151665.885702,0
UNM.US,D,20050511,000000,12.354,12.3844,12.2567,12.3284,1706955.6514418,0
UNM.US,D,20050512,000000,12.3363,12.463,12.1967,12.2204,2159920.9377909,0
UNM.US,D,20050513,000000,12.2615,12.3284,12.1328,12.1839,4675201.2732393,0
UNM.US,D,20050516,000000,12.1839,12.349,12.1476,12.2842,2704872.6481358,0
UNM.US,D,20050517,000000,12.3195,12.8266,12.3048,12.6497,8613074.2323548,0
UNM.US,D,20050518,000000,12.6497,12.9337,12.6114,12.8463,10873946.075218,0
UNM.US,D,20050519,000000,12.8463,12.918,12.6989,12.8217,1564279.0507065,0
UNM.US,D,20050520,000000,12.8531,12.8767,12.7765,12.7853,1691981.9456229,0
UNM.US,D,20050523,000000,12.7932,12.8531,12.748,12.748,2076468.5288145,0
UNM.US,D,20050524,000000,12.7067,12.9249,12.6616,12.8463,3030968.4951254,0
UNM.US,D,20050525,000000,12.802,12.8531,12.6497,12.7412,1175031.8996325,0
UNM.US,D,20050526,000000,12.7412,12.9249,12.7412,12.9111,1812111.4873585,0
UNM.US,D,20050527,000000,12.8767,13.1577,12.8394,13.032,3553658.0885413,0
UNM.US,D,20050531,000000,12.9111,13.2325,12.9032,13.1136,4104767.6005656,0
UNM.US,D,20050601,000000,13.1204,13.1204,12.918,13.0683,3255699.2533899,0
UNM.US,D,20050602,000000,13.0968,13.1057,12.9573,13.0683,2630381.6672851,0
UNM.US,D,20050603,000000,13.032,13.0388,12.8158,12.8217,5589804.2613913,0
UNM.US,D,20050606,000000,12.8325,13.032,12.7617,13.0045,2181623.3470809,0
UNM.US,D,20050607,000000,12.9985,13.0045,12.9111,12.9484,2767319.7382453,0
UNM.US,D,20050608,000000,12.9985,13.032,12.8993,12.9868,2186378.826712,0
UNM.US,D,20050609,000000,12.9868,13.0045,12.8325,12.862,3157685.286947,0
UNM.US,D,20050610,000000,12.8531,12.918,12.8266,12.8463,2159645.1545724,0
UNM.US,D,20050613,000000,12.8394,12.9662,12.802,12.8531,2654603.778601,0
UNM.US,D,20050614,000000,12.299,13.0899,12.1781,13.0683,1664814.7544756,0
UNM.US,D,20050615,000000,13.0683,13.1352,13.0045,13.032,1670276.4833821,0
UNM.US,D,20050616,000000,13.0388,13.0899,12.9789,13.0192,1455067.8785326,0
UNM.US,D,20050617,000000,13.0192,13.1421,12.9789,13.1421,2328782.6971796,0
UNM.US,D,20050620,000000,13.0683,13.1352,12.973,13.1057,850744.41714203,0
UNM.US,D,20050621,000000,13.1057,13.4388,12.9985,13.3719,3024249.9681568,0
UNM.US,D,20050622,000000,13.4388,13.4545,13.2128,13.2904,1602647.5181857,0
UNM.US,D,20050623,000000,13.3051,13.3346,13.2059,13.2128,1455486.1327865,0
UNM.US,D,20050624,000000,13.2236,13.2482,13.0763,13.1057,1142687.9216495,0
UNM.US,D,20050627,000000,13.0546,13.0968,12.9927,12.9985,3754165.7178397,0
UNM.US,D,20050628,000000,12.9985,13.032,12.9337,13.0133,4006334.3622186,0
UNM.US,D,20050629,000000,13.0133,13.0683,12.9985,13.0261,2847828.0850404,0
UNM.US,D,20050630,000000,13.0683,13.2059,13.0388,13.0831,3866461.3879296,0
UNM.US,D,20050701,000000,13.1705,13.3199,13.0683,13.2904,3692135.8643339,0
UNM.US,D,20050705,000000,13.3278,13.6785,13.1843,13.6707,3842796.9489522,0
UNM.US,D,20050706,000000,13.6491,13.8417,13.6491,13.7493,4989403.8417251,0
UNM.US,D,20050707,000000,13.5705,13.6707,13.3926,13.6314,3320394.3329076,0
UNM.US,D,20050708,000000,13.6314,13.6982,13.5568,13.5646,2658241.8782545,0
UNM.US,D,20050711,000000,13.706,13.9429,13.5971,13.7838,2655305.9572754,0
UNM.US,D,20050712,000000,13.7965,13.8486,13.6982,13.7838,4444875.4738853,0
UNM.US,D,20050713,000000,13.8122,13.8289,13.7425,13.8191,2788741.2760656,0
UNM.US,D,20050714,000000,13.8034,13.8909,13.7425,13.7965,1947794.795557,0
UNM.US,D,20050715,000000,13.8034,13.8191,13.7188,13.7493,1052794.8042235,0
UNM.US,D,20050718,000000,13.7425,13.8191,13.7346,13.7641,1381001.2578373,0
UNM.US,D,20050719,000000,13.8122,13.9685,13.7838,13.8829,1257501.2584647,0
UNM.US,D,20050720,000000,13.8417,14.0196,13.7641,13.9812,2240852.6270912,0
UNM.US,D,20050721,000000,13.9753,14.0254,13.7838,13.9488,2734275.6168884,0
UNM.US,D,20050722,000000,13.9989,13.9989,13.8191,13.8544,2186665.8040833,0
UNM.US,D,20050725,000000,13.8544,13.9302,13.7346,13.7493,1868961.5010778,0
UNM.US,D,20050726,000000,13.8329,13.8329,13.5498,13.6835,2202628.6659478,0
UNM.US,D,20050727,000000,13.7493,13.8682,13.6402,13.6491,2334945.5871102,0
UNM.US,D,20050728,000000,13.6785,13.9302,13.6785,13.8829,2613578.2263118,0
UNM.US,D,20050729,000000,13.937,13.9557,13.5774,13.6785,1463329.1632844,0
UNM.US,D,20050801,000000,13.6049,13.6049,13.1421,13.2393,5939565.5650085,0
UNM.US,D,20050802,000000,13.2128,13.256,13.0605,13.1136,5047791.5249763,0
UNM.US,D,20050803,000000,13.7838,14.4765,13.6835,14.4077,13947765.787186,0
UNM.US,D,20050804,000000,14.2859,14.2937,13.9557,14.1385,3291683.3663269,0
UNM.US,D,20050805,000000,14.1758,14.1758,13.8544,13.9154,2220407.0158633,0
UNM.US,D,20050808,000000,13.9065,14.0254,13.7896,13.8544,2406347.9994438,0
UNM.US,D,20050809,000000,13.8909,14.1325,13.8909,14.0648,3548619.70214,0
UNM.US,D,20050810,000000,14.0834,14.392,13.9812,13.9812,2065966.3782062,0
UNM.US,D,20050811,000000,14.0549,14.106,13.9557,14.0726,1748267.163452,0
UNM.US,D,20050812,000000,14.0726,14.0726,13.8614,13.9812,1090462.1106786,0
UNM.US,D,20050815,000000,13.9901,14.2475,13.9615,14.1325,1383657.324997,0
UNM.US,D,20050816,000000,14.0834,14.1758,14.0048,14.0048,1551964.464998,0
UNM.US,D,20050817,000000,13.9615,14.1473,13.9615,14.0913,2519064.9767384,0
UNM.US,D,20050818,000000,14.0196,14.0834,13.9488,13.9989,961507.5059513,0
UNM.US,D,20050819,000000,14.0726,14.1296,13.9213,14.0117,991749.01851213,0
UNM.US,D,20050822,000000,14.1217,14.2358,14.0048,14.0726,1623511.3836675,0
UNM.US,D,20050823,000000,14.106,14.106,13.8417,13.8417,1355094.9353532,0
UNM.US,D,20050824,000000,13.8191,13.9901,13.711,13.7896,1723764.1806664,0
UNM.US,D,20050825,000000,13.8544,14.2122,13.8544,14.1217,2064845.9452779,0
UNM.US,D,20050826,000000,14.0471,14.0648,13.9302,13.9989,1493996.0536509,0
UNM.US,D,20050829,000000,13.8909,14.0313,13.8829,13.9557,1455348.7500024,0
UNM.US,D,20050830,000000,13.8829,13.9213,13.5833,13.7346,1615249.0812654,0
UNM.US,D,20050831,000000,13.7425,13.7965,13.4762,13.7965,2018638.5179018,0
UNM.US,D,20050901,000000,13.7965,13.8682,13.6402,13.8544,1246020.1283132,0
UNM.US,D,20050902,000000,13.9154,13.9213,13.6835,13.7425,848928.92909114,0
UNM.US,D,20050906,000000,13.8829,13.9429,13.7493,13.9429,1103069.7796599,0
UNM.US,D,20050907,000000,13.8761,14.0196,13.7277,13.9429,1385201.1004304,0
UNM.US,D,20050908,000000,13.8682,13.9429,13.7493,13.8829,1491755.1877943,0
UNM.US,D,20050909,000000,13.8909,14.0254,13.8417,14.0117,821483.91942486,0
UNM.US,D,20050912,000000,14.0549,14.1296,13.9488,14.0834,1357195.3654749,0
UNM.US,D,20050913,000000,14.0913,14.1296,13.706,13.711,2266053.7179502,0
UNM.US,D,20050914,000000,13.711,14.0471,13.6785,14.0471,2471322.9327811,0
UNM.US,D,20050915,000000,14.0982,14.3409,14.0982,14.3261,2436453.1468708,0
UNM.US,D,20050916,000000,14.392,14.446,14.163,14.4077,2321775.1575392,0
UNM.US,D,20050919,000000,14.3192,14.4077,14.1699,14.3743,1704020.7481129,0
UNM.US,D,20050920,000000,14.3595,14.9325,14.3467,14.5492,6118650.6388364,0
UNM.US,D,20050921,000000,14.3674,14.4991,14.0313,14.1473,2471461.3332155,0
UNM.US,D,20050922,000000,14.0726,14.1217,13.9154,14.1217,1528297.9907202,0
UNM.US,D,20050923,000000,14.1385,14.3192,14.0117,14.1325,2126732.3100981,0
UNM.US,D,20050926,000000,14.1758,14.2937,14.0726,14.163,1307212.4556611,0
UNM.US,D,20050927,000000,14.1965,14.2023,13.9989,14.1217,1120423.76942,0
UNM.US,D,20050928,000000,14.1827,14.3261,14.1325,14.2859,1127984.9107979,0
UNM.US,D,20050929,000000,14.2859,14.4913,14.219,14.392,3038953.9966587,0
UNM.US,D,20050930,000000,14.4165,14.6907,14.2701,14.6445,4247163.3298312,0
UNM.US,D,20051003,000000,14.6848,14.8755,14.4421,14.7123,4142715.7784905,0
UNM.US,D,20051004,000000,14.5709,14.677,14.0471,14.106,4270133.7313362,0
UNM.US,D,20051005,000000,14.106,14.3124,13.9753,14.3056,3302883.6250086,0
UNM.US,D,20051006,000000,14.2358,14.2701,14.0392,14.163,3568082.2632237,0
UNM.US,D,20051007,000000,14.1758,14.2475,14.0648,14.163,1519056.708775,0
UNM.US,D,20051010,000000,14.1385,14.2475,13.9213,13.9615,1462767.4203449,0
UNM.US,D,20051011,000000,13.9685,14.1758,13.7838,13.9429,1903402.8562317,0
UNM.US,D,20051012,000000,13.9488,14.1325,13.8544,13.9429,2193241.8600165,0
UNM.US,D,20051013,000000,13.8682,13.9302,13.5774,13.8034,2284814.1003595,0
UNM.US,D,20051014,000000,13.8034,13.9989,13.7768,13.9065,1974113.2663934,0
UNM.US,D,20051017,000000,14.0048,14.1758,13.7965,13.9213,920902.24321653,0
UNM.US,D,20051018,000000,13.9488,14.2122,13.8829,14.0549,1330451.5168327,0
UNM.US,D,20051019,000000,14.0048,14.2426,13.9753,14.219,1944149.5723516,0
UNM.US,D,20051020,000000,14.2426,14.334,14.0048,14.0982,2321079.0847663,0
UNM.US,D,20051021,000000,14.0982,14.2426,14.0392,14.1699,1620846.1576555,0
UNM.US,D,20051024,000000,14.163,14.278,14.0726,14.2122,2456057.1613397,0
UNM.US,D,20051025,000000,14.219,14.2859,13.937,13.9989,1979433.5419148,0
UNM.US,D,20051026,000000,13.9989,14.0982,13.8614,13.8614,1919648.6248665,0
UNM.US,D,20051027,000000,13.8909,14.2122,13.8682,14.0196,2978324.4299007,0
UNM.US,D,20051028,000000,13.9812,14.1758,13.8987,14.1149,1716904.2003126,0
UNM.US,D,20051031,000000,14.1217,14.5905,14.1217,14.4913,3445148.0773916,0
UNM.US,D,20051101,000000,14.4913,14.7055,14.2426,14.5128,3005063.1902916,0
UNM.US,D,20051102,000000,14.9619,15.6566,14.7742,15.6075,11978831.342929,0
UNM.US,D,20051103,000000,15.6262,15.8561,15.4503,15.5908,7158708.5324965,0
UNM.US,D,20051104,000000,15.6075,15.6478,15.356,15.4916,3526773.8041643,0
UNM.US,D,20051107,000000,15.5672,15.583,15.2685,15.4366,3531677.8607323,0
UNM.US,D,20051108,000000,15.5044,15.6075,15.3697,15.3893,2651937.5349388,0
UNM.US,D,20051109,000000,15.3893,15.4916,15.2852,15.3196,3604758.3783327,0
UNM.US,D,20051110,000000,15.3893,15.4601,15.185,15.3049,3100003.8529712,0
UNM.US,D,20051111,000000,15.4277,15.4503,15.3196,15.4061,1387159.0595167,0
UNM.US,D,20051114,000000,15.4916,15.6262,15.4061,15.5357,2071008.8352086,0
UNM.US,D,20051115,000000,15.5044,15.7126,15.4964,15.583,2116374.6658257,0
UNM.US,D,20051116,000000,15.583,15.6813,15.4061,15.5044,1853696.7472866,0
UNM.US,D,20051117,000000,15.6213,15.8561,15.5672,15.8561,1923011.9589519,0
UNM.US,D,20051118,000000,15.8561,16.0409,15.7627,15.9259,1569600.3438781,0
UNM.US,D,20051121,000000,15.92,15.9839,15.7834,15.8758,1138908.3686108,0
UNM.US,D,20051122,000000,15.7962,15.9996,15.7569,15.9839,1652634.4986005,0
UNM.US,D,20051123,000000,15.9701,16.1411,15.8561,16.0409,1424400.9881662,0
UNM.US,D,20051125,000000,16.1893,16.1893,15.8277,15.8708,541170.12200574,0
UNM.US,D,20051128,000000,15.8708,16.0262,15.7834,15.9632,1422440.9937794,0
UNM.US,D,20051129,000000,16.1057,16.2059,15.9632,16.1136,1683579.207486,0
UNM.US,D,20051130,000000,16.1215,16.1637,15.7126,15.7126,2571009.9162395,0
UNM.US,D,20051201,000000,15.92,16.0262,15.7687,15.8955,2642842.79463,0
UNM.US,D,20051202,000000,15.8404,16.0409,15.8404,15.9996,1319532.1296208,0
UNM.US,D,20051205,000000,15.9259,16.089,15.5466,16.034,3462511.226004,0
UNM.US,D,20051206,000000,16.034,16.034,15.6685,15.7068,2101388.7482038,0
UNM.US,D,20051207,000000,15.7068,15.9406,15.6075,15.6685,1616089.6603742,0
UNM.US,D,20051208,000000,15.64,15.7893,15.5672,15.6566,1229782.5008804,0
UNM.US,D,20051209,000000,15.7264,15.7962,15.6075,15.6813,1090740.9468479,0
UNM.US,D,20051212,000000,15.6813,15.7481,15.5044,15.6813,1839418.0965904,0
UNM.US,D,20051213,000000,15.6685,15.7421,15.5357,15.7126,2232588.2893886,0
UNM.US,D,20051214,000000,15.6733,15.7893,15.64,15.7421,1271085.8716886,0
UNM.US,D,20051215,000000,15.7893,15.8708,15.5417,15.583,1604327.658753,0
UNM.US,D,20051216,000000,15.583,15.7834,15.5672,15.6213,1878201.7653727,0
UNM.US,D,20051219,000000,15.5466,15.5535,15.3107,15.4218,2067090.8817355,0
UNM.US,D,20051220,000000,15.4964,15.7126,15.4366,15.7126,1788029.8117775,0
UNM.US,D,20051221,000000,15.7126,15.9839,15.6733,15.9564,2565831.0941033,0
UNM.US,D,20051222,000000,15.9564,16.1215,15.8561,16.1215,2012055.3384168,0
UNM.US,D,20051223,000000,16.1893,16.2129,16.0262,16.1136,1170695.6919056,0
UNM.US,D,20051227,000000,16.1755,16.2993,16.0409,16.1057,1394717.1479438,0
UNM.US,D,20051228,000000,16.1893,16.2993,16.1215,16.1755,985442.63989587,0
UNM.US,D,20051229,000000,16.1696,16.3533,16.1696,16.2551,1124203.3224587,0
UNM.US,D,20051230,000000,16.2551,16.32,16.1755,16.2502,1556301.6903752,0
UNM.US,D,20060103,000000,16.32,16.54,16.1814,16.5342,3032647.6180425,0
UNM.US,D,20060104,000000,16.54,16.9695,16.4899,16.6973,6724225.8100378,0
UNM.US,D,20060105,000000,16.713,16.8338,16.5499,16.6826,5926122.4051698,0
UNM.US,D,20060106,000000,16.5342,16.54,16.2699,16.4408,10023057.15174,0
UNM.US,D,20060109,000000,16.4339,16.4899,16.3533,16.4202,1764083.4836802,0
UNM.US,D,20060110,000000,16.4202,16.4261,16.2993,16.3916,2311141.7300483,0
UNM.US,D,20060111,000000,16.3533,16.5125,16.32,16.4831,2986024.9893632,0
UNM.US,D,20060112,000000,16.4831,16.5833,16.4339,16.5273,3201234.611863,0
UNM.US,D,20060113,000000,16.5273,16.5892,16.4477,16.4831,2175182.6386313,0
UNM.US,D,20060117,000000,16.4831,16.4969,16.3327,16.3701,1467810.8949975,0
UNM.US,D,20060118,000000,16.377,16.4044,16.089,16.1411,1441490.3888605,0
UNM.US,D,20060119,000000,16.1411,16.1814,16.034,16.1283,2872892.8107655,0
UNM.US,D,20060120,000000,16.089,16.1283,15.864,15.864,2590755.3840935,0
UNM.US,D,20060123,000000,15.864,16.0694,15.864,15.9111,1862945.1527836,0
UNM.US,D,20060124,000000,16.4969,16.4969,15.8198,16.0694,3153624.8624385,0
UNM.US,D,20060125,000000,16.1411,16.3848,16.0831,16.2129,2542305.0555603,0
UNM.US,D,20060126,000000,17.1267,17.3606,16.9321,16.9479,7476124.8404805,0
UNM.US,D,20060127,000000,17.0707,17.452,17.0323,17.1769,3746321.6696915,0
UNM.US,D,20060130,000000,16.713,17.2181,16.6747,17.1621,4372900.1244594,0
UNM.US,D,20060131,000000,15.356,15.4601,14.2358,14.5188,19739047.498567,0
UNM.US,D,20060201,000000,14.5334,15.0336,14.4283,14.9197,9368465.8384648,0
UNM.US,D,20060202,000000,14.9197,15.0818,14.896,14.9983,7275758.6645673,0
UNM.US,D,20060203,000000,14.9983,15.1496,14.7969,14.905,6548224.2164758,0
UNM.US,D,20060206,000000,14.9983,15.1565,14.9541,15.0887,4062342.7791789,0
UNM.US,D,20060207,000000,15.1054,15.1122,14.9403,14.9836,3091738.4976184,0
UNM.US,D,20060208,000000,15.0336,15.0336,14.8047,14.9541,2580957.4474601,0
UNM.US,D,20060209,000000,14.9403,15.0061,14.7742,14.9619,2061205.8103239,0
UNM.US,D,20060210,000000,14.9619,15.0818,14.8755,14.9983,2894733.62049,0
UNM.US,D,20060213,000000,14.9983,15.0287,14.8184,14.9118,1519056.708775,0
UNM.US,D,20060214,000000,14.9255,15.0818,14.8902,15.0484,3164410.9374674,0
UNM.US,D,20060215,000000,15.07,15.1054,14.9619,15.0818,1682735.5754265,0
UNM.US,D,20060216,000000,15.0336,15.1761,15.0061,15.1703,1558960.8104856,0
UNM.US,D,20060217,000000,15.1703,15.2115,15.1339,15.1427,1092842.3946198,0
UNM.US,D,20060221,000000,15.1427,15.1427,14.8755,14.9983,2663426.8062923,0
UNM.US,D,20060222,000000,15.0336,15.1703,14.9894,15.1122,11413016.784752,0
UNM.US,D,20060223,000000,15.1192,15.1761,14.9766,15.0061,1787748.9403077,0
UNM.US,D,20060224,000000,15.0336,15.07,14.8902,15.0415,1713262.0300581,0
UNM.US,D,20060227,000000,14.9836,15.1054,14.8647,15.07,3740444.7394819,0
UNM.US,D,20060228,000000,14.9766,15.0287,14.7486,14.7742,3401316.8633557,0
UNM.US,D,20060301,000000,14.7674,14.842,14.617,14.8342,3307086.5205525,0
UNM.US,D,20060302,000000,14.6986,14.8342,14.5571,14.7123,2767875.3752833,0
UNM.US,D,20060303,000000,14.6445,14.7486,14.5757,14.6259,2907898.9618097,0
UNM.US,D,20060306,000000,14.6259,14.7339,14.4913,14.677,3843635.4927605,0
UNM.US,D,20060307,000000,14.6563,14.7604,14.5757,14.7281,1939249.5863847,0
UNM.US,D,20060308,000000,14.7281,14.8272,14.5757,14.7486,3162307.454395,0
UNM.US,D,20060309,000000,14.7486,14.8184,14.6022,14.617,1550840.979119,0
UNM.US,D,20060310,000000,14.6445,14.8567,14.6445,14.7546,2484058.8256942,0
UNM.US,D,20060313,000000,14.7546,14.8567,14.5709,14.677,2114132.7823189,0
UNM.US,D,20060314,000000,14.6632,14.9541,14.6259,14.9325,1547760.5518039,0
UNM.US,D,20060315,000000,14.9619,15.07,14.8184,15.0552,1965151.8382678,0
UNM.US,D,20060316,000000,15.0552,15.0759,14.8136,14.896,2110910.9016187,0
UNM.US,D,20060317,000000,15.0336,15.1633,14.9708,15.0631,2596360.6016856,0
UNM.US,D,20060320,000000,15.1565,15.2115,14.9766,15.0287,2167064.8425652,0
UNM.US,D,20060321,000000,15.0287,15.0287,14.7408,14.8047,1593828.5610954,0
UNM.US,D,20060322,000000,14.7546,14.9118,14.7123,14.7408,1504772.9698275,0
UNM.US,D,20060323,000000,14.7408,14.8342,14.6445,14.7674,2551269.5366368,0
UNM.US,D,20060324,000000,14.7674,14.8567,14.677,14.7546,1698279.1653869,0
UNM.US,D,20060327,000000,14.677,14.7486,14.5757,14.6632,1284808.8853469,0
UNM.US,D,20060328,000000,14.6632,14.7123,14.5571,14.6022,1470476.1210094,0
UNM.US,D,20060329,000000,14.5709,14.9197,14.5414,14.8136,1110486.4147019,0
UNM.US,D,20060330,000000,14.7821,14.896,14.7192,14.7674,769958.25182787,0
UNM.US,D,20060331,000000,14.7674,14.8136,14.6092,14.6259,1635127.8613026,0
UNM.US,D,20060403,000000,14.677,14.9118,14.5709,14.7281,2189326.9594942,0
UNM.US,D,20060404,000000,14.7821,14.8567,14.7192,14.7486,2271515.4468566,0
UNM.US,D,20060405,000000,14.7486,14.8755,14.67,14.7821,1982376.5864457,0
UNM.US,D,20060406,000000,14.7192,14.7281,14.0048,14.0726,6435650.7278669,0
UNM.US,D,20060407,000000,14.0726,14.2475,13.6186,13.7277,4339159.9303296,0
UNM.US,D,20060410,000000,13.77,13.937,13.7425,13.9154,2378766.6246437,0
UNM.US,D,20060411,000000,14.0726,14.0726,13.7562,13.77,2708925.9490925,0
UNM.US,D,20060412,000000,13.8329,13.8614,13.7188,13.7188,2091591.8292206,0
UNM.US,D,20060413,000000,13.77,13.8034,13.5646,13.5774,7059016.4607869,0
UNM.US,D,20060417,000000,13.6402,13.7896,13.5971,13.6108,6710085.5597759,0
UNM.US,D,20060418,000000,13.7425,13.7493,13.5056,13.6049,3316748.092052,0
UNM.US,D,20060419,000000,13.6049,13.9989,13.6049,13.8682,3182889.4307567,0
UNM.US,D,20060420,000000,13.7188,13.7188,13.4545,13.6402,4775739.012309,0
UNM.US,D,20060421,000000,13.9302,13.9812,13.711,13.8191,5300103.6580409,0
UNM.US,D,20060424,000000,13.7965,13.9901,13.7562,13.9302,3014448.9785726,0
UNM.US,D,20060425,000000,13.9302,14.1827,13.8682,14.1552,3526498.0209458,0
UNM.US,D,20060426,000000,14.2122,14.4165,14.1827,14.3674,2821927.8684578,0
UNM.US,D,20060427,000000,14.2122,14.5649,14.2122,14.5334,2723209.68804,0
UNM.US,D,20060428,000000,14.4362,14.6092,14.3979,14.506,2757933.9499642,0
UNM.US,D,20060501,000000,14.278,14.4618,14.1325,14.1325,5042056.0481519,0
UNM.US,D,20060502,000000,14.2859,14.4362,14.219,14.4362,2812822.9516465,0
UNM.US,D,20060503,000000,14.4362,14.4991,14.2426,14.2859,3042029.3357225,0
UNM.US,D,20060504,000000,13.4329,13.4624,12.4267,13.2776,16738183.133218,0
UNM.US,D,20060505,000000,13.0968,13.5145,13.0968,13.4182,5542617.8544721,0
UNM.US,D,20060508,000000,13.4231,13.4997,12.9337,12.9484,8375740.8933603,0
UNM.US,D,20060509,000000,12.9484,13.1204,12.9249,13.0605,5058289.6049836,0
UNM.US,D,20060510,000000,13.0388,13.1352,12.9484,13.1136,3754165.7178397,0
UNM.US,D,20060511,000000,13.032,13.0683,12.9249,12.9406,3254717.220896,0
UNM.US,D,20060512,000000,12.9111,12.973,12.7165,12.7342,3226436.7203722,0
UNM.US,D,20060515,000000,12.6616,12.809,12.6359,12.7117,4759777.1680947,0
UNM.US,D,20060516,000000,12.6753,12.8914,12.6419,12.8325,6601152.2061211,0
UNM.US,D,20060517,000000,12.8217,12.8266,12.4071,12.4208,8633516.7906319,0
UNM.US,D,20060518,000000,12.3117,12.5545,12.2675,12.4552,5401198.0517989,0
UNM.US,D,20060519,000000,12.4797,12.4994,12.2675,12.3195,6031275.1881357,0
UNM.US,D,20060522,000000,12.2498,12.4847,12.1967,12.4394,4904132.8917471,0
UNM.US,D,20060523,000000,12.4797,12.525,12.299,12.4336,4153078.5110142,0
UNM.US,D,20060524,000000,12.3923,12.6271,12.2615,12.4552,4115698.1819304,0
UNM.US,D,20060525,000000,12.4847,12.5711,12.3756,12.4552,1620711.8278222,0
UNM.US,D,20060526,000000,12.5643,12.809,12.4552,12.7617,3595802.0384583,0
UNM.US,D,20060530,000000,12.6989,12.7412,12.579,12.6419,2741137.6325427,0
UNM.US,D,20060531,000000,12.6616,12.8325,12.6114,12.8266,2335364.8590144,0
UNM.US,D,20060601,000000,12.8158,12.9927,12.7244,12.9868,3294205.1036532,0
UNM.US,D,20060602,000000,12.9406,13.032,12.862,12.9868,1899341.414073,0
UNM.US,D,20060605,000000,12.9868,12.9868,12.7067,12.7067,2071571.5957983,0
UNM.US,D,20060606,000000,12.7067,12.7765,12.5112,12.7117,2772077.2531769,0
UNM.US,D,20060607,000000,12.7617,13.1421,12.6419,12.9249,3085294.736218,0
UNM.US,D,20060608,000000,12.918,13.0261,12.691,13.0261,3007029.2905799,0
UNM.US,D,20060609,000000,13.0133,13.0192,12.8325,12.9789,2134019.703558,0
UNM.US,D,20060612,000000,13.0045,13.0477,12.8394,12.9573,2170977.707787,0
UNM.US,D,20060613,000000,12.8836,12.9484,12.7412,12.8394,3309607.2402285,0
UNM.US,D,20060614,000000,12.8394,12.9249,12.6271,12.6616,2610360.4162126,0
UNM.US,D,20060615,000000,12.7412,13.1421,12.7412,13.0899,1498614.1504978,0
UNM.US,D,20060616,000000,12.9662,13.0899,12.8914,12.973,3106304.1256859,0
UNM.US,D,20060619,000000,13.0261,13.256,12.6674,12.8158,4017399.2734167,0
UNM.US,D,20060620,000000,12.8217,13.1057,12.8217,12.9789,3047073.8280254,0
UNM.US,D,20060621,000000,13.0192,13.0899,12.8836,12.8914,1300768.6942607,0
UNM.US,D,20060622,000000,12.8993,12.8993,12.748,12.748,1837597.5202882,0
UNM.US,D,20060623,000000,12.7067,12.8325,12.5918,12.802,1282427.5837554,0
UNM.US,D,20060626,000000,12.7617,12.9337,12.748,12.8836,1132467.6601612,0
UNM.US,D,20060627,000000,12.8325,12.9406,12.6419,12.6616,1695761.4986616,0
UNM.US,D,20060628,000000,12.7117,12.8217,12.6419,12.6831,1365175.7787569,0
UNM.US,D,20060629,000000,12.7932,12.9662,12.7165,12.918,1417265.2245939,0
UNM.US,D,20060630,000000,12.973,13.0261,12.9032,12.9484,2117214.2272842,0
UNM.US,D,20060703,000000,12.9868,13.0133,12.7067,12.9573,1528160.607936,0
UNM.US,D,20060705,000000,12.8993,12.9484,12.6271,12.6271,2055606.6986333,0
UNM.US,D,20060706,000000,12.2114,12.4797,11.8901,12.3991,4611913.6040211,0
UNM.US,D,20060707,000000,12.4267,12.4267,12.2046,12.2842,2103629.6140603,0
UNM.US,D,20060710,000000,12.2842,12.3412,12.1839,12.1967,1604327.658753,0
UNM.US,D,20060711,000000,12.2204,12.2675,11.9727,12.1417,2482939.4104162,0
UNM.US,D,20060712,000000,12.1417,12.1712,11.8488,11.8901,3312968.5390133,0
UNM.US,D,20060713,000000,11.896,12.0199,11.7565,11.7772,2450459.0672993,0
UNM.US,D,20060714,000000,11.7987,11.8057,11.6474,11.7565,1829617.1070062,0
UNM.US,D,20060717,000000,11.7772,11.8901,11.6966,11.7201,1512057.3103366,0
UNM.US,D,20060718,000000,11.728,11.8901,11.6396,11.7113,1984480.0695182,0
UNM.US,D,20060719,000000,11.7565,12.1191,11.7565,12.064,2172935.6668732,0
UNM.US,D,20060720,000000,12.064,12.2114,12.0415,12.0483,1279765.4106943,0
UNM.US,D,20060721,000000,12.073,12.1417,11.9766,11.9854,2635141.2175172,0
UNM.US,D,20060724,000000,12.0199,12.0788,11.8901,11.9137,1546082.4465371,0
UNM.US,D,20060725,000000,11.9579,11.9972,11.8145,11.8626,2672521.5466011,0
UNM.US,D,20060726,000000,11.8685,11.9972,11.8341,11.9639,2761439.7550849,0
UNM.US,D,20060727,000000,11.9137,11.9265,11.6573,11.6769,3024249.9681568,0
UNM.US,D,20060728,000000,11.7044,11.783,11.613,11.6278,2041464.4130709,0
UNM.US,D,20060731,000000,11.6003,11.728,11.5315,11.5924,3265500.2429741,0
UNM.US,D,20060801,000000,11.613,11.8488,11.5796,11.842,2976927.1961037,0
UNM.US,D,20060802,000000,11.8823,12.0199,11.7349,11.8587,2244351.3086601,0
UNM.US,D,20060803,000000,12.1043,12.1123,11.7486,11.9059,6446017.5309916,0
UNM.US,D,20060804,000000,11.9972,12.073,11.6966,11.7486,2878494.9754069,0
UNM.US,D,20060807,000000,11.7702,11.7702,11.6003,11.6336,2387724.9998186,0
UNM.US,D,20060808,000000,11.6966,11.7565,11.5924,11.6631,2231050.6198568,0
UNM.US,D,20060809,000000,11.8587,12.3618,11.8488,12.073,9985391.8805854,0
UNM.US,D,20060810,000000,12.073,12.299,11.9854,12.2567,2425394.3415742,0
UNM.US,D,20060811,000000,12.1967,12.2675,12.064,12.1712,2677564.0036034,0
UNM.US,D,20060814,000000,12.2763,12.3756,12.0483,12.0906,2426509.6862512,0
UNM.US,D,20060815,000000,12.3844,12.6359,12.349,12.5407,3285802.3655163,0
UNM.US,D,20060816,000000,12.5848,12.809,12.5848,12.809,1949614.3542089,0
UNM.US,D,20060817,000000,12.809,13.0192,12.7853,13.0192,1920627.6044097,0
UNM.US,D,20060818,000000,13.0192,13.032,12.8767,12.9868,2667622.5782844,0
UNM.US,D,20060821,000000,12.9868,13.0133,12.9111,12.9868,1564144.7208731,0
UNM.US,D,20060822,000000,12.9927,13.0831,12.9484,13.0546,2319954.5812371,0
UNM.US,D,20060823,000000,13.0546,13.1273,12.9927,13.1204,1838017.8098426,0
UNM.US,D,20060824,000000,13.1843,13.2177,13.1489,13.2177,2155300.8056434,0
UNM.US,D,20060825,000000,13.2128,13.256,13.1352,13.256,1925528.6080269,0
UNM.US,D,20060828,000000,13.256,13.4624,13.2236,13.3926,1938132.2064071,0
UNM.US,D,20060829,000000,13.4388,13.4997,13.3199,13.4762,2057705.0934544,0
UNM.US,D,20060830,000000,13.5351,13.5351,13.4122,13.4762,1543561.7268611,0
UNM.US,D,20060831,000000,13.4908,13.5351,13.3926,13.5351,2697168.0180723,0
UNM.US,D,20060901,000000,13.5646,13.5833,13.484,13.5833,1678394.2794483,0
UNM.US,D,20060905,000000,13.5705,13.6186,13.5145,13.5646,2371347.9543012,0
UNM.US,D,20060906,000000,13.541,13.6049,13.3278,13.3975,1805674.8495098,0
UNM.US,D,20060907,000000,13.3563,13.4477,13.3199,13.4182,1564144.7208731,0
UNM.US,D,20060908,000000,13.4545,13.5283,13.313,13.5056,1366996.3550591,0
UNM.US,D,20060911,000000,13.5145,13.541,13.4329,13.4908,1861399.3420497,0
UNM.US,D,20060912,000000,13.541,13.7346,13.4997,13.711,1832556.0809361,0
UNM.US,D,20060913,000000,13.706,13.706,13.5891,13.6186,1402281.3422725,0
UNM.US,D,20060914,000000,13.6314,13.6707,13.5283,13.5705,1476353.051219,0
UNM.US,D,20060915,000000,13.711,13.7838,13.6402,13.7838,2294198.8709903,0
UNM.US,D,20060918,000000,13.7838,13.8191,13.541,13.5891,1500713.5629693,0
UNM.US,D,20060919,000000,13.5891,13.5891,13.4997,13.5705,1212835.5712215,0
UNM.US,D,20060920,000000,13.6639,13.7896,13.6402,13.7896,2212005.2953766,0
UNM.US,D,20060921,000000,13.7896,13.7896,13.6785,13.711,1164669.1671088,0
UNM.US,D,20060922,000000,13.6785,13.7277,13.5891,13.6982,894153.30632312,0
UNM.US,D,20060925,000000,13.7641,13.8987,13.6982,13.8417,1571000.6306258,0
UNM.US,D,20060926,000000,13.9154,14.1296,13.7965,14.1149,2550569.3932629,0
UNM.US,D,20060927,000000,14.0648,14.0834,13.8417,13.9154,1737206.3228549,0
UNM.US,D,20060928,000000,13.9557,14.0196,13.9154,13.9989,1458006.8524626,0
UNM.US,D,20060929,000000,14.0254,14.0776,13.8122,13.8486,1580380.3130054,0
UNM.US,D,20061002,000000,13.8544,13.9065,13.711,13.8191,1479707.2264521,0
UNM.US,D,20061003,000000,13.7965,14.0471,13.77,13.8987,2101950.4911433,0
UNM.US,D,20061004,000000,13.9154,14.2122,13.7346,14.2023,2114835.9786435,0
UNM.US,D,20061005,000000,14.2122,14.2475,14.0117,14.1758,2747713.6884759,0
UNM.US,D,20061006,000000,14.1758,14.334,14.1296,14.2937,1448066.4447937,0
UNM.US,D,20061009,000000,14.2859,14.3124,14.1827,14.3124,1006312.6112792,0
UNM.US,D,20061010,000000,14.2859,14.2859,13.9989,14.0313,1435327.4989299,0
UNM.US,D,20061011,000000,14.0313,14.2269,13.9901,14.2122,1309449.2509166,0
UNM.US,D,20061012,000000,14.2859,14.3124,14.1296,14.1965,1322327.6148651,0
UNM.US,D,20061013,000000,14.3006,16.1283,14.278,15.5122,17774877.692793,0
UNM.US,D,20061016,000000,15.2852,15.2911,14.9255,15.0887,5311443.3348073,0
UNM.US,D,20061017,000000,15.2263,15.3049,14.8184,14.8843,3467967.8666592,0
UNM.US,D,20061018,000000,14.9541,14.9766,14.8136,14.8755,1951296.5300766,0
UNM.US,D,20061019,000000,14.8843,14.8843,14.7123,14.7486,2222084.1034798,0
UNM.US,D,20061020,000000,14.8342,14.905,14.6986,14.7281,1481388.3846696,0
UNM.US,D,20061023,000000,14.7408,14.896,14.6563,14.8567,1189455.0566647,0
UNM.US,D,20061024,000000,14.7821,14.7821,14.4824,14.506,2037965.7315019,0
UNM.US,D,20061025,000000,14.5757,14.6632,14.392,14.4991,1862945.1527836,0
UNM.US,D,20061026,000000,14.506,14.677,14.4618,14.6259,1907184.4445709,0
UNM.US,D,20061027,000000,14.617,14.617,14.3261,14.3409,1771362.735938,0
UNM.US,D,20061030,000000,14.3527,14.5757,14.2122,14.4362,2293214.8031959,0
UNM.US,D,20061031,000000,14.3743,14.4283,14.0834,14.1296,2107130.3309297,0
UNM.US,D,20061101,000000,14.2426,14.6445,14.1473,14.2554,2995686.5608628,0
UNM.US,D,20061102,000000,14.5709,14.9472,14.446,14.7339,3928343.6821488,0
UNM.US,D,20061103,000000,14.7339,14.7969,14.3467,14.4618,2440794.442849,0
UNM.US,D,20061106,000000,14.4618,14.842,14.3979,14.8342,2009680.1427269,0
UNM.US,D,20061107,000000,14.7821,14.9197,14.6092,14.6445,2244492.7620453,0
UNM.US,D,20061108,000000,14.6495,14.7742,14.5709,14.7742,2047906.1391707,0
UNM.US,D,20061109,000000,14.8695,14.8695,14.6022,14.6022,1371477.0691219,0
UNM.US,D,20061110,000000,14.7408,14.8499,14.5571,14.6445,1024090.9611946,0
UNM.US,D,20061113,000000,14.6848,14.8136,14.5964,14.6632,963601.83017145,0
UNM.US,D,20061114,000000,14.6632,14.8136,14.506,14.6632,2028025.3238331,0
UNM.US,D,20061115,000000,14.7192,14.9325,14.6907,14.8047,1806928.5946212,0
UNM.US,D,20061116,000000,14.9118,15.0759,14.8647,14.9983,1757784.2286157,0
UNM.US,D,20061117,000000,14.9255,15.1122,14.9255,14.9836,1668596.3428148,0
UNM.US,D,20061120,000000,14.8902,14.9472,14.6986,14.9118,1785930.3993061,0
UNM.US,D,20061121,000000,14.9894,15.0287,14.7339,14.7546,1165510.7638678,0
UNM.US,D,20061122,000000,14.7281,14.842,14.6632,14.6907,1062038.1214692,0
UNM.US,D,20061124,000000,14.67,14.7123,14.6259,14.6259,550969.07628943,0
UNM.US,D,20061127,000000,14.5964,14.617,14.2426,14.2613,2231892.2166158,0
UNM.US,D,20061128,000000,14.2613,14.4165,14.2554,14.2701,2294198.8709903,0
UNM.US,D,20061129,000000,14.3743,14.4824,14.3006,14.4283,1684978.4765835,0
UNM.US,D,20061130,000000,14.4283,14.67,14.3409,14.6259,2868410.0614022,0
UNM.US,D,20061201,000000,14.6445,14.67,14.2701,14.3979,2181343.4932614,0
UNM.US,D,20061204,000000,14.4618,14.5709,14.3832,14.5649,1211152.3777034,0
UNM.US,D,20061205,000000,14.5571,14.6259,14.5276,14.6259,834086.50015485,0
UNM.US,D,20061206,000000,14.6259,14.7192,14.5414,14.6092,1221515.1102271,0
UNM.US,D,20061207,000000,14.6092,14.6986,14.5709,14.6022,833108.53826196,0
UNM.US,D,20061208,000000,14.6445,14.7281,14.5649,14.6495,1058959.7294547,0
UNM.US,D,20061211,000000,14.6445,14.7339,14.5188,14.6848,3246739.8605647,0
UNM.US,D,20061212,000000,14.67,14.7192,14.5709,14.6563,1230483.6619046,0
UNM.US,D,20061213,000000,14.7408,14.7604,14.5709,14.5757,995527.55390057,0
UNM.US,D,20061214,000000,14.5188,14.6495,14.3056,14.3595,4400905.8594149,0
UNM.US,D,20061215,000000,14.6445,14.9325,14.2122,14.3527,2780479.9913138,0
UNM.US,D,20061218,000000,14.4283,14.5128,14.3192,14.4165,975790.22724858,0
UNM.US,D,20061219,000000,14.3595,14.5276,14.3467,14.5188,1544115.3285986,0
UNM.US,D,20061220,000000,14.5128,14.6347,14.4824,14.5846,885190.8605472,0
UNM.US,D,20061221,000000,14.5846,14.67,14.5414,14.6259,1535856.0791473,0
UNM.US,D,20061222,000000,14.67,14.677,14.4991,14.6347,1233285.2530504,0
UNM.US,D,20061226,000000,14.6347,14.8184,14.5964,14.7742,978164.40528824,0
UNM.US,D,20061227,000000,14.8499,14.9472,14.7742,14.896,1267023.4118796,0
UNM.US,D,20061228,000000,14.8567,14.9197,14.8272,14.896,1145768.3489646,0
UNM.US,D,20061229,000000,14.8902,14.9255,14.8184,14.842,1666355.4769583,0
UNM.US,D,20070103,000000,15.185,15.185,14.67,14.8499,2287194.3843007,0
UNM.US,D,20070104,000000,14.8499,14.9708,14.7546,14.9255,1926229.769051,0
UNM.US,D,20070105,000000,14.9325,15.0287,14.7281,14.7281,1941912.7770961,0
UNM.US,D,20070108,000000,14.7192,14.8047,14.6907,14.7486,2088652.8552906,0
UNM.US,D,20070109,000000,14.7339,14.7821,14.1827,14.6445,2106291.7871215,0
UNM.US,D,20070110,000000,14.5571,14.5964,14.4991,14.5276,1612445.4548191,0
UNM.US,D,20070111,000000,14.5334,14.7123,14.5334,14.6259,2922878.7735301,0
UNM.US,D,20070112,000000,14.5757,14.6495,14.506,14.6092,1977897.9076834,0
UNM.US,D,20070116,000000,14.5964,14.7281,14.5709,14.617,2043283.9717228,0
UNM.US,D,20070117,000000,14.5709,14.6022,14.4283,14.4618,2437153.2902447,0
UNM.US,D,20070118,000000,14.5492,14.5846,14.4538,14.4696,2033623.4178735,0
UNM.US,D,20070119,000000,14.4991,14.5414,14.4205,14.4421,2058124.3653586,0
UNM.US,D,20070122,000000,14.4077,14.4538,14.3056,14.3527,2747855.141861,0
UNM.US,D,20070123,000000,14.3743,14.4538,14.334,14.4421,1787190.250319,0
UNM.US,D,20070124,000000,14.4283,14.5905,14.3832,14.5757,2080529.9709732,0
UNM.US,D,20070125,000000,14.5276,14.5276,14.2701,14.3409,3050710.9100287,0
UNM.US,D,20070126,000000,14.3409,14.3832,14.1827,14.2426,2669445.189887,0
UNM.US,D,20070129,000000,14.1965,14.4077,14.1325,14.2358,2829201.0148142,0
UNM.US,D,20070130,000000,15.0336,15.8905,14.9619,15.7264,11423795.736229,0
UNM.US,D,20070131,000000,15.7481,15.7765,15.5672,15.7126,2770397.1126096,0
UNM.US,D,20070201,000000,15.7126,15.7893,15.5466,15.7343,3221677.1701401,0
UNM.US,D,20070202,000000,15.7343,15.9111,15.6901,15.7196,4539239.1288716,0
UNM.US,D,20070205,000000,15.64,15.7481,15.6075,15.6901,1622392.9860397,0
UNM.US,D,20070206,000000,15.7569,16.0625,15.6901,15.9632,2914895.3072973,0
UNM.US,D,20070207,000000,15.9632,16.3406,15.9023,16.1548,3582639.7500893,0
UNM.US,D,20070208,000000,15.7126,15.8561,15.64,15.7264,2855808.4983225,0
UNM.US,D,20070209,000000,15.7343,15.8758,15.5289,15.5417,1493156.4921924,0
UNM.US,D,20070212,000000,15.6075,15.7126,15.4847,15.5997,2428134.8737049,0
UNM.US,D,20070213,000000,15.6733,15.7627,15.5672,15.7569,1301166.5955095,0
UNM.US,D,20070214,000000,15.7481,15.9023,15.7481,15.803,1208048.5444326,0
UNM.US,D,20070215,000000,15.7343,15.8493,15.5672,15.6685,1808053.0981505,0
UNM.US,D,20070216,000000,15.6075,15.7687,15.5908,15.6626,1294606.8219803,0
UNM.US,D,20070220,000000,15.6813,15.7068,15.5044,15.6135,1278086.2877772,0
UNM.US,D,20070221,000000,15.4964,15.64,15.467,15.5535,1274865.4247273,0
UNM.US,D,20070222,000000,15.5466,15.6901,15.4601,15.5357,810143.22500827,0
UNM.US,D,20070223,000000,15.4759,15.5614,15.4061,15.5044,1904381.8357748,0
UNM.US,D,20070226,000000,15.4916,15.6075,15.3697,15.4503,3093273.1141995,0
UNM.US,D,20070227,000000,15.3727,15.5614,14.9197,14.9766,3063737.8509141,0
UNM.US,D,20070228,000000,14.9708,15.3618,14.9197,15.2911,3650415.2569221,0
UNM.US,D,20070301,000000,15.1122,15.3432,14.8695,15.2764,2635542.1717168,0
UNM.US,D,20070302,000000,15.2263,15.2626,15.0818,15.1427,1994556.8423208,0
UNM.US,D,20070305,000000,15.0887,15.2567,14.905,15.07,2239656.8880442,0
UNM.US,D,20070306,000000,15.1427,15.3049,15.0061,15.298,2689608.9119949,0
UNM.US,D,20070307,000000,15.1909,15.3727,15.1122,15.3618,2028580.9608711,0
UNM.US,D,20070308,000000,15.4503,15.6813,15.3805,15.5908,2627718.4765737,0
UNM.US,D,20070309,000000,15.7126,15.7834,15.5997,15.6626,1786490.1069451,0
UNM.US,D,20070312,000000,16.0694,16.1411,15.7481,15.9632,2863925.2767384,0
UNM.US,D,20070313,000000,15.8198,15.8708,15.5466,15.583,2635564.5600224,0
UNM.US,D,20070314,000000,15.583,15.6626,15.2685,15.5997,2565693.7113192,0
UNM.US,D,20070315,000000,15.6213,15.9564,15.5535,15.9023,1479014.20663,0
UNM.US,D,20070316,000000,15.8758,16.0477,15.7765,15.803,2531525.086433,0
UNM.US,D,20070319,000000,15.8345,16.147,15.8345,16.0694,1048878.886051,0
UNM.US,D,20070320,000000,16.0762,16.1991,15.9907,16.1991,1869676.9092055,0
UNM.US,D,20070321,000000,16.1893,16.6561,16.089,16.5558,2208337.6838657,0
UNM.US,D,20070322,000000,16.54,16.6619,16.3976,16.5214,2083748.7987227,0
UNM.US,D,20070323,000000,16.4969,16.6894,16.4634,16.6186,1850200.1010182,0
UNM.US,D,20070326,000000,16.5755,16.713,16.377,16.6186,1136667.5027543,0
UNM.US,D,20070327,000000,16.5892,16.5892,16.3406,16.4044,1659508.7260578,0
UNM.US,D,20070328,000000,16.2915,16.3121,16.0262,16.089,2416433.9310988,0
UNM.US,D,20070329,000000,16.5214,16.5214,16.1637,16.377,2344686.5353295,0
UNM.US,D,20070330,000000,16.3533,16.5342,16.1333,16.4477,2530689.5955755,0
UNM.US,D,20070402,000000,16.4339,16.7347,16.3062,16.7061,2374202.4632601,0
UNM.US,D,20070403,000000,16.7494,17.2112,16.6826,17.1974,3467826.4132741,0
UNM.US,D,20070404,000000,17.2112,17.3694,17.0963,17.1974,2901173.3112893,0
UNM.US,D,20070405,000000,17.1188,17.1188,16.9174,16.9636,2732733.8767555,0
UNM.US,D,20070409,000000,17.0323,17.1542,16.997,17.1267,2298392.6076819,0
UNM.US,D,20070410,000000,17.1031,17.1621,16.9321,17.1267,2101107.876734,0
UNM.US,D,20070411,000000,17.1031,17.2505,16.9636,17.1542,2039267.3061752,0
UNM.US,D,20070412,000000,17.1689,17.2181,16.8987,17.2181,3325569.0844428,0
UNM.US,D,20070413,000000,17.8441,17.8441,16.9557,17.3253,2151412.3640277,0
UNM.US,D,20070416,000000,17.1974,17.5473,17.0786,17.5021,2164815.8355066,0
UNM.US,D,20070417,000000,17.6426,17.8814,17.6426,17.7487,2798684.7366851,0
UNM.US,D,20070418,000000,17.7487,17.8882,17.6495,17.7821,1497175.1930405,0
UNM.US,D,20070419,000000,18.3914,18.3914,17.5906,17.6917,3169924.5665368,0
UNM.US,D,20070420,000000,17.904,18.0691,17.6849,18.0386,3191977.0475137,0
UNM.US,D,20070423,000000,18.0386,18.2322,17.7978,17.8352,2621290.9975774,0
UNM.US,D,20070424,000000,18.0622,18.0622,17.5816,17.7566,2538865.397706,0
UNM.US,D,20070425,000000,18.0966,18.2125,17.8283,18.1693,1999038.5740339,0
UNM.US,D,20070426,000000,17.7566,18.1182,17.7163,17.7821,3478455.770164,0
UNM.US,D,20070427,000000,17.7635,17.8617,17.6574,17.8136,1963748.4985692,0
UNM.US,D,20070430,000000,17.8549,17.962,17.6917,17.7683,2844132.9969727,0
UNM.US,D,20070501,000000,17.7743,17.7978,17.4932,17.6632,2642083.6275415,0
UNM.US,D,20070502,000000,17.6063,17.9325,17.5601,17.7978,3221214.1392751,0
UNM.US,D,20070503,000000,19.1382,20.1395,18.5044,19.5194,13382263.647637,0
UNM.US,D,20070504,000000,19.4773,19.9587,19.4418,19.6875,7872528.1081317,0
UNM.US,D,20070507,000000,19.6079,19.7111,19.3848,19.5391,2866345.2490394,0
UNM.US,D,20070508,000000,19.4281,19.5322,19.2541,19.4045,4422332.4854865,0
UNM.US,D,20070509,000000,19.3848,19.3848,19.1333,19.2974,4637203.2304521,0
UNM.US,D,20070510,000000,19.2129,19.2669,18.8621,18.8621,3338430.148337,0
UNM.US,D,20070511,000000,18.8837,19.2286,18.8837,19.1913,2793079.519093,0
UNM.US,D,20070514,000000,19.3259,19.5322,18.982,19.0979,3123538.0327161,0
UNM.US,D,20070515,000000,19.207,19.3612,19.0193,19.0635,2893897.1119822,0
UNM.US,D,20070516,000000,19.0842,19.3957,19.0104,19.3612,3577019.2677433,0
UNM.US,D,20070517,000000,19.4881,19.5617,19.3898,19.5322,2933346.3240299,0
UNM.US,D,20070518,000000,19.546,19.5686,19.3259,19.4133,3985470.4967368,0
UNM.US,D,20070521,000000,19.4133,19.6345,19.3612,19.5136,4351763.5287099,0
UNM.US,D,20070522,000000,19.4881,19.5932,19.3534,19.4969,2007860.584075,0
UNM.US,D,20070523,000000,19.5038,19.5539,19.1913,19.207,1715599.5726886,0
UNM.US,D,20070524,000000,19.207,19.2905,19.0331,19.0409,1768408.4972543,0
UNM.US,D,20070525,000000,19.0331,19.0792,18.8905,18.92,1492070.6593727,0
UNM.US,D,20070529,000000,18.3963,18.641,18.1182,18.5742,4057209.7513041,0
UNM.US,D,20070530,000000,18.5811,18.9073,18.5742,18.8905,3345105.933995,0
UNM.US,D,20070531,000000,18.9623,19.0193,18.8316,18.9555,2752197.4554895,0
UNM.US,D,20070601,000000,18.9555,19.0557,18.8699,19.0271,1891540.1072355,0
UNM.US,D,20070604,000000,18.9073,19.0026,18.8316,19.0026,1603203.1552237,0
UNM.US,D,20070605,000000,18.8484,19.0026,18.7825,18.8257,2025326.5153628,0
UNM.US,D,20070606,000000,18.8257,18.8257,18.4543,18.4621,2630435.6027485,0
UNM.US,D,20070607,000000,18.9623,19.0635,18.1487,18.1487,1697158.7324586,0
UNM.US,D,20070608,000000,18.1044,18.47,18.0386,18.4621,2021021.8547937,0
UNM.US,D,20070611,000000,18.3697,18.6803,18.2764,18.5909,1891197.1591003,0
UNM.US,D,20070612,000000,18.4425,18.6214,18.3786,18.3786,2838166.5135409,0
UNM.US,D,20070613,000000,18.4975,18.6322,18.3697,18.6322,2832284.49508,0
UNM.US,D,20070614,000000,18.6322,18.7471,18.6214,18.7068,2481754.865522,0
UNM.US,D,20070615,000000,18.8759,18.926,18.7137,18.8051,2926239.0546647,0
UNM.US,D,20070618,000000,18.7353,18.7736,18.4189,18.7471,1454362.6469075,0
UNM.US,D,20070619,000000,18.7471,18.9673,18.7137,18.92,2447516.0227684,0
UNM.US,D,20070620,000000,18.926,19.0193,18.6882,18.7294,1898787.8123355,0
UNM.US,D,20070621,000000,18.7294,18.7471,18.3609,18.6882,1535153.9004729,0
UNM.US,D,20070622,000000,18.5673,18.6547,18.41,18.4425,2308059.2674327,0
UNM.US,D,20070625,000000,18.4425,18.7294,18.1251,18.4032,2068192.9969592,0
UNM.US,D,20070626,000000,18.5476,18.5624,18.2489,18.4543,2180079.5716475,0
UNM.US,D,20070627,000000,18.2607,18.527,18.0848,18.5123,1467950.3130821,0
UNM.US,D,20070628,000000,18.5191,18.8051,18.3422,18.753,2979227.0856749,0
UNM.US,D,20070629,000000,18.7736,18.8404,18.5546,18.6489,2374613.5939622,0
UNM.US,D,20070702,000000,18.7137,18.8257,18.697,18.7736,2876531.9280694,0
UNM.US,D,20070703,000000,18.7923,18.9397,18.6882,18.9397,2116224.0535883,0
UNM.US,D,20070705,000000,18.9555,18.9888,18.6744,18.7471,1126093.098978,0
UNM.US,D,20070706,000000,19.1038,19.1038,18.5909,18.7353,1366018.3931662,0
UNM.US,D,20070709,000000,18.7403,18.8905,18.6272,18.8484,1513688.6036917,0
UNM.US,D,20070710,000000,18.7471,18.7471,18.2489,18.2489,2407679.0859744,0
UNM.US,D,20070711,000000,18.2125,18.3914,18.1487,18.2981,4554224.0288432,0
UNM.US,D,20070712,000000,18.4425,18.8542,18.2981,18.8316,2548769.1699658,0
UNM.US,D,20070713,000000,18.8484,18.9328,18.6322,18.8199,1775287.8129629,0
UNM.US,D,20070716,000000,18.7471,18.8905,18.5742,18.5811,1833033.3589046,0
UNM.US,D,20070717,000000,18.6685,18.7137,18.4258,18.5624,1258903.580513,0
UNM.US,D,20070718,000000,18.3835,18.5123,18.0543,18.4258,4329064.8398224,0
UNM.US,D,20070719,000000,18.5339,18.6744,18.4258,18.641,1486153.023153,0
UNM.US,D,20070720,000000,18.6214,18.6214,18.0966,18.2607,3838341.6761457,0
UNM.US,D,20070723,000000,18.3531,18.5476,18.2607,18.4543,1936058.235192,0
UNM.US,D,20070724,000000,18.185,18.2666,17.6181,17.7163,3161253.1687331,0
UNM.US,D,20070725,000000,17.9256,18.1693,17.7242,17.9845,3271903.2983643,0
UNM.US,D,20070726,000000,17.8617,17.8617,16.8555,17.3842,4563223.1100283,0
UNM.US,D,20070727,000000,17.2908,17.3921,16.7897,16.8113,3943398.7999879,0
UNM.US,D,20070730,000000,16.8113,17.111,16.5833,17.0117,3034279.9290479,0
UNM.US,D,20070731,000000,17.2181,17.6111,17.1404,17.3537,4205816.2000622,0
UNM.US,D,20070801,000000,16.9695,17.2407,16.3465,17.1336,6193365.5027426,0
UNM.US,D,20070802,000000,17.962,18.7216,17.6063,18.2067,6384963.6040782,0
UNM.US,D,20070803,000000,18.2175,18.3334,16.8919,16.9174,5204404.845923,0
UNM.US,D,20070806,000000,17.0835,18.3422,16.9764,18.2911,5917305.48338,0
UNM.US,D,20070807,000000,18.1487,18.3697,17.6111,17.8204,6304292.4332426,0
UNM.US,D,20070808,000000,17.8696,17.962,16.5558,17.2987,7661785.9702415,0
UNM.US,D,20070809,000000,17.0275,17.1031,15.7264,16.6256,6555243.9679193,0
UNM.US,D,20070810,000000,16.5342,17.3537,16.2187,17.05,3290000.1728089,0
UNM.US,D,20070813,000000,17.3694,18.0258,17.0963,17.1404,3246597.3895293,0
UNM.US,D,20070814,000000,17.3842,17.6111,17.0275,17.0835,4142574.3251054,0
UNM.US,D,20070815,000000,17.0903,17.7683,16.8761,17.0196,5303190.1912575,0
UNM.US,D,20070816,000000,17.0196,17.5906,16.2915,17.0963,4330896.6102773,0
UNM.US,D,20070817,000000,17.4382,17.8617,16.8919,17.7487,4361562.4829936,0
UNM.US,D,20070820,000000,17.6977,17.8352,17.2407,17.6632,3193674.4881353,0
UNM.US,D,20070821,000000,17.506,17.904,17.4687,17.731,2137655.7679111,0
UNM.US,D,20070822,000000,17.904,17.9708,17.731,17.8814,4007596.248532,0
UNM.US,D,20070823,000000,17.9119,17.9905,17.731,17.8283,3816053.1003101,0
UNM.US,D,20070824,000000,17.8549,18.0848,17.6426,18.0622,1924408.1750986,0
UNM.US,D,20070827,000000,18.0465,18.1978,17.7821,17.7978,1963091.096506,0
UNM.US,D,20070828,000000,17.7399,17.7821,16.9174,16.9479,2719988.8249901,0
UNM.US,D,20070829,000000,17.0835,17.7035,16.9902,17.6632,2182601.3089738,0
UNM.US,D,20070830,000000,17.5021,17.6111,17.2613,17.4195,2258634.0299574,0
UNM.US,D,20070831,000000,17.6701,17.7399,17.3341,17.4775,2739734.2928441,0
UNM.US,D,20070904,000000,17.5473,17.8961,17.3921,17.8204,2388148.3423238,0
UNM.US,D,20070905,000000,17.6269,17.789,17.4451,17.7035,3415462.2018688,0
UNM.US,D,20070906,000000,17.6917,18.24,17.3429,17.4382,1245739.2568435,0
UNM.US,D,20070907,000000,17.2044,17.4382,17.0707,17.1769,1957509.2848697,0
UNM.US,D,20070910,000000,17.283,17.3773,16.8633,17.1837,2313517.9433884,0
UNM.US,D,20070911,000000,17.3842,17.4048,17.05,17.2505,2694511.9509126,0
UNM.US,D,20070912,000000,17.2112,17.2908,17.0196,17.0786,3375832.8657264,0
UNM.US,D,20070913,000000,17.1404,17.2044,16.9479,17.0786,2305818.4015762,0
UNM.US,D,20070914,000000,16.9321,17.0963,16.8181,17.0275,1500713.5629693,0
UNM.US,D,20070917,000000,16.9321,16.9695,16.7622,16.9056,1245818.6335632,0
UNM.US,D,20070918,000000,17.0628,17.5286,17.0323,17.5198,3481829.2807518,0
UNM.US,D,20070919,000000,17.6269,17.8696,17.506,17.7035,4406510.0593568,0
UNM.US,D,20070920,000000,17.7566,17.7566,17.3606,17.3773,2276269.9088375,0
UNM.US,D,20070921,000000,17.3921,17.7163,17.3125,17.4932,4489402.7606941,0
UNM.US,D,20070924,000000,17.4195,17.506,17.2613,17.2682,2531385.6683484,0
UNM.US,D,20070925,000000,16.8919,17.3183,16.7572,17.2564,3505209.7953086,0
UNM.US,D,20070926,000000,17.283,17.5335,17.2741,17.3055,3189796.2230221,0
UNM.US,D,20070927,000000,17.4451,17.5286,17.3773,17.4687,3754305.1359243,0
UNM.US,D,20070928,000000,17.3253,17.5335,17.3253,17.4775,3834815.51802,0
UNM.US,D,20071001,000000,17.5601,17.9256,17.4863,17.8549,4873747.8905006,0
UNM.US,D,20071002,000000,17.9119,18.0779,17.8814,18.0465,3888449.7569406,0
UNM.US,D,20071003,000000,17.9119,18.0258,17.7978,17.8549,2649003.6492601,0
UNM.US,D,20071004,000000,17.9777,18.0966,17.8882,17.9482,1705979.7248494,0
UNM.US,D,20071005,000000,18.1939,18.4543,18.0779,18.3256,2710331.3240916,0
UNM.US,D,20071008,000000,18.41,18.41,18.0966,18.2843,1767868.1249701,0
UNM.US,D,20071009,000000,18.4032,18.4975,18.2911,18.4975,3310168.983168,0
UNM.US,D,20071010,000000,18.2843,19.0478,18.0897,18.1123,3041050.3561794,0
UNM.US,D,20071011,000000,18.0062,18.47,18.0062,18.0465,2558270.9703756,0
UNM.US,D,20071012,000000,17.962,18.185,17.962,18.0897,2001799.4591696,0
UNM.US,D,20071015,000000,18.0465,18.0543,17.5531,17.6849,2282713.6702379,0
UNM.US,D,20071016,000000,17.5974,17.678,17.226,17.3606,3422459.5650067,0
UNM.US,D,20071017,000000,17.7242,17.7242,17.3183,17.5335,3081938.5256844,0
UNM.US,D,20071018,000000,17.2741,17.5021,17.05,17.2338,2279073.5352838,0
UNM.US,D,20071019,000000,16.8496,17.2044,16.5214,16.5273,3943120.9814689,0
UNM.US,D,20071022,000000,16.5214,16.939,16.3258,16.8633,2273472.3882927,0
UNM.US,D,20071023,000000,16.8044,17.4382,16.6668,16.9116,1540480.2818958,0
UNM.US,D,20071024,000000,16.8919,16.9321,16.3701,16.5342,2938144.5449716,0
UNM.US,D,20071025,000000,16.5214,16.6186,15.9701,16.3258,2397113.8410504,0
UNM.US,D,20071026,000000,16.713,17.2682,16.3533,16.8338,2292514.659822,0
UNM.US,D,20071029,000000,16.9636,16.9695,16.3465,16.4202,2020460.1118542,0
UNM.US,D,20071030,000000,16.4113,16.5558,16.2404,16.2855,1981534.9896867,0
UNM.US,D,20071031,000000,16.4339,16.7347,16.3258,16.6668,2575491.6479526,0
UNM.US,D,20071101,000000,18.5191,18.6322,17.6977,18.0848,14509525.009105,0
UNM.US,D,20071102,000000,18.1044,18.3786,17.6269,17.9325,6766232.3771706,0
UNM.US,D,20071105,000000,17.7635,18.1182,17.5974,17.8441,4363678.177869,0
UNM.US,D,20071106,000000,18.3835,18.4032,17.789,18.0465,5239915.7514926,0
UNM.US,D,20071107,000000,17.8204,17.955,17.2987,17.3537,4920372.5544804,0
UNM.US,D,20071108,000000,17.3694,17.5816,16.885,17.2505,5395792.2936563,0
UNM.US,D,20071109,000000,16.9842,17.3253,16.885,17.0275,4322639.3961266,0
UNM.US,D,20071112,000000,16.8555,17.8283,16.8555,17.5198,8191676.4568458,0
UNM.US,D,20071113,000000,17.6495,17.9256,17.6181,17.8549,5319449.1893456,0
UNM.US,D,20071114,000000,18.1123,18.2125,17.7242,17.7635,6749481.8540104,0
UNM.US,D,20071115,000000,17.6574,17.9177,16.7965,17.1974,5353736.8793113,0
UNM.US,D,20071116,000000,17.789,18.1409,16.8703,17.1974,4768764.0374767,0
UNM.US,D,20071119,000000,17.0628,17.7743,16.8338,17.1031,5872446.4425887,0
UNM.US,D,20071120,000000,17.1404,17.3429,16.7061,16.9842,4534918.1858984,0
UNM.US,D,20071121,000000,16.8113,16.8496,16.32,16.3258,2899030.139857,0
UNM.US,D,20071123,000000,16.6256,16.8418,16.3465,16.7347,1165506.6932668,0
UNM.US,D,20071126,000000,16.7405,16.8113,16.3121,16.3533,3534231.1452164,0
UNM.US,D,20071127,000000,16.5499,16.9842,16.4261,16.9764,3387401.5137996,0
UNM.US,D,20071128,000000,16.9764,17.8352,16.9764,17.7821,4473511.1343473,0
UNM.US,D,20071129,000000,17.7978,17.8352,17.4687,17.6917,2878184.5920798,0
UNM.US,D,20071130,000000,17.8549,18.4425,17.5748,17.7399,4225009.083829,0
UNM.US,D,20071203,000000,17.6701,17.8204,17.3537,17.5531,3691072.4198197,0
UNM.US,D,20071204,000000,17.4333,17.8058,17.3468,17.6337,3705240.1466385,0
UNM.US,D,20071205,000000,17.8352,18.0691,17.7399,17.9325,3153952.5458199,0
UNM.US,D,20071206,000000,17.9256,18.24,17.8058,18.24,3087551.8844786,0
UNM.US,D,20071207,000000,18.2843,18.3786,18.1409,18.3186,3164172.8073082,0
UNM.US,D,20071210,000000,18.3835,18.6272,18.1614,18.3963,3762596.9501837,0
UNM.US,D,20071211,000000,18.3914,18.3914,17.2407,17.3055,4902544.3397025,0
UNM.US,D,20071212,000000,17.7242,18.0062,16.9056,17.2741,4601457.2476741,0
UNM.US,D,20071213,000000,17.1837,17.4451,16.9233,17.4117,3540370.6291912,0
UNM.US,D,20071214,000000,17.1336,17.2682,16.6973,16.6973,3131208.0626711,0
UNM.US,D,20071217,000000,16.5892,17.0196,16.5047,16.7749,3070011.6647223,0
UNM.US,D,20071218,000000,16.9557,17.0196,16.2915,16.6894,2766255.2760809,0
UNM.US,D,20071219,000000,16.826,16.9557,16.5499,16.7965,2258209.669802,0
UNM.US,D,20071220,000000,16.9557,16.9557,16.3533,16.6826,2386466.166456,0
UNM.US,D,20071221,000000,16.9902,17.05,16.6511,16.9842,3435998.3839692,0
UNM.US,D,20071224,000000,16.8633,17.4333,16.8633,17.4048,662105.64274145,0
UNM.US,D,20071226,000000,17.2908,17.3773,17.0196,17.1404,1161055.4910613,0
UNM.US,D,20071227,000000,17.1404,17.2407,16.9695,17.0196,1908959.2266117,0
UNM.US,D,20071228,000000,17.0786,17.2741,17.0049,17.055,1609320.250893,0
UNM.US,D,20071231,000000,16.9695,17.1188,16.8338,16.9902,1672795.1677577,0
UNM.US,D,20080102,000000,16.939,17.055,16.5499,16.6973,2945974.3460162,0
UNM.US,D,20080103,000000,16.7189,16.9116,16.54,16.767,2606583.9161247,0
UNM.US,D,20080104,000000,16.6511,16.713,15.8836,15.9495,4546767.7054414,0
UNM.US,D,20080107,000000,16.1333,16.1333,15.4552,15.9328,3835526.8555466,0
UNM.US,D,20080108,000000,15.9996,16.1411,15.4503,15.4759,3532355.6158006,0
UNM.US,D,20080109,000000,15.3727,15.7893,15.3049,15.7481,3822039.936747,0
UNM.US,D,20080110,000000,15.8198,16.4044,15.4847,16.147,3664839.4316045,0
UNM.US,D,20080111,000000,16.034,16.261,15.803,16.0055,2599600.8000904,0
UNM.US,D,20080114,000000,16.0409,16.2246,15.8905,16.147,1753984.3225719,0
UNM.US,D,20080115,000000,15.9328,16.0694,15.5908,15.6478,2226028.5158595,0
UNM.US,D,20080116,000000,15.5466,16.1696,15.5466,15.8955,5120634.9300678,0
UNM.US,D,20080117,000000,15.7627,15.9023,15.0552,15.0965,4793647.6214568,0
UNM.US,D,20080118,000000,15.1703,15.3432,14.5649,14.7281,5140650.0752388,0
UNM.US,D,20080122,000000,14.278,15.2764,13.937,14.8272,5093938.9109876,0
UNM.US,D,20080123,000000,14.8272,15.4847,13.7277,14.4205,8422139.638984,0
UNM.US,D,20080124,000000,14.4538,14.8902,14.2937,14.842,6220713.8356349,0
UNM.US,D,20080125,000000,14.9983,15.583,14.506,14.6986,4200329.0298994,0
UNM.US,D,20080128,000000,14.6986,14.9197,14.3192,14.8902,6056721.5327056,0
UNM.US,D,20080129,000000,15.356,16.0182,15.3049,15.7627,7943451.2071963,0
UNM.US,D,20080130,000000,15.6685,16.4339,15.6626,15.8404,6528169.382945,0
UNM.US,D,20080131,000000,15.5614,16.377,15.3049,16.1548,5359726.768699,0
UNM.US,D,20080201,000000,16.2699,16.7572,16.1333,16.6973,3766615.6510318,0
UNM.US,D,20080204,000000,16.6668,16.8703,16.5695,16.7347,3994759.6082439,0
UNM.US,D,20080205,000000,16.1548,16.5342,16.0831,16.1411,4543179.4706502,0
UNM.US,D,20080206,000000,16.2129,16.6619,15.9111,16.261,4948079.1002616,0
UNM.US,D,20080207,000000,16.1136,16.6668,15.9761,16.5558,5651954.197627,0
UNM.US,D,20080208,000000,16.4261,16.4261,16.0055,16.2059,6774434.6382078,0
UNM.US,D,20080211,000000,16.1283,16.1637,15.6733,15.864,3510534.141431,0
UNM.US,D,20080212,000000,16.0114,16.6256,16.0114,16.5125,3783741.6871352,0
UNM.US,D,20080213,000000,16.7347,16.8338,16.377,16.7818,3629033.4074616,0
UNM.US,D,20080214,000000,16.7622,16.7749,16.3916,16.4684,3975428.3240428,0
UNM.US,D,20080215,000000,16.3848,16.826,16.1893,16.7572,3515421.9155949,0
UNM.US,D,20080219,000000,16.9764,17.2407,16.713,17.0049,5174231.5159291,0
UNM.US,D,20080220,000000,16.885,17.3055,16.7405,17.2407,4772286.1250014,0
UNM.US,D,20080221,000000,17.2044,17.4274,16.9233,16.9557,4364100.5027239,0
UNM.US,D,20080222,000000,17.0196,17.2044,16.6108,17.2044,3600349.9174378,0
UNM.US,D,20080225,000000,17.2044,17.2987,16.7897,17.1769,18158602.055945,0
UNM.US,D,20080226,000000,17.0117,17.3125,16.9233,17.1689,4270036.0369119,0
UNM.US,D,20080227,000000,17.0323,17.5021,16.9902,17.3055,3121342.961121,0
UNM.US,D,20080228,000000,17.0786,17.1483,16.7405,16.7749,3128416.6480278,0
UNM.US,D,20080229,000000,16.5833,16.6413,16.3121,16.3622,3805184.5956108,0
UNM.US,D,20080303,000000,16.3533,16.4044,16.0409,16.2855,3117515.5785204,0
UNM.US,D,20080304,000000,16.0114,16.261,15.8836,16.1755,6063294.535688,0
UNM.US,D,20080305,000000,16.261,16.3916,15.8561,15.9839,5436920.628621,0
UNM.US,D,20080306,000000,15.9495,16.0114,15.5908,15.5908,4452906.7696799,0
UNM.US,D,20080307,000000,15.4552,15.8905,15.2263,15.5417,4161879.1503999,0
UNM.US,D,20080310,000000,15.5289,15.7196,15.3432,15.4277,4050565.5128039,0
UNM.US,D,20080311,000000,15.4277,16.3622,15.3049,15.6813,5603744.0345534,0
UNM.US,D,20080312,000000,15.64,15.7687,15.3697,15.3727,5123647.1748159,0
UNM.US,D,20080313,000000,15.0887,15.4916,15.014,15.356,6124968.2116054,0
UNM.US,D,20080314,000000,15.3727,15.4218,14.8843,15.0631,8713614.006725,0
UNM.US,D,20080317,000000,14.6259,15.298,14.6259,14.9836,7064620.6607287,0
UNM.US,D,20080318,000000,15.2479,15.6813,15.1122,15.4366,6353131.5041723,0
UNM.US,D,20080319,000000,15.6478,15.6566,15.2263,15.2852,5794802.7812551,0
UNM.US,D,20080320,000000,15.349,15.583,15.2852,15.5466,6786551.7997672,0
UNM.US,D,20080324,000000,15.6626,15.7962,15.5535,15.6213,3825694.3188046,0
UNM.US,D,20080325,000000,15.6478,15.7196,15.467,15.6262,3858560.3513673,0
UNM.US,D,20080326,000000,15.5357,15.8836,15.4424,15.6626,6343432.2796134,0
UNM.US,D,20080327,000000,15.7126,15.7893,15.4916,15.5357,4982950.9214724,0
UNM.US,D,20080328,000000,15.6901,15.7421,15.4916,15.5417,5203042.2122346,0
UNM.US,D,20080331,000000,15.64,15.8198,15.4552,15.7196,5152948.3785432,0
UNM.US,D,20080401,000000,15.9259,16.2059,15.6813,16.1893,6850956.8489629,0
UNM.US,D,20080402,000000,16.2335,16.4969,16.1283,16.261,5741718.0734709,0
UNM.US,D,20080403,000000,16.1991,16.5695,16.1548,16.54,3997193.8276485,0
UNM.US,D,20080404,000000,16.5125,16.5961,16.3622,16.4408,3512418.8296991,0
UNM.US,D,20080407,000000,16.4634,16.6747,16.4202,16.5214,3653763.3262536,0
UNM.US,D,20080408,000000,16.4044,16.6747,16.3465,16.5695,3219815.8878278,0
UNM.US,D,20080409,000000,16.5214,16.713,16.3406,16.3406,2732267.7929397,0
UNM.US,D,20080410,000000,16.32,16.4477,16.2246,16.3533,3012007.6356163,0
UNM.US,D,20080411,000000,16.2129,16.3916,16.0625,16.0694,2800019.8938167,0
UNM.US,D,20080414,000000,16.089,16.1333,15.9564,16.0055,2331609.7295817,0
UNM.US,D,20080415,000000,16.1411,16.1755,15.9564,16.1283,2324164.6003327,0
UNM.US,D,20080416,000000,16.2767,16.8113,16.2502,16.7897,4121420.4293016,0
UNM.US,D,20080417,000000,16.767,17.0196,16.7267,16.8044,4971192.9904522,0
UNM.US,D,20080418,000000,17.1336,17.1689,16.6973,16.7818,3386372.6693941,0
UNM.US,D,20080421,000000,16.6747,16.7494,16.5273,16.5342,2983508.3402882,0
UNM.US,D,20080422,000000,16.4684,16.5342,16.3465,16.3976,3141910.6903792,0
UNM.US,D,20080423,000000,16.4684,16.4831,16.2404,16.377,3512310.9587723,0
UNM.US,D,20080424,000000,16.2855,16.6747,16.2059,16.5755,3951115.6418544,0
UNM.US,D,20080425,000000,16.713,17.0628,16.5755,16.9842,3310105.8888524,0
UNM.US,D,20080428,000000,16.8919,17.1336,16.8044,16.9557,2979061.2086837,0
UNM.US,D,20080429,000000,16.9695,17.0275,16.8496,16.9116,2313435.513718,0
UNM.US,D,20080430,000000,16.8496,16.8496,16.3976,16.5755,5759104.628039,0
UNM.US,D,20080501,000000,17.0707,17.3694,16.5273,17.3125,6750858.7348024,0
UNM.US,D,20080502,000000,17.5601,17.8499,17.5198,17.731,5358748.8068061,0
UNM.US,D,20080505,000000,17.5601,17.7487,17.4775,17.6495,4135502.673499,0
UNM.US,D,20080506,000000,17.4117,17.7163,17.3842,17.6574,3576060.6412053,0
UNM.US,D,20080507,000000,17.7566,17.7635,17.283,17.2908,1913257.7812793,0
UNM.US,D,20080508,000000,17.2338,17.2338,16.8919,17.0117,2817561.1312233,0
UNM.US,D,20080509,000000,16.7622,17.2338,16.7494,16.8919,2687738.4708304,0
UNM.US,D,20080512,000000,16.9902,17.2044,16.9557,17.2044,2102438.9632646,0
UNM.US,D,20080513,000000,17.1542,17.3183,17.0707,17.1336,1999989.05937,0
UNM.US,D,20080514,000000,17.2987,17.512,17.1267,17.4048,2118907.5973048,0
UNM.US,D,20080515,000000,17.4775,17.6574,17.2613,17.6269,2953085.6859824,0
UNM.US,D,20080516,000000,17.6181,17.6426,17.3341,17.5198,2829108.4086412,0
UNM.US,D,20080519,000000,17.4195,17.7635,17.3773,17.6181,2367990.7261174,0
UNM.US,D,20080520,000000,17.4775,17.6063,17.2564,17.3429,2457673.189941,0
UNM.US,D,20080521,000000,17.2613,17.4598,16.9557,16.9902,3237336.7722293,0
UNM.US,D,20080522,000000,17.0402,17.4775,16.8987,17.3969,3393335.4324234,0
UNM.US,D,20080523,000000,17.2564,17.4333,17.111,17.2682,3381459.4539738,0
UNM.US,D,20080527,000000,17.3468,17.4274,17.1689,17.3183,1973453.8290297,0
UNM.US,D,20080528,000000,17.3253,17.4333,17.0707,17.3842,2822437.7112344,0
UNM.US,D,20080529,000000,17.3183,17.6849,17.3183,17.5974,1986996.7185932,0
UNM.US,D,20080530,000000,17.5669,17.6632,17.1188,17.1974,3938355.3253353,0
UNM.US,D,20080602,000000,17.0903,17.1542,16.7494,16.826,3154079.7521015,0
UNM.US,D,20080603,000000,17.0275,17.0275,16.6747,16.8633,3682230.0567736,0
UNM.US,D,20080604,000000,16.7267,16.9174,16.5892,16.6668,2963222.5001499,0
UNM.US,D,20080605,000000,16.767,17.0049,16.6108,16.8919,3119647.5557999,0
UNM.US,D,20080606,000000,16.7818,16.7818,16.1893,16.2502,3934325.4303344,0
UNM.US,D,20080609,000000,16.2993,16.5961,16.2335,16.4684,3105842.1124711,0
UNM.US,D,20080610,000000,16.4408,16.8113,16.4044,16.7405,4075410.4260744,0
UNM.US,D,20080611,000000,16.6413,16.7572,16.2855,16.2855,3263201.3710531,0
UNM.US,D,20080612,000000,16.4113,16.826,16.377,16.5892,2098464.0213774,0
UNM.US,D,20080613,000000,16.7267,16.8761,16.4634,16.6334,3962718.8900362,0
UNM.US,D,20080616,000000,16.4762,16.8633,16.4339,16.8418,3409358.3356528,0
UNM.US,D,20080617,000000,16.9557,16.997,16.3916,16.3916,2545883.113849,0
UNM.US,D,20080618,000000,16.3916,16.5755,16.1637,16.2404,2874719.4929692,0
UNM.US,D,20080619,000000,16.2502,16.3258,15.8561,16.2855,3406288.0848403,0
UNM.US,D,20080620,000000,15.7765,16.32,15.7569,15.7834,3981359.1897158,0
UNM.US,D,20080623,000000,15.8708,15.8955,15.4964,15.5357,2165060.0715672,0
UNM.US,D,20080624,000000,15.5466,15.6478,15.3049,15.3805,3663308.8856244,0
UNM.US,D,20080625,000000,15.583,15.7481,15.4277,15.467,3320526.6274405,0
UNM.US,D,20080626,000000,15.3963,15.3963,14.9619,15.0287,3985612.9677722,0
UNM.US,D,20080627,000000,15.014,15.2626,14.8647,15.0061,7034680.3726427,0
UNM.US,D,20080630,000000,15.0287,15.0415,14.5709,14.6022,4668409.4754525,0
UNM.US,D,20080701,000000,14.446,15.298,14.446,15.0336,8064002.0561365,0
UNM.US,D,20080702,000000,14.9708,15.3275,14.9708,14.9983,4435966.9635728,0
UNM.US,D,20080703,000000,15.2036,15.2567,14.8902,14.9472,2519668.4433383,0
UNM.US,D,20080707,000000,15.014,15.1427,14.5128,14.5846,5038057.7003088,0
UNM.US,D,20080708,000000,14.5846,15.2479,14.4618,15.2164,6370912.9070385,0
UNM.US,D,20080709,000000,15.2164,15.467,14.7674,14.7909,5717025.8077383,0
UNM.US,D,20080710,000000,14.7742,15.0887,14.6495,14.8902,4249017.4885917,0
UNM.US,D,20080711,000000,14.6986,15.1122,14.5571,14.7674,5504968.8657215,0
UNM.US,D,20080714,000000,14.9255,15.1054,14.1758,14.3409,3550098.3479572,0
UNM.US,D,20080715,000000,14.2937,14.5649,13.8909,14.0913,5070600.1200911,0
UNM.US,D,20080716,000000,14.1325,14.9983,13.8761,14.9403,5737507.036725,0
UNM.US,D,20080717,000000,15.0209,15.7765,14.8695,15.6626,8326080.5786766,0
UNM.US,D,20080718,000000,15.6478,16.1333,15.5535,15.9406,6481360.5242695,0
UNM.US,D,20080721,000000,15.7834,16.0762,15.7264,15.8404,5092016.5696601,0
UNM.US,D,20080722,000000,15.7126,16.4899,15.349,16.4339,5546182.6833074,0
UNM.US,D,20080723,000000,16.5273,16.5695,16.0625,16.4339,4555541.8859205,0
UNM.US,D,20080724,000000,16.3976,16.3976,15.6979,15.7264,4328891.8392794,0
UNM.US,D,20080725,000000,15.6478,15.9023,15.4601,15.6566,3623544.2019983,0
UNM.US,D,20080728,000000,15.4916,15.8404,15.2626,15.2911,3080264.4910187,0
UNM.US,D,20080729,000000,15.3893,15.8836,15.1633,15.803,4834818.6977321,0
UNM.US,D,20080730,000000,15.9111,16.4113,15.5417,16.0262,5244915.4671843,0
UNM.US,D,20080731,000000,16.7818,17.7683,16.7818,17.2564,10631662.885394,0
UNM.US,D,20080801,000000,17.5021,17.5198,16.4684,16.7189,6598609.0981395,0
UNM.US,D,20080804,000000,16.6619,16.7405,16.3622,16.4339,4878259.134071,0
UNM.US,D,20080805,000000,16.6826,17.1621,16.5342,17.1404,5726722.9969967,0
UNM.US,D,20080806,000000,17.0402,17.1336,16.6973,16.8418,3784558.8602882,0
UNM.US,D,20080807,000000,16.6186,16.9056,16.4634,16.5892,5202432.6397332,0
UNM.US,D,20080808,000000,16.7267,17.3969,16.5273,17.2908,5271948.3284982,0
UNM.US,D,20080811,000000,17.1188,17.789,16.6334,17.5748,4612332.8759252,0
UNM.US,D,20080812,000000,17.2505,17.5286,17.1621,17.3341,4882543.4416351,0
UNM.US,D,20080813,000000,17.1974,17.2682,16.7897,17.0903,4842246.5269269,0
UNM.US,D,20080814,000000,16.8919,17.5473,16.8181,17.3969,3619718.8546983,0
UNM.US,D,20080815,000000,17.506,17.8499,17.3253,17.7035,3879310.2400207,0
UNM.US,D,20080818,000000,17.7035,17.7487,17.1769,17.283,3901293.5207805,0
UNM.US,D,20080819,000000,16.9056,17.283,16.885,17.1267,3938071.4009147,0
UNM.US,D,20080820,000000,17.0628,17.2987,16.8418,17.2564,3815301.0567733,0
UNM.US,D,20080821,000000,17.0903,17.3253,16.8761,17.2044,2809338.5171811,0
UNM.US,D,20080822,000000,17.2682,17.731,17.2682,17.5021,5028140.6985958,0
UNM.US,D,20080825,000000,17.4195,17.5286,16.9842,17.2338,4386671.9853298,0
UNM.US,D,20080826,000000,17.226,17.3773,17.0402,17.3773,3165608.7118149,0
UNM.US,D,20080827,000000,17.3429,17.5748,17.2564,17.512,3114638.6812559,0
UNM.US,D,20080828,000000,17.7821,18.1123,17.6701,18.0897,5670560.9148482,0
UNM.US,D,20080829,000000,17.9708,18.3786,17.8882,18.1487,4091372.2702888,0
UNM.US,D,20080902,000000,18.4543,18.6607,18.2175,18.3609,5614793.6809978,0
UNM.US,D,20080903,000000,18.2558,18.5673,18.2125,18.3914,5230263.3388453,0
UNM.US,D,20080904,000000,18.185,18.3963,17.962,17.9993,6219118.1600386,0
UNM.US,D,20080905,000000,17.8549,18.24,17.678,18.1939,5136323.0263641,0
UNM.US,D,20080908,000000,18.5742,19.4969,18.2175,18.6685,7093752.9345141,0
UNM.US,D,20080909,000000,18.0622,19.0792,17.955,18.0386,6664875.4296475,0
UNM.US,D,20080910,000000,18.1123,18.5476,17.8499,18.3472,7214775.9731715,0
UNM.US,D,20080911,000000,18.3472,18.4189,17.7242,18.3786,7559504.9962889,0
UNM.US,D,20080912,000000,18.2125,18.5408,18.0622,18.3609,4279346.5190743,0
UNM.US,D,20080915,000000,17.8499,18.5339,17.6849,17.7104,8312545.8303151,0
UNM.US,D,20080916,000000,17.3969,18.0848,17.1336,17.9119,9990105.6365562,0
UNM.US,D,20080917,000000,17.4333,17.5473,16.4113,16.5125,12380359.497253,0
UNM.US,D,20080918,000000,16.8496,17.9325,16.1283,17.8204,12636067.529211,0
UNM.US,D,20080919,000000,19.7494,19.7494,18.5673,18.5673,7997215.7053493,0
UNM.US,D,20080922,000000,19.1382,19.6413,17.2908,17.5601,3802664.893585,0
UNM.US,D,20080923,000000,17.506,18.4778,17.4195,18.3835,5392323.1239447,0
UNM.US,D,20080924,000000,18.4258,18.7825,17.1404,18.3472,3574020.2524485,0
UNM.US,D,20080925,000000,18.5476,19.2483,18.1409,18.24,3168197.6140578,0
UNM.US,D,20080926,000000,18.018,18.7471,17.7683,18.6214,3438107.9729431,0
UNM.US,D,20080929,000000,17.9177,18.6272,17.2112,17.2112,7839700.7462787,0
UNM.US,D,20080930,000000,17.7104,18.2843,17.4382,17.9256,7177609.3506408,0
UNM.US,D,20081001,000000,17.7683,18.3531,17.2613,17.5531,4773497.1288022,0
UNM.US,D,20081002,000000,17.3341,17.7104,16.9557,17.0707,5788182.966361,0
UNM.US,D,20081003,000000,17.6337,17.8499,16.6747,16.7818,8992657.7766287,0
UNM.US,D,20081006,000000,16.377,18.7137,15.2479,15.6311,8331108.7885754,0
UNM.US,D,20081007,000000,15.6733,18.7137,14.5188,15.2036,5903630.2992836,0
UNM.US,D,20081008,000000,14.7742,16.7572,14.3056,14.9894,4615933.3225194,0
UNM.US,D,20081009,000000,14.2859,17.6917,9.99759,10.5517,17031913.631569,0
UNM.US,D,20081010,000000,10.2914,12.8217,8.88016,11.7624,11251453.612976,0
UNM.US,D,20081013,000000,12.4267,14.3743,11.9727,14.278,7687167.1851952,0
UNM.US,D,20081014,000000,14.9403,14.9403,13.7346,14.1217,8639287.8852152,0
UNM.US,D,20081015,000000,13.0045,13.9901,12.4797,12.6203,6634868.994295,0
UNM.US,D,20081016,000000,12.8463,12.8463,10.5016,11.5737,11415697.275518,0
UNM.US,D,20081017,000000,12.1417,12.1417,10.7915,11.3428,8830216.3726845,0
UNM.US,D,20081020,000000,11.4726,13.263,11.2484,13.1843,6379539.5282311,0
UNM.US,D,20081021,000000,12.973,13.313,12.3048,12.9337,5985383.2323379,0
UNM.US,D,20081022,000000,12.5318,13.0192,11.6396,11.9059,5103038.7395476,0
UNM.US,D,20081023,000000,11.334,11.3772,9.90419,10.7228,16430881.251096,0
UNM.US,D,20081024,000000,9.98865,11.1826,9.37847,10.7837,7463412.3535232,0
UNM.US,D,20081027,000000,10.9556,10.9969,10.0584,10.0702,6974189.2063191,0
UNM.US,D,20081028,000000,10.2914,11.0116,9.69194,10.8465,7557232.5832745,0
UNM.US,D,20081029,000000,10.8465,11.7349,10.429,10.8318,7233551.6203347,0
UNM.US,D,20081030,000000,11.2858,11.4961,10.0752,10.4702,8727088.7137216,0
UNM.US,D,20081031,000000,11.7899,11.7899,9.92187,11.2484,8372851.7842928,0
UNM.US,D,20081103,000000,11.1895,12.29,10.88,12.0327,8238722.4280302,0
UNM.US,D,20081104,000000,12.463,13.2236,12.0042,13.1057,9445940.5698566,0
UNM.US,D,20081105,000000,12.7412,13.6255,12.3706,12.3991,7313192.9291145,0
UNM.US,D,20081106,000000,12.6556,12.8836,11.5167,11.6769,6773733.4771836,0
UNM.US,D,20081107,000000,11.6769,12.0415,11.3968,12.0042,4273425.8299038,0
UNM.US,D,20081110,000000,12.1123,12.349,11.0509,11.3045,4607413.5546035,0
UNM.US,D,20081111,000000,11.2278,11.3428,10.7473,11.0116,4017885.7102375,0
UNM.US,D,20081112,000000,10.6058,10.7679,9.76367,9.87569,6211881.6490913,0
UNM.US,D,20081113,000000,10.0359,11.3713,9.51408,11.334,8428408.3645409,0
UNM.US,D,20081114,000000,10.9065,11.4862,10.2844,10.7414,7638464.4793994,0
UNM.US,D,20081117,000000,10.591,10.82,9.60645,9.68506,5958891.7609584,0
UNM.US,D,20081118,000000,9.84916,10.3257,9.39223,10.0584,8570059.1738215,0
UNM.US,D,20081119,000000,10.1773,10.2491,8.85589,8.92488,6472853.9858068,0
UNM.US,D,20081120,000000,8.84862,8.84862,6.66329,6.7703,12668597.73719,0
UNM.US,D,20081121,000000,7.11315,8.32653,6.79929,8.26994,11592298.265079,0
UNM.US,D,20081124,000000,8.61485,9.8639,8.03597,9.61332,9752327.5844013,0
UNM.US,D,20081125,000000,9.66835,10.2688,8.56365,10.1282,7110784.329144,0
UNM.US,D,20081126,000000,9.78529,10.0201,9.01459,9.9563,6665786.2266237,0
UNM.US,D,20081128,000000,9.89043,10.7915,9.78529,10.6422,2643169.4603611,0
UNM.US,D,20081201,000000,10.2078,10.7551,9.70373,9.77841,9476352.0300096,0
UNM.US,D,20081202,000000,10.1557,10.4702,9.55338,10.429,8624617.4391717,0
UNM.US,D,20081203,000000,10.429,10.8878,9.78529,10.7384,12506167.527399,0
UNM.US,D,20081204,000000,10.3798,11.106,10.3179,10.4791,5721697.8400486,0
UNM.US,D,20081205,000000,10.2629,12.4071,10.2629,12.354,7101354.7819021,0
UNM.US,D,20081208,000000,12.5112,12.5318,11.4057,11.5639,7245760.3704168,0
UNM.US,D,20081209,000000,11.3615,12.0267,11.0716,11.2564,6101183.6898982,0
UNM.US,D,20081210,000000,11.4116,11.7044,10.9625,11.4961,5668241.6899222,0
UNM.US,D,20081211,000000,11.3045,11.7486,10.429,10.5429,7107196.0943528,0
UNM.US,D,20081212,000000,10.0201,11.1758,10.0201,11.1581,5872704.9257529,0
UNM.US,D,20081215,000000,11.0716,11.2111,10.429,10.65,4037541.6248693,0
UNM.US,D,20081216,000000,10.7984,12.809,10.5665,12.6556,7824678.1932477,0
UNM.US,D,20081217,000000,12.4267,12.8217,12.1043,12.4905,6093735.5076984,0
UNM.US,D,20081218,000000,12.5848,13.032,11.9579,12.1476,4940177.0460491,0
UNM.US,D,20081219,000000,12.2842,13.0968,12.1781,12.9573,8087980.9490419,0
UNM.US,D,20081222,000000,13.1136,13.1136,11.8341,12.0788,4928041.5667851,0
UNM.US,D,20081223,000000,12.2567,12.7244,12.0415,12.126,3027202.17154,0
UNM.US,D,20081224,000000,12.1712,12.2615,11.7201,12.0847,1224264.8012101,0
UNM.US,D,20081226,000000,12.0267,12.2842,11.842,12.1918,1524125.6246839,0
UNM.US,D,20081229,000000,12.1918,12.463,11.6062,11.9727,1898676.888458,0
UNM.US,D,20081230,000000,12.126,12.9111,12.0483,12.8394,2532553.9308385,0
UNM.US,D,20081231,000000,12.862,13.3926,12.2204,13.2835,2559593.9157042,0
UNM.US,D,20090102,000000,13.1784,13.2835,12.6359,13.1647,4053528.9103399,0
UNM.US,D,20090105,000000,13.0133,13.9812,12.9662,13.8909,4938951.7951447,0
UNM.US,D,20090106,000000,14.2426,14.6495,13.9065,14.2613,5705777.7194947,0
UNM.US,D,20090107,000000,13.8417,13.8417,12.354,12.4482,6914727.9020512,0
UNM.US,D,20090108,000000,12.3412,13.0477,12.3412,12.9927,4916955.2849317,0
UNM.US,D,20090109,000000,13.0261,13.0899,12.235,12.3195,4076156.3637097,0
UNM.US,D,20090112,000000,12.2498,12.2498,11.334,11.5109,4351039.9793802,0
UNM.US,D,20090113,000000,11.6896,12.0975,11.1413,11.8282,5468746.6226253,0
UNM.US,D,20090114,000000,11.4922,11.6062,10.7228,10.9006,5071775.506133,0
UNM.US,D,20090115,000000,11.1266,11.613,10.3179,11.0982,6322398.4665394,0
UNM.US,D,20090116,000000,12.1328,13.0546,11.1483,11.5796,6598596.8863365,0
UNM.US,D,20090120,000000,11.5639,11.5796,9.90419,9.99759,8711056.6516398,0
UNM.US,D,20090121,000000,10.4043,11.6896,10.3257,11.6199,7218017.1892265,0
UNM.US,D,20090122,000000,11.0185,11.2858,9.89043,10.3552,9764258.5159645,0
UNM.US,D,20090123,000000,10.0506,11.1758,9.84916,10.824,4679781.7170269,0
UNM.US,D,20090126,000000,10.7414,11.1197,10.1773,10.4201,6711052.327516,0
UNM.US,D,20090127,000000,10.6274,10.9704,10.3179,10.9133,4700008.5334505,0
UNM.US,D,20090128,000000,11.6631,12.349,11.2564,11.7349,7281251.9406316,0
UNM.US,D,20090129,000000,11.2986,11.2986,10.5193,10.5577,5618114.2737725,0
UNM.US,D,20090130,000000,10.5577,10.8465,10.0044,10.1115,6328708.9157567,0
UNM.US,D,20090202,000000,9.86979,10.6274,9.74205,10.4791,5608614.5086631,0
UNM.US,D,20090203,000000,10.5812,10.5812,9.90419,10.1695,7045505.1183812,0
UNM.US,D,20090204,000000,9.99759,10.5979,9.39223,10.1352,6226917.4315756,0
UNM.US,D,20090205,000000,9.90419,10.9133,9.6487,10.5517,8340402.9883338,0
UNM.US,D,20090206,000000,10.7915,10.8937,10.2285,10.707,5964320.9250568,0
UNM.US,D,20090209,000000,10.6608,10.9831,10.3179,10.4977,4699699.1677736,0
UNM.US,D,20090210,000000,10.3552,10.4977,8.99013,9.06471,12537966.044846,0
UNM.US,D,20090211,000000,9.1047,9.46396,8.94118,9.27155,6628765.1280791,0
UNM.US,D,20090212,000000,8.73532,9.4787,8.73532,9.40402,6994293.9047123,0
UNM.US,D,20090213,000000,9.33474,9.73419,9.05036,9.15501,6605353.0663644,0
UNM.US,D,20090217,000000,8.59834,8.87181,8.04343,8.0852,9343166.0355314,0
UNM.US,D,20090218,000000,8.75468,8.75468,7.96217,8.34157,7322969.4950926,0
UNM.US,D,20090219,000000,8.54773,8.54773,7.24876,7.31322,11314620.181814,0
UNM.US,D,20090220,000000,7.34181,7.96905,7.07758,7.5638,13655790.735521,0
UNM.US,D,20090223,000000,7.69193,7.87795,7.02059,7.02059,9673364.0306898,0
UNM.US,D,20090224,000000,7.14175,8.13265,7.07758,8.11831,11517051.17009,0
UNM.US,D,20090225,000000,8.21383,8.21383,7.0993,7.55643,11807099.809827,0
UNM.US,D,20090226,000000,7.88542,8.0852,7.60625,7.85575,10346915.185824,0
UNM.US,D,20090227,000000,7.5638,7.69872,6.89206,7.27028,13092837.809855,0
UNM.US,D,20090302,000000,6.7133,7.17054,6.59912,6.67076,13342955.888975,0
UNM.US,D,20090303,000000,6.82051,6.97047,6.14189,6.1921,10721737.144565,0
UNM.US,D,20090304,000000,6.34914,6.85609,5.92787,6.62791,10984026.320708,0
UNM.US,D,20090305,000000,6.27062,6.44937,5.55613,5.70648,11387307.886417,0
UNM.US,D,20090306,000000,5.92787,5.94919,5.43497,5.79217,10033908.356385,0
UNM.US,D,20090309,000000,5.67081,6.06377,5.57805,5.83482,9892432.5829479,0
UNM.US,D,20090310,000000,6.13482,6.92036,5.91362,6.7421,11617689.656535,0
UNM.US,D,20090311,000000,6.82051,7.2636,6.4135,7.09192,13750485.126839,0
UNM.US,D,20090312,000000,7.06314,7.86223,6.9061,7.74136,12192166.453663,0
UNM.US,D,20090313,000000,7.70589,8.10554,7.52714,7.8697,8732740.7432253,0
UNM.US,D,20090316,000000,7.92768,8.2491,7.44293,7.47899,7720269.3126165,0
UNM.US,D,20090317,000000,7.32805,8.20007,7.29877,8.20007,7840624.7727082,0
UNM.US,D,20090318,000000,8.09208,9.15501,7.7847,9.14057,14346506.597468,0
UNM.US,D,20090319,000000,9.34211,9.44824,8.56365,8.63401,14119105.52494,0
UNM.US,D,20090320,000000,8.90434,8.90434,8.10554,8.14711,7988104.6826365,0
UNM.US,D,20090323,000000,8.47796,9.53176,8.47796,9.53176,10018539.802268,0
UNM.US,D,20090324,000000,9.00712,9.74991,8.90434,9.06471,8945254.6102055,0
UNM.US,D,20090325,000000,9.27735,9.57697,8.62762,9.23579,8219948.8161676,0
UNM.US,D,20090326,000000,9.23579,9.69783,8.75468,9.57009,8653304.9997965,0
UNM.US,D,20090327,000000,9.21466,9.60645,8.95622,9.3657,5229079.8116013,0
UNM.US,D,20090330,000000,9.14057,9.14833,8.30658,8.40093,7199114.3357818,0
UNM.US,D,20090331,000000,8.36329,9.08367,8.36329,8.92488,8029797.8134914,0
UNM.US,D,20090401,000000,8.69199,9.43448,8.42539,9.3657,8133988.9169685,0
UNM.US,D,20090402,000000,9.74205,9.89633,9.42466,9.71159,7484792.1676831,0
UNM.US,D,20090403,000000,9.60645,9.9563,9.37356,9.94052,6535292.9347142,0
UNM.US,D,20090406,000000,9.73419,9.89633,9.45708,9.74205,5391831.5988726,0
UNM.US,D,20090407,000000,9.22714,9.60645,9.18479,9.31047,4433684.3740558,0
UNM.US,D,20090408,000000,9.73419,9.96414,9.40402,9.61332,5428088.4420774,0
UNM.US,D,20090409,000000,10.1352,10.6825,9.75581,10.4791,9400073.0376649,0
UNM.US,D,20090413,000000,10.6205,10.7915,10.0201,10.6825,8719647.6550735,0
UNM.US,D,20090414,000000,10.3552,10.4908,9.60645,9.74205,8513123.6774809,0
UNM.US,D,20090415,000000,9.59367,10.5812,9.38535,10.5517,7056530.3412194,0
UNM.US,D,20090416,000000,10.5979,10.6825,10.0428,10.4043,7970806.6636403,0
UNM.US,D,20090417,000000,10.4358,10.9625,10.2138,10.7384,8675678.0406031,0
UNM.US,D,20090420,000000,10.3631,10.4702,9.99759,10.0143,9722473.7965867,0
UNM.US,D,20090421,000000,9.68506,11.0116,9.16169,11.0116,9404381.768835,0
UNM.US,D,20090422,000000,9.99759,10.8554,9.99759,10.3257,11368829.393128,0
UNM.US,D,20090423,000000,10.4122,10.8554,10.1843,10.7837,7824959.0647174,0
UNM.US,D,20090424,000000,10.8702,10.9831,10.371,10.7414,9666116.3255897,0
UNM.US,D,20090427,000000,10.6648,11.0559,10.4613,10.8878,7386470.8708639,0
UNM.US,D,20090428,000000,10.6736,11.1698,10.6736,10.9271,6077546.7274777,0
UNM.US,D,20090429,000000,11.0637,11.6474,10.9193,11.5029,7216412.3547779,0
UNM.US,D,20090430,000000,11.5029,11.8626,11.4194,11.67,11129518.759692,0
UNM.US,D,20090501,000000,11.6631,12.0906,11.4804,11.896,8628311.5095891,0
UNM.US,D,20090504,000000,11.9403,12.691,11.8587,12.6556,11479072.462658,0
UNM.US,D,20090505,000000,12.1918,12.9337,12.1633,12.6753,8524928.4204128,0
UNM.US,D,20090506,000000,12.9662,13.032,12.5043,12.8767,12769566.959967,0
UNM.US,D,20090507,000000,12.9484,13.1705,12.354,12.4267,10992490.11786,0
UNM.US,D,20090508,000000,12.5043,13.5283,12.299,13.5283,11418344.183825,0
UNM.US,D,20090511,000000,12.8689,12.973,12.1043,12.1554,10801016.169855,0
UNM.US,D,20090512,000000,12.235,12.4394,11.8341,12.0788,13316079.7458,0
UNM.US,D,20090513,000000,11.8488,11.9972,11.4057,11.5167,10417793.508277,0
UNM.US,D,20090514,000000,11.4194,12.1043,11.3114,11.9579,8990661.1468328,0
UNM.US,D,20090515,000000,11.9403,12.0042,11.4597,11.6199,7385811.4335001,0
UNM.US,D,20090518,000000,11.896,12.579,11.728,12.4994,7924874.0018324,0
UNM.US,D,20090519,000000,12.3756,12.5643,12.1633,12.235,8458262.1523554,0
UNM.US,D,20090520,000000,12.4709,12.691,11.842,11.8823,8165973.6644123,0
UNM.US,D,20090521,000000,11.6062,11.9727,11.4636,11.8057,6276793.4881129,0
UNM.US,D,20090522,000000,11.8823,12.0552,11.728,11.8488,4528695.2546029,0
UNM.US,D,20090526,000000,11.7349,12.5043,11.6278,12.4847,7055308.1432659,0
UNM.US,D,20090527,000000,12.4482,12.5043,11.555,11.5924,7751695.3700715,0
UNM.US,D,20090528,000000,11.8901,12.0847,11.6336,12.0327,6907780.4037757,0
UNM.US,D,20090529,000000,12.0267,12.2567,11.6848,12.2204,6349743.7464809,0
UNM.US,D,20090601,000000,12.3618,12.5407,12.1328,12.3117,7060155.2114197,0
UNM.US,D,20090602,000000,12.354,12.7696,12.1839,12.5711,6906426.9289395,0
UNM.US,D,20090603,000000,12.4208,12.4208,11.9403,12.0975,4174905.0736351,0
UNM.US,D,20090604,000000,12.2046,12.4797,12.1633,12.4336,4797218.5561937,0
UNM.US,D,20090605,000000,12.6419,12.7117,12.1191,12.2763,5839699.4751057,0
UNM.US,D,20090608,000000,12.1328,12.4709,11.9727,12.3363,4218141.9799234,0
UNM.US,D,20090609,000000,12.4071,12.4071,11.9854,12.1043,4226551.8416121,0
UNM.US,D,20090610,000000,12.1839,12.1839,11.7772,11.9924,4974483.0537193,0
UNM.US,D,20090611,000000,11.9639,12.2842,11.8685,12.1476,4070718.040759,0
UNM.US,D,20090612,000000,12.1123,12.1123,11.7624,12.0415,3668162.0596797,0
UNM.US,D,20090615,000000,11.896,11.9579,11.7624,11.9137,5448932.9722044,0
UNM.US,D,20090616,000000,11.9766,12.0483,11.3968,11.3968,4862371.5783252,0
UNM.US,D,20090617,000000,11.3841,11.5029,10.933,11.0834,6567188.1289357,0
UNM.US,D,20090618,000000,11.1483,11.4273,11.0637,11.2622,5615672.9308161,0
UNM.US,D,20090619,000000,11.4116,11.6003,11.3467,11.5109,5134888.1395078,0
UNM.US,D,20090622,000000,11.3536,11.4726,10.7768,10.8141,5514567.3429054,0
UNM.US,D,20090623,000000,10.8062,11.0274,10.7149,10.9911,4728039.7096623,0
UNM.US,D,20090624,000000,11.0637,11.4116,11.0274,11.2111,4013855.8152367,0
UNM.US,D,20090625,000000,11.1698,11.4057,10.9704,11.3713,4159251.5774473,0
UNM.US,D,20090626,000000,11.3192,11.4351,11.0982,11.3841,3494509.202901,0
UNM.US,D,20090629,000000,11.4057,11.5394,11.2564,11.391,3326400.5046993,0
UNM.US,D,20090630,000000,11.3772,11.5315,10.9556,11.328,6017607.127591,0
UNM.US,D,20090701,000000,11.5109,11.5109,11.2858,11.4273,4265641.8231206,0
UNM.US,D,20090702,000000,11.2367,11.3428,10.7414,10.7414,4706295.5767119,0
UNM.US,D,20090706,000000,10.6353,10.82,10.5351,10.7768,5987200.7556893,0
UNM.US,D,20090707,000000,10.7768,10.8633,10.591,10.6137,4507632.9473218,0
UNM.US,D,20090708,000000,10.6736,10.8702,10.2629,10.5704,7229522.742984,0
UNM.US,D,20090709,000000,10.7149,10.9969,10.6422,10.824,4198550.1772576,0
UNM.US,D,20090710,000000,10.7414,10.8141,10.4702,10.6058,4066808.228488,0
UNM.US,D,20090713,000000,10.7915,11.4597,10.7384,11.4499,5705144.7410375,0
UNM.US,D,20090714,000000,11.4351,11.5109,11.1974,11.3467,3568621.6178577,0
UNM.US,D,20090715,000000,11.4961,11.8823,11.3467,11.7044,6688013.7434441,0
UNM.US,D,20090716,000000,11.5924,11.7899,11.4597,11.5845,5493865.2838138,0
UNM.US,D,20090717,000000,11.6336,11.7201,11.4726,11.6848,3703981.3132758,0
UNM.US,D,20090720,000000,11.9137,12.2567,11.728,12.235,4404124.6871644,0
UNM.US,D,20090721,000000,12.3412,12.463,12.1554,12.299,3492718.1384562,0
UNM.US,D,20090722,000000,12.0847,12.4994,12.012,12.3991,4994086.050538,0
UNM.US,D,20090723,000000,12.52,12.9662,12.3618,12.8689,4836352.296663,0
UNM.US,D,20090724,000000,12.8266,13.5646,12.7853,13.256,5540046.2522834,0
UNM.US,D,20090727,000000,13.2835,13.5213,13.1577,13.2236,3519637.0229418,0
UNM.US,D,20090728,000000,13.1489,13.3563,12.9249,13.0831,4294646.8906243,0
UNM.US,D,20090729,000000,12.9789,13.1489,12.8158,12.9337,2874590.2513871,0
UNM.US,D,20090730,000000,13.1057,13.6402,13.0477,13.2688,4379171.9029671,0
UNM.US,D,20090731,000000,13.3494,13.4908,13.1489,13.4034,3384201.0037547,0
UNM.US,D,20090803,000000,13.6835,13.7346,13.3779,13.5971,4115654.4229695,0
UNM.US,D,20090804,000000,13.7965,14.2613,13.4997,14.2122,5566983.4544735,0
UNM.US,D,20090805,000000,14.5649,14.5964,13.4329,14.106,9426327.3965354,0
UNM.US,D,20090806,000000,14.2701,14.5334,13.8034,14.334,6322306.8780167,0
UNM.US,D,20090807,000000,14.5276,14.8567,14.3595,14.7192,6115225.2280856,0
UNM.US,D,20090810,000000,14.5846,14.7192,14.1905,14.3674,4767898.0171116,0
UNM.US,D,20090811,000000,14.2554,14.5709,14.1385,14.4618,6446214.9551407,0
UNM.US,D,20090812,000000,14.5964,15.2479,14.4077,15.1122,5318173.0559287,0
UNM.US,D,20090813,000000,15.3893,15.6979,15.2401,15.5211,5129315.4867237,0
UNM.US,D,20090814,000000,15.4424,15.5211,15.0759,15.2401,3672693.6562552,0
UNM.US,D,20090817,000000,14.9472,15.0209,14.5905,14.6347,5646851.6992597,0
UNM.US,D,20090818,000000,14.7123,15.07,14.5757,15.0552,4667792.7793993,0
UNM.US,D,20090819,000000,14.8342,15.349,14.8342,15.1633,3810513.0123342,0
UNM.US,D,20090820,000000,15.0336,15.5357,15.0336,15.3432,3942317.0377692,0
UNM.US,D,20090821,000000,15.4964,15.8345,15.4759,15.8198,5342454.1909591,0
UNM.US,D,20090824,000000,15.7264,16.0262,15.5997,15.6979,5115902.8563926,0
UNM.US,D,20090825,000000,15.349,16.3916,15.349,16.2699,6496896.9906781,0
UNM.US,D,20090826,000000,16.2059,16.4261,15.9495,16.1637,5815014.3329248,0
UNM.US,D,20090827,000000,16.1215,16.2404,15.7834,16.0625,4782898.1818371,0
UNM.US,D,20090828,000000,16.0959,16.3327,15.9495,16.1755,4431202.3250894,0
UNM.US,D,20090831,000000,15.9495,16.2246,15.8109,16.089,5167507.9007093,0
UNM.US,D,20090901,000000,15.9996,16.1057,14.9472,14.9983,7399055.1338893,0
UNM.US,D,20090902,000000,14.8647,15.1427,14.67,15.014,5916668.4343218,0
UNM.US,D,20090903,000000,15.185,15.4964,14.896,15.4503,4214321.7208746,0
UNM.US,D,20090904,000000,15.5289,15.576,15.2115,15.3697,4264104.1535887,0
UNM.US,D,20090908,000000,15.5122,15.6626,15.2351,15.3618,3899942.0812449,0
UNM.US,D,20090909,000000,15.356,15.6733,15.2479,15.6311,5298673.8594358,0
UNM.US,D,20090910,000000,15.467,15.7196,15.2263,15.6311,4909505.0674313,0
UNM.US,D,20090911,000000,15.6213,15.7068,15.2685,15.6566,3917059.9761463,0
UNM.US,D,20090914,000000,15.4277,15.6626,15.1054,15.6566,5022080.5913407,0
UNM.US,D,20090915,000000,15.6813,15.92,15.5357,15.6979,5633049.3088817,0
UNM.US,D,20090916,000000,15.7834,16.3916,15.7569,16.3465,5800265.5278118,0
UNM.US,D,20090917,000000,16.1755,16.6049,16.0477,16.0625,4724942.9999432,0
UNM.US,D,20090918,000000,16.1333,16.2246,15.7962,16.0409,5339964.0007907,0
UNM.US,D,20090921,000000,15.8758,15.9564,15.5357,15.8198,3655838.3151189,0
UNM.US,D,20090922,000000,15.9564,16.2767,15.8708,16.0409,4492570.7059309,0
UNM.US,D,20090923,000000,15.5357,15.9328,15.3805,15.3963,4413651.9288306,0
UNM.US,D,20090924,000000,15.5122,15.5122,14.9708,15.1192,5075973.3134256,0
UNM.US,D,20090925,000000,15.3049,15.4061,14.8342,14.8755,5382045.8740422,0
UNM.US,D,20090928,000000,14.7909,15.3107,14.7909,15.3107,7450110.6470696,0
UNM.US,D,20090929,000000,15.3805,15.583,15.2479,15.4916,6981137.7222448,0
UNM.US,D,20090930,000000,15.5211,15.6813,15.0887,15.3107,6966434.7113931,0
UNM.US,D,20091001,000000,15.5122,15.5614,14.5757,14.5757,6056588.2205224,0
UNM.US,D,20091002,000000,14.3527,14.7674,14.2358,14.5334,4834387.2140249,0
UNM.US,D,20091005,000000,14.7192,15.0818,14.4765,15.0759,4993955.7913056,0
UNM.US,D,20091006,000000,15.0631,15.5908,14.7742,15.3727,5392925.5728943,0
UNM.US,D,20091007,000000,15.3432,15.4601,15.126,15.4601,3624980.106505,0
UNM.US,D,20091008,000000,15.5122,15.8198,15.4218,15.4759,3839179.2023037,0
UNM.US,D,20091009,000000,15.4759,15.6262,15.3893,15.4277,3538994.7660495,0
UNM.US,D,20091012,000000,15.6075,15.7421,15.4218,15.6566,2438227.9289116,0
UNM.US,D,20091013,000000,15.5417,15.6626,15.3893,15.5997,3913240.7347478,0
UNM.US,D,20091014,000000,15.8404,16.2699,15.7834,16.2404,4998540.3056942,0
UNM.US,D,20091015,000000,16.2404,16.2502,15.92,16.0625,3413530.7016891,0
UNM.US,D,20091016,000000,15.8905,15.9259,15.5357,15.5535,5147264.8018816,0
UNM.US,D,20091019,000000,15.6478,16.0831,15.6213,16.0114,2892580.2725551,0
UNM.US,D,20091020,000000,16.0694,16.0694,15.6075,15.7068,4743136.5511618,0
UNM.US,D,20091021,000000,15.6311,15.803,15.2036,15.2164,7341311.6232481,0
UNM.US,D,20091022,000000,15.2351,15.64,15.014,15.64,3953196.7366213,0
UNM.US,D,20091023,000000,15.6075,15.6213,15.1496,15.2401,3532660.9108764,0
UNM.US,D,20091026,000000,15.298,15.4503,14.7281,14.8184,4004216.6320427,0
UNM.US,D,20091027,000000,14.842,15.0552,14.6022,14.6445,3639260.7925017,0
UNM.US,D,20091028,000000,14.5414,14.7123,14.163,14.1905,5391658.5983296,0
UNM.US,D,20091029,000000,14.4824,15.185,14.4077,15.1339,5892184.786891,0
UNM.US,D,20091030,000000,14.9983,14.9983,14.2122,14.2475,7640113.0728088,0
UNM.US,D,20091102,000000,14.3527,14.7546,14.1552,14.446,4932467.3277343,0
UNM.US,D,20091103,000000,14.219,14.5188,14.219,14.4205,6389696.6954037,0
UNM.US,D,20091104,000000,14.4283,14.4283,13.6639,13.6982,9567449.0276846,0
UNM.US,D,20091105,000000,13.7838,13.8761,13.4762,13.711,6785910.680108,0
UNM.US,D,20091106,000000,13.4762,13.9989,13.4231,13.9488,4384154.3186045,0
UNM.US,D,20091109,000000,14.0776,14.5414,14.0776,14.5414,5810220.1825841,0
UNM.US,D,20091110,000000,14.3832,14.6092,14.2475,14.446,5059975.8514524,0
UNM.US,D,20091111,000000,14.6563,14.8136,14.5709,14.677,4070439.2045898,0
UNM.US,D,20091112,000000,14.5571,14.6347,13.8987,13.9302,7708314.9750975,0
UNM.US,D,20091113,000000,14.0549,14.163,13.9213,14.0313,6455068.5123395,0
UNM.US,D,20091116,000000,14.2554,14.4421,14.1905,14.3261,5126975.9087927,0
UNM.US,D,20091117,000000,14.2358,14.3467,14.1325,14.1385,6967542.9325184,0
UNM.US,D,20091118,000000,14.0913,14.163,13.9213,13.9615,5792512.0505361,0
UNM.US,D,20091119,000000,13.8329,13.8987,13.5646,13.6639,3894313.457697,0
UNM.US,D,20091120,000000,13.5833,13.706,13.4762,13.6255,5513408.2392675,0
UNM.US,D,20091123,000000,13.8614,13.9065,13.6835,13.7896,3553794.4536752,0
UNM.US,D,20091124,000000,13.7896,13.9557,13.711,13.8329,5085639.9731764,0
UNM.US,D,20091125,000000,13.8682,14.0982,13.8034,14.0392,3413250.8478696,0
UNM.US,D,20091127,000000,13.6049,13.9154,13.4545,13.4997,2303234.5875845,0
UNM.US,D,20091130,000000,13.541,13.6255,13.3346,13.5971,5291722.2905593,0
UNM.US,D,20091201,000000,13.7493,13.7493,13.5213,13.5833,4008682.0813517,0
UNM.US,D,20091202,000000,13.6186,13.8486,13.4624,13.8329,4901162.3706593,0
UNM.US,D,20091203,000000,13.8544,14.2859,13.3847,13.3975,5147630.1383224,0
UNM.US,D,20091204,000000,13.6049,13.8417,13.3651,13.6314,6061840.3134769,0
UNM.US,D,20091207,000000,13.6108,13.7562,13.4329,13.484,4276181.6267883,0
UNM.US,D,20091208,000000,13.484,13.5145,13.256,13.3051,3939339.3931297,0
UNM.US,D,20091209,000000,13.2835,13.5056,13.199,13.313,5489915.7831829,0
UNM.US,D,20091210,000000,13.3779,13.6108,13.3494,13.5145,3301778.4568342,0
UNM.US,D,20091211,000000,13.5705,13.6707,13.4545,13.5971,3941781.7537362,0
UNM.US,D,20091214,000000,13.6785,13.8987,13.5891,13.8682,3054302.1977706,0
UNM.US,D,20091215,000000,13.711,13.8289,13.5498,13.5971,3595546.6082448,0
UNM.US,D,20091216,000000,13.6913,13.9302,13.6785,13.7562,3994688.3727262,0
UNM.US,D,20091217,000000,14.1965,14.1965,13.7188,13.77,5754038.7650809,0
UNM.US,D,20091218,000000,13.8544,13.8614,13.4997,13.6785,4404262.0699485,0
UNM.US,D,20091221,000000,13.711,13.9429,13.711,13.8829,3211666.5446038,0
UNM.US,D,20091222,000000,13.9302,14.1905,13.9302,14.0471,2711957.5291954,0
UNM.US,D,20091223,000000,14.0913,14.2426,14.0471,14.163,1627585.0376292,0
UNM.US,D,20091224,000000,14.2701,14.3261,14.2122,14.3124,702389.32799636,0
UNM.US,D,20091228,000000,14.334,14.3743,14.2613,14.3409,2112229.7763462,0
UNM.US,D,20091229,000000,14.3674,14.4696,14.2937,14.3527,2429201.3711697,0
UNM.US,D,20091230,000000,14.219,14.2859,14.106,14.2122,1833922.7852255,0
UNM.US,D,20091231,000000,14.2613,14.3467,13.9302,13.9429,2159471.1363792,0
UNM.US,D,20100104,000000,14.0392,14.3192,13.9615,14.2426,4354981.3388091,0
UNM.US,D,20100105,000000,14.1758,14.4913,14.1385,14.446,2784949.5112238,0
UNM.US,D,20100106,000000,14.4618,14.6495,14.4205,14.5757,3409765.3957539,0
UNM.US,D,20100107,000000,14.4538,14.9403,14.334,14.896,5278308.6425779,0
UNM.US,D,20100108,000000,14.8567,14.8567,14.5757,14.6986,2865185.1277513,0
UNM.US,D,20100111,000000,14.6986,14.9894,14.6986,14.9708,3042010.0003677,0
UNM.US,D,20100112,000000,14.8499,15.1703,14.8499,14.9325,7075785.3016516,0
UNM.US,D,20100113,000000,15.0061,15.1054,14.8342,15.0336,3761822.5183413,0
UNM.US,D,20100114,000000,14.9619,15.4916,14.9619,15.3196,8056315.7437775,0
UNM.US,D,20100115,000000,15.298,15.5614,15.2115,15.2764,8542417.7576564,0
UNM.US,D,20100119,000000,15.2036,15.6566,15.185,15.4552,4938147.8514451,0
UNM.US,D,20100120,000000,15.356,15.4366,15.1192,15.3727,5536747.030164,0
UNM.US,D,20100121,000000,15.3727,15.3963,14.9472,14.9836,7044420.3032118,0
UNM.US,D,20100122,000000,15.014,15.0631,14.392,14.4205,5136407.4913351,0
UNM.US,D,20100125,000000,14.6259,14.7192,14.446,14.5188,3504274.5747264,0
UNM.US,D,20100126,000000,14.3743,14.5757,14.1149,14.1385,4072364.598868,0
UNM.US,D,20100127,000000,14.1473,14.2937,13.8909,14.278,4861183.9804802,0
UNM.US,D,20100128,000000,14.2269,14.3056,13.9901,14.0048,5653445.0552473,0
UNM.US,D,20100129,000000,14.0648,14.3595,13.9429,13.9753,4671702.5916704,0
UNM.US,D,20100201,000000,14.0776,14.3832,13.9901,14.3527,4445619.37622,0
UNM.US,D,20100202,000000,14.4077,14.8567,14.2859,14.7604,5055047.3712784,0
UNM.US,D,20100203,000000,14.6022,14.7281,14.106,14.2475,5199499.7717048,0
UNM.US,D,20100204,000000,14.0982,14.0982,13.4702,13.4997,5778660.812946,0
UNM.US,D,20100205,000000,13.4997,13.7346,13.256,13.7277,6743206.0049018,0
UNM.US,D,20100208,000000,13.6982,13.7277,13.3779,13.3779,3848345.1781302,0
UNM.US,D,20100209,000000,13.5971,13.8417,13.4122,13.5774,4751036.5700739,0
UNM.US,D,20100210,000000,13.5971,13.8034,13.4997,13.6707,4357346.3579964,0
UNM.US,D,20100211,000000,13.6707,13.9302,13.5498,13.8682,4008985.341127,0
UNM.US,D,20100212,000000,13.6491,13.9615,13.4122,13.9429,5082581.9341669,0
UNM.US,D,20100216,000000,14.0982,14.3409,14.0117,14.3409,4318168.8585663,0
UNM.US,D,20100217,000000,14.7339,14.8136,14.4205,14.6632,4636868.4235189,0
UNM.US,D,20100218,000000,14.6259,14.9541,14.5709,14.9403,5095864.3052658,0
UNM.US,D,20100219,000000,14.8567,15.0484,14.7604,15.0061,4088891.2389726,0
UNM.US,D,20100222,000000,15.014,15.07,14.905,15.0061,2245064.6814873,0
UNM.US,D,20100223,000000,14.9619,15.0631,14.6907,14.7408,5229283.3416519,0
UNM.US,D,20100224,000000,14.7742,14.9894,14.7408,14.9472,3881137.9398747,0
UNM.US,D,20100225,000000,14.7674,14.8647,14.5846,14.842,3920416.1866799,0
UNM.US,D,20100226,000000,14.8843,14.9708,14.7281,14.8647,3661787.4984965,0
UNM.US,D,20100301,000000,14.9197,15.2263,14.896,15.2164,3550012.865336,0
UNM.US,D,20100302,000000,15.2685,15.3049,15.1122,15.2115,3329586.7676407,0
UNM.US,D,20100303,000000,15.2351,15.356,15.1703,15.2479,3955758.1623074,0
UNM.US,D,20100304,000000,15.3107,15.4847,15.2036,15.4847,3174730.9286805,0
UNM.US,D,20100305,000000,15.6075,15.8905,15.467,15.8561,4674504.1828162,0
UNM.US,D,20100308,000000,15.8955,16.0959,15.8493,16.0114,3508671.8414685,0
UNM.US,D,20100309,000000,15.8955,16.1136,15.8836,16.0547,3507498.4907271,0
UNM.US,D,20100310,000000,16.1283,16.3062,15.9761,16.261,3217329.7682604,0
UNM.US,D,20100311,000000,16.3533,16.6049,16.3062,16.6049,4474160.3952085,0
UNM.US,D,20100312,000000,16.7347,16.8181,16.4408,16.713,5967540.7704565,0
UNM.US,D,20100315,000000,16.713,17.0903,16.6256,17.0275,5889294.6601732,0
UNM.US,D,20100316,000000,17.0707,17.3055,16.9636,17.2613,4975662.5103623,0
UNM.US,D,20100317,000000,17.7683,17.789,17.3694,17.4451,6694471.7519481,0
UNM.US,D,20100318,000000,17.3842,17.4382,17.2741,17.3773,3671161.0749745,0
UNM.US,D,20100319,000000,16.8761,17.4863,16.8761,17.0903,7200191.0097492,0
UNM.US,D,20100322,000000,16.8496,17.1483,16.8181,17.0628,4512441.344766,0
UNM.US,D,20100323,000000,17.0707,17.2987,16.9479,17.2741,4751505.7068404,0
UNM.US,D,20100324,000000,17.1974,17.3606,17.1188,17.2682,3853582.0063308,0
UNM.US,D,20100325,000000,17.4048,17.6337,17.2613,17.4195,5901495.2690533,0
UNM.US,D,20100326,000000,17.4333,17.6977,17.4333,17.6063,5775423.667492,0
UNM.US,D,20100329,000000,17.6849,17.8549,17.678,17.7635,5225185.2640841,0
UNM.US,D,20100330,000000,17.7743,17.8549,17.6337,17.6632,2870829.016053,0
UNM.US,D,20100331,000000,17.5531,17.8136,17.5414,17.6917,6653308.8168748,0
UNM.US,D,20100401,000000,17.8352,18.0779,17.8058,17.9777,2698960.1001674,0
UNM.US,D,20100405,000000,18.0062,18.1772,17.9905,18.0966,3640853.4151473,0
UNM.US,D,20100406,000000,18.0111,18.4543,17.9482,18.2843,4933372.0188089,0
UNM.US,D,20100407,000000,18.2607,18.3186,17.9482,18.1123,3620048.5733802,0
UNM.US,D,20100408,000000,18.0258,18.2067,17.9177,18.1614,2631803.3246882,0
UNM.US,D,20100409,000000,18.1614,18.2322,18.0779,18.2322,3266832.3471549,0
UNM.US,D,20100412,000000,18.3186,18.3697,18.1772,18.24,2418742.9795223,0
UNM.US,D,20100413,000000,18.185,18.3118,18.0543,18.2764,1846635.2721828,0
UNM.US,D,20100414,000000,18.3472,18.8699,18.3472,18.8621,3535033.0536156,0
UNM.US,D,20100415,000000,18.5673,18.7137,18.3963,18.6214,3777078.1132802,0
UNM.US,D,20100416,000000,18.5123,18.5742,17.8283,18.0848,5975382.7833042,0
UNM.US,D,20100419,000000,17.9256,18.2125,17.8204,18.1978,4358366.0435497,0
UNM.US,D,20100420,000000,18.3334,18.527,18.3118,18.4896,2760647.005538,0
UNM.US,D,20100421,000000,18.5339,18.697,18.0966,18.3186,3948959.2409689,0
UNM.US,D,20100422,000000,18.1251,18.2558,17.7978,18.2175,3318913.6517899,0
UNM.US,D,20100423,000000,18.185,18.528,18.1319,18.5054,2945058.4607887,0
UNM.US,D,20100426,000000,18.4543,18.6272,18.3059,18.3118,0,0
UNM.US,D,20100427,000000,18.1487,18.2558,17.2682,17.3341,6198984.9674383,0
UNM.US,D,20100428,000000,17.5473,17.8136,17.2407,17.3429,6850146.7993617,0
UNM.US,D,20100429,000000,17.5906,17.8352,17.4333,17.6495,6739982.0889011,0
UNM.US,D,20100430,000000,17.789,17.9777,17.3969,17.4775,6366695.7643912,0
UNM.US,D,20100503,000000,17.6495,17.7242,17.283,17.3969,5223041.0750015,0
UNM.US,D,20100504,000000,17.1769,17.1837,16.7405,16.8338,8154313.4278163,0
UNM.US,D,20100505,000000,16.4969,17.3606,16.3622,16.8418,7921193.1608682,0
UNM.US,D,20100506,000000,16.7494,17.0196,15.0209,16.1814,7701504.8596062,0
UNM.US,D,20100507,000000,16.0055,16.4339,15.6135,16.0262,10559348.658434,0
UNM.US,D,20100510,000000,16.9174,17.3694,16.8987,17.3694,6613033.2728219,0
UNM.US,D,20100511,000000,17.0903,17.5021,16.9636,17.1769,4157416.7540416,0
UNM.US,D,20100512,000000,17.283,17.4117,17.1031,17.3606,5991997.9589807,0
UNM.US,D,20100513,000000,17.2908,17.3125,16.8044,16.8338,5115628.0908243,0
UNM.US,D,20100514,000000,16.6334,16.6973,16.0625,16.2187,7282623.7331723,0
UNM.US,D,20100517,000000,16.2335,16.3622,15.8198,16.1333,10375578.322843,0
UNM.US,D,20100518,000000,16.2855,16.377,15.6733,15.7627,8761532.104176,0
UNM.US,D,20100519,000000,15.6813,15.9907,15.3805,15.7481,10462934.438189,0
UNM.US,D,20100520,000000,15.4503,15.6901,15.0209,15.3618,26204065.577427,0
UNM.US,D,20100521,000000,15.1192,16.089,15.0336,16.0409,10557825.236006,0
UNM.US,D,20100524,000000,15.9495,16.0694,15.7196,15.7687,6129241.3250167,0
UNM.US,D,20100525,000000,15.1988,15.9328,14.9836,15.8493,15077824.669199,0
UNM.US,D,20100526,000000,16.0262,16.2915,15.8955,15.9996,9301356.8925476,0
UNM.US,D,20100527,000000,16.3465,16.826,16.1991,16.7965,5749362.6621695,0
UNM.US,D,20100528,000000,16.8044,16.9764,16.4408,16.4969,7359763.6576309,0
UNM.US,D,20100601,000000,16.147,16.5892,16.0055,16.1548,5734241.397064,0
UNM.US,D,20100602,000000,16.3062,16.7189,16.1755,16.713,5165463.4413515,0
UNM.US,D,20100603,000000,16.7405,16.8181,16.4684,16.6108,4176470.2197238,0
UNM.US,D,20100604,000000,16.1696,16.261,15.8404,15.9111,9669451.165468,0
UNM.US,D,20100607,000000,15.9761,16.0477,15.5122,15.5211,9496510.6638662,0
UNM.US,D,20100608,000000,15.576,15.9701,15.4218,15.9111,7638273.1611519,0
UNM.US,D,20100609,000000,16.0625,16.2551,15.7569,15.8109,5490024.67176,0
UNM.US,D,20100610,000000,16.1411,16.4969,16.0625,16.4684,4036016.1671404,0
UNM.US,D,20100611,000000,16.2404,16.6668,16.1283,16.6334,4505212.9750208,0
UNM.US,D,20100614,000000,16.7818,16.9479,16.6186,16.6747,5106851.8750446,0
UNM.US,D,20100615,000000,16.767,17.0323,16.5892,17.0117,4685850.9831343,0
UNM.US,D,20100616,000000,16.7749,16.9557,16.6186,16.7347,4070811.6645823,0
UNM.US,D,20100617,000000,16.7347,16.8418,16.5214,16.6826,3351770.5255003,0
UNM.US,D,20100618,000000,16.7405,16.8418,16.6973,16.8418,3063832.4923876,0
UNM.US,D,20100621,000000,17.0707,17.3842,16.6256,16.7405,2596679.1262147,0
UNM.US,D,20100622,000000,16.7061,16.9116,16.377,16.3976,3655725.3559409,0
UNM.US,D,20100623,000000,16.3916,16.4762,16.1136,16.2404,3970767.4858852,0
UNM.US,D,20100624,000000,16.1333,16.2246,15.8836,15.9495,4718921.5633977,0
UNM.US,D,20100625,000000,16.0831,16.2551,15.7569,16.2059,5099218.4804988,0
UNM.US,D,20100628,000000,16.2335,16.3916,16.1411,16.2767,3820891.0096117,0
UNM.US,D,20100629,000000,16.0262,16.0262,15.5357,15.6478,6395523.7607509,0
UNM.US,D,20100630,000000,15.5732,15.864,15.4571,15.4946,6326273.6787019,0
UNM.US,D,20100701,000000,15.5466,15.5466,14.9403,15.2401,6541162.741372,0
UNM.US,D,20100702,000000,15.3107,15.4218,14.9836,15.185,4351631.234177,0
UNM.US,D,20100706,000000,15.4424,15.576,14.9894,15.2115,5804519.3058683,0
UNM.US,D,20100707,000000,15.3727,15.7068,15.2164,15.6733,7122297.0064533,0
UNM.US,D,20100708,000000,15.8561,16.0262,15.6566,15.9996,4187744.766874,0
UNM.US,D,20100709,000000,16.0477,16.2129,15.9632,16.1814,2894001.9299582,0
UNM.US,D,20100712,000000,16.1215,16.2246,15.9495,16.0762,3330505.7058189,0
UNM.US,D,20100713,000000,16.2993,16.4339,16.2335,16.3465,4017224.2375732,0
UNM.US,D,20100714,000000,16.2187,16.2246,15.8836,16.0262,5208515.1352939,0
UNM.US,D,20100715,000000,16.0262,16.089,15.7068,16.0409,4536140.383852,0
UNM.US,D,20100716,000000,15.864,15.8708,15.4552,15.5211,5548990.3803548,0
UNM.US,D,20100719,000000,15.576,15.6901,15.2401,15.5122,3304950.472672,0
UNM.US,D,20100720,000000,15.2036,15.8198,15.1988,15.8198,4459449.2431548,0
UNM.US,D,20100721,000000,16.034,16.034,15.5211,15.5672,6297335.7761148,0
UNM.US,D,20100722,000000,15.7962,15.7962,15.4277,15.576,10569395.919379,0
UNM.US,D,20100723,000000,15.5044,16.0625,15.3963,16.0409,8031389.4184867,0
UNM.US,D,20100726,000000,16.034,16.147,15.8404,15.9406,5784032.9886303,0
UNM.US,D,20100727,000000,16.1136,16.4261,16.089,16.3406,6104875.7250152,0
UNM.US,D,20100728,000000,16.2915,16.2915,15.9839,15.9907,3795004.0224823,0
UNM.US,D,20100729,000000,16.2129,16.4969,15.9111,16.2404,5622906.3888126,0
UNM.US,D,20100730,000000,16.0262,16.4202,15.9406,16.2993,3712292.46289,0
UNM.US,D,20100802,000000,16.5499,16.8338,16.3121,16.5961,5770359.8398344,0
UNM.US,D,20100803,000000,16.5214,16.54,15.9328,16.2335,4568781.5157088,0
UNM.US,D,20100804,000000,16.2551,16.377,15.356,15.5908,13236398.74866,0
UNM.US,D,20100805,000000,15.4552,15.6566,15.356,15.6262,3907444.1989081,0
UNM.US,D,20100806,000000,15.3963,15.6213,15.2115,15.576,6739966.8241473,0
UNM.US,D,20100809,000000,15.6262,15.9564,15.5211,15.9328,3819413.3814447,0
UNM.US,D,20100810,000000,15.7196,15.8404,15.5908,15.6566,7680313.310743,0
UNM.US,D,20100811,000000,15.3049,15.413,14.9325,14.9403,5456504.2900848,0
UNM.US,D,20100812,000000,14.7281,14.905,14.7123,14.842,4187792.5964358,0
UNM.US,D,20100813,000000,14.8184,15.0061,14.7339,14.8647,4365329.8242292,0
UNM.US,D,20100816,000000,14.7339,14.8843,14.67,14.7969,3132422.1194226,0
UNM.US,D,20100817,000000,14.9255,15.0887,14.8843,15.0209,3182873.1483527,0
UNM.US,D,20100818,000000,15.014,15.0818,14.8184,15.0061,2674021.5630736,0
UNM.US,D,20100819,000000,14.9197,14.9708,14.4696,14.5905,4119959.0835386,0
UNM.US,D,20100820,000000,14.4824,14.6092,14.3261,14.5188,3344306.0608964,0
UNM.US,D,20100823,000000,14.617,14.7546,14.5334,14.5757,3096777.9016699,0
UNM.US,D,20100824,000000,14.392,14.4618,14.1385,14.1473,4403737.9800683,0
UNM.US,D,20100825,000000,14.0048,14.0648,13.8191,13.9812,7022570.3346351,0
UNM.US,D,20100826,000000,14.0834,14.1217,13.7896,13.8909,4232313.7773432,0
UNM.US,D,20100827,000000,13.9753,14.4421,13.7838,14.4362,3265041.2827101,0
UNM.US,D,20100830,000000,14.3527,14.4205,13.9812,13.9989,2215207.840722,0
UNM.US,D,20100831,000000,13.8977,14.4165,13.882,14.3202,4834832.9448357,0
UNM.US,D,20100901,000000,14.5757,14.9766,14.5128,14.9472,5338629.8613093,0
UNM.US,D,20100902,000000,14.905,15.3196,14.8184,15.3196,4836029.7015329,0
UNM.US,D,20100903,000000,15.4601,15.9259,15.4601,15.9023,5391545.6391516,0
UNM.US,D,20100907,000000,15.7569,15.7627,15.2036,15.2036,4250267.1631021,0
UNM.US,D,20100908,000000,15.2626,15.4964,15.2479,15.2764,3049596.5830019,0
UNM.US,D,20100909,000000,15.5357,15.6566,15.356,15.4759,2287075.3192211,0
UNM.US,D,20100910,000000,15.4964,15.7569,15.3618,15.6213,3256008.6190667,0
UNM.US,D,20100913,000000,15.7834,15.8955,15.6311,15.8836,2343468.407977,0
UNM.US,D,20100914,000000,15.8708,15.9328,15.6733,15.8345,3070866.4909346,0
UNM.US,D,20100915,000000,15.6566,15.864,15.6075,15.8198,2421640.2297918,0
UNM.US,D,20100916,000000,15.7765,15.803,15.6626,15.7962,1986377.9872395,0
UNM.US,D,20100917,000000,15.92,15.9406,15.7834,15.8561,5534718.8532103,0
UNM.US,D,20100920,000000,15.8905,16.2187,15.8345,16.1696,2474701.5316202,0
UNM.US,D,20100921,000000,16.2059,16.2855,15.9996,16.0831,3629758.9920919,0
UNM.US,D,20100922,000000,16.034,16.0625,15.7687,15.8561,5695002.8386186,0
UNM.US,D,20100923,000000,15.6733,15.7962,15.5672,15.64,3889426.7011833,0
UNM.US,D,20100924,000000,15.7893,16.034,15.4916,15.9996,5241076.8904309,0
UNM.US,D,20100927,000000,15.9564,15.9761,15.7962,15.8198,4154018.8198477,0
UNM.US,D,20100928,000000,15.8905,16.034,15.6478,15.9632,2827371.2796598,0
UNM.US,D,20100929,000000,15.8708,15.9907,15.8198,15.8905,3191231.1098785,0
UNM.US,D,20100930,000000,16.0114,16.1283,15.7687,15.8198,3703506.0706078,0
UNM.US,D,20101001,000000,15.8955,15.9564,15.5672,15.7421,3920893.4646484,0
UNM.US,D,20101004,000000,15.6685,15.7893,15.5044,15.5672,3997842.0708595,0
UNM.US,D,20101005,000000,15.6979,16.1057,15.467,16.0694,3633418.4624007,0
UNM.US,D,20101006,000000,16.0625,16.1215,15.9761,16.034,2456965.9230154,0
UNM.US,D,20101007,000000,16.147,16.2404,15.8493,15.9564,3009460.4570337,0
UNM.US,D,20101008,000000,15.9328,16.0114,15.7196,15.9761,3193911.6006442,0
UNM.US,D,20101011,000000,16.0055,16.0762,15.8955,15.9259,2049806.0921926,0
UNM.US,D,20101012,000000,15.8561,15.9495,15.6626,15.8905,4379206.5030757,0
UNM.US,D,20101013,000000,15.9907,16.3258,15.9406,16.1057,4193058.9364938,0
UNM.US,D,20101014,000000,16.0625,16.3976,15.9328,16.0831,3781134.4671877,0
UNM.US,D,20101015,000000,16.2187,16.3327,15.9495,16.0831,3855086.0934044,0
UNM.US,D,20101018,000000,16.0762,16.3258,16.0114,16.3121,2165153.6953905,0
UNM.US,D,20101019,000000,16.0547,16.3465,15.8493,15.9023,6219610.7027609,0
UNM.US,D,20101020,000000,15.9259,15.9996,15.7962,15.9023,5734046.0082154,0
UNM.US,D,20101021,000000,15.9564,16.4113,15.8493,16.034,5772950.7773779,0
UNM.US,D,20101022,000000,16.0477,16.147,15.9564,16.0114,2687561.3996864,0
UNM.US,D,20101025,000000,16.1548,16.1991,15.9328,15.9632,3458286.9598048,0
UNM.US,D,20101026,000000,15.8708,16.0477,15.8708,16.0114,5450213.1762223,0
UNM.US,D,20101027,000000,15.8905,16.377,15.8198,16.3121,5184395.8066536,0
UNM.US,D,20101028,000000,16.4261,16.4831,16.1333,16.261,2774162.4185447,0
UNM.US,D,20101029,000000,16.1784,16.1853,15.8708,16.0134,3022930.075779,0
UNM.US,D,20101101,000000,16.0959,16.4113,15.8955,16.0477,2749183.1754409,0
UNM.US,D,20101102,000000,16.2335,16.3622,16.1215,16.2993,3235481.5958186,0
UNM.US,D,20101103,000000,16.147,16.2915,15.5289,15.7627,7183029.3558869,0
UNM.US,D,20101104,000000,16.0055,16.3976,15.9023,16.3701,4089707.3944753,0
UNM.US,D,20101105,000000,16.3701,16.6186,16.2335,16.3406,3150433.5112459,0
UNM.US,D,20101108,000000,16.2502,16.2993,15.864,15.9632,3298525.0289761,0
UNM.US,D,20101109,000000,15.9839,16.0262,15.4759,15.5289,4881639.7682107,0
UNM.US,D,20101110,000000,15.4847,15.7962,15.3618,15.7893,4857218.1974453,0
UNM.US,D,20101111,000000,15.5997,15.9564,15.4916,15.7687,3855493.1535055,0
UNM.US,D,20101112,000000,15.6135,15.7196,15.5289,15.5908,3289472.0123277,0
UNM.US,D,20101115,000000,15.6566,15.8345,15.576,15.7068,2836817.1093057,0
UNM.US,D,20101116,000000,15.576,15.7687,15.3618,15.4218,4744402.5080762,0
UNM.US,D,20101117,000000,15.4424,15.9328,15.4218,15.583,4191560.9553217,0
UNM.US,D,20101118,000000,15.8277,16.0547,15.7627,15.864,3459652.646444,0
UNM.US,D,20101119,000000,15.864,15.9495,15.7343,15.8345,2510579.808931,0
UNM.US,D,20101122,000000,15.7196,15.7893,15.5417,15.7264,2384381.0010881,0
UNM.US,D,20101123,000000,15.5122,15.5466,15.3196,15.3432,3387895.0741722,0
UNM.US,D,20101124,000000,15.4964,15.7962,15.4964,15.7126,2345778.4740507,0
UNM.US,D,20101126,000000,15.5044,15.6213,15.4601,15.4916,1009029.737454,0
UNM.US,D,20101129,000000,15.3353,15.576,15.2852,15.5211,2156063.0256827,0
UNM.US,D,20101130,000000,15.3147,15.4729,15.2381,15.3462,2968532.5991688,0
UNM.US,D,20101201,000000,15.6478,15.8708,15.3727,15.8561,3313490.593593,0
UNM.US,D,20101202,000000,15.8905,16.2335,15.8836,16.1991,3588243.9500311,0
UNM.US,D,20101203,000000,16.0831,16.147,15.8404,16.0694,3120075.9865563,0
UNM.US,D,20101206,000000,15.9406,16.0625,15.9023,15.9996,2029870.3237413,0
UNM.US,D,20101207,000000,16.2059,16.3406,16.0477,16.1814,3420710.2242222,0
UNM.US,D,20101208,000000,16.1755,16.6668,16.1696,16.6108,5360393.3296145,0
UNM.US,D,20101209,000000,16.7267,16.7622,16.54,16.6894,3684879.0003815,0
UNM.US,D,20101210,000000,16.7189,16.939,16.6186,16.9321,2393189.7816759,0
UNM.US,D,20101213,000000,17.0707,17.226,16.9056,17.1031,4170930.1317479,0
UNM.US,D,20101214,000000,17.1404,17.3606,17.0196,17.0835,4777498.529596,0
UNM.US,D,20101215,000000,17.0835,17.2741,16.9636,16.9636,4501431.3866816,0
UNM.US,D,20101216,000000,17.0049,17.111,16.8761,16.8919,3065020.0902325,0
UNM.US,D,20101217,000000,16.885,17.1031,16.826,17.0196,4281878.4329031,0
UNM.US,D,20101220,000000,17.0323,17.1621,17.0117,17.1336,2064410.3909698,0
UNM.US,D,20101221,000000,17.2505,17.3921,17.1689,17.3842,2576903.1288531,0
UNM.US,D,20101222,000000,17.3969,17.5601,17.3969,17.5531,2480681.2445053,0
UNM.US,D,20101223,000000,17.4932,17.5531,17.3183,17.4048,1967987.0118719,0
UNM.US,D,20101227,000000,17.3468,17.5473,17.2908,17.506,1520692.0727311,0
UNM.US,D,20101228,000000,17.5286,17.5531,17.3694,17.4333,1520448.8543207,0
UNM.US,D,20101229,000000,17.4324,17.4834,17.3085,17.3301,1160722.7194287,0
UNM.US,D,20101230,000000,17.3163,17.3744,17.2299,17.2712,1138734.3504176,0
UNM.US,D,20101231,000000,17.2407,17.3704,17.1601,17.2996,1658620.3173872,0
UNM.US,D,20110103,000000,17.4932,17.7683,17.452,17.731,2536035.3123532,0
UNM.US,D,20110104,000000,17.7399,17.8204,17.5906,17.7035,2854218.9286277,0
UNM.US,D,20110105,000000,17.5974,17.8961,17.5974,17.8961,3971456.4351063,0
UNM.US,D,20110106,000000,17.8882,17.9325,17.7566,17.8696,2245237.6820303,0
UNM.US,D,20110107,000000,17.9325,17.962,17.6337,17.789,2510717.1917151,0
UNM.US,D,20110110,000000,17.6426,17.7487,17.3969,17.731,2295892.2410109,0
UNM.US,D,20110111,000000,17.7978,17.8882,17.6977,17.8058,2314537.6289417,0
UNM.US,D,20110112,000000,17.9404,18.0622,17.8814,17.955,1568940.9065143,0
UNM.US,D,20110113,000000,17.9325,18.0111,17.7683,17.7821,2364840.0809349,0
UNM.US,D,20110114,000000,17.7487,17.9177,17.731,17.9177,1838214.2163414,0
UNM.US,D,20110118,000000,17.9404,18.018,17.8204,17.9256,1893157.1534871,0
UNM.US,D,20110119,000000,17.8882,17.9256,17.6269,17.6849,2402868.6532297,0
UNM.US,D,20110120,000000,17.7035,17.9482,17.4863,17.731,3295805.8675008,0
UNM.US,D,20110121,000000,17.8352,17.9905,17.7635,17.9404,2543644.2832929,0
UNM.US,D,20110124,000000,17.904,18.0386,17.8204,17.9905,3583814.1184809,0
UNM.US,D,20110125,000000,17.904,18.1487,17.8352,18.1487,2905616.3722928,0
UNM.US,D,20110126,000000,18.1536,18.3914,18.0848,18.3059,3194012.3480192,0
UNM.US,D,20110127,000000,18.2067,18.3963,18.1614,18.2981,2435697.032733,0
UNM.US,D,20110128,000000,18.2607,18.2607,17.7104,17.8058,5518085.3598291,0
UNM.US,D,20110131,000000,17.8549,17.9413,17.7556,17.8136,2334182.3494207,0
UNM.US,D,20110201,000000,17.962,18.3118,17.9325,18.3118,2874008.1554426,0
UNM.US,D,20110202,000000,18.2125,18.3256,17.9325,17.955,2498539.9887908,0
UNM.US,D,20110203,000000,17.9777,18.1614,17.5906,18.018,5460359.1492422,0
UNM.US,D,20110204,000000,18.0779,18.4828,18.0386,18.41,3159843.7231331,0
UNM.US,D,20110207,000000,18.47,18.753,18.41,18.6685,2571212.4286398,0
UNM.US,D,20110208,000000,18.7137,18.7972,18.5967,18.753,2356012.9826426,0
UNM.US,D,20110209,000000,18.6803,18.8316,18.5742,18.7736,2491914.0679951,0
UNM.US,D,20110210,000000,18.641,18.7736,18.5044,18.7353,2981878.0645833,0
UNM.US,D,20110211,000000,18.6547,18.9948,18.5811,18.9673,2136770.4121912,0
UNM.US,D,20110214,000000,18.9328,19.0478,18.7068,18.8759,2189742.1607973,0
UNM.US,D,20110215,000000,18.7923,18.9673,18.7294,18.8759,2183128.4518047,0
UNM.US,D,20110216,000000,18.92,19.1441,18.8975,19.1038,2071977.6382492,0
UNM.US,D,20110217,000000,18.9328,19.2365,18.9073,19.1254,1832519.445527,0
UNM.US,D,20110218,000000,19.1382,19.3102,19.0478,19.1913,2504158.4358362,0
UNM.US,D,20110222,000000,18.92,19.2218,18.6607,18.7736,3159636.1224815,0
UNM.US,D,20110223,000000,18.7972,18.9122,18.5624,18.641,3865478.3377854,0
UNM.US,D,20110224,000000,18.6214,18.8837,18.4474,18.7353,4143242.9213214,0
UNM.US,D,20110225,000000,18.7923,18.9948,18.7736,18.9948,2391576.8060253,0
UNM.US,D,20110228,000000,19.0361,19.1362,18.755,18.9505,5006573.6367894,0
UNM.US,D,20110301,000000,19.0361,19.0361,18.5486,18.6695,3923623.8202765,0
UNM.US,D,20110302,000000,18.6489,18.7353,18.2125,18.2558,6537300.7586629,0
UNM.US,D,20110303,000000,18.4896,18.7658,18.4828,18.6744,2377092.5899779,0
UNM.US,D,20110304,000000,18.6322,18.7137,18.3531,18.5811,3262799.3992033,0
UNM.US,D,20110307,000000,18.6322,18.8484,18.3697,18.4327,3191565.9168116,0
UNM.US,D,20110308,000000,18.4543,19.0409,18.3422,18.8837,8522168.5529273,0
UNM.US,D,20110309,000000,18.8404,19.1441,18.8404,18.92,4481810.0721584,0
UNM.US,D,20110310,000000,18.7068,18.8837,18.5624,18.6066,3598503.8998793,0
UNM.US,D,20110311,000000,18.5123,18.8484,18.4543,18.7972,2329395.3226318,0
UNM.US,D,20110314,000000,18.5967,18.6685,18.2911,18.4828,3332845.28375,0
UNM.US,D,20110315,000000,17.8696,18.4543,17.678,18.3531,4489042.5125047,0
UNM.US,D,20110316,000000,18.2843,18.3697,17.9482,18.0386,7475625.1742064,0
UNM.US,D,20110317,000000,18.3118,18.4199,17.9983,18.1693,2729817.2911311,0
UNM.US,D,20110318,000000,18.4327,18.6744,18.2981,18.3334,5117557.5557035,0
UNM.US,D,20110321,000000,18.5909,18.8119,18.5044,18.7825,1092211.4514631,0
UNM.US,D,20110322,000000,18.7471,18.9555,18.5624,18.5742,3008130.3881533,0
UNM.US,D,20110323,000000,18.5673,18.5673,18.3059,18.4896,2064607.8151188,0
UNM.US,D,20110324,000000,18.5811,18.6066,18.3697,18.5044,2275504.6358474,0
UNM.US,D,20110325,000000,18.5201,18.7766,18.4621,18.6763,2422039.1486909,0
UNM.US,D,20110328,000000,18.7471,18.8621,18.6685,18.7216,1703213.7514625,0
UNM.US,D,20110329,000000,18.6803,18.7972,18.5624,18.7736,2171968.8991331,0
UNM.US,D,20110330,000000,18.8621,19.0331,18.8404,19.0026,2058427.6251339,0
UNM.US,D,20110331,000000,18.867,18.9466,18.7245,18.7441,4210323.3730316,0
UNM.US,D,20110401,000000,18.9289,19.1952,18.8512,18.9849,3319834.6252686,0
UNM.US,D,20110404,000000,19.0026,19.1687,18.9328,18.9397,2487418.0891785,0
UNM.US,D,20110405,000000,18.9004,18.9574,18.8434,18.8788,2340909.0175913,0
UNM.US,D,20110406,000000,18.9555,19.1254,18.9397,19.0724,2694987.1935807,0
UNM.US,D,20110407,000000,19.0144,19.3947,18.9289,19.0664,3001589.9499789,0
UNM.US,D,20110408,000000,19.0999,19.209,18.6901,18.7943,1656816.0234891,0
UNM.US,D,20110411,000000,18.7736,18.9476,18.753,18.8542,1180754.1470037,0
UNM.US,D,20110412,000000,18.7088,18.8788,18.6695,18.7678,1606794.4429656,0
UNM.US,D,20110413,000000,18.8572,18.8857,18.5554,18.5554,2650428.359614,0
UNM.US,D,20110414,000000,18.3914,18.4906,18.2322,18.4268,2339555.5427552,0
UNM.US,D,20110415,000000,18.3786,18.4337,18.0612,18.3481,4342716.617963,0
UNM.US,D,20110418,000000,18.1182,18.1939,17.9777,18.1034,3343443.093482,0
UNM.US,D,20110419,000000,18.1614,18.2322,18.0543,18.2243,2967570.9196799,0
UNM.US,D,20110420,000000,18.4995,18.6233,18.3531,18.3697,2528550.4947442,0
UNM.US,D,20110421,000000,18.4553,18.5751,18.3531,18.4906,1702594.0024585,0
UNM.US,D,20110425,000000,18.5054,18.5201,18.3196,18.3481,1842467.9943978,0
UNM.US,D,20110426,000000,18.4621,18.6547,18.4337,18.5554,1868050.7041016,0
UNM.US,D,20110427,000000,18.5692,18.755,18.3845,18.7,1912703.1618915,0
UNM.US,D,20110428,000000,18.6823,18.9701,18.6823,18.9358,2211583.988172,0
UNM.US,D,20110429,000000,18.9328,19.0026,18.8091,18.9731,1638254.082879,0
UNM.US,D,20110502,000000,19.0999,19.1362,18.8336,18.9092,1769625.6069566,0
UNM.US,D,20110503,000000,18.8434,19.0056,18.5486,18.7422,3325347.2366877,0
UNM.US,D,20110504,000000,19.2021,19.2934,18.5692,19.0144,4007641.0251431,0
UNM.US,D,20110505,000000,18.864,18.864,18.4906,18.643,3900771.4662009,0
UNM.US,D,20110506,000000,18.8512,18.9771,18.5751,18.7992,3338191.0005276,0
UNM.US,D,20110509,000000,18.7766,18.9289,18.6823,18.8925,2171893.5930144,0
UNM.US,D,20110510,000000,18.9653,19.1057,18.8925,19.094,1821911.4592924,0
UNM.US,D,20110511,000000,19.0664,19.1549,18.8218,18.9505,2334318.7145546,0
UNM.US,D,20110512,000000,18.8857,19.1362,18.7638,19.1215,3416636.5702605,0
UNM.US,D,20110513,000000,19.0871,19.1402,18.6823,18.7943,2730376.9987701,0
UNM.US,D,20110516,000000,18.7,18.9976,18.6332,18.8699,1875438.8449365,0
UNM.US,D,20110517,000000,18.7766,18.8434,18.6547,18.7992,2250951.7881994,0
UNM.US,D,20110518,000000,18.755,18.9092,18.6823,18.8925,1722632.5535854,0
UNM.US,D,20110519,000000,18.9976,19.3131,18.922,19.2777,3213737.4628682,0
UNM.US,D,20110520,000000,19.2168,19.3229,19.1147,19.147,3370018.0121822,0
UNM.US,D,20110523,000000,18.8925,18.9653,18.7481,18.7638,2486654.851489,0
UNM.US,D,20110524,000000,18.8512,18.8857,18.5201,18.528,3320497.1155832,0
UNM.US,D,20110525,000000,18.4337,18.6695,18.3481,18.5644,3051870.0136666,0
UNM.US,D,20110526,000000,18.5123,18.7766,18.3973,18.6901,3103717.2587434,0
UNM.US,D,20110527,000000,18.7854,18.8277,18.6626,18.7088,1826445.0911684,0
UNM.US,D,20110531,000000,18.9053,18.9328,18.6832,18.8601,3055514.2192216,0
UNM.US,D,20110601,000000,18.7638,18.7943,18.2125,18.2322,3548113.9299644,0
UNM.US,D,20110602,000000,18.2843,18.4553,18.185,18.3196,2652003.6822052,0
UNM.US,D,20110603,000000,18.0691,18.3786,18.0308,18.1114,2420513.6909621,0
UNM.US,D,20110606,000000,18.0376,18.2067,17.9167,17.9394,2910017.7096359,0
UNM.US,D,20110607,000000,18.0543,18.1614,17.9167,17.9315,3143208.1944514,0
UNM.US,D,20110608,000000,17.8686,17.9315,17.7625,17.8333,2630386.7555364,0
UNM.US,D,20110609,000000,17.8736,18.0612,17.8058,18.0101,2968601.799386,0
UNM.US,D,20110610,000000,17.8804,17.9777,17.6829,17.7733,3726020.5647995,0
UNM.US,D,20110613,000000,17.8126,17.9315,17.7085,17.8686,3362838.4896491,0
UNM.US,D,20110614,000000,18.0769,18.3619,18.0042,18.2175,4038992.7941297,0
UNM.US,D,20110615,000000,18.0543,18.0691,17.5375,17.5375,4603511.8835344,0
UNM.US,D,20110616,000000,17.5738,17.6927,17.4579,17.6426,4247557.160479,0
UNM.US,D,20110617,000000,17.8273,18.0691,17.8058,17.9472,3733119.6929627,0
UNM.US,D,20110620,000000,17.8804,18.0769,17.7665,18.017,2583276.6723861,0
UNM.US,D,20110621,000000,18.1526,18.3973,18.1399,18.2175,5087212.2428169,0
UNM.US,D,20110622,000000,18.1939,18.2322,17.8804,17.8872,4443024.3680755,0
UNM.US,D,20110623,000000,17.6466,17.7733,17.4362,17.7546,6269741.1718614,0
UNM.US,D,20110624,000000,17.7625,17.7871,17.4087,17.5718,5610787.1919527,0
UNM.US,D,20110627,000000,17.5571,17.7222,17.511,17.6829,4216468.9629079,0
UNM.US,D,20110628,000000,17.7468,17.8872,17.7025,17.8872,2822918.0421537,0
UNM.US,D,20110629,000000,18.0042,18.1614,17.8872,18.0838,3398066.4884484,0
UNM.US,D,20110630,000000,18.1526,18.415,18.0308,18.2607,3167317.3465892,0
UNM.US,D,20110701,000000,18.3098,18.6144,18.2155,18.5909,3140343.50899,0
UNM.US,D,20110705,000000,18.5181,18.5624,18.2891,18.4886,3318973.6931548,0
UNM.US,D,20110706,000000,18.4327,18.6695,18.4012,18.6547,3768568.5218668,0
UNM.US,D,20110707,000000,18.8277,18.9298,18.7678,18.8925,2080372.2351841,0
UNM.US,D,20110708,000000,18.6322,18.699,18.4533,18.6695,4120189.0724957,0
UNM.US,D,20110711,000000,18.3914,18.4484,18.2175,18.2764,4317546.0566116,0
UNM.US,D,20110712,000000,18.2037,18.4327,18.1447,18.2823,4077619.7447732,0
UNM.US,D,20110713,000000,18.3845,18.6626,18.2607,18.471,5064282.5473221,0
UNM.US,D,20110714,000000,18.5201,18.6233,18.2067,18.2676,3269418.1964471,0
UNM.US,D,20110715,000000,18.3825,18.3825,18.0091,18.1359,2741816.4052612,0
UNM.US,D,20110718,000000,18.1114,18.1614,17.6406,17.8185,2864371.0075491,0
UNM.US,D,20110719,000000,17.9285,18.2155,17.7831,18.1162,3683963.1151541,0
UNM.US,D,20110720,000000,18.1664,18.2538,18.0346,18.1507,1827356.9057948,0
UNM.US,D,20110721,000000,18.3403,18.6891,18.3177,18.5034,3070277.2714382,0
UNM.US,D,20110722,000000,18.4012,18.4327,18.0936,18.3098,2887805.4575693,0
UNM.US,D,20110725,000000,18.1084,18.2204,17.9935,18.13,2154073.5194386,0
UNM.US,D,20110726,000000,18.1006,18.3403,17.9649,18.0023,2735414.3675212,0
UNM.US,D,20110727,000000,17.958,17.9935,17.511,17.5325,2897463.9761181,0
UNM.US,D,20110728,000000,17.5816,17.9354,17.5738,17.6701,2745692.6350739,0
UNM.US,D,20110729,000000,17.4628,17.7222,17.3861,17.5522,3417668.4676168,0
UNM.US,D,20110801,000000,17.7645,17.8224,17.2888,17.4333,3672680.4268019,0
UNM.US,D,20110802,000000,17.2957,17.5531,16.9655,16.9774,4424142.8852861,0
UNM.US,D,20110803,000000,17.0923,17.6181,16.9774,17.5404,6484065.4386413,0
UNM.US,D,20110804,000000,17.279,17.4333,16.5745,16.6246,7030472.3888476,0
UNM.US,D,20110805,000000,16.8781,16.8781,16.0134,16.4015,7531448.3788207,0
UNM.US,D,20110808,000000,16.0134,16.3032,14.675,14.675,10530207.225797,0
UNM.US,D,20110809,000000,14.9335,16.1588,14.7899,16.1588,14404355.943735,0
UNM.US,D,20110810,000000,15.7687,15.9721,15.2803,15.3383,14253139.222079,0
UNM.US,D,20110811,000000,15.409,16.7267,15.409,16.4015,8372792.7605781,0
UNM.US,D,20110812,000000,16.548,16.8928,16.1165,16.1784,5801652.5851063,0
UNM.US,D,20110815,000000,16.3956,16.8123,16.2895,16.8123,5234001.1682236,0
UNM.US,D,20110816,000000,16.5617,16.7572,16.322,16.5685,4692091.2144841,0
UNM.US,D,20110817,000000,16.7267,16.8044,16.3956,16.604,3560433.6039241,0
UNM.US,D,20110818,000000,15.9721,16.0782,15.5594,15.6803,7426386.1667273,0
UNM.US,D,20110819,000000,15.4188,16.1234,15.4021,15.6125,5820944.1809476,0
UNM.US,D,20110822,000000,16.036,16.0782,15.5339,15.6556,4512513.597934,0
UNM.US,D,20110823,000000,15.6979,16.4949,15.6468,16.4526,7221482.2883371,0
UNM.US,D,20110824,000000,16.3671,16.7415,16.2728,16.7189,5169572.7130721,0
UNM.US,D,20110825,000000,16.8722,17.0205,16.0281,16.2649,5585409.0299497,0
UNM.US,D,20110826,000000,16.0998,16.6246,15.8905,16.375,5368321.8427337,0
UNM.US,D,20110829,000000,16.6619,16.9862,16.6334,16.9774,6740816.5621083,0
UNM.US,D,20110830,000000,16.8496,17,16.5027,16.8781,5758724.0268445,0
UNM.US,D,20110831,000000,17.0098,17.1896,16.7769,16.9429,4733663.244959,0
UNM.US,D,20110901,000000,16.9655,17.0864,16.6894,16.6973,5113813.6204237,0
UNM.US,D,20110902,000000,16.257,16.5263,16.1225,16.1225,3583806.9949292,0
UNM.US,D,20110906,000000,15.5407,15.921,15.5191,15.8905,3892045.1152836,0
UNM.US,D,20110907,000000,16.2079,16.5106,16.148,16.4949,3262976.4703473,0
UNM.US,D,20110908,000000,16.3818,16.5685,16.1666,16.2374,2779323.9406267,0
UNM.US,D,20110909,000000,15.977,16.2089,15.7058,15.8836,5392733.2369965,0
UNM.US,D,20110912,000000,15.6242,16.0851,15.58,16.0565,4036894.3993086,0
UNM.US,D,20110913,000000,16.1726,16.3956,15.9849,16.1853,3374912.9098979,0
UNM.US,D,20110914,000000,16.3504,16.4172,15.7765,16.1362,6249001.4597105,0
UNM.US,D,20110915,000000,16.3671,16.6413,16.1666,16.6413,5946836.6760644,0
UNM.US,D,20110916,000000,16.7061,16.8928,16.4241,16.6668,4411075.2383906,0
UNM.US,D,20110919,000000,16.258,16.3032,15.9131,16.1362,3804999.3832648,0
UNM.US,D,20110920,000000,16.258,16.3504,15.9033,15.9131,4167613.6095742,0
UNM.US,D,20110921,000000,15.8964,16.0281,15.0897,15.1142,4305363.765436,0
UNM.US,D,20110922,000000,14.6543,15.071,14.5689,14.9629,7413497.6262763,0
UNM.US,D,20110923,000000,14.842,15.1211,14.7821,14.9335,3852100.3075628,0
UNM.US,D,20110926,000000,15.1791,15.4886,14.8705,15.4729,4400043.9096509,0
UNM.US,D,20110927,000000,15.8836,15.9495,15.4326,15.5594,4042401.9224764,0
UNM.US,D,20110928,000000,15.5742,15.6065,14.9728,15.0003,3934590.0194001,0
UNM.US,D,20110929,000000,15.3609,15.5339,15.0346,15.5259,5024846.5647277,0
UNM.US,D,20110930,000000,15.295,15.4916,15.0818,15.0818,5001325.614436,0
UNM.US,D,20111003,000000,14.905,15.2714,14.4028,14.4028,5797412.0365031,0
UNM.US,D,20111004,000000,14.1965,15.1083,14.1885,15.071,7401601.2948217,0
UNM.US,D,20111005,000000,15.0779,15.6841,14.8647,15.6026,4239926.818884,0
UNM.US,D,20111006,000000,15.5486,16.1716,15.3883,16.1146,4503162.4097615,0
UNM.US,D,20111007,000000,16.2364,16.2639,15.7864,15.8325,6479216.3351869,0
UNM.US,D,20111010,000000,16.2227,16.4821,16.1666,16.4172,5462952.1220862,0
UNM.US,D,20111011,000000,16.2954,16.6973,16.2089,16.4742,3122923.3719635,0
UNM.US,D,20111012,000000,16.6413,17.1945,16.6413,16.9587,4842013.485019,0
UNM.US,D,20111013,000000,16.9655,17.0078,16.4604,16.7267,4509887.0426316,0
UNM.US,D,20111014,000000,17.0235,17.2505,16.827,17.2044,3022698.0515214,0
UNM.US,D,20111017,000000,17.0205,17.0343,16.4664,16.5263,4256835.0778333,0
UNM.US,D,20111018,000000,16.6619,17.4029,16.3376,17.2888,4627167.1636595,0
UNM.US,D,20111019,000000,17.284,17.393,16.6836,16.7287,4229491.8331923,0
UNM.US,D,20111020,000000,16.7907,17.2181,16.6256,17.1601,4157927.6144685,0
UNM.US,D,20111021,000000,17.3861,17.6406,17.0688,17.5237,5697092.0745875,0
UNM.US,D,20111024,000000,17.5709,17.788,17.4972,17.5954,5199245.3591416,0
UNM.US,D,20111025,000000,17.3793,17.393,16.9017,16.9724,6351947.9769284,0
UNM.US,D,20111026,000000,17.2613,17.503,16.9144,17.3439,8071676.1566924,0
UNM.US,D,20111027,000000,18.0278,18.0721,17.6554,17.8824,8674965.6854262,0
UNM.US,D,20111028,000000,17.7674,17.8136,17.4402,17.5237,6366174.7274618,0
UNM.US,D,20111031,000000,17.5866,17.5866,17.0726,17.2319,5724912.597197,0
UNM.US,D,20111101,000000,16.3583,17.1394,16.3357,16.4949,7842963.332989,0
UNM.US,D,20111102,000000,15.9907,16.1067,15.5367,15.9623,10538791.105678,0
UNM.US,D,20111103,000000,16.1421,16.1646,15.5849,15.862,7354587.8884454,0
UNM.US,D,20111104,000000,15.7304,15.862,15.5545,15.8002,5027945.3097473,0
UNM.US,D,20111107,000000,15.6773,15.9181,15.5682,15.9092,2989407.6588033,0
UNM.US,D,20111108,000000,15.9907,16.3023,15.8542,16.2364,4807602.6593727,0
UNM.US,D,20111109,000000,15.7795,15.9386,15.6095,15.6586,5924636.6358008,0
UNM.US,D,20111110,000000,15.8542,15.9476,15.6272,15.7599,3750100.20508,0
UNM.US,D,20111111,000000,16.0055,16.3425,16.0055,16.148,3616861.2927886,0
UNM.US,D,20111114,000000,16.0625,16.1343,15.9003,15.9701,3286809.8392665,0
UNM.US,D,20111115,000000,15.8463,16.3023,15.7932,16.1834,4572736.1045909,0
UNM.US,D,20111116,000000,15.9318,16.1774,15.7932,15.8168,4583204.6727409,0
UNM.US,D,20111117,000000,15.808,15.9544,15.4277,15.5367,4959152.1526617,0
UNM.US,D,20111118,000000,15.6841,15.8168,15.4759,15.7009,4103597.302775,0
UNM.US,D,20111121,000000,15.4218,15.5417,15.2321,15.3953,3728958.5210792,0
UNM.US,D,20111122,000000,15.3344,15.6586,15.2832,15.4503,3798682.828146,0
UNM.US,D,20111123,000000,15.2381,15.3687,14.9845,14.9845,3476364.4988946,0
UNM.US,D,20111125,000000,14.9344,15.2076,14.9206,14.9639,1271076.7128363,0
UNM.US,D,20111128,000000,15.4503,15.576,15.2606,15.4424,4122219.28475,0
UNM.US,D,20111129,000000,15.4552,15.6144,15.3344,15.4356,2670415.0105779,0
UNM.US,D,20111130,000000,16.1136,16.3593,15.9878,16.2718,5309177.0276944,0
UNM.US,D,20111201,000000,15.9092,16.1834,15.8542,16.0409,2930941.6164826,0
UNM.US,D,20111202,000000,16.148,16.3425,15.9181,15.9476,4603175.0413008,0
UNM.US,D,20111205,000000,16.2522,16.3425,15.9751,16.1343,4013323.5841545,0
UNM.US,D,20111206,000000,16.1077,16.1155,15.869,15.9544,5835877.1807564,0
UNM.US,D,20111207,000000,15.8395,16.2129,15.7088,16.1421,3499932.2610979,0
UNM.US,D,20111208,000000,15.9751,15.9829,15.4051,15.4503,4015486.0909416,0
UNM.US,D,20111209,000000,15.576,15.6841,15.4601,15.522,4547674.4318166,0
UNM.US,D,20111212,000000,15.2734,15.3255,15.0514,15.1535,4499839.7816863,0
UNM.US,D,20111213,000000,15.2892,15.4051,14.7025,14.8272,6579338.8729535,0
UNM.US,D,20111214,000000,14.7398,14.8853,14.6317,14.6465,6662715.9758112,0
UNM.US,D,20111215,000000,14.9059,14.9786,14.7959,14.8047,5038099.4239692,0
UNM.US,D,20111216,000000,14.9206,15.0229,14.7733,14.8755,6492846.7426722,0
UNM.US,D,20111219,000000,14.9128,14.9845,14.3694,14.393,2953677.9584295,0
UNM.US,D,20111220,000000,14.6533,14.8184,14.5934,14.7546,3894689.9882905,0
UNM.US,D,20111221,000000,14.7546,15.122,14.7468,15.0847,5922158.6574353,0
UNM.US,D,20111222,000000,15.1005,15.2892,15.0229,15.2547,3734250.3023935,0
UNM.US,D,20111223,000000,15.354,15.4277,15.2666,15.3953,1863229.0772041,0
UNM.US,D,20111227,000000,15.3412,15.5044,15.3344,15.3344,1211360.9960053,0
UNM.US,D,20111228,000000,15.3412,15.3687,15.1378,15.1535,1870448.2880971,0
UNM.US,D,20111229,000000,15.1535,15.4277,15.1535,15.3255,1523554.7228921,0
UNM.US,D,20111230,000000,15.2832,15.3687,15.2321,15.2321,1577136.0439996,0
UNM.US,D,20120103,000000,15.6144,15.7088,15.4759,15.5545,2973831.5040348,0
UNM.US,D,20120104,000000,15.5044,15.6586,15.4218,15.6095,2875098.0588632,0
UNM.US,D,20120105,000000,15.4916,15.7382,15.2321,15.7234,2867037.2512113,0
UNM.US,D,20120106,000000,15.7294,15.8159,15.5024,15.5102,3752579.2010956,0
UNM.US,D,20120109,000000,15.2076,15.354,15.0651,15.2381,4221998.8743814,0
UNM.US,D,20120110,000000,15.413,15.8247,15.4051,15.7864,4471138.9916081,0
UNM.US,D,20120111,000000,15.7136,15.869,15.6213,15.8159,4114883.0440779,0
UNM.US,D,20120112,000000,15.9092,16.1784,15.8247,16.1431,4654530.7613056,0
UNM.US,D,20120113,000000,15.9171,16.0841,15.6822,16.0762,3114854.4231095,0
UNM.US,D,20120117,000000,16.3092,16.3966,16.0762,16.1656,3623215.5009667,0
UNM.US,D,20120118,000000,16.1155,16.2895,16.0547,16.2728,3484286.9061122,0
UNM.US,D,20120119,000000,16.3828,16.599,16.3603,16.4408,3338221.5300352,0
UNM.US,D,20120120,000000,16.4035,16.4909,16.3603,16.4624,3468349.485504,0
UNM.US,D,20120123,000000,16.4467,16.7022,16.4467,16.6786,2112162.6114296,0
UNM.US,D,20120124,000000,16.5646,16.8919,16.5499,16.8545,4166412.7822759,0
UNM.US,D,20120125,000000,16.7945,16.8486,16.6206,16.7945,4237808.0710577,0
UNM.US,D,20120126,000000,16.6934,16.8761,16.4684,16.5705,7170316.8689296,0
UNM.US,D,20120127,000000,16.5057,16.7395,16.4035,16.6452,3835747.6856515,0
UNM.US,D,20120130,000000,16.4329,16.6295,16.317,16.5705,2573063.5344495,0
UNM.US,D,20120131,000000,16.6944,16.766,16.4969,16.5775,2564103.1239741,0
UNM.US,D,20120201,000000,16.7612,16.8703,16.6649,16.7798,3215387.0739279,0
UNM.US,D,20120202,000000,16.8408,16.8545,16.6786,16.7612,1858437.9798142,0
UNM.US,D,20120203,000000,16.999,17.2731,16.9705,17.2731,3363669.9099056,0
UNM.US,D,20120206,000000,17.0923,17.3055,17.0589,17.1749,2870585.7976426,0
UNM.US,D,20120207,000000,16.6708,16.8319,16.1352,16.5292,9337916.9955277,0
UNM.US,D,20120208,000000,16.542,16.885,16.5135,16.7111,4676101.893713,0
UNM.US,D,20120209,000000,16.7248,16.7612,16.1843,16.3386,6651689.7353227,0
UNM.US,D,20120210,000000,16.1578,16.3042,15.9986,16.2964,6457223.8955749,0
UNM.US,D,20120213,000000,16.4251,16.4546,16.2817,16.3828,3140385.2326503,0
UNM.US,D,20120214,000000,16.3308,16.376,16.1656,16.3603,3894594.3291667,0
UNM.US,D,20120215,000000,16.4408,16.5853,16.376,16.4684,3319594.459809,0
UNM.US,D,20120216,000000,16.4408,16.6649,16.3828,16.5853,2171834.5692998,0
UNM.US,D,20120217,000000,16.6786,16.7887,16.6138,16.7612,2015346.4193342,0
UNM.US,D,20120221,000000,16.9184,17.0658,16.8103,16.9567,3968917.3977257,0
UNM.US,D,20120222,000000,16.9646,17.0275,16.8486,16.9066,4038098.2795576,0
UNM.US,D,20120223,000000,16.8624,16.992,16.8162,16.8761,2388235.8602455,0
UNM.US,D,20120224,000000,16.885,16.9705,16.8025,16.8319,1855640.4592694,0
UNM.US,D,20120227,000000,16.6579,16.94,16.6364,16.8486,2527096.272533,0
UNM.US,D,20120228,000000,16.8545,17.0343,16.8025,16.8919,2769247.167824,0
UNM.US,D,20120229,000000,16.9134,17.1404,16.7179,16.7405,5266890.6067421,0
UNM.US,D,20120301,000000,16.7642,17.0078,16.7317,16.825,3091857.5626979,0
UNM.US,D,20120302,000000,17.0127,17.2162,16.7798,16.8624,2831188.4857578,0
UNM.US,D,20120305,000000,16.7945,17.0991,16.773,17.0658,2183616.9239261,0
UNM.US,D,20120306,000000,16.885,16.94,16.6864,16.7179,3925280.554888,0
UNM.US,D,20120307,000000,16.7642,16.8703,16.7111,16.8624,4749421.5591228,0
UNM.US,D,20120308,000000,16.94,17.0991,16.8025,17.0589,5540098.1524463,0
UNM.US,D,20120309,000000,17.0726,17.3341,16.9852,17.2555,2874024.4378466,0
UNM.US,D,20120312,000000,17.224,17.2908,17.1238,17.2092,1918580.0921011,0
UNM.US,D,20120313,000000,17.282,17.6033,17.2555,17.5709,3763808.9716347,0
UNM.US,D,20120314,000000,17.5306,17.6682,17.4628,17.5365,3237880.1974643,0
UNM.US,D,20120315,000000,17.6033,17.9217,17.503,17.8902,3868152.7226496,0
UNM.US,D,20120316,000000,17.8971,18.014,17.7232,17.7487,3284172.0898114,0
UNM.US,D,20120319,000000,17.7094,17.8902,17.5709,17.5709,3095489.55645,0
UNM.US,D,20120320,000000,17.503,17.7487,17.393,17.6554,2029078.5918447,0
UNM.US,D,20120321,000000,17.7232,17.7635,17.4805,17.5561,1573621.0800267,0
UNM.US,D,20120322,000000,17.4539,17.4539,17.2731,17.3115,2022453.6886993,0
UNM.US,D,20120323,000000,17.282,17.4215,17.2162,17.393,2425124.6642572,0
UNM.US,D,20120326,000000,17.5866,17.6977,17.503,17.677,2546921.1171068,0
UNM.US,D,20120327,000000,17.7232,17.8716,17.6682,17.7566,3400661.4965929,0
UNM.US,D,20120328,000000,17.7094,17.9433,17.6682,17.9217,4397696.1905178,0
UNM.US,D,20120329,000000,17.7389,17.7988,17.4962,17.7487,3166943.8689465,0
UNM.US,D,20120330,000000,17.8559,17.8844,17.674,17.7733,3064061.4636945,0
UNM.US,D,20120402,000000,17.6917,17.9865,17.6554,17.8499,5438676.0753069,0
UNM.US,D,20120403,000000,17.8058,17.8617,17.6131,17.737,3479034.8131578,0
UNM.US,D,20120404,000000,17.5826,17.6897,17.4765,17.5601,3310476.3135444,0
UNM.US,D,20120405,000000,17.4765,17.5925,17.3822,17.4923,1490049.6059707,0
UNM.US,D,20120409,000000,17.2555,17.2672,17.0275,17.0589,2677560.9506527,0
UNM.US,D,20120410,000000,17.0343,17.0589,16.7248,16.7543,2653034.5619113,0
UNM.US,D,20120411,000000,16.9184,16.9646,16.8162,16.8987,1684955.0706277,0
UNM.US,D,20120412,000000,16.8919,17.224,16.7798,17.2014,1738090.6609245,0
UNM.US,D,20120413,000000,17.1326,17.1699,16.8869,16.9007,2319596.3683481,0
UNM.US,D,20120416,000000,17.0442,17.1749,16.8486,17.0923,2877290.0775077,0
UNM.US,D,20120417,000000,17.2358,17.3439,17.1267,17.3016,2648481.5946805,0
UNM.US,D,20120418,000000,17.2122,17.2437,17.0098,17.0825,1960420.7822428,0
UNM.US,D,20120419,000000,17.1326,17.2437,17.0009,17.1031,2343167.1835022,0
UNM.US,D,20120420,000000,17.0893,17.1542,16.9194,16.9665,3017740.05949,0
UNM.US,D,20120423,000000,16.7955,16.826,16.6462,16.7955,5132876.2449581,0
UNM.US,D,20120424,000000,16.8418,17.1031,16.826,17.0235,2835480.9345239,0
UNM.US,D,20120425,000000,17.1847,17.3498,17.0235,17.3291,2728165.6447709,0
UNM.US,D,20120426,000000,17.3223,17.4087,17.1404,17.3223,2603005.8578361,0
UNM.US,D,20120427,000000,17.3959,17.5021,17.3016,17.4333,2034120.0311968,0
UNM.US,D,20120430,000000,17.4324,17.4667,17.2682,17.3134,2785678.1488048,0
UNM.US,D,20120501,000000,17.3576,17.506,17.1542,17.3075,3563218.9126659,0
UNM.US,D,20120502,000000,16.4025,16.774,16.2954,16.6874,7845334.4580779,0
UNM.US,D,20120503,000000,16.6364,16.6589,16.257,16.3898,8047112.1148917,0
UNM.US,D,20120504,000000,16.2718,16.3966,15.9151,16.0674,4270635.4329108,0
UNM.US,D,20120507,000000,16.0035,16.1558,15.9603,16.0762,5022508.0044469,0
UNM.US,D,20120508,000000,15.9446,16.1048,15.8778,15.9957,3200549.7332429,0
UNM.US,D,20120509,000000,15.803,16.0615,15.7627,15.8846,4724917.5586869,0
UNM.US,D,20120510,000000,15.7834,16.0399,15.7765,15.8708,5110443.1627866,0
UNM.US,D,20120511,000000,15.7107,15.9367,15.3883,15.803,3455234.0090466,0
UNM.US,D,20120514,000000,15.6036,15.6959,15.5377,15.5554,3457562.3928249,0
UNM.US,D,20120515,000000,15.5309,15.5643,15.3157,15.353,3119056.301003,0
UNM.US,D,20120516,000000,15.467,15.4916,14.9746,14.9816,4559485.2806499,0
UNM.US,D,20120517,000000,14.959,15.0131,14.5865,14.5865,4449877.2248775,0
UNM.US,D,20120518,000000,14.6219,14.7113,14.4628,14.5138,4394970.9231409,0
UNM.US,D,20120521,000000,14.5207,14.7674,14.4785,14.7408,4071729.5851103,0
UNM.US,D,20120522,000000,14.844,14.9746,14.6602,14.7556,2985396.081507,0
UNM.US,D,20120523,000000,14.6219,14.7281,14.4215,14.6838,6007986.2621016,0
UNM.US,D,20120524,000000,14.7339,14.7978,14.5296,14.7281,2560005.0464063,0
UNM.US,D,20120525,000000,14.7339,14.7742,14.5934,14.6838,2806561.3496414,0
UNM.US,D,20120529,000000,14.8282,14.8666,14.6465,14.7742,2359100.5335094,0
UNM.US,D,20120530,000000,14.6052,14.6543,14.4421,14.4785,2078473.2998124,0
UNM.US,D,20120531,000000,14.4538,14.6681,14.3724,14.5531,3867266.3492795,0
UNM.US,D,20120601,000000,14.223,14.2986,14.0461,14.0776,5395934.7646917,0
UNM.US,D,20120604,000000,14.0913,14.0992,13.8358,13.8937,3254974.6864099,0
UNM.US,D,20120605,000000,13.8781,14.1159,13.8446,13.9655,3845348.1981359,0
UNM.US,D,20120606,000000,14.0726,14.4843,14.0245,14.4843,3980134.9564617,0
UNM.US,D,20120607,000000,14.6671,14.7909,14.4067,14.4283,6887095.6447384,0
UNM.US,D,20120608,000000,14.3449,14.447,14.1572,14.4372,3489287.6394542,0
UNM.US,D,20120611,000000,14.5865,14.6052,14.1915,14.2151,3106827.1979158,0
UNM.US,D,20120612,000000,14.2515,14.3183,14.0776,14.1778,4780966.6816574,0
UNM.US,D,20120613,000000,14.1335,14.3114,13.9262,13.9743,5734796.0164517,0
UNM.US,D,20120614,000000,14.0383,14.1404,13.9174,13.9262,5168155.12627,0
UNM.US,D,20120615,000000,14.0245,14.2308,13.9655,14.2308,4734585.236088,0
UNM.US,D,20120618,000000,14.1306,14.1719,14.0186,14.0461,4213958.4197344,0
UNM.US,D,20120619,000000,14.1306,14.223,14.0844,14.1492,4029829.871254,0
UNM.US,D,20120620,000000,14.1778,14.6465,14.1404,14.4421,5831234.6603033,0
UNM.US,D,20120621,000000,14.447,14.5443,13.9655,13.9803,3750548.9888414,0
UNM.US,D,20120622,000000,14.0726,14.1492,13.9871,14.0461,3807835.5745192,0
UNM.US,D,20120625,000000,13.8496,13.8496,13.3975,13.5086,6837314.2296746,0
UNM.US,D,20120626,000000,13.5174,13.7572,13.4643,13.6619,4818164.8513459,0
UNM.US,D,20120627,000000,13.6972,13.8358,13.5931,13.711,2602246.6907475,0
UNM.US,D,20120628,000000,13.5931,13.7984,13.4702,13.7838,4398033.0327514,0
UNM.US,D,20120629,000000,14.1237,14.1237,13.8781,13.9537,5322865.4412441,0
UNM.US,D,20120702,000000,14.0303,14.1404,13.8937,14.1335,4069241.4302423,0
UNM.US,D,20120703,000000,14.0814,14.3046,14.0697,14.2799,2149046.3271901,0
UNM.US,D,20120705,000000,14.2643,14.3222,14.1031,14.1699,3468075.737586,0
UNM.US,D,20120706,000000,13.9705,14.0697,13.9055,14.0068,2920735.6020978,0
UNM.US,D,20120709,000000,13.9537,13.997,13.8299,13.9174,2209306.4869063,0
UNM.US,D,20120710,000000,14.0107,14.0383,13.7572,13.8221,2913444.1380369,0
UNM.US,D,20120711,000000,13.8063,14.0461,13.77,13.9803,3843232.5032604,0
UNM.US,D,20120712,000000,13.8358,13.8937,13.6904,13.7838,2932283.897166,0
UNM.US,D,20120713,000000,13.7846,14.1758,13.7846,14.162,3015988.683405,0
UNM.US,D,20120716,000000,14.1237,14.1306,13.9036,13.9871,2829960.1819027,0
UNM.US,D,20120717,000000,13.9625,13.9705,13.5872,13.8014,4910740.4948382,0
UNM.US,D,20120718,000000,13.8249,14.2368,13.8073,14.1758,5328305.7994952,0
UNM.US,D,20120719,000000,14.219,14.2976,14.1119,14.1325,3441467.2364275,0
UNM.US,D,20120720,000000,13.992,14.0814,13.8073,13.8249,2487544.2778099,0
UNM.US,D,20120723,000000,13.5538,13.7355,13.4702,13.6785,2690552.2737792,0
UNM.US,D,20120724,000000,13.6236,13.7581,13.3326,13.3926,4941684.1860734,0
UNM.US,D,20120725,000000,13.4329,13.6392,13.4122,13.5086,3388401.8639981,0
UNM.US,D,20120726,000000,13.7445,13.7581,13.5449,13.6481,3163308.8222437,0
UNM.US,D,20120727,000000,13.7523,14.0068,13.6992,13.9213,3115226.883102,0
UNM.US,D,20120730,000000,13.8741,14.0225,13.8741,13.9557,1875529.415809,0
UNM.US,D,20120731,000000,13.9625,14.0146,13.8672,13.8741,2343630.2143672,0
UNM.US,D,20120801,000000,13.9498,14.0068,13.5676,13.6629,2851325.7489591,0
UNM.US,D,20120802,000000,13.6629,14.2643,13.5086,13.7355,7510930.5144249,0
UNM.US,D,20120803,000000,13.992,14.2799,13.9705,14.0884,5214571.171948,0
UNM.US,D,20120806,000000,14.1365,14.1827,13.9144,13.9302,3789830.2885974,0
UNM.US,D,20120807,000000,13.9832,14.2122,13.9832,14.0814,3188522.1249057,0
UNM.US,D,20120808,000000,14.0225,14.1277,13.9625,14.0431,3113823.5434034,0
UNM.US,D,20120809,000000,14.0343,14.219,13.9832,14.219,4862787.7972786,0
UNM.US,D,20120810,000000,14.1532,14.2898,14.0884,14.2799,4556282.7353045,0
UNM.US,D,20120813,000000,14.2436,14.2799,14.1454,14.2436,4010514.8694569,0
UNM.US,D,20120814,000000,14.2731,14.3959,14.1827,14.2495,3642556.9616704,0
UNM.US,D,20120815,000000,14.2033,14.3163,14.1699,14.2799,2334281.0614952,0
UNM.US,D,20120816,000000,14.3222,14.4273,14.1827,14.4273,2677174.2435566,0
UNM.US,D,20120817,000000,14.4362,14.4843,14.219,14.2495,2738475.4594815,0
UNM.US,D,20120820,000000,14.2564,14.4057,14.1365,14.3959,3115722.4787751,0
UNM.US,D,20120821,000000,14.4195,14.5364,14.3497,14.3959,4325369.7517547,0
UNM.US,D,20120822,000000,14.3812,14.446,14.1031,14.1905,3334880.5842555,0
UNM.US,D,20120823,000000,14.162,14.2643,14.1031,14.1905,4281660.655749,0
UNM.US,D,20120824,000000,14.1277,14.2436,14.05,14.1119,2976967.9021138,0
UNM.US,D,20120827,000000,14.1827,14.2368,13.992,14.0343,2575130.3821129,0
UNM.US,D,20120828,000000,13.9625,14.0814,13.9625,13.9832,2933828.6902497,0
UNM.US,D,20120829,000000,14.0225,14.1965,13.9498,14.1905,3121448.7967472,0
UNM.US,D,20120830,000000,14.1365,14.1905,14.0814,14.1532,4242422.0973037,0
UNM.US,D,20120831,000000,14.2278,14.4538,14.2122,14.3301,5648233.668303,0
UNM.US,D,20120904,000000,14.3301,14.3959,14.219,14.3222,4204158.4478005,0
UNM.US,D,20120905,000000,14.3163,14.3497,14.219,14.2495,2771028.0557663,0
UNM.US,D,20120906,000000,14.3497,14.6848,14.3222,14.6415,5857741.3964366,0
UNM.US,D,20120907,000000,14.6907,14.8302,14.6475,14.7772,3214254.4291966,0
UNM.US,D,20120910,000000,14.7418,14.8086,14.6475,14.6543,2985663.7235235,0
UNM.US,D,20120911,000000,14.6681,14.8538,14.6681,14.8086,2424179.2671724,0
UNM.US,D,20120912,000000,14.8951,14.9187,14.6986,14.7496,3137756.6420475,0
UNM.US,D,20120913,000000,14.7055,14.9718,14.5865,14.9619,3655548.2847969,0
UNM.US,D,20120914,000000,15.1398,15.3668,14.9718,15.3668,5827348.2539881,0
UNM.US,D,20120917,000000,15.3668,15.3668,15.0582,15.0926,2946652.1010845,0
UNM.US,D,20120918,000000,15.0229,15.0287,14.8813,14.9531,1681716.9075235,0
UNM.US,D,20120919,000000,14.9619,15.0159,14.8607,14.8951,2355218.1977952,0
UNM.US,D,20120920,000000,14.8007,14.8086,14.6327,14.729,3285492.9998395,0
UNM.US,D,20120921,000000,14.8951,14.8951,14.5865,14.6062,3691415.3679549,0
UNM.US,D,20120924,000000,14.5737,14.6907,14.4923,14.56,3020584.3919464,0
UNM.US,D,20120925,000000,14.5737,14.6062,14.1758,14.1827,3453685.1453619,0
UNM.US,D,20120926,000000,14.1365,14.1827,13.937,14.1365,4679565.9751733,0
UNM.US,D,20120927,000000,14.2368,14.3301,14.0884,14.2731,3013686.7585333,0
UNM.US,D,20120928,000000,14.1965,14.2122,14.0884,14.1207,3634901.178819,0
UNM.US,D,20121001,000000,14.219,14.4628,14.1699,14.3163,3699766.2059289,0
UNM.US,D,20121002,000000,14.3439,14.3812,14.2122,14.3497,2503888.7585192,0
UNM.US,D,20121003,000000,14.3812,14.4155,14.2122,14.3094,2345243.1900178,0
UNM.US,D,20121004,000000,14.3586,14.5934,14.3379,14.5934,2349380.9559454,0
UNM.US,D,20121005,000000,14.7349,14.8469,14.6327,14.676,3074110.7599403,0
UNM.US,D,20121008,000000,14.5807,14.6475,14.4843,14.5865,2036420.9384183,0
UNM.US,D,20121009,000000,14.5865,14.6543,14.4706,14.5296,2540826.4097431,0
UNM.US,D,20121010,000000,14.5443,14.5443,14.3046,14.3586,3575070.4675093,0
UNM.US,D,20121011,000000,14.4923,14.676,14.4057,14.6415,3142583.3571963,0
UNM.US,D,20121012,000000,14.6229,14.6475,14.4195,14.5069,1814075.5523463,0
UNM.US,D,20121015,000000,14.6327,14.6327,14.4628,14.56,2198512.2706755,0
UNM.US,D,20121016,000000,14.676,14.9246,14.6327,14.9187,5925795.7394386,0
UNM.US,D,20121017,000000,14.9836,15.1909,14.9393,15.185,4299077.7398248,0
UNM.US,D,20121018,000000,15.1614,15.3009,15.1319,15.2862,2974332.1879592,0
UNM.US,D,20121019,000000,15.2784,15.3304,15.0003,15.0434,5409527.5191176,0
UNM.US,D,20121022,000000,14.7201,15.124,14.5531,15.1162,2469994.8992013,0
UNM.US,D,20121023,000000,14.9098,15.0926,14.8735,15.0287,4052933.5849421,0
UNM.US,D,20121024,000000,15.072,15.1162,14.9718,15.0071,2341721.102493,0
UNM.US,D,20121025,000000,15.0159,15.2429,14.9904,15.1703,2078912.9247216,0
UNM.US,D,20121026,000000,15.1623,15.2429,14.9708,15.0926,2500534.5832862,0
UNM.US,D,20121031,000000,15.0789,15.1103,14.8607,14.9904,3829456.571789,0
UNM.US,D,20121101,000000,15.0592,15.414,15.0003,15.1703,4686827.9273769,0
UNM.US,D,20121102,000000,15.2361,15.3609,15.0297,15.2646,3779530.6503893,0
UNM.US,D,20121105,000000,15.1408,15.2803,14.9836,15.2125,1848279.7949913,0
UNM.US,D,20121106,000000,15.2587,15.6075,15.1703,15.4562,2789227.7128864,0
UNM.US,D,20121107,000000,15.2587,15.3157,14.7674,14.8214,3561656.8195279,0
UNM.US,D,20121108,000000,14.846,14.9766,14.4745,14.4745,2987325.5463862,0
UNM.US,D,20121109,000000,14.4107,14.6288,14.334,14.5334,2299136.5100167,0
UNM.US,D,20121112,000000,14.6042,14.6042,14.3694,14.4401,1541216.0430285,0
UNM.US,D,20121113,000000,14.2839,14.6042,14.2573,14.3537,3394865.9784035,0
UNM.US,D,20121114,000000,14.4225,14.45,14.1325,14.1768,2449657.1589002,0
UNM.US,D,20121115,000000,14.1915,14.3409,14.1562,14.2996,2419533.6937687,0
UNM.US,D,20121116,000000,14.2671,14.4225,14.0776,14.4008,2983228.4864687,0
UNM.US,D,20121119,000000,14.5718,14.6828,14.5109,14.6209,2529291.3441282,0
UNM.US,D,20121120,000000,14.5718,14.6828,14.45,14.6465,2493569.7849564,0
UNM.US,D,20121121,000000,14.6533,14.7113,14.5334,14.6966,1640078.7297822,0
UNM.US,D,20121123,000000,14.7546,14.9531,14.7113,14.9531,528731.38296644,0
UNM.US,D,20121126,000000,14.8519,15.0297,14.846,15.0297,2437425.0028622,0
UNM.US,D,20121127,000000,15.0003,15.0926,14.8685,14.903,3428048.5001948,0
UNM.US,D,20121128,000000,14.7988,15.0356,14.7831,15.0229,2155788.2601145,0
UNM.US,D,20121129,000000,15.0789,15.1496,15.0003,15.072,2388917.6859148,0
UNM.US,D,20121130,000000,15.0867,15.1623,14.9766,15.072,3191839.6647296,0
UNM.US,D,20121203,000000,15.1623,15.2125,15.0926,15.1103,3051560.6479897,0
UNM.US,D,20121204,000000,15.124,15.1909,15.0434,15.1015,4146980.7506997,0
UNM.US,D,20121205,000000,15.1565,15.3157,15.1172,15.2872,2042199.1565533,0
UNM.US,D,20121206,000000,15.295,15.3157,15.1623,15.2714,1521865.4234726,0
UNM.US,D,20121207,000000,15.3157,15.3973,15.1998,15.3973,2481136.1341683,0
UNM.US,D,20121210,000000,15.3472,15.5083,15.1623,15.5004,2063796.7478674,0
UNM.US,D,20121211,000000,15.5525,15.5525,15.3697,15.4228,2255443.696415,0
UNM.US,D,20121212,000000,15.5181,15.7824,15.3727,15.5898,3061175.4075777,0
UNM.US,D,20121213,000000,15.5525,15.7097,15.414,15.4228,2482749.1098189,0
UNM.US,D,20121214,000000,15.3609,15.4936,15.1103,15.3973,2480016.7188903,0
UNM.US,D,20121217,000000,15.4513,15.6498,15.2646,15.4434,4574092.6323778,0
UNM.US,D,20121218,000000,15.4296,15.7244,15.3805,15.7156,2972509.5763565,0
UNM.US,D,20121219,000000,15.7097,15.7097,15.5004,15.5004,2760830.1825835,0
UNM.US,D,20121220,000000,15.4866,15.6331,15.4296,15.6331,2834978.215299,0
UNM.US,D,20121221,000000,15.4798,15.5594,15.3472,15.4296,4013359.2019133,0
UNM.US,D,20121224,000000,15.4296,15.5898,15.3472,15.3973,806394.20147715,0
UNM.US,D,20121226,000000,15.4228,15.4866,15.3019,15.354,1631232.2961351,0
UNM.US,D,20121227,000000,15.3727,15.414,15.0926,15.3088,2497151.913846,0
UNM.US,D,20121228,000000,15.2125,15.295,15.1565,15.1909,1736274.1552234,0
UNM.US,D,20121231,000000,15.1496,15.3973,15.0789,15.3893,2609853.6263868,0
UNM.US,D,20130102,000000,15.6841,15.867,15.6586,15.867,2106517.7054776,0
UNM.US,D,20130103,000000,15.8778,16.0182,15.8109,16.0055,2204371.9008308,0
UNM.US,D,20130104,000000,16.0182,16.2404,16.0114,16.1794,1879058.6268855,0
UNM.US,D,20130107,000000,16.1097,16.1323,15.9976,16.092,1476818.1173845,0
UNM.US,D,20130108,000000,16.0055,16.0419,15.8708,15.9751,1819220.7920241,0
UNM.US,D,20130109,000000,16.2335,16.2865,15.9976,16.0851,1411249.8939499,0
UNM.US,D,20130110,000000,16.1608,16.4025,16.1323,16.3504,2629097.3926662,0
UNM.US,D,20130111,000000,16.3671,16.4192,16.2246,16.4192,2337901.8610945,0
UNM.US,D,20130114,000000,16.3898,16.4546,16.263,16.4408,1891789.4315474,0
UNM.US,D,20130115,000000,16.321,16.4251,16.3003,16.4192,1381561.9831266,0
UNM.US,D,20130116,000000,16.3593,16.4113,16.2502,16.3593,1446350.6864676,0
UNM.US,D,20130117,000000,16.4251,16.8703,16.375,16.6413,3209450.1023534,0
UNM.US,D,20130118,000000,16.6992,16.7602,16.5224,16.6334,2259150.9962858,0
UNM.US,D,20130122,000000,16.6168,16.8997,16.5941,16.8997,1799498.7301259,0
UNM.US,D,20130123,000000,17.0019,17.1296,16.9597,17.111,4078678.101036,0
UNM.US,D,20130124,000000,17.1356,17.2908,17.1031,17.1955,2510351.8552744,0
UNM.US,D,20130125,000000,17.2397,17.3744,17.0628,17.3144,3218310.783104,0
UNM.US,D,20130128,000000,17.3213,17.3822,17.1867,17.2162,1976210.6435643,0
UNM.US,D,20130129,000000,17.2319,17.4029,17.1434,17.3488,2654340.2071855,0
UNM.US,D,20130130,000000,17.3213,17.3488,17.0963,17.111,3164189.0897123,0
UNM.US,D,20130131,000000,17.1208,17.3576,17.0697,17.3281,2875368.7538305,0
UNM.US,D,20130201,000000,17.4608,17.5443,17.3822,17.3822,2317689.2917744,0
UNM.US,D,20130204,000000,17.2319,17.284,17.055,17.055,2891511.7397898,0
UNM.US,D,20130205,000000,17.2162,17.4697,17.1867,17.4697,3602140.9818826,0
UNM.US,D,20130206,000000,17.1208,17.9295,17.111,17.736,5474122.8689106,0
UNM.US,D,20130207,000000,17.7281,17.7811,17.453,17.565,2879921.7210613,0
UNM.US,D,20130208,000000,17.6426,17.9079,17.6269,17.8844,2913456.34984,0
UNM.US,D,20130211,000000,17.8362,17.9993,17.7811,17.9698,1994499.8539067,0
UNM.US,D,20130212,000000,17.9698,18.0121,17.8764,17.9698,2030098.277398,0
UNM.US,D,20130213,000000,18.1104,18.3786,18.1104,18.2077,4009827.9555363,0
UNM.US,D,20130214,000000,18.1221,18.2342,18.02,18.1389,2380613.6598524,0
UNM.US,D,20130215,000000,18.1772,18.2951,18.1389,18.186,2581914.0386977,0
UNM.US,D,20130219,000000,18.2342,18.4808,18.1988,18.4366,3030056.680499,0
UNM.US,D,20130220,000000,18.3855,18.4297,17.9845,18.0268,3664486.3069668,0
UNM.US,D,20130221,000000,17.9394,17.961,17.7065,17.8214,2904411.4743936,0
UNM.US,D,20130222,000000,17.9462,18.073,17.8922,18.0268,2031256.3633856,0
UNM.US,D,20130225,000000,18.1319,18.1693,17.6102,17.6269,3715996.70981,0
UNM.US,D,20130226,000000,17.7065,17.7615,17.5306,17.6721,4534947.6977557,0
UNM.US,D,20130227,000000,17.6878,18.1693,17.6652,18.1319,2973260.602243,0
UNM.US,D,20130228,000000,18.0887,18.2951,17.9698,18.1948,5009783.3056866,0
UNM.US,D,20130301,000000,18.0809,18.3531,17.8451,18.2951,3726542.6193792,0
UNM.US,D,20130304,000000,18.2135,18.7953,18.1526,18.7481,5796447.3040635,0
UNM.US,D,20130305,000000,18.7864,19.1264,18.7864,19.0714,5902006.1294802,0
UNM.US,D,20130306,000000,19.1638,19.4193,19.1195,19.374,3631189.8083472,0
UNM.US,D,20130307,000000,19.4271,19.4989,19.2758,19.4271,3441209.7709135,0
UNM.US,D,20130308,000000,19.5499,19.7239,19.5146,19.7081,3302874.4661564,0
UNM.US,D,20130311,000000,19.6836,20.1994,19.6531,20.1238,5121463.2973736,0
UNM.US,D,20130312,000000,20.0805,20.1896,19.9528,20.0668,4289277.7678908,0
UNM.US,D,20130313,000000,20.0923,20.4226,20.0923,20.3999,3834233.4220754,0
UNM.US,D,20130314,000000,20.4294,20.7184,20.4226,20.6731,3844214.5357543,0
UNM.US,D,20130315,000000,20.6073,20.6947,20.4431,20.6171,5638942.5214954,0
UNM.US,D,20130318,000000,20.1828,20.6073,20.1238,20.34,4403034.7837437,0
UNM.US,D,20130319,000000,20.2378,20.4805,20.2378,20.3999,4652537.1844604,0
UNM.US,D,20130320,000000,20.4491,20.6171,20.3616,20.509,2547786.1198216,0
UNM.US,D,20130321,000000,20.4068,20.4972,20.1828,20.2879,3639641.3936963,0
UNM.US,D,20130322,000000,20.4146,20.4363,20.2564,20.4363,2953309.569038,0
UNM.US,D,20130325,000000,20.5562,20.5562,20.34,20.509,3280566.5549659,0
UNM.US,D,20130326,000000,20.6368,20.9571,20.6073,20.8676,3825248.5879939,0
UNM.US,D,20130327,000000,20.6731,20.8893,20.6171,20.8676,3070888.8792401,0
UNM.US,D,20130328,000000,20.8392,21.0701,20.8293,21.0023,5460816.0742057,0
UNM.US,D,20130401,000000,21.0102,21.076,20.8156,20.851,2153053.8338854,0
UNM.US,D,20130402,000000,20.9571,20.9935,20.735,20.8018,3173270.6005678,0
UNM.US,D,20130403,000000,20.5031,20.6073,20.1061,20.1749,4265134.0156445,0
UNM.US,D,20130404,000000,20.2289,20.3518,19.9951,20.058,3560029.5967738,0
UNM.US,D,20130405,000000,19.7622,19.7966,18.9918,19.5214,7451790.7876368,0
UNM.US,D,20130408,000000,19.6266,19.7966,19.3495,19.661,3451839.1278034,0
UNM.US,D,20130409,000000,19.6836,19.9027,19.5214,19.8545,3069040.8263811,0
UNM.US,D,20130410,000000,19.9754,20.3999,19.8958,20.3773,3677946.7668598,0
UNM.US,D,20130411,000000,20.4068,20.5237,20.2712,20.4146,2470041.7111129,0
UNM.US,D,20130412,000000,20.2781,20.4431,20.1553,20.4146,2735142.6549037,0
UNM.US,D,20130415,000000,20.3616,20.3773,19.6266,19.6266,2687187.9220436,0
UNM.US,D,20130416,000000,19.8104,19.9754,19.6914,19.9263,2393723.0304083,0
UNM.US,D,20130417,000000,19.7327,19.773,19.3279,19.435,3600712.2009278,0
UNM.US,D,20130418,000000,19.4792,19.5067,19.1264,19.2355,3046026.6659153,0
UNM.US,D,20130419,000000,19.3279,19.6187,19.2531,19.607,2011151.6649923,0
UNM.US,D,20130422,000000,19.6187,19.6748,19.3583,19.661,2063244.1637801,0
UNM.US,D,20130423,000000,19.7464,20.2378,19.7464,20.115,2898703.4741259,0
UNM.US,D,20130424,000000,20.2162,20.4068,20.1317,20.3017,1973640.0590259,0
UNM.US,D,20130425,000000,20.4431,20.6388,20.2879,20.6013,2561295.4269268,0
UNM.US,D,20130426,000000,20.5867,20.6093,20.2634,20.34,1403034.4034595,0
UNM.US,D,20130429,000000,20.4431,20.6388,20.3095,20.564,1269231.7129281,0
UNM.US,D,20130430,000000,20.57,20.8411,20.4146,20.8333,2104824.335457,0
UNM.US,D,20130501,000000,20.6388,20.9237,20.2879,20.2928,2444156.7592841,0
UNM.US,D,20130502,000000,20.4146,20.5778,19.9509,20.5582,2028502.6018017,0
UNM.US,D,20130503,000000,20.788,20.9532,20.4501,20.4884,3724518.5130265,0
UNM.US,D,20130506,000000,20.2221,20.6692,20.1739,20.6013,3907204.0334485,0
UNM.US,D,20130507,000000,20.7212,21.0495,20.6751,20.8923,3348694.1687862,0
UNM.US,D,20130508,000000,20.8844,21.1723,20.8265,21.0328,3051381.5415452,0
UNM.US,D,20130509,000000,21.0407,21.0858,20.8451,20.9434,2104424.3989077,0
UNM.US,D,20130510,000000,20.9601,21.0278,20.8175,20.9807,1713488.9660644,0
UNM.US,D,20130513,000000,20.9747,21.1468,20.8844,21.1468,2744146.82434,0
UNM.US,D,20130514,000000,21.1379,21.4504,21.1379,21.4435,2069309.3592865,0
UNM.US,D,20130515,000000,21.4435,21.6469,21.3619,21.6233,1604863.9604362,0
UNM.US,D,20130516,000000,21.4229,21.4229,20.9011,21.0573,5409938.6498197,0
UNM.US,D,20130517,000000,21.1075,21.304,21.1006,21.2509,2737696.9570381,0
UNM.US,D,20130520,000000,21.2057,21.2715,20.9237,21.0328,3115372.4070881,0
UNM.US,D,20130521,000000,21.0662,21.1241,20.7596,20.8844,3750768.801296,0
UNM.US,D,20130522,000000,20.8844,21.0662,20.5179,20.6093,4914053.9640611,0
UNM.US,D,20130523,000000,20.3931,20.7056,20.2781,20.5867,2846959.0117246,0
UNM.US,D,20130524,000000,20.4078,20.4146,20.056,20.3095,2863407.2927597,0
UNM.US,D,20130528,000000,20.6308,20.9237,20.5335,20.7439,2347091.2428768,0
UNM.US,D,20130529,000000,20.5503,21.2647,20.511,21.1075,3151455.2320997,0
UNM.US,D,20130530,000000,21.1468,21.6931,21.0858,21.5643,2565857.5530099,0
UNM.US,D,20130531,000000,21.4347,21.8306,21.2715,21.2715,2774373.072147,0
UNM.US,D,20130603,000000,21.2804,21.3619,20.788,21.2951,2637247.7535404,0
UNM.US,D,20130604,000000,21.2804,21.475,20.9434,21.0495,2339164.7650581,0
UNM.US,D,20130605,000000,20.9885,20.9885,20.4658,20.5335,3002203.5930813,0
UNM.US,D,20130606,000000,20.564,20.9659,20.4009,20.9659,3061846.0390942,0
UNM.US,D,20130607,000000,21.1634,21.5054,20.9807,21.475,2536182.8716398,0
UNM.US,D,20130610,000000,21.5565,21.6872,21.3354,21.3786,2474357.5658348,0
UNM.US,D,20130611,000000,21.08,21.4081,21.0052,21.073,1773169.0651367,0
UNM.US,D,20130612,000000,21.2362,21.2647,20.788,20.9237,2329081.8863539,0
UNM.US,D,20130613,000000,20.8765,21.2597,20.7439,21.2057,1850810.6911698,0
UNM.US,D,20130614,000000,21.1075,21.2283,20.7056,20.737,1933889.6225034,0
UNM.US,D,20130617,000000,20.8411,21.2509,20.8333,21.1851,2602185.6317323,0
UNM.US,D,20130618,000000,21.2509,21.4917,21.2283,21.4386,1386191.2741263,0
UNM.US,D,20130619,000000,21.3944,21.5349,21.1723,21.1723,2055078.5381521,0
UNM.US,D,20130620,000000,20.9374,21.7619,20.8451,21.588,5013649.3589967,0
UNM.US,D,20130621,000000,21.7894,22.1186,21.6715,21.8268,8066282.6103529,0
UNM.US,D,20130624,000000,21.526,21.6794,21.1979,21.2951,6631260.4064988,0
UNM.US,D,20130625,000000,21.4327,21.5733,21.2195,21.475,4510771.3807013,0
UNM.US,D,20130626,000000,21.6872,21.8906,21.5565,21.8494,3208303.2105185,0
UNM.US,D,20130627,000000,22.0036,22.3486,21.9614,22.2621,2241163.0104183,0
UNM.US,D,20130628,000000,22.1775,22.1864,21.9329,21.9397,3218595.7251748,0
UNM.US,D,20130701,000000,22.1186,22.3269,22.096,22.213,2090850.9798366,0
UNM.US,D,20130702,000000,22.1982,22.3937,22.1559,22.2916,2404053.1981239,0
UNM.US,D,20130703,000000,22.1098,22.269,22.0478,22.1629,962460.02658787,0
UNM.US,D,20130705,000000,22.4075,22.776,22.3702,22.7671,1622744.0753769,0
UNM.US,D,20130708,000000,22.8939,23.0482,22.8576,22.9528,1583851.5180175,0
UNM.US,D,20130709,000000,23.1563,23.4845,23.0894,23.4698,2760464.8461428,0
UNM.US,D,20130710,000000,23.4393,23.5651,23.2841,23.5081,2220007.079314,0
UNM.US,D,20130711,000000,23.8049,23.8785,23.3351,23.4462,1993069.0376513,0
UNM.US,D,20130712,000000,23.4914,23.6112,23.402,23.5817,1826545.8385434,0
UNM.US,D,20130715,000000,23.4914,23.5817,23.397,23.4698,1595311.2775137,0
UNM.US,D,20130716,000000,23.5366,23.6486,23.2221,23.344,1597159.3303727,0
UNM.US,D,20130717,000000,23.397,23.397,23.0138,23.2683,1794517.3321388,0
UNM.US,D,20130718,000000,23.3577,23.7301,23.3351,23.6938,1577367.050607,0
UNM.US,D,20130719,000000,23.7301,23.7301,23.2978,23.5012,1632142.075461,0
UNM.US,D,20130722,000000,23.5081,23.7154,23.4845,23.7154,1180478.3637852,0
UNM.US,D,20130723,000000,23.854,23.8883,23.6486,23.7301,1052662.5096907,0
UNM.US,D,20130724,000000,23.8274,23.912,23.5651,23.5877,2927206.8400551,0
UNM.US,D,20130725,000000,23.6004,23.8097,23.4432,23.683,1504906.2820106,0
UNM.US,D,20130726,000000,23.5396,23.7056,23.4432,23.6987,1832506.2160737,0
UNM.US,D,20130729,000000,23.7056,23.7793,23.458,23.5837,981865.59925747,0
UNM.US,D,20130730,000000,23.7193,23.7881,23.4491,23.5474,1768321.9969828,0
UNM.US,D,20130731,000000,23.5258,23.966,23.4363,23.7429,3226362.4319037,0
UNM.US,D,20130801,000000,24.0427,24.7197,24.0427,24.6893,2394081.2432973,0
UNM.US,D,20130802,000000,24.5537,24.5537,24.3139,24.421,1875914.0876046,0
UNM.US,D,20130805,000000,24.4111,24.4111,24.1115,24.2765,2499667.5452708,0
UNM.US,D,20130806,000000,24.3492,24.4288,23.0286,23.2015,5294486.2286458,0
UNM.US,D,20130807,000000,23.0904,23.1199,22.6767,22.8409,3779619.1859613,0
UNM.US,D,20130808,000000,23.0148,23.1514,22.722,22.9313,2065817.8012693,0
UNM.US,D,20130809,000000,22.8949,22.9617,22.6847,22.7524,2729126.3066095,0
UNM.US,D,20130812,000000,22.6472,22.6542,22.2022,22.2335,3879186.0866899,0
UNM.US,D,20130813,000000,22.3466,22.5038,22.2178,22.5038,3232600.6279531,0
UNM.US,D,20130814,000000,22.4497,22.4675,22.1737,22.3849,2442128.5823304,0
UNM.US,D,20130815,000000,22.1913,22.2022,21.923,22.0518,1838688.4413591,0
UNM.US,D,20130816,000000,21.9575,22.3387,21.9575,22.2178,1934305.8414568,0
UNM.US,D,20130819,000000,22.2178,22.2247,21.9034,22.0773,2674271.9050358,0
UNM.US,D,20130820,000000,22.1078,22.2591,21.9575,22.1737,2848768.393874,0
UNM.US,D,20130821,000000,22.1363,22.3977,21.9879,22.1363,2416708.696667,0
UNM.US,D,20130822,000000,22.2503,22.8281,22.1737,22.7367,1705164.586997,0
UNM.US,D,20130823,000000,22.7898,22.7898,22.432,22.6178,1743398.7246429,0
UNM.US,D,20130826,000000,22.6935,22.8202,22.5638,22.5638,1829479.7242221,0
UNM.US,D,20130827,000000,22.3387,22.3977,21.8651,21.9359,4419431.1646159,0
UNM.US,D,20130828,000000,21.9359,22.2748,21.923,22.1363,1784645.1070369,0
UNM.US,D,20130829,000000,22.0999,22.49,22.0301,22.3249,1430903.7732812,0
UNM.US,D,20130830,000000,22.3613,22.3613,22.0518,22.1619,1810331.6170664,0
UNM.US,D,20130903,000000,22.49,22.8487,22.1363,22.3181,2373380.2018559,0
UNM.US,D,20130904,000000,22.3544,23.0767,22.3544,22.8124,2837360.5345407,0
UNM.US,D,20130905,000000,22.8124,23.0364,22.7603,22.8812,2291038.0493053,0
UNM.US,D,20130906,000000,22.9538,23.0148,22.4773,22.7092,2151214.9398787,0
UNM.US,D,20130909,000000,22.7898,23.001,22.7524,23.001,1874742.7721637,0
UNM.US,D,20130910,000000,23.2251,23.3234,23.1425,23.286,1843042.9667906,0
UNM.US,D,20130911,000000,23.2476,23.7596,23.1082,23.6083,2417534.011022,0
UNM.US,D,20130912,000000,23.5916,23.5916,23.2015,23.2781,1537343.8838168,0
UNM.US,D,20130913,000000,23.3665,23.4206,23.1868,23.2556,937529.63069613,0
UNM.US,D,20130916,000000,23.5916,23.6004,23.4039,23.4736,1154562.8824488,0
UNM.US,D,20130917,000000,23.4736,23.5837,23.3922,23.57,1189001.1846519,0
UNM.US,D,20130918,000000,23.5769,23.8176,23.4432,23.4816,2429033.458878,0
UNM.US,D,20130919,000000,23.5474,23.5474,22.776,22.8281,3696987.0030887,0
UNM.US,D,20130920,000000,22.8281,23.0904,22.6935,22.7092,3115737.7435288,0
UNM.US,D,20130923,000000,22.7524,22.888,22.551,22.7603,2364107.3727529,0
UNM.US,D,20130924,000000,22.7524,23.1268,22.7013,22.8723,1609374.1863564,0
UNM.US,D,20130925,000000,22.9234,23.2093,22.8409,23.114,1501445.253501,0
UNM.US,D,20130926,000000,23.2015,23.4039,23.0501,23.2251,1529115.1638731,0
UNM.US,D,20130927,000000,23.0767,23.1582,22.9175,22.9794,1571860.5450894,0
UNM.US,D,20130930,000000,22.6542,22.9401,22.5864,22.8409,1578601.4603636,0
UNM.US,D,20131001,000000,22.8202,23.1337,22.7819,23.1337,1392145.5457552,0
UNM.US,D,20131002,000000,22.9617,22.9617,22.6689,22.8409,2020427.5470461,0
UNM.US,D,20131003,000000,22.7367,22.7603,22.3466,22.6257,1804847.4998544,0
UNM.US,D,20131004,000000,22.6689,23.0816,22.5578,23.0581,1179896.2678406,0
UNM.US,D,20131007,000000,22.8281,22.9037,22.6472,22.722,1383355.0828719,0
UNM.US,D,20131008,000000,22.7446,22.7603,22.3181,22.3544,1524317.9605817,0
UNM.US,D,20131009,000000,22.4232,22.4576,22.0931,22.153,3356028.3741577,0
UNM.US,D,20131010,000000,22.5116,22.7367,22.5038,22.7367,3465389.1409187,0
UNM.US,D,20131011,000000,22.722,23.2015,22.7141,23.1425,2147670.4640483,0
UNM.US,D,20131014,000000,23.001,23.5326,22.8487,23.4736,2150000.8831271,0
UNM.US,D,20131015,000000,23.6545,23.7272,23.3234,23.3449,1429242.9680687,0
UNM.US,D,20131016,000000,23.5199,23.9355,23.398,23.909,1597421.8841379,0
UNM.US,D,20131017,000000,23.7498,24.0427,23.683,23.9444,1629605.0733809,0
UNM.US,D,20131018,000000,24.0357,24.0642,23.7125,23.9533,1526052.0366123,0
UNM.US,D,20131021,000000,23.9739,24.0427,23.8412,23.9002,1347446.2760536,0
UNM.US,D,20131022,000000,23.9739,24.3355,23.7429,23.7793,2435048.789522,0
UNM.US,D,20131023,000000,23.7056,23.795,23.3312,23.3833,2103778.1909972,0
UNM.US,D,20131024,000000,23.5434,23.6505,23.2889,23.5975,1116801.9521704,0
UNM.US,D,20131025,000000,23.5975,23.7036,23.5376,23.6329,982619.67809475,0
UNM.US,D,20131028,000000,23.621,23.856,23.5297,23.6673,1685053.7827022,0
UNM.US,D,20131029,000000,23.7478,24.0299,23.6888,24.0161,1147130.982653,0
UNM.US,D,20131030,000000,24.0417,24.14,23.848,23.9434,1830060.8025164,0
UNM.US,D,20131031,000000,23.8835,24.0564,23.7253,23.9276,1870119.5870654,0
UNM.US,D,20131101,000000,23.9641,24.0161,23.7321,23.7576,2296680.9199568,0
UNM.US,D,20131104,000000,23.8009,24.0642,23.6958,23.9434,3331085.766463,0
UNM.US,D,20131105,000000,24.8798,24.8798,24.307,24.5625,4308463.5281058,0
UNM.US,D,20131106,000000,24.4298,24.6225,24.2765,24.3905,2187237.7235253,0
UNM.US,D,20131107,000000,24.5104,24.6725,24.0642,24.0869,2200760.2600838,0
UNM.US,D,20131108,000000,24.14,25.438,24.1105,24.9997,4552771.8419326,0
UNM.US,D,20131111,000000,24.9939,24.9939,24.5958,24.8395,1690711.9181075,0
UNM.US,D,20131112,000000,24.7973,24.9241,24.6096,24.6912,1426359.9649027,0
UNM.US,D,20131113,000000,24.5546,24.8395,24.3817,24.7286,2679867.9637756,0
UNM.US,D,20131114,000000,24.8238,25.0518,24.6823,25.044,1717406.9195375,0
UNM.US,D,20131115,000000,24.9752,25.1196,24.7197,25.1167,1775657.2200046,0
UNM.US,D,20131118,000000,25.1285,25.3928,25.0587,25.1167,1191984.935193,0
UNM.US,D,20131119,000000,25.1285,25.1806,24.9486,25.037,1402733.1789847,0
UNM.US,D,20131120,000000,25.1078,25.2925,24.8798,24.9997,1297424.6955302,0
UNM.US,D,20131121,000000,25.1334,25.438,24.9486,25.3613,1354014.1907848,0
UNM.US,D,20131122,000000,25.3693,25.6228,25.2857,25.5795,1431127.6563368,0
UNM.US,D,20131125,000000,25.6228,25.6561,25.4802,25.555,899871.4830933,0
UNM.US,D,20131126,000000,25.61,25.665,25.3693,25.4508,1214226.699117,0
UNM.US,D,20131127,000000,25.555,25.5795,25.2857,25.4056,1132021.9293505,0
UNM.US,D,20131129,000000,25.4459,25.5451,25.2857,25.3083,710092.94040964,0
UNM.US,D,20131202,000000,25.3024,25.6306,25.1403,25.271,1480795.0945723,0
UNM.US,D,20131203,000000,25.2189,25.2247,24.985,25.1403,2599457.3114047,0
UNM.US,D,20131204,000000,25.1403,25.6394,25.1334,25.5658,3830205.562375,0
UNM.US,D,20131205,000000,25.4508,25.6473,24.985,25.1491,3268246.8810062,0
UNM.US,D,20131206,000000,25.4675,25.8743,25.3928,25.8694,2114715.8959137,0
UNM.US,D,20131209,000000,25.9097,26.0708,25.7652,25.8616,1707170.3756451,0
UNM.US,D,20131210,000000,25.7652,26.0325,25.61,25.8616,1481733.3681053,0
UNM.US,D,20131211,000000,25.8616,25.9254,25.6561,25.7112,2085612.1163354,0
UNM.US,D,20131212,000000,25.6306,25.8065,25.438,25.4675,2373513.514039,0
UNM.US,D,20131213,000000,25.6228,25.8694,25.4056,25.5658,1757794.4051182,0
UNM.US,D,20131216,000000,25.6473,25.9254,25.6168,25.7318,3338775.1317727,0
UNM.US,D,20131217,000000,25.6778,25.7554,25.5618,25.665,2405704.8444841,0
UNM.US,D,20131218,000000,25.8203,26.119,25.3535,26.1023,3468264.0028827,0
UNM.US,D,20131219,000000,26.1023,26.1986,25.7888,25.8546,3385998.1741011,0
UNM.US,D,20131220,000000,25.8911,25.9952,25.6954,25.9166,2899543.0355844,0
UNM.US,D,20131223,000000,26.1602,26.3469,26.0541,26.2074,1529074.457863,0
UNM.US,D,20131224,000000,26.1602,26.3558,26.1023,26.2841,811294.18744412,0
UNM.US,D,20131226,000000,26.4334,26.5611,26.2575,26.5071,1290212.6081889,0
UNM.US,D,20131227,000000,26.5681,26.6899,26.3116,26.4492,1235515.9424044,0
UNM.US,D,20131230,000000,26.462,26.5071,26.3057,26.3469,1043412.0688932,0
UNM.US,D,20131231,000000,26.4167,26.5071,26.3263,26.4492,1142099.7198034,0
UNM.US,D,20140102,000000,26.3342,26.3794,25.8291,25.8821,1599363.5608201,0
UNM.US,D,20140103,000000,25.9342,26.0768,25.8203,25.8911,1131085.691118,0
UNM.US,D,20140106,000000,26.003,26.0463,25.7318,25.8546,1361999.6923181,0
UNM.US,D,20140107,000000,26.003,26.1446,25.9038,26.0257,1029003.1589646,0
UNM.US,D,20140108,000000,26.1308,26.2575,25.9559,26.1907,1750436.7937909,0
UNM.US,D,20140109,000000,26.23,26.4492,26.1023,26.4423,1690155.2634192,0
UNM.US,D,20140110,000000,26.462,26.4797,26.0934,26.1839,1121486.1962838,0
UNM.US,D,20140113,000000,26.0463,26.1839,25.5275,25.6021,1363422.3673714,0
UNM.US,D,20140114,000000,25.7377,25.8478,25.3693,25.783,2318546.1532873,0
UNM.US,D,20140115,000000,25.8065,26.3057,25.783,26.2143,2211063.9688928,0
UNM.US,D,20140116,000000,26.1907,26.1986,25.9559,26.0541,946118.5988293,0
UNM.US,D,20140117,000000,26.3263,26.3263,25.8546,25.8979,1192171.1651892,0
UNM.US,D,20140121,000000,26.119,26.119,25.7603,25.9038,1225271.25731,0
UNM.US,D,20140122,000000,26.0109,26.1101,25.7259,25.8546,1180305.3632422,0
UNM.US,D,20140123,000000,25.6473,25.7112,25.044,25.0902,2587132.5491937,0
UNM.US,D,20140124,000000,24.9546,24.9614,24.2461,24.2461,2407928.4102864,0
UNM.US,D,20140127,000000,24.2765,24.4711,23.9513,24.2323,1906706.1489521,0
UNM.US,D,20140128,000000,24.3502,24.5104,24.2097,24.359,2171451.9328047,0
UNM.US,D,20140129,000000,24.0977,24.4593,24.0309,24.1213,1687709.8498619,0
UNM.US,D,20140130,000000,24.4013,24.7954,24.2726,24.7432,1516431.1711229,0
UNM.US,D,20140131,000000,24.2352,24.6893,24.2352,24.3856,1960014.7397919,0
UNM.US,D,20140203,000000,24.2942,24.3945,23.2192,23.2585,2667348.8303664,0
UNM.US,D,20140204,000000,23.3695,23.85,23.2949,23.7036,2295172.7622822,0
UNM.US,D,20140205,000000,23.4609,24.1812,23.4059,24.1055,3728995.1564883,0
UNM.US,D,20140206,000000,24.1733,24.7649,24.0367,24.7354,3279017.6912813,0
UNM.US,D,20140207,000000,24.7875,25.043,24.6626,24.9674,1957203.9897938,0
UNM.US,D,20140210,000000,24.9467,25.0362,24.5585,24.9163,2857997.4640161,0
UNM.US,D,20140211,000000,24.7432,25.213,24.7432,25.1334,1735516.0057851,0
UNM.US,D,20140212,000000,25.1727,25.5205,25.1491,25.4822,2094992.8163653,0
UNM.US,D,20140213,000000,25.1806,25.3869,25.0508,25.3703,2749992.2073918,0
UNM.US,D,20140214,000000,25.2935,25.556,25.2189,25.3977,1550622.1843146,0
UNM.US,D,20140218,000000,25.4754,25.8419,25.4066,25.6591,1704076.7188768,0
UNM.US,D,20140219,000000,25.5294,25.8654,25.3408,25.3623,2196256.1400651,0
UNM.US,D,20140220,000000,25.4134,25.5618,25.2336,25.4223,1797635.4125132,0
UNM.US,D,20140221,000000,25.4616,25.5294,25.2857,25.4066,1961077.1666558,0
UNM.US,D,20140224,000000,25.3977,25.8242,25.3869,25.6739,1789756.7642564,0
UNM.US,D,20140225,000000,25.6424,25.7407,25.4616,25.6424,1542058.6574378,0
UNM.US,D,20140226,000000,25.6886,25.7928,25.4616,25.7505,2291647.6218067,0
UNM.US,D,20140227,000000,25.7062,26.0365,25.6257,26.0296,2656846.679758,0
UNM.US,D,20140228,000000,26.0443,26.4531,26.0207,26.3391,2112743.6897239,0
UNM.US,D,20140303,000000,25.9057,26.289,25.8861,26.2635,3082732.2928816,0
UNM.US,D,20140304,000000,26.4472,26.8579,26.4472,26.7863,2382781.2548908,0
UNM.US,D,20140305,000000,26.7558,26.8511,26.6585,26.8009,1823740.1767966,0
UNM.US,D,20140306,000000,26.913,27.2421,26.8639,27.0063,2688013.2363986,0
UNM.US,D,20140307,000000,27.2333,27.4908,27.0496,27.2028,2818931.9061137,0
UNM.US,D,20140310,000000,27.1184,27.2903,26.9345,27.2658,1667614.3103209,0
UNM.US,D,20140311,000000,27.3159,27.3749,26.8579,26.9592,2539249.0518513,0
UNM.US,D,20140312,000000,26.7783,27.1597,26.6958,27.0132,1621751.8663805,0
UNM.US,D,20140313,000000,27.1242,27.1882,26.5356,26.6044,1768291.4674753,0
UNM.US,D,20140314,000000,26.52,26.7233,26.3038,26.4147,2700443.8342359,0
UNM.US,D,20140317,000000,26.6192,26.74,26.4924,26.5661,1329164.189263,0
UNM.US,D,20140318,000000,26.5739,26.7783,26.5356,26.7037,798814.74239471,0
UNM.US,D,20140319,000000,26.7085,26.8009,26.4531,26.747,1663374.779368,0
UNM.US,D,20140320,000000,26.683,27.1882,26.6447,26.9523,1774496.0810662,0
UNM.US,D,20140321,000000,27.2176,27.3326,26.9592,27.0014,3281157.8097628,0
UNM.US,D,20140324,000000,27.0496,27.1744,26.7332,27.0211,2170492.2886164,0
UNM.US,D,20140325,000000,27.2176,27.2481,26.7636,26.8246,1954218.2039523,0
UNM.US,D,20140326,000000,26.969,27.0289,26.4983,26.5062,3163407.5343182,0
UNM.US,D,20140327,000000,26.4394,26.628,25.9598,26.007,1626539.9108197,0
UNM.US,D,20140328,000000,26.0796,26.46,26.007,26.0796,1029863.0734282,0
UNM.US,D,20140331,000000,26.2723,26.8579,26.2261,26.74,2255643.1558646,0
UNM.US,D,20140401,000000,26.969,26.9935,26.5808,26.8324,1399006.5437592,0
UNM.US,D,20140402,000000,26.8422,26.9935,26.7332,26.8511,1907307.5802515,0
UNM.US,D,20140403,000000,26.8924,26.9267,26.4983,26.8088,2645994.4574628,0
UNM.US,D,20140404,000000,27.0132,27.0132,26.3391,26.3441,1324826.9638858,0
UNM.US,D,20140407,000000,26.2458,26.3313,25.6797,25.7849,2742859.4967703,0
UNM.US,D,20140408,000000,25.7574,26.0296,25.6257,25.8173,1822610.585016,0
UNM.US,D,20140409,000000,25.9519,26.1062,25.6797,26.0886,1004637.5589631,0
UNM.US,D,20140410,000000,26.1062,26.1337,25.4134,25.4223,1612413.9076613,0
UNM.US,D,20140411,000000,25.2484,25.6257,25.0508,25.0577,2788719.9054102,0
UNM.US,D,20140414,000000,25.3338,25.439,24.8288,25.1196,2125206.8523692,0
UNM.US,D,20140415,000000,25.2189,25.3781,24.8376,25.2189,2299472.3346001,0
UNM.US,D,20140416,000000,25.4822,25.7132,25.3623,25.7062,1787240.1151814,0
UNM.US,D,20140417,000000,25.6797,25.8173,25.5471,25.6886,1692649.5241887,0
UNM.US,D,20140421,000000,25.6493,25.7328,25.439,25.5078,979839.45760425,0
UNM.US,D,20140422,000000,25.5137,25.8773,25.3977,25.7928,1189931.316983,0
UNM.US,D,20140423,000000,25.7672,25.9136,25.6669,25.7623,1390647.5645831,0
UNM.US,D,20140424,000000,25.9166,25.9166,25.381,25.5019,2156308.2793936,0
UNM.US,D,20140425,000000,25.4489,25.4714,24.872,24.9997,2916409.5708734,0
UNM.US,D,20140428,000000,25.1599,25.2504,24.3826,24.649,4209917.3305808,0
UNM.US,D,20140429,000000,24.815,25.0587,24.7039,24.9997,1964761.0605707,0
UNM.US,D,20140430,000000,24.9939,25.2808,24.8092,25.2631,2437716.0508345,0
UNM.US,D,20140501,000000,25.2504,25.5598,25.1167,25.4489,2828531.4009479,0
UNM.US,D,20140502,000000,25.4341,25.8821,25.4006,25.5687,1511195.3605725,0
UNM.US,D,20140505,000000,25.3889,25.5991,25.2189,25.4645,1380805.8689888,0
UNM.US,D,20140506,000000,25.3506,25.4489,25.1678,25.1746,1579937.6351454,0
UNM.US,D,20140507,000000,25.3368,25.5835,25.1678,25.5687,1609899.2938868,0
UNM.US,D,20140508,000000,25.5167,26.0778,25.4086,25.8821,2462748.2117515,0
UNM.US,D,20140509,000000,25.7878,25.8281,25.3043,25.3506,3325745.1379366,0
UNM.US,D,20140512,000000,25.5245,26.0483,25.3368,26.0266,1700282.9187346,0
UNM.US,D,20140513,000000,26.0178,26.0413,25.8193,25.9097,1702474.937379,0
UNM.US,D,20140514,000000,25.8616,25.8911,25.3191,25.3731,1929328.5140706,0
UNM.US,D,20140515,000000,25.2808,25.2808,24.5575,24.8376,2478485.1552599,0
UNM.US,D,20140516,000000,24.8798,24.8798,24.5497,24.815,2206304.4186608,0
UNM.US,D,20140519,000000,24.7492,25.044,24.7423,25.0234,1536977.5297258,0
UNM.US,D,20140520,000000,25.037,25.2346,24.8465,25.0155,2040432.5157146,0
UNM.US,D,20140521,000000,25.1413,25.4006,25.099,25.2808,1414026.0438394,0
UNM.US,D,20140522,000000,25.2631,25.3565,25.1599,25.3043,1044630.1962458,0
UNM.US,D,20140523,000000,25.3043,25.5333,25.2149,25.4489,1336083.1933314,0
UNM.US,D,20140527,000000,25.5835,25.7878,25.5687,25.7593,1466059.5189125,0
UNM.US,D,20140528,000000,25.7535,25.8055,25.5333,25.5756,1646423.779108,0
UNM.US,D,20140529,000000,25.7455,25.8743,25.4341,25.6837,2616556.8886016,0
UNM.US,D,20140530,000000,25.6286,25.8821,25.5991,25.7878,1912131.2424495,0
UNM.US,D,20140602,000000,25.8979,26.1799,25.7092,26.1337,1613864.0592715,0
UNM.US,D,20140603,000000,26.0954,26.3096,26.0483,26.287,1674760.2503957,0
UNM.US,D,20140604,000000,26.2958,26.9454,26.2958,26.7332,1691003.98373,0
UNM.US,D,20140605,000000,26.7478,26.914,26.4462,26.6673,1664064.7462394,0
UNM.US,D,20140606,000000,26.6958,26.8766,26.6585,26.8176,1099259.6971136,0
UNM.US,D,20140609,000000,26.7478,27.2117,26.7478,27.0436,1527379.0525419,0
UNM.US,D,20140610,000000,26.9798,27.198,26.914,27.1616,2006449.1031744,0
UNM.US,D,20140611,000000,26.9454,26.9798,26.7478,26.7715,1347853.3361547,0
UNM.US,D,20140612,000000,26.7568,26.8649,26.4384,26.5346,1620258.9734597,0
UNM.US,D,20140613,000000,26.5661,26.74,26.4462,26.5268,1419043.0595855,0
UNM.US,D,20140616,000000,26.4915,26.5739,26.3028,26.4915,1300026.8272264,0
UNM.US,D,20140617,000000,26.5052,27.1066,26.5052,27.0682,1431865.45277,0
UNM.US,D,20140618,000000,26.9945,27.0516,26.7085,26.9209,1415834.4083385,0
UNM.US,D,20140619,000000,26.9611,26.9611,26.6103,26.8019,2195616.0380562,0
UNM.US,D,20140620,000000,26.9287,27.0987,26.8521,27.0024,2384723.9492233,0
UNM.US,D,20140623,000000,26.9798,26.9886,26.5877,26.8088,1591460.4889573,0
UNM.US,D,20140624,000000,26.7037,26.971,26.6192,26.6585,1663212.9729778,0
UNM.US,D,20140625,000000,26.5504,26.6192,26.3912,26.5268,2402221.427669,0
UNM.US,D,20140626,000000,26.5415,26.6742,26.2242,26.6447,1374911.6387249,0
UNM.US,D,20140627,000000,26.5504,26.6899,26.4462,26.628,2372795.0529606,0
UNM.US,D,20140630,000000,26.5877,26.7155,26.4295,26.4384,1598106.762758,0
UNM.US,D,20140701,000000,26.4915,26.8766,26.4915,26.7233,1098845.5134608,0
UNM.US,D,20140702,000000,26.7155,26.8727,26.459,26.5346,1252237.9713575,0
UNM.US,D,20140703,000000,26.7085,27.0839,26.7085,26.9798,936951.60535257,0
UNM.US,D,20140707,000000,26.8334,26.9287,26.683,26.7863,1435074.1040169,0
UNM.US,D,20140708,000000,26.6742,26.6899,26.4207,26.4855,1371176.8622973,0
UNM.US,D,20140709,000000,26.5956,26.7233,26.4915,26.5956,1695932.4639041,0
UNM.US,D,20140710,000000,26.2369,26.512,26.065,26.3912,1433592.4052489,0
UNM.US,D,20140711,000000,26.3224,26.5052,26.233,26.4295,1113389.770873,0
UNM.US,D,20140714,000000,26.7085,26.914,26.5052,26.5661,989156.04566813,0
UNM.US,D,20140715,000000,26.6742,26.8088,26.4767,26.6899,1686805.1587872,0
UNM.US,D,20140716,000000,26.8334,26.8521,26.459,26.4983,786036.10817099,0
UNM.US,D,20140717,000000,26.3519,26.628,26.1622,26.1927,1466761.6975869,0
UNM.US,D,20140718,000000,26.3165,26.4915,26.2172,26.4531,1741243.3414076,0
UNM.US,D,20140721,000000,26.3165,26.4137,26.2172,26.3431,1267973.8972157,0
UNM.US,D,20140722,000000,26.5808,26.5877,26.4207,26.4688,1215280.9847788,0
UNM.US,D,20140723,000000,26.5346,26.6673,26.4137,26.6192,1313417.069252,0
UNM.US,D,20140724,000000,26.7194,26.8707,26.5916,26.8294,1297416.5543281,0
UNM.US,D,20140725,000000,26.7194,26.9032,26.6624,26.738,1434762.7030396,0
UNM.US,D,20140728,000000,26.686,26.8294,26.3323,26.7685,1509762.5090167,0
UNM.US,D,20140729,000000,26.7843,26.8559,26.4492,26.4492,1372843.7734113,0
UNM.US,D,20140730,000000,26.4334,26.5631,26.2035,26.3253,2319085.5079212,0
UNM.US,D,20140731,000000,26.3048,27.25,26.1209,26.234,3942812.6334423,0
UNM.US,D,20140801,000000,26.1337,26.2723,25.6758,25.8281,2556702.7713362,0
UNM.US,D,20140804,000000,26.0423,26.2467,25.9107,26.2035,3397818.1817867,0
UNM.US,D,20140805,000000,26.1494,26.4089,25.9903,26.1131,2284225.8985134,0
UNM.US,D,20140806,000000,25.9755,26.345,25.9657,26.29,1451833.7860294,0
UNM.US,D,20140807,000000,26.4629,26.5996,25.9441,25.9962,1896137.8510774,0
UNM.US,D,20140808,000000,26.0188,26.1937,25.8821,26.1494,1745328.1895221,0
UNM.US,D,20140811,000000,26.234,26.4727,26.1494,26.29,1455846.380976,0
UNM.US,D,20140812,000000,26.227,26.5996,26.227,26.5013,1857944.4194416,0
UNM.US,D,20140813,000000,26.6231,26.7125,26.4423,26.515,1365143.2139488,0
UNM.US,D,20140814,000000,26.5366,26.8639,26.5366,26.8481,1065322.0788348,0
UNM.US,D,20140815,000000,26.9179,26.9582,26.3617,26.6231,1579990.5529586,0
UNM.US,D,20140818,000000,26.7292,26.9513,26.7292,26.8962,1628728.8765133,0
UNM.US,D,20140819,000000,26.9435,27.0358,26.799,26.8068,1130735.619431,0
UNM.US,D,20140820,000000,26.7292,26.9513,26.7292,26.8756,1132591.813492,0
UNM.US,D,20140821,000000,26.8756,26.9257,26.7292,26.8914,2773896.8118288,0
UNM.US,D,20140822,000000,26.8481,27.0829,26.8138,26.8216,1476840.5056901,0
UNM.US,D,20140825,000000,26.9867,27.2048,26.8962,27.1517,955571.55202704,0
UNM.US,D,20140826,000000,27.197,27.363,27.1665,27.3552,951811.33434315,0
UNM.US,D,20140827,000000,27.421,27.8082,27.3876,27.7797,3025397.8776419,0
UNM.US,D,20140828,000000,27.5959,27.7296,27.4868,27.6313,1508960.6006175,0
UNM.US,D,20140829,000000,27.6843,27.8003,27.6028,27.7148,1571426.0084315,0
UNM.US,D,20140902,000000,27.8003,28.1403,27.7541,28.1275,2470587.1716484,0
UNM.US,D,20140903,000000,28.3054,28.3909,27.9683,27.9753,2410439.9711101,0
UNM.US,D,20140904,000000,27.9683,28.0617,27.4348,27.479,2906607.563639,0
UNM.US,D,20140905,000000,27.4348,27.5075,26.911,27.2186,3375244.6638803,0
UNM.US,D,20140908,000000,27.2275,27.3787,27.1331,27.25,1702884.0327806,0
UNM.US,D,20140909,000000,27.1812,27.3188,26.968,27.2275,1689346.2314683,0
UNM.US,D,20140910,000000,27.3286,27.5488,27.2048,27.3719,2062887.9861917,0
UNM.US,D,20140911,000000,27.1812,27.3787,27.1419,27.3424,1317544.6586772,0
UNM.US,D,20140912,000000,27.3346,27.5006,27.25,27.4475,1548686.6135339,0
UNM.US,D,20140915,000000,27.3787,27.4623,27.1812,27.3552,1030880.7236809,0
UNM.US,D,20140916,000000,27.3021,27.6549,27.2795,27.5242,1599065.389296,0
UNM.US,D,20140917,000000,27.5959,27.6696,27.3286,27.5242,1458728.3664918,0
UNM.US,D,20140918,000000,27.6313,27.8524,27.6313,27.8219,1447590.1844755,0
UNM.US,D,20140919,000000,27.8838,27.9909,27.5488,27.5792,1870359.7525251,0
UNM.US,D,20140922,000000,27.4711,27.479,27.1252,27.1331,1856176.7609526,0
UNM.US,D,20140923,000000,27.0829,27.1252,26.6398,26.7125,1849724.8583502,0
UNM.US,D,20140924,000000,26.7125,26.9513,26.6919,26.8835,2070031.8909659,0
UNM.US,D,20140925,000000,26.744,26.8138,26.4334,26.4334,1654620.9518939,0
UNM.US,D,20140926,000000,26.5013,26.6477,26.3617,26.5848,1970816.0795745,0
UNM.US,D,20140929,000000,26.2978,26.6555,26.1937,26.5701,1283363.821988,0
UNM.US,D,20140930,000000,26.5848,26.6309,26.2635,26.2723,2382648.9603579,0
UNM.US,D,20141001,000000,26.2035,26.3323,25.8133,25.837,2980059.5235816,0
UNM.US,D,20141002,000000,25.8468,25.9657,25.4144,25.781,2817144.9122699,0
UNM.US,D,20141003,000000,26.0355,26.2467,26.0355,26.0748,1477500.9607041,0
UNM.US,D,20141006,000000,26.2035,26.227,25.8193,25.9824,1435116.8453276,0
UNM.US,D,20141007,000000,25.7712,25.9755,25.5087,25.5225,1997477.4985462,0
UNM.US,D,20141008,000000,25.4911,25.8281,25.27,25.8133,2663278.2293554,0
UNM.US,D,20141009,000000,25.7455,25.7878,25.3869,25.4754,3693577.874742,0
UNM.US,D,20141010,000000,25.4321,25.6356,25.3024,25.3408,2372489.7578848,0
UNM.US,D,20141013,000000,25.3545,25.5618,25.0479,25.0558,2289425.0736547,0
UNM.US,D,20141014,000000,25.1393,25.4144,25.039,25.0882,1941242.1455795,0
UNM.US,D,20141015,000000,24.6814,24.7128,23.8775,24.3935,3272616.6711915,0
UNM.US,D,20141016,000000,24.0859,24.7374,24.0034,24.5742,2513677.5363004,0
UNM.US,D,20141017,000000,24.817,25.1128,24.6646,25.0184,1755886.3108943,0
UNM.US,D,20141020,000000,25.0636,25.1796,24.8671,25.1393,1545917.5871962,0
UNM.US,D,20141021,000000,25.3162,25.7712,25.3024,25.7712,2150662.3557914,0
UNM.US,D,20141022,000000,25.7957,25.8821,25.5009,25.5009,1398323.7004396,0
UNM.US,D,20141023,000000,25.8133,25.8468,25.6208,25.7151,1588612.0858998,0
UNM.US,D,20141024,000000,25.6522,26.0128,25.6522,25.9176,1304207.3344647,0
UNM.US,D,20141027,000000,25.837,26.1642,25.7455,26.0788,1056026.8614263,0
UNM.US,D,20141028,000000,26.173,26.5455,26.1337,26.4492,1236464.39244,0
UNM.US,D,20141029,000000,26.458,26.6201,26.2497,26.518,1658960.2125716,0
UNM.US,D,20141030,000000,25.7888,26.1003,25.5078,25.6925,3994987.5619005,0
UNM.US,D,20141031,000000,26.1426,26.1426,25.557,25.6925,3520692.3262539,0
UNM.US,D,20141103,000000,25.6925,26.0512,25.6276,25.9126,2143730.1222697,0
UNM.US,D,20141104,000000,25.8753,26.1514,25.7465,25.9519,1757294.7388441,0
UNM.US,D,20141105,000000,26.4462,26.5042,25.9519,26.3411,2810352.0968328,0
UNM.US,D,20141106,000000,26.1662,26.1662,25.0597,25.6356,6438552.0487375,0
UNM.US,D,20141107,000000,25.4694,25.9372,25.4616,25.7967,3643162.4635708,0
UNM.US,D,20141110,000000,25.8203,26.1072,25.7309,26.1072,1585138.8455872,0
UNM.US,D,20141111,000000,26.1072,26.3834,26.0806,26.3568,2088208.1421302,0
UNM.US,D,20141112,000000,26.231,26.5739,26.2143,26.5111,2454208.0908304,0
UNM.US,D,20141113,000000,26.5042,26.8687,26.4522,26.8186,2714225.8716088,0
UNM.US,D,20141114,000000,26.8186,26.8275,26.2428,26.2585,1720372.352374,0
UNM.US,D,20141117,000000,26.1426,26.231,25.5981,26.0286,3514854.0667539,0
UNM.US,D,20141118,000000,25.9982,26.0806,25.8999,25.9372,1812684.4244508,0
UNM.US,D,20141119,000000,25.9372,26.1298,25.782,25.9982,1850883.961988,0
UNM.US,D,20141120,000000,25.7642,26.0138,25.7367,25.8694,1965192.5442779,0
UNM.US,D,20141121,000000,26.1298,26.2428,25.8753,25.9048,2135668.2969675,0
UNM.US,D,20141124,000000,25.9519,26.1347,25.8929,26.1161,1652844.1345526,0
UNM.US,D,20141125,000000,26.1347,26.2585,25.8203,25.9982,1909009.0914741,0
UNM.US,D,20141126,000000,26.0286,26.1003,25.7309,25.838,1261047.7695955,0
UNM.US,D,20141128,000000,25.8203,25.9598,25.4469,25.5078,968185.32690982,0
UNM.US,D,20141201,000000,25.3535,25.3918,25.0302,25.2837,2416191.7303386,0
UNM.US,D,20141202,000000,25.3683,25.5981,25.3083,25.557,1923494.3251717,0
UNM.US,D,20141203,000000,25.6129,25.8291,25.045,25.4469,5141207.7475773,0
UNM.US,D,20141204,000000,25.3968,25.6827,25.1688,25.268,2743293.015778,0
UNM.US,D,20141205,000000,25.4694,26.061,25.4694,25.8478,4034807.1986402,0
UNM.US,D,20141208,000000,25.7888,26.2762,25.7309,25.9598,2917257.273534,0
UNM.US,D,20141209,000000,25.5746,25.9844,25.4901,25.9372,3451236.6788538,0
UNM.US,D,20141210,000000,25.8929,25.9844,25.3683,25.3918,3435259.5698857,0
UNM.US,D,20141211,000000,25.4616,25.8065,25.3535,25.7151,3166497.1204855,0
UNM.US,D,20141212,000000,25.4517,25.5825,24.585,24.6028,4603989.161503,0
UNM.US,D,20141215,000000,24.7707,24.986,24.418,24.7865,4717710.559597,0
UNM.US,D,20141216,000000,24.6175,25.557,24.2392,25.0931,6020063.7353012,0
UNM.US,D,20141217,000000,25.2219,25.6925,25.0931,25.5382,4108112.6169464,0
UNM.US,D,20141218,000000,25.9284,26.3008,25.7721,26.293,3848789.8912907,0
UNM.US,D,20141219,000000,26.4522,27.0584,26.3656,26.9985,5075640.541793,0
UNM.US,D,20141222,000000,27.0348,27.0751,26.6054,26.8943,3370344.6779134,0
UNM.US,D,20141223,000000,27.0053,27.3886,26.9847,27.197,1838891.9714097,0
UNM.US,D,20141224,000000,27.2923,27.3346,26.966,27.1036,728186.76190345,0
UNM.US,D,20141226,000000,27.1242,27.3502,27.1184,27.1508,883437.44916172,0
UNM.US,D,20141229,000000,27.0663,27.3434,27.0123,27.2353,921421.24484543,0
UNM.US,D,20141230,000000,27.0829,27.4289,26.909,27.2874,1487614.3689159,0
UNM.US,D,20141231,000000,27.3346,27.4633,26.7656,26.7823,1532829.5872956,0
UNM.US,D,20150102,000000,26.9758,27.0348,26.4767,26.6742,1574636.6949789,0
UNM.US,D,20150105,000000,26.4049,26.518,25.7151,25.8291,1789313.0687462,0
UNM.US,D,20150106,000000,25.782,25.8478,25.2081,25.2778,3150268.651905,0
UNM.US,D,20150107,000000,25.4754,25.8929,25.2219,25.5147,2174333.9183205,0
UNM.US,D,20150108,000000,25.7721,26.0689,25.6454,25.9284,2740551.4659971,0
UNM.US,D,20150109,000000,25.9126,25.9126,25.3388,25.3476,2286497.2938776,0
UNM.US,D,20150112,000000,25.3476,25.4901,24.9309,25.0685,2494758.4004516,0
UNM.US,D,20150113,000000,25.2454,25.439,24.5693,24.7797,2029121.3331553,0
UNM.US,D,20150114,000000,24.3945,24.6175,24.194,24.4849,1959438.7497489,0
UNM.US,D,20150115,000000,24.5182,24.6941,24.0534,24.0702,2147878.0646999,0
UNM.US,D,20150116,000000,24.0338,24.4013,24.0338,24.3768,1445901.9027062,0
UNM.US,D,20150120,000000,24.5006,24.7099,24.022,24.1793,2004759.8037549,0
UNM.US,D,20150121,000000,24.1095,24.3698,23.8953,24.3099,1590046.9727562,0
UNM.US,D,20150122,000000,24.4082,25.0165,24.1556,24.986,2188350.0152516,0
UNM.US,D,20150123,000000,24.9093,25.0007,24.6323,24.6588,1744531.3693742,0
UNM.US,D,20150126,000000,24.5772,24.8788,24.418,24.7865,1559727.1011259,0
UNM.US,D,20150127,000000,24.4348,24.5261,24.2392,24.4475,2191572.913602,0
UNM.US,D,20150128,000000,24.6215,24.7069,23.9483,23.9631,2890423.8716696,0
UNM.US,D,20150129,000000,23.9886,24.365,23.8953,24.2569,2299383.7990281,0
UNM.US,D,20150130,000000,23.9336,24.3817,23.7105,23.9729,3771985.7914155,0
UNM.US,D,20150202,000000,24.0289,24.7001,23.9405,24.6646,2550337.3690052,0
UNM.US,D,20150203,000000,24.9752,25.4233,24.8986,25.3928,2682061.0000703,0
UNM.US,D,20150204,000000,25.3328,25.6954,24.9074,25.0057,5026209.1984161,0
UNM.US,D,20150205,000000,24.9683,25.4537,24.8986,25.3859,3409038.7934735,0
UNM.US,D,20150206,000000,25.6149,26.3057,25.5933,25.9028,2857128.3907003,0
UNM.US,D,20150209,000000,25.6778,25.9028,25.5638,25.8006,1865498.4372677,0
UNM.US,D,20150210,000000,26.0178,26.0659,25.7122,25.9028,1840105.010511,0
UNM.US,D,20150211,000000,25.8969,26.3469,25.833,26.2556,2685243.1924106,0
UNM.US,D,20150212,000000,26.3057,26.4767,26.1799,26.4364,2361182.6459265,0
UNM.US,D,20150213,000000,26.4668,26.8825,26.3469,26.8284,2296942.4560717,0
UNM.US,D,20150217,000000,26.6683,26.9257,26.4963,26.6457,2835840.1650631,0
UNM.US,D,20150218,000000,26.5661,26.6201,26.1209,26.1554,1842996.154879,0
UNM.US,D,20150219,000000,26.0571,26.3401,25.9156,26.2556,1425882.6869342,0
UNM.US,D,20150220,000000,26.0964,26.3057,25.6384,26.234,1992754.5837232,0
UNM.US,D,20150223,000000,26.1386,26.1799,25.7574,25.9028,1326720.8110062,0
UNM.US,D,20150224,000000,25.9028,26.4266,25.8006,26.3057,2296269.7892547,0
UNM.US,D,20150225,000000,26.3116,26.3814,26.0257,26.1484,1495255.9046638,0
UNM.US,D,20150226,000000,26.0659,26.1937,25.7574,25.9411,2236159.2241255,0
UNM.US,D,20150227,000000,25.948,26.2398,25.8881,25.9028,1592801.7519904,0
UNM.US,D,20150302,000000,25.9411,26.2733,25.776,26.1337,2076389.1520948,0
UNM.US,D,20150303,000000,25.8969,26.1337,25.776,26.002,1965613.8514825,0
UNM.US,D,20150304,000000,25.8576,25.948,25.6641,25.833,1672927.4622905,0
UNM.US,D,20150305,000000,25.9234,26.0659,25.776,25.8969,1507993.8328774,0
UNM.US,D,20150306,000000,25.9725,26.7508,25.9725,26.2124,3608865.6147527,0
UNM.US,D,20150309,000000,26.173,26.2035,25.9322,25.9883,2395765.4544655,0
UNM.US,D,20150310,000000,25.6552,25.7328,25.2916,25.2916,2426985.9465695,0
UNM.US,D,20150311,000000,25.3928,25.492,25.2454,25.4331,2717989.1422435,0
UNM.US,D,20150312,000000,25.5402,25.8576,25.5009,25.8419,1727736.0696029,0
UNM.US,D,20150313,000000,25.8576,26.1937,25.3859,25.6778,3879271.5693111,0
UNM.US,D,20150316,000000,25.833,26.234,25.6778,26.1799,2456529.351057,0
UNM.US,D,20150317,000000,26.0178,26.2398,25.9322,26.0964,1408099.2487674,0
UNM.US,D,20150318,000000,26.0335,26.5415,25.8674,26.0659,2388249.0896988,0
UNM.US,D,20150319,000000,26.0335,26.0659,25.5235,25.8006,1209870.138385,0
UNM.US,D,20150320,000000,25.9805,26.3892,25.8733,26.2556,2473113.9972259,0
UNM.US,D,20150323,000000,26.291,26.6054,26.1799,26.1799,1422994.5955169,0
UNM.US,D,20150324,000000,26.1554,26.234,25.7574,25.7574,1903420.156286,0
UNM.US,D,20150325,000000,25.7849,25.8733,25.6463,25.6778,2011740.8844887,0
UNM.US,D,20150326,000000,25.6296,25.8095,25.5235,25.7407,1649218.2467021,0
UNM.US,D,20150327,000000,25.6856,25.7407,25.4636,25.6149,1287344.8697767,0
UNM.US,D,20150330,000000,25.7407,26.0738,25.7328,25.9637,1433495.7284749,0
UNM.US,D,20150331,000000,25.8576,26.1937,25.7928,26.0335,2139564.8797852,0
UNM.US,D,20150401,000000,25.9952,25.9952,25.7122,25.7623,1034827.1713611,0
UNM.US,D,20150402,000000,25.7672,26.0571,25.6641,25.9883,1309502.1687297,0
UNM.US,D,20150406,000000,25.6719,26.0403,25.5933,25.8881,1444764.1697236,0
UNM.US,D,20150407,000000,25.8733,26.0109,25.608,25.6218,1466680.2855667,0
UNM.US,D,20150408,000000,25.6719,25.8095,25.55,25.6954,1909381.5514666,0
UNM.US,D,20150409,000000,25.6954,26.1043,25.6001,26.0738,1569121.030609,0
UNM.US,D,20150410,000000,26.0659,26.1554,25.8674,26.1484,1862737.552132,0
UNM.US,D,20150413,000000,26.0738,26.3637,25.9549,26.1937,1759602.7696173,0
UNM.US,D,20150414,000000,26.1554,26.3716,25.9087,26.0483,1495682.3001197,0
UNM.US,D,20150415,000000,26.1386,26.4442,26.0483,26.3637,1854365.3435027,0
UNM.US,D,20150416,000000,26.291,26.3637,26.0571,26.2645,1372692.1435237,0
UNM.US,D,20150417,000000,26.0483,26.1043,25.7122,25.8508,1475992.8030296,0
UNM.US,D,20150420,000000,25.9322,26.0257,25.8173,25.8783,1175913.1847514,0
UNM.US,D,20150421,000000,25.9087,26.0178,25.5402,25.6954,1237579.737117,0
UNM.US,D,20150422,000000,25.6954,26.0788,25.5087,25.9952,1807705.0617641,0
UNM.US,D,20150423,000000,25.9912,26.1849,25.8536,26.1357,1220313.2652787,0
UNM.US,D,20150424,000000,26.062,26.1907,25.9451,26.1249,1301127.9247999,0
UNM.US,D,20150427,000000,26.1691,26.2458,25.8694,25.9195,1823963.0422019,0
UNM.US,D,20150428,000000,25.9038,26.3038,25.8694,26.2084,1584473.3023219,0
UNM.US,D,20150429,000000,26.3441,26.7105,26.1308,26.4167,2420643.9501944,0
UNM.US,D,20150430,000000,26.6103,27.0702,26.3951,26.4963,3194474.361234,0
UNM.US,D,20150501,000000,26.6899,26.8756,26.5494,26.6447,2446044.5005029,0
UNM.US,D,20150504,000000,26.7105,27.0063,26.6968,26.9778,1832212.1151507,0
UNM.US,D,20150505,000000,26.9189,27.1705,26.8049,26.9042,1495444.1699605,0
UNM.US,D,20150506,000000,27.0436,27.137,26.6742,26.8373,2114522.5423657,0
UNM.US,D,20150507,000000,26.8118,27.0142,26.6899,26.8629,2702915.7066998,0
UNM.US,D,20150508,000000,26.9778,27.1007,26.683,26.8756,2114307.8181623,0
UNM.US,D,20150511,000000,26.8972,27.1625,26.8835,27.0309,1231014.8753365,0
UNM.US,D,20150512,000000,26.9189,27.0614,26.7351,26.8049,2208738.6380653,0
UNM.US,D,20150513,000000,26.742,27.0063,26.7047,26.9444,1749327.5550154,0
UNM.US,D,20150514,000000,27.0702,27.1214,26.8914,27.0436,1328873.1412907,0
UNM.US,D,20150515,000000,27.0614,27.1862,26.6585,26.7666,1747012.4006904,0
UNM.US,D,20150518,000000,26.7666,27.2028,26.7666,27.1459,3070946.8853045,0
UNM.US,D,20150519,000000,27.3159,27.363,27.0063,27.137,1369529.2865381,0
UNM.US,D,20150520,000000,27.1459,27.2726,26.8914,27.1134,1612125.9126398,0
UNM.US,D,20150521,000000,27.0436,27.9222,27.0063,27.1076,2828834.6607232,0
UNM.US,D,20150522,000000,27.1547,27.2569,27.0791,27.1007,1105567.0933801,0
UNM.US,D,20150526,000000,27.0535,27.0702,26.7597,26.797,1319537.217872,0
UNM.US,D,20150527,000000,26.8461,27.3876,26.8049,27.3159,2630541.4383748,0
UNM.US,D,20150528,000000,27.1705,27.3552,27.137,27.3336,1487717.1515914,0
UNM.US,D,20150529,000000,27.2991,27.3424,27.0063,27.1134,2556406.6351126,0
UNM.US,D,20150601,000000,27.2028,27.2844,27.0142,27.1214,1965458.1509938,0
UNM.US,D,20150602,000000,27.1459,27.6991,27.0309,27.5822,2008050.8846722,0
UNM.US,D,20150603,000000,27.7669,28.0774,27.6735,27.931,2362883.1394989,0
UNM.US,D,20150604,000000,27.7521,27.9468,27.6598,27.706,1893451.2544101,0
UNM.US,D,20150605,000000,27.9683,28.2121,27.8377,27.9929,1952887.1174217,0
UNM.US,D,20150608,000000,27.9378,28.1963,27.8377,27.8602,1479974.8684686,0
UNM.US,D,20150609,000000,27.8602,28.1541,27.8062,27.9771,1374047.6536603,0
UNM.US,D,20150610,000000,28.1177,28.552,27.9861,28.5382,2850072.0038477,0
UNM.US,D,20150611,000000,28.5284,28.7614,28.4498,28.6297,1688363.1813242,0
UNM.US,D,20150612,000000,28.4724,28.6749,28.4253,28.6365,1801654.1133613,0
UNM.US,D,20150615,000000,28.2454,28.6591,28.2179,28.4175,1411641.6892972,0
UNM.US,D,20150616,000000,28.3408,28.6906,28.2622,28.5815,1370128.682537,0
UNM.US,D,20150617,000000,28.6975,28.7525,28.3408,28.3643,1572550.5119608,0
UNM.US,D,20150618,000000,28.5206,28.6042,28.3172,28.5039,2431083.0064871,0
UNM.US,D,20150619,000000,28.39,28.5117,28.2701,28.3408,2310666.4873803,0
UNM.US,D,20150622,000000,28.5953,28.6975,28.5117,28.6208,1107113.9217643,0
UNM.US,D,20150623,000000,28.7122,28.8282,28.3722,28.8134,2132944.0472409,0
UNM.US,D,20150624,000000,28.6818,28.7849,28.5206,28.5206,889093.54926648,0
UNM.US,D,20150625,000000,28.5737,28.612,28.1806,28.2229,1786056.5879374,0
UNM.US,D,20150626,000000,28.3722,28.6208,28.2033,28.5206,2253423.6606633,0
UNM.US,D,20150629,000000,28.1295,28.2121,27.6057,27.6332,2611331.2545538,0
UNM.US,D,20150630,000000,27.9988,28.1177,27.5989,27.7266,2503824.6465533,0
UNM.US,D,20150701,000000,28.1875,28.1875,27.7846,27.9929,1541344.2669603,0
UNM.US,D,20150702,000000,27.9605,28.0705,27.8209,27.9378,1670018.0002179,0
UNM.US,D,20150706,000000,27.6332,27.9546,27.5439,27.7846,2200304.3527706,0
UNM.US,D,20150707,000000,27.7669,27.8838,27.363,27.874,2085170.4561258,0
UNM.US,D,20150708,000000,27.5822,27.6057,27.0063,27.0791,1277816.6104603,0
UNM.US,D,20150709,000000,27.5271,27.5989,27.3071,27.4417,1854129.248644,0
UNM.US,D,20150710,000000,27.7758,27.8838,27.5359,27.8131,1239654.7259823,0
UNM.US,D,20150713,000000,28.0705,28.1541,27.931,28.0922,1409968.6722817,0
UNM.US,D,20150714,000000,27.9546,28.1295,27.8691,28.0774,991366.3820171,0
UNM.US,D,20150715,000000,28.0539,28.2454,27.9546,28.1963,1108753.3563215,0
UNM.US,D,20150716,000000,28.4175,28.4724,28.2789,28.4027,941695.89083087,0
UNM.US,D,20150717,000000,28.3104,28.4175,27.9222,28.2121,1349886.6013597,0
UNM.US,D,20150720,000000,28.2966,28.5284,28.0705,28.1364,1893839.9968067,0
UNM.US,D,20150721,000000,28.1452,28.3722,28.0539,28.1639,1357238.1067855,0
UNM.US,D,20150722,000000,28.1452,28.6906,28.0627,28.1639,1849877.5058881,0
UNM.US,D,20150723,000000,28.1639,28.2622,27.9929,28.0774,1882107.5070428,0
UNM.US,D,20150724,000000,28.4253,29.5898,28.1963,29.1711,4269358.2818436,0
UNM.US,D,20150727,000000,28.7614,28.894,28.5206,28.6591,2255745.9385401,0
UNM.US,D,20150728,000000,28.8282,28.9009,28.4331,28.5815,1817385.9686184,0
UNM.US,D,20150729,000000,28.6316,29.2635,28.5079,29.2016,2248135.9499501,0
UNM.US,D,20150730,000000,28.8665,29.2016,27.8917,28.1373,3225648.0414263,0
UNM.US,D,20150731,000000,28.1187,28.2061,27.8131,27.9388,2233642.5750505,0
UNM.US,D,20150803,000000,27.9468,28.0647,27.5714,27.7994,1921661.5370665,0
UNM.US,D,20150804,000000,27.7443,27.9929,27.6588,27.7443,1424953.5722534,0
UNM.US,D,20150805,000000,27.8307,27.9693,27.5891,27.6893,1215468.2324253,0
UNM.US,D,20150806,000000,27.6422,27.7345,27.3394,27.5163,1146862.3229863,0
UNM.US,D,20150807,000000,27.426,27.5497,27.1252,27.3542,1391600.0852197,0
UNM.US,D,20150810,000000,27.7256,28.385,27.6805,28.2641,2051353.938227,0
UNM.US,D,20150811,000000,27.874,28.1305,27.7345,27.8377,1967964.6235664,0
UNM.US,D,20150812,000000,27.5497,27.8209,27.0829,27.7904,2831050.0853234,0
UNM.US,D,20150813,000000,27.8377,28.2199,27.8377,28.0715,1701529.5402942,0
UNM.US,D,20150814,000000,28.1305,28.4921,27.9929,28.1826,2110620.8712967,0
UNM.US,D,20150817,000000,27.9781,28.2061,27.8995,28.2061,1328101.7623992,0
UNM.US,D,20150818,000000,28.1895,28.3427,28.1373,28.2317,920549.11857882,0
UNM.US,D,20150819,000000,28.0942,28.156,27.6332,27.7109,2004146.1606525,0
UNM.US,D,20150820,000000,27.4328,27.4691,27.028,27.028,2376549.164743,0
UNM.US,D,20150821,000000,26.685,26.7921,26.1013,26.1082,2526123.3988914,0
UNM.US,D,20150824,000000,24.819,25.777,23.2368,24.8268,4311975.4391281,0
UNM.US,D,20150825,000000,25.6709,25.7181,24.7983,24.8042,5615537.5833325,0
UNM.US,D,20150826,000000,25.4989,25.6768,25.157,25.607,6839599.8721423,0
UNM.US,D,20150827,000000,25.9097,26.3794,25.7112,26.3548,3745570.643805,0
UNM.US,D,20150828,000000,26.2172,26.5032,25.9962,26.177,1882920.6095947,0
UNM.US,D,20150831,000000,25.9264,26.3706,25.8428,26.1436,2564353.4659363,0
UNM.US,D,20150901,000000,25.1864,25.6463,25.0783,25.1943,2435941.2687937,0
UNM.US,D,20150902,000000,25.6463,25.6542,25.1393,25.5078,1268322.9512524,0
UNM.US,D,20150903,000000,25.5677,25.9903,25.556,25.6542,1766054.6722197,0
UNM.US,D,20150904,000000,25.2808,25.438,25.0302,25.1393,1991322.7498176,0
UNM.US,D,20150908,000000,25.7024,25.8901,25.4459,25.8508,2197208.6607017,0
UNM.US,D,20150909,000000,26.1995,26.2968,25.4292,25.4754,1755919.8933526,0
UNM.US,D,20150910,000000,25.3741,25.7849,25.2965,25.556,1784347.9531631,0
UNM.US,D,20150911,000000,25.3201,25.5677,25.2631,25.5618,1214187.0107571,0
UNM.US,D,20150914,000000,25.4989,25.5913,25.2484,25.3043,1041521.2747236,0
UNM.US,D,20150915,000000,25.4606,25.777,25.3378,25.7181,1255751.9176802,0
UNM.US,D,20150916,000000,25.7024,25.8016,25.5294,25.7024,2183997.5251206,0
UNM.US,D,20150917,000000,25.7112,25.834,25.0243,25.0931,2485499.8184521,0
UNM.US,D,20150918,000000,24.6794,24.9457,24.5094,24.6548,3989561.4507529,0
UNM.US,D,20150921,000000,24.7432,25.0931,24.6971,24.8337,1894209.4038484,0
UNM.US,D,20150922,000000,24.4681,24.6332,24.2902,24.4839,1825963.7425988,0
UNM.US,D,20150923,000000,24.5409,24.6971,24.3993,24.5006,1283310.9041748,0
UNM.US,D,20150924,000000,24.2136,24.5546,24.0957,24.4907,1377465.9408593,0
UNM.US,D,20150925,000000,24.9949,25.1796,24.7826,24.9536,2385526.8752727,0
UNM.US,D,20150928,000000,24.6794,24.812,24.3139,24.3836,1864136.8212295,0
UNM.US,D,20150929,000000,24.4249,24.6185,24.2579,24.5782,1127979.8225466,0
UNM.US,D,20150930,000000,24.8976,25.0165,24.7049,25.0067,1885611.276863,0
UNM.US,D,20151001,000000,25.0007,25.3043,24.9064,25.2631,2184765.8510614,0
UNM.US,D,20151002,000000,24.6893,25.0165,24.3365,24.9064,2589367.3091488,0
UNM.US,D,20151005,000000,25.0783,25.556,24.9594,25.5137,1612659.1613722,0
UNM.US,D,20151006,000000,25.4606,25.6375,25.3378,25.4016,1393527.5147984,0
UNM.US,D,20151007,000000,25.6542,25.8586,25.4754,25.7407,1388819.8647292,0
UNM.US,D,20151008,000000,25.6218,25.8733,25.5373,25.8252,1321302.8410606,0
UNM.US,D,20151009,000000,25.8016,25.9962,25.5078,25.7024,1140811.3745835,0
UNM.US,D,20151012,000000,25.6945,25.8586,25.5991,25.8105,595596.09282305,0
UNM.US,D,20151013,000000,25.6542,25.7928,25.5137,25.5471,856408.65844881,0
UNM.US,D,20151014,000000,25.4989,25.6709,25.2022,25.2729,1338749.4369936,0
UNM.US,D,20151015,000000,25.4292,25.7181,25.2877,25.7024,1050370.7613215,0
UNM.US,D,20151016,000000,25.834,25.8979,25.4812,25.7682,1250745.0784367,0
UNM.US,D,20151019,000000,25.6296,25.7269,25.4754,25.556,1285292.2692169,0
UNM.US,D,20151020,000000,25.5618,25.9824,25.4292,25.8901,1714734.5699738,0
UNM.US,D,20151021,000000,25.95,26.1082,25.5991,25.6296,1354784.5520261,0
UNM.US,D,20151022,000000,25.7623,26.0915,25.7574,25.9097,1730010.5179178,0
UNM.US,D,20151023,000000,26.1347,26.2713,25.9264,26.1436,2008766.2927999,0
UNM.US,D,20151026,000000,26.0915,26.1995,25.8586,25.9903,1068842.1310591,0
UNM.US,D,20151027,000000,25.7623,25.8428,25.556,25.6945,1545025.1079245,0
UNM.US,D,20151028,000000,25.8143,26.7636,25.551,26.7568,1867002.5243413,0
UNM.US,D,20151029,000000,26.9582,27.4377,26.8747,27.1292,2806995.8862993,0
UNM.US,D,20151030,000000,27.1724,27.5625,27.0309,27.1635,2431962.2563054,0
UNM.US,D,20151102,000000,27.2038,27.6981,27.0436,27.6412,1936122.347158,0
UNM.US,D,20151103,000000,27.5802,27.6883,27.2658,27.3591,1634884.6428922,0
UNM.US,D,20151104,000000,27.3915,27.4377,27.0436,27.1076,1193012.7619483,0
UNM.US,D,20151105,000000,27.0849,27.1469,26.9169,27.0368,1162470.0249126,0
UNM.US,D,20151106,000000,27.87,28.3722,27.5625,28.2936,2360150.7485702,0
UNM.US,D,20151109,000000,28.2857,28.2857,27.8445,28.1845,2869167.1931902,0
UNM.US,D,20151110,000000,28.0804,28.8242,28.0165,28.7702,2934557.3278306,0
UNM.US,D,20151111,000000,28.8478,28.9431,28.5284,28.6848,2052725.7307677,0
UNM.US,D,20151112,000000,28.3457,28.5206,28.1502,28.1845,2013818.9263048,0
UNM.US,D,20151113,000000,28.1118,28.4096,28.0411,28.0961,1637640.4397766,0
UNM.US,D,20151116,000000,28.0263,28.6848,27.9232,28.6848,1408919.4748711,0
UNM.US,D,20151117,000000,28.7869,28.951,28.552,28.6051,1558041.8723074,0
UNM.US,D,20151118,000000,28.6848,28.8567,28.5884,28.8164,2018025.8924496,0
UNM.US,D,20151119,000000,28.7309,28.9206,28.4714,28.7466,1433153.79799,0
UNM.US,D,20151120,000000,28.78,29.1456,28.7083,29.0984,2512201.9434339,0
UNM.US,D,20151123,000000,29.0375,29.2094,28.7937,28.8321,1804617.5108972,0
UNM.US,D,20151124,000000,28.5963,28.8321,28.4961,28.7634,1602941.6191087,0
UNM.US,D,20151125,000000,28.8095,28.8723,28.5963,28.7387,1115652.0073848,0
UNM.US,D,20151127,000000,28.7869,28.9756,28.7083,28.9206,487670.21291843,0
UNM.US,D,20151130,000000,28.9579,29.0434,28.7387,28.7554,2147248.1391935,0
UNM.US,D,20151201,000000,28.9284,29.123,28.5579,29.1073,2073971.2150943,0
UNM.US,D,20151202,000000,29.1623,29.2094,28.7387,28.8164,1753883.5751969,0
UNM.US,D,20151203,000000,28.4489,28.668,28.2013,28.3398,2713577.6283978,0
UNM.US,D,20151204,000000,28.4714,28.9206,28.3457,28.8567,2150311.2664542,0
UNM.US,D,20151207,000000,28.7702,28.9028,28.2416,28.4626,1300108.2392466,0
UNM.US,D,20151208,000000,28.1845,28.2346,27.8445,28.0342,1275399.69111,0
UNM.US,D,20151209,000000,27.9477,28.2268,27.4063,27.5478,1103917.4823204,0
UNM.US,D,20151210,000000,27.5242,27.8131,27.4593,27.5321,1222552.0958347,0
UNM.US,D,20151211,000000,27.0142,27.2343,26.4668,26.6142,1644399.6727553,0
UNM.US,D,20151214,000000,26.6555,26.7793,25.948,26.1072,2767283.1028362,0
UNM.US,D,20151215,000000,26.4177,26.6722,26.2703,26.5681,2776767.6031918,0
UNM.US,D,20151216,000000,26.7478,26.9513,26.175,26.5111,2633515.0124134,0
UNM.US,D,20151217,000000,26.6074,26.7145,25.9077,25.9234,3044643.6792218,0
UNM.US,D,20151218,000000,25.7072,25.7535,25.1579,25.1658,4420655.39787,0
UNM.US,D,20151221,000000,25.3908,25.5245,25.0165,25.3063,2141632.7450988,0
UNM.US,D,20151222,000000,25.4764,25.7072,25.1874,25.611,1321595.9243334,0
UNM.US,D,20151223,000000,25.8143,26.2232,25.6493,26.1829,1627432.3900913,0
UNM.US,D,20151224,000000,26.1288,26.3794,26.0423,26.2074,574012.74861258,0
UNM.US,D,20151228,000000,26.0796,26.2792,25.9725,26.1986,948872.36041322,0
UNM.US,D,20151229,000000,26.4177,26.5887,26.2703,26.4256,790562.6164952,0
UNM.US,D,20151230,000000,26.3951,26.5111,26.2527,26.2792,820292.25097889,0
UNM.US,D,20151231,000000,26.0748,26.4177,25.5648,26.0993,1084685.9278441,0
UNM.US,D,20160104,000000,25.3673,25.6739,25.2749,25.6739,1652332.2564755,0
UNM.US,D,20160105,000000,25.493,25.7357,25.384,25.5412,1301774.1327104,0
UNM.US,D,20160106,000000,25.0862,25.1658,24.6774,24.8425,1575321.573599,0
UNM.US,D,20160107,000000,24.2392,24.5752,24.0446,24.1517,1801846.449259,0
UNM.US,D,20160108,000000,24.3807,24.4799,23.7911,23.849,2540096.7545119,0
UNM.US,D,20160111,000000,23.9798,24.2323,23.455,23.7056,3046569.0735,0
UNM.US,D,20160112,000000,23.9886,24.0357,23.2683,23.6683,2633603.5479853,0
UNM.US,D,20160113,000000,23.9198,23.9974,22.8527,22.944,2240535.1202123,0
UNM.US,D,20160114,000000,23.0796,23.2476,22.5313,23.1121,2784062.1202034,0
UNM.US,D,20160115,000000,22.438,22.6168,21.8582,22.2788,3230910.3108833,0
UNM.US,D,20160119,000000,22.5618,22.6875,21.8789,22.0833,3324768.1936939,0
UNM.US,D,20160120,000000,21.5899,21.697,20.7124,21.4809,3693713.2222256,0
UNM.US,D,20160121,000000,21.4975,22.1274,21.4013,21.7383,3358794.3475447,0
UNM.US,D,20160122,000000,22.0833,22.438,21.8828,21.9663,3186384.0417247,0
UNM.US,D,20160125,000000,21.8484,22.0223,21.4406,21.4534,3194245.3899271,0
UNM.US,D,20160126,000000,21.6116,22.1324,21.6116,21.8022,1953643.2315595,0
UNM.US,D,20160127,000000,21.7973,22.4685,21.7285,21.8985,2622096.9765776,0
UNM.US,D,20160128,000000,22.1068,22.4212,21.8906,22.3426,2817388.1306803,0
UNM.US,D,20160129,000000,22.4026,22.6099,21.987,22.605,4296019.7008153,0
UNM.US,D,20160201,000000,22.4114,22.7524,22.206,22.4851,2963951.1377309,0
UNM.US,D,20160202,000000,22.0567,22.0567,21.586,21.6558,3439731.1250963,0
UNM.US,D,20160203,000000,22.1629,22.4301,20.7331,21.1969,4955536.4413137,0
UNM.US,D,20160204,000000,21.0652,21.8366,21.0652,21.8061,4666849.417615,0
UNM.US,D,20160205,000000,21.7334,22.1923,21.7147,21.8444,3078450.020618,0
UNM.US,D,20160208,000000,21.5516,21.5516,20.5592,20.7085,3462096.0247009,0
UNM.US,D,20160209,000000,19.9823,20.7567,19.9823,20.6544,3322608.7398576,0
UNM.US,D,20160210,000000,20.8117,21.0465,20.3695,20.3871,3199906.5782831,0
UNM.US,D,20160211,000000,19.6973,19.7061,18.9328,18.9928,6472631.1204014,0
UNM.US,D,20160212,000000,19.4241,19.9872,19.374,19.8418,6089490.8884942,0
UNM.US,D,20160216,000000,20.6544,21.0082,20.1483,20.9747,3588696.8043936,0
UNM.US,D,20160217,000000,21.3,21.8837,21.3,21.7079,4056928.8798343,0
UNM.US,D,20160218,000000,21.813,21.813,21.4484,21.6066,3181850.4098487,0
UNM.US,D,20160219,000000,21.4366,21.756,21.0563,21.7147,2658703.8914693,0
UNM.US,D,20160222,000000,21.7235,22.1451,21.7235,22.1216,2026045.9940915,0
UNM.US,D,20160223,000000,21.9948,22.0969,21.7894,21.979,2284637.0292155,0
UNM.US,D,20160224,000000,21.6018,21.987,21.2627,21.9182,1686991.3887835,0
UNM.US,D,20160225,000000,21.9397,22.3731,21.9084,22.3574,1680442.809407,0
UNM.US,D,20160226,000000,23.1101,23.1101,22.5549,22.8232,1901238.3141441,0
UNM.US,D,20160229,000000,22.7603,22.9568,22.489,22.5166,2023609.7393865,0
UNM.US,D,20160301,000000,22.7082,23.8019,22.664,23.7852,2305122.3288033,0
UNM.US,D,20160302,000000,23.8097,24.1183,23.7694,24.0319,2132354.8277445,0
UNM.US,D,20160303,000000,23.9346,24.4091,23.8933,24.4023,2180508.0024039,0
UNM.US,D,20160304,000000,24.4947,24.757,24.2952,24.5428,2464466.0053781,0
UNM.US,D,20160307,000000,24.3698,24.8268,24.3207,24.8268,1776157.903929,0
UNM.US,D,20160308,000000,24.4789,24.6293,23.8334,24.0377,2351974.9464397,0
UNM.US,D,20160309,000000,24.2284,24.2991,23.8589,24.133,1862561.4986383,0
UNM.US,D,20160310,000000,24.2912,24.5035,23.7626,24.133,2201123.561224,0
UNM.US,D,20160311,000000,24.4416,25.0725,24.3954,25.0017,1720122.0104118,0
UNM.US,D,20160314,000000,24.7413,25.665,24.7413,25.2159,4573006.7995582,0
UNM.US,D,20160315,000000,24.9968,25.0017,24.5831,24.8828,1542842.2481324,0
UNM.US,D,20160316,000000,24.8435,25.3555,24.6814,25.1904,2813533.2715229,0
UNM.US,D,20160317,000000,25.1196,25.5304,24.8523,25.3633,2493983.9686092,0
UNM.US,D,20160318,000000,25.4006,25.6974,25.0322,25.557,3625097.136284,0
UNM.US,D,20160321,000000,25.5923,25.7721,25.3083,25.5078,2231964.4697837,0
UNM.US,D,20160322,000000,25.2209,25.4989,25.1058,25.3172,3584759.5155657,0
UNM.US,D,20160323,000000,25.2159,25.3721,24.8897,24.9299,2706042.9459265,0
UNM.US,D,20160324,000000,24.5428,24.5831,23.9424,24.308,3136781.7331054,0
UNM.US,D,20160328,000000,24.4632,24.7717,24.308,24.646,2127042.6934252,0
UNM.US,D,20160329,000000,24.4721,24.5359,24.1418,24.4868,2451311.8582111,0
UNM.US,D,20160330,000000,24.6588,25.2778,24.5222,24.6951,2563720.4874791,0
UNM.US,D,20160331,000000,24.6764,24.8435,24.3728,24.4023,3260903.5167824,0
UNM.US,D,20160401,000000,24.2912,24.8042,23.9218,24.7482,2474689.3198172,0
UNM.US,D,20160404,000000,24.7118,24.869,24.4751,24.5575,2111060.4962058,0
UNM.US,D,20160405,000000,24.308,24.5575,24.0849,24.2038,3412341.0685436,0
UNM.US,D,20160406,000000,24.2205,24.6528,24.1418,24.3866,1740486.2096195,0
UNM.US,D,20160407,000000,23.8893,24.2765,23.5641,23.8245,3692203.0292505,0
UNM.US,D,20160408,000000,24.1418,24.4268,24.0191,24.1488,1893196.8418469,0
UNM.US,D,20160411,000000,24.3866,24.8042,24.2765,24.4416,2203940.4171236,0
UNM.US,D,20160412,000000,24.5507,24.9968,24.4229,24.9546,1723413.0913292,0
UNM.US,D,20160413,000000,25.2277,25.6149,25.2277,25.557,1763542.0937457,0
UNM.US,D,20160414,000000,25.5382,25.8704,25.4105,25.5923,1139593.2472309,0
UNM.US,D,20160415,000000,25.5382,25.6316,25.3024,25.4989,1538472.4579471,0
UNM.US,D,20160418,000000,25.3024,25.8105,25.3024,25.8065,1401131.3974869,0
UNM.US,D,20160419,000000,25.9077,26.2182,25.8203,26.1347,1473929.008317,0
UNM.US,D,20160420,000000,26.1602,26.6909,26.1171,26.6192,1672243.6013207,0
UNM.US,D,20160421,000000,26.6526,26.8324,26.4875,26.515,1301816.874021,0
UNM.US,D,20160422,000000,26.572,26.9758,26.5474,26.7695,1536929.7001639,0
UNM.US,D,20160425,000000,26.6103,26.628,26.2635,26.5228,1042850.3259537,0
UNM.US,D,20160426,000000,26.6359,26.9758,26.5877,26.8511,2161691.6492307,0
UNM.US,D,20160427,000000,26.7881,27.3099,26.7813,27.0987,2963889.0610655,0
UNM.US,D,20160428,000000,26.973,27.8504,26.8924,27.2579,2326983.4915328,0
UNM.US,D,20160429,000000,27.1439,27.3149,26.973,27.1439,3298659.3588095,0
UNM.US,D,20160502,000000,27.2421,27.2421,26.8707,27.1616,2676148.4521018,0
UNM.US,D,20160503,000000,26.7017,26.8373,26.3116,26.6782,1935447.6450404,0
UNM.US,D,20160504,000000,26.4157,26.6299,26.227,26.4482,1437372.9759379,0
UNM.US,D,20160505,000000,26.4737,26.6722,26.3313,26.5504,1804616.493247,0
UNM.US,D,20160506,000000,26.3431,26.7322,26.1347,26.7076,2088794.3086758,0
UNM.US,D,20160509,000000,26.5976,26.8196,26.4217,26.5739,1153839.3331191,0
UNM.US,D,20160510,000000,26.686,27.0771,26.686,26.9818,1744796.9760901,0
UNM.US,D,20160511,000000,26.8707,27.3532,26.8118,26.8284,2301616.5236826,0
UNM.US,D,20160512,000000,27.0771,27.194,26.6064,26.8629,1685505.6194145,0
UNM.US,D,20160513,000000,26.7646,27.1773,26.5336,26.6782,2034168.8784089,0
UNM.US,D,20160516,000000,26.7145,27.135,26.7145,26.9965,2011433.5541124,0
UNM.US,D,20160517,000000,26.9542,27.4397,26.8284,27.2176,2170570.6476859,0
UNM.US,D,20160518,000000,27.2481,28.0725,27.1822,27.9939,3668102.0183148,0
UNM.US,D,20160519,000000,27.819,28.1708,27.426,27.8504,2224031.8860636,0
UNM.US,D,20160520,000000,28.0273,28.3359,27.8592,28.1345,2154302.4907455,0
UNM.US,D,20160523,000000,28.0028,28.2376,27.8917,28.0587,1915622.8004667,0
UNM.US,D,20160524,000000,28.1345,28.7171,28.1345,28.6778,2027264.1214441,0
UNM.US,D,20160525,000000,28.8184,29.1928,28.7574,28.9776,1809922.5216648,0
UNM.US,D,20160526,000000,29.5003,29.5003,28.7957,28.8508,2790005.1976795,0
UNM.US,D,20160527,000000,28.9156,29.2704,28.7643,29.2487,3126394.5769756,0
UNM.US,D,20160531,000000,29.4394,29.4659,29.0267,29.295,2794761.6949608,0
UNM.US,D,20160601,000000,28.9383,29.2173,28.4076,29.1603,2807630.900057,0
UNM.US,D,20160602,000000,29.0591,29.2576,28.9549,29.2419,2153078.2574914,0
UNM.US,D,20160603,000000,28.8036,28.8036,28.162,28.3192,3015823.8240641,0
UNM.US,D,20160606,000000,28.4076,28.9343,28.3427,28.8282,2272352.9730147,0
UNM.US,D,20160607,000000,28.8282,29.0975,28.5963,28.9383,1901023.5899408,0
UNM.US,D,20160608,000000,28.9068,29.1348,28.9068,28.9864,2447678.8468088,0
UNM.US,D,20160609,000000,28.7643,28.7722,28.272,28.3192,2064659.7152817,0
UNM.US,D,20160610,000000,27.874,27.8995,27.4495,27.5654,4159648.4610459,0
UNM.US,D,20160613,000000,27.2088,27.7158,27.2088,27.2333,2499890.4106762,0
UNM.US,D,20160614,000000,27.1705,27.4948,26.8373,26.8972,2710073.8585776,0
UNM.US,D,20160615,000000,27.0033,27.2874,26.7951,26.8284,1740210.426401,0
UNM.US,D,20160616,000000,26.5661,26.8118,26.2104,26.7813,2644650.1414789,0
UNM.US,D,20160617,000000,26.8039,26.9209,26.6211,26.7646,2352167.2823374,0
UNM.US,D,20160620,000000,27.3099,27.5517,27.0839,27.1056,1773420.4247491,0
UNM.US,D,20160621,000000,27.2176,27.3591,26.9896,27.2933,2301839.3890879,0
UNM.US,D,20160622,000000,27.3021,27.6313,27.3021,27.3739,2104998.3536502,0
UNM.US,D,20160623,000000,27.819,28.1865,27.7924,28.1865,1482681.8181409,0
UNM.US,D,20160624,000000,26.2988,26.6555,25.4056,25.4409,4868950.6872092,0
UNM.US,D,20160627,000000,24.9968,24.9968,23.7419,23.796,4141727.6400951,0
UNM.US,D,20160628,000000,24.3129,24.5998,23.9964,24.3433,2142169.046782,0
UNM.US,D,20160629,000000,24.4003,24.7649,24.0141,24.7236,4278500.8517143,0
UNM.US,D,20160630,000000,24.8278,25.2247,24.6588,25.2247,3744959.0360031,0
UNM.US,D,20160701,000000,25.0489,25.2847,24.9084,25.1295,2660437.9675,0
UNM.US,D,20160705,000000,24.7334,24.7492,23.7734,24.1527,3306920.6435613,0
UNM.US,D,20160706,000000,23.8765,24.3197,23.6378,24.306,4233462.7044785,0
UNM.US,D,20160707,000000,24.1242,24.6686,23.9964,24.1861,3105687.4296327,0
UNM.US,D,20160708,000000,24.6225,24.8779,24.4711,24.758,2615244.1197756,0
UNM.US,D,20160711,000000,24.7727,25.1776,24.7187,24.8347,2686493.8845713,0
UNM.US,D,20160712,000000,25.2317,25.5442,25.2247,25.4056,2539045.5218008,0
UNM.US,D,20160713,000000,25.3535,25.4645,25.0902,25.3053,1614890.8683765,0
UNM.US,D,20160714,000000,25.9539,26.1681,25.837,25.9883,2618543.341895,0
UNM.US,D,20160715,000000,25.7633,26.0257,25.554,25.7112,2746056.9538644,0
UNM.US,D,20160718,000000,25.6208,25.8045,25.5579,25.7407,2266849.5204478,0
UNM.US,D,20160719,000000,25.5442,25.6631,25.4714,25.5177,2165102.8128779,0
UNM.US,D,20160720,000000,25.6375,25.7269,25.2061,25.6286,1779760.3858237,0
UNM.US,D,20160721,000000,25.7328,25.8321,25.5107,25.554,1637294.4386907,0
UNM.US,D,20160722,000000,25.6463,25.7328,25.4331,25.7181,1214144.2694465,0
UNM.US,D,20160725,000000,25.6631,25.7996,25.5618,25.6631,1428590.6542567,0
UNM.US,D,20160726,000000,25.6463,26.0296,25.554,25.9322,2745640.734911,0
UNM.US,D,20160727,000000,25.9322,26.0355,25.6699,25.7937,2293393.9096404,0
UNM.US,D,20160728,000000,25.9402,26.8952,25.836,26.8009,2893790.2587057,0
UNM.US,D,20160729,000000,26.6526,26.9454,26.5298,26.6742,1972766.9151091,0
UNM.US,D,20160801,000000,26.7538,26.8344,26.1612,26.3539,2347635.685762,0
UNM.US,D,20160802,000000,26.3696,26.4845,25.9627,26.235,2131309.700935,0
UNM.US,D,20160803,000000,26.293,26.8442,26.2487,26.8009,2421880.3952515,0
UNM.US,D,20160804,000000,26.6742,26.7047,26.061,26.3076,2454208.0908304,0
UNM.US,D,20160805,000000,26.6349,27.3109,26.6172,27.2874,1731975.6005558,0
UNM.US,D,20160808,000000,27.4092,27.6087,27.3375,27.4269,1472548.056924,0
UNM.US,D,20160809,000000,27.4348,27.5674,27.2943,27.418,1324711.9694073,0
UNM.US,D,20160810,000000,27.4417,27.5448,26.8815,26.9277,1112285.6203488,0
UNM.US,D,20160811,000000,26.9454,27.1124,26.8609,26.9945,1754355.7649142,0
UNM.US,D,20160812,000000,26.7538,26.8531,26.5455,26.7282,1367277.2265288,0
UNM.US,D,20160815,000000,26.9032,27.3031,26.8677,27.2579,1144141.1262104,0
UNM.US,D,20160816,000000,27.1773,27.4092,27.1262,27.2579,1267531.2193558,0
UNM.US,D,20160817,000000,27.1773,27.2786,27.026,27.2333,1930669.7771038,0
UNM.US,D,20160818,000000,27.2176,27.3375,26.9985,27.1616,1475047.4059448,0
UNM.US,D,20160819,000000,27.0486,27.6087,27.0289,27.5369,1937805.540676,0
UNM.US,D,20160822,000000,27.3601,27.4878,27.1046,27.4475,1365576.7329565,0
UNM.US,D,20160823,000000,27.5674,27.8032,27.4878,27.4966,1368248.0648699,0
UNM.US,D,20160824,000000,27.5203,27.6883,27.2028,27.2726,2295185.9917355,0
UNM.US,D,20160825,000000,27.2726,27.6342,27.2088,27.6225,1682983.8820882,0
UNM.US,D,20160826,000000,27.7521,28.1118,27.5369,27.7345,2705816.0099201,0
UNM.US,D,20160829,000000,27.7521,28.1757,27.7521,28.0312,1573306.6260986,0
UNM.US,D,20160830,000000,28.1207,28.5275,28.1207,28.4538,1984668.3348149,0
UNM.US,D,20160831,000000,28.5196,28.6297,28.0549,28.4293,2152172.5487665,0
UNM.US,D,20160901,000000,28.5009,28.6297,27.8396,28.159,2002767.24456,0
UNM.US,D,20160902,000000,28.2366,28.5196,28.1295,28.2789,1640795.1555601,0
UNM.US,D,20160906,000000,28.2444,28.2444,27.7914,28.0234,1474111.1677122,0
UNM.US,D,20160907,000000,27.872,28.0715,27.7109,27.9536,1220849.5669619,0
UNM.US,D,20160908,000000,28.0146,28.1806,27.9113,28.0234,1368884.0962779,0
UNM.US,D,20160909,000000,27.9271,28.6906,27.9113,28.1403,2470554.6068403,0
UNM.US,D,20160912,000000,27.8868,28.4135,27.6392,28.3172,2358575.425979,0
UNM.US,D,20160913,000000,27.9113,28.3034,27.7728,28.1502,2233043.1790516,0
UNM.US,D,20160914,000000,28.1265,28.2749,27.8642,28.0549,1712079.5204644,0
UNM.US,D,20160915,000000,28.0146,28.6375,27.9536,28.5009,2725431.2185418,0
UNM.US,D,20160916,000000,28.2101,28.2444,27.7994,27.9448,3125808.41043,0
UNM.US,D,20160919,000000,28.0872,28.5619,28.0872,28.1845,2406680.7710765,0
UNM.US,D,20160920,000000,28.3507,28.3928,27.9448,28.1403,1605624.145175,0
UNM.US,D,20160921,000000,28.3172,28.5374,27.9753,28.3762,2119341.1163124,0
UNM.US,D,20160922,000000,28.4695,28.5785,28.1118,28.3507,1779384.8728804,0
UNM.US,D,20160923,000000,28.1757,28.4223,27.9536,27.9536,1208647.9404314,0
UNM.US,D,20160926,000000,27.6883,27.8239,27.4417,27.4966,1199620.3650393,0
UNM.US,D,20160927,000000,27.2943,27.8455,27.1262,27.8239,2276511.0919474,0
UNM.US,D,20160928,000000,27.9988,28.2366,27.6833,28.1207,1167420.8933922,0
UNM.US,D,20160929,000000,28.0312,28.3427,27.5851,27.6981,1367031.9728179,0
UNM.US,D,20160930,000000,27.8642,28.3388,27.6981,28.1914,1503787.8843828,0
UNM.US,D,20161003,000000,27.9929,28.2101,27.9103,28.0234,1240635.740826,0
UNM.US,D,20161004,000000,28.1845,28.5236,28.1403,28.4606,2123732.277153,0
UNM.US,D,20161005,000000,28.6228,29.2842,28.5737,29.0719,1718474.4346526,0
UNM.US,D,20161006,000000,29.2311,29.4856,28.9569,29.2046,1312233.5420081,0
UNM.US,D,20161007,000000,29.126,29.3087,28.783,29.0041,1562949.9994764,0
UNM.US,D,20161010,000000,29.2753,29.3893,29.0827,29.1809,1383404.9477343,0
UNM.US,D,20161011,000000,29.1318,29.4502,29.0139,29.2547,2840474.5443141,0
UNM.US,D,20161012,000000,29.2998,29.5288,29.1966,29.4374,1622966.9407823,0
UNM.US,D,20161013,000000,29.0925,29.1318,28.6228,28.783,3843481.8275723,0
UNM.US,D,20161014,000000,29.1396,29.5072,28.9874,29.0375,2383097.7441194,0
UNM.US,D,20161017,000000,29.1318,29.2615,28.9962,29.1092,1901488.6561063,0
UNM.US,D,20161018,000000,29.3795,29.516,29.1318,29.1809,976934.06613267,0
UNM.US,D,20161019,000000,29.2547,29.3971,29.1809,29.2311,1195682.0585612,0
UNM.US,D,20161020,000000,29.1318,29.3638,28.9874,29.1003,1769779.2721448,0
UNM.US,D,20161021,000000,28.7643,28.8134,28.5658,28.7181,1651975.0612368,0
UNM.US,D,20161024,000000,28.896,28.9501,28.4852,28.5894,1668609.5722681,0
UNM.US,D,20161025,000000,28.6061,28.6866,28.1265,28.1688,2258932.2014815,0
UNM.US,D,20161026,000000,28.0234,28.3722,27.8032,28.2013,2641457.772636,0
UNM.US,D,20161027,000000,29.5966,29.6291,28.8999,29.0591,4397501.8193195,0
UNM.US,D,20161028,000000,29.1141,29.1368,28.1108,28.2444,2715932.4710827,0
UNM.US,D,20161031,000000,28.3938,28.6553,28.3104,28.4243,1969962.2710125,0
UNM.US,D,20161101,000000,28.6316,28.9864,28.0302,28.4076,2619969.0698991,0
UNM.US,D,20161102,000000,28.2622,28.7014,28.2298,28.616,3651972.2618088,0
UNM.US,D,20161103,000000,28.7535,29.4138,28.7535,29.178,3577310.3157156,0
UNM.US,D,20161104,000000,29.178,29.3618,28.7368,28.7368,2050231.4699983,0
UNM.US,D,20161107,000000,29.2733,29.6045,29.1711,29.3225,2666668.0223473,0
UNM.US,D,20161108,000000,29.2429,29.5475,29.0975,29.3401,2936002.3911895,0
UNM.US,D,20161109,000000,30.7778,32.182,29.6831,31.5944,6585241.2444194,0
UNM.US,D,20161110,000000,32.182,33.088,32.0218,32.1181,6707807.04086,0
UNM.US,D,20161111,000000,31.9501,32.4738,31.8194,32.4296,3464870.1392898,0
UNM.US,D,20161114,000000,32.8885,33.6423,32.8394,33.2649,2760262.3337425,0
UNM.US,D,20161115,000000,33.032,33.9311,32.8885,33.9242,2433486.696384,0
UNM.US,D,20161116,000000,33.7091,33.8122,33.2413,33.2982,2330853.615444,0
UNM.US,D,20161117,000000,33.4015,34.2151,33.3072,34.1541,2329061.5333489,0
UNM.US,D,20161118,000000,34.1336,34.2622,33.7955,34.164,1865494.3666667,0
UNM.US,D,20161121,000000,34.4617,34.4617,33.8535,34.1719,2136509.8937265,0
UNM.US,D,20161122,000000,34.3025,34.4077,34.0215,34.2072,2071485.0955268,0
UNM.US,D,20161123,000000,34.9049,34.9049,34.2672,34.558,1735649.3179682,0
UNM.US,D,20161125,000000,34.5168,34.5895,34.2622,34.4401,636920.83428652,0
UNM.US,D,20161128,000000,34.0019,34.3418,33.7277,33.8122,2737427.2797211,0
UNM.US,D,20161129,000000,33.9154,34.11,33.7237,33.7385,1515907.0812427,0
UNM.US,D,20161130,000000,34.6701,34.727,33.8348,33.9379,3363834.7692466,0
UNM.US,D,20161201,000000,34.2072,34.7202,34.1787,34.5816,3483364.9149832,0
UNM.US,D,20161202,000000,34.4617,34.5365,34.1001,34.3025,1483756.4568078,0
UNM.US,D,20161205,000000,34.5895,34.8469,34.3203,34.4214,1874124.04081,0
UNM.US,D,20161206,000000,34.5365,34.6622,34.2524,34.4038,2660088.9134633,0
UNM.US,D,20161207,000000,34.4549,34.959,34.334,34.8794,1765822.6479621,0
UNM.US,D,20161208,000000,35.1762,35.7127,35.0651,35.4022,1755576.9452175,0
UNM.US,D,20161209,000000,35.1997,35.2262,34.8126,34.9767,2027056.5207925,0
UNM.US,D,20161212,000000,34.8224,34.9924,34.4775,34.7654,2555641.3621225,0
UNM.US,D,20161213,000000,34.8224,35.2498,34.5,35.0002,2493900.5212885,0
UNM.US,D,20161214,000000,34.6229,35.5839,34.4489,35.0002,3699873.0592055,0
UNM.US,D,20161215,000000,35.241,36.1392,35.0621,35.7225,4249249.5128494,0
UNM.US,D,20161216,000000,35.7313,35.7313,34.9118,34.9678,3852999.9103863,0
UNM.US,D,20161219,000000,34.9678,35.3451,34.792,35.1201,1657416.4371382,0
UNM.US,D,20161220,000000,35.3854,36.0045,35.241,35.7127,2035767.606956,0
UNM.US,D,20161221,000000,35.689,36.0438,35.5201,35.8119,1159339.7327352,0
UNM.US,D,20161222,000000,35.689,35.8316,35.4817,35.754,1131181.3502417,0
UNM.US,D,20161223,000000,35.7785,35.8276,35.5711,35.7048,742868.4020998,0
UNM.US,D,20161227,000000,35.7696,35.8611,35.6665,35.7696,482172.86625311,0
UNM.US,D,20161228,000000,35.7696,35.916,35.2891,35.296,800717.74836734,0
UNM.US,D,20161229,000000,35.3048,35.5908,35.0877,35.1762,998951.94700106,0
UNM.US,D,20161230,000000,35.3756,35.4159,35.1123,35.2705,1312729.1376812,0
UNM.US,D,20170103,000000,35.8994,36.0213,35.0759,35.5554,2241332.9580105,0
UNM.US,D,20170104,000000,35.6272,36.147,35.58,36.0674,2025361.1154714,0
UNM.US,D,20170105,000000,35.754,36.0478,35.2891,35.696,1520117.1003383,0
UNM.US,D,20170106,000000,35.8994,36.2531,35.7127,36.035,1534854.7112986,0
UNM.US,D,20170109,000000,35.5279,36.0438,35.5279,35.6429,1050714.7271069,0
UNM.US,D,20170110,000000,35.7048,36.0606,35.5023,35.8119,1123139.8779445,0
UNM.US,D,20170111,000000,35.7313,36.1244,35.635,35.9956,1350891.0221591,0
UNM.US,D,20170112,000000,35.0798,35.8739,35.0798,35.8031,1860805.0343021,0
UNM.US,D,20170113,000000,36.0979,36.5086,35.9485,35.9633,1355707.5608054,0
UNM.US,D,20170117,000000,35.4965,35.689,34.9924,35.2577,1624218.6505931,0
UNM.US,D,20170118,000000,35.5378,35.8611,35.1289,35.7225,1825430.4938664,0
UNM.US,D,20170119,000000,35.8119,35.9563,35.2803,35.6743,1232250.3027434,0
UNM.US,D,20170120,000000,35.9633,36.372,35.8031,36.147,1814090.8171,0
UNM.US,D,20170123,000000,35.9721,36.3151,35.754,35.9956,1147888.114441,0
UNM.US,D,20170124,000000,36.2531,36.5351,36.1558,36.3249,1052667.5979419,0
UNM.US,D,20170125,000000,36.6472,37.0147,36.5824,36.941,1075375.4456817,0
UNM.US,D,20170126,000000,37.1443,37.3174,36.9361,37.2506,1575402.9856192,0
UNM.US,D,20170127,000000,37.1837,37.1837,36.8152,37.054,1009141.6789818,0
UNM.US,D,20170130,000000,36.9273,36.9273,36.37,36.7975,1269613.3317729,0
UNM.US,D,20170131,000000,36.7081,37.1533,36.2335,36.6354,1882045.4303773,0
UNM.US,D,20170201,000000,37.0324,37.2004,36.6098,36.9115,1828308.4087811,0
UNM.US,D,20170202,000000,37.3468,37.7339,36.144,37.0078,1903753.9455689,0
UNM.US,D,20170203,000000,37.7487,38.0966,37.5247,37.789,1368018.0759128,0
UNM.US,D,20170206,000000,37.4657,38.129,37.3605,37.8883,1320621.0153912,0
UNM.US,D,20170207,000000,38.1575,38.2391,37.8382,37.9334,1187925.5283348,0
UNM.US,D,20170208,000000,37.6053,37.7822,37.451,37.7576,1393049.2191796,0
UNM.US,D,20170209,000000,37.9904,38.4975,37.8706,38.2391,1422162.1576101,0
UNM.US,D,20170210,000000,38.4199,38.5054,38.2204,38.2204,1688777.364977,0
UNM.US,D,20170213,000000,38.524,39.0891,38.3245,38.8768,1623576.5132837,0
UNM.US,D,20170214,000000,38.8296,39.2748,38.7815,39.1116,1549335.8743952,0
UNM.US,D,20170215,000000,39.1824,39.6492,39.0813,39.6296,1729059.0149314,0
UNM.US,D,20170216,000000,39.5548,39.8064,39.3868,39.5981,1526912.9687262,0
UNM.US,D,20170217,000000,39.3386,39.3386,38.8444,39.1206,2354445.8012533,0
UNM.US,D,20170221,000000,39.5155,39.6747,39.1018,39.1599,2386121.1830203,0
UNM.US,D,20170222,000000,38.8611,39.1294,38.8296,38.9574,2449844.4065467,0
UNM.US,D,20170223,000000,39.0635,39.2895,38.6538,39.2345,1865780.3263877,0
UNM.US,D,20170224,000000,38.524,39.094,38.524,39.094,1775020.1709464,0
UNM.US,D,20170227,000000,39.094,39.4841,38.976,39.3524,1027542.8308519,0
UNM.US,D,20170228,000000,38.9849,39.6452,38.8954,39.3779,2687006.7802986,0
UNM.US,D,20170301,000000,40.2476,40.5394,40.0148,40.2083,2359653.1175966,0
UNM.US,D,20170302,000000,40.2731,40.2731,39.1912,39.2168,1237632.6549301,0
UNM.US,D,20170303,000000,39.2581,39.6128,39.1372,39.5548,1295631.5957848,0
UNM.US,D,20170306,000000,39.04,39.5243,38.9259,39.4114,1297367.707116,0
UNM.US,D,20170307,000000,39.3524,39.5243,39.033,39.2797,1442847.9342977,0
UNM.US,D,20170308,000000,39.6374,39.7897,39.2718,39.3308,1955390.5370434,0
UNM.US,D,20170309,000000,39.4281,39.6826,39.2168,39.3711,1221686.0754696,0
UNM.US,D,20170310,000000,39.5323,39.6914,39.0223,39.3613,1514715.4127968,0
UNM.US,D,20170313,000000,39.0144,39.2797,38.749,39.1372,1613215.8160605,0
UNM.US,D,20170314,000000,38.9574,39.094,38.6331,39.04,1512705.5535476,0
UNM.US,D,20170315,000000,39.0813,39.1824,38.5152,38.8444,2027160.3211183,0
UNM.US,D,20170316,000000,39.0144,39.1294,38.7245,38.9672,1276187.3524056,0
UNM.US,D,20170317,000000,38.976,38.9849,38.3776,38.524,2560833.4137121,0
UNM.US,D,20170320,000000,38.3619,38.7815,38.1929,38.5398,1219008.6376546,0
UNM.US,D,20170321,000000,38.8218,38.8355,36.9754,37.0481,2076120.4924281,0
UNM.US,D,20170322,000000,36.7739,37.1837,36.2914,36.9498,1579169.3092046,0
UNM.US,D,20170323,000000,36.9037,37.6053,36.6855,37.1533,1713812.5788448,0
UNM.US,D,20170324,000000,37.3134,37.4176,36.7032,36.9273,1132002.5939957,0
UNM.US,D,20170327,000000,36.0566,36.714,35.8925,36.6354,1307768.0926991,0
UNM.US,D,20170328,000000,36.4653,37.4176,36.4653,37.2083,1412593.1922836,0
UNM.US,D,20170329,000000,37.1355,37.339,36.9193,37.1443,2259277.1849171,0
UNM.US,D,20170330,000000,37.1611,37.8617,37.1533,37.7576,1267186.2359201,0
UNM.US,D,20170331,000000,37.5424,38.0249,37.4824,37.8145,1939022.6503783,0
UNM.US,D,20170403,000000,37.9334,38.0072,37.0236,37.5777,1120226.3452709,0
UNM.US,D,20170404,000000,37.4363,37.6288,37.3212,37.4824,948647.45970737,0
UNM.US,D,20170405,000000,37.904,37.9659,37.054,37.1443,1069828.234154,0
UNM.US,D,20170406,000000,37.0481,37.6603,36.8201,37.5159,1047800.1767831,0
UNM.US,D,20170407,000000,37.1533,37.6053,37.0078,37.3871,977652.5272111,0
UNM.US,D,20170410,000000,37.3055,37.5875,37.0147,37.3134,1557133.1106317,0
UNM.US,D,20170411,000000,37.111,37.339,36.6855,37.2181,1102205.7945953,0
UNM.US,D,20170412,000000,37.2506,37.3055,36.37,36.4585,1599010.4361824,0
UNM.US,D,20170413,000000,36.2188,36.6993,36.0045,36.0163,1134685.1200619,0
UNM.US,D,20170417,000000,36.2098,36.7326,36.0075,36.7081,1366072.3286296,0
UNM.US,D,20170418,000000,36.3474,36.6029,35.976,36.2581,1867570.3731823,0
UNM.US,D,20170419,000000,36.6187,36.8064,36.2188,36.3219,1210840.9767261,0
UNM.US,D,20170420,000000,36.5567,37.0805,36.4015,36.9037,1304327.4171945,0
UNM.US,D,20170421,000000,36.8152,36.9675,36.6098,36.7081,1654693.2050618,0
UNM.US,D,20170424,000000,37.6603,37.8548,37.3655,37.7183,2123812.671523,0
UNM.US,D,20170425,000000,38.129,38.1673,37.6927,38.017,1823967.1128029,0
UNM.US,D,20170426,000000,38.0072,38.1771,37.788,38.0072,2016446.4992574,0
UNM.US,D,20170427,000000,38.3894,38.5132,37.5925,37.9423,2613182.3603635,0
UNM.US,D,20170428,000000,37.5856,38.0553,37.505,37.5217,1502873.0168056,0
UNM.US,D,20170501,000000,37.7163,37.8608,37.3183,37.7477,1690914.4305078,0
UNM.US,D,20170502,000000,37.7566,37.846,37.3763,37.6033,1896864.4533578,0
UNM.US,D,20170503,000000,37.3998,37.7429,37.3272,37.675,1426031.2638711,0
UNM.US,D,20170504,000000,38.0632,38.2656,37.6908,37.7969,1608353.4831528,0
UNM.US,D,20170505,000000,37.8273,37.8538,37.4411,37.7241,836407.76038136,0
UNM.US,D,20170508,000000,37.8057,37.9138,37.6515,37.8706,1285762.4236337,0
UNM.US,D,20170509,000000,37.9334,38.1133,37.449,37.5689,1505014.1529374,0
UNM.US,D,20170510,000000,37.4068,37.6908,37.3272,37.562,1090833.5530209,0
UNM.US,D,20170511,000000,37.4343,37.5434,36.9871,37.4156,1079930.448213,0
UNM.US,D,20170512,000000,37.1002,37.3065,36.9223,37.0756,1278837.3136638,0
UNM.US,D,20170515,000000,37.2141,37.5935,37.2141,37.505,1377388.5994401,0
UNM.US,D,20170516,000000,37.5856,37.7969,37.4638,37.7163,1335810.4630637,0
UNM.US,D,20170517,000000,36.8102,37.1493,36.2098,36.371,2182114.872153,0
UNM.US,D,20170518,000000,36.3229,37.0442,36.202,36.656,1696177.717615,0
UNM.US,D,20170519,000000,36.6963,37.0579,36.5263,36.8407,1318531.7794223,0
UNM.US,D,20170522,000000,37.0274,37.0667,36.5676,36.7179,1359847.3620335,0
UNM.US,D,20170523,000000,36.7346,37.1876,36.5499,37.0117,1178556.0224578,0
UNM.US,D,20170524,000000,37.167,37.167,36.6127,36.7621,1103974.4707346,0
UNM.US,D,20170525,000000,36.9223,37.1002,36.7258,36.7691,1572082.3928445,0
UNM.US,D,20170526,000000,36.5734,36.6717,36.4222,36.4841,2059615.2229788,0
UNM.US,D,20170530,000000,36.3229,36.597,36.2511,36.4526,1736615.0680581,0
UNM.US,D,20170531,000000,36.5086,36.5086,35.975,36.429,2121055.8569883,0
UNM.US,D,20170601,000000,36.6629,37.0667,36.4222,36.9311,2241912.0010043,0
UNM.US,D,20170602,000000,36.6305,36.8182,36.371,36.6217,1420169.5984152,0
UNM.US,D,20170605,000000,36.6383,36.6796,36.2148,36.2728,1535795.0201321,0
UNM.US,D,20170606,000000,35.918,36.0399,35.2881,35.4729,1905179.673573,0
UNM.US,D,20170607,000000,35.5112,35.8757,35.2675,35.697,1890044.1613639,0
UNM.US,D,20170608,000000,35.7549,36.8496,35.69,36.5263,2065070.8459838,0
UNM.US,D,20170609,000000,36.7936,37.6908,36.6059,37.6515,1872051.0872451,0
UNM.US,D,20170612,000000,37.6583,38.2272,37.5394,37.9089,2363816.3247806,0
UNM.US,D,20170613,000000,38.0553,38.3226,37.8951,38.1939,1985420.3783517,0
UNM.US,D,20170614,000000,37.8185,38.2272,37.3183,38.1438,1651449.9537063,0
UNM.US,D,20170615,000000,37.9089,38.3796,37.8785,38.2656,1040784.4959406,0
UNM.US,D,20170616,000000,38.298,38.4769,38.0288,38.469,1836643.9820014,0
UNM.US,D,20170619,000000,38.6076,38.8395,38.4061,38.7933,1529416.3883479,0
UNM.US,D,20170620,000000,38.5988,38.7107,38.0553,38.0798,1171341.8998161,0
UNM.US,D,20170621,000000,38.1506,38.1506,37.0274,37.1159,1584667.6735202,0
UNM.US,D,20170622,000000,36.9616,37.0117,36.4673,36.7258,1494668.7204679,0
UNM.US,D,20170623,000000,36.8231,36.9066,36.3995,36.5351,2076432.9110557,0
UNM.US,D,20170626,000000,36.656,37.0039,36.2894,36.7434,1099778.6987425,0
UNM.US,D,20170627,000000,36.8575,37.1975,36.6796,36.9066,1064030.6806641,0
UNM.US,D,20170628,000000,37.2692,37.6908,37.2692,37.6112,851916.7502332,0
UNM.US,D,20170629,000000,38.3069,38.5496,37.4156,37.7163,1177687.9667922,0
UNM.US,D,20170630,000000,37.9334,37.9581,37.4539,37.7654,1408720.0154216,0
UNM.US,D,20170703,000000,38.1064,38.7933,37.9581,38.2479,889179.03188771,0
UNM.US,D,20170705,000000,38.3069,38.3796,37.8951,38.1506,1459852.870021,0
UNM.US,D,20170706,000000,38.1585,38.8571,38.017,38.3226,1476148.5035182,0
UNM.US,D,20170707,000000,38.4209,38.6469,38.1359,38.4995,1002011.0036608,0
UNM.US,D,20170710,000000,38.4514,38.8178,38.4366,38.583,969438.05437095,0
UNM.US,D,20170711,000000,38.6223,38.7039,38.3383,38.4366,925475.56345236,0
UNM.US,D,20170712,000000,38.4061,38.6026,38.1939,38.3973,1054820.9458768,0
UNM.US,D,20170713,000000,38.413,39.033,38.355,38.9957,1048269.3135496,0
UNM.US,D,20170714,000000,38.5182,38.7756,38.3226,38.5988,1008649.1362595,0
UNM.US,D,20170717,000000,38.5083,38.811,38.2479,38.7107,861438.90364813,0
UNM.US,D,20170718,000000,38.3973,38.6754,38.1211,38.5988,798792.35408915,0
UNM.US,D,20170719,000000,38.6872,38.9888,38.5673,38.9888,1146227.3092286,0
UNM.US,D,20170720,000000,39.0193,39.206,38.6469,38.6626,1072022.2880989,0
UNM.US,D,20170721,000000,38.6321,38.9309,38.527,38.7107,1207263.9360877,0
UNM.US,D,20170724,000000,38.7039,39.0999,38.5083,39.0045,1014562.7018782,0
UNM.US,D,20170725,000000,39.5538,39.657,39.3358,39.4084,1135828.958946,0
UNM.US,D,20170726,000000,39.4084,39.5784,38.9309,39.0596,802845.65504583,0
UNM.US,D,20170727,000000,39.1667,39.6128,38.8561,39.4182,1254183.7186408,0
UNM.US,D,20170728,000000,39.8496,40.6554,39.3376,40.5257,1695416.5152259,0
UNM.US,D,20170731,000000,40.7694,41.2323,40.7203,40.7929,1678426.8442564,0
UNM.US,D,20170801,000000,41.0298,41.1683,40.5326,40.9493,1745171.4713831,0
UNM.US,D,20170802,000000,40.6888,41.1683,40.6367,40.8745,1443628.4720415,0
UNM.US,D,20170803,000000,40.8992,41.136,40.7045,40.8332,1318362.8494804,0
UNM.US,D,20170804,000000,41.1438,41.582,41.0917,41.3384,1086960.3761589,0
UNM.US,D,20170807,000000,41.3147,41.4916,41.1242,41.1763,860663.45415554,0
UNM.US,D,20170808,000000,41.0622,41.8523,41.0622,41.2981,1083706.9483009,0
UNM.US,D,20170809,000000,41.0033,41.3217,40.8264,41.3069,1619971.9960884,0
UNM.US,D,20170810,000000,41.0121,41.1015,40.6062,40.6367,1706513.9912321,0
UNM.US,D,20170811,000000,40.7518,40.9788,40.397,40.4451,914046.33346378,0
UNM.US,D,20170814,000000,40.8893,41.0859,40.5414,40.5739,1407097.8809187,0
UNM.US,D,20170815,000000,40.966,41.1517,40.6455,40.736,1206533.2632062,0
UNM.US,D,20170816,000000,40.8992,41.0082,40.1995,40.2811,1465790.8592458,0
UNM.US,D,20170817,000000,40.1337,40.2968,39.1667,39.1884,2144268.4592534,0
UNM.US,D,20170818,000000,39.0596,39.2778,38.8561,39.0045,1976517.9739407,0
UNM.US,D,20170821,000000,39.0045,39.1176,38.4031,38.5152,2005598.3475631,0
UNM.US,D,20170822,000000,38.6676,38.9377,38.6676,38.9299,1717753.9382737,0
UNM.US,D,20170823,000000,38.6764,39.2778,38.4031,39.0115,1322400.8856833,0
UNM.US,D,20170824,000000,39.0596,39.4575,38.98,39.3701,1969131.8684063,0
UNM.US,D,20170825,000000,39.5077,39.659,39.322,39.5077,870025.83648079,0
UNM.US,D,20170828,000000,39.5165,39.6021,39.1804,39.2778,807947.13576284,0
UNM.US,D,20170829,000000,38.7176,39.0999,38.6547,39.0045,943930.65078589,0
UNM.US,D,20170830,000000,39.037,39.3033,39.037,39.1804,928967.12146953,0
UNM.US,D,20170831,000000,39.322,39.4271,39.0685,39.207,1397271.4500782,0
UNM.US,D,20170901,000000,39.3376,39.6944,39.2325,39.548,770893.47241015,0
UNM.US,D,20170905,000000,39.2149,39.2325,38.5398,38.7176,1815050.4612884,0
UNM.US,D,20170906,000000,38.8896,39.0911,38.7913,38.8719,1359958.2859111,0
UNM.US,D,20170907,000000,38.8238,38.8238,37.4972,37.7831,1888724.2689861,0
UNM.US,D,20170908,000000,37.7261,38.4326,37.6367,38.3343,1058496.6985897,0
UNM.US,D,20170911,000000,38.8994,39.2561,38.7029,39.0911,1170501.3207073,0
UNM.US,D,20170912,000000,39.263,39.5558,39.1421,39.493,913683.03232355,0
UNM.US,D,20170913,000000,39.3376,39.493,39.1176,39.4428,1183580.1617556,0
UNM.US,D,20170914,000000,39.4497,39.4497,39.0045,39.1078,986755.40872191,0
UNM.US,D,20170915,000000,38.9614,39.4182,38.8719,39.4104,2343205.8542118,0
UNM.US,D,20170918,000000,39.4841,39.9597,39.434,39.8496,868541.08476204,0
UNM.US,D,20170919,000000,39.8909,40.2565,39.7878,40.0854,1279339.0152384,0
UNM.US,D,20170920,000000,40.2388,40.7281,40.0128,40.4265,1108033.8775928,0
UNM.US,D,20170921,000000,40.4608,40.851,40.2683,40.7134,1188853.6253653,0
UNM.US,D,20170922,000000,40.5257,40.8598,40.4608,40.7851,716478.69574562,0
UNM.US,D,20170925,000000,40.6554,41.1202,40.6554,41.0033,766576.600038,0
UNM.US,D,20170926,000000,40.9788,41.2489,40.8264,41.1104,817131.42929387,0
UNM.US,D,20170927,000000,41.7069,41.9083,41.4701,41.7697,1112030.1901353,0
UNM.US,D,20170928,000000,41.7304,41.7864,41.2774,41.5742,1242767.7181055,0
UNM.US,D,20170929,000000,41.5182,41.7354,41.4111,41.6077,845797.61926344,0
UNM.US,D,20171002,000000,41.7216,42.1127,41.4916,41.9997,797840.85110283,0
UNM.US,D,20171003,000000,41.9741,42.0547,41.4523,41.9319,1017384.646029,0
UNM.US,D,20171004,000000,41.8425,42.1688,41.7953,42.0222,838988.52142232,0
UNM.US,D,20171005,000000,42.04,42.6394,41.8327,42.5608,827826.93345022,0
UNM.US,D,20171006,000000,42.7957,42.9234,42.3466,42.7524,857878.14541378,0
UNM.US,D,20171009,000000,42.6394,42.6984,42.4881,42.552,812893.93364144,0
UNM.US,D,20171010,000000,42.552,42.7436,42.3397,42.6649,936525.20989667,0
UNM.US,D,20171011,000000,42.5608,42.608,42.1844,42.5019,991254.44048929,0
UNM.US,D,20171012,000000,42.5254,42.6493,42.2915,42.323,1239197.8010188,0
UNM.US,D,20171013,000000,42.2316,42.6138,41.9653,42.2915,1230315.7496129,0
UNM.US,D,20171016,000000,42.4537,42.7524,42.3318,42.6571,723927.89559571,0
UNM.US,D,20171017,000000,42.8143,42.8753,42.2198,42.3152,541238.30457268,0
UNM.US,D,20171018,000000,42.3731,42.5608,42.2572,42.4714,630246.06627877,0
UNM.US,D,20171019,000000,42.1933,42.5431,42.0222,42.5431,751282.3343895,0
UNM.US,D,20171020,000000,43.0227,43.057,42.5019,42.552,1110590.2150277,0
UNM.US,D,20171023,000000,42.5853,42.7622,42.4616,42.608,1193941.876629,0
UNM.US,D,20171024,000000,42.8506,43.0648,42.6886,42.9814,1102172.212137,0
UNM.US,D,20171025,000000,43.0393,43.0747,42.266,42.4881,1424020.3869716,0
UNM.US,D,20171026,000000,42.8506,43.2507,42.436,43.0747,2124976.8634121,0
UNM.US,D,20171027,000000,43.0747,43.1454,42.6876,42.8664,1132481.9072647,0
UNM.US,D,20171030,000000,42.6286,43.0148,42.5303,42.8261,2034222.8138723,0
UNM.US,D,20171031,000000,42.8664,42.9686,42.4861,42.5303,1334163.9049548,0
UNM.US,D,20171101,000000,42.7367,43.1454,42.4772,42.4999,1842909.6546075,0
UNM.US,D,20171102,000000,42.4772,43.3921,42.3279,43.2457,2356809.8027905,0
UNM.US,D,20171103,000000,43.1131,43.3017,42.7219,42.8743,1871525.9797147,0
UNM.US,D,20171106,000000,43.1033,43.455,42.9401,43.3734,1565652.8785477,0
UNM.US,D,20171107,000000,43.3656,43.6113,42.9814,43.0747,1873042.2785913,0
UNM.US,D,20171108,000000,42.9814,43.1366,42.7514,43.0227,1584725.6795846,0
UNM.US,D,20171109,000000,42.8261,43.0747,42.6286,42.9312,1641557.3755994,0
UNM.US,D,20171110,000000,42.9312,42.999,42.7426,42.8428,2118158.6067187,0
UNM.US,D,20171113,000000,42.663,43.3656,42.663,43.1701,2114177.55893,0
UNM.US,D,20171114,000000,42.9568,43.2918,42.8202,43.1631,1836366.1634824,0
UNM.US,D,20171115,000000,42.7141,43.4236,42.6374,43.228,2195645.5499135,0
UNM.US,D,20171116,000000,43.4727,43.8176,43.3823,43.5208,2168455.9704607,0
UNM.US,D,20171117,000000,43.3331,43.8088,43.2595,43.6947,1586500.4616254,0
UNM.US,D,20171120,000000,43.8373,44.0505,43.6947,44.0378,1257808.588841,0
UNM.US,D,20171121,000000,44.135,44.3148,43.8814,44.0288,904841.68692771,0
UNM.US,D,20171122,000000,44.0288,44.2175,43.9454,44.0505,1148425.4337745,0
UNM.US,D,20171124,000000,44.1497,44.306,44.078,44.2077,663919.09549184,0
UNM.US,D,20171127,000000,44.2077,44.3148,44.0593,44.0869,1103901.1999164,0
UNM.US,D,20171128,000000,44.2077,45.2769,44.1094,45.1393,1776859.0649531,0
UNM.US,D,20171129,000000,45.4576,46.2762,45.4027,46.1121,1937510.4221027,0
UNM.US,D,20171130,000000,46.4403,46.8904,46.0954,46.2762,2746507.7729264,0
UNM.US,D,20171201,000000,46.3607,46.5376,45.0086,46.1623,1771815.5903005,0
UNM.US,D,20171204,000000,46.8717,46.9877,46.57,46.6035,1202672.2981473,0
UNM.US,D,20171205,000000,46.7322,46.9208,46.1042,46.1946,1176600.098672,0
UNM.US,D,20171206,000000,46.1121,46.4551,46.0158,46.0462,1026144.5794047,0
UNM.US,D,20171207,000000,45.8252,46.5121,45.8252,46.4128,785677.89528202,0
UNM.US,D,20171208,000000,46.5465,46.9975,46.4806,46.9877,946000.55139998,0
UNM.US,D,20171211,000000,46.9877,47.0348,46.1789,46.2988,1579067.5441794,0
UNM.US,D,20171212,000000,46.4403,46.4403,45.7181,46.0954,3028489.4991097,0
UNM.US,D,20171213,000000,46.0079,46.116,44.8955,44.9044,2825891.6161923,0
UNM.US,D,20171214,000000,45.0086,45.0459,44.25,44.3463,2863092.8388316,0
UNM.US,D,20171215,000000,44.4377,44.5929,44.1006,44.1596,3240786.6065861,0
UNM.US,D,20171218,000000,44.5516,44.5516,44.0043,44.0937,3103022.2036208,0
UNM.US,D,20171219,000000,44.421,44.4908,44.1183,44.306,3650390.833316,0
UNM.US,D,20171220,000000,44.7472,44.8857,44.421,44.7884,1493576.7817467,0
UNM.US,D,20171221,000000,44.9428,45.3024,44.7708,44.815,1459887.4701296,0
UNM.US,D,20171222,000000,45.0164,45.0164,44.4524,44.7786,1086904.405395,0
UNM.US,D,20171226,000000,44.7472,45.0577,44.6745,44.7472,469974.29267345,0
UNM.US,D,20171227,000000,44.7561,44.8454,44.5929,44.7472,1095588.0150017,0
UNM.US,D,20171228,000000,44.9202,45.0862,44.7305,45.0666,985357.15727464,0
UNM.US,D,20171229,000000,45.2395,45.3112,44.8602,44.8602,854960.54213916,0
UNM.US,D,20180102,000000,45.3112,45.4262,44.6234,44.8376,2134550.91699,0
UNM.US,D,20180103,000000,44.8297,45.2464,44.7472,45.1638,2517718.625454,0
UNM.US,D,20180104,000000,45.4262,45.948,45.3279,45.5637,1293801.8606304,0
UNM.US,D,20180105,000000,45.7711,45.7987,45.3437,45.7623,1261550.4888204,0
UNM.US,D,20180108,000000,45.8094,46.2094,45.6297,46.1543,1922882.7173698,0
UNM.US,D,20180109,000000,46.3607,46.9287,46.3067,46.5533,1491481.4398763,0
UNM.US,D,20180110,000000,46.6035,47.2805,46.3666,47.0112,2248899.1876396,0
UNM.US,D,20180111,000000,47.3208,47.8111,47.2727,47.5831,1554179.8895982,0
UNM.US,D,20180112,000000,47.9035,48.0018,47.6391,47.8848,1220271.5416183,0
UNM.US,D,20180116,000000,47.5595,47.5595,45.2562,45.3938,4178420.0376081,0
UNM.US,D,20180117,000000,45.6385,46.2182,45.4832,46.0522,2607191.4533256,0
UNM.US,D,20180118,000000,46.2762,46.5533,45.8016,45.8822,1466686.3914682,0
UNM.US,D,20180119,000000,46.0462,46.1946,45.4027,45.7623,2230455.2944589,0
UNM.US,D,20180122,000000,45.7859,45.8998,45.5559,45.8527,1383719.4016624,0
UNM.US,D,20180123,000000,45.6562,46.1298,45.5146,45.9313,1396309.7705894,0
UNM.US,D,20180124,000000,46.1701,46.6841,45.6611,45.7348,1972324.2372491,0
UNM.US,D,20180125,000000,45.9175,45.9244,44.9202,44.9761,2062880.8626399,0
UNM.US,D,20180126,000000,45.1648,45.8045,45.0164,45.7486,2033446.3467295,0
UNM.US,D,20180129,000000,45.7898,46.1908,45.3447,45.3535,1601638.009135,0
UNM.US,D,20180130,000000,44.8759,45.0577,44.0485,44.0485,2441641.1278593,0
UNM.US,D,20180131,000000,43.9925,44.1459,43.5277,43.6545,3542684.765866,0
UNM.US,D,20180201,000000,42.999,44.5831,41.3649,43.7262,4615259.6380521,0
UNM.US,D,20180202,000000,43.6634,44.9202,43.2379,43.2605,2940037.3744417,0
UNM.US,D,20180205,000000,42.7504,43.1671,41.1998,41.3895,2933207.9235955,0
UNM.US,D,20180206,000000,40.3567,41.7668,39.7966,41.5614,2889930.311297,0
UNM.US,D,20180207,000000,41.3404,42.0469,41.2086,41.5123,3423484.3388112,0
UNM.US,D,20180208,000000,41.5614,41.5614,39.264,39.2885,2990718.3923289,0
UNM.US,D,20180209,000000,39.7573,40.7331,39.0085,40.3872,2531527.1217335,0
UNM.US,D,20180212,000000,40.7006,41.8012,40.4383,41.4308,4370905.529964,0
UNM.US,D,20180213,000000,41.5702,41.9889,41.1841,41.7118,2818262.2922474,0
UNM.US,D,20180214,000000,41.413,43.1701,41.3737,43.0472,1934403.5358811,0
UNM.US,D,20180215,000000,43.3341,43.5828,42.5205,42.8025,1715517.1430182,0
UNM.US,D,20180216,000000,42.547,43.342,41.9063,43.0472,1841111.4666109,0
UNM.US,D,20180220,000000,42.9028,43.2379,42.7279,42.9568,1643320.9634874,0
UNM.US,D,20180221,000000,42.999,43.3843,42.6453,42.6611,1657866.2385499,0
UNM.US,D,20180222,000000,42.7682,42.8654,41.9889,42.0705,2398048.0439825,0
UNM.US,D,20180223,000000,42.1943,42.491,42.0469,42.4566,1323705.5133073,0
UNM.US,D,20180226,000000,42.6453,43.0875,42.491,43.0148,1251220.3211048,0
UNM.US,D,20180227,000000,42.9647,43.5473,42.6276,42.6276,1699301.9038909,0
UNM.US,D,20180228,000000,42.8576,43.0472,41.8179,41.8248,2367041.2584316,0
UNM.US,D,20180301,000000,41.7757,41.9811,40.3066,40.4697,2922771.9202536,0
UNM.US,D,20180302,000000,40.1572,40.4294,39.2237,40.339,2363816.3247806,0
UNM.US,D,20180305,000000,39.9773,41.3089,39.8211,41.0033,1744086.6562137,0
UNM.US,D,20180306,000000,41.1841,41.2333,40.4481,41.0033,1588994.7223949,0
UNM.US,D,20180307,000000,40.4795,41.0907,40.3872,40.9866,1544113.2932981,0
UNM.US,D,20180308,000000,41.0849,41.0849,40.2909,40.7331,1498142.9784308,0
UNM.US,D,20180309,000000,41.1841,42.0469,40.8795,42.0134,1685522.9194688,0
UNM.US,D,20180312,000000,41.9811,42.1294,41.5614,41.6037,1923338.624683,0
UNM.US,D,20180313,000000,41.9564,42.0214,41.2086,41.3001,1316785.4915886,0
UNM.US,D,20180314,000000,41.53,41.6518,40.5286,40.6357,1350595.9035858,0
UNM.US,D,20180315,000000,40.8716,41.2333,40.6142,40.8795,1284214.5775993,0
UNM.US,D,20180316,000000,41.0367,41.6813,40.8795,41.2647,2924778.726552,0
UNM.US,D,20180319,000000,41.2922,41.4474,40.4963,40.9305,1495222.3222054,0
UNM.US,D,20180320,000000,41.2086,41.4543,41.0789,41.2588,1037824.1513554,0
UNM.US,D,20180321,000000,41.3973,41.9987,41.1517,41.5526,1345647.0704067,0
UNM.US,D,20180322,000000,40.9866,41.1605,39.8211,39.9037,1425518.3681437,0
UNM.US,D,20180323,000000,40.0501,40.1572,38.468,38.5575,1705402.7171561,0
UNM.US,D,20180326,000000,39.2787,39.6561,38.6606,39.5931,2859418.1037689,0
UNM.US,D,20180327,000000,39.6011,39.9037,38.7225,38.9584,1861563.1837404,0
UNM.US,D,20180328,000000,39.0586,39.2718,38.3275,38.8149,2190408.7217129,0
UNM.US,D,20180329,000000,39.0989,39.4438,38.8964,39.0763,1686121.2978174,0
UNM.US,D,20180402,000000,39.1244,39.3613,37.6799,38.3128,2152619.2972274,0
UNM.US,D,20180403,000000,38.6901,38.8699,38.1467,38.7127,1842865.8956467,0
UNM.US,D,20180404,000000,37.9994,39.2483,37.9994,39.1343,1313601.2639478,0
UNM.US,D,20180405,000000,39.4124,39.5755,39.035,39.3524,1653944.2144758,0
UNM.US,D,20180406,000000,38.9869,39.0763,37.9246,38.2371,2071463.7248715,0
UNM.US,D,20180409,000000,38.5751,38.9584,38.0652,38.1241,2231083.1846648,0
UNM.US,D,20180410,000000,38.755,39.3731,38.6076,39.0911,1834851.8999063,0
UNM.US,D,20180411,000000,38.641,38.8286,38.357,38.4189,1401750.1288406,0
UNM.US,D,20180412,000000,38.7314,39.5362,38.6026,39.3868,1448736.05866,0
UNM.US,D,20180413,000000,39.7072,39.7878,38.8778,38.9937,1360425.3873771,0
UNM.US,D,20180416,000000,39.3613,39.5843,39.1244,39.3524,1937938.8528591,0
UNM.US,D,20180417,000000,39.6512,39.6512,38.9436,39.035,1382186.8203818,0
UNM.US,D,20180418,000000,39.2571,39.486,39.0586,39.4202,3305891.7991558,0
UNM.US,D,20180419,000000,39.494,40.0924,39.4438,39.9941,1577518.6804947,0
UNM.US,D,20180420,000000,40.1749,40.2398,39.772,40.1199,2034246.2198281,0
UNM.US,D,20180423,000000,40.3066,40.3479,39.8791,40.0433,863525.08666626,0
UNM.US,D,20180424,000000,40.1395,40.4864,39.3613,39.5931,1161457.4629111,0
UNM.US,D,20180425,000000,39.6816,39.9607,39.1755,39.772,1294260.8208944,0
UNM.US,D,20180426,000000,39.6727,39.9538,39.4124,39.7248,1391662.1618851,0
UNM.US,D,20180427,000000,39.5833,40.3744,39.5568,40.3429,1782171.1992725,0
UNM.US,D,20180430,000000,40.3606,40.6062,39.8959,39.8959,1567111.1713599,0
UNM.US,D,20180501,000000,39.7573,39.8959,39.2453,39.5008,1515997.6521152,0
UNM.US,D,20180502,000000,33.3081,34.3821,32.6566,32.805,9927689.0759543,0
UNM.US,D,20180503,000000,32.4601,32.9858,32.1034,32.2036,4246041.8792527,0
UNM.US,D,20180504,000000,32.0218,32.9436,31.957,32.8708,4756749.6585928,0
UNM.US,D,20180507,000000,32.9366,32.9711,32.5063,32.6645,2954305.8486354,0
UNM.US,D,20180508,000000,32.7549,32.8197,31.3792,31.5413,6797789.7115082,0
UNM.US,D,20180509,000000,31.5098,31.5511,31.0391,31.1384,4693355.136098,0
UNM.US,D,20180510,000000,31.1384,31.4853,30.9812,31.3467,3728198.3363404,0
UNM.US,D,20180511,000000,31.445,31.9805,31.1737,31.2936,3604379.8124386,0
UNM.US,D,20180514,000000,31.4195,31.7053,31.1551,31.2396,2958034.5191615,0
UNM.US,D,20180515,000000,31.2396,31.667,31.1954,31.4283,2557508.7503363,0
UNM.US,D,20180516,000000,31.3792,31.9039,31.3792,31.7231,3349187.7291588,0
UNM.US,D,20180517,000000,31.7751,32.2518,31.6917,32.0464,3203528.3955326,0
UNM.US,D,20180518,000000,31.9638,32.1948,31.6249,31.8577,3597002.8657565,0
UNM.US,D,20180521,000000,32.122,32.1702,31.8813,31.9874,1172285.2616004,0
UNM.US,D,20180522,000000,32.0031,32.2783,31.9491,32.2203,1559895.0134176,0
UNM.US,D,20180523,000000,32.0129,32.0631,31.5098,31.7585,1450917.9008019,0
UNM.US,D,20180524,000000,31.6917,31.8892,31.4283,31.784,2161237.7772179,0
UNM.US,D,20180525,000000,31.5924,32.0218,31.5354,31.9039,2021876.681006,0
UNM.US,D,20180529,000000,31.3792,31.6249,30.4387,30.6707,2519013.0765755,0
UNM.US,D,20180530,000000,31.1069,31.5413,30.8338,31.4607,2486136.8675103,0
UNM.US,D,20180531,000000,31.445,32.2203,31.2298,32.0031,6194031.0460079,0
UNM.US,D,20180601,000000,32.3697,32.7214,32.2125,32.2616,2855162.290412,0
UNM.US,D,20180604,000000,32.2351,32.5514,32.0797,32.0867,3355596.8904506,0
UNM.US,D,20180605,000000,31.9215,32.1122,31.3192,31.8577,2045661.2027132,0
UNM.US,D,20180606,000000,32.0464,32.4994,31.9608,32.1358,2550966.2768614,0
UNM.US,D,20180607,000000,32.2419,32.4916,32.0945,32.3697,1936747.1844132,0
UNM.US,D,20180608,000000,32.4247,32.689,32.2616,32.4503,1900141.2871717,0
UNM.US,D,20180611,000000,32.6566,32.8197,32.3982,32.4679,1363922.0336455,0
UNM.US,D,20180612,000000,32.2616,32.4679,32.0955,32.2704,2685553.5757377,0
UNM.US,D,20180613,000000,32.2783,32.4443,31.9049,32.0945,3277981.723324,0
UNM.US,D,20180614,000000,32.1034,32.2665,31.84,32.0218,2811830.7426501,0
UNM.US,D,20180615,000000,31.8489,32.3333,31.5266,32.2783,3826320.1737101,0
UNM.US,D,20180618,000000,31.9874,32.1122,31.5924,31.84,1618045.58416,0
UNM.US,D,20180619,000000,31.5511,31.8665,31.5098,31.7751,1956677.8646132,0
UNM.US,D,20180620,000000,31.8302,31.9835,31.3291,31.3624,1549199.5092613,0
UNM.US,D,20180621,000000,31.3104,31.445,31.0883,31.2396,1347812.6301446,0
UNM.US,D,20180622,000000,31.4775,31.6179,31.2465,31.3291,3266824.2059529,0
UNM.US,D,20180625,000000,31.2809,31.6327,31.1306,31.4283,1874763.1251687,0
UNM.US,D,20180626,000000,31.4853,31.4853,30.9575,31.2396,1746360.0868784,0
UNM.US,D,20180627,000000,31.1737,31.3379,30.1489,30.2157,2122120.3191527,0
UNM.US,D,20180628,000000,30.2059,30.6539,29.8138,30.4624,1943571.5470081,0
UNM.US,D,20180629,000000,30.7168,31.221,30.5036,30.5036,1550465.4661757,0
UNM.US,D,20180702,000000,30.3306,31.0263,30.312,30.9988,1948549.8920445,0
UNM.US,D,20180703,000000,31.0549,31.4941,30.9232,30.9655,936031.64952409,0
UNM.US,D,20180705,000000,31.0814,31.217,30.8741,31.1462,1976971.8459534,0
UNM.US,D,20180706,000000,31.0077,31.5678,30.8741,31.4362,2132729.3230375,0
UNM.US,D,20180709,000000,31.6838,32.5466,31.5767,32.5063,2111327.1205721,0
UNM.US,D,20180710,000000,32.6153,32.6153,31.8577,32.0129,2174983.1791818,0
UNM.US,D,20180711,000000,31.6838,31.8744,30.9084,30.9232,1520987.1913044,0
UNM.US,D,20180712,000000,31.2298,31.2553,30.6539,31.0883,1943755.7417038,0
UNM.US,D,20180713,000000,30.9084,31.2121,30.7129,31.0549,1673329.4341404,0
UNM.US,D,20180716,000000,31.1807,31.4853,31.1237,31.4518,868026.15373415,0
UNM.US,D,20180717,000000,31.4195,31.6179,31.2908,31.4775,1054402.6916229,0
UNM.US,D,20180718,000000,31.4027,31.6327,31.1551,31.5354,1772718.2460747,0
UNM.US,D,20180719,000000,31.4607,31.5413,30.8741,30.9164,1858234.4497636,0
UNM.US,D,20180720,000000,30.8073,31.0746,30.5528,30.9497,1619484.5416174,0
UNM.US,D,20180723,000000,30.8534,31.5855,30.8534,31.502,1934023.9523368,0
UNM.US,D,20180724,000000,31.4853,31.8537,31.4607,31.667,1829940.7197866,0
UNM.US,D,20180725,000000,31.6759,31.6759,30.479,31.3104,2319208.6436018,0
UNM.US,D,20180726,000000,31.4941,32.178,31.4195,31.9638,2322114.0350734,0
UNM.US,D,20180727,000000,32.1722,32.632,32.0641,32.2144,1427150.6791491,0
UNM.US,D,20180730,000000,32.237,32.8266,32.237,32.6537,2113751.1634741,0
UNM.US,D,20180731,000000,33.7562,34.2692,32.7529,32.9838,3959212.0672653,0
UNM.US,D,20180801,000000,32.8512,33.2599,32.2724,32.2969,1883148.5632513,0
UNM.US,D,20180802,000000,30.709,30.7168,29.3323,29.7882,4783367.3186036,0
UNM.US,D,20180803,000000,29.8138,30.7257,29.7548,30.254,2578998.4707235,0
UNM.US,D,20180806,000000,30.2619,30.4004,29.8226,29.9219,2304022.2488801,0
UNM.US,D,20180807,000000,30.1292,30.6304,30.0202,30.0948,2404497.9112844,0
UNM.US,D,20180808,000000,30.1204,30.2285,29.9051,30.1204,1835823.7558977,0
UNM.US,D,20180809,000000,30.087,30.3533,29.8836,29.9051,1846999.5909733,0
UNM.US,D,20180810,000000,29.4246,29.4246,28.7004,29.2064,2336381.4916169,0
UNM.US,D,20180813,000000,29.1829,29.3245,28.8596,29.068,1378850.9628533,0
UNM.US,D,20180814,000000,29.1161,29.4629,29.1161,29.3421,1662404.9586771,0
UNM.US,D,20180815,000000,29.0247,29.2812,28.8164,29.2064,1680370.5562391,0
UNM.US,D,20180816,000000,29.6477,30.0623,29.4728,29.8963,2611123.6539022,0
UNM.US,D,20180817,000000,29.805,29.9955,29.6379,29.8875,1248158.2114943,0
UNM.US,D,20180820,000000,29.8875,30.0713,29.7136,29.8551,1528858.7160094,0
UNM.US,D,20180821,000000,29.8462,30.4004,29.8305,30.1292,1960808.5069891,0
UNM.US,D,20180822,000000,30.028,30.028,29.6644,29.7882,1270789.7354651,0
UNM.US,D,20180823,000000,29.7715,29.7715,29.119,29.1751,1646631.3797596,0
UNM.US,D,20180824,000000,29.3903,29.7489,29.3245,29.5229,2003165.1458088,0
UNM.US,D,20180827,000000,29.7214,30.4928,29.7214,30.0623,2012786.0112983,0
UNM.US,D,20180828,000000,30.2117,30.2117,29.6969,29.8796,1784126.105408,0
UNM.US,D,20180829,000000,29.9051,30.254,29.4246,30.1626,2347775.1038466,0
UNM.US,D,20180830,000000,30.2206,31.0411,30.2206,30.5193,4242477.0504173,0
UNM.US,D,20180831,000000,30.5606,31.0903,30.2785,30.6186,3304311.3883132,0
UNM.US,D,20180904,000000,30.4682,31.2425,30.4682,30.7699,3066019.4227807,0
UNM.US,D,20180905,000000,30.7168,31.449,30.7168,31.0578,3115764.2024354,0
UNM.US,D,20180906,000000,31.0578,31.2671,30.4191,30.4367,1823980.3422562,0
UNM.US,D,20180907,000000,30.6019,30.7168,30.1538,30.3454,1959234.2020481,0
UNM.US,D,20180910,000000,30.3533,30.485,29.5505,29.8383,1789811.7173701,0
UNM.US,D,20180911,000000,29.6566,29.971,29.2242,29.7794,2162184.191953,0
UNM.US,D,20180912,000000,29.6644,29.7667,29.0582,29.1898,2308886.6170882,0
UNM.US,D,20180913,000000,29.1898,29.9464,29.1898,29.9287,3272897.5426613,0
UNM.US,D,20180914,000000,30.087,30.8544,30.0713,30.6333,2225588.8909503,0
UNM.US,D,20180917,000000,30.7257,31.0097,30.1911,30.2442,1672902.0210342,0
UNM.US,D,20180918,000000,30.485,32.0542,30.4417,31.957,4851866.3747661,0
UNM.US,D,20180919,000000,32.1132,32.9593,32.0464,32.5023,3960516.6948893,0
UNM.US,D,20180920,000000,32.6763,33.2196,32.6763,32.7774,3146097.303519,0
UNM.US,D,20180921,000000,32.9248,33.6992,32.7774,33.6314,4789679.8031214,0
UNM.US,D,20180924,000000,33.6147,33.8388,32.8394,33.0674,3698118.6301697,0
UNM.US,D,20180925,000000,33.2256,33.5577,32.7559,32.7774,3951326.2954567,0
UNM.US,D,20180926,000000,32.8177,33.0585,32.1358,32.2537,2607645.3253383,0
UNM.US,D,20180927,000000,32.4699,32.9436,32.3362,32.4954,3554366.3731172,0
UNM.US,D,20180928,000000,32.3039,32.5514,31.8125,32.4385,3449077.2250175,0
UNM.US,D,20181001,000000,32.6438,33.2256,32.3274,32.5682,2055559.8867216,0
UNM.US,D,20181002,000000,32.5387,32.9936,32.1967,32.7116,2544706.7101568,0
UNM.US,D,20181003,000000,32.9749,33.1774,32.4984,32.8099,3775714.4619416,0
UNM.US,D,20181004,000000,32.9248,33.4329,32.8767,33.0114,4019672.7040814,0
UNM.US,D,20181005,000000,33.0349,33.5744,32.577,32.7254,3819747.1707276,0
UNM.US,D,20181008,000000,32.7529,33.7316,32.464,33.3995,2341022.9944196,0
UNM.US,D,20181009,000000,33.1774,33.3012,32.6851,33.0517,2518115.5090526,0
UNM.US,D,20181010,000000,33.0349,33.4584,32.3815,32.3815,3307873.1641979,0
UNM.US,D,20181011,000000,32.3451,32.3628,30.6186,30.6431,3570709.8361763,0
UNM.US,D,20181012,000000,31.2425,31.4823,30.31,30.9832,4224698.7005019,0
UNM.US,D,20181015,000000,30.9084,31.2425,30.7168,30.7433,1823047.1569745,0
UNM.US,D,20181016,000000,30.9585,31.2828,30.536,31.2593,2378813.4365553,0
UNM.US,D,20181017,000000,31.2505,31.897,31.0273,31.5393,2192708.6112841,0
UNM.US,D,20181018,000000,31.4735,31.7653,30.6922,30.8751,3133032.7095742,0
UNM.US,D,20181019,000000,30.6333,31.616,30.4457,31.2593,3348631.0744705,0
UNM.US,D,20181022,000000,31.3831,31.4253,30.6874,30.7846,2587293.3379337,0
UNM.US,D,20181023,000000,30.1449,30.2619,29.4148,30.0811,2748574.6205897,0
UNM.US,D,20181024,000000,29.9131,30.1292,28.1275,28.2258,3080092.5081259,0
UNM.US,D,20181025,000000,28.9009,29.3981,27.6205,28.9589,4222349.9637185,0
UNM.US,D,20181026,000000,28.6258,29.3441,28.2926,28.8675,3297263.1426627,0
UNM.US,D,20181029,000000,29.3352,30.0202,28.7643,29.1505,4268887.1097766,0
UNM.US,D,20181030,000000,29.351,30.4319,29.1839,30.3198,5655385.7142792,0
UNM.US,D,20181031,000000,30.7581,31.2425,30.311,30.3296,4472952.4443585,0
UNM.US,D,20181101,000000,30.5881,30.9575,30.2805,30.9075,2682148.517992,0
UNM.US,D,20181102,000000,31.3841,31.9019,30.8888,31.0903,2697233.1476885,0
UNM.US,D,20181105,000000,31.0568,31.6249,31.0568,31.276,2950909.949742,0
UNM.US,D,20181106,000000,31.216,31.5256,31.0441,31.1777,2019213.4902946,0
UNM.US,D,20181107,000000,31.3762,32.0051,31.2072,31.8253,2571186.9873835,0
UNM.US,D,20181108,000000,31.3251,32.2095,31.3251,31.9088,3250489.9017461,0
UNM.US,D,20181109,000000,31.6249,31.9461,31.1777,31.5413,2733090.0543439,0
UNM.US,D,20181112,000000,31.4499,31.6769,30.8986,30.9655,2400473.1045347,0
UNM.US,D,20181113,000000,31.1845,32.4876,31.1482,31.7929,4021103.5203367,0
UNM.US,D,20181114,000000,32.1623,32.1623,30.6068,30.9655,2684829.0087578,0
UNM.US,D,20181115,000000,30.5301,31.0323,30.1115,30.9733,2358201.9483362,0
UNM.US,D,20181116,000000,30.6304,30.8416,30.1459,30.2029,2500051.1994161,0
UNM.US,D,20181119,000000,30.1803,30.3631,29.4354,29.6183,3443948.2677437,0
UNM.US,D,20181120,000000,29.2517,29.5593,28.7083,29.0758,2938164.8979766,0
UNM.US,D,20181121,000000,29.2262,30.1115,29.0837,29.6762,2022428.247443,0
UNM.US,D,20181123,000000,29.3008,30.0074,29.236,29.6605,1285391.9989417,0
UNM.US,D,20181126,000000,30.2029,30.5301,29.9622,30.2373,2176623.6313892,0
UNM.US,D,20181127,000000,30.0202,30.3631,29.8128,29.9287,2299354.2871707,0
UNM.US,D,20181128,000000,29.8541,30.6234,29.7342,30.6234,2546700.2870019,0
UNM.US,D,20181129,000000,30.1302,30.6884,30.1302,30.4397,1983622.1903551,0
UNM.US,D,20181130,000000,30.2893,30.5488,29.861,30.0378,3451745.5039802,0
UNM.US,D,20181203,000000,30.6146,30.8141,29.8363,29.9622,2802607.7784095,0
UNM.US,D,20181204,000000,29.861,29.9209,28.0293,28.1147,4023420.7099622,0
UNM.US,D,20181206,000000,27.4868,27.5104,26.291,27.1242,4412285.2245411,0
UNM.US,D,20181207,000000,27.1242,27.8013,26.799,26.9768,3995684.6523236,0
UNM.US,D,20181210,000000,26.799,26.9002,25.7044,25.9805,3563135.4653451,0
UNM.US,D,20181211,000000,26.2467,26.5396,25.0587,25.3535,4008085.7383036,0
UNM.US,D,20181212,000000,25.9392,26.1062,25.1766,25.3191,3425202.1324378,0
UNM.US,D,20181213,000000,25.3604,25.6552,25.2022,25.3869,4092850.916106,0
UNM.US,D,20181214,000000,25.1766,25.5953,24.4426,24.8327,3291034.1054657,0
UNM.US,D,20181217,000000,24.592,25.1766,24.2874,24.4751,3184003.7577835,0
UNM.US,D,20181218,000000,24.6499,25.2267,24.2401,24.358,3866645.5826253,0
UNM.US,D,20181219,000000,24.2401,25.0096,23.856,24.0987,3699825.2296436,0
UNM.US,D,20181220,000000,23.9984,24.1723,23.4383,23.7213,4647248.4560969,0
UNM.US,D,20181221,000000,23.7291,24.191,23.4796,23.5277,5338948.3858384,0
UNM.US,D,20181224,000000,23.2035,23.4766,22.7603,22.7848,1313948.282684,0
UNM.US,D,20181226,000000,22.7848,24.0888,22.3889,24.0554,2546146.6852644,0
UNM.US,D,20181227,000000,23.5542,24.2991,23.2448,24.2912,2875311.7654163,0
UNM.US,D,20181228,000000,24.4485,24.5419,24.0319,24.2569,2652383.2657495,0
UNM.US,D,20181231,000000,24.3738,24.6499,24.2647,24.5742,1714820.052595,0
UNM.US,D,20190102,000000,24.0319,25.3683,24.0319,25.1334,3828218.0914314,0
UNM.US,D,20190103,000000,25.0096,25.6041,24.7669,24.9949,2787028.5706902,0
UNM.US,D,20190104,000000,25.5461,26.2645,25.5363,26.2153,2595542.4108824,0
UNM.US,D,20190107,000000,26.0876,26.5396,25.7367,26.291,1740977.7346916,0
UNM.US,D,20190108,000000,26.5897,26.8422,26.0305,26.4413,2732072.4040912,0
UNM.US,D,20190109,000000,26.5573,27.082,26.3646,27.0161,1816079.3056939,0
UNM.US,D,20190110,000000,26.9513,27.1095,26.6575,26.9327,2005791.7011111,0
UNM.US,D,20190111,000000,26.7076,27.2696,26.515,27.0781,2088397.4250772,0
UNM.US,D,20190114,000000,26.8324,27.4289,26.7843,27.2088,1593322.7889198,0
UNM.US,D,20190115,000000,27.2255,27.3021,26.8373,27.2353,1455469.8503825,0
UNM.US,D,20190116,000000,27.4515,28.0086,27.3355,27.8032,1291638.336193,0
UNM.US,D,20190117,000000,27.6117,28.2366,27.3758,28.1227,1486698.4836884,0
UNM.US,D,20190118,000000,28.3074,28.897,28.1728,28.8154,3055637.3549022,0
UNM.US,D,20190122,000000,28.6316,28.7319,28.329,28.4391,1514643.1596288,0
UNM.US,D,20190123,000000,28.5815,28.7241,28.1147,28.383,1550057.3884243,0
UNM.US,D,20190124,000000,28.3113,28.8232,28.2071,28.5982,1292175.6555265,0
UNM.US,D,20190125,000000,28.9776,29.1377,28.7506,28.9706,1672353.507548,0
UNM.US,D,20190128,000000,28.7093,28.9864,28.5481,28.8252,1071606.0691455,0
UNM.US,D,20190129,000000,28.7594,28.8773,28.4724,28.5137,1425824.6808697,0
UNM.US,D,20190130,000000,28.5904,28.8007,28.0086,28.5904,3385760.0439419,0
UNM.US,D,20190131,000000,28.3624,29.35,28.3044,29.2969,5395691.5462813,0
UNM.US,D,20190201,000000,29.3814,29.5347,29.0955,29.35,2398591.4692174,0
UNM.US,D,20190204,000000,29.3323,29.3814,29.063,29.29,3899696.827534,0
UNM.US,D,20190205,000000,29.3647,29.4256,28.9864,29.2409,2738487.6712845,0
UNM.US,D,20190206,000000,29.6861,31.1109,28.6316,30.7728,5320437.327741,0
UNM.US,D,20190207,000000,30.4614,30.5498,29.2409,29.746,2812416.9091957,0
UNM.US,D,20190208,000000,29.4856,29.8619,28.8007,29.5583,1838878.7419564,0
UNM.US,D,20190211,000000,29.6939,29.804,29.3067,29.6025,2308007.3672698,0
UNM.US,D,20190212,000000,29.9632,30.5871,29.8619,30.368,2280930.746995,0
UNM.US,D,20190213,000000,30.5626,30.767,30.1951,30.2079,1956715.5176725,0
UNM.US,D,20190214,000000,29.7863,30.0909,29.6173,29.8305,1398208.705961,0
UNM.US,D,20190215,000000,30.199,30.6216,30.1283,30.6136,1613527.2170378,0
UNM.US,D,20190219,000000,30.4938,31.1344,30.4457,30.9585,1866748.1117781,0
UNM.US,D,20190220,000000,30.9832,31.4892,30.8514,31.449,2224560.0465447,0
UNM.US,D,20190221,000000,31.4981,31.7162,31.1109,31.2701,1507036.2239896,0
UNM.US,D,20190222,000000,31.3811,31.5747,31.2023,31.4135,1250325.8065326,0
UNM.US,D,20190225,000000,31.6926,31.9363,31.4037,31.5551,1983294.5069737,0
UNM.US,D,20190226,000000,31.4558,32.0296,31.449,31.5747,1824993.921908,0
UNM.US,D,20190227,000000,31.4725,31.6494,31.3959,31.5481,1678560.1564395,0
UNM.US,D,20190228,000000,31.4725,31.6926,31.3389,31.4892,2485578.1775216,0
UNM.US,D,20190301,000000,31.8439,32.2753,31.5059,31.7506,1559016.7812495,0
UNM.US,D,20190304,000000,31.7929,31.9618,31.1512,31.3301,3022178.0322422,0
UNM.US,D,20190305,000000,31.3113,31.4135,30.7483,31.2455,1941635.9762273,0
UNM.US,D,20190306,000000,31.1344,31.3389,30.5468,30.5871,1848155.6416604,0
UNM.US,D,20190307,000000,30.3936,30.4486,29.9141,30.4092,1911343.5811539,0
UNM.US,D,20190308,000000,30.0653,30.3867,29.9229,30.368,1454408.4411688,0
UNM.US,D,20190311,000000,30.5292,30.6726,30.2923,30.4525,1828484.4622749,0
UNM.US,D,20190312,000000,30.5292,30.7483,30.3936,30.478,2187108.4819432,0
UNM.US,D,20190313,000000,30.705,30.7827,30.4289,30.4682,2407867.3512712,0
UNM.US,D,20190314,000000,30.4682,30.6471,30.368,30.4938,1835869.550159,0
UNM.US,D,20190315,000000,30.4092,30.9202,30.4092,30.6647,4292714.3727943,0
UNM.US,D,20190318,000000,30.8141,31.2376,30.705,30.992,2445739.2054271,0
UNM.US,D,20190319,000000,31.2376,31.3477,30.5292,30.5793,2813592.2952376,0
UNM.US,D,20190320,000000,30.538,30.6216,29.0955,29.1122,3678350.7740102,0
UNM.US,D,20190321,000000,28.9942,29.3155,28.4724,29.1799,2316106.8456314,0
UNM.US,D,20190322,000000,28.7594,28.895,27.8662,28.1265,2585207.1549155,0
UNM.US,D,20190325,000000,28.1776,28.4381,27.8662,28.0499,2063820.1538232,0
UNM.US,D,20190326,000000,28.3722,28.5904,28.1413,28.4283,1837847.8622504,0
UNM.US,D,20190327,000000,28.4646,28.6994,28.1776,28.3369,1419692.3204467,0
UNM.US,D,20190328,000000,28.4037,28.5442,27.8995,28.2897,2493384.5726104,0
UNM.US,D,20190329,000000,28.6258,28.6572,28.3319,28.5137,2444600.4547943,0
UNM.US,D,20190401,000000,28.6749,29.3421,28.6749,29.29,2416947.8444764,0
UNM.US,D,20190402,000000,29.29,29.5583,28.7849,28.8252,2495529.7793432,0
UNM.US,D,20190403,000000,29.1623,29.4414,28.9942,29.1799,2811908.0840693,0
UNM.US,D,20190404,000000,29.1957,29.6389,29.1122,29.35,1859774.154596,0
UNM.US,D,20190405,000000,29.4571,29.7362,29.2969,29.4472,3134873.6388815,0
UNM.US,D,20190408,000000,29.3647,29.7539,29.2566,29.7194,1724960.9373636,0
UNM.US,D,20190409,000000,29.5082,29.5858,29.1466,29.2566,2011929.1497854,0
UNM.US,D,20190410,000000,29.2802,29.9229,29.2566,29.8216,1866476.3991606,0
UNM.US,D,20190411,000000,30.0064,30.9429,29.9229,30.6136,3625430.9255669,0
UNM.US,D,20190412,000000,31.0411,31.5059,30.8514,31.2543,3436296.5554933,0
UNM.US,D,20190415,000000,31.2455,31.8017,31.0588,31.1344,4077739.827503,0
UNM.US,D,20190416,000000,31.3113,31.667,31.1865,31.6405,2060771.2736659,0
UNM.US,D,20190417,000000,31.7859,32.0296,31.5324,31.5393,3807680.8916808,0
UNM.US,D,20190418,000000,31.4813,31.6926,30.823,30.8318,3154931.5253631,0
UNM.US,D,20190422,000000,30.7405,31.2642,30.4367,30.6471,2714289.9835747,0
UNM.US,D,20190423,000000,30.6726,31.4234,30.596,31.1512,2180608.7497789,0
UNM.US,D,20190424,000000,30.9753,31.2278,30.4938,30.5538,2246026.3609761,0
UNM.US,D,20190425,000000,30.3523,30.9164,29.8796,30.7306,2452606.3093326,0
UNM.US,D,20190426,000000,30.8672,31.1335,30.6461,31.0529,1245564.221,0
UNM.US,D,20190429,000000,31.1551,31.503,30.9262,31.3762,3394506.7478643,0
UNM.US,D,20190430,000000,31.3674,31.4195,30.9448,31.3438,2259674.0685157,0
UNM.US,D,20190501,000000,31.2495,32.0975,30.6038,30.8426,3836404.0700645,0
UNM.US,D,20190502,000000,31.0283,31.5374,30.6206,31.0116,3354286.156925,0
UNM.US,D,20190503,000000,31.1462,31.3595,30.993,31.2495,1575707.2630448,0
UNM.US,D,20190506,000000,30.8907,31.2701,30.4594,31.0863,2952257.3186766,0
UNM.US,D,20190507,000000,30.8239,30.9851,30.2206,30.257,3505847.8620171,0
UNM.US,D,20190508,000000,30.086,30.6127,30.0015,30.2815,2427083.6409938,0
UNM.US,D,20190509,000000,29.9239,30.4672,29.8148,30.3916,1758484.3719896,0
UNM.US,D,20190510,000000,30.2648,30.8063,30.0516,30.7483,1171867.0073465,0
UNM.US,D,20190513,000000,30.0693,30.2383,29.2832,29.3539,2840785.9452914,0
UNM.US,D,20190514,000000,29.4246,30.1794,29.3628,29.9847,2149498.1639023,0
UNM.US,D,20190515,000000,29.578,29.806,29.2291,29.5681,1651331.906277,0
UNM.US,D,20190516,000000,29.6772,30.2137,29.6183,29.856,1647388.5115476,0
UNM.US,D,20190517,000000,29.4246,29.9327,29.4246,29.5347,1517002.0729147,0
UNM.US,D,20190520,000000,29.4334,29.7037,29.3225,29.5082,1888596.0450543,0
UNM.US,D,20190521,000000,29.7126,30.1194,29.5937,29.9749,1455380.2971602,0
UNM.US,D,20190522,000000,29.6772,29.7519,29.3539,29.3539,1764106.889636,0
UNM.US,D,20190523,000000,29.007,29.0159,27.99,28.2514,2900092.5667209,0
UNM.US,D,20190524,000000,28.4293,28.9048,28.2789,28.8557,2094962.2868577,0
UNM.US,D,20190528,000000,28.6936,28.779,28.0902,28.1187,2104117.0685314,0
UNM.US,D,20190529,000000,27.8534,28.0146,27.4986,28.0057,2303938.8015594,0
UNM.US,D,20190530,000000,28.0824,28.4568,27.5301,27.6833,1334301.2877389,0
UNM.US,D,20190531,000000,27.2058,27.2913,26.6389,26.7322,2246346.9208058,0
UNM.US,D,20190603,000000,26.7067,27.4377,26.6772,27.3768,3094780.2542238,0
UNM.US,D,20190604,000000,27.8622,28.3182,27.6402,28.0902,1915767.3068026,0
UNM.US,D,20190605,000000,28.1325,28.2416,27.5734,28.0469,2017917.0038726,0
UNM.US,D,20190606,000000,28.2033,28.7024,27.9516,28.6336,2721897.9368643,0
UNM.US,D,20190607,000000,28.5412,28.7692,28.4037,28.4479,1559116.5109743,0
UNM.US,D,20190610,000000,28.5658,28.9225,28.2602,28.327,1860013.3024054,0
UNM.US,D,20190611,000000,28.668,28.8989,28.3722,28.4213,1263686.5367009,0
UNM.US,D,20190612,000000,28.3182,28.4479,27.7374,27.9556,1992473.7122535,0
UNM.US,D,20190613,000000,27.9978,28.3447,27.9978,28.1492,2416177.4832351,0
UNM.US,D,20190614,000000,28.1757,28.1757,27.6588,28.0558,1296420.2747307,0
UNM.US,D,20190617,000000,28.0234,28.2416,27.4535,27.5046,1279316.6269328,0
UNM.US,D,20190618,000000,27.4112,28.4115,27.3601,28.0824,3087994.5623385,0
UNM.US,D,20190619,000000,28.2887,28.5324,27.5734,27.65,2122269.9137398,0
UNM.US,D,20190620,000000,27.9625,28.0656,27.0368,27.8357,3364825.9605927,0
UNM.US,D,20190621,000000,27.878,27.9753,27.4348,27.5046,2805300.4809782,0
UNM.US,D,20190624,000000,27.4986,27.7433,27.3355,27.4377,1876515.5189039,0
UNM.US,D,20190625,000000,27.4033,27.709,27.2608,27.5301,2293027.5555494,0
UNM.US,D,20190626,000000,27.6932,28.0401,27.5301,27.5832,1665867.004837,0
UNM.US,D,20190627,000000,27.7511,28.0607,27.6588,27.929,2419095.0865097,0
UNM.US,D,20190628,000000,28.2189,28.5658,28.158,28.4813,3374627.9678272,0
UNM.US,D,20190701,000000,28.8989,29.2782,28.8292,29.2202,2485703.3485026,0
UNM.US,D,20190702,000000,29.2202,29.2547,28.668,28.8557,2144748.7901727,0
UNM.US,D,20190703,000000,28.8645,29.3578,28.8645,29.2694,679186.90223378,0
UNM.US,D,20190705,000000,29.3136,29.7882,29.2291,29.3726,1587593.4179968,0
UNM.US,D,20190708,000000,29.1603,29.4934,29.0335,29.1937,1009619.9746006,0
UNM.US,D,20190709,000000,28.9569,29.3441,28.9569,29.3303,1573486.7501933,0
UNM.US,D,20190710,000000,27.9556,28.6375,27.7384,27.9035,3678935.9229055,0
UNM.US,D,20190711,000000,27.8868,27.9133,27.4535,27.7158,3372828.7621803,0
UNM.US,D,20190712,000000,27.8868,28.1187,27.709,28.0824,2020836.6424477,0
UNM.US,D,20190715,000000,28.2248,28.2248,27.4701,27.7777,3187513.6335052,0
UNM.US,D,20190716,000000,27.8622,28.1845,27.7856,27.9801,3811551.015592,0
UNM.US,D,20190717,000000,27.929,28.0057,27.591,27.7335,1871948.3045696,0
UNM.US,D,20190718,000000,27.7679,27.9556,27.6932,27.8279,2752135.3788241,0
UNM.US,D,20190719,000000,27.929,28.3104,27.8111,27.9713,3602916.4313752,0
UNM.US,D,20190722,000000,27.5389,28.0558,27.4849,27.5389,1566151.5271715,0
UNM.US,D,20190723,000000,27.65,28.0696,27.5734,28.0401,3039096.4676941,0
UNM.US,D,20190724,000000,27.9801,28.2887,27.9468,28.1255,2148061.2417454,0
UNM.US,D,20190725,000000,28.1089,28.1089,27.709,27.8534,2684845.2911618,0
UNM.US,D,20190726,000000,27.8966,28.3104,27.6657,28.2376,1680182.2909423,0
UNM.US,D,20190729,000000,28.1118,28.215,27.6765,27.8279,1420295.7870466,0
UNM.US,D,20190730,000000,28.0834,28.0834,27.3817,28.0834,1508065.0683951,0
UNM.US,D,20190731,000000,28.2553,28.4253,27.0388,27.3562,2745196.0217506,0
UNM.US,D,20190801,000000,27.3729,27.3729,25.3948,25.61,3995383.4278488,0
UNM.US,D,20190802,000000,25.4223,25.7475,25.2513,25.4223,2037872.1076787,0
UNM.US,D,20190805,000000,24.7797,24.9997,24.3512,24.5644,2281565.7607528,0
UNM.US,D,20190806,000000,24.7039,24.7973,24.137,24.533,3600946.2604859,0
UNM.US,D,20190807,000000,23.8883,24.1448,23.4776,24.0849,2773589.4814524,0
UNM.US,D,20190808,000000,24.3512,24.7973,24.2746,24.7531,1940354.7545591,0
UNM.US,D,20190809,000000,24.6253,24.7197,24.1615,24.2471,1928024.9040969,0
UNM.US,D,20190812,000000,23.8785,23.9817,23.4088,23.4953,1472782.1164822,0
UNM.US,D,20190813,000000,23.4265,24.308,23.2899,23.9158,2871384.653091,0
UNM.US,D,20190814,000000,23.229,23.3656,22.6069,22.6552,2033905.3069935,0
UNM.US,D,20190815,000000,22.664,22.7671,21.9958,22.0558,2507495.3110149,0
UNM.US,D,20190816,000000,22.2965,22.9135,22.2443,22.8527,1932803.7896838,0
UNM.US,D,20190819,000000,23.2899,23.3744,23.0669,23.0836,1844186.8056747,0
UNM.US,D,20190820,000000,22.9215,22.9578,22.5363,22.5686,1398404.0948095,0
UNM.US,D,20190821,000000,22.7671,22.9037,22.6129,22.8183,1094470.6350242,0
UNM.US,D,20190822,000000,22.9991,23.2201,22.8694,22.9047,1645187.334051,0
UNM.US,D,20190823,000000,22.6718,22.9627,22.2443,22.3574,4603920.978936,0
UNM.US,D,20190826,000000,22.6718,22.7495,22.3397,22.5097,1743158.5591832,0
UNM.US,D,20190827,000000,22.6552,22.7082,21.4337,21.5408,4190194.2510323,0
UNM.US,D,20190828,000000,21.3393,21.7207,21.306,21.4553,4053704.9638336,0
UNM.US,D,20190829,000000,21.7501,21.8199,21.5506,21.7501,2466458.564573,0
UNM.US,D,20190830,000000,21.9958,22.0046,21.6449,21.759,3906056.1239634,0
UNM.US,D,20190903,000000,21.5093,21.7255,21.1586,21.6636,4546045.1737619,0
UNM.US,D,20190904,000000,21.9437,21.983,21.5958,21.6892,2675688.4741876,0
UNM.US,D,20190905,000000,22.0656,22.7328,22.0656,22.5008,2542452.614847,0
UNM.US,D,20190906,000000,22.493,22.9627,22.2965,22.6718,3016243.0959682,0
UNM.US,D,20190909,000000,22.9047,23.7478,22.8438,23.6918,3740766.3169618,0
UNM.US,D,20190910,000000,23.8628,24.5477,23.8628,24.4956,3848758.3441328,0
UNM.US,D,20190911,000000,24.4376,25.0803,24.0347,25.0803,2716761.8560387,0
UNM.US,D,20190912,000000,24.7442,25.2375,24.2569,25.1049,2676841.471924,0
UNM.US,D,20190913,000000,25.4645,25.8674,25.2277,25.4901,3280459.7016894,0
UNM.US,D,20190916,000000,25.1904,25.5412,25.1216,25.4547,1928629.388347,0
UNM.US,D,20190917,000000,25.2071,25.3535,24.9939,25.2916,1477497.9077534,0
UNM.US,D,20190918,000000,25.1049,25.5284,24.9506,25.3948,1776848.8884506,0
UNM.US,D,20190919,000000,25.3879,25.6621,25.2769,25.3083,1927263.7017078,0
UNM.US,D,20190920,000000,25.3879,25.8419,25.1982,25.2169,3465238.5286813,0
UNM.US,D,20190923,000000,24.9428,25.5668,24.8661,25.3613,1395975.9813065,0
UNM.US,D,20190924,000000,25.3879,25.5835,25.0282,25.2415,2498384.2883021,0
UNM.US,D,20190925,000000,25.2169,25.4764,25.0755,25.0803,2226706.2709278,0
UNM.US,D,20190926,000000,25.0538,25.1727,24.7747,25.096,1854649.2679232,0
UNM.US,D,20190927,000000,25.3613,25.6356,25.1471,25.3446,1179279.5717875,0
UNM.US,D,20190930,000000,25.4547,25.4802,25.1816,25.4479,2058592.4844748,0
UNM.US,D,20191001,000000,25.6856,25.7122,24.141,24.1527,1574734.3894032,0
UNM.US,D,20191002,000000,23.8107,23.9817,23.0246,23.0836,1786522.6717532,0
UNM.US,D,20191003,000000,22.9215,23.0118,22.3731,22.7839,2898187.5254478,0
UNM.US,D,20191004,000000,22.7593,23.3332,22.6718,23.3332,1710631.4041547,0
UNM.US,D,20191007,000000,23.2378,23.5631,23.1327,23.3656,3300453.4762051,0
UNM.US,D,20191008,000000,22.947,22.9627,22.6217,22.8104,2336791.6046687,0
UNM.US,D,20191009,000000,23.1425,23.4363,23.0158,23.229,1602467.394091,0
UNM.US,D,20191010,000000,23.5041,23.9739,23.4343,23.5817,1766301.9612311,0
UNM.US,D,20191011,000000,24.137,24.6253,24.137,24.2224,1982091.644375,0
UNM.US,D,20191014,000000,23.9405,24.3197,23.8107,24.2392,781336.59930381,0
UNM.US,D,20191015,000000,24.3345,24.7698,24.1713,24.4524,1346636.2264524,0
UNM.US,D,20191016,000000,24.591,24.7629,24.078,24.0849,1971779.7943639,0
UNM.US,D,20191017,000000,24.3247,24.4013,23.8972,24.0191,1317799.0712404,0
UNM.US,D,20191018,000000,24.078,24.3768,24.078,24.2058,1792522.7376434,0
UNM.US,D,20191021,000000,24.5399,24.814,24.4878,24.7364,1396073.6757307,0
UNM.US,D,20191022,000000,24.6578,24.9123,24.4013,24.7973,1174856.863789,0
UNM.US,D,20191023,000000,24.6578,25.1,24.533,25.0607,1291895.801707,0
UNM.US,D,20191024,000000,25.0803,25.2247,24.3345,24.6175,1569389.6902757,0
UNM.US,D,20191025,000000,24.532,24.7717,24.5134,24.6421,1385266.2300466,0
UNM.US,D,20191028,000000,24.7904,25.0833,24.6961,24.7374,1446465.6809462,0
UNM.US,D,20191029,000000,24.5812,24.9791,24.5723,24.8238,1366988.213857,0
UNM.US,D,20191030,000000,24.4504,24.6421,23.4325,23.7528,2321520.744976,0
UNM.US,D,20191031,000000,23.6575,24.2186,23.3529,23.8206,2030307.91335,0
UNM.US,D,20191101,000000,24.1153,24.7717,24.0879,24.7717,2937633.6845447,0
UNM.US,D,20191104,000000,25.0656,25.4114,24.9457,25.3683,1698309.6948945,0
UNM.US,D,20191105,000000,25.5343,26.2733,25.4734,25.8881,1899947.9336236,0
UNM.US,D,20191106,000000,25.837,25.949,25.4645,25.5078,2551194.2305181,0
UNM.US,D,20191107,000000,25.7928,26.235,25.6787,25.7407,1282330.9069814,0
UNM.US,D,20191108,000000,25.7318,25.9579,25.2219,25.949,1399541.8277921,0
UNM.US,D,20191111,000000,25.5845,25.8704,25.5078,25.8105,955513.54596264,0
UNM.US,D,20191112,000000,25.7928,26.1642,25.5845,26.0846,1549694.0872841,0
UNM.US,D,20191113,000000,25.7928,25.8105,25.5422,25.6031,2386697.1730633,0
UNM.US,D,20191114,000000,25.5422,25.7662,25.439,25.6198,1411376.0825813,0
UNM.US,D,20191115,000000,25.7849,25.8674,25.5422,25.6886,1849142.7624056,0
UNM.US,D,20191118,000000,25.5245,25.6886,24.9791,25.2907,3522665.550094,0
UNM.US,D,20191119,000000,25.4114,25.7593,25.2897,25.3162,2164919.6358324,0
UNM.US,D,20191120,000000,25.1176,25.6503,24.9015,25.5756,2262117.4467725,0
UNM.US,D,20191121,000000,25.7662,26.0522,25.5943,25.9136,1831287.0710709,0
UNM.US,D,20191122,000000,25.949,26.3824,25.8979,26.1318,1920324.3446344,0
UNM.US,D,20191125,000000,26.0846,26.3371,25.9087,26.1907,1659828.2682372,0
UNM.US,D,20191126,000000,26.1377,26.1377,25.8065,26.0708,2079805.4039933,0
UNM.US,D,20191127,000000,26.3824,26.7263,26.2418,26.5101,2010875.8817739,0
UNM.US,D,20191129,000000,26.5101,26.9042,26.4157,26.5877,1094756.5947452,0
UNM.US,D,20191202,000000,26.7027,27.0123,26.346,26.3637,1682568.680785,0
UNM.US,D,20191203,000000,25.8625,25.8625,25.0145,25.0332,2677816.3808661,0
UNM.US,D,20191204,000000,24.9457,25.3869,24.9191,25.0833,2526175.2990543,0
UNM.US,D,20191205,000000,25.2827,25.3693,24.8838,24.9791,2217897.49034,0
UNM.US,D,20191206,000000,25.3869,25.5471,25.0567,25.3162,4938306.6048845,0
UNM.US,D,20191209,000000,25.326,25.7151,25.1531,25.611,2284175.0160008,0
UNM.US,D,20191210,000000,25.552,25.9952,25.4547,25.9048,3701662.0883498,0
UNM.US,D,20191211,000000,25.8979,26.2182,25.7505,26.1141,3224137.8484512,0
UNM.US,D,20191212,000000,26.3195,27.026,26.1642,26.8216,3017578.2530998,0
UNM.US,D,20191213,000000,26.9002,27.0859,26.2182,26.2418,1950659.4810184,0
UNM.US,D,20191216,000000,26.5553,26.7263,26.2261,26.287,2919052.4085798,0
UNM.US,D,20191217,000000,26.2084,26.6231,26.0443,26.3912,3198659.9567235,0
UNM.US,D,20191218,000000,26.3824,26.4187,25.5677,25.6198,3993961.7704457,0
UNM.US,D,20191219,000000,25.6198,25.6276,25.1874,25.3781,3681958.3441562,0
UNM.US,D,20191220,000000,25.5167,25.775,25.3604,25.439,5023655.913932,0
UNM.US,D,20191223,000000,25.4547,25.6031,25.2907,25.4479,1513463.7029859,0
UNM.US,D,20191224,000000,25.4802,25.5167,25.1433,25.2385,533721.9398059,0
UNM.US,D,20191226,000000,25.2219,25.3938,25.0921,25.1619,985379.5455802,0
UNM.US,D,20191227,000000,25.2582,25.2582,24.9103,24.9457,1678783.0218448,0
UNM.US,D,20191230,000000,25.0489,25.1108,24.8238,24.8681,1210702.5762917,0
UNM.US,D,20191231,000000,24.8238,25.2945,24.8238,25.2219,1538779.7883234,0
UNM.US,D,20200102,000000,25.4016,25.6641,25.2041,25.6375,2507185.9453381,0
UNM.US,D,20200103,000000,25.2385,25.326,24.8592,25.1344,2153390.676119,0
UNM.US,D,20200106,000000,24.8681,24.9791,24.6764,24.815,2726182.2444283,0
UNM.US,D,20200107,000000,24.7049,24.9889,24.5467,24.7904,2043880.3147709,0
UNM.US,D,20200108,000000,24.8415,25.1874,24.815,25.0047,1952850.4820126,0
UNM.US,D,20200109,000000,25.2385,25.2385,24.8592,24.9712,1649141.9229331,0
UNM.US,D,20200110,000000,24.9712,25.265,24.7639,24.8415,1711807.8078469,0
UNM.US,D,20200113,000000,24.9191,25.1648,24.7717,25.1108,1617177.5284944,0
UNM.US,D,20200114,000000,25.1619,25.1786,24.8926,24.9546,1852425.702121,0
UNM.US,D,20200115,000000,24.6578,24.8838,24.5635,24.7128,1302470.2054833,0
UNM.US,D,20200116,000000,24.9281,25.2385,24.8926,25.2041,1707924.4544824,0
UNM.US,D,20200117,000000,25.2827,25.6276,25.265,25.4016,1685196.2537376,0
UNM.US,D,20200121,000000,25.2219,25.2219,24.7197,24.9379,3565551.3670452,0
UNM.US,D,20200122,000000,25.0047,25.101,24.6764,24.7983,1273776.5389569,0
UNM.US,D,20200123,000000,24.6509,24.8878,24.0446,24.7983,2002854.7624817,0
UNM.US,D,20200124,000000,24.8238,24.8238,24.0122,24.306,1860555.7099901,0
UNM.US,D,20200127,000000,23.682,23.85,23.3282,23.397,2105772.7854926,0
UNM.US,D,20200128,000000,23.6476,24.0534,23.5189,23.6476,1782703.4303546,0
UNM.US,D,20200129,000000,23.7439,24.1753,23.6987,23.8206,1895327.8014762,0
UNM.US,D,20200130,000000,23.5985,24.0191,23.3529,23.9994,2914648.0182859,0
UNM.US,D,20200131,000000,23.6505,23.7812,23.0904,23.3272,3900626.959865,0
UNM.US,D,20200203,000000,23.457,23.8805,23.4049,23.625,2114832.9256928,0
UNM.US,D,20200204,000000,24.1655,24.3423,23.9306,24.1655,3308154.0356676,0
UNM.US,D,20200205,000000,25.7731,26.403,24.9093,26.403,3705719.4599075,0
UNM.US,D,20200206,000000,26.6742,26.7175,25.557,25.7387,2548745.7640099,0
UNM.US,D,20200207,000000,25.3633,25.8173,25.3388,25.7485,2317087.8604751,0
UNM.US,D,20200210,000000,25.6346,25.722,25.3466,25.6522,1869870.2627535,0
UNM.US,D,20200211,000000,25.7731,26.176,25.7387,25.9136,1744439.7808514,0
UNM.US,D,20200212,000000,26.2202,26.5828,26.1337,26.3872,2934565.4690326,0
UNM.US,D,20200213,000000,26.2635,26.4197,26.1161,26.3784,2215020.5930755,0
UNM.US,D,20200214,000000,26.3784,26.3784,26.0788,26.23,1646039.1073125,0
UNM.US,D,20200218,000000,26.0728,26.3872,25.7309,25.8979,1696348.6828575,0
UNM.US,D,20200219,000000,25.9589,26.0964,25.836,25.9589,1822345.9959503,0
UNM.US,D,20200220,000000,25.8261,26.5611,25.8261,26.3244,1947855.8545721,0
UNM.US,D,20200221,000000,26.0728,26.2673,25.6611,26.1927,1520063.1648749,0
UNM.US,D,20200224,000000,25.3191,25.3388,24.1055,24.1144,2694870.1638016,0
UNM.US,D,20200225,000000,24.1655,24.2008,22.2965,22.3751,2970824.347538,0
UNM.US,D,20200226,000000,22.6031,22.6699,22.0596,22.0783,3287579.1828576,0
UNM.US,D,20200227,000000,21.4317,21.8228,20.5817,20.906,3980775.0584707,0
UNM.US,D,20200228,000000,20.1012,20.5915,19.7612,20.3725,5157569.5283409,0
UNM.US,D,20200302,000000,20.5582,21.9211,20.1366,21.8837,4534406.3078213,0
UNM.US,D,20200303,000000,21.7717,22.3751,19.8928,19.9185,4156383.8390351,0
UNM.US,D,20200304,000000,20.4166,20.4431,19.4458,20.1975,3494588.5796207,0
UNM.US,D,20200305,000000,19.3327,19.3327,18.5712,18.8179,2971340.2962161,0
UNM.US,D,20200306,000000,17.732,18.6813,17.6594,18.0475,3960796.5487088,0
UNM.US,D,20200309,000000,16.1774,16.8152,14.4647,14.9806,4555310.8793132,0
UNM.US,D,20200310,000000,15.9937,16.1253,14.5875,16.1087,4462932.65997,0
UNM.US,D,20200311,000000,15.5652,15.9416,14.6563,15.2774,5056556.5466032,0
UNM.US,D,20200312,000000,13.8093,14.335,11.8528,11.8606,5670150.8017963,0
UNM.US,D,20200313,000000,13.1872,13.5558,12.0955,13.5558,7085523.1969201,0
UNM.US,D,20200316,000000,11.4489,11.6858,10.822,10.882,5154488.0833756,0
UNM.US,D,20200317,000000,11.1708,11.7987,10.1125,11.7477,4965505.3431896,0
UNM.US,D,20200318,000000,10.7581,11.1954,9.98776,10.3139,4946344.0065807,0
UNM.US,D,20200319,000000,10.0604,10.7119,9.17712,9.45708,5036242.2122579,0
UNM.US,D,20200320,000000,9.61431,10.48,9.03631,9.22911,5330217.9643201,0
UNM.US,D,20200323,000000,9.28315,9.35096,8.37292,9.07237,4439040.267336,0
UNM.US,D,20200324,000000,10.2343,11.781,9.91107,11.4489,6047355.0797793,0
UNM.US,D,20200325,000000,11.9393,13.8781,11.4234,12.7873,5029011.8072122,0
UNM.US,D,20200326,000000,13.0585,14.4038,12.7519,13.8781,4213502.5124212,0
UNM.US,D,20200327,000000,13.0133,14.9108,12.4119,13.9577,4926528.3208592,0
UNM.US,D,20200330,000000,13.993,14.1492,12.9259,13.932,3181177.7430316,0
UNM.US,D,20200331,000000,13.7739,14.1492,12.9347,13.1184,2727358.6481205,0
UNM.US,D,20200401,000000,12.2184,12.237,11.4136,11.4489,2686263.8956141,0
UNM.US,D,20200402,000000,11.2652,12.3333,11.0116,11.328,3479248.5197109,0
UNM.US,D,20200403,000000,11.3182,11.9649,11.3182,11.7654,3868531.2885437,0
UNM.US,D,20200406,000000,12.9347,13.1096,12.1141,12.4365,2819900.7091544,0
UNM.US,D,20200407,000000,13.6009,14.1159,12.3481,12.4276,5156272.0242687,0
UNM.US,D,20200408,000000,12.6379,13.4585,12.4994,13.2933,4555034.0784444,0
UNM.US,D,20200409,000000,13.8692,14.7969,13.4064,13.6167,6477989.0489821,0
UNM.US,D,20200413,000000,13.5469,13.8781,12.7519,13.765,3676854.8281386,0
UNM.US,D,20200414,000000,14.1247,14.7359,13.7523,14.2996,4015908.4157964,0
UNM.US,D,20200415,000000,13.3631,13.5813,12.8659,13.0763,3321245.0885189,0
UNM.US,D,20200416,000000,12.9003,13.1411,12.4994,12.691,2847241.9184949,0
UNM.US,D,20200417,000000,13.3631,13.8456,13.259,13.5558,2826660.9597833,0
UNM.US,D,20200420,000000,13.0841,13.5125,12.8561,13.2403,3010199.2711172,0
UNM.US,D,20200421,000000,12.6478,13.0763,12.4109,12.577,2464614.582315,0
UNM.US,D,20200422,000000,12.9622,13.259,12.6556,12.7873,2934462.6863571,0
UNM.US,D,20200423,000000,12.9789,13.4487,12.9003,12.9622,3310868.1088917,0
UNM.US,D,20200424,000000,13.1872,13.8731,13.0271,13.6785,5072043.1481495,0
UNM.US,D,20200427,000000,13.8034,14.6012,13.8034,14.4529,2644865.8833325,0
UNM.US,D,20200428,000000,15.2577,15.7372,14.9619,15.185,4282856.394796,0
UNM.US,D,20200429,000000,15.9957,16.3888,15.7903,16.0753,6538439.5092957,0
UNM.US,D,20200430,000000,15.5957,15.9426,15.0779,15.5495,4541685.5600792,0
UNM.US,D,20200501,000000,14.899,14.9521,14.4578,14.7025,3374158.8310607,0
UNM.US,D,20200504,000000,14.3832,15.2016,14.0716,15.1496,4299773.8125976,0
UNM.US,D,20200505,000000,13.6334,14.2141,13.4555,13.5263,6624062.5662611,0
UNM.US,D,20200506,000000,13.6697,13.9203,12.6183,12.6546,3802040.0563298,0
UNM.US,D,20200507,000000,12.9475,13.8221,12.9475,13.1529,3186231.3941867,0
UNM.US,D,20200508,000000,13.2953,13.8554,12.9573,13.8299,3280466.8252412,0
UNM.US,D,20200511,000000,13.5361,13.5803,12.9672,13.2069,3051248.2293621,0
UNM.US,D,20200512,000000,13.3946,13.5901,12.9672,12.975,3139425.588462,0
UNM.US,D,20200513,000000,12.7519,12.7981,11.9059,12.066,3606271.6242585,0
UNM.US,D,20200514,000000,11.6906,12.3874,11.4057,12.3146,4771769.158673,0
UNM.US,D,20200515,000000,12.0562,12.7155,11.844,12.4581,4913309.0440761,0
UNM.US,D,20200518,000000,13.2511,13.7051,13.1352,13.4643,3730556.231976,0
UNM.US,D,20200519,000000,13.3671,13.4477,12.8226,12.8954,2700791.8706223,0
UNM.US,D,20200520,000000,13.1164,13.314,12.9475,13.0369,2851865.1035931,0
UNM.US,D,20200521,000000,12.9209,13.4378,12.8777,13.4211,2794504.2294469,0
UNM.US,D,20200522,000000,13.3946,13.4555,13.0182,13.1086,2495084.0485324,0
UNM.US,D,20200526,000000,13.9203,14.4804,13.7002,14.1502,5075286.399505,0
UNM.US,D,20200527,000000,15.0159,15.1938,14.4175,14.7576,3626984.8775029,0
UNM.US,D,20200528,000000,14.9177,14.9874,13.9635,14.1866,4161654.2496941,0
UNM.US,D,20200529,000000,13.9292,14.0008,13.4014,13.5007,15635131.671262,0
UNM.US,D,20200601,000000,13.4732,14.3733,13.3317,14.3114,4260725.5547496,0
UNM.US,D,20200602,000000,14.4726,14.7742,13.9115,13.9449,4448651.9739732,0
UNM.US,D,20200603,000000,14.4175,15.2901,14.3114,15.0258,4930334.3328045,0
UNM.US,D,20200604,000000,14.9619,15.6055,14.5787,15.5574,3830018.3147285,0
UNM.US,D,20200605,000000,17.0205,17.338,16.2817,16.5499,4243816.27815,0
UNM.US,D,20200608,000000,17.4029,18.0455,17.0903,18.018,4922239.9426942,0
UNM.US,D,20200609,000000,17.0991,17.5365,16.9302,17.3233,3135466.9289788,0
UNM.US,D,20200610,000000,17.2072,17.2162,16.1656,16.1912,5146465.9464332,0
UNM.US,D,20200611,000000,14.8116,15.2292,14.3212,14.3212,4894365.4846212,0
UNM.US,D,20200612,000000,15.2115,15.3088,14.5256,15.2194,3088029.1624471,0
UNM.US,D,20200615,000000,14.5158,15.5574,14.1778,15.3285,5137982.8139264,0
UNM.US,D,20200616,000000,16.3248,16.4506,15.3933,15.6478,3916500.2685073,0
UNM.US,D,20200617,000000,15.5662,15.7019,15.1447,15.1673,3789371.3283334,0
UNM.US,D,20200618,000000,15.0336,15.5859,14.8902,15.2734,3498192.0791657,0
UNM.US,D,20200619,000000,15.6841,15.7903,14.677,14.6858,15265305.357612,0
UNM.US,D,20200622,000000,14.6327,14.8813,14.3212,14.6229,2736322.1115467,0
UNM.US,D,20200623,000000,14.9353,15.185,14.618,14.6327,2234392.5832868,0
UNM.US,D,20200624,000000,14.3212,14.3832,13.7846,13.8221,4438268.8884445,0
UNM.US,D,20200625,000000,13.6599,14.5885,13.5498,14.5699,3720812.230806,0
UNM.US,D,20200626,000000,14.2485,14.3458,13.6599,13.8299,4509417.9058651,0
UNM.US,D,20200629,000000,14.1159,14.3458,13.8221,14.3389,3246740.878215,0
UNM.US,D,20200630,000000,14.1159,14.8813,14.0804,14.7831,3487794.7465334,0
UNM.US,D,20200701,000000,14.7929,14.8902,14.1365,14.1699,4187378.412783,0
UNM.US,D,20200702,000000,14.7211,15.0159,14.3114,14.3458,2452024.2133881,0
UNM.US,D,20200706,000000,14.8725,15.122,14.6671,15.0425,2648443.9416211,0
UNM.US,D,20200707,000000,14.7831,14.9177,14.3458,14.3832,3611809.6769339,0
UNM.US,D,20200708,000000,14.3458,14.731,14.223,14.6583,2223355.1486455,0
UNM.US,D,20200709,000000,14.6052,14.618,13.7591,13.7936,3500389.1860614,0
UNM.US,D,20200710,000000,13.8927,14.6986,13.7936,14.6583,2694395.9387838,0
UNM.US,D,20200713,000000,14.8725,15.1673,14.5747,14.9088,2791185.6719726,0
UNM.US,D,20200714,000000,14.9177,15.1496,14.7074,15.0514,3215245.6205428,0
UNM.US,D,20200715,000000,15.4268,15.7068,15.0434,15.6478,2758951.600217,0
UNM.US,D,20200716,000000,15.5054,16.0232,15.2115,15.6665,2407755.4097434,0
UNM.US,D,20200717,000000,15.6576,15.7539,15.299,15.5859,3745000.7596635,0
UNM.US,D,20200720,000000,15.4591,15.524,15.1142,15.2292,2303757.6598144,0
UNM.US,D,20200721,000000,15.3707,16.0674,15.3707,15.8542,2910524.4994618,0
UNM.US,D,20200722,000000,15.6291,15.9957,15.5339,15.9249,2020244.3700006,0
UNM.US,D,20200723,000000,15.7903,16.3888,15.7657,16.2915,3103418.0695691,0
UNM.US,D,20200724,000000,16.3248,16.4221,16.0841,16.1558,2391637.8650404,0
UNM.US,D,20200727,000000,16.0409,16.315,15.7559,16.1293,2473321.5978775,0
UNM.US,D,20200728,000000,16.0409,16.3062,15.808,15.8876,2262807.4136439,0
UNM.US,D,20200729,000000,16.485,16.7091,15.7274,16.2109,4407237.6792875,0
UNM.US,D,20200730,000000,15.7627,15.8866,15.3462,15.5357,3280624.5610304,0
UNM.US,D,20200731,000000,15.5181,15.6252,15.298,15.5997,3406788.7687647,0
UNM.US,D,20200803,000000,15.5997,15.7431,15.3795,15.4552,3864915.5771957,0
UNM.US,D,20200804,000000,15.3893,15.5437,15.2822,15.3275,2172280.3001105,0
UNM.US,D,20200805,000000,15.5437,16.2011,15.5437,16.1961,2097939.9314972,0
UNM.US,D,20200806,000000,15.9524,16.087,15.4994,15.5437,2071562.436946,0
UNM.US,D,20200807,000000,15.408,16.2364,15.3324,16.2315,2351022.4258031,0
UNM.US,D,20200810,000000,16.3868,17.0196,16.3691,16.9832,2664482.1096044,0
UNM.US,D,20200811,000000,17.5443,17.8617,17.4186,17.509,4387970.5070523,0
UNM.US,D,20200812,000000,17.9247,17.961,17.1739,17.3999,3457810.6994865,0
UNM.US,D,20200813,000000,17.1296,17.4087,16.8801,17.0835,1922623.2165553,0
UNM.US,D,20200814,000000,16.885,17.4087,16.7798,17.2465,1485333.8146995,0
UNM.US,D,20200817,000000,17.1562,17.2377,16.657,16.7759,1852641.4439745,0
UNM.US,D,20200818,000000,16.7936,16.9282,16.4684,16.4939,1406505.6084716,0
UNM.US,D,20200819,000000,16.4595,16.828,16.3318,16.4939,1370967.2263453,0
UNM.US,D,20200820,000000,16.2964,16.485,16.1411,16.2964,1622908.9347179,0
UNM.US,D,20200821,000000,16.2315,16.4939,15.867,15.9701,1691439.5380382,0
UNM.US,D,20200824,000000,16.0694,17.0098,15.9524,17.0009,2560338.8356892,0
UNM.US,D,20200825,000000,17.2004,17.3281,16.771,16.885,1654840.7643485,0
UNM.US,D,20200826,000000,16.8378,16.9479,16.602,16.6314,1395793.8219112,0
UNM.US,D,20200827,000000,16.7032,17.2102,16.7032,17.056,1903554.4861194,0
UNM.US,D,20200828,000000,17.2465,17.2996,16.9479,17.2102,1456202.5585644,0
UNM.US,D,20200831,000000,17.2004,17.2004,16.712,16.7307,1957969.2627839,0
UNM.US,D,20200901,000000,16.5676,17.1651,16.4684,16.7847,1671092.6388848,0
UNM.US,D,20200902,000000,16.8113,16.9705,16.5214,16.9116,1505332.6774665,0
UNM.US,D,20200903,000000,17.0913,17.5866,16.4595,16.6501,3121165.889977,0
UNM.US,D,20200904,000000,17.1296,18.0976,16.9381,18.015,5104202.9314367,0
UNM.US,D,20200908,000000,17.7438,17.8086,16.8919,16.993,3275875.1873008,0
UNM.US,D,20200909,000000,17.1916,17.2633,16.6659,16.9282,2338497.1864923,0
UNM.US,D,20200910,000000,17.0285,17.4628,16.5853,16.603,4119445.170161,0
UNM.US,D,20200911,000000,16.6659,16.7936,16.3691,16.6934,2462552.822903,0
UNM.US,D,20200914,000000,16.9282,17.1739,16.7474,17.0481,2052516.0948157,0
UNM.US,D,20200915,000000,17.0746,17.2633,16.3622,16.4684,2598159.8073325,0
UNM.US,D,20200916,000000,16.5312,17.2465,16.4309,16.885,2344921.6125379,0
UNM.US,D,20200917,000000,16.6403,16.9282,16.4211,16.8476,1914238.7961229,0
UNM.US,D,20200918,000000,16.712,16.7759,16.3789,16.5312,6758615.2650288,0
UNM.US,D,20200921,000000,16.0782,16.2315,15.2371,15.4994,3889298.4772514,0
UNM.US,D,20200922,000000,15.5702,15.8159,15.1457,15.2459,2200935.2959273,0
UNM.US,D,20200923,000000,15.3177,15.58,14.7566,14.7566,2565305.9865729,0
UNM.US,D,20200924,000000,14.7742,15.0012,14.2947,14.6936,2175569.3457273,0
UNM.US,D,20200925,000000,14.5296,14.9648,14.5296,14.8922,1615635.7883615,0
UNM.US,D,20200928,000000,15.298,15.7529,15.1643,15.4611,1948851.1165193,0
UNM.US,D,20200929,000000,15.4552,15.4896,14.9108,15.1103,1840194.5637332,0
UNM.US,D,20200930,000000,15.1909,15.3893,15.0366,15.2371,2586543.3296974,0
UNM.US,D,20201001,000000,15.3982,15.5269,15.0818,15.3893,2017244.3370555,0
UNM.US,D,20201002,000000,15.0542,16.1106,15.0287,16.0065,2544663.9688462,0
UNM.US,D,20201005,000000,16.2964,16.7936,16.2639,16.712,2704972.3778606,0
UNM.US,D,20201006,000000,16.9577,17.3822,16.3996,16.485,3373664.2530378,0
UNM.US,D,20201007,000000,16.7474,17.2731,16.7474,17.11,2072419.2984589,0
UNM.US,D,20201008,000000,17.3183,17.4324,17.0049,17.2004,1999139.3214089,0
UNM.US,D,20201009,000000,17.338,17.3724,16.9194,16.9577,2030012.7947767,0
UNM.US,D,20201012,000000,17.0481,17.3822,16.9744,17.2996,1606827.0077737,0
UNM.US,D,20201013,000000,17.2465,17.2465,16.6757,16.7847,1832581.5221924,0
UNM.US,D,20201014,000000,16.7032,17.0835,16.6973,16.7572,1676476.0087218,0
UNM.US,D,20201015,000000,16.5214,17.056,16.4025,17.0285,1579463.4101277,0
UNM.US,D,20201016,000000,17.0648,17.1651,16.7307,16.885,1731305.9866895,0
UNM.US,D,20201019,000000,16.9194,17.0746,16.6757,16.7032,2039903.3375832,0
UNM.US,D,20201020,000000,16.9832,17.219,16.8673,16.9116,2336573.8275146,0
UNM.US,D,20201021,000000,16.8751,17.2004,16.7169,16.993,2761318.6547048,0
UNM.US,D,20201022,000000,16.9479,17.8195,16.8201,17.7802,2179055.8154933,0
UNM.US,D,20201023,000000,17.9708,18.3059,17.8166,18.1241,2533712.0168261,0
UNM.US,D,20201026,000000,17.8441,17.8892,17.1778,17.4186,2262788.0782891,0
UNM.US,D,20201027,000000,17.3537,17.3537,16.5214,16.5214,2841401.6236944,0
UNM.US,D,20201028,000000,16.1155,16.1548,14.9059,15.0012,6508126.7612172,0
UNM.US,D,20201029,000000,14.8764,15.7569,14.674,15.6969,3269648.1854042,0
UNM.US,D,20201030,000000,15.641,16.2964,15.6144,16.2679,4050196.1057622,0
UNM.US,D,20201102,000000,16.6826,17.0913,16.1941,17.052,3890938.9294589,0
UNM.US,D,20201103,000000,17.4745,18.0356,17.3075,17.9256,4592484.6253957,0
UNM.US,D,20201104,000000,17.3636,17.3822,16.6275,16.6629,3466170.6963128,0
UNM.US,D,20201105,000000,16.7926,17.731,16.7926,17.3921,2392277.9670494,0
UNM.US,D,20201106,000000,17.511,17.6397,16.54,16.7002,2927827.6067092,0
UNM.US,D,20201109,000000,18.3678,19.5559,18.3678,19.095,7453919.7119656,0
UNM.US,D,20201110,000000,19.5372,19.833,19.2797,19.7956,4384891.0973875,0
UNM.US,D,20201111,000000,19.8693,19.8693,19.0124,19.4271,2473714.4108751,0
UNM.US,D,20201112,000000,19.1147,19.1147,17.8794,18.3865,3285514.3704948,0
UNM.US,D,20201113,000000,18.7,19.3308,18.5624,19.2345,2048052.6808071,0
UNM.US,D,20201116,000000,20.0983,20.1563,19.4871,19.7494,2342088.4742343,0
UNM.US,D,20201117,000000,19.3524,19.7582,18.92,19.7121,1955486.1961672,0
UNM.US,D,20201118,000000,19.8044,20.5051,19.7081,19.7121,3142267.8856179,0
UNM.US,D,20201119,000000,19.4919,19.7769,19.207,19.7494,2239002.5389317,0
UNM.US,D,20201120,000000,19.5932,19.8418,19.4271,19.7219,3251420.0340771,0
UNM.US,D,20201123,000000,20.1563,20.6486,20.0157,20.6348,2371049.7827771,0
UNM.US,D,20201124,000000,21.1861,21.9467,20.9384,21.8503,2596996.6330936,0
UNM.US,D,20201125,000000,21.472,21.5693,21.0858,21.3521,1477907.003155,0
UNM.US,D,20201127,000000,21.6184,21.6469,21.2617,21.3158,830634.63049754,0
UNM.US,D,20201130,000000,21.0573,21.3698,20.4451,20.4776,2278558.6042559,0
UNM.US,D,20201201,000000,21.1782,21.2519,20.6977,20.7174,2669826.8087318,0
UNM.US,D,20201202,000000,20.5326,21.0986,20.4952,21.0122,2636998.4292285,0
UNM.US,D,20201203,000000,20.9935,21.6421,20.9296,21.5643,2498095.2756303,0
UNM.US,D,20201204,000000,21.9604,22.4104,21.8022,22.3476,3363456.2033525,0
UNM.US,D,20201207,000000,22.1078,22.1264,21.6184,21.8316,1806441.1401502,0
UNM.US,D,20201208,000000,21.5643,22.0105,21.3983,21.7098,1857267.6820235,0
UNM.US,D,20201209,000000,21.978,22.1353,21.6184,21.7766,1699137.04455,0
UNM.US,D,20201210,000000,21.3885,21.9879,21.306,21.9329,1715684.0376596,0
UNM.US,D,20201211,000000,21.4819,21.6469,21.1999,21.4357,2105872.5152173,0
UNM.US,D,20201214,000000,21.9417,21.9417,20.6701,20.6879,4207481.0758757,0
UNM.US,D,20201215,000000,20.8913,21.0435,20.4677,20.9463,3153349.07922,0
UNM.US,D,20201216,000000,21.0023,21.0475,20.4451,20.5129,2925676.2940749,0
UNM.US,D,20201217,000000,21.4081,22.0979,20.2476,20.3852,3495281.5994429,0
UNM.US,D,20201218,000000,20.2742,20.4402,19.603,19.9243,7445665.5507656,0
UNM.US,D,20201221,000000,19.7857,19.8044,19.1412,19.6758,3456931.4496682,0
UNM.US,D,20201222,000000,19.7582,20.0492,19.6197,19.6393,2759597.8081274,0
UNM.US,D,20201223,000000,19.888,20.3852,19.8575,20.1906,1479282.8662967,0
UNM.US,D,20201224,000000,20.2289,20.2742,19.888,20.1906,593486.50384911,0
UNM.US,D,20201228,000000,20.3665,20.8824,20.335,20.3478,1661903.2571025,0
UNM.US,D,20201229,000000,20.4501,20.6348,20.283,20.4402,1472767.8693786,0
UNM.US,D,20201230,000000,20.4304,20.8185,20.4304,20.6701,1258294.0080116,0
UNM.US,D,20201231,000000,20.6348,21.2322,20.5277,21.1301,1962664.7010501,0
UNM.US,D,20210104,000000,21.1497,21.3246,20.3302,20.3478,2651682.1047254,0
UNM.US,D,20210105,000000,20.3213,20.7449,20.1464,20.5129,2552979.1890614,0
UNM.US,D,20210106,000000,21.1497,22.1992,21.0298,21.8691,3538737.3005356,0
UNM.US,D,20210107,000000,22.1717,22.1992,21.6567,21.6666,2406964.695497,0
UNM.US,D,20210108,000000,22.0056,22.0155,21.076,21.5005,2581485.6079413,0
UNM.US,D,20210111,000000,21.2519,21.7766,21.076,21.6852,1525125.9748824,0
UNM.US,D,20210112,000000,21.923,22.9135,21.8218,22.6502,3031414.2259361,0
UNM.US,D,20210113,000000,22.5667,22.6689,22.2738,22.5411,1801355.9418372,0
UNM.US,D,20210114,000000,22.716,23.5258,22.6502,23.3784,2027175.5858721,0
UNM.US,D,20210115,000000,23.0108,23.3607,22.7515,23.231,2529992.5051524,0
UNM.US,D,20210119,000000,23.4343,24.2264,23.3695,24.0053,3047553.1412944,0
UNM.US,D,20210120,000000,23.9591,24.0977,23.7006,23.8314,1850025.0651747,0
UNM.US,D,20210121,000000,23.8019,24.0505,23.4806,23.4806,1616179.2135965,0
UNM.US,D,20210122,000000,23.1199,23.4993,22.9637,23.397,2616365.5703541,0
UNM.US,D,20210125,000000,23.0757,23.231,22.6542,23.0561,1854203.5371125,0
UNM.US,D,20210126,000000,23.1858,23.3469,22.8438,23.1956,1631701.4329016,0
UNM.US,D,20210127,000000,22.7898,23.0757,22.5126,22.7613,2660732.068423,0
UNM.US,D,20210128,000000,23.0089,23.344,22.6129,22.6542,4315247.1846906,0
UNM.US,D,20210129,000000,22.6364,22.8271,21.5643,21.6479,6115374.8226728,0
UNM.US,D,20210201,000000,21.7953,22.1609,21.4199,22.1137,2025564.645522,0
UNM.US,D,20210202,000000,22.4497,22.5431,22.0301,22.2542,2499445.6975157,0
UNM.US,D,20210203,000000,22.2542,22.4733,22.1324,22.4212,2237319.3454137,0
UNM.US,D,20210204,000000,22.5333,23.0354,22.4212,23.0089,2038023.7375663,0
UNM.US,D,20210205,000000,22.8684,23.0089,21.7315,21.761,3484254.3413041,0
UNM.US,D,20210208,000000,21.7953,22.3328,21.6194,22.3014,2581056.1595346,0
UNM.US,D,20210209,000000,22.151,22.3574,21.9378,22.2443,1846547.7542611,0
UNM.US,D,20210210,000000,22.3377,22.6492,22.0675,22.5244,1852577.3320086,0
UNM.US,D,20210211,000000,22.5058,22.8134,22.2247,22.6266,1914995.927911,0
UNM.US,D,20210212,000000,22.6079,23.4275,22.5893,23.0551,2323884.7465132,0
UNM.US,D,20210216,000000,23.2221,24.136,23.1956,23.8196,3111215.3058056,0
UNM.US,D,20210217,000000,23.8569,24.2854,23.8245,24.0347,2126557.2742546,0
UNM.US,D,20210218,000000,23.8097,24.1281,23.0698,23.344,2793798.9978217,0
UNM.US,D,20210219,000000,23.6142,24.0436,23.5346,23.8667,3121390.7906828,0
UNM.US,D,20210222,000000,23.7999,24.9939,23.7999,24.7413,2613265.8076842,0
UNM.US,D,20210223,000000,25.0675,25.1049,24.1537,24.816,2340113.2150937,0
UNM.US,D,20210224,000000,24.984,25.9814,24.9566,25.9057,3025985.0618377,0
UNM.US,D,20210225,000000,26.1219,26.2507,25.1423,25.3015,2839736.7478809,0
UNM.US,D,20210226,000000,25.041,25.4764,24.3227,24.6764,3459339.2101662,0
UNM.US,D,20210301,000000,25.2729,25.6424,25.1707,25.3486,2477647.6291019,0
UNM.US,D,20210302,000000,25.2552,25.4694,25.0499,25.0499,2100564.451499,0
UNM.US,D,20210303,000000,25.3575,26.8206,25.329,26.2801,3200810.2517076,0
UNM.US,D,20210304,000000,26.2605,26.4187,24.9015,25.4409,4594499.5728961,0
UNM.US,D,20210305,000000,25.9725,26.9307,25.1246,26.8284,5128131.9594798,0
UNM.US,D,20210308,000000,27.2402,28.2739,27.0633,27.4358,3157797.2284748,0
UNM.US,D,20210309,000000,26.9965,27.2952,26.3539,26.5602,3716700.9237849,0
UNM.US,D,20210310,000000,26.6437,27.5281,26.5209,27.3139,2943519.7736066,0
UNM.US,D,20210311,000000,27.0535,27.5006,26.7921,26.9896,1752461.9177938,0
UNM.US,D,20210312,000000,27.4918,27.5654,26.9748,27.0633,2828419.4594201,0
UNM.US,D,20210315,000000,27.0151,27.024,26.177,26.8569,2611715.9263493,0
UNM.US,D,20210316,000000,26.5602,26.6987,25.609,26.0826,3903278.9564236,0
UNM.US,D,20210317,000000,26.4275,26.6437,26.0385,26.3342,2514971.9874218,0
UNM.US,D,20210318,000000,26.6801,27.4583,26.3922,26.5308,2744342.2131885,0
UNM.US,D,20210319,000000,26.2801,26.5022,25.721,25.9893,8699897.0989682,0
UNM.US,D,20210322,000000,25.721,25.9254,25.2827,25.3928,2500080.7112734,0
UNM.US,D,20210323,000000,25.0675,25.3575,24.3149,24.4996,3135176.8986568,0
UNM.US,D,20210324,000000,24.873,25.3663,24.2902,24.304,2943993.9986243,0
UNM.US,D,20210325,000000,24.2667,25.3348,23.9768,25.1894,2393425.8765345,0
UNM.US,D,20210326,000000,25.5245,26.0659,25.2631,25.8321,2766792.5954144,0
UNM.US,D,20210329,000000,25.3486,25.6552,24.9379,25.2552,2335491.0476457,0
UNM.US,D,20210330,000000,25.496,26.0826,25.496,26.0286,2286041.3865643,0
UNM.US,D,20210331,000000,25.8518,26.2703,25.7947,25.9352,2245190.8701186,0
UNM.US,D,20210401,000000,25.7112,26.233,25.7112,26.2242,2468573.2417982,0
UNM.US,D,20210405,000000,26.5779,26.7371,25.9057,25.9254,1747622.990842,0
UNM.US,D,20210406,000000,25.9725,26.1446,25.6827,25.7672,2834950.7387422,0
UNM.US,D,20210407,000000,25.8704,26.1121,25.721,26.0659,1642565.8669999,0
UNM.US,D,20210408,000000,25.8133,25.9725,25.2552,25.3849,2151058.2217397,0
UNM.US,D,20210409,000000,25.6276,25.7947,25.4744,25.7485,2043932.2149338,0
UNM.US,D,20210412,000000,25.9539,26.7273,25.9539,26.6339,3130596.4548692,0
UNM.US,D,20210413,000000,26.4099,26.6987,26.0748,26.4187,2878564.1756241,0
UNM.US,D,20210414,000000,26.4275,27.2451,26.401,27.0633,1679398.7002477,0
UNM.US,D,20210415,000000,27.0338,27.192,26.6339,26.9218,2067375.8238063,0
UNM.US,D,20210416,000000,27.2756,27.5419,27.082,27.1174,2512207.0316851,0
UNM.US,D,20210419,000000,27.2402,27.4092,26.9602,27.137,1636559.6952082,0
UNM.US,D,20210420,000000,26.8284,26.8619,25.9725,26.2801,1964666.4190972,0
UNM.US,D,20210421,000000,26.2153,26.8864,25.9539,26.8668,1205805.6432755,0
UNM.US,D,20210422,000000,26.8569,26.8569,26.1957,26.3539,1666512.1950972,0
UNM.US,D,20210423,000000,26.3539,26.9503,26.1859,26.8108,1661831.0039346,0
UNM.US,D,20210426,000000,26.97,27.2205,26.457,26.6054,1992812.5897876,0
UNM.US,D,20210427,000000,26.6339,26.8569,26.512,26.8206,1623569.3897319,0
UNM.US,D,20210428,000000,26.9798,27.1655,26.7735,26.9405,1161671.1694642,0
UNM.US,D,20210429,000000,27.2088,27.4829,26.8904,27.1812,1439725.7833222,0
UNM.US,D,20210430,000000,26.9935,27.1812,26.5317,26.5966,3123553.2974699,0
UNM.US,D,20210503,000000,27.0967,27.4986,26.8904,27.1439,1683389.924539,0
UNM.US,D,20210504,000000,27.1046,27.2943,26.5701,27.0781,1730533.5901477,0
UNM.US,D,20210505,000000,27.3316,27.9811,27.3316,27.7463,2115353.9626222,0
UNM.US,D,20210506,000000,27.7846,28.4518,27.2844,28.2828,2212640.3091343,0
UNM.US,D,20210507,000000,27.708,28.1502,27.6323,28.1315,2267220.9627901,0
UNM.US,D,20210510,000000,28.2346,29.007,28.1786,28.5275,2420090.3484569,0
UNM.US,D,20210511,000000,28.2828,28.6022,27.9113,28.1227,2040675.734125,0
UNM.US,D,20210512,000000,28.4891,28.5933,27.2383,27.3129,2107042.813008,0
UNM.US,D,20210513,000000,27.1046,28.4714,27.0692,28.2926,2097794.4075111,0
UNM.US,D,20210514,000000,28.4616,28.9795,28.2917,28.9313,1469916.4133704,0
UNM.US,D,20210517,000000,28.837,29.1485,28.6022,29.064,1566997.1945315,0
UNM.US,D,20210518,000000,28.8557,29.2989,28.7712,28.7909,1694711.2836008,0
UNM.US,D,20210519,000000,28.3388,28.6022,27.6323,28.5737,2512283.3554541,0
UNM.US,D,20210520,000000,28.5088,28.5737,27.7924,28.0096,2182015.1424282,0
UNM.US,D,20210521,000000,28.1138,28.6445,28.1138,28.3673,2204912.273115,0
UNM.US,D,20210524,000000,28.4616,28.5648,28.2081,28.4891,1373872.6178169,0
UNM.US,D,20210525,000000,28.4714,28.8852,27.6618,27.7168,1360545.4701069,0
UNM.US,D,20210526,000000,27.8691,28.1885,27.6057,28.1138,1123224.3429155,0
UNM.US,D,20210527,000000,28.5462,29.1534,28.4714,29.1298,2494822.5124175,0
UNM.US,D,20210528,000000,29.177,29.2242,28.4046,29.1485,2471222.1854061,0
UNM.US,D,20210601,000000,29.572,29.8363,29.346,29.6566,1935119.961659,0
UNM.US,D,20210602,000000,29.8453,30.0998,29.4581,29.7027,1390839.9004809,0
UNM.US,D,20210603,000000,29.5062,30.0212,29.3736,29.7695,1358964.0416141,0
UNM.US,D,20210604,000000,29.6939,29.7322,29.2517,29.5818,1358792.0587214,0
UNM.US,D,20210607,000000,29.7027,29.9534,29.4629,29.8541,2047445.1436062,0
UNM.US,D,20210608,000000,29.6664,30.0703,29.1849,30.024,1492498.0724788,0
UNM.US,D,20210609,000000,29.8167,29.8167,29.1396,29.1485,1221563.9574393,0
UNM.US,D,20210610,000000,29.6183,29.742,28.5275,28.5364,1637712.6929445,0
UNM.US,D,20210611,000000,28.6866,28.8007,28.4803,28.6405,2107829.4566534,0
UNM.US,D,20210614,000000,28.6866,28.895,28.3388,28.4145,1874890.3314503,0
UNM.US,D,20210615,000000,28.4518,28.8557,28.2346,28.5275,2478066.901006,0
UNM.US,D,20210616,000000,28.3388,28.8458,28.0096,28.6405,1704798.232906,0
UNM.US,D,20210617,000000,28.8105,28.8292,26.5218,26.6064,2739038.2200712,0
UNM.US,D,20210618,000000,26.1367,26.4089,25.384,25.4399,3988489.8650367,0
UNM.US,D,20210621,000000,25.7318,26.5415,25.7318,26.5415,1805034.7475009,0
UNM.US,D,20210622,000000,26.4855,26.5701,25.9677,26.2212,1683506.9543181,0
UNM.US,D,20210623,000000,26.3627,26.5268,26.2025,26.2212,1251301.733125,0
UNM.US,D,20210624,000000,26.3529,26.8422,26.1279,26.7577,1388730.3115069,0
UNM.US,D,20210625,000000,26.965,27.7217,26.74,27.6057,2655199.1039988,0
UNM.US,D,20210628,000000,27.4358,27.478,26.5916,26.74,1940872.7385378,0
UNM.US,D,20210629,000000,27.0594,27.3787,26.4,26.5218,1446805.5761306,0
UNM.US,D,20210630,000000,26.3529,26.7478,26.3431,26.7302,1547681.1750842,0
UNM.US,D,20210701,000000,26.9748,27.2186,26.7666,27.1341,1377226.7930499,0
UNM.US,D,20210702,000000,27.0496,27.0879,26.8422,27.0024,879146.01804589,0
UNM.US,D,20210706,000000,26.8806,26.9169,25.8694,26.0522,2314222.1573633,0
UNM.US,D,20210707,000000,25.6945,26.1181,25.5707,25.9097,1386742.8405633,0
UNM.US,D,20210708,000000,25.3172,25.5442,24.7904,25.1304,1829423.7534582,0
UNM.US,D,20210709,000000,25.8448,26.292,25.6749,26.2683,1658301.7928581,0
UNM.US,D,20210712,000000,26.1367,26.7007,25.723,26.5415,1919717.8250837,0
UNM.US,D,20210713,000000,26.4177,26.5789,25.9097,26.0138,1365894.2398353,0
UNM.US,D,20210714,000000,26.0886,26.5789,25.6896,25.9589,1287403.8934914,0
UNM.US,D,20210715,000000,25.5805,26.174,25.5618,25.9677,1504230.5622427,0
UNM.US,D,20210716,000000,26.174,26.174,25.3643,25.4498,1590642.2981541,0
UNM.US,D,20210719,000000,24.7521,24.8936,24.1979,24.5644,2529074.5846244,0
UNM.US,D,20210720,000000,24.5182,25.7878,24.4701,25.4685,2214475.13254,0
UNM.US,D,20210721,000000,25.9294,26.7577,25.7878,26.2398,2061270.93994,0
UNM.US,D,20210722,000000,26.174,26.174,25.6463,25.7603,1615398.6758526,0
UNM.US,D,20210723,000000,26.062,26.3066,25.7603,25.9097,1741533.3717296,0
UNM.US,D,20210726,000000,25.9765,26.5877,25.9677,26.3155,1753222.1025326,0
UNM.US,D,20210727,000000,25.9392,26.4137,25.7407,26.1642,1263012.8522336,0
UNM.US,D,20210728,000000,26.3155,26.4089,25.6561,26.0886,1498874.6689625,0
UNM.US,D,20210729,000000,26.4983,26.7695,26.1887,26.3185,1983365.7424914,0
UNM.US,D,20210730,000000,26.2035,26.5268,25.9372,26.0708,4633907.0612834,0
UNM.US,D,20210802,000000,26.2605,26.908,25.8271,25.8802,3267191.5776941,0
UNM.US,D,20210803,000000,26.0423,26.1082,25.0705,25.9274,3465415.5998253,0
UNM.US,D,20210804,000000,24.4524,25.0705,23.568,23.6338,7830754.5829068,0
UNM.US,D,20210805,000000,23.8628,24.5202,23.7586,24.2627,4935652.5730254,0
UNM.US,D,20210806,000000,24.7197,25.4792,24.7197,25.3378,2684720.1201807,0
UNM.US,D,20210809,000000,25.2149,25.5746,24.8533,25.2907,1632626.4769813,0
UNM.US,D,20210810,000000,25.1854,25.9176,25.044,25.6041,1869322.7669175,0
UNM.US,D,20210811,000000,25.7289,26.1937,25.381,26.0522,1680593.4216445,0
UNM.US,D,20210812,000000,26.0984,26.2232,25.7092,26.0227,1447205.5126799,0
UNM.US,D,20210813,000000,26.0522,26.1839,25.6896,25.7367,1100379.1123916,0
UNM.US,D,20210816,000000,25.5579,25.7662,25.1953,25.3575,1946530.873943,0
UNM.US,D,20210817,000000,24.9949,25.271,24.7099,25.0803,1687002.5829362,0
UNM.US,D,20210818,000000,24.8435,25.3476,24.7286,24.7954,1488762.278401,0
UNM.US,D,20210819,000000,24.3394,24.643,23.9385,24.0623,2116966.9382728,0
UNM.US,D,20210820,000000,23.9581,24.2146,23.8157,24.1959,1705322.3227862,0
UNM.US,D,20210823,000000,24.5006,24.9093,24.5006,24.6716,1589279.6644656,0
UNM.US,D,20210824,000000,24.8622,25.3938,24.7197,25.2523,1482822.2538757,0
UNM.US,D,20210825,000000,25.3575,25.8616,25.1756,25.5087,1272237.8517747,0
UNM.US,D,20210826,000000,25.5185,25.6797,25.1904,25.2327,1198150.8780744,0
UNM.US,D,20210827,000000,25.3859,25.8586,25.2907,25.7662,1168759.1034746,0
UNM.US,D,20210830,000000,25.8518,25.8518,25.2149,25.2238,1120198.8687141,0
UNM.US,D,20210831,000000,25.1295,25.6513,25.1,25.328,1900955.4073739,0
UNM.US,D,20210901,000000,25.5284,25.5382,25.0342,25.1098,1570263.8518429,0
UNM.US,D,20210902,000000,25.1658,25.4331,24.9103,25.2238,1642921.0269381,0
UNM.US,D,20210903,000000,25.1953,25.3575,24.872,25.1295,1947263.582125,0
UNM.US,D,20210907,000000,25.0342,25.6434,24.9575,24.9664,3210223.5165455,0
UNM.US,D,20210908,000000,24.9949,25.1,24.6961,24.8622,1516044.4640269,0
UNM.US,D,20210909,000000,24.7384,25.3938,24.6243,25.044,1871518.856163,0
UNM.US,D,20210910,000000,25.271,25.4134,24.53,24.5389,2251290.6657336,0
UNM.US,D,20210913,000000,24.7954,25.1521,24.5477,25.0047,2346047.1337174,0
UNM.US,D,20210914,000000,25.044,25.1953,24.5693,24.814,3109693.9186778,0
UNM.US,D,20210915,000000,24.757,25.0342,24.4298,24.7669,3033499.391304,0
UNM.US,D,20210916,000000,24.8622,24.985,24.4573,24.5762,1951581.4721474,0
UNM.US,D,20210917,000000,24.6342,25.0902,22.9027,23.0924,51085390.373987,0
UNM.US,D,20210920,000000,22.7112,22.8163,22.1647,22.6935,8716528.5570488,0
UNM.US,D,20210921,000000,22.8251,22.9027,22.2837,22.2837,4559043.6204402,0
UNM.US,D,20210922,000000,22.6069,22.8644,22.4547,22.4645,4791688.6447203,0
UNM.US,D,20210923,000000,22.6837,23.2831,22.6159,22.9401,3851056.1984035,0
UNM.US,D,20210924,000000,23.0069,23.5533,22.9027,23.1592,2751832.1190487,0
UNM.US,D,20210927,000000,23.4923,24.362,23.4825,24.0918,2844872.8287065,0
UNM.US,D,20210928,000000,24.2726,24.3247,23.5484,23.5779,2214605.3917724,0
UNM.US,D,20210929,000000,23.7203,23.8628,23.3872,23.8343,4537361.5641553,0
UNM.US,D,20210930,000000,23.9964,24.2196,23.7773,23.8442,5371294.3991219,0
UNM.US,D,20211001,000000,23.9768,24.7482,23.7586,24.5958,2484153.4671677,0
UNM.US,D,20211004,000000,24.5958,25.2051,24.53,24.7384,4166023.0222291,0
UNM.US,D,20211005,000000,24.8238,25.4429,24.6243,25.3859,4336001.1439451,0
UNM.US,D,20211006,000000,25.0047,25.5746,24.8386,25.3575,3656363.4226494,0
UNM.US,D,20211007,000000,25.5746,26.1181,25.5579,25.9274,3003570.2973708,0
UNM.US,D,20211008,000000,25.9274,27.2166,25.8321,26.9454,7198092.614928,0
UNM.US,D,20211011,000000,27.2786,27.5301,26.7488,26.8128,3605227.5150992,0
UNM.US,D,20211012,000000,26.7558,26.8599,26.0708,26.1564,2682902.5968293,0
UNM.US,D,20211013,000000,26.0227,26.1377,25.4036,25.7367,2463797.4091621,0
UNM.US,D,20211014,000000,26.0708,26.2841,25.8901,26.175,1556121.5662805,0
UNM.US,D,20211015,000000,26.5661,26.6791,26.1475,26.1475,1693207.1965272,0
UNM.US,D,20211018,000000,25.9274,26.4129,25.9077,26.1937,1775685.7142117,0
UNM.US,D,20211019,000000,26.4708,26.6221,26.3185,26.5465,1278277.6060248,0
UNM.US,D,20211020,000000,26.4129,27.2412,26.3086,27.2412,1558233.1905549,0
UNM.US,D,20211021,000000,27.1645,27.25,26.2939,26.517,1612493.284381,0
UNM.US,D,20211022,000000,26.6319,26.746,26.3656,26.5071,3084017.5851508,0
UNM.US,D,20211025,000000,26.6417,26.7646,26.3273,26.346,1471220.0233442,0
UNM.US,D,20211026,000000,26.8412,27.1645,26.3754,26.3754,2668439.7514373,0
UNM.US,D,20211027,000000,26.1652,26.3136,25.6896,25.6896,3437444.4649784,0
UNM.US,D,20211028,000000,25.7858,25.9785,25.4105,25.7957,2588316.0764377,0
UNM.US,D,20211029,000000,25.7574,25.8055,24.3718,24.5064,3900518.0712879,0
UNM.US,D,20211101,000000,24.7374,25.3437,24.7276,25.266,2168850.8187587,0
UNM.US,D,20211102,000000,25.1894,25.2808,24.8533,25.103,3931483.1331785,0
UNM.US,D,20211103,000000,24.5064,25.7475,23.852,25.2572,4330895.5926271,0
UNM.US,D,20211104,000000,25.2091,25.4399,24.5733,24.9683,3822267.8904036,0
UNM.US,D,20211105,000000,25.324,26.0934,25.3053,25.3633,3077785.495003,0
UNM.US,D,20211108,000000,25.5363,25.8438,24.9772,25.1128,1940797.4324191,0
UNM.US,D,20211109,000000,24.8906,25.1226,24.5733,24.7374,1363157.7783057,0
UNM.US,D,20211110,000000,24.8337,25.1992,24.5457,24.6598,3459710.6525084,0
UNM.US,D,20211111,000000,24.8238,25.3869,24.6941,25.2474,3322342.1154914,0
UNM.US,D,20211112,000000,25.1413,25.5363,25.0636,25.4872,1562028.0083474,0
UNM.US,D,20211115,000000,25.6228,25.7957,25.3633,25.5363,1457742.2633968,0
UNM.US,D,20211116,000000,25.5363,25.6276,25.1128,25.1226,1563454.7540017,0
UNM.US,D,20211117,000000,24.9496,25.497,24.9299,25.382,2593544.7634363,0
UNM.US,D,20211118,000000,25.3437,25.5313,24.6028,24.8042,2151917.118553,0
UNM.US,D,20211119,000000,24.3817,24.5537,24.0584,24.3139,2495969.4042523,0
UNM.US,D,20211122,000000,24.4396,24.8337,24.1841,24.5064,2173524.8863696,0
UNM.US,D,20211123,000000,24.7089,24.9496,24.6598,24.8435,1432695.8553763,0
UNM.US,D,20211124,000000,24.6794,24.8337,24.4721,24.5359,1991328.8557191,0
UNM.US,D,20211126,000000,23.3902,23.6495,22.5824,23.5258,3137064.6398756,0
UNM.US,D,20211129,000000,23.8805,23.967,22.9047,23.0433,2417085.2272606,0
UNM.US,D,20211130,000000,22.6983,22.775,22.0528,22.2257,3775592.3439112,0
UNM.US,D,20211201,000000,22.7839,22.948,21.5231,21.533,2587002.2899614,0
UNM.US,D,20211202,000000,21.7923,22.4183,21.6341,22.1589,2998293.7808103,0
UNM.US,D,20211203,000000,22.5922,22.7553,22.1147,22.3318,3240357.1581795,0
UNM.US,D,20211206,000000,22.6787,23.169,22.496,22.7455,2669749.4673126,0
UNM.US,D,20211207,000000,22.9765,23.4668,22.8124,23.1887,2412126.2175789,0
UNM.US,D,20211208,000000,23.2939,23.5346,23.1199,23.1199,1757098.3323453,0
UNM.US,D,20211209,000000,22.9568,23.3184,22.8704,23.2261,1454998.6783154,0
UNM.US,D,20211210,000000,23.4766,23.4963,22.948,23.1022,1318643.7209501,0
UNM.US,D,20211213,000000,22.9666,23.0629,22.4665,22.5244,2979764.4050083,0
UNM.US,D,20211214,000000,22.5529,23.1985,22.5333,22.8998,2088956.115066,0
UNM.US,D,20211215,000000,23.0158,23.2604,22.4183,23.1887,1940869.685587,0
UNM.US,D,20211216,000000,23.5159,23.7361,23.1022,23.2654,2027155.232867,0
UNM.US,D,20211217,000000,23.2172,23.3037,22.5922,22.8036,5704922.8932824,0
UNM.US,D,20211220,000000,22.3613,22.4282,21.4081,21.8218,3021264.1823153,0
UNM.US,D,20211221,000000,22.038,23.0924,22.038,22.9382,1870868.5776515,0
UNM.US,D,20211222,000000,22.9666,23.3086,22.8517,23.1789,1174948.4523118,0
UNM.US,D,20211223,000000,23.3715,23.7557,23.3135,23.5434,1300977.3125625,0
UNM.US,D,20211227,000000,23.5434,23.7557,23.342,23.6594,1312549.0135864,0
UNM.US,D,20211228,000000,23.6594,24.0485,23.6122,23.7459,912712.19398244,0
UNM.US,D,20211229,000000,23.7459,23.9149,23.6299,23.7557,1013003.661691,0
UNM.US,D,20211230,000000,23.8235,24.0829,23.7174,23.7272,890087.79356341,0
UNM.US,D,20211231,000000,23.6299,23.9198,23.6122,23.6397,831860.8990521,0
UNM.US,D,20220103,000000,23.8717,24.4485,23.8618,24.3423,1545928.781349,0
UNM.US,D,20220104,000000,24.6646,25.3535,24.6646,25.2091,2244474.4443407,0
UNM.US,D,20220105,000000,25.3437,25.9598,25.2189,25.2474,2414409.8247461,0
UNM.US,D,20220106,000000,25.7475,26.3057,25.4774,26.0659,3156671.7072953,0
UNM.US,D,20220107,000000,26.1229,27.0417,25.9402,26.8344,2691002.0751909,0
UNM.US,D,20220110,000000,26.9307,27.0761,26.1947,26.3637,2364610.0919778,0
UNM.US,D,20220111,000000,26.3922,26.4797,25.9598,26.46,1784668.5129927,0
UNM.US,D,20220112,000000,26.5848,26.911,26.1033,26.2673,2373182.7777069,0
UNM.US,D,20220113,000000,26.46,26.8972,26.3735,26.6997,1838393.3227859,0
UNM.US,D,20220114,000000,26.2477,27.0368,26.1327,27.0368,1950088.5792266,0
UNM.US,D,20220118,000000,27.0948,27.2098,26.4845,26.6133,1950243.2620651,0
UNM.US,D,20220119,000000,26.7577,26.7577,25.9107,25.9402,2105668.9851668,0
UNM.US,D,20220120,000000,26.0836,26.512,25.608,25.6611,1646619.1679566,0
UNM.US,D,20220121,000000,25.497,25.552,24.6323,24.7276,2372605.7700136,0
UNM.US,D,20220124,000000,24.0829,24.7659,23.3567,24.6794,2542241.9612447,0
UNM.US,D,20220125,000000,24.3423,25.3633,23.7174,25.1992,2752855.875203,0
UNM.US,D,20220126,000000,25.4596,25.834,24.9496,25.266,2838429.0673061,0
UNM.US,D,20220127,000000,25.4616,25.8792,24.2401,24.644,3318662.2921775,0
UNM.US,D,20220128,000000,24.5172,24.5949,23.5827,24.3227,2954404.5607099,0
UNM.US,D,20220131,000000,24.0888,24.7266,23.8265,24.702,2907083.8239573,0
UNM.US,D,20220201,000000,24.7314,24.7993,24.3423,24.6626,5181392.7207577,0
UNM.US,D,20220202,000000,24.8533,25.5775,24.4878,25.0715,2895552.8289434,0
UNM.US,D,20220203,000000,25.1688,25.8115,25.0813,25.1501,2687292.7400197,0
UNM.US,D,20220204,000000,25.1501,26.6487,25.101,26.4147,3323444.2307151,0
UNM.US,D,20220207,000000,26.5415,26.8677,26.4147,26.5611,2861627.4224677,0
UNM.US,D,20220208,000000,26.9798,27.9428,26.7607,27.9045,3707579.7245695,0
UNM.US,D,20220209,000000,27.8357,28.1089,27.4465,27.4858,2931859.5370106,0
UNM.US,D,20220210,000000,27.3984,28.7407,27.3984,28.0204,2795935.0457022,0
UNM.US,D,20220211,000000,27.933,29.2664,27.8161,28.4587,3414485.2576262,0
UNM.US,D,20220214,000000,28.3034,28.4293,27.5537,27.7876,3232255.6445174,0
UNM.US,D,20220215,000000,28.0499,28.7604,28.0116,28.7024,2084327.8417165,0
UNM.US,D,20220216,000000,28.4784,29.1888,28.4784,28.8193,2242168.448868,0
UNM.US,D,20220217,000000,28.381,28.615,27.7924,28.0018,2160900.9349843,0
UNM.US,D,20220218,000000,27.7876,28.3231,27.7001,28.0499,3646664.1980905,0
UNM.US,D,20220222,000000,27.8259,28.1177,27.0673,27.3886,2988283.155274,0
UNM.US,D,20220223,000000,27.7188,27.9428,27.0967,27.2028,2517395.0126736,0
UNM.US,D,20220224,000000,26.0257,26.6683,25.6561,26.571,3313417.3227748,0
UNM.US,D,20220225,000000,26.9012,27.8848,26.7223,27.7581,3131076.7857885,0
UNM.US,D,20220228,000000,26.7941,27.3689,26.7941,27.1744,2261910.8637712,0
UNM.US,D,20220301,000000,26.7361,26.911,25.4174,26.1622,4801954.70047,0
UNM.US,D,20220302,000000,26.4442,27.7138,26.4442,27.5832,3194065.2658324,0
UNM.US,D,20220303,000000,27.7099,28.0204,27.3099,27.8161,2640989.6535198,0
UNM.US,D,20220304,000000,26.9307,27.2421,26.5946,26.7853,2999284.9721565,0
UNM.US,D,20220307,000000,26.4924,26.5897,25.6266,25.6463,2503086.85012,0
UNM.US,D,20220308,000000,26.2978,26.7558,25.6945,25.8792,2854455.0234863,0
UNM.US,D,20220309,000000,26.7361,27.3984,26.5838,26.8039,1957205.0074441,0
UNM.US,D,20220310,000000,26.454,26.9503,26.3666,26.6487,1921297.218276,0
UNM.US,D,20220311,000000,27.0476,27.252,26.2792,26.3371,2316250.3343171,0
UNM.US,D,20220314,000000,26.9798,27.4269,26.6585,26.8138,2727447.1836925,0
UNM.US,D,20220315,000000,26.8924,27.3375,26.629,27.0378,1931941.8399197,0
UNM.US,D,20220316,000000,27.4269,28.4587,27.4269,28.4489,4156392.9978874,0
UNM.US,D,20220317,000000,28.2248,28.7024,27.9143,28.7024,2223360.2368968,0
UNM.US,D,20220318,000000,28.5079,28.7358,27.987,28.6828,4759480.0142209,0
UNM.US,D,20220321,000000,28.9264,29.1112,28.4489,28.8675,1817261.8152876,0
UNM.US,D,20220322,000000,29.1986,29.9091,29.1986,29.5583,2115974.7292763,0
UNM.US,D,20220323,000000,29.4031,29.8216,29.3441,29.4326,3120853.4713494,0
UNM.US,D,20220324,000000,29.6369,30.4732,29.632,30.4152,2536886.0679645,0
UNM.US,D,20220325,000000,30.2402,31.2858,30.2402,30.9507,2110980.1018359,0
UNM.US,D,20220328,000000,30.766,30.8338,30.2785,30.6491,1731807.6882641,0
UNM.US,D,20220329,000000,31.048,31.388,30.5125,30.931,2249200.4121145,0
UNM.US,D,20220330,000000,30.9988,31.218,30.5173,30.6775,1884475.5791809,0
UNM.US,D,20220331,000000,30.6589,31.2032,30.6392,30.6687,2391964.5307715,0
UNM.US,D,20220401,000000,30.9212,31.1699,30.5665,30.7748,1410490.7268614,0
UNM.US,D,20220404,000000,30.5026,30.7168,29.6998,29.7922,2100171.6385015,0
UNM.US,D,20220405,000000,29.8993,30.6146,29.7823,30.4152,3866922.3834941,0
UNM.US,D,20220406,000000,30.4054,31.3979,30.2785,30.7846,2953150.8155985,0
UNM.US,D,20220407,000000,30.8338,30.8819,30.0643,30.5901,2498179.7406013,0
UNM.US,D,20220408,000000,30.9605,31.4666,30.5704,31.3694,2494774.6828556,0
UNM.US,D,20220411,000000,31.5443,31.9648,31.2327,31.2908,1846003.3113759,0
UNM.US,D,20220412,000000,31.4666,31.7486,30.8731,31.1059,1704433.9141155,0
UNM.US,D,20220413,000000,30.8819,31.5393,30.8819,31.4765,1569309.2959058,0
UNM.US,D,20220414,000000,31.4765,31.9923,31.4765,31.8852,1822070.2127318,0
UNM.US,D,20220418,000000,31.6808,32.2016,31.6415,32.1279,1455600.1096148,0
UNM.US,D,20220419,000000,32.2154,32.6242,31.9726,32.5466,1460674.113775,0
UNM.US,D,20220420,000000,32.7313,33.1205,32.6831,32.8777,1953403.0660998,0
UNM.US,D,20220421,000000,33.0919,33.3641,32.7952,33.1017,2792489.2819464,0
UNM.US,D,20220422,000000,33.0624,33.1165,32.3913,32.41,4379001.9553748,0
UNM.US,D,20220425,000000,31.9137,32.0601,30.7414,32.011,2538604.8792413,0
UNM.US,D,20220426,000000,31.4372,31.9187,30.4054,30.4152,3328111.1747742,0
UNM.US,D,20220427,000000,30.3179,30.9114,29.9867,30.6196,2945499.1033481,0
UNM.US,D,20220428,000000,30.9537,31.16,30.315,30.9733,1653425.2128469,0
UNM.US,D,20220429,000000,30.9537,31.1207,29.9022,29.9907,2400372.3571597,0
UNM.US,D,20220502,000000,30.197,30.6589,29.6861,30.2855,2177689.1112038,0
UNM.US,D,20220503,000000,30.482,30.8947,30.1872,30.6589,2156602.3803167,0
UNM.US,D,20220504,000000,30.6589,31.8577,30.4918,31.7988,2323142.8794789,0
UNM.US,D,20220505,000000,31.2288,31.6514,30.6392,31.3566,2608445.198437,0
UNM.US,D,20220506,000000,33.2039,35.8767,33.2039,35.6802,5762212.5319109,0
UNM.US,D,20220509,000000,35.4247,36.0929,34.9334,35.6311,4399547.2963275,0
UNM.US,D,20220510,000000,35.8571,35.9652,33.8328,34.6583,3224903.1214413,0
UNM.US,D,20220511,000000,34.845,35.8719,34.2947,34.3536,2884334.2525572,0
UNM.US,D,20220512,000000,34.3438,34.5698,32.7519,33.538,3815540.2045827,0
UNM.US,D,20220513,000000,33.7444,34.3536,33.4939,33.8918,2209084.6391512,0
UNM.US,D,20220516,000000,33.9409,34.2848,33.4594,34.0097,2171727.7160232,0
UNM.US,D,20220517,000000,34.7369,35.8719,34.7074,35.749,2360050.0011952,0
UNM.US,D,20220518,000000,35.5525,35.695,34.2996,34.5698,2058341.1248624,0
UNM.US,D,20220519,000000,34.108,34.727,33.656,34.3635,2507889.1416627,0
UNM.US,D,20220520,000000,34.5305,34.7663,32.8305,33.597,2580767.1468628,0
UNM.US,D,20220523,000000,34.501,34.8646,34.049,34.5698,2660372.8378838,0
UNM.US,D,20220524,000000,34.1276,34.4421,33.1646,34.1768,1918367.4031983,0
UNM.US,D,20220525,000000,34.1473,34.6484,34.0441,34.4715,1621520.8597731,0
UNM.US,D,20220526,000000,34.8548,35.5426,34.8548,35.3461,2241735.9475106,0
UNM.US,D,20220527,000000,35.2871,36.0045,35.2577,35.9455,1883500.6702388,0
UNM.US,D,20220531,000000,35.5721,36.2944,35.3265,35.8178,1992315.9764643,0
UNM.US,D,20220601,000000,36.034,36.1551,35.2184,35.8473,1897257.2663554,0
UNM.US,D,20220602,000000,35.6999,36.0045,35.3461,36.0045,1507143.0772661,0
UNM.US,D,20220603,000000,35.9947,36.2207,35.523,35.6507,1416255.7155432,0
UNM.US,D,20220606,000000,36.2108,36.8397,35.8964,36.5155,3830074.2854924,0
UNM.US,D,20220607,000000,36.4074,36.7611,36.0929,36.4958,1643456.310971,0
UNM.US,D,20220608,000000,36.2403,36.5449,35.7686,35.9357,1543427.3970277,0
UNM.US,D,20220609,000000,36.0929,36.1617,35.2577,35.2577,1589084.2756171,0
UNM.US,D,20220610,000000,34.2848,35.0022,34.0883,34.5403,2346978.2836987,0
UNM.US,D,20220613,000000,33.7149,33.7837,32.7912,33.0958,3004133.0579606,0
UNM.US,D,20220614,000000,33.4299,33.8476,32.7519,33.2039,1885773.0832532,0
UNM.US,D,20220615,000000,33.7542,33.7542,32.5554,32.9386,1991142.6257229,0
UNM.US,D,20220616,000000,32.2999,32.2999,31.5138,32.0248,2570934.6101208,0
UNM.US,D,20220617,000000,32.182,32.3097,31.4745,31.9953,4867899.4544981,0
UNM.US,D,20220621,000000,32.9386,33.4201,32.467,33.2825,1826916.2632354,0
UNM.US,D,20220622,000000,32.408,32.806,32.1623,32.6242,2010986.8056514,0
UNM.US,D,20220623,000000,32.7519,32.8846,31.6569,31.8479,1469889.9544639,0
UNM.US,D,20220624,000000,32.1525,33.8525,32.1132,33.6953,3184669.3010488,0
UNM.US,D,20220627,000000,33.6854,34.0392,33.2825,33.6166,1600310.9932054,0
UNM.US,D,20220628,000000,34.1178,34.6583,33.7346,33.8427,1221796.9993472,0
UNM.US,D,20220629,000000,33.9901,34.1964,33.4889,33.7837,2072128.2504866,0
UNM.US,D,20220630,000000,33.1941,33.9213,32.9779,33.4299,1217064.9256719,0
UNM.US,D,20220701,000000,33.2432,33.656,32.5947,33.2236,2040567.8631982,0
UNM.US,D,20220705,000000,32.2606,32.2704,30.5753,31.3762,2703589.3911671,0
UNM.US,D,20220706,000000,31.1797,32.1329,30.6491,31.7594,2493086.4010863,0
UNM.US,D,20220707,000000,32.182,32.6733,32.182,32.2802,2180483.5787979,0
UNM.US,D,20220708,000000,32.6438,33.1548,32.2311,32.8797,1926393.6107417,0
UNM.US,D,20220711,000000,33.0369,33.5872,32.7864,32.9583,1527521.5235773,0
UNM.US,D,20220712,000000,32.5849,33.3513,32.4375,32.4768,1328086.4976454,0
UNM.US,D,20220713,000000,32.1034,32.1525,31.4745,31.8184,1440477.826859,0
UNM.US,D,20220714,000000,30.8554,31.3762,30.8456,31.1404,1781485.3030021,0
UNM.US,D,20220715,000000,31.6808,31.9461,31.2485,31.6022,1415090.5060038,0
UNM.US,D,20220718,000000,31.9461,32.7617,31.725,31.7988,1755420.2270785,0
UNM.US,D,20220719,000000,32.1132,32.7519,32.1132,32.4571,1222825.8437527,0
UNM.US,D,20220720,000000,32.1132,32.575,31.8675,32.3982,1400455.6777191,0
UNM.US,D,20220721,000000,32.1623,32.2949,31.3909,31.9167,1215633.0917663,0
UNM.US,D,20220722,000000,31.9461,32.3687,31.2386,31.5138,1213021.8012177,0
UNM.US,D,20220725,000000,31.8675,32.3883,31.7201,32.3294,969866.48512735,0
UNM.US,D,20220726,000000,32.2901,32.5259,31.897,32.0739,765705.49142165,0
UNM.US,D,20220727,000000,32.3294,32.7617,32.0739,32.4571,1098725.4307309,0
UNM.US,D,20220728,000000,32.3182,32.3479,31.0278,31.5837,1315191.4714321,0
UNM.US,D,20220729,000000,31.7028,32.338,31.5936,31.9509,2523278.4333401,0
UNM.US,D,20220801,000000,31.6531,31.9708,31.4199,31.6829,2376071.0632717,0
UNM.US,D,20220802,000000,31.673,31.812,31.0774,31.1271,2198016.5789175,0
UNM.US,D,20220803,000000,34.7103,36.1892,34.2537,35.6631,3298044.9449069,0
UNM.US,D,20220804,000000,35.8219,36.1793,34.8889,34.9386,1724594.2755149,0
UNM.US,D,20220805,000000,35.1271,35.8269,35.018,35.6334,1530619.5449021,0
UNM.US,D,20220808,000000,35.7525,36.1396,35.6334,35.6631,1164311.8258535,0
UNM.US,D,20220809,000000,35.9014,36.8096,35.8716,36.5167,1422584.1210923,0
UNM.US,D,20220810,000000,36.7252,37.0726,36.4671,37.0329,1361888.3081669,0
UNM.US,D,20220811,000000,37.3604,37.9163,37.281,37.8369,1638357.7612289,0
UNM.US,D,20220812,000000,37.9361,38.6111,37.9361,38.6011,1307390.5306158,0
UNM.US,D,20220815,000000,38.0354,38.7779,37.7178,38.6409,1362916.948303,0
UNM.US,D,20220816,000000,38.6409,39.2959,38.6111,39.0677,1488199.4734734,0
UNM.US,D,20220817,000000,38.6409,39.4051,38.4523,39.0379,1383481.6911602,0
UNM.US,D,20220818,000000,39.0776,39.6731,39.0379,39.5242,1102809.0190506,0
UNM.US,D,20220819,000000,39.286,39.5441,38.9982,39.2662,1304482.9346974,0
UNM.US,D,20220822,000000,38.75,39.0379,38.5009,38.6905,1058909.9625879,0
UNM.US,D,20220823,000000,38.7302,39.018,38.5317,38.7699,1440319.8517046,0
UNM.US,D,20220824,000000,38.6011,39.2562,38.492,39.0478,741183.07347139,0
UNM.US,D,20220825,000000,39.1868,39.951,39.1173,39.7625,1267526.4435408,0
UNM.US,D,20220826,000000,39.8617,39.951,38.5515,38.5912,1159777.1449011,0
UNM.US,D,20220829,000000,38.2438,38.5714,37.7773,38.3332,1019485.138098,0
UNM.US,D,20220830,000000,38.3332,38.4545,37.683,37.9063,906059.68027456,0
UNM.US,D,20220831,000000,38.1346,38.2041,37.3932,37.5689,1754441.9666714,0
UNM.US,D,20220901,000000,37.281,37.6781,36.9932,37.6284,1441943.9142896,0
UNM.US,D,20220902,000000,38.0652,38.4076,37.291,37.3505,1041136.9551049,0
UNM.US,D,20220906,000000,37.4498,37.8121,37.1321,37.3406,3251435.7591925,0
UNM.US,D,20220907,000000,36.9833,37.7674,36.9336,37.7575,1141908.4265337,0
UNM.US,D,20220908,000000,37.7575,38.3133,37.5689,38.1446,957165.26258762,0
UNM.US,D,20220909,000000,38.4622,39.2066,38.4622,38.8691,1453741.54014,0
UNM.US,D,20220912,000000,38.9386,39.8816,38.9386,39.6831,1536145.5891198,0
UNM.US,D,20220913,000000,38.9684,39.7625,38.8592,39.3654,1777707.7714334,0
UNM.US,D,20220914,000000,39.5441,40.09,38.9485,39.8518,2733310.4278985,0
UNM.US,D,20220915,000000,39.6731,40.8245,39.6433,40.3977,2307979.3176933,0
UNM.US,D,20220916,000000,40.2587,40.3133,39.1967,39.7228,5149655.6238234,0
UNM.US,D,20220919,000000,39.3158,40.6359,39.1868,40.5962,1144472.4707514,0
UNM.US,D,20220920,000000,40.2786,40.5019,39.5937,40.0801,1673250.9272154,0
UNM.US,D,20220921,000000,40.1992,40.8047,39.6235,39.6334,1425679.1088474,0
UNM.US,D,20220922,000000,39.8816,39.9808,39.3158,39.7625,1409151.3503439,0
UNM.US,D,20220923,000000,39.0776,39.3456,37.9063,38.621,2044168.8884409,0
UNM.US,D,20220926,000000,38.3431,38.9287,38.0453,38.1545,1526188.634698,0
UNM.US,D,20220927,000000,38.4622,38.6508,37.6185,37.9361,1497769.5544258,0
UNM.US,D,20220928,000000,37.7575,39.018,37.5192,38.7302,1147352.8646289,0
UNM.US,D,20220929,000000,38.2835,38.5515,37.8269,38.5118,1223804.7040849,0
UNM.US,D,20220930,000000,38.4324,39.2165,38.4027,38.5118,1267624.1693912,0
UNM.US,D,20221003,000000,39.0577,39.4422,38.2888,39.2066,1318682.4000036,0
UNM.US,D,20221004,000000,39.6433,40.9833,39.628,40.9337,1980867.7244951,0
UNM.US,D,20221005,000000,40.4672,40.9039,40.219,40.7451,1138558.5455813,0
UNM.US,D,20221006,000000,40.5764,41.1521,40.5466,40.9039,1219378.8312958,0
UNM.US,D,20221007,000000,40.8047,41.43,40.5565,41.3109,1493576.4102081,0
UNM.US,D,20221010,000000,41.2513,41.5491,40.8841,41.1124,1103400.4115676,0
UNM.US,D,20221011,000000,40.7749,41.3704,40.3381,40.7848,1697500.0353787,0
UNM.US,D,20221012,000000,40.6955,40.9734,40.2885,40.358,1226914.8040849,0
UNM.US,D,20221013,000000,40.1496,42.5814,39.7625,42.3828,1984796.9081686,0
UNM.US,D,20221014,000000,42.4623,42.6508,41.3804,41.4598,1449546.3809563,0
UNM.US,D,20221017,000000,42.2935,42.5119,41.5193,41.827,1397987.4312963,0
UNM.US,D,20221018,000000,42.7799,42.9933,42.2836,42.7402,2584239.2142927,0
UNM.US,D,20221019,000000,42.6111,43.1471,42.3928,42.7799,1809264.1537464,0
UNM.US,D,20221020,000000,42.8097,43.3556,41.9263,42.1446,1691542.7884399,0
UNM.US,D,20221021,000000,42.1645,43.3059,41.827,43.2662,1015576.1040844,0
UNM.US,D,20221024,000000,43.2464,44.0801,43.1968,43.8122,1015753.4210912,0
UNM.US,D,20221025,000000,43.3556,44.4772,43.1769,44.4375,1458588.5408203,0
UNM.US,D,20221026,000000,44.6658,44.9735,44.0901,44.1,1550943.4993239,0
UNM.US,D,20221027,000000,44.42,45.2,44.42,44.8,1143858,0
UNM.US,D,20221028,000000,45.05,46.1,45.01,46.09,1383110,0
UNM.US,D,20221031,000000,45.78,46.09,45.515,45.59,1658048,0
UNM.US,D,20221101,000000,45.76,46.17,45.23,45.68,1751269,0
UNM.US,D,20221102,000000,45.68,46.64,44.18,44.9,2142331,0
UNM.US,D,20221103,000000,44.48,45.15,44.065,44.52,1307454,0
UNM.US,D,20221104,000000,45.1,45.63,44.68,45.14,971112,0
UNM.US,D,20221107,000000,45.39,45.65,44.74,45.51,935669,0
UNM.US,D,20221108,000000,45.37,45.645,44.55,44.73,1046498,0
UNM.US,D,20221109,000000,44.32,45.29,44.1,44.15,1166988,0
UNM.US,D,20221110,000000,45.05,45.1,41.94,42.48,3213405,0
UNM.US,D,20221111,000000,42.88,42.98,40.41,40.5,2772259,0
UNM.US,D,20221114,000000,40.52,41.41,40.3865,40.5,2252035,0
UNM.US,D,20221115,000000,41.01,41.46,40.44,40.55,1859983,0
UNM.US,D,20221116,000000,40.03,40.75,39.71,40,1572338,0
UNM.US,D,20221117,000000,39.6,41.06,39.505,40.91,1979205,0
UNM.US,D,20221118,000000,41.19,41.535,40.55,40.84,1646545,0
UNM.US,D,20221121,000000,40.75,41.03,40.2,40.72,1045888,0
UNM.US,D,20221122,000000,41.19,41.55,41.09,41.55,1163992,0
UNM.US,D,20221123,000000,41.22,41.48,40.86,40.96,911073,0
UNM.US,D,20221125,000000,41.15,41.71,41.115,41.5,483585,0
UNM.US,D,20221128,000000,41.16,41.61,40.99,41.3,1073769,0
UNM.US,D,20221129,000000,41.32,41.88,41.19,41.72,905595,0
UNM.US,D,20221130,000000,41.52,42.18,41.155,42.18,1598095,0
UNM.US,D,20221201,000000,42.49,42.6,41.5,41.96,1401650,0
UNM.US,D,20221202,000000,42.35,43.28,42.17,42.87,1623233,0
UNM.US,D,20221205,000000,42.61,42.93,41.29,41.59,1153946,0
UNM.US,D,20221206,000000,41.67,42.08,41.41,41.98,1554216,0
UNM.US,D,20221207,000000,41.63,41.895,40.89,41.06,1206225,0
UNM.US,D,20221208,000000,41.59,41.59,40.19,40.49,1187681,0
UNM.US,D,20221209,000000,40.23,40.55,39.96,39.99,951930,0
UNM.US,D,20221212,000000,39.85,40.22,39.4154,40.15,1641059,0
UNM.US,D,20221213,000000,40.33,40.5,38.765,38.98,2185180,0
UNM.US,D,20221214,000000,39.2,39.92,39.2,39.57,1435554,0
UNM.US,D,20221215,000000,39.17,39.42,38.69,39.4,1684423,0
UNM.US,D,20221216,000000,39.03,39.55,38.73,39.05,2999665,0
UNM.US,D,20221219,000000,39.23,39.68,38.9,39.26,923598,0
UNM.US,D,20221220,000000,39.55,40.39,39.455,40.13,1858424,0
UNM.US,D,20221221,000000,40.66,41.02,40.35,40.81,1199105,0
UNM.US,D,20221222,000000,40.86,40.97,40,40.5,939631,0
UNM.US,D,20221223,000000,40.66,41.08,40.48,41.08,649600,0
UNM.US,D,20221227,000000,41.22,41.435,40.84,41.08,712305,0
UNM.US,D,20221228,000000,41.11,41.11,40.53,40.73,714733,0
UNM.US,D,20221229,000000,40.74,41.27,40.56,41.17,634188,0
UNM.US,D,20221230,000000,40.98,41.28,40.77,41.03,778195,0
UNM.US,D,20230103,000000,40.63,40.88,40.02,40.25,1264630,0
UNM.US,D,20230104,000000,40.35,40.885,40.3417,40.59,1152137,0
UNM.US,D,20230105,000000,40.75,40.95,40.41,40.89,1191763,0
UNM.US,D,20230106,000000,41.48,41.82,41.05,41.14,1669860,0
UNM.US,D,20230109,000000,40.91,41.125,40.13,40.32,1032406,0
UNM.US,D,20230110,000000,40.76,41.01,40.33,40.98,811654,0
UNM.US,D,20230111,000000,41.02,41.1,40.63,40.74,949363,0
UNM.US,D,20230112,000000,40.9,41.43,40.7601,41.14,970932,0
UNM.US,D,20230113,000000,41.08,41.46,40.7697,41.37,629696,0
UNM.US,D,20230117,000000,41.39,41.39,40.83,41.12,1053683,0
UNM.US,D,20230118,000000,40.91,40.92,39.82,39.87,1495684,0
UNM.US,D,20230119,000000,39.61,39.89,39.29,39.8,1109961,0
UNM.US,D,20230120,000000,40.07,40.46,39.61,40.3,1240053,0
UNM.US,D,20230123,000000,40.31,40.82,40.25,40.68,711790,0
UNM.US,D,20230124,000000,40.82,41.29,40.17,41.17,801693,0
UNM.US,D,20230125,000000,40.93,41.55,40.85,41.46,943290,0
UNM.US,D,20230126,000000,41.28,41.64,41.07,41.6,936381,0
UNM.US,D,20230127,000000,41.56,41.785,41.37,41.56,912239,0
UNM.US,D,20230130,000000,41.37,41.73,41.03,41.1,1222003,0
UNM.US,D,20230131,000000,41.06,42.3,40.56,42.03,4159625,0
UNM.US,D,20230201,000000,41.63,43.56,41.46,43.3,3193875,0
UNM.US,D,20230202,000000,43.3,43.3,40.13,40.94,2359684,0
UNM.US,D,20230203,000000,41.43,42.335,41.25,41.55,2118189,0
UNM.US,D,20230206,000000,41.68,42.525,41.56,42.35,1567934,0
UNM.US,D,20230207,000000,42.18,42.83,41.9,42.78,1546663,0
UNM.US,D,20230208,000000,42.6,42.885,42.39,42.6,1581326,0
UNM.US,D,20230209,000000,42.8,42.8,41.28,41.32,1562278,0
UNM.US,D,20230210,000000,41.38,42.57,41.38,42.46,1483758,0
UNM.US,D,20230213,000000,42.42,42.78,42.26,42.76,1253748,0
UNM.US,D,20230214,000000,42.61,43.13,42.48,42.64,1043142,0
UNM.US,D,20230215,000000,42.5,42.57,42.25,42.42,1088547,0
UNM.US,D,20230216,000000,42.35,43.26,42.195,42.82,1159376,0
UNM.US,D,20230217,000000,42.91,42.99,42.49,42.81,1913437,0
UNM.US,D,20230221,000000,42.78,42.8,41.83,42.16,1505683,0
UNM.US,D,20230222,000000,42.03,42.34,41.842,42.05,1987662,0
UNM.US,D,20230223,000000,43.1,44.87,43.1,43.91,2413944,0
UNM.US,D,20230224,000000,44.14,44.69,43.78,44.64,1977848,0
UNM.US,D,20230227,000000,44.65,45.1,44.235,44.26,1565215,0
UNM.US,D,20230228,000000,44.5,44.88,44.37,44.55,2013505,0
UNM.US,D,20230301,000000,44.54,45.67,44.4,45.57,2310478,0
UNM.US,D,20230302,000000,45.29,45.38,44.28,44.97,1657648,0
UNM.US,D,20230303,000000,44.75,45.45,44.45,45.41,1542460,0
UNM.US,D,20230306,000000,45.09,45.515,44.87,45.08,1792424,0
UNM.US,D,20230307,000000,45.47,45.98,44.83,45.19,1331412,0
UNM.US,D,20230308,000000,45.25,45.36,43.71,44,1778608,0
UNM.US,D,20230309,000000,44.07,44.22,42.4,42.48,1246519,0
UNM.US,D,20230310,000000,41.67,41.96,40.07,40.37,2587171,0
UNM.US,D,20230313,000000,38.98,39,36.585,36.64,4192071,0
UNM.US,D,20230314,000000,38.8,40.275,38.7,39.85,4066147,0
UNM.US,D,20230315,000000,38.28,38.8256,36.755,37.86,3314709,0
UNM.US,D,20230316,000000,37.19,38.79,36.48,38.41,2756680,0
UNM.US,D,20230317,000000,38.18,38.34,36.27,36.65,5937922,0
UNM.US,D,20230320,000000,38.24,39.19,37.57,38.59,2470985,0
UNM.US,D,20230321,000000,39.78,40.14,39.29,39.56,2470765,0
UNM.US,D,20230322,000000,39.14,39.47,37.99,38.01,1582901,0
UNM.US,D,20230323,000000,38.2,38.4499,37.13,37.6,1910964,0
UNM.US,D,20230324,000000,36.9,38.02,36.72,38,2367324,0
UNM.US,D,20230327,000000,38.96,39.595,38.43,39.11,3440615,0
UNM.US,D,20230328,000000,39,39.16,38.425,38.79,1869783,0
UNM.US,D,20230329,000000,39.38,39.66,39.01,39.31,1186567,0
UNM.US,D,20230330,000000,39.4,39.66,38.89,39.01,1098936,0
UNM.US,D,20230331,000000,39.21,39.56,39.105,39.56,1227769,0
UNM.US,D,20230403,000000,39.71,39.98,39.095,39.2,1683197,0
UNM.US,D,20230404,000000,39.46,39.46,38.34,39.09,1680338,0
UNM.US,D,20230405,000000,38.47,39.41,38.47,39.26,1466146,0
UNM.US,D,20230406,000000,39.205,39.49,38.8,38.84,823987,0
UNM.US,D,20230410,000000,38.93,39.575,38.93,39.3,794517,0
UNM.US,D,20230411,000000,39.3,39.82,39.05,39.66,1259938,0
UNM.US,D,20230412,000000,39.81,40.215,39.59,39.86,1288415,0
UNM.US,D,20230413,000000,39.74,39.95,39.4,39.93,1509302,0
UNM.US,D,20230414,000000,40.29,40.67,39.72,40.03,1213482,0
UNM.US,D,20230417,000000,39.87,41.03,39.71,40.91,1431930,0
UNM.US,D,20230418,000000,41.03,41.335,40.77,41.23,1052883,0
UNM.US,D,20230419,000000,41.4,41.65,41.105,41.43,986446,0
UNM.US,D,20230420,000000,41.1,41.3737,40.99,41.23,866966,0
UNM.US,D,20230421,000000,41.14,41.14,40.1103,40.48,1137857,0
UNM.US,D,20230424,000000,40.37,40.94,40.33,40.77,694471,0
UNM.US,D,20230425,000000,40.88,41.09,40.3,40.44,863392,0
UNM.US,D,20230426,000000,40.3,40.85,40.08,40.29,988014,0
UNM.US,D,20230427,000000,40.18,41.385,40.18,41.27,999241,0
UNM.US,D,20230428,000000,41.01,42.48,40.97,42.2,1567401,0
UNM.US,D,20230501,000000,41.93,42.6,41.62,41.83,1807287,0
UNM.US,D,20230502,000000,41.44,41.44,40.04,40.96,1746156,0
UNM.US,D,20230503,000000,45,45,43.52,43.88,3236644,0
UNM.US,D,20230504,000000,43.29,43.29,41.92,42.94,2160701,0
UNM.US,D,20230505,000000,43.72,44.79,43.7,44.18,1464902,0
UNM.US,D,20230508,000000,45,45.45,44.43,44.78,1381880,0
UNM.US,D,20230509,000000,44.6,45.07,44.28,44.31,1670862,0
UNM.US,D,20230510,000000,44.59,44.85,43.64,44.14,1157356,0
UNM.US,D,20230511,000000,43.74,44.045,43.41,43.5,776404,0
UNM.US,D,20230512,000000,43.76,44.08,43.305,43.97,1468575,0
UNM.US,D,20230515,000000,44.33,45.17,44.04,44.63,1809833,0
UNM.US,D,20230516,000000,44.67,45.37,44.355,44.54,1613029,0
UNM.US,D,20230517,000000,44.75,46.25,44.7,45.96,1795331,0
UNM.US,D,20230518,000000,45.91,46.545,45.45,46.42,1293366,0
UNM.US,D,20230519,000000,46.87,46.99,46.07,46.35,1219517,0
UNM.US,D,20230522,000000,46.51,46.72,46.225,46.49,676295,0
UNM.US,D,20230523,000000,46.46,46.73,45.49,45.52,1017810,0
UNM.US,D,20230524,000000,45.4,45.4,44.75,44.89,873962,0
UNM.US,D,20230525,000000,44.94,45.67,44.82,45.58,809770,0
UNM.US,D,20230526,000000,45.59,45.86,45.27,45.5,687533,0
UNM.US,D,20230530,000000,45.3,45.59,44.525,45.08,1257727,0
UNM.US,D,20230531,000000,44.49,44.7,43.43,43.45,1797786,0
UNM.US,D,20230601,000000,43.93,44.02,43.23,43.48,2039167,0
UNM.US,D,20230602,000000,44.05,45.16,43.95,44.89,1105112,0
UNM.US,D,20230605,000000,44.5,44.75,43.83,44.07,1114785,0
UNM.US,D,20230606,000000,44.1,45.19,44.1,45.08,1006455,0
UNM.US,D,20230607,000000,45.55,45.83,44.87,45.69,1332425,0
UNM.US,D,20230608,000000,45.44,45.68,45.17,45.5,838220,0
UNM.US,D,20230609,000000,45.47,45.9,45.38,45.5,706684,0
UNM.US,D,20230612,000000,45.32,45.81,45.245,45.65,759341,0
UNM.US,D,20230613,000000,45.45,46.27,45.29,45.99,917964,0
UNM.US,D,20230614,000000,45.94,46.31,44.95,45.24,1138439,0
UNM.US,D,20230615,000000,45.09,45.795,45.09,45.66,1197101,0
UNM.US,D,20230616,000000,45.81,45.83,45.15,45.4,2031650,0
UNM.US,D,20230620,000000,45.16,45.68,44.77,45.55,1107413,0
UNM.US,D,20230621,000000,45.48,46.01,45.18,45.6,1018554,0
UNM.US,D,20230622,000000,45.63,46.49,45.19,46.17,1305507,0
UNM.US,D,20230623,000000,45.85,46.25,45.53,45.78,1405585,0
UNM.US,D,20230626,000000,45.92,46.695,45.8822,46.33,978324,0
UNM.US,D,20230627,000000,46.41,47.15,46.34,47.03,1015527,0
UNM.US,D,20230628,000000,46.79,47.27,46.63,46.89,888438,0
UNM.US,D,20230629,000000,47.25,47.7,47,47.45,848159,0
UNM.US,D,20230630,000000,47.7,48.06,47.49,47.7,979417,0
UNM.US,D,20230703,000000,47.69,48.347,47.52,48,636046,0
UNM.US,D,20230705,000000,47.51,48.01,47.31,47.97,996606,0
UNM.US,D,20230706,000000,47.65,48.41,47.63,48.29,1052121,0
UNM.US,D,20230707,000000,48.4,49.495,48.4,49.01,1718104,0
UNM.US,D,20230710,000000,48.95,49.01,48.28,48.41,1084530,0
UNM.US,D,20230711,000000,48.6,49.01,48.355,48.48,1398050,0
UNM.US,D,20230712,000000,48.68,48.9,47.55,47.59,1540646,0
UNM.US,D,20230713,000000,47.29,47.625,47.13,47.45,1275482,0
UNM.US,D,20230714,000000,47.74,47.89,46.9,47.27,954371,0
UNM.US,D,20230717,000000,47.26,48.61,47.12,48.49,1129636,0
UNM.US,D,20230718,000000,48.55,49,48.28,48.3,1119595,0
UNM.US,D,20230719,000000,48.15,48.84,48.05,48.19,1223190,0
UNM.US,D,20230720,000000,48.61,49.135,48.61,49.07,695932,0
UNM.US,D,20230721,000000,49.33,49.33,48.63,48.71,690138,0
UNM.US,D,20230724,000000,48.69,49.1599,48.69,48.92,502697,0
UNM.US,D,20230725,000000,48.89,49.07,48.6739,48.76,880880,0
UNM.US,D,20230726,000000,48.76,49.25,48.76,48.95,983150,0
UNM.US,D,20230727,000000,48.73,48.81,48.265,48.71,853319,0
UNM.US,D,20230728,000000,48.96,49.2,48.4,48.84,984248,0
UNM.US,D,20230731,000000,49.02,49.13,48.15,48.61,1116662,0
UNM.US,D,20230801,000000,48.71,48.78,47.79,48.63,2046518,0
UNM.US,D,20230802,000000,48.6,49.89,48.6,49.21,1569855,0
UNM.US,D,20230803,000000,49.25,50.47,49.16,50.39,1690024,0
UNM.US,D,20230804,000000,50.48,51.15,50.18,50.32,1133596,0
UNM.US,D,20230807,000000,50.71,51.13,50.241,50.4,815347,0
UNM.US,D,20230808,000000,49.8,50,49.48,49.71,819212,0
UNM.US,D,20230809,000000,49.77,49.79,48.79,48.95,865813,0
UNM.US,D,20230810,000000,49.1,49.655,48.51,48.6,916469,0
UNM.US,D,20230811,000000,48.61,49.37,48.61,49.25,751018,0
UNM.US,D,20230814,000000,49.33,49.5,48.91,49.42,916094,0
UNM.US,D,20230815,000000,48.99,49.11,48.73,48.93,637903,0
UNM.US,D,20230816,000000,48.83,49.48,48.79,48.81,675404,0
UNM.US,D,20230817,000000,49.08,49.48,48.94,49.09,1042317,0
UNM.US,D,20230818,000000,48.82,49.21,48.64,48.79,1009626,0
UNM.US,D,20230821,000000,49.11,49.255,48.51,49.06,781825,0
UNM.US,D,20230822,000000,48.95,49.2,48.36,48.37,648729,0
UNM.US,D,20230823,000000,48.49,48.49,47.94,48.45,646797,0
UNM.US,D,20230824,000000,48.2,49.115,48.2,48.79,769150,0
UNM.US,D,20230825,000000,48.9,49.41,48.51,48.98,748752,0
UNM.US,D,20230828,000000,48.98,49.49,48.98,49.19,426143,0
UNM.US,D,20230829,000000,49.41,49.62,48.98,49.44,832752,0
UNM.US,D,20230830,000000,49.58,49.845,49.2,49.29,747067,0
UNM.US,D,20230831,000000,49.27,49.665,49.15,49.19,963502,0
UNM.US,D,20230901,000000,49.5,49.69,49.14,49.48,904067,0
UNM.US,D,20230905,000000,49.38,49.38,48.69,48.87,1037761,0
UNM.US,D,20230906,000000,48.8,48.885,48.205,48.59,867979,0
UNM.US,D,20230907,000000,48.53,48.72,47.63,47.91,1919596,0
UNM.US,D,20230908,000000,47.69,48.48,47.58,48.14,934850,0
UNM.US,D,20230911,000000,48.36,49.19,48.345,48.43,1169296,0
UNM.US,D,20230912,000000,48.56,49.07,48.15,48.51,1179200,0
UNM.US,D,20230913,000000,48.56,48.62,47.82,48.22,1058021,0
UNM.US,D,20230914,000000,49,49.25,48.7,48.97,1113899,0
UNM.US,D,20230915,000000,48.4,48.75,48.22,48.53,3735923,0
UNM.US,D,20230918,000000,48.42,48.549,48.15,48.44,926891,0
UNM.US,D,20230919,000000,48.67,49.325,48.59,49.15,971743,0
UNM.US,D,20230920,000000,49.17,49.52,49.09,49.13,727889,0
UNM.US,D,20230921,000000,49.37,50.225,49.27,49.97,1317043,0
UNM.US,D,20230922,000000,49.98,50.08,49.64,49.96,867481,0
UNM.US,D,20230925,000000,49.96,50.36,49.57,50.22,909956,0
UNM.US,D,20230926,000000,50.07,50.27,49.14,49.44,975113,0
UNM.US,D,20230927,000000,49.5,49.56,48.735,49.41,649741,0
UNM.US,D,20230928,000000,49.37,50.03,49.37,49.9,654662,0
UNM.US,D,20230929,000000,49.89,49.94,49.09,49.19,801938,0
UNM.US,D,20231002,000000,49.14,49.18,48.67,49.09,622333,0
UNM.US,D,20231003,000000,48.85,48.935,47.6345,48.11,916425,0
UNM.US,D,20231004,000000,48.06,48.2,47.38,48.13,929495,0
UNM.US,D,20231005,000000,47.89,48.565,47.77,48.47,828845,0
UNM.US,D,20231006,000000,48.5,49.76,48.24,49.57,851035,0
UNM.US,D,20231009,000000,49.39,49.9644,49.09,49.84,714781,0
UNM.US,D,20231010,000000,50,50.29,49.71,50.11,1277067,0
UNM.US,D,20231011,000000,50.12,50.53,49.565,50.19,657813,0
UNM.US,D,20231012,000000,50.56,50.56,49.64,50.11,605036,0
UNM.US,D,20231013,000000,50.32,50.73,49.74,49.94,646948,0
UNM.US,D,20231016,000000,50.33,51.065,50.24,50.78,1108288,0
UNM.US,D,20231017,000000,50.8,52.15,50.8,51.67,1763631,0
UNM.US,D,20231018,000000,51.5,51.54,50.95,51.19,709920,0
UNM.US,D,20231019,000000,51,51.33,50.35,50.44,1422545,0
UNM.US,D,20231020,000000,50.02,50.215,48.7,48.94,1190783,0
UNM.US,D,20231023,000000,48.96,49.105,48.4,48.53,916952,0
UNM.US,D,20231024,000000,48.66,48.96,48.145,48.35,664135,0
UNM.US,D,20231025,000000,48.19,48.67,48.085,48.17,924694,0
UNM.US,D,20231026,000000,47.9,48.79,47.9,48.53,826324,0
UNM.US,D,20231027,000000,48.43,48.7,47.56,48.1,877997,0
UNM.US,D,20231030,000000,48.31,48.98,48.27,48.77,902815,0
UNM.US,D,20231031,000000,48.88,49.0199,48.5,48.9,996909,0
UNM.US,D,20231101,000000,46.05,46.37,41.8922,42.46,6340135,0
UNM.US,D,20231102,000000,42.9,43.47,41.75,42.7,2717616,0
UNM.US,D,20231103,000000,43.2,44.16,42.22,43.62,2957131,0
UNM.US,D,20231106,000000,43.83,43.95,43.21,43.69,1998683,0
UNM.US,D,20231107,000000,43.46,43.735,43.14,43.63,1522622,0
UNM.US,D,20231108,000000,43.62,43.98,43.18,43.26,1707217,0
UNM.US,D,20231109,000000,43.38,43.74,43.06,43.38,2048855,0
UNM.US,D,20231110,000000,43.37,43.945,43.29,43.45,1597244,0
UNM.US,D,20231113,000000,43.42,43.66,43.08,43.2,1109356,0
UNM.US,D,20231114,000000,43.26,43.4,42.17,42.31,4393999,0
UNM.US,D,20231115,000000,42.4,42.72,42.06,42.56,3689898,0
UNM.US,D,20231116,000000,42.6,42.74,41.86,42.08,1680590,0
UNM.US,D,20231117,000000,42.3,42.6575,42.255,42.6,2216014,0
UNM.US,D,20231120,000000,42.35,42.72,42.13,42.31,1378232,0
UNM.US,D,20231121,000000,42.3,42.68,42.24,42.6,1555401,0
UNM.US,D,20231122,000000,42.64,42.87,42.51,42.73,879367,0
UNM.US,D,20231124,000000,42.94,43.43,42.93,43.17,456967,0
UNM.US,D,20231127,000000,43,43.29,42.72,43.12,1452576,0
UNM.US,D,20231128,000000,43.04,43.04,42.16,42.17,986772,0
UNM.US,D,20231129,000000,42.29,42.46,41.97,42.36,1920197,0
UNM.US,D,20231130,000000,42.65,43.07,42.53,43,1474915,0
UNM.US,D,20231201,000000,42.68,43.2,42.53,43.08,1199654,0
UNM.US,D,20231204,000000,42.98,43.5,42.9,43.3,887191,0
UNM.US,D,20231205,000000,43.12,43.28,42.46,42.52,1255161,0
UNM.US,D,20231206,000000,42.65,42.9,42.09,42.34,1755050,0
UNM.US,D,20231207,000000,42.56,42.84,42.37,42.63,1096308,0
UNM.US,D,20231208,000000,42.68,42.965,42.63,42.83,855984,0
UNM.US,D,20231211,000000,43.33,44.95,43.04,44.75,2850533,0
UNM.US,D,20231212,000000,44.62,45.76,44.52,45.32,2086672,0
UNM.US,D,20231213,000000,45.24,45.4,44.395,44.68,1898545,0
UNM.US,D,20231214,000000,44.85,44.89,43.96,44.06,1644757,0
UNM.US,D,20231215,000000,43.67,43.9,43.255,43.55,3115361,0
UNM.US,D,20231218,000000,43.89,44.44,43.65,44.24,1277664,0
UNM.US,D,20231219,000000,44.1,44.77,44.01,44.76,1072201,0
UNM.US,D,20231220,000000,44.51,44.855,44.36,44.48,1140683,0
UNM.US,D,20231221,000000,44.58,44.86,44.32,44.77,1086755,0
UNM.US,D,20231222,000000,44.9,45.23,44.61,44.94,510314,0
UNM.US,D,20231226,000000,44.93,45.3099,44.71,45.1,593128,0
UNM.US,D,20231227,000000,45.105,45.22,44.805,45.18,715684,0
UNM.US,D,20231228,000000,45.09,45.48,45,45.29,558714,0
UNM.US,D,20231229,000000,45.37,45.47,45.1,45.22,697282,0
UNM.US,D,20240102,000000,45.28,45.72,45.155,45.7,900830,0
UNM.US,D,20240103,000000,46.27,46.57,45.66,46.25,1745382,0
UNM.US,D,20240104,000000,46.4,46.83,46.13,46.18,1363846,0
UNM.US,D,20240105,000000,46.27,46.41,45.54,45.84,2515041,0
UNM.US,D,20240108,000000,45.72,46.04,45.25,45.7,1557302,0
UNM.US,D,20240109,000000,45.56,45.56,44.83,45.32,1254839,0
UNM.US,D,20240110,000000,45.22,45.42,44.875,45.18,948446,0
UNM.US,D,20240111,000000,45.01,45.485,44.84,45.26,1090059,0
UNM.US,D,20240112,000000,45.55,45.65,45.26,45.36,788184,0
UNM.US,D,20240116,000000,45.24,45.55,45.03,45.24,843545,0
UNM.US,D,20240117,000000,44.83,45.77,44.83,45.4,1224575,0
UNM.US,D,20240118,000000,45.35,45.915,45.23,45.87,1641524,0
UNM.US,D,20240119,000000,46.02,46.195,45.71,46.07,1030475,0
UNM.US,D,20240122,000000,46.16,46.73,46.16,46.67,1499667,0
UNM.US,D,20240123,000000,46.72,47.02,46.46,46.69,990834,0
UNM.US,D,20240124,000000,46.99,47.32,46.795,47.09,1352810,0
UNM.US,D,20240125,000000,46.79,47.28,46.7,47.27,1526325,0
UNM.US,D,20240126,000000,47.44,47.51,47.09,47.41,998580,0
UNM.US,D,20240129,000000,47.41,47.56,46.79,46.99,1996517,0
UNM.US,D,20240130,000000,47.05,47.95,47.025,47.84,1807040,0
UNM.US,D,20240131,000000,49.98,49.98,48.11,48.34,4479619,0
UNM.US,D,20240201,000000,48.1,48.18,46.39,47.09,2502734,0
UNM.US,D,20240202,000000,47.44,47.79,47.24,47.34,1362851,0
UNM.US,D,20240205,000000,47.26,47.85,47.01,47.5,1054260,0
UNM.US,D,20240206,000000,47.5,47.92,47.41,47.53,1575056,0
UNM.US,D,20240207,000000,47.63,47.87,46.97,47.27,1346151,0
UNM.US,D,20240208,000000,47.31,47.425,46.64,47.35,1123599,0
UNM.US,D,20240209,000000,47.22,47.77,47,47.73,870471,0
UNM.US,D,20240212,000000,47.86,48.73,47.79,48.45,1098574,0
UNM.US,D,20240213,000000,48.64,48.85,47.645,48.02,1212845,0
UNM.US,D,20240214,000000,48.25,48.675,48.11,48.44,1219974,0
UNM.US,D,20240215,000000,48.45,49.18,48.45,48.7,1208839,0
UNM.US,D,20240216,000000,48.8,49.155,48.285,48.73,1402642,0
UNM.US,D,20240220,000000,48.63,49.555,48.53,49.23,1405467,0
UNM.US,D,20240221,000000,49.26,49.39,48.725,48.98,934599,0
UNM.US,D,20240222,000000,49.08,49.7,48.88,49.4,1011609,0
UNM.US,D,20240223,000000,49.41,50.045,49.3,49.58,715058,0
UNM.US,D,20240226,000000,49.36,49.92,49.185,49.2,877221,0
UNM.US,D,20240227,000000,49.32,49.73,49.065,49.2,2110389,0
UNM.US,D,20240228,000000,49.2,49.86,49.2,49.36,2583042,0
UNM.US,D,20240229,000000,49.44,49.72,49.165,49.45,4930174,0
UNM.US,D,20240301,000000,49.55,49.67,49.015,49.3,2080719,0
UNM.US,D,20240304,000000,49.62,50.09,49.42,49.63,2302180,0
UNM.US,D,20240305,000000,49.54,50.725,49.54,50.48,1531479,0
UNM.US,D,20240306,000000,50.61,50.71,49.8,50.6,1908533,0
UNM.US,D,20240307,000000,50.61,51.49,50.61,51.39,1164085,0
UNM.US,D,20240308,000000,51.36,51.78,50.33,50.4,1099986,0
UNM.US,D,20240311,000000,50.32,50.475,49.9,50.35,996709,0
UNM.US,D,20240312,000000,50.43,50.95,50.185,50.89,1040773,0
UNM.US,D,20240313,000000,51.06,51.47,50.8,51.28,1144859,0
UNM.US,D,20240314,000000,51.25,51.67,50.83,51.65,1298973,0
UNM.US,D,20240315,000000,51.44,52.17,51.44,52.11,4578348,0
UNM.US,D,20240318,000000,52.05,52.43,51.87,51.91,1142557,0
UNM.US,D,20240319,000000,52,52.62,51.8901,52.4,1060750,0
UNM.US,D,20240320,000000,52.2,53.04,52.2,52.99,1126485,0
UNM.US,D,20240321,000000,53.04,53.215,52.64,52.71,1204500,0
UNM.US,D,20240322,000000,52.8,52.87,52.015,52.13,874785,0
UNM.US,D,20240325,000000,52.15,53.315,52.15,53.13,930259,0
UNM.US,D,20240326,000000,53.11,53.58,52.89,53.15,889454,0
UNM.US,D,20240327,000000,53.3,53.82,53.29,53.7,950902,0
UNM.US,D,20240328,000000,53.76,53.97,53.45,53.66,1238652,0
UNM.US,D,20240401,000000,54,54.06,53.52,53.87,1165213,0
UNM.US,D,20240402,000000,53.96,54.555,53.935,54.1,1133838,0
UNM.US,D,20240403,000000,54.01,54.565,53.995,54.28,1133465,0
UNM.US,D,20240404,000000,54.39,54.57,53.305,53.38,873719,0
UNM.US,D,20240405,000000,53.74,53.94,53.5,53.73,748293,0
UNM.US,D,20240408,000000,53.57,53.8099,53.27,53.27,1314385,0
UNM.US,D,20240409,000000,53,53.15,51.39,51.63,1343427,0
UNM.US,D,20240410,000000,51.67,51.82,50.94,51.09,1287718,0
UNM.US,D,20240411,000000,50.78,50.86,49.88,50.25,1957653,0
UNM.US,D,20240412,000000,50.25,50.89,49.95,50.3,1465388,0
UNM.US,D,20240415,000000,50.93,51.06,49.89,49.95,974339,0
UNM.US,D,20240416,000000,50.23,50.53,49.685,50.39,1152769,0
UNM.US,D,20240417,000000,50.7,50.7,50.01,50.16,784609,0
UNM.US,D,20240418,000000,50.55,51.12,50.4583,50.79,1099642,0
UNM.US,D,20240419,000000,50.87,51.48,50.66,51.34,1270286,0
UNM.US,D,20240422,000000,51.69,52.12,51.49,51.8,898763,0
UNM.US,D,20240423,000000,51.93,52.21,51.76,51.79,819232,0
UNM.US,D,20240424,000000,51.68,52.06,51.49,51.97,919760,0
UNM.US,D,20240425,000000,51.69,51.8,51.105,51.36,661776,0
UNM.US,D,20240426,000000,51.07,51.12,50.54,50.75,1016680,0
UNM.US,D,20240429,000000,50.82,51.25,50.82,51.01,1422131,0
UNM.US,D,20240430,000000,50.45,50.88,50.44,50.7,1462737,0
UNM.US,D,20240501,000000,50.9,52.09,50.34,51.87,2805055,0
UNM.US,D,20240502,000000,52.3,52.3,51.25,51.69,1460822,0
UNM.US,D,20240503,000000,51.56,51.88,50.62,51.62,983565,0
UNM.US,D,20240506,000000,51.93,52.35,51.48,52.18,892798,0
UNM.US,D,20240507,000000,52.37,52.71,52.25,52.47,961414,0
UNM.US,D,20240508,000000,52.62,52.82,52.48,52.58,848350,0
UNM.US,D,20240509,000000,52.47,52.95,52.46,52.67,648453,0
UNM.US,D,20240510,000000,52.76,53.19,52.76,53.09,721554,0
UNM.US,D,20240513,000000,53.11,53.36,52.8,52.91,752114,0
UNM.US,D,20240514,000000,52.9,53.0525,52.78,52.94,635957,0
UNM.US,D,20240515,000000,52.74,52.95,52.19,52.48,758037,0
UNM.US,D,20240516,000000,52.85,53.14,52.64,52.77,778869,0
UNM.US,D,20240517,000000,53.02,53.26,52.875,53.09,863236,0
UNM.US,D,20240520,000000,53.11,53.19,52.22,52.41,721445,0
UNM.US,D,20240521,000000,52.53,52.82,52.4,52.75,510864,0
UNM.US,D,20240522,000000,52.72,53.23,52.56,52.92,649735,0
UNM.US,D,20240523,000000,52.82,52.83,52.18,52.36,843970,0
UNM.US,D,20240524,000000,52.62,52.68,52.43,52.67,478858,0
UNM.US,D,20240528,000000,52.39,52.7,52.11,52.28,974714,0
UNM.US,D,20240529,000000,52.12,52.46,51.93,52.4,1144645,0
UNM.US,D,20240530,000000,52.37,53.08,52.355,53.01,742834,0
UNM.US,D,20240531,000000,53.02,53.87,52.91,53.86,1603759,0
UNM.US,D,20240603,000000,53.98,54.19,53.58,53.82,1055033,0
UNM.US,D,20240604,000000,53.49,53.71,52.231,52.3,1128403,0
UNM.US,D,20240605,000000,52.2,52.4,51.32,51.82,864647,0
UNM.US,D,20240606,000000,51.87,52.13,51.39,51.54,962329,0
UNM.US,D,20240607,000000,51.67,52.11,51.54,51.76,707346,0
UNM.US,D,20240610,000000,51.53,51.65,51.07,51.33,788270,0
UNM.US,D,20240611,000000,50.81,50.82,49.69,50.01,1156704,0
UNM.US,D,20240612,000000,50,50.44,49.62,49.91,1383202,0
UNM.US,D,20240613,000000,49.74,49.78,49.1,49.74,599510,0
UNM.US,D,20240614,000000,49.45,49.65,48.41,48.48,1059994,0
UNM.US,D,20240617,000000,48.59,49.23,48.38,49.21,858030,0
UNM.US,D,20240618,000000,49.22,49.48,49.04,49.4,943535,0
UNM.US,D,20240620,000000,49.46,50.42,49.16,50.34,906084,0
UNM.US,D,20240621,000000,50.3,50.87,50.17,50.85,2584283,0
UNM.US,D,20240624,000000,51,51.34,50.64,50.97,1280815,0
UNM.US,D,20240625,000000,50.95,51.04,50.48,50.82,903850,0
UNM.US,D,20240626,000000,50.77,50.77,49.8,50.43,1393053,0
UNM.US,D,20240627,000000,50.29,50.79,50.23,50.71,1069090,0
UNM.US,D,20240628,000000,50.7,51.23,50.51,51.11,1635126,0
UNM.US,D,20240701,000000,51.62,51.68,51.041,51.2,829473,0
UNM.US,D,20240702,000000,51.05,51.73,51.04,51.49,1381596,0
UNM.US,D,20240703,000000,51.48,51.53,50.45,50.63,746533,0
UNM.US,D,20240705,000000,50.43,50.62,49.63,49.81,2333472,0
UNM.US,D,20240708,000000,50.17,50.8,50.04,50.18,1197937,0
UNM.US,D,20240709,000000,50.06,51.09,50.03,50.63,1021585,0
UNM.US,D,20240710,000000,51.01,51.4,50.695,51.24,1159006,0
UNM.US,D,20240711,000000,51.75,51.75,51.245,51.5,1311583,0
UNM.US,D,20240712,000000,51.7,52.2,51.55,51.92,809044,0
UNM.US,D,20240715,000000,52.2,53.17,52.19,52.95,1174137,0
UNM.US,D,20240716,000000,53.03,54.05,52.89,53.63,1274939,0
UNM.US,D,20240717,000000,53.82,54.4,53.79,53.91,1447404,0
UNM.US,D,20240718,000000,53.88,54.66,53.52,53.56,1342854,0
UNM.US,D,20240719,000000,53.56,53.83,52.96,53.55,1006724,0
UNM.US,D,20240722,000000,53.54,54.13,53.43,53.83,1383146,0
UNM.US,D,20240723,000000,53.78,54,53.54,53.95,798423,0
UNM.US,D,20240724,000000,54.04,54.33,53.53,53.58,1001051,0
UNM.US,D,20240725,000000,53.81,54.35,53.37,53.38,1084281,0
UNM.US,D,20240726,000000,53.06,53.64,53.05,53.24,1059969,0
UNM.US,D,20240729,000000,53.47,53.73,53.26,53.52,1062888,0
UNM.US,D,20240730,000000,53.7,54.43,53.64,54.28,1473005,0
UNM.US,D,20240731,000000,55.59,58.17,55.12,57.53,3091695,0
UNM.US,D,20240801,000000,57.77,58.14,56.24,56.56,1314260,0
UNM.US,D,20240802,000000,55.7,55.77,53.69,53.9,2014488,0
UNM.US,D,20240805,000000,52.55,53.09,51.8,52.81,1665713,0
UNM.US,D,20240806,000000,52.88,53.18,52.35,52.83,907534,0
UNM.US,D,20240807,000000,53.33,53.45,52.71,52.83,787072,0
UNM.US,D,20240808,000000,53.23,53.47,52.85,53.09,684372,0
UNM.US,D,20240809,000000,53.03,53.83,52.65,53.63,781286,0
UNM.US,D,20240812,000000,53.85,54.21,53.25,53.4,667590,0
UNM.US,D,20240813,000000,53.6,53.76,53.0149,53.62,724836,0
UNM.US,D,20240814,000000,53.83,54.315,53.69,54.2,942611,0
UNM.US,D,20240815,000000,54.92,55.09,54.37,54.41,1023438,0
UNM.US,D,20240816,000000,54.44,55.42,54.41,55.03,1084891,0
UNM.US,D,20240819,000000,54.85,55.21,54.37,54.52,1425547,0
UNM.US,D,20240820,000000,54.32,54.34,53.95,54.06,936392,0
UNM.US,D,20240821,000000,54.13,54.175,53.68,53.88,982067,0
UNM.US,D,20240822,000000,53.86,54.27,53.77,54.05,854419,0
UNM.US,D,20240823,000000,54.32,54.6,54.019,54.24,1108373,0
UNM.US,D,20240826,000000,54.48,55.34,54.43,54.64,847231,0
UNM.US,D,20240827,000000,54.84,55,54.51,54.79,718913,0
UNM.US,D,20240828,000000,54.65,55.49,54.62,55.23,809163,0
UNM.US,D,20240829,000000,55.26,55.59,54.83,55.29,647196,0
UNM.US,D,20240830,000000,55.28,55.59,55.0101,55.49,1103909,0
UNM.US,D,20240903,000000,55.36,55.62,54.84,55.05,1336120,0
UNM.US,D,20240904,000000,55,55.5,54.7006,55.15,1040767,0
UNM.US,D,20240905,000000,55.57,55.57,54.64,55.26,1345711,0
UNM.US,D,20240906,000000,55.1,55.69,53.96,54.14,1507217,0
UNM.US,D,20240909,000000,54,54.55,53.57,54.36,1470579,0
UNM.US,D,20240910,000000,54.21,54.61,53.71,54.15,1199191,0
UNM.US,D,20240911,000000,54.05,54.15,52.7061,53.33,1125532,0
UNM.US,D,20240912,000000,53.48,54.55,53.41,54.45,1646523,0
UNM.US,D,20240913,000000,54.8,55.13,54.725,55.02,828031,0
UNM.US,D,20240916,000000,55.46,56.26,55.41,56.25,1034828,0
UNM.US,D,20240917,000000,56.35,56.7377,56.19,56.4,700041,0
UNM.US,D,20240918,000000,56.45,56.94,56.22,56.24,1735244,0
UNM.US,D,20240919,000000,56.75,57.15,56.07,56.89,1156712,0
UNM.US,D,20240920,000000,56.71,57.57,56.5,57.35,3961993,0
UNM.US,D,20240923,000000,57.46,58.32,57.46,58.24,1225574,0
UNM.US,D,20240924,000000,58.32,58.69,57.23,57.41,1103558,0
UNM.US,D,20240925,000000,57.71,57.8286,57.21,57.49,1008528,0
UNM.US,D,20240926,000000,57.57,58.155,57.57,58.12,988026,0
UNM.US,D,20240927,000000,58.17,59.01,58.03,58.65,1113321,0
UNM.US,D,20240930,000000,58.585,59.44,58.0901,59.44,1306684,0
UNM.US,D,20241001,000000,59.04,59.33,58.365,58.88,1016858,0
UNM.US,D,20241002,000000,59.19,59.83,58.81,59.54,1083188,0
UNM.US,D,20241003,000000,59.38,59.465,58.66,59.3,863359,0
UNM.US,D,20241004,000000,60,61.7,59.98,61.55,1617139,0
UNM.US,D,20241007,000000,61.45,61.72,60.87,61.17,1441941,0
UNM.US,D,20241008,000000,61.29,61.435,60.39,60.42,979038,0
UNM.US,D,20241009,000000,60.83,61.83,60.48,61.65,987438,0
UNM.US,D,20241010,000000,61.9,62.21,61.285,61.63,960374,0
UNM.US,D,20241011,000000,61.91,63.25,61.77,62.73,1128733,0
UNM.US,D,20241014,000000,62.96,63.08,62.5744,62.97,1271345,0
UNM.US,D,20241015,000000,62.99,63.88,62.85,63.27,649393,0
UNM.US,D,20241016,000000,63.25,64.25,63.13,63.7,1153872,0
UNM.US,D,20241017,000000,64.15,64.52,63.73,64.21,824702,0
UNM.US,D,20241018,000000,64.07,64.07,63.44,63.62,674300,0
UNM.US,D,20241021,000000,63.6,63.8595,63.2,63.38,858824,0
UNM.US,D,20241022,000000,63.31,63.92,62.6816,63.33,551803,0
UNM.US,D,20241023,000000,63.15,63.59,62.866,63.43,735757,0
UNM.US,D,20241024,000000,63.52,63.56,63.01,63.34,1915491,0
UNM.US,D,20241025,000000,62.97,63.05,61.42,61.67,1325965,0
UNM.US,D,20241028,000000,61.95,62.35,61.69,61.85,1271389,0
UNM.US,D,20241029,000000,61.63,62.025,61.37,61.63,1561561,0
UNM.US,D,20241030,000000,63.33,64.91,62.76,64.39,3448906,0
UNM.US,D,20241031,000000,64.16,64.845,63.95,64.18,1611470,0
UNM.US,D,20241101,000000,64.19,64.63,63.84,64.12,1615407,0
UNM.US,D,20241104,000000,64.25,64.9699,64.01,64.08,1420573,0
UNM.US,D,20241105,000000,64,64.97,63.98,64.87,910268,0
UNM.US,D,20241106,000000,68.2,70.405,67.485,70.2,2404935,0
UNM.US,D,20241107,000000,69.57,69.81,69.02,69.36,1484067,0
UNM.US,D,20241108,000000,69.78,69.89,69.014,69.42,1062661,0
UNM.US,D,20241111,000000,70.1,71.42,70.1,70.22,1244719,0
UNM.US,D,20241112,000000,69.8,71.33,69.8,71.3,1290906,0
UNM.US,D,20241113,000000,70.9,71.44,70.67,71.02,882848,0
UNM.US,D,20241114,000000,72.58,72.96,71.91,72.24,1420507,0
UNM.US,D,20241115,000000,72.61,73.24,72.46,73.19,1523739,0
UNM.US,D,20241118,000000,73.25,73.62,72.54,72.58,1306439,0
UNM.US,D,20241119,000000,71.94,72.21,71.0218,72.08,1141661,0
UNM.US,D,20241120,000000,72.38,72.685,72.09,72.62,869665,0
UNM.US,D,20241121,000000,74.3267,75.93,74.1,75.43,2064510,0
UNM.US,D,20241122,000000,75.46,76.31,75.445,75.84,1758127,0
UNM.US,D,20241125,000000,75.7,76.72,75.48,76.21,2165665,0
UNM.US,D,20241126,000000,76,76.27,75.15,76.21,1305058,0
UNM.US,D,20241127,000000,76.25,77.2,76.25,77.07,849589,0
UNM.US,D,20241129,000000,77.37,77.63,76.72,76.9,459395,0
UNM.US,D,20241202,000000,77.17,77.17,76.22,76.35,1039729,0
UNM.US,D,20241203,000000,76.48,76.69,75.67,76.04,1229827,0
UNM.US,D,20241204,000000,75.82,76.32,74.76,75.67,1145369,0
UNM.US,D,20241205,000000,75.745,76.485,75.745,76.1,1264982,0
UNM.US,D,20241206,000000,75.9,76.1,74.8,74.96,1437910,0
UNM.US,D,20241209,000000,74.89,75.535,74.03,74.05,1301773,0
UNM.US,D,20241210,000000,74.43,74.43,72.24,72.84,1464637,0
UNM.US,D,20241211,000000,73,73.15,72.031,72.92,1320053,0
UNM.US,D,20241212,000000,73.68,74.75,73.48,73.6,847683,0
UNM.US,D,20241213,000000,73.59,74.055,73.31,73.83,851362,0
UNM.US,D,20241216,000000,73.44,74.04,73.17,73.58,1965918,0
UNM.US,D,20241217,000000,73.31,73.41,72.615,72.86,1478045,0
UNM.US,D,20241218,000000,73.25,73.25,70.37,70.51,2920049,0
UNM.US,D,20241219,000000,72,72.3566,70.68,70.96,1812820,0
UNM.US,D,20241220,000000,70.91,72.39,70.38,72.01,4008422,0
UNM.US,D,20241223,000000,71.695,72.83,71.45,72.78,856456,0
UNM.US,D,20241224,000000,72.985,73.36,72.65,73.34,287784,0
UNM.US,D,20241226,000000,73.06,73.85,73,73.77,433003,0
UNM.US,D,20241227,000000,73.51,74.03,72.81,73.19,557778,0
UNM.US,D,20241230,000000,72.58,73.36,72.2,73.05,990136,0
UNM.US,D,20241231,000000,73.215,73.5483,72.985,73.03,1168986,0
UNM.US,D,20250102,000000,72.82,73.37,72.67,72.93,1261905,0
UNM.US,D,20250103,000000,73.05,73.69,72.9,73.1,1038469,0
UNM.US,D,20250106,000000,73.3,73.98,72.85,73.27,1075447,0
UNM.US,D,20250107,000000,72.75,73.75,72.75,73.37,1085322,0
UNM.US,D,20250108,000000,73.08,73.22,71.43,72.95,1197375,0
UNM.US,D,20250110,000000,72.425,72.505,71.31,71.8,1523178,0
UNM.US,D,20250113,000000,71.575,73.13,71.5381,71.88,1320279,0
UNM.US,D,20250114,000000,72.235,73.04,72.01,72.98,1244385,0
UNM.US,D,20250115,000000,73.72,74.16,72.67,73.33,1471625,0
UNM.US,D,20250116,000000,73.36,74.53,73.28,74.3,930098,0
UNM.US,D,20250117,000000,74.44,75.5,74.44,74.98,911396,0
UNM.US,D,20250121,000000,75.04,75.88,75.04,75.45,876664,0
UNM.US,D,20250122,000000,75.3,75.79,74.9975,75.34,724238,0
UNM.US,D,20250123,000000,75.99,76.26,75.48,75.56,1013585,0
UNM.US,D,20250124,000000,74.89,75.32,74.805,75.01,806473,0
UNM.US,D,20250127,000000,75.175,75.69,74.68,75.33,921779,0
UNM.US,D,20250128,000000,75.27,76.575,75.265,75.96,602459,0
UNM.US,D,20250129,000000,76.09,77.6452,75.8347,77.3,814359,0
UNM.US,D,20250130,000000,77.69,77.69,76.61,77.01,750039,0
UNM.US,D,20250131,000000,76.9,77.35,76.19,76.25,1311611,0
UNM.US,D,20250203,000000,74.8135,76.65,74.77,76.23,1042215,0
UNM.US,D,20250204,000000,76.19,77.2,75.8,75.95,1257920,0
UNM.US,D,20250205,000000,74.02,78.68,74.02,77.72,2535323,0
UNM.US,D,20250206,000000,78.3,79.43,75.31,76.67,1689488,0
UNM.US,D,20250207,000000,77.275,78.045,76.91,76.95,1066987,0
UNM.US,D,20250210,000000,76.75,77.53,76.28,76.55,954747,0
UNM.US,D,20250211,000000,76.27,76.725,75.15,75.16,1005667,0
UNM.US,D,20250212,000000,75,75.875,74.71,75.14,961487,0
UNM.US,D,20250213,000000,75.325,75.78,74.424,75.44,966954,0
UNM.US,D,20250214,000000,75.56,75.77,74.31,74.36,1150117,0
UNM.US,D,20250218,000000,74.5,74.78,73.8,74.02,1304667,0
UNM.US,D,20250219,000000,74.4,75.3699,73.83,74.94,1322339,0
UNM.US,D,20250220,000000,74.68,74.82,73.66,74.79,1073420,0
UNM.US,D,20250221,000000,74.845,75.63,73.9,74.06,1204078,0
UNM.US,D,20250224,000000,74.74,75.47,74.38,74.76,903128,0
UNM.US,D,20250225,000000,75.22,76.45,75.055,76.37,1671428,0
UNM.US,D,20250226,000000,76.615,77.89,76.32,77.28,1002301,0
UNM.US,D,20250227,000000,80.97,83.96,80.96,81.72,2462896,0
UNM.US,D,20250228,000000,81.82,82.325,80.38,82.29,1943711,0
UNM.US,D,20250303,000000,82.145,83.25,80.304,81.39,1688787,0
UNM.US,D,20250304,000000,80.61,80.75,76.62,77.91,2640141,0
UNM.US,D,20250305,000000,79.245,81.81,79.09,81.26,2398627,0
UNM.US,D,20250306,000000,80.4627,81.08,79.31,79.46,1279781,0
UNM.US,D,20250307,000000,79.33,79.78,77.37,79.04,1274669,0
UNM.US,D,20250310,000000,78.01,79,76.72,77.33,1829619,0
UNM.US,D,20250311,000000,77.43,79.135,76.24,78.61,1618392,0
UNM.US,D,20250312,000000,79.5,79.97,76.82,77.62,1339338,0
UNM.US,D,20250313,000000,78.015,78.43,76.85,77.15,1189777,0
UNM.US,D,20250314,000000,78.085,79.025,77.42,78.83,1217369,0
UNM.US,D,20250317,000000,79.48,82.06,79.36,81.61,2002287,0
UNM.US,D,20250318,000000,81.61,82.25,80.74,80.88,1221202,0
UNM.US,D,20250319,000000,81.2,82.3,80.9,81.39,1841570,0
UNM.US,D,20250320,000000,80.47,81.66,80.13,81.04,1191449,0
UNM.US,D,20250321,000000,80.59,81.98,80.01,81.34,10362660,0
UNM.US,D,20250324,000000,81.95,83.37,81.85,83.34,1873067,0
UNM.US,D,20250325,000000,82.945,84.48,82.5,83.04,1510250,0
UNM.US,D,20250326,000000,83.48,84.04,82.09,82.33,1214508,0
UNM.US,D,20250327,000000,82.58,82.88,81.525,81.89,1040547,0
UNM.US,D,20250328,000000,81.755,81.98,79.42,80,1230860,0
UNM.US,D,20250331,000000,79.085,81.99,79.085,81.46,1300648,0
UNM.US,D,20250401,000000,81.23,82.5,80.7519,82,1267243,0
UNM.US,D,20250402,000000,81.46,83.205,81.22,82.91,958270,0
UNM.US,D,20250403,000000,79.72,80.91,78.93,79.24,3549458,0
UNM.US,D,20250404,000000,76.285,76.75,70.67,71.17,2658871,0
UNM.US,D,20250407,000000,69.375,73.01,66.81,70.75,2620302,0
UNM.US,D,20250408,000000,74,74.55,69.32,70.48,1792542,0
UNM.US,D,20250409,000000,69.65,77.46,69.28,76.89,2557458,0
UNM.US,D,20250410,000000,75.34,75.79,72.37,73.82,1575203,0
UNM.US,D,20250411,000000,73.835,75.43,72.66,75.26,1921703,0
UNM.US,D,20250414,000000,76.25,77.71,76.1301,76.91,1165043,0
UNM.US,D,20250415,000000,77.685,78.285,77.01,77.35,1598757,0
UNM.US,D,20250416,000000,76.95,77.5556,75.38,75.68,3294835,0
UNM.US,D,20250417,000000,76.115,76.9,75.59,75.87,1131954,0
UNM.US,D,20250421,000000,75.225,75.93,73.36,74.17,1987047,0
UNM.US,D,20250422,000000,74.92,77.385,74.91,77.31,1019308,0
UNM.US,D,20250423,000000,78.6,80.48,78.09,78.7,1437360,0
UNM.US,D,20250424,000000,78.57,80.18,78.14,79.34,1195859,0
UNM.US,D,20250425,000000,78.645,78.98,77.85,78.47,1111930,0
UNM.US,D,20250428,000000,78.69,79.61,78.51,79.05,1100590,0
UNM.US,D,20250429,000000,78.73,79.77,78.08,79.24,1191129,0
UNM.US,D,20250430,000000,74.49,77.89,73.17,77.66,2909897,0
UNM.US,D,20250501,000000,77.43,78.66,77.01,77.43,1397901,0
UNM.US,D,20250502,000000,78.375,79.94,78.17,79.61,1013637,0
UNM.US,D,20250505,000000,78.875,79.27,78.23,78.66,976254,0
UNM.US,D,20250506,000000,78.355,79.76,78.235,79.49,1127163,0
UNM.US,D,20250507,000000,80,81.13,79.69,80.51,1094079,0
UNM.US,D,20250508,000000,81,81.67,80.02,80.25,989619,0
UNM.US,D,20250509,000000,80.22,80.8,79.95,80.47,771444,0
UNM.US,D,20250512,000000,82,82.36,80.6382,80.86,1030743,0
UNM.US,D,20250513,000000,81.14,81.79,80.8,80.92,1179428,0
UNM.US,D,20250514,000000,81.14,81.185,79.54,79.71,1044295,0
UNM.US,D,20250515,000000,79.4,81.037,79.05,80.77,843715,0
UNM.US,D,20250516,000000,80.765,82.46,80.705,82.15,1361242,0
UNM.US,D,20250519,000000,81.65,82.26,81.59,82.16,977131,0
UNM.US,D,20250520,000000,82.1,82.52,81.96,82.01,688522,0
UNM.US,D,20250521,000000,81.81,82.03,80.28,80.3,849343,0
UNM.US,D,20250522,000000,80.325,80.64,79.47,79.63,907458,0
UNM.US,D,20250523,000000,78.855,80.16,78.79,79.87,693326,0
UNM.US,D,20250527,000000,80.705,82,80.15,81.74,834554,0
UNM.US,D,20250528,000000,81.41,81.88,80.435,80.59,854452,0
UNM.US,D,20250529,000000,81.135,81.4,80.64,81.38,793290,0
UNM.US,D,20250530,000000,81.2758,81.94,81,81.71,1073295,0
UNM.US,D,20250602,000000,81.4451,81.98,80.86,81.92,878107,0
UNM.US,D,20250603,000000,81.73,83.0662,80.74,82.14,937990,0
UNM.US,D,20250604,000000,82.1701,82.55,80.68,80.68,1068045,0
UNM.US,D,20250605,000000,80.765,80.94,79.39,80.01,1239821,0
UNM.US,D,20250606,000000,80.705,81.699,80.705,81.48,757948,0
UNM.US,D,20250609,000000,81.38,81.4,78.715,80.45,1209701,0
UNM.US,D,20250610,000000,80.255,80.53,78.48,78.8,1132490,0
UNM.US,D,20250611,000000,78.985,79.22,78.22,78.66,1348787,0
UNM.US,D,20250612,000000,78.365,79.3008,77.32,79.25,1294601,0
UNM.US,D,20250613,000000,78.1669,78.82,77.58,78.19,1171660,0
UNM.US,D,20250616,000000,78.455,79.24,78.17,78.86,1001822,0
UNM.US,D,20250617,000000,78.69,78.69,76.61,77.85,1654465,0
UNM.US,D,20250618,000000,77.9,78.84,77.49,78.43,1310583,0
UNM.US,D,20250620,000000,78.73,79.45,78.44,79.28,4037782,0
UNM.US,D,20250623,000000,79.155,80.1215,78.46,80.07,975148,0
UNM.US,D,20250624,000000,80.01,80.7306,79.29,79.43,1088791,0
UNM.US,D,20250625,000000,79.55,79.55,77.99,78.03,1117757,0
UNM.US,D,20250626,000000,78.04,79.731,78.04,79.7,1136738,0
UNM.US,D,20250627,000000,79.54,80.84,79.395,80.46,1758350,0
UNM.US,D,20250630,000000,80.37,80.95,80.36,80.76,974262,0
UNM.US,D,20250701,000000,80.71,82.44,80.71,82.06,1527002,0
UNM.US,D,20250702,000000,82.3,82.3,80.36,81.24,1397648,0
UNM.US,D,20250703,000000,81.62,82.33,81.61,82.12,1250476,0
UNM.US,D,20250707,000000,82.12,83.125,81.31,81.73,1223077,0
UNM.US,D,20250708,000000,81.73,82.23,80.88,80.94,1295243,0
UNM.US,D,20250709,000000,81.36,81.44,79.21,79.27,1353166,0
UNM.US,D,20250710,000000,79.2701,80.56,79.05,80.47,1074261,0
UNM.US,D,20250711,000000,80.23,80.97,79.5098,80.04,1076396,0
UNM.US,D,20250714,000000,80.04,81.55,80.04,81.4,956250,0
UNM.US,D,20250715,000000,81.03,81.38,78.97,78.97,1046110,0
UNM.US,D,20250716,000000,79.7333,80.55,79.2525,80.43,1292340,0
UNM.US,D,20250717,000000,79.8,81.24,79.75,81.01,1338779,0
UNM.US,D,20250718,000000,81.06,81.59,80.7801,81.12,739647,0
UNM.US,D,20250721,000000,81.29,81.335,79.69,79.77,996789,0
UNM.US,D,20250722,000000,79.99,80.765,79.7,80.48,941883,0
UNM.US,D,20250723,000000,80.98,81.12,80.43,80.74,1293517,0
UNM.US,D,20250724,000000,80.55,81.075,79.83,80.01,1203793,0
UNM.US,D,20250725,000000,79.8,80.87,79.79,80.76,981820,0
UNM.US,D,20250728,000000,80.64,80.655,79.97,80.08,1182403,0
UNM.US,D,20250729,000000,80.91,81.665,80.5,80.97,1551323,0
UNM.US,D,20250730,000000,71.025,74.47,69.0869,71.11,6831321,0
UNM.US,D,20250731,000000,71.27,72.43,70.57,71.81,3345361,0
UNM.US,D,20250801,000000,71.46,71.46,68.79,69.73,2993829,0
UNM.US,D,20250804,000000,70.52,70.52,69.475,69.95,1659634,0
UNM.US,D,20250805,000000,70,71,69.56,70.01,1572926,0
UNM.US,D,20250806,000000,70.4,70.985,69.9,70.49,1106376,0
UNM.US,D,20250807,000000,70.52,71,68.37,68.55,2181747,0
UNM.US,D,20250808,000000,69.145,69.685,68.28,69.39,1637427,0
UNM.US,D,20250811,000000,69.81,69.88,69.21,69.39,1361875,0
UNM.US,D,20250812,000000,70,70.6,69.85,70.34,1094426,0
UNM.US,D,20250813,000000,70.585,71.16,70.29,71.01,1133415,0
UNM.US,D,20250814,000000,70.88,71.13,70.46,70.89,961611,0
UNM.US,D,20250815,000000,71.1065,71.19,68.71,68.82,1370448,0
UNM.US,D,20250818,000000,68.88,68.88,68.275,68.58,1342263,0
UNM.US,D,20250819,000000,68.38,69.53,68.38,69.09,782137,0
UNM.US,D,20250820,000000,69.34,69.74,69.105,69.45,1031611,0
UNM.US,D,20250821,000000,69.45,69.8128,69.01,69.34,893470,0
UNM.US,D,20250822,000000,69.56,70.598,69.56,69.92,930865,0
UNM.US,D,20250825,000000,69.645,70,69.12,69.16,839138,0
UNM.US,D,20250826,000000,68.7301,69.52,68.7301,69.47,1097910,0
UNM.US,D,20250827,000000,69.12,70.02,69.1,69.54,999948,0
UNM.US,D,20250828,000000,69.535,69.83,68.95,69.32,903977,0
UNM.US,D,20250829,000000,69.405,70,69.03,69.86,956166,0
UNM.US,D,20250902,000000,69.52,70.04,68.7,70.03,1204779,0
UNM.US,D,20250903,000000,70.01,73.14,70.01,72.78,3896295,0
UNM.US,D,20250904,000000,73.05,73.47,72.6019,73.07,1755068,0
UNM.US,D,20250905,000000,73.26,73.95,72.1,73.76,2680413,0
UNM.US,D,20250908,000000,73.445,74.02,72.435,73.69,2048298,0
UNM.US,D,20250909,000000,73.71,74.1,72.9,73.27,1521456,0
UNM.US,D,20250910,000000,73.01,73.77,72.79,73.72,1087528,0
UNM.US,D,20250911,000000,73.71,75.33,73.41,75.26,1802954,0
UNM.US,D,20250912,000000,75,75.65,74.58,75.24,1525048,0
UNM.US,D,20250915,000000,75.165,76.04,74.75,74.9,1324428,0
UNM.US,D,20250916,000000,74.97,75.24,73.51,74.21,1316479,0
UNM.US,D,20250917,000000,74.5,75.64,74.25,75.1,1342492,0
UNM.US,D,20250918,000000,75.005,76.4,74.94,76.25,1389256,0
UNM.US,D,20250919,000000,76.65,77,75.3,76.21,4499233,0
UNM.US,D,20250922,000000,75.3001,76.36,75.29,75.9,1332198,0
UNM.US,D,20250923,000000,76.01,77.5289,75.88,76.7,1259374,0
UNM.US,D,20250924,000000,76.49,77.62,76.45,76.83,1609897,0
UNM.US,D,20250925,000000,76.82,77.24,76.28,76.7,939682,0
UNM.US,D,20250926,000000,77.6,78.43,77.31,78.26,741735,0
UNM.US,D,20250929,000000,78.46,78.46,77.14,77.42,838390,0
UNM.US,D,20250930,000000,77.72,77.94,76.87,77.78,1028170,0
UNM.US,D,20251001,000000,77.135,78.44,77.07,78.26,853206,0
UNM.US,D,20251002,000000,78.025,78.78,77.68,78.6,784385,0
UNM.US,D,20251003,000000,78.85,79.74,78.6,79.42,1149554,0
UNM.US,D,20251006,000000,79.415,79.93,78.37,78.64,726076,0
UNM.US,D,20251007,000000,78.1201,79.29,78.1201,78.26,653907,0
UNM.US,D,20251008,000000,78.35,79.03,77.95,78.62,716908,0
UNM.US,D,20251009,000000,78.845,79.2,76.385,76.77,1624520,0
UNM.US,D,20251010,000000,76.44,77.55,75.695,75.85,1410091,0
UNM.US,D,20251013,000000,76.4,76.66,75.08,75.46,1043623,0
UNM.US,D,20251014,000000,75.285,76.62,75.04,76.61,1093077,0
UNM.US,D,20251015,000000,76.555,77.06,75.44,75.93,834412,0
UNM.US,D,20251016,000000,75.47,75.675,73.595,73.69,983976,0
UNM.US,D,20251017,000000,73.83,75.49,73.69,75.46,1203672,0
UNM.US,D,20251020,000000,75.46,76.12,75.31,75.7,849150,0
UNM.US,D,20251021,000000,76,76.98,75.75,76.58,963047,0
UNM.US,D,20251022,000000,76.595,77.365,75.78,76.21,1058293,0
UNM.US,D,20251023,000000,76.44,76.66,75.95,76.41,741351,0
UNM.US,D,20251024,000000,76.18,76.7,75.89,76.08,757265,0
UNM.US,D,20251027,000000,76.37,76.7,75.74,75.8,879081,0
UNM.US,D,20251028,000000,75.83,75.83,74.62,74.68,1209809,0
UNM.US,D,20251029,000000,74.16,75.3,74.16,74.86,1609710,0
UNM.US,D,20251030,000000,74.53,75.345,73.425,73.5,2214069,0
UNM.US,D,20251031,000000,73.4,73.68,72.79,73.42,1733632,0
UNM.US,D,20251103,000000,72.8,73.68,72.21,72.93,2319241,0
UNM.US,D,20251104,000000,74.595,78.99,74.45,78.2,3880066,0
UNM.US,D,20251105,000000,78.19,78.71,76.25,76.77,2494522,0
UNM.US,D,20251106,000000,76.845,77.83,76.32,76.78,1847126,0
UNM.US,D,20251107,000000,76.12,78.35,75.635,78.15,1881703,0
UNM.US,D,20251110,000000,78.15,78.76,77.28,77.33,918662,0
UNM.US,D,20251111,000000,77.45,77.8,76.27,76.33,882886,0
UNM.US,D,20251112,000000,76.54,77.96,76.31,77.34,863770,0
UNM.US,D,20251113,000000,77.34,78,76.7,77,1137901,0
UNM.US,D,20251114,000000,76.695,77.575,75.905,76.97,812993,0
UNM.US,D,20251117,000000,76.8,76.8,75.45,75.92,1293983,0
UNM.US,D,20251118,000000,75.535,76.9799,75.24,76.72,1170884,0
UNM.US,D,20251119,000000,77.23,77.475,76.11,76.5,1305350,0
UNM.US,D,20251120,000000,77.015,77.88,75.92,76.29,1047089,0
UNM.US,D,20251121,000000,76.3,76.875,75.26,75.66,1174279,0
UNM.US,D,20251124,000000,75.35,75.93,74.875,75.66,1465123,0
UNM.US,D,20251125,000000,76.005,77.3,75.85,76.55,1251622,0
UNM.US,D,20251126,000000,76.645,76.995,76.05,76.38,1291152,0
UNM.US,D,20251128,000000,76.87,76.87,75.91,75.97,685285,0
UNM.US,D,20251201,000000,75.98,76.15,75.11,75.2,1258320,0
UNM.US,D,20251202,000000,75.5313,75.5313,74.04,74.3,1272174,0
UNM.US,D,20251203,000000,74.3,74.52,73.2,73.55,1893329,0
UNM.US,D,20251204,000000,73.63,73.94,73.03,73.34,1243314,0
UNM.US,D,20251205,000000,74.8,75.58,74.155,74.29,1320473,0
UNM.US,D,20251208,000000,74.2,74.2,71.715,72.82,1829070,0
UNM.US,D,20251209,000000,72.69,73.955,72.69,73.38,1823236,0
UNM.US,D,20251210,000000,73.01,74.46,73.01,74.26,2458766,0
UNM.US,D,20251211,000000,74.49,76.98,74.2002,76.5,1826271,0
UNM.US,D,20251212,000000,76.93,77.19,76.175,77.12,1399720,0
UNM.US,D,20251215,000000,76.04,77.745,76.04,77.11,1804443,0
UNM.US,D,20251216,000000,77.14,77.66,76.77,77.52,1290974,0
UNM.US,D,20251217,000000,77.385,78.29,77.09,77.91,1353262,0
UNM.US,D,20251218,000000,77.64,79.57,77.08,79.46,1789893,0
UNM.US,D,20251219,000000,79.08,80.21,78.685,79.24,4892987,0
UNM.US,D,20251222,000000,79.15,79.8,78.48,78.69,999886,0
UNM.US,D,20251223,000000,78.69,79.775,78.69,79.39,927759,0
UNM.US,D,20251224,000000,79.35,79.43,78.82,79.05,382142,0
UNM.US,D,20251226,000000,79.15,79.245,78.45,78.84,466975,0
UNM.US,D,20251229,000000,79.16,79.355,78.16,78.57,688479,0
UNM.US,D,20251230,000000,78.72,78.72,78.05,78.32,634870,0
UNM.US,D,20251231,000000,78.225,78.4,77.44,77.5,774043,0
UNM.US,D,20260102,000000,77.415,77.56,76.53,77.23,1084196,0
UNM.US,D,20260105,000000,76.34,79.19,75.9,78.31,1281424,0
UNM.US,D,20260106,000000,77.875,78.98,77.0801,78.66,1299865,0
UNM.US,D,20260107,000000,78.285,79.04,77.52,78.41,1055223,0
UNM.US,D,20260108,000000,78.485,80.445,78.445,80.37,1179513,0
UNM.US,D,20260109,000000,80.37,80.89,80.225,80.29,821484,0
UNM.US,D,20260112,000000,80,80.895,79.38,80.06,1054982,0
UNM.US,D,20260113,000000,80.385,81.16,78.925,79.33,1263581,0
UNM.US,D,20260114,000000,79.375,80.52,78.98,79.82,1483205,0
UNM.US,D,20260115,000000,79.73,80.55,77.3,77.39,2108551,0
UNM.US,D,20260116,000000,76.68,77.37,75.07,76.09,1976024,0
UNM.US,D,20260120,000000,75.54,76.42,75.22,75.48,1590911,0
UNM.US,D,20260121,000000,76.17,76.84,75.655,76.7,978394,0
UNM.US,D,20260122,000000,75.95,76.95,75.95,76.94,889727,0
UNM.US,D,20260123,000000,76.86,76.86,75.35,76.1,686334,0
UNM.US,D,20260126,000000,76.25,77.175,75.77,76.39,760653,0
UNM.US,D,20260127,000000,76.025,76.23,75.525,75.86,915139,0
UNM.US,D,20260128,000000,75.495,76.565,75.195,76.29,1009449,0
UNM.US,D,20260129,000000,76.95,77.2013,75.83,76.29,1874974,0
UNM.US,D,20260130,000000,75.615,76.28,74.745,75.97,1824187,0
UNM.US,D,20260202,000000,76.145,76.6885,75.72,76.47,1242400,0
UNM.US,D,20260203,000000,75.82,77.2,75.82,76.56,1196802,0
UNM.US,D,20260204,000000,76.8,77.64,76.45,76.97,1475427,0
UNM.US,D,20260205,000000,77.175,78.42,75.535,75.66,2786280,0
UNM.US,D,20260206,000000,70.94,75.63,69.9373,74.56,4505137,0
UNM.US,D,20260209,000000,74.165,75.71,71.55,71.7,2330324,0
UNM.US,D,20260210,000000,71.69,72.665,70.73,71.74,1491058,0
UNM.US,D,20260211,000000,72.05,72.065,70.45,71.41,1989050,0
UNM.US,D,20260212,000000,71.41,71.8,69.8,70.82,1707998,0
UNM.US,D,20260213,000000,70.74,72.49,69.96,71.64,1483097,0
UNM.US,D,20260217,000000,71.64,73.03,71.4759,72.91,1222026,0
UNM.US,D,20260218,000000,72.505,73.36,71.74,73.26,1159628,0
UNM.US,D,20260219,000000,73.365,73.95,72.78,73.47,1174888,0
UNM.US,D,20260220,000000,73.67,74.5,72.64,73.65,1535517,0
UNM.US,D,20260223,000000,74.02,74.54,70.65,70.84,2130203,0
UNM.US,D,20260224,000000,70.93,71.975,70.49,71.64,1604800,0
UNM.US,D,20260225,000000,71.46,72.66,70.68,72.48,1462000,0
UNM.US,D,20260226,000000,73.41,74.23,72.51,73.82,1311220,0
UNM.US,D,20260227,000000,73.2,73.51,70.93,71.73,2051293,0
UNM.US,D,20260302,000000,71.585,72.685,71.23,72.11,1654829,0
UNM.US,D,20260303,000000,70.96,71.335,69.02,70.66,1461919,0
UNM.US,D,20260304,000000,71.16,73.42,70.03,73.39,1766544,0
UNM.US,D,20260305,000000,72.99,74.485,72.33,74.29,1472121,0
UNM.US,D,20260306,000000,73.61,73.65,71.68,73.52,257,0
UNM.US,D,20260309,000000,72.4485,73.065,70.63,72.94,482,0
UNM.US,D,20260310,000000,73.36,74.04,71.62,72.78,1702,0
UNM.US,D,20260311,000000,72.54,73.74,71.58,72.51,2353459,0
UNM.US,D,20260312,000000,71.935,73.165,70.78,72.69,1762682,0
UNM.US,D,20260313,000000,73.255,73.36,71.99,72.16,1298590,0
UNM.US,D,20260316,000000,72.25,73.2,72.02,72.84,1472239,0
UNM.US,D,20260317,000000,73.79,75.66,72.49,75.19,1867987,0
UNM.US,D,20260318,000000,74.45,75.089,73.54,74.24,1895311,0
UNM.US,D,20260319,000000,73.935,74.22,72.59,72.95,1931883,0
UNM.US,D,20260320,000000,73.445,73.78,72.08,72.52,11804960,0
UNM.US,D,20260323,000000,73.69,74.56,72.84,73.25,1177259,0
UNM.US,D,20260324,000000,72.95,74.13,72.82,73.84,1321210,0
UNM.US,D,20260325,000000,74.46,75.05,73.48,74.5,835898,0
UNM.US,D,20260326,000000,74.45,75.17,74.055,74.45,1000708,0
UNM.US,D,20260327,000000,74.34,74.34,72.63,72.9,1158166,0
UNM.US,D,20260330,000000,73.75,73.83,71.72,72.99,1562151,0
UNM.US,D,20260331,000000,74.08,74.47,72.75,73.03,1179875,0
UNM.US,D,20260401,000000,73.85,74.61,72.894,73.86,1911221,0
UNM.US,D,20260402,000000,73.39,74.38,72.28,74.17,1112237,0
UNM.US,D,20260406,000000,73.94,75.84,73.94,75.84,879560,0
UNM.US,D,20260407,000000,75.6,75.92,75.1,75.72,813616,0
UNM.US,D,20260408,000000,76.54,77.64,76.54,77.55,1343251,0
UNM.US,D,20260409,000000,77.11,77.64,76.48,76.63,1166815,0
UNM.US,D,20260410,000000,76.4,76.9199,75.95,76.67,846278,0
UNM.US,D,20260413,000000,76.13,77.34,76.11,77.2,883043,0
UNM.US,D,20260414,000000,77.03,77.92,76.86,77.53,704680,0
UNM.US,D,20260415,000000,77.35,79.43,77.24,78.9,1113681,0
UNM.US,D,20260416,000000,79.24,79.79,78.36,78.98,1200893,0
UNM.US,D,20260417,000000,79.01,80.55,79.01,79.63,1125655,0
UNM.US,D,20260420,000000,79.41,80.195,79.125,79.23,1126728,0
UNM.US,D,20260421,000000,79.47,79.48,78.54,78.79,1588417,0
UNM.US,D,20260422,000000,78.78,78.78,76.465,77.33,2572715,0
UNM.US,D,20260423,000000,77.38,78.55,77.06,77.76,1723171,0
UNM.US,D,20260424,000000,76.92,77.49,76.69,77.48,1224543,0
