<TICKER>,<PER>,<DATE>,<TIME>,<OPEN>,<HIGH>,<LOW>,<CLOSE>,<VOL>,<OPENINT>
XOM.US,D,20000103,000000,23.9567,24.3214,23.4569,23.5852,21754238.386533,0
XOM.US,D,20000104,000000,23.3198,23.5434,23.0435,23.1457,23455690.27221,0
XOM.US,D,20000105,000000,23.487,24.6267,23.4373,24.4012,28263275.67302,0
XOM.US,D,20000106,000000,24.2844,25.8472,24.1473,25.6519,31458316.564044,0
XOM.US,D,20000107,000000,25.8832,25.9795,25.3095,25.572,26838882.092837,0
XOM.US,D,20000110,000000,25.3668,25.504,25.1732,25.2288,13813043.047253,0
XOM.US,D,20000111,000000,25.2288,25.6703,25.1909,25.3095,14099476.09739,0
XOM.US,D,20000112,000000,25.0732,25.4242,24.9361,25.1548,16672179.752953,0
XOM.US,D,20000113,000000,25.1548,25.9066,25.0391,25.7267,19487683.844921,0
XOM.US,D,20000114,000000,25.752,25.752,24.9974,25.2288,18215228.582508,0
XOM.US,D,20000118,000000,24.9195,25.752,24.8018,25.5234,19283041.508652,0
XOM.US,D,20000119,000000,25.3843,25.8658,25.2112,25.7714,21157125.661417,0
XOM.US,D,20000120,000000,25.6519,25.6703,24.9,25.2112,15539389.368358,0
XOM.US,D,20000121,000000,25.3095,25.6519,25.0936,25.5954,23185424.723445,0
XOM.US,D,20000124,000000,25.7267,26.0009,24.9974,25.3843,20139745.303633,0
XOM.US,D,20000125,000000,25.3095,25.9445,25.2482,25.3299,19270431.824156,0
XOM.US,D,20000126,000000,25.3299,25.4845,24.9,25.1548,15029565.520937,0
XOM.US,D,20000127,000000,25.0936,25.0936,24.0297,24.4012,17050748.949214,0
XOM.US,D,20000128,000000,24.0928,24.4012,23.7603,23.7603,16747832.718575,0
XOM.US,D,20000131,000000,23.6806,25.1732,23.4569,24.9565,23619595.605243,0
XOM.US,D,20000201,000000,25.0936,25.1344,24.512,25.0517,17239869.538154,0
XOM.US,D,20000202,000000,25.0732,25.5546,25.0732,25.2482,18690456.259752,0
XOM.US,D,20000203,000000,25.1344,25.3095,24.1084,24.8018,18768043.4027,0
XOM.US,D,20000204,000000,25.1548,25.1548,24.1084,24.3661,18485818.036566,0
XOM.US,D,20000207,000000,23.9567,24.4771,23.9567,24.3214,11478594.871275,0
XOM.US,D,20000208,000000,24.4012,24.6696,23.697,23.7788,15149181.175213,0
XOM.US,D,20000209,000000,23.2565,23.4141,23.028,23.1028,20056989.043506,0
XOM.US,D,20000210,000000,23.1028,23.5229,22.8139,22.988,21782364.677002,0
XOM.US,D,20000211,000000,23.028,23.237,22.0204,22.3725,20150091.764156,0
XOM.US,D,20000214,000000,22.5583,23.2993,22.5427,23.1631,15766012.020682,0
XOM.US,D,20000215,000000,23.5434,24.4012,23.4569,24.0297,17430935.615401,0
XOM.US,D,20000216,000000,23.9334,24.338,23.7409,24.2281,16591360.754964,0
XOM.US,D,20000217,000000,23.9334,23.9334,23.4141,23.5852,18877313.624722,0
XOM.US,D,20000218,000000,23.4141,23.4373,22.7158,22.7158,22307707.186937,0
XOM.US,D,20000222,000000,23.1028,23.2993,22.5583,22.8539,17546026.878271,0
XOM.US,D,20000223,000000,22.4405,22.9716,22.1566,22.5972,14356491.348968,0
XOM.US,D,20000224,000000,22.0204,22.2548,21.6509,22.0623,17435457.950261,0
XOM.US,D,20000225,000000,21.9806,22.5213,21.2095,21.5158,19074839.298966,0
XOM.US,D,20000228,000000,21.4954,22.8139,21.1733,22.2753,19195430.782204,0
XOM.US,D,20000229,000000,22.2753,22.9084,22.0992,22.8139,16922735.407531,0
XOM.US,D,20000302,000000,23.028,23.5229,22.8889,23.3198,15844570.87951,0
XOM.US,D,20000303,000000,23.1826,23.1826,22.4794,22.9287,16500188.098558,0
XOM.US,D,20000306,000000,22.4095,22.7158,21.8046,22.0992,16968318.650922,0
XOM.US,D,20000307,000000,21.8443,24.5334,21.8046,24.2281,36873356.009139,0
XOM.US,D,20000308,000000,23.4685,24.8437,23.4685,24.1279,32298532.037172,0
XOM.US,D,20000309,000000,23.6251,24.4012,23.4569,24.3661,17629104.987149,0
XOM.US,D,20000310,000000,24.2281,24.2844,23.1272,23.3382,15242934.791261,0
XOM.US,D,20000313,000000,23.1826,23.6057,22.5213,22.988,15303391.971392,0
XOM.US,D,20000314,000000,22.7537,23.6251,22.5972,23.3927,14624814.494243,0
XOM.US,D,20000315,000000,23.3761,23.6251,22.6176,23.5434,19202865.179897,0
XOM.US,D,20000316,000000,23.6251,24.2116,22.988,24.1677,18751877.957869,0
XOM.US,D,20000317,000000,24.0297,24.1473,23.3198,23.3567,24132009.666742,0
XOM.US,D,20000320,000000,23.0815,23.4141,22.5019,22.6769,17272523.304839,0
XOM.US,D,20000321,000000,22.9434,23.5434,22.9084,23.3198,17587727.371222,0
XOM.US,D,20000322,000000,23.3198,23.3198,22.5427,22.6974,23039306.418254,0
XOM.US,D,20000323,000000,22.5972,23.0435,22.5019,22.8685,16351159.787076,0
XOM.US,D,20000324,000000,22.9434,23.487,22.9084,23.3927,14231695.266537,0
XOM.US,D,20000327,000000,23.3927,23.6806,22.9434,23.1826,15619558.499218,0
XOM.US,D,20000328,000000,22.9084,23.9334,22.9084,23.9334,13367230.083757,0
XOM.US,D,20000329,000000,23.6806,24.8243,23.5434,24.3847,33546746.844368,0
XOM.US,D,20000330,000000,24.6696,24.7814,23.5229,23.8177,21456813.121826,0
XOM.US,D,20000331,000000,23.8993,24.2116,23.5618,23.6251,20366372.069039,0
XOM.US,D,20000403,000000,23.5434,24.4595,23.5229,24.3847,16092522.952489,0
XOM.US,D,20000404,000000,24.2116,25.1111,24.2116,24.9974,26491993.919111,0
XOM.US,D,20000405,000000,24.8437,25.1732,24.0928,24.1677,21056913.476639,0
XOM.US,D,20000406,000000,24.4012,24.8437,24.2465,24.7639,13360111.365191,0
XOM.US,D,20000407,000000,24.5334,24.6452,23.9567,24.1084,12649537.18638,0
XOM.US,D,20000410,000000,23.9334,24.1279,23.6601,23.697,14697223.265574,0
XOM.US,D,20000411,000000,23.915,24.512,23.8342,24.053,17241492.149435,0
XOM.US,D,20000412,000000,24.2281,24.6871,24.1473,24.2116,13892247.660127,0
XOM.US,D,20000413,000000,24.2116,24.5334,23.8731,24.2281,14401419.583877,0
XOM.US,D,20000414,000000,24.1823,24.7639,23.6251,23.8547,19151788.914033,0
XOM.US,D,20000417,000000,23.8177,24.053,22.7537,22.8685,26196510.029624,0
XOM.US,D,20000418,000000,23.028,23.2819,22.7158,23.0815,19494147.555003,0
XOM.US,D,20000419,000000,23.1028,23.7603,23.028,23.4569,19558801.108161,0
XOM.US,D,20000420,000000,23.4569,23.9334,23.3382,23.9334,13025194.31981,0
XOM.US,D,20000424,000000,23.8177,24.5334,23.3761,24.2116,14401099.791665,0
XOM.US,D,20000425,000000,24.301,24.6871,24.265,24.5334,18919663.9848,0
XOM.US,D,20000426,000000,24.5334,24.5334,24.0297,24.265,13607106.11808,0
XOM.US,D,20000427,000000,24.1279,24.512,23.8177,24.4391,15618268.019396,0
XOM.US,D,20000428,000000,24.3661,24.3661,23.5229,23.5229,15725270.904362,0
XOM.US,D,20000501,000000,23.7185,23.9567,23.5229,23.6251,14320596.472804,0
XOM.US,D,20000502,000000,23.6806,24.1084,23.6251,23.697,13072394.004858,0
XOM.US,D,20000503,000000,23.7409,23.7603,23.3198,23.4685,11420399.886847,0
XOM.US,D,20000504,000000,23.6251,24.1473,23.5618,24.0928,16308806.342185,0
XOM.US,D,20000505,000000,23.8547,24.2281,23.8342,24.2281,11441739.590209,0
XOM.US,D,20000508,000000,24.2116,24.4595,24.053,24.3661,11923752.826289,0
XOM.US,D,20000509,000000,24.3847,24.4955,23.8547,24.0724,13551503.404271,0
XOM.US,D,20000510,000000,24.1473,24.8796,24.1279,24.6871,18372992.05421,0
XOM.US,D,20000511,000000,24.9195,25.3843,24.8243,25.2677,17739350.009864,0
XOM.US,D,20000512,000000,25.1111,25.1909,24.8796,24.9788,12880682.173566,0
XOM.US,D,20000515,000000,24.9565,25.5419,24.9,25.4671,14395600.599569,0
XOM.US,D,20000516,000000,25.3483,25.4845,25.0517,25.3483,14093657.113083,0
XOM.US,D,20000517,000000,24.9788,25.1344,24.512,24.7814,17936238.156228,0
XOM.US,D,20000518,000000,24.8243,25.0936,24.6452,24.8018,11572026.638571,0
XOM.US,D,20000519,000000,24.4206,25.0168,24.338,24.9,13631354.799462,0
XOM.US,D,20000522,000000,25.0936,25.5546,25.0517,25.3668,15643812.321953,0
XOM.US,D,20000523,000000,25.4038,25.4457,24.8641,25.293,13864766.095433,0
XOM.US,D,20000524,000000,25.2288,25.4038,24.9974,25.2677,14883768.036227,0
XOM.US,D,20000525,000000,25.0936,25.1548,24.5713,24.8018,13927491.64089,0
XOM.US,D,20000526,000000,24.8796,25.3095,24.8437,25.0936,9601919.4761596,0
XOM.US,D,20000530,000000,24.9788,25.4671,24.9195,25.4242,16491794.324232,0
XOM.US,D,20000531,000000,25.293,25.5419,25.0732,25.3668,15917628.4897,0
XOM.US,D,20000601,000000,25.4457,25.4457,24.6267,25.2677,19219030.624728,0
XOM.US,D,20000602,000000,24.6871,24.9565,23.9567,24.1084,30077560.738949,0
XOM.US,D,20000605,000000,24.0724,24.2844,24.0724,24.1473,13989553.951698,0
XOM.US,D,20000606,000000,24.0724,25.1344,23.9898,25.0732,19625077.272598,0
XOM.US,D,20000607,000000,24.9788,25.1111,24.6267,24.7065,15449514.389667,0
XOM.US,D,20000608,000000,24.4012,24.5519,24.338,24.3847,17251512.648123,0
XOM.US,D,20000609,000000,24.3661,24.5334,24.0928,24.1084,15175042.185167,0
XOM.US,D,20000612,000000,24.3214,24.8796,24.3214,24.5879,18235273.692967,0
XOM.US,D,20000613,000000,24.7425,24.9788,24.6696,24.7269,12240899.296161,0
XOM.US,D,20000614,000000,24.9565,25.504,24.9,25.1732,17888061.613946,0
XOM.US,D,20000615,000000,25.1344,25.4242,24.9,25.1111,18292488.735349,0
XOM.US,D,20000616,000000,25.1732,25.6917,25.1732,25.6917,31766398.827048,0
XOM.US,D,20000619,000000,25.5546,25.6519,25.1344,25.5954,14594423.951529,0
XOM.US,D,20000620,000000,25.1344,25.3843,24.9,25.3483,14228462.383224,0
XOM.US,D,20000621,000000,24.9788,25.7082,24.9195,25.572,15163402.160011,0
XOM.US,D,20000622,000000,25.6917,25.8083,24.9788,25.1909,15176338.834613,0
XOM.US,D,20000623,000000,25.3843,25.504,25.1909,25.3095,9320656.5714711,0
XOM.US,D,20000626,000000,25.3483,25.6342,25.2112,25.3843,10242350.164153,0
XOM.US,D,20000627,000000,25.4038,25.4671,24.9565,24.9974,13185867.797801,0
XOM.US,D,20000628,000000,24.9974,25.1732,24.8437,25.0168,11880764.938329,0
XOM.US,D,20000629,000000,24.8437,24.9788,24.6696,24.7269,15247782.059687,0
XOM.US,D,20000630,000000,24.5713,24.6452,23.6601,23.915,32195085.940812,0
XOM.US,D,20000703,000000,24.0102,24.2844,23.9898,24.2281,13883189.622882,0
XOM.US,D,20000705,000000,24.053,24.053,23.3198,23.4373,22213303.703758,0
XOM.US,D,20000706,000000,23.6806,24.1677,23.6251,23.8177,17711871.529982,0
XOM.US,D,20000707,000000,23.9567,24.1677,23.7603,23.915,14997565.734465,0
XOM.US,D,20000710,000000,23.915,24.1084,23.7603,23.7982,10398486.911491,0
XOM.US,D,20000711,000000,23.7982,24.5879,23.7982,24.5334,14337415.897847,0
XOM.US,D,20000712,000000,24.4595,24.512,23.9334,23.9334,12207926.765536,0
XOM.US,D,20000713,000000,23.915,23.9567,23.5618,23.7603,12775935.314678,0
XOM.US,D,20000714,000000,23.5852,23.7185,23.2819,23.6251,16113224.099703,0
XOM.US,D,20000717,000000,24.338,24.338,23.6806,23.9898,17680182.281283,0
XOM.US,D,20000718,000000,23.7788,24.053,23.6057,23.8177,19896311.452432,0
XOM.US,D,20000719,000000,23.9567,24.1473,23.7982,23.9723,13932982.606821,0
XOM.US,D,20000720,000000,23.9334,24.2116,23.7603,23.7982,12596192.55519,0
XOM.US,D,20000721,000000,23.9723,23.9898,23.4141,23.487,13507537.630806,0
XOM.US,D,20000724,000000,23.4569,23.5434,23.1028,23.5229,13442225.984355,0
XOM.US,D,20000725,000000,23.4569,23.6057,22.8685,22.9434,17799156.294595,0
XOM.US,D,20000726,000000,23.237,23.4141,23.0649,23.202,27893760.400921,0
XOM.US,D,20000727,000000,23.4569,24.6696,23.4569,24.512,27136305.301003,0
XOM.US,D,20000728,000000,24.3847,24.6452,24.2465,24.3661,12910749.839255,0
XOM.US,D,20000731,000000,24.3847,24.7065,24.1084,24.4206,18816217.88844,0
XOM.US,D,20000801,000000,24.6452,24.8437,24.2844,24.3661,19970341.806774,0
XOM.US,D,20000802,000000,24.8018,25.3095,24.7425,25.2482,26685316.022432,0
XOM.US,D,20000803,000000,25.2112,25.4457,24.6696,24.8018,16012035.05769,0
XOM.US,D,20000804,000000,24.7425,25.0168,24.338,24.8796,12972496.470937,0
XOM.US,D,20000807,000000,24.6267,24.8018,24.5713,24.6267,11875266.774502,0
XOM.US,D,20000808,000000,24.6267,24.7269,24.4771,24.6064,10141152.895974,0
XOM.US,D,20000809,000000,24.8641,25.0517,24.6871,24.6871,15319230.426118,0
XOM.US,D,20000810,000000,24.8018,25.1344,24.8018,24.8018,11385162.075707,0
XOM.US,D,20000811,000000,25.2482,25.2482,24.8437,24.9195,9883500.1165171,0
XOM.US,D,20000814,000000,25.1732,25.4242,24.9788,25.293,10576947.417323,0
XOM.US,D,20000815,000000,25.4242,25.5419,24.8796,24.9,11583013.711787,0
XOM.US,D,20000816,000000,25.0168,25.3483,24.9974,25.3483,11791208.723577,0
XOM.US,D,20000817,000000,25.3483,25.7267,25.3483,25.6703,13499455.422527,0
XOM.US,D,20000818,000000,25.4845,25.6342,25.1909,25.3843,13412816.41196,0
XOM.US,D,20000821,000000,25.4242,25.6519,25.3483,25.572,8327847.7720912,0
XOM.US,D,20000822,000000,25.6703,25.7267,25.4242,25.4671,10453781.144068,0
XOM.US,D,20000823,000000,25.6519,25.9445,25.6519,25.8658,15017602.618758,0
XOM.US,D,20000824,000000,25.5419,25.5419,25.2677,25.4038,18112101.250087,0
XOM.US,D,20000825,000000,25.4242,25.6342,25.2482,25.4038,10348060.512757,0
XOM.US,D,20000828,000000,25.3299,25.6703,25.293,25.3668,9517538.5482115,0
XOM.US,D,20000829,000000,25.3668,25.4242,25.1909,25.2677,10372307.137597,0
XOM.US,D,20000830,000000,25.2112,25.2288,24.8641,24.9195,12452972.94531,0
XOM.US,D,20000831,000000,25.0391,25.1909,24.9195,24.9974,12496291.936457,0
XOM.US,D,20000901,000000,25.1111,25.3843,25.0391,25.2677,13068513.310958,0
XOM.US,D,20000905,000000,25.4671,25.572,25.293,25.5419,19281101.161702,0
XOM.US,D,20000906,000000,25.5954,25.7267,25.4242,25.4242,19224525.703742,0
XOM.US,D,20000907,000000,25.572,25.7714,25.572,25.6519,11795738.256335,0
XOM.US,D,20000908,000000,25.4457,25.572,25.1909,25.572,15016312.138937,0
XOM.US,D,20000911,000000,25.572,26.176,25.5546,26.0203,23112691.01855,0
XOM.US,D,20000912,000000,26.2576,26.4687,25.9445,26.2576,24471787.34807,0
XOM.US,D,20000913,000000,26.2761,26.2761,26.1021,26.2761,16870357.350869,0
XOM.US,D,20000914,000000,26.1954,26.2372,25.964,26.1196,14077166.734688,0
XOM.US,D,20000915,000000,26.6001,27.5335,26.5319,26.9463,40154056.996954,0
XOM.US,D,20000918,000000,27.3041,27.7797,27.2545,27.4568,27987835.865722,0
XOM.US,D,20000919,000000,27.2768,27.3371,26.9083,26.9463,19850730.265582,0
XOM.US,D,20000920,000000,27.0085,27.3956,26.4687,26.4853,28059288.345234,0
XOM.US,D,20000921,000000,26.4103,26.6001,26.1954,26.4317,25744235.412587,0
XOM.US,D,20000922,000000,26.4317,26.5669,25.9795,26.4853,29127424.148402,0
XOM.US,D,20000925,000000,26.2937,26.3501,25.8083,26.2937,27388791.019823,0
XOM.US,D,20000926,000000,26.3316,26.8897,26.3316,26.5319,18645520.826948,0
XOM.US,D,20000927,000000,26.5669,27.414,26.5485,27.3371,19283041.508652,0
XOM.US,D,20000928,000000,27.3614,27.5335,27.1232,27.3041,27874367.214131,0
XOM.US,D,20000929,000000,27.4568,27.5502,27.2545,27.2768,20949581.545026,0
XOM.US,D,20001002,000000,27.3751,28.0753,27.3751,27.9945,20536744.196967,0
XOM.US,D,20001003,000000,27.8371,28.0481,27.6999,27.8001,16237042.296628,0
XOM.US,D,20001004,000000,27.6309,27.6435,27.1816,27.3371,22223646.051198,0
XOM.US,D,20001005,000000,27.1476,27.4966,26.9296,27.3207,18043556.720322,0
XOM.US,D,20001006,000000,27.5502,27.9547,27.2768,27.3956,16819925.81078,0
XOM.US,D,20001009,000000,27.3956,28.0287,27.3371,27.8944,17237288.578513,0
XOM.US,D,20001010,000000,28.0753,28.7268,28.012,28.5752,23935770.359236,0
XOM.US,D,20001011,000000,28.7648,29.2326,28.5975,28.7084,33501812.439836,0
XOM.US,D,20001012,000000,28.4779,29.0585,28.4604,28.8202,31618985.928953,0
XOM.US,D,20001013,000000,28.543,28.6169,27.4335,27.6999,27497418.572611,0
XOM.US,D,20001016,000000,27.6999,27.6999,26.7722,26.8897,22580555.751885,0
XOM.US,D,20001017,000000,27.2244,27.4966,26.7343,26.8897,20905291.866267,0
XOM.US,D,20001018,000000,27.2545,27.4762,26.4687,26.5057,20217013.68264,0
XOM.US,D,20001019,000000,26.4492,27.0085,26.2761,26.4853,20280054.907224,0
XOM.US,D,20001020,000000,26.4317,27.0833,26.4317,27.0833,17235673.165128,0
XOM.US,D,20001023,000000,27.0638,27.3207,26.6797,27.2768,18035155.748103,0
XOM.US,D,20001024,000000,27.5677,27.6309,26.4853,26.5669,20609159.137923,0
XOM.US,D,20001025,000000,27.1018,27.1018,26.636,26.6992,17506589.609293,0
XOM.US,D,20001026,000000,27.0085,27.2409,26.8081,26.8733,16775311.198457,0
XOM.US,D,20001027,000000,26.4853,26.8558,26.4103,26.8081,12839300.444555,0
XOM.US,D,20001030,000000,26.8081,27.5141,26.8081,27.3956,17311961.602088,0
XOM.US,D,20001031,000000,27.3956,27.5335,26.8081,27.3207,16277451.281488,0
XOM.US,D,20001101,000000,27.5502,28.1871,27.5502,28.1871,23252346.64193,0
XOM.US,D,20001102,000000,27.8371,27.8565,26.9899,27.0085,24195693.56056,0
XOM.US,D,20001103,000000,26.9463,27.2409,26.7555,26.7945,16604290.231671,0
XOM.US,D,20001106,000000,26.8733,27.3207,26.5854,27.164,15115237.956977,0
XOM.US,D,20001107,000000,27.2409,27.663,27.1476,27.2545,13953992.235266,0
XOM.US,D,20001108,000000,27.2545,27.873,27.2545,27.7641,16283920.132923,0
XOM.US,D,20001109,000000,27.9547,28.0753,27.1476,27.6435,17209161.259774,0
XOM.US,D,20001110,000000,27.6435,27.8944,27.5677,27.5677,12928205.763908,0
XOM.US,D,20001113,000000,27.5891,28.0481,27.1816,27.663,14818463.587669,0
XOM.US,D,20001114,000000,27.6309,27.8944,27.4762,27.6435,13530491.719285,0
XOM.US,D,20001115,000000,27.9187,28.1123,27.6435,27.8001,14442476.379323,0
XOM.US,D,20001116,000000,27.7797,28.2037,27.663,27.8944,14501635.881737,0
XOM.US,D,20001117,000000,27.8944,27.9945,27.6435,27.7797,16080243.342912,0
XOM.US,D,20001120,000000,27.8565,28.2854,27.8565,28.1123,12623022.196215,0
XOM.US,D,20001121,000000,28.0481,29.04,28.0481,28.6511,20638576.936483,0
XOM.US,D,20001122,000000,28.4604,29.04,28.3398,29.0001,18659098.114241,0
XOM.US,D,20001124,000000,28.9389,29.1315,28.9019,29.0585,8295196.061948,0
XOM.US,D,20001127,000000,28.7648,28.9175,28.543,28.6511,14656495.516775,0
XOM.US,D,20001128,000000,28.4779,29.0196,28.404,28.6335,16290704.663487,0
XOM.US,D,20001129,000000,28.3622,28.3622,27.3041,27.3751,26357508.44118,0
XOM.US,D,20001130,000000,27.5502,27.6824,26.636,27.0833,23673589.075291,0
XOM.US,D,20001201,000000,27.0638,27.5335,27.0638,27.3371,19480895.201274,0
XOM.US,D,20001204,000000,27.3371,27.9945,27.3207,27.8944,14501635.881737,0
XOM.US,D,20001205,000000,27.7641,28.1123,27.0085,27.204,18791967.150516,0
XOM.US,D,20001206,000000,26.8081,27.0833,26.3744,26.5485,28205089.943028,0
XOM.US,D,20001207,000000,26.6175,27.4762,26.6175,27.0833,20731041.100983,0
XOM.US,D,20001208,000000,27.1018,27.4966,26.7186,27.2409,16303309.206629,0
XOM.US,D,20001211,000000,27.2545,27.3041,26.3501,26.3928,23687166.362586,0
XOM.US,D,20001212,000000,26.8344,26.8897,26.4492,26.636,18633880.801791,0
XOM.US,D,20001213,000000,26.6992,27.1816,26.6992,26.9899,19353834.866599,0
XOM.US,D,20001214,000000,26.6992,26.8344,26.1954,26.3092,22983046.639421,0
XOM.US,D,20001215,000000,26.0009,26.6175,25.8832,25.8832,42075677.07931,0
XOM.US,D,20001218,000000,25.928,26.7343,25.8658,26.5854,20664768.021357,0
XOM.US,D,20001219,000000,26.5057,27.2409,26.5057,26.8344,20494070.959864,0
XOM.US,D,20001220,000000,26.8558,26.9296,26.1954,26.2168,19260087.420174,0
XOM.US,D,20001221,000000,26.1585,26.6992,26.0826,26.0826,20521225.534453,0
XOM.US,D,20001222,000000,26.1196,26.7555,26.0389,26.7186,13809486.258647,0
XOM.US,D,20001226,000000,26.7186,27.3371,26.7186,27.2545,9020648.290581,0
XOM.US,D,20001227,000000,27.3371,27.4966,26.8344,27.0085,16871968.65117,0
XOM.US,D,20001228,000000,26.9666,27.0085,26.6554,26.7343,17545701.944706,0
XOM.US,D,20001229,000000,26.7722,27.0833,26.4687,26.7555,15459541.057979,0
XOM.US,D,20010102,000000,26.6797,27.5141,26.6175,27.4335,21177170.771877,0
XOM.US,D,20010103,000000,27.4335,27.6309,26.2372,26.2372,33650843.836128,0
XOM.US,D,20010104,000000,26.3501,26.3928,25.2112,25.504,39710516.511868,0
XOM.US,D,20010105,000000,25.504,26.176,25.4845,25.6158,30353001.574518,0
XOM.US,D,20010108,000000,25.6917,25.9066,25.4671,25.504,17875772.749932,0
XOM.US,D,20010109,000000,25.4242,25.4242,25.0517,25.2288,18627095.242956,0
XOM.US,D,20010110,000000,25.3095,25.3668,24.7425,24.9195,33331753.934493,0
XOM.US,D,20010111,000000,25.1111,25.504,25.0391,25.1548,17763271.701139,0
XOM.US,D,20010112,000000,25.1548,25.5419,24.9,25.4845,19226789.955985,0
XOM.US,D,20010116,000000,25.1909,25.3668,24.7814,25.1732,25226975.110933,0
XOM.US,D,20010117,000000,24.9361,25.0517,24.4955,24.6871,23799344.534355,0
XOM.US,D,20010118,000000,24.7814,24.8018,24.301,24.338,27810673.037606,0
XOM.US,D,20010119,000000,24.265,24.5713,24.2116,24.4391,32800923.54344,0
XOM.US,D,20010122,000000,24.5334,24.8018,24.3847,24.6871,22406309.099682,0
XOM.US,D,20010123,000000,24.7639,25.2112,24.6452,25.1732,17993452.170339,0
XOM.US,D,20010124,000000,25.3095,25.3843,24.9195,25.1111,20786965.663544,0
XOM.US,D,20010125,000000,25.3299,25.4845,25.2288,25.3843,21975366.988114,0
XOM.US,D,20010126,000000,25.3843,25.4038,24.8243,24.9195,19170862.308611,0
XOM.US,D,20010129,000000,24.6267,24.9788,24.512,24.6871,17046548.463104,0
XOM.US,D,20010130,000000,25.0732,25.3668,24.6871,25.2288,15680017.73589,0
XOM.US,D,20010131,000000,25.4671,25.964,25.4671,25.8832,27507762.976593,0
XOM.US,D,20010201,000000,25.8832,25.8832,25.4845,25.6917,14736346.911965,0
XOM.US,D,20010202,000000,25.7899,26.0009,25.504,25.5419,16806996.334073,0
XOM.US,D,20010205,000000,25.6158,26.176,25.6158,26.1021,17388586.283592,0
XOM.US,D,20010206,000000,26.1361,26.1361,25.7267,25.9445,17704757.952771,0
XOM.US,D,20010207,000000,26.1361,26.3316,25.928,26.1021,18790673.585884,0
XOM.US,D,20010208,000000,26.2168,26.4103,25.9795,26.1361,16000711.739931,0
XOM.US,D,20010209,000000,26.2168,26.7945,26.2168,26.5669,17405722.416032,0
XOM.US,D,20010212,000000,26.5669,26.6797,26.4103,26.5319,13449021.825897,0
XOM.US,D,20010213,000000,26.2761,26.4103,26.1021,26.2372,15034098.138508,0
XOM.US,D,20010214,000000,25.964,26.2761,25.8268,25.964,21789798.046424,0
XOM.US,D,20010215,000000,25.7267,25.7899,25.2288,25.5234,21049795.786345,0
XOM.US,D,20010216,000000,25.7267,26.2168,25.6703,25.9795,21789473.112859,0
XOM.US,D,20010220,000000,25.8658,26.1021,25.5546,25.928,12481427.254155,0
XOM.US,D,20010221,000000,26.2372,26.3501,25.8268,25.8268,13805930.498312,0
XOM.US,D,20010222,000000,25.9795,26.1361,25.8268,26.0389,16059230.629654,0
XOM.US,D,20010223,000000,25.9795,26.0389,25.5954,25.8268,16387041.295719,0
XOM.US,D,20010226,000000,25.6342,25.9795,25.5546,25.928,15539389.368358,0
XOM.US,D,20010227,000000,25.9445,26.0203,25.3299,25.4671,22540145.738756,0
XOM.US,D,20010228,000000,25.5234,25.6519,25.0168,25.0732,18736364.436707,0
XOM.US,D,20010301,000000,24.9974,25.5234,24.9788,25.1732,20217335.531393,0
XOM.US,D,20010302,000000,25.572,25.9445,25.4242,25.7267,16315921.975938,0
XOM.US,D,20010305,000000,25.6519,26.1021,25.6342,25.9445,16213117.52054,0
XOM.US,D,20010306,000000,26.0203,26.0826,25.7267,25.8658,15473116.288732,0
XOM.US,D,20010307,000000,25.8658,26.1021,25.8083,26.0389,16699984.19467,0
XOM.US,D,20010308,000000,26.0389,26.5669,25.9795,26.5669,18021253.527243,0
XOM.US,D,20010309,000000,26.4853,26.7555,26.3744,26.6001,17617474.216428,0
XOM.US,D,20010312,000000,26.6001,26.6001,25.9066,25.9066,17914573.5193,0
XOM.US,D,20010313,000000,25.7267,25.8268,25.5234,25.7714,18743152.052083,0
XOM.US,D,20010314,000000,25.4671,25.6342,25.3668,25.5546,18748647.131098,0
XOM.US,D,20010315,000000,25.9066,25.9066,25.1909,25.6519,20246751.273411,0
XOM.US,D,20010316,000000,25.3299,25.6342,25.2677,25.2677,34253765.262844,0
XOM.US,D,20010319,000000,25.1812,25.6235,25.1344,25.1344,18997902.023147,0
XOM.US,D,20010320,000000,25.1344,25.572,24.9361,24.9506,17988925.722395,0
XOM.US,D,20010321,000000,24.8796,25.1296,24.6112,24.6871,19375175.598232,0
XOM.US,D,20010322,000000,24.6696,24.7639,23.2633,24.0365,30288665.757031,0
XOM.US,D,20010323,000000,23.7409,24.1143,23.666,23.7865,28524816.344271,0
XOM.US,D,20010326,000000,24.1279,24.3593,24.0657,24.2116,23918633.198523,0
XOM.US,D,20010327,000000,24.5257,25.0867,24.4663,24.9438,23787057.726882,0
XOM.US,D,20010328,000000,24.6502,24.6871,24.0657,24.3311,18150891.736748,0
XOM.US,D,20010329,000000,24.3311,24.3448,23.9402,24.2213,15176659.655094,0
XOM.US,D,20010330,000000,24.4595,25.0517,24.4391,25.0517,21463928.755579,0
XOM.US,D,20010402,000000,25.0517,25.15,24.4595,24.617,21499166.566717,0
XOM.US,D,20010403,000000,24.5257,24.5763,23.8177,24.0978,22954920.348952,0
XOM.US,D,20010404,000000,24.0978,24.6569,24.0793,24.3448,18896712.981134,0
XOM.US,D,20010405,000000,24.7142,25.0517,24.5257,25.0391,17907458.913818,0
XOM.US,D,20010406,000000,25.0517,25.3979,24.4692,25.3979,19622490.143332,0
XOM.US,D,20010409,000000,25.3979,25.6838,25.3416,25.5293,19223230.082566,0
XOM.US,D,20010410,000000,25.8268,26.1361,25.6703,25.9795,19756331.923759,0
XOM.US,D,20010411,000000,25.6917,25.7335,25.2424,25.3483,22964297.150135,0
XOM.US,D,20010412,000000,25.3552,25.6305,25.2181,25.3668,17778141.524796,0
XOM.US,D,20010416,000000,25.4038,26.1653,25.4038,26.1585,19255560.972229,0
XOM.US,D,20010417,000000,25.8268,26.2314,25.8268,26.2071,22680129.380512,0
XOM.US,D,20010418,000000,26.2003,26.425,25.8949,26.3384,26732192.830458,0
XOM.US,D,20010419,000000,26.1585,26.3578,25.8901,26.1244,22619994.049134,0
XOM.US,D,20010420,000000,26.0748,26.4181,26.0748,26.3501,19655470.900122,0
XOM.US,D,20010423,000000,26.5913,27.2359,26.5718,27.2244,26195536.257202,0
XOM.US,D,20010424,000000,27.2244,27.5335,26.9735,27.0638,23198677.077175,0
XOM.US,D,20010425,000000,27.2244,27.7845,27.1281,27.5617,24872653.567784,0
XOM.US,D,20010426,000000,27.626,27.6999,27.3956,27.4879,22063298.535043,0
XOM.US,D,20010427,000000,27.5617,27.6133,27.2856,27.5502,16492435.965196,0
XOM.US,D,20010430,000000,27.5015,27.8001,27.3956,27.4073,24354103.81458,0
XOM.US,D,20010501,000000,27.4704,27.5433,27.2691,27.4704,15698122.4994,0
XOM.US,D,20010502,000000,27.1154,27.1154,26.6797,26.7555,27401072.685942,0
XOM.US,D,20010503,000000,26.7555,26.848,26.4385,26.6302,21310688.647009,0
XOM.US,D,20010504,000000,26.636,27.1592,26.636,27.0833,15663203.4522,0
XOM.US,D,20010507,000000,27.0833,27.4762,26.9899,27.2856,16300407.426507,0
XOM.US,D,20010508,000000,27.2467,27.5851,27.097,27.4509,17869630.888602,0
XOM.US,D,20010509,000000,27.5617,27.7641,27.5015,27.7525,14596365.32675,0
XOM.US,D,20010510,000000,27.626,27.6435,27.2359,27.2467,16351159.787076,0
XOM.US,D,20010511,000000,27.2467,27.2467,26.8032,27.1087,14477393.36998,0
XOM.US,D,20010514,000000,27.2856,27.663,27.2467,27.5502,15807714.570174,0
XOM.US,D,20010515,000000,27.5502,27.6932,27.4266,27.6707,14574053.907506,0
XOM.US,D,20010516,000000,27.6707,27.8371,27.5502,27.6862,24036633.439412,0
XOM.US,D,20010517,000000,27.5851,27.5851,27.309,27.4509,18668475.943696,0
XOM.US,D,20010518,000000,27.5191,27.9187,27.4704,27.9002,22848560.133219,0
XOM.US,D,20010521,000000,27.9809,28.0404,27.4461,27.4568,19730144.951968,0
XOM.US,D,20010522,000000,27.4704,27.5395,27.3721,27.4762,17132860.483564,0
XOM.US,D,20010523,000000,27.4762,27.4762,26.9014,26.9958,19965822.556725,0
XOM.US,D,20010524,000000,27.1747,27.2691,27.0036,27.204,13620039.70787,0
XOM.US,D,20010525,000000,27.1417,27.4335,27.1339,27.2467,14653581.397403,0
XOM.US,D,20010529,000000,27.5015,27.6007,27.1592,27.1592,19796743.993429,0
XOM.US,D,20010530,000000,27.345,27.8371,27.2244,27.4966,25930443.938697,0
XOM.US,D,20010531,000000,27.3128,27.6376,27.3128,27.4568,17531154.998073,0
XOM.US,D,20010601,000000,27.5335,27.5617,27.2768,27.5191,12650180.883885,0
XOM.US,D,20010604,000000,27.7728,28.1054,27.7525,28.0977,15870430.861193,0
XOM.US,D,20010605,000000,28.0977,28.3622,27.7845,28.3223,20076709.220401,0
XOM.US,D,20010606,000000,28.012,28.0753,27.6007,27.6503,24578791.261307,0
XOM.US,D,20010607,000000,27.7321,27.8312,27.5191,27.5891,20549671.617132,0
XOM.US,D,20010608,000000,27.5335,27.6862,27.345,27.6503,14177384.060819,0
XOM.US,D,20010611,000000,27.6824,27.9945,27.626,27.7455,15380972.944714,0
XOM.US,D,20010612,000000,27.9888,27.9888,27.658,27.873,17321988.270401,0
XOM.US,D,20010613,000000,27.9547,28.0626,27.6824,27.8312,13094052.47216,0
XOM.US,D,20010614,000000,27.5335,27.7728,27.3956,27.4879,12918181.152136,0
XOM.US,D,20010615,000000,27.4704,27.9246,27.4704,27.5015,35608987.06809,0
XOM.US,D,20010618,000000,27.6007,27.6007,27.3207,27.3751,14827838.332312,0
XOM.US,D,20010619,000000,27.4568,27.4966,27.2409,27.3371,14242363.575812,0
XOM.US,D,20010620,000000,27.1873,27.5851,27.1281,27.1417,20506351.597712,0
XOM.US,D,20010621,000000,27.1281,27.3527,26.8227,27.3527,23445993.678816,0
XOM.US,D,20010622,000000,27.3751,27.5395,27.1747,27.5074,18456074.276172,0
XOM.US,D,20010625,000000,27.2312,27.5754,27.2312,27.3819,16636296.187768,0
XOM.US,D,20010626,000000,27.345,27.5335,27.3371,27.3956,16196951.047439,0
XOM.US,D,20010627,000000,27.2409,27.2691,26.9773,26.9773,18720847.830734,0
XOM.US,D,20010628,000000,26.7119,26.9229,26.6477,26.8558,26177755.398985,0
XOM.US,D,20010629,000000,26.8558,27.1962,26.7722,27.0221,24847760.160627,0
XOM.US,D,20010702,000000,27.3041,27.4704,27.0531,27.1281,18508769.040233,0
XOM.US,D,20010703,000000,27.1154,27.1154,26.8684,27.0162,10757343.128752,0
XOM.US,D,20010705,000000,27.0638,27.2856,26.8684,26.9083,16371844.481957,0
XOM.US,D,20010706,000000,27.097,27.1592,26.6914,26.848,15548115.274142,0
XOM.US,D,20010709,000000,26.9296,26.9296,26.6554,26.8227,14859841.203598,0
XOM.US,D,20010710,000000,26.7555,26.7984,26.5319,26.5319,16818306.284311,0
XOM.US,D,20010711,000000,26.4492,26.5319,26.0009,26.282,22126990.655027,0
XOM.US,D,20010712,000000,26.034,26.5786,26.0156,26.4385,15197998.330186,0
XOM.US,D,20010713,000000,26.4385,26.9014,26.3987,26.5913,14769644.376154,0
XOM.US,D,20010716,000000,26.6477,26.9083,26.4687,26.6001,15661914.000651,0
XOM.US,D,20010717,000000,26.6671,26.7857,26.282,26.3861,18959432.356967,0
XOM.US,D,20010718,000000,26.1361,26.2168,25.8133,26.0622,29944036.694192,0
XOM.US,D,20010719,000000,26.7236,26.9423,26.3578,26.6477,18467547.721462,0
XOM.US,D,20010720,000000,26.6914,26.9735,26.6914,26.8227,18099330.12708,0
XOM.US,D,20010723,000000,26.9083,27.0493,26.0748,26.2937,15498330.51637,0
XOM.US,D,20010724,000000,26.282,26.282,25.0673,25.3483,23530049.6732,0
XOM.US,D,20010725,000000,25.611,26.2314,25.4611,26.0622,18723274.549761,0
XOM.US,D,20010726,000000,25.5487,26.4492,25.5487,26.4317,16805695.571544,0
XOM.US,D,20010727,000000,26.3248,26.5718,25.8949,26.4385,13524349.857954,0
XOM.US,D,20010730,000000,26.2314,26.3452,26.0826,26.2372,11202345.814879,0
XOM.US,D,20010731,000000,26.1089,26.5368,25.8268,25.8327,17538423.844171,0
XOM.US,D,20010801,000000,26.2646,26.2908,25.6771,25.7335,13025194.31981,0
XOM.US,D,20010802,000000,25.6838,25.9211,25.6032,25.8133,13945266.329482,0
XOM.US,D,20010803,000000,25.9211,25.9338,25.2424,25.5293,14285526.269803,0
XOM.US,D,20010806,000000,25.5293,25.5769,25.1967,25.2725,13457097.864553,0
XOM.US,D,20010807,000000,25.3668,25.611,25.293,25.5954,14518933.452689,0
XOM.US,D,20010808,000000,25.8268,25.9533,25.361,25.5234,15277852.810189,0
XOM.US,D,20010809,000000,25.2424,25.5147,25.1169,25.3357,13041681.613393,0
XOM.US,D,20010810,000000,25.5487,25.8589,25.2112,25.5769,14319634.011361,0
XOM.US,D,20010813,000000,25.611,25.8532,25.5293,25.611,11267325.329871,0
XOM.US,D,20010814,000000,25.644,25.7966,25.255,25.4611,12937095.164744,0
XOM.US,D,20010815,000000,25.6703,25.8901,25.3668,25.6703,15037644.644406,0
XOM.US,D,20010816,000000,25.5769,25.7587,25.2793,25.5487,12211325.200443,0
XOM.US,D,20010817,000000,25.5487,25.5487,24.8592,25.0391,13921181.143152,0
XOM.US,D,20010820,000000,25.0041,25.2871,24.9632,25.2112,15466973.39913,0
XOM.US,D,20010821,000000,25.2725,25.3668,24.7746,24.9876,12605400.719967,0
XOM.US,D,20010822,000000,25.2725,25.5234,25.1296,25.185,15609060.882891,0
XOM.US,D,20010823,000000,25.0605,25.5147,25.0605,25.2997,11527084.007873,0
XOM.US,D,20010824,000000,25.4524,25.7966,25.1909,25.7966,10743119.059141,0
XOM.US,D,20010827,000000,25.7966,25.8405,25.3668,25.3979,9662536.0382602,0
XOM.US,D,20010828,000000,25.3979,25.5088,25.0517,25.0605,10637888.912989,0
XOM.US,D,20010829,000000,25.3483,25.4738,24.9788,24.9788,13100354.743732,0
XOM.US,D,20010830,000000,25.2365,25.5293,24.8377,24.8377,17185556.275895,0
XOM.US,D,20010831,000000,25.0391,25.2997,24.8106,24.8377,12183356.235402,0
XOM.US,D,20010904,000000,25.1169,25.5769,25.0605,25.2112,14816039.953457,0
XOM.US,D,20010905,000000,25.2725,25.5487,24.8057,25.504,15458891.190851,0
XOM.US,D,20010906,000000,25.4845,25.6703,25.1169,25.3037,16661834.320701,0
XOM.US,D,20010907,000000,25.044,25.5487,24.9632,25.3037,16375079.421811,0
XOM.US,D,20010910,000000,25.1812,25.5769,24.9924,25.5147,17418806.133355,0
XOM.US,D,20010917,000000,25.5147,25.6392,24.6015,24.8377,26998422.416436,0
XOM.US,D,20010918,000000,24.8377,24.9,24.1415,24.4245,16228635.154783,0
XOM.US,D,20010919,000000,24.4245,24.4313,22.3559,23.7603,24890923.882887,0
XOM.US,D,20010920,000000,23.171,23.3567,22.7653,22.9015,20299294.881668,0
XOM.US,D,20010921,000000,21.9621,22.922,21.6829,22.7333,13394872.058691,0
XOM.US,D,20010924,000000,22.2753,22.7945,21.8999,22.1838,21743731.515769,0
XOM.US,D,20010925,000000,22.0311,22.4532,21.8046,22.4405,24558098.34026,0
XOM.US,D,20010926,000000,22.7333,22.8578,22.1362,22.2811,18543358.012513,0
XOM.US,D,20010927,000000,22.7051,23.8478,22.5787,23.7671,21508058.024096,0
XOM.US,D,20010928,000000,24.4391,24.5004,24.0657,24.3778,22714237.122071,0
XOM.US,D,20011001,000000,24.2844,24.5879,23.5366,24.1823,16047109.373775,0
XOM.US,D,20011002,000000,24.1746,24.7367,23.8809,24.7367,17548771.332965,0
XOM.US,D,20011003,000000,24.5004,24.7746,24.1279,24.6452,20848710.238683,0
XOM.US,D,20011004,000000,24.5558,25.5487,24.5334,25.1062,18601065.596595,0
XOM.US,D,20011005,000000,25.4611,25.5487,24.7202,25.1732,18329991.827002,0
XOM.US,D,20011008,000000,24.9876,25.5293,24.7561,25.3299,14173177.405084,0
XOM.US,D,20011009,000000,25.4893,25.5234,24.9788,25.4038,11604518.966745,0
XOM.US,D,20011010,000000,25.4038,26.2908,25.3037,26.1585,16857745.60983,0
XOM.US,D,20011011,000000,26.1585,26.4181,25.8405,26.0389,17254103.890473,0
XOM.US,D,20011012,000000,26.0389,26.3179,25.6771,26.1653,18430049.771164,0
XOM.US,D,20011015,000000,25.9533,26.1021,25.6158,25.7666,10712407.695948,0
XOM.US,D,20011016,000000,25.7714,25.9795,25.5603,25.8268,11011283.850716,0
XOM.US,D,20011017,000000,25.8589,26.2003,25.6235,25.6342,13670473.304501,0
XOM.US,D,20011018,000000,25.2424,25.5293,24.8437,24.9924,15213836.784911,0
XOM.US,D,20011019,000000,24.9253,25.3037,24.5072,25.0809,18662812.228275,0
XOM.US,D,20011022,000000,25.0479,25.572,24.8699,25.4408,11843745.133939,0
XOM.US,D,20011023,000000,25.1685,25.6838,25.0323,25.2871,14445712.347447,0
XOM.US,D,20011024,000000,25.0517,25.0809,24.6064,24.6569,20880238.04887,0
XOM.US,D,20011025,000000,24.3165,25.1111,24.3165,25.0936,17174085.915418,0
XOM.US,D,20011026,000000,24.9924,25.4893,24.9312,25.4038,12238795.454157,0
XOM.US,D,20011029,000000,25.1344,25.361,25.044,25.1685,11981785.343935,0
XOM.US,D,20011030,000000,24.5879,24.7882,24.2971,24.4139,17302914.875822,0
XOM.US,D,20011031,000000,24.4139,24.9876,24.3448,24.4079,15984876.370018,0
XOM.US,D,20011101,000000,24.4079,25.0732,24.161,25.0479,15571555.734695,0
XOM.US,D,20011102,000000,24.617,24.6998,24.3593,24.5957,10884066.190612,0
XOM.US,D,20011105,000000,24.7425,24.8018,24.1279,24.371,17762624.918823,0
XOM.US,D,20011106,000000,24.0365,24.4313,23.666,24.4206,19240041.281443,0
XOM.US,D,20011107,000000,24.1279,24.4595,23.909,24.1746,17499311.508758,0
XOM.US,D,20011108,000000,24.301,24.5189,24.2213,24.4391,16758660.409821,0
XOM.US,D,20011109,000000,24.6813,24.9924,24.6267,24.9,12736494.960887,0
XOM.US,D,20011112,000000,24.3778,24.8796,24.3778,24.7814,11035041.018668,0
XOM.US,D,20011113,000000,24.7561,25.1062,24.6813,25.0517,13772953.854604,0
XOM.US,D,20011114,000000,24.6813,24.9565,23.7671,23.9402,27471228.516008,0
XOM.US,D,20011115,000000,23.5678,23.5745,22.7653,22.778,17203662.067677,0
XOM.US,D,20011116,000000,23.0815,23.2682,22.8491,23.2254,30754520.746173,0
XOM.US,D,20011119,000000,23.1379,23.202,22.7401,22.8948,23105738.87985,0
XOM.US,D,20011120,000000,23.487,23.7788,23.2633,23.4792,23645947.100358,0
XOM.US,D,20011121,000000,23.6913,23.9402,23.3868,23.4373,13121209.10329,0
XOM.US,D,20011123,000000,23.3567,23.909,23.1457,23.7788,6928503.8962232,0
XOM.US,D,20011126,000000,23.5366,23.6601,23.1068,23.3703,15707659.710825,0
XOM.US,D,20011127,000000,23.2108,23.4627,22.8889,23.1068,27988647.171362,0
XOM.US,D,20011128,000000,22.9813,23.1564,22.7723,22.9501,15542783.690181,0
XOM.US,D,20011129,000000,23.1068,23.3198,22.9579,23.171,14108202.003174,0
XOM.US,D,20011130,000000,23.2819,23.3275,23.0085,23.1379,17303076.314334,0
XOM.US,D,20011203,000000,23.1379,23.6319,22.9152,23.2993,24043425.167871,0
XOM.US,D,20011204,000000,23.5065,23.7369,23.2633,23.697,17191060.609347,0
XOM.US,D,20011205,000000,24.0365,24.0978,23.8177,24.053,26519634.865775,0
XOM.US,D,20011206,000000,23.9723,23.9723,23.0776,23.0951,25318627.969791,0
XOM.US,D,20011207,000000,23.202,23.6601,23.0776,23.5483,15999752.3633,0
XOM.US,D,20011210,000000,23.5483,23.5618,23.206,23.2323,15842142.103943,0
XOM.US,D,20011211,000000,23.3041,23.5366,22.7333,22.7723,19540536.96268,0
XOM.US,D,20011212,000000,22.9813,23.2254,22.8344,23.1524,16372973.523267,0
XOM.US,D,20011213,000000,23.2633,23.2633,22.5213,22.5427,25707380.131521,0
XOM.US,D,20011214,000000,22.6662,23.0144,22.5903,22.8005,18366523.202773,0
XOM.US,D,20011217,000000,22.7653,23.2108,22.6019,23.1826,20009464.424895,0
XOM.US,D,20011218,000000,23.2517,23.3567,23.1457,23.2323,16543190.382307,0
XOM.US,D,20011219,000000,23.2323,23.8177,23.1457,23.7252,21496744.989046,0
XOM.US,D,20011220,000000,23.8478,23.9772,23.592,23.6913,19407662.785052,0
XOM.US,D,20011221,000000,23.8809,24.4206,23.8177,23.8177,40647394.579062,0
XOM.US,D,20011224,000000,24.0365,24.4079,24.0161,24.1279,7942813.837478,0
XOM.US,D,20011226,000000,24.2213,24.9312,24.2028,24.5004,16027548.57885,0
XOM.US,D,20011227,000000,24.5072,24.83,24.4079,24.6112,11879145.41186,0
XOM.US,D,20011228,000000,24.7142,24.8057,24.5334,24.6064,12919481.914664,0
XOM.US,D,20011231,000000,24.6696,24.7425,24.2281,24.3165,14168821.650087,0
XOM.US,D,20020102,000000,24.3165,24.5004,24.0657,24.5004,17870929.594588,0
XOM.US,D,20020103,000000,24.6502,24.7318,24.3847,24.5334,16360695.970229,0
XOM.US,D,20020104,000000,24.5558,24.7882,24.5004,24.7425,13012583.607044,0
XOM.US,D,20020107,000000,24.5879,24.8018,24.4313,24.5257,16056647.613471,0
XOM.US,D,20020108,000000,24.6813,24.7367,24.4391,24.5558,13380806.342779,0
XOM.US,D,20020109,000000,24.5004,24.7269,24.1892,24.2787,16097054.541788,0
XOM.US,D,20020110,000000,24.2787,24.6015,24.1677,24.371,12676202.304081,0
XOM.US,D,20020111,000000,24.371,24.5004,23.7865,23.8177,13757437.248631,0
XOM.US,D,20020114,000000,23.8809,24.2495,23.8177,23.9053,16342275.527593,0
XOM.US,D,20020115,000000,24.0589,24.4692,24.053,24.3165,15131236.821944,0
XOM.US,D,20020116,000000,24.1279,24.1337,23.7934,23.8041,14146030.028392,0
XOM.US,D,20020117,000000,23.8926,24.1473,23.8809,23.9053,12090086.934888,0
XOM.US,D,20020118,000000,23.9053,24.0365,23.6806,23.7544,16652135.670764,0
XOM.US,D,20020122,000000,24.0365,24.4391,23.5123,23.5182,11569117.660552,0
XOM.US,D,20020123,000000,23.8177,24.2358,23.8177,24.0657,15990863.990733,0
XOM.US,D,20020124,000000,23.8809,24.1201,23.8235,24.0054,16171248.391183,0
XOM.US,D,20020125,000000,24.1143,24.5189,23.9402,24.2281,13663684.660854,0
XOM.US,D,20020128,000000,24.4079,24.6628,23.9489,24.1026,13089203.147192,0
XOM.US,D,20020129,000000,23.8177,24.0657,23.4734,23.4734,19055603.437605,0
XOM.US,D,20020130,000000,23.4734,23.9626,23.3868,23.9334,18958626.192681,0
XOM.US,D,20020131,000000,23.8235,24.161,23.6913,24.161,17121871.353807,0
XOM.US,D,20020201,000000,24.2213,24.2495,24.0054,24.1279,15385668.029067,0
XOM.US,D,20020204,000000,24.1892,24.2495,23.666,23.7252,16276804.499171,0
XOM.US,D,20020205,000000,23.8809,24.0657,23.4199,23.7126,17672264.596327,0
XOM.US,D,20020206,000000,23.7185,24.1143,23.5852,24.0793,16787758.41617,0
XOM.US,D,20020207,000000,23.9334,24.1201,23.6368,23.6913,14591992.09115,0
XOM.US,D,20020208,000000,23.5366,23.7302,23.5006,23.6854,14111595.296728,0
XOM.US,D,20020211,000000,23.6854,24.0724,23.4792,23.8177,14156530.729531,0
XOM.US,D,20020212,000000,23.9266,23.9683,23.2633,23.7544,11837443.890639,0
XOM.US,D,20020213,000000,23.8177,23.9217,23.5803,23.9053,16262256.524266,0
XOM.US,D,20020214,000000,24.1143,24.3778,23.9217,24.1279,16026582.004323,0
XOM.US,D,20020215,000000,24.2398,24.3778,24.0657,24.0657,16973162.834537,0
XOM.US,D,20020219,000000,24.0657,24.4012,23.9567,23.983,15943819.574572,0
XOM.US,D,20020220,000000,24.053,24.1201,23.7865,24.1201,11694066.95533,0
XOM.US,D,20020221,000000,24.4079,24.581,24.1677,24.2213,19760207.476303,0
XOM.US,D,20020222,000000,24.3778,25.3416,24.161,25.1909,28835334.580738,0
XOM.US,D,20020225,000000,25.2725,25.4611,25.1296,25.3668,18594438.391459,0
XOM.US,D,20020226,000000,25.3668,25.4349,25.1169,25.1909,16241891.621597,0
XOM.US,D,20020227,000000,25.3163,25.6995,25.1062,25.3163,22532389.49231,0
XOM.US,D,20020228,000000,25.611,25.8589,25.5234,25.5487,20835295.41817,0
XOM.US,D,20020301,000000,25.8268,25.9795,25.7666,25.9795,20502470.903814,0
XOM.US,D,20020304,000000,26.0748,26.4181,26.0496,26.3861,19015521.442852,0
XOM.US,D,20020305,000000,26.2937,26.5436,26.1021,26.2937,17395374.927239,0
XOM.US,D,20020306,000000,26.3248,26.8957,26.2168,26.7283,23222441.443022,0
XOM.US,D,20020307,000000,26.8159,26.8159,26.3578,26.5368,19025379.474757,0
XOM.US,D,20020308,000000,26.9083,26.9229,26.3987,26.5485,17464067.527995,0
XOM.US,D,20020311,000000,26.7555,27.0833,26.7119,26.9014,19580137.726711,0
XOM.US,D,20020312,000000,26.9666,27.2244,26.887,27.2244,20864072.604039,0
XOM.US,D,20020313,000000,27.1873,27.2768,26.5718,26.671,23267541.39915,0
XOM.US,D,20020314,000000,26.8733,26.8781,26.6068,26.7478,14072477.819961,0
XOM.US,D,20020315,000000,26.9083,27.2107,26.7945,26.9773,25975060.607562,0
XOM.US,D,20020318,000000,27.0638,27.2155,26.8081,27.0581,13851025.313086,0
XOM.US,D,20020319,000000,27.2107,27.2107,26.9229,27.097,13104073.99912,0
XOM.US,D,20020320,000000,26.9958,27.0162,26.8032,26.9296,13143996.611902,0
XOM.US,D,20020321,000000,27.0162,27.0289,26.7236,26.9296,13106336.194822,0
XOM.US,D,20020322,000000,26.9083,27.0085,26.671,26.8897,15075959.041699,0
XOM.US,D,20020325,000000,26.7343,26.7945,26.5057,26.5125,15351722.75429,0
XOM.US,D,20020326,000000,26.5718,27.0638,26.5718,27.0581,18375576.098664,0
XOM.US,D,20020327,000000,26.9608,27.3128,26.9608,27.1873,18107567.604246,0
XOM.US,D,20020328,000000,27.2467,27.3993,27.0434,27.1154,15610993.003674,0
XOM.US,D,20020401,000000,27.345,27.4217,27.097,27.1154,14439408.019334,0
XOM.US,D,20020402,000000,27.1592,27.5851,27.1417,27.4568,14526369.906925,0
XOM.US,D,20020403,000000,27.4568,27.4704,26.848,27.0289,20677535.03128,0
XOM.US,D,20020404,000000,27.2856,27.2856,26.5718,26.6914,22252097.275232,0
XOM.US,D,20020405,000000,26.6613,27.204,26.1361,26.3744,18358443.051035,0
XOM.US,D,20020408,000000,26.8159,27.0289,26.6175,26.7478,15053807.004424,0
XOM.US,D,20020409,000000,26.4181,26.5485,26.2761,26.4317,14961033.330423,0
XOM.US,D,20020410,000000,26.2937,26.7119,26.2937,26.7119,16805865.236222,0
XOM.US,D,20020411,000000,26.6797,26.6846,26.1954,26.2314,13881091.950505,0
XOM.US,D,20020412,000000,25.9533,26.0447,25.5234,25.5487,20099013.441751,0
XOM.US,D,20020415,000000,26.0447,26.1701,25.7335,25.7335,18224117.983345,0
XOM.US,D,20020416,000000,25.9737,26.2937,25.9211,26.1585,17035065.763375,0
XOM.US,D,20020417,000000,26.282,26.4444,25.9338,26.1196,15163733.263199,0
XOM.US,D,20020418,000000,26.3035,26.4492,26.0156,26.2703,15555388.233324,0
XOM.US,D,20020419,000000,26.2703,26.3861,26.0203,26.3035,13935406.241034,0
XOM.US,D,20020422,000000,26.2646,26.2937,25.7587,25.8901,13182954.706699,0
XOM.US,D,20020423,000000,25.0517,25.7082,25.0041,25.5769,30966111.108058,0
XOM.US,D,20020424,000000,25.3979,25.4738,24.8699,24.9312,21204006.582525,0
XOM.US,D,20020425,000000,24.8057,25.2112,24.7504,25.0809,18789382.077792,0
XOM.US,D,20020426,000000,25.1169,25.185,24.617,24.7425,16239946.133292,0
XOM.US,D,20020429,000000,24.7425,24.9691,24.5004,24.5558,16220224.928126,0
XOM.US,D,20020430,000000,24.7425,25.1812,24.6754,24.8504,20565194.392729,0
XOM.US,D,20020501,000000,24.6813,25.1732,24.5519,25.1732,15963535.638385,0
XOM.US,D,20020502,000000,25.1111,25.2725,24.9361,25.2424,14965717.103797,0
XOM.US,D,20020503,000000,25.3357,25.4457,24.8749,25.1111,17864787.733258,0
XOM.US,D,20020506,000000,24.8174,24.8504,24.2028,24.2844,15443050.679584,0
XOM.US,D,20020507,000000,24.4313,24.4663,24.1473,24.1892,14332075.05945,0
XOM.US,D,20020508,000000,24.0365,24.8377,24.0365,24.7504,20343259.626862,0
XOM.US,D,20020509,000000,24.5879,24.6502,24.2844,24.3516,13438349.403537,0
XOM.US,D,20020510,000000,24.617,24.617,23.9723,24.1026,14608159.592522,0
XOM.US,D,20020513,000000,24.0161,24.8057,23.9266,24.7504,14403681.779578,0
XOM.US,D,20020514,000000,25.0391,25.2288,24.7882,25.1062,15814342.80358,0
XOM.US,D,20020515,000000,24.7425,24.9,24.4459,24.5636,15975339.158593,0
XOM.US,D,20020516,000000,24.7142,24.9788,24.7065,24.9118,12788875.074092,0
XOM.US,D,20020517,000000,24.9195,24.972,24.581,24.8699,16129871.803526,0
XOM.US,D,20020520,000000,24.7142,24.7425,24.4391,24.4955,13023250.888048,0
XOM.US,D,20020521,000000,24.6112,24.8796,24.5763,24.6015,15442724.717749,0
XOM.US,D,20020522,000000,24.7561,25.1111,24.6452,25.0128,13361247.604395,0
XOM.US,D,20020523,000000,25.2112,25.3843,24.9312,25.3037,17782673.114095,0
XOM.US,D,20020524,000000,25.3668,25.4291,24.7504,24.8865,12642579.906326,0
XOM.US,D,20020528,000000,24.7425,24.8057,24.4692,24.6452,14012188.247965,0
XOM.US,D,20020529,000000,24.5558,25.0041,24.4459,24.9312,16131807.009122,0
XOM.US,D,20020530,000000,24.6502,24.9312,24.2116,24.3448,22326939.963485,0
XOM.US,D,20020531,000000,24.5004,25.0168,24.4887,24.6998,19622973.430596,0
XOM.US,D,20020603,000000,24.7425,24.8504,24.1201,24.1746,16515386.968861,0
XOM.US,D,20020604,000000,24.1717,24.5189,23.9683,24.2718,16125182.888799,0
XOM.US,D,20020605,000000,24.1143,24.5558,23.9489,24.4771,20526240.411014,0
XOM.US,D,20020606,000000,24.7318,24.8504,24.0724,24.2213,17184913.606662,0
XOM.US,D,20020607,000000,24.2213,24.617,24.1959,24.3895,17518379.761983,0
XOM.US,D,20020610,000000,24.3895,24.4692,24.1026,24.2116,12306369.296313,0
XOM.US,D,20020611,000000,24.5763,24.581,24.0861,24.1473,16364579.748942,0
XOM.US,D,20020612,000000,24.2495,24.7142,24.2183,24.5558,17860581.077524,0
XOM.US,D,20020613,000000,24.3448,24.6813,24.265,24.3516,15528880.441053,0
XOM.US,D,20020614,000000,24.3165,24.3448,23.8177,24.2213,17230013.56279,0
XOM.US,D,20020617,000000,24.4079,24.8699,24.3448,24.7639,17135454.810726,0
XOM.US,D,20020618,000000,24.7425,24.8504,24.5519,24.6998,13464696.785568,0
XOM.US,D,20020619,000000,24.7142,24.7882,24.1201,24.3593,13686148.264172,0
XOM.US,D,20020620,000000,24.3847,24.797,24.3847,24.581,19674051.753001,0
XOM.US,D,20020621,000000,24.1279,24.7318,24.1279,24.2844,40227441.597249,0
XOM.US,D,20020624,000000,24.2844,24.8174,24.2844,24.7425,21292104.70932,0
XOM.US,D,20020625,000000,24.9,25.1062,24.338,24.5004,21418344.483917,0
XOM.US,D,20020626,000000,24.5004,24.617,24.0657,24.4079,22967206.128154,0
XOM.US,D,20020627,000000,24.581,24.9,24.3165,24.9,17962097.109642,0
XOM.US,D,20020628,000000,24.8057,25.3795,24.7882,25.3163,22275860.612809,0
XOM.US,D,20020701,000000,25.222,25.4291,25.0517,25.15,17044932.021447,0
XOM.US,D,20020702,000000,25.2424,25.2725,24.617,24.8437,19189445.218032,0
XOM.US,D,20020703,000000,24.8377,24.972,24.5072,24.6871,16851603.7485,0
XOM.US,D,20020705,000000,24.7142,25.0673,24.6112,25.0673,9471633.456068,0
XOM.US,D,20020708,000000,24.9632,25.1422,24.8437,24.9691,16055187.468971,0
XOM.US,D,20020709,000000,24.9632,25.0732,24.5558,24.617,17055762.797504,0
XOM.US,D,20020710,000000,24.9,24.9118,23.3275,23.6494,28392432.651802,0
XOM.US,D,20020711,000000,23.6494,23.8177,22.9287,22.9501,33709355.527955,0
XOM.US,D,20020712,000000,23.0513,23.171,22.3657,22.5972,26100492.161332,0
XOM.US,D,20020715,000000,22.3336,22.4532,20.9565,22.1168,38217739.840432,0
XOM.US,D,20020716,000000,21.6568,22.2364,21.3601,21.7764,31491612.999963,0
XOM.US,D,20020717,000000,22.213,22.5086,21.8406,22.0311,27196595.901268,0
XOM.US,D,20020718,000000,22.1255,22.5086,21.3474,21.4954,24726206.215944,0
XOM.US,D,20020719,000000,20.8165,21.3397,19.6115,20.0453,44676674.633478,0
XOM.US,D,20020722,000000,20.0453,20.1697,18.4036,18.7257,58325810.291155,0
XOM.US,D,20020723,000000,18.9931,19.3286,18.5525,19.1311,53241325.966821,0
XOM.US,D,20020724,000000,19.1185,21.1287,18.8686,20.9896,63767675.26419,0
XOM.US,D,20020725,000000,20.9984,21.4642,20.4732,20.9721,43366073.610179,0
XOM.US,D,20020726,000000,21.0373,21.7764,20.8797,21.7074,25557699.89637,0
XOM.US,D,20020729,000000,22.213,22.5495,21.8648,22.4747,26055722.280122,0
XOM.US,D,20020730,000000,22.4961,22.4961,21.7764,22.0672,27876631.466375,0
XOM.US,D,20020731,000000,21.9748,22.8139,21.8046,22.7401,29341110.126123,0
XOM.US,D,20020801,000000,21.8046,22.1429,20.729,20.8165,34869626.448975,0
XOM.US,D,20020802,000000,20.9429,21.19,20.2952,20.7902,25937879.364661,0
XOM.US,D,20020805,000000,20.8165,21.186,19.9966,20.1056,20572302.828587,0
XOM.US,D,20020806,000000,20.5043,21.19,20.4576,20.659,21403308.080395,0
XOM.US,D,20020807,000000,20.8797,21.2843,20.412,21.2211,22398061.339808,0
XOM.US,D,20020808,000000,21.2279,22.2811,21.0976,22.2753,25202890.952875,0
XOM.US,D,20020809,000000,22.1313,22.3978,21.6217,22.3336,20977057.968366,0
XOM.US,D,20020812,000000,21.8192,22.2413,21.7131,22.105,15185236.461616,0
XOM.US,D,20020813,000000,21.7131,22.213,21.5293,21.5497,15394554.345092,0
XOM.US,D,20020814,000000,21.8999,22.5787,21.5964,22.5086,18854519.946484,0
XOM.US,D,20020815,000000,22.7653,23.1185,22.6283,22.9773,17984078.453968,0
XOM.US,D,20020816,000000,22.9434,23.0144,22.5816,22.7945,18181928.033507,0
XOM.US,D,20020819,000000,22.6098,23.0649,22.5495,22.988,15123481.603769,0
XOM.US,D,20020820,000000,22.8344,22.9287,22.0311,22.3861,17893556.69296,0
XOM.US,D,20020821,000000,22.4405,22.6515,22.1508,22.5427,17898244.579417,0
XOM.US,D,20020822,000000,22.5427,23.0386,22.4794,22.9084,14748468.167844,0
XOM.US,D,20020823,000000,22.7653,22.7945,22.1838,22.3657,12732455.913289,0
XOM.US,D,20020826,000000,22.3978,22.8422,22.2413,22.6827,11310808.844342,0
XOM.US,D,20020827,000000,23.171,23.3479,22.5427,22.8266,20103217.012673,0
XOM.US,D,20020828,000000,22.4854,22.6662,21.8513,22.0389,15190400.437441,0
XOM.US,D,20020829,000000,21.6635,21.8999,21.435,21.8931,14263704.307445,0
XOM.US,D,20020830,000000,21.4954,22.3978,21.4954,21.9329,15106022.594305,0
XOM.US,D,20020903,000000,21.19,21.4642,20.6657,20.7971,23415443.754134,0
XOM.US,D,20020904,000000,20.7971,21.0586,20.1182,20.9226,21964211.278491,0
XOM.US,D,20020905,000000,20.4499,21.0976,20.3828,20.8914,18354726.880459,0
XOM.US,D,20020906,000000,21.4691,21.5964,21.0227,21.2279,16726337.746325,0
XOM.US,D,20020909,000000,21.19,21.3474,20.8165,21.0373,15124284.683244,0
XOM.US,D,20020910,000000,21.2784,21.5566,21.1472,21.5235,13208980.239979,0
XOM.US,D,20020911,000000,21.6509,22.1508,21.3261,21.403,11862652.976924,0
XOM.US,D,20020912,000000,21.3018,21.3018,20.7221,20.7824,15091317.293973,0
XOM.US,D,20020913,000000,20.7824,21.19,20.2952,21.086,15098425.729829,0
XOM.US,D,20020916,000000,20.9283,21.3261,20.8496,21.2843,12292305.636943,0
XOM.US,D,20020917,000000,21.2843,21.2843,20.3963,20.4576,19501098.665432,0
XOM.US,D,20020918,000000,20.412,20.9623,20.269,20.5384,16054866.648491,0
XOM.US,D,20020919,000000,20.1474,20.5851,19.9345,20.019,16352285.743573,0
XOM.US,D,20020920,000000,20.163,20.4663,20.1056,20.3302,34319554.026936,0
XOM.US,D,20020923,000000,20.1834,20.5724,20.1017,20.2446,16643249.35474,0
XOM.US,D,20020924,000000,20.1056,20.1513,19.6699,19.7682,21546361.110412,0
XOM.US,D,20020925,000000,20.3371,20.376,19.6115,20.1756,19271725.38879,0
XOM.US,D,20020926,000000,20.6327,21.2211,20.1056,21.1287,22160444.416373,0
XOM.US,D,20020927,000000,20.9721,21.1958,20.2895,20.3079,20525912.392639,0
XOM.US,D,20020930,000000,20.3079,20.3079,19.2916,19.7331,31357285.875731,0
XOM.US,D,20021001,000000,19.9091,20.9818,19.8148,20.9818,27166369.88188,0
XOM.US,D,20021002,000000,20.4761,21.3601,19.95,20.2019,31616077.979204,0
XOM.US,D,20021003,000000,20.3234,20.9021,20.2019,20.5248,29327054.692919,0
XOM.US,D,20021004,000000,20.659,20.9021,20.2204,20.4499,25762823.463361,0
XOM.US,D,20021007,000000,20.412,21.2843,20.412,20.5325,22413256.097029,0
XOM.US,D,20021008,000000,20.8496,20.8496,20.0579,20.2329,27760409.105653,0
XOM.US,D,20021009,000000,19.8595,20.7221,19.8411,20.3127,28561184.224991,0
XOM.US,D,20021010,000000,20.4663,20.9283,20.1251,20.9021,25925437.288301,0
XOM.US,D,20021011,000000,21.0401,21.4875,20.835,21.3709,19269951.621705,0
XOM.US,D,20021014,000000,21.3474,21.6431,21.1803,21.61,12951811.776055,0
XOM.US,D,20021015,000000,22.4697,22.4697,21.7764,22.4532,29013628.506706,0
XOM.US,D,20021016,000000,22.4532,22.5427,21.9504,21.9806,21942223.764541,0
XOM.US,D,20021017,000000,22.4854,22.5787,22.1168,22.4532,17294668.144218,0
XOM.US,D,20021018,000000,22.3044,22.5787,22.0254,22.2753,19747115.532815,0
XOM.US,D,20021021,000000,22.1168,22.4532,21.9621,22.2753,16836087.142527,0
XOM.US,D,20021022,000000,22.2811,22.2811,21.3223,21.7647,21454874.831417,0
XOM.US,D,20021023,000000,21.435,21.7987,21.0169,21.7288,19870128.593725,0
XOM.US,D,20021024,000000,21.9621,21.998,21.2347,21.4476,15754050.146772,0
XOM.US,D,20021025,000000,21.1599,21.7433,21.1219,21.7199,17973085.211128,0
XOM.US,D,20021028,000000,21.5634,21.7355,21.1733,21.4282,14464297.313408,0
XOM.US,D,20021029,000000,20.7221,21.1024,20.1513,20.5597,24390635.190351,0
XOM.US,D,20021030,000000,20.6959,21.153,20.5986,21.086,24041160.915628,0
XOM.US,D,20021031,000000,21.2347,21.7987,20.482,20.8243,31261270.063981,0
XOM.US,D,20021101,000000,20.9089,21.5497,20.8623,21.4399,19373400.802878,0
XOM.US,D,20021104,000000,21.3474,21.4954,21.048,21.1958,19983119.099405,0
XOM.US,D,20021105,000000,21.3524,22.1771,21.2211,22.0127,22323059.269585,0
XOM.US,D,20021106,000000,21.8678,21.9504,21.1599,21.7199,20979159.753827,0
XOM.US,D,20021107,000000,21.6217,21.7131,21.0401,21.3339,16229923.578064,0
XOM.US,D,20021108,000000,21.4642,21.5293,21.2891,21.4068,15749527.811911,0
XOM.US,D,20021111,000000,21.435,21.5497,20.7874,20.9565,14157983.676134,0
XOM.US,D,20021112,000000,21.19,21.3961,20.8962,21.0586,16889593.212228,0
XOM.US,D,20021113,000000,21.1287,21.2648,20.412,20.659,19607133.947599,0
XOM.US,D,20021114,000000,21.0062,21.5566,20.9283,21.3474,21101682.329578,0
XOM.US,D,20021115,000000,21.19,21.6431,21.1733,21.5566,17842964.74263,0
XOM.US,D,20021118,000000,21.6568,21.8259,21.3669,21.6315,14463008.890129,0
XOM.US,D,20021119,000000,21.6509,21.9504,21.5634,21.7764,16021890.004784,0
XOM.US,D,20021120,000000,21.5896,21.8999,21.5566,21.7987,16561618.02284,0
XOM.US,D,20021121,000000,21.8872,21.8999,21.403,21.5634,20342126.47247,0
XOM.US,D,20021122,000000,21.5362,21.5497,21.0645,21.1733,22755134.535548,0
XOM.US,D,20021125,000000,21.0976,21.4875,20.9818,21.403,15350106.312634,0
XOM.US,D,20021126,000000,21.0976,21.2648,20.9226,21.0119,18242544.595607,0
XOM.US,D,20021127,000000,21.3709,21.6713,21.19,21.6237,16932588.298083,0
XOM.US,D,20021129,000000,21.6373,21.6373,21.4195,21.5293,8428224.4801926,0
XOM.US,D,20021202,000000,21.7433,21.8999,21.0976,21.3893,18971072.382124,0
XOM.US,D,20021203,000000,21.2211,21.6956,21.2211,21.5896,20851945.178537,0
XOM.US,D,20021204,000000,21.5964,21.7579,21.1403,21.5071,21452289.758693,0
XOM.US,D,20021205,000000,21.5071,21.5896,21.2891,21.5071,18249493.649495,0
XOM.US,D,20021206,000000,21.2843,21.7433,21.2483,21.7433,20405813.4511,0
XOM.US,D,20021209,000000,21.7433,21.8678,21.2784,21.3524,19455350.898716,0
XOM.US,D,20021210,000000,21.2211,21.7024,21.19,21.6772,15315838.160835,0
XOM.US,D,20021211,000000,21.7433,21.8872,21.435,21.6635,16156543.09085,0
XOM.US,D,20021212,000000,21.6509,21.6956,21.4399,21.5751,15475541.979487,0
XOM.US,D,20021213,000000,21.4195,21.9874,21.3601,21.6772,25243142.612306,0
XOM.US,D,20021216,000000,21.8999,22.3093,21.8406,22.1838,21850898.924058,0
XOM.US,D,20021217,000000,22.213,22.3044,21.7764,21.9748,18285703.176515,0
XOM.US,D,20021218,000000,21.8872,22.0477,21.6568,21.9874,20248369.771608,0
XOM.US,D,20021219,000000,21.7433,22.0127,21.5964,21.7433,17866075.128267,0
XOM.US,D,20021220,000000,22.0564,22.1508,21.7268,22.0866,32805121.973008,0
XOM.US,D,20021223,000000,22.3044,22.4095,22.0564,22.1168,16340326.954477,0
XOM.US,D,20021224,000000,22.1168,22.213,21.8999,21.9135,6783989.693438,0
XOM.US,D,20021226,000000,22.0389,22.249,21.7851,21.8513,12045474.379107,0
XOM.US,D,20021227,000000,21.8678,21.9748,21.403,21.4282,16602344.743368,0
XOM.US,D,20021230,000000,21.5751,21.7131,21.4768,21.4954,21629606.827425,0
XOM.US,D,20021231,000000,21.4875,21.6509,21.1666,21.614,18757702.083529,0
XOM.US,D,20030102,000000,21.6509,21.9923,21.6315,21.9465,20658618.96213,0
XOM.US,D,20030103,000000,21.8046,22.0428,21.7764,21.9621,14736832.255771,0
XOM.US,D,20030106,000000,21.9329,22.64,21.9066,22.5019,19276093.483035,0
XOM.US,D,20030107,000000,22.3044,22.3093,21.7355,21.7433,23174435.593688,0
XOM.US,D,20030108,000000,21.7433,21.7715,21.5362,21.6509,20492454.518209,0
XOM.US,D,20030109,000000,21.7131,22.1771,21.7131,22.1109,18523803.387212,0
XOM.US,D,20030110,000000,21.8678,22.0866,21.7131,21.7987,17986496.946827,0
XOM.US,D,20030113,000000,21.7715,21.8736,21.5751,21.7131,16457520.002808,0
XOM.US,D,20030114,000000,21.6373,21.9329,21.5566,21.9135,15509155.122804,0
XOM.US,D,20030115,000000,21.8999,21.9066,21.4954,21.61,19077917.941662,0
XOM.US,D,20030116,000000,21.7647,21.9232,21.5819,21.7074,17505127.408253,0
XOM.US,D,20030117,000000,21.7074,21.7074,21.4642,21.4768,17500931.035226,0
XOM.US,D,20030121,000000,21.2891,21.3709,20.9721,20.9818,19536658.325323,0
XOM.US,D,20030122,000000,20.8865,21.0976,20.6541,20.7173,25671979.8536,0
XOM.US,D,20030123,000000,20.6327,20.8038,20.5442,20.6657,17421397.375705,0
XOM.US,D,20030124,000000,20.5384,20.6103,20.0453,20.2262,20631142.538791,0
XOM.US,D,20030127,000000,20.1056,20.3234,19.5337,19.6864,22767583.809802,0
XOM.US,D,20030128,000000,19.95,20.376,19.8275,20.2057,24584119.760455,0
XOM.US,D,20030129,000000,20.6959,21.19,20.3896,20.9429,27534754.056128,0
XOM.US,D,20030130,000000,21.3018,21.3086,20.5325,20.5597,25846394.113938,0
XOM.US,D,20030131,000000,20.5597,21.2591,20.4042,21.1287,26488600.625557,0
XOM.US,D,20030203,000000,21.1355,21.4476,21.0518,21.4195,19699273.178535,0
XOM.US,D,20030204,000000,21.3474,21.5158,20.9429,21.4195,20645531.131724,0
XOM.US,D,20030205,000000,21.6373,21.7131,21.0062,21.1151,19650131.089996,0
XOM.US,D,20030206,000000,20.8496,20.8914,20.5179,20.7902,19036047.784034,0
XOM.US,D,20030207,000000,20.9429,20.9721,20.4499,20.6327,15033930.530372,0
XOM.US,D,20030210,000000,20.7552,20.8749,20.5111,20.7902,16802789.678338,0
XOM.US,D,20030211,000000,20.9429,20.9497,20.4187,20.6424,16138924.699416,0
XOM.US,D,20030212,000000,20.6424,20.6959,20.2262,20.2329,15518859.942364,0
XOM.US,D,20030213,000000,20.2329,20.619,19.9966,20.4907,18248202.141402,0
XOM.US,D,20030214,000000,20.4431,20.7173,20.1697,20.6882,19828264.605722,0
XOM.US,D,20030218,000000,20.8496,21.0927,20.6386,20.8797,19457938.027983,0
XOM.US,D,20030219,000000,20.8865,20.9896,20.7046,20.8962,15133342.720488,0
XOM.US,D,20030220,000000,21.0373,21.1219,20.6959,20.8038,15061734.972088,0
XOM.US,D,20030221,000000,21.0062,21.2095,20.8797,21.1472,22292513.457986,0
XOM.US,D,20030224,000000,20.9896,21.2843,20.9226,21.0373,19707188.80695,0
XOM.US,D,20030225,000000,20.8165,21.153,20.7485,21.1219,22320311.730079,0
XOM.US,D,20030226,000000,20.975,21.1219,20.8038,20.9361,19678744.780811,0
XOM.US,D,20030227,000000,20.9984,21.2211,20.9176,21.0227,20206995.240493,0
XOM.US,D,20030228,000000,21.1287,21.3018,20.9818,21.048,20764819.795894,0
XOM.US,D,20030303,000000,21.2784,21.4798,21.1599,21.3223,19549425.335247,0
XOM.US,D,20030304,000000,21.4642,21.4875,21.1403,21.1803,16769008.926886,0
XOM.US,D,20030305,000000,21.1803,21.6033,21.1733,21.6033,19666619.411849,0
XOM.US,D,20030306,000000,21.4954,21.5634,21.2891,21.3766,19607947.309782,0
XOM.US,D,20030307,000000,21.0976,21.5751,21.086,21.5235,21240537.958297,0
XOM.US,D,20030310,000000,21.5235,21.5751,21.2531,21.2531,18813952.607926,0
XOM.US,D,20030311,000000,21.4954,21.614,21.3766,21.3836,21154057.301429,0
XOM.US,D,20030312,000000,20.9721,21.3836,20.5597,21.0733,30270397.498467,0
XOM.US,D,20030313,000000,21.2735,21.4282,20.9818,21.3397,21770721.567033,0
XOM.US,D,20030314,000000,21.3709,21.5293,21.0586,21.2784,24423131.631607,0
XOM.US,D,20030317,000000,21.3134,21.8046,21.2347,21.6829,27674738.726155,0
XOM.US,D,20030318,000000,21.6373,21.8046,21.4136,21.8046,20628072.12226,0
XOM.US,D,20030319,000000,21.8406,22.105,21.7851,22.0204,19492208.236324,0
XOM.US,D,20030320,000000,21.8805,22.2062,21.8114,22.0204,19660641.045572,0
XOM.US,D,20030321,000000,22.2811,22.2811,22.005,22.2753,24056030.739285,0
XOM.US,D,20030324,000000,22.2413,22.2811,21.8406,21.8443,19583533.076805,0
XOM.US,D,20030325,000000,22.0564,22.3657,21.9923,22.0672,18129553.061656,0
XOM.US,D,20030326,000000,22.1168,22.3512,22.105,22.1838,21177821.667277,0
XOM.US,D,20030327,000000,22.0866,22.3657,21.9748,22.2227,17012438.665003,0
XOM.US,D,20030328,000000,22.0389,22.3978,22.0389,22.2937,13250359.912447,0
XOM.US,D,20030331,000000,21.9329,22.0564,21.5702,21.6217,23200940.301147,0
XOM.US,D,20030401,000000,21.8046,22.1771,21.7288,22.0564,18757215.711454,0
XOM.US,D,20030402,000000,22.2413,22.2664,22.0311,22.0866,15248110.078064,0
XOM.US,D,20030403,000000,22.0925,22.1693,21.614,21.6829,20887509.979781,0
XOM.US,D,20030404,000000,21.8114,22.005,21.7764,21.9748,16424218.425538,0
XOM.US,D,20030407,000000,22.2597,22.2753,21.6509,21.6829,19312622.802266,0
XOM.US,D,20030408,000000,21.6509,21.7024,21.3134,21.3893,20271162.421575,0
XOM.US,D,20030409,000000,21.5896,21.7851,21.2843,21.3261,19276902.732133,0
XOM.US,D,20030410,000000,21.3397,21.5293,21.2347,21.4545,14104000.488794,0
XOM.US,D,20030411,000000,21.403,21.5896,21.1599,21.2405,14970241.4952,0
XOM.US,D,20030414,000000,21.1958,21.5964,21.1958,21.5702,13313080.31655,0
XOM.US,D,20030415,000000,21.5819,21.7131,21.4068,21.6829,14318659.210668,0
XOM.US,D,20030416,000000,21.7579,21.7579,21.3339,21.4593,15557655.57038,0
XOM.US,D,20030417,000000,21.3261,21.6879,21.3261,21.6713,14595394.639139,0
XOM.US,D,20030421,000000,21.7131,21.7521,21.4642,21.5702,13255372.732468,0
XOM.US,D,20030422,000000,21.4593,22.005,21.3474,21.9135,18755438.859557,0
XOM.US,D,20030423,000000,21.7579,21.8648,21.5362,21.8648,20498918.228291,0
XOM.US,D,20030424,000000,21.6829,21.857,21.5896,21.7288,14540598.089617,0
XOM.US,D,20030425,000000,21.6509,21.6568,21.3474,21.5235,18538512.800628,0
XOM.US,D,20030428,000000,21.5751,22.0254,21.539,21.9066,18560013.942503,0
XOM.US,D,20030429,000000,21.8046,21.8999,21.4642,21.544,18465930.251535,0
XOM.US,D,20030430,000000,21.4768,21.8406,21.4593,21.7764,25003257.323544,0
XOM.US,D,20030501,000000,21.8513,22.1313,21.6431,21.9504,21785433.03699,0
XOM.US,D,20030502,000000,21.9504,22.3278,21.9504,22.2996,20603667.143721,0
XOM.US,D,20030505,000000,22.3657,22.4027,21.8999,21.9329,20361843.564553,0
XOM.US,D,20030506,000000,21.9504,22.0672,21.6879,21.7764,23861256.71763,0
XOM.US,D,20030507,000000,21.7764,22.0254,21.7199,21.9066,15517247.613791,0
XOM.US,D,20030508,000000,21.9066,22.0925,21.7288,21.8648,14635803.623999,0
XOM.US,D,20030509,000000,21.857,21.998,21.7579,21.9465,13896773.079801,0
XOM.US,D,20030512,000000,21.8805,22.0254,21.7851,21.9923,19815815.331466,0
XOM.US,D,20030513,000000,22.0204,22.0623,21.8513,21.9806,17850560.578836,0
XOM.US,D,20030514,000000,22.005,22.0428,21.7268,21.7851,16991106.159534,0
XOM.US,D,20030515,000000,21.8513,21.9232,21.7074,21.8337,14466720.947622,0
XOM.US,D,20030516,000000,21.8406,21.998,21.791,21.9329,18164952.311306,0
XOM.US,D,20030519,000000,21.7579,21.8406,21.6635,21.6772,14786935.777483,0
XOM.US,D,20030520,000000,21.7715,21.9562,21.7268,21.8513,16694166.238633,0
XOM.US,D,20030521,000000,21.8513,22.1693,21.7024,22.1429,23028791.321323,0
XOM.US,D,20030522,000000,22.0477,22.2548,22.0204,22.2413,20125036.918487,0
XOM.US,D,20030523,000000,22.1771,22.46,22.0992,22.2597,15320683.37272,0
XOM.US,D,20030527,000000,22.1508,22.7479,22.1168,22.71,24914358.173817,0
XOM.US,D,20030528,000000,22.5816,22.6974,22.3978,22.5495,19048171.096454,0
XOM.US,D,20030529,000000,22.5495,22.6283,22.1624,22.2548,17650607.157295,0
XOM.US,D,20030530,000000,22.2548,22.565,22.2413,22.5155,21069680.486564,0
XOM.US,D,20030602,000000,22.5972,22.7333,22.4911,22.6283,18497775.797392,0
XOM.US,D,20030603,000000,22.7197,22.8762,22.6098,22.8762,18661518.663643,0
XOM.US,D,20030604,000000,22.8685,23.1758,22.8139,23.1379,20013180.595471,0
XOM.US,D,20030605,000000,23.0776,23.0776,22.7537,22.988,17644953.724581,0
XOM.US,D,20030606,000000,23.0698,23.3324,22.9813,23.1028,19713170.258038,0
XOM.US,D,20030609,000000,23.0513,23.2633,23.0222,23.1758,13002885.985378,0
XOM.US,D,20030610,000000,23.2633,23.2906,23.0329,23.2254,14659566.961575,0
XOM.US,D,20030611,000000,23.3567,23.6319,23.3324,23.6319,19976001.409112,0
XOM.US,D,20030612,000000,23.6319,23.7865,23.4316,23.6319,17163900.893405,0
XOM.US,D,20030613,000000,23.6251,23.6601,23.171,23.4627,16018175.890749,0
XOM.US,D,20030616,000000,23.4627,23.697,23.3441,23.697,17510140.228274,0
XOM.US,D,20030617,000000,23.697,23.697,23.237,23.3041,21591298.599757,0
XOM.US,D,20030618,000000,23.3041,23.3382,22.922,23.1028,20662339.245789,0
XOM.US,D,20030619,000000,23.0776,23.0776,22.7945,22.8139,18992895.37275,0
XOM.US,D,20030620,000000,22.8762,23.0144,22.7606,22.8199,34314219.358163,0
XOM.US,D,20030623,000000,22.7848,22.8821,22.6769,22.8539,15404740.395374,0
XOM.US,D,20030624,000000,22.8539,22.8889,22.7333,22.8266,14112242.079044,0
XOM.US,D,20030625,000000,22.7897,23.028,22.6595,22.6769,18663145.388006,0
XOM.US,D,20030626,000000,22.5495,22.7653,22.46,22.7051,14567913.074446,0
XOM.US,D,20030627,000000,22.6595,22.7479,22.4027,22.4961,14516184.884912,0
XOM.US,D,20030630,000000,22.5369,22.6468,22.2188,22.2188,22241269.583987,0
XOM.US,D,20030701,000000,22.2413,22.4532,21.9923,22.3861,20288782.86955,0
XOM.US,D,20030702,000000,22.2937,22.4455,22.1838,22.4405,18087361.055275,0
XOM.US,D,20030703,000000,22.3336,22.4241,22.1771,22.3093,11161775.391508,0
XOM.US,D,20030707,000000,22.3336,22.5155,22.2753,22.3044,17762786.357334,0
XOM.US,D,20030708,000000,22.1771,22.2811,21.9689,22.0564,18115651.869068,0
XOM.US,D,20030709,000000,22.0564,22.2413,21.8443,22.1838,24018209.911963,0
XOM.US,D,20030710,000000,22.1838,22.1838,21.9562,21.9621,21394583.202882,0
XOM.US,D,20030711,000000,21.8513,22.1429,21.8513,22.0254,15248751.719027,0
XOM.US,D,20030714,000000,22.0389,22.1771,21.8046,21.8406,19441130.94219,0
XOM.US,D,20030715,000000,21.7715,21.7715,21.614,21.7715,20001381.188343,0
XOM.US,D,20030716,000000,21.8192,21.9329,21.5964,21.6033,21537312.327604,0
XOM.US,D,20030717,000000,21.6033,21.857,21.5964,21.7764,20600269.737086,0
XOM.US,D,20030718,000000,21.9621,22.2062,21.7579,22.2004,21525512.920478,0
XOM.US,D,20030721,000000,22.1721,22.1721,21.8259,21.8872,14589734.008532,0
XOM.US,D,20030722,000000,21.8872,22.213,21.8114,22.0992,15041041.022771,0
XOM.US,D,20030723,000000,22.0992,22.1313,21.8406,22.0672,13723815.879149,0
XOM.US,D,20030724,000000,22.1109,22.2295,21.7851,21.8046,17583366.474871,0
XOM.US,D,20030725,000000,21.8046,22.1429,21.7579,22.1255,17771675.758172,0
XOM.US,D,20030728,000000,22.0866,22.2597,22.0127,22.1168,24154633.680302,0
XOM.US,D,20030729,000000,22.1168,22.1566,21.8513,21.9164,21945623.227717,0
XOM.US,D,20030730,000000,22.0759,22.1109,21.8513,21.8513,18497133.128159,0
XOM.US,D,20030731,000000,22.1925,22.3861,21.9398,22.0127,27545099.488381,0
XOM.US,D,20030801,000000,22.005,22.0127,21.7851,21.857,22075419.790921,0
XOM.US,D,20030804,000000,21.9621,22.1109,21.7268,22.0311,20665897.062666,0
XOM.US,D,20030805,000000,22.0866,22.1721,21.8678,21.8678,18860828.38768,0
XOM.US,D,20030806,000000,21.8999,22.2364,21.8046,22.1168,21260905.945779,0
XOM.US,D,20030807,000000,22.0311,22.4854,22.0311,22.4241,22757228.094842,0
XOM.US,D,20030808,000000,22.4854,22.6468,22.4854,22.5903,21753427.080893,0
XOM.US,D,20030811,000000,22.5787,22.7537,22.0127,22.5903,14734891.90882,0
XOM.US,D,20030812,000000,22.7333,22.7333,22.4854,22.71,13965958.222257,0
XOM.US,D,20030813,000000,22.7653,22.7897,22.5086,22.5787,13047819.361641,0
XOM.US,D,20030814,000000,22.7333,22.8578,22.6176,22.8539,15502369.563969,0
XOM.US,D,20030815,000000,22.8539,22.8539,22.6769,22.7848,9747559.6354418,0
XOM.US,D,20030818,000000,22.8005,22.8948,22.7848,22.8422,14785325.505452,0
XOM.US,D,20030819,000000,22.8422,22.9501,22.5495,22.6895,15511262.049618,0
XOM.US,D,20030820,000000,22.5787,22.8422,22.5534,22.7653,11180359.329198,0
XOM.US,D,20030821,000000,22.7653,22.9773,22.7051,22.922,14219414.628687,0
XOM.US,D,20030822,000000,22.9015,23.0435,22.5787,22.5972,15090185.16785,0
XOM.US,D,20030825,000000,22.4854,22.7723,22.4697,22.7479,11638453.958813,0
XOM.US,D,20030826,000000,22.7479,22.8344,22.4911,22.7848,14675406.444571,0
XOM.US,D,20030827,000000,22.9501,23.0435,22.922,23.0435,18740403.484306,0
XOM.US,D,20030828,000000,23.1135,23.2458,22.8821,23.2323,19593555.632035,0
XOM.US,D,20030829,000000,23.2323,23.3479,23.0776,23.3275,13612603.253636,0
XOM.US,D,20030902,000000,23.38,23.4939,23.202,23.487,17647212.835472,0
XOM.US,D,20030903,000000,23.4939,23.6319,23.45,23.5551,18248202.141402,0
XOM.US,D,20030904,000000,23.5065,23.6601,23.487,23.6057,16877471.956351,0
XOM.US,D,20030905,000000,23.5065,23.5852,23.38,23.487,14056963.27053,0
XOM.US,D,20030908,000000,23.5678,23.8177,23.45,23.7982,13387272.109403,0
XOM.US,D,20030909,000000,23.6601,23.7544,23.3868,23.5745,15111359.31962,0
XOM.US,D,20030910,000000,23.5678,23.6319,23.3868,23.5065,14754932.906198,0
XOM.US,D,20030911,000000,23.5678,23.7252,23.4685,23.5065,15478287.462452,0
XOM.US,D,20030912,000000,23.5065,23.5483,23.2458,23.3441,20080914.847866,0
XOM.US,D,20030915,000000,23.3275,23.3703,23.1758,23.206,12917700.949685,0
XOM.US,D,20030916,000000,23.1185,23.3324,23.0572,23.3324,15037973.691053,0
XOM.US,D,20030917,000000,23.2323,23.2323,22.7723,22.7897,23542491.74956,0
XOM.US,D,20030918,000000,22.7333,22.9773,22.7333,22.9394,17497369.105267,0
XOM.US,D,20030919,000000,22.7945,22.988,22.7723,22.8821,27289380.886248,0
XOM.US,D,20030922,000000,22.8821,22.8821,22.4854,22.7158,19031525.449171,0
XOM.US,D,20030923,000000,22.7653,22.9501,22.7333,22.9287,15459855.708836,0
XOM.US,D,20030924,000000,23.1272,23.1953,22.7848,22.8266,18982057.398797,0
XOM.US,D,20030925,000000,22.9501,23.1631,22.8889,22.9813,18624664.410847,0
XOM.US,D,20030926,000000,22.8889,22.8889,22.6098,22.7537,14729717.650288,0
XOM.US,D,20030929,000000,22.7537,22.9347,22.6468,22.9015,14246077.689846,0
XOM.US,D,20030930,000000,22.9015,22.9015,22.5213,22.64,19109755.261351,0
XOM.US,D,20031001,000000,22.8422,23.1068,22.64,23.1068,21022965.117052,0
XOM.US,D,20031002,000000,23.1068,23.3041,22.9015,23.237,14478036.039214,0
XOM.US,D,20031003,000000,23.45,23.6494,23.3567,23.3567,18400143.543985,0
XOM.US,D,20031006,000000,23.4248,23.5989,23.3994,23.5618,11685168.300056,0
XOM.US,D,20031007,000000,23.38,23.7466,23.3567,23.7185,14721474.003497,0
XOM.US,D,20031008,000000,23.7185,23.7302,23.3927,23.5298,13198800.35932,0
XOM.US,D,20031009,000000,23.6601,23.7544,23.4141,23.4734,18081869.061073,0
XOM.US,D,20031010,000000,23.5678,23.7748,23.5366,23.6913,13296102.537809,0
XOM.US,D,20031013,000000,23.7369,23.9626,23.7302,23.8041,14159441.76409,0
XOM.US,D,20031014,000000,23.7865,23.9723,23.6319,23.9683,12774480.311533,0
XOM.US,D,20031015,000000,23.9723,24.0657,23.6913,23.8108,15150153.919363,0
XOM.US,D,20031016,000000,23.8108,24.0861,23.8108,24.0724,13700698.295618,0
XOM.US,D,20031017,000000,24.0724,24.0724,23.8294,23.915,15560245.784458,0
XOM.US,D,20031020,000000,23.915,23.9683,23.7126,23.8926,13171805.166702,0
XOM.US,D,20031021,000000,23.8993,23.9334,23.6737,23.7252,19318763.635325,0
XOM.US,D,20031022,000000,23.7252,23.7252,23.0435,23.1068,34599845.215743,0
XOM.US,D,20031023,000000,22.8685,23.2633,22.8422,23.2633,18676557.123706,0
XOM.US,D,20031024,000000,22.9648,23.4199,22.9648,23.4199,15100204.638268,0
XOM.US,D,20031027,000000,23.4199,23.5483,23.2906,23.3479,12061960.644419,0
XOM.US,D,20031028,000000,23.4939,23.5989,23.2739,23.5065,19609882.515378,0
XOM.US,D,20031029,000000,23.5065,23.5852,22.8948,23.3927,15205428.614796,0
XOM.US,D,20031030,000000,23.0815,23.1631,22.3512,22.4532,41722963.751651,0
XOM.US,D,20031031,000000,22.5495,22.778,22.5427,22.6283,27001653.243208,0
XOM.US,D,20031103,000000,22.8422,22.8821,22.6098,22.6895,19079537.46813,0
XOM.US,D,20031104,000000,22.6895,22.7051,22.3978,22.4697,24725923.441481,0
XOM.US,D,20031105,000000,22.3978,22.4961,22.2295,22.2937,20101599.542746,0
XOM.US,D,20031106,000000,22.213,22.3044,22.1168,22.2227,19600185.921983,0
XOM.US,D,20031107,000000,22.213,22.2295,21.9562,21.998,22124878.586858,0
XOM.US,D,20031110,000000,21.998,22.1771,21.9329,22.1255,15334749.088631,0
XOM.US,D,20031111,000000,22.3978,22.4405,22.249,22.3044,16843686.063544,0
XOM.US,D,20031112,000000,22.3336,22.4241,22.2227,22.2869,14215370.439735,0
XOM.US,D,20031113,000000,22.2664,22.4794,22.213,22.4298,15954488.912119,0
XOM.US,D,20031114,000000,22.4298,22.5583,21.8999,22.2753,29521348.512123,0
XOM.US,D,20031117,000000,22.2753,22.2753,21.8805,22.0254,16909796.676388,0
XOM.US,D,20031118,000000,21.9923,22.0866,21.7355,21.7433,20249181.077248,0
XOM.US,D,20031119,000000,21.6879,22.0127,21.6829,21.9232,23437907.357453,0
XOM.US,D,20031120,000000,21.8046,22.4532,21.7199,21.8443,16531228.508399,0
XOM.US,D,20031121,000000,22.0477,22.0866,21.7521,21.8648,26085138.022141,0
XOM.US,D,20031124,000000,21.9504,22.1255,21.8999,21.998,22062487.229402,0
XOM.US,D,20031125,000000,21.9621,22.2413,21.9398,22.1624,15809489.365528,0
XOM.US,D,20031126,000000,22.213,22.5019,22.1721,22.4405,16218450.132772,0
XOM.US,D,20031128,000000,22.529,22.5369,22.3559,22.3978,7725240.9962323,0
XOM.US,D,20031201,000000,22.5787,22.7051,22.4095,22.5086,21249102.425569,0
XOM.US,D,20031202,000000,22.4697,22.6341,22.4367,22.5787,17479262.285215,0
XOM.US,D,20031203,000000,22.5495,22.6974,22.5495,22.6019,34645589.897645,0
XOM.US,D,20031204,000000,22.4697,22.9434,22.4241,22.9015,22605289.777072,0
XOM.US,D,20031205,000000,22.9716,22.9716,22.6468,22.7537,16027392.281692,0
XOM.US,D,20031208,000000,22.8266,23.1865,22.7945,23.1379,19500767.562243,0
XOM.US,D,20031209,000000,23.3275,23.4316,23.2206,23.2906,20130531.997501,0
XOM.US,D,20031210,000000,23.3994,23.4316,23.2517,23.38,16958936.708384,0
XOM.US,D,20031211,000000,23.487,23.5065,23.3635,23.4569,19095046.876207,0
XOM.US,D,20031212,000000,23.4685,23.5803,23.3703,23.5434,11985829.532887,0
XOM.US,D,20031215,000000,23.4569,23.5065,23.2633,23.3868,19123010.699894,0
XOM.US,D,20031216,000000,23.4734,23.8993,23.4248,23.7982,20894942.320932,0
XOM.US,D,20031217,000000,23.8993,24.0724,23.7671,24.053,20548058.260289,0
XOM.US,D,20031218,000000,24.1279,24.4391,24.1143,24.3847,23735496.117213,0
XOM.US,D,20031219,000000,24.4313,24.5334,24.3165,24.5004,28105025.829241,0
XOM.US,D,20031222,000000,24.3448,24.4536,24.2495,24.4206,18349549.537115,0
XOM.US,D,20031223,000000,24.2844,24.5879,24.2495,24.5879,17174730.641192,0
XOM.US,D,20031224,000000,24.5072,24.7269,24.4771,24.6385,6875809.1321619,0
XOM.US,D,20031226,000000,24.6267,24.83,24.6267,24.7746,7466613.4160821,0
XOM.US,D,20031229,000000,24.8057,25.1169,24.8018,25.1062,19844422.852657,0
XOM.US,D,20031230,000000,25.1062,25.3483,25.0732,25.1685,15815632.25513,0
XOM.US,D,20031231,000000,25.3222,25.4457,25.1732,25.3668,18807976.29819,0
XOM.US,D,20040102,000000,25.3795,25.504,24.9924,25.1344,19688929.802824,0
XOM.US,D,20040105,000000,25.4291,25.752,25.3552,25.7198,23671162.356266,0
XOM.US,D,20040106,000000,25.6838,25.7043,25.3416,25.5487,19986184.374582,0
XOM.US,D,20040107,000000,25.4155,25.5234,25.0809,25.3668,21921216.192637,0
XOM.US,D,20040108,000000,25.3095,25.3095,24.9361,25.3037,24036795.906195,0
XOM.US,D,20040109,000000,25.0245,25.1111,24.7561,24.9253,25578711.581357,0
XOM.US,D,20040112,000000,25.1812,25.2997,25.0673,25.2793,16682852.175312,0
XOM.US,D,20040113,000000,25.2871,25.3552,25.0128,25.1685,15138676.36099,0
XOM.US,D,20040114,000000,25.1062,25.185,24.9361,25.1685,13803502.751015,0
XOM.US,D,20040115,000000,25.1685,25.2112,24.8796,24.9195,16578592.71677,0
XOM.US,D,20040116,000000,24.9632,25.0517,24.797,25.0517,21506764.459463,0
XOM.US,D,20040120,000000,25.0517,25.3416,25.0517,25.293,17441276.93457,0
XOM.US,D,20040121,000000,25.3416,25.644,25.2482,25.6305,18597512.921072,0
XOM.US,D,20040122,000000,25.6305,25.6703,25.3357,25.5419,15231138.468946,0
XOM.US,D,20040123,000000,25.5769,25.6305,25.2112,25.3922,18860988.79792,0
XOM.US,D,20040126,000000,25.3979,25.7043,25.293,25.7043,15462285.512674,0
XOM.US,D,20040127,000000,25.6305,25.8405,25.4349,25.4845,16788562.523915,0
XOM.US,D,20040128,000000,25.611,25.7082,24.9974,25.2482,19715110.604989,0
XOM.US,D,20040129,000000,25.644,25.7267,25.4671,25.6519,26937642.359283,0
XOM.US,D,20040130,000000,25.4611,25.5234,25.0985,25.2365,17913762.213661,0
XOM.US,D,20040202,000000,25.5293,25.5293,24.9876,25.1732,22175316.296572,0
XOM.US,D,20040203,000000,25.2424,25.2424,24.9788,24.9974,16242698.814153,0
XOM.US,D,20040204,000000,24.7746,25.0605,24.7746,24.9632,19550556.433098,0
XOM.US,D,20040205,000000,25.044,25.0867,24.8018,24.9788,15121860.020759,0
XOM.US,D,20040206,000000,24.8865,25.0936,24.8057,25.0605,16048888.282214,0
XOM.US,D,20040209,000000,24.9361,25.3037,24.8749,25.1967,14297805.87938,0
XOM.US,D,20040210,000000,25.1062,25.5088,25.0517,25.4242,14032229.245342,0
XOM.US,D,20040211,000000,25.3718,25.9697,25.3552,25.9338,23528106.241438,0
XOM.US,D,20040212,000000,25.8472,25.9795,25.7043,25.928,15854272.614259,0
XOM.US,D,20040213,000000,25.9134,26.0748,25.7461,25.928,18159624.840428,0
XOM.US,D,20040217,000000,26.1089,26.2646,26.0622,26.1244,13867348.083346,0
XOM.US,D,20040218,000000,26.0496,26.1585,25.8589,25.8589,12555777.400707,0
XOM.US,D,20040219,000000,25.9211,26.2168,25.8949,25.9533,16702730.705906,0
XOM.US,D,20040220,000000,26.1089,26.2646,25.9211,26.0009,18195183.472049,0
XOM.US,D,20040223,000000,26.1244,26.4103,26.0748,26.3452,15490080.699955,0
XOM.US,D,20040224,000000,26.2937,26.3578,26.1157,26.176,16780163.608237,0
XOM.US,D,20040225,000000,26.2646,26.4492,26.1653,26.3861,16608817.707886,0
XOM.US,D,20040226,000000,26.3695,26.4492,26.1701,26.176,15085659.748176,0
XOM.US,D,20040227,000000,26.2703,26.4385,26.0496,26.0885,21546685.015705,0
XOM.US,D,20040301,000000,26.3452,26.3792,26.176,26.3035,25627849.556812,0
XOM.US,D,20040302,000000,26.1089,26.2168,25.9883,26.0096,19208037.381888,0
XOM.US,D,20040303,000000,26.0009,26.0096,25.7335,25.9211,22008823.834273,0
XOM.US,D,20040304,000000,25.8589,25.8988,25.7841,25.8268,13518850.665858,0
XOM.US,D,20040305,000000,25.8083,26.3316,25.7666,26.2908,20675271.807308,0
XOM.US,D,20040308,000000,26.2937,26.4444,26.2314,26.3316,16845789.905546,0
XOM.US,D,20040309,000000,26.2003,26.5718,26.1818,26.4687,22812194.309042,0
XOM.US,D,20040310,000000,26.6001,26.848,26.2499,26.2499,30176486.55699,0
XOM.US,D,20040311,000000,26.1701,26.3248,25.4524,25.5769,24225112.387392,0
XOM.US,D,20040312,000000,25.6392,26.0389,25.5828,26.0009,18219912.355881,0
XOM.US,D,20040315,000000,26.0009,26.1653,25.7666,25.8472,18784855.629847,0
XOM.US,D,20040316,000000,25.9533,26.1361,25.7899,26.0272,15743705.742792,0
XOM.US,D,20040317,000000,26.0272,26.3744,26.0272,26.1284,14673466.097621,0
XOM.US,D,20040318,000000,26.0447,26.3248,25.959,26.2703,17064491.788101,0
XOM.US,D,20040319,000000,26.1157,26.2441,25.6519,25.6703,30690833.767543,0
XOM.US,D,20040322,000000,25.5234,25.6586,25.2599,25.3299,19976972.096721,0
XOM.US,D,20040323,000000,25.3718,25.4893,25.0323,25.2181,17628465.402728,0
XOM.US,D,20040324,000000,25.1812,25.3299,24.6871,24.8057,21324431.485899,0
XOM.US,D,20040325,000000,24.8699,24.9691,24.7504,24.9,20510559.281718,0
XOM.US,D,20040326,000000,24.9632,25.4524,24.9438,25.2054,18337432.394319,0
XOM.US,D,20040329,000000,25.2871,25.6158,25.2793,25.4242,15418319.73921,0
XOM.US,D,20040330,000000,25.6158,25.7714,25.5293,25.7043,16708711.128725,0
XOM.US,D,20040331,000000,25.7666,25.964,25.6305,25.7267,20279890.383901,0
XOM.US,D,20040401,000000,25.9211,25.9737,25.6305,25.6838,18253372.286853,0
XOM.US,D,20040402,000000,25.9737,25.9737,25.7335,25.928,18172550.204052,0
XOM.US,D,20040405,000000,25.964,26.1877,25.9533,26.1361,13757761.153924,0
XOM.US,D,20040406,000000,26.0203,26.2314,25.9795,26.1021,12017349.116909,0
XOM.US,D,20040407,000000,25.9941,26.1585,25.9066,25.9211,16398197.005342,0
XOM.US,D,20040408,000000,26.1244,26.5611,26.0826,26.2646,19788983.633901,0
XOM.US,D,20040412,000000,26.4181,26.8275,26.3578,26.6671,16084447.942104,0
XOM.US,D,20040413,000000,26.8412,26.8733,26.4774,26.492,19520011.649769,0
XOM.US,D,20040414,000000,26.3452,26.7857,26.2995,26.7857,18659744.896558,0
XOM.US,D,20040415,000000,26.7857,27.1154,26.2937,27.0221,19380028.008013,0
XOM.US,D,20040416,000000,27.0581,27.1592,26.9423,27.1339,16521370.476492,0
XOM.US,D,20040419,000000,27.1281,27.1339,26.8897,27.0531,11366253.204452,0
XOM.US,D,20040420,000000,27.0493,27.0493,26.4181,26.4385,16670082.080576,0
XOM.US,D,20040421,000000,26.3316,26.5913,26.2314,26.5718,17558958.411519,0
XOM.US,D,20040422,000000,26.4103,26.9423,26.3578,26.7857,16557574.862159,0
XOM.US,D,20040423,000000,26.7555,26.7555,26.4629,26.5854,12862259.674388,0
XOM.US,D,20040426,000000,26.7555,26.8733,26.5854,26.6068,15269118.678239,0
XOM.US,D,20040427,000000,26.6427,27.204,26.636,27.0638,21600037.873061,0
XOM.US,D,20040428,000000,27.0221,27.097,26.671,26.671,19034755.247671,0
XOM.US,D,20040429,000000,26.7555,27.0493,26.2937,26.3179,21872077.188911,0
XOM.US,D,20040430,000000,26.5436,26.887,26.3248,26.3248,21308101.517744,0
XOM.US,D,20040503,000000,26.5436,27.0366,26.4979,27.0221,20013662.854463,0
XOM.US,D,20040504,000000,26.9958,27.1543,26.7555,26.9229,21229707.182239,0
XOM.US,D,20040505,000000,26.8344,27.2244,26.7283,27.2155,20566970.216355,0
XOM.US,D,20040506,000000,27.1592,27.3721,26.9161,27.1154,18603979.715967,0
XOM.US,D,20040507,000000,26.9083,27.097,26.6302,26.7555,16137629.078242,0
XOM.US,D,20040510,000000,26.3744,26.5125,25.7267,26.0156,26321461.380943,0
XOM.US,D,20040511,000000,26.1701,26.3792,25.9795,26.3578,18243674.665187,0
XOM.US,D,20040512,000000,26.1517,26.6175,26.1428,26.6001,21615549.337681,0
XOM.US,D,20040513,000000,26.3861,26.7343,26.3248,26.4385,16570344.956896,0
XOM.US,D,20040514,000000,26.4774,26.9463,26.4385,26.7662,17206251.253484,0
XOM.US,D,20040517,000000,26.7857,26.9356,26.6068,26.6302,16518137.593181,0
XOM.US,D,20040518,000000,26.6302,26.636,26.3248,26.4103,18466262.382995,0
XOM.US,D,20040519,000000,26.4774,26.671,26.2576,26.3578,22113895.626726,0
XOM.US,D,20040520,000000,26.3316,26.6427,26.3035,26.4385,13460497.327729,0
XOM.US,D,20040521,000000,26.5913,26.7722,26.2646,26.3578,26971916.680707,0
XOM.US,D,20040524,000000,26.3928,26.6302,26.2937,26.4774,18798597.440464,0
XOM.US,D,20040525,000000,26.6001,27.1087,26.6001,27.1087,20422625.678248,0
XOM.US,D,20040526,000000,27.0833,27.1087,26.7722,26.9423,16199376.738193,0
XOM.US,D,20040527,000000,27.0036,27.0366,26.6068,26.8275,17160991.915386,0
XOM.US,D,20040528,000000,26.6613,26.9229,26.636,26.7555,16509570.041095,0
XOM.US,D,20040601,000000,26.9083,27.1281,26.8344,27.0366,15908902.583915,0
XOM.US,D,20040602,000000,27.1281,27.2155,27.0434,27.0833,21956938.31931,0
XOM.US,D,20040603,000000,27.0434,27.1873,26.9423,26.9423,13964820.954782,0
XOM.US,D,20040604,000000,26.9083,26.9666,26.7283,26.8275,16199051.804628,0
XOM.US,D,20040607,000000,26.8275,27.2244,26.8275,27.2244,17631857.66801,0
XOM.US,D,20040608,000000,27.2155,27.3721,27.0493,27.1543,20767574.533296,0
XOM.US,D,20040609,000000,26.8159,27.0289,26.6613,26.8781,18839486.627774,0
XOM.US,D,20040610,000000,27.0036,27.309,26.9832,27.2107,14758653.189856,0
XOM.US,D,20040614,000000,27.2155,27.2633,27.0434,27.1281,15132208.537824,0
XOM.US,D,20040615,000000,27.2312,27.4966,27.1747,27.2691,20488570.739496,0
XOM.US,D,20040616,000000,27.4704,27.7525,27.3751,27.6707,19574967.581261,0
XOM.US,D,20040617,000000,27.7116,27.7728,27.626,27.6932,14592971.004927,0
XOM.US,D,20040618,000000,27.6932,27.8254,27.626,27.8254,23903441.526115,0
XOM.US,D,20040621,000000,27.767,27.8371,27.626,27.6707,15567674.012526,0
XOM.US,D,20040622,000000,27.4879,27.8312,27.4704,27.7728,16917552.922833,0
XOM.US,D,20040623,000000,27.7797,28.1288,27.7321,28.123,23530049.6732,0
XOM.US,D,20040624,000000,28.0287,28.1667,28.0005,28.0062,16172866.88938,0
XOM.US,D,20040625,000000,28.012,28.012,27.3751,27.3751,34973881.794432,0
XOM.US,D,20040628,000000,27.5335,27.6066,27.2244,27.4568,22050046.181313,0
XOM.US,D,20040629,000000,27.3751,27.6824,27.3664,27.5754,17682771.467091,0
XOM.US,D,20040630,000000,27.5433,27.6133,27.3245,27.4762,22106783.077785,0
XOM.US,D,20040701,000000,27.5502,27.6133,27.345,27.5891,19913603.882031,0
XOM.US,D,20040702,000000,27.4704,27.767,27.4266,27.663,12914794.028207,0
XOM.US,D,20040706,000000,27.7116,27.9002,27.6775,27.9002,18358443.051035,0
XOM.US,D,20040707,000000,27.9002,28.0685,27.7728,28.0685,18742829.175061,0
XOM.US,D,20040708,000000,28.1424,28.1667,27.9674,28.0354,17750343.252704,0
XOM.US,D,20040709,000000,28.0354,28.1803,27.9722,28.1162,13751616.207782,0
XOM.US,D,20040712,000000,27.9945,28.1365,27.9246,28.1123,12168161.478182,0
XOM.US,D,20040713,000000,27.9002,28.0179,27.7455,27.9674,14034174.733645,0
XOM.US,D,20040714,000000,27.8078,28.1424,27.8078,28.123,13934593.907123,0
XOM.US,D,20040715,000000,28.0685,28.2037,27.9605,28.0354,12810529.428311,0
XOM.US,D,20040716,000000,28.2727,28.4293,28.1365,28.3554,18407094.654414,0
XOM.US,D,20040719,000000,28.334,28.5158,27.4704,28.3982,16062627.008018,0
XOM.US,D,20040720,000000,28.298,28.543,28.298,28.3982,15723500.222091,0
XOM.US,D,20040721,000000,28.3223,28.9641,27.9421,27.9421,18444438.364098,0
XOM.US,D,20040722,000000,27.906,28.2425,27.8857,28.0801,17833587.941447,0
XOM.US,D,20040723,000000,28.0062,28.1365,27.8857,28.0354,14330941.905057,0
XOM.US,D,20040726,000000,28.0062,28.1803,27.9002,28.0404,16543190.382307,0
XOM.US,D,20040727,000000,28.0354,28.1162,27.9323,28.0919,17463910.202566,0
XOM.US,D,20040728,000000,27.9945,28.4215,27.5939,28.3398,23786571.354806,0
XOM.US,D,20040729,000000,28.4954,28.5917,28.3106,28.4779,21708330.209577,0
XOM.US,D,20040730,000000,28.543,28.6725,28.4498,28.6461,16763510.76306,0
XOM.US,D,20040802,000000,28.6393,28.7142,28.3719,28.6169,15850712.74084,0
XOM.US,D,20040803,000000,28.6588,29.04,28.6511,29.007,21156158.058619,0
XOM.US,D,20040804,000000,28.9885,28.9885,28.547,28.6092,21637207.804983,0
XOM.US,D,20040805,000000,28.6169,28.6645,28.1958,28.3554,19438859.492051,0
XOM.US,D,20040806,000000,28.1901,28.3689,27.8371,27.9129,17604863.503661,0
XOM.US,D,20040809,000000,27.9888,28.4837,27.9809,28.1871,18084625.855018,0
XOM.US,D,20040810,000000,28.1559,28.2425,27.9129,28.0179,18989657.348085,0
XOM.US,D,20040811,000000,27.9323,28.0685,27.5335,27.9187,23632852.072057,0
XOM.US,D,20040812,000000,27.8371,28.1054,27.5502,27.5677,17965647.728623,0
XOM.US,D,20040813,000000,27.5677,27.9129,27.5677,27.7845,16601384.338465,0
XOM.US,D,20040816,000000,27.8496,28.012,27.7525,27.8944,17175537.83375,0
XOM.US,D,20040817,000000,27.6932,27.8117,27.345,27.4461,19709290.59241,0
XOM.US,D,20040818,000000,27.4704,27.8117,27.4217,27.7184,21616197.148267,0
XOM.US,D,20040819,000000,27.6999,27.9479,27.6862,27.8944,19623454.661317,0
XOM.US,D,20040820,000000,27.9547,28.2425,27.9246,27.9945,18891541.807414,0
XOM.US,D,20040823,000000,28.1162,28.1803,27.7455,27.8312,16049048.692454,0
XOM.US,D,20040824,000000,27.8312,27.8312,27.5395,27.7455,16921756.493755,0
XOM.US,D,20040825,000000,27.8117,27.9547,27.7728,27.9547,18836745.257891,0
XOM.US,D,20040826,000000,27.8371,28.0801,27.7933,27.9945,15752269.181793,0
XOM.US,D,20040827,000000,28.0685,28.1958,28.0549,28.1123,11957055.431831,0
XOM.US,D,20040830,000000,28.0549,28.266,27.8944,27.9187,13064151.386336,0
XOM.US,D,20040831,000000,27.9888,28.543,27.9888,28.5226,19623946.174746,0
XOM.US,D,20040901,000000,28.5839,28.796,28.4779,28.7268,18769660.872626,0
XOM.US,D,20040902,000000,28.8971,29.0663,28.7327,29.0614,16481283.340385,0
XOM.US,D,20040903,000000,29.0614,29.2257,29.0001,29.113,18809265.74974,0
XOM.US,D,20040907,000000,29.1188,29.2326,28.8582,29.1684,24172097.83112,0
XOM.US,D,20040908,000000,29.074,29.22,29.0449,29.1188,16548201.145787,0
XOM.US,D,20040909,000000,29.2053,29.4213,29.1392,29.3755,17955625.173393,0
XOM.US,D,20040910,000000,29.4416,29.4737,29.1499,29.3074,14995137.987169,0
XOM.US,D,20040913,000000,29.4037,29.5,29.3074,29.3852,15343638.489469,0
XOM.US,D,20040914,000000,29.467,29.5613,29.3123,29.3697,15751466.102319,0
XOM.US,D,20040915,000000,29.4213,29.5496,29.3006,29.3435,18673324.240393,0
XOM.US,D,20040916,000000,29.2666,29.4416,29.2607,29.4213,12420162.881467,0
XOM.US,D,20040917,000000,29.5613,30.0398,29.5223,29.921,30358656.035502,0
XOM.US,D,20040920,000000,29.928,30.0787,29.7636,29.8219,18866971.27728,0
XOM.US,D,20040921,000000,30.0038,30.6991,29.9969,30.6194,26169353.398495,0
XOM.US,D,20040922,000000,30.4413,30.4463,30.1331,30.2284,22471288.614675,0
XOM.US,D,20040923,000000,29.7539,29.9153,29.5,29.5496,28058803.001429,0
XOM.US,D,20040924,000000,29.4806,29.715,29.4485,29.5934,20549999.635508,0
XOM.US,D,20040927,000000,29.4806,29.8608,29.4806,29.6731,19506269.839152,0
XOM.US,D,20040928,000000,29.785,30.171,29.7723,30.0232,21452773.045957,0
XOM.US,D,20040929,000000,29.9532,30.8003,29.4543,29.785,26381110.340246,0
XOM.US,D,20040930,000000,29.785,29.928,29.6916,29.8978,22206030.744577,0
XOM.US,D,20041001,000000,29.9716,30.2897,29.9153,30.246,18277780.350204,0
XOM.US,D,20041004,000000,30.1594,30.5921,30.0145,30.2645,21495126.490849,0
XOM.US,D,20041005,000000,30.387,30.6379,30.3763,30.5144,17681002.84136,0
XOM.US,D,20041006,000000,30.5309,30.951,29.9405,30.951,20780984.212454,0
XOM.US,D,20041007,000000,30.5192,31.2184,30.5192,30.7691,17336856.037516,0
XOM.US,D,20041008,000000,30.8061,31.0794,30.7691,30.8314,17037496.595483,0
XOM.US,D,20041011,000000,30.9296,30.9549,30.5718,30.8003,12149247.465573,0
XOM.US,D,20041012,000000,30.6573,30.8547,30.5192,30.5426,15928949.750917,0
XOM.US,D,20041013,000000,30.2839,30.2897,29.8035,29.9892,23697991.99729,0
XOM.US,D,20041014,000000,30.0271,30.3937,30.0232,30.1331,18863575.927186,0
XOM.US,D,20041015,000000,30.2839,30.4413,30.0951,30.3247,17810633.85297,0
XOM.US,D,20041018,000000,30.1895,30.4132,30.1283,30.1594,14865174.844101,0
XOM.US,D,20041019,000000,30.0038,30.2139,29.8345,29.8841,18469492.181495,0
XOM.US,D,20041020,000000,29.8784,30.3024,29.8462,30.2333,19817915.060387,0
XOM.US,D,20041021,000000,30.2206,30.3713,30.0038,30.1954,17970179.317922,0
XOM.US,D,20041022,000000,30.246,30.5018,30.0844,30.1283,16184507.942808,0
XOM.US,D,20041025,000000,30.066,30.3655,30.0145,30.1954,16830912.883995,0
XOM.US,D,20041026,000000,30.1536,30.5581,30.1283,30.5581,20408238.113585,0
XOM.US,D,20041027,000000,30.5309,30.5514,30.0038,30.2839,21948534.262278,0
XOM.US,D,20041028,000000,30.066,30.3763,29.8462,30.0719,29598127.434242,0
XOM.US,D,20041029,000000,29.89,30.4696,29.89,30.4511,23215814.237887,0
XOM.US,D,20041101,000000,30.5648,30.6252,30.0086,30.2012,22209912.466747,0
XOM.US,D,20041102,000000,30.0398,30.2702,29.8462,29.9581,19457938.027983,0
XOM.US,D,20041103,000000,30.3131,30.5648,30.0534,30.4813,21091017.105115,0
XOM.US,D,20041104,000000,30.6144,31.054,30.5921,31.0473,25290662.089563,0
XOM.US,D,20041105,000000,30.9296,31.1961,30.7798,31.1728,23065324.753636,0
XOM.US,D,20041108,000000,31.1483,31.2116,30.9033,31.0365,17525171.490442,0
XOM.US,D,20041109,000000,30.812,30.8995,30.4755,30.5075,19751318.075467,0
XOM.US,D,20041110,000000,30.5075,30.7691,30.2528,30.7332,19296295.918923,0
XOM.US,D,20041111,000000,30.6573,30.7867,30.5075,30.7245,14207127.821214,0
XOM.US,D,20041112,000000,30.6252,31.2408,30.5805,31.1912,18424393.253638,0
XOM.US,D,20041115,000000,31.0114,31.0405,30.4132,30.6739,20542726.676327,0
XOM.US,D,20041116,000000,30.6252,30.8809,30.5648,30.5718,16141671.210652,0
XOM.US,D,20041117,000000,30.6875,31.0248,30.6632,30.9296,18586197.82948,0
XOM.US,D,20041118,000000,31.0114,31.0365,30.8061,30.9617,14638553.220047,0
XOM.US,D,20041119,000000,30.9928,31.1775,30.9247,31.1659,22617731.853432,0
XOM.US,D,20041122,000000,31.1659,31.5364,31.1163,31.4936,18851129.737743,0
XOM.US,D,20041123,000000,31.4936,31.7193,31.4722,31.6784,22898830.234797,0
XOM.US,D,20041124,000000,31.6784,31.8574,31.5899,31.8525,15543914.788033,0
XOM.US,D,20041126,000000,31.9128,32.1685,31.9128,31.9498,7271991.578502,0
XOM.US,D,20041129,000000,31.9712,32.0324,31.4431,31.7815,16310581.13754,0
XOM.US,D,20041130,000000,31.6843,31.9954,31.6843,31.7085,20887188.131029,0
XOM.US,D,20041201,000000,31.7135,31.9827,31.4587,31.6435,22021278.249882,0
XOM.US,D,20041202,000000,31.3653,31.4781,30.8926,31.0365,25904746.423796,0
XOM.US,D,20041203,000000,30.7497,31.2039,30.6875,31.0988,21362573.133701,0
XOM.US,D,20041206,000000,31.1037,31.2233,30.8809,31.0181,17706856.65342,0
XOM.US,D,20041207,000000,31.0181,31.1163,30.6252,30.7497,19644307.992605,0
XOM.US,D,20041208,000000,30.5377,30.9782,30.2528,30.9452,21922507.700728,0
XOM.US,D,20041209,000000,30.8674,31.1289,30.5309,31.1289,23663404.05328,0
XOM.US,D,20041210,000000,31.1163,31.2116,30.8596,31.0248,17665156.160469,0
XOM.US,D,20041213,000000,31.2116,31.3526,31.1483,31.3469,19067087.165604,0
XOM.US,D,20041214,000000,31.1775,31.4285,31.1659,31.3409,17012118.872793,0
XOM.US,D,20041215,000000,31.272,31.3526,31.1289,31.2467,20474027.905947,0
XOM.US,D,20041216,000000,31.2281,31.2281,30.7185,30.9928,19781546.151397,0
XOM.US,D,20041217,000000,30.7185,31.1416,30.7108,30.8061,51446438.200764,0
XOM.US,D,20041220,000000,30.9617,31.6502,30.9296,31.5899,26420551.722306,0
XOM.US,D,20041221,000000,31.6968,32.0071,31.4664,31.976,21939641.776628,0
XOM.US,D,20041222,000000,31.869,31.9827,31.3955,31.7319,19603901.064288,0
XOM.US,D,20041223,000000,31.7085,32.1977,31.6579,32.1511,20246914.768464,0
XOM.US,D,20041227,000000,32.044,32.1384,31.4664,31.4781,19667266.194166,0
XOM.US,D,20041228,000000,31.5627,31.8,31.5539,31.5822,18850969.327503,0
XOM.US,D,20041229,000000,31.4362,31.6639,31.4285,31.6347,14932744.573172,0
XOM.US,D,20041230,000000,31.6347,31.8,31.5627,31.5705,10770755.892722,0
XOM.US,D,20041231,000000,31.5559,31.8,31.5539,31.7135,13734805.008906,0
XOM.US,D,20050103,000000,31.5627,31.5627,30.8507,30.985,25877754.315991,0
XOM.US,D,20050104,000000,31.1416,31.305,30.7399,30.774,27023476.233835,0
XOM.US,D,20050105,000000,30.8246,30.9996,30.5921,30.6194,19702827.910598,0
XOM.US,D,20050106,000000,30.5018,31.0473,30.4696,31.0054,21173132.752549,0
XOM.US,D,20050107,000000,31.0054,31.093,30.6379,30.8003,18290390.0347,0
XOM.US,D,20050110,000000,30.845,31.2408,30.812,30.9189,18247392.892304,0
XOM.US,D,20050111,000000,30.8246,31.0248,30.706,30.8373,14714517.751714,0
XOM.US,D,20050112,000000,30.9617,31.3215,30.8168,31.2991,21483646.875933,0
XOM.US,D,20050113,000000,31.2991,31.5539,31.1775,31.272,18331284.363364,0
XOM.US,D,20050114,000000,31.2778,31.6843,31.2544,31.5977,17780724.540979,0
XOM.US,D,20050118,000000,31.5228,31.8574,31.4888,31.8574,22468215.113333,0
XOM.US,D,20050119,000000,31.8273,31.8525,31.5539,31.5822,15067230.051103,0
XOM.US,D,20050120,000000,31.3342,31.5092,31.1483,31.3799,18489212.358389,0
XOM.US,D,20050121,000000,31.4285,31.8875,31.2039,31.2039,21560265.387811,0
XOM.US,D,20050124,000000,31.515,31.8,31.4936,31.6347,19932523.035993,0
XOM.US,D,20050125,000000,31.6784,31.8136,31.6152,31.7581,16713235.520128,0
XOM.US,D,20050126,000000,31.8574,32.1316,31.7465,31.9827,21071456.31019,0
XOM.US,D,20050127,000000,31.7028,32.1384,31.6968,32.013,18137962.260042,0
XOM.US,D,20050128,000000,32.6033,32.6033,31.623,31.7193,18198417.38363,0
XOM.US,D,20050131,000000,31.7708,32.1511,31.7708,31.9215,22021435.57531,0
XOM.US,D,20050201,000000,32.1588,32.9573,32.1249,32.9523,31034483.916604,0
XOM.US,D,20050202,000000,32.9913,33.4123,32.9767,33.3637,24079796.133403,0
XOM.US,D,20050203,000000,33.3142,33.8044,33.1207,33.7304,23138707.297391,0
XOM.US,D,20050204,000000,33.7012,34.2245,33.5827,34.2031,27557708.144606,0
XOM.US,D,20050207,000000,34.098,34.2857,33.7858,34.2701,25110590.283429,0
XOM.US,D,20050208,000000,33.9298,34.5843,33.9229,34.5104,24805897.200894,0
XOM.US,D,20050209,000000,34.3217,34.5386,34.0805,34.3597,19515803.965765,0
XOM.US,D,20050210,000000,34.4472,35.0267,34.3946,34.8576,25912989.042317,0
XOM.US,D,20050211,000000,34.8576,35.1814,34.6183,34.7117,22122299.683758,0
XOM.US,D,20050214,000000,34.7993,35.1727,34.6883,35.1571,19223880.977966,0
XOM.US,D,20050215,000000,35.0686,35.2242,34.9617,35.2096,22177577.464002,0
XOM.US,D,20050216,000000,35.2485,36.3144,35.1649,36.1783,30431072.004729,0
XOM.US,D,20050217,000000,36.3144,36.4632,35.8981,35.9642,30098410.985425,0
XOM.US,D,20050218,000000,35.9642,37.0262,35.8981,36.7549,37584260.262867,0
XOM.US,D,20050222,000000,36.8104,37.1653,36.0353,36.0353,41585891.144453,0
XOM.US,D,20050223,000000,36.1081,36.8385,36.1081,36.7617,29990270.832984,0
XOM.US,D,20050224,000000,36.8727,37.8626,36.8298,37.8198,44266585.853196,0
XOM.US,D,20050225,000000,38.0551,39.4001,38.0483,39.1307,60341977.814599,0
XOM.US,D,20050228,000000,39.1307,39.618,38.4159,39.1648,57479608.225585,0
XOM.US,D,20050301,000000,38.9566,39.049,38.3479,38.4159,42333496.438633,0
XOM.US,D,20050302,000000,38.4159,39.0841,38.3732,38.7767,42109773.509889,0
XOM.US,D,20050303,000000,38.7884,39.0559,38.5424,39.0072,32798978.055137,0
XOM.US,D,20050304,000000,39.049,39.6004,38.8225,39.3272,33626753.508445,0
XOM.US,D,20050307,000000,39.3331,39.3447,38.7145,38.977,33683978.833535,0
XOM.US,D,20050308,000000,38.977,39.3447,38.8526,39.0403,29405930.259146,0
XOM.US,D,20050309,000000,39.0403,39.8251,37.5524,37.6078,110165675.17258,0
XOM.US,D,20050310,000000,37.7401,37.7634,36.8104,37.3433,64653485.291687,0
XOM.US,D,20050311,000000,37.3433,38.0999,37.2236,37.7683,39700816.83366,0
XOM.US,D,20050314,000000,37.7751,38.0483,37.142,37.9132,31622865.594581,0
XOM.US,D,20050315,000000,37.919,38.2701,37.284,37.3326,28411344.607869,0
XOM.US,D,20050316,000000,37.1157,37.6438,36.7928,37.2985,33935488.723391,0
XOM.US,D,20050317,000000,37.0116,38.13,37.0116,38.0416,35224919.708003,0
XOM.US,D,20050318,000000,38.0999,38.8828,38.063,38.7603,52562426.640919,0
XOM.US,D,20050321,000000,38.7603,38.9654,38.2331,38.4432,28821111.539398,0
XOM.US,D,20050322,000000,38.3245,38.8749,37.6185,37.6779,31887638.120875,0
XOM.US,D,20050323,000000,37.6779,37.6779,36.8794,37.173,42434192.938944,0
XOM.US,D,20050324,000000,37.3044,37.5203,36.187,36.5264,40378101.774448,0
XOM.US,D,20050328,000000,36.5264,36.7734,36.1014,36.4311,32910028.213868,0
XOM.US,D,20050329,000000,36.4311,36.9659,35.9068,36.043,30595628.233161,0
XOM.US,D,20050330,000000,36.1783,36.7005,35.4994,36.6499,41908855.570363,0
XOM.US,D,20050331,000000,36.9106,37.318,36.8385,36.8727,33805050.519224,0
XOM.US,D,20050401,000000,37.2402,37.5524,37.073,37.4609,30081600.81482,0
XOM.US,D,20050404,000000,37.708,38.1922,37.1905,37.5203,37621760.269708,0
XOM.US,D,20050405,000000,37.4259,37.7634,37.0262,37.1526,25588732.080045,0
XOM.US,D,20050406,000000,37.2704,37.7683,37.0982,37.6779,27396870.143292,0
XOM.US,D,20050407,000000,37.9578,37.9676,37.2236,37.6438,27007632.637755,0
XOM.US,D,20050408,000000,37.5826,37.6574,37.1157,37.1216,20358773.148022,0
XOM.US,D,20050411,000000,37.1099,37.384,36.7248,37.2985,25691696.945683,0
XOM.US,D,20050412,000000,37.0807,37.4697,36.9981,37.384,37386415.824683,0
XOM.US,D,20050413,000000,37.2402,37.5826,36.4632,36.5945,38702827.606123,0
XOM.US,D,20050414,000000,36.6742,36.931,36.2531,36.3464,29935800.245296,0
XOM.US,D,20050415,000000,36.1578,36.7492,34.7068,34.7623,45611289.4767,0
XOM.US,D,20050418,000000,34.3033,35.479,34.2701,35.4177,37327086.657592,0
XOM.US,D,20050419,000000,35.479,36.6499,35.479,36.2705,38441453.514737,0
XOM.US,D,20050420,000000,36.2705,36.4437,35.267,35.3496,33765766.462592,0
XOM.US,D,20050421,000000,35.6015,36.6859,35.5082,36.6742,27142115.030873,0
XOM.US,D,20050422,000000,36.5487,37.0856,36.1578,36.7617,27654207.24362,0
XOM.US,D,20050425,000000,36.8727,37.4094,36.8727,37.0904,24458041.424369,0
XOM.US,D,20050426,000000,37.0904,37.2159,36.6674,36.6674,21022639.155216,0
XOM.US,D,20050427,000000,36.6547,36.7792,35.9477,36.1141,33421468.502944,0
XOM.US,D,20050428,000000,35.6074,35.729,34.6446,34.6446,51587394.586672,0
XOM.US,D,20050429,000000,34.9519,35.4109,34.7068,35.2787,42797084.09072,0
XOM.US,D,20050502,000000,35.2611,35.729,34.9334,35.724,26954457.671243,0
XOM.US,D,20050503,000000,35.4673,35.5743,34.7418,34.9519,29491117.35138,0
XOM.US,D,20050504,000000,35.1727,35.4478,34.6883,35.4051,31572113.234012,0
XOM.US,D,20050505,000000,35.479,35.8641,35.3302,35.729,30413614.023536,0
XOM.US,D,20050506,000000,36.187,36.2803,35.5743,35.6366,21895835.385133,0
XOM.US,D,20050509,000000,35.729,35.9137,35.6366,35.8933,21786570.304466,0
XOM.US,D,20050510,000000,35.5908,35.8038,35.2611,35.4051,23264789.74656,0
XOM.US,D,20050511,000000,35.2242,35.5159,34.9791,35.4401,23490118.834251,0
XOM.US,D,20050512,000000,35.2611,35.4177,33.4056,33.9132,38487361.691693,0
XOM.US,D,20050513,000000,34.0173,34.0202,33.145,33.2198,39380436.452204,0
XOM.US,D,20050516,000000,33.0953,33.1897,32.6538,33.0049,55633805.632176,0
XOM.US,D,20050517,000000,33.0953,33.3998,32.7647,33.3191,45027762.265043,0
XOM.US,D,20050518,000000,33.5029,33.7498,33.0448,33.1897,51195567.895329,0
XOM.US,D,20050519,000000,33.2714,33.9463,33.108,33.9182,33355195.423317,0
XOM.US,D,20050520,000000,34.0028,34.0028,33.3823,33.4123,28359291.48477,0
XOM.US,D,20050523,000000,33.6419,34.1769,33.4951,33.8743,29002635.263866,0
XOM.US,D,20050524,000000,33.9298,34.1505,33.7917,34.0474,20869565.626511,0
XOM.US,D,20050525,000000,34.1564,34.6339,33.9055,34.4472,28886572.285114,0
XOM.US,D,20050526,000000,34.6785,34.8994,34.4656,34.7807,19802075.57739,0
XOM.US,D,20050527,000000,34.8945,35.197,34.8274,35.1357,16664097.544673,0
XOM.US,D,20050531,000000,35.3069,35.3243,34.7068,34.77,34544883.114626,0
XOM.US,D,20050601,000000,34.8507,35.5159,34.8507,35.3496,23635276.73454,0
XOM.US,D,20050602,000000,35.3652,35.6152,35.1123,35.4605,20276336.680108,0
XOM.US,D,20050603,000000,35.5111,35.7474,35.2611,35.3545,38374375.299096,0
XOM.US,D,20050606,000000,35.4722,35.6978,35.2719,35.6366,19601802.363639,0
XOM.US,D,20050607,000000,35.6481,35.9711,35.5208,35.5422,23190760.420489,0
XOM.US,D,20050608,000000,35.4857,35.8797,35.0763,35.0949,33727784.196759,0
XOM.US,D,20050609,000000,35.2611,36.259,35.0763,36.151,28188927.58301,0
XOM.US,D,20050610,000000,35.6152,36.2152,35.6152,36.1141,21544741.583943,0
XOM.US,D,20050613,000000,36.0353,36.4252,35.7542,36.1578,20012375.459454,0
XOM.US,D,20050614,000000,36.1354,36.4252,35.9906,36.221,17065619.80114,0
XOM.US,D,20050615,000000,36.4632,36.68,36.2803,36.6547,21670505.269173,0
XOM.US,D,20050616,000000,36.6547,37.2402,36.5741,37.1905,21914264.053937,0
XOM.US,D,20050617,000000,37.4328,37.7517,37.1905,37.6709,40226150.089158,0
XOM.US,D,20050620,000000,37.8004,37.8198,37.318,37.6438,21895835.385133,0
XOM.US,D,20050621,000000,37.3656,37.6126,36.8104,36.8181,26833546.395794,0
XOM.US,D,20050622,000000,37.0262,37.4026,36.5614,36.9163,29170256.767474,0
XOM.US,D,20050623,000000,36.9046,37.2917,36.5118,36.5118,26273777.380361,0
XOM.US,D,20050624,000000,36.6256,36.68,35.9711,35.9711,35068768.564874,0
XOM.US,D,20050627,000000,36.0839,36.7492,36.0771,36.6859,27652755.325288,0
XOM.US,D,20050628,000000,36.717,36.9981,36.4,36.5546,25060646.143687,0
XOM.US,D,20050629,000000,36.3815,36.5614,35.8436,36.151,29366817.923732,0
XOM.US,D,20050630,000000,36.151,36.4,35.548,35.5529,33240750.942764,0
XOM.US,D,20050701,000000,35.729,36.151,35.6366,36.0722,19933166.733498,0
XOM.US,D,20050705,000000,36.2279,37.2568,36.1646,37.2022,29262875.172589,0
XOM.US,D,20050706,000000,37.4259,37.5708,36.5186,36.5691,29514718.222175,0
XOM.US,D,20050707,000000,36.2803,36.8385,36.0586,36.824,26170161.619322,0
XOM.US,D,20050708,000000,36.925,37.1905,36.4826,36.7432,27495477.19739,0
XOM.US,D,20050711,000000,36.7432,37.1157,36.3271,37.0982,23953065.873646,0
XOM.US,D,20050712,000000,37.0982,37.2625,36.7492,37.0466,28492647.921392,0
XOM.US,D,20050713,000000,37.0466,37.1479,36.7297,36.9738,18699833.060936,0
XOM.US,D,20050714,000000,37.0466,37.2082,36.0722,36.2463,33116765.137703,0
XOM.US,D,20050715,000000,36.2463,36.4632,35.8115,35.9769,26980804.025002,0
XOM.US,D,20050718,000000,35.8981,36.1704,35.689,35.9711,21324592.924409,0
XOM.US,D,20050719,000000,36.1783,36.3893,35.8408,36.3621,30803342.01423,0
XOM.US,D,20050720,000000,36.187,36.5118,35.8797,36.4982,31180125.104157,0
XOM.US,D,20050721,000000,36.3464,36.5332,35.7902,35.8175,26012725.137727,0
XOM.US,D,20050722,000000,36.0012,36.9358,35.9711,36.8104,30902104.337218,0
XOM.US,D,20050725,000000,37.0856,37.4094,36.7792,37.0807,27383455.322778,0
XOM.US,D,20050726,000000,37.0262,37.0982,36.8104,36.8727,19512896.016016,0
XOM.US,D,20050727,000000,36.9981,37.0535,36.4067,36.8727,21866259.232874,0
XOM.US,D,20050728,000000,37.0116,37.1848,36.4826,37.1157,30922629.650128,0
XOM.US,D,20050729,000000,37.142,37.2236,36.3464,36.3464,28464034.230576,0
XOM.US,D,20050801,000000,36.3464,36.962,36.3464,36.6431,21070003.363587,0
XOM.US,D,20050802,000000,36.7248,37.0068,36.6674,37.0068,21465867.045987,0
XOM.US,D,20050803,000000,37.173,37.173,36.4214,36.4982,30901451.385276,0
XOM.US,D,20050804,000000,36.4826,36.7297,36.187,36.2006,25672300.674082,0
XOM.US,D,20050805,000000,36.2152,36.3144,35.7347,35.94,22640689.026722,0
XOM.US,D,20050808,000000,36.2803,36.7792,36.151,36.4067,27761051.774887,0
XOM.US,D,20050809,000000,36.5993,36.9659,36.5691,36.7879,25950974.392963,0
XOM.US,D,20050810,000000,36.9659,37.2625,36.8531,37.0535,31220540.25864,0
XOM.US,D,20050811,000000,37.1905,37.7265,37.1526,37.708,34301941.805127,0
XOM.US,D,20050812,000000,37.7401,37.9521,37.5095,37.7683,23896493.500498,0
XOM.US,D,20050815,000000,37.708,37.7897,37.3743,37.3783,20945865.37445,0
XOM.US,D,20050816,000000,37.3783,37.4152,36.5439,36.5439,26764685.15863,0
XOM.US,D,20050817,000000,36.5332,36.8055,35.7814,35.9906,34363687.408536,0
XOM.US,D,20050818,000000,35.9711,36.2152,35.7474,35.9536,24406961.045423,0
XOM.US,D,20050819,000000,36.2006,36.4933,36.1081,36.3893,23626708.154184,0
XOM.US,D,20050822,000000,36.8385,36.9659,36.1937,36.5439,25341744.525051,0
XOM.US,D,20050823,000000,36.5691,36.6859,36.1081,36.4982,27833952.059649,0
XOM.US,D,20050824,000000,36.5945,36.8794,36.3387,36.4252,29073912.937345,0
XOM.US,D,20050825,000000,36.4067,36.6256,36.187,36.613,23389257.810615,0
XOM.US,D,20050826,000000,36.4563,36.613,36.1354,36.1354,21698797.111236,0
XOM.US,D,20050829,000000,36.6499,36.6499,35.9584,36.1393,28675144.39001,0
XOM.US,D,20050830,000000,36.1471,36.5741,35.9963,36.259,34019870.67961,0
XOM.US,D,20050831,000000,36.3747,37.1157,36.2803,37.0535,52107882.630285,0
XOM.US,D,20050901,000000,37.1799,38.379,37.1799,38.1563,52654237.853476,0
XOM.US,D,20050902,000000,38.0756,38.0756,37.4026,37.5387,33081208.562623,0
XOM.US,D,20050906,000000,37.5038,37.8071,37.2704,37.7751,31036911.663901,0
XOM.US,D,20050907,000000,37.708,38.1689,37.5524,38.026,49943322.2667,0
XOM.US,D,20050908,000000,38.0144,38.1222,37.7401,37.9248,24260353.283343,0
XOM.US,D,20050909,000000,38.1106,39.1015,38.1038,39.1015,36565587.368721,0
XOM.US,D,20050912,000000,38.8828,39.0072,38.5725,38.6804,28488609.902064,0
XOM.US,D,20050913,000000,38.4754,38.9158,38.1865,38.273,26531440.442526,0
XOM.US,D,20050914,000000,38.3615,38.8225,38.273,38.6465,23964704.870533,0
XOM.US,D,20050915,000000,38.8983,39.0889,38.2331,38.6395,31085405.941851,0
XOM.US,D,20050916,000000,38.977,39.5256,38.9042,39.4069,49091944.914326,0
XOM.US,D,20050919,000000,39.5947,40.1762,39.5314,39.9836,33007013.684958,0
XOM.US,D,20050920,000000,39.83,40.2053,39.7229,39.9224,28334560.544396,0
XOM.US,D,20050921,000000,40.2345,40.3911,40.0731,40.1889,37308332.026952,0
XOM.US,D,20050922,000000,40.4009,40.8073,39.6413,40.1976,41878304.61741,0
XOM.US,D,20050923,000000,39.97,40.0372,39.3447,39.5198,30651874.644475,0
XOM.US,D,20050926,000000,39.4069,40.2161,39.2806,39.97,29090082.49526,0
XOM.US,D,20050927,000000,39.7921,40.0099,39.438,39.9788,27233933.441326,0
XOM.US,D,20050928,000000,39.9953,40.111,39.5003,40.0284,30234032.702561,0
XOM.US,D,20050929,000000,39.9049,40.1539,39.6637,40.0896,25921397.212432,0
XOM.US,D,20050930,000000,39.9739,39.9788,39.159,39.3078,25909271.843471,0
XOM.US,D,20051003,000000,39.3116,39.5256,38.6046,38.661,33700304.688606,0
XOM.US,D,20051004,000000,38.5725,38.5725,37.3743,37.4609,34890477.72372,0
XOM.US,D,20051005,000000,37.4609,37.7683,36.4379,36.469,44983797.51985,0
XOM.US,D,20051006,000000,36.3144,36.7248,35.8222,36.2326,51318902.804992,0
XOM.US,D,20051007,000000,36.5487,37.142,36.3747,36.8727,35256602.787079,0
XOM.US,D,20051010,000000,36.8727,36.8794,36.0645,36.187,26055559.81334,0
XOM.US,D,20051011,000000,36.4933,36.9475,36.4,36.7492,26623407.95224,0
XOM.US,D,20051012,000000,36.7375,36.9902,36.1937,36.4632,25357426.682619,0
XOM.US,D,20051013,000000,36.187,36.3893,35.4605,35.9769,35365870.952558,0
XOM.US,D,20051014,000000,35.76,36.3271,35.3496,36.2745,32711538.021637,0
XOM.US,D,20051017,000000,36.5332,36.7792,36.2872,36.4135,23172331.751687,0
XOM.US,D,20051018,000000,36.0645,36.2386,34.8322,34.8322,106502371.08227,0
XOM.US,D,20051019,000000,34.9519,35.479,34.4286,35.3652,49836640.202214,0
XOM.US,D,20051020,000000,35.2611,35.3729,33.7169,34.1826,47628916.11637,0
XOM.US,D,20051021,000000,34.1963,34.8157,34.0611,34.2536,38057066.36244,0
XOM.US,D,20051024,000000,34.2167,35.2242,34.2167,35.1727,30990843.076704,0
XOM.US,D,20051025,000000,35.232,35.5276,34.7993,35.3866,37127940.428607,0
XOM.US,D,20051026,000000,35.4177,35.8175,34.77,34.77,40232938.732805,0
XOM.US,D,20051027,000000,34.9791,35.2611,34.1963,34.3946,34182482.448009,0
XOM.US,D,20051028,000000,34.6785,35.021,33.8997,34.8372,43814947.735768,0
XOM.US,D,20051031,000000,35.2787,35.4927,34.6845,34.7341,40936252.291683,0
XOM.US,D,20051101,000000,34.7009,35.1814,34.6513,34.8945,23726117.259487,0
XOM.US,D,20051102,000000,34.9519,35.5743,34.7535,35.4994,35163332.458293,0
XOM.US,D,20051103,000000,35.7756,36.3893,35.5082,36.2326,33672662.713672,0
XOM.US,D,20051104,000000,36.2326,36.3144,35.4177,35.8222,39442837.064098,0
XOM.US,D,20051107,000000,35.76,35.7814,34.665,35.3243,35813459.739681,0
XOM.US,D,20051108,000000,35.1405,35.6239,35.1056,35.4927,26856176.578978,0
XOM.US,D,20051109,000000,35.4927,36.0839,35.1727,35.5743,40919279.654296,0
XOM.US,D,20051110,000000,35.4478,35.4478,34.5444,34.9266,43015627.619575,0
XOM.US,D,20051111,000000,34.8274,35.1123,34.7564,34.9617,20586047.724017,0
XOM.US,D,20051114,000000,35.1482,35.2573,34.7487,35.0414,23890029.790415,0
XOM.US,D,20051115,000000,34.9072,35.3934,34.807,34.912,33973643.738714,0
XOM.US,D,20051116,000000,34.8877,35.4478,34.7254,35.3729,34428501.371934,0
XOM.US,D,20051117,000000,35.5966,35.8175,35.3545,35.4994,31451679.076201,0
XOM.US,D,20051118,000000,35.9477,36.1178,35.3545,36.0353,34048972.799043,0
XOM.US,D,20051121,000000,36.1937,36.7375,36.187,36.7297,28794600.662316,0
XOM.US,D,20051122,000000,36.8424,36.9475,36.5741,36.9106,27613798.258761,0
XOM.US,D,20051123,000000,36.7997,37.2625,36.6324,37.0351,20260658.635623,0
XOM.US,D,20051125,000000,37.2373,37.2762,37.0904,37.1848,10818118.044552,0
XOM.US,D,20051128,000000,36.8424,37.0262,36.2745,36.3387,24160457.805963,0
XOM.US,D,20051129,000000,36.4982,36.7676,36.0392,36.0897,30040219.085809,0
XOM.US,D,20051130,000000,36.007,36.4214,35.8874,35.9021,34057699.733099,0
XOM.US,D,20051201,000000,36.1081,36.7492,36.1081,36.717,27307158.659652,0
XOM.US,D,20051202,000000,36.7617,36.7734,36.3017,36.5439,20912399.273854,0
XOM.US,D,20051205,000000,36.7375,37.1848,36.7083,36.8181,30790567.80641,0
XOM.US,D,20051206,000000,36.9776,37.3501,36.8424,36.931,25876137.874335,0
XOM.US,D,20051207,000000,37.0351,37.0904,36.2326,36.5118,33557569.39426,0
XOM.US,D,20051208,000000,36.6324,36.8385,36.3893,36.7617,26039714.160719,0
XOM.US,D,20051209,000000,36.6499,36.7083,35.9137,36.187,25650158.919515,0
XOM.US,D,20051212,000000,36.3815,36.5798,36.187,36.4135,21643192.340885,0
XOM.US,D,20051213,000000,36.5332,37.0175,36.4437,36.539,23979417.368761,0
XOM.US,D,20051214,000000,36.5487,37.073,36.5332,37.0301,23263822.143762,0
XOM.US,D,20051215,000000,37.0301,37.0398,36.6256,36.8055,22813810.750699,0
XOM.US,D,20051216,000000,36.8881,36.9046,35.9137,35.9205,46557061.057814,0
XOM.US,D,20051219,000000,36.0139,36.2386,35.6551,35.6978,24408258.723139,0
XOM.US,D,20051220,000000,35.6774,36.0586,35.6735,35.8408,20596388.014916,0
XOM.US,D,20051221,000000,35.9332,36.0353,35.4478,35.6366,24385457.847005,0
XOM.US,D,20051222,000000,35.7474,35.8709,35.197,35.3243,22652325.967066,0
XOM.US,D,20051223,000000,35.1056,35.5529,35.0414,35.3243,18274870.343915,0
XOM.US,D,20051227,000000,35.2611,35.2611,34.3946,34.5629,27752160.317508,0
XOM.US,D,20051228,000000,34.6785,35.0326,34.6785,34.7993,24157223.89438,0
XOM.US,D,20051229,000000,34.7993,35.1123,34.7068,34.7953,22855025.899843,0
XOM.US,D,20051230,000000,34.7068,35.0686,34.5104,34.7535,23412051.488852,0
XOM.US,D,20060103,000000,34.9072,36.1704,34.9072,36.1704,38585797.024574,0
XOM.US,D,20060104,000000,36.2531,36.4,35.9205,36.2326,30851988.476255,0
XOM.US,D,20060105,000000,36.2326,36.3893,35.8038,36.0508,27720483.408059,0
XOM.US,D,20060106,000000,36.3504,36.8473,36.3504,36.7676,28073832.207056,0
XOM.US,D,20060109,000000,36.9981,37.0351,36.6674,36.7492,28027121.978896,0
XOM.US,D,20060110,000000,36.6256,37.2159,36.5993,37.0301,28884960.984812,0
XOM.US,D,20060111,000000,36.925,37.423,36.7005,37.3238,28003837.8155,0
XOM.US,D,20060112,000000,37.4259,37.7401,36.8727,36.8989,34153870.813735,0
XOM.US,D,20060113,000000,36.8181,37.7342,36.8181,37.7187,27598763.911781,0
XOM.US,D,20060117,000000,37.9015,38.1922,37.7897,38.0687,29404312.789219,0
XOM.US,D,20060118,000000,38.1796,38.1991,37.1905,37.5387,26157069.675833,0
XOM.US,D,20060119,000000,37.5387,38.1689,37.3783,38.0483,30488294.245007,0
XOM.US,D,20060120,000000,38.237,38.3926,37.3326,37.4454,42015220.92745,0
XOM.US,D,20060123,000000,37.4454,38.13,37.1905,37.8626,31155231.697,0
XOM.US,D,20060124,000000,37.6779,38.063,37.5826,37.7138,29216972.136986,0
XOM.US,D,20060125,000000,37.9521,38.1369,36.8424,37.248,39618697.073143,0
XOM.US,D,20060126,000000,37.6078,37.7517,36.8531,37.0856,39698064.152799,0
XOM.US,D,20060127,000000,37.3384,38.063,37.3112,37.919,34603400.976077,0
XOM.US,D,20060130,000000,38.9042,39.5693,38.8488,39.0422,47587212.538607,0
XOM.US,D,20060131,000000,39.0422,39.2542,38.5424,38.8225,39223642.639843,0
XOM.US,D,20060201,000000,38.8341,39.0286,38.2983,38.3245,33252873.226913,0
XOM.US,D,20060202,000000,38.2915,38.5366,37.8704,38.3245,34596286.370595,0
XOM.US,D,20060203,000000,38.1369,38.2418,37.7575,37.9793,30435756.806374,0
XOM.US,D,20060206,000000,38.1689,38.733,38.1369,38.3352,30322125.688001,0
XOM.US,D,20060207,000000,38.0999,38.2614,37.3656,37.4609,34161629.116721,0
XOM.US,D,20060208,000000,37.1157,37.5135,36.925,37.3579,35533172.663957,0
XOM.US,D,20060209,000000,37.4609,37.9793,36.962,37.0652,36458416.875619,0
XOM.US,D,20060210,000000,37.1479,37.6953,36.2531,36.7676,42328478.477257,0
XOM.US,D,20060213,000000,36.7676,37.3326,36.5691,36.8727,27215829.706087,0
XOM.US,D,20060214,000000,36.6616,37.0535,36.3747,36.8424,33981401.01343,0
XOM.US,D,20060215,000000,37.0068,37.0856,36.5332,36.9738,34997648.216821,0
XOM.US,D,20060216,000000,37.0535,37.2704,36.8181,37.2704,32420735.848983,0
XOM.US,D,20060217,000000,37.3433,37.5387,37.248,37.4609,31033519.398618,0
XOM.US,D,20060221,000000,37.7401,37.9248,37.5203,37.5903,28531125.813738,0
XOM.US,D,20060222,000000,37.4901,37.5767,37.0904,37.2762,25369057.453338,0
XOM.US,D,20060223,000000,37.1216,37.4522,36.8931,37.0175,28299003.969318,0
XOM.US,D,20060224,000000,37.3277,37.5708,37.2304,37.3783,21302604.382188,0
XOM.US,D,20060227,000000,37.2402,37.4386,37.0535,37.0652,20285391.632539,0
XOM.US,D,20060228,000000,36.824,36.9659,36.5614,36.7297,30958839.177148,0
XOM.US,D,20060301,000000,36.8667,37.4522,36.8298,37.3277,26390325.702918,0
XOM.US,D,20060302,000000,37.142,37.7265,37.106,37.6438,31892970.733105,0
XOM.US,D,20060303,000000,37.634,38.0483,37.6185,37.7265,29453460.019112,0
XOM.US,D,20060306,000000,37.708,37.7945,37.073,37.106,26330032.01784,0
XOM.US,D,20060307,000000,37.0535,37.1283,36.7792,37.0262,30178104.026916,0
XOM.US,D,20060308,000000,36.7792,37.3743,36.5945,36.9397,35818469.474889,0
XOM.US,D,20060309,000000,37.0807,37.1216,36.4135,36.4496,35282468.938387,0
XOM.US,D,20060310,000000,36.4496,36.6324,36.151,36.613,32726564.142452,0
XOM.US,D,20060313,000000,36.925,37.0904,36.7792,36.8989,27293738.697786,0
XOM.US,D,20060314,000000,36.8424,37.6574,36.7734,37.6185,29556587.351533,0
XOM.US,D,20060315,000000,37.533,37.8626,37.3743,37.7517,29092184.280721,0
XOM.US,D,20060316,000000,37.7187,38.305,37.6438,38.13,30674022.568667,0
XOM.US,D,20060317,000000,38.2331,38.2331,37.7342,37.7683,43502494.293706,0
XOM.US,D,20060320,000000,37.5942,37.9578,37.3238,37.5252,27087481.976405,0
XOM.US,D,20060321,000000,37.5252,37.882,37.3433,37.5631,31601853.909595,0
XOM.US,D,20060322,000000,37.0535,38.0416,37.0535,37.7683,26025818.109486,0
XOM.US,D,20060323,000000,37.8071,37.9578,37.6876,37.8956,24945235.088605,0
XOM.US,D,20060324,000000,37.8333,38.1621,37.6779,37.8431,24950568.729107,0
XOM.US,D,20060327,000000,37.8071,38.0308,37.6953,37.919,18747188.01487,0
XOM.US,D,20060328,000000,38.0201,38.2846,37.6515,37.708,32262811.967041,0
XOM.US,D,20060329,000000,37.708,38.0483,37.708,37.9132,30898224.671589,0
XOM.US,D,20060330,000000,37.8956,38.1865,37.7401,37.8139,25339157.395785,0
XOM.US,D,20060331,000000,37.6779,37.849,37.6263,37.6515,30570084.958876,0
XOM.US,D,20060403,000000,37.9628,38.3411,37.6574,37.7265,26990017.331134,0
XOM.US,D,20060404,000000,37.5203,38.3615,37.384,38.1991,24047305.861772,0
XOM.US,D,20060405,000000,38.1222,38.4674,38.0756,38.4558,25521327.902569,0
XOM.US,D,20060406,000000,38.1038,38.7884,38.1038,38.4091,24907734.053495,0
XOM.US,D,20060407,000000,38.2117,38.7213,37.882,37.9433,26084978.640171,0
XOM.US,D,20060410,000000,38.2915,38.4159,38.0483,38.3187,20943275.160371,0
XOM.US,D,20060411,000000,38.4754,38.8089,38.2331,38.3556,23799829.87816,0
XOM.US,D,20060412,000000,38.3878,38.5161,37.8626,38.026,22820430.757937,0
XOM.US,D,20060413,000000,37.919,38.2175,37.7401,38.0833,18684963.23728,0
XOM.US,D,20060417,000000,38.3187,38.4714,38.1106,38.3878,18699185.250348,0
XOM.US,D,20060418,000000,38.661,39.4682,38.6318,39.3078,36074353.628615,0
XOM.US,D,20060419,000000,39.0403,39.8932,38.9334,39.7775,33819273.560565,0
XOM.US,D,20060420,000000,39.5947,40.078,39.1774,39.5411,37428274.671333,0
XOM.US,D,20060421,000000,39.7162,40.2093,39.655,40.2093,35168667.127066,0
XOM.US,D,20060424,000000,40.0664,40.1344,39.7453,39.8494,26448835.338203,0
XOM.US,D,20060425,000000,40.1227,40.1976,39.0559,39.5625,35206975.354735,0
XOM.US,D,20060426,000000,39.581,40.0896,38.984,39.0403,37523482.262255,0
XOM.US,D,20060427,000000,38.0483,39.2203,37.7401,38.6153,43918889.458641,0
XOM.US,D,20060428,000000,38.7077,39.2806,38.6804,39.0286,33383479.039216,0
XOM.US,D,20060501,000000,39.2203,39.7998,39.1716,39.231,31956010.92942,0
XOM.US,D,20060502,000000,39.4809,40.0731,39.4809,40.0099,30630701.520977,0
XOM.US,D,20060503,000000,39.97,40.0731,39.1015,39.4497,37056656.585503,0
XOM.US,D,20060504,000000,39.4497,39.8494,38.908,39.1648,37477894.905781,0
XOM.US,D,20060505,000000,39.5314,39.6248,39.1015,39.5947,22465142.640262,0
XOM.US,D,20060508,000000,39.3447,39.6481,39.0841,39.4128,26799918.856687,0
XOM.US,D,20060509,000000,39.3447,39.6957,39.2377,39.5558,22667200.932076,0
XOM.US,D,20060510,000000,39.2806,39.5625,38.977,39.5198,24789409.907311,0
XOM.US,D,20060511,000000,39.655,39.757,39.1249,39.2582,29135989.643945,0
XOM.US,D,20060512,000000,39.2582,39.2806,38.3926,38.5064,31033195.493325,0
XOM.US,D,20060515,000000,38.0551,38.6532,37.9578,38.3556,31539784.400892,0
XOM.US,D,20060516,000000,38.4238,38.7942,38.0687,38.3284,25582102.818368,0
XOM.US,D,20060517,000000,38.0201,38.1922,37.073,37.2304,42336082.539628,0
XOM.US,D,20060518,000000,37.2704,37.7401,37.0301,37.0466,30886585.674703,0
XOM.US,D,20060519,000000,37.0535,37.7634,36.8104,37.3977,43095316.547984,0
XOM.US,D,20060522,000000,37.0856,37.9939,36.8473,37.6029,36869311.820186,0
XOM.US,D,20060523,000000,37.9248,38.1796,37.2373,37.3579,31914960.303598,0
XOM.US,D,20060524,000000,37.1157,37.6779,36.5945,37.1799,39560666.612039,0
XOM.US,D,20060525,000000,37.6029,38.3128,37.4386,38.063,31686717.096535,0
XOM.US,D,20060526,000000,38.063,38.1748,37.6515,38.094,21505952.125553,0
XOM.US,D,20060530,000000,38.1689,38.2331,37.1848,37.2236,28858612.57451,0
XOM.US,D,20060531,000000,37.248,37.7751,36.9738,37.6826,41620323.819577,0
XOM.US,D,20060601,000000,37.3656,37.8333,37.1216,37.8071,28893205.659874,0
XOM.US,D,20060602,000000,38.0483,38.2614,37.4328,38.1369,28020005.316873,0
XOM.US,D,20060605,000000,38.4159,38.4754,37.1157,37.1479,33142148.001747,0
XOM.US,D,20060606,000000,37.1157,37.9306,37.0535,37.3656,38688601.479971,0
XOM.US,D,20060607,000000,37.3044,37.3384,36.3747,36.4067,45266828.021998,0
XOM.US,D,20060608,000000,36.1141,36.9358,35.7726,36.8531,54000076.687914,0
XOM.US,D,20060609,000000,37.0466,37.0535,36.187,36.3747,34093094.869665,0
XOM.US,D,20060612,000000,36.5332,36.717,35.9642,36.043,30566689.608781,0
XOM.US,D,20060613,000000,35.729,36.0645,35.0414,35.1649,44106394.634197,0
XOM.US,D,20060614,000000,35.0414,35.8797,35.0364,35.76,40162787.015821,0
XOM.US,D,20060615,000000,36.1783,36.8424,35.8572,36.5741,40251853.773684,0
XOM.US,D,20060616,000000,36.469,36.8055,35.9846,36.3747,44872902.630006,0
XOM.US,D,20060619,000000,36.3552,36.3815,35.3934,35.5082,32589977.90733,0
XOM.US,D,20060620,000000,35.6735,36.0897,35.4245,35.5082,32075628.640237,0
XOM.US,D,20060621,000000,35.479,36.4214,35.4177,35.9205,36346234.590766,0
XOM.US,D,20060622,000000,35.7104,36.0392,35.6648,35.8641,26808814.427148,0
XOM.US,D,20060623,000000,35.9711,36.4067,35.8933,35.9477,25149877.424874,0
XOM.US,D,20060626,000000,35.9477,36.5118,35.8291,36.3893,22694838.793928,0
XOM.US,D,20060627,000000,36.4826,37.0593,36.4826,36.9046,43387407.143918,0
XOM.US,D,20060628,000000,36.9981,37.8772,36.9981,37.8139,37321913.42733,0
XOM.US,D,20060629,000000,37.8772,38.6911,37.8198,38.5882,42509038.712009,0
XOM.US,D,20060630,000000,38.7603,38.7603,37.9578,37.9578,52254982.934066,0
XOM.US,D,20060703,000000,38.2331,38.6465,38.1748,38.448,15291265.57416,0
XOM.US,D,20060705,000000,38.2915,38.9274,38.1222,38.6961,31898147.04818,0
XOM.US,D,20060706,000000,38.8225,39.2806,38.767,39.2639,38218550.117802,0
XOM.US,D,20060707,000000,39.4069,39.5256,38.661,38.8633,29901205.103391,0
XOM.US,D,20060710,000000,38.977,39.3398,38.8429,39.0014,21263651.428744,0
XOM.US,D,20060711,000000,39.1015,39.7609,39.1015,39.581,29311209.040299,0
XOM.US,D,20060712,000000,39.5947,39.7609,39.1881,39.5752,28467592.047453,0
XOM.US,D,20060713,000000,39.688,40.0284,39.4001,39.6345,34742577.425278,0
XOM.US,D,20060714,000000,39.9476,40.2093,39.5752,40.1539,34729967.740781,0
XOM.US,D,20060717,000000,39.9049,40.1539,39.3272,39.5947,31872281.925142,0
XOM.US,D,20060718,000000,39.8427,40.1713,39.5625,39.9739,34015021.354642,0
XOM.US,D,20060719,000000,39.9788,40.147,39.3758,40.0031,39881690.690997,0
XOM.US,D,20060720,000000,39.8718,40.1286,39.6704,39.7531,33588767.12953,0
XOM.US,D,20060721,000000,39.9476,40.078,39.5353,39.547,44543316.140315,0
XOM.US,D,20060724,000000,39.8105,40.5398,39.7162,40.4329,36236639.43518,0
XOM.US,D,20060725,000000,40.4329,40.8337,40.1616,40.6673,30105039.218831,0
XOM.US,D,20060726,000000,40.5244,41.5572,40.5029,41.1739,50129534.905894,0
XOM.US,D,20060727,000000,41.6962,41.8528,41.1107,41.1205,47564744.822204,0
XOM.US,D,20060728,000000,40.9891,41.6339,40.9804,41.4482,33157014.74059,0
XOM.US,D,20060731,000000,41.7137,42.0356,41.2974,41.9082,32604850.815799,0
XOM.US,D,20060801,000000,41.597,42.2272,41.5796,42.1834,26164504.073527,0
XOM.US,D,20060802,000000,42.2962,42.8331,42.1435,42.3604,41050211.428433,0
XOM.US,D,20060803,000000,42.1173,42.8584,42.0949,42.2962,35358276.144625,0
XOM.US,D,20060804,000000,42.4364,42.5754,42.0356,42.4917,34670807.210096,0
XOM.US,D,20060807,000000,42.6872,43.0723,42.3604,42.8331,33972516.753946,0
XOM.US,D,20060808,000000,42.836,43.2036,42.6921,42.8525,38673250.425592,0
XOM.US,D,20060809,000000,43.1161,43.5624,42.7961,42.8661,44689438.55859,0
XOM.US,D,20060810,000000,42.6085,42.9789,42.3079,42.9167,35439577.401606,0
XOM.US,D,20060811,000000,42.9041,43.2852,42.5928,43.1384,29039490.544931,0
XOM.US,D,20060814,000000,43.0236,43.0927,42.5529,42.8418,32286249.342781,0
XOM.US,D,20060815,000000,43.2473,43.2591,42.1767,42.4917,43999385.579606,0
XOM.US,D,20060816,000000,42.2486,42.6474,41.6409,41.8033,42891317.90922,0
XOM.US,D,20060817,000000,41.5572,42.1698,41.4541,42.1203,46202093.76062,0
XOM.US,D,20060818,000000,42.3128,42.7495,41.8965,42.7495,31612035.846794,0
XOM.US,D,20060821,000000,42.872,43.3213,42.872,43.2036,36295805.107219,0
XOM.US,D,20060822,000000,43.1238,43.4575,42.9099,43.4332,37119694.725275,0
XOM.US,D,20060823,000000,43.3524,43.4448,42.7106,43.0772,28556333.871752,0
XOM.US,D,20060824,000000,43.1773,43.8182,43.0665,43.7502,33116284.935251,0
XOM.US,D,20060825,000000,43.7502,44.0613,43.5148,43.5702,30558931.305795,0
XOM.US,D,20060828,000000,43.333,43.4273,43.156,43.3641,29293427.153812,0
XOM.US,D,20060829,000000,43.1316,43.2133,42.5851,42.942,34821786.151234,0
XOM.US,D,20060830,000000,42.9537,42.9985,41.9141,42.2486,42524072.030718,0
XOM.US,D,20060831,000000,42.1027,42.2321,41.8217,41.8645,31027050.547181,0
XOM.US,D,20060901,000000,41.9764,42.3361,41.6797,42.1328,28361722.316879,0
XOM.US,D,20060905,000000,41.8722,42.4683,41.7584,42.3604,28678380.358135,0
XOM.US,D,20060906,000000,42.3692,42.3692,41.4997,41.5572,43173397.260902,0
XOM.US,D,20060907,000000,41.4482,42.0949,41.3549,41.8791,39502481.910317,0
XOM.US,D,20060908,000000,41.8791,42.0356,41.3121,41.3296,31719204.283355,0
XOM.US,D,20060911,000000,41.0554,41.0806,39.9788,40.1713,58169652.978402,0
XOM.US,D,20060912,000000,40.3649,40.4894,39.6637,40.0284,40015050.212432,0
XOM.US,D,20060913,000000,40.1043,40.6741,40.0284,40.4329,35147006.603221,0
XOM.US,D,20060914,000000,40.3396,40.5398,39.8581,40.0372,34214649.842619,0
XOM.US,D,20060915,000000,40.1539,40.3775,39.8524,39.9953,54106271.352052,0
XOM.US,D,20060918,000000,40.1539,41.1448,40.1227,41.0183,34325704.114432,0
XOM.US,D,20060919,000000,41.137,41.1915,40.29,40.5214,32009035.7684,0
XOM.US,D,20060920,000000,40.5244,40.8773,39.547,39.6637,49155957.854792,0
XOM.US,D,20060921,000000,39.7775,40.4271,39.7716,40.078,36310032.261642,0
XOM.US,D,20060922,000000,40.3852,40.4213,39.7775,40.1539,29224408.591221,0
XOM.US,D,20060925,000000,39.97,40.4894,39.5129,40.2472,47217699.323048,0
XOM.US,D,20060926,000000,40.2472,41.2119,39.9049,41.102,36132871.490068,0
XOM.US,D,20060927,000000,41.246,41.7137,40.9182,41.5319,37761418.977901,0
XOM.US,D,20060928,000000,41.5319,41.953,41.4006,41.7322,37630810.080786,0
XOM.US,D,20060929,000000,41.5572,41.8645,41.3189,41.5094,32647684.463142,0
XOM.US,D,20061002,000000,41.6272,41.9198,41.385,41.4482,30675640.038593,0
XOM.US,D,20061003,000000,41.0806,41.1448,40.3649,40.465,36823084.879291,0
XOM.US,D,20061004,000000,40.5156,41.2974,40.1159,41.2041,41410834.214882,0
XOM.US,D,20061005,000000,41.6097,41.8965,41.4122,41.6466,35150561.335286,0
XOM.US,D,20061006,000000,41.4482,41.8314,41.1448,41.7721,31412729.207569,0
XOM.US,D,20061009,000000,41.9198,42.0016,41.1448,41.1739,31145210.170041,0
XOM.US,D,20061010,000000,40.9619,41.741,40.8073,41.5727,37241573.603521,0
XOM.US,D,20061011,000000,41.3549,41.4793,40.9891,41.1612,33092851.672593,0
XOM.US,D,20061012,000000,41.3723,41.9141,41.3617,41.8528,29895066.326873,0
XOM.US,D,20061013,000000,42.1203,42.518,41.988,42.3128,33035144.08851,0
XOM.US,D,20061016,000000,42.3429,43.2347,42.3264,43.2036,31677981.936314,0
XOM.US,D,20061017,000000,43.2036,43.2085,42.6687,42.942,27709005.849684,0
XOM.US,D,20061018,000000,42.9985,43.296,42.5442,42.7922,30699884.606892,0
XOM.US,D,20061019,000000,43.2085,43.3397,42.728,43.1384,37607537.228369,0
XOM.US,D,20061020,000000,43.3087,43.3135,42.8934,43.0286,33952464.445591,0
XOM.US,D,20061023,000000,42.5928,43.2591,42.5122,43.2591,27464919.046542,0
XOM.US,D,20061024,000000,43.1054,43.4448,43.0451,43.2416,31966032.456379,0
XOM.US,D,20061025,000000,43.1316,44.1751,42.9099,43.9291,41160609.663493,0
XOM.US,D,20061026,000000,44.5437,44.746,43.7113,44.3093,42521322.434669,0
XOM.US,D,20061027,000000,44.3093,44.6225,44.1003,44.2112,31019617.17776,0
XOM.US,D,20061030,000000,44.0186,44.287,43.6189,43.8251,28451428.659163,0
XOM.US,D,20061031,000000,43.7308,44.2238,43.3087,44.1858,32747578.91225,0
XOM.US,D,20061101,000000,44.287,44.3833,43.472,43.9621,29516009.730266,0
XOM.US,D,20061102,000000,43.7424,44.1479,43.5702,44.0428,32578177.471932,0
XOM.US,D,20061103,000000,44.1975,44.783,44.1304,44.6351,40773636.410202,0
XOM.US,D,20061106,000000,44.639,45.1934,44.4767,45.1068,27751197.856065,0
XOM.US,D,20061107,000000,45.1068,45.2809,44.6526,44.8695,32326982.232935,0
XOM.US,D,20061108,000000,44.8695,45.9043,44.6847,45.8575,35946008.983745,0
XOM.US,D,20061109,000000,45.9043,46.2758,45.56,46.159,34349137.377091,0
XOM.US,D,20061110,000000,46.1211,46.2758,45.8109,46.0414,29532172.090285,0
XOM.US,D,20061113,000000,45.8411,46.3068,45.6961,46.0472,27878403.176919,0
XOM.US,D,20061114,000000,46.0472,46.1892,45.6212,46.0599,28620346.812218,0
XOM.US,D,20061115,000000,45.7768,46.3584,45.7768,46.2758,32405220.271281,0
XOM.US,D,20061116,000000,46.37,46.3817,44.9172,44.9591,36034585.256449,0
XOM.US,D,20061117,000000,44.5097,45.2672,44.39,45.2138,41470810.164291,0
XOM.US,D,20061120,000000,44.8841,45.3246,44.7285,44.8112,30674503.799389,0
XOM.US,D,20061121,000000,45.0193,45.487,44.8443,45.3995,21481545.090472,0
XOM.US,D,20061122,000000,45.1748,45.487,44.6146,45.1068,19237941.552525,0
XOM.US,D,20061124,000000,44.4767,45.0513,44.4485,44.7771,8942091.4882943,0
XOM.US,D,20061127,000000,44.7217,45.2751,44.6273,44.8326,30629246.517832,0
XOM.US,D,20061128,000000,44.9454,45.9324,44.9454,45.878,30935562.211647,0
XOM.US,D,20061129,000000,45.9684,47.292,45.8858,47.0382,40171034.775696,0
XOM.US,D,20061130,000000,47.2784,47.8649,47.0489,47.5127,44074063.744536,0
XOM.US,D,20061201,000000,47.4982,47.9435,46.8991,47.7598,34353830.404901,0
XOM.US,D,20061204,000000,47.7598,48.1303,47.3368,48.1139,31275338.864704,0
XOM.US,D,20061205,000000,48.3219,48.5738,47.9251,48.2947,32485879.887299,0
XOM.US,D,20061206,000000,48.1439,48.3802,47.1752,47.2084,49552305.852726,0
XOM.US,D,20061207,000000,47.2054,47.4534,46.5685,46.837,44760726.514778,0
XOM.US,D,20061208,000000,47.1403,47.2784,46.6676,46.7085,26014345.692466,0
XOM.US,D,20061211,000000,46.5528,46.9176,46.2913,46.622,30045071.495589,0
XOM.US,D,20061212,000000,46.587,47.2667,46.587,47.1752,30120065.339645,0
XOM.US,D,20061213,000000,47.2988,47.8901,46.9799,47.858,33112731.231458,0
XOM.US,D,20061214,000000,47.9505,48.8724,47.7889,48.7031,30213017.932761,0
XOM.US,D,20061215,000000,48.8432,48.8724,47.716,47.82,59842498.37116,0
XOM.US,D,20061218,000000,47.7948,47.7948,46.622,46.7134,36275922.463542,0
XOM.US,D,20061219,000000,46.5792,47.8288,46.338,47.6265,35777413.707713,0
XOM.US,D,20061220,000000,47.54,47.6265,46.8564,47.0664,28453206.539332,0
XOM.US,D,20061221,000000,47.0731,47.36,46.4936,46.9352,27616219.836434,0
XOM.US,D,20061222,000000,47.0188,47.1655,46.5733,46.6482,19188962.959038,0
XOM.US,D,20061226,000000,46.7134,47.1752,46.6434,47.0489,18242058.223531,0
XOM.US,D,20061227,000000,47.2054,47.6353,47.0235,47.608,17554920.392191,0
XOM.US,D,20061228,000000,47.4914,47.9056,47.4204,47.8385,17394408.35271,0
XOM.US,D,20061229,000000,47.6412,47.7821,47.1403,47.4106,20035812.835196,0
XOM.US,D,20070103,000000,47.1832,47.1879,45.4744,45.8449,49318410.241221,0
XOM.US,D,20070104,000000,45.6874,45.7156,44.6731,44.9882,50184007.550122,0
XOM.US,D,20070105,000000,44.8229,45.3947,44.6789,45.312,39757388.178539,0
XOM.US,D,20070108,000000,45.704,45.9324,44.4485,44.9454,41876691.260566,0
XOM.US,D,20070109,000000,44.4485,45.064,44.1975,44.5972,43407285.674512,0
XOM.US,D,20070110,000000,44.4231,45.2323,43.6996,43.9193,49409577.756275,0
XOM.US,D,20070111,000000,43.9193,45.0699,43.7842,43.9116,47137846.899587,0
XOM.US,D,20070112,000000,44.0545,44.9833,44.0497,44.9531,39482111.866293,0
XOM.US,D,20070116,000000,44.851,44.9454,44.0798,44.3153,40925901.718077,0
XOM.US,D,20070117,000000,44.2305,44.9249,44.18,44.8276,50546086.367987,0
XOM.US,D,20070118,000000,44.9591,45.243,44.0428,44.5155,37032416.130287,0
XOM.US,D,20070119,000000,44.851,45.5463,44.6662,45.487,38067898.166769,0
XOM.US,D,20070122,000000,45.56,45.6212,44.851,45.1,34751628.264626,0
XOM.US,D,20070123,000000,45.4987,46.3448,45.4491,46.0851,46891989.414174,0
XOM.US,D,20070124,000000,46.0928,46.3964,45.6212,46.338,28916317.07378,0
XOM.US,D,20070125,000000,46.0025,46.3652,45.383,45.4812,35191618.130732,0
XOM.US,D,20070126,000000,45.667,45.9762,45.4443,45.5386,32583348.645652,0
XOM.US,D,20070129,000000,45.56,45.8362,45.0416,45.2886,28077221.387525,0
XOM.US,D,20070130,000000,45.4375,46.1474,45.3635,46.0219,34858962.252782,0
XOM.US,D,20070131,000000,46.0219,46.2281,45.458,45.8411,39196491.150066,0
XOM.US,D,20070201,000000,46.1406,46.5685,45.6621,46.445,40680696.156335,0
XOM.US,D,20070202,000000,46.4022,46.8866,46.0599,46.7309,39278117.340612,0
XOM.US,D,20070205,000000,46.8009,46.9419,46.4323,46.8106,29368590.662546,0
XOM.US,D,20070206,000000,46.9302,46.9993,46.4206,46.6843,26220755.626194,0
XOM.US,D,20070207,000000,46.6434,46.9419,46.1085,46.2709,29302479.021431,0
XOM.US,D,20070208,000000,45.9519,46.7902,45.9277,46.6843,30293997.34099,0
XOM.US,D,20070209,000000,46.6843,46.8495,46.3448,46.5324,28666088.409308,0
XOM.US,D,20070212,000000,46.3584,46.4392,45.984,46.1523,26732033.448488,0
XOM.US,D,20070213,000000,46.2758,46.7085,46.1474,46.6763,25603643.034532,0
XOM.US,D,20070214,000000,46.9585,47.0188,46.3964,46.7688,28528149.99812,0
XOM.US,D,20070215,000000,46.5131,46.7017,46.2281,46.6093,28888677.155387,0
XOM.US,D,20070216,000000,46.5578,46.7367,46.4022,46.5733,29627870.166367,0
XOM.US,D,20070220,000000,46.338,46.4274,45.9596,46.3214,25604576.704395,0
XOM.US,D,20070221,000000,46.2281,46.5626,45.9324,46.2622,28911950.007804,0
XOM.US,D,20070222,000000,46.1659,46.5266,45.9043,46.445,27746507.913066,0
XOM.US,D,20070223,000000,46.5733,46.7367,46.4206,46.5324,28591251.89068,0
XOM.US,D,20070226,000000,46.7172,47.0761,46.5578,46.6434,28778164.78227,0
XOM.US,D,20070227,000000,46.3321,46.5393,44.1606,44.4348,55550073.543086,0
XOM.US,D,20070228,000000,44.6847,45.5337,44.0381,44.3424,90072164.007745,0
XOM.US,D,20070301,000000,43.865,44.5923,43.333,43.9193,63750812.651775,0
XOM.US,D,20070302,000000,43.8931,44.0798,42.8787,43.3087,44378437.034859,0
XOM.US,D,20070305,000000,42.9041,43.8251,42.6989,43.2902,53311592.850132,0
XOM.US,D,20070306,000000,43.7365,43.9369,43.4273,43.9252,43039712.805904,0
XOM.US,D,20070307,000000,43.9252,45.0756,43.651,44.322,51021155.691532,0
XOM.US,D,20070308,000000,44.6351,44.6526,44.0497,44.4485,44286297.803924,0
XOM.US,D,20070309,000000,44.5097,44.7771,43.865,43.9992,46340303.635292,0
XOM.US,D,20070312,000000,43.7988,44.1751,43.7365,43.8445,32572353.346272,0
XOM.US,D,20070313,000000,43.5342,44.2724,43.1384,43.2522,44253005.481091,0
XOM.US,D,20070314,000000,43.3641,43.9369,43.0859,43.9369,48580025.45107,0
XOM.US,D,20070315,000000,43.7424,44.076,43.5489,43.7308,38050601.624086,0
XOM.US,D,20070316,000000,43.7842,43.8445,43.0111,43.2202,75611875.922083,0
XOM.US,D,20070319,000000,43.3776,44.0381,43.3718,43.9865,37477016.76254,0
XOM.US,D,20070320,000000,43.9992,44.5437,43.9369,44.5437,38282674.11151,0
XOM.US,D,20070321,000000,44.816,45.3635,44.4601,45.3091,46553902.209998,0
XOM.US,D,20070322,000000,45.487,46.3526,45.4491,46.0025,44069887.936924,0
XOM.US,D,20070323,000000,46.1892,46.6521,46.1834,46.4129,42638343.761783,0
XOM.US,D,20070326,000000,46.6676,46.8223,46.0978,46.689,44529754.277082,0
XOM.US,D,20070327,000000,46.6259,46.9993,46.4022,46.837,35220550.585487,0
XOM.US,D,20070328,000000,47.1179,47.1752,46.5266,46.7426,39958240.308734,0
XOM.US,D,20070329,000000,46.9108,47.1996,46.7474,47.1655,35069014.321589,0
XOM.US,D,20070330,000000,47.1655,47.2337,46.3652,46.6763,38827017.008799,0
XOM.US,D,20070402,000000,46.6161,47.2667,46.5685,47.1179,34631474.824737,0
XOM.US,D,20070403,000000,47.0761,47.6159,46.7902,47.5099,36172086.652558,0
XOM.US,D,20070404,000000,47.3854,47.7704,47.0382,47.7015,33740290.025907,0
XOM.US,D,20070405,000000,47.6965,47.8288,47.5614,47.7704,32705368.396997,0
XOM.US,D,20070409,000000,47.4914,48.0827,47.4399,47.5099,28559383.722866,0
XOM.US,D,20070410,000000,47.5099,48.1644,47.4798,47.9874,30223138.173715,0
XOM.US,D,20070411,000000,48.0048,48.0516,47.4399,47.4914,40462518.691874,0
XOM.US,D,20070412,000000,47.6159,47.9407,47.3037,47.8755,39211274.598978,0
XOM.US,D,20070413,000000,47.9435,48.0516,47.6849,47.8901,30785952.927179,0
XOM.US,D,20070416,000000,48.034,48.3919,47.6586,48.3628,33166659.920447,0
XOM.US,D,20070417,000000,48.424,48.709,48.2247,48.498,36810400.131028,0
XOM.US,D,20070418,000000,48.3628,48.498,48.1069,48.3802,28172406.35649,0
XOM.US,D,20070419,000000,48.213,48.2626,47.7258,47.9183,30858539.589354,0
XOM.US,D,20070420,000000,48.4911,49.3694,48.2568,49.345,66447884.629129,0
XOM.US,D,20070423,000000,49.1846,49.4821,48.9356,48.9969,37980298.7513,0
XOM.US,D,20070424,000000,48.8724,49.0892,48.5592,48.6244,40191611.502145,0
XOM.US,D,20070425,000000,48.7732,49.6124,48.7246,49.4442,45463262.700952,0
XOM.US,D,20070426,000000,49.5123,50.0237,49.2273,49.8312,41945895.940168,0
XOM.US,D,20070427,000000,49.6387,49.9566,49.418,49.7116,26610731.430143,0
XOM.US,D,20070430,000000,49.6757,50.0384,49.1106,49.1106,35157346.89412,0
XOM.US,D,20070501,000000,49.1846,49.4889,48.9034,49.2828,39284318.841648,0
XOM.US,D,20070502,000000,49.3898,49.6066,49.1029,49.3829,28452956.669533,0
XOM.US,D,20070503,000000,49.3898,50.0627,49.3694,49.9109,28958621.161674,0
XOM.US,D,20070504,000000,50.1123,50.583,49.627,49.8312,32149379.304927,0
XOM.US,D,20070507,000000,49.7991,50.193,49.627,50.0044,33774855.34796,0
XOM.US,D,20070508,000000,49.8429,50.3661,49.6484,50.3477,29026503.485061,0
XOM.US,D,20070509,000000,50.2289,50.3904,49.7378,50.3729,31856876.372412,0
XOM.US,D,20070510,000000,50.1473,50.1473,49.0658,49.1164,33546857.897612,0
XOM.US,D,20070511,000000,49.3022,50.2533,49.2613,50.2533,30447644.644787,0
XOM.US,D,20070514,000000,50.2407,50.4954,49.944,50.2669,28557733.348274,0
XOM.US,D,20070515,000000,50.1191,50.5907,50.0773,50.193,27753374.705292,0
XOM.US,D,20070516,000000,50.0092,50.4167,49.6824,50.3904,26487001.664504,0
XOM.US,D,20070517,000000,50.2669,51.0012,50.1191,50.6024,31761369.554695,0
XOM.US,D,20070518,000000,50.8154,51.5546,50.7785,51.5117,40271719.96503,0
XOM.US,D,20070521,000000,51.6109,52.1633,51.535,51.7091,40431827.894095,0
XOM.US,D,20070522,000000,51.5972,52.0535,51.1821,51.2064,30850664.0635,0
XOM.US,D,20070523,000000,51.4232,51.7306,51.1558,51.3435,32130964.003643,0
XOM.US,D,20070524,000000,51.4612,51.8667,50.6578,50.901,35523199.465723,0
XOM.US,D,20070525,000000,51.1362,51.7656,51.1362,51.6625,28837492.921091,0
XOM.US,D,20070529,000000,51.5166,51.5283,50.6705,51.112,31112815.527591,0
XOM.US,D,20070530,000000,50.8378,52.0282,50.7026,51.9649,42774672.92921,0
XOM.US,D,20070531,000000,51.9036,52.1205,51.4232,51.4533,34109313.784576,0
XOM.US,D,20070601,000000,51.6917,52.1147,51.6343,52.1031,32907521.289722,0
XOM.US,D,20070604,000000,51.9417,52.2392,51.8414,52.1031,26633932.303607,0
XOM.US,D,20070605,000000,51.9337,52.3364,51.7481,52.1283,34282876.636714,0
XOM.US,D,20070606,000000,52.0709,52.1847,51.3795,51.7306,34512247.856815,0
XOM.US,D,20070607,000000,51.5972,52.2586,50.583,50.7026,47251583.92985,0
XOM.US,D,20070608,000000,50.583,51.1714,50.2533,51.1489,37819645.838725,0
XOM.US,D,20070611,000000,51.1489,51.8725,50.9369,51.3853,26893855.504933,0
XOM.US,D,20070612,000000,51.2064,51.5409,50.6968,50.7259,35220468.323825,0
XOM.US,D,20070613,000000,50.9252,51.6567,50.8855,51.5691,43869721.663333,0
XOM.US,D,20070614,000000,51.6216,52.5678,51.6216,52.4453,31671096.635214,0
XOM.US,D,20070615,000000,52.6311,53.4849,52.6135,53.1679,48703526.940598,0
XOM.US,D,20070618,000000,53.2602,53.5666,53.1173,53.4266,28687992.633326,0
XOM.US,D,20070619,000000,53.3225,53.4723,53.0231,53.1027,31569424.305938,0
XOM.US,D,20070620,000000,53.129,53.1679,51.2064,51.2365,45108587.432657,0
XOM.US,D,20070621,000000,51.575,52.389,51.4232,52.1497,51741923.11852,0
XOM.US,D,20070622,000000,52.0894,52.0894,50.795,51.0517,63343703.800196,0
XOM.US,D,20070625,000000,50.9768,51.8162,50.795,50.9574,41621225.613045,0
XOM.US,D,20070626,000000,51.1266,51.4048,50.4585,50.6151,43522594.930786,0
XOM.US,D,20070627,000000,50.3097,51.6664,50.017,51.6411,41760920.310715,0
XOM.US,D,20070628,000000,51.8472,52.209,51.4612,51.714,32258546.699871,0
XOM.US,D,20070629,000000,52.0602,52.5815,51.3853,51.8901,39965785.759671,0
XOM.US,D,20070702,000000,52.2762,52.5883,52.0398,52.4755,32499954.857648,0
XOM.US,D,20070703,000000,52.5883,52.986,52.3646,52.8051,15266917.150512,0
XOM.US,D,20070705,000000,52.8255,53.1241,52.0602,52.6816,29045896.67185,0
XOM.US,D,20070706,000000,52.9753,53.7884,52.812,53.4908,37167912.398388,0
XOM.US,D,20070709,000000,53.5336,54.3748,53.3605,54.0927,31009085.628498,0
XOM.US,D,20070710,000000,53.7884,54.4254,53.4032,53.5142,42011774.163817,0
XOM.US,D,20070711,000000,53.4538,54.0567,53.1407,53.9994,32756785.020485,0
XOM.US,D,20070712,000000,54.2551,55.5126,53.9994,55.4455,40014139.164527,0
XOM.US,D,20070713,000000,55.4903,56.1739,55.2996,55.8773,37047627.339839,0
XOM.US,D,20070716,000000,55.2636,55.8112,54.8892,55.4903,36217078.640254,0
XOM.US,D,20070717,000000,55.7859,56.0232,55.0653,55.1129,37954234.143731,0
XOM.US,D,20070718,000000,54.9456,56.5435,54.9038,56.3918,49638008.108619,0
XOM.US,D,20070719,000000,56.63,57.3749,56.4219,57.091,40319606.534954,0
XOM.US,D,20070720,000000,56.9179,57.5909,56.4638,56.876,49614268.42127,0
XOM.US,D,20070723,000000,56.8683,57.9148,56.4822,57.8087,39379249.827732,0
XOM.US,D,20070724,000000,57.2359,57.4645,56.1963,56.1963,51473530.050834,0
XOM.US,D,20070725,000000,56.4462,57.6492,55.2763,57.4061,50852215.944793,0
XOM.US,D,20070726,000000,55.9289,56.2955,53.5336,54.5849,73344547.092577,0
XOM.US,D,20070727,000000,54.3855,54.7483,52.8868,52.9482,66360975.183347,0
XOM.US,D,20070730,000000,53.2049,53.4995,52.139,53.2096,57009917.786457,0
XOM.US,D,20070731,000000,53.6833,54.0188,52.5377,52.6622,54774600.054402,0
XOM.US,D,20070801,000000,52.5815,54.0051,51.7217,53.1027,62708595.441727,0
XOM.US,D,20070802,000000,53.0482,53.2282,51.6625,52.6923,59885693.969815,0
XOM.US,D,20070803,000000,52.352,53.129,50.44,50.7785,58480934.191783,0
XOM.US,D,20070806,000000,50.6968,51.8414,49.7505,51.68,65557486.457439,0
XOM.US,D,20070807,000000,51.4427,53.4995,51.0517,53.0152,58066397.112135,0
XOM.US,D,20070808,000000,53.0231,54.3796,52.7974,54.3796,58989143.654088,0
XOM.US,D,20070809,000000,53.0113,53.694,51.714,51.714,57749698.96832,0
XOM.US,D,20070810,000000,51.0449,52.6768,50.7901,52.2839,52781797.927747,0
XOM.US,D,20070813,000000,52.7284,52.7284,51.0449,51.3006,40972459.762162,0
XOM.US,D,20070814,000000,51.5623,51.9036,50.7211,51.5059,48314639.047124,0
XOM.US,D,20070815,000000,51.5166,52.2158,50.335,50.5412,44644154.541994,0
XOM.US,D,20070816,000000,50.017,50.6832,48.7246,49.9042,79606281.144943,0
XOM.US,D,20070817,000000,50.9078,52.4512,50.7152,52.0535,56813679.50722,0
XOM.US,D,20070820,000000,51.8725,52.5748,51.2248,52.2966,38035678.33035,0
XOM.US,D,20070821,000000,52.2762,52.3812,51.0449,51.4427,37949341.631391,0
XOM.US,D,20070822,000000,51.7977,52.1147,51.3688,51.7023,36138202.045758,0
XOM.US,D,20070823,000000,51.995,52.3131,51.3795,51.8102,39075738.228316,0
XOM.US,D,20070824,000000,51.8102,53.1105,51.8025,53.0113,33990289.385997,0
XOM.US,D,20070827,000000,52.6554,52.9482,52.4114,52.6622,26265031.937432,0
XOM.US,D,20070828,000000,52.4998,52.4998,51.3512,51.3512,41795385.890502,0
XOM.US,D,20070829,000000,51.6488,52.9549,51.4874,52.7215,38117200.665549,0
XOM.US,D,20070830,000000,52.5436,53.3605,52.1906,52.8305,35765128.956783,0
XOM.US,D,20070831,000000,53.5414,53.8136,52.8363,53.0375,35421154.902428,0
XOM.US,D,20070904,000000,52.775,54.292,52.775,53.9635,32846810.12671,0
XOM.US,D,20070905,000000,53.7631,54.0646,53.379,53.9585,34518535.732595,0
XOM.US,D,20070906,000000,54.2367,54.5742,53.833,54.1259,27582162.480143,0
XOM.US,D,20070907,000000,53.6502,53.908,52.7118,53.0482,38503066.471217,0
XOM.US,D,20070910,000000,52.9958,53.3536,51.8901,52.4998,44651131.359192,0
XOM.US,D,20070911,000000,52.7001,53.9635,52.3199,53.7815,42703496.026265,0
XOM.US,D,20070912,000000,53.6833,54.6714,53.658,54.2241,40627672.345625,0
XOM.US,D,20070913,000000,54.3486,55.1518,54.262,54.8231,35578110.153301,0
XOM.US,D,20070914,000000,54.507,55.4815,54.3622,54.8523,38282604.189097,0
XOM.US,D,20070917,000000,54.7483,55.5203,54.6276,55.2209,30671590.708287,0
XOM.US,D,20070918,000000,55.4455,56.8683,55.1567,56.7701,42687840.603738,0
XOM.US,D,20070919,000000,57.0978,57.5957,56.8401,56.9888,43827334.285507,0
XOM.US,D,20070920,000000,57.1746,57.303,56.8197,56.9684,30063497.079581,0
XOM.US,D,20070921,000000,57.4548,57.7833,56.9684,57.1056,55504312.40885,0
XOM.US,D,20070924,000000,56.9616,57.2359,56.4822,56.7545,36122610.376018,0
XOM.US,D,20070925,000000,56.0971,56.8897,55.8054,56.8897,41791813.677835,0
XOM.US,D,20070926,000000,57.1795,57.3818,56.6144,57.1445,37737980.573889,0
XOM.US,D,20070927,000000,57.4742,57.7212,56.7176,57.516,28103206.818243,0
XOM.US,D,20070928,000000,57.6152,57.94,56.9995,57.2602,31535558.208012,0
XOM.US,D,20071001,000000,57.1911,58.1472,57.0424,58.1189,31187717.855549,0
XOM.US,D,20071002,000000,57.7318,57.7833,56.4822,57.0647,34593055.543826,0
XOM.US,D,20071003,000000,56.6912,56.7176,56.1204,56.5056,29281120.809194,0
XOM.US,D,20071004,000000,56.5094,56.7019,55.8773,56.2479,46630289.360952,0
XOM.US,D,20071005,000000,56.4219,56.7019,56.0748,56.5221,30696977.685414,0
XOM.US,D,20071008,000000,56.0474,56.1856,55.7791,56.0971,20740383.969231,0
XOM.US,D,20071009,000000,56.2897,57.3983,56.2897,57.3293,28505166.089788,0
XOM.US,D,20071010,000000,56.7234,57.9527,56.6369,57.6152,29639602.735892,0
XOM.US,D,20071011,000000,57.9031,58.8191,56.8401,57.3243,33750287.902638,0
XOM.US,D,20071012,000000,57.5957,58.0509,57.4158,57.8359,24485374.918072,0
XOM.US,D,20071015,000000,58.2443,58.8658,58.2443,58.6616,41292427.807037,0
XOM.US,D,20071016,000000,58.6616,58.9086,58.4369,58.61,35404313.883699,0
XOM.US,D,20071017,000000,58.8241,58.9359,57.7397,58.65,42920676.068076,0
XOM.US,D,20071018,000000,58.8318,58.9135,58.2443,58.8055,33119035.55957,0
XOM.US,D,20071019,000000,58.5878,58.6178,56.912,56.9995,55682967.257859,0
XOM.US,D,20071022,000000,56.4034,56.7176,55.4776,56.2429,40684229.294712,0
XOM.US,D,20071023,000000,56.5891,57.1609,55.6799,56.5153,38972474.135883,0
XOM.US,D,20071024,000000,56.2148,57.123,55.9853,56.9938,39283617.56098,0
XOM.US,D,20071025,000000,57.2194,57.2194,56.0591,56.6513,44303449.360428,0
XOM.US,D,20071026,000000,57.3749,57.478,56.6086,57.0424,33910273.467482,0
XOM.US,D,20071029,000000,57.1377,58.3212,57.091,57.9088,29492421.198721,0
XOM.US,D,20071030,000000,57.4829,57.6531,56.1467,56.383,33157686.201406,0
XOM.US,D,20071031,000000,56.5843,57.0239,55.9853,56.9072,51908897.839813,0
XOM.US,D,20071101,000000,55.5739,56.2644,54.4439,54.7483,57511686.160638,0
XOM.US,D,20071102,000000,54.8649,55.182,53.7212,54.3972,46917644.769975,0
XOM.US,D,20071105,000000,53.833,54.6121,53.52,54.2308,40085614.265996,0
XOM.US,D,20071106,000000,54.292,55.9853,54.292,55.9124,41141318.275511,0
XOM.US,D,20071107,000000,55.5438,55.744,53.9168,53.9449,44248935.585368,0
XOM.US,D,20071108,000000,54.4487,55.7052,54.1997,55.3201,52867936.170447,0
XOM.US,D,20071109,000000,55.0206,55.0516,53.5277,53.7271,44562171.541489,0
XOM.US,D,20071112,000000,53.3536,53.4538,51.8025,52.2995,46751841.249094,0
XOM.US,D,20071113,000000,52.1847,53.8185,51.5798,53.7465,41460015.37771,0
XOM.US,D,20071114,000000,54.1064,54.8358,53.0435,53.3964,34437181.005534,0
XOM.US,D,20071115,000000,53.0152,53.621,51.8725,52.2712,36866728.804003,0
XOM.US,D,20071116,000000,52.6816,53.3653,52.2762,52.6476,49032157.138468,0
XOM.US,D,20071119,000000,52.3578,52.8499,51.9649,52.0349,33614417.343975,0
XOM.US,D,20071120,000000,52.5748,54.8834,52.5678,54.331,50288595.027042,0
XOM.US,D,20071121,000000,54.4185,54.8231,53.658,53.8437,36893299.320792,0
XOM.US,D,20071123,000000,53.8516,54.7094,53.7631,54.6218,14338844.165952,0
XOM.US,D,20071126,000000,54.5167,54.9234,52.8741,53.0045,37095985.886049,0
XOM.US,D,20071127,000000,52.7215,53.5666,51.9649,53.4392,45165781.909623,0
XOM.US,D,20071128,000000,53.7465,54.6121,53.2096,54.3913,47674598.073754,0
XOM.US,D,20071129,000000,54.1316,55.3434,54.1316,54.8026,36273274.666299,0
XOM.US,D,20071130,000000,54.7609,55.3492,54.3262,55.1567,45572109.275415,0
XOM.US,D,20071203,000000,55.0399,55.1693,54.5274,54.965,35957110.195016,0
XOM.US,D,20071204,000000,54.5527,54.9535,54.262,54.5167,27182587.768521,0
XOM.US,D,20071205,000000,54.9107,56.0164,54.9107,55.6313,38717661.440303,0
XOM.US,D,20071206,000000,55.6108,56.7126,55.3764,56.5727,34150283.177006,0
XOM.US,D,20071207,000000,56.4511,56.912,56.1467,56.6086,27231219.834755,0
XOM.US,D,20071210,000000,56.7652,57.2602,56.6583,56.9335,25182231.964763,0
XOM.US,D,20071211,000000,57.1377,57.5034,55.6799,55.8471,32362573.769218,0
XOM.US,D,20071212,000000,56.7768,57.5909,56.2148,56.8624,41551479.034746,0
XOM.US,D,20071213,000000,56.4755,57.4421,56.208,57.3623,31414201.691318,0
XOM.US,D,20071214,000000,57.0112,57.4693,56.4073,56.4073,33144660.067247,0
XOM.US,D,20071217,000000,56.0815,56.2362,55.3075,55.6108,36600899.215355,0
XOM.US,D,20071218,000000,56.1204,56.63,55.0828,56.5561,36459331.008337,0
XOM.US,D,20071219,000000,56.3363,56.912,55.9483,56.5649,31634137.498801,0
XOM.US,D,20071220,000000,56.6213,57.0491,56.2536,56.9938,24422858.111582,0
XOM.US,D,20071221,000000,57.3749,58.1189,57.1123,57.802,55689464.900877,0
XOM.US,D,20071224,000000,57.8544,58.151,57.7397,57.94,10241810.321997,0
XOM.US,D,20071226,000000,57.9527,58.7734,57.9264,58.6548,24721711.644393,0
XOM.US,D,20071227,000000,58.6548,58.7599,57.9449,57.9449,23220981.298524,0
XOM.US,D,20071228,000000,58.1811,58.8338,57.8593,58.7734,28007702.057067,0
XOM.US,D,20071231,000000,58.5303,58.7501,57.8544,57.9594,22071785.882007,0
XOM.US,D,20080102,000000,58.2443,58.4943,57.3983,57.8544,37746706.479673,0
XOM.US,D,20080103,000000,58.0645,58.61,57.8544,58.047,30971720.325128,0
XOM.US,D,20080104,000000,57.6842,58.3738,56.8401,56.9616,39975296.236055,0
XOM.US,D,20080107,000000,57.2232,57.6297,55.8306,56.4355,46775023.613683,0
XOM.US,D,20080108,000000,56.8342,56.9452,55.4815,55.7119,35180672.188347,0
XOM.US,D,20080109,000000,55.7518,56.7545,55.3726,56.6456,42336449.632294,0
XOM.US,D,20080110,000000,56.1399,57.0112,55.7236,56.7069,44104631.149821,0
XOM.US,D,20080111,000000,56.3032,56.8342,55.6799,55.8608,36736928.127717,0
XOM.US,D,20080114,000000,56.1963,56.4511,55.7305,56.1886,33016764.776703,0
XOM.US,D,20080115,000000,55.6108,55.6108,54.7483,55.0711,42811012.018348,0
XOM.US,D,20080116,000000,54.721,55.2763,53.1456,53.5336,58135448.579391,0
XOM.US,D,20080117,000000,54.1122,54.3855,51.6488,51.9075,55114513.467472,0
XOM.US,D,20080118,000000,51.9649,53.4947,51.2248,52.6379,70848514.390703,0
XOM.US,D,20080122,000000,49.4948,51.9542,49.1846,51.008,80196716.279656,0
XOM.US,D,20080123,000000,49.5006,51.6488,47.9767,51.6216,76614229.130784,0
XOM.US,D,20080124,000000,52.1458,53.2418,51.3688,53.2049,50401315.097508,0
XOM.US,D,20080125,000000,53.6415,53.8136,51.714,51.927,45149546.542379,0
XOM.US,D,20080128,000000,51.6567,52.7925,51.0634,52.6622,38217476.603113,0
XOM.US,D,20080129,000000,52.7177,53.4266,52.244,52.6379,36350978.003845,0
XOM.US,D,20080130,000000,52.2995,54.1122,52.1847,52.7575,39007369.532855,0
XOM.US,D,20080131,000000,52.1031,53.4538,51.4125,53.4538,53268943.263257,0
XOM.US,D,20080201,000000,54.2551,54.3543,52.493,53.1727,45971428.975885,0
XOM.US,D,20080204,000000,53.2282,53.3857,52.493,52.8537,30430896.170427,0
XOM.US,D,20080205,000000,52.0349,52.1031,50.7901,50.795,49410468.238765,0
XOM.US,D,20080206,000000,51.1558,51.3912,50.1659,50.3836,47187704.664585,0
XOM.US,D,20080207,000000,50.0918,51.0449,49.7116,50.6578,43009664.67736,0
XOM.US,D,20080208,000000,50.7259,50.9768,50.0841,50.551,39079556.197699,0
XOM.US,D,20080211,000000,50.6346,51.535,50.1356,51.4874,36687991.693333,0
XOM.US,D,20080212,000000,51.714,52.6379,51.535,52.2022,40628520.669014,0
XOM.US,D,20080213,000000,52.4064,53.0152,52.2762,52.8868,34828550.116383,0
XOM.US,D,20080214,000000,52.986,53.6415,52.7798,52.9219,34229518.638004,0
XOM.US,D,20080215,000000,52.7001,52.9549,52.209,52.812,38692377.290252,0
XOM.US,D,20080219,000000,53.5277,54.4254,53.5277,53.8263,36531832.324037,0
XOM.US,D,20080220,000000,53.3964,54.8086,53.3108,54.507,39964142.582975,0
XOM.US,D,20080221,000000,54.262,54.4439,53.3147,53.7689,48666191.45708,0
XOM.US,D,20080222,000000,54.1064,54.3107,53.2214,53.9235,37964796.541118,0
XOM.US,D,20080225,000000,53.9235,55.289,53.8622,55.1401,38593659.182908,0
XOM.US,D,20080226,000000,54.9038,55.6799,54.6938,55.6108,34476971.999658,0
XOM.US,D,20080227,000000,55.3075,55.7859,55.1353,55.2996,32850766.912647,0
XOM.US,D,20080228,000000,55.1353,55.6799,54.965,55.2948,40404330.905339,0
XOM.US,D,20080229,000000,54.9164,55.2384,53.3605,53.8263,42900256.667054,0
XOM.US,D,20080303,000000,53.7135,54.6977,53.5666,54.2873,37488693.805445,0
XOM.US,D,20080304,000000,54.1122,54.438,52.8936,53.6347,49093106.860301,0
XOM.US,D,20080305,000000,53.7018,54.2075,53.235,53.9381,49801435.295741,0
XOM.US,D,20080306,000000,53.7757,53.8622,52.2392,52.2839,46809985.848255,0
XOM.US,D,20080307,000000,51.9075,52.0009,50.7084,51.0313,49703811.2685,0
XOM.US,D,20080310,000000,51.1947,51.6567,50.7259,51.0128,52425278.969955,0
XOM.US,D,20080311,000000,51.9417,53.6289,51.6868,53.6289,56313467.934991,0
XOM.US,D,20080312,000000,53.5813,53.9635,53.0045,53.1854,43025988.47589,0
XOM.US,D,20080313,000000,52.7858,54.1316,52.5261,53.8516,47440298.351836,0
XOM.US,D,20080314,000000,54.2823,54.3543,52.455,53.1456,57773026.319088,0
XOM.US,D,20080317,000000,51.8901,53.6706,51.68,53.0736,63087203.712276,0
XOM.US,D,20080318,000000,53.5813,54.7346,53.2778,54.7346,53882117.577856,0
XOM.US,D,20080319,000000,54.3262,54.7483,52.1847,52.2313,56693990.845721,0
XOM.US,D,20080320,000000,52.0758,52.8363,51.1947,52.5883,72678067.221078,0
XOM.US,D,20080324,000000,52.6876,53.7884,52.6135,53.1727,36109650.051188,0
XOM.US,D,20080325,000000,53.3653,53.4392,52.1721,52.707,43773244.158005,0
XOM.US,D,20080326,000000,52.7215,53.8185,52.5329,53.3653,37217311.554621,0
XOM.US,D,20080327,000000,53.7135,54.1316,53.2486,53.3294,35173988.428319,0
XOM.US,D,20080328,000000,53.235,53.87,52.5883,52.7177,35032179.605939,0
XOM.US,D,20080331,000000,53.0113,53.4392,52.3267,52.3267,59552494.136625,0
XOM.US,D,20080401,000000,52.4629,53.8437,52.1283,53.833,38724941.597379,0
XOM.US,D,20080402,000000,53.7271,55.1353,53.6347,54.7609,37556483.584462,0
XOM.US,D,20080403,000000,54.4439,55.2948,54.3796,54.5849,32464057.924944,0
XOM.US,D,20080404,000000,54.7414,55.3726,54.6345,54.897,30078305.20699,0
XOM.US,D,20080407,000000,55.2579,55.6488,54.8649,55.0069,31658426.282743,0
XOM.US,D,20080408,000000,54.8892,55.5203,54.5849,55.4367,25589518.707186,0
XOM.US,D,20080409,000000,55.5059,55.7732,55.1275,55.4903,35433453.020879,0
XOM.US,D,20080410,000000,55.3871,55.676,54.8455,55.3998,35196997.015148,0
XOM.US,D,20080411,000000,54.9972,55.5253,54.7483,54.8231,27819200.487131,0
XOM.US,D,20080414,000000,54.897,55.6692,54.7677,55.4903,31399377.111575,0
XOM.US,D,20080415,000000,55.7169,56.2284,55.463,56.1739,31513373.266072,0
XOM.US,D,20080416,000000,56.2362,57.5354,56.1467,57.4693,43433867.502279,0
XOM.US,D,20080417,000000,57.2135,58.0187,57.0374,57.7736,36995862.132558,0
XOM.US,D,20080418,000000,57.7611,58.4291,57.4907,58.151,41882787.877982,0
XOM.US,D,20080421,000000,58.151,58.4448,57.7736,58.3125,27890114.152758,0
XOM.US,D,20080422,000000,58.2143,58.7307,58.0333,58.3942,33490553.903135,0
XOM.US,D,20080423,000000,58.2143,58.4496,57.2232,58.2882,38705076.434305,0
XOM.US,D,20080424,000000,57.7883,57.94,56.9995,57.2864,38046143.042013,0
XOM.US,D,20080425,000000,57.6648,57.7833,56.7379,57.1999,37775296.52026,0
XOM.US,D,20080428,000000,57.267,57.9711,57.1123,57.1911,27978899.16443,0
XOM.US,D,20080429,000000,57.1746,57.9264,56.7866,56.7866,47596347.696158,0
XOM.US,D,20080430,000000,57.0696,58.469,56.7866,56.7866,47876006.49844,0
XOM.US,D,20080501,000000,55.744,55.9416,54.6276,55.4903,70598067.732827,0
XOM.US,D,20080502,000000,55.7119,56.0095,55.1275,55.4367,43878234.717068,0
XOM.US,D,20080505,000000,55.4903,56.0164,55.2209,55.3764,34387757.170803,0
XOM.US,D,20080506,000000,55.2297,55.9172,55.0575,55.7236,45357351.839547,0
XOM.US,D,20080507,000000,55.7236,55.7859,55.2024,55.4455,23912752.517969,0
XOM.US,D,20080508,000000,55.0575,55.6488,54.7609,55.289,39330940.63852,0
XOM.US,D,20080509,000000,55.289,55.4241,54.4254,54.9456,38882727.691038,0
XOM.US,D,20080512,000000,54.7094,55.3492,54.1949,55.1012,37263731.810421,0
XOM.US,D,20080513,000000,54.9767,55.6488,54.7677,55.4815,34211656.546396,0
XOM.US,D,20080514,000000,55.5866,56.2897,55.4241,55.6245,39083411.184828,0
XOM.US,D,20080515,000000,55.8773,56.4822,55.6546,56.4822,45894250.056434,0
XOM.US,D,20080516,000000,56.8274,57.5034,56.6767,57.3293,48201355.484274,0
XOM.US,D,20080519,000000,57.478,58.5177,57.2232,58.3738,40738659.779838,0
XOM.US,D,20080520,000000,58.4448,58.6966,58.1073,58.5002,43483742.747879,0
XOM.US,D,20080521,000000,58.5449,59.4639,57.8204,57.9449,69861251.055604,0
XOM.US,D,20080522,000000,58.0023,58.3309,57.1669,57.2281,51793578.30083,0
XOM.US,D,20080523,000000,57.3098,57.5081,56.0864,56.1137,40973942.528618,0
XOM.US,D,20080527,000000,55.7052,55.7665,55.0779,55.5573,41842581.462466,0
XOM.US,D,20080528,000000,55.1401,56.0368,54.9826,55.9416,36084691.862972,0
XOM.US,D,20080529,000000,55.6011,56.0038,55.216,55.2763,39853652.831816,0
XOM.US,D,20080530,000000,55.4173,55.5924,54.7025,54.9107,43846265.778718,0
XOM.US,D,20080602,000000,54.5013,54.8775,54.0791,54.3262,41960076.822406,0
XOM.US,D,20080603,000000,54.2444,54.6063,52.9636,53.0231,50896845.981177,0
XOM.US,D,20080604,000000,52.7682,53.658,52.5883,53.0482,55088307.986808,0
XOM.US,D,20080605,000000,53.3605,55.2501,53.2778,55.2501,47951821.930845,0
XOM.US,D,20080606,000000,55.5495,55.9853,53.621,53.694,55484969.607329,0
XOM.US,D,20080609,000000,54.2075,55.1401,53.9168,55.1012,39170197.238116,0
XOM.US,D,20080610,000000,54.8728,55.0516,53.7135,54.3748,44091584.450246,0
XOM.US,D,20080611,000000,54.9311,55.3075,54.298,54.8153,38931578.778948,0
XOM.US,D,20080612,000000,54.4312,54.7094,53.7135,53.8564,52151929.63714,0
XOM.US,D,20080613,000000,53.5336,54.6938,53.4032,54.6646,34026874.231849,0
XOM.US,D,20080616,000000,54.7483,54.8775,54.3107,54.438,29910544.886827,0
XOM.US,D,20080617,000000,54.3622,55.0516,54.1199,54.8231,35602536.725527,0
XOM.US,D,20080618,000000,54.4934,54.8455,53.9449,54.3359,37985187.150558,0
XOM.US,D,20080619,000000,54.5167,54.5673,52.8936,53.0736,42999632.867694,0
XOM.US,D,20080620,000000,53.3906,53.4723,52.4453,52.5329,58491126.411689,0
XOM.US,D,20080623,000000,52.67,54.2551,52.6437,54.2551,38148732.588818,0
XOM.US,D,20080624,000000,54.1491,54.4439,53.4149,53.7689,34893114.209983,0
XOM.US,D,20080625,000000,53.976,54.7483,53.1727,54.1949,43787899.07307,0
XOM.US,D,20080626,000000,54.2484,54.7609,53.4333,53.4596,42576077.853361,0
XOM.US,D,20080627,000000,53.7212,54.155,53.2914,53.5471,45331453.811845,0
XOM.US,D,20080630,000000,53.7076,54.5673,53.7076,54.5226,43452962.490544,0
XOM.US,D,20080701,000000,54.3486,54.6597,53.6706,54.6597,42067096.159705,0
XOM.US,D,20080702,000000,54.7483,55.4524,53.9692,54.0733,55409117.157177,0
XOM.US,D,20080703,000000,54.4254,55.3871,53.7582,54.6121,37380048.772054,0
XOM.US,D,20080707,000000,54.3543,54.9826,53.4392,53.7884,47915280.272364,0
XOM.US,D,20080708,000000,53.2778,53.694,52.4998,53.1679,58037960.283892,0
XOM.US,D,20080709,000000,53.1777,53.9449,52.0398,52.1545,46872162.297118,0
XOM.US,D,20080710,000000,52.1497,53.2418,51.8162,53.2418,50032770.51302,0
XOM.US,D,20080711,000000,53.379,53.6007,52.1545,52.8811,47568903.149212,0
XOM.US,D,20080714,000000,53.2049,53.4947,52.2645,52.844,34838195.296238,0
XOM.US,D,20080715,000000,52.986,52.9958,50.6462,50.8426,55416454.897417,0
XOM.US,D,20080716,000000,50.6578,50.7211,49.1271,49.9918,65316066.988684,0
XOM.US,D,20080717,000000,50.2669,50.5956,48.9356,49.6951,63327632.956276,0
XOM.US,D,20080718,000000,49.9858,50.4458,49.451,50.4458,58415780.899029,0
XOM.US,D,20080721,000000,50.6286,51.3357,50.1803,51.3357,40077717.146454,0
XOM.US,D,20080722,000000,51.0517,51.4933,50.4672,51.2617,45074714.136835,0
XOM.US,D,20080723,000000,51.1995,51.3512,49.8613,50.1054,50142208.343178,0
XOM.US,D,20080724,000000,50.2339,50.6968,49.3265,49.9858,59467058.202863,0
XOM.US,D,20080725,000000,50.1191,50.9818,49.9616,50.546,44448099.294955,0
XOM.US,D,20080728,000000,50.6462,50.8699,49.8944,49.9109,38820893.656342,0
XOM.US,D,20080729,000000,50.0044,50.2339,49.3372,50.0491,41778107.856695,0
XOM.US,D,20080730,000000,50.0491,52.4405,49.8195,52.2022,58543090.075231,0
XOM.US,D,20080731,000000,50.6151,51.0683,49.6066,49.7573,66061531.423112,0
XOM.US,D,20080801,000000,49.8312,50.1726,49.1524,49.3207,46497800.784864,0
XOM.US,D,20080804,000000,49.3207,49.5687,47.1082,47.3942,61201691.358134,0
XOM.US,D,20080805,000000,47.3299,48.4736,47.1471,48.4736,64796818.011354,0
XOM.US,D,20080806,000000,48.5592,48.6516,47.7821,48.4619,49768768.161537,0
XOM.US,D,20080807,000000,48.6758,48.9413,47.8288,47.9056,40928870.335801,0
XOM.US,D,20080808,000000,47.4982,48.7761,47.2084,48.6993,47389568.613223,0
XOM.US,D,20080811,000000,48.5738,48.8432,47.6586,48.3559,39301286.337682,0
XOM.US,D,20080812,000000,48.6058,48.6516,47.3368,47.5614,42020194.673182,0
XOM.US,D,20080813,000000,47.5468,48.6409,47.5099,48.3628,49532329.636408,0
XOM.US,D,20080814,000000,48.0126,48.3501,47.5779,47.9105,41779751.033391,0
XOM.US,D,20080815,000000,47.6898,47.8075,47.1354,47.6781,42480727.332801,0
XOM.US,D,20080818,000000,47.9183,48.2898,47.2054,47.3456,37067797.899334,0
XOM.US,D,20080819,000000,47.2551,48.424,47.2482,48.2247,35771410.662938,0
XOM.US,D,20080820,000000,48.5854,49.2828,47.8716,48.7547,41918061.678599,0
XOM.US,D,20080821,000000,49.0464,50.0773,48.8724,49.7059,39824929.116028,0
XOM.US,D,20080822,000000,49.4948,49.9216,48.9667,49.6757,31782448.077281,0
XOM.US,D,20080825,000000,49.6553,49.8371,48.6457,48.6914,33351112.160076,0
XOM.US,D,20080826,000000,48.7605,49.4948,48.7605,49.4636,30307435.81173,0
XOM.US,D,20080827,000000,49.9042,50.2834,49.4948,49.7807,32935413.134455,0
XOM.US,D,20080828,000000,50.1473,50.2289,49.4257,50.2222,32793288.632947,0
XOM.US,D,20080829,000000,50.4215,50.4215,49.5006,49.5006,35657391.886483,0
XOM.US,D,20080902,000000,48.281,48.8072,47.8075,47.8327,51220144.595088,0
XOM.US,D,20080903,000000,47.6412,48.6244,47.6412,48.2684,43665622.254033,0
XOM.US,D,20080904,000000,48.0554,48.4678,46.83,47.1082,52046705.660612,0
XOM.US,D,20080905,000000,47.0188,47.2609,46.2086,46.7834,45047910.202581,0
XOM.US,D,20080908,000000,47.4865,47.9767,47.0188,47.4914,50469612.842288,0
XOM.US,D,20080909,000000,47.0606,47.6265,45.3246,45.3246,62187166.530356,0
XOM.US,D,20080910,000000,45.704,46.8913,45.4929,46.5528,50735607.982531,0
XOM.US,D,20080911,000000,46.127,46.8621,45.5435,46.7426,57607935.389852,0
XOM.US,D,20080912,000000,46.7172,48.067,46.7134,47.9435,46304616.469826,0
XOM.US,D,20080915,000000,46.3652,48.1935,45.3198,45.3198,64938986.728504,0
XOM.US,D,20080916,000000,44.536,47.4798,44.2422,47.2852,67799190.779268,0
XOM.US,D,20080917,000000,46.7688,48.9473,46.2913,46.5685,70039738.296477,0
XOM.US,D,20080918,000000,47.1996,48.1012,46.1211,48.1012,77960963.589063,0
XOM.US,D,20080919,000000,49.7914,50.7259,48.3919,49.2526,95101571.064635,0
XOM.US,D,20080922,000000,49.6124,50.6024,48.5786,48.8003,51716638.96847,0
XOM.US,D,20080923,000000,48.6058,49.7991,47.9941,48.0613,45042086.076919,0
XOM.US,D,20080924,000000,48.2247,49.1846,47.6449,48.2743,44515293.705194,0
XOM.US,D,20080925,000000,48.5854,50.2981,48.5592,49.9042,58423527.891037,0
XOM.US,D,20080926,000000,48.8918,50.1317,48.6302,49.8944,46761349.668936,0
XOM.US,D,20080929,000000,48.8208,49.4948,45.8177,45.8177,93105626.542497,0
XOM.US,D,20080930,000000,46.7834,48.6302,46.5005,48.0457,67850896.346845,0
XOM.US,D,20081001,000000,47.753,49.0153,46.3584,48.6128,55503464.085463,0
XOM.US,D,20081002,000000,48.1139,49.1271,47.292,47.9435,71277678.622105,0
XOM.US,D,20081003,000000,48.1644,50.5771,47.9767,48.2198,71409281.857057,0
XOM.US,D,20081006,000000,46.8009,47.9435,45.6125,47.8327,106582764.37616,0
XOM.US,D,20081007,000000,48.2568,49.418,46.377,47.0606,101490002.4721,0
XOM.US,D,20081008,000000,46.3068,49.1164,45.7768,47.6353,121137223.5558,0
XOM.US,D,20081009,000000,48.0048,48.5329,41.741,42.0677,111093503.42871,0
XOM.US,D,20081010,000000,39.5071,40.8696,34.9577,38.5803,182435812.98201,0
XOM.US,D,20081013,000000,40.1539,45.6174,39.5198,45.2138,104829766.30487,0
XOM.US,D,20081014,000000,46.4274,46.8068,42.5053,44.8276,101401014.89108,0
XOM.US,D,20081015,000000,43.7764,43.7764,37.9433,38.5725,98994247.403328,0
XOM.US,D,20081016,000000,39.1648,43.1103,36.6061,42.9653,126242107.74402,0
XOM.US,D,20081017,000000,41.4793,44.816,40.5837,42.0949,94395853.408689,0
XOM.US,D,20081020,000000,43.5342,46.4022,43.1472,46.3964,72529697.002893,0
XOM.US,D,20081021,000000,44.8229,45.984,42.8185,44.2364,70778703.031345,0
XOM.US,D,20081022,000000,42.5248,42.9099,39.5314,39.9476,84198278.2671,0
XOM.US,D,20081023,000000,40.7558,43.5459,39.8358,43.5459,104540865.40487,0
XOM.US,D,20081024,000000,39.6004,43.9116,39.5947,42.7106,88301882.761298,0
XOM.US,D,20081027,000000,41.81,43.9116,40.2093,40.888,78843682.634616,0
XOM.US,D,20081028,000000,42.6085,46.6763,41.4842,46.3127,111556349.69756,0
XOM.US,D,20081029,000000,46.3214,48.2499,45.2001,46.1834,101359493.31725,0
XOM.US,D,20081030,000000,46.4022,46.8621,44.1975,46.4274,90778670.347376,0
XOM.US,D,20081031,000000,46.0103,47.858,45.3198,45.8537,85405806.456329,0
XOM.US,D,20081103,000000,45.4375,46.5082,44.851,45.9596,57312124.510261,0
XOM.US,D,20081104,000000,46.477,48.2295,46.4392,47.9407,77915850.265416,0
XOM.US,D,20081105,000000,47.1752,47.8444,45.064,45.5872,73360216.910895,0
XOM.US,D,20081106,000000,45.2371,45.704,42.9362,43.2852,85299111.024323,0
XOM.US,D,20081107,000000,43.6033,46.7621,43.6033,45.7486,72241050.085778,0
XOM.US,D,20081110,000000,46.4576,46.9176,45.0416,45.7905,60467178.007444,0
XOM.US,D,20081111,000000,45.7905,45.878,44.2928,44.9454,67902136.107762,0
XOM.US,D,20081112,000000,44.143,44.6789,42.4985,42.6424,81642306.633565,0
XOM.US,D,20081113,000000,43.0236,47.3299,41.7828,46.6482,117513012.26376,0
XOM.US,D,20081114,000000,45.6553,48.1012,44.4767,45.5795,87245218.346881,0
XOM.US,D,20081117,000000,45.4686,47.3037,45.1632,45.3947,78668886.885821,0
XOM.US,D,20081118,000000,45.4686,47.6265,45.1807,47.223,93253453.833715,0
XOM.US,D,20081119,000000,47.1403,47.716,45.1934,45.4151,92849195.348718,0
XOM.US,D,20081120,000000,44.4425,46.6521,42.2486,42.3838,124130379.93277,0
XOM.US,D,20081121,000000,43.1725,47.1403,42.7776,46.8991,136645978.68128,0
XOM.US,D,20081124,000000,47.5197,49.6328,46.587,48.7488,121210131.03846,0
XOM.US,D,20081125,000000,48.4911,49.2215,46.6384,48.3219,91487133.486288,0
XOM.US,D,20081126,000000,47.8716,50.1317,47.3786,50.0461,75489202.190528,0
XOM.US,D,20081128,000000,49.4073,49.7642,48.9969,49.5794,31757499.143503,0
XOM.US,D,20081201,000000,48.1887,48.2431,45.9762,45.9762,89848819.482648,0
XOM.US,D,20081202,000000,46.7621,48.2568,46.3584,48.0126,88348615.611414,0
XOM.US,D,20081203,000000,47.1179,49.1456,46.8495,48.8266,92876986.422917,0
XOM.US,D,20081204,000000,47.9717,48.8724,46.4129,47.1879,105642544.42895,0
XOM.US,D,20081205,000000,46.8106,48.2431,44.9628,47.3942,105072082.42574,0
XOM.US,D,20081208,000000,48.6185,49.5327,48.3774,49.2459,83317128.362748,0
XOM.US,D,20081209,000000,48.884,49.2613,47.9505,48.3802,76044715.193229,0
XOM.US,D,20081210,000000,49.0066,50.551,48.7926,49.5327,71150491.810124,0
XOM.US,D,20081211,000000,49.6951,50.6763,49.1271,49.5055,80884406.292401,0
XOM.US,D,20081212,000000,48.281,50.1123,48.1575,49.7699,71630206.861024,0
XOM.US,D,20081215,000000,50.3097,50.4215,48.7839,49.4636,70161221.290476,0
XOM.US,D,20081216,000000,49.7428,51.7403,49.5327,51.4378,94514280.38195,0
XOM.US,D,20081217,000000,51.0819,51.4981,50.1473,50.1473,82754258.082662,0
XOM.US,D,20081218,000000,49.8371,50.0977,47.1403,47.6353,96449186.750969,0
XOM.US,D,20081219,000000,47.5099,48.4619,46.4129,46.4129,110689164.73859,0
XOM.US,D,20081222,000000,46.5266,46.9352,45.3295,46.3448,66309030.02868,0
XOM.US,D,20081223,000000,46.7085,47.2405,46.1026,46.4576,52856976.860544,0
XOM.US,D,20081224,000000,46.1659,47.0761,46.0599,46.8816,18314872.133548,0
XOM.US,D,20081226,000000,47.044,47.8833,47.044,47.753,27518005.581769,0
XOM.US,D,20081229,000000,48.4299,48.5933,47.6898,48.2684,36919019.457651,0
XOM.US,D,20081230,000000,48.2684,48.9969,47.9941,48.6185,40547819.922163,0
XOM.US,D,20081231,000000,48.5106,49.8546,48.4377,49.3898,48535557.881467,0
XOM.US,D,20090102,000000,49.5327,50.795,48.8101,50.5091,57874061.120484,0
XOM.US,D,20090105,000000,50.2777,50.9885,49.9109,50.5014,70056195.770208,0
XOM.US,D,20090106,000000,50.8154,51.1821,49.2613,49.6757,67732818.985647,0
XOM.US,D,20090107,000000,49.0279,49.6066,47.9814,48.4104,57004076.180192,0
XOM.US,D,20090108,000000,48.2013,49.2273,48.1935,48.9278,49730448.62289,0
XOM.US,D,20090109,000000,48.8003,49.0279,47.8716,47.9874,53115946.854862,0
XOM.US,D,20090112,000000,47.9572,47.9572,47.0235,47.3533,61545370.298776,0
XOM.US,D,20090113,000000,47.3037,48.4678,47.3037,48.2052,76095418.196802,0
XOM.US,D,20090114,000000,47.6586,47.8288,45.98,46.4576,77647865.421227,0
XOM.US,D,20090115,000000,46.2146,47.4534,45.7827,47.4272,89810728.220112,0
XOM.US,D,20090116,000000,48.0214,48.5329,47.3416,48.317,73587430.818914,0
XOM.US,D,20090120,000000,47.6849,48.6409,47.0188,47.1996,68612679.438449,0
XOM.US,D,20090121,000000,47.1752,49.1106,47.0188,49.0348,69966376.318138,0
XOM.US,D,20090122,000000,48.0613,48.8208,47.3854,48.3978,64920320.529152,0
XOM.US,D,20090123,000000,47.2667,48.7488,46.8816,47.9505,58850590.336977,0
XOM.US,D,20090126,000000,48.6758,49.594,48.1741,48.6244,69115782.508094,0
XOM.US,D,20090127,000000,48.424,49.1398,48.0214,48.8208,62241275.16673,0
XOM.US,D,20090128,000000,49.1029,49.2459,47.7209,49.0279,73243318.976276,0
XOM.US,D,20090129,000000,47.9941,48.2568,47.4155,47.6353,62468391.389026,0
XOM.US,D,20090130,000000,48.4104,48.8072,47.0188,47.3144,83872775.040651,0
XOM.US,D,20090202,000000,47.0557,47.7082,46.8068,47.4466,58311606.786961,0
XOM.US,D,20090203,000000,47.54,48.6457,47.4349,48.3296,63941687.470657,0
XOM.US,D,20090204,000000,48.5933,48.8072,47.6664,48.0457,47838998.00503,0
XOM.US,D,20090205,000000,47.9874,49.4442,47.2852,49.3567,63965828.183607,0
XOM.US,D,20090206,000000,48.7547,49.7914,48.6876,49.6999,58807779.311591,0
XOM.US,D,20090209,000000,49.7311,49.7991,48.6876,49.1719,44855985.51924,0
XOM.US,D,20090210,000000,49.0464,49.2459,46.8223,47.1082,70792221.707205,0
XOM.US,D,20090211,000000,47.399,47.4914,45.5386,46.1406,77396018.258558,0
XOM.US,D,20090212,000000,45.5084,46.5528,44.9775,46.5324,69270515.665826,0
XOM.US,D,20090213,000000,46.3964,46.7542,46.053,46.1474,48888355.52733,0
XOM.US,D,20090217,000000,44.9882,45.1068,44.0244,44.1003,67594629.676391,0
XOM.US,D,20090218,000000,44.2422,44.9035,44.0924,44.5038,55482744.429375,0
XOM.US,D,20090219,000000,44.4601,45.1399,44.3969,44.639,50486411.701915,0
XOM.US,D,20090220,000000,43.8853,44.6789,43.4332,44.0691,69197806.639428,0
XOM.US,D,20090223,000000,44.6954,45.0416,42.7213,42.872,65126359.257131,0
XOM.US,D,20090224,000000,43.1316,44.7217,43.0927,44.5972,78984210.231612,0
XOM.US,D,20090225,000000,44.1751,45.4637,43.615,44.571,89654186.334088,0
XOM.US,D,20090226,000000,44.3969,45.458,43.8445,43.8931,60130331.926091,0
XOM.US,D,20090227,000000,43.1773,43.4448,42.0074,42.0074,104932510.09229,0
XOM.US,D,20090302,000000,41.4482,41.7137,40.1159,40.1539,88557013.192548,0
XOM.US,D,20090303,000000,40.7334,40.9095,39.6413,39.8184,78377887.285177,0
XOM.US,D,20090304,000000,40.5584,41.1672,40.0838,40.6333,83264544.65193,0
XOM.US,D,20090305,000000,39.7035,39.9554,38.4373,38.4918,81057304.881619,0
XOM.US,D,20090306,000000,38.9654,39.9632,38.2701,39.6131,76096196.597778,0
XOM.US,D,20090309,000000,38.9042,40.823,38.8983,39.9476,69064371.025958,0
XOM.US,D,20090310,000000,40.5778,41.7477,40.4213,41.6904,83524952.168789,0
XOM.US,D,20090311,000000,41.6855,42.0453,40.4271,40.6878,60563017.984892,0
XOM.US,D,20090312,000000,40.8355,41.7517,40.6576,41.5406,65353508.384091,0
XOM.US,D,20090313,000000,41.6904,41.8392,41.0602,41.5727,56940306.939899,0
XOM.US,D,20090316,000000,41.4725,42.2156,41.1876,41.4298,54301305.526213,0
XOM.US,D,20090317,000000,41.3296,42.836,41.0554,42.7436,49850306.949067,0
XOM.US,D,20090318,000000,42.3838,43.3028,41.3617,42.7922,67713886.464165,0
XOM.US,D,20090319,000000,43.5489,43.5702,42.0356,42.268,62394907.046465,0
XOM.US,D,20090320,000000,42.4626,42.9585,40.6245,40.888,108722025.16563,0
XOM.US,D,20090323,000000,41.4414,43.8114,41.3617,43.6286,83648761.111279,0
XOM.US,D,20090324,000000,43.0588,43.7308,42.7776,42.9216,51913581.613187,0
XOM.US,D,20090325,000000,43.118,44.0311,42.5385,43.402,59387579.041692,0
XOM.US,D,20090326,000000,43.7238,44.2305,43.1968,44.0691,60990800.220374,0
XOM.US,D,20090327,000000,43.333,43.6752,42.8661,43.2902,47705916.116704,0
XOM.US,D,20090330,000000,42.4032,42.5928,41.81,42.4577,52054056.768373,0
XOM.US,D,20090331,000000,42.7106,42.8992,41.9082,42.1328,66449549.39951,0
XOM.US,D,20090401,000000,41.4725,42.9848,41.1448,42.8331,63634668.439633,0
XOM.US,D,20090402,000000,43.7589,44.0186,43.118,43.4575,61675020.84753,0
XOM.US,D,20090403,000000,43.1618,43.793,42.9362,43.5761,43172851.249122,0
XOM.US,D,20090406,000000,43.0977,43.5702,42.6921,43.333,43953916.474271,0
XOM.US,D,20090407,000000,42.7066,42.8418,42.0882,42.5053,45289274.144714,0
XOM.US,D,20090408,000000,42.4168,43.0518,42.0016,42.6619,42062979.991799,0
XOM.US,D,20090409,000000,43.2708,43.5557,42.8418,43.2085,43415633.176652,0
XOM.US,D,20090413,000000,42.4626,42.7213,41.9198,42.0803,45065123.45533,0
XOM.US,D,20090414,000000,41.597,42.0269,41.0485,41.8849,52856809.252407,0
XOM.US,D,20090415,000000,41.8158,42.376,41.5922,42.1562,39676154.787427,0
XOM.US,D,20090416,000000,42.4451,42.4451,41.3336,41.703,45122655.205109,0
XOM.US,D,20090417,000000,41.9734,42.1105,41.1915,41.2927,52700964.533968,0
XOM.US,D,20090420,000000,40.8414,41.0962,40.3221,40.3911,51509183.283365,0
XOM.US,D,20090421,000000,40.3911,41.0048,40.1344,40.9756,52066833.032735,0
XOM.US,D,20090422,000000,40.607,40.7334,39.9409,40.0604,50189949.926922,0
XOM.US,D,20090423,000000,40.4009,40.681,39.9049,40.6546,47208466.479774,0
XOM.US,D,20090424,000000,40.9619,41.4482,40.7752,41.1876,52285480.416938,0
XOM.US,D,20090427,000000,40.3911,41.2314,40.2413,40.9133,42973605.277873,0
XOM.US,D,20090428,000000,40.4329,41.9034,40.4329,41.4997,44315529.485475,0
XOM.US,D,20090429,000000,41.6466,42.4577,41.5154,42.3361,46797302.128263,0
XOM.US,D,20090430,000000,42.4626,42.5248,40.9697,41.2391,56624589.766403,0
XOM.US,D,20090501,000000,41.5319,42.1105,40.8813,42.0745,44259555.565917,0
XOM.US,D,20090504,000000,42.376,42.6279,41.8645,42.1951,44148928.026475,0
XOM.US,D,20090505,000000,42.1203,42.2623,41.5454,41.8528,32173674.258494,0
XOM.US,D,20090506,000000,42.0949,42.4364,41.7215,42.4217,49790044.112112,0
XOM.US,D,20090507,000000,42.6872,42.7106,41.8314,42.6424,52590742.13321,0
XOM.US,D,20090508,000000,42.9362,44.0691,42.9283,43.7988,57996902.460175,0
XOM.US,D,20090511,000000,43.2416,43.3397,42.8418,43.1103,38098855.286677,0
XOM.US,D,20090512,000000,43.4214,44.3093,43.2852,44.076,45508032.582162,0
XOM.US,D,20090513,000000,43.5489,43.9193,43.2085,43.4214,41787000.342344,0
XOM.US,D,20090514,000000,43.2639,43.615,40.8297,43.4137,34222573.697198,0
XOM.US,D,20090515,000000,43.1316,43.4069,42.6872,43.0111,42906969.218664,0
XOM.US,D,20090518,000000,43.402,44.0381,43.2522,43.8737,40064909.0057,0
XOM.US,D,20090519,000000,43.7589,44.2656,43.6091,43.8853,33504985.683442,0
XOM.US,D,20090520,000000,44.1858,44.428,43.1618,43.3213,45833836.063677,0
XOM.US,D,20090521,000000,42.7679,42.9283,42.3128,42.5608,38574762.650903,0
XOM.US,D,20090522,000000,42.7066,43.3641,42.5608,42.836,29910696.042631,0
XOM.US,D,20090526,000000,42.5608,43.5342,42.2623,43.4448,47215379.544184,0
XOM.US,D,20090527,000000,43.4389,43.9495,42.4217,42.5053,36973425.264279,0
XOM.US,D,20090528,000000,42.6551,43.4389,42.4032,43.0859,44632855.902733,0
XOM.US,D,20090529,000000,43.4389,43.7171,42.9099,43.1618,53311799.532558,0
XOM.US,D,20090601,000000,43.8513,44.8326,43.7171,44.6595,51029001.397535,0
XOM.US,D,20090602,000000,44.4601,45.56,44.4601,45.383,46034576.112359,0
XOM.US,D,20090603,000000,45.0513,45.0873,44.39,44.8578,47786879.072601,0
XOM.US,D,20090604,000000,45.2264,45.4637,44.851,45.4151,41633131.960332,0
XOM.US,D,20090605,000000,45.5872,45.7439,44.8276,45.4092,42550653.858486,0
XOM.US,D,20090608,000000,45.1068,45.8575,44.8112,45.5386,37113648.493126,0
XOM.US,D,20090609,000000,45.7768,45.9393,45.0416,45.5036,35225296.055106,0
XOM.US,D,20090610,000000,46.0355,46.127,45.3295,45.9519,43888009.459041,0
XOM.US,D,20090611,000000,46.053,46.5685,45.5036,46.0851,49580952.448206,0
XOM.US,D,20090612,000000,45.6961,46.1523,45.4929,45.9179,34856882.061007,0
XOM.US,D,20090615,000000,45.208,45.4054,44.9628,45.312,44784788.050879,0
XOM.US,D,20090616,000000,45.6427,45.6961,44.5486,44.5767,38885870.086523,0
XOM.US,D,20090617,000000,44.2238,44.6731,44.0837,44.4485,48073881.784748,0
XOM.US,D,20090618,000000,44.3278,44.8627,44.287,44.4601,33315004.431863,0
XOM.US,D,20090619,000000,44.7129,44.8112,43.8251,44.2179,68701982.698591,0
XOM.US,D,20090622,000000,43.6217,43.6695,42.7495,42.8418,45572820.83879,0
XOM.US,D,20090623,000000,43.1161,43.3397,42.6347,42.9099,38798695.346883,0
XOM.US,D,20090624,000000,43.1238,43.3271,42.4294,42.6007,33508847.868468,0
XOM.US,D,20090625,000000,42.5122,43.5828,42.3692,43.4876,49622992.270512,0
XOM.US,D,20090626,000000,43.3582,43.4332,42.8525,42.9732,44623427.688012,0
XOM.US,D,20090629,000000,43.2202,44.0497,43.0236,43.9252,39097059.422807,0
XOM.US,D,20090630,000000,43.9369,44.1683,43.0111,43.5071,43911251.463336,0
XOM.US,D,20090701,000000,43.9797,44.5038,43.8182,43.9116,36218019.508013,0
XOM.US,D,20090702,000000,43.296,43.3883,42.3176,42.623,36813018.108419,0
XOM.US,D,20090706,000000,42.1173,42.411,41.2974,42.3838,47845912.09771,0
XOM.US,D,20090707,000000,42.0745,42.198,41.3043,41.4229,40214405.180383,0
XOM.US,D,20090708,000000,41.4229,41.7769,40.7607,41.2362,48277077.344037,0
XOM.US,D,20090709,000000,41.5727,41.6797,40.8958,41.0554,36570125.127645,0
XOM.US,D,20090710,000000,40.5156,40.6995,40.2968,40.5244,41633231.702597,0
XOM.US,D,20090713,000000,40.5584,40.9095,40.1159,40.888,50861660.611847,0
XOM.US,D,20090714,000000,41.1954,41.2927,40.7402,41.2119,36762122.81821,0
XOM.US,D,20090715,000000,41.8217,42.6347,41.6272,42.5928,47608998.511486,0
XOM.US,D,20090716,000000,42.4451,42.8185,41.9948,42.6085,37821434.001599,0
XOM.US,D,20090717,000000,42.5053,42.7864,42.2272,42.6424,41432850.520414,0
XOM.US,D,20090720,000000,43.0111,43.1773,42.4032,42.9041,34186246.947311,0
XOM.US,D,20090721,000000,43.2036,43.8795,43.1472,43.857,40859442.521441,0
XOM.US,D,20090722,000000,43.4876,44.0107,43.2639,43.5557,39806839.776579,0
XOM.US,D,20090723,000000,43.4516,44.6438,43.3953,44.5641,43502085.041937,0
XOM.US,D,20090724,000000,44.4105,45.0465,44.3482,44.9882,29224976.196688,0
XOM.US,D,20090727,000000,45.064,45.3033,44.6526,45.2751,27856523.631399,0
XOM.US,D,20090728,000000,44.7353,45.1205,44.2548,44.7401,36968960.512579,0
XOM.US,D,20090729,000000,44.2305,44.5486,43.7502,44.4532,38690625.116853,0
XOM.US,D,20090730,000000,43.7502,44.5097,43.5071,44.0107,60745029.109705,0
XOM.US,D,20090731,000000,43.7881,43.8737,43.2085,43.8047,45104841.442229,0
XOM.US,D,20090803,000000,44.1606,44.4348,43.7502,43.968,39770509.94188,0
XOM.US,D,20090804,000000,43.7502,43.9621,43.5624,43.9369,29880491.616928,0
XOM.US,D,20090805,000000,43.865,43.8678,43.3213,43.5828,32663142.457681,0
XOM.US,D,20090806,000000,43.5702,43.5828,43.1968,43.3953,27896806.138951,0
XOM.US,D,20090807,000000,43.5702,43.8047,43.1618,43.2347,28989642.03437,0
XOM.US,D,20090810,000000,43.0179,43.3836,42.9585,43.0518,26083363.226785,0
XOM.US,D,20090811,000000,42.7562,42.8098,42.2895,42.4032,27230580.250334,0
XOM.US,D,20090812,000000,42.4626,43.2852,42.411,43.0111,30824658.067366,0
XOM.US,D,20090813,000000,43.0772,43.0772,42.4217,42.7864,32515118.766745,0
XOM.US,D,20090814,000000,42.6424,42.728,42.1027,42.4519,30896148.592898,0
XOM.US,D,20090817,000000,41.9228,41.9228,41.3918,41.4171,39090713.963862,0
XOM.US,D,20090818,000000,41.5094,41.5796,41.2362,41.3762,34564759.588679,0
XOM.US,D,20090819,000000,41.1293,42.4364,41.1293,42.3176,45054763.627287,0
XOM.US,D,20090820,000000,42.376,42.8029,42.2379,42.6872,27713388.339721,0
XOM.US,D,20090821,000000,43.2202,43.5624,43.0723,43.5148,42042007.381101,0
XOM.US,D,20090824,000000,43.5887,44.5923,43.5215,44.3736,41124165.690737,0
XOM.US,D,20090825,000000,44.6225,44.7401,43.9067,43.9865,34028643.88585,0
XOM.US,D,20090826,000000,43.5965,44.4767,43.5012,44.4153,30165075.836216,0
XOM.US,D,20090827,000000,44.2305,44.2928,43.5557,44.1003,34377913.534687,0
XOM.US,D,20090828,000000,44.3093,44.3093,43.5342,43.6383,28467518.011957,0
XOM.US,D,20090831,000000,43.2202,43.472,42.9099,43.0324,39096140.148734,0
XOM.US,D,20090901,000000,42.8992,43.2522,42.3887,42.5754,39162471.839795,0
XOM.US,D,20090902,000000,42.5385,42.8787,42.3945,42.4294,26211869.310169,0
XOM.US,D,20090903,000000,42.6142,42.7213,42.2156,42.48,24345133.180351,0
XOM.US,D,20090904,000000,42.4577,43.1238,42.4032,43.0518,24354151.115035,0
XOM.US,D,20090908,000000,43.472,44.1683,43.3776,43.968,35295820.00611,0
XOM.US,D,20090909,000000,44.0613,44.2179,43.6189,43.8737,31576260.250041,0
XOM.US,D,20090910,000000,44.0798,44.2112,43.8114,43.968,30813417.01127,0
XOM.US,D,20090911,000000,44.1167,44.2364,43.4069,43.5489,28071776.693779,0
XOM.US,D,20090914,000000,43.0111,43.7424,42.9653,43.5624,28092431.568808,0
XOM.US,D,20090915,000000,43.6752,43.6752,43.2202,43.2473,31294435.90951,0
XOM.US,D,20090916,000000,43.4769,43.7988,43.0518,43.7764,35505106.013193,0
XOM.US,D,20090917,000000,43.5342,43.8445,43.4389,43.4662,33721127.171771,0
XOM.US,D,20090918,000000,43.7308,43.865,43.3641,43.5557,69492433.979361,0
XOM.US,D,20090921,000000,43.0324,43.3641,42.942,43.296,28897325.940863,0
XOM.US,D,20090922,000000,43.5828,43.651,43.3776,43.4575,23386255.259956,0
XOM.US,D,20090923,000000,43.4827,43.7764,42.8457,42.942,33575018.121016,0
XOM.US,D,20090924,000000,42.942,43.1676,42.5385,42.8992,34638307.684028,0
XOM.US,D,20090925,000000,42.8525,43.2785,42.5754,42.7562,26440021.001133,0
XOM.US,D,20090928,000000,42.8262,43.472,42.7163,43.3087,21373460.464651,0
XOM.US,D,20090929,000000,43.1676,43.3836,42.9099,42.9848,23609319.067133,0
XOM.US,D,20090930,000000,42.9283,43.0927,42.3429,42.6989,43567504.656821,0
XOM.US,D,20091001,000000,42.5608,42.6279,41.7517,41.8645,40050447.40554,0
XOM.US,D,20091002,000000,41.6797,41.7828,41.385,41.4346,32895676.638681,0
XOM.US,D,20091005,000000,41.5659,42.1834,41.1448,42.058,35113917.878,0
XOM.US,D,20091006,000000,42.3264,43.0032,42.1834,42.728,34006652.258815,0
XOM.US,D,20091007,000000,42.6182,42.8992,42.2962,42.7348,24588589.653508,0
XOM.US,D,20091008,000000,42.9216,43.1238,42.7562,42.9732,30897573.77619,0
XOM.US,D,20091009,000000,42.9167,43.1103,42.7106,43.1103,21759559.687786,0
XOM.US,D,20091012,000000,43.2591,43.8737,43.2133,43.6432,26084541.625093,0
XOM.US,D,20091013,000000,43.7171,43.8047,43.2639,43.7238,30832294.00613,0
XOM.US,D,20091014,000000,44.0837,44.7353,44.0311,44.7081,40621991.149601,0
XOM.US,D,20091015,000000,44.5038,45.4296,44.5038,45.3947,38708100.57865,0
XOM.US,D,20091016,000000,45.2624,45.6495,44.9998,45.5036,37850825.065119,0
XOM.US,D,20091019,000000,45.525,46.0355,45.4296,45.8177,32786889.703923,0
XOM.US,D,20091020,000000,45.667,45.7671,45.0329,45.4443,32216473.972901,0
XOM.US,D,20091021,000000,45.2138,46.2408,45.1252,45.6212,37116762.097029,0
XOM.US,D,20091022,000000,45.4443,46.4576,45.4375,46.3282,41799526.736907,0
XOM.US,D,20091023,000000,46.2572,46.2572,45.4092,45.7827,33210218.498685,0
XOM.US,D,20091026,000000,45.9324,46.6259,45.5084,45.5745,43591166.195592,0
XOM.US,D,20091027,000000,45.6174,46.6763,45.6174,46.622,48756838.667123,0
XOM.US,D,20091028,000000,46.377,46.6482,45.9519,45.9519,42346158.564938,0
XOM.US,D,20091029,000000,45.1632,46.053,44.8695,46.0268,48279980.152432,0
XOM.US,D,20091030,000000,45.6621,45.9393,44.2179,44.6049,51629629.780425,0
XOM.US,D,20091102,000000,44.8383,45.3363,44.287,44.9035,32812510.098517,0
XOM.US,D,20091103,000000,44.3833,44.995,44.287,44.6438,32987231.811817,0
XOM.US,D,20091104,000000,44.851,45.1399,44.2112,44.3736,36616933.041527,0
XOM.US,D,20091105,000000,44.7771,45.2751,44.5486,45.1205,26067551.507101,0
XOM.US,D,20091106,000000,44.6954,45.2371,44.4971,45.1701,29219588.057834,0
XOM.US,D,20091109,000000,45.4054,45.5386,45.0873,45.3363,27004555.02333,0
XOM.US,D,20091110,000000,45.0941,45.5745,45.0873,45.1865,25220821.938624,0
XOM.US,D,20091111,000000,45.458,45.6961,45.1399,45.3772,23135072.360206,0
XOM.US,D,20091112,000000,45.2323,45.4637,44.6273,44.746,26653548.625155,0
XOM.US,D,20091113,000000,44.8383,45.5337,44.639,45.1,23237390.443528,0
XOM.US,D,20091116,000000,45.8362,46.4732,45.6338,46.3214,34263930.747711,0
XOM.US,D,20091117,000000,46.5082,46.7765,46.3584,46.6958,36829218.514455,0
XOM.US,D,20091118,000000,46.83,46.9244,46.4936,46.8437,26746896.074248,0
XOM.US,D,20091119,000000,46.5324,46.6161,46.0851,46.4576,27722593.419686,0
XOM.US,D,20091120,000000,46.4576,46.5578,46.0696,46.2913,30959854.080401,0
XOM.US,D,20091123,000000,46.9497,47.2745,46.8758,47.1131,30444876.539864,0
XOM.US,D,20091124,000000,47.1131,47.292,46.5528,47.2784,27510454.989478,0
XOM.US,D,20091125,000000,47.2988,47.6353,47.0849,47.5906,21321414.539448,0
XOM.US,D,20091127,000000,46.4576,46.9108,46.2709,46.5947,19451133.960275,0
XOM.US,D,20091130,000000,46.3584,46.8913,46.2709,46.7172,34444460.134341,0
XOM.US,D,20091201,000000,47.2988,47.4466,46.8564,47.3231,27919910.354963,0
XOM.US,D,20091202,000000,47.2784,47.4865,46.8913,47.1655,23760146.852468,0
XOM.US,D,20091203,000000,47.0382,47.1471,46.622,46.6676,28686294.958279,0
XOM.US,D,20091204,000000,47.1082,47.2784,45.9956,46.2086,38076662.118572,0
XOM.US,D,20091207,000000,46.0219,46.5005,45.7992,45.912,28657584.61001,0
XOM.US,D,20091208,000000,45.7244,45.7439,45.064,45.3995,29714541.053327,0
XOM.US,D,20091209,000000,45.4296,45.772,44.8695,45.3033,27683363.861404,0
XOM.US,D,20091210,000000,45.6281,45.7768,44.9376,45.0562,37631175.116911,0
XOM.US,D,20091211,000000,45.3635,45.525,45.0067,45.3246,27522396.297971,0
XOM.US,D,20091214,000000,44.0613,44.3736,43.1161,43.3718,146921773.35233,0
XOM.US,D,20091215,000000,43.5459,43.6286,42.8331,43.0451,87433778.528251,0
XOM.US,D,20091216,000000,43.3028,43.3135,42.5793,42.5851,92711985.98151,0
XOM.US,D,20091217,000000,42.5442,42.8525,42.4032,42.4577,74893530.072767,0
XOM.US,D,20091218,000000,42.6687,42.8185,42.0949,42.4519,101161415.46159,0
XOM.US,D,20091221,000000,42.6142,42.7864,42.4577,42.6347,55288734.412905,0
XOM.US,D,20091222,000000,42.7066,43.0723,42.6279,42.6746,44896038.72241,0
XOM.US,D,20091223,000000,42.7864,42.8029,42.4451,42.48,30463544.795758,0
XOM.US,D,20091224,000000,42.5385,42.7864,42.4168,42.728,13094395.914598,0
XOM.US,D,20091228,000000,42.7776,43.0179,42.7776,42.9906,31646043.846088,0
XOM.US,D,20091229,000000,43.1161,43.19,42.8185,42.8418,32113736.355104,0
XOM.US,D,20091230,000000,42.7622,42.9167,42.5608,42.7961,31912818.415578,0
XOM.US,D,20091231,000000,42.8418,42.8525,42.3887,42.4364,30268791.339518,0
XOM.US,D,20100104,000000,42.7679,43.1054,42.4364,43.0324,44684669.438742,0
XOM.US,D,20100105,000000,43.0588,43.2202,42.8185,43.2036,48484684.184946,0
XOM.US,D,20100106,000000,43.2202,43.9369,43.156,43.5761,56310797.515793,0
XOM.US,D,20100107,000000,43.5012,43.6033,43.2036,43.4389,43658482.970052,0
XOM.US,D,20100108,000000,43.3718,43.4069,43.0772,43.2639,39991666.306771,0
XOM.US,D,20100111,000000,43.5275,43.8853,43.3475,43.7502,49284094.788966,0
XOM.US,D,20100112,000000,43.3883,43.5557,43.2639,43.5342,50601885.481513,0
XOM.US,D,20100113,000000,43.541,43.5887,43.1054,43.3582,39985201.568417,0
XOM.US,D,20100114,000000,43.2785,43.402,43.1618,43.3641,29936321.578579,0
XOM.US,D,20100115,000000,43.3475,43.3718,42.7213,43.0111,47105193.132902,0
XOM.US,D,20100119,000000,42.7776,43.1618,42.5793,43.1103,41624144.873772,0
XOM.US,D,20100120,000000,42.6687,42.728,42.2739,42.3361,55643025.107932,0
XOM.US,D,20100121,000000,42.3945,42.411,41.385,41.5094,62832623.40589,0
XOM.US,D,20100122,000000,41.4541,41.7828,41.0757,41.137,62772949.768089,0
XOM.US,D,20100125,000000,41.4171,41.5454,40.8813,40.9804,47059903.974953,0
XOM.US,D,20100126,000000,40.8482,41.5357,40.7607,41.0252,54765676.720629,0
XOM.US,D,20100127,000000,40.8619,41.1107,40.4523,40.7878,57399183.055303,0
XOM.US,D,20100128,000000,40.9804,40.9804,40.182,40.4271,59985658.341336,0
XOM.US,D,20100129,000000,40.5448,40.9619,39.8427,40.0965,65630815.531113,0
XOM.US,D,20100201,000000,40.9289,41.3296,40.6673,41.1876,60516045.547685,0
XOM.US,D,20100202,000000,41.5319,41.7721,41.3665,41.6709,54725501.153236,0
XOM.US,D,20100203,000000,41.6204,41.8392,41.4229,41.4482,38602043.702796,0
XOM.US,D,20100204,000000,41.2391,41.2927,40.2521,40.2783,54401231.851715,0
XOM.US,D,20100205,000000,40.2637,40.3911,39.5558,40.3279,67961567.07366,0
XOM.US,D,20100208,000000,40.3969,40.7558,40.0429,40.0469,48976767.27671,0
XOM.US,D,20100209,000000,40.5214,40.8958,40.1762,40.5778,58236519.370264,0
XOM.US,D,20100210,000000,40.5029,40.5894,39.9282,40.36,34864020.316717,0
XOM.US,D,20100211,000000,40.2579,40.7509,40.0838,40.6021,37846455.942602,0
XOM.US,D,20100212,000000,40.2161,40.5398,40.0031,40.3279,49227380.514451,0
XOM.US,D,20100216,000000,40.7276,41.3121,40.5029,41.246,49018750.544124,0
XOM.US,D,20100217,000000,41.2848,41.3549,40.8073,40.9231,35031707.629654,0
XOM.US,D,20100218,000000,40.9484,41.1293,40.6673,41.0485,36207799.524794,0
XOM.US,D,20100219,000000,40.8337,41.2255,40.7208,40.9941,38988793.82133,0
XOM.US,D,20100222,000000,41.137,41.1497,40.607,40.6995,32866456.26811,0
XOM.US,D,20100223,000000,40.6129,40.8015,39.9224,40.4145,53624359.91478,0
XOM.US,D,20100224,000000,40.4592,40.9941,40.3094,40.7928,34496670.582867,0
XOM.US,D,20100225,000000,40.2093,40.5584,40.0604,40.5398,41245530.433597,0
XOM.US,D,20100226,000000,40.6167,40.6995,40.4009,40.4523,32310500.080705,0
XOM.US,D,20100301,000000,40.6741,40.7878,40.5088,40.6995,30167252.685443,0
XOM.US,D,20100302,000000,40.8619,40.9435,40.5448,40.7558,39887357.491231,0
XOM.US,D,20100303,000000,40.9289,41.0554,40.6878,40.7208,35783001.331097,0
XOM.US,D,20100304,000000,40.6673,40.8414,40.5029,40.6995,35286007.218119,0
XOM.US,D,20100305,000000,41.0485,41.4006,40.9366,41.3665,43124235.63522,0
XOM.US,D,20100308,000000,41.5523,41.5659,41.2197,41.3723,32609462.610219,0
XOM.US,D,20100309,000000,41.281,41.8158,41.2119,41.5572,46577434.18665,0
XOM.US,D,20100310,000000,41.7973,41.9587,41.5572,41.8314,39858037.378395,0
XOM.US,D,20100311,000000,41.9393,42.0453,41.6855,41.8314,31116978.995954,0
XOM.US,D,20100312,000000,42.058,42.058,41.385,41.5727,37532135.160815,0
XOM.US,D,20100315,000000,41.491,41.5047,41.0125,41.2605,35462862.593273,0
XOM.US,D,20100316,000000,41.4171,41.4997,41.0757,41.4298,56408280.669937,0
XOM.US,D,20100317,000000,41.6409,42.1883,41.5727,41.9198,62300379.142524,0
XOM.US,D,20100318,000000,42.0074,42.1562,41.703,41.9393,41658507.626481,0
XOM.US,D,20100319,000000,42.2224,42.2486,41.3413,41.7215,73207781.938342,0
XOM.US,D,20100322,000000,41.3762,41.8217,41.2741,41.6797,34375302.755194,0
XOM.US,D,20100323,000000,41.6593,41.6855,41.3549,41.6661,39759032.383505,0
XOM.US,D,20100324,000000,41.4298,41.6097,41.2197,41.385,31739846.819134,0
XOM.US,D,20100325,000000,41.5796,41.6466,41.2255,41.2605,33897240.135427,0
XOM.US,D,20100326,000000,41.35,41.6204,41.1808,41.4122,49094407.622828,0
XOM.US,D,20100329,000000,41.4842,41.9948,41.4414,41.8849,41973643.826992,0
XOM.US,D,20100330,000000,41.8158,41.8849,41.5659,41.7293,28508486.376117,0
XOM.US,D,20100331,000000,41.6593,41.8158,41.4482,41.6855,35916810.206859,0
XOM.US,D,20100401,000000,41.8645,42.1951,41.8158,42.0745,31516851.906099,0
XOM.US,D,20100405,000000,42.2224,42.5442,42.1435,42.4364,33576682.891399,0
XOM.US,D,20100406,000000,42.3361,42.5385,42.1951,42.2583,30646639.717967,0
XOM.US,D,20100407,000000,42.2272,42.2272,41.6797,41.9082,39417853.169113,0
XOM.US,D,20100408,000000,41.703,42.4577,41.6038,42.2321,38460487.835026,0
XOM.US,D,20100409,000000,42.3887,42.9283,42.3604,42.7922,33900699.23831,0
XOM.US,D,20100412,000000,42.8185,42.9732,42.6804,42.7622,29196760.446662,0
XOM.US,D,20100413,000000,42.6142,42.7922,42.3604,42.728,30814514.176185,0
XOM.US,D,20100414,000000,42.7679,42.8331,42.5442,42.6989,30171864.479863,0
XOM.US,D,20100415,000000,42.6279,42.7679,42.411,42.48,26854964.247736,0
XOM.US,D,20100416,000000,42.3945,42.7562,42.1378,42.2739,54404212.808687,0
XOM.US,D,20100419,000000,42.163,42.5928,42.0512,42.4626,41269863.433182,0
XOM.US,D,20100420,000000,42.7066,43.0772,42.6279,42.9216,36934536.063623,0
XOM.US,D,20100421,000000,42.942,43.2085,42.6746,42.8934,33756316.654183,0
XOM.US,D,20100422,000000,42.6424,42.7738,42.4577,42.6687,34653057.200003,0
XOM.US,D,20100423,000000,42.6279,43.1103,42.4294,43.0927,39096374.594471,0
XOM.US,D,20100426,000000,42.9362,43.2708,42.9099,43.118,0,0
XOM.US,D,20100427,000000,42.9469,43.5624,42.4451,42.4859,58427955.624987,0
XOM.US,D,20100428,000000,42.8584,43.2785,42.6989,43.0588,53400087.889445,0
XOM.US,D,20100429,000000,42.5851,43.3524,42.4683,42.728,75831075.487692,0
XOM.US,D,20100430,000000,42.8787,43.1316,42.1504,42.1767,70292595.221045,0
XOM.US,D,20100503,000000,42.3887,42.4577,41.81,42.2224,49386060.175413,0
XOM.US,D,20100504,000000,41.7896,41.8576,41.0757,41.3665,50819189.944088,0
XOM.US,D,20100505,000000,41.067,41.6593,40.9697,41.1808,48610215.480981,0
XOM.US,D,20100506,000000,40.9562,41.2197,36.3815,39.7609,92706871.362682,0
XOM.US,D,20100507,000000,40.1412,40.4009,39.3505,39.6413,110889414.3021,0
XOM.US,D,20100510,000000,40.7139,40.9182,40.1539,40.5954,61568069.376101,0
XOM.US,D,20100511,000000,40.2161,40.4523,39.9739,40.1159,47862757.229523,0
XOM.US,D,20100512,000000,40.2268,40.6643,40.1412,40.3969,40779448.196613,0
XOM.US,D,20100513,000000,40.3697,40.6167,40.0284,40.29,43049415.568923,0
XOM.US,D,20100514,000000,40.147,40.2851,39.1521,39.581,62344343.887718,0
XOM.US,D,20100517,000000,39.6704,39.757,38.7476,39.3758,51296588.300935,0
XOM.US,D,20100518,000000,39.8581,39.9953,38.8488,39.0792,55363738.539669,0
XOM.US,D,20100519,000000,38.8682,39.1716,38.5882,38.8633,59000783.679245,0
XOM.US,D,20100520,000000,38.2418,38.3878,37.4697,37.5447,91855026.147106,0
XOM.US,D,20100521,000000,36.8181,37.9306,36.8181,37.8879,84845335.131957,0
XOM.US,D,20100524,000000,37.7897,37.9628,37.423,37.4609,44744324.56767,0
XOM.US,D,20100525,000000,36.7083,37.2022,36.3815,37.1595,81184746.704751,0
XOM.US,D,20100526,000000,37.39,37.6263,36.7928,36.9106,54649607.572253,0
XOM.US,D,20100527,000000,37.6515,38.305,37.4026,38.2487,51255812.223409,0
XOM.US,D,20100528,000000,38.094,38.379,37.5135,37.6263,51544120.839438,0
XOM.US,D,20100601,000000,37.5767,37.8772,36.8055,36.8727,52956550.489171,0
XOM.US,D,20100602,000000,37.0351,37.8383,36.861,37.8198,46044785.812869,0
XOM.US,D,20100603,000000,38.1038,38.5919,37.7138,38.3128,52017834.902104,0
XOM.US,D,20100604,000000,37.8004,37.9939,36.8989,37.0466,72104897.780924,0
XOM.US,D,20100607,000000,37.3277,37.5942,36.8424,36.9046,45610039.099438,0
XOM.US,D,20100608,000000,37.106,38.237,36.9552,38.1106,77839198.848872,0
XOM.US,D,20100609,000000,38.3245,38.3352,37.2304,37.3579,50869646.162675,0
XOM.US,D,20100610,000000,38.273,38.5882,38.063,38.5161,52999027.326555,0
XOM.US,D,20100611,000000,38.3878,38.5366,38.0756,38.5006,34106128.201719,0
XOM.US,D,20100614,000000,38.6211,38.8682,38.1621,38.1922,39631068.19882,0
XOM.US,D,20100615,000000,38.5239,38.9371,38.2701,38.9042,39412267.602271,0
XOM.US,D,20100616,000000,38.5647,38.9713,38.5239,38.9042,33183190.401402,0
XOM.US,D,20100617,000000,38.8488,39.0237,38.5521,38.9566,37454868.83835,0
XOM.US,D,20100618,000000,39.0714,39.438,38.8341,39.2699,52618934.233008,0
XOM.US,D,20100621,000000,39.8581,40.1412,39.1142,39.2863,39973306.53211,0
XOM.US,D,20100622,000000,39.2863,39.3331,38.4558,38.5463,42011540.746352,0
XOM.US,D,20100623,000000,38.4024,38.7476,37.9015,38.026,61150675.760245,0
XOM.US,D,20100624,000000,37.849,38.0902,37.2568,37.384,54932650.41365,0
XOM.US,D,20100625,000000,37.4328,37.4901,36.7792,36.7792,189442014.04615,0
XOM.US,D,20100628,000000,36.9106,36.962,36.3893,36.3893,69060467.710102,0
XOM.US,D,20100629,000000,36.0956,36.151,35.4722,35.6551,84397284.651258,0
XOM.US,D,20100630,000000,35.6784,35.9234,35.4245,35.5159,70587697.622075,0
XOM.US,D,20100701,000000,35.4605,35.6434,34.9577,35.232,76717604.276461,0
XOM.US,D,20100702,000000,35.3808,35.4673,34.8157,35.2057,52631034.923472,0
XOM.US,D,20100706,000000,35.5811,35.8408,35.3302,35.76,59291458.346324,0
XOM.US,D,20100707,000000,35.7037,36.3747,35.6366,36.3621,67110475.580563,0
XOM.US,D,20100708,000000,36.7997,36.8424,36.1783,36.5993,64957054.474266,0
XOM.US,D,20100709,000000,36.5945,36.7248,36.2803,36.5798,41737438.71933,0
XOM.US,D,20100712,000000,36.2745,36.68,36.221,36.68,37798864.48639,0
XOM.US,D,20100713,000000,37.0904,37.1653,36.7432,36.9776,48934413.831819,0
XOM.US,D,20100714,000000,36.931,36.931,36.4826,36.8794,41864881.570733,0
XOM.US,D,20100715,000000,36.9397,37.0262,36.4632,36.8881,39744564.613721,0
XOM.US,D,20100716,000000,36.6187,36.7879,35.9769,36.0722,57514719.559419,0
XOM.US,D,20100719,000000,36.3017,36.5546,36.1578,36.3621,33636302.030849,0
XOM.US,D,20100720,000000,35.9021,36.7131,35.8933,36.6859,38245445.568154,0
XOM.US,D,20100721,000000,36.7997,36.7997,35.8436,36.2006,43122251.072627,0
XOM.US,D,20100722,000000,36.539,37.2082,36.505,36.9552,43436608.872161,0
XOM.US,D,20100723,000000,36.8794,37.2236,36.5945,37.1653,30948231.535848,0
XOM.US,D,20100726,000000,37.1526,37.6126,37.1099,37.5826,32487818.177708,0
XOM.US,D,20100727,000000,37.7265,37.9015,37.5826,37.8431,35982964.007075,0
XOM.US,D,20100728,000000,37.8333,38.13,37.7945,37.9063,37737644.329346,0
XOM.US,D,20100729,000000,38.2244,38.5103,37.5203,37.5524,54249440.576666,0
XOM.US,D,20100730,000000,37.4328,37.6574,37.0904,37.142,47166825.626527,0
XOM.US,D,20100802,000000,37.7342,38.6124,37.7187,38.5463,45111585.870232,0
XOM.US,D,20100803,000000,38.5919,39.2007,38.5103,39.0345,49901950.820397,0
XOM.US,D,20100804,000000,39.1191,39.1375,38.7553,39.0345,33797522.548893,0
XOM.US,D,20100805,000000,38.7603,39.0286,38.4918,39.0286,32109993.449488,0
XOM.US,D,20100806,000000,38.5366,38.8983,38.1165,38.5647,37078888.827897,0
XOM.US,D,20100809,000000,38.9334,39.0014,38.6961,38.8633,23659234.415293,0
XOM.US,D,20100810,000000,38.4918,38.6911,38.2418,38.5424,37258776.573564,0
XOM.US,D,20100811,000000,37.6876,37.7517,37.4668,37.5826,38979280.260133,0
XOM.US,D,20100812,000000,37.1526,37.6876,37.0652,37.4833,27237281.490965,0
XOM.US,D,20100813,000000,37.318,37.6185,37.2159,37.284,23542119.51554,0
XOM.US,D,20100816,000000,37.0904,37.4978,36.8727,37.2625,22979211.189435,0
XOM.US,D,20100817,000000,37.6515,38.063,37.4259,37.849,32328111.274244,0
XOM.US,D,20100818,000000,37.7575,37.7897,37.1099,37.4328,32233852.777245,0
XOM.US,D,20100819,000000,37.2985,37.3783,36.6547,36.8989,33994125.864252,0
XOM.US,D,20100820,000000,36.7297,36.7617,36.4379,36.6499,33756021.540472,0
XOM.US,D,20100823,000000,36.7005,37.3743,36.6547,37.0301,34262173.43296,0
XOM.US,D,20100824,000000,36.6926,36.9981,36.5876,36.68,41184885.079915,0
XOM.US,D,20100825,000000,36.5264,36.9659,36.3552,36.6616,33679307.399411,0
XOM.US,D,20100826,000000,36.8931,37.0301,36.3017,36.395,35855455.346343,0
XOM.US,D,20100827,000000,36.5332,37.318,36.1258,37.2159,45411841.96438,0
XOM.US,D,20100830,000000,37.0652,37.2762,36.6926,36.717,26098966.207504,0
XOM.US,D,20100831,000000,36.5624,37.0505,36.4067,36.7879,43359966.710054,0
XOM.US,D,20100901,000000,37.3656,37.9365,37.1653,37.9063,42209554.849214,0
XOM.US,D,20100902,000000,37.6438,38.0027,37.5708,38.0027,29987263.14097,0
XOM.US,D,20100903,000000,38.0902,38.3352,37.8071,38.1621,35322853.244747,0
XOM.US,D,20100907,000000,37.8772,38.0094,37.6185,37.6826,31230001.378027,0
XOM.US,D,20100908,000000,37.7517,38.1222,37.7342,37.8071,27863867.541264,0
XOM.US,D,20100909,000000,38.273,38.3284,37.9063,37.9939,26553347.751357,0
XOM.US,D,20100910,000000,38.1991,38.2614,37.9306,38.0902,23278782.455246,0
XOM.US,D,20100913,000000,38.2039,38.2846,37.6779,37.9628,37182717.440986,0
XOM.US,D,20100914,000000,37.8772,38.1748,37.8071,37.9676,28878731.720466,0
XOM.US,D,20100915,000000,37.8139,37.9793,37.5631,37.9628,30158448.631081,0
XOM.US,D,20100916,000000,37.8704,37.9578,37.6185,37.9433,26401900.947015,0
XOM.US,D,20100917,000000,38.0833,38.1514,37.7342,37.8276,42496150.366134,0
XOM.US,D,20100920,000000,37.9628,38.4714,37.9306,38.305,34989649.298474,0
XOM.US,D,20100921,000000,38.3683,38.5239,38.1165,38.2983,32980603.57841,0
XOM.US,D,20100922,000000,38.3284,38.5882,38.2175,38.2418,29116641.70107,0
XOM.US,D,20100923,000000,37.9578,38.3187,37.9015,38.0551,29057486.311738,0
XOM.US,D,20100924,000000,38.2808,38.6659,38.1865,38.4315,40330752.990138,0
XOM.US,D,20100927,000000,38.5803,38.6318,38.3878,38.4024,26733034.984221,0
XOM.US,D,20100928,000000,38.3965,38.7476,38.13,38.6211,30219154.652738,0
XOM.US,D,20100929,000000,38.4432,38.5988,38.13,38.3284,33997146.923785,0
XOM.US,D,20100930,000000,38.5521,38.8594,38.2545,38.4558,40744647.400553,0
XOM.US,D,20101001,000000,38.7826,38.9451,38.4627,38.9227,38821307.021193,0
XOM.US,D,20101004,000000,38.908,39.0403,38.4831,38.7018,27035733.221454,0
XOM.US,D,20101005,000000,38.9518,39.4556,38.8526,39.368,40418670.141277,0
XOM.US,D,20101006,000000,39.3175,39.7921,39.3175,39.7921,34779748.385471,0
XOM.US,D,20101007,000000,39.8037,39.83,39.438,39.7366,31280720.833933,0
XOM.US,D,20101008,000000,39.7113,40.1616,39.6004,40.0664,35945641.891078,0
XOM.US,D,20101011,000000,40.0547,40.3347,40.0225,40.1713,22252828.375752,0
XOM.US,D,20101012,000000,40.0225,40.3852,39.7852,40.2637,33288195.356256,0
XOM.US,D,20101013,000000,40.3523,40.6333,40.182,40.4758,36250939.596828,0
XOM.US,D,20101014,000000,40.4815,40.7334,40.3697,40.641,28564916.847899,0
XOM.US,D,20101015,000000,40.8482,40.8531,40.3396,40.571,40975447.917029,0
XOM.US,D,20101018,000000,40.571,41.4122,40.4699,41.246,36122948.677103,0
XOM.US,D,20101019,000000,40.823,41.102,40.1976,40.5244,40756921.868777,0
XOM.US,D,20101020,000000,40.7461,41.3189,40.6673,41.0806,32967212.408127,0
XOM.US,D,20101021,000000,41.2537,41.5727,40.8531,41.2741,34157529.401148,0
XOM.US,D,20101022,000000,41.3918,41.4171,41.1565,41.2848,21370859.967865,0
XOM.US,D,20101025,000000,41.4997,41.5796,41.1739,41.1954,26523821.984364,0
XOM.US,D,20101026,000000,41.0485,41.4298,40.9562,41.4045,28281022.5983,0
XOM.US,D,20101027,000000,41.0437,41.067,40.5029,40.8696,37506808.851663,0
XOM.US,D,20101028,000000,41.3413,41.5094,41.1049,41.2119,32763000.917312,0
XOM.US,D,20101029,000000,41.1409,41.4229,41.069,41.3753,30956660.271379,0
XOM.US,D,20101101,000000,41.5727,41.8265,41.4648,41.6661,35945439.321737,0
XOM.US,D,20101102,000000,41.8965,42.4762,41.8265,42.2224,42086064.670664,0
XOM.US,D,20101103,000000,42.4364,42.4859,41.8965,42.3022,42664908.108946,0
XOM.US,D,20101104,000000,42.5696,43.3135,42.4985,43.1773,50168621.534537,0
XOM.US,D,20101105,000000,43.2133,43.5624,43.19,43.5624,42578822.308056,0
XOM.US,D,20101108,000000,43.2473,43.8251,43.2279,43.7647,37924139.743002,0
XOM.US,D,20101109,000000,43.7424,44.2548,43.6217,43.9573,54500016.796658,0
XOM.US,D,20101110,000000,44.1606,44.287,43.6587,44.2656,40926745.928382,0
XOM.US,D,20101111,000000,44.1858,44.746,44.0186,44.7022,38203467.442095,0
XOM.US,D,20101112,000000,44.4231,44.4348,43.8318,44.18,39499943.109777,0
XOM.US,D,20101115,000000,44.1926,44.322,43.8386,43.865,30150473.36296,0
XOM.US,D,20101116,000000,43.3271,43.4516,42.6687,42.9041,44264425.4563,0
XOM.US,D,20101117,000000,42.8418,43.1773,42.6687,42.9469,28047768.627758,0
XOM.US,D,20101118,000000,43.3475,43.8047,43.3397,43.7589,29369735.127917,0
XOM.US,D,20101119,000000,43.6919,43.9291,43.1676,43.9009,38745952.254095,0
XOM.US,D,20101122,000000,43.6217,43.7502,42.8098,43.6849,30135486.316436,0
XOM.US,D,20101123,000000,42.8185,43.0324,42.518,42.9283,36397095.948038,0
XOM.US,D,20101124,000000,43.0665,43.5624,43.0588,43.4876,31068571.092748,0
XOM.US,D,20101126,000000,43.1676,43.2085,42.8787,43.0859,11769674.677038,0
XOM.US,D,20101129,000000,42.8525,43.3397,42.5053,43.2202,32166686.130317,0
XOM.US,D,20101130,000000,42.66,43.4087,42.515,43.2921,44209421.196082,0
XOM.US,D,20101201,000000,43.7988,44.5272,43.7988,44.39,42698707.369273,0
XOM.US,D,20101202,000000,44.3055,44.5972,44.1538,44.4844,34184770.35048,0
XOM.US,D,20101203,000000,44.1926,44.3736,44.1167,44.3055,31260935.875978,0
XOM.US,D,20101206,000000,44.3093,44.5573,44.2238,44.3774,25679235.332179,0
XOM.US,D,20101207,000000,44.7645,44.9172,44.4485,44.4717,38062192.292247,0
XOM.US,D,20101208,000000,44.7285,44.9454,44.4844,44.7129,36402790.511583,0
XOM.US,D,20101209,000000,44.8383,44.8996,44.39,44.8112,28869439.237484,0
XOM.US,D,20101210,000000,44.8112,44.9172,44.571,44.9172,28436717.189207,0
XOM.US,D,20101213,000000,45.064,45.2751,44.8443,45.0329,34017582.777138,0
XOM.US,D,20101214,000000,44.9531,45.1205,44.7645,44.9172,33142422.550043,0
XOM.US,D,20101215,000000,44.7285,44.9998,44.6789,44.7129,33685726.893851,0
XOM.US,D,20101216,000000,44.7606,45.0124,44.5437,44.9454,29747163.971888,0
XOM.US,D,20101217,000000,44.8919,45.0513,44.6731,44.9122,58979237.293457,0
XOM.US,D,20101220,000000,44.9591,45.1205,44.7353,44.9454,25760763.837,0
XOM.US,D,20101221,000000,45.0756,45.4092,44.9531,45.2566,34985225.677607,0
XOM.US,D,20101222,000000,45.3888,45.4296,45.2138,45.3091,23470469.608039,0
XOM.US,D,20101223,000000,45.3947,45.5541,45.3246,45.5541,18303261.928243,0
XOM.US,D,20101227,000000,45.312,45.6174,45.312,45.4375,15676677.912417,0
XOM.US,D,20101228,000000,45.5541,45.7768,45.4054,45.6903,23175742.525842,0
XOM.US,D,20101229,000000,45.6884,45.8557,45.6446,45.664,18956987.129067,0
XOM.US,D,20101230,000000,45.6144,45.7506,45.4637,45.6582,17338020.040031,0
XOM.US,D,20101231,000000,45.5318,45.7506,45.4423,45.5016,24541777.626542,0
XOM.US,D,20110103,000000,45.878,46.5461,45.8313,46.3964,37466062.59399,0
XOM.US,D,20110104,000000,46.4936,46.6434,46.3127,46.6161,32182403.24909,0
XOM.US,D,20110105,000000,46.4644,46.5947,46.1406,46.4878,26594497.091172,0
XOM.US,D,20110106,000000,46.6161,46.9419,46.4732,46.7902,36194428.919926,0
XOM.US,D,20110107,000000,46.8068,47.2337,46.7309,47.044,31004254.812404,0
XOM.US,D,20110110,000000,46.83,46.8437,46.4129,46.7542,33368191.737625,0
XOM.US,D,20110111,000000,46.689,47.2084,46.689,47.1082,25395668.072686,0
XOM.US,D,20110112,000000,47.2609,47.6849,47.0946,47.6586,27897762.430771,0
XOM.US,D,20110113,000000,47.7015,47.8075,47.2852,47.7413,32839080.615306,0
XOM.US,D,20110114,000000,47.716,48.5427,47.608,48.4434,37726456.743329,0
XOM.US,D,20110118,000000,48.4104,49.0698,48.3705,48.9842,38322610.091814,0
XOM.US,D,20110119,000000,48.9356,49.1194,48.6244,48.6914,35055950.141411,0
XOM.US,D,20110120,000000,48.5329,48.6409,47.7773,48.3861,46775961.396628,0
XOM.US,D,20110121,000000,48.6758,49.2273,48.5786,49.1524,40306055.9827,0
XOM.US,D,20110124,000000,49.0698,49.275,48.6001,48.9084,38751949.129247,0
XOM.US,D,20110125,000000,48.6798,49.1583,48.498,48.9667,34749893.571831,0
XOM.US,D,20110126,000000,48.9842,49.6999,48.8471,49.5754,41022410.071528,0
XOM.US,D,20110127,000000,49.6892,49.7748,49.3781,49.7116,27321882.468859,0
XOM.US,D,20110128,000000,49.6484,49.7174,49.0843,49.1583,42254746.32144,0
XOM.US,D,20110131,000000,49.7369,50.2961,49.1738,50.2125,55448048.516934,0
XOM.US,D,20110201,000000,50.4954,52.2518,50.4332,52.2187,65579813.300745,0
XOM.US,D,20110202,000000,52.0203,52.2645,51.8162,51.9075,29207330.041944,0
XOM.US,D,20110203,000000,51.6917,51.995,51.3163,51.927,31569860.292747,0
XOM.US,D,20110204,000000,51.8102,51.9776,51.5623,51.8269,26605035.83833,0
XOM.US,D,20110207,000000,51.9337,52.2762,51.8804,52.2313,24590808.661837,0
XOM.US,D,20110208,000000,51.9649,52.0602,51.4321,51.6411,28060952.087346,0
XOM.US,D,20110209,000000,51.3056,51.5166,50.8903,51.3746,25533841.957882,0
XOM.US,D,20110210,000000,50.8339,51.8472,50.7901,51.7792,33793275.790597,0
XOM.US,D,20110211,000000,51.1762,51.9075,51.1762,51.5409,25699453.192127,0
XOM.US,D,20110214,000000,51.1003,52.9705,50.9661,52.844,53161460.17584,0
XOM.US,D,20110215,000000,52.7682,52.8305,51.4485,51.6343,41235604.535821,0
XOM.US,D,20110216,000000,51.6917,52.1906,51.5691,52.0806,26765670.242032,0
XOM.US,D,20110217,000000,52.2586,52.2586,51.6868,52.2022,28683904.228731,0
XOM.US,D,20110218,000000,52.2187,52.5883,51.9649,52.5883,36681821.040421,0
XOM.US,D,20110222,000000,52.8811,53.9585,52.7284,53.1727,51483153.637003,0
XOM.US,D,20110223,000000,53.52,54.9107,53.1912,54.1871,61976655.852784,0
XOM.US,D,20110224,000000,54.2688,54.4711,53.1854,53.4995,45873404.951314,0
XOM.US,D,20110225,000000,53.3906,53.6706,53.0794,53.1105,35578429.945513,0
XOM.US,D,20110228,000000,53.4432,53.8681,53.2059,53.2291,39659077.266421,0
XOM.US,D,20110301,000000,53.7757,53.833,52.7118,52.775,36926965.934188,0
XOM.US,D,20110302,000000,52.6437,53.096,51.995,52.9482,27990747.928552,0
XOM.US,D,20110303,000000,53.1854,53.4908,52.9297,53.4082,27546733.410639,0
XOM.US,D,20110304,000000,53.4723,53.52,52.7118,52.9482,32157591.075325,0
XOM.US,D,20110307,000000,53.4207,53.5715,52.707,52.7215,29020352.369293,0
XOM.US,D,20110308,000000,52.7215,52.9705,52.1205,52.6476,28356854.483037,0
XOM.US,D,20110309,000000,52.352,52.6184,52.0009,52.5135,21372383.865151,0
XOM.US,D,20110310,000000,52.0535,52.1497,50.5353,50.6462,41775516.614345,0
XOM.US,D,20110311,000000,50.4215,51.5972,49.8488,51.1053,28285808.17048,0
XOM.US,D,20110314,000000,50.8271,51.4321,50.6968,51.2687,26343298.76736,0
XOM.US,D,20110315,000000,49.8944,51.0877,49.6328,50.652,37285151.718904,0
XOM.US,D,20110316,000000,50.551,50.9136,49.0406,49.3567,53726721.185475,0
XOM.US,D,20110317,000000,50.0267,50.7211,49.9323,50.5071,35273834.548701,0
XOM.US,D,20110318,000000,50.8903,51.2365,50.3146,50.3146,46475427.669374,0
XOM.US,D,20110321,000000,50.9496,51.8589,50.9438,51.5546,29262906.020712,0
XOM.US,D,20110322,000000,51.714,51.7977,51.2365,51.3795,26074383.33812,0
XOM.US,D,20110323,000000,51.4378,51.6567,51.0313,51.4048,24737999.453446,0
XOM.US,D,20110324,000000,51.5166,51.9494,51.3746,51.4874,27350123.925654,0
XOM.US,D,20110325,000000,51.6664,52.2313,51.5409,52.0398,26519083.71264,0
XOM.US,D,20110328,000000,52.1906,52.2839,51.9337,51.9494,23477420.718468,0
XOM.US,D,20110329,000000,51.7723,52.209,51.4125,51.8102,26160814.637991,0
XOM.US,D,20110330,000000,52.1497,52.812,51.9727,52.5815,25339509.06439,0
XOM.US,D,20110331,000000,52.7488,52.8597,52.3403,52.3558,24631107.621724,0
XOM.US,D,20110401,000000,52.7682,52.7974,52.3812,52.7001,24987517.582813,0
XOM.US,D,20110404,000000,52.4405,52.8537,52.3199,52.8198,21044395.308243,0
XOM.US,D,20110405,000000,52.6797,53.4868,52.6224,53.162,27524834.327975,0
XOM.US,D,20110406,000000,53.3536,53.4538,52.8741,53.0113,21396972.904159,0
XOM.US,D,20110407,000000,52.9968,53.3925,52.8431,53.375,25751736.647879,0
XOM.US,D,20110408,000000,53.52,53.658,53.1241,53.4908,25612657.884404,0
XOM.US,D,20110411,000000,53.4908,53.6153,52.7643,52.9958,20919096.401403,0
XOM.US,D,20110412,000000,52.4229,52.4288,51.4456,51.7656,33272346.618823,0
XOM.US,D,20110413,000000,52.0155,52.244,51.3795,51.7549,23265902.335537,0
XOM.US,D,20110414,000000,51.2687,52.1779,51.2687,51.927,25239336.982172,0
XOM.US,D,20110415,000000,52.1497,52.5678,51.8804,52.455,27366180.373783,0
XOM.US,D,20110418,000000,51.7792,52.2762,51.3056,51.714,23892596.354267,0
XOM.US,D,20110419,000000,51.6343,52.2712,51.6343,52.1497,20534384.315542,0
XOM.US,D,20110420,000000,52.9297,53.3225,52.8198,53.3031,24722143.518118,0
XOM.US,D,20110421,000000,53.379,53.7884,53.2486,53.7465,20540290.702864,0
XOM.US,D,20110425,000000,53.7018,53.833,53.4538,53.658,15807026.657026,0
XOM.US,D,20110426,000000,53.8058,54.4457,53.6814,54.4049,28744516.677748,0
XOM.US,D,20110427,000000,54.4439,54.7025,53.7018,54.6276,28580257.619569,0
XOM.US,D,20110428,000000,54.155,54.4536,53.8516,54.3543,30056794.810678,0
XOM.US,D,20110429,000000,54.4069,54.7647,54.1588,54.757,27871299.882415,0
XOM.US,D,20110502,000000,54.8309,54.8455,53.8136,54.1259,29945949.277831,0
XOM.US,D,20110503,000000,53.8876,54.0051,52.9219,53.2855,29562896.820999,0
XOM.US,D,20110504,000000,53.0152,53.2729,52.2216,52.7789,36720640.318664,0
XOM.US,D,20110505,000000,51.9776,52.2732,50.7785,51.4164,44143485.38927,0
XOM.US,D,20110506,000000,51.8219,52.3394,50.9379,51.4573,42308172.186021,0
XOM.US,D,20110509,000000,51.6605,52.104,51.1335,51.7656,29320569.389151,0
XOM.US,D,20110510,000000,51.7014,52.1302,51.3396,51.8667,28440707.908079,0
XOM.US,D,20110511,000000,51.6712,51.7539,50.3447,50.7687,38608961.90856,0
XOM.US,D,20110512,000000,50.4575,51.0653,49.7059,50.7259,34866710.27306,0
XOM.US,D,20110513,000000,50.8786,51.1781,50.2066,50.6141,28166457.810066,0
XOM.US,D,20110516,000000,50.2066,50.864,50.1434,50.2202,26245082.456154,0
XOM.US,D,20110517,000000,50.0627,50.5644,49.8195,50.3253,28889985.115811,0
XOM.US,D,20110518,000000,50.6199,51.4923,50.3399,51.1587,28641903.480714,0
XOM.US,D,20110519,000000,51.4923,51.6858,50.9088,51.5273,24347223.654834,0
XOM.US,D,20110520,000000,51.3086,51.4777,50.6336,51.0527,30352540.909211,0
XOM.US,D,20110523,000000,50.2066,50.7026,50.1143,50.4887,26036100.817221,0
XOM.US,D,20110524,000000,50.7259,51.3951,50.6568,50.8786,25372640.976984,0
XOM.US,D,20110525,000000,50.6763,51.6547,50.5947,51.2978,30958304.476346,0
XOM.US,D,20110526,000000,51.0702,51.679,50.8154,51.5672,26974846.224141,0
XOM.US,D,20110527,000000,51.784,52.0291,51.4164,51.714,19089671.076602,0
XOM.US,D,20110531,000000,52.1205,52.4161,51.7723,52.2401,37737861.294479,0
XOM.US,D,20110601,000000,52.2916,52.3558,51.1723,51.3396,31183338.450324,0
XOM.US,D,20110602,000000,51.1781,51.5224,50.4769,50.9019,28987086.781498,0
XOM.US,D,20110603,000000,50.2202,51.1898,50.1843,50.8087,27607943.284977,0
XOM.US,D,20110606,000000,50.652,50.8154,50.121,50.2514,25494646.332536,0
XOM.US,D,20110607,000000,50.4518,50.7522,50.0521,50.0675,25903874.45018,0
XOM.US,D,20110608,000000,50.4518,51.2414,50.3953,50.545,37645891.728222,0
XOM.US,D,20110609,000000,50.8436,51.1218,50.6695,50.8087,28213411.738398,0
XOM.US,D,20110610,000000,50.6637,50.6637,49.8954,49.9323,30281195.36986,0
XOM.US,D,20110613,000000,50.0675,50.4449,49.343,49.5861,28521588.602313,0
XOM.US,D,20110614,000000,50.1016,50.582,50.0326,50.3078,26257873.116306,0
XOM.US,D,20110615,000000,49.7758,49.9985,49.0483,49.2312,34658091.61371,0
XOM.US,D,20110616,000000,49.1846,49.7651,49.0269,49.5794,30416951.790467,0
XOM.US,D,20110617,000000,49.9761,50.0414,49.2506,49.4569,40649283.512473,0
XOM.US,D,20110620,000000,49.2264,50.0414,49.204,49.8915,25290540.753612,0
XOM.US,D,20110621,000000,50.2145,50.7687,50.0724,50.4255,28548944.717973,0
XOM.US,D,20110622,000000,50.1686,50.4887,49.8001,49.9586,29723441.765143,0
XOM.US,D,20110623,000000,49.2808,49.2885,48.3356,49.0922,47955697.48339,0
XOM.US,D,20110624,000000,49.1631,49.2107,48.0544,48.0544,57940392.811544,0
XOM.US,D,20110627,000000,48.1166,49.1174,48.0175,48.7682,32900998.968205,0
XOM.US,D,20110628,000000,49.1757,49.8556,49.0581,49.8381,29396348.832077,0
XOM.US,D,20110629,000000,49.9761,50.3836,49.5794,50.2251,30183436.639148,0
XOM.US,D,20110630,000000,50.3126,50.9535,50.2368,50.9321,31835066.749306,0
XOM.US,D,20110701,000000,50.8154,51.3775,50.4381,51.326,28824554.189949,0
XOM.US,D,20110705,000000,50.8865,51.3941,50.8582,51.0683,30116044.800921,0
XOM.US,D,20110706,000000,50.9467,51.1053,50.6014,51.0507,24033979.472546,0
XOM.US,D,20110707,000000,51.4923,51.6984,51.2384,51.5467,29339697.28208,0
XOM.US,D,20110708,000000,51.0546,51.6557,50.9915,51.5827,29293739.748127,0
XOM.US,D,20110711,000000,50.8855,51.3882,50.7687,51.258,33084755.068521,0
XOM.US,D,20110712,000000,51.0157,51.9571,51.0118,51.252,36162260.497047,0
XOM.US,D,20110713,000000,51.4923,52.2343,51.3726,51.6206,30372007.103226,0
XOM.US,D,20110714,000000,51.9776,52.0155,51.3775,51.4709,31011770.443486,0
XOM.US,D,20110715,000000,51.5827,52.0019,51.4854,51.9494,36233189.586735,0
XOM.US,D,20110718,000000,51.503,51.8521,51.3726,51.7296,27703636.219704,0
XOM.US,D,20110719,000000,51.8881,52.422,51.8239,52.3384,26227608.022628,0
XOM.US,D,20110720,000000,52.4726,52.5027,52.0553,52.138,20452529.848884,0
XOM.US,D,20110721,000000,52.4872,53.3488,52.4151,53.2106,34060821.563167,0
XOM.US,D,20110722,000000,53.3244,53.4568,52.913,53.3332,21011396.042578,0
XOM.US,D,20110725,000000,52.6982,53.2788,52.6982,52.9287,22375803.390644,0
XOM.US,D,20110726,000000,52.9879,53.2602,52.6,52.8061,25922736.020979,0
XOM.US,D,20110727,000000,52.4443,52.7274,52.0971,52.141,31651552.292621,0
XOM.US,D,20110728,000000,51.1558,51.6032,50.792,50.9856,39202988.793085,0
XOM.US,D,20110729,000000,50.5616,50.618,49.9187,49.9402,42458530.051612,0
XOM.US,D,20110801,000000,50.582,50.8087,49.2808,49.8195,36523187.651644,0
XOM.US,D,20110802,000000,49.38,49.8284,48.7041,48.7187,45363587.273518,0
XOM.US,D,20110803,000000,48.7779,48.8811,47.8552,48.6419,45334298.008804,0
XOM.US,D,20110804,000000,47.9931,48.2703,46.0093,46.2163,66871400.569171,0
XOM.US,D,20110805,000000,46.9478,47.4379,45.1088,46.8272,75349255.566519,0
XOM.US,D,20110808,000000,45.524,45.9675,43.7462,43.9291,93945359.756632,0
XOM.US,D,20110809,000000,44.3064,44.9823,41.953,44.8373,98614372.303185,0
XOM.US,D,20110810,000000,44.5641,44.7255,42.4985,42.8574,75765524.254149,0
XOM.US,D,20110811,000000,43.3494,45.6134,43.2376,45.0941,79818911.08858,0
XOM.US,D,20110812,000000,45.5882,46.053,45.1088,45.3606,49405721.740875,0
XOM.US,D,20110815,000000,46.0142,46.8602,45.8352,46.8028,37082875.433686,0
XOM.US,D,20110816,000000,46.2116,46.833,45.8828,46.3059,41797498.986942,0
XOM.US,D,20110817,000000,46.8028,47.0946,46.3059,46.7202,28990001.929142,0
XOM.US,D,20110818,000000,45.5337,45.8566,44.2315,44.6915,56230356.921449,0
XOM.US,D,20110819,000000,44.1449,45.3451,43.8912,43.9758,55425833.755143,0
XOM.US,D,20110822,000000,45.456,45.4627,43.8367,44.214,43162290.908278,0
XOM.US,D,20110823,000000,44.4767,46.4916,44.4271,46.4071,60347646.671372,0
XOM.US,D,20110824,000000,45.9675,46.5324,45.5337,46.3302,36111951.32118,0
XOM.US,D,20110825,000000,46.3924,46.5685,44.9025,45.2167,49047435.185622,0
XOM.US,D,20110826,000000,44.6535,45.9889,44.2315,45.7633,42799366.851837,0
XOM.US,D,20110829,000000,46.1979,46.7571,45.98,46.6968,30075966.91925,0
XOM.US,D,20110830,000000,46.3633,46.8739,45.9753,46.5626,35606082.203155,0
XOM.US,D,20110831,000000,46.8467,47.1705,46.2076,46.6317,46325284.712374,0
XOM.US,D,20110901,000000,46.7144,47.1617,46.2738,46.3011,37124186.212014,0
XOM.US,D,20110902,000000,45.4258,45.7953,45.0494,45.4462,33424616.039782,0
XOM.US,D,20110906,000000,44.1888,44.9298,44.0438,44.8257,40317269.275485,0
XOM.US,D,20110907,000000,45.5084,46.4012,45.2031,46.4012,36679567.070885,0
XOM.US,D,20110908,000000,46.2358,46.833,45.698,45.8761,35598751.66081,0
XOM.US,D,20110909,000000,45.4677,45.7185,44.4707,44.7382,44353483.987997,0
XOM.US,D,20110912,000000,44.3133,45.2936,44.0186,45.2604,41576983.234743,0
XOM.US,D,20110913,000000,45.2118,45.3451,44.6119,45.1399,36140027.226381,0
XOM.US,D,20110914,000000,45.3325,46.4712,44.8306,45.7633,41312256.980634,0
XOM.US,D,20110915,000000,46.2602,46.6531,45.7875,46.6268,34663923.965538,0
XOM.US,D,20110916,000000,46.9478,47.0946,46.3487,46.9662,54986886.555601,0
XOM.US,D,20110919,000000,45.9324,46.6852,45.6757,46.4303,31447362.395494,0
XOM.US,D,20110920,000000,46.5384,47.2365,46.2659,46.6268,32322899.997963,0
XOM.US,D,20110921,000000,46.5451,46.8028,45.2517,45.3402,37750928.55947,0
XOM.US,D,20110922,000000,44.0623,44.3881,42.9469,43.6198,68545086.05915,0
XOM.US,D,20110923,000000,43.1258,44.1703,42.7961,43.6646,42189858.322546,0
XOM.US,D,20110926,000000,44.108,45.2936,43.7861,45.1827,48107535.030624,0
XOM.US,D,20110927,000000,46.1979,46.833,45.6222,45.9324,42346931.82456,0
XOM.US,D,20110928,000000,45.6291,46.8077,45.2702,45.4024,41288271.536571,0
XOM.US,D,20110929,000000,46.0647,46.6434,45.7817,46.5451,43944706.252953,0
XOM.US,D,20110930,000000,45.8411,46.9876,45.7603,45.7603,49073632.44012,0
XOM.US,D,20111003,000000,45.3917,46.0472,44.8257,44.8257,49193718.014137,0
XOM.US,D,20111004,000000,44.2558,46.0881,43.6053,45.8838,57857713.671726,0
XOM.US,D,20111005,000000,45.7817,46.622,45.4909,46.585,44805299.99627,0
XOM.US,D,20111006,000000,46.1804,46.622,45.7573,46.5518,39444873.040229,0
XOM.US,D,20111007,000000,46.9147,46.9478,46.0093,46.3418,37411113.860394,0
XOM.US,D,20111010,000000,47.0295,48.0613,47.0295,48.0554,32462624.515484,0
XOM.US,D,20111011,000000,47.7423,48.3025,47.6965,48.0506,28339249.459123,0
XOM.US,D,20111012,000000,48.3482,48.9258,48.0749,48.6128,35261452.112047,0
XOM.US,D,20111013,000000,48.0194,48.3802,47.7783,48.1139,30992923.268479,0
XOM.US,D,20111014,000000,48.5738,49.2856,48.5524,49.2069,28350114.168116,0
XOM.US,D,20111017,000000,49.061,49.4481,48.5854,48.8082,29890915.19776,0
XOM.US,D,20111018,000000,48.8704,50.0909,48.5252,49.7009,37879184.773054,0
XOM.US,D,20111019,000000,49.4986,49.9187,49.0882,49.4101,33183131.789968,0
XOM.US,D,20111020,000000,49.3401,49.84,49.0328,49.5861,35280194.403437,0
XOM.US,D,20111021,000000,50.1424,50.5031,49.8837,50.4847,44165246.683651,0
XOM.US,D,20111024,000000,50.3487,50.7162,50.1191,50.5071,31521154.191016,0
XOM.US,D,20111025,000000,50.2961,50.7074,49.8001,50.0481,37169503.133275,0
XOM.US,D,20111026,000000,50.4994,51.2005,49.9479,51.0731,43112775.557448,0
XOM.US,D,20111027,000000,51.6557,51.786,50.8349,51.5827,56327334.166372,0
XOM.US,D,20111028,000000,51.0216,51.6528,50.6745,51.3328,34527019.994747,0
XOM.US,D,20111031,000000,50.8057,50.8057,49.1427,49.1923,48598066.461792,0
XOM.US,D,20111101,000000,47.7657,48.5766,47.5303,47.8425,56894025.500653,0
XOM.US,D,20111102,000000,48.1974,48.8811,48.1974,48.741,34555660.420604,0
XOM.US,D,20111103,000000,49.2594,49.7699,48.7859,49.6805,38858723.738101,0
XOM.US,D,20111104,000000,49.1855,49.5201,48.7498,49.4646,28877216.049345,0
XOM.US,D,20111107,000000,49.6533,50.0763,49.2185,49.9908,28550906.658609,0
XOM.US,D,20111108,000000,50.2562,50.6258,49.8321,50.547,30013084.048366,0
XOM.US,D,20111109,000000,49.3694,50.015,48.8169,49.0464,38046516.304303,0
XOM.US,D,20111110,000000,49.7699,50.0763,49.203,49.877,29443476.538171,0
XOM.US,D,20111111,000000,50.4672,50.6675,50.2825,50.5227,23870228.380129,0
XOM.US,D,20111114,000000,50.4021,50.5431,49.6805,50.0451,21429144.411852,0
XOM.US,D,20111115,000000,49.9781,50.6053,49.7505,50.124,30722361.57773,0
XOM.US,D,20111116,000000,49.5832,50.5431,49.4723,49.5901,32137848.276472,0
XOM.US,D,20111117,000000,49.5074,50.3399,48.8635,49.344,40953143.695681,0
XOM.US,D,20111118,000000,49.5716,49.8643,48.8704,49.3694,36441810.302626,0
XOM.US,D,20111121,000000,48.5009,49.0056,48.2042,48.741,31872132.825881,0
XOM.US,D,20111122,000000,48.4035,48.8635,48.0895,48.1857,29839601.401347,0
XOM.US,D,20111123,000000,47.5361,47.7335,47.2327,47.2667,36801382.196345,0
XOM.US,D,20111125,000000,47.2211,47.6576,46.833,46.833,16180520.308748,0
XOM.US,D,20111128,000000,48.0623,48.4863,47.7423,48.0623,31783753.981164,0
XOM.US,D,20111129,000000,48.425,49.1174,48.2538,48.7547,31173662.422344,0
XOM.US,D,20111130,000000,49.6989,51.0342,49.6669,50.9768,53490809.134982,0
XOM.US,D,20111201,000000,50.8281,50.9234,50.3019,50.5674,26831935.095491,0
XOM.US,D,20111202,000000,51.1266,51.1714,50.4779,50.5674,30704214.655119,0
XOM.US,D,20111205,000000,51.258,51.4485,50.5733,50.9846,28865069.086697,0
XOM.US,D,20111206,000000,51.0993,51.7412,50.8855,51.219,31737628.839076,0
XOM.US,D,20111207,000000,51.0867,51.8822,50.9234,51.3834,30989134.090679,0
XOM.US,D,20111208,000000,51.1771,51.2394,50.4157,50.618,29082980.229027,0
XOM.US,D,20111209,000000,51.0993,51.8102,50.9165,51.5487,34456114.555286,0
XOM.US,D,20111212,000000,51.1626,51.3902,50.1998,50.7318,28141715.558713,0
XOM.US,D,20111213,000000,51.0867,51.8472,50.7901,51.0361,34472881.538521,0
XOM.US,D,20111214,000000,50.44,50.8087,49.8497,50.3457,37753826.226509,0
XOM.US,D,20111215,000000,50.656,51.0819,50.5616,50.7211,28313332.922547,0
XOM.US,D,20111216,000000,51.1714,51.2784,50.6258,50.8027,52627456.54118,0
XOM.US,D,20111219,000000,50.8503,50.9915,50.3088,50.4021,25312364.77251,0
XOM.US,D,20111220,000000,51.1626,51.9669,51.0867,51.9669,33367478.117708,0
XOM.US,D,20111221,000000,51.9796,52.8188,51.9669,52.6787,30215516.630742,0
XOM.US,D,20111222,000000,52.9432,53.7611,52.7905,53.4189,31307101.120629,0
XOM.US,D,20111223,000000,53.411,54.014,53.3693,54.0071,16152418.696778,0
XOM.US,D,20111227,000000,53.8507,54.2688,53.837,54.047,16005407.852554,0
XOM.US,D,20111228,000000,53.9644,54.1481,53.2428,53.3488,20143055.307252,0
XOM.US,D,20111229,000000,53.2934,54.0772,53.2934,54.0422,15865215.47183,0
XOM.US,D,20111230,000000,53.9692,54.0539,53.589,53.7135,15415030.301005,0
XOM.US,D,20120103,000000,54.4818,54.9281,54.4409,54.5051,32989574.212638,0
XOM.US,D,20120104,000000,54.3719,54.5994,53.9313,54.5148,25452918.076275,0
XOM.US,D,20120105,000000,54.2833,54.4691,53.8185,54.3495,27540212.117393,0
XOM.US,D,20120106,000000,54.4536,54.5051,53.9391,53.9459,25154860.425042,0
XOM.US,D,20120109,000000,53.87,54.2756,53.8507,54.1862,18405670.499393,0
XOM.US,D,20120110,000000,54.5527,54.6355,54.1112,54.3272,20639979.497818,0
XOM.US,D,20120111,000000,53.9333,54.1269,53.5336,53.9196,23408890.584495,0
XOM.US,D,20120112,000000,53.483,53.8185,53.1962,53.7076,27388297.449852,0
XOM.US,D,20120113,000000,53.3351,53.8185,53.1231,53.7941,24538750.397385,0
XOM.US,D,20120117,000000,54.3426,54.5839,54.1269,54.3027,24659384.039725,0
XOM.US,D,20120118,000000,54.0597,54.8202,53.8428,54.7862,26436418.968612,0
XOM.US,D,20120119,000000,54.7171,55.289,54.3573,55.1548,25851359.633505,0
XOM.US,D,20120120,000000,55.1635,55.4464,54.9612,55.4464,30327462.413315,0
XOM.US,D,20120123,000000,55.4903,55.7323,55.1548,55.433,24219421.936931,0
XOM.US,D,20120124,000000,55.1878,55.284,54.9224,55.2501,19508750.028258,0
XOM.US,D,20120125,000000,54.9846,55.3774,54.3806,55.2763,28721179.044271,0
XOM.US,D,20120126,000000,55.4806,55.5856,54.8289,54.9914,24706979.609021,0
XOM.US,D,20120127,000000,54.6355,54.8289,54.3543,54.3923,25211187.041475,0
XOM.US,D,20120130,000000,54.0422,54.1862,53.6094,54.1792,28193531.151262,0
XOM.US,D,20120131,000000,53.8185,54.0772,52.8976,53.0639,42960816.674262,0
XOM.US,D,20120201,000000,53.3877,53.588,52.846,53.2126,35133811.832655,0
XOM.US,D,20120202,000000,53.411,53.4519,52.7215,52.9394,28435017.457618,0
XOM.US,D,20120203,000000,53.3877,53.872,53.2661,53.8185,25475664.454057,0
XOM.US,D,20120206,000000,53.7455,54.4039,53.5471,54.3426,23672387.026758,0
XOM.US,D,20120207,000000,54.1209,54.7812,53.833,54.7171,24959897.201565,0
XOM.US,D,20120208,000000,54.6947,54.9398,53.9907,54.3689,23166946.697645,0
XOM.US,D,20120209,000000,54.3981,54.6053,53.9565,54.084,26793343.065089,0
XOM.US,D,20120210,000000,53.5122,53.588,53.1124,53.4003,24057143.328261,0
XOM.US,D,20120213,000000,53.7184,53.9099,53.4577,53.7961,18005979.593174,0
XOM.US,D,20120214,000000,53.7961,53.979,53.4295,53.9565,20341057.070866,0
XOM.US,D,20120215,000000,53.979,54.1132,53.4704,53.6026,21832366.399907,0
XOM.US,D,20120216,000000,53.8078,54.5596,53.5773,54.4272,23180990.81987,0
XOM.US,D,20120217,000000,54.8649,54.8775,54.1132,54.5596,26052077.06023,0
XOM.US,D,20120221,000000,54.8396,55.2977,54.8289,55.1635,24295589.037939,0
XOM.US,D,20120222,000000,55.2918,55.5991,55.217,55.3871,18805254.465452,0
XOM.US,D,20120223,000000,55.2219,55.5457,55.1002,55.4533,19467796.059889,0
XOM.US,D,20120224,000000,55.675,55.7383,55.4464,55.6537,16897531.462601,0
XOM.US,D,20120227,000000,55.5602,55.9687,55.2977,55.5846,20914965.837705,0
XOM.US,D,20120228,000000,55.6098,55.7169,55.1518,55.5282,22474866.996967,0
XOM.US,D,20120229,000000,55.745,55.7528,54.9331,55.1207,28710733.869753,0
XOM.US,D,20120301,000000,55.1002,55.5535,55.0633,55.3318,19833752.48684,0
XOM.US,D,20120302,000000,55.2316,55.2812,54.7054,55.0108,17806375.783695,0
XOM.US,D,20120305,000000,54.9116,55.4932,54.7443,55.4464,20092571.325354,0
XOM.US,D,20120306,000000,54.897,55.1071,54.4332,54.7113,25906299.112664,0
XOM.US,D,20120307,000000,54.7862,54.8775,54.3097,54.6947,56839851.054949,0
XOM.US,D,20120308,000000,54.0996,54.4604,53.9274,54.0558,29868454.679254,0
XOM.US,D,20120309,000000,54.1501,54.2454,53.5608,53.7184,26744748.016602,0
XOM.US,D,20120312,000000,53.8273,54.6432,53.6094,54.5148,29846938.113317,0
XOM.US,D,20120313,000000,54.7307,55.394,54.5517,55.3482,26435708.433508,0
XOM.US,D,20120314,000000,55.1839,55.3318,54.6355,54.8143,25403727.65901,0
XOM.US,D,20120315,000000,54.7862,54.9281,54.3252,54.8591,22793444.819757,0
XOM.US,D,20120316,000000,54.9933,55.3707,54.7511,55.0808,48636876.485598,0
XOM.US,D,20120319,000000,54.8445,55.5535,54.8212,55.431,16902324.232676,0
XOM.US,D,20120320,000000,55.0955,55.5009,55.004,55.1839,21371156.109849,0
XOM.US,D,20120321,000000,55.1771,55.1771,54.6529,54.8066,22303960.168237,0
XOM.US,D,20120322,000000,54.4671,54.7647,54.228,54.3758,21789376.455406,0
XOM.US,D,20120323,000000,54.3923,54.7862,54.1765,54.5148,19707640.217818,0
XOM.US,D,20120326,000000,54.9174,55.5991,54.8445,55.4581,27207026.679995,0
XOM.US,D,20120327,000000,55.5233,55.5991,55.1451,55.1966,19630678.263502,0
XOM.US,D,20120328,000000,54.9933,55.1071,54.2523,54.7113,25352581.470733,0
XOM.US,D,20120329,000000,54.3689,54.8834,54.1073,54.8523,20714739.924409,0
XOM.US,D,20120330,000000,55.1042,55.288,54.8552,55.2676,20353409.687668,0
XOM.US,D,20120402,000000,55.1839,55.8656,55.0011,55.4825,21740022.543089,0
XOM.US,D,20120403,000000,55.2812,55.2977,54.1618,54.6947,27801814.484892,0
XOM.US,D,20120404,000000,54.3573,54.3952,53.837,54.1521,26855959.613845,0
XOM.US,D,20120405,000000,53.8836,54.4078,53.7485,54.05,18760549.365301,0
XOM.US,D,20120409,000000,53.4704,53.7562,53.3234,53.4519,60438431.669698,0
XOM.US,D,20120410,000000,53.3673,53.3673,52.177,52.3617,31376522.765363,0
XOM.US,D,20120411,000000,52.9617,53.1124,52.3481,52.6982,24883739.354993,0
XOM.US,D,20120412,000000,52.668,53.3556,52.4833,53.2729,23957186.154637,0
XOM.US,D,20120413,000000,52.8714,53.3294,52.7984,52.8547,21745082.663566,0
XOM.US,D,20120416,000000,53.0445,53.7747,52.9753,53.5336,27503706.448391,0
XOM.US,D,20120417,000000,53.9411,54.542,53.8895,54.4536,22296681.039432,0
XOM.US,D,20120418,000000,54.2027,54.8348,54.1765,54.6432,20397039.21659,0
XOM.US,D,20120419,000000,54.4886,54.7511,54.1501,54.3426,25070245.051358,0
XOM.US,D,20120420,000000,54.5148,54.7493,54.1832,54.3573,27017952.363238,0
XOM.US,D,20120423,000000,53.8642,54.758,53.7747,54.6053,23848937.005492,0
XOM.US,D,20120424,000000,54.5732,55.0496,54.5732,55.0011,18255146.053936,0
XOM.US,D,20120425,000000,55.217,55.5535,54.6228,55.3415,28998744.287258,0
XOM.US,D,20120426,000000,54.3426,54.9281,54.2591,54.8445,27090994.549366,0
XOM.US,D,20120427,000000,55.1207,55.2422,54.7754,54.8513,16498161.376862,0
XOM.US,D,20120430,000000,54.7764,55.3113,54.7151,55.0196,18416977.364819,0
XOM.US,D,20120501,000000,55.0965,55.7685,54.8825,55.463,21684921.625417,0
XOM.US,D,20120502,000000,55.1587,55.218,54.6938,54.9281,17433086.757859,0
XOM.US,D,20120503,000000,55.0322,55.0496,54.365,54.577,15690859.822926,0
XOM.US,D,20120504,000000,54.2367,54.365,53.7797,53.8895,23627938.994299,0
XOM.US,D,20120507,000000,53.7105,54.0305,53.5851,53.832,18859975.951208,0
XOM.US,D,20120508,000000,53.3703,53.6882,52.8363,53.5443,30767145.85473,0
XOM.US,D,20120509,000000,52.914,53.5696,52.811,53.0881,27350204.130774,0
XOM.US,D,20120510,000000,53.4918,53.6337,52.9676,53.1504,20627642.305077,0
XOM.US,D,20120511,000000,53.0532,53.7611,52.9608,53.3177,18798880.214927,0
XOM.US,D,20120514,000000,52.7848,52.9083,52.5873,52.6903,19756344.263007,0
XOM.US,D,20120515,000000,52.6135,53.0804,52.3102,52.4774,24568917.805339,0
XOM.US,D,20120516,000000,52.5873,53.3498,52.4774,52.7195,23439726.368451,0
XOM.US,D,20120517,000000,52.7089,53.0026,52.4064,52.5543,20306781.721171,0
XOM.US,D,20120518,000000,52.8509,53.0755,51.9902,52.2722,33894483.341484,0
XOM.US,D,20120521,000000,52.2401,52.6943,52.0155,52.6379,21399637.153733,0
XOM.US,D,20120522,000000,52.703,53.1504,52.3024,52.5795,21492665.838887,0
XOM.US,D,20120523,000000,52.4774,52.6631,51.3046,52.6379,27403225.884942,0
XOM.US,D,20120524,000000,52.7964,53.1057,52.4259,53.0026,29085150.90863,0
XOM.US,D,20120525,000000,53.165,53.2272,52.4064,52.6631,19881745.996924,0
XOM.US,D,20120529,000000,53.0231,53.0231,52.177,52.5668,24829591.644329,0
XOM.US,D,20120530,000000,52.0213,52.2158,51.0663,51.1957,30537085.693211,0
XOM.US,D,20120531,000000,51.2501,51.4174,50.3068,50.4478,60716643.695001,0
XOM.US,D,20120601,000000,49.9625,50.405,49.7059,49.9926,35648182.693436,0
XOM.US,D,20120604,000000,50.1045,50.2066,49.5336,49.9382,27604165.418154,0
XOM.US,D,20120605,000000,49.7826,50.2309,49.4889,49.7875,27614206.482258,0
XOM.US,D,20120606,000000,50.2825,51.4844,50.1045,51.4436,45253723.73926,0
XOM.US,D,20120607,000000,51.9601,52.1195,51.5526,51.7723,28692213.684852,0
XOM.US,D,20120608,000000,51.3805,51.9173,50.9828,51.8686,28288388.101851,0
XOM.US,D,20120611,000000,52.3705,52.5163,51.4388,51.503,28108464.366708,0
XOM.US,D,20120612,000000,51.8035,52.2985,51.7286,52.139,22072587.933211,0
XOM.US,D,20120613,000000,51.9309,52.3802,51.5098,51.7354,23531212.647445,0
XOM.US,D,20120614,000000,51.8842,52.9335,51.7977,52.6943,26406330.737508,0
XOM.US,D,20120615,000000,52.9782,53.5443,52.7566,53.3945,42625284.722958,0
XOM.US,D,20120618,000000,52.9384,53.3703,52.8363,53.3254,21640766.65013,0
XOM.US,D,20120619,000000,53.7222,54.298,53.4538,54.2046,32812860.73885,0
XOM.US,D,20120620,000000,54.1521,54.7862,53.9323,54.5177,36275683.904722,0
XOM.US,D,20120621,000000,54.5625,54.7754,52.6447,52.6846,52605382.652483,0
XOM.US,D,20120622,000000,53.0492,53.3945,52.6846,52.6846,132090152.01184,0
XOM.US,D,20120625,000000,52.1118,52.2537,51.1878,52.1264,36394718.58601,0
XOM.US,D,20120626,000000,52.2985,53.235,52.1068,52.8694,35620521.181357,0
XOM.US,D,20120627,000000,53.1329,53.6716,53.0687,53.3828,27146165.389451,0
XOM.US,D,20120628,000000,53.0375,53.5501,52.6253,53.3177,29831675.490225,0
XOM.US,D,20120629,000000,54.3972,54.9894,54.19,54.9038,38829938.326067,0
XOM.US,D,20120702,000000,54.8202,54.8396,54.2425,54.756,22517870.308988,0
XOM.US,D,20120703,000000,54.9807,55.3561,54.9359,55.3561,15260131.591677,0
XOM.US,D,20120705,000000,54.7502,55.2024,54.6325,54.9048,16827966.888229,0
XOM.US,D,20120706,000000,54.0646,54.5625,54.0247,54.4078,20666158.243443,0
XOM.US,D,20120709,000000,54.2289,54.2474,53.2671,53.6716,34852370.008853,0
XOM.US,D,20120710,000000,53.9478,54.1473,53.1426,53.3254,21985299.055516,0
XOM.US,D,20120711,000000,53.5647,54.3329,53.4072,54.1404,28584121.861136,0
XOM.US,D,20120712,000000,53.516,54.2474,53.4606,53.9732,24261236.567937,0
XOM.US,D,20120713,000000,54.1812,54.9048,54.0665,54.8396,21262575.857515,0
XOM.US,D,20120716,000000,54.4302,54.8056,54.3194,54.5712,17564757.858681,0
XOM.US,D,20120717,000000,54.6519,55.0663,53.9615,55.0069,21912385.403233,0
XOM.US,D,20120718,000000,54.757,55.3172,54.5829,55.3113,22137043.03011,0
XOM.US,D,20120719,000000,55.1907,55.4212,54.9331,55.3132,23226115.454496,0
XOM.US,D,20120720,000000,55.0975,55.2743,54.7103,55.1488,26243547.247889,0
XOM.US,D,20120723,000000,54.4078,54.8348,54.1083,54.6704,21194044.695271,0
XOM.US,D,20120724,000000,54.6714,54.7035,53.5744,54.2658,21739558.79297,0
XOM.US,D,20120725,000000,54.6257,54.8892,54.3194,54.6938,25819107.920692,0
XOM.US,D,20120726,000000,54.897,55.6284,54.7025,55.5126,29847810.086933,0
XOM.US,D,20120727,000000,55.5582,56.3617,54.8591,56.1146,37542565.939542,0
XOM.US,D,20120730,000000,56.0018,56.3538,55.8695,56.1797,17430809.138095,0
XOM.US,D,20120731,000000,56.0591,56.2439,55.6827,55.7207,19039162.416207,0
XOM.US,D,20120801,000000,55.8355,56.1146,55.2918,55.7635,22306647.039769,0
XOM.US,D,20120802,000000,55.2404,55.6604,54.8591,55.1042,22646511.095842,0
XOM.US,D,20120803,000000,55.8656,56.3918,55.6916,56.1729,21792538.388035,0
XOM.US,D,20120806,000000,56.1729,56.3821,56.0591,56.1146,15008057.181167,0
XOM.US,D,20120807,000000,56.3821,56.4598,56.2546,56.4083,19325924.512991,0
XOM.US,D,20120808,000000,56.2974,56.7818,56.2546,56.6407,20050105.798949,0
XOM.US,D,20120809,000000,56.7224,57.1396,56.5134,56.9568,18913857.339741,0
XOM.US,D,20120810,000000,56.6174,57.1474,56.2799,57.1133,17264637.496276,0
XOM.US,D,20120813,000000,56.8936,56.986,56.6805,56.9179,13497185.000659,0
XOM.US,D,20120814,000000,56.9383,57.2427,56.7662,56.9568,13434667.165898,0
XOM.US,D,20120815,000000,56.9509,57.2612,56.7711,56.8314,13178679.156823,0
XOM.US,D,20120816,000000,56.9509,57.3886,56.8022,57.2612,17516979.257188,0
XOM.US,D,20120817,000000,57.4051,57.4158,56.9335,57.0871,17308625.891699,0
XOM.US,D,20120820,000000,56.874,56.9714,56.5901,56.7944,13648586.561086,0
XOM.US,D,20120821,000000,56.9179,57.092,56.3529,56.4783,16670136.578925,0
XOM.US,D,20120822,000000,56.313,56.7711,56.1953,56.6543,15733498.098822,0
XOM.US,D,20120823,000000,56.6942,56.6942,56.1729,56.3821,14969639.956797,0
XOM.US,D,20120824,000000,56.2848,57.022,56.136,56.8606,15116840.002842,0
XOM.US,D,20120827,000000,56.874,56.9509,56.5784,56.663,12778358.94889,0
XOM.US,D,20120828,000000,56.5493,57.0871,56.452,56.8936,14940586.166091,0
XOM.US,D,20120829,000000,56.874,56.9509,56.663,56.7662,12972886.18556,0
XOM.US,D,20120830,000000,56.4307,56.6543,56.1953,56.313,13806109.417427,0
XOM.US,D,20120831,000000,56.5765,56.7292,56.2751,56.3781,21960910.529308,0
XOM.US,D,20120904,000000,56.3966,56.4783,55.8705,56.2614,16418548.540491,0
XOM.US,D,20120905,000000,56.5201,56.6096,56.2197,56.3966,15661845.106509,0
XOM.US,D,20120906,000000,56.7594,57.6395,56.7311,57.4703,24334741.475914,0
XOM.US,D,20120907,000000,57.6501,58.1189,57.6501,58.0684,24194323.903889,0
XOM.US,D,20120910,000000,58.0051,58.1189,57.731,57.7843,16648333.125444,0
XOM.US,D,20120911,000000,57.9604,58.0879,57.832,57.8729,14477541.440972,0
XOM.US,D,20120912,000000,57.8806,58.0567,57.7377,57.832,15458867.540623,0
XOM.US,D,20120913,000000,57.9332,59.1294,57.7533,58.9115,30774975.1084,0
XOM.US,D,20120914,000000,59.0885,59.6701,58.927,59.6069,33122754.814958,0
XOM.US,D,20120917,000000,59.3608,59.7332,59.1206,59.356,18418077.614546,0
XOM.US,D,20120918,000000,59.0458,59.5524,59.0243,59.1847,16956291.995955,0
XOM.US,D,20120919,000000,59.0769,59.2509,58.4885,58.4885,25243855.203951,0
XOM.US,D,20120920,000000,58.2104,59.212,58.1783,59.1021,18951691.534584,0
XOM.US,D,20120921,000000,59.4347,59.5591,59.179,59.3608,30361043.680238,0
XOM.US,D,20120924,000000,58.967,59.5466,58.9602,59.3345,17071457.294322,0
XOM.US,D,20120925,000000,59.4814,59.78,59.1138,59.2461,21734755.740187,0
XOM.US,D,20120926,000000,59.2782,59.4406,58.8308,58.9115,17988265.572558,0
XOM.US,D,20120927,000000,59.3025,59.5767,58.8891,59.2839,16465507.610177,0
XOM.US,D,20120928,000000,59.0739,59.1829,58.722,59.0545,19368512.40362,0
XOM.US,D,20121001,000000,59.2782,59.7332,59.1537,59.2831,16017236.051262,0
XOM.US,D,20121002,000000,59.4921,59.532,58.9466,59.2306,14722842.631897,0
XOM.US,D,20121003,000000,59.1847,59.2898,58.8727,59.2189,15994230.549246,0
XOM.US,D,20121004,000000,59.4716,59.7615,59.3579,59.5534,17818984.439922,0
XOM.US,D,20121005,000000,59.7927,60.0562,59.5591,59.7683,15321452.519259,0
XOM.US,D,20121008,000000,59.5105,59.9745,59.4396,59.851,13572949.019525,0
XOM.US,D,20121009,000000,59.9482,60.2915,59.4814,59.4951,21368825.020004,0
XOM.US,D,20121010,000000,59.2831,59.4279,58.5556,58.7841,23745056.978865,0
XOM.US,D,20121011,000000,59.1352,59.3345,58.8755,58.8755,15161539.96164,0
XOM.US,D,20121012,000000,59.0964,59.2296,58.4496,58.7841,15398440.180345,0
XOM.US,D,20121015,000000,58.9922,59.212,58.469,59.0964,16494131.583702,0
XOM.US,D,20121016,000000,59.3414,59.7216,59.2831,59.6594,14043997.804345,0
XOM.US,D,20121017,000000,59.8101,60.4082,59.8053,60.31,16660484.201175,0
XOM.US,D,20121018,000000,60.0387,60.4267,60.0387,60.3673,18296985.363442,0
XOM.US,D,20121019,000000,60.4267,60.4918,59.2519,59.5135,24667274.989642,0
XOM.US,D,20121022,000000,59.1994,59.5825,58.8191,59.5369,17724787.639168,0
XOM.US,D,20121023,000000,58.8474,59.0107,58.1278,58.2386,21811458.570269,0
XOM.US,D,20121024,000000,58.4174,58.5216,57.9721,58.045,17548311.695929,0
XOM.US,D,20121025,000000,58.5264,58.6402,57.9148,58.4,16084551.797453,0
XOM.US,D,20121026,000000,58.4836,58.8114,58.1278,58.5235,17936735.839283,0
XOM.US,D,20121031,000000,58.7851,59.0283,58.1918,58.8707,22993645.026283,0
XOM.US,D,20121101,000000,58.2823,59.1994,58.2493,59.1537,24433257.013915,0
XOM.US,D,20121102,000000,59.247,59.3763,58.1588,58.2949,19735458.027056,0
XOM.US,D,20121105,000000,58.1472,58.647,57.9255,58.5283,17378394.063684,0
XOM.US,D,20121106,000000,58.6743,59.4464,58.5965,59.1624,18623408.892234,0
XOM.US,D,20121107,000000,58.6411,58.6411,56.9918,57.3001,29857394.598813,0
XOM.US,D,20121108,000000,57.3613,57.4683,56.5522,56.5814,21152073.767107,0
XOM.US,D,20121109,000000,56.2809,57.1474,56.2809,56.6738,20631570.299433,0
XOM.US,D,20121112,000000,56.7098,56.9851,56.5056,56.7438,13856700.339485,0
XOM.US,D,20121113,000000,56.3704,57.1795,56.1739,56.1886,18869188.229068,0
XOM.US,D,20121114,000000,56.3635,56.6077,55.8082,55.9299,22353255.469121,0
XOM.US,D,20121115,000000,55.9424,56.2498,55.4776,55.9765,21215757.660925,0
XOM.US,D,20121116,000000,55.9366,56.349,55.2753,56.1788,26785114.842359,0
XOM.US,D,20121119,000000,56.7924,57.3136,56.5873,56.9704,19869298.779212,0
XOM.US,D,20121120,000000,56.8653,57.1056,56.3849,56.8586,15832051.682842,0
XOM.US,D,20121121,000000,57.0647,57.198,56.8459,57.1911,21400275.709884,0
XOM.US,D,20121123,000000,57.3448,57.8943,57.1911,57.8943,18360241.496618,0
XOM.US,D,20121126,000000,57.3915,57.5938,57.2058,57.587,25273357.320714,0
XOM.US,D,20121127,000000,57.4441,57.5364,56.6922,56.7652,18223006.422638,0
XOM.US,D,20121128,000000,56.2439,57.3079,56.0669,57.2495,24560164.136243,0
XOM.US,D,20121129,000000,57.4314,57.6346,56.9452,57.2621,17818678.015231,0
XOM.US,D,20121130,000000,57.2281,57.4451,57.0677,57.2757,23888643.681413,0
XOM.US,D,20121203,000000,57.5442,57.5626,56.8411,56.9325,16831787.942424,0
XOM.US,D,20121204,000000,56.7837,57.1649,56.663,56.663,18435524.284762,0
XOM.US,D,20121205,000000,56.7098,57.3613,56.6008,57.0073,19571699.736743,0
XOM.US,D,20121206,000000,57.0287,57.2222,56.6922,57.1824,18584815.833561,0
XOM.US,D,20121207,000000,57.2952,57.5987,57.0347,57.5743,16323048.920668,0
XOM.US,D,20121210,000000,57.5626,57.8,57.341,57.4518,17772908.654829,0
XOM.US,D,20121211,000000,57.5792,58.152,57.4441,57.8292,19440707.29463,0
XOM.US,D,20121212,000000,57.8943,58.7248,57.7776,58.1278,22671031.240708,0
XOM.US,D,20121213,000000,57.939,58.1278,57.3613,57.5626,18915831.619627,0
XOM.US,D,20121214,000000,57.1824,57.478,57.1328,57.2368,20565150.177086,0
XOM.US,D,20121217,000000,57.4246,57.7923,57.2495,57.7504,24123264.223814,0
XOM.US,D,20121218,000000,57.6705,58.3153,57.548,58.1967,23693489.199573,0
XOM.US,D,20121219,000000,58.1851,58.2327,57.4314,57.4732,23228129.836941,0
XOM.US,D,20121220,000000,57.4314,57.7923,57.1717,57.7639,24297896.477556,0
XOM.US,D,20121221,000000,57.0871,57.5743,56.5386,56.6855,50882704.173229,0
XOM.US,D,20121224,000000,56.6213,56.7438,56.4053,56.4822,9825948.8295923,0
XOM.US,D,20121226,000000,56.6738,56.9772,56.2566,56.5814,16524765.826587,0
XOM.US,D,20121227,000000,56.5697,56.6922,55.7207,56.4443,21942200.114313,0
XOM.US,D,20121228,000000,55.9503,56.0758,55.2812,55.2987,20557977.98844,0
XOM.US,D,20121231,000000,55.2219,56.315,55.0409,56.2439,30486283.975644,0
XOM.US,D,20130102,000000,57.0473,57.6521,56.6922,57.6483,24851012.581083,0
XOM.US,D,20130103,000000,57.5296,57.7639,57.2904,57.5442,20418779.945555,0
XOM.US,D,20130104,000000,57.5072,57.8943,57.4246,57.8087,17586002.961134,0
XOM.US,D,20130107,000000,57.3866,57.5034,56.9052,57.1405,18159093.224438,0
XOM.US,D,20130108,000000,57.0686,57.4947,56.7195,57.4947,21895657.494289,0
XOM.US,D,20130109,000000,57.4451,57.5374,57.0258,57.2757,16761623.886191,0
XOM.US,D,20130110,000000,57.6725,58.1472,57.4255,57.8972,20158533.867207,0
XOM.US,D,20130111,000000,57.8155,58.2949,57.7504,58.2327,17922267.041229,0
XOM.US,D,20130114,000000,58.2191,58.3241,58.044,58.2104,14783385.158501,0
XOM.US,D,20130115,000000,57.9517,58.2327,57.8359,58.1783,14150392.981284,0
XOM.US,D,20130116,000000,57.939,58.1472,57.8788,58.1422,14842621.781224,0
XOM.US,D,20130117,000000,58.329,59.0954,58.2259,58.613,20622688.09649,0
XOM.US,D,20130118,000000,58.5459,59.0204,58.3728,59.0019,26465011.065742,0
XOM.US,D,20130122,000000,58.6607,59.0954,58.6207,59.0827,18309817.154424,0
XOM.US,D,20130123,000000,58.8142,59.0545,58.7589,58.9367,16784117.309361,0
XOM.US,D,20130124,000000,59.0575,59.602,58.9709,59.3618,17081319.439311,0
XOM.US,D,20130125,000000,59.5077,59.6574,59.2179,59.6107,17068784.818581,0
XOM.US,D,20130128,000000,59.5698,59.5698,58.9816,59.2042,17878840.08165,0
XOM.US,D,20130129,000000,59.2695,59.7401,59.2635,59.6273,18006954.393867,0
XOM.US,D,20130130,000000,59.2461,59.604,58.7326,58.9135,24077492.80687,0
XOM.US,D,20130131,000000,58.933,59.2704,58.3153,58.4651,24609493.370063,0
XOM.US,D,20130201,000000,58.7725,58.8142,58.0674,58.5119,24162836.196262,0
XOM.US,D,20130204,000000,58.0986,58.2386,57.731,57.9283,20539819.75485,0
XOM.US,D,20130205,000000,58.4856,58.6081,58.1053,58.3153,17973442.021086,0
XOM.US,D,20130206,000000,58.0197,58.4146,56.2682,58.3465,18110403.57504,0
XOM.US,D,20130207,000000,58.3416,58.3465,57.2952,57.7144,20586207.105987,0
XOM.US,D,20130208,000000,57.8748,58.0722,57.6229,57.9487,17450419.290016,0
XOM.US,D,20130211,000000,57.7806,57.8826,57.5316,57.731,13402032.936358,0
XOM.US,D,20130212,000000,57.7144,57.9556,57.4965,57.8525,14912352.935461,0
XOM.US,D,20130213,000000,57.8525,58.0538,57.7075,57.9867,13671429.59632,0
XOM.US,D,20130214,000000,57.7746,58.079,57.5889,57.8894,20243580.086345,0
XOM.US,D,20130215,000000,57.9235,57.9487,57.4187,57.7853,24003368.879888,0
XOM.US,D,20130219,000000,57.9041,58.472,57.796,58.4146,18592424.009014,0
XOM.US,D,20130220,000000,58.2949,58.7404,58.1412,58.1831,21311230.545707,0
XOM.US,D,20130221,000000,58.0674,58.2191,57.7853,57.9361,16727950.074899,0
XOM.US,D,20130222,000000,58.2191,58.3854,57.8175,58.3348,15689215.617959,0
XOM.US,D,20130225,000000,58.7793,58.9816,57.3545,57.3545,23400983.182246,0
XOM.US,D,20130226,000000,57.8748,58.1918,57.3915,57.8826,23048949.541568,0
XOM.US,D,20130227,000000,57.8748,58.6304,57.7533,58.5516,17119543.348775,0
XOM.US,D,20130228,000000,58.6441,58.7326,58.2249,58.5624,22257678.728991,0
XOM.US,D,20130301,000000,58.2503,58.65,58.152,58.4856,17282786.475429,0
XOM.US,D,20130304,000000,58.329,58.3688,57.8525,58.1724,16812462.621506,0
XOM.US,D,20130305,000000,58.5167,58.9572,58.3942,58.6022,19989823.42485,0
XOM.US,D,20130306,000000,58.5975,58.8259,58.2386,58.5711,20236915.863462,0
XOM.US,D,20130307,000000,58.6149,58.6996,57.9935,58.013,19737297.60347,0
XOM.US,D,20130308,000000,58.2094,58.3552,57.7806,58.1831,18198412.242277,0
XOM.US,D,20130311,000000,58.2094,58.5624,57.9041,58.3076,19047422.515331,0
XOM.US,D,20130312,000000,58.4982,58.7988,58.2094,58.3076,17539533.348336,0
XOM.US,D,20130313,000000,58.2191,58.5303,58.0936,58.3728,16116420.993537,0
XOM.US,D,20130314,000000,58.472,58.7988,58.472,58.7472,21066433.207461,0
XOM.US,D,20130315,000000,58.3348,58.6022,58.0674,58.4466,44720118.045389,0
XOM.US,D,20130318,000000,58.0333,58.4603,57.9108,58.0538,17668466.16409,0
XOM.US,D,20130319,000000,58.1325,58.262,57.5636,57.9283,18330605.704654,0
XOM.US,D,20130320,000000,58.1724,58.3416,57.7464,57.9634,17308844.913373,0
XOM.US,D,20130321,000000,57.6297,57.9701,57.482,57.6589,20564498.253416,0
XOM.US,D,20130322,000000,57.8126,58.3942,57.7611,58.3942,16493779.915097,0
XOM.US,D,20130325,000000,58.5303,58.7929,57.9808,58.2191,19726632.379005,0
XOM.US,D,20130326,000000,58.472,59.0545,58.4389,58.9456,18853434.092547,0
XOM.US,D,20130327,000000,58.5711,59.3424,58.5119,59.2383,18886273.976241,0
XOM.US,D,20130328,000000,59.2782,59.4989,58.8492,58.93,26740634.933508,0
XOM.US,D,20130401,000000,58.9456,59.5077,58.8464,59.3618,14397751.742027,0
XOM.US,D,20130402,000000,59.2461,59.458,59.0428,59.2383,15278553.062586,0
XOM.US,D,20130403,000000,59.2831,59.3997,58.7656,58.8142,18651641.094591,0
XOM.US,D,20130404,000000,58.9223,59.0739,58.3552,58.7083,17710468.968647,0
XOM.US,D,20130405,000000,57.8583,58.3416,57.8126,58.2094,19529321.613353,0
XOM.US,D,20130408,000000,58.2755,58.2755,57.6501,57.942,16841378.623929,0
XOM.US,D,20130409,000000,58.0013,58.4262,57.9361,58.0538,16446218.278737,0
XOM.US,D,20130410,000000,57.8456,58.3076,57.6794,57.9935,22671016.844917,0
XOM.US,D,20130411,000000,58.1724,58.3785,57.7017,58.3465,22906384.940169,0
XOM.US,D,20130412,000000,58.1189,58.329,57.8175,58.1967,17594495.449452,0
XOM.US,D,20130415,000000,57.7387,57.9867,56.42,56.563,30024753.893375,0
XOM.US,D,20130416,000000,57.021,57.0463,56.3004,56.6397,22292854.843883,0
XOM.US,D,20130417,000000,56.3781,56.4909,55.6021,56.2935,26517142.337419,0
XOM.US,D,20130418,000000,56.4268,56.9499,56.0971,56.6476,22524147.902061,0
XOM.US,D,20130419,000000,57.0726,57.2184,56.5251,57.1902,28125957.309108,0
XOM.US,D,20130422,000000,57.2952,57.7611,57.0861,57.6074,17221880.969242,0
XOM.US,D,20130423,000000,57.8048,58.5245,57.5081,58.4029,23804465.322807,0
XOM.US,D,20130424,000000,58.4924,58.7851,58.4321,58.4856,19928932.314452,0
XOM.US,D,20130425,000000,58.1325,58.1412,57.3215,57.5938,24969971.170334,0
XOM.US,D,20130426,000000,57.4255,57.731,57.2904,57.551,16504016.350647,0
XOM.US,D,20130429,000000,57.7746,58.0936,57.5569,57.6872,16966243.600501,0
XOM.US,D,20130430,000000,57.7212,58.1967,57.3915,58.1967,22296575.127542,0
XOM.US,D,20130501,000000,57.8885,58.0986,57.2135,57.2281,17765654.204522,0
XOM.US,D,20130502,000000,57.5374,58.0986,57.3828,57.9634,17326454.050371,0
XOM.US,D,20130503,000000,58.2016,58.9816,58.152,58.8707,19934524.050918,0
XOM.US,D,20130506,000000,59.0204,59.4357,58.8142,59.2383,16228974.484139,0
XOM.US,D,20130507,000000,59.2635,59.6107,58.9572,59.6107,16956932.608647,0
XOM.US,D,20130508,000000,59.5437,60.0688,59.5329,59.9696,20856543.605435,0
XOM.US,D,20130509,000000,60.0173,60.2935,59.7187,59.9414,20917143.715204,0
XOM.US,D,20130510,000000,59.8403,59.8899,59.1274,59.3588,16667986.464739,0
XOM.US,D,20130513,000000,59.1343,59.3588,58.8901,59.3327,14900657.383683,0
XOM.US,D,20130514,000000,59.3638,60.0465,59.2782,59.9949,15029195.343459,0
XOM.US,D,20130515,000000,59.6876,60.1349,59.5369,60.0814,15794369.672074,0
XOM.US,D,20130516,000000,59.7907,60.1155,59.5961,59.7245,15899215.244958,0
XOM.US,D,20130517,000000,59.9696,60.5025,59.6147,60.4248,19320583.674594,0
XOM.US,D,20130520,000000,60.3255,61.0364,60.2254,60.9256,18858245.371496,0
XOM.US,D,20130521,000000,61.0209,61.5207,60.8342,61.1075,19013595.491693,0
XOM.US,D,20130522,000000,61.1269,61.5704,60.4549,60.7068,29239421.344514,0
XOM.US,D,20130523,000000,60.2935,60.8186,60.1613,60.4422,23322216.612722,0
XOM.US,D,20130524,000000,60.1718,60.4305,59.9239,60.2731,19395253.613356,0
XOM.US,D,20130528,000000,61.1969,61.3593,60.4248,60.8342,23079969.385994,0
XOM.US,D,20130529,000000,60.4248,60.8575,60.311,60.6358,17559681.285873,0
XOM.US,D,20130530,000000,60.5638,61.0296,60.3177,60.6407,14792438.054391,0
XOM.US,D,20130531,000000,60.5502,60.8303,59.568,59.5758,27219863.612332,0
XOM.US,D,20130603,000000,59.6147,60.2604,59.5825,60.2254,21533910.807885,0
XOM.US,D,20130604,000000,60.0416,60.2468,59.4084,59.7848,18954119.281881,0
XOM.US,D,20130605,000000,59.7148,60.0027,59.0088,59.036,19572340.349436,0
XOM.US,D,20130606,000000,58.9048,59.4163,58.6052,59.4163,23376433.217528,0
XOM.US,D,20130607,000000,59.851,60.2545,59.5894,60.2215,18991692.295945,0
XOM.US,D,20130610,000000,60.5327,60.5424,59.8403,60.0027,15752000.803121,0
XOM.US,D,20130611,000000,59.5175,59.9502,59.4163,59.568,16309133.332291,0
XOM.US,D,20130612,000000,60.0114,60.1349,58.9952,59.0944,16498661.116459,0
XOM.US,D,20130613,000000,59.0204,60.3907,59.0088,60.1409,20505214.330237,0
XOM.US,D,20130614,000000,60.0308,60.1204,59.4619,59.6477,18463680.395082,0
XOM.US,D,20130617,000000,59.9054,60.4305,59.7722,60.2604,18270226.673102,0
XOM.US,D,20130618,000000,60.1613,60.6203,60.096,60.5327,16216082.02518,0
XOM.US,D,20130619,000000,60.4422,60.7613,59.9239,59.9239,21550073.167904,0
XOM.US,D,20130620,000000,59.426,59.6088,58.469,58.6411,32017229.029922,0
XOM.US,D,20130621,000000,59.107,59.3588,58.5079,58.9213,38730872.663201,0
XOM.US,D,20130624,000000,58.5731,58.9367,57.9624,58.2628,26808565.585621,0
XOM.US,D,20130625,000000,58.9864,59.0146,58.2628,58.6801,23987440.965606,0
XOM.US,D,20130626,000000,58.8844,59.247,58.4281,59.1343,21939347.691187,0
XOM.US,D,20130627,000000,59.426,59.7061,59.2849,59.2908,18753871.774897,0
XOM.US,D,20130628,000000,59.568,60.1651,59.3763,59.9006,34681930.015053,0
XOM.US,D,20130701,000000,59.5232,60.0114,59.2403,59.4619,20018695.211629,0
XOM.US,D,20130702,000000,59.5105,59.9872,59.3444,59.6876,18710853.038815,0
XOM.US,D,20130703,000000,59.6799,59.8403,59.3588,59.7187,8625802.5962466,0
XOM.US,D,20130705,000000,59.9872,60.3255,59.64,60.2983,13542943.050082,0
XOM.US,D,20130708,000000,60.558,60.9314,60.5181,60.7476,18365487.734104,0
XOM.US,D,20130709,000000,61.0044,61.5286,60.7476,61.4624,19653913.0699,0
XOM.US,D,20130710,000000,61.4255,61.5003,60.8273,61.1211,18943571.280285,0
XOM.US,D,20130711,000000,61.7678,61.7746,61.2679,61.4205,24582318.230061,0
XOM.US,D,20130712,000000,61.4061,61.5383,61.0617,61.5062,17269176.283471,0
XOM.US,D,20130715,000000,61.3642,61.5704,61.2961,61.4061,12538752.321509,0
XOM.US,D,20130716,000000,61.3642,61.55,61.0909,61.439,17332428.303565,0
XOM.US,D,20130717,000000,61.6083,61.7289,61.334,61.5441,14266727.42352,0
XOM.US,D,20130718,000000,61.7678,62.4515,61.7094,62.151,16030112.057889,0
XOM.US,D,20130719,000000,62.3552,62.7228,62.1684,62.6703,21921537.013118,0
XOM.US,D,20130722,000000,62.4729,62.6877,62.4126,62.4456,14478915.210724,0
XOM.US,D,20130723,000000,62.464,62.8783,62.4515,62.6877,11204057.885716,0
XOM.US,D,20130724,000000,62.7617,62.7617,62.1753,62.5507,12487088.913035,0
XOM.US,D,20130725,000000,62.3552,62.7617,62.1753,62.539,15277225.565017,0
XOM.US,D,20130726,000000,62.4067,62.464,61.7959,62.4193,14765346.204321,0
XOM.US,D,20130729,000000,62.2345,62.2404,61.6433,61.9184,13433713.958891,0
XOM.US,D,20130730,000000,62.0459,62.1169,61.5441,61.7746,15903011.620653,0
XOM.US,D,20130731,000000,61.8544,62.2919,61.4926,61.7328,21873207.258491,0
XOM.US,D,20130801,000000,61.0364,61.3049,60.0883,61.0617,35103594.039433,0
XOM.US,D,20130802,000000,60.8828,60.9314,60.1486,60.5502,21833283.617437,0
XOM.US,D,20130805,000000,60.2021,60.4248,59.9316,60.311,19173618.074284,0
XOM.US,D,20130806,000000,60.1409,60.524,60.1097,60.2312,17751616.251922,0
XOM.US,D,20130807,000000,60.0416,60.2876,60.0114,60.1486,12397526.528657,0
XOM.US,D,20130808,000000,60.5327,60.5638,60.1097,60.4374,17509121.211938,0
XOM.US,D,20130809,000000,60.4724,60.5755,59.9599,60.1515,14279215.772065,0
XOM.US,D,20130812,000000,59.9599,59.9599,59.4678,59.602,15283594.674189,0
XOM.US,D,20130813,000000,59.5758,59.6204,59.1051,59.2782,16431543.826528,0
XOM.US,D,20130814,000000,59.2383,59.3307,58.9466,58.9786,14777170.289946,0
XOM.US,D,20130815,000000,58.7861,58.9251,58.3873,58.4545,17002640.272801,0
XOM.US,D,20130816,000000,58.3562,58.6752,58.1161,58.2882,17914507.709971,0
XOM.US,D,20130819,000000,58.2318,58.262,57.5403,57.6336,17713566.120218,0
XOM.US,D,20130820,000000,57.7746,58.262,57.5733,57.5733,24890860.1301,0
XOM.US,D,20130821,000000,57.6521,57.9185,57.2826,57.3001,19247082.8797,0
XOM.US,D,20130822,000000,57.4071,57.9672,57.3215,57.6715,15386854.65354,0
XOM.US,D,20130823,000000,57.7843,58.1452,57.5267,58.0304,13883662.627438,0
XOM.US,D,20130826,000000,58.0168,58.1501,57.5685,57.7445,16065137.016976,0
XOM.US,D,20130827,000000,57.4343,58.012,57.4071,57.5685,21054628.65898,0
XOM.US,D,20130828,000000,57.8914,59.0059,57.8699,58.9066,26758004.483414,0
XOM.US,D,20130829,000000,58.7656,58.7656,57.8389,57.8642,17205688.789371,0
XOM.US,D,20130830,000000,58.3378,58.4466,57.939,58.1841,18697080.380075,0
XOM.US,D,20130903,000000,58.1501,58.3475,57.5783,57.7843,15906381.263979,0
XOM.US,D,20130904,000000,57.693,58.3348,57.6192,58.1909,14824006.99541,0
XOM.US,D,20130905,000000,58.3873,58.5498,57.9059,57.9185,17704333.276941,0
XOM.US,D,20130906,000000,58.012,58.1695,57.5549,57.8535,19533138.554465,0
XOM.US,D,20130909,000000,57.9118,58.4807,57.8914,58.3738,14022213.888008,0
XOM.US,D,20130910,000000,58.613,58.613,57.8699,58.2318,17837024.422373,0
XOM.US,D,20130911,000000,58.2687,58.9106,58.2687,58.9066,16896926.839386,0
XOM.US,D,20130912,000000,58.7404,58.8794,58.262,58.3348,16466326.113715,0
XOM.US,D,20130913,000000,58.4486,58.932,58.4486,58.613,12448706.649869,0
XOM.US,D,20130916,000000,58.932,59.1323,58.6752,58.7929,14235421.719819,0
XOM.US,D,20130917,000000,58.8201,59.2461,58.7803,58.9719,13489343.40774,0
XOM.US,D,20130918,000000,58.9524,59.5894,58.5955,59.3958,22828539.701258,0
XOM.US,D,20130919,000000,59.4386,59.5038,58.999,59.1974,17746372.070976,0
XOM.US,D,20130920,000000,59.3628,59.5115,58.7404,58.7861,31167149.355265,0
XOM.US,D,20130923,000000,58.5419,58.9524,58.1101,58.1821,18441996.22101,0
XOM.US,D,20130924,000000,58.0762,58.3961,57.8699,57.9245,18274066.23617,0
XOM.US,D,20130925,000000,58.0762,58.0829,57.6424,57.7796,20477021.202168,0
XOM.US,D,20130926,000000,57.9507,57.9828,57.5597,57.729,14760598.678159,0
XOM.US,D,20130927,000000,57.585,57.693,57.4265,57.6192,16394709.110877,0
XOM.US,D,20130930,000000,57.4508,57.8758,57.1512,57.4362,26199958.849799,0
XOM.US,D,20131001,000000,57.0152,57.2475,56.877,57.022,17927233.589065,0
XOM.US,D,20131002,000000,56.8556,57.0939,56.5425,57.0764,17859584.683145,0
XOM.US,D,20131003,000000,57.0481,57.057,56.5863,56.6922,21004568.324642,0
XOM.US,D,20131004,000000,57.2271,57.3001,56.81,57.2349,17081081.908762,0
XOM.US,D,20131007,000000,56.7302,57.2155,56.5367,56.9549,16568431.344986,0
XOM.US,D,20131008,000000,56.9315,56.9918,56.6738,56.6992,23141362.292528,0
XOM.US,D,20131009,000000,56.5911,56.7545,56.2479,56.4656,20449587.966202,0
XOM.US,D,20131010,000000,56.7039,57.0481,56.2187,57.0481,26456650.196083,0
XOM.US,D,20131011,000000,56.9549,57.6521,56.6922,57.6521,19095722.450105,0
XOM.US,D,20131014,000000,57.3623,58.1763,57.3623,58.0829,14691449.52518,0
XOM.US,D,20131015,000000,57.9964,58.0703,57.4469,57.5471,18132220.396042,0
XOM.US,D,20131016,000000,58.0051,58.254,57.4994,57.8914,17597528.848235,0
XOM.US,D,20131017,000000,57.7746,58.0168,57.693,58.0051,15729923.829612,0
XOM.US,D,20131018,000000,58.1452,58.1763,57.8836,58.0499,18739210.690209,0
XOM.US,D,20131021,000000,58.0168,58.1161,57.5783,57.8389,16184059.61675,0
XOM.US,D,20131022,000000,57.8126,58.4486,57.7746,58.3348,19176147.620387,0
XOM.US,D,20131023,000000,58.0304,58.1161,57.6521,58.0898,17273902.215947,0
XOM.US,D,20131024,000000,58.3348,58.8328,58.3299,58.6275,18547631.505847,0
XOM.US,D,20131025,000000,58.5021,58.7803,58.2318,58.3299,17166004.735407,0
XOM.US,D,20131028,000000,58.2376,58.6528,58.0898,58.5021,14963864.159862,0
XOM.US,D,20131029,000000,58.647,59.0321,58.6421,58.967,15594432.702866,0
XOM.US,D,20131030,000000,58.9913,59.3307,58.8075,58.8862,21577976.323615,0
XOM.US,D,20131031,000000,59.9405,60.7204,59.5456,59.8296,28738740.880812,0
XOM.US,D,20131101,000000,59.5038,59.7013,58.5274,59.5534,28692688.745949,0
XOM.US,D,20131104,000000,59.6739,61.1824,59.6739,61.0656,31069488.310277,0
XOM.US,D,20131105,000000,60.5657,61.8301,60.4968,60.9957,31844730.438037,0
XOM.US,D,20131106,000000,61.2786,61.8504,61.0831,61.8096,20306121.571335,0
XOM.US,D,20131107,000000,61.8417,62.0683,61.2591,61.3875,24834896.49325,0
XOM.US,D,20131108,000000,61.2816,61.9633,61.0686,61.903,18470465.953917,0
XOM.US,D,20131111,000000,61.9817,62.2375,61.7503,62.0546,11873831.308504,0
XOM.US,D,20131112,000000,61.8641,62.2968,61.7503,61.8641,16069259.354508,0
XOM.US,D,20131113,000000,61.5635,61.9107,61.4614,61.8096,13903075.351373,0
XOM.US,D,20131114,000000,61.8698,62.364,61.8698,62.2307,11835476.80865,0
XOM.US,D,20131115,000000,62.8531,63.6146,62.7685,63.598,27522705.807474,0
XOM.US,D,20131118,000000,64.0707,64.0872,63.459,63.7177,21337743.479332,0
XOM.US,D,20131119,000000,63.6855,63.9442,63.5261,63.7002,19018789.28737,0
XOM.US,D,20131120,000000,63.9209,64.0541,62.9951,63.2051,15667759.719998,0
XOM.US,D,20131121,000000,63.317,63.6778,63.1712,63.2119,13674280.991175,0
XOM.US,D,20131122,000000,63.3909,63.4668,62.9445,63.4269,12794980.945945,0
XOM.US,D,20131125,000000,63.5591,63.9209,63.3044,63.4785,15752471.751136,0
XOM.US,D,20131126,000000,63.2577,63.2917,62.8531,62.9309,17762818.233729,0
XOM.US,D,20131127,000000,62.9902,63.031,62.4048,62.6158,13224352.888043,0
XOM.US,D,20131129,000000,62.5176,62.8997,62.2842,62.4048,10142068.056962,0
XOM.US,D,20131202,000000,62.2648,62.7772,62.0313,62.431,13947634.437073,0
XOM.US,D,20131203,000000,62.4845,63.0728,62.2375,63.0105,18885150.076287,0
XOM.US,D,20131204,000000,62.8755,63.352,62.6965,63.1964,19585625.60783,0
XOM.US,D,20131205,000000,62.7987,63.1837,62.6965,62.8384,15858853.560554,0
XOM.US,D,20131206,000000,63.3977,63.8918,63.1477,63.8499,18069221.330559,0
XOM.US,D,20131209,000000,64.0541,64.2535,63.8217,63.9793,23247470.581921,0
XOM.US,D,20131210,000000,64.0191,64.0707,63.6778,63.8918,14782214.98636,0
XOM.US,D,20131211,000000,63.6729,63.7799,62.857,62.925,19191723.866065,0
XOM.US,D,20131212,000000,63.0826,64.0075,62.9367,63.6583,23309274.796766,0
XOM.US,D,20131213,000000,63.5057,64.0337,63.1906,63.6262,15922789.380712,0
XOM.US,D,20131216,000000,64.274,66.0069,64.1738,64.9011,34786927.772011,0
XOM.US,D,20131217,000000,64.7679,64.8409,64.1076,64.59,22345922.870236,0
XOM.US,D,20131218,000000,65.0422,66.7227,64.7612,66.4495,31956608.35474,0
XOM.US,D,20131219,000000,66.4242,66.4903,66.0896,66.3774,19332750.174386,0
XOM.US,D,20131220,000000,66.3492,66.4903,65.8211,65.8757,34952814.582824,0
XOM.US,D,20131223,000000,66.0896,66.2821,65.6821,65.7599,15176454.000939,0
XOM.US,D,20131224,000000,65.6413,66.3823,65.6413,66.2355,6244030.3144575,0
XOM.US,D,20131226,000000,66.3706,67.4405,66.3424,67.3539,14282844.539625,0
XOM.US,D,20131227,000000,67.5843,67.9189,67.4161,67.7673,15297672.729349,0
XOM.US,D,20131230,000000,67.7817,67.7964,66.9628,66.9628,13495127.430841,0
XOM.US,D,20131231,000000,67.0845,67.6855,67.0446,67.558,12747503.627789,0
XOM.US,D,20140102,000000,67.1564,67.2604,66.3492,66.5904,16522531.394195,0
XOM.US,D,20140103,000000,66.6031,66.8725,66.184,66.4309,13924694.744386,0
XOM.US,D,20140106,000000,66.7149,66.8472,66.0147,66.5302,17750994.148103,0
XOM.US,D,20140107,000000,66.4971,67.5688,66.3706,67.4705,16756331.376519,0
XOM.US,D,20140108,000000,67.5513,67.5513,66.854,67.2497,16747958.16761,0
XOM.US,D,20140109,000000,66.8909,67.0124,66.111,66.5963,17494963.979928,0
XOM.US,D,20140110,000000,66.7499,67.1739,66.1703,67.1,15783619.101137,0
XOM.US,D,20140113,000000,66.6935,66.8258,65.6004,65.7881,18143121.094512,0
XOM.US,D,20140114,000000,65.9563,66.2695,65.8543,66.1703,13885882.664039,0
XOM.US,D,20140115,000000,66.1956,66.321,65.8406,65.9418,14121634.304289,0
XOM.US,D,20140116,000000,65.9496,66.1187,65.5907,66.0478,14113491.428034,0
XOM.US,D,20140117,000000,66.2082,66.9814,65.8688,66.1956,23964781.99084,0
XOM.US,D,20140121,000000,65.7599,66.0147,65.4477,65.7541,20743361.841391,0
XOM.US,D,20140122,000000,66.0069,66.0555,65.3106,65.3437,17448687.682035,0
XOM.US,D,20140123,000000,64.9196,65.0149,64.094,64.734,23065320.640553,0
XOM.US,D,20140124,000000,64.2535,64.2535,63.2984,63.317,21973787.564205,0
XOM.US,D,20140127,000000,63.4668,63.8053,63.2518,63.3647,18690075.799566,0
XOM.US,D,20140128,000000,63.6516,64.0337,63.2645,63.8499,16139614.669104,0
XOM.US,D,20140129,000000,63.3724,64.2194,63.1837,63.49,19764569.400926,0
XOM.US,D,20140130,000000,62.7539,63.385,62.1227,62.7442,21918826.49136,0
XOM.US,D,20140131,000000,61.9817,62.2716,61.2144,61.5207,26022487.54045,0
XOM.US,D,20140203,000000,61.3564,61.6228,59.8442,60.1155,30530925.323007,0
XOM.US,D,20140204,000000,60.3352,60.5093,59.672,60.095,26518664.178164,0
XOM.US,D,20140205,000000,60.2808,60.4871,59.6672,59.7994,24558032.530931,0
XOM.US,D,20140206,000000,60.1768,60.626,60.0017,60.3693,20303174.547297,0
XOM.US,D,20140207,000000,60.5862,60.9294,60.3392,60.8984,18788446.351388,0
XOM.US,D,20140210,000000,60.8059,60.8615,60.0756,60.1855,18208271.302454,0
XOM.US,D,20140211,000000,60.2108,61.1814,60.1038,61.0715,19967535.655833,0
XOM.US,D,20140212,000000,61.1881,61.756,60.9363,61.233,15994471.164606,0
XOM.US,D,20140213,000000,60.9052,61.6141,60.7757,61.4654,14541929.700269,0
XOM.US,D,20140214,000000,61.725,63.4832,61.582,63.2684,27272622.129181,0
XOM.US,D,20140218,000000,63.2431,63.6778,62.7636,63.2431,19309837.21674,0
XOM.US,D,20140219,000000,63.0602,64.06,63.0602,63.1614,18188450.355024,0
XOM.US,D,20140220,000000,63.0943,64.3838,63.0292,64.1163,21456674.305272,0
XOM.US,D,20140221,000000,64.1903,64.2573,63.8285,63.8879,16787061.248587,0
XOM.US,D,20140224,000000,64.2787,65.3778,64.1426,64.8361,23849977.615515,0
XOM.US,D,20140225,000000,64.9051,65.192,64.5161,64.7495,15862453.536533,0
XOM.US,D,20140226,000000,64.9178,65.1201,64.2244,64.3985,13517646.560782,0
XOM.US,D,20140227,000000,64.2573,64.5763,63.9774,64.4334,13537476.76265,0
XOM.US,D,20140228,000000,64.5161,65.0986,64.3915,64.7213,18818718.64296,0
XOM.US,D,20140303,000000,64.378,64.9051,63.7537,64.2048,17696469.062065,0
XOM.US,D,20140304,000000,64.8361,65.1201,64.4509,64.8895,18691439.286611,0
XOM.US,D,20140305,000000,64.0026,64.06,62.7938,63.0602,29505437.050173,0
XOM.US,D,20140306,000000,62.9746,63.1555,62.7042,63.035,18759028.552827,0
XOM.US,D,20140307,000000,63.4832,63.9073,63.1896,63.8616,18830425.505717,0
XOM.US,D,20140310,000000,63.9617,64.2389,63.6399,64.2048,14825888.730925,0
XOM.US,D,20140311,000000,64.1126,64.2643,62.8726,63.2013,18064420.334317,0
XOM.US,D,20140312,000000,62.9532,63.5144,62.895,63.3373,14436946.339102,0
XOM.US,D,20140313,000000,63.49,63.5776,62.7451,62.9532,14685077.331196,0
XOM.US,D,20140314,000000,62.9144,63.3443,62.7189,62.8394,17450443.968516,0
XOM.US,D,20140317,000000,63.1614,63.5533,63.0292,63.4093,12905304.117239,0
XOM.US,D,20140318,000000,63.4706,64.0376,63.2431,63.6729,13026010.766804,0
XOM.US,D,20140319,000000,63.6321,64.0667,62.609,63.0145,14720659.613044,0
XOM.US,D,20140320,000000,62.8327,63.6942,62.5283,63.5854,15476860.222618,0
XOM.US,D,20140321,000000,63.9355,64.5326,63.4045,63.4045,36416518.95468,0
XOM.US,D,20140324,000000,63.7118,63.9355,63.5184,63.6262,14189875.494176,0
XOM.US,D,20140325,000000,63.9355,64.4207,63.7332,63.8062,14576299.650876,0
XOM.US,D,20140326,000000,64.2438,64.2573,63.4706,63.6661,16411869.921818,0
XOM.US,D,20140327,000000,63.6204,64.8739,63.2372,64.7008,22947539.42134,0
XOM.US,D,20140328,000000,64.8565,65.863,64.8565,65.6821,18328004.179597,0
XOM.US,D,20140331,000000,66.2141,66.4552,65.4293,65.6694,18407448.379561,0
XOM.US,D,20140401,000000,65.649,65.8378,65.401,65.7026,14094067.393122,0
XOM.US,D,20140402,000000,65.5694,65.9253,65.3339,65.8484,14206548.904769,0
XOM.US,D,20140403,000000,65.7696,66.2491,65.5917,65.8378,15049521.171839,0
XOM.US,D,20140404,000000,66.0857,66.3639,65.401,65.4516,18587280.598605,0
XOM.US,D,20140407,000000,65.3778,65.5694,65.0441,65.0626,15062423.913506,0
XOM.US,D,20140408,000000,65.2192,65.8056,65.0441,65.5168,15247283.348362,0
XOM.US,D,20140409,000000,65.7171,65.7443,64.9614,65.437,15565880.708297,0
XOM.US,D,20140410,000000,65.1987,65.7395,64.695,65.0626,20005999.152389,0
XOM.US,D,20140411,000000,64.8807,65.51,64.728,65.0246,19861145.620248,0
XOM.US,D,20140414,000000,65.5412,65.9253,65.0393,65.7901,14295405.895395,0
XOM.US,D,20140415,000000,65.6004,66.3551,65.26,66.3414,19279910.424146,0
XOM.US,D,20140416,000000,66.5924,67.2965,66.536,67.1885,18605093.333215,0
XOM.US,D,20140417,000000,67.0213,67.8838,67.0213,67.5085,22965531.075064,0
XOM.US,D,20140421,000000,67.2497,67.8576,67.1564,67.8576,11904806.937285,0
XOM.US,D,20140422,000000,67.5843,67.806,67.3752,67.4774,12215369.389394,0
XOM.US,D,20140423,000000,67.6261,67.8712,67.4492,67.5639,12927572.349111,0
XOM.US,D,20140424,000000,67.5513,67.633,67.1349,67.2401,13472960.997775,0
XOM.US,D,20140425,000000,67.2245,67.6106,67.1808,67.5026,15464104.523672,0
XOM.US,D,20140428,000000,67.7147,68.2116,67.4335,68.0142,18906492.864462,0
XOM.US,D,20140429,000000,68.2885,68.9575,68.054,68.2068,15010147.65565,0
XOM.US,D,20140430,000000,67.9947,68.8554,67.7068,68.8554,20774935.923764,0
XOM.US,D,20140501,000000,68.5481,68.8408,68.0346,68.1785,16600881.514057,0
XOM.US,D,20140502,000000,68.0405,69.1832,67.8888,68.5792,16614690.162275,0
XOM.US,D,20140505,000000,68.3623,69.3281,68.2885,69.1832,11325837.021698,0
XOM.US,D,20140506,000000,68.974,69.4476,68.8554,69.0198,14381974.983548,0
XOM.US,D,20140507,000000,69.3203,69.5508,69.1005,69.3154,16372827.508817,0
XOM.US,D,20140508,000000,69.3047,69.4409,68.69,68.7932,13272398.839937,0
XOM.US,D,20140509,000000,68.8612,69.1597,68.5403,68.9993,13221049.054047,0
XOM.US,D,20140512,000000,69.2599,69.2735,68.7251,69.1929,13046305.747062,0
XOM.US,D,20140513,000000,69.1597,69.5226,68.9945,69.2794,11123089.788466,0
XOM.US,D,20140514,000000,69.2794,69.5032,69.1093,69.2356,10340660.048,0
XOM.US,D,20140515,000000,69.1238,69.3203,67.912,68.2116,20179618.559418,0
XOM.US,D,20140516,000000,68.0823,68.3623,67.9062,68.1844,15320010.883633,0
XOM.US,D,20140519,000000,67.986,68.4383,67.9723,68.2729,8644913.008573,0
XOM.US,D,20140520,000000,68.1504,68.4158,67.9947,68.1338,9071417.1034833,0
XOM.US,D,20140521,000000,68.2592,69.1832,68.1717,69.0538,11446929.272804,0
XOM.US,D,20140522,000000,68.9167,69.011,68.6843,68.7057,7836711.7177095,0
XOM.US,D,20140523,000000,68.7386,68.9866,68.5481,68.5792,7994692.154545,0
XOM.US,D,20140527,000000,68.7786,68.974,68.3138,68.6074,12350791.622,0
XOM.US,D,20140528,000000,68.5675,69.083,68.3944,68.4012,11209010.037762,0
XOM.US,D,20140529,000000,68.7329,68.8078,68.376,68.5481,9032400.3972519,0
XOM.US,D,20140530,000000,68.2233,68.4635,67.9404,68.0405,16996616.662611,0
XOM.US,D,20140602,000000,68.0405,68.2816,67.4627,67.6455,11468181.573151,0
XOM.US,D,20140603,000000,67.4103,68.1504,67.4103,67.9539,13864397.974496,0
XOM.US,D,20140604,000000,67.8303,68.0016,67.6572,67.7147,10569508.906548,0
XOM.US,D,20140605,000000,67.7506,68.2467,67.6572,68.054,18166931.732545,0
XOM.US,D,20140606,000000,68.0968,68.7932,68.0891,68.7728,13800337.733574,0
XOM.US,D,20140609,000000,68.5618,69.0061,68.4907,68.7173,9462165.1387852,0
XOM.US,D,20140610,000000,68.69,68.8612,68.3623,68.6755,11697471.559861,0
XOM.US,D,20140611,000000,68.4907,69.2599,68.3623,68.9993,15173513.146526,0
XOM.US,D,20140612,000000,69.3563,69.6859,68.7523,68.8155,16873630.336741,0
XOM.US,D,20140613,000000,68.9866,69.4865,68.7932,69.4788,12175147.549817,0
XOM.US,D,20140616,000000,69.4272,69.8853,69.153,69.6646,13262954.172882,0
XOM.US,D,20140617,000000,69.434,69.4409,68.6706,69.3203,13874287.882796,0
XOM.US,D,20140618,000000,69.4272,69.6859,69.0771,69.5371,14147533.360263,0
XOM.US,D,20140619,000000,69.4545,69.6081,68.8282,69.4691,16409174.824119,0
XOM.US,D,20140620,000000,69.9076,70.4357,69.6781,70.2733,26122109.497804,0
XOM.US,D,20140623,000000,70.4708,70.8189,70.3084,70.6565,12637310.018613,0
XOM.US,D,20140624,000000,70.5184,70.7197,69.3563,69.5371,14341827.179466,0
XOM.US,D,20140625,000000,69.2599,69.4623,68.7251,69.1296,15831927.262078,0
XOM.US,D,20140626,000000,68.9945,69.295,68.2592,69.0538,12446252.167534,0
XOM.US,D,20140627,000000,68.8204,68.904,68.1289,68.5062,22379450.667077,0
XOM.US,D,20140630,000000,68.5062,68.5481,68.0346,68.1435,14089121.410701,0
XOM.US,D,20140701,000000,68.4635,68.7659,68.2184,68.6074,12416498.124431,0
XOM.US,D,20140702,000000,68.4635,68.8029,68.3867,68.7523,10274526.813198,0
XOM.US,D,20140703,000000,68.9993,69.8999,68.8282,69.4409,10227572.884866,0
XOM.US,D,20140707,000000,69.2599,69.4788,69.0489,69.4788,11789922.356841,0
XOM.US,D,20140708,000000,69.2405,69.8766,69.153,69.6081,14205014.724775,0
XOM.US,D,20140709,000000,69.6928,70.1761,69.5945,70.0837,11310456.147468,0
XOM.US,D,20140710,000000,69.6334,69.7667,69.0606,69.4272,12607850.06095,0
XOM.US,D,20140711,000000,69.3124,69.3796,68.5792,68.8681,11360640.90257,0
XOM.US,D,20140714,000000,69.153,69.7744,69.1443,69.5032,12193306.811678,0
XOM.US,D,20140715,000000,69.3961,69.4476,68.8681,69.3047,12942558.367364,0
XOM.US,D,20140716,000000,69.4185,70.2461,69.4039,70.2315,13118698.066062,0
XOM.US,D,20140717,000000,69.9719,70.3151,69.2356,69.2463,12034619.952821,0
XOM.US,D,20140718,000000,69.5119,69.6928,68.9429,69.5371,12127037.845134,0
XOM.US,D,20140721,000000,69.2794,69.8522,69.0771,69.7744,9798771.6330475,0
XOM.US,D,20140722,000000,70.1333,70.5261,70.0545,70.0769,10971855.836176,0
XOM.US,D,20140723,000000,70.1391,70.7031,70.071,70.5622,10366536.482015,0
XOM.US,D,20140724,000000,70.6681,70.885,70.3589,70.5836,11735137.118296,0
XOM.US,D,20140725,000000,70.3443,70.3861,69.6928,69.8454,11501268.241831,0
XOM.US,D,20140728,000000,69.9135,70.7527,69.6081,70.6477,13589003.411112,0
XOM.US,D,20140729,000000,70.533,70.9084,70.071,70.0837,11900456.323642,0
XOM.US,D,20140730,000000,70.1955,70.5,69.4272,69.8853,16358130.43465,0
XOM.US,D,20140731,000000,69.0198,69.0198,66.9638,66.9698,27031915.252072,0
XOM.US,D,20140801,000000,66.7528,67.3811,66.4542,66.8754,22036531.618537,0
XOM.US,D,20140804,000000,66.8326,67.9783,66.5418,67.773,17953647.808695,0
XOM.US,D,20140805,000000,67.2712,67.3752,66.185,66.4669,19310670.116066,0
XOM.US,D,20140806,000000,66.4669,67.4492,66.4669,66.995,14650500.698165,0
XOM.US,D,20140807,000000,67.5299,67.5785,66.0808,66.5155,14799627.723641,0
XOM.US,D,20140808,000000,66.851,67.5464,66.5496,67.5085,16557217.02393,0
XOM.US,D,20140811,000000,67.666,67.7613,67.1564,67.2906,12610521.508421,0
XOM.US,D,20140812,000000,66.9366,67.2614,66.6712,67.1282,14061582.262843,0
XOM.US,D,20140813,000000,67.4201,67.6874,67.1215,67.5386,11223382.178364,0
XOM.US,D,20140814,000000,67.5464,67.666,67.2031,67.5386,9606478.8287695,0
XOM.US,D,20140815,000000,67.6398,67.769,66.8909,67.4978,13549052.006747,0
XOM.US,D,20140818,000000,67.666,67.8372,67.5464,67.8303,10479815.931783,0
XOM.US,D,20140819,000000,67.8149,68.1241,67.769,67.808,13040616.324872,0
XOM.US,D,20140820,000000,67.8508,68.0891,67.5026,67.9539,9906639.2937341,0
XOM.US,D,20140821,000000,68.023,68.2068,67.6525,67.666,10015422.115409,0
XOM.US,D,20140822,000000,67.4093,67.4627,66.8463,67.1342,11878398.887279,0
XOM.US,D,20140825,000000,67.3452,67.4093,67.1342,67.3082,11106625.116839,0
XOM.US,D,20140826,000000,67.558,68.3692,67.49,67.912,12524417.198655,0
XOM.US,D,20140827,000000,68.0064,68.1289,67.5386,67.8372,8581943.7629425,0
XOM.US,D,20140828,000000,67.5026,67.9783,67.4822,67.8654,8896029.0707226,0
XOM.US,D,20140829,000000,67.7361,67.9324,67.2848,67.7915,13019383.561669,0
XOM.US,D,20140902,000000,67.769,67.8791,66.6662,67.1282,13155518.38592,0
XOM.US,D,20140903,000000,67.3811,67.8791,67.3811,67.5513,12443295.889059,0
XOM.US,D,20140904,000000,67.4774,67.7837,66.7723,67.0397,14176846.275204,0
XOM.US,D,20140905,000000,67.2983,67.6797,66.8705,67.6525,13917531.810177,0
XOM.US,D,20140908,000000,67.4201,67.4201,66.4202,66.6371,14787875.61697,0
XOM.US,D,20140909,000000,66.5836,66.8161,66.0847,66.3784,14322163.557464,0
XOM.US,D,20140910,000000,66.3589,66.4747,65.3116,65.9836,17766582.733031,0
XOM.US,D,20140911,000000,65.649,66.1947,65.3077,66.1343,14937615.491826,0
XOM.US,D,20140912,000000,65.7852,65.8348,65.1803,65.2825,15067313.341035,0
XOM.US,D,20140915,000000,65.2464,65.7036,65.0228,65.6277,15691276.272589,0
XOM.US,D,20140916,000000,65.5898,66.8296,65.4449,66.4057,16993807.426857,0
XOM.US,D,20140917,000000,66.7334,66.747,65.9778,66.1673,12878694.526161,0
XOM.US,D,20140918,000000,66.2423,66.3307,65.7579,65.8455,12671606.961994,0
XOM.US,D,20140919,000000,66.1673,66.4961,66.0234,66.1947,26671323.313747,0
XOM.US,D,20140922,000000,66.0458,66.1159,65.615,65.7998,12947791.237331,0
XOM.US,D,20140923,000000,65.6218,66.2209,65.4497,65.4497,15113059.051208,0
XOM.US,D,20140924,000000,65.3437,65.6004,64.6415,65.3077,17899758.193996,0
XOM.US,D,20140925,000000,65.1987,65.3592,64.2048,64.2389,18859655.130727,0
XOM.US,D,20140926,000000,64.2583,65.2678,63.9315,65.0432,16514006.001212,0
XOM.US,D,20140929,000000,64.5502,64.5998,63.9315,64.3605,20574289.44772,0
XOM.US,D,20140930,000000,64.1426,64.6172,63.807,64.1028,22857260.332234,0
XOM.US,D,20141001,000000,64.1426,64.4374,63.1935,63.2917,20582441.578414,0
XOM.US,D,20141002,000000,62.9727,63.9997,62.7451,63.5903,20183536.271066,0
XOM.US,D,20141003,000000,63.7945,64.1426,63.1011,64.0153,16977732.469854,0
XOM.US,D,20141006,000000,64.0483,64.9751,64.0075,64.4237,15551541.472359,0
XOM.US,D,20141007,000000,64.2526,64.8779,63.6136,63.6379,15827572.535352,0
XOM.US,D,20141008,000000,63.6729,64.6318,62.9902,64.484,22877109.042976,0
XOM.US,D,20141009,000000,64.0969,64.4022,62.4505,62.5837,26287230.246891,0
XOM.US,D,20141010,000000,62.8813,63.5679,61.9554,62.432,26663422.081123,0
XOM.US,D,20141013,000000,62.2404,63.0661,61.8601,61.9137,21203229.209819,0
XOM.US,D,20141014,000000,62.359,62.8618,61.3798,61.7191,33922331.998843,0
XOM.US,D,20141015,000000,60.6592,61.756,59.2353,61.4936,36244774.08527,0
XOM.US,D,20141016,000000,60.3723,62.2073,60.1029,61.7503,36993631.81325,0
XOM.US,D,20141017,000000,62.1111,62.8745,61.6822,62.1664,26694557.091875,0
XOM.US,D,20141020,000000,61.7717,62.6294,61.7717,62.5488,15883200.95593,0
XOM.US,D,20141021,000000,63.2917,64.0902,62.9484,63.8304,23118629.282266,0
XOM.US,D,20141022,000000,64.059,64.4675,63.3744,63.4745,18696075.75953,0
XOM.US,D,20141023,000000,64.273,64.735,63.9793,64.1426,16652506.876514,0
XOM.US,D,20141024,000000,64.1981,64.4304,63.5368,64.4022,14290542.174636,0
XOM.US,D,20141027,000000,63.9667,63.9667,63.2314,63.8693,16717954.254709,0
XOM.US,D,20141028,000000,64.3868,64.8837,64.0191,64.8166,18443283.616019,0
XOM.US,D,20141029,000000,65.0149,65.4186,63.807,64.4675,18208022.460926,0
XOM.US,D,20141030,000000,63.9793,64.5239,63.5368,64.3741,14331424.164051,0
XOM.US,D,20141031,000000,64.7427,66.0401,64.2797,65.9146,25666693.513553,0
XOM.US,D,20141103,000000,65.8144,66.182,64.6124,64.9265,19675090.306482,0
XOM.US,D,20141104,000000,64.5355,64.6755,63.9928,64.4237,19801243.706335,0
XOM.US,D,20141105,000000,64.9936,65.2756,64.5132,64.7962,18310252.112962,0
XOM.US,D,20141106,000000,64.9138,65.7181,64.2583,65.6063,21612766.836967,0
XOM.US,D,20141107,000000,65.7648,66.6984,65.7123,66.3094,19276646.692711,0
XOM.US,D,20141110,000000,66.5011,66.6595,65.9525,66.0954,13237681.333809,0
XOM.US,D,20141111,000000,65.7716,66.2539,65.6344,66.1858,11638907.426224,0
XOM.US,D,20141112,000000,65.8358,66.179,65.2931,65.4789,16886649.273004,0
XOM.US,D,20141113,000000,65.189,65.3641,64.4149,64.9829,17997063.457296,0
XOM.US,D,20141114,000000,65.1151,65.2931,64.978,65.2795,13623567.704893,0
XOM.US,D,20141117,000000,65.1151,65.3106,64.661,65.2931,12679472.20514,0
XOM.US,D,20141118,000000,65.2727,65.7337,64.8934,65.1278,13505490.343696,0
XOM.US,D,20141119,000000,65.2727,65.7249,64.6172,65.6344,12136543.180165,0
XOM.US,D,20141120,000000,65.4701,65.8358,65.3953,65.7794,12268666.720129,0
XOM.US,D,20141121,000000,66.7275,66.7275,65.9729,66.4572,18025917.763472,0
XOM.US,D,20141124,000000,66.1343,66.4523,65.3865,65.7123,14816446.120412,0
XOM.US,D,20141125,000000,65.9156,65.9243,64.7846,65.0645,20025165.091337,0
XOM.US,D,20141126,000000,64.978,65.3068,64.7786,64.8622,14307714.296554,0
XOM.US,D,20141128,000000,62.8132,63.0534,61.8611,62.1558,28487766.72003,0
XOM.US,D,20141201,000000,62.0322,63.7547,61.9769,63.3967,40176773.554883,0
XOM.US,D,20141202,000000,63.3773,64.9897,63.1642,64.661,30419036.095325,0
XOM.US,D,20141203,000000,64.9897,65.4439,64.5297,65.1823,23627652.106754,0
XOM.US,D,20141204,000000,64.6172,64.9498,63.8908,64.7846,19104320.850313,0
XOM.US,D,20141205,000000,64.4967,64.9362,64.0843,64.4072,17233028.452698,0
XOM.US,D,20141208,000000,63.7751,63.9325,62.7256,62.9503,22921612.602055,0
XOM.US,D,20141209,000000,62.6713,63.1964,62.3075,62.7335,23131028.171254,0
XOM.US,D,20141210,000000,62.2793,62.2852,60.5493,60.8702,32452281.139773,0
XOM.US,D,20141211,000000,61.0034,62.8424,60.9957,61.2358,31348645.316421,0
XOM.US,D,20141212,000000,60.6659,61.1007,59.4483,59.4483,35786313.391259,0
XOM.US,D,20141215,000000,60.0814,60.8244,59.3803,59.6574,31133696.62219,0
XOM.US,D,20141216,000000,59.2976,61.2358,59.1703,59.319,38399385.92912,0
XOM.US,D,20141217,000000,59.8899,61.7182,59.8296,61.1104,33970843.757397,0
XOM.US,D,20141218,000000,62.0411,62.5827,60.6864,62.5827,33330841.858318,0
XOM.US,D,20141219,000000,61.9273,64.2837,61.5149,64.2837,56036815.796452,0
XOM.US,D,20141222,000000,63.8178,64.3031,63.4678,64.0687,26032931.686697,0
XOM.US,D,20141223,000000,64.202,65.3427,63.88,64.9362,19965095.569287,0
XOM.US,D,20141224,000000,64.6804,64.7008,63.8314,64.3789,10015656.561146,0
XOM.US,D,20141226,000000,64.5239,64.8273,63.5824,63.9881,15418733.104061,0
XOM.US,D,20141229,000000,64.0687,64.4354,63.7682,63.8908,14409382.512747,0
XOM.US,D,20141230,000000,63.7547,64.1126,63.5086,63.8576,12732148.460328,0
XOM.US,D,20141231,000000,63.4463,63.9325,63.1964,63.4678,16514655.868341,0
XOM.US,D,20150102,000000,63.1906,63.88,63.0282,63.7264,14885875.991313,0
XOM.US,D,20150105,000000,63.2285,63.4327,61.442,61.9827,26951979.538678,0
XOM.US,D,20150106,000000,61.9506,62.7549,61.1104,61.654,24276632.86623,0
XOM.US,D,20150107,000000,62.2307,62.8015,61.7833,62.2793,19797090.520681,0
XOM.US,D,20150108,000000,62.644,63.3433,62.4719,63.3131,22559010.394366,0
XOM.US,D,20150109,000000,63.3647,63.6942,62.7256,63.2285,21104697.219487,0
XOM.US,D,20150112,000000,62.6363,62.7034,61.6598,62.0109,22106286.423001,0
XOM.US,D,20150113,000000,62.3892,62.7646,61.1765,61.7833,25445298.589842,0
XOM.US,D,20150114,000000,61.0783,61.7104,59.9045,61.6044,33899621.610539,0
XOM.US,D,20150115,000000,62.0818,62.2375,60.7632,61.0705,27325511.236419,0
XOM.US,D,20150116,000000,61.086,62.6003,61.086,62.5515,25801612.92175,0
XOM.US,D,20150120,000000,62.3737,63.0048,62.0459,62.5321,24360043.106566,0
XOM.US,D,20150121,000000,62.9815,63.1527,62.4787,63.069,20795916.760627,0
XOM.US,D,20150122,000000,63.3705,63.8247,62.6897,63.7547,19750303.172212,0
XOM.US,D,20150123,000000,63.3841,63.4852,62.3261,62.3979,21416786.653695,0
XOM.US,D,20150126,000000,62.2044,63.1157,62.1062,62.9921,15545657.706993,0
XOM.US,D,20150127,000000,62.6294,62.8823,62.1956,62.4379,17911960.683266,0
XOM.US,D,20150128,000000,62.3892,62.4233,60.2886,60.3752,25436770.112046,0
XOM.US,D,20150129,000000,60.4258,60.5901,59.0593,60.1213,33038238.155267,0
XOM.US,D,20150130,000000,59.8296,60.7,59.2101,60.0134,33036030.457917,0
XOM.US,D,20150202,000000,60.308,61.5052,60.0697,61.4993,29579044.785227,0
XOM.US,D,20150203,000000,62.4028,63.3841,62.3405,63.3296,31900566.569311,0
XOM.US,D,20150204,000000,62.9105,63.3433,62.1354,62.786,28596221.523328,0
XOM.US,D,20150205,000000,63.4327,63.5281,62.9503,63.4055,18656785.533272,0
XOM.US,D,20150206,000000,64.1844,64.3099,63.3909,63.7663,17693113.814531,0
XOM.US,D,20150209,000000,63.6992,64.3167,63.5854,63.807,16301136.470485,0
XOM.US,D,20150210,000000,63.9335,63.9335,62.9299,63.4259,18585793.719066,0
XOM.US,D,20150211,000000,62.7364,63.3014,62.5779,63.14,17561603.123948,0
XOM.US,D,20150212,000000,63.7391,64.5773,63.4327,64.3722,21297895.930317,0
XOM.US,D,20150213,000000,64.6035,65.1258,64.3099,65.0685,17305837.221361,0
XOM.US,D,20150217,000000,64.6386,64.8642,64.3167,64.8478,16869514.168834,0
XOM.US,D,20150218,000000,64.1096,64.1096,62.9921,63.4259,27516611.2466,0
XOM.US,D,20150219,000000,62.4719,63.0145,61.7318,62.3289,27764227.075036,0
XOM.US,D,20150220,000000,62.3036,62.679,61.9194,62.6663,22900930.991986,0
XOM.US,D,20150223,000000,62.184,62.4086,61.8417,62.0322,18324329.139852,0
XOM.US,D,20150224,000000,62.253,62.5711,62.115,62.3182,14335153.702145,0
XOM.US,D,20150225,000000,62.4223,62.5146,62.0828,62.4446,14241819.620573,0
XOM.US,D,20150226,000000,62.152,62.152,61.3817,61.7795,20064946.831023,0
XOM.US,D,20150227,000000,61.9486,62.221,61.5655,61.7046,18783130.191489,0
XOM.US,D,20150302,000000,61.5655,61.688,60.8731,61.3555,19792592.864316,0
XOM.US,D,20150303,000000,61.2718,61.3438,60.7214,61.0617,19362407.560038,0
XOM.US,D,20150304,000000,61.2446,61.297,60.5813,60.7554,19324668.994377,0
XOM.US,D,20150305,000000,60.7126,60.7641,60.2963,60.4472,17975850.231238,0
XOM.US,D,20150306,000000,60.2205,60.3537,59.458,59.6769,23059598.313699,0
XOM.US,D,20150309,000000,59.9959,60.2001,59.32,59.3501,20811667.812336,0
XOM.US,D,20150310,000000,59.1255,59.6078,58.7083,58.7229,24673873.403195,0
XOM.US,D,20150311,000000,59.18,59.1877,58.54,58.5556,18660449.262038,0
XOM.US,D,20150312,000000,58.8901,59.0428,57.8855,58.1841,15492998.93241,0
XOM.US,D,20150313,000000,58.4846,58.6654,57.6199,58.4982,24106509.579829,0
XOM.US,D,20150316,000000,58.3173,59.1391,58.0314,59.0691,19394547.191336,0
XOM.US,D,20150317,000000,58.9135,59.1343,58.5556,58.5975,18624717.880928,0
XOM.US,D,20150318,000000,58.2211,60.1922,58.1442,59.9822,26898272.956175,0
XOM.US,D,20150319,000000,59.3696,59.5864,58.7627,58.8269,18278472.376435,0
XOM.US,D,20150320,000000,59.0079,59.5175,58.8142,58.9135,51776478.157866,0
XOM.US,D,20150323,000000,59.2519,59.7809,59.2461,59.5379,25040058.106259,0
XOM.US,D,20150324,000000,59.4464,59.7809,58.8901,58.9038,14599073.791967,0
XOM.US,D,20150325,000000,59.2859,59.6321,59.0779,59.1391,17125237.91232,0
XOM.US,D,20150326,000000,59.4464,59.6321,58.6012,58.7627,20663583.453425,0
XOM.US,D,20150327,000000,58.5604,58.576,58.0722,58.2473,16615125.120812,0
XOM.US,D,20150330,000000,58.7297,59.8071,58.716,59.6769,22460809.507222,0
XOM.US,D,20150331,000000,59.1343,59.4726,58.86,59.2373,19161789.875576,0
XOM.US,D,20150401,000000,59.7683,59.9346,58.7229,58.86,20838067.636176,0
XOM.US,D,20150402,000000,58.6508,59.1945,58.4351,58.7501,16210764.837011,0
XOM.US,D,20150406,000000,59.3424,59.6836,58.6801,59.3268,15664065.143109,0
XOM.US,D,20150407,000000,59.2461,60.0493,59.0691,59.7625,16983690.270716,0
XOM.US,D,20150408,000000,59.7945,59.8637,58.5556,58.5808,23327354.881777,0
XOM.US,D,20150409,000000,58.54,59.0478,58.4087,58.9932,19025954.278121,0
XOM.US,D,20150410,000000,59.3579,59.9618,59.0779,59.6253,19188209.236562,0
XOM.US,D,20150413,000000,59.8772,60.1097,59.4037,59.4726,14177643.185054,0
XOM.US,D,20150414,000000,59.7868,60.9655,59.6078,60.3713,22519214.258889,0
XOM.US,D,20150415,000000,60.841,61.6948,60.7291,61.3817,21980417.854153,0
XOM.US,D,20150416,000000,61.2446,61.44,60.7068,61.1386,13733261.574475,0
XOM.US,D,20150417,000000,60.6659,60.8809,60.0387,60.5813,20705913.248089,0
XOM.US,D,20150420,000000,60.7972,61.3982,60.6874,60.7972,16635659.68816,0
XOM.US,D,20150421,000000,60.8965,61.0617,60.4092,60.5483,14490933.639526,0
XOM.US,D,20150422,000000,60.6659,61.1891,60.17,60.9508,12431253.81003,0
XOM.US,D,20150423,000000,60.8809,61.5937,60.8478,61.0092,14156982.140401,0
XOM.US,D,20150424,000000,60.7641,60.8809,60.3936,60.6096,12061482.498509,0
XOM.US,D,20150427,000000,60.9304,61.0481,60.4637,60.6387,15116216.870754,0
XOM.US,D,20150428,000000,60.7914,61.231,60.6592,61.1891,13823597.218472,0
XOM.US,D,20150429,000000,60.9655,61.3749,60.6046,61.2377,17985319.576791,0
XOM.US,D,20150430,000000,61.7969,61.7969,60.7855,60.8866,20013712.21146,0
XOM.US,D,20150501,000000,61.1249,61.9876,61.1172,61.9194,17587705.777535,0
XOM.US,D,20150504,000000,62.3182,62.6372,61.9876,62.1014,14842149.804939,0
XOM.US,D,20150505,000000,62.7004,62.7831,61.688,61.7523,17068274.796277,0
XOM.US,D,20150506,000000,62.4136,62.6927,61.1843,61.4584,16175897.20335,0
XOM.US,D,20150507,000000,61.3302,61.3982,60.5736,61.0481,14337133.123385,0
XOM.US,D,20150508,000000,61.6618,62.0731,61.1988,62.0197,16343927.958726,0
XOM.US,D,20150511,000000,62.2073,62.2365,60.8848,60.9781,17074412.544525,0
XOM.US,D,20150512,000000,61.0549,61.4527,60.7262,61.1473,13930810.898946,0
XOM.US,D,20150513,000000,61.3312,61.6452,60.7107,60.8244,12280899.029252,0
XOM.US,D,20150514,000000,61.0851,61.3701,60.9568,61.1104,12511111.374846,0
XOM.US,D,20150515,000000,60.9917,61.5695,60.8526,61.3759,11985977.603878,0
XOM.US,D,20150518,000000,61.3496,61.4527,60.9781,61.0248,9101370.6311167,0
XOM.US,D,20150519,000000,60.7476,61.2786,60.5764,61.1249,13914158.05377,0
XOM.US,D,20150520,000000,61.3312,61.4158,61.0686,61.2232,10355581.285194,0
XOM.US,D,20150521,000000,61.3312,61.442,61.1055,61.2786,11893611.125102,0
XOM.US,D,20150522,000000,60.984,61.1988,60.7817,60.7944,10813591.596606,0
XOM.US,D,20150526,000000,60.3663,60.6902,59.7489,59.9735,16064763.754687,0
XOM.US,D,20150527,000000,59.9802,60.3537,59.5651,59.8034,15338895.07639,0
XOM.US,D,20150528,000000,59.6642,60.1262,59.602,59.8034,11439322.125621,0
XOM.US,D,20150529,000000,59.7965,60.1349,59.6429,59.8684,20822398.846129,0
XOM.US,D,20150601,000000,59.9035,60.0552,59.5874,59.8179,12918573.951572,0
XOM.US,D,20150602,000000,59.8091,60.1417,59.6642,59.8257,13275457.945488,0
XOM.US,D,20150603,000000,59.7576,60.3157,59.6263,59.6924,11640575.281419,0
XOM.US,D,20150604,000000,59.5175,59.6497,58.8687,59.179,17941813.440363,0
XOM.US,D,20150605,000000,59.1158,59.7255,59.0107,59.2218,16207433.239703,0
XOM.US,D,20150608,000000,59.1313,59.8743,58.9757,59.6204,17425787.063637,0
XOM.US,D,20150609,000000,59.9316,60.0318,59.3686,59.4347,11534101.955902,0
XOM.US,D,20150610,000000,60.3157,60.4102,59.7255,59.8743,14440641.944263,0
XOM.US,D,20150611,000000,59.9385,60.2195,59.6497,59.7897,11042521.688545,0
XOM.US,D,20150612,000000,59.4172,59.5028,58.9261,59.038,11876961.364738,0
XOM.US,D,20150615,000000,58.6908,59.0107,58.4545,58.8279,13610772.931659,0
XOM.US,D,20150616,000000,58.8921,59.5485,58.6012,59.5028,12950720.780766,0
XOM.US,D,20150617,000000,59.7489,59.8179,59.3132,59.5379,12936491.569801,0
XOM.US,D,20150618,000000,59.5825,60.4023,59.531,60.064,14584058.982132,0
XOM.US,D,20150619,000000,59.6711,60.064,59.6711,59.8743,22954540.917036,0
XOM.US,D,20150622,000000,59.9997,60.1496,59.7061,59.848,13470168.214355,0
XOM.US,D,20150623,000000,59.9103,59.9229,59.4406,59.7761,14550058.180734,0
XOM.US,D,20150624,000000,59.6497,59.9676,59.4882,59.5028,16793197.968563,0
XOM.US,D,20150625,000000,59.6204,59.6204,58.9757,58.9757,14600425.968035,0
XOM.US,D,20150626,000000,58.9066,59.0954,58.6664,58.9261,27072828.08961,0
XOM.US,D,20150629,000000,58.3582,58.6402,58.1802,58.1957,16706535.307769,0
XOM.US,D,20150630,000000,58.8425,59.6574,58.1802,58.4623,21320271.102349,0
XOM.US,D,20150701,000000,58.5177,58.6908,57.6988,57.8778,19253668.954006,0
XOM.US,D,20150702,000000,58.1754,58.5177,58.0071,58.4204,13075674.188625,0
XOM.US,D,20150706,000000,57.941,58.3659,57.7057,57.9916,16642776.350184,0
XOM.US,D,20150707,000000,57.7523,58.4836,57.2592,58.2318,22260047.864854,0
XOM.US,D,20150708,000000,57.7923,58.3066,57.5559,57.5977,14312381.617595,0
XOM.US,D,20150709,000000,58.2386,58.4262,57.3253,57.338,17049935.587032,0
XOM.US,D,20150710,000000,57.6813,57.9654,57.338,57.7756,12279710.348238,0
XOM.US,D,20150713,000000,57.7445,58.048,57.6668,57.9148,11422978.789945,0
XOM.US,D,20150714,000000,57.8865,58.5479,57.8,58.401,13249587.681097,0
XOM.US,D,20150715,000000,58.048,58.6159,57.9011,58.153,13218876.317903,0
XOM.US,D,20150716,000000,58.4486,58.6597,58.1802,58.257,11765953.365108,0
XOM.US,D,20150717,000000,57.9779,58.2074,57.4722,58.048,17299696.388301,0
XOM.US,D,20150720,000000,57.7231,57.9078,57.338,57.4488,18439633.254773,0
XOM.US,D,20150721,000000,57.5704,57.9215,57.2194,57.3818,12348588.037732,0
XOM.US,D,20150722,000000,57.8642,57.9477,57.3253,57.4722,18758981.252372,0
XOM.US,D,20150723,000000,57.373,57.5977,56.8945,57.0142,14937284.388636,0
XOM.US,D,20150724,000000,57.0287,57.0287,56.0164,56.1739,21188286.378938,0
XOM.US,D,20150727,000000,55.673,56.3052,55.4883,55.6935,21341414.405994,0
XOM.US,D,20150728,000000,56.0038,58.0829,55.9054,57.9556,28145734.040895,0
XOM.US,D,20150729,000000,57.7445,58.4623,57.5559,58.4204,19801247.819418,0
XOM.US,D,20150730,000000,58.4486,58.5479,57.9148,58.3299,15853643.312545,0
XOM.US,D,20150731,000000,57.3876,57.3876,55.463,55.6575,37332673.252704,0
XOM.US,D,20150803,000000,55.2996,55.463,54.5469,54.8503,22437495.523973,0
XOM.US,D,20150804,000000,54.723,55.2354,54.0567,54.2241,26860924.10514,0
XOM.US,D,20150805,000000,54.7151,54.97,54.0363,54.2241,23544862.941963,0
XOM.US,D,20150806,000000,54.0656,54.9914,54.0431,54.8718,18507406.581457,0
XOM.US,D,20150807,000000,54.4934,54.7862,53.838,53.9877,17344664.72577,0
XOM.US,D,20150810,000000,54.1685,55.3337,54.1685,55.3337,21170634.054569,0
XOM.US,D,20150811,000000,54.6179,55.3735,54.1366,54.9603,20419761.944144,0
XOM.US,D,20150812,000000,54.9242,55.9376,54.5839,55.8803,23840954.539477,0
XOM.US,D,20150813,000000,55.5476,56.2382,55.5116,55.781,18546599.121992,0
XOM.US,D,20150814,000000,55.7742,56.2293,55.497,55.5749,12871700.228359,0
XOM.US,D,20150817,000000,55.2723,56.1593,54.9301,55.8666,13204726.283788,0
XOM.US,D,20150818,000000,55.6974,55.7956,55.0244,55.2501,13839065.495718,0
XOM.US,D,20150819,000000,54.9729,55.0244,53.8535,54.0674,23983358.730635,0
XOM.US,D,20150820,000000,53.9041,54.0305,52.8898,52.8898,25112870.988004,0
XOM.US,D,20150821,000000,52.6467,53.1173,51.1159,51.1577,35937887.701174,0
XOM.US,D,20150824,000000,48.2217,50.6277,47.2006,48.739,50095388.090045,0
XOM.US,D,20150825,000000,50.5752,50.6675,48.3735,48.7313,42876100.530042,0
XOM.US,D,20150826,000000,50.0947,51.5972,49.0445,51.4204,48552974.731829,0
XOM.US,D,20150827,000000,52.3403,53.1173,51.781,53.0871,34643695.822881,0
XOM.US,D,20150828,000000,52.987,53.8895,52.775,53.2438,26785209.443271,0
XOM.US,D,20150831,000000,52.6836,53.5813,51.9883,53.3633,27592825.648063,0
XOM.US,D,20150901,000000,51.9883,52.0223,50.7191,51.1237,33969739.394587,0
XOM.US,D,20150902,000000,51.819,51.9464,51.0653,51.9377,23880153.249636,0
XOM.US,D,20150903,000000,52.2645,53.129,52.0155,52.3345,18966342.336565,0
XOM.US,D,20150904,000000,51.6391,51.8745,51.2443,51.3902,21011609.922898,0
XOM.US,D,20150908,000000,52.2869,52.2869,51.7539,52.1332,19213221.923128,0
XOM.US,D,20150909,000000,52.7478,52.9685,50.9604,51.0653,24316249.054322,0
XOM.US,D,20150910,000000,51.6391,51.7606,50.9243,51.4358,17417090.977704,0
XOM.US,D,20150911,000000,51.3512,51.5759,51.0722,51.5546,17162172.370235,0
XOM.US,D,20150914,000000,51.2851,51.4757,50.8971,51.4144,15140727.761183,0
XOM.US,D,20150915,000000,51.3775,51.994,51.359,51.6751,16890756.186475,0
XOM.US,D,20150916,000000,52.139,52.9812,52.0378,52.6963,21451091.823242,0
XOM.US,D,20150917,000000,52.775,53.5277,52.3782,52.811,21999444.976548,0
XOM.US,D,20150918,000000,51.9601,52.173,51.1499,51.5477,32682740.270354,0
XOM.US,D,20150921,000000,51.8453,52.209,51.5827,52.0525,15302025.399533,0
XOM.US,D,20150922,000000,51.3133,52.1438,51.0799,51.5905,20084997.082837,0
XOM.US,D,20150923,000000,51.6838,51.9153,51.2705,51.2793,19435903.213576,0
XOM.US,D,20150924,000000,51.0653,51.8842,50.867,51.5827,20563038.108918,0
XOM.US,D,20150925,000000,51.9796,52.1477,51.6052,51.9377,21396386.789818,0
XOM.US,D,20150928,000000,51.5059,52.1021,51.3512,51.4923,20545349.795071,0
XOM.US,D,20150929,000000,51.5263,51.9085,51.1655,51.7539,19392989.361114,0
XOM.US,D,20150930,000000,52.0602,52.7322,52.0096,52.7322,25627922.564038,0
XOM.US,D,20151001,000000,53.3332,53.6056,51.9883,52.5269,20300151.431223,0
XOM.US,D,20151002,000000,52.0525,53.832,51.7967,53.8185,26522960.293456,0
XOM.US,D,20151005,000000,54.365,54.7161,53.7524,54.4768,26065156.66447,0
XOM.US,D,20151006,000000,54.5839,55.7169,54.085,55.2422,26447665.166062,0
XOM.US,D,20151007,000000,56.0076,56.2382,54.9884,56.1739,26370556.169025,0
XOM.US,D,20151008,000000,56.2517,56.8187,55.7042,56.7632,20225141.134835,0
XOM.US,D,20151009,000000,56.7749,56.8586,55.7606,56.2148,24508847.255019,0
XOM.US,D,20151012,000000,56.4492,56.4492,55.8335,56.2439,14001856.183233,0
XOM.US,D,20151013,000000,55.8335,56.4219,55.6692,56.1428,17379725.674335,0
XOM.US,D,20151014,000000,56.0076,57.0793,55.8725,56.8518,20424508.442034,0
XOM.US,D,20151015,000000,56.8732,57.8252,56.6708,57.7883,19232821.792342,0
XOM.US,D,20151016,000000,58.3426,58.5119,57.7688,58.4992,20168461.821525,0
XOM.US,D,20151019,000000,58.1647,58.2804,57.2797,57.4411,19958911.548855,0
XOM.US,D,20151020,000000,57.129,57.4907,56.8819,57.3293,17398913.20697,0
XOM.US,D,20151021,000000,57.3477,57.5559,56.8187,56.8897,14503292.425954,0
XOM.US,D,20151022,000000,57.2204,58.8385,57.2106,58.789,20900225.576167,0
XOM.US,D,20151023,000000,58.4486,58.8668,58.079,58.8512,18633309.083242,0
XOM.US,D,20151026,000000,58.5264,58.6771,57.5704,57.6035,17732071.909328,0
XOM.US,D,20151027,000000,57.1455,57.5626,56.5473,57.5121,19146109.77455,0
XOM.US,D,20151028,000000,57.6678,58.5701,57.4002,58.3582,17586282.650785,0
XOM.US,D,20151029,000000,58.01,59.0233,58.01,58.3222,14580413.76224,0
XOM.US,D,20151030,000000,58.4924,59.4921,57.6336,58.684,26448513.489451,0
XOM.US,D,20151102,000000,58.3708,60.9421,58.222,60.4851,29984168.045942,0
XOM.US,D,20151103,000000,60.7525,62.0177,60.6961,61.5986,28362386.5798,0
XOM.US,D,20151104,000000,61.5412,61.762,60.7827,60.98,20081955.457889,0
XOM.US,D,20151105,000000,60.6776,61.1591,59.9326,60.1515,17329814.439259,0
XOM.US,D,20151106,000000,59.5262,59.9103,59.0233,59.9103,17612512.809947,0
XOM.US,D,20151109,000000,59.7809,59.8081,58.5225,58.6295,18941255.614503,0
XOM.US,D,20151110,000000,58.613,59.1021,58.5653,58.9115,19901352.035764,0
XOM.US,D,20151111,000000,58.966,59.0652,58.2366,58.3932,13415736.700957,0
XOM.US,D,20151112,000000,57.6443,58.1501,56.7506,56.811,22434940.271101,0
XOM.US,D,20151113,000000,56.7166,56.9345,55.7596,55.8734,24498874.056787,0
XOM.US,D,20151116,000000,55.7596,57.941,55.7393,57.8768,20334797.986667,0
XOM.US,D,20151117,000000,57.7426,57.8632,56.9694,57.2077,13993848.010448,0
XOM.US,D,20151118,000000,57.1552,57.8768,56.9412,57.7639,15213951.951238,0
XOM.US,D,20151119,000000,57.5987,57.7913,57.2612,57.4478,13213452.189573,0
XOM.US,D,20151120,000000,57.6443,57.9148,56.9851,57.0842,14179466.309135,0
XOM.US,D,20151123,000000,56.9481,57.7426,56.561,57.4343,16589213.725589,0
XOM.US,D,20151124,000000,57.4829,58.9115,57.3789,58.5798,21040948.544609,0
XOM.US,D,20151125,000000,58.1637,58.7861,58.0197,58.1278,12552472.538441,0
XOM.US,D,20151127,000000,57.6501,58.1355,57.5636,58.1141,5809943.750863,0
XOM.US,D,20151130,000000,58.2503,59.1313,58.1278,58.4214,24781082.970586,0
XOM.US,D,20151201,000000,58.4943,58.7579,58.1432,58.5878,19452645.518312,0
XOM.US,D,20151202,000000,58.1724,58.4097,56.8207,56.912,22782604.789263,0
XOM.US,D,20151203,000000,57.0327,57.125,55.8189,56.0961,20782300.399043,0
XOM.US,D,20151204,000000,55.3375,56.5056,55.108,56.419,28173874.727156,0
XOM.US,D,20151207,000000,55.3229,55.4474,54.1949,54.9446,24707004.287519,0
XOM.US,D,20151208,000000,53.8497,54.6228,52.7896,53.3925,33850472.324106,0
XOM.US,D,20151209,000000,53.5424,55.2237,53.4636,54.1093,30801530.201127,0
XOM.US,D,20151210,000000,54.228,55.4474,54.0286,54.1491,28154166.88951,0
XOM.US,D,20151211,000000,53.5287,54.0451,53.1854,53.1854,28616546.323438,0
XOM.US,D,20151214,000000,53.1563,54.5274,53.0055,54.3932,30713415.622001,0
XOM.US,D,20151215,000000,55.3968,56.9481,55.3229,56.8294,34059016.947958,0
XOM.US,D,20151216,000000,56.5464,56.9529,55.8034,56.6261,24088774.993798,0
XOM.US,D,20151217,000000,56.5318,56.6845,55.7675,55.7742,24269223.147035,0
XOM.US,D,20151218,000000,55.4932,56.3617,55.1334,55.289,40305758.812446,0
XOM.US,D,20151221,000000,55.6507,55.8734,54.8328,55.2753,20212217.827751,0
XOM.US,D,20151222,000000,55.5875,55.7313,55.2374,55.5535,19367067.683183,0
XOM.US,D,20151223,000000,56.2897,57.3905,56.0339,57.3702,21223776.116417,0
XOM.US,D,20151224,000000,57.4275,57.4275,56.6067,56.7574,8174553.1651708,0
XOM.US,D,20151228,000000,55.89,56.419,55.7393,56.3344,13580438.943839,0
XOM.US,D,20151229,000000,57.2271,57.2924,56.4043,56.63,12354523.216637,0
XOM.US,D,20151230,000000,56.0339,56.5134,55.781,55.8812,13019069.939083,0
XOM.US,D,20151231,000000,55.4543,56.1175,55.3968,55.7675,14376386.331895,0
XOM.US,D,20160104,000000,55.4474,55.7596,54.6987,55.4163,28505560.945766,0
XOM.US,D,20160105,000000,55.2237,55.9045,55.0332,55.89,16761854.218844,0
XOM.US,D,20160106,000000,54.8328,55.5457,54.7929,55.4212,26312329.308202,0
XOM.US,D,20160107,000000,54.4156,55.7956,54.3,54.5353,29711942.613083,0
XOM.US,D,20160108,000000,54.6228,54.8377,53.2992,53.4353,26596687.307919,0
XOM.US,D,20160111,000000,53.6639,53.7446,51.9115,52.7186,29846249.171899,0
XOM.US,D,20160112,000000,53.0288,53.9575,52.3345,53.802,30542351.467843,0
XOM.US,D,20160113,000000,54.2658,55.1334,53.6143,54.1229,36408665.022512,0
XOM.US,D,20160114,000000,54.5217,57.1766,54.228,56.6057,47214354.358223,0
XOM.US,D,20160115,000000,54.6091,55.924,54.5849,55.5009,39604020.564392,0
XOM.US,D,20160119,000000,55.7538,55.9755,53.7951,54.6587,31707560.145115,0
XOM.US,D,20160120,000000,53.7076,54.1715,51.1888,52.3568,46481098.58269,0
XOM.US,D,20160121,000000,52.3384,53.6492,51.9494,53.0133,31112004.221951,0
XOM.US,D,20160122,000000,54.6724,54.9234,53.4568,54.7804,31485276.795456,0
XOM.US,D,20160125,000000,54.1949,54.616,52.8694,52.9267,23854771.413861,0
XOM.US,D,20160126,000000,53.4928,54.9234,53.1222,54.8737,26142731.468168,0
XOM.US,D,20160127,000000,54.3738,55.4212,53.4568,53.8632,25271166.075696,0
XOM.US,D,20160128,000000,55.3375,55.5602,54.1005,55.0808,22584499.170301,0
XOM.US,D,20160129,000000,54.8941,55.6974,54.5508,55.6974,35152329.961015,0
XOM.US,D,20160201,000000,54.8445,54.9368,53.9732,54.5809,23374912.405053,0
XOM.US,D,20160202,000000,53.0784,54.1005,52.6184,53.3633,29913743.837204,0
XOM.US,D,20160203,000000,54.0373,56.1836,53.127,56.1467,36122447.909236,0
XOM.US,D,20160204,000000,56.2177,57.234,55.4883,57.1123,33060246.234634,0
XOM.US,D,20160205,000000,56.8041,57.3049,56.2108,57.2924,37345583.192266,0
XOM.US,D,20160208,000000,56.7321,58.5079,56.452,58.0635,37169104.164214,0
XOM.US,D,20160209,000000,57.7387,58.2386,56.807,57.8117,25396924.619572,0
XOM.US,D,20160210,000000,57.5889,58.7997,57.234,57.2844,22994882.036024,0
XOM.US,D,20160211,000000,56.5532,57.8612,56.0047,57.4673,26772884.589779,0
XOM.US,D,20160212,000000,57.8117,58.5255,57.6152,58.4982,23295572.060436,0
XOM.US,D,20160216,000000,58.9806,59.0895,57.9556,58.6354,22040774.263748,0
XOM.US,D,20160217,000000,58.9466,59.7595,58.5935,59.1974,23554144.113966,0
XOM.US,D,20160218,000000,59.848,59.9638,59.0973,59.5232,20602740.671755,0
XOM.US,D,20160219,000000,59.3345,59.5952,58.4127,59.5564,18829313.945011,0
XOM.US,D,20160222,000000,60.0727,60.2361,59.3424,59.4775,20197833.347901,0
XOM.US,D,20160223,000000,59.1907,59.4639,58.3864,58.6431,15283070.256094,0
XOM.US,D,20160224,000000,57.6901,59.0321,57.515,58.8492,19061365.867019,0
XOM.US,D,20160225,000000,58.8804,59.248,57.7688,59.2042,18967699.653986,0
XOM.US,D,20160226,000000,59.8413,59.9775,58.9747,59.0176,19842802.297918,0
XOM.US,D,20160229,000000,59.1108,59.4873,57.7883,57.8612,26053990.672139,0
XOM.US,D,20160301,000000,58.1588,59.0283,57.9847,58.6801,21787342.535817,0
XOM.US,D,20160302,000000,58.4389,59.7178,57.9779,59.7031,19504460.082591,0
XOM.US,D,20160303,000000,59.6729,59.7178,58.8649,59.4873,18306313.8359,0
XOM.US,D,20160304,000000,59.6729,59.8966,59.0263,59.4056,25464084.068605,0
XOM.US,D,20160307,000000,59.4221,60.9742,59.3501,60.9742,26241241.864815,0
XOM.US,D,20160308,000000,60.6407,60.7934,59.5437,59.6535,19397073.652625,0
XOM.US,D,20160309,000000,60.0776,60.5307,59.3706,59.4873,19572835.975948,0
XOM.US,D,20160310,000000,59.5008,59.6729,58.4254,59.3268,22022145.082144,0
XOM.US,D,20160311,000000,60.0776,60.3003,59.2014,59.3345,21274258.041774,0
XOM.US,D,20160314,000000,58.8221,59.6604,58.4875,59.4941,18484673.571196,0
XOM.US,D,20160315,000000,58.9086,59.8091,58.8492,59.7897,12759381.183494,0
XOM.US,D,20160316,000000,59.9346,60.0368,59.1537,59.8257,15917675.790155,0
XOM.US,D,20160317,000000,60.4121,61.1269,59.7178,60.7126,18939392.387862,0
XOM.US,D,20160318,000000,61.0666,61.0753,60.1029,60.7865,27200693.560301,0
XOM.US,D,20160321,000000,60.524,60.7428,60.2808,60.3673,11614762.600191,0
XOM.US,D,20160322,000000,59.9775,61.2641,59.9268,60.7291,18013638.153895,0
XOM.US,D,20160323,000000,60.5404,60.8575,60.2954,60.4607,17656440.537393,0
XOM.US,D,20160324,000000,59.8762,60.6592,59.8694,60.626,12976190.019555,0
XOM.US,D,20160328,000000,60.662,60.9032,60.4248,60.7992,10368687.624474,0
XOM.US,D,20160329,000000,60.4033,61.086,60.0368,61.0219,13819672.308929,0
XOM.US,D,20160330,000000,61.3846,61.4001,60.6407,61.017,14962347.460471,0
XOM.US,D,20160331,000000,60.6922,61.4362,60.3459,60.3459,19233192.998092,0
XOM.US,D,20160401,000000,59.4873,60.203,59.4775,59.8909,16948136.78045,0
XOM.US,D,20160404,000000,59.9638,60.5687,59.7625,60.0368,11134698.965499,0
XOM.US,D,20160405,000000,59.638,60.0134,59.1907,59.3501,14448834.177515,0
XOM.US,D,20160406,000000,59.6953,60.2527,59.4134,60.1436,12895940.683575,0
XOM.US,D,20160407,000000,59.7459,60.0416,59.2325,59.4639,11447103.050565,0
XOM.US,D,20160408,000000,60.1359,60.2458,59.8091,60.0727,12987782.744255,0
XOM.US,D,20160411,000000,60.1573,60.8138,60.1213,60.1515,13734965.419147,0
XOM.US,D,20160412,000000,60.4199,61.0987,60.1865,60.8945,13831818.243307,0
XOM.US,D,20160413,000000,61.0044,61.2961,60.6708,61.2407,12777434.533465,0
XOM.US,D,20160414,000000,61.3632,62.0148,61.1891,61.6744,14717052.43917,0
XOM.US,D,20160415,000000,61.5802,61.8378,61.2008,61.3428,15617686.018139,0
XOM.US,D,20160418,000000,60.5629,61.9837,60.5404,61.9254,12599570.424681,0
XOM.US,D,20160419,000000,61.9779,62.3095,61.5198,62.2375,14333157.828574,0
XOM.US,D,20160420,000000,62.2502,63.1234,62.0624,62.6644,21107437.561098,0
XOM.US,D,20160421,000000,62.5136,63.4123,62.4972,62.6576,16726582.474769,0
XOM.US,D,20160422,000000,62.9824,63.2684,62.677,63.1896,12659927.862547,0
XOM.US,D,20160425,000000,62.8706,63.0963,62.3396,63.0467,11184122.800228,0
XOM.US,D,20160426,000000,63.35,63.4842,62.8521,63.2625,13054268.675931,0
XOM.US,D,20160427,000000,63.491,64.0483,63.0467,63.8616,14490209.736901,0
XOM.US,D,20160428,000000,63.4288,64.0902,63.1682,63.5513,15610782.208166,0
XOM.US,D,20160429,000000,64.0191,64.8136,63.3423,63.8197,24723609.832241,0
XOM.US,D,20160502,000000,63.7021,64.5958,63.5863,64.3459,14183087.8788,0
XOM.US,D,20160503,000000,63.8197,63.9821,63.0641,63.6107,14037120.729412,0
XOM.US,D,20160504,000000,63.7468,64.061,63.2392,63.4842,14675684.077681,0
XOM.US,D,20160505,000000,64.0775,64.2301,63.2538,63.5571,12075389.860721,0
XOM.US,D,20160506,000000,63.139,64.0191,63.139,63.8976,11036335.611572,0
XOM.US,D,20160509,000000,63.9627,64.0775,62.9746,63.9413,15454481.965774,0
XOM.US,D,20160510,000000,64.1796,64.9732,64.1193,64.9644,17312783.190436,0
XOM.US,D,20160511,000000,64.9091,65.2882,64.59,64.6541,15986118.521114,0
XOM.US,D,20160512,000000,65.3708,65.4682,64.9011,65.2795,14720538.277093,0
XOM.US,D,20160513,000000,64.9936,65.2727,64.4344,64.5423,13348416.841684,0
XOM.US,D,20160516,000000,64.9372,65.2795,64.7893,65.2066,11866392.797727,0
XOM.US,D,20160517,000000,64.9858,65.4516,64.9091,65.1783,13508392.123819,0
XOM.US,D,20160518,000000,65.3708,65.5197,64.5346,65.0471,13290552.960444,0
XOM.US,D,20160519,000000,64.5083,65.6354,64.3896,65.5975,19774539.514345,0
XOM.US,D,20160520,000000,65.8047,65.8114,65.0665,65.3291,18119321.767459,0
XOM.US,D,20160523,000000,64.7893,65.4458,64.6601,65.2279,16162113.233631,0
XOM.US,D,20160524,000000,65.44,65.8114,65.191,65.2795,13808179.326494,0
XOM.US,D,20160525,000000,65.4097,65.7881,65.2202,65.7083,13157255.135256,0
XOM.US,D,20160526,000000,65.7006,65.8523,64.9858,65.3708,10807606.032434,0
XOM.US,D,20160527,000000,65.083,65.5567,65.0246,65.5245,10306266.447166,0
XOM.US,D,20160531,000000,65.5197,65.6666,64.5958,64.8059,18095935.805256,0
XOM.US,D,20160601,000000,64.3751,65.1201,64.1582,64.9644,10976378.171037,0
XOM.US,D,20160602,000000,64.2137,64.4481,63.7799,64.4481,13509543.787086,0
XOM.US,D,20160603,000000,64.3809,64.6678,64.0852,64.3342,12862486.922229,0
XOM.US,D,20160606,000000,64.696,65.155,64.5656,65.0403,11761649.02365,0
XOM.US,D,20160607,000000,65.3369,66.1888,65.3077,66.0371,17694027.947248,0
XOM.US,D,20160608,000000,66.2685,66.4639,65.9048,66.0935,13712412.35627,0
XOM.US,D,20160609,000000,65.65,66.2685,65.5975,66.0069,12327540.363269,0
XOM.US,D,20160610,000000,65.8114,66.1888,65.3611,65.5061,14221011.533199,0
XOM.US,D,20160613,000000,65.4584,66.5593,65.3019,65.9496,15617718.922804,0
XOM.US,D,20160614,000000,65.8455,66.1529,65.4097,65.8328,13955357.778853,0
XOM.US,D,20160615,000000,65.6841,66.1743,65.5197,65.6354,14636034.984922,0
XOM.US,D,20160616,000000,65.3019,66.5321,64.872,66.4076,17600757.618464,0
XOM.US,D,20160617,000000,66.605,66.6769,65.6597,66.0438,24004364.245996,0
XOM.US,D,20160620,000000,66.4562,66.6769,66.2987,66.3367,12894857.914451,0
XOM.US,D,20160621,000000,66.0438,66.7129,65.7006,66.6303,11742046.069624,0
XOM.US,D,20160622,000000,66.8569,66.9231,66.2521,66.3726,12057774.5541,0
XOM.US,D,20160623,000000,66.9231,67.0261,66.3843,66.8306,12974604.426023,0
XOM.US,D,20160624,000000,65.4331,66.1013,64.9011,65.0742,27462669.19009,0
XOM.US,D,20160627,000000,64.7183,64.8662,64.1426,64.6891,19767080.438154,0
XOM.US,D,20160628,000000,65.3204,66.1956,65.1706,66.182,18196880.118825,0
XOM.US,D,20160629,000000,66.5457,67.4831,66.3367,67.312,19120430.768523,0
XOM.US,D,20160630,000000,67.2138,68.3049,67.1934,68.2417,19326905.483309,0
XOM.US,D,20160701,000000,67.9646,68.4168,67.7526,68.3147,13661132.492793,0
XOM.US,D,20160705,000000,67.7915,68.1387,67.1574,67.7167,14749914.944822,0
XOM.US,D,20160706,000000,67.9578,68.5159,67.2965,68.4985,18046292.94885,0
XOM.US,D,20160707,000000,68.6774,68.7864,67.2323,67.6738,16807326.408992,0
XOM.US,D,20160708,000000,67.986,68.2699,67.6428,68.0968,13471878.228652,0
XOM.US,D,20160711,000000,68.2495,68.7309,68.1766,68.3517,11398345.535295,0
XOM.US,D,20160712,000000,68.9177,69.1228,68.4985,69.1228,13550511.122974,0
XOM.US,D,20160713,000000,68.905,69.0966,68.5102,69.0723,12982968.380495,0
XOM.US,D,20160714,000000,69.1959,69.543,68.8836,69.1228,12758218.209249,0
XOM.US,D,20160715,000000,69.4768,69.5575,68.8973,69.2463,14195746.920293,0
XOM.US,D,20160718,000000,69.0995,69.2668,68.7222,69.0275,13546640.711784,0
XOM.US,D,20160719,000000,68.9838,69.1151,68.5762,68.7738,8106974.1816625,0
XOM.US,D,20160720,000000,68.6142,68.7339,68.2875,68.3808,10140099.946702,0
XOM.US,D,20160721,000000,68.3517,68.623,68.0375,68.3205,10654500.627334,0
XOM.US,D,20160722,000000,68.5102,68.6444,68.2263,68.4411,9804648.2005182,0
XOM.US,D,20160725,000000,68.0462,68.1523,66.8004,67.1205,14890384.958656,0
XOM.US,D,20160726,000000,66.7061,66.997,66.3279,66.6303,16678106.705692,0
XOM.US,D,20160727,000000,66.6186,66.8336,65.9797,66.182,13731336.651587,0
XOM.US,D,20160728,000000,65.9116,66.0508,65.2348,65.6666,17077099.416057,0
XOM.US,D,20160729,000000,63.7799,64.7981,62.6936,64.7554,32856774.070506,0
XOM.US,D,20160801,000000,64.1193,64.1738,62.3085,62.5069,31458606.536403,0
XOM.US,D,20160802,000000,62.9338,63.5669,62.3007,63.3647,25960750.163207,0
XOM.US,D,20160803,000000,63.3433,63.6942,63.0457,63.6942,20096582.609642,0
XOM.US,D,20160804,000000,63.7002,63.807,63.3569,63.6845,18469844.878371,0
XOM.US,D,20160805,000000,63.8665,63.9404,63.4444,63.7439,13184764.463261,0
XOM.US,D,20160808,000000,64.0999,64.7106,64.0852,64.4927,14413025.676097,0
XOM.US,D,20160809,000000,64.5161,64.6152,64.1932,64.5744,13251839.59409,0
XOM.US,D,20160810,000000,64.4481,64.5502,63.1487,63.4424,17283012.695001,0
XOM.US,D,20160811,000000,63.6456,64.0717,63.3326,63.671,15819410.121952,0
XOM.US,D,20160812,000000,63.845,64.5958,63.8013,64.5006,13601932.88782,0
XOM.US,D,20160815,000000,64.9178,64.978,64.3459,64.4684,8760491.6717905,0
XOM.US,D,20160816,000000,64.485,64.7417,64.1465,64.5502,9272430.6721918,0
XOM.US,D,20160817,000000,64.5502,64.7417,64.3605,64.6901,9670432.1295302,0
XOM.US,D,20160818,000000,64.8876,65.3009,64.697,65.2785,14077933.824684,0
XOM.US,D,20160819,000000,65.0705,65.1521,64.4528,64.4616,11486510.499689,0
XOM.US,D,20160822,000000,64.1037,64.6814,63.7624,64.6007,11216567.827947,0
XOM.US,D,20160823,000000,64.4927,64.6212,64.2857,64.4042,8864799.4590591,0
XOM.US,D,20160824,000000,64.2418,64.7271,64.131,64.6212,10870610.23927,0
XOM.US,D,20160825,000000,64.6212,64.6309,64.0522,64.2117,9441109.2381553,0
XOM.US,D,20160826,000000,64.3381,64.6901,63.8762,64.0717,8815473.3100521,0
XOM.US,D,20160829,000000,63.9053,64.5502,63.9053,64.4927,9571123.7947625,0
XOM.US,D,20160830,000000,64.5151,64.7923,64.1426,64.2573,8766048.4470507,0
XOM.US,D,20160831,000000,63.9793,64.0289,63.3024,63.9793,17002323.565404,0
XOM.US,D,20160901,000000,63.671,63.7584,63.2071,63.7584,11483108.97997,0
XOM.US,D,20160902,000000,64.1825,64.3002,63.8257,64.1825,9652385.9774545,0
XOM.US,D,20160906,000000,64.4927,65.0802,64.3605,65.0286,13410681.721834,0
XOM.US,D,20160907,000000,65.0889,65.1015,64.59,64.7846,10167492.051839,0
XOM.US,D,20160908,000000,65.013,65.615,64.6406,65.3788,13042511.427908,0
XOM.US,D,20160909,000000,65.0928,65.0928,63.7284,63.7584,17397653.575272,0
XOM.US,D,20160912,000000,63.7128,64.3955,63.6039,64.0892,14809738.710156,0
XOM.US,D,20160913,000000,63.4785,63.4842,62.464,62.5604,17949120.33248,0
XOM.US,D,20160914,000000,62.4379,63.0165,61.8679,62.112,18980450.211578,0
XOM.US,D,20160915,000000,62.1656,62.8843,62.0508,62.464,12579111.949371,0
XOM.US,D,20160916,000000,62.0469,62.4446,61.3486,61.692,29304932.475497,0
XOM.US,D,20160919,000000,62.0994,62.1267,61.5324,61.548,10799482.693322,0
XOM.US,D,20160920,000000,61.4741,61.6375,60.6017,60.6017,23836491.844321,0
XOM.US,D,20160921,000000,60.8041,61.3934,60.4325,61.1591,20477301.920089,0
XOM.US,D,20160922,000000,61.8786,62.0771,61.2164,61.335,14578055.937356,0
XOM.US,D,20160923,000000,60.7028,61.899,60.6378,61.2689,17248189.276984,0
XOM.US,D,20160926,000000,61.3214,61.6725,60.8848,60.981,14779468.475125,0
XOM.US,D,20160927,000000,60.6378,61.1891,60.4189,61.1132,13058458.879334,0
XOM.US,D,20160928,000000,61.2756,64.0463,61.1891,63.8013,38278047.921301,0
XOM.US,D,20160929,000000,63.8519,64.0201,62.9027,63.4785,25953895.71023,0
XOM.US,D,20160930,000000,63.7584,64.4684,63.6185,64.0814,21694222.334564,0
XOM.US,D,20161003,000000,63.8314,64.0201,63.5378,63.9112,9646769.5624894,0
XOM.US,D,20161004,000000,64.1542,64.2418,63.1916,63.3228,11184229.740389,0
XOM.US,D,20161005,000000,63.7517,63.9997,63.6544,63.8762,11972722.165336,0
XOM.US,D,20161006,000000,64.058,64.2194,63.4658,63.9053,10511751.965468,0
XOM.US,D,20161007,000000,63.8382,64.1699,63.4483,63.6845,8990864.4276252,0
XOM.US,D,20161010,000000,64.273,65.1015,64.2496,64.9313,13689679.346008,0
XOM.US,D,20161011,000000,64.6688,64.7495,64.0969,64.4189,12652834.850751,0
XOM.US,D,20161012,000000,64.0376,64.4042,63.6321,63.9714,11131216.212389,0
XOM.US,D,20161013,000000,63.3967,63.7799,62.7228,63.5523,13463003.223604,0
XOM.US,D,20161014,000000,64.0153,64.268,63.491,63.5378,10865930.57898,0
XOM.US,D,20161017,000000,63.491,63.7196,63.1916,63.5378,9882569.5314669,0
XOM.US,D,20161018,000000,63.9997,64.1163,63.4201,63.705,7365392.4976756,0
XOM.US,D,20161019,000000,64.0153,64.5006,63.7867,63.9997,12750062.993744,0
XOM.US,D,20161020,000000,63.7196,64.2418,63.5806,64.0289,9335098.6344856,0
XOM.US,D,20161021,000000,63.4483,63.7439,62.9192,63.597,14601267.093528,0
XOM.US,D,20161024,000000,63.6845,64.1126,63.1916,63.808,11347462.584337,0
XOM.US,D,20161025,000000,63.6321,64.3536,63.5806,63.671,9290097.3923521,0
XOM.US,D,20161026,000000,63.3228,64.2048,63.106,63.9422,11547491.069644,0
XOM.US,D,20161027,000000,64.0814,64.3605,63.7284,63.8178,12346176.742769,0
XOM.US,D,20161028,000000,62.61,63.4055,61.7755,62.2452,25974721.278207,0
XOM.US,D,20161031,000000,61.5839,61.9662,60.9304,61.1755,22689379.704391,0
XOM.US,D,20161101,000000,61.3049,61.6131,61.1356,61.4177,17775066.995182,0
XOM.US,D,20161102,000000,61.1591,61.5839,60.8945,61.2689,15290025.479606,0
XOM.US,D,20161103,000000,61.439,61.5839,60.9752,61.4235,12035520.718019,0
XOM.US,D,20161104,000000,61.4021,61.9137,60.7632,61.3564,18900958.711159,0
XOM.US,D,20161107,000000,62.0322,62.7549,61.9671,62.7383,18464907.122116,0
XOM.US,D,20161108,000000,62.7598,63.5727,62.5837,63.1896,13120743.29663,0
XOM.US,D,20161109,000000,62.2549,64.2253,61.9671,63.8849,21417907.468838,0
XOM.US,D,20161110,000000,63.6321,65.1754,63.4473,64.4772,18994702.044499,0
XOM.US,D,20161111,000000,64.093,64.2418,62.8764,63.4561,18622044.376917,0
XOM.US,D,20161114,000000,63.1819,63.4405,62.4583,63.1662,16999289.138351,0
XOM.US,D,20161115,000000,63.5281,64.486,63.5281,64.306,17392558.49359,0
XOM.US,D,20161116,000000,64.2476,64.2787,63.3889,63.5154,10991427.942078,0
XOM.US,D,20161117,000000,64.024,64.3527,62.9756,63.1283,11063023.351228,0
XOM.US,D,20161118,000000,63.1157,63.4405,62.8347,63.1662,11273319.12021,0
XOM.US,D,20161121,000000,64.024,64.2107,63.8003,64.061,11945177.876126,0
XOM.US,D,20161122,000000,64.2107,64.6172,63.6778,64.2039,12673983.295752,0
XOM.US,D,20161123,000000,64.1009,64.5014,63.9297,64.3809,8182384.4753821,0
XOM.US,D,20161125,000000,64.2253,64.5433,64.1009,64.5287,6808493.3859717,0
XOM.US,D,20161128,000000,64.4042,64.5394,63.9764,64.0493,9990666.4965361,0
XOM.US,D,20161129,000000,63.2693,63.7556,63.0175,63.6262,12368954.996944,0
XOM.US,D,20161130,000000,64.8837,65.3204,64.592,64.6629,30576429.389549,0
XOM.US,D,20161201,000000,65.1667,65.5519,64.6172,64.624,17550376.463642,0
XOM.US,D,20161202,000000,64.5823,65.1754,64.1445,64.4694,13032292.47296,0
XOM.US,D,20161205,000000,64.73,65.048,64.3809,64.7962,15824645.04846,0
XOM.US,D,20161206,000000,64.6425,65.0869,64.2175,64.8555,15229343.108176,0
XOM.US,D,20161207,000000,64.9091,65.2941,64.592,65.2339,14737015.287968,0
XOM.US,D,20161208,000000,65.2192,65.8124,64.9206,65.4196,12190497.575925,0
XOM.US,D,20161209,000000,65.6577,65.9223,65.3125,65.9223,10818291.822312,0
XOM.US,D,20161212,000000,66.7655,67.773,66.7655,67.3879,20975598.852138,0
XOM.US,D,20161213,000000,68.0619,69.046,67.5289,68.5734,24619562.197478,0
XOM.US,D,20161214,000000,68.3351,68.3438,66.7888,67.0933,22036769.149085,0
XOM.US,D,20161215,000000,66.7382,67.3879,66.4854,67.3208,15034907.387606,0
XOM.US,D,20161216,000000,67.7895,67.9005,67.1369,67.5376,27394529.79901,0
XOM.US,D,20161219,000000,67.6845,67.8042,66.8112,66.9755,13050514.459338,0
XOM.US,D,20161220,000000,67.0407,67.2926,66.8783,66.9814,9740202.358057,0
XOM.US,D,20161221,000000,67.1661,67.3286,66.7967,66.8715,9852994.4074782,0
XOM.US,D,20161222,000000,66.6779,67.3286,66.6779,67.311,10786729.050918,0
XOM.US,D,20161223,000000,67.3208,67.3752,67.0484,67.1885,5759476.2212974,0
XOM.US,D,20161227,000000,67.2771,67.4841,67.0933,67.2187,6633425.1454214,0
XOM.US,D,20161228,000000,67.1661,67.4841,66.853,66.8852,8888364.3403766,0
XOM.US,D,20161229,000000,66.7382,67.1068,66.6857,66.9202,9023733.1029017,0
XOM.US,D,20161230,000000,66.6857,67.1808,66.6702,66.853,12309029.432804,0
XOM.US,D,20170103,000000,67.3587,67.6554,66.7723,67.3208,13965781.359685,0
XOM.US,D,20170104,000000,67.4929,67.4929,66.4776,66.5817,12670120.082455,0
XOM.US,D,20170105,000000,66.8034,66.8852,65.509,65.5917,19493101.803626,0
XOM.US,D,20170106,000000,65.7648,65.9068,65.048,65.5519,22286382.907635,0
XOM.US,D,20170109,000000,65.3457,65.3457,64.1086,64.4694,18559934.765654,0
XOM.US,D,20170110,000000,64.5676,64.6717,63.6321,63.6466,17912560.165126,0
XOM.US,D,20170111,000000,63.6262,64.4042,63.597,64.2992,14894286.217971,0
XOM.US,D,20170112,000000,64.6425,64.7233,63.7527,63.951,14035012.774325,0
XOM.US,D,20170113,000000,63.9015,64.2039,63.8266,63.9598,11345611.696945,0
XOM.US,D,20170117,000000,64.129,64.73,63.8849,64.7077,17866221.142716,0
XOM.US,D,20170118,000000,64.486,64.7437,63.7371,63.9073,15950433.412189,0
XOM.US,D,20170119,000000,63.6778,63.7741,62.6576,62.7598,22112748.076543,0
XOM.US,D,20170120,000000,63.2868,63.671,62.9951,63.6194,25244229.494512,0
XOM.US,D,20170123,000000,63.4648,63.6126,62.7724,62.9348,15408605.665212,0
XOM.US,D,20170124,000000,62.9426,63.3073,62.8297,63.0272,15976965.882958,0
XOM.US,D,20170125,000000,63.2119,63.6126,63.1448,63.2119,12929282.363408,0
XOM.US,D,20170126,000000,63.4697,63.5727,63.0495,63.4036,11848338.419484,0
XOM.US,D,20170127,000000,63.1819,63.5154,62.9911,63.3383,14772311.710541,0
XOM.US,D,20170130,000000,63.2693,63.2937,62.3493,62.8551,17229294.80152,0
XOM.US,D,20170131,000000,62.9893,63.0098,61.5752,62.1374,25821864.714635,0
XOM.US,D,20170201,000000,62.219,62.3367,61.1366,61.4332,20387948.27468,0
XOM.US,D,20170202,000000,61.6345,61.8708,61.1454,61.8106,16458035.166467,0
XOM.US,D,20170203,000000,61.9953,62.0119,61.4051,61.8786,17206268.734087,0
XOM.US,D,20170206,000000,61.8865,61.9593,61.4255,61.7084,13406184.065471,0
XOM.US,D,20170207,000000,61.6482,61.938,61.0705,61.3078,15784766.651321,0
XOM.US,D,20170208,000000,61.2853,61.3817,60.6727,60.9062,18735035.910867,0
XOM.US,D,20170209,000000,61.1434,61.3312,61.0423,61.1745,12838437.725376,0
XOM.US,D,20170210,000000,61.4877,61.8698,61.3894,61.6822,11724806.081834,0
XOM.US,D,20170213,000000,61.8698,62.1772,61.5548,62.0429,12116704.752132,0
XOM.US,D,20170214,000000,61.973,62.114,61.3369,61.9059,15211331.917307,0
XOM.US,D,20170215,000000,61.7717,62.1743,61.6414,62.1597,15735594.742929,0
XOM.US,D,20170216,000000,62.1295,62.3552,61.4205,61.5149,14197491.895796,0
XOM.US,D,20170217,000000,61.3593,61.4352,60.8731,61.1122,20912807.497351,0
XOM.US,D,20170221,000000,61.3817,61.4051,60.77,61.2095,21958504.375698,0
XOM.US,D,20170222,000000,61.0316,61.0676,60.4462,60.4928,17270260.080867,0
XOM.US,D,20170223,000000,60.8585,61.4557,60.5687,61.1269,18516795.721891,0
XOM.US,D,20170224,000000,60.9937,61.1434,60.3663,60.6056,15165347.648314,0
XOM.US,D,20170227,000000,60.6415,61.0763,60.4033,60.948,18002683.985345,0
XOM.US,D,20170228,000000,60.7855,61.2853,60.7855,60.7855,22513345.917584,0
XOM.US,D,20170301,000000,61.0676,62.2861,61.0676,62.0517,23381910.815938,0
XOM.US,D,20170302,000000,61.8893,62.9756,61.8845,62.2656,18951863.255803,0
XOM.US,D,20170303,000000,62.4573,62.4885,61.4877,61.6385,16444258.394643,0
XOM.US,D,20170306,000000,61.6209,61.9652,61.5402,61.9127,12864720.326348,0
XOM.US,D,20170307,000000,62.1218,62.2569,61.3982,61.6822,17004244.375209,0
XOM.US,D,20170308,000000,61.5548,61.5772,60.5531,60.5687,22494235.505258,0
XOM.US,D,20170309,000000,60.275,61.0851,60.0318,61.0462,19677376.152411,0
XOM.US,D,20170310,000000,61.6209,61.6452,60.6602,61.0024,15168321.407391,0
XOM.US,D,20170313,000000,60.9188,61.2474,60.5813,60.8585,12744532.953524,0
XOM.US,D,20170314,000000,60.5463,60.7155,60.1252,60.5376,15164582.614859,0
XOM.US,D,20170315,000000,60.8049,61.3369,60.5774,61.2923,16014221.161355,0
XOM.US,D,20170316,000000,61.3155,61.443,61.0462,61.3458,13276362.82377,0
XOM.US,D,20170317,000000,61.3155,61.4877,61.1581,61.2923,25196685.338757,0
XOM.US,D,20170320,000000,61.0851,61.3243,60.8731,61.2923,10300936.919747,0
XOM.US,D,20170321,000000,61.4138,61.5548,60.9937,61.1658,17910474.831997,0
XOM.US,D,20170322,000000,61.2641,61.3593,60.8653,61.1122,14941570.22122,0
XOM.US,D,20170323,000000,61.016,61.4557,60.8876,61.1891,11943574.80199,0
XOM.US,D,20170324,000000,61.3155,61.3155,60.6562,60.7165,12212367.867006,0
XOM.US,D,20170327,000000,60.4121,60.8653,60.3897,60.7311,11328899.212061,0
XOM.US,D,20170328,000000,60.7855,61.3078,60.5152,61.1745,14746132.964916,0
XOM.US,D,20170329,000000,61.0617,61.5062,60.9538,61.3078,11364568.896925,0
XOM.US,D,20170330,000000,61.3155,62.6887,61.2446,62.5633,59766805.302977,0
XOM.US,D,20170331,000000,62.2345,62.2725,61.1891,61.299,29075150.975358,0
XOM.US,D,20170403,000000,61.3078,61.5217,60.8049,61.3458,15302584.778835,0
XOM.US,D,20170404,000000,61.3681,61.6064,60.7934,61.5704,12394445.82942,0
XOM.US,D,20170405,000000,61.9273,62.4486,61.6452,61.688,18457922.078751,0
XOM.US,D,20170406,000000,61.8544,62.1976,61.6385,62.0469,12773626.84679,0
XOM.US,D,20170407,000000,62.22,62.3095,61.8019,61.8621,11918340.008935,0
XOM.US,D,20170410,000000,62.1295,62.3911,61.9797,62.1374,11886111.946351,0
XOM.US,D,20170411,000000,62.1004,62.1684,61.6064,61.9194,11473991.303022,0
XOM.US,D,20170412,000000,61.937,62.3017,61.8155,62.0197,12729902.716958,0
XOM.US,D,20170413,000000,61.8301,61.8359,60.9723,61.0617,11586744.278153,0
XOM.US,D,20170417,000000,61.1824,61.2709,60.8702,60.9781,12809092.934041,0
XOM.US,D,20170418,000000,60.7855,61.1581,60.5687,60.5813,11794255.489879,0
XOM.US,D,20170419,000000,60.6727,60.9266,60.0241,60.1651,14393015.526844,0
XOM.US,D,20170420,000000,60.5074,61.0997,60.3207,60.5531,15576283.723713,0
XOM.US,D,20170421,000000,60.4928,60.5463,60.1496,60.313,13124703.167378,0
XOM.US,D,20170424,000000,60.7525,60.8458,60.4033,60.627,11662684.131322,0
XOM.US,D,20170425,000000,60.8653,61.2407,60.7525,61.0919,14338723.858272,0
XOM.US,D,20170426,000000,60.9334,61.5393,60.837,60.8458,12624435.040256,0
XOM.US,D,20170427,000000,60.5989,60.77,60.4996,60.7408,16557464.837186,0
XOM.US,D,20170428,000000,61.6385,61.6579,60.9645,61.0316,16150097.889642,0
XOM.US,D,20170501,000000,60.9266,61.4497,60.9062,61.3369,11591174.068646,0
XOM.US,D,20170502,000000,61.3982,61.7328,61.2173,61.3312,12083230.425369,0
XOM.US,D,20170503,000000,61.2709,62.0935,61.2261,61.8155,13753158.613943,0
XOM.US,D,20170504,000000,61.51,61.5625,60.8458,61.0219,21622567.28571,0
XOM.US,D,20170505,000000,61.016,61.4673,61.0024,61.3078,13663401.886391,0
XOM.US,D,20170508,000000,61.2923,61.9943,61.2923,61.9593,10830305.109759,0
XOM.US,D,20170509,000000,62.0109,62.0429,61.4138,61.5217,11559043.691784,0
XOM.US,D,20170510,000000,61.9623,62.152,61.6073,61.8038,12617308.095525,0
XOM.US,D,20170511,000000,62.3172,62.4067,61.9477,62.3308,13313975.940395,0
XOM.US,D,20170512,000000,62.1664,62.4067,62.0586,62.2861,9908445.9654833,0
XOM.US,D,20170515,000000,62.6265,62.7636,62.363,62.4767,14282098.015042,0
XOM.US,D,20170516,000000,62.5488,62.7995,62.2123,62.2861,12683531.818154,0
XOM.US,D,20170517,000000,62.0985,62.6576,61.8398,61.8661,14757939.569939,0
XOM.US,D,20170518,000000,61.6967,61.9837,61.4342,61.6831,13128406.998705,0
XOM.US,D,20170519,000000,61.8718,61.9409,61.6423,61.8183,17129728.370788,0
XOM.US,D,20170522,000000,61.9554,62.1198,61.8183,62.0915,12215685.068523,0
XOM.US,D,20170523,000000,62.112,62.539,62.0499,62.3095,9087353.2439318,0
XOM.US,D,20170524,000000,62.1869,62.2793,61.8786,62.0915,10943099.215722,0
XOM.US,D,20170525,000000,62.1198,62.4067,61.51,61.6831,16391952.316934,0
XOM.US,D,20170526,000000,61.5782,61.7221,60.9868,61.5315,10805664.657212,0
XOM.US,D,20170530,000000,61.3302,61.3729,61.1483,61.193,11883807.591547,0
XOM.US,D,20170531,000000,61.0715,61.0793,60.7165,60.7408,17986012.631294,0
XOM.US,D,20170601,000000,60.6407,61.0413,60.5045,60.8896,13091937.31918,0
XOM.US,D,20170602,000000,60.8049,60.874,59.8034,59.9852,28254464.420761,0
XOM.US,D,20170605,000000,59.9405,60.6562,59.9103,60.451,15261331.58367,0
XOM.US,D,20170606,000000,60.5872,61.3574,60.5268,61.2756,16172418.563323,0
XOM.US,D,20170607,000000,61.1551,61.4196,60.6193,61.0491,17349525.361717,0
XOM.US,D,20170608,000000,60.7476,61.1804,60.7311,60.8323,15420519.210394,0
XOM.US,D,20170609,000000,61.231,61.9779,60.8818,61.969,17947833.965741,0
XOM.US,D,20170612,000000,62.3757,63.1468,62.3552,62.5759,24077800.259832,0
XOM.US,D,20170613,000000,62.5146,62.8297,62.3017,62.5954,16133235.277226,0
XOM.US,D,20170614,000000,62.4826,62.4903,61.5393,61.9234,18172917.296718,0
XOM.US,D,20170615,000000,61.7064,62.1733,61.5548,62.0654,15721554.733786,0
XOM.US,D,20170616,000000,62.3308,63.034,62.0235,62.9941,52454874.65936,0
XOM.US,D,20170619,000000,62.7928,62.9669,62.2861,62.4456,13841987.841256,0
XOM.US,D,20170620,000000,61.9234,62.223,61.4255,62.1042,17534797.133153,0
XOM.US,D,20170621,000000,61.901,62.3484,61.2232,61.4487,15133963.796035,0
XOM.US,D,20170622,000000,61.4547,61.5548,61.0413,61.1804,10786281.753132,0
XOM.US,D,20170623,000000,61.0044,61.6394,60.9363,61.5782,14060875.840823,0
XOM.US,D,20170626,000000,61.547,61.6831,61.0472,61.2961,10226962.092027,0
XOM.US,D,20170627,000000,61.4547,61.6676,61.1969,61.1969,12219909.204861,0
XOM.US,D,20170628,000000,61.4255,61.689,61.2582,61.5149,12179327.470511,0
XOM.US,D,20170629,000000,61.3963,61.7503,60.6718,60.8896,27194328.564212,0
XOM.US,D,20170630,000000,61.1804,61.297,60.8896,60.9149,18541078.336207,0
XOM.US,D,20170703,000000,60.9596,62.2404,60.9081,61.9477,11162290.555165,0
XOM.US,D,20170705,000000,61.6297,61.6297,60.7496,61.0044,13025330.051552,0
XOM.US,D,20170706,000000,61.0121,61.1804,60.4296,60.451,13015182.047288,0
XOM.US,D,20170707,000000,60.5133,60.8089,60.2195,60.5268,13782585.66694,0
XOM.US,D,20170710,000000,60.3616,60.6718,60.3334,60.4831,8399980.9668555,0
XOM.US,D,20170711,000000,60.6125,60.9304,60.3917,60.8138,12734548.444313,0
XOM.US,D,20170712,000000,61.2621,61.5072,60.9275,61.087,10566739.773354,0
XOM.US,D,20170713,000000,61.0968,61.1872,60.9149,61.0968,7396922.3644049,0
XOM.US,D,20170714,000000,61.1152,61.4255,60.9411,61.3302,9935344.5006485,0
XOM.US,D,20170717,000000,61.1152,61.443,60.9868,61.0121,10453255.697703,0
XOM.US,D,20170718,000000,61.1299,61.1804,60.6718,60.8138,10652204.498698,0
XOM.US,D,20170719,000000,60.6941,61.018,60.5677,61.0044,12446951.39166,0
XOM.US,D,20170720,000000,61.0968,61.4877,60.9275,61.0121,12825214.163229,0
XOM.US,D,20170721,000000,60.8546,60.9966,60.3616,60.451,16256547.564932,0
XOM.US,D,20170724,000000,60.4082,60.5268,60.1816,60.2634,12461167.235104,0
XOM.US,D,20170725,000000,60.9411,61.1551,60.5677,60.5677,15191820.479379,0
XOM.US,D,20170726,000000,60.7992,61.0413,60.5133,60.6407,13869315.165334,0
XOM.US,D,20170727,000000,60.5444,61.0257,60.2857,60.9868,14767177.554569,0
XOM.US,D,20170728,000000,60.099,60.3003,59.0575,60.06,30212636.444304,0
XOM.US,D,20170731,000000,60.2322,60.6562,60.06,60.3917,16971928.909608,0
XOM.US,D,20170801,000000,60.4831,60.771,60.3411,60.4898,13807592.183882,0
XOM.US,D,20170802,000000,60.2886,60.8468,60.2108,60.8138,13493408.162107,0
XOM.US,D,20170803,000000,60.6193,60.98,60.5872,60.7311,13433045.582888,0
XOM.US,D,20170804,000000,60.7408,60.7865,60.4005,60.522,10983624.395178,0
XOM.US,D,20170807,000000,60.4898,60.4898,60.2575,60.4831,10460893.693008,0
XOM.US,D,20170808,000000,60.377,60.524,60.2322,60.3334,11959908.883228,0
XOM.US,D,20170809,000000,60.5511,60.626,60.1972,60.522,10712888.92667,0
XOM.US,D,20170810,000000,60.7641,60.7817,60.1174,60.1631,16509253.333697,0
XOM.US,D,20170811,000000,60.3459,60.3752,59.5787,59.5845,13369392.537194,0
XOM.US,D,20170814,000000,59.8966,60.0289,59.5155,59.6,11632106.443328,0
XOM.US,D,20170815,000000,59.5155,59.6127,59.179,59.4522,13583827.096038,0
XOM.US,D,20170816,000000,59.4522,59.5524,58.8998,59.0204,11956254.408898,0
XOM.US,D,20170817,000000,58.861,58.8746,58.0606,58.0986,17194895.031061,0
XOM.US,D,20170818,000000,58.0363,58.7452,57.938,58.3854,17771729.228251,0
XOM.US,D,20170821,000000,58.257,58.3718,57.9614,58.1918,13119717.082398,0
XOM.US,D,20170822,000000,58.3183,58.9135,58.3046,58.4641,12471530.14796,0
XOM.US,D,20170823,000000,58.4341,58.6704,58.257,58.3659,9256516.1254296,0
XOM.US,D,20170824,000000,58.2823,58.3952,58.0518,58.151,11389788.265916,0
XOM.US,D,20170825,000000,58.3271,58.7599,58.2279,58.4486,8979598.6930303,0
XOM.US,D,20170828,000000,58.5858,58.6159,58.0986,58.257,10796877.055182,0
XOM.US,D,20170829,000000,58.0606,58.2735,57.9614,58.2424,9256741.316729,0
XOM.US,D,20170830,000000,58.0829,58.2424,57.9439,57.9769,10775900.331402,0
XOM.US,D,20170831,000000,58.1063,58.2735,57.938,58.151,20530892.307995,0
XOM.US,D,20170901,000000,58.1821,58.5488,58.1442,58.3348,9659110.8683135,0
XOM.US,D,20170905,000000,58.3854,58.9377,58.3659,58.7978,16781173.370136,0
XOM.US,D,20170906,000000,59.3394,60.3576,59.1041,60.0191,24039503.343142,0
XOM.US,D,20170907,000000,60.2021,60.4355,59.8889,60.2089,12907932.377337,0
XOM.US,D,20170908,000000,60.1932,60.2166,59.9054,60.0474,11072500.922948,0
XOM.US,D,20170911,000000,60.4977,60.5045,60.1097,60.3752,17005019.691372,0
XOM.US,D,20170912,000000,60.4898,60.7117,60.3683,60.5677,10040402.925582,0
XOM.US,D,20170913,000000,60.5677,60.774,60.4773,60.774,10980000.768972,0
XOM.US,D,20170914,000000,60.8352,61.122,60.774,61.016,11896384.371379,0
XOM.US,D,20170915,000000,61.0384,61.1065,60.6046,61.0014,20965904.315285,0
XOM.US,D,20170918,000000,60.7874,61.0539,60.7184,61.016,11077904.485863,0
XOM.US,D,20170919,000000,60.9927,61.2446,60.9363,61.1142,12175367.599762,0
XOM.US,D,20170920,000000,61.1609,61.4497,61.1464,61.3671,13896314.471036,0
XOM.US,D,20170921,000000,61.3214,61.3506,60.7641,60.8615,15577097.085895,0
XOM.US,D,20170922,000000,60.734,61.1784,60.6961,60.8848,13191726.884669,0
XOM.US,D,20170925,000000,60.9723,61.7104,60.9314,61.692,13759838.260888,0
XOM.US,D,20170926,000000,61.4896,61.7064,61.3739,61.6258,11470455.079831,0
XOM.US,D,20170927,000000,61.6258,62.0499,61.549,62.0382,12621584.673672,0
XOM.US,D,20170928,000000,62.1879,62.8132,62.1364,62.6148,20449508.78935,0
XOM.US,D,20170929,000000,62.4262,62.5146,62.148,62.4543,12993507.127652,0
XOM.US,D,20171002,000000,61.9389,62.3328,61.8952,62.1879,8886466.1525286,0
XOM.US,D,20171003,000000,62.0235,62.4466,61.9389,62.2881,7980598.6753227,0
XOM.US,D,20171004,000000,62.3182,62.3717,62.0499,62.3124,8337131.0006348,0
XOM.US,D,20171005,000000,62.2579,62.6556,62.1587,62.4865,9678350.8427573,0
XOM.US,D,20171006,000000,62.2958,62.3873,61.9797,62.2492,7968074.337301,0
XOM.US,D,20171009,000000,62.361,62.6071,62.3581,62.4942,9831171.4168512,0
XOM.US,D,20171010,000000,62.7149,62.8589,62.539,62.6703,9475031.8909746,0
XOM.US,D,20171011,000000,62.5924,63.035,62.5808,62.928,9166949.6279705,0
XOM.US,D,20171012,000000,62.7062,62.8132,62.6003,62.7995,8849785.6774946,0
XOM.US,D,20171013,000000,63.0282,63.2947,62.7461,62.7821,9418150.0083235,0
XOM.US,D,20171016,000000,63.0028,63.1935,62.8823,63.0874,7515860.3882395,0
XOM.US,D,20171017,000000,62.9493,63.21,62.8823,63.2032,8319452.969496,0
XOM.US,D,20171018,000000,63.2032,63.529,62.8823,63.0495,8349573.0769947,0
XOM.US,D,20171019,000000,62.7383,63.2703,62.7228,63.035,10429252.773036,0
XOM.US,D,20171020,000000,63.1176,63.3335,62.9426,63.3141,12513432.181982,0
XOM.US,D,20171023,000000,63.349,63.813,63.2635,63.4152,12902324.188537,0
XOM.US,D,20171024,000000,63.6516,63.846,63.4688,63.5913,9800083.7065545,0
XOM.US,D,20171025,000000,63.5747,63.7886,63.1916,63.3627,12014031.915393,0
XOM.US,D,20171026,000000,63.5154,63.7294,63.3141,63.5913,12008493.649007,0
XOM.US,D,20171027,000000,63.2324,64.1786,62.4787,63.7731,19507474.972498,0
XOM.US,D,20171030,000000,63.7294,63.9559,63.5465,63.6437,10252790.197316,0
XOM.US,D,20171031,000000,63.7294,63.7527,63.3627,63.4998,12802249.792042,0
XOM.US,D,20171101,000000,63.5281,63.9482,63.4327,63.8966,12377714.835664,0
XOM.US,D,20171102,000000,63.6914,63.7682,63.1642,63.6359,10204151.961457,0
XOM.US,D,20171103,000000,63.5533,63.7196,63.354,63.3705,9061599.1741375,0
XOM.US,D,20171106,000000,63.4618,63.8966,63.28,63.8043,12173614.398094,0
XOM.US,D,20171107,000000,63.7964,63.8567,63.3082,63.6758,11066175.001149,0
XOM.US,D,20171108,000000,63.5086,63.6146,63.1244,63.5913,11408196.369306,0
XOM.US,D,20171109,000000,63.4618,64.1028,63.2947,63.9744,13754367.860373,0
XOM.US,D,20171110,000000,63.8266,63.88,63.3734,63.7711,11306221.728422,0
XOM.US,D,20171113,000000,63.5513,63.8879,63.5124,63.7332,8739961.2175258,0
XOM.US,D,20171114,000000,63.3734,63.6262,63.1176,63.2334,12029198.909302,0
XOM.US,D,20171115,000000,62.857,63.1176,62.397,62.4437,12427858.459936,0
XOM.US,D,20171116,000000,61.8495,62.1656,61.6228,61.9438,13582470.806888,0
XOM.US,D,20171117,000000,61.757,62.0206,61.6355,61.6948,12401305.423751,0
XOM.US,D,20171120,000000,61.688,62.0032,61.5169,61.9351,11007785.673545,0
XOM.US,D,20171121,000000,62.0449,62.4738,62.0032,62.1791,11453825.884881,0
XOM.US,D,20171122,000000,62.4038,62.5915,62.3182,62.359,10328132.625164,0
XOM.US,D,20171124,000000,62.6187,62.8171,62.4476,62.6021,5008858.0937525,0
XOM.US,D,20171127,000000,62.364,62.5885,62.364,62.364,11864468.903109,0
XOM.US,D,20171128,000000,62.5944,63.0495,62.5176,62.7967,12738518.59777,0
XOM.US,D,20171129,000000,62.7801,63.2897,62.6499,63.2567,12629620.609767,0
XOM.US,D,20171130,000000,63.3939,64.1251,63.3647,64.0434,24172083.43533,0
XOM.US,D,20171201,000000,64.1572,64.6863,63.3647,64.1718,17892842.044773,0
XOM.US,D,20171204,000000,63.9793,64.7233,63.8197,64.2564,16362749.426965,0
XOM.US,D,20171205,000000,64.203,64.411,63.5951,63.7332,12168722.914023,0
XOM.US,D,20171206,000000,63.88,63.9744,63.211,63.2635,15662354.100542,0
XOM.US,D,20171207,000000,63.3569,63.5261,63.1809,63.4715,14766282.958996,0
XOM.US,D,20171208,000000,63.6262,63.742,63.2479,63.5571,14246202.110609,0
XOM.US,D,20171211,000000,63.7799,64.0104,63.6185,63.8402,11392340.433977,0
XOM.US,D,20171212,000000,63.8879,64.1126,63.5873,63.6321,14705491.590863,0
XOM.US,D,20171213,000000,63.5184,64.0513,63.4182,63.9092,13173595.386119,0
XOM.US,D,20171214,000000,63.8402,64.0707,63.7332,63.742,12338691.959807,0
XOM.US,D,20171215,000000,63.9422,64.0337,63.7167,63.8402,34487371.930262,0
XOM.US,D,20171218,000000,63.9559,64.3362,63.7497,63.7711,12177725.424646,0
XOM.US,D,20171219,000000,63.8402,63.9482,63.3024,63.387,13376278.866563,0
XOM.US,D,20171220,000000,63.5124,63.9248,63.4483,63.7167,13806374.711286,0
XOM.US,D,20171221,000000,64.0872,64.7952,63.7867,64.4703,17651268.335402,0
XOM.US,D,20171222,000000,64.4957,64.6017,64.2797,64.5637,13108312.531248,0
XOM.US,D,20171226,000000,64.5549,64.8662,64.5112,64.5735,6204516.9534424,0
XOM.US,D,20171227,000000,64.5803,64.6639,64.3858,64.5112,9103216.3771554,0
XOM.US,D,20171228,000000,64.5735,64.624,64.4334,64.6017,9747721.0739532,0
XOM.US,D,20171229,000000,64.589,64.7407,64.3099,64.3099,11083983.622677,0
XOM.US,D,20180102,000000,64.4481,65.5071,64.3265,65.3778,14914767.315238,0
XOM.US,D,20180103,000000,66.6634,66.8676,66.6634,66.6634,18150360.120758,0
XOM.US,D,20180104,000000,66.7315,67.0621,66.4552,66.7568,14127554.059133,0
XOM.US,D,20180105,000000,66.7013,66.8024,65.898,66.7013,14343642.077381,0
XOM.US,D,20180108,000000,66.6634,67.0097,66.5894,67.0008,14205236.831262,0
XOM.US,D,20180109,000000,66.8463,67.0097,66.6236,66.7159,10511629.601246,0
XOM.US,D,20180110,000000,66.8939,67.0397,66.111,66.1868,14075168.804575,0
XOM.US,D,20180111,000000,66.3998,67.1788,66.0711,66.8393,18677966.882937,0
XOM.US,D,20180112,000000,67.0484,67.6554,67.0329,67.2936,12789502.319264,0
XOM.US,D,20180116,000000,67.4627,67.4784,66.5856,66.8725,14144782.735943,0
XOM.US,D,20180117,000000,67.0484,67.8236,66.8393,67.6631,13714270.441558,0
XOM.US,D,20180118,000000,67.4861,67.8089,67.1545,67.2255,11963213.745493,0
XOM.US,D,20180119,000000,67.3315,67.4784,66.5953,67.0097,16961606.099313,0
XOM.US,D,20180122,000000,67.0251,67.8838,66.9328,67.8547,12667197.736916,0
XOM.US,D,20180123,000000,67.8547,68.0162,67.4627,67.8935,12805728.43207,0
XOM.US,D,20180124,000000,68.0395,68.3702,67.6709,68.0706,13302014.066486,0
XOM.US,D,20180125,000000,68.0851,68.3302,67.8158,67.9461,14632863.797857,0
XOM.US,D,20180126,000000,68.1532,68.4333,68.0239,68.4333,13526805.368561,0
XOM.US,D,20180129,000000,68.1172,68.6628,67.6233,67.6709,12099558.336984,0
XOM.US,D,20180130,000000,67.311,67.9548,66.7237,66.7237,16104939.322079,0
XOM.US,D,20180131,000000,66.5544,67.2547,66.3803,67.1244,18580071.392212,0
XOM.US,D,20180201,000000,67.278,68.625,67.1623,68.4859,23363796.797991,0
XOM.US,D,20180202,000000,65.4536,66.1324,63.8187,64.9936,38716401.808604,0
XOM.US,D,20180205,000000,64.0337,64.5803,60.0747,61.2951,39319284.161031,0
XOM.US,D,20180206,000000,60.3663,61.7795,59.1284,60.2429,47162215.88865,0
XOM.US,D,20180207,000000,60.311,61.0579,59.141,59.1596,28580122.916098,0
XOM.US,D,20180208,000000,59.5427,59.6526,58.4593,58.4894,33317986.417106,0
XOM.US,D,20180209,000000,59.2266,59.4046,57.4032,58.8639,37152578.824613,0
XOM.US,D,20180212,000000,59.849,60.2944,58.9086,59.3588,24894155.737928,0
XOM.US,D,20180213,000000,59.1108,59.6156,58.8231,59.2665,15285227.568177,0
XOM.US,D,20180214,000000,58.8707,59.5456,58.3825,59.392,22115409.241305,0
XOM.US,D,20180215,000000,59.5155,59.5796,58.6052,59.1965,18084357.476346,0
XOM.US,D,20180216,000000,59.1498,59.9054,58.9135,59.4513,17646286.363504,0
XOM.US,D,20180220,000000,58.8385,60.1748,58.8385,58.8385,16646521.312341,0
XOM.US,D,20180221,000000,58.8951,59.3706,58.1559,58.1724,15054772.55068,0
XOM.US,D,20180222,000000,58.4894,59.6856,58.4019,58.9233,17357594.202477,0
XOM.US,D,20180223,000000,59.1031,60.2935,58.9952,60.2225,17207252.789218,0
XOM.US,D,20180226,000000,60.3849,61.3097,60.2458,61.2387,21771070.150825,0
XOM.US,D,20180227,000000,61.3642,62.0419,60.2001,60.2001,18834099.517192,0
XOM.US,D,20180228,000000,60.7117,60.7827,58.7997,58.8318,21998923.643265,0
XOM.US,D,20180301,000000,58.6684,59.5611,58.1442,58.4127,20207950.504041,0
XOM.US,D,20180302,000000,58.1724,58.933,57.8544,58.6849,20122448.760951,0
XOM.US,D,20180305,000000,58.4351,59.4688,58.3504,59.2451,19170700.8701,0
XOM.US,D,20180306,000000,59.5534,59.7945,58.9242,59.174,13845117.897492,0
XOM.US,D,20180307,000000,58.256,58.4438,57.1396,57.6813,35088794.138189,0
XOM.US,D,20180308,000000,57.8671,58.079,57.2398,57.5743,24846702.070001,0
XOM.US,D,20180309,000000,58.117,58.3046,57.6453,57.9157,25379962.264891,0
XOM.US,D,20180312,000000,58.1559,58.7083,58.0159,58.4438,18315519.944134,0
XOM.US,D,20180313,000000,58.5119,58.8951,57.6735,57.8924,17688513.33109,0
XOM.US,D,20180314,000000,57.9769,58.0946,57.1143,57.1669,19080200.702779,0
XOM.US,D,20180315,000000,57.7523,58.256,57.5569,57.8048,20135780.29153,0
XOM.US,D,20180316,000000,57.7611,58.3494,57.7611,58.3494,41338184.828189,0
XOM.US,D,20180319,000000,58.256,58.2638,57.3749,57.5967,16407683.831499,0
XOM.US,D,20180320,000000,57.6511,58.0227,57.4401,57.4732,16740351.020427,0
XOM.US,D,20180321,000000,57.657,58.7539,57.4664,58.2882,19849786.313013,0
XOM.US,D,20180322,000000,57.8048,58.0227,57.0055,57.09,22834712.410711,0
XOM.US,D,20180323,000000,57.3323,57.6453,56.4472,56.6193,25950635.063607,0
XOM.US,D,20180326,000000,57.2106,57.5967,56.5134,57.48,19353155.179616,0
XOM.US,D,20180327,000000,57.48,58.1763,56.9159,57.2457,20369188.502688,0
XOM.US,D,20180328,000000,57.2787,57.4867,56.5318,56.5552,23384244.990593,0
XOM.US,D,20180329,000000,56.9587,58.1724,56.9052,57.9537,19160286.543705,0
XOM.US,D,20180402,000000,57.691,57.7893,56.0466,56.875,23033053.50368,0
XOM.US,D,20180403,000000,57.0541,58.3669,56.7798,58.2726,20597373.098317,0
XOM.US,D,20180404,000000,57.5189,58.3046,57.0463,58.1559,16893534.574104,0
XOM.US,D,20180405,000000,58.3046,59.2831,58.2726,59.0478,18281128.399843,0
XOM.US,D,20180406,000000,58.7539,59.1264,57.6483,58.1559,18409322.917181,0
XOM.US,D,20180409,000000,58.4271,58.8707,58.1014,58.1559,14294190.47934,0
XOM.US,D,20180410,000000,59.0964,60.4092,59.0807,59.8646,24836859.462156,0
XOM.US,D,20180411,000000,59.8966,60.6183,59.6156,60.1456,17681148.85581,0
XOM.US,D,20180412,000000,60.4801,60.6931,59.8131,59.9812,17084308.622449,0
XOM.US,D,20180413,000000,60.4315,60.735,60.276,60.4637,14064844.966008,0
XOM.US,D,20180416,000000,60.6796,61.4293,60.3616,61.0073,13831406.934997,0
XOM.US,D,20180417,000000,61.0073,61.1794,60.6183,60.8439,13489538.779187,0
XOM.US,D,20180418,000000,61.3944,61.9554,61.3175,61.5353,15527915.923067,0
XOM.US,D,20180419,000000,61.6121,62.0002,61.2154,61.689,14536680.37797,0
XOM.US,D,20180420,000000,61.6121,61.6744,60.8468,61.3642,15541826.370092,0
XOM.US,D,20180423,000000,61.3,61.8301,61.1697,61.8066,15101030.339699,0
XOM.US,D,20180424,000000,61.9837,62.0878,60.5647,60.8585,18154945.180138,0
XOM.US,D,20180425,000000,60.7437,61.8446,60.1865,61.7513,17853029.456963,0
XOM.US,D,20180426,000000,61.8301,62.8394,61.7765,62.8084,18737446.177562,0
XOM.US,D,20180427,000000,59.7722,61.0928,59.4046,60.4228,21044980.394312,0
XOM.US,D,20180430,000000,60.5171,61.0199,60.3849,60.3917,19348182.462156,0
XOM.US,D,20180501,000000,60.0114,60.0114,59.0185,59.7722,20895901.697563,0
XOM.US,D,20180502,000000,59.3833,59.9872,59.2665,59.6555,17873911.579832,0
XOM.US,D,20180503,000000,59.3355,59.5038,58.5711,59.4513,15761881.456984,0
XOM.US,D,20180504,000000,59.1343,59.9812,58.9855,59.7313,12728810.693397,0
XOM.US,D,20180507,000000,60.3849,61.4255,60.1204,60.3849,19403153.81771,0
XOM.US,D,20180508,000000,60.4315,60.7117,59.321,60.6572,22440019.928722,0
XOM.US,D,20180509,000000,61.3476,62.3261,61.3262,62.0878,22068805.953305,0
XOM.US,D,20180510,000000,62.6372,63.529,62.5283,63.4775,22800345.544919,0
XOM.US,D,20180511,000000,63.6972,64.3167,63.4842,63.7751,18799996.916987,0
XOM.US,D,20180514,000000,64.1046,64.5948,64.0337,64.2058,15105333.652887,0
XOM.US,D,20180515,000000,64.2214,64.3634,63.8683,64.1757,16053086.711782,0
XOM.US,D,20180516,000000,64.1515,64.3751,63.6895,64.3556,12196777.225538,0
XOM.US,D,20180517,000000,64.4976,64.5589,63.9015,64.2457,14304987.322462,0
XOM.US,D,20180518,000000,63.9861,64.1815,63.7594,63.7906,12784282.816816,0
XOM.US,D,20180521,000000,64.1271,64.6132,63.9637,64.5589,11243980.498499,0
XOM.US,D,20180522,000000,64.6853,64.8496,63.8295,64.058,13705093.124905,0
XOM.US,D,20180523,000000,63.5164,64.521,63.2168,64.4578,19296860.439577,0
XOM.US,D,20180524,000000,63.8295,63.8372,62.7316,62.9834,17027712.599074,0
XOM.US,D,20180525,000000,62.2073,62.2433,61.2728,61.758,18559049.424518,0
XOM.US,D,20180529,000000,61.3195,61.7746,60.8342,61.5305,18664606.560775,0
XOM.US,D,20180530,000000,62.1801,64.0717,62.1577,63.9472,21191470.933525,0
XOM.US,D,20180531,000000,63.4065,63.9861,63.3101,63.7439,20140820.874863,0
XOM.US,D,20180601,000000,64.2389,64.6132,63.9861,64.2058,12625205.215067,0
XOM.US,D,20180604,000000,64.3789,64.7554,63.4026,63.53,13961624.060947,0
XOM.US,D,20180605,000000,63.2324,64.0639,63.0914,63.3034,15369442.944531,0
XOM.US,D,20180606,000000,63.9315,64.411,63.4531,64.3858,14788217.002867,0
XOM.US,D,20180607,000000,64.9128,65.3544,64.7796,65.0316,17208691.34003,0
XOM.US,D,20180608,000000,65.2114,65.6423,64.732,65.5945,18289349.424677,0
XOM.US,D,20180611,000000,65.6869,65.7443,65.0675,65.2027,13804720.223611,0
XOM.US,D,20180612,000000,65.2114,65.7143,64.592,64.6688,15742177.732422,0
XOM.US,D,20180613,000000,64.6853,64.8108,63.9238,63.954,15356635.832047,0
XOM.US,D,20180614,000000,64.2914,64.5773,63.9472,64.2535,14627594.938414,0
XOM.US,D,20180615,000000,64.1183,64.1981,63.1712,63.2907,30329521.011404,0
XOM.US,D,20180618,000000,63.0826,63.8519,63.0038,63.4132,11715796.373317,0
XOM.US,D,20180619,000000,62.682,63.5241,62.5418,63.3179,11164126.018496,0
XOM.US,D,20180620,000000,63.4386,63.6564,62.9834,63.1216,11365492.284081,0
XOM.US,D,20180621,000000,62.786,63.069,62.2404,62.5263,14007444.834887,0
XOM.US,D,20180622,000000,63.6798,64.2924,63.49,63.8519,21293301.616499,0
XOM.US,D,20180625,000000,63.3812,63.7439,62.222,62.5672,13455063.944962,0
XOM.US,D,20180626,000000,62.889,63.5669,62.7481,63.2722,13232708.616349,0
XOM.US,D,20180627,000000,63.6029,64.7164,63.6029,64.1126,16218936.504847,0
XOM.US,D,20180628,000000,64.1271,64.3945,63.5776,64.3167,11968257.413637,0
XOM.US,D,20180629,000000,64.6931,65.5479,64.5676,64.9128,22078184.811031,0
XOM.US,D,20180702,000000,64.2535,64.4411,63.8053,64.1515,12742715.999066,0
XOM.US,D,20180703,000000,64.7952,65.4789,64.4022,64.5277,9172804.6017551,0
XOM.US,D,20180705,000000,64.8039,64.945,64.3789,64.5832,11516091.793303,0
XOM.US,D,20180706,000000,64.3079,64.8886,64.0717,64.5978,9733398.2903484,0
XOM.US,D,20180709,000000,64.9761,65.2231,64.7748,65.0471,9123529.8662867,0
XOM.US,D,20180710,000000,65.6724,66.003,65.5226,65.6423,11223338.99099,0
XOM.US,D,20180711,000000,65.1463,65.5402,64.3585,64.8039,13261369.60762,0
XOM.US,D,20180712,000000,65.1327,65.3106,64.5832,64.8798,12442212.091664,0
XOM.US,D,20180713,000000,64.873,65.7143,64.7796,65.3681,11115461.047597,0
XOM.US,D,20180716,000000,64.7465,64.9596,64.3381,64.7243,10587291.821306,0
XOM.US,D,20180717,000000,64.5433,64.9275,64.3712,64.5832,9397228.8111649,0
XOM.US,D,20180718,000000,64.1815,64.592,63.9404,64.5132,11103173.211852,0
XOM.US,D,20180719,000000,64.4976,64.8263,64.1183,64.3469,11035934.585969,0
XOM.US,D,20180720,000000,64.1183,64.2865,63.7527,63.8683,11737218.338342,0
XOM.US,D,20180723,000000,64.3002,64.3381,63.6972,63.8683,10738717.03196,0
XOM.US,D,20180724,000000,63.9637,65.1395,63.9315,65.1327,14173516.73444,0
XOM.US,D,20180725,000000,65.1327,65.7056,64.7397,65.5878,12401600.537463,0
XOM.US,D,20180726,000000,65.7755,66.2229,65.4147,66.0974,16836083.029445,0
XOM.US,D,20180727,000000,63.53,64.6396,63.4026,64.2768,23225725.739873,0
XOM.US,D,20180730,000000,64.4411,64.4411,63.3286,64.1358,14379866.000192,0
XOM.US,D,20180731,000000,64.058,64.4578,63.9015,63.954,14932958.453491,0
XOM.US,D,20180801,000000,63.4688,63.4998,62.9455,63.0758,11389721.428316,0
XOM.US,D,20180802,000000,62.682,62.9727,62.3387,62.6995,10660173.597193,0
XOM.US,D,20180803,000000,62.7481,63.0038,62.4796,62.927,9955236.3987627,0
XOM.US,D,20180806,000000,62.9679,63.1108,62.5672,62.9124,12798165.500531,0
XOM.US,D,20180807,000000,63.4842,64.0172,63.0135,63.7663,13635083.309287,0
XOM.US,D,20180808,000000,63.5689,63.7351,63.0467,63.3433,9271963.8372606,0
XOM.US,D,20180809,000000,63.3433,63.4803,62.857,63.0223,12526284.53838,0
XOM.US,D,20180810,000000,63.0301,63.0407,62.5117,62.9582,16341477.589472,0
XOM.US,D,20180813,000000,62.9824,63.2198,62.1724,62.2764,13004345.101606,0
XOM.US,D,20180814,000000,62.6168,62.679,61.8952,62.079,10099291.992783,0
XOM.US,D,20180815,000000,61.6569,61.7523,60.6513,60.9917,20571853.474259,0
XOM.US,D,20180816,000000,61.2621,61.9117,61.196,61.8329,14532115.884007,0
XOM.US,D,20180817,000000,62.1014,62.222,61.6734,62.0402,12840115.863279,0
XOM.US,D,20180820,000000,62.0402,62.6255,61.9671,62.4758,10283660.942481,0
XOM.US,D,20180821,000000,62.6653,63.0836,62.364,62.4903,11595762.212837,0
XOM.US,D,20180822,000000,62.713,63.458,62.6411,63.386,12738666.668762,0
XOM.US,D,20180823,000000,63.07,63.1224,62.5408,62.6877,9087534.219588,0
XOM.US,D,20180824,000000,63.0379,63.458,62.9582,63.1176,8256623.5686907,0
XOM.US,D,20180827,000000,63.347,63.7906,63.3044,63.7342,8416397.3097553,0
XOM.US,D,20180828,000000,63.8781,64.0667,63.5747,63.6399,11130433.69833,0
XOM.US,D,20180829,000000,63.7663,64.2418,63.491,64.1009,10097840.07445,0
XOM.US,D,20180830,000000,63.7751,64.0366,63.5144,63.8237,9399062.2179542,0
XOM.US,D,20180831,000000,63.6097,63.7828,63.2352,63.5533,13497793.736957,0
XOM.US,D,20180904,000000,63.743,63.9657,63.2654,63.6466,11170390.244048,0
XOM.US,D,20180905,000000,63.3393,64.5511,63.102,64.4967,17507269.296274,0
XOM.US,D,20180906,000000,64.2972,64.7183,63.6885,63.7828,16803652.397517,0
XOM.US,D,20180907,000000,63.5368,64.9498,63.2752,64.8701,20710614.502066,0
XOM.US,D,20180910,000000,65.189,65.5907,64.73,64.7739,13646528.991267,0
XOM.US,D,20180911,000000,64.9712,65.9466,64.7106,65.6841,15001347.71437,0
XOM.US,D,20180912,000000,65.9962,66.4135,65.6919,65.899,14578428.171376,0
XOM.US,D,20180913,000000,65.9146,65.9962,65.0111,65.2552,14081480.330582,0
XOM.US,D,20180914,000000,65.3349,65.9146,65.2192,65.7337,11911572.958976,0
XOM.US,D,20180917,000000,65.7959,66.2782,65.7872,66.1207,10600577.079699,0
XOM.US,D,20180918,000000,66.5098,66.6926,66.1538,66.2968,11630656.581537,0
XOM.US,D,20180919,000000,66.3055,67.1992,66.3055,67.0893,13136483.037361,0
XOM.US,D,20180920,000000,67.2692,67.6515,67.0184,67.2401,14126204.967878,0
XOM.US,D,20180921,000000,67.3879,67.7234,67.0008,67.5153,33604970.620379,0
XOM.US,D,20180924,000000,68.0074,69.0343,67.9519,68.6483,17092292.116735,0
XOM.US,D,20180925,000000,68.9916,69.2522,68.4664,68.5695,15390857.711661,0
XOM.US,D,20180926,000000,68.1902,68.5695,67.9287,67.9996,12962278.544259,0
XOM.US,D,20180927,000000,68.2417,68.4703,67.8498,67.9927,9959882.1261177,0
XOM.US,D,20180928,000000,67.5805,68.1192,67.3743,67.3966,12469603.16853,0
XOM.US,D,20181001,000000,67.6592,68.197,67.5843,68.0239,10808578.776585,0
XOM.US,D,20181002,000000,68.0152,68.7017,67.8741,68.5383,10663416.763213,0
XOM.US,D,20181003,000000,68.5772,68.8816,68.1523,68.2933,12875521.282554,0
XOM.US,D,20181004,000000,67.7779,68.234,67.5805,67.8421,12872823.100044,0
XOM.US,D,20181005,000000,67.6271,67.9364,67.3266,67.6515,11627504.931617,0
XOM.US,D,20181008,000000,67.2138,68.4158,67.103,68.2777,16704904.470321,0
XOM.US,D,20181009,000000,68.4752,68.8719,67.9675,68.5772,12839141.062585,0
XOM.US,D,20181010,000000,68.7533,68.8233,66.9833,67.0008,20906955.608379,0
XOM.US,D,20181011,000000,66.5418,66.7218,64.3449,64.6863,25633231.526041,0
XOM.US,D,20181012,000000,65.1064,65.192,63.6312,64.5122,19194975.258252,0
XOM.US,D,20181015,000000,64.5122,64.7933,64.0667,64.0667,13319596.468443,0
XOM.US,D,20181016,000000,63.8237,64.4207,63.4259,64.3692,12339462.134618,0
XOM.US,D,20181017,000000,64.164,64.6212,63.6885,64.6055,15450220.811688,0
XOM.US,D,20181018,000000,64.3692,65.3748,64.3692,64.8827,22010922.534921,0
XOM.US,D,20181019,000000,64.734,65.3699,64.6142,64.98,15262190.189766,0
XOM.US,D,20181022,000000,65.0033,65.1443,63.9248,64.3293,11951342.359413,0
XOM.US,D,20181023,000000,63.4668,63.7828,62.4009,63.2927,19508860.053231,0
XOM.US,D,20181024,000000,63.5211,63.6242,61.4751,61.5315,20291745.31765,0
XOM.US,D,20181025,000000,62.222,62.6653,61.6268,62.079,15535633.095221,0
XOM.US,D,20181026,000000,61.7299,62.1577,61.0092,61.4594,22909028.624328,0
XOM.US,D,20181029,000000,61.8883,62.1724,60.4218,61.0793,19814024.083779,0
XOM.US,D,20181030,000000,61.5315,62.6489,61.3729,62.4495,22401559.51698,0
XOM.US,D,20181031,000000,62.895,63.6962,62.5448,63.1642,20977149.484465,0
XOM.US,D,20181101,000000,63.2839,64.0133,62.8618,63.9482,17861532.227989,0
XOM.US,D,20181102,000000,64.8127,65.3621,63.601,64.9634,24409982.104955,0
XOM.US,D,20181105,000000,65.4,65.6919,64.5589,64.7183,19950170.219009,0
XOM.US,D,20181106,000000,64.7971,65.084,64.4888,64.9946,11433140.161729,0
XOM.US,D,20181107,000000,65.1706,65.9068,64.733,65.8182,16020457.623596,0
XOM.US,D,20181108,000000,65.899,66.3863,64.6357,64.7739,21275371.659021,0
XOM.US,D,20181109,000000,64.269,65.1813,63.8178,64.7582,18819797.299003,0
XOM.US,D,20181112,000000,65.3893,65.4458,63.8431,63.9248,14869107.979808,0
XOM.US,D,20181113,000000,63.9015,63.9413,62.1704,62.4592,19394381.639741,0
XOM.US,D,20181114,000000,63.1477,63.3335,61.4576,61.971,23168146.689638,0
XOM.US,D,20181115,000000,61.3934,62.611,60.7865,62.611,23697539.55815,0
XOM.US,D,20181116,000000,62.7558,63.4113,62.539,63.2285,17114870.886381,0
XOM.US,D,20181119,000000,62.8268,63.5504,62.8035,63.4366,11777347.63355,0
XOM.US,D,20181120,000000,62.7967,63.1809,61.1541,61.6345,19398745.620904,0
XOM.US,D,20181121,000000,62.0022,62.7636,61.867,62.1052,12095680.727895,0
XOM.US,D,20181123,000000,60.8993,61.016,59.816,60.4481,13581392.150846,0
XOM.US,D,20181126,000000,61.0491,61.9137,60.9538,61.6423,17160082.924023,0
XOM.US,D,20181127,000000,61.3136,62.0197,61.1794,61.6977,12918490.661639,0
XOM.US,D,20181128,000000,61.69,62.8181,61.5305,62.8181,14339061.131086,0
XOM.US,D,20181129,000000,62.6353,63.6845,62.6148,63.3063,12806886.264961,0
XOM.US,D,20181130,000000,62.8181,63.74,62.7159,63.6603,17533539.557996,0
XOM.US,D,20181203,000000,64.2526,65.2309,64.1728,65.0383,24245550.297287,0
XOM.US,D,20181204,000000,65.1657,65.6218,63.5407,63.6049,23153892.800175,0
XOM.US,D,20181206,000000,62.4592,62.8103,61.5946,62.7705,28995053.823452,0
XOM.US,D,20181207,000000,63.5708,64.3488,61.9254,62.1704,20261639.605941,0
XOM.US,D,20181210,000000,62.3474,62.3474,59.8957,61.2903,22411436.057759,0
XOM.US,D,20181211,000000,62.221,62.2998,60.6017,61.4021,19659365.989814,0
XOM.US,D,20181212,000000,62.4913,62.6197,60.8692,60.8721,18182547.052512,0
XOM.US,D,20181213,000000,60.8809,61.8349,60.8176,61.6423,17170890.049853,0
XOM.US,D,20181214,000000,61.4352,61.5538,60.1282,60.522,15821611.649678,0
XOM.US,D,20181217,000000,60.2643,60.5376,58.8395,59.2879,19311820.751062,0
XOM.US,D,20181218,000000,58.9602,59.143,57.3497,57.6551,23329336.359557,0
XOM.US,D,20181219,000000,58.0139,58.6713,56.2897,56.6777,27073820.370907,0
XOM.US,D,20181220,000000,56.1243,56.5804,54.4925,54.9573,35870523.626258,0
XOM.US,D,20181221,000000,54.5644,56.351,54.1871,54.5489,59053113.407182,0
XOM.US,D,20181224,000000,53.5471,54.0753,52.4017,52.457,17811628.190807,0
XOM.US,D,20181226,000000,52.9929,54.9757,51.7693,54.9641,31080182.326322,0
XOM.US,D,20181227,000000,54.2444,55.2053,52.915,55.2053,27570143.02307,0
XOM.US,D,20181228,000000,55.3978,55.7169,54.3067,54.5859,24614896.932978,0
XOM.US,D,20181231,000000,54.7084,55.3687,54.1784,54.6043,19740028.690644,0
XOM.US,D,20190102,000000,53.9303,55.9483,53.8564,55.8054,20889232.333327,0
XOM.US,D,20190103,000000,56.0524,56.2536,54.7356,54.9486,17316211.445195,0
XOM.US,D,20190104,000000,55.7645,57.0696,55.5408,56.9753,20035539.31517,0
XOM.US,D,20190107,000000,57.055,57.7338,56.6466,57.271,13542349.737845,0
XOM.US,D,20190108,000000,58.0869,58.1268,57.6055,57.6872,14285148.894428,0
XOM.US,D,20190109,000000,58.1345,58.1345,57.3692,57.9906,16825932.968639,0
XOM.US,D,20190110,000000,57.7114,57.7183,56.9499,57.6959,16423310.462444,0
XOM.US,D,20190111,000000,57.5344,57.5676,56.9092,57.4314,12226067.518523,0
XOM.US,D,20190114,000000,57.022,57.479,56.9499,57.3585,13752400.778382,0
XOM.US,D,20190115,000000,57.6132,57.942,57.1114,57.3905,12860682.307021,0
XOM.US,D,20190116,000000,57.1902,57.9547,57.1026,57.3662,15729623.574547,0
XOM.US,D,20190117,000000,57.0055,57.9264,56.773,57.7601,12665161.760784,0
XOM.US,D,20190118,000000,58.6713,58.6878,57.7552,58.4476,19680281.017347,0
XOM.US,D,20190122,000000,57.9681,58.223,57.3993,57.5676,18776683.962009,0
XOM.US,D,20190123,000000,57.6608,57.8933,56.7983,57.0929,16468399.107593,0
XOM.US,D,20190124,000000,56.9345,57.6317,56.5668,57.1736,14077535.883895,0
XOM.US,D,20190125,000000,57.7114,57.8699,57.2826,57.4314,11237240.183579,0
XOM.US,D,20190128,000000,56.8703,57.0774,56.351,57.0463,17081851.0553,0
XOM.US,D,20190129,000000,57.2621,57.8057,57.2388,57.2621,13129094.911853,0
XOM.US,D,20190130,000000,57.4712,58.1121,57.2573,57.8865,14392244.323764,0
XOM.US,D,20190131,000000,57.8865,58.8474,57.6687,58.6811,24822316.628606,0
XOM.US,D,20190201,000000,59.991,61.2494,59.5125,60.7934,28683653.330662,0
XOM.US,D,20190204,000000,60.6649,60.6649,59.5787,59.9123,19336445.779547,0
XOM.US,D,20190205,000000,60.203,60.5687,60.065,60.5288,15968267.740485,0
XOM.US,D,20190206,000000,60.522,60.6737,60.1613,60.2643,13570748.52007,0
XOM.US,D,20190207,000000,60.0173,60.2098,59.176,59.8004,18006552.339995,0
XOM.US,D,20190208,000000,59.7187,59.9715,58.8862,59.8976,14771445.906549,0
XOM.US,D,20190211,000000,59.816,60.0921,59.4299,59.9939,12888189.578484,0
XOM.US,D,20190212,000000,60.7894,61.088,60.5774,61.0481,15561316.214333,0
XOM.US,D,20190213,000000,61.193,61.971,61.1356,61.7338,16321332.736748,0
XOM.US,D,20190214,000000,61.7435,62.0586,61.298,61.7513,15776224.806004,0
XOM.US,D,20190215,000000,62.2949,62.9582,62.1403,62.9192,17699443.849414,0
XOM.US,D,20190219,000000,62.7977,63.5416,62.7072,63.3403,16737455.409928,0
XOM.US,D,20190220,000000,63.3948,63.808,63.1527,63.5806,15603210.022189,0
XOM.US,D,20190221,000000,63.3218,63.6875,62.8375,63.0058,12679580.173572,0
XOM.US,D,20190222,000000,63.7284,63.9218,62.8473,63.491,11757291.212113,0
XOM.US,D,20190225,000000,63.5007,63.8402,63.3121,63.5581,11454809.940012,0
XOM.US,D,20190226,000000,63.7031,64.0667,63.4688,63.6875,13574501.708393,0
XOM.US,D,20190227,000000,63.8655,64.5735,63.6875,64.342,15313057.716664,0
XOM.US,D,20190228,000000,64.3273,64.5696,63.7284,63.9861,18029885.860388,0
XOM.US,D,20190301,000000,64.27,64.7719,63.9861,64.7719,19044569.063934,0
XOM.US,D,20190304,000000,64.9654,65.2144,63.9724,65.0228,22343210.291934,0
XOM.US,D,20190305,000000,64.8701,65.0957,64.5706,64.9255,16977064.093852,0
XOM.US,D,20190306,000000,63.8402,64.27,63.0398,64.1884,23014409.926285,0
XOM.US,D,20190307,000000,64.4072,64.9809,64.2214,64.9021,20430739.762923,0
XOM.US,D,20190308,000000,63.8742,64.2214,63.354,63.9714,20022564.59455,0
XOM.US,D,20190311,000000,64.7562,65.0072,64.4888,64.5948,13661317.581532,0
XOM.US,D,20190312,000000,64.8622,65.2416,64.6834,64.7719,13981548.863725,0
XOM.US,D,20190313,000000,65.2483,65.3865,64.9333,65.3476,12672442.946132,0
XOM.US,D,20190314,000000,65.4196,65.508,65.0538,65.1278,12322369.189549,0
XOM.US,D,20190315,000000,64.9178,65.2202,64.8525,64.8924,31268600.606325,0
XOM.US,D,20190318,000000,65.1278,65.7832,65.1278,65.6471,12154094.733999,0
XOM.US,D,20190319,000000,66.0508,66.391,65.2922,65.4779,17213003.907654,0
XOM.US,D,20190320,000000,65.3788,66.327,65.2259,65.8406,16221517.464489,0
XOM.US,D,20190321,000000,65.4283,66.3035,65.4196,66.2209,12495483.71563,0
XOM.US,D,20190322,000000,65.7677,65.9379,65.0149,65.1608,15435951.498164,0
XOM.US,D,20190325,000000,64.7719,65.1278,64.4393,64.7077,13981837.807813,0
XOM.US,D,20190326,000000,65.0403,65.8008,64.9178,65.5499,11700234.523429,0
XOM.US,D,20190327,000000,65.5576,65.8338,64.625,65.048,8965277.965967,0
XOM.US,D,20190328,000000,64.7962,65.4117,64.7873,65.3699,9155012.4325605,0
XOM.US,D,20190329,000000,65.8484,65.97,65.1608,65.4196,13449345.73119,0
XOM.US,D,20190401,000000,65.7677,66.2122,65.6471,66.1743,13359420.367232,0
XOM.US,D,20190402,000000,66.1888,66.3502,65.6694,65.8902,9443639.812529,0
XOM.US,D,20190403,000000,66.2034,66.2034,65.261,65.5003,10576075.443708,0
XOM.US,D,20190404,000000,65.6792,66.4523,65.3962,66.4329,11561294.576508,0
XOM.US,D,20190405,000000,66.5135,66.8209,66.3521,66.7888,12424353.08487,0
XOM.US,D,20190408,000000,66.9347,67.3636,66.8705,67.2012,11249954.751693,0
XOM.US,D,20190409,000000,66.8112,66.8608,66.182,66.3357,10574433.295282,0
XOM.US,D,20190410,000000,66.327,66.4552,65.9136,66.0351,12751577.636594,0
XOM.US,D,20190411,000000,66.0176,66.4485,65.5965,66.3502,11258250.840294,0
XOM.US,D,20190412,000000,67.0476,67.0476,65.2366,65.5168,20550450.018108,0
XOM.US,D,20190415,000000,65.4925,65.6306,65.192,65.3009,10543003.170817,0
XOM.US,D,20190416,000000,65.4283,65.86,65.3301,65.7443,8652778.2517199,0
XOM.US,D,20190417,000000,66.0264,66.1479,65.6471,65.9301,10265387.542564,0
XOM.US,D,20190418,000000,66.0351,66.2539,65.6374,65.6851,11725923.812165,0
XOM.US,D,20190422,000000,66.2851,67.3801,66.1003,67.1195,13302794.524003,0
XOM.US,D,20190423,000000,67.3549,67.5969,66.9415,67.5085,13086038.129751,0
XOM.US,D,20190424,000000,67.208,67.2634,66.1743,66.1956,14430967.972825,0
XOM.US,D,20190425,000000,66.109,67.0709,65.9048,66.569,13752875.839481,0
XOM.US,D,20190426,000000,64.9907,65.2825,64.4169,65.1696,22297890.285861,0
XOM.US,D,20190429,000000,64.8701,65.0802,64.4967,64.7465,12380258.777557,0
XOM.US,D,20190430,000000,65.0705,65.1959,64.7145,64.9975,16947487.941592,0
XOM.US,D,20190501,000000,64.7233,64.9809,63.6544,63.6962,17179973.793866,0
XOM.US,D,20190502,000000,63.3792,63.5581,62.539,62.5798,18971656.439923,0
XOM.US,D,20190503,000000,62.9834,63.3218,62.6995,62.7238,15044463.107905,0
XOM.US,D,20190506,000000,62.2783,62.8755,62.1072,62.4476,16509771.582167,0
XOM.US,D,20190507,000000,61.9389,62.1724,61.3448,62.115,16672434.764104,0
XOM.US,D,20190508,000000,61.971,62.5798,61.8728,62.2142,14021946.537606,0
XOM.US,D,20190509,000000,61.8174,62.2452,61.5023,62.1577,16330093.603739,0
XOM.US,D,20190510,000000,62.3854,62.8853,61.5587,62.6975,13500496.032549,0
XOM.US,D,20190513,000000,61.9526,62.4271,61.7143,62.0002,14868550.65705,0
XOM.US,D,20190514,000000,62.3455,62.894,62.0439,62.0848,12880743.869812,0
XOM.US,D,20190515,000000,61.8874,62.6887,61.5917,62.5408,10889826.563486,0
XOM.US,D,20190516,000000,62.5672,63.0175,62.4183,62.5341,9897833.1828294,0
XOM.US,D,20190517,000000,61.9526,62.4845,61.903,62.1646,11331108.965953,0
XOM.US,D,20190520,000000,62.2803,62.5341,61.9681,62.1577,8736549.4150992,0
XOM.US,D,20190521,000000,62.4592,62.6148,62.1791,62.4446,10367320.024345,0
XOM.US,D,20190522,000000,62.254,62.4183,61.7328,61.8777,9595838.2828049,0
XOM.US,D,20190523,000000,61.232,61.2562,59.8131,60.4296,17898018.359846,0
XOM.US,D,20190524,000000,60.7145,60.8041,60.1436,60.6815,8616815.5096858,0
XOM.US,D,20190528,000000,60.7972,60.8041,59.3588,59.461,18210259.97813,0
XOM.US,D,20190529,000000,58.8717,59.3151,58.6508,59.0934,16662212.724345,0
XOM.US,D,20190530,000000,58.9796,59.07,58.578,58.9387,11432171.530661,0
XOM.US,D,20190531,000000,58.2999,58.5955,57.8418,57.9556,17075097.372861,0
XOM.US,D,20190603,000000,58.2181,58.9709,58.1161,58.8649,14447215.679318,0
XOM.US,D,20190604,000000,59.3317,60.3217,59.1011,60.2643,12727610.701404,0
XOM.US,D,20190605,000000,59.7664,60.3051,59.4425,59.7664,12965496.00351,0
XOM.US,D,20190606,000000,60.3635,61.1055,60.2643,60.8556,14334444.195312,0
XOM.US,D,20190607,000000,61.017,61.3894,60.9528,61.0753,11106545.939989,0
XOM.US,D,20190610,000000,61.5752,61.689,60.9713,61.3458,9476273.0137983,0
XOM.US,D,20190611,000000,61.8368,62.0848,61.2738,61.2883,11496875.469086,0
XOM.US,D,20190612,000000,60.9937,61.1007,60.4442,60.6251,9672402.2963324,0
XOM.US,D,20190613,000000,61.1745,61.5587,60.9139,61.1571,10973379.733461,0
XOM.US,D,20190614,000000,61.1571,61.2649,60.7904,60.8866,10472090.533461,0
XOM.US,D,20190617,000000,60.7321,61.5752,60.6348,61.4946,11424320.683305,0
XOM.US,D,20190618,000000,61.7639,62.4183,61.7074,62.0265,12322769.18688,0
XOM.US,D,20190619,000000,61.7473,62.1169,61.5616,61.6822,11914804.814017,0
XOM.US,D,20190620,000000,62.4359,63.0369,62.3046,62.7373,19818201.947932,0
XOM.US,D,20190621,000000,63.1721,63.6788,62.9493,63.6233,28217473.407954,0
XOM.US,D,20190624,000000,63.49,63.6788,62.9017,63.0175,12226000.680922,0
XOM.US,D,20190625,000000,63.1216,63.2382,62.3951,62.4592,11893535.033066,0
XOM.US,D,20190626,000000,62.7967,63.1642,62.6246,62.7306,13878450.322887,0
XOM.US,D,20190627,000000,62.7219,62.8541,62.0439,62.0915,9949331.0397103,0
XOM.US,D,20190628,000000,62.3951,62.8375,62.1889,62.7558,18049530.973517,0
XOM.US,D,20190701,000000,63.1642,63.816,62.4777,62.6975,13986266.570035,0
XOM.US,D,20190702,000000,62.3542,62.4592,61.7551,62.009,12791595.878559,0
XOM.US,D,20190703,000000,62.0915,62.6479,61.9311,62.5974,6406036.4313716,0
XOM.US,D,20190705,000000,62.3951,62.5244,61.903,62.3455,8402570.1526634,0
XOM.US,D,20190708,000000,62.3542,62.8103,62.1684,62.6314,9617549.1919174,0
XOM.US,D,20190709,000000,62.6061,62.8676,62.0177,62.5905,9601587.3446996,0
XOM.US,D,20190710,000000,62.894,63.5727,62.8473,63.4755,9863322.3591277,0
XOM.US,D,20190711,000000,63.3929,63.5581,63.0991,63.5241,7820197.6890864,0
XOM.US,D,20190712,000000,63.672,63.7779,63.4678,63.5727,7496736.6083931,0
XOM.US,D,20190715,000000,63.5727,63.6632,62.9679,63.1216,8689824.7911492,0
XOM.US,D,20190716,000000,62.9911,63.1157,62.0654,62.1791,12452054.699509,0
XOM.US,D,20190717,000000,62.0265,62.2073,61.7074,61.8125,9059768.8521606,0
XOM.US,D,20190718,000000,61.2883,61.6423,60.7476,61.2883,13951942.891614,0
XOM.US,D,20190719,000000,61.3369,61.6248,61.0394,61.4118,13729272.912144,0
XOM.US,D,20190722,000000,61.6161,61.6657,61.0121,61.476,10220827.428592,0
XOM.US,D,20190723,000000,61.724,62.0489,61.2144,61.724,10441927.238591,0
XOM.US,D,20190724,000000,61.7376,62.2803,61.2961,61.7143,10086632.95129,0
XOM.US,D,20190725,000000,62.0576,62.0576,61.2562,61.3632,11092419.556103,0
XOM.US,D,20190726,000000,61.3136,61.4848,61.0928,61.2649,9374951.324856,0
XOM.US,D,20190729,000000,61.3214,61.7309,61.1745,61.6977,8659947.355553,0
XOM.US,D,20190730,000000,61.4673,61.8738,61.3302,61.7074,8500360.7597693,0
XOM.US,D,20190731,000000,61.4517,61.9593,60.8128,60.8965,16002096.820663,0
XOM.US,D,20190801,000000,60.3878,60.8206,59.178,59.3394,20920982.250002,0
XOM.US,D,20190802,000000,59.461,59.9939,58.292,58.7579,26103266.435879,0
XOM.US,D,20190805,000000,57.9654,58.079,57.0055,57.5549,23299836.299334,0
XOM.US,D,20190806,000000,57.5636,58.151,57.5549,58.1121,14998065.474061,0
XOM.US,D,20190807,000000,57.2125,58.042,56.8342,57.7338,18598727.308856,0
XOM.US,D,20190808,000000,58.0207,59.2985,57.8339,59.2733,17466762.625692,0
XOM.US,D,20190809,000000,59.07,59.1693,57.7105,58.013,16712795.420238,0
XOM.US,D,20190812,000000,58.0879,58.1705,57.482,57.73,11058820.808576,0
XOM.US,D,20190813,000000,57.4333,58.5516,57.1445,58.4438,15002204.263924,0
XOM.US,D,20190814,000000,57.267,57.2836,56.0903,56.0903,21847899.458213,0
XOM.US,D,20190815,000000,55.9318,56.0105,55.1557,55.7577,15527899.470734,0
XOM.US,D,20190816,000000,56.1963,56.7622,55.7742,56.6281,15256121.335661,0
XOM.US,D,20190819,000000,57.1824,57.7474,57.092,57.5821,12100683.265208,0
XOM.US,D,20190820,000000,57.4576,57.4576,56.9684,57.233,11752632.117237,0
XOM.US,D,20190821,000000,58.0061,58.0207,57.516,57.8048,12223344.657515,0
XOM.US,D,20190822,000000,57.9644,58.0061,57.4158,57.6804,10822628.040164,0
XOM.US,D,20190823,000000,57.0608,57.6463,55.5749,55.957,18542406.862047,0
XOM.US,D,20190826,000000,56.4783,56.594,55.9911,56.2546,8858430.3498877,0
XOM.US,D,20190827,000000,56.4881,56.7438,55.5253,55.7081,11451550.321659,0
XOM.US,D,20190828,000000,56.0309,56.3617,55.6827,56.1156,11647176.779785,0
XOM.US,D,20190829,000000,56.6281,56.9363,56.454,56.7351,10860356.323116,0
XOM.US,D,20190830,000000,56.8867,57.2757,56.4336,56.7778,11073354.387691,0
XOM.US,D,20190903,000000,56.2887,56.9442,56.0738,56.8431,11879983.452541,0
XOM.US,D,20190904,000000,57.516,57.7154,57.2836,57.4478,8410779.8665194,0
XOM.US,D,20190905,000000,57.9059,58.4943,57.7883,58.262,11943237.529176,0
XOM.US,D,20190906,000000,58.328,58.8249,58.1375,58.8094,12565854.454288,0
XOM.US,D,20190909,000000,59,59.7547,58.8492,59.2723,15486947.558906,0
XOM.US,D,20190910,000000,59.8101,60.4005,59.3813,59.7547,16657321.240275,0
XOM.US,D,20190911,000000,60.344,60.3917,59.3229,59.638,12695107.062252,0
XOM.US,D,20190912,000000,58.8492,59.8247,58.6188,59.6779,10976382.28412,0
XOM.US,D,20190913,000000,59.9113,60.2944,59.7449,60.2254,8849457.6591178,0
XOM.US,D,20190916,000000,62.218,62.3318,61.0209,61.1289,23917367.397201,0
XOM.US,D,20190917,000000,61.2037,61.4205,60.2195,60.6659,17663417.354592,0
XOM.US,D,20190918,000000,60.2331,60.4996,59.9696,60.3752,8895325.7335134,0
XOM.US,D,20190919,000000,60.4996,60.6815,59.853,59.9696,10030950.032361,0
XOM.US,D,20190920,000000,60.1029,60.1097,59.5777,59.7634,23956725.48933,0
XOM.US,D,20190923,000000,59.3569,59.9939,59.248,59.8034,9417620.4488751,0
XOM.US,D,20190924,000000,59.5379,59.5884,58.715,58.9835,17255642.18355,0
XOM.US,D,20190925,000000,58.8492,59.2578,58.72,59.1576,9717123.8488156,0
XOM.US,D,20190926,000000,59.0486,59.1576,58.6032,58.8425,10184226.130407,0
XOM.US,D,20190927,000000,58.6188,59.4231,58.5595,59.2655,9919943.0610023,0
XOM.US,D,20190930,000000,59.0662,59.2403,58.5186,58.5449,12253277.619733,0
XOM.US,D,20191001,000000,58.7257,58.7929,57.1348,57.1659,13787590.260795,0
XOM.US,D,20191002,000000,56.6028,56.8693,55.5555,55.675,17651795.838309,0
XOM.US,D,20191003,000000,55.5505,56.3791,54.9738,56.3617,15417613.317189,0
XOM.US,D,20191004,000000,56.4695,57.267,56.2303,57.1824,12771533.287496,0
XOM.US,D,20191007,000000,56.9587,57.233,56.3966,56.3966,13961965.446844,0
XOM.US,D,20191008,000000,55.9979,56.314,55.2519,55.3016,12482483.288239,0
XOM.US,D,20191009,000000,55.7995,56.1301,55.7169,55.9152,10404102.298185,0
XOM.US,D,20191010,000000,55.9064,56.6777,55.8656,56.5863,10188269.291088,0
XOM.US,D,20191011,000000,57.1921,57.6132,57.1133,57.1921,12273392.652604,0
XOM.US,D,20191014,000000,56.879,57.516,56.8693,57.3585,8279158.122693,0
XOM.US,D,20191015,000000,57.2573,58.0373,57.2184,57.5569,8026805.0508029,0
XOM.US,D,20191016,000000,57.3837,57.6501,56.5532,56.5717,11833461.397933,0
XOM.US,D,20191017,000000,56.81,57.1133,56.4462,56.4968,11978781.765004,0
XOM.US,D,20191018,000000,56.2731,56.5046,56.0563,56.0563,16250788.220328,0
XOM.US,D,20191021,000000,56.2303,57.019,56.2303,56.9938,12632000.028338,0
XOM.US,D,20191022,000000,57.0258,57.8389,56.9179,57.2836,11461827.888041,0
XOM.US,D,20191023,000000,57.1746,57.8389,57.0258,57.832,10520847.02046,0
XOM.US,D,20191024,000000,58.0061,58.079,57.2242,57.2836,10938311.587,0
XOM.US,D,20191025,000000,57.125,57.6055,57.125,57.4158,9175103.8152049,0
XOM.US,D,20191028,000000,57.5909,57.7649,56.8643,56.9092,13519975.594084,0
XOM.US,D,20191029,000000,56.7778,57.233,56.5784,56.7438,16758211.055492,0
XOM.US,D,20191030,000000,56.6865,56.6865,55.7742,56.1467,15487122.364939,0
XOM.US,D,20191031,000000,55.9318,56.1467,55.6663,56.0232,19501646.733754,0
XOM.US,D,20191101,000000,56.7039,57.7105,56.6369,57.7075,17016673.084049,0
XOM.US,D,20191104,000000,58.0966,59.5884,57.9876,59.4231,19126667.230764,0
XOM.US,D,20191105,000000,59.7285,60.6241,59.5728,60.5999,18007713.257698,0
XOM.US,D,20191106,000000,60.2993,60.4179,59.0331,59.2723,16881264.218963,0
XOM.US,D,20191107,000000,59.7206,60.5511,59.6963,60.5327,15768405.835043,0
XOM.US,D,20191108,000000,60.0883,60.2487,59.2908,59.3842,14429073.89806,0
XOM.US,D,20191111,000000,58.9115,59.25,58.714,59.0214,10339487.819318,0
XOM.US,D,20191112,000000,58.963,59.0817,57.8816,58.2084,16587636.358223,0
XOM.US,D,20191113,000000,57.9167,58.0246,57.5636,57.73,14351938.165983,0
XOM.US,D,20191114,000000,57.7825,57.8729,57.2125,57.48,13443999.751439,0
XOM.US,D,20191115,000000,57.6561,58.1501,57.6209,58.0577,13411437.500853,0
XOM.US,D,20191118,000000,57.6492,57.7474,57.3108,57.4955,12035277.017845,0
XOM.US,D,20191119,000000,57.3954,57.5296,56.876,56.9072,15032621.541677,0
XOM.US,D,20191120,000000,56.7827,57.5131,56.4889,57.0842,20178214.969812,0
XOM.US,D,20191121,000000,57.0764,58.5283,56.9928,58.4613,16780776.457618,0
XOM.US,D,20191122,000000,58.4953,58.8891,58.1763,58.2084,14471925.026006,0
XOM.US,D,20191125,000000,58.2084,58.2687,57.6551,57.8233,12717577.863466,0
XOM.US,D,20191126,000000,57.833,57.9273,57.4246,57.6794,18426518.689327,0
XOM.US,D,20191127,000000,57.6988,57.9731,57.4051,57.6492,10003027.339505,0
XOM.US,D,20191129,000000,57.337,57.5044,57.0608,57.1669,9511072.7815874,0
XOM.US,D,20191202,000000,57.48,57.796,57.3692,57.4119,13249728.554192,0
XOM.US,D,20191203,000000,57.0608,57.27,56.6553,56.9578,15334991.760534,0
XOM.US,D,20191204,000000,57.27,57.6988,57.1766,57.6035,13170708.001787,0
XOM.US,D,20191205,000000,57.8057,57.8729,57.2311,57.4051,15624599.08255,0
XOM.US,D,20191206,000000,57.6988,58.6295,57.6988,58.3261,16340758.828202,0
XOM.US,D,20191209,000000,57.9672,58.714,57.9167,58.4535,14785204.1695,0
XOM.US,D,20191210,000000,58.4535,58.8649,57.6492,57.9487,17022084.87313,0
XOM.US,D,20191211,000000,57.6794,58.5362,57.6209,57.8642,16384958.019132,0
XOM.US,D,20191212,000000,57.8642,59.0575,57.8155,59.0214,20348790.695353,0
XOM.US,D,20191213,000000,59.1401,59.1907,58.0003,58.0916,14630386.693564,0
XOM.US,D,20191216,000000,58.4866,58.9475,58.4866,58.7365,18125436.893749,0
XOM.US,D,20191217,000000,58.7229,59.0575,58.1578,58.469,17229799.682469,0
XOM.US,D,20191218,000000,58.4271,58.9816,58.1335,58.6295,16269962.385444,0
XOM.US,D,20191219,000000,58.7297,58.7803,58.1004,58.2259,15824723.19704,0
XOM.US,D,20191220,000000,58.6207,58.928,58.2259,58.6869,41822187.768215,0
XOM.US,D,20191223,000000,58.6207,58.9903,58.3445,58.9816,16891450.269246,0
XOM.US,D,20191224,000000,59.0311,59.1576,58.6616,58.7539,4742448.560388,0
XOM.US,D,20191226,000000,58.8988,59.1576,58.7452,58.8474,10537634.56911,0
XOM.US,D,20191227,000000,58.9066,59,58.6382,58.6451,12535308.642689,0
XOM.US,D,20191230,000000,58.8142,59.1011,58.2346,58.3018,15124637.380118,0
XOM.US,D,20191231,000000,57.9167,58.5701,57.9078,58.5536,15680903.077026,0
XOM.US,D,20200102,000000,58.9397,59.5933,58.9377,59.4941,14785778.972862,0
XOM.US,D,20200103,000000,59.8617,59.8869,58.8707,59.0136,20724984.586126,0
XOM.US,D,20200106,000000,59.0069,59.8743,58.931,59.4678,23933051.61131,0
XOM.US,D,20200107,000000,59.1576,59.1731,58.3261,58.9816,20851005.339049,0
XOM.US,D,20200108,000000,58.8298,58.9767,58.0412,58.0916,18043769.572372,0
XOM.US,D,20200109,000000,58.0159,58.6528,57.585,58.5362,17652537.221536,0
XOM.US,D,20200110,000000,58.6801,58.7043,58.0003,58.0159,14297427.475735,0
XOM.US,D,20200113,000000,58.0665,58.6295,57.9906,58.5701,11875909.443736,0
XOM.US,D,20200114,000000,58.3611,58.3835,57.8057,58.0665,19386469.096138,0
XOM.US,D,20200115,000000,58.0665,58.3932,57.8057,57.9731,13574189.114078,0
XOM.US,D,20200116,000000,58.1501,58.3883,57.73,57.7474,15898189.030725,0
XOM.US,D,20200117,000000,57.6891,57.9672,57.3011,57.5296,21622994.01808,0
XOM.US,D,20200121,000000,57.3789,57.4119,56.6486,56.7089,21430530.520854,0
XOM.US,D,20200122,000000,56.6912,56.807,56.2197,56.3791,20299024.446455,0
XOM.US,D,20200123,000000,55.9775,56.1622,55.4222,56.0271,23365033.807731,0
XOM.US,D,20200124,000000,55.8345,55.9473,55.4153,55.6488,21735558.819661,0
XOM.US,D,20200127,000000,54.8435,55.1538,54.2893,54.3262,25301781.809709,0
XOM.US,D,20200128,000000,54.6345,54.7103,54.2318,54.2494,23435148.506968,0
XOM.US,D,20200129,000000,54.5683,54.65,53.6201,53.7971,16957804.582264,0
XOM.US,D,20200130,000000,53.5005,54.4409,53.2243,54.365,22100361.526805,0
XOM.US,D,20200131,000000,53.0328,53.0328,51.9065,52.1264,40856200.383692,0
XOM.US,D,20200203,000000,51.5049,51.538,50.6568,50.9584,32650384.702193,0
XOM.US,D,20200204,000000,51.5643,51.9514,50.2542,50.3204,38042699.363192,0
XOM.US,D,20200205,000000,50.9768,52.8002,50.8503,52.6379,38253810.550897,0
XOM.US,D,20200206,000000,52.8051,52.8714,51.8414,51.924,19133780.807976,0
XOM.US,D,20200207,000000,51.5293,51.7354,51.2375,51.5788,18010167.740034,0
XOM.US,D,20200210,000000,51.4777,51.5117,50.7474,51.0352,24595266.215641,0
XOM.US,D,20200211,000000,51.5643,51.8259,51.2131,51.5204,17515802.915424,0
XOM.US,D,20200212,000000,52.21,52.3724,51.5467,52.1497,20985687.216698,0
XOM.US,D,20200213,000000,51.9717,52.2742,51.5467,51.8609,19913301.570424,0
XOM.US,D,20200214,000000,52.0398,52.0582,51.3103,51.6246,12753565.283999,0
XOM.US,D,20200218,000000,51.1975,51.4009,50.6014,50.9681,22269378.393852,0
XOM.US,D,20200219,000000,51.1636,51.5982,50.9243,51.36,15044103.213135,0
XOM.US,D,20200220,000000,51.2647,51.5283,50.8319,50.9487,17408331.138985,0
XOM.US,D,20200221,000000,50.653,50.653,50.0404,50.3292,23868314.76822,0
XOM.US,D,20200224,000000,49.0406,49.1962,47.9717,47.9717,37709354.543824,0
XOM.US,D,20200225,000000,48.3034,48.3034,45.9354,46.1318,42782351.027075,0
XOM.US,D,20200226,000000,46.4313,46.6609,45.0513,45.1205,35025643.916903,0
XOM.US,D,20200227,000000,44.0127,44.6313,42.3887,42.4052,56559752.152776,0
XOM.US,D,20200228,000000,41.5104,43.7842,40.8638,43.7842,73392232.121429,0
XOM.US,D,20200302,000000,44.7957,45.8682,43.5197,45.8595,44795018.316805,0
XOM.US,D,20200303,000000,45.9197,46.0911,43.3913,43.6636,59425701.152351,0
XOM.US,D,20200304,000000,44.4475,44.6702,43.5109,44.6176,28290419.9649,0
XOM.US,D,20200305,000000,42.9148,43.155,41.741,42.6512,47920795.916795,0
XOM.US,D,20200306,000000,41.5698,41.7147,40.1742,40.5924,65370348.37455,0
XOM.US,D,20200309,000000,35.5024,37.9365,34.7272,35.6297,85643684.560539,0
XOM.US,D,20200310,000000,39.299,39.3739,35.2806,36.9485,70934803.789206,0
XOM.US,D,20200311,000000,36.0819,37.0087,35.5354,35.7327,61110912.529432,0
XOM.US,D,20200312,000000,33.9609,34.6008,31.4927,31.6454,77218702.218095,0
XOM.US,D,20200313,000000,34.0543,34.1662,29.7908,32.4467,93862174.707593,0
XOM.US,D,20200316,000000,29.2792,32.2424,28.3009,29.3561,57480194.339926,0
XOM.US,D,20200317,000000,29.9687,31.8136,29.1091,31.3312,48409871.316546,0
XOM.US,D,20200318,000000,29.4077,31.2457,26.5815,28.1901,63485769.69027,0
XOM.US,D,20200319,000000,28.7104,29.7053,27.5355,29.3065,58053199.256756,0
XOM.US,D,20200320,000000,29.6546,29.9434,26.8635,27.8673,89918251.41009,0
XOM.US,D,20200323,000000,27.6882,27.8321,25.6295,26.7692,66911777.677635,0
XOM.US,D,20200324,000000,29.2976,30.7867,28.3729,30.1652,72648801.606593,0
XOM.US,D,20200325,000000,31.0764,32.8464,29.9434,31.7397,66506657.501732,0
XOM.US,D,20200326,000000,31.9186,33.671,31.2554,33.0409,54930742.971366,0
XOM.US,D,20200327,000000,31.6046,32.0713,30.812,31.4499,60574602.483427,0
XOM.US,D,20200330,000000,30.8363,32.4711,30.5222,31.9186,53850155.837402,0
XOM.US,D,20200331,000000,32.6345,33.5787,31.8078,32.3174,48747255.183513,0
XOM.US,D,20200401,000000,31.374,32.9408,30.9306,31.9439,42349285.53636,0
XOM.US,D,20200402,000000,32.9728,35.7143,32.259,34.3869,72842138.105706,0
XOM.US,D,20200403,000000,35.2806,35.9011,32.7862,33.3744,56893864.062142,0
XOM.US,D,20200406,000000,33.9433,34.7525,33.3901,34.4462,48524407.313199,0
XOM.US,D,20200407,000000,36.5156,36.8687,35.0336,35.1016,57476791.791936,0
XOM.US,D,20200408,000000,35.7066,37.4843,35.2981,37.3238,39188439.789909,0
XOM.US,D,20200409,000000,38.6931,39.758,35.5266,36.7111,70736650.86979,0
XOM.US,D,20200413,000000,37.8343,38.0376,35.723,36.395,34837180.392986,0
XOM.US,D,20200414,000000,36.6003,37.2392,35.6725,36.1131,36149540.787577,0
XOM.US,D,20200415,000000,34.8965,34.949,33.5194,34.4559,38917572.702741,0
XOM.US,D,20200416,000000,34.4559,34.4559,33.1361,33.3229,36343396.563432,0
XOM.US,D,20200417,000000,33.9433,36.8717,33.9356,36.7879,47968929.271704,0
XOM.US,D,20200420,000000,34.6855,36.3747,34.5064,35.0501,46126318.430775,0
XOM.US,D,20200421,000000,34.3869,35.8582,33.7304,34.8653,52142604.249495,0
XOM.US,D,20200422,000000,36.2608,36.539,35.6297,35.8582,31820994.863769,0
XOM.US,D,20200423,000000,36.7111,38.0134,36.4389,36.9815,41438785.69932,0
XOM.US,D,20200424,000000,37.7907,38.2088,36.7111,37.2207,33680006.623537,0
XOM.US,D,20200427,000000,37.1021,37.7235,35.9457,37.3997,33218717.156628,0
XOM.US,D,20200428,000000,37.7654,38.6348,37.5437,38.2788,31187012.461798,0
XOM.US,D,20200429,000000,39.3739,40.5156,39.2893,40.3969,34661630.921713,0
XOM.US,D,20200430,000000,40.5827,40.5827,38.9576,39.5528,43559833.75685,0
XOM.US,D,20200501,000000,38.838,39.4857,36.6003,36.717,41589597.032321,0
XOM.US,D,20200504,000000,36.1821,38.2516,35.936,38.2001,32268563.085477,0
XOM.US,D,20200505,000000,39.3739,40.1314,38.0134,38.1563,34395678.968843,0
XOM.US,D,20200506,000000,38.2418,38.5327,37.3656,37.4425,26621403.852503,0
XOM.US,D,20200507,000000,38.2691,38.5327,37.4249,37.6545,26035498.250548,0
XOM.US,D,20200508,000000,38.5647,39.3418,38.2818,39.3078,23495876.122312,0
XOM.US,D,20200511,000000,39.2474,39.3232,38.7349,38.9314,26150288.230082,0
XOM.US,D,20200512,000000,39.4098,39.6258,38.2818,38.2818,29319153.460295,0
XOM.US,D,20200513,000000,37.9521,38.0649,36.0956,36.3815,35529890.423647,0
XOM.US,D,20200514,000000,35.6346,36.9193,34.8799,36.7033,28647723.493292,0
XOM.US,D,20200515,000000,36.7714,37.3141,36.3114,36.4418,25869038.692914,0
XOM.US,D,20200518,000000,38.5249,39.547,38.2283,39.3408,36933895.450931,0
XOM.US,D,20200519,000000,39.5226,40.4602,38.1165,38.1242,25092333.335844,0
XOM.US,D,20200520,000000,38.7164,39.547,38.6707,39.3661,22304136.00254,0
XOM.US,D,20200521,000000,39.4263,39.7299,38.5151,38.663,22048626.139375,0
XOM.US,D,20200522,000000,38.2195,38.7583,37.6992,38.698,17756241.413861,0
XOM.US,D,20200526,000000,39.687,40.1723,39.4527,39.8338,23461288.178302,0
XOM.US,D,20200527,000000,40.4845,40.9026,39.3971,40.1207,23958991.798114,0
XOM.US,D,20200528,000000,40.2861,40.3114,38.9849,39.0801,22711505.006625,0
XOM.US,D,20200529,000000,38.8895,39.6423,38.4986,39.4527,29834496.036957,0
XOM.US,D,20200601,000000,39.3223,40.3027,38.8711,40.1557,21942204.227396,0
XOM.US,D,20200602,000000,40.6586,41.1702,40.5613,41.0485,25723146.607293,0
XOM.US,D,20200603,000000,41.6466,42.8613,41.6048,42.7232,26989850.751268,0
XOM.US,D,20200604,000000,42.411,42.6414,41.7866,42.6025,21588332.038575,0
XOM.US,D,20200605,000000,44.8151,46.375,44.7713,46.0549,47632574.703781,0
XOM.US,D,20200608,000000,47.4788,48.034,46.3847,47.4962,38701067.206559,0
XOM.US,D,20200609,000000,45.8808,46.8272,45.5075,46.4372,31437315.161765,0
XOM.US,D,20200610,000000,46.4206,46.4206,43.9048,43.9466,35908928.51138,0
XOM.US,D,20200611,000000,41.2391,42.377,39.9992,40.0691,45159324.369166,0
XOM.US,D,20200612,000000,41.6835,42.1903,39.829,40.926,35703013.175894,0
XOM.US,D,20200615,000000,39.3476,41.4394,38.8263,40.9026,32189158.988072,0
XOM.US,D,20200616,000000,43.0101,43.1666,40.9882,41.8207,30200007.222663,0
XOM.US,D,20200617,000000,41.6466,41.7604,40.432,40.4602,22219962.785288,0
XOM.US,D,20200618,000000,40.0089,41.066,39.7132,40.7111,24754683.146747,0
XOM.US,D,20200619,000000,41.8382,41.8732,39.8951,39.8951,56358322.134404,0
XOM.US,D,20200622,000000,39.6423,40.2938,39.3924,40.2774,20244519.925832,0
XOM.US,D,20200623,000000,40.6925,40.9717,40.3454,40.5204,21801809.277329,0
XOM.US,D,20200624,000000,39.8338,39.8776,38.3945,38.6104,31840696.531792,0
XOM.US,D,20200625,000000,38.2195,39.2542,37.9073,39.191,22305470.698004,0
XOM.US,D,20200626,000000,38.9401,38.9927,37.743,37.847,36325905.677572,0
XOM.US,D,20200629,000000,38.0124,38.6757,37.778,38.4558,19652978.371767,0
XOM.US,D,20200630,000000,37.6826,39.0189,37.4483,38.802,25532562.78904,0
XOM.US,D,20200701,000000,38.6026,39.3739,37.8918,37.9248,19927196.593386,0
XOM.US,D,20200702,000000,38.7164,39.2046,38.1165,38.2467,20995049.62209,0
XOM.US,D,20200706,000000,38.7583,39.1142,38.0376,38.5151,26153117.00298,0
XOM.US,D,20200707,000000,38.0912,38.1768,37.4045,37.5173,20062695.946299,0
XOM.US,D,20200708,000000,37.4396,38.1165,37.1702,37.4299,21081259.843746,0
XOM.US,D,20200709,000000,37.2226,37.3958,35.8262,35.8874,29829586.044014,0
XOM.US,D,20200710,000000,35.6774,37.0583,35.6598,37.0058,21841442.946026,0
XOM.US,D,20200713,000000,37.2917,37.5591,36.6373,37.0146,23083065.509293,0
XOM.US,D,20200714,000000,36.9008,38.342,36.6674,38.237,24714846.908709,0
XOM.US,D,20200715,000000,39.0714,39.12,38.3596,38.7243,19976052.82265,0
XOM.US,D,20200716,000000,38.4461,38.8798,37.9949,38.4188,16911757.588752,0
XOM.US,D,20200717,000000,38.4647,38.7719,37.6487,37.7614,20705187.288923,0
XOM.US,D,20200720,000000,37.4921,37.7527,36.8541,36.8754,21383817.207882,0
XOM.US,D,20200721,000000,37.4396,39.2096,37.4045,38.7398,33231369.000226,0
XOM.US,D,20200722,000000,38.307,38.307,37.6312,37.8393,24601076.973782,0
XOM.US,D,20200723,000000,37.6555,38.0221,37.3267,37.9161,20669848.707249,0
XOM.US,D,20200724,000000,38.0727,38.5414,37.4736,37.6826,18919033.654816,0
XOM.US,D,20200727,000000,37.5095,38.2545,37.284,38.237,21376845.532039,0
XOM.US,D,20200728,000000,38.0999,38.3945,37.708,37.7857,22117502.800599,0
XOM.US,D,20200729,000000,37.9248,38.2545,37.6049,38.2039,16300345.73026,0
XOM.US,D,20200730,000000,37.422,37.4668,36.2901,36.3299,34461711.433107,0
XOM.US,D,20200731,000000,35.7134,36.5895,35.4964,36.5118,37022512.854467,0
XOM.US,D,20200803,000000,36.4846,36.8754,35.9818,36.6586,26554762.65194,0
XOM.US,D,20200804,000000,36.7375,37.8315,36.6509,37.7168,20427353.667264,0
XOM.US,D,20200805,000000,38.307,38.4461,37.7683,38.0464,20106676.115555,0
XOM.US,D,20200806,000000,37.6555,38.0912,37.5262,37.8645,16636601.584189,0
XOM.US,D,20200807,000000,37.5095,37.7614,37.1449,37.6904,21618951.88567,0
XOM.US,D,20200810,000000,38.1689,38.698,37.8266,38.6192,28084404.887149,0
XOM.US,D,20200811,000000,39.4779,40.2774,38.8118,39.0189,33408722.058434,0
XOM.US,D,20200812,000000,39.3379,39.7609,38.6026,39.0092,25440136.67056,0
XOM.US,D,20200813,000000,38.4869,38.8166,37.9735,38.0542,19596644.55744,0
XOM.US,D,20200814,000000,37.6904,38.2915,37.5232,38.2214,15366214.174302,0
XOM.US,D,20200817,000000,38.1962,38.1962,37.5767,37.7265,17580253.89924,0
XOM.US,D,20200818,000000,37.6826,38.2147,37.4162,37.5397,14708814.962003,0
XOM.US,D,20200819,000000,37.4687,37.741,37.0408,37.1264,16357867.197332,0
XOM.US,D,20200820,000000,36.8871,37.0593,36.5409,36.5584,17720311.576491,0
XOM.US,D,20200821,000000,36.5409,36.5768,36.0197,36.2842,28840828.631482,0
XOM.US,D,20200824,000000,36.5255,37.6097,36.3561,37.3549,20580152.647671,0
XOM.US,D,20200825,000000,36.861,37.2179,36.0109,36.1694,35359793.872287,0
XOM.US,D,20200826,000000,35.9584,36.1295,35.3925,35.3982,30284383.009259,0
XOM.US,D,20200827,000000,35.3925,35.657,34.7758,35.1609,36206036.040417,0
XOM.US,D,20200828,000000,35.2485,36.2054,35.1784,36.0022,37836692.511608,0
XOM.US,D,20200831,000000,35.9584,36.0285,35.2991,35.337,28549074.280091,0
XOM.US,D,20200901,000000,35.1707,35.1707,34.5453,34.8868,25405453.097368,0
XOM.US,D,20200902,000000,34.7087,35.1376,34.4608,34.6758,29853075.861565,0
XOM.US,D,20200903,000000,34.6845,35.4167,34.3995,34.6047,32569936.909953,0
XOM.US,D,20200904,000000,34.9129,35.2057,34.1963,34.5774,27840305.744758,0
XOM.US,D,20200908,000000,33.8423,34.2235,33.0458,33.781,43509694.245662,0
XOM.US,D,20200909,000000,33.9317,34.3654,33.5515,33.5777,29257208.372355,0
XOM.US,D,20200910,000000,33.8598,33.9492,32.648,32.7376,38858592.119442,0
XOM.US,D,20200911,000000,32.8474,33.0127,32.2853,32.648,30333645.405477,0
XOM.US,D,20200914,000000,32.6567,32.7463,32.2853,32.436,29532751.00673,0
XOM.US,D,20200915,000000,32.5605,33.074,32.0383,32.0918,26813731.617987,0
XOM.US,D,20200916,000000,32.259,33.7538,32.0918,33.4542,34941861.442545,0
XOM.US,D,20200917,000000,33.0458,33.6031,32.7093,33.4464,27912310.405676,0
XOM.US,D,20200918,000000,33.2053,33.4649,32.4711,32.9047,52955424.532673,0
XOM.US,D,20200921,000000,32.2337,32.4798,31.5686,32.2337,39955507.165019,0
XOM.US,D,20200922,000000,32.259,32.5946,31.3828,31.4372,30858818.250734,0
XOM.US,D,20200923,000000,31.5423,31.6667,30.3917,30.4278,35321180.248199,0
XOM.US,D,20200924,000000,30.4376,30.809,29.8715,30.3655,30285589.170875,0
XOM.US,D,20200925,000000,30.0826,30.914,29.9766,30.6486,26544511.820598,0
XOM.US,D,20200928,000000,31.092,31.763,31.0512,31.2408,26443392.700999,0
XOM.US,D,20200929,000000,30.9656,31.0657,30.0729,30.3285,23496099.25707,0
XOM.US,D,20200930,000000,30.6486,30.8966,30.1973,30.3753,25117765.556886,0
XOM.US,D,20201001,000000,29.8958,30.171,29.145,29.3133,41694325.382336,0
XOM.US,D,20201002,000000,28.5333,29.5069,28.4994,29.1791,36952016.666774,0
XOM.US,D,20201005,000000,29.4815,29.8627,29.3482,29.8531,25955887.470718,0
XOM.US,D,20201006,000000,30.1895,30.453,29.4717,29.5428,30212939.784183,0
XOM.US,D,20201007,000000,29.7636,29.8531,29.3824,29.6401,26875962.565202,0
XOM.US,D,20201008,000000,29.9766,31.268,29.8715,31.1961,38895221.180938,0
XOM.US,D,20201009,000000,31.5686,31.8078,30.6583,30.7389,33034961.056312,0
XOM.US,D,20201012,000000,30.5611,30.7292,30.2868,30.6397,20245474.16111,0
XOM.US,D,20201013,000000,30.7292,30.8517,30.171,30.2771,23729251.428806,0
XOM.US,D,20201014,000000,30.135,30.8168,30.1088,30.2149,20068850.146879,0
XOM.US,D,20201015,000000,29.8122,30.4891,29.4319,30.4803,26279562.431733,0
XOM.US,D,20201016,000000,30.4094,30.6486,29.9716,30.171,25584878.121187,0
XOM.US,D,20201019,000000,30.171,30.4094,29.5428,29.5691,26725160.486637,0
XOM.US,D,20201020,000000,29.782,30.0213,29.4903,29.8161,26041091.015285,0
XOM.US,D,20201021,000000,29.6498,29.7461,29.3211,29.3395,32346318.86483,0
XOM.US,D,20201022,000000,29.3571,30.9315,29.216,30.843,35976749.138519,0
XOM.US,D,20201023,000000,30.9412,31.0375,29.9581,30.2236,31001108.303836,0
XOM.US,D,20201026,000000,29.7373,29.8784,29.1547,29.5069,34911218.973493,0
XOM.US,D,20201027,000000,29.3298,29.3755,28.933,29.039,30629973.505268,0
XOM.US,D,20201028,000000,28.4011,28.6491,27.8867,27.9333,47623632.861134,0
XOM.US,D,20201029,000000,27.7913,29.3133,27.5248,29.1694,43652547.791148,0
XOM.US,D,20201030,000000,28.6753,29.3211,28.3213,28.8621,54135500.977061,0
XOM.US,D,20201102,000000,29.3211,30.4842,28.8173,30.0729,45356335.908023,0
XOM.US,D,20201103,000000,30.5162,30.5162,29.3133,29.5603,41561787.44925,0
XOM.US,D,20201104,000000,29.4368,30.206,28.7833,29.4008,40021382.303856,0
XOM.US,D,20201105,000000,29.5243,30.0116,29.3211,29.3482,34838218.946466,0
XOM.US,D,20201106,000000,29.2861,29.782,28.8621,29.003,38411428.00815,0
XOM.US,D,20201109,000000,32.224,33.6313,31.9041,32.6753,86891102.457886,0
XOM.US,D,20201110,000000,33.5719,33.9162,32.6014,33.3988,54137526.670485,0
XOM.US,D,20201111,000000,33.6078,33.6361,32.7929,33.0555,37659796.005622,0
XOM.US,D,20201112,000000,32.4943,32.8843,31.5977,31.9235,34162247.107456,0
XOM.US,D,20201113,000000,32.0762,32.8474,32.0587,32.6937,32291615.887948,0
XOM.US,D,20201116,000000,34.0611,34.5872,33.6166,34.5784,42595463.842255,0
XOM.US,D,20201117,000000,34.2604,35.0725,33.8714,35.0394,29268672.563209,0
XOM.US,D,20201118,000000,35.3565,35.4537,33.708,33.7179,34286678.153764,0
XOM.US,D,20201119,000000,33.3988,33.9803,33.1274,33.889,29746845.207949,0
XOM.US,D,20201120,000000,33.8432,33.8977,33.3278,33.4708,20261634.464587,0
XOM.US,D,20201123,000000,33.9803,35.729,33.78,35.6648,32410087.076852,0
XOM.US,D,20201124,000000,36.7083,38.1291,36.4446,38.0386,51846325.506701,0
XOM.US,D,20201125,000000,37.7585,37.7936,36.8337,36.9786,31097444.936067,0
XOM.US,D,20201127,000000,36.8794,37.0963,36.1218,36.4174,16523049.642665,0
XOM.US,D,20201130,000000,36.0635,36.1364,34.4053,34.5503,50340002.396095,0
XOM.US,D,20201201,000000,35.3029,35.9273,34.8596,34.8858,35870450.619034,0
XOM.US,D,20201202,000000,34.7856,36.6237,34.7418,36.1899,32412196.060209,0
XOM.US,D,20201203,000000,36.3085,36.8201,36.0012,36.4359,29840190.600501,0
XOM.US,D,20201204,000000,36.9426,37.8403,36.8337,37.7673,31699415.212319,0
XOM.US,D,20201207,000000,37.531,37.6409,36.8522,37.0612,27415830.428084,0
XOM.US,D,20201208,000000,36.7248,38.5929,36.644,38.2759,35926616.825227,0
XOM.US,D,20201209,000000,38.7008,39.6248,38.4014,38.7826,41725840.853274,0
XOM.US,D,20201210,000000,39.1454,40.2938,38.7466,39.8786,42001567.548119,0
XOM.US,D,20201211,000000,39.5985,39.8018,39.1541,39.689,28118421.112608,0
XOM.US,D,20201214,000000,40.1782,40.2871,38.2195,38.2564,33764702.202342,0
XOM.US,D,20201215,000000,38.4567,39.1628,38.1115,38.9985,30061739.764829,0
XOM.US,D,20201216,000000,39.6423,39.969,38.9264,39.5985,37823735.27159,0
XOM.US,D,20201217,000000,39.8698,39.9057,39.3262,39.3991,23401447.960635,0
XOM.US,D,20201218,000000,39.2076,39.6704,38.4383,38.7194,51424218.297618,0
XOM.US,D,20201221,000000,37.2518,38.1291,36.7248,38.0124,30756817.903081,0
XOM.US,D,20201222,000000,37.6779,37.9667,37.3598,37.3686,24071703.642416,0
XOM.US,D,20201223,000000,37.6126,38.4091,37.5689,37.848,21063184.900088,0
XOM.US,D,20201224,000000,37.741,37.9209,37.4959,37.6944,8871851.3400241,0
XOM.US,D,20201228,000000,37.776,38.555,37.6223,37.8227,26351273.00721,0
XOM.US,D,20201229,000000,38.094,38.1661,37.3317,37.3958,22389559.597052,0
XOM.US,D,20201230,000000,37.4502,38.4383,37.3958,37.6944,26273761.956299,0
XOM.US,D,20201231,000000,37.5776,37.7673,37.1244,37.3501,25147166.903115,0
XOM.US,D,20210104,000000,37.5591,38.2808,37.1517,37.6039,30641133.327974,0
XOM.US,D,20210105,000000,37.9112,40.5944,37.9025,39.4166,48597196.544718,0
XOM.US,D,20210106,000000,40.2405,40.8656,39.5985,40.4213,40264636.207671,0
XOM.US,D,20210107,000000,40.7762,41.2917,40.3493,40.7392,32587241.678802,0
XOM.US,D,20210108,000000,40.9571,41.5192,40.7296,41.1915,31594120.285107,0
XOM.US,D,20210111,000000,40.8123,42.7096,40.5486,42.4431,42257861.981884,0
XOM.US,D,20210112,000000,43.0042,43.648,42.5063,43.3845,40739493.707436,0
XOM.US,D,20210113,000000,43.9758,44.1372,43.2133,43.8737,32004709.833255,0
XOM.US,D,20210114,000000,43.9466,46.2845,43.9466,45.5872,39149956.756209,0
XOM.US,D,20210115,000000,44.318,44.4727,42.8505,43.3943,46805084.081477,0
XOM.US,D,20210119,000000,43.9029,44.7985,43.8114,44.2548,27515621.021845,0
XOM.US,D,20210120,000000,44.4999,45.0699,44.392,44.8802,24657080.713192,0
XOM.US,D,20210121,000000,44.6984,44.7538,43.2045,43.5946,32069085.753303,0
XOM.US,D,20210122,000000,42.5968,43.1676,42.2613,42.978,25675083.174795,0
XOM.US,D,20210125,000000,42.4976,42.6327,41.8265,42.4976,29130458.575454,0
XOM.US,D,20210126,000000,42.8244,43.367,41.5454,41.563,26460794.127299,0
XOM.US,D,20210127,000000,40.7762,42.2797,40.3493,41.0942,35768073.924277,0
XOM.US,D,20210128,000000,41.6262,42.2164,41.4015,41.7361,27553865.496726,0
XOM.US,D,20210129,000000,41.2741,41.7176,40.3318,40.6303,42997462.18809,0
XOM.US,D,20210201,000000,41.3004,41.3004,40.1324,40.7032,26941529.222808,0
XOM.US,D,20210202,000000,41.5094,42.5754,41.03,41.347,35249443.965953,0
XOM.US,D,20210203,000000,41.347,43.1948,41.1575,42.9682,31407672.171906,0
XOM.US,D,20210204,000000,43.3845,43.8376,42.8146,43.7939,27899304.836931,0
XOM.US,D,20210205,000000,44.5632,45.4141,44.4358,45.2614,38604097.159531,0
XOM.US,D,20210208,000000,46.1396,47.4447,45.949,47.2084,40831802.603049,0
XOM.US,D,20210209,000000,46.693,46.9604,45.8634,46.656,31444990.174819,0
XOM.US,D,20210210,000000,46.656,47.3844,46.4353,47.1082,27914731.983347,0
XOM.US,D,20210211,000000,46.8953,46.9332,44.9521,45.9277,29269427.313958,0
XOM.US,D,20210212,000000,45.5513,46.7309,45.5328,46.5558,21439413.752066,0
XOM.US,D,20210216,000000,47.8813,48.4075,47.5683,47.9552,30450076.505166,0
XOM.US,D,20210217,000000,48.2411,49.0882,47.7345,48.7021,27728555.33363,0
XOM.US,D,20210218,000000,48.6652,48.7799,47.7889,47.9378,22384530.324699,0
XOM.US,D,20210219,000000,48.0204,48.4347,47.8415,48.2596,24532656.864781,0
XOM.US,D,20210222,000000,48.4629,50.5081,48.4629,50.0384,39538357.249336,0
XOM.US,D,20210223,000000,50.6647,50.9195,49.521,50.7298,36383582.413532,0
XOM.US,D,20210224,000000,50.8582,52.5261,50.5664,52.2498,31175513.309736,0
XOM.US,D,20210225,000000,52.5076,52.7526,51.008,51.3834,32198008.28635,0
XOM.US,D,20210226,000000,50.1386,50.7337,48.9501,50.1026,38296832.371791,0
XOM.US,D,20210301,000000,52.0378,53.0881,51.7237,51.9736,40149522.322842,0
XOM.US,D,20210302,000000,52.2041,52.49,51.6246,51.6692,32883578.00476,0
XOM.US,D,20210303,000000,51.9922,53.411,51.4942,52.0826,38370513.11407,0
XOM.US,D,20210304,000000,52.6379,54.8007,52.6184,54.1015,56578193.160829,0
XOM.US,D,20210305,000000,55.1353,56.2585,54.4701,56.1477,55810134.532693,0
XOM.US,D,20210308,000000,56.7468,56.7749,55.1256,56.0922,41404277.960429,0
XOM.US,D,20210309,000000,55.853,56.5727,54.8016,55.2247,38681922.861297,0
XOM.US,D,20210310,000000,55.7703,57.056,55.3181,56.9218,34268745.111472,0
XOM.US,D,20210311,000000,56.9315,57.6414,56.4511,56.4987,26915132.483778,0
XOM.US,D,20210312,000000,56.7185,57.4742,56.6728,57.1056,22162127.695629,0
XOM.US,D,20210315,000000,56.663,57.0005,55.1703,55.6507,33926330.943882,0
XOM.US,D,20210316,000000,54.8669,54.9767,53.8535,54.4701,33233127.343249,0
XOM.US,D,20210317,000000,54.082,55.0419,54.0188,54.7103,27753788.070143,0
XOM.US,D,20210318,000000,54.1949,54.3369,52.0826,52.3511,41912402.076261,0
XOM.US,D,20210319,000000,52.2595,52.9539,51.4301,52.0572,91631268.257157,0
XOM.US,D,20210322,000000,52.0661,52.3977,51.5127,51.5214,31811902.893591,0
XOM.US,D,20210323,000000,50.6286,51.8725,50.1765,50.8855,36345989.862321,0
XOM.US,D,20210324,000000,51.679,52.7838,51.679,51.9182,32318345.786707,0
XOM.US,D,20210325,000000,50.8767,52.0661,50.2222,51.7703,34178484.531242,0
XOM.US,D,20210326,000000,52.8022,53.2448,52.0864,53.1805,37141589.694856,0
XOM.US,D,20210329,000000,52.8402,53.2827,52.2859,52.8946,22945311.158573,0
XOM.US,D,20210330,000000,52.3977,52.8567,52.0572,52.2401,22032706.451259,0
XOM.US,D,20210331,000000,51.927,52.1857,51.4213,51.4485,25703869.615101,0
XOM.US,D,20210401,000000,51.8988,52.9413,51.7334,52.8859,25169988.344663,0
XOM.US,D,20210405,000000,52.8022,52.8217,51.7334,52.0661,25246353.90193,0
XOM.US,D,20210406,000000,52.3792,53.024,51.8443,51.9182,20538256.783274,0
XOM.US,D,20210407,000000,51.9639,52.3151,51.8259,52.1477,24291525.311842,0
XOM.US,D,20210408,000000,51.5399,51.679,50.9788,51.6052,23873013.965654,0
XOM.US,D,20210409,000000,51.6052,52.0057,51.1723,51.4854,21725950.657553,0
XOM.US,D,20210412,000000,52.3004,52.3325,50.9691,51.1432,21962532.112318,0
XOM.US,D,20210413,000000,50.9594,51.5856,50.7658,51.3377,21020472.588696,0
XOM.US,D,20210414,000000,51.9824,53.4568,51.8346,52.8217,30440298.67838,0
XOM.US,D,20210415,000000,52.914,52.914,52.3248,52.5076,25230538.069162,0
XOM.US,D,20210416,000000,52.8567,53.1523,52.0106,52.2119,24689831.137331,0
XOM.US,D,20210419,000000,52.2956,52.6554,51.5672,52.0475,22922444.47311,0
XOM.US,D,20210420,000000,52.0378,52.0378,50.4809,50.9496,23637271.579841,0
XOM.US,D,20210421,000000,50.2222,51.7237,50.0384,51.6052,18041616.373373,0
XOM.US,D,20210422,000000,51.5954,51.5954,50.7016,50.9312,23439825.082445,0
XOM.US,D,20210423,000000,50.9312,51.5516,50.8494,51.2083,16648092.510083,0
XOM.US,D,20210426,000000,51.1169,51.8677,51.0886,51.3103,17453673.767016,0
XOM.US,D,20210427,000000,51.6149,52.1857,51.4301,51.9824,20920576.083045,0
XOM.US,D,20210428,000000,52.4433,53.872,52.3325,53.5501,26836076.970166,0
XOM.US,D,20210429,000000,54.295,54.8115,53.5851,54.3145,29645112.210698,0
XOM.US,D,20210430,000000,53.7514,54.2678,52.6739,52.7478,33117664.874629,0
XOM.US,D,20210503,000000,53.4286,54.3592,53.2079,54.2036,22256416.012482,0
XOM.US,D,20210504,000000,54.3689,54.8309,53.9177,54.544,25525648.696359,0
XOM.US,D,20210505,000000,55.0788,56.2585,55.0788,56.1856,18799176.35691,0
XOM.US,D,20210506,000000,56.0835,56.8012,55.3181,56.7185,29122487.420418,0
XOM.US,D,20210507,000000,56.2771,57.5676,56.0738,57.5306,36473286.699275,0
XOM.US,D,20210510,000000,58.2775,58.9952,57.6219,57.6678,34678359.858929,0
XOM.US,D,20210511,000000,56.7885,57.4887,55.6458,55.8355,37507627.355199,0
XOM.US,D,20210512,000000,56.1048,57.6668,55.8618,56.134,36822220.10357,0
XOM.US,D,20210513,000000,55.1605,56.5171,54.9281,55.4417,25957061.755943,0
XOM.US,D,20210514,000000,56.0299,56.914,56.0299,56.8157,22178377.458665,0
XOM.US,D,20210517,000000,56.6008,58.2007,56.4987,58.1442,27041933.694219,0
XOM.US,D,20210518,000000,57.9663,58.2463,56.4695,56.4987,26922439.375896,0
XOM.US,D,20210519,000000,55.2549,55.9609,54.614,55.1431,30900248.308471,0
XOM.US,D,20210520,000000,55.1149,55.3016,54.4507,55.0117,22132486.762312,0
XOM.US,D,20210521,000000,55.5545,55.9386,55.0215,55.0867,22239635.661728,0
XOM.US,D,20210524,000000,55.2354,55.9094,54.8718,55.7313,19680742.710925,0
XOM.US,D,20210525,000000,55.6293,55.6653,54.3389,54.4691,27398740.567828,0
XOM.US,D,20210526,000000,54.4594,55.2743,54.1336,55.1052,23208700.660676,0
XOM.US,D,20210527,000000,55.3764,55.8161,54.2454,54.7502,35891191.868807,0
XOM.US,D,20210528,000000,54.9087,54.9738,54.3301,54.5722,20589617.880143,0
XOM.US,D,20210601,000000,55.5817,56.7458,55.5817,56.5268,30455689.835319,0
XOM.US,D,20210602,000000,56.7973,57.3215,56.2556,56.9753,24577384.586889,0
XOM.US,D,20210603,000000,56.6106,57.4149,56.4277,57.1999,21683535.516415,0
XOM.US,D,20210604,000000,57.4615,57.6852,56.8217,57.4518,21849401.761812,0
XOM.US,D,20210607,000000,57.34,57.7144,57.0501,57.0774,16555043.259515,0
XOM.US,D,20210608,000000,57.4994,58.4146,56.7214,58.0879,30968295.155181,0
XOM.US,D,20210609,000000,58.5925,59.2938,58.1442,58.5741,31160372.022597,0
XOM.US,D,20210610,000000,59.4716,59.8121,58.2007,58.6664,29401666.020248,0
XOM.US,D,20210611,000000,58.9106,59.0817,58.0966,58.1248,18858697.810636,0
XOM.US,D,20210614,000000,58.2463,58.6956,57.5646,58.0314,18180072.00476,0
XOM.US,D,20210615,000000,58.4146,60.2108,58.293,60.1446,32854718.557229,0
XOM.US,D,20210616,000000,60.1349,60.5833,59.425,59.9298,26529225.54728,0
XOM.US,D,20210617,000000,59.7051,60.2662,57.2836,57.9564,30474594.593491,0
XOM.US,D,20210618,000000,57.0307,57.5451,56.3208,56.4695,42345827.461749,0
XOM.US,D,20210621,000000,56.9665,58.6207,56.9373,58.5177,35452026.675862,0
XOM.US,D,20210622,000000,58.7609,59.846,58.1811,59.64,26889917.22787,0
XOM.US,D,20210623,000000,59.8821,60.4898,59.4425,60.0795,22142216.26037,0
XOM.US,D,20210624,000000,59.9765,60.3596,59.6535,60.3217,20930142.086052,0
XOM.US,D,20210625,000000,60.4063,60.7009,60.171,60.4529,19721436.526788,0
XOM.US,D,20210628,000000,60.3596,60.3596,58.6664,58.9106,22001515.913885,0
XOM.US,D,20210629,000000,59.0973,59.6204,58.5128,58.5459,20941771.8285,0
XOM.US,D,20210630,000000,58.6207,59.1158,58.3864,58.9757,19119449.798205,0
XOM.US,D,20210701,000000,60.1446,60.2274,58.6859,59.145,24098145.625358,0
XOM.US,D,20210702,000000,58.9106,59.2004,58.3601,59.0603,15583432.262131,0
XOM.US,D,20210706,000000,58.6664,58.6761,56.9373,57.3769,23649478.182193,0
XOM.US,D,20210707,000000,57.1999,57.7883,55.7411,56.4792,23179498.798978,0
XOM.US,D,20210708,000000,55.5817,56.7555,55.4514,56.2265,20253703.412111,0
XOM.US,D,20210709,000000,56.7458,57.4518,56.3178,57.2457,21483770.268425,0
XOM.US,D,20210712,000000,56.4889,57.4994,56.2459,57.1902,23327138.944915,0
XOM.US,D,20210713,000000,57.0307,57.5072,56.5737,56.9189,18340632.372966,0
XOM.US,D,20210714,000000,57.1902,57.7144,55.4932,55.6566,23074897.954539,0
XOM.US,D,20210715,000000,55.3201,55.8161,54.9418,55.1149,16954174.786432,0
XOM.US,D,20210716,000000,55.3298,55.4038,53.4315,53.59,28931889.206375,0
XOM.US,D,20210719,000000,52.0193,52.5436,51.043,51.749,40611333.123033,0
XOM.US,D,20210720,000000,51.8891,52.918,51.4505,52.3199,28618075.362079,0
XOM.US,D,20210721,000000,53.16,54.507,53.1329,54.0014,22363766.452969,0
XOM.US,D,20210722,000000,53.9742,53.9839,52.9735,53.3935,14432843.538716,0
XOM.US,D,20210723,000000,53.5628,53.5628,52.7955,53.3294,15068592.509877,0
XOM.US,D,20210726,000000,53.4412,54.8348,53.2914,54.6753,19667200.384836,0
XOM.US,D,20210727,000000,54.2357,54.2357,53.483,54.0684,18034806.13604,0
XOM.US,D,20210728,000000,54.226,54.8105,53.871,54.4322,18028248.853317,0
XOM.US,D,20210729,000000,55.1605,55.4699,54.7502,55.0955,19902738.144767,0
XOM.US,D,20210730,000000,55.0487,55.0487,53.59,53.8243,30646758.997376,0
XOM.US,D,20210802,000000,53.8058,55.217,53.6649,53.833,22326372.358018,0
XOM.US,D,20210803,000000,53.8243,54.6091,53.2253,54.4137,19475281.871121,0
XOM.US,D,20210804,000000,53.4684,54.1093,53.1144,53.1416,22320551.317169,0
XOM.US,D,20210805,000000,53.4129,53.9459,53.1329,53.4781,16236578.546509,0
XOM.US,D,20210806,000000,53.908,54.2911,53.7864,54.0947,15924585.769753,0
XOM.US,D,20210809,000000,53.4129,53.7777,53.1329,53.4781,19068876.35675,0
XOM.US,D,20210810,000000,53.6843,54.5635,53.5715,54.3952,17477359.984284,0
XOM.US,D,20210811,000000,54.4039,54.6947,53.9644,54.5537,19550640.751301,0
XOM.US,D,20210812,000000,54.4778,54.8484,53.9751,54.4302,20258858.133499,0
XOM.US,D,20210813,000000,54.1269,54.1648,53.4333,53.8798,21139218.325895,0
XOM.US,D,20210816,000000,53.1679,53.2341,52.4599,53.0921,17879306.916581,0
XOM.US,D,20210817,000000,52.6749,53.4305,52.1954,52.7312,17115004.561582,0
XOM.US,D,20210818,000000,52.597,52.9636,51.5448,51.6216,23064779.770126,0
XOM.US,D,20210819,000000,50.7483,50.9711,49.4471,50.0461,32582322.431421,0
XOM.US,D,20210820,000000,49.6085,50.4293,49.4569,50.0548,17825815.24267,0
XOM.US,D,20210823,000000,51.2034,52.2567,51.2034,52.1147,22793039.681072,0
XOM.US,D,20210824,000000,52.4755,53.0065,52.21,52.5416,18876591.778639,0
XOM.US,D,20210825,000000,52.4269,52.9306,52.0758,52.6369,13982169.939273,0
XOM.US,D,20210826,000000,52.3899,52.7118,51.8443,51.924,12477890.002693,0
XOM.US,D,20210827,000000,52.5795,53.3517,52.5795,52.9306,16671209.065343,0
XOM.US,D,20210830,000000,53.377,53.4713,52.3141,52.352,14841735.411816,0
XOM.US,D,20210831,000000,52.1341,52.4949,51.6877,51.7441,28558065.479735,0
XOM.US,D,20210901,000000,51.715,51.9678,50.8708,51.0323,22805106.4386,0
XOM.US,D,20210902,000000,51.5263,52.8071,51.5069,52.2762,24552214.574894,0
XOM.US,D,20210903,000000,52.3141,52.5027,51.8152,52.0758,14590725.261557,0
XOM.US,D,20210907,000000,51.8871,52.456,51.6975,51.7733,15126518.087363,0
XOM.US,D,20210908,000000,51.9999,52.3705,51.2608,51.2978,19762882.008586,0
XOM.US,D,20210909,000000,50.8903,52.2003,50.5859,51.3367,20135933.503874,0
XOM.US,D,20210910,000000,52.3802,52.4181,51.2034,51.2317,15934965.134942,0
XOM.US,D,20210913,000000,51.8677,53.0774,51.8395,52.5513,23235206.396405,0
XOM.US,D,20210914,000000,52.8537,52.9306,51.6391,51.8015,21009945.152516,0
XOM.US,D,20210915,000000,52.5513,53.6552,52.4949,53.5481,24487573.360985,0
XOM.US,D,20210916,000000,53.5851,53.5851,52.6749,52.9782,18867786.696004,0
XOM.US,D,20210917,000000,52.5222,53.8603,52.2946,52.352,31645554.3892,0
XOM.US,D,20210920,000000,51.042,51.4125,50.264,50.9564,29033180.047194,0
XOM.US,D,20210921,000000,51.6022,51.7344,50.5392,50.9098,20753377.198725,0
XOM.US,D,20210922,000000,51.6585,53.059,51.6022,52.3997,27068738.656744,0
XOM.US,D,20210923,000000,52.598,54.3262,52.4657,54.1735,24306907.214344,0
XOM.US,D,20210924,000000,53.8136,54.8756,53.7941,54.6578,23526323.219916,0
XOM.US,D,20210927,000000,55.854,56.7555,55.8258,56.2809,34740955.842268,0
XOM.US,D,20210928,000000,56.8508,57.4012,56.4802,56.8693,39637261.473689,0
XOM.US,D,20210929,000000,56.7934,57.1221,56.0436,56.8314,24679258.457237,0
XOM.US,D,20210930,000000,57.0599,57.1066,55.8161,55.8258,32968076.155576,0
XOM.US,D,20211001,000000,56.3849,57.8846,56.3849,57.8282,25716608.861714,0
XOM.US,D,20211004,000000,58.1987,58.9096,57.8476,58.578,35767660.559427,0
XOM.US,D,20211005,000000,59.3327,59.5038,57.9138,58.4827,31231606.508706,0
XOM.US,D,20211006,000000,57.3915,58.0042,56.7089,57.4109,26641265.930765,0
XOM.US,D,20211007,000000,57.5238,57.9701,57.0774,57.5723,20560357.407011,0
XOM.US,D,20211008,000000,58.1315,59.2373,58.1315,59.0136,23377049.15172,0
XOM.US,D,20211011,000000,59.8208,59.85,58.3688,58.4262,23308137.529289,0
XOM.US,D,20211012,000000,58.436,58.8241,57.7523,58.1218,21282056.44732,0
XOM.US,D,20211013,000000,57.6852,58.2648,57.1455,57.9604,15795908.993422,0
XOM.US,D,20211014,000000,58.5683,59.0525,58.0557,58.8435,19591955.642712,0
XOM.US,D,20211015,000000,59.5359,59.8597,59.2606,59.4037,16955851.896064,0
XOM.US,D,20211018,000000,59.8772,59.9259,59.0992,59.3745,19263532.127265,0
XOM.US,D,20211019,000000,59.6691,60.3713,59.4795,60.2672,19948773.827299,0
XOM.US,D,20211020,000000,59.6886,60.6203,59.5262,60.5989,15072520.504232,0
XOM.US,D,20211021,000000,60.2381,60.3995,59.1703,59.4989,17453202.819,0
XOM.US,D,20211022,000000,59.5748,60.0017,59.1703,59.9063,15032154.706746,0
XOM.US,D,20211025,000000,60.4764,61.1356,60.3431,61.0743,18902104.204801,0
XOM.US,D,20211026,000000,61.2067,62.5837,61.0841,62.4885,26957546.596646,0
XOM.US,D,20211027,000000,61.8427,61.9282,60.7184,60.8653,22931954.949495,0
XOM.US,D,20211028,000000,60.5716,61.1881,60.3907,61.0354,17518286.189342,0
XOM.US,D,20211029,000000,61.7376,62.0322,61.0549,61.1881,25251937.412231,0
XOM.US,D,20211101,000000,61.7523,62.7149,61.7104,62.2891,20710866.428405,0
XOM.US,D,20211102,000000,61.7191,62.115,61.3681,61.5198,17174423.188231,0
XOM.US,D,20211103,000000,60.7797,61.1688,60.4189,60.6747,18304684.026724,0
XOM.US,D,20211104,000000,61.3817,61.5859,60.5803,61.1308,18670673.358339,0
XOM.US,D,20211105,000000,61.7376,61.9993,61.2738,61.7104,19561012.918594,0
XOM.US,D,20211108,000000,62.2133,63.0008,62.0517,62.3737,18645291.522566,0
XOM.US,D,20211109,000000,62.4213,62.9911,61.9846,62.9815,19788813.969224,0
XOM.US,D,20211110,000000,62.8278,63.1448,61.3399,61.7406,20977647.167519,0
XOM.US,D,20211111,000000,61.7453,62.3513,61.5772,61.8563,13847675.206906,0
XOM.US,D,20211112,000000,61.5149,61.9137,61.1541,61.3846,18879239.57588,0
XOM.US,D,20211115,000000,61.3272,62.2958,60.8079,61.9137,19596911.90784,0
XOM.US,D,20211116,000000,61.8855,62.8755,61.8855,62.539,17704227.365052,0
XOM.US,D,20211117,000000,61.9234,62.751,61.7309,61.8563,16111749.559413,0
XOM.US,D,20211118,000000,61.7124,62.0673,60.7019,61.1833,17620518.92619,0
XOM.US,D,20211119,000000,59.5282,59.6632,58.1053,58.3552,33306334.052701,0
XOM.US,D,20211122,000000,58.0187,60.1534,58.0187,59.1634,22871441.214472,0
XOM.US,D,20211123,000000,59.8169,60.9615,59.5573,60.7214,22026379.501188,0
XOM.US,D,20211124,000000,60.1922,61.4088,60.1922,61.0579,16499209.184781,0
XOM.US,D,20211126,000000,58.2104,59.0769,57.268,58.9125,25970529.018263,0
XOM.US,D,20211129,000000,60.1825,60.7311,58.9514,59.2403,19697968.302922,0
XOM.US,D,20211130,000000,58.153,58.8502,57.3837,57.5569,36367477.636676,0
XOM.US,D,20211201,000000,58.576,59.6632,57.4703,57.5081,31886816.532526,0
XOM.US,D,20211202,000000,57.4605,59.2306,56.8839,58.9417,30375048.728174,0
XOM.US,D,20211203,000000,59.5573,59.8557,58.042,58.5663,22888060.126714,0
XOM.US,D,20211206,000000,59.3648,59.7877,59.0759,59.2306,19972593.719768,0
XOM.US,D,20211207,000000,59.9608,60.6251,59.7304,59.8937,20585859.550465,0
XOM.US,D,20211208,000000,60.2215,60.7787,59.9608,60.0668,18936988.290793,0
XOM.US,D,20211209,000000,59.6826,60.3732,59.4513,60.2215,17581167.003686,0
XOM.US,D,20211210,000000,60.8556,60.9324,59.851,60.6056,18654159.329717,0
XOM.US,D,20211213,000000,60.0863,60.3265,59.0088,59.2782,18499586.582224,0
XOM.US,D,20211214,000000,58.9223,60.0814,58.8844,59.1916,23445751.006914,0
XOM.US,D,20211215,000000,58.8551,59.1537,57.7202,58.932,20753751.489286,0
XOM.US,D,20211216,000000,59.0954,60.0668,58.9611,59.0283,22028304.424077,0
XOM.US,D,20211217,000000,58.6247,58.9367,57.4129,57.7397,46218477.198855,0
XOM.US,D,20211220,000000,56.2771,56.9888,55.749,56.9023,22684878.963215,0
XOM.US,D,20211221,000000,57.4703,58.3649,57.4411,58.1918,20584315.087763,0
XOM.US,D,20211222,000000,58.0373,59.0233,57.6813,58.6626,14616034.090106,0
XOM.US,D,20211223,000000,58.8357,59.4805,58.6723,58.6917,14080554.886886,0
XOM.US,D,20211227,000000,58.6052,59.5864,58.1151,59.5282,13096038.063024,0
XOM.US,D,20211228,000000,59.5476,59.9326,59.0575,59.3365,13294129.286195,0
XOM.US,D,20211229,000000,59.1343,59.248,58.5905,58.8172,13238744.56579,0
XOM.US,D,20211230,000000,58.8844,59.25,58.4466,58.47,12413966.521785,0
XOM.US,D,20211231,000000,58.4224,59.1245,58.3835,58.8551,14630201.604825,0
XOM.US,D,20220103,000000,58.9038,61.1735,58.8746,61.1152,25253781.101729,0
XOM.US,D,20220104,000000,61.6831,63.6593,61.654,63.4142,40114678.33941,0
XOM.US,D,20220105,000000,63.9627,65.0306,63.9432,64.203,35383378.290749,0
XOM.US,D,20220106,000000,65.405,65.867,64.5112,65.7133,31885137.366353,0
XOM.US,D,20220107,000000,65.9058,66.5399,65.3865,66.2521,24936904.038797,0
XOM.US,D,20220110,000000,66.3386,66.5311,65.3574,65.8572,23663219.992811,0
XOM.US,D,20220111,000000,66.2618,68.6755,65.9632,68.6278,34242719.578194,0
XOM.US,D,20220112,000000,68.4256,69.0704,67.9441,68.4256,23959249.894079,0
XOM.US,D,20220113,000000,68.4061,68.8487,67.6271,67.9354,21877960.954276,0
XOM.US,D,20220114,000000,67.9539,69.3922,67.9062,69.1277,23925788.934836,0
XOM.US,D,20220118,000000,70.0418,71.061,69.2619,70.2917,34166494.894022,0
XOM.US,D,20220119,000000,70.9356,71.0416,69.7821,70.32,27480181.669634,0
XOM.US,D,20220120,000000,69.7336,71.5327,69.5032,70.4746,27836698.570885,0
XOM.US,D,20220121,000000,70.3881,70.3881,68.3293,69.4166,36513693.627593,0
XOM.US,D,20220124,000000,68.1757,70.2917,67.1419,70.0127,43225459.638438,0
XOM.US,D,20220125,000000,69.8201,72.3642,68.6658,72.0705,40836595.373124,0
XOM.US,D,20220126,000000,72.5519,73.1004,70.6857,71.3402,36650850.552993,0
XOM.US,D,20220127,000000,72.5811,73.11,71.1622,72.2533,30332049.529236,0
XOM.US,D,20220128,000000,72.1094,72.7348,71.1281,72.408,31809392.884633,0
XOM.US,D,20220131,000000,72.1094,73.504,71.4316,73.0615,37516993.873674,0
XOM.US,D,20220201,000000,73.5331,78.3996,73.36,77.746,63454269.643393,0
XOM.US,D,20220202,000000,77.005,77.7266,76.1297,77.5438,31501299.31065,0
XOM.US,D,20220203,000000,77.0342,77.2452,76.0053,76.6394,29661163.517472,0
XOM.US,D,20220204,000000,77.7839,79.3809,77.7839,78.3033,33474822.388571,0
XOM.US,D,20220207,000000,78.0436,79.9099,77.5632,79.2466,36335653.684507,0
XOM.US,D,20220208,000000,79.131,79.3487,76.8708,77.1975,35719180.677266,0
XOM.US,D,20220209,000000,77.3921,77.8297,76.5412,76.828,41239945.895026,0
XOM.US,D,20220210,000000,76.5557,77.4893,75.6532,76.089,29334162.100506,0
XOM.US,D,20220211,000000,76.4584,78.1117,76.0791,78.0047,43189523.631444,0
XOM.US,D,20220214,000000,77.3921,77.6449,74.9317,76.8086,35632440.896164,0
XOM.US,D,20220215,000000,74.7858,76.0403,74.3189,75.8457,25798806.77081,0
XOM.US,D,20220216,000000,76.6238,77.538,75.8944,76.1959,22348183.009396,0
XOM.US,D,20220217,000000,76.3224,76.9448,75.8068,76.0791,24409930.691416,0
XOM.US,D,20220218,000000,75.0385,76.0208,74.776,75.2331,24056164.414485,0
XOM.US,D,20220222,000000,77.4796,77.5963,73.2395,74.3578,36964040.236929,0
XOM.US,D,20220223,000000,74.3578,75.3401,74.0369,74.6594,26102659.756123,0
XOM.US,D,20220224,000000,76.828,76.8572,71.9947,73.716,47505956.525539,0
XOM.US,D,20220225,000000,74.5815,75.8457,74.1634,75.6999,29110610.892983,0
XOM.US,D,20220228,000000,74.4064,76.76,74.105,76.264,33115086.9998,0
XOM.US,D,20220301,000000,76.6043,78.4327,76.1765,76.9934,41133239.152043,0
XOM.US,D,20220302,000000,78.3841,79.8914,77.6255,78.3159,45574368.386304,0
XOM.US,D,20220303,000000,77.6644,79.5218,77.4407,78.8119,31050292.551477,0
XOM.US,D,20220304,000000,78.8217,81.958,78.4424,81.7781,44055774.920558,0
XOM.US,D,20220307,000000,82.5853,84.8317,81.5933,84.7248,56768678.265087,0
XOM.US,D,20220308,000000,86.6017,88.9892,83.0813,85.3667,74120082.277507,0
XOM.US,D,20220309,000000,81.7197,84.1899,79.3565,80.5138,67317443.86532,0
XOM.US,D,20220310,000000,81.7003,83.3244,80.6208,83.0131,45906371.312314,0
XOM.US,D,20220311,000000,81.7586,83.8592,81.6614,82.5853,36301421.522184,0
XOM.US,D,20220314,000000,80.7763,81.1557,78.2868,79.6289,38521718.274778,0
XOM.US,D,20220315,000000,76.6529,76.9934,74.2704,75.097,49313707.958974,0
XOM.US,D,20220316,000000,75.6707,76.4584,74.1536,74.8149,38881281.942332,0
XOM.US,D,20220317,000000,76.0305,76.9739,74.9511,76.8086,35004309.354893,0
XOM.US,D,20220318,000000,76.8863,77.2071,75.9528,76.5071,42633625.027203,0
XOM.US,D,20220321,000000,77.9171,80.2463,77.5477,79.94,34024746.739618,0
XOM.US,D,20220322,000000,79.3857,79.94,78.5688,79.59,23786167.244392,0
XOM.US,D,20220323,000000,81.0487,81.9532,80.7666,80.8445,28499870.495306,0
XOM.US,D,20220324,000000,81.1654,82.3226,80.475,81.0876,20433416.351745,0
XOM.US,D,20220325,000000,80.6402,83.1396,80.5138,82.8576,23041673.497575,0
XOM.US,D,20220328,000000,80.8834,81.0196,79.765,80.5333,22161685.539197,0
XOM.US,D,20220329,000000,78.5882,80.2221,77.5672,80.1053,27800586.729589,0
XOM.US,D,20220330,000000,80.7763,81.7003,80.4361,81.4766,22703199.663587,0
XOM.US,D,20220331,000000,80.5915,82.0795,80.2804,80.3193,28649120.913273,0
XOM.US,D,20220401,000000,79.7358,81.8268,79.7358,80.8348,19198922.78975,0
XOM.US,D,20220404,000000,81.2627,81.3598,79.7942,80.8736,21470329.741145,0
XOM.US,D,20220405,000000,81.2043,82.7311,80.2852,80.4555,22368080.048863,0
XOM.US,D,20220406,000000,81.1265,82.3713,80.6597,81.3501,25468416.173374,0
XOM.US,D,20220407,000000,81.5252,83.091,80.4361,82.7117,26860468.581186,0
XOM.US,D,20220408,000000,82.8283,84.8122,82.8283,84.4524,25569502.388309,0
XOM.US,D,20220411,000000,83.4215,83.5675,81.2043,81.5446,22416405.690408,0
XOM.US,D,20220412,000000,83.3536,84.433,83.0277,83.2465,23078689.188881,0
XOM.US,D,20220413,000000,84.2287,84.7151,82.8479,84.4233,19852647.990575,0
XOM.US,D,20220414,000000,84.2872,86.028,83.8615,85.4153,25260952.262103,0
XOM.US,D,20220418,000000,86.0668,86.4461,85.3375,86.1154,19570356.815114,0
XOM.US,D,20220419,000000,85.5903,86.2224,84.8706,85.3472,20958858.603945,0
XOM.US,D,20220420,000000,85.5514,86.0668,84.8998,85.5417,21274313.568396,0
XOM.US,D,20220421,000000,86.5044,87.3311,84.4038,84.6372,29831018.425202,0
XOM.US,D,20220422,000000,84.2773,85.6972,82.663,82.7894,24258556.894301,0
XOM.US,D,20220425,000000,80.1053,80.3825,77.1099,79.9984,38764023.08467,0
XOM.US,D,20220426,000000,80.4555,82.3907,79.9205,80.0276,29759685.225098,0
XOM.US,D,20220427,000000,81.0973,83.1249,80.0178,82.313,33699542.739964,0
XOM.US,D,20220428,000000,82.5464,85.7119,81.7586,84.8025,34636023.894639,0
XOM.US,D,20220429,000000,85.7168,85.7168,82.3713,82.9062,35636226.989151,0
XOM.US,D,20220502,000000,82.6728,84.6421,82.3032,84.0343,37362427.295807,0
XOM.US,D,20220503,000000,83.8885,86.3391,83.7523,85.7654,34866704.103436,0
XOM.US,D,20220504,000000,87.0393,89.3539,86.4655,89.1788,47494147.863976,0
XOM.US,D,20220505,000000,89.5095,89.5192,85.9599,87.8271,42172896.996136,0
XOM.US,D,20220506,000000,88.4786,89.2906,86.8934,89.1691,30456708.851656,0
XOM.US,D,20220509,000000,86.981,87.0976,81.71,82.1379,47147885.90715,0
XOM.US,D,20220510,000000,83.2855,84.5011,81.2189,82.6825,35458075.992822,0
XOM.US,D,20220511,000000,84.0537,86.4947,83.9079,84.4038,33954146.696576,0
XOM.US,D,20220512,000000,84.4431,84.8656,81.9379,84.787,30017789.582393,0
XOM.US,D,20220513,000000,85.8285,87.3856,84.8312,87.3021,26258808.668042,0
XOM.US,D,20220516,000000,87.4495,90.3625,87.4102,89.3555,26566984.563651,0
XOM.US,D,20220517,000000,90.1218,90.8292,89.5225,90.4951,23533245.485166,0
XOM.US,D,20220518,000000,90.8881,91.291,88.2551,89.0607,25905412.985614,0
XOM.US,D,20220519,000000,87.4397,90.6818,87.4397,89.5422,24822554.465319,0
XOM.US,D,20220520,000000,90.3183,91.9492,88.8151,90.2496,29308869.904254,0
XOM.US,D,20220523,000000,91.0355,93.1086,90.9274,92.2439,27725411.946406,0
XOM.US,D,20220524,000000,91.1927,93.1282,90.7014,92.745,24726834.313341,0
XOM.US,D,20220525,000000,92.9219,94.8376,92.8137,94.6117,30482257.56852,0
XOM.US,D,20220526,000000,94.9064,95.7219,94.5153,94.9458,24748720.010241,0
XOM.US,D,20220527,000000,94.2629,96.2131,93.6293,95.879,26045418.542969,0
XOM.US,D,20220531,000000,96.8321,98.0258,94.0272,94.3169,45689143.51221,0
XOM.US,D,20220601,000000,95.3191,96.9818,94.9261,96.1247,26276032.636181,0
XOM.US,D,20220602,000000,95.5843,96.3801,95.0931,95.9576,19429744.494238,0
XOM.US,D,20220603,000000,96.1836,97.9128,96.1836,97.3528,21413583.881898,0
XOM.US,D,20220606,000000,97.4412,98.0306,96.9401,97.1072,21051115.131749,0
XOM.US,D,20220607,000000,97.9521,101.617,97.7457,101.557,38484945.546561,0
XOM.US,D,20220608,000000,101.675,103.719,101.175,102.757,32177282.502597,0
XOM.US,D,20220609,000000,101.607,102.737,100.369,100.536,27109616.916242,0
XOM.US,D,20220610,000000,100.153,101.538,98.0405,98.6988,31510790.663245,0
XOM.US,D,20220613,000000,95.8103,96.0559,92.2734,94.1696,34017437.84213,0
XOM.US,D,20220614,000000,95.7022,96.9401,93.5999,94.4152,31821921.362039,0
XOM.US,D,20220615,000000,94.3071,94.8769,91.6348,93.2264,30149354.153588,0
XOM.US,D,20220616,000000,90.7899,91.4972,88.6973,89.7878,36333746.025033,0
XOM.US,D,20220617,000000,89.3653,89.7485,84.1533,84.6102,65763141.974631,0
XOM.US,D,20220621,000000,87.027,90.9078,86.9681,89.8762,36593001.250468,0
XOM.US,D,20220622,000000,86.0052,88.1864,85.9954,86.3196,30300857.284758,0
XOM.US,D,20220623,000000,87.1056,87.4888,82.0557,83.7161,36395285.933891,0
XOM.US,D,20220624,000000,85.4256,86.8501,84.3056,85.3765,27114356.0012,0
XOM.US,D,20220627,000000,86.2705,88.4615,86.133,87.4692,25933342.644387,0
XOM.US,D,20220628,000000,89.5225,91.6054,88.766,89.8958,33714070.244919,0
XOM.US,D,20220629,000000,91.3499,91.5661,86.2165,86.575,25854210.307606,0
XOM.US,D,20220630,000000,84.6298,86.0642,83.1855,84.1386,40660927.551027,0
XOM.US,D,20220701,000000,85.2193,86.3393,83.2249,86.0151,26797669.905992,0
XOM.US,D,20220705,000000,84.8263,85.18,81.5547,83.3231,35218775.522062,0
XOM.US,D,20220706,000000,82.2915,83.7358,79.5898,81.8199,33971306.066454,0
XOM.US,D,20220707,000000,83.8831,85.2389,83.8046,84.4333,24242376.875003,0
XOM.US,D,20220708,000000,85.4256,85.7694,83.441,84.5709,17989203.129608,0
XOM.US,D,20220711,000000,83.6768,84.6102,82.8811,84.1386,15886874.403863,0
XOM.US,D,20220712,000000,82.3112,83.5589,81.4074,83.0186,21387985.087506,0
XOM.US,D,20220713,000000,81.9182,84.7993,81.8396,83.3526,20284222.072609,0
XOM.US,D,20220714,000000,80.415,81.8494,79.2753,81.6824,26813114.681583,0
XOM.US,D,20220715,000000,83.3133,83.3919,81.4466,83.0579,17551458.656274,0
XOM.US,D,20220718,000000,85.0621,86.397,84.2466,84.5905,19741922.555237,0
XOM.US,D,20220719,000000,84.9,86.9681,84.7378,86.7225,18574549.335348,0
XOM.US,D,20220720,000000,86.0445,88.0782,85.7203,87.6755,16880358.016086,0
XOM.US,D,20220721,000000,85.406,86.2607,83.7161,86.2116,21757108.506353,0
XOM.US,D,20220722,000000,86.0151,86.919,85.1112,85.5534,15755701.702879,0
XOM.US,D,20220725,000000,86.6144,88.5499,85.8874,88.4024,17849302.410257,0
XOM.US,D,20220726,000000,89.5323,89.6797,87.4397,88.0586,15411385.195243,0
XOM.US,D,20220727,000000,88.6973,90.3871,87.8326,89.9646,18368998.650212,0
XOM.US,D,20220728,000000,90.5639,91.6152,89.4144,91.0158,20716281.883252,0
XOM.US,D,20220729,000000,92.7941,95.8053,92.4503,95.2307,30358062.193006,0
XOM.US,D,20220801,000000,93.1282,93.6784,91.5955,92.8235,21164199.714437,0
XOM.US,D,20220802,000000,93.0299,93.531,92.1752,92.4208,17020912.191738,0
XOM.US,D,20220803,000000,92.7646,92.7646,89.1983,89.4242,24001606.727301,0
XOM.US,D,20220804,000000,88.7267,88.7562,84.9147,85.6614,32389311.769295,0
XOM.US,D,20220805,000000,84.846,88.1175,84.7673,86.8993,17718673.238348,0
XOM.US,D,20220808,000000,87.0565,88.0291,86.6734,87.3906,14725307.988029,0
XOM.US,D,20220809,000000,88.4713,90.0039,88.373,89.0018,19423965.171989,0
XOM.US,D,20220810,000000,89.0902,90.1808,87.6214,89.8467,18628588.746556,0
XOM.US,D,20220811,000000,91.1066,93.5469,90.7089,92.4458,18949194.485582,0
XOM.US,D,20220812,000000,91.7415,93.2692,91.3744,93.2493,15179439.37677,0
XOM.US,D,20220815,000000,89.807,91.9895,88.944,91.5827,20922314.74257,0
XOM.US,D,20220816,000000,91.2951,92.1482,90.561,90.7296,14151224.091915,0
XOM.US,D,20220817,000000,90.5411,92.4656,90.1939,91.4637,13788156.650302,0
XOM.US,D,20220818,000000,92.4061,94.5489,92.3466,93.6263,17913420.839969,0
XOM.US,D,20220819,000000,93.408,94.4397,93.0509,93.3287,16258395.878894,0
XOM.US,D,20220822,000000,92.674,93.7343,91.1264,93.2592,16148892.388536,0
XOM.US,D,20220823,000000,94.7869,97.6241,94.6877,97.2174,23956050.027426,0
XOM.US,D,20220824,000000,97.2273,98.1747,96.5825,97.7927,17187566.194711,0
XOM.US,D,20220825,000000,98.13,99.0625,97.3169,98.2987,15428943.909679,0
XOM.US,D,20220826,000000,97.9812,99.1121,96.642,97.0884,15656399.35952,0
XOM.US,D,20220829,000000,97.3959,100.744,97.3563,99.3204,23244846.384467,0
XOM.US,D,20220830,000000,97.5745,97.8324,95.0548,95.5409,17224391.27831,0
XOM.US,D,20220831,000000,93.2791,96.0666,92.8426,94.8266,18488532.659237,0
XOM.US,D,20220901,000000,93.666,94.3058,91.5531,93.1204,16555196.113324,0
XOM.US,D,20220902,000000,95.5806,96.017,94.3505,94.8266,18353376.306176,0
XOM.US,D,20220906,000000,95.3921,95.8186,93.7552,94.1917,19356109.088819,0
XOM.US,D,20220907,000000,92.4458,93.8365,91.5629,93.3882,16405672.020083,0
XOM.US,D,20220908,000000,93.904,94.658,92.9716,94.1521,18910224.271056,0
XOM.US,D,20220909,000000,95.7492,96.2254,94.5588,95.7294,17299591.826788,0
XOM.US,D,20220912,000000,96.8702,98.3979,96.1028,96.8305,16248704.483812,0
XOM.US,D,20220913,000000,95.8385,96.9991,94.1521,94.5687,18375872.963554,0
XOM.US,D,20220914,000000,95.4218,97.7729,95.3822,96.89,22838065.851912,0
XOM.US,D,20220915,000000,95.4516,95.769,93.2989,94.0727,21262069.006106,0
XOM.US,D,20220916,000000,94.3108,94.5786,91.2653,92.4656,38179605.756814,0
XOM.US,D,20220919,000000,90.2832,92.7434,90.2733,92.4557,15465617.785741,0
XOM.US,D,20220920,000000,91.9895,92.1829,90.9082,91.7018,14830957.414191,0
XOM.US,D,20220921,000000,92.8228,93.1303,90.1443,90.2237,17471949.26619,0
XOM.US,D,20220922,000000,91.4637,91.92,89.7971,89.8467,16269317.095277,0
XOM.US,D,20220923,000000,86.8012,86.8012,84.1724,85.0652,27962120.339705,0
XOM.US,D,20220926,000000,84.222,85.5315,83.2201,83.3093,22220810.475939,0
XOM.US,D,20220927,000000,84.9263,86.2606,84.1327,85.0553,17446620.995666,0
XOM.US,D,20220928,000000,85.4322,88.5868,85.2338,88.1504,19700643.526629,0
XOM.US,D,20220929,000000,87.4758,88.6446,86.4342,87.9718,18040078.321392,0
XOM.US,D,20220930,000000,87.4659,88.3289,86.6127,86.6127,21529497.680469,0
XOM.US,D,20221003,000000,89.3209,91.6224,89.0035,91.1859,24073582.638006,0
XOM.US,D,20221004,000000,92.4954,94.5985,91.9696,94.5092,22311892.85607,0
XOM.US,D,20221005,000000,94.9853,99.1915,94.8961,98.3284,35138311.103152,0
XOM.US,D,20221006,000000,97.6836,101.364,97.5447,101.245,29359178.186042,0
XOM.US,D,20221007,000000,101.374,102.49,99.38,100.223,24704939.628894,0
XOM.US,D,20221010,000000,100.68,101.215,97.9316,98.0507,16921220.166314,0
XOM.US,D,20221011,000000,96.4436,98.9633,95.9774,97.2174,17947454.632432,0
XOM.US,D,20221012,000000,96.7214,98.1201,96.4535,97.6439,12737490.07033,0
XOM.US,D,20221013,000000,96.6618,101.632,96.6222,101.056,22196401.547241,0
XOM.US,D,20221014,000000,100.312,101.424,98.2491,98.3979,15352228.261678,0
XOM.US,D,20221017,000000,100.263,101.156,99.6974,99.8165,14398214.547506,0
XOM.US,D,20221018,000000,100.729,101.533,98.4376,99.995,14178665.235758,0
XOM.US,D,20221019,000000,100.441,103.16,100.422,102.961,21090128.899506,0
XOM.US,D,20221020,000000,103.487,104.161,102.584,103.1,17791104.022913,0
XOM.US,D,20221021,000000,103.616,105.55,103.075,105.015,22997808.550515,0
XOM.US,D,20221024,000000,104.816,106.82,104.281,105.749,17161288.340854,0
XOM.US,D,20221025,000000,105.401,106.473,104.231,105.034,15846353.324046,0
XOM.US,D,20221026,000000,105.411,106.969,105.153,106.284,17530411.140306,0
XOM.US,D,20221027,000000,107.544,108.705,106.562,106.691,18360650.396763,0
XOM.US,D,20221028,000000,108.586,110.322,107.257,109.816,28396211.977621,0
XOM.US,D,20221031,000000,108.626,112.008,108.566,109.925,26614379.335635,0
XOM.US,D,20221101,000000,111.473,111.671,109.766,111.016,22391964.303346,0
XOM.US,D,20221102,000000,110.689,111.205,108.437,108.735,20828110.430822,0
XOM.US,D,20221103,000000,107.713,110.927,107.445,110.213,17241360.79618,0
XOM.US,D,20221104,000000,112.098,112.594,109.915,111.413,17682675.11412,0
XOM.US,D,20221107,000000,111.512,113.08,111.235,112.732,16136912.719392,0
XOM.US,D,20221108,000000,112.574,113.748,111.696,113.09,14779052.906937,0
XOM.US,D,20221109,000000,112.197,112.375,107.703,108.03,19679918.013536,0
XOM.US,D,20221110,000000,109.31,109.816,106.711,109.618,20308918.182946,0
XOM.US,D,20221111,000000,111.681,113.586,111.592,113.04,20684035.85722,0
XOM.US,D,20221114,000000,112.63,114.64,112.49,113.37,20858291,0
XOM.US,D,20221115,000000,113.8,114.53,112.87,114.13,19373750,0
XOM.US,D,20221116,000000,113.44,114.2599,111.86,112.91,13590973,0
XOM.US,D,20221117,000000,111.29,113.2,110.75,113.06,12435740,0
XOM.US,D,20221118,000000,110.9,112.48,109.61,112.08,15415025,0
XOM.US,D,20221121,000000,109.99,111.2041,107.48,110.97,20972978,0
XOM.US,D,20221122,000000,112.21,114.47,111.43,114.18,17719088,0
XOM.US,D,20221123,000000,112.32,113.9488,112.1,113.61,11546685,0
XOM.US,D,20221125,000000,113.88,114.61,113.06,113.21,7136013,0
XOM.US,D,20221128,000000,110.66,111.46,109.62,109.81,23017671,0
XOM.US,D,20221129,000000,110.61,111.8,109.792,110.54,14453174,0
XOM.US,D,20221130,000000,111.54,111.9,109.78,111.34,23158059,0
XOM.US,D,20221201,000000,111.64,112.07,110.18,110.8,14398314,0
XOM.US,D,20221202,000000,109.51,111.71,109.2,109.86,15248385,0
XOM.US,D,20221205,000000,110.7,111.36,105.94,106.85,19287746,0
XOM.US,D,20221206,000000,105.9,107.04,103.145,103.88,21196977,0
XOM.US,D,20221207,000000,103.78,104.8548,102.37,103.65,20061729,0
XOM.US,D,20221208,000000,106.28,106.795,103.71,104.42,21128762,0
XOM.US,D,20221209,000000,104.59,105.95,103.3,103.54,21298194,0
XOM.US,D,20221212,000000,103.83,106.24,103.585,106.09,20413173,0
XOM.US,D,20221213,000000,107.8,108.54,107.02,107.25,24305345,0
XOM.US,D,20221214,000000,107.99,108.3,105.75,106.46,17597334,0
XOM.US,D,20221215,000000,105.33,106.17,103.7,105.44,15367888,0
XOM.US,D,20221216,000000,103.69,105.58,103.1301,104.7,54596623,0
XOM.US,D,20221219,000000,105.26,106.2,104.38,105.17,13611124,0
XOM.US,D,20221220,000000,105.17,107.51,105.07,106.69,14680004,0
XOM.US,D,20221221,000000,108.29,108.585,107.16,108.06,13565365,0
XOM.US,D,20221222,000000,107.89,108.19,104.1,105.88,13215496,0
XOM.US,D,20221223,000000,106.95,108.74,106.9,108.68,11539448,0
XOM.US,D,20221227,000000,109.27,110.465,108.83,110.19,11962058,0
XOM.US,D,20221228,000000,109.91,110,107.902,108.38,10702075,0
XOM.US,D,20221229,000000,107.99,109.72,107.99,109.2,10534028,0
XOM.US,D,20221230,000000,108.61,110.5,108.61,110.3,11799640,0
XOM.US,D,20230103,000000,109.78,110.02,105.49,106.51,15146168,0
XOM.US,D,20230104,000000,104.8,107.155,104.76,106.82,18058396,0
XOM.US,D,20230105,000000,106.34,109.95,106.31,109.21,15946559,0
XOM.US,D,20230106,000000,110.08,111.99,109.67,110.53,16348131,0
XOM.US,D,20230109,000000,111.64,111.64,107.81,108.47,17964591,0
XOM.US,D,20230110,000000,109.79,110.33,108.005,110.09,15104595,0
XOM.US,D,20230111,000000,110.99,111.45,109.085,111.37,16710366,0
XOM.US,D,20230112,000000,111.82,113.74,111.74,113.22,15357321,0
XOM.US,D,20230113,000000,113.11,113.49,112.16,113.15,12011358,0
XOM.US,D,20230117,000000,113.41,114.08,112.67,112.93,16542201,0
XOM.US,D,20230118,000000,113.26,114.12,110.3987,110.61,16399690,0
XOM.US,D,20230119,000000,110.07,112.13,109.58,111.32,12928021,0
XOM.US,D,20230120,000000,111.36,113.44,110.61,113.35,16515614,0
XOM.US,D,20230123,000000,113.64,114.59,112.64,112.76,16584422,0
XOM.US,D,20230124,000000,99.23,114.02,99.23,113.81,13583025,0
XOM.US,D,20230125,000000,113.23,113.65,111.39,113.21,11912947,0
XOM.US,D,20230126,000000,114.72,117.78,114.335,117.76,21019678,0
XOM.US,D,20230127,000000,116.95,117.67,115.39,115.61,15179207,0
XOM.US,D,20230130,000000,115.09,115.49,113.1519,113.56,18672053,0
XOM.US,D,20230131,000000,112.1,116.4,110.43,116.01,27861849,0
XOM.US,D,20230201,000000,115.83,117.38,113.34,114.74,19464873,0
XOM.US,D,20230202,000000,114.85,115.07,109.83,111.15,24562123,0
XOM.US,D,20230203,000000,111.9,114.11,111.56,111.92,20226609,0
XOM.US,D,20230206,000000,112.36,113.09,110.32,111.73,13855205,0
XOM.US,D,20230207,000000,112.39,115.31,112.021,114.92,16013314,0
XOM.US,D,20230208,000000,115.05,115.83,113.85,113.92,18459678,0
XOM.US,D,20230209,000000,114.62,116.24,114.18,114.35,17439311,0
XOM.US,D,20230210,000000,116.51,119.63,116.16,119.17,24918616,0
XOM.US,D,20230213,000000,117.72,118.18,115.9,117.8,14536241,0
XOM.US,D,20230214,000000,117.01,117.81,116.0169,116.42,12078992,0
XOM.US,D,20230215,000000,115.72,116.09,114.14,116.07,13673360,0
XOM.US,D,20230216,000000,115.31,116.78,114.8,115.73,11360604,0
XOM.US,D,20230217,000000,114.19,114.19,110.9799,111.28,20758331,0
XOM.US,D,20230221,000000,110.81,112.38,110.81,111.17,14469431,0
XOM.US,D,20230222,000000,110.48,110.97,108.64,109.73,13973841,0
XOM.US,D,20230223,000000,110.73,111.83,109.9,110.74,11289402,0
XOM.US,D,20230224,000000,109.33,110.96,109.02,110.75,14351036,0
XOM.US,D,20230227,000000,110.8,111.26,109.9601,110.55,11710453,0
XOM.US,D,20230228,000000,111.24,111.36,109.22,109.91,18107031,0
XOM.US,D,20230301,000000,109.31,111.86,109.24,110.89,13199955,0
XOM.US,D,20230302,000000,110.615,111.695,110.17,111.4,10343084,0
XOM.US,D,20230303,000000,110.05,113.37,109.95,112.81,13006713,0
XOM.US,D,20230306,000000,111.99,113.84,111.87,113.81,14347410,0
XOM.US,D,20230307,000000,112.81,113.17,111.17,111.61,11525289,0
XOM.US,D,20230308,000000,111.23,112.42,109.065,109.98,13509818,0
XOM.US,D,20230309,000000,110.87,112.23,109.03,109.13,12961244,0
XOM.US,D,20230310,000000,109.56,111.035,107.15,107.78,15795666,0
XOM.US,D,20230313,000000,105.34,107.86,103.72,106.54,20745625,0
XOM.US,D,20230314,000000,106.35,109.01,104.96,106.94,18263512,0
XOM.US,D,20230315,000000,102.82,104.2,100.2203,101.62,25733781,0
XOM.US,D,20230316,000000,99.11,101.68,98.02,101.03,27476133,0
XOM.US,D,20230317,000000,100.6,101.6149,99.14,99.84,43199470,0
XOM.US,D,20230320,000000,99.63,102.48,99.5,102.45,32042106,0
XOM.US,D,20230321,000000,104.17,107.28,104.13,107.04,31592310,0
XOM.US,D,20230322,000000,106.8,107.175,104.56,104.59,14952666,0
XOM.US,D,20230323,000000,105.36,106.34,102.44,103.41,14385865,0
XOM.US,D,20230324,000000,101.47,103.85,100.9132,103.53,13405812,0
XOM.US,D,20230327,000000,104.74,106.48,103.91,105.8,14805911,0
XOM.US,D,20230328,000000,105.44,107.65,105.19,107.12,11047587,0
XOM.US,D,20230329,000000,108.06,109.16,107.49,108.96,14219122,0
XOM.US,D,20230330,000000,109.55,109.57,108.52,109.49,11578171,0
XOM.US,D,20230331,000000,109.68,110.17,109.0499,109.66,14417961,0
XOM.US,D,20230403,000000,113.39,116.85,113.12,116.13,28087681,0
XOM.US,D,20230404,000000,116.26,116.7,114.17,115.02,16365489,0
XOM.US,D,20230405,000000,115.35,117,114.31,116.99,16479469,0
XOM.US,D,20230406,000000,116.86,117.18,114.77,115.05,15777957,0
XOM.US,D,20230410,000000,114.78,116.18,114.17,114.54,13006552,0
XOM.US,D,20230411,000000,114.96,116.1999,114.38,115.35,11758461,0
XOM.US,D,20230412,000000,116.16,116.59,114.93,115.23,10919022,0
XOM.US,D,20230413,000000,114.6,115.89,114.13,115.77,12399652,0
XOM.US,D,20230414,000000,115.9,116.66,115.12,116.05,11530828,0
XOM.US,D,20230417,000000,115.49,116.51,114.42,114.7,13260352,0
XOM.US,D,20230418,000000,114.39,117.21,114.3,116.94,17436140,0
XOM.US,D,20230419,000000,116.08,116.9,115.77,116.57,10682605,0
XOM.US,D,20230420,000000,115.125,115.68,113.2298,115.64,17038747,0
XOM.US,D,20230421,000000,116.49,116.88,115.26,116.01,14315329,0
XOM.US,D,20230424,000000,115.92,118.885,115.88,118.2,15831314,0
XOM.US,D,20230425,000000,117.55,117.74,115.63,116.52,12179825,0
XOM.US,D,20230426,000000,116.03,117.09,114.68,115.45,15566086,0
XOM.US,D,20230427,000000,115.62,117.01,114.8818,116.83,16279188,0
XOM.US,D,20230428,000000,117.25,119.92,116.83,118.34,24381946,0
XOM.US,D,20230501,000000,115.99,117.3,114.45,114.67,17354987,0
XOM.US,D,20230502,000000,113.94,113.94,109.29,110.1,24324102,0
XOM.US,D,20230503,000000,109.08,109.81,107.755,107.93,16212343,0
XOM.US,D,20230504,000000,107.9,108.75,105.91,106.04,17177150,0
XOM.US,D,20230505,000000,108.55,109.43,107.53,108.68,14968197,0
XOM.US,D,20230508,000000,110.5,110.97,109.04,109.11,11187752,0
XOM.US,D,20230509,000000,108.34,110.23,108.21,109.14,11370769,0
XOM.US,D,20230510,000000,109.74,110.01,106.71,107.74,14884793,0
XOM.US,D,20230511,000000,106.49,106.82,104.933,105.79,17165897,0
XOM.US,D,20230512,000000,106.31,107.01,104.775,105.78,12613254,0
XOM.US,D,20230515,000000,105.51,105.925,104.58,105.07,13715576,0
XOM.US,D,20230516,000000,104.63,104.81,102.02,102.52,14800200,0
XOM.US,D,20230517,000000,103.39,105.23,102.85,104.82,14064742,0
XOM.US,D,20230518,000000,104.55,105.91,104.13,105.77,12005609,0
XOM.US,D,20230519,000000,106.57,107.05,105.82,106.26,13359630,0
XOM.US,D,20230522,000000,105.84,107.04,104.88,104.97,12882000,0
XOM.US,D,20230523,000000,105.99,108.22,105.75,106.4,14394440,0
XOM.US,D,20230524,000000,107.38,108.51,106.73,107.59,16340293,0
XOM.US,D,20230525,000000,105.94,106.43,104.71,105.66,14316463,0
XOM.US,D,20230526,000000,106.47,106.95,104.8327,104.97,12370326,0
XOM.US,D,20230530,000000,103.29,104.12,102.61,104.04,11938025,0
XOM.US,D,20230531,000000,102.29,103.04,101.74,102.18,24926117,0
XOM.US,D,20230601,000000,101.75,105.58,101.26,103.36,13551936,0
XOM.US,D,20230602,000000,105.16,106.13,104.53,105.76,14112041,0
XOM.US,D,20230605,000000,107.19,107.19,105.09,105.29,10628001,0
XOM.US,D,20230606,000000,104.15,106.27,103.98,106.15,12209768,0
XOM.US,D,20230607,000000,106.79,108.89,106.73,108.53,16027086,0
XOM.US,D,20230608,000000,108.77,109.14,105.9,108.19,13517919,0
XOM.US,D,20230609,000000,108.455,108.61,107.16,107.39,12252531,0
XOM.US,D,20230612,000000,105.81,107.06,105.555,106.42,14115160,0
XOM.US,D,20230613,000000,107.38,108.34,106.275,106.44,13533780,0
XOM.US,D,20230614,000000,107.45,108.11,104.39,105.16,16627681,0
XOM.US,D,20230615,000000,105.5,107.03,105.44,105.89,16224117,0
XOM.US,D,20230616,000000,106.36,106.77,104.955,105.13,43128871,0
XOM.US,D,20230620,000000,104.68,104.77,102.12,102.72,17519379,0
XOM.US,D,20230621,000000,102.5,104.63,102.33,103.87,13285741,0
XOM.US,D,20230622,000000,102.84,103.885,102.65,103.3,12458807,0
XOM.US,D,20230623,000000,102.59,102.82,101.62,102.4,17933599,0
XOM.US,D,20230626,000000,102.2,104.905,102.2,104.29,14283407,0
XOM.US,D,20230627,000000,104.045,104.61,103.27,104.55,13227486,0
XOM.US,D,20230628,000000,104.305,105.82,103.2,105.4,13084062,0
XOM.US,D,20230629,000000,105.66,106.73,105.13,106.7,11364436,0
XOM.US,D,20230630,000000,107.32,107.875,106.8101,107.25,13544664,0
XOM.US,D,20230703,000000,107.49,108.46,107.07,107.46,7396992,0
XOM.US,D,20230705,000000,107.63,107.92,106.1,106.91,12491205,0
XOM.US,D,20230706,000000,105.09,105.72,102.43,102.92,17964883,0
XOM.US,D,20230707,000000,101.92,104,101.56,103.16,21929158,0
XOM.US,D,20230710,000000,102.97,104.75,102.75,104.69,14877615,0
XOM.US,D,20230711,000000,105.26,106.16,104.81,105.97,12581080,0
XOM.US,D,20230712,000000,107,107.65,106.13,106.49,13238236,0
XOM.US,D,20230713,000000,105.97,106.23,103.32,104.54,26826838,0
XOM.US,D,20230714,000000,104.05,104.05,100.53,100.94,28181920,0
XOM.US,D,20230717,000000,100.72,101.665,100.22,101.38,18055849,0
XOM.US,D,20230718,000000,100.92,102.2,100.34,100.92,24617795,0
XOM.US,D,20230719,000000,101.05,102.4,100.8,101.62,15556541,0
XOM.US,D,20230720,000000,102.535,103.66,102.36,103.41,15740202,0
XOM.US,D,20230721,000000,104.16,104.38,103.26,103.89,17121487,0
XOM.US,D,20230724,000000,104.36,106.16,103.96,105.52,15090856,0
XOM.US,D,20230725,000000,105.06,106.0901,104.54,105.68,14116084,0
XOM.US,D,20230726,000000,105.11,105.72,104.6391,105.09,15159624,0
XOM.US,D,20230727,000000,106,106.99,104.74,105.42,17677887,0
XOM.US,D,20230728,000000,105.11,105.16,102.32,104.16,17571675,0
XOM.US,D,20230731,000000,105.19,107.86,105.19,107.24,24200295,0
XOM.US,D,20230801,000000,106.95,107.32,105.53,106.62,14212939,0
XOM.US,D,20230802,000000,106.26,106.375,104.57,105.29,13489809,0
XOM.US,D,20230803,000000,105.89,107.88,105.3,107.12,16283107,0
XOM.US,D,20230804,000000,107.96,109.24,107.33,107.42,14279634,0
XOM.US,D,20230807,000000,107.9,108.42,106.505,107.2,12410827,0
XOM.US,D,20230808,000000,106.04,107.75,104.835,107.73,14065573,0
XOM.US,D,20230809,000000,108.71,110.415,108.31,109.56,19919601,0
XOM.US,D,20230810,000000,110.19,111.63,109.44,110.12,15837170,0
XOM.US,D,20230811,000000,110.37,112.07,110.05,111.83,14047044,0
XOM.US,D,20230814,000000,111.68,111.98,110.78,111.92,12973383,0
XOM.US,D,20230815,000000,110.745,110.86,107.965,108.16,14909578,0
XOM.US,D,20230816,000000,108.28,109.33,106.275,106.34,13695121,0
XOM.US,D,20230817,000000,107.42,110.145,107.42,108.4,16709544,0
XOM.US,D,20230818,000000,107.64,110.195,107.62,110.04,16223953,0
XOM.US,D,20230821,000000,110.36,110.9793,108.1416,108.71,11092380,0
XOM.US,D,20230822,000000,109.17,109.72,107.95,108.1,10520842,0
XOM.US,D,20230823,000000,107.04,107.3,105.72,107.15,11435553,0
XOM.US,D,20230824,000000,106.42,107.765,106.07,106.35,10818478,0
XOM.US,D,20230825,000000,107.43,108.93,106.62,108.25,13579304,0
XOM.US,D,20230828,000000,108.45,110.04,108.44,109.16,10382122,0
XOM.US,D,20230829,000000,109.66,110.02,108.42,109.81,9665010,0
XOM.US,D,20230830,000000,110.44,111.14,109.98,110.88,11922060,0
XOM.US,D,20230831,000000,111.12,111.4166,110.615,111.19,17479834,0
XOM.US,D,20230901,000000,112.2,113.82,112.2,113.52,14843482,0
XOM.US,D,20230905,000000,114.1,115.825,113.5,113.53,18304013,0
XOM.US,D,20230906,000000,113.48,114.59,113.23,114.51,13325542,0
XOM.US,D,20230907,000000,114.65,115.85,113.7,113.95,13248541,0
XOM.US,D,20230908,000000,114.53,116.05,114.32,115.61,14286483,0
XOM.US,D,20230911,000000,116.18,116.68,113.565,114.16,14383562,0
XOM.US,D,20230912,000000,115.34,117.665,115.27,117.49,20145761,0
XOM.US,D,20230913,000000,117.41,117.96,115.9,116.44,13472800,0
XOM.US,D,20230914,000000,117.55,118.66,117.33,118.52,15210701,0
XOM.US,D,20230915,000000,117.9,118.51,116.5,116.7,34568393,0
XOM.US,D,20230918,000000,117.53,118.24,116.7,117.64,14045311,0
XOM.US,D,20230919,000000,118.62,118.84,116.61,117.33,12569724,0
XOM.US,D,20230920,000000,116.54,118.02,116.32,116.4,11883207,0
XOM.US,D,20230921,000000,116.98,117.37,114.6,114.76,14409635,0
XOM.US,D,20230922,000000,115.705,116.68,114.805,114.94,13200212,0
XOM.US,D,20230925,000000,115.09,116.645,114.83,116.23,11316012,0
XOM.US,D,20230926,000000,115.5,116.73,115.37,116.41,11805429,0
XOM.US,D,20230927,000000,117.89,120.5,117.4,120.2,23976160,0
XOM.US,D,20230928,000000,119.98,120.7,118.19,119.47,16808116,0
XOM.US,D,20230929,000000,119.1,119.18,116.733,117.58,18813565,0
XOM.US,D,20231002,000000,117.53,117.79,114.55,115.63,14394999,0
XOM.US,D,20231003,000000,115.44,116.44,115.0341,115.83,13297056,0
XOM.US,D,20231004,000000,114.05,114.09,110.5018,111.5,19622226,0
XOM.US,D,20231005,000000,109.8,110.9,108.7,108.99,20128783,0
XOM.US,D,20231006,000000,105.73,108.27,105.11,107.17,25367466,0
XOM.US,D,20231009,000000,110.44,112.07,109.52,110.92,22369887,0
XOM.US,D,20231010,000000,111.02,111.45,110.12,110.45,13891952,0
XOM.US,D,20231011,000000,106.96,107.17,104.83,106.49,57939024,0
XOM.US,D,20231012,000000,107.59,107.84,106.09,106.47,31182957,0
XOM.US,D,20231013,000000,108.03,110.2,107.84,109.87,30290328,0
XOM.US,D,20231016,000000,110.5,110.68,109.13,109.95,18451996,0
XOM.US,D,20231017,000000,109.73,111.8,109.68,111.39,19775440,0
XOM.US,D,20231018,000000,111.82,113.39,111.7,112.95,23380266,0
XOM.US,D,20231019,000000,112.72,113.965,111.325,113.02,20972488,0
XOM.US,D,20231020,000000,112.92,113.32,110.79,111.08,22445269,0
XOM.US,D,20231023,000000,110.63,110.96,108.675,109.45,18184950,0
XOM.US,D,20231024,000000,109.7,109.82,108.12,108.39,16786108,0
XOM.US,D,20231025,000000,108.52,109.5,108.13,108.59,22047319,0
XOM.US,D,20231026,000000,107.45,108.34,106.495,107.6,18768285,0
XOM.US,D,20231027,000000,108.89,109.86,104.96,105.55,23092017,0
XOM.US,D,20231030,000000,105.74,106.42,105.2122,105.88,19379917,0
XOM.US,D,20231031,000000,105.58,106.16,104.54,105.85,22185150,0
XOM.US,D,20231101,000000,106.53,107.165,105.46,105.64,28984865,0
XOM.US,D,20231102,000000,105.88,109.19,105.5,109.11,25212686,0
XOM.US,D,20231103,000000,108.4,108.78,106.54,107.78,30555554,0
XOM.US,D,20231106,000000,108.17,108.27,105.77,105.87,19097267,0
XOM.US,D,20231107,000000,104.47,104.86,103.29,104.21,20272486,0
XOM.US,D,20231108,000000,103.73,104.9,102.89,102.93,19184067,0
XOM.US,D,20231109,000000,103.67,103.97,102.855,102.96,18380538,0
XOM.US,D,20231110,000000,103.93,104.41,102.905,103.75,17831341,0
XOM.US,D,20231113,000000,104.05,105.135,103.805,104.84,15308382,0
XOM.US,D,20231114,000000,104.3,104.815,103.87,104.29,18260516,0
XOM.US,D,20231115,000000,103.96,105.15,103.5,103.66,20137561,0
XOM.US,D,20231116,000000,102.9,103.27,101.15,102.46,22469073,0
XOM.US,D,20231117,000000,103.06,105.43,102.75,104.96,22991823,0
XOM.US,D,20231120,000000,105.38,105.88,104.43,104.5,17464016,0
XOM.US,D,20231121,000000,104.21,104.695,103.215,104.46,14988984,0
XOM.US,D,20231122,000000,102.58,104.12,101.94,104.01,18073240,0
XOM.US,D,20231124,000000,104.02,105.465,103.91,104.57,9480768,0
XOM.US,D,20231127,000000,104.1,104.4,103.18,103.96,18013518,0
XOM.US,D,20231128,000000,104.24,104.91,103.88,103.9,20629512,0
XOM.US,D,20231129,000000,104.27,104.58,101.64,102.34,26802092,0
XOM.US,D,20231130,000000,103.11,104.4778,101.81,102.74,29254687,0
XOM.US,D,20231201,000000,102.5,104.22,102.22,102.99,17845276,0
XOM.US,D,20231204,000000,102.13,103.36,101.59,102.43,21523942,0
XOM.US,D,20231205,000000,102.27,102.34,100.29,100.44,22250251,0
XOM.US,D,20231206,000000,100,100.72,98.34,99.11,31154792,0
XOM.US,D,20231207,000000,99.86,100.835,98.09,98.42,29990727,0
XOM.US,D,20231208,000000,99.02,99.7867,98.75,99.55,22074945,0
XOM.US,D,20231211,000000,99.8,99.86,98.58,99.62,22252250,0
XOM.US,D,20231212,000000,98.68,98.68,97.48,98.05,26083964,0
XOM.US,D,20231213,000000,98.04,99.03,97.655,98.92,19915444,0
XOM.US,D,20231214,000000,99.85,102.135,99.72,101.58,26165653,0
XOM.US,D,20231215,000000,100.59,101,100.31,100.9,55527018,0
XOM.US,D,20231218,000000,102.13,103.11,101.52,101.65,21610428,0
XOM.US,D,20231219,000000,102,103.19,101.79,102.99,18904662,0
XOM.US,D,20231220,000000,103.5,103.94,101.125,101.27,20988863,0
XOM.US,D,20231221,000000,101.47,102.005,100.805,101.73,19250933,0
XOM.US,D,20231222,000000,102.31,102.94,101.82,101.91,12927831,0
XOM.US,D,20231226,000000,102.74,103.03,102.115,102.14,16835144,0
XOM.US,D,20231227,000000,102.04,102.55,101.335,101.66,14558830,0
XOM.US,D,20231228,000000,101.39,101.61,100.13,100.19,16329252,0
XOM.US,D,20231229,000000,100.37,100.59,99.62,99.98,17746408,0
XOM.US,D,20240102,000000,100.92,103.1,100.85,102.36,23483049,0
XOM.US,D,20240103,000000,102.27,103.62,101.66,103.22,23490779,0
XOM.US,D,20240104,000000,104.08,104.57,102.05,102.32,19395154,0
XOM.US,D,20240105,000000,103.17,103.3987,102.125,102.63,15827392,0
XOM.US,D,20240108,000000,100.73,101.04,98.9,100.92,23370127,0
XOM.US,D,20240109,000000,101.29,101.29,99.19,99.67,19496647,0
XOM.US,D,20240110,000000,99.8,99.8,98.16,98.69,18206088,0
XOM.US,D,20240111,000000,99.04,99.5,98.56,98.67,15833360,0
XOM.US,D,20240112,000000,100.14,100.65,99.1703,99.95,18041683,0
XOM.US,D,20240116,000000,99.82,100.01,97.53,97.69,20235699,0
XOM.US,D,20240117,000000,96.6,97.96,96.58,96.98,18384015,0
XOM.US,D,20240118,000000,97,97.09,95.82,96.8,20940275,0
XOM.US,D,20240119,000000,96.72,97.0156,96.41,96.95,20088432,0
XOM.US,D,20240122,000000,96.7,97.095,95.77,96.82,19955946,0
XOM.US,D,20240123,000000,96.81,98.5,96.73,97.91,15863433,0
XOM.US,D,20240124,000000,98.32,99.65,97.74,99.6,17330646,0
XOM.US,D,20240125,000000,100.31,102.18,99.615,102.13,22089510,0
XOM.US,D,20240126,000000,101.97,103.08,101.1901,103,20817240,0
XOM.US,D,20240129,000000,102.98,103.2,101.86,103.13,18317549,0
XOM.US,D,20240130,000000,102.41,104.88,102.1,104.85,19610934,0
XOM.US,D,20240131,000000,104.74,104.88,102.7714,102.81,22415291,0
XOM.US,D,20240201,000000,103.57,104.01,101.62,102.39,19240687,0
XOM.US,D,20240202,000000,103.75,104,101.611,101.97,21973405,0
XOM.US,D,20240205,000000,101.45,102.38,100.5,101.55,17190890,0
XOM.US,D,20240206,000000,102.07,103.04,101.57,102.25,13353286,0
XOM.US,D,20240207,000000,102.25,102.73,101.18,102.22,13826832,0
XOM.US,D,20240208,000000,102.34,104.42,102.11,103.97,19636898,0
XOM.US,D,20240209,000000,104.1,104.84,101.7,101.77,20410510,0
XOM.US,D,20240212,000000,102.16,103.4,102,103.17,18173061,0
XOM.US,D,20240213,000000,102.76,103.09,100.6,101.34,18917431,0
XOM.US,D,20240214,000000,101.87,102.615,100.42,100.84,17651253,0
XOM.US,D,20240215,000000,100.6,103.935,100.6,103.73,23196310,0
XOM.US,D,20240216,000000,104.01,104.63,103.52,103.73,20151426,0
XOM.US,D,20240220,000000,103.84,104.12,102.645,102.75,17650010,0
XOM.US,D,20240221,000000,103.02,104.98,102.99,104.85,20999189,0
XOM.US,D,20240222,000000,104.16,105.41,103.45,104.76,20470668,0
XOM.US,D,20240223,000000,103.88,104.09,102.88,103.84,15975888,0
XOM.US,D,20240226,000000,103.72,104.935,103.05,104.25,13360800,0
XOM.US,D,20240227,000000,104.68,105.15,103.85,104.03,16359978,0
XOM.US,D,20240228,000000,104.47,105.43,104,104.32,14810486,0
XOM.US,D,20240229,000000,104.675,105.07,104.215,104.52,17566066,0
XOM.US,D,20240301,000000,105.72,106.39,105.375,105.84,18460120,0
XOM.US,D,20240304,000000,105.66,105.85,104.03,104.36,18137989,0
XOM.US,D,20240305,000000,104.53,106.27,104.32,105.64,19952712,0
XOM.US,D,20240306,000000,106.62,107.57,106.15,106.77,20472790,0
XOM.US,D,20240307,000000,106.6,107.98,106.6,107.37,15195406,0
XOM.US,D,20240308,000000,107.23,108.4,106.77,108.38,16281468,0
XOM.US,D,20240311,000000,108.25,109.12,107.34,109.02,17577285,0
XOM.US,D,20240312,000000,109.06,109.28,108.025,108.32,14957247,0
XOM.US,D,20240313,000000,109.14,110.35,109.1101,109.53,17122239,0
XOM.US,D,20240314,000000,109.83,111.55,109.69,111.47,22121014,0
XOM.US,D,20240315,000000,110.85,112.3,110.85,111.27,38264401,0
XOM.US,D,20240318,000000,111.79,112.86,111.1,112.3,16770462,0
XOM.US,D,20240319,000000,112.22,113.485,112.06,113.09,14878756,0
XOM.US,D,20240320,000000,112.72,113.4,112.13,112.99,16119703,0
XOM.US,D,20240321,000000,112.92,113.91,112.57,113.49,14878022,0
XOM.US,D,20240322,000000,113.48,113.685,112.8239,113.49,14701933,0
XOM.US,D,20240325,000000,113.83,115.775,113.83,114.65,14011734,0
XOM.US,D,20240326,000000,114.66,114.98,113.41,113.79,13152287,0
XOM.US,D,20240327,000000,113.48,115.06,113.41,114.97,12415674,0
XOM.US,D,20240328,000000,115.53,116.45,115.06,116.24,18482055,0
XOM.US,D,20240401,000000,116.41,117.24,115.38,116.99,13816996,0
XOM.US,D,20240402,000000,117.92,119.6,117.33,119.28,19919643,0
XOM.US,D,20240403,000000,119.48,119.7479,118.73,119.3,16504307,0
XOM.US,D,20240404,000000,119.05,119.88,118.64,119.72,18467362,0
XOM.US,D,20240405,000000,119.98,122.15,119.64,121.37,21720591,0
XOM.US,D,20240408,000000,121.08,121.735,120.205,120.55,17513939,0
XOM.US,D,20240409,000000,121,121.6492,120.34,121.18,14135720,0
XOM.US,D,20240410,000000,121.22,122.47,120.73,122.2,17409184,0
XOM.US,D,20240411,000000,122.69,122.69,120.34,121.79,17555869,0
XOM.US,D,20240412,000000,122.95,123.75,119.67,120.37,21556218,0
XOM.US,D,20240415,000000,121.09,121.69,119.45,119.68,15029528,0
XOM.US,D,20240416,000000,119.555,120.22,117.92,118.69,18082228,0
XOM.US,D,20240417,000000,118.55,119.35,117.12,118.63,14538577,0
XOM.US,D,20240418,000000,119,119.72,117.97,118.52,13821356,0
XOM.US,D,20240419,000000,119.155,120.925,118.95,119.88,21563940,0
XOM.US,D,20240422,000000,119.26,121.565,118.43,120.56,16340694,0
XOM.US,D,20240423,000000,120,121.06,119.45,121.03,13929816,0
XOM.US,D,20240424,000000,120.3,121.255,119.39,121.05,12101161,0
XOM.US,D,20240425,000000,121.03,121.76,119.4,121.33,16041029,0
XOM.US,D,20240426,000000,119,119.1,116.22,117.96,27289468,0
XOM.US,D,20240429,000000,117.76,120.05,117.76,119.64,17343755,0
XOM.US,D,20240430,000000,119.11,120.2,117.98,118.27,21083294,0
XOM.US,D,20240501,000000,118.28,118.47,115.66,116.03,27789759,0
XOM.US,D,20240502,000000,116.26,117.26,115.9,116.24,25513648,0
XOM.US,D,20240503,000000,116,116.07,114.13,116,28023313,0
XOM.US,D,20240506,000000,116.67,118.34,116.4,116.75,31401260,0
XOM.US,D,20240507,000000,117.28,117.58,115.93,116.17,30121973,0
XOM.US,D,20240508,000000,115.71,116.9542,115.41,116.15,18957166,0
XOM.US,D,20240509,000000,116.2,118.53,116.19,118.44,17563975,0
XOM.US,D,20240510,000000,118.54,118.66,117.58,117.96,13648130,0
XOM.US,D,20240513,000000,118.42,119.04,117.12,117.91,15060619,0
XOM.US,D,20240514,000000,116.79,117.74,116.48,117.67,15079131,0
XOM.US,D,20240515,000000,117.61,118.84,116.08,118.58,18244303,0
XOM.US,D,20240516,000000,118.54,119.3,117.54,117.87,15745202,0
XOM.US,D,20240517,000000,118.3,119.83,117.96,119.64,15104469,0
XOM.US,D,20240520,000000,119.73,119.89,118.55,118.67,11551250,0
XOM.US,D,20240521,000000,118.4,119.45,117.78,117.85,14494980,0
XOM.US,D,20240522,000000,117.46,117.46,114.96,115.48,17879252,0
XOM.US,D,20240523,000000,115.6,117.51,113.36,113.51,15979835,0
XOM.US,D,20240524,000000,114.84,115.08,113.035,113.42,12212949,0
XOM.US,D,20240528,000000,113.52,115.11,113.07,114.86,13978305,0
XOM.US,D,20240529,000000,114.525,114.545,112.81,113.63,13902001,0
XOM.US,D,20240530,000000,113.27,114.13,112.955,113.99,14691976,0
XOM.US,D,20240531,000000,114.12,117.49,113.99,117.26,29037378,0
XOM.US,D,20240603,000000,116.3,116.36,113.76,114.45,19589338,0
XOM.US,D,20240604,000000,113,113.09,110.92,112.67,19412238,0
XOM.US,D,20240605,000000,112.89,113.19,111.48,113.12,14863516,0
XOM.US,D,20240606,000000,112.75,114.04,112.11,113.97,13154094,0
XOM.US,D,20240607,000000,113.79,114.895,112.6735,112.75,13289196,0
XOM.US,D,20240610,000000,113.06,114.2199,112.7,113.08,15245227,0
XOM.US,D,20240611,000000,112.49,112.6701,111.31,112.17,12462403,0
XOM.US,D,20240612,000000,113.3,113.3,110.54,110.93,13606788,0
XOM.US,D,20240613,000000,110.84,110.86,109.72,110.04,14466868,0
XOM.US,D,20240614,000000,110.02,110.207,108.59,109.11,13313430,0
XOM.US,D,20240617,000000,109.17,109.46,108.18,108.36,21147943,0
XOM.US,D,20240618,000000,109.03,110.72,108.8,109.38,17762915,0
XOM.US,D,20240620,000000,109.91,112.62,109.59,111.74,17433192,0
XOM.US,D,20240621,000000,111.9,112.695,110.76,110.76,52220574,0
XOM.US,D,20240624,000000,111.64,114.525,111.64,114.05,16266688,0
XOM.US,D,20240625,000000,114.11,114.55,113.455,114.37,16213682,0
XOM.US,D,20240626,000000,114.39,114.815,113.14,114.41,15771751,0
XOM.US,D,20240627,000000,114.99,114.99,114.11,114.9,16812731,0
XOM.US,D,20240628,000000,115.86,116.54,114.675,115.12,24565910,0
XOM.US,D,20240701,000000,115.71,116.74,114.53,114.96,11972881,0
XOM.US,D,20240702,000000,115.9,115.94,113.49,114.18,13326703,0
XOM.US,D,20240703,000000,114.27,115.66,114.27,114.76,7732928,0
XOM.US,D,20240705,000000,114.61,114.63,112.685,113.37,12630986,0
XOM.US,D,20240708,000000,112.39,113.55,111.42,112.18,13350549,0
XOM.US,D,20240709,000000,111.11,112.54,110.62,110.94,11729085,0
XOM.US,D,20240710,000000,110.92,111.96,110.42,111.92,10004094,0
XOM.US,D,20240711,000000,111.43,113.315,110.93,113.25,13084875,0
XOM.US,D,20240712,000000,113.99,114.15,112.63,113.27,11684946,0
XOM.US,D,20240715,000000,114.27,116.16,113.575,115.21,13032503,0
XOM.US,D,20240716,000000,114.35,116.35,113.71,116.04,13614050,0
XOM.US,D,20240717,000000,116.74,118.175,116.55,117.64,13602766,0
XOM.US,D,20240718,000000,117.95,119.92,117.435,118.8,13033563,0
XOM.US,D,20240719,000000,118.59,118.8793,115.87,116.07,16157707,0
XOM.US,D,20240722,000000,115.18,115.94,114.58,115.27,12065877,0
XOM.US,D,20240723,000000,114.81,115.17,113.17,113.41,11251733,0
XOM.US,D,20240724,000000,113.765,115.2,113.065,115.01,14925184,0
XOM.US,D,20240725,000000,115.17,118.03,114.56,117.43,17021698,0
XOM.US,D,20240726,000000,116.77,118.03,116.47,117.33,11252479,0
XOM.US,D,20240729,000000,117.32,117.39,115.38,116.1,8861806,0
XOM.US,D,20240730,000000,116.36,118.595,116.23,118.17,12483857,0
XOM.US,D,20240731,000000,119.64,119.76,118.56,118.59,15137710,0
XOM.US,D,20240801,000000,118.35,119.49,116.36,116.95,15051482,0
XOM.US,D,20240802,000000,115.97,118.87,115.42,116.88,20403773,0
XOM.US,D,20240805,000000,115.54,116.03,113.25,114.77,18025858,0
XOM.US,D,20240806,000000,114.45,115.63,113.63,114.16,13647778,0
XOM.US,D,20240807,000000,115.45,117.119,115.26,115.68,13660657,0
XOM.US,D,20240808,000000,116.08,118.105,115.73,117.89,13850993,0
XOM.US,D,20240809,000000,117.885,119.31,117.36,118.85,12151867,0
XOM.US,D,20240812,000000,119.55,120.1699,118.02,119,13228911,0
XOM.US,D,20240813,000000,118.275,118.51,117.5,117.86,11585067,0
XOM.US,D,20240814,000000,118.1,119.9,117.63,118.95,12194520,0
XOM.US,D,20240815,000000,118.25,119.63,118.12,118.73,11579432,0
XOM.US,D,20240816,000000,117.99,118.48,117.66,118.17,10056024,0
XOM.US,D,20240819,000000,118.4,120.5,118.17,118.53,12417467,0
XOM.US,D,20240820,000000,118.65,118.65,114.51,114.58,15631967,0
XOM.US,D,20240821,000000,115.01,115.57,113.76,113.85,11752358,0
XOM.US,D,20240822,000000,113.78,115.01,113.635,114.73,10609501,0
XOM.US,D,20240823,000000,115.025,116.72,115.025,116.32,10381431,0
XOM.US,D,20240826,000000,117.76,118.94,116.92,118.81,13671016,0
XOM.US,D,20240827,000000,118.96,119.41,117.4,117.68,9991631,0
XOM.US,D,20240828,000000,117,117.58,116.26,116.52,10742867,0
XOM.US,D,20240829,000000,117.2,118.79,116.35,118.13,10753895,0
XOM.US,D,20240830,000000,116.79,118.02,116.29,117.94,13284689,0
XOM.US,D,20240903,000000,115.84,116.09,114.04,115.47,15725139,0
XOM.US,D,20240904,000000,115.29,116.15,113.975,114.06,12620584,0
XOM.US,D,20240905,000000,115.07,115.28,113.07,113.17,17200770,0
XOM.US,D,20240906,000000,113.59,114.18,111.732,112.64,13467747,0
XOM.US,D,20240909,000000,112.87,116.15,112.66,115.01,21645325,0
XOM.US,D,20240910,000000,115.1,115.4,110.17,110.82,20913405,0
XOM.US,D,20240911,000000,110.775,110.95,107.77,109.72,19571945,0
XOM.US,D,20240912,000000,109.9,111.33,109.7609,111.23,15923318,0
XOM.US,D,20240913,000000,111.47,112.47,110.93,111.15,10035392,0
XOM.US,D,20240916,000000,112.05,113.085,111.69,112.71,11729034,0
XOM.US,D,20240917,000000,112.32,114.37,112.12,114.18,12202556,0
XOM.US,D,20240918,000000,114.11,115.63,113.81,114.58,12569929,0
XOM.US,D,20240919,000000,116.16,117.575,115.19,116,12660642,0
XOM.US,D,20240920,000000,115.46,115.51,114.25,115.27,36206195,0
XOM.US,D,20240923,000000,115.33,117.793,115.12,117.36,16066285,0
XOM.US,D,20240924,000000,117.84,118.16,116.83,117.05,11984863,0
XOM.US,D,20240925,000000,116.485,117.05,114.04,114.77,13816041,0
XOM.US,D,20240926,000000,111.14,113.48,111.14,112.8,16887908,0
XOM.US,D,20240927,000000,113.76,116.09,113.25,115.82,15963973,0
XOM.US,D,20240930,000000,115.46,117.39,114.96,117.22,13250657,0
XOM.US,D,20241001,000000,116.04,120.6,115.93,119.93,23235878,0
XOM.US,D,20241002,000000,121.93,122.82,120.2,121.52,17129676,0
XOM.US,D,20241003,000000,121.9,123.17,120.929,122.58,16524334,0
XOM.US,D,20241004,000000,123.2,125.19,122.43,124.83,19759207,0
XOM.US,D,20241007,000000,125.25,126.34,124.86,125.37,15714440,0
XOM.US,D,20241008,000000,123.88,124.02,121.26,122.04,14818475,0
XOM.US,D,20241009,000000,120.9,122.5799,120.8,122.09,11144864,0
XOM.US,D,20241010,000000,123.16,123.7013,122.29,123.14,10243320,0
XOM.US,D,20241011,000000,123.1,124.0339,122.94,123.61,8294839,0
XOM.US,D,20241014,000000,123.24,124.26,122.615,124.08,9808122,0
XOM.US,D,20241015,000000,120.82,121.95,119.78,120.35,15771317,0
XOM.US,D,20241016,000000,121.02,121.435,120.6,120.66,8426770,0
XOM.US,D,20241017,000000,120.76,121.58,119.71,120.35,11204857,0
XOM.US,D,20241018,000000,120.44,120.64,119.15,120.01,12898640,0
XOM.US,D,20241021,000000,120.98,121.48,119.72,120.08,10177777,0
XOM.US,D,20241022,000000,120.26,121.19,119.94,120.7,9201408,0
XOM.US,D,20241023,000000,119.97,120.75,119.4,120.27,8320330,0
XOM.US,D,20241024,000000,120,120.44,119.125,119.59,9905556,0
XOM.US,D,20241025,000000,120.2,120.43,119.315,119.49,10714583,0
XOM.US,D,20241028,000000,116.79,119.01,116.77,118.9,11844545,0
XOM.US,D,20241029,000000,118.58,119.1719,117.0701,117.28,14731024,0
XOM.US,D,20241030,000000,117.62,118.27,116.48,116.69,12303738,0
XOM.US,D,20241031,000000,117.15,118.67,116.68,116.78,20511977,0
XOM.US,D,20241101,000000,119.93,119.95,114.84,114.95,20939321,0
XOM.US,D,20241104,000000,116.13,118.7,115.93,118.61,14965433,0
XOM.US,D,20241105,000000,119.08,119.21,118.01,118.96,10436744,0
XOM.US,D,20241106,000000,121.145,121.91,119.3,121,20807681,0
XOM.US,D,20241107,000000,121.3,121.5,119.61,121.15,12184431,0
XOM.US,D,20241108,000000,120.98,121.42,119.66,121.11,12835969,0
XOM.US,D,20241111,000000,121,121.62,120.07,120.47,11969663,0
XOM.US,D,20241112,000000,121.13,121.31,119.8365,120.35,11972802,0
XOM.US,D,20241113,000000,120.565,122.05,118.8,121.47,15127877,0
XOM.US,D,20241114,000000,121.5,121.88,120.33,120.56,13041845,0
XOM.US,D,20241115,000000,120.4,121.24,119.13,119.31,19051713,0
XOM.US,D,20241118,000000,119.79,120.62,119.27,120.31,14243701,0
XOM.US,D,20241119,000000,119.75,119.75,118.2,118.63,11584382,0
XOM.US,D,20241120,000000,119.17,120.47,118.64,120.32,11360932,0
XOM.US,D,20241121,000000,121.08,122.5547,120.27,121.93,14675422,0
XOM.US,D,20241122,000000,121.82,123.21,121.64,121.79,13323431,0
XOM.US,D,20241125,000000,121.43,121.88,119.61,119.97,26580295,0
XOM.US,D,20241126,000000,119.53,119.68,117.845,117.97,14827327,0
XOM.US,D,20241127,000000,118.09,118.73,117.43,117.66,11079122,0
XOM.US,D,20241129,000000,117.44,118.5,116.95,117.96,9426499,0
XOM.US,D,20241202,000000,118.05,118.2,116.82,117.85,12687317,0
XOM.US,D,20241203,000000,118.72,118.72,117.255,117.67,11756566,0
XOM.US,D,20241204,000000,117.5,117.55,113.8612,114.28,19520583,0
XOM.US,D,20241205,000000,114.71,115.62,114.06,114.78,15751204,0
XOM.US,D,20241206,000000,114.54,114.77,113.5,113.57,16171066,0
XOM.US,D,20241209,000000,114.64,114.94,112.745,112.9,17412565,0
XOM.US,D,20241210,000000,113.585,113.88,111.75,112.67,20990943,0
XOM.US,D,20241211,000000,112,112.39,111.11,111.92,32392238,0
XOM.US,D,20241212,000000,111.59,112.38,110.78,111.82,14543256,0
XOM.US,D,20241213,000000,111.899,111.899,110.25,110.84,13106079,0
XOM.US,D,20241216,000000,110.2,110.4,108.16,108.47,20256088,0
XOM.US,D,20241217,000000,107.235,108.17,106.7869,108.01,17553995,0
XOM.US,D,20241218,000000,107.57,108.83,106.31,106.42,17114542,0
XOM.US,D,20241219,000000,107.39,107.67,105.21,105.51,20565557,0
XOM.US,D,20241220,000000,105.45,106.135,104.84,105.87,40141153,0
XOM.US,D,20241223,000000,105.31,106.6,104.92,106.3,12285078,0
XOM.US,D,20241224,000000,106.52,107.19,105.7,106.4,7806997,0
XOM.US,D,20241226,000000,106.52,107.03,105.94,106.49,9653408,0
XOM.US,D,20241227,000000,106.3,107.99,105.77,106.48,11943906,0
XOM.US,D,20241230,000000,106.3,106.56,105.51,105.76,11080770,0
XOM.US,D,20241231,000000,106.17,107.9,105.78,107.57,12387756,0
XOM.US,D,20250102,000000,108.275,109,106.88,107.31,12685447,0
XOM.US,D,20250103,000000,108,108.49,107.46,107.86,14237885,0
XOM.US,D,20250106,000000,108.24,109.78,107.52,107.74,15623677,0
XOM.US,D,20250107,000000,108.94,110.06,108.28,108.75,12625890,0
XOM.US,D,20250108,000000,107.31,107.71,106.01,106.93,17858110,0
XOM.US,D,20250110,000000,108.7,110.1,105.78,106.54,19304499,0
XOM.US,D,20250113,000000,107.125,109.63,107.125,109.29,17073395,0
XOM.US,D,20250114,000000,108.79,109.76,107.83,109.72,11191175,0
XOM.US,D,20250115,000000,110.05,111.73,109.47,111.51,14521095,0
XOM.US,D,20250116,000000,111.19,111.69,110.55,111.32,10366585,0
XOM.US,D,20250117,000000,111.03,112.8651,110.82,112.32,19298504,0
XOM.US,D,20250121,000000,112.05,112.175,111.1305,111.47,20416286,0
XOM.US,D,20250122,000000,111.2,111.57,109.4,109.53,15718012,0
XOM.US,D,20250123,000000,110.31,111.1425,109.61,110.15,13726784,0
XOM.US,D,20250124,000000,110.24,110.71,108.41,108.66,14235885,0
XOM.US,D,20250127,000000,109.01,110.4506,108.39,110.17,15926670,0
XOM.US,D,20250128,000000,110.41,110.87,107.79,108.04,15862029,0
XOM.US,D,20250129,000000,107.71,108.78,107.47,108.67,12345523,0
XOM.US,D,20250130,000000,109.24,109.85,108.7,109.57,14346335,0
XOM.US,D,20250131,000000,110.55,110.55,106.095,106.83,20381446,0
XOM.US,D,20250203,000000,106.64,107.3,105.3225,107.09,14623197,0
XOM.US,D,20250204,000000,106.705,110.28,106.53,109.96,14835692,0
XOM.US,D,20250205,000000,109.74,110.01,109.1,109.88,13364387,0
XOM.US,D,20250206,000000,110.77,111.05,107.985,108.43,13411401,0
XOM.US,D,20250207,000000,108.78,109.7304,108.32,108.89,10051626,0
XOM.US,D,20250210,000000,110.005,111.03,109.875,110.97,12142197,0
XOM.US,D,20250211,000000,111.6,112.51,110.82,111.67,12713127,0
XOM.US,D,20250212,000000,110.05,110.2269,107.18,107.35,18244122,0
XOM.US,D,20250213,000000,107.15,108.41,106.52,108.13,15459952,0
XOM.US,D,20250214,000000,108.52,110.23,108.1,108.24,15733529,0
XOM.US,D,20250218,000000,108.63,110.99,108.32,110.14,20060298,0
XOM.US,D,20250219,000000,110.755,112.13,110.055,110.3,10964698,0
XOM.US,D,20250220,000000,110.57,112.42,109.95,112,16325803,0
XOM.US,D,20250221,000000,111.37,111.85,110.56,110.69,14709985,0
XOM.US,D,20250224,000000,110.925,111.86,110.32,111.27,13153471,0
XOM.US,D,20250225,000000,111.3,112.13,108.8902,109.73,14496964,0
XOM.US,D,20250226,000000,109.74,109.87,108.52,109.46,10446405,0
XOM.US,D,20250227,000000,110.01,111.29,109.28,110.15,15293173,0
XOM.US,D,20250228,000000,110.11,111.58,109.34,111.33,18821665,0
XOM.US,D,20250303,000000,111.7,112.1563,106.51,107.76,18706879,0
XOM.US,D,20250304,000000,106.36,108.96,105.94,107.54,19394905,0
XOM.US,D,20250305,000000,105.84,106.33,103.67,105.44,24822245,0
XOM.US,D,20250306,000000,105.43,108.11,104.36,107.62,17150233,0
XOM.US,D,20250307,000000,108.41,110.4,108.3,109.02,19624965,0
XOM.US,D,20250310,000000,109.275,112.565,109.08,111.8,22749073,0
XOM.US,D,20250311,000000,111.92,112.1,108.785,109.16,19904735,0
XOM.US,D,20250312,000000,109.05,110.13,108.42,109.13,14051500,0
XOM.US,D,20250313,000000,108.33,110.82,107.625,108.67,17767836,0
XOM.US,D,20250314,000000,108.94,112.18,108.31,111.9,15890063,0
XOM.US,D,20250317,000000,111.8,114.495,111.73,113.76,19908789,0
XOM.US,D,20250318,000000,114.09,114.54,112.57,113.64,15998713,0
XOM.US,D,20250319,000000,114.2,115.815,113.83,115.41,17315001,0
XOM.US,D,20250320,000000,114.72,116.47,114.2125,115.9,16230772,0
XOM.US,D,20250321,000000,115.5,115.99,114.35,115.5,41102795,0
XOM.US,D,20250324,000000,115.68,116.91,115.58,115.8,14207469,0
XOM.US,D,20250325,000000,116.43,117.635,115.9628,116.59,12081795,0
XOM.US,D,20250326,000000,117.68,119.18,117.68,118.27,14112756,0
XOM.US,D,20250327,000000,118.1,119.07,117.258,117.89,12740786,0
XOM.US,D,20250328,000000,118.1,118.46,117.235,117.73,10233433,0
XOM.US,D,20250331,000000,117.79,119.905,117.79,118.93,21652345,0
XOM.US,D,20250401,000000,119.22,119.28,117.93,119.04,12425434,0
XOM.US,D,20250402,000000,118.39,118.84,117.66,118.67,12614605,0
XOM.US,D,20250403,000000,114.37,115.45,112.2315,112.43,21204636,0
XOM.US,D,20250404,000000,109.865,110.83,103.83,104.34,30841318,0
XOM.US,D,20250407,000000,100.39,105.8,98.46,102.94,35068450,0
XOM.US,D,20250408,000000,105.455,105.6,99.01,100.77,27147750,0
XOM.US,D,20250409,000000,99.37,106.58,98.13,105.8,30063287,0
XOM.US,D,20250410,000000,103.71,103.78,97.8,99.93,33999317,0
XOM.US,D,20250411,000000,100.3,103.93,98.79,103.14,22884628,0
XOM.US,D,20250414,000000,105.03,105.09,102.7205,103.39,18019969,0
XOM.US,D,20250415,000000,103.635,105.405,103,103.1,13164863,0
XOM.US,D,20250416,000000,103.95,105.59,103.695,104.19,13607024,0
XOM.US,D,20250417,000000,104.69,108.55,104.46,106.92,17916471,0
XOM.US,D,20250421,000000,105.61,105.63,104.12,105.35,16926493,0
XOM.US,D,20250422,000000,106.14,108.94,106.14,108.3,13147049,0
XOM.US,D,20250423,000000,108.81,109.3,106.47,107.37,14235710,0
XOM.US,D,20250424,000000,107.97,108.88,106.96,108.63,9849553,0
XOM.US,D,20250425,000000,108.14,108.755,107.42,108.57,11245793,0
XOM.US,D,20250428,000000,108.75,109.2497,107.68,108.63,13890869,0
XOM.US,D,20250429,000000,107.74,108.8299,107.5212,108.36,9483135,0
XOM.US,D,20250430,000000,107.415,107.415,104.15,105.63,20379282,0
XOM.US,D,20250501,000000,105.095,106.92,104.98,105.78,18610256,0
XOM.US,D,20250502,000000,107.72,109,104.55,106.21,16581870,0
XOM.US,D,20250505,000000,104.65,104.6575,103.07,103.27,19623970,0
XOM.US,D,20250506,000000,103.89,105.98,103.48,104.71,16303449,0
XOM.US,D,20250507,000000,104.99,105.29,104.07,104.61,12335924,0
XOM.US,D,20250508,000000,105.34,107.385,105.34,106.07,19196548,0
XOM.US,D,20250509,000000,107.14,107.745,106.38,107.31,10992080,0
XOM.US,D,20250512,000000,110.27,110.44,108.32,109.16,14244559,0
XOM.US,D,20250513,000000,109.425,110.51,109.02,109.46,13350836,0
XOM.US,D,20250514,000000,108.86,108.86,107.93,108.48,15494932,0
XOM.US,D,20250515,000000,106.49,108.65,105.97,108.58,15004291,0
XOM.US,D,20250516,000000,108.65,108.89,107.45,108.19,14042535,0
XOM.US,D,20250519,000000,107.57,107.57,105.71999,106.47,16802719,0
XOM.US,D,20250520,000000,106.39,106.715,104.775,104.95,12429321,0
XOM.US,D,20250521,000000,104.53,104.965,103.64,103.66,16716079,0
XOM.US,D,20250522,000000,103.06,103.47,101.89,102.97,13417378,0
XOM.US,D,20250523,000000,102.595,103.47,102.07,103.03,12061606,0
XOM.US,D,20250527,000000,103.49,103.855,102.9,103.52,13043604,0
XOM.US,D,20250528,000000,104.29,104.43,101.7918,102.11,14292377,0
XOM.US,D,20250529,000000,102.28,102.845,101.75,102.69,13832487,0
XOM.US,D,20250530,000000,102.16,102.39,101.185,102.3,28645787,0
XOM.US,D,20250602,000000,103.75,103.85,102.22,103.05,17290462,0
XOM.US,D,20250603,000000,102.9,104.66,102.21,103.8,19194335,0
XOM.US,D,20250604,000000,103.915,104.92,102.3,102.3,15648515,0
XOM.US,D,20250605,000000,102.98,103.05,101.73,101.83,13942218,0
XOM.US,D,20250606,000000,102.76,104.5,102.675,104.27,15487844,0
XOM.US,D,20250609,000000,104.33,105.845,103.83,104.97,17087328,0
XOM.US,D,20250610,000000,106.075,107.645,105.9272,107.22,17634793,0
XOM.US,D,20250611,000000,107.76,109.39,106.46,109.31,22648191,0
XOM.US,D,20250612,000000,108.92,110.19,108.22,109.73,17469408,0
XOM.US,D,20250613,000000,112.35,112.53,110.68,112.12,28540165,0
XOM.US,D,20250616,000000,111.82,113.16,111.13,112.48,22986113,0
XOM.US,D,20250617,000000,113.95,114.93,113.11,114,19451701,0
XOM.US,D,20250618,000000,114.61,115.24,112.94,113.19,17968893,0
XOM.US,D,20250620,000000,113.45,115.035,113.18,114.7,36273288,0
XOM.US,D,20250623,000000,116.7,116.95,111.16,111.74,26631056,0
XOM.US,D,20250624,000000,109.25,110.94,107.91,108.34,24828277,0
XOM.US,D,20250625,000000,108.11,109.24,107.7,108.37,17483231,0
XOM.US,D,20250626,000000,108.94,110.435,108.55,109.99,18304841,0
XOM.US,D,20250627,000000,109.935,110.1,108.37,109.38,22002079,0
XOM.US,D,20250630,000000,108.64,108.84,107.72,107.8,19199048,0
XOM.US,D,20250701,000000,108.13,109.64,107.15,109.24,15536896,0
XOM.US,D,20250702,000000,110,111.36,108.825,111.05,11892160,0
XOM.US,D,20250703,000000,110.89,112.47,110.6187,112.2,11223580,0
XOM.US,D,20250707,000000,111.54,112.05,110.2226,111.11,15415889,0
XOM.US,D,20250708,000000,110.885,114.46,110.85,114.19,17913404,0
XOM.US,D,20250709,000000,113.92,114.27,113.27,113.8,10652062,0
XOM.US,D,20250710,000000,113.71,115.27,113.07,114.93,14903884,0
XOM.US,D,20250711,000000,114.85,115.76,114.5053,115.43,11683884,0
XOM.US,D,20250714,000000,115.225,115.225,113.22,113.92,13220303,0
XOM.US,D,20250715,000000,113.66,114.055,112.595,112.91,10959347,0
XOM.US,D,20250716,000000,112.875,113.5,112.1,112.23,11158852,0
XOM.US,D,20250717,000000,111.49,112.23,111.09,111.66,13151446,0
XOM.US,D,20250718,000000,111.11,111.73,107.34,107.77,32366594,0
XOM.US,D,20250721,000000,107.6,108.77,107.44,108.05,17010405,0
XOM.US,D,20250722,000000,107.98,109.44,107.61,108.54,13970885,0
XOM.US,D,20250723,000000,108.93,110,108.85,109.93,12002687,0
XOM.US,D,20250724,000000,109.66,110.95,109.125,110.79,15647208,0
XOM.US,D,20250725,000000,110.73,110.98,109.7,110.4,10548938,0
XOM.US,D,20250728,000000,111.085,112.1078,110.84,111.44,12352966,0
XOM.US,D,20250729,000000,111.82,113,111.41,112.88,15927998,0
XOM.US,D,20250730,000000,112.41,112.61,111.26,111.9,12996905,0
XOM.US,D,20250731,000000,110.36,112.495,110.36,111.64,17233744,0
XOM.US,D,20250801,000000,112,112.54,108.86,109.64,19652030,0
XOM.US,D,20250804,000000,109.22,109.92,107.085,107.37,19129474,0
XOM.US,D,20250805,000000,107.22,107.8151,106.07,107.24,21314254,0
XOM.US,D,20250806,000000,108.305,109.05,106.37,106.51,15321811,0
XOM.US,D,20250807,000000,107.14,108.06,105.89,105.95,13468287,0
XOM.US,D,20250808,000000,106.5,107.51,105.95,106.8,14417734,0
XOM.US,D,20250811,000000,107.11,107.5346,105.525,105.83,13570661,0
XOM.US,D,20250812,000000,106.15,107.28,105.78,106.13,14113216,0
XOM.US,D,20250813,000000,106.05,107.6,105.74,107.6,17958695,0
XOM.US,D,20250814,000000,107.515,107.59,106.441,107.38,13683472,0
XOM.US,D,20250815,000000,106.16,107.56,105.95,106.49,19271861,0
XOM.US,D,20250818,000000,106.1,107.2276,105.67,106.72,13040018,0
XOM.US,D,20250819,000000,106.2,107.46,106.15,107.42,16113611,0
XOM.US,D,20250820,000000,107.88,109.33,107.68,108.53,18959716,0
XOM.US,D,20250821,000000,108.42,109.565,107.96,109.23,12194897,0
XOM.US,D,20250822,000000,109.6,111.41,109.6,111.28,13586668,0
XOM.US,D,20250825,000000,110.9,111.92,110.54,111.74,9744897,0
XOM.US,D,20250826,000000,111.37,111.81,110.355,111.49,18143880,0
XOM.US,D,20250827,000000,111.42,112.98,111.42,112.75,15262630,0
XOM.US,D,20250828,000000,112.87,113.645,112.07,113.35,14189829,0
XOM.US,D,20250829,000000,113.715,114.79,113.58,114.29,14597872,0
XOM.US,D,20250902,000000,114.18,115.24,113.33,114.69,15206667,0
XOM.US,D,20250903,000000,113.97,114.43,111.46,111.91,14920087,0
XOM.US,D,20250904,000000,112.105,113.125,111.38,112.4,12864438,0
XOM.US,D,20250905,000000,111.6,111.78,109.02,109.23,16826692,0
XOM.US,D,20250908,000000,109.73,110.045,108.35,109.85,15440513,0
XOM.US,D,20250909,000000,110.525,112.51,110.525,110.65,14899502,0
XOM.US,D,20250910,000000,111.16,112.56,110.84,112.5,15837583,0
XOM.US,D,20250911,000000,111.4,112.765,110.87,112.14,11534502,0
XOM.US,D,20250912,000000,112.86,113.22,111.875,112.16,11105690,0
XOM.US,D,20250915,000000,112.18,112.455,111.315,112.35,12880487,0
XOM.US,D,20250916,000000,112.955,115.315,112.775,114.68,17208044,0
XOM.US,D,20250917,000000,114.525,115.485,114.05,115.29,13302030,0
XOM.US,D,20250918,000000,115.17,115.35,113.4,113.93,14628726,0
XOM.US,D,20250919,000000,113.9,113.98,112.64,112.82,38746517,0
XOM.US,D,20250922,000000,112.45,112.8,111.56,112.02,15611495,0
XOM.US,D,20250923,000000,112.72,114.7488,112.475,113.95,25369106,0
XOM.US,D,20250924,000000,114.57,115.76,114.47,114.56,14756050,0
XOM.US,D,20250925,000000,114.64,115.8999,114.41,115.59,15012553,0
XOM.US,D,20250926,000000,115.96,118.36,115.92,117.22,18568916,0
XOM.US,D,20250929,000000,116.06,116.5,113.665,114.22,19189260,0
XOM.US,D,20250930,000000,113.35,113.49,111.9393,112.75,18076211,0
XOM.US,D,20251001,000000,112.56,113.02,111.2925,111.99,16613992,0
XOM.US,D,20251002,000000,111.97,113.09,111.025,111.29,13062563,0
XOM.US,D,20251003,000000,111.9,113.745,111.9,113.26,12950118,0
XOM.US,D,20251006,000000,113.29,114.77,113.18,114.2,12036830,0
XOM.US,D,20251007,000000,114.07,114.51,111.74,114.26,11945032,0
XOM.US,D,20251008,000000,114.38,115.01,113.41,114.02,12300968,0
XOM.US,D,20251009,000000,114.425,115.51,112.735,112.91,10976215,0
XOM.US,D,20251010,000000,112.255,112.62,110.71,110.73,13811577,0
XOM.US,D,20251013,000000,111.54,112.3,111.315,112.24,10296499,0
XOM.US,D,20251014,000000,110.755,112.962,110.71,112.29,11167154,0
XOM.US,D,20251015,000000,112.8,113.57,110.97,111.61,12182935,0
XOM.US,D,20251016,000000,111.88,112.19,110.385,110.64,11782202,0
XOM.US,D,20251017,000000,111.63,112.91,111.18,112.24,13460069,0
XOM.US,D,20251020,000000,112,113.15,111.98,112.7,9523617,0
XOM.US,D,20251021,000000,112.89,113.3601,111.99,112.71,9202349,0
XOM.US,D,20251022,000000,113.45,115.18,113.08,114.71,12938790,0
XOM.US,D,20251023,000000,116.63,116.85,115.36,115.98,15001088,0
XOM.US,D,20251024,000000,116.35,116.47,115.18,115.39,9919409,0
XOM.US,D,20251027,000000,115.695,115.985,115.1,115.94,10975412,0
XOM.US,D,20251028,000000,115.49,116.18,114.99,115.03,9535211,0
XOM.US,D,20251029,000000,114.92,117.05,114.81,116.45,12570572,0
XOM.US,D,20251030,000000,116.425,116.52,114.53,114.69,16172943,0
XOM.US,D,20251031,000000,113.975,115.225,112.6225,114.36,20213352,0
XOM.US,D,20251103,000000,114.5,114.99,113.64,113.76,12290304,0
XOM.US,D,20251104,000000,113.38,114.3501,112.51,114.14,16860741,0
XOM.US,D,20251105,000000,114.09,115.18,113.67,113.68,12400921,0
XOM.US,D,20251106,000000,113.64,114.935,113.64,114.5,14219654,0
XOM.US,D,20251107,000000,115.21,117.505,114.9,117.22,17181149,0
XOM.US,D,20251110,000000,117.44,118.45,115.455,118.22,13047958,0
XOM.US,D,20251111,000000,118.83,120.8099,118.83,119.78,16077101,0
XOM.US,D,20251112,000000,119.1,119.28,117.79,118.12,13790889,0
XOM.US,D,20251113,000000,118.625,119.76,118.28,118.79,17291874,0
XOM.US,D,20251114,000000,118.45,119.48,116.6564,119.29,17064267,0
XOM.US,D,20251117,000000,118.97,119.5,117.11,117.68,16034860,0
XOM.US,D,20251118,000000,117.26,119.48,116.48,119.03,15808518,0
XOM.US,D,20251119,000000,116.85,118.18,115.93,117.35,15919239,0
XOM.US,D,20251120,000000,117.98,119.005,116.74,117.02,14401011,0
XOM.US,D,20251121,000000,116.99,117.38,115.65,117.08,15667596,0
XOM.US,D,20251124,000000,117.2,117.2,114.74,115.97,18034923,0
XOM.US,D,20251125,000000,115.18,115.9,114.19,114.51,14434558,0
XOM.US,D,20251126,000000,114.41,115.7391,114.31,114.77,11650597,0
XOM.US,D,20251128,000000,114.95,118.74,114.82,115.92,7240825,0
XOM.US,D,20251201,000000,116.1,117.41,116.1,116.63,12658100,0
XOM.US,D,20251202,000000,116.44,116.6,114.69,115.38,14607704,0
XOM.US,D,20251203,000000,115.945,117.98,115.875,117.8,16819130,0
XOM.US,D,20251204,000000,117.5,118.34,116.66,117.14,13686897,0
XOM.US,D,20251205,000000,116.75,118.775,116.41,116.54,12516864,0
XOM.US,D,20251208,000000,115.83,117,115.04,115.98,14904164,0
XOM.US,D,20251209,000000,116.9,120.47,116.89,118.25,23790815,0
XOM.US,D,20251210,000000,118.725,119.865,118.37,119.54,19845192,0
XOM.US,D,20251211,000000,119.11,120.36,119.065,119.54,14781787,0
XOM.US,D,20251212,000000,119.44,119.92,118.31,118.82,14459538,0
XOM.US,D,20251215,000000,119.01,119.03,116.85,117.76,16358669,0
XOM.US,D,20251216,000000,116.765,116.84,114.61,114.68,17638716,0
XOM.US,D,20251217,000000,115.21,117.62,115.17,117.41,18502152,0
XOM.US,D,20251218,000000,116.99,116.99,115.63,116.54,13705560,0
XOM.US,D,20251219,000000,116.75,117.57,115.955,116.69,45412814,0
XOM.US,D,20251222,000000,117.335,118.46,117.335,118.15,11768611,0
XOM.US,D,20251223,000000,118.375,120.03,118.32,119.42,12567630,0
XOM.US,D,20251224,000000,119.33,120.05,119.1177,119.22,6137406,0
XOM.US,D,20251226,000000,118.885,119.55,118.53,119.11,8066129,0
XOM.US,D,20251229,000000,120.24,121.2998,119.4,120.53,14782512,0
XOM.US,D,20251230,000000,121.025,121.796,120.63,120.99,11150486,0
XOM.US,D,20251231,000000,121.18,121.26,119.865,120.34,10559866,0
XOM.US,D,20260102,000000,120.09,122.68,119.6067,122.65,14175055,0
XOM.US,D,20260105,000000,125.21,125.93,122.39,125.36,30112238,0
XOM.US,D,20260106,000000,125.35,125.8,121,121.05,23328636,0
XOM.US,D,20260107,000000,119.8,120.12,118.274,118.49,20352950,0
XOM.US,D,20260108,000000,118.98,123.625,118.655,122.91,20232721,0
XOM.US,D,20260109,000000,123.23,124.86,123.095,124.61,16137674,0
XOM.US,D,20260112,000000,124.46,124.5,122.56,124.03,15314895,0
XOM.US,D,20260113,000000,125,127.14,124.81,126.54,21619727,0
XOM.US,D,20260114,000000,127.35,131.721,127.13,130.2,27593938,0
XOM.US,D,20260115,000000,129.13,130.195,128.3,129.13,17400039,0
XOM.US,D,20260116,000000,128.96,130.16,128.87,129.89,16592354,0
XOM.US,D,20260120,000000,131.51,131.94,130.07,130.46,16477282,0
XOM.US,D,20260121,000000,131.91,133.725,131.91,133.61,18879887,0
XOM.US,D,20260122,000000,133.05,134.18,131.85,133.64,16600126,0
XOM.US,D,20260123,000000,135.085,135.98,134.48,134.97,17758214,0
XOM.US,D,20260126,000000,136.93,136.9398,134.17,134.84,16056066,0
XOM.US,D,20260127,000000,135.245,136.93,134.71,136.83,14517025,0
XOM.US,D,20260128,000000,137.69,138.01,136.67,137.58,15637279,0
XOM.US,D,20260129,000000,140.32,142.34,139.11,140.51,35760620,0
XOM.US,D,20260130,000000,138.74,142.205,137.83,141.4,29657667,0
XOM.US,D,20260202,000000,139.83,140.32,138.06,138.4,27735570,0
XOM.US,D,20260203,000000,138.64,145.01,138.31,143.73,37577844,0
XOM.US,D,20260204,000000,144.115,147.84,144.115,147.59,29426241,0
XOM.US,D,20260205,000000,146.58,146.73,143.795,146.08,18431739,0
XOM.US,D,20260206,000000,146.62,149.57,146.09,149.05,17216025,0
XOM.US,D,20260209,000000,149.26,151.55,148.63,151.21,21297302,0
XOM.US,D,20260210,000000,151.35,151.78,149.82,151.59,15800255,0
XOM.US,D,20260211,000000,153.915,156.93,153.57,155.56,23091488,0
XOM.US,D,20260212,000000,153.89,155.25,149.88,149.93,30652471,0
XOM.US,D,20260213,000000,150.55,151.66,147.98,148.45,20166031,0
XOM.US,D,20260217,000000,148.2,149.13,145.15,146.19,19766567,0
XOM.US,D,20260218,000000,148.15,150.98,147.61,150.68,19849670,0
XOM.US,D,20260219,000000,152.2,153.38,150.835,150.97,20305026,0
XOM.US,D,20260220,000000,150.6,150.8055,146.46,147.28,25908581,0
XOM.US,D,20260223,000000,148.15,151.27,148.13,150.76,16073100,0
XOM.US,D,20260224,000000,150.42,150.72,148.03,149.26,14185500,0
XOM.US,D,20260225,000000,149.91,150.18,147.33,149.06,15225745,0
XOM.US,D,20260226,000000,147.805,150.96,146.77,148.54,15606231,0
XOM.US,D,20260227,000000,151,153.65,149.25,152.5,30245933,0
XOM.US,D,20260302,000000,159.35,159.605,153.03,154.22,31493082,0
XOM.US,D,20260303,000000,155.43,156.049,150.3,151.83,25198835,0
XOM.US,D,20260304,000000,150.72,151.16,147.86,149.82,16764761,0
XOM.US,D,20260305,000000,151,152.33,149.47,150.76,22969271,0
XOM.US,D,20260306,000000,153.15,153.8,149.96,151.21,21136427,0
XOM.US,D,20260309,000000,152.015,153.8899,149.47,150.44,25532656,0
XOM.US,D,20260310,000000,149.25,150.4,147.7,148.13,19617590,0
XOM.US,D,20260311,000000,147.99,151.81,147.66,151.58,15297412,0
XOM.US,D,20260312,000000,152.265,155,151.63,153.53,26053965,0
XOM.US,D,20260313,000000,154.3,156.89,152.975,156.12,22414094,0
XOM.US,D,20260316,000000,155.85,157.78,154.76,157.23,22835633,0
XOM.US,D,20260317,000000,158.25,160.45,156.8,158.81,21592171,0
XOM.US,D,20260318,000000,159.66,160.18,157.53,157.59,18947142,0
XOM.US,D,20260319,000000,158.26,159.56,154.84,158.16,27082733,0
XOM.US,D,20260320,000000,159.35,162.44,159.1,159.67,53942143,0
XOM.US,D,20260323,000000,156.115,161.42,155.02,161.13,25021289,0
XOM.US,D,20260324,000000,161.71,167.48,161.25,165.38,26131824,0
XOM.US,D,20260325,000000,163.87,165,162.93,163.26,17192333,0
XOM.US,D,20260326,000000,164.09,165.68,162.06,165.43,18625249,0
XOM.US,D,20260327,000000,165.58,171.23,164.8,170.99,30338314,0
XOM.US,D,20260330,000000,172.505,176.41,171.05,171.47,29813504,0
XOM.US,D,20260331,000000,172.67,174.38,165.97,169.66,32006724,0
XOM.US,D,20260401,000000,165.77,168,159.53,160.78,37927639,0
XOM.US,D,20260402,000000,164.49,166.9,159.59,160.69,25377657,0
XOM.US,D,20260406,000000,160.57,163.75,159.53,163.37,16344261,0
XOM.US,D,20260407,000000,164.22,166.24,161.77,163.91,25227501,0
XOM.US,D,20260408,000000,153.2,156.35,150.98,156.22,31311201,0
XOM.US,D,20260409,000000,156.86,159.23,154.31,155.04,25868377,0
XOM.US,D,20260410,000000,154.04,155.12,151.92,152.51,21065019,0
XOM.US,D,20260413,000000,154.27,154.62,151.28,152.64,18685605,0
XOM.US,D,20260414,000000,150.065,150.11,146.7201,149.24,18528163,0
XOM.US,D,20260415,000000,148.6,150.2315,146.9,149.01,15626519,0
XOM.US,D,20260416,000000,149.53,152.78,149.345,151.98,15191033,0
XOM.US,D,20260417,000000,144.86,146.8,141.97,146.44,28947445,0
XOM.US,D,20260420,000000,147.38,149.37,146.35,147.68,16354430,0
XOM.US,D,20260421,000000,147.37,148.8099,146.24,148.36,17515930,0
XOM.US,D,20260422,000000,149.365,150.68,148.18,149.5,13738701,0
XOM.US,D,20260423,000000,149.85,151.23,148.495,150.53,12970401,0
XOM.US,D,20260424,000000,149.64,150.3,146.9505,148.91,13729136,0
