<TICKER>,<PER>,<DATE>,<TIME>,<OPEN>,<HIGH>,<LOW>,<CLOSE>,<VOL>,<OPENINT>
BBWI.US,D,20000103,000000,9.03429,9.08781,8.3821,8.43788,4358073.8288325,0
BBWI.US,D,20000104,000000,8.41101,8.55592,8.24281,8.26946,5428704.1409627,0
BBWI.US,D,20000105,000000,8.24281,8.30792,8.14906,8.14906,1969383.8664631,0
BBWI.US,D,20000106,000000,8.33557,8.33557,7.87677,8.02089,4780542.4774139,0
BBWI.US,D,20000107,000000,8.13815,8.16401,7.97918,8.07282,3531694.0369992,0
BBWI.US,D,20000110,000000,8.04764,8.11444,7.95458,7.96737,3095654.1643068,0
BBWI.US,D,20000111,000000,7.97918,8.03416,7.67,7.72174,4008884.7075959,0
BBWI.US,D,20000112,000000,7.74791,7.8391,7.52589,7.63291,3296482.8668743,0
BBWI.US,D,20000113,000000,7.61797,7.63291,7.26482,7.29069,5184910.0610872,0
BBWI.US,D,20000114,000000,7.20353,7.52589,7.20353,7.30446,4736663.2026923,0
BBWI.US,D,20000118,000000,7.26482,7.41148,7.04358,7.11008,2357027.8390613,0
BBWI.US,D,20000119,000000,7.12365,7.17559,6.96833,7.07093,3733873.7625515,0
BBWI.US,D,20000120,000000,7.02312,7.13674,6.81969,7.08274,3398708.239563,0
BBWI.US,D,20000121,000000,7.16212,7.16212,6.88776,6.92721,5722259.3759123,0
BBWI.US,D,20000124,000000,6.92721,6.92721,6.61381,6.81408,2447029.9609099,0
BBWI.US,D,20000125,000000,6.7345,6.88776,6.72043,6.77336,5679284.8494647,0
BBWI.US,D,20000126,000000,6.91511,6.95603,6.74709,6.78664,3214166.0224998,0
BBWI.US,D,20000127,000000,6.88776,6.95603,6.55291,6.61381,6786109.1588423,0
BBWI.US,D,20000128,000000,6.62905,6.64076,6.27787,6.34496,8456514.3835667,0
BBWI.US,D,20000131,000000,6.39286,6.4333,6.30561,6.38489,2999766.0958209,0
BBWI.US,D,20000201,000000,6.41953,6.68187,6.39286,6.47244,6893307.5973252,0
BBWI.US,D,20000202,000000,6.65531,7.27849,6.57957,6.91511,8085161.9793284,0
BBWI.US,D,20000203,000000,7.27849,7.48733,7.02312,7.24386,10531290.241677,0
BBWI.US,D,20000204,000000,7.29069,7.39771,7.18986,7.38434,7830055.4963138,0
BBWI.US,D,20000207,000000,7.4224,7.4224,7.24386,7.26482,6037529.5860108,0
BBWI.US,D,20000208,000000,7.38434,7.41148,7.25566,7.38434,4980911.6898469,0
BBWI.US,D,20000209,000000,7.38434,7.39771,7.12365,7.17559,2935531.0015036,0
BBWI.US,D,20000210,000000,7.22901,7.22901,7.08274,7.13674,3187926.2894094,0
BBWI.US,D,20000211,000000,7.15081,7.15081,6.88776,6.92721,2654195.9676807,0
BBWI.US,D,20000214,000000,6.94146,6.99529,6.80129,6.96833,3184312.3791686,0
BBWI.US,D,20000215,000000,7.02312,7.09611,7.00709,7.03472,3132291.3865513,0
BBWI.US,D,20000216,000000,7.02312,7.02312,6.34496,6.47244,5858407.7260234,0
BBWI.US,D,20000217,000000,6.52684,6.61381,6.3728,6.38489,4190706.5804103,0
BBWI.US,D,20000218,000000,6.33148,6.41953,6.27787,6.3728,3177072.3598338,0
BBWI.US,D,20000222,000000,6.55291,6.59226,6.38489,6.54061,3180236.9456508,0
BBWI.US,D,20000223,000000,6.59226,6.70696,6.34496,6.38489,5885547.1245324,0
BBWI.US,D,20000224,000000,6.39286,6.40614,6.0044,6.07148,7109060.5801307,0
BBWI.US,D,20000225,000000,6.05722,6.29233,6.05722,6.26656,6599754.3955177,0
BBWI.US,D,20000228,000000,6.4993,6.57957,6.31918,6.51326,5406539.84139,0
BBWI.US,D,20000229,000000,6.65531,7.07093,6.57957,7.07093,5951130.1921209,0
BBWI.US,D,20000301,000000,6.96115,7.05233,6.80494,7.02597,5775634.4412274,0
BBWI.US,D,20000302,000000,7.02597,7.0664,6.90861,7.02597,7728284.5309043,0
BBWI.US,D,20000303,000000,7.02597,7.0664,6.90861,7.0664,3654267.0967147,0
BBWI.US,D,20000306,000000,6.99803,7.03916,6.85334,6.99803,3566515.6632692,0
BBWI.US,D,20000307,000000,7.0664,7.0664,6.65816,6.67263,5242805.8180594,0
BBWI.US,D,20000308,000000,6.76627,6.77827,6.59226,6.73932,3998025.6951647,0
BBWI.US,D,20000309,000000,6.68729,7.10064,6.68729,7.10064,4353549.070891,0
BBWI.US,D,20000310,000000,7.10064,7.11539,6.98554,7.10064,2774511.2229953,0
BBWI.US,D,20000313,000000,7.07968,7.07968,6.86622,6.98554,2768625.2763583,0
BBWI.US,D,20000314,000000,6.98554,7.05233,6.85334,6.97177,3530773.0235876,0
BBWI.US,D,20000315,000000,6.93292,7.61403,6.93292,7.45585,4346313.1178406,0
BBWI.US,D,20000316,000000,7.45585,8.26386,7.45585,8.25205,7123083.1618078,0
BBWI.US,D,20000317,000000,8.09486,8.10893,7.78323,7.80772,4021545.0840064,0
BBWI.US,D,20000320,000000,7.72892,8.06879,7.70305,7.92321,2863617.7457099,0
BBWI.US,D,20000321,000000,8.03023,8.25205,8.00505,8.0563,6272273.1334323,0
BBWI.US,D,20000322,000000,8.0437,8.0437,7.83673,7.9901,5297086.6482196,0
BBWI.US,D,20000323,000000,7.9901,8.03023,7.92321,8.00505,4621319.9966006,0
BBWI.US,D,20000324,000000,8.00505,8.13815,7.96255,8.08306,1433838.9653307,0
BBWI.US,D,20000327,000000,8.03023,8.26386,8.00505,8.22451,3923395.1448354,0
BBWI.US,D,20000328,000000,8.30232,8.33086,8.01695,8.0563,2729279.9087181,0
BBWI.US,D,20000329,000000,8.08306,8.21124,8.06879,8.21124,1610244.5473538,0
BBWI.US,D,20000330,000000,8.23808,8.64397,8.16401,8.63067,5425083.1147241,0
BBWI.US,D,20000331,000000,8.46148,8.94537,8.46148,8.79889,6019430.5542449,0
BBWI.US,D,20000403,000000,8.81404,9.16572,8.81404,9.07285,6048376.3995889,0
BBWI.US,D,20000404,000000,9.07285,9.08781,8.21124,8.60462,6525123.8451883,0
BBWI.US,D,20000405,000000,8.53782,8.75807,8.47722,8.71085,2967193.124812,0
BBWI.US,D,20000406,000000,9.40122,9.92157,9.16572,9.7819,16882722.749665,0
BBWI.US,D,20000407,000000,9.82224,10.7587,9.80748,10.1843,12691105.321554,0
BBWI.US,D,20000410,000000,10.1586,10.3417,9.88126,10.197,5397939.6499308,0
BBWI.US,D,20000411,000000,10.2098,10.8118,10.197,10.744,7113137.0302196,0
BBWI.US,D,20000412,000000,10.5492,10.6043,9.98654,9.98654,3907564.0831812,0
BBWI.US,D,20000413,000000,10.0269,10.3417,9.79468,9.79468,3127769.6783231,0
BBWI.US,D,20000414,000000,9.72681,9.7819,9.19237,9.23397,4005719.1052076,0
BBWI.US,D,20000417,000000,9.23397,9.34809,8.75099,8.97291,7030364.7619947,0
BBWI.US,D,20000418,000000,9.08781,9.36383,9.01294,9.19237,4924376.1049992,0
BBWI.US,D,20000419,000000,9.14054,9.38646,9.14054,9.34809,3365682.8944171,0
BBWI.US,D,20000420,000000,9.30058,9.34809,8.99652,9.1791,3699044.0037128,0
BBWI.US,D,20000424,000000,9.06026,9.74256,9.06026,9.65993,4183478.7599287,0
BBWI.US,D,20000425,000000,9.82224,9.89695,9.62255,9.75436,4070850.8152303,0
BBWI.US,D,20000426,000000,9.7819,9.97283,9.65993,9.75436,6079136.8243364,0
BBWI.US,D,20000427,000000,9.63435,9.75436,9.27215,9.38646,6640460.9518534,0
BBWI.US,D,20000428,000000,9.40122,9.57238,9.37465,9.44056,4393801.2199475,0
BBWI.US,D,20000501,000000,9.49467,10.1705,9.4809,10.1586,5713213.9263137,0
BBWI.US,D,20000502,000000,10.1086,10.4439,9.7819,10.4439,6416559.1351545,0
BBWI.US,D,20000503,000000,9.72681,9.88126,9.21923,9.30058,7063832.3155668,0
BBWI.US,D,20000504,000000,9.30058,9.62255,9.28582,9.54287,5185812.776219,0
BBWI.US,D,20000505,000000,9.49467,9.89695,9.42875,9.89695,4622674.0692985,0
BBWI.US,D,20000508,000000,9.84781,9.98654,9.76715,9.98654,2168405.1056247,0
BBWI.US,D,20000509,000000,10.0269,10.316,10.0269,10.316,2668213.4665022,0
BBWI.US,D,20000510,000000,10.261,10.261,10.1508,10.261,5943438.8152202,0
BBWI.US,D,20000511,000000,10.261,10.316,10.1586,10.316,1980697.2861733,0
BBWI.US,D,20000512,000000,10.4213,10.4439,10.3298,10.3692,2299123.9495203,0
BBWI.US,D,20000515,000000,9.92157,10.4685,9.92157,10.4685,6263227.6838337,0
BBWI.US,D,20000516,000000,10.2895,10.6289,10.2236,10.3692,5157319.3050122,0
BBWI.US,D,20000517,000000,10.3692,10.3692,9.85962,10.1203,6260512.4224404,0
BBWI.US,D,20000518,000000,10.0012,10.2236,10.0012,10.134,1472293.8166921,0
BBWI.US,D,20000519,000000,9.94819,10.1586,9.87437,10.1586,2281037.1166075,0
BBWI.US,D,20000522,000000,10.1586,10.3692,10.134,10.2895,2667307.701657,0
BBWI.US,D,20000523,000000,10.2373,10.383,10.0946,10.1843,2856836.1999387,0
BBWI.US,D,20000524,000000,10.1843,10.1843,9.65993,10.014,4504624.7509533,0
BBWI.US,D,20000525,000000,10.0672,10.799,10.0672,10.3417,8411286.1190027,0
BBWI.US,D,20000526,000000,10.3043,10.4439,9.83502,9.89695,455482952.74874,0
BBWI.US,D,20000530,000000,9.92157,10.1508,9.92157,10.0515,5297529.8732168,0
BBWI.US,D,20000531,000000,10.0269,10.2098,9.94819,10.0819,3647706.1468711,0
BBWI.US,D,20000601,000000,10.1586,10.1843,9.71403,9.87437,2904099.6398338,0
BBWI.US,D,20000602,000000,9.87437,10.1586,9.87437,9.94819,6902807.4542029,0
BBWI.US,D,20000605,000000,9.97283,10.2373,9.89695,10.134,3316386.312333,0
BBWI.US,D,20000606,000000,10.0269,10.1086,9.55762,9.60681,3318875.8949433,0
BBWI.US,D,20000607,000000,9.48483,10.1133,9.37859,9.59106,12618055.539277,0
BBWI.US,D,20000608,000000,9.85175,9.85175,9.56254,9.59106,2245073.8809985,0
BBWI.US,D,20000609,000000,9.74649,9.79961,9.35203,9.40515,1437239.3956416,0
BBWI.US,D,20000612,000000,9.48483,9.48483,9.14584,9.2751,3651780.5638177,0
BBWI.US,D,20000613,000000,9.16975,9.30254,9.09175,9.22463,2404971.3650185,0
BBWI.US,D,20000614,000000,9.22463,9.40515,9.16975,9.2751,879080.87051271,0
BBWI.US,D,20000615,000000,9.37859,9.48483,9.37859,9.48483,6261644.8826396,0
BBWI.US,D,20000616,000000,9.43269,9.48483,9.24991,9.30254,3201728.275159,0
BBWI.US,D,20000619,000000,9.56254,9.56254,9.11761,9.14584,2053516.3068123,0
BBWI.US,D,20000620,000000,9.11761,9.2751,9.09175,9.19798,2108702.9018178,0
BBWI.US,D,20000621,000000,9.30254,9.30254,9.03812,9.06341,1237990.4445547,0
BBWI.US,D,20000622,000000,8.90838,8.9855,8.85566,8.90838,2024125.203329,0
BBWI.US,D,20000623,000000,9.19798,9.19798,8.90838,8.90838,2589737.2277225,0
BBWI.US,D,20000626,000000,9.11761,9.14584,8.89657,8.95796,2024791.0573959,0
BBWI.US,D,20000627,000000,9.06341,9.2751,8.8831,9.19798,3230450.4748622,0
BBWI.US,D,20000628,000000,9.22463,9.22463,8.77628,8.9917,3244692.6358956,0
BBWI.US,D,20000629,000000,9.09175,9.09175,8.77628,8.95796,2385518.2605548,0
BBWI.US,D,20000630,000000,8.9855,9.37859,8.93504,9.06341,4367116.2287178,0
BBWI.US,D,20000703,000000,9.19798,9.19798,8.95796,9.03812,1065657.246336,0
BBWI.US,D,20000705,000000,9.19798,9.19798,8.93504,9.11761,1641228.617742,0
BBWI.US,D,20000706,000000,9.19798,9.35203,9.06341,9.16975,2172478.5060003,0
BBWI.US,D,20000707,000000,9.2751,9.74649,9.24991,9.69336,3879743.582039,0
BBWI.US,D,20000710,000000,9.85175,10.0336,9.69336,9.93245,3691584.4050216,0
BBWI.US,D,20000711,000000,10.0336,10.0336,9.69336,9.98157,2557397.0514941,0
BBWI.US,D,20000712,000000,9.77305,9.95693,9.77305,9.90585,1147754.5113542,0
BBWI.US,D,20000713,000000,9.82519,9.98157,9.79961,9.95693,962754.83729842,0
BBWI.US,D,20000714,000000,9.87929,9.93245,9.66583,9.74649,2132670.598512,0
BBWI.US,D,20000717,000000,9.66583,9.87929,9.64222,9.85175,1430904.1245808,0
BBWI.US,D,20000718,000000,9.87929,9.90585,9.71697,9.77305,1192758.1137063,0
BBWI.US,D,20000719,000000,9.85175,9.85175,9.56254,9.59106,1221251.5849131,0
BBWI.US,D,20000720,000000,9.64222,9.77305,9.5104,9.71697,1295664.5890282,0
BBWI.US,D,20000721,000000,9.77305,9.79961,9.56254,9.59106,1287973.2121275,0
BBWI.US,D,20000724,000000,9.71697,9.71697,9.43269,9.43269,1261959.1578201,0
BBWI.US,D,20000725,000000,9.5104,9.53794,9.19798,9.30254,1401727.5175986,0
BBWI.US,D,20000726,000000,9.48483,9.56254,9.30254,9.40515,2868367.1658632,0
BBWI.US,D,20000727,000000,9.40515,9.59106,9.24991,9.35203,1082166.3609102,0
BBWI.US,D,20000728,000000,9.24991,9.35203,8.95796,9.03812,1660906.3844176,0
BBWI.US,D,20000731,000000,9.03812,9.06341,8.48972,8.56999,3799235.2176415,0
BBWI.US,D,20000801,000000,8.61878,8.64397,8.17424,8.46148,3201728.275159,0
BBWI.US,D,20000802,000000,8.3821,8.46148,8.14906,8.22776,4156340.3779907,0
BBWI.US,D,20000803,000000,8.14906,8.30232,8.12231,8.14906,2308851.5183233,0
BBWI.US,D,20000804,000000,8.17424,8.33086,8.09486,8.22776,2626380.5493937,0
BBWI.US,D,20000807,000000,8.22776,8.33086,8.17424,8.27733,3112165.312023,0
BBWI.US,D,20000808,000000,8.17424,8.80372,8.14906,8.80372,4595993.144353,0
BBWI.US,D,20000809,000000,8.72344,8.85566,8.64397,8.75099,3382201.1581311,0
BBWI.US,D,20000810,000000,8.75099,8.77628,8.56999,8.64397,5121582.7647573,0
BBWI.US,D,20000811,000000,8.69827,8.77628,8.48972,8.54245,4653433.4774748,0
BBWI.US,D,20000814,000000,8.54245,8.75099,8.54245,8.69827,1867844.6792631,0
BBWI.US,D,20000815,000000,8.59527,8.59527,8.41101,8.41101,2033612.8613537,0
BBWI.US,D,20000816,000000,8.17424,8.22776,7.83673,8.0437,4779855.2753541,0
BBWI.US,D,20000817,000000,8.06879,8.35829,8.01695,8.06879,3207155.7482323,0
BBWI.US,D,20000818,000000,8.06879,8.20179,7.9114,8.0563,4745030.5993709,0
BBWI.US,D,20000821,000000,7.96255,8.09486,7.67472,7.9114,4643705.9086719,0
BBWI.US,D,20000822,000000,8.01695,8.64397,7.9901,8.51588,22344221.474135,0
BBWI.US,D,20000823,000000,8.69827,8.69827,8.48972,8.48972,2155516.0007181,0
BBWI.US,D,20000824,000000,8.41101,8.46148,8.22776,8.30232,2307719.058124,0
BBWI.US,D,20000825,000000,8.33086,9.01294,8.33086,8.85566,4522038.6138015,0
BBWI.US,D,20000828,000000,8.8831,8.95796,8.46148,8.48972,10339961.395987,0
BBWI.US,D,20000829,000000,8.48972,8.67081,8.46148,8.59527,1397885.8954325,0
BBWI.US,D,20000830,000000,8.51962,8.59999,8.22776,8.38583,2328978.6094226,0
BBWI.US,D,20000831,000000,8.62596,8.6534,8.25442,8.42371,5191686.5240029,0
BBWI.US,D,20000901,000000,8.57471,8.93986,8.44171,8.72905,4042578.9565219,0
BBWI.US,D,20000905,000000,8.80922,8.91389,8.68026,8.86126,5523688.4777454,0
BBWI.US,D,20000906,000000,8.91389,9.20743,8.86126,9.07285,4702508.4470604,0
BBWI.US,D,20000907,000000,9.02091,9.12863,8.93986,9.02091,3172324.9728226,0
BBWI.US,D,20000908,000000,9.46713,9.59795,9.25375,9.57238,9206680.8238765,0
BBWI.US,D,20000911,000000,9.57238,9.67763,9.414,9.62746,2439799.0907151,0
BBWI.US,D,20000912,000000,9.57238,10.0189,9.49467,9.91573,3590264.797178,0
BBWI.US,D,20000913,000000,10.0721,10.3102,9.7819,10.1783,16769874.209038,0
BBWI.US,D,20000914,000000,10.1262,10.4134,9.9925,10.3318,3555438.0880527,0
BBWI.US,D,20000915,000000,10.3102,10.5177,10.2285,10.44,3840396.1812564,0
BBWI.US,D,20000918,000000,10.3318,10.4134,9.7819,9.96587,2396828.6305518,0
BBWI.US,D,20000919,000000,9.96587,10.0189,9.72681,9.85962,3484421.4479642,0
BBWI.US,D,20000920,000000,9.91573,9.91573,9.70123,9.7819,1117896.8017386,0
BBWI.US,D,20000921,000000,9.75436,10.1547,9.70123,10.0986,4269644.3424669,0
BBWI.US,D,20000922,000000,10.1783,10.2285,9.85962,9.93825,1298601.4629202,0
BBWI.US,D,20000925,000000,9.96587,10.0189,9.72681,9.7819,1218093.0985226,0
BBWI.US,D,20000926,000000,9.72681,9.88815,9.09952,9.36383,3655844.8150534,0
BBWI.US,D,20000927,000000,9.36383,9.414,9.15066,9.15066,1588536.6882023,0
BBWI.US,D,20000928,000000,9.30737,9.44056,9.1791,9.33492,2752345.9068515,0
BBWI.US,D,20000929,000000,9.28002,9.51925,9.1791,9.28002,1497167.2782316,0
BBWI.US,D,20001002,000000,9.25375,9.80748,9.1791,9.67763,3284265.715461,0
BBWI.US,D,20001003,000000,9.67763,9.91573,9.65009,9.80748,2296637.4166232,0
BBWI.US,D,20001004,000000,9.80748,10.2059,9.80748,10.0721,3360942.6234035,0
BBWI.US,D,20001005,000000,10.0986,10.4134,9.93825,10.2285,4714041.446127,0
BBWI.US,D,20001006,000000,9.93825,10.0456,9.38646,9.72681,5038809.4799613,0
BBWI.US,D,20001009,000000,9.72681,10.0189,9.70123,9.70123,2516015.4919517,0
BBWI.US,D,20001010,000000,9.7819,9.85962,9.67763,9.75436,1129887.2577978,0
BBWI.US,D,20001011,000000,9.65009,9.72681,9.38646,9.46713,1825329.6429503,0
BBWI.US,D,20001012,000000,9.38646,9.38646,9.04531,9.15066,2475530.5481145,0
BBWI.US,D,20001013,000000,9.15066,9.30737,9.02091,9.12863,1543753.6817777,0
BBWI.US,D,20001016,000000,9.07285,9.44056,8.9917,9.38646,1576547.2487142,0
BBWI.US,D,20001017,000000,9.38646,9.62746,9.38646,9.62746,2472138.2503723,0
BBWI.US,D,20001018,000000,9.51925,9.88815,9.36383,9.85962,2871307.0894684,0
BBWI.US,D,20001019,000000,9.65009,10.44,9.65009,10.44,3378807.8438177,0
BBWI.US,D,20001020,000000,10.3102,10.3318,10.0189,10.0721,1812884.7796118,0
BBWI.US,D,20001023,000000,10.0986,10.2285,9.88815,10.0456,1603011.6440165,0
BBWI.US,D,20001024,000000,9.80748,10.2807,9.80748,10.1783,2905908.1198108,0
BBWI.US,D,20001025,000000,10.1783,10.2521,9.91573,10.0189,3456148.5726849,0
BBWI.US,D,20001026,000000,10.0721,10.0721,9.57238,9.65009,2470780.11139,0
BBWI.US,D,20001027,000000,9.65009,9.72681,9.57238,9.67763,1600749.7733314,0
BBWI.US,D,20001030,000000,9.75436,10.4646,9.75436,10.3603,3837679.903292,0
BBWI.US,D,20001031,000000,10.3603,10.8324,10.0189,10.6269,3911636.4669857,0
BBWI.US,D,20001101,000000,10.3102,10.5177,9.91573,10.4646,4946763.0336416,0
BBWI.US,D,20001102,000000,10.4912,11.4374,10.3102,11.2781,6754900.4262421,0
BBWI.US,D,20001103,000000,11.466,11.4926,11.1788,11.3322,4786639.8708385,0
BBWI.US,D,20001106,000000,11.3597,11.5161,11.2545,11.3597,3248544.4237726,0
BBWI.US,D,20001107,000000,11.466,11.466,11.1788,11.226,2315635.0972367,0
BBWI.US,D,20001108,000000,11.1522,11.7258,11.1522,11.6785,3615144.3581442,0
BBWI.US,D,20001109,000000,11.3597,11.4129,10.86,11.2013,4176241.7903071,0
BBWI.US,D,20001110,000000,11.2545,11.3067,10.808,10.808,1305606.6543322,0
BBWI.US,D,20001113,000000,10.8324,11.3597,10.7016,11.3322,3865953.7951425,0
BBWI.US,D,20001114,000000,11.226,11.4926,10.9387,11.0184,6094292.8827839,0
BBWI.US,D,20001115,000000,10.808,10.9672,10.5482,10.8847,5282376.8644826,0
BBWI.US,D,20001116,000000,10.5177,11.0706,10.5177,10.9131,2050128.0753544,0
BBWI.US,D,20001117,000000,10.6516,10.8847,10.4646,10.5177,7532431.943844,0
BBWI.US,D,20001120,000000,10.7016,10.7016,9.93825,10.0189,13107457.26186,0
BBWI.US,D,20001121,000000,9.91573,9.9925,9.83502,9.85962,6643852.2330246,0
BBWI.US,D,20001122,000000,9.85962,9.96587,9.75436,9.7819,2747373.8576285,0
BBWI.US,D,20001124,000000,9.83502,9.93825,9.80748,9.88815,998494.42726664,0
BBWI.US,D,20001127,000000,10.0721,10.1783,9.88815,10.0456,6193345.5370867,0
BBWI.US,D,20001128,000000,9.83502,9.83502,9.20743,9.30737,6327461.7615799,0
BBWI.US,D,20001129,000000,9.28976,9.28976,7.91691,8.59999,22236349.049017,0
BBWI.US,D,20001130,000000,7.80772,8.38987,7.80772,8.20661,6870913.5526851,0
BBWI.US,D,20001201,000000,8.28609,8.3402,7.78323,7.96737,3311861.5543915,0
BBWI.US,D,20001204,000000,7.80772,8.42056,7.80772,8.36547,4328450.9471397,0
BBWI.US,D,20001205,000000,7.91691,8.12624,7.83673,8.12624,5583843.0556895,0
BBWI.US,D,20001206,000000,8.04764,8.23168,7.36023,7.49608,6984449.2953708,0
BBWI.US,D,20001207,000000,7.5495,7.57311,7.09611,7.17559,5628407.4993288,0
BBWI.US,D,20001208,000000,7.38827,7.46745,7.20353,7.38827,6810756.9415988,0
BBWI.US,D,20001211,000000,7.44276,7.44276,6.98996,7.12365,3958900.9234519,0
BBWI.US,D,20001212,000000,7.12365,7.60223,7.0179,7.17559,6511780.3330023,0
BBWI.US,D,20001213,000000,7.33643,7.33643,7.0179,7.04358,3787473.4900784,0
BBWI.US,D,20001214,000000,7.12365,7.15081,6.88422,7.15081,4920756.0953317,0
BBWI.US,D,20001215,000000,6.93793,7.07093,6.75693,6.9638,8622735.9563654,0
BBWI.US,D,20001218,000000,6.91225,6.9638,6.43782,6.57003,8150976.8251265,0
BBWI.US,D,20001219,000000,6.54464,6.65049,6.38489,6.54464,7459156.4827837,0
BBWI.US,D,20001220,000000,6.38489,6.67755,6.27787,6.30561,6645892.4912112,0
BBWI.US,D,20001221,000000,6.33148,6.41146,6.09245,6.38489,8383919.0085685,0
BBWI.US,D,20001222,000000,6.38489,6.91225,6.30561,6.83582,10149534.248859,0
BBWI.US,D,20001226,000000,6.80975,6.86121,6.67755,6.75693,2561241.7233735,0
BBWI.US,D,20001227,000000,6.43782,7.28311,6.41146,7.22901,8614370.592829,0
BBWI.US,D,20001228,000000,7.15081,7.30683,7.04358,7.17559,3396894.6767305,0
BBWI.US,D,20001229,000000,7.28311,7.41542,6.9638,7.20353,4498517.1918177,0
BBWI.US,D,20010102,000000,7.33643,7.36023,6.93793,6.93793,3230671.0707896,0
BBWI.US,D,20010103,000000,6.9638,7.62741,6.9638,7.57311,4526780.9179572,0
BBWI.US,D,20010104,000000,6.9638,7.28311,6.67755,6.7288,12945756.380719,0
BBWI.US,D,20010105,000000,6.86121,6.88422,6.59718,6.59718,12296681.836327,0
BBWI.US,D,20010108,000000,6.67755,6.86121,6.51799,6.70342,5928290.8893416,0
BBWI.US,D,20010109,000000,6.70342,7.12365,6.70342,7.0179,6530322.5897655,0
BBWI.US,D,20010110,000000,6.75693,7.07093,6.75693,6.98996,4044622.2644218,0
BBWI.US,D,20010111,000000,6.75693,7.22901,6.75693,7.09611,4688260.1866002,0
BBWI.US,D,20010112,000000,7.09611,7.70305,7.04358,7.52185,6761460.3595148,0
BBWI.US,D,20010116,000000,7.44276,7.62741,7.33643,7.36023,6806010.5711588,0
BBWI.US,D,20010117,000000,7.38827,7.60223,7.30683,7.36023,7900615.6959807,0
BBWI.US,D,20010118,000000,7.28311,7.33643,7.17559,7.17559,6779092.7851483,0
BBWI.US,D,20010119,000000,7.17559,7.20353,6.9638,6.9638,6192443.8385258,0
BBWI.US,D,20010122,000000,7.12365,7.49608,7.12365,7.44276,3821173.8384311,0
BBWI.US,D,20010123,000000,7.41542,7.88788,7.41542,7.72892,9231779.9641989,0
BBWI.US,D,20010124,000000,8.3402,8.49759,8.20661,8.38987,14239837.151982,0
BBWI.US,D,20010125,000000,8.36547,8.49759,8.15536,8.28609,5596284.8693146,0
BBWI.US,D,20010126,000000,8.28609,8.3402,8.20661,8.28609,5200960.7020977,0
BBWI.US,D,20010129,000000,8.16401,8.44565,8.16401,8.39607,6992816.6920493,0
BBWI.US,D,20010130,000000,8.29543,8.73682,8.19628,8.60845,4652077.3716348,0
BBWI.US,D,20010131,000000,8.2734,8.98787,8.23808,8.72344,5474620.6241577,0
BBWI.US,D,20010201,000000,8.72344,8.84689,8.44565,8.75581,3027815.3254596,0
BBWI.US,D,20010202,000000,8.62281,8.72905,8.35829,8.36232,3924077.2640398,0
BBWI.US,D,20010205,000000,8.28127,8.3402,8.10893,8.18684,4259464.3995268,0
BBWI.US,D,20010206,000000,8.4009,8.41574,8.1711,8.22451,3583032.9104121,0
BBWI.US,D,20010207,000000,8.11444,8.4009,8.11444,8.34885,2224496.4489042,0
BBWI.US,D,20010208,000000,8.4009,8.44171,7.85405,7.87047,5073860.8512985,0
BBWI.US,D,20010209,000000,7.87047,7.97052,7.63291,7.64954,3622826.585905,0
BBWI.US,D,20010212,000000,7.69755,7.79179,7.57626,7.65731,5001492.1716545,0
BBWI.US,D,20010213,000000,7.69755,7.87677,7.69755,7.72892,6795154.6084408,0
BBWI.US,D,20010214,000000,7.79896,7.87362,7.71239,7.74791,4550982.4260032,0
BBWI.US,D,20010215,000000,7.76896,7.89576,7.68476,7.75027,4749552.307599,0
BBWI.US,D,20010216,000000,7.79179,7.95782,7.70305,7.79896,2761626.1843729,0
BBWI.US,D,20010220,000000,7.96255,8.14906,7.81234,8.06407,4822379.4608068,0
BBWI.US,D,20010221,000000,7.99964,8.02639,7.64629,7.74791,6824779.5232759,0
BBWI.US,D,20010222,000000,7.83201,7.89271,7.62268,7.67,3270246.1834973,0
BBWI.US,D,20010223,000000,7.55667,7.73758,7.42801,7.5126,2509675.1380355,0
BBWI.US,D,20010226,000000,7.78323,7.89271,7.70305,7.84854,3339902.6514613,0
BBWI.US,D,20010227,000000,7.74309,7.79896,7.53858,7.56907,4826670.4073965,0
BBWI.US,D,20010228,000000,7.60223,7.60223,7.28773,7.45211,5063006.9217229,0
BBWI.US,D,20010301,000000,7.68476,7.78323,7.1206,7.26875,8113885.1956025,0
BBWI.US,D,20010302,000000,7.04879,7.19359,6.97177,6.97757,6674389.0121314,0
BBWI.US,D,20010305,000000,7.21995,7.21995,7.00709,7.1206,3908468.8314554,0
BBWI.US,D,20010306,000000,7.15081,7.15533,6.98996,7.07093,7524965.2291552,0
BBWI.US,D,20010307,000000,7.09611,7.17048,7.05233,7.14491,5420788.10185,0
BBWI.US,D,20010308,000000,7.20648,7.37007,7.15533,7.29069,2453816.5895365,0
BBWI.US,D,20010309,000000,7.20648,7.32276,7.07535,7.25566,2771342.5708939,0
BBWI.US,D,20010312,000000,7.17048,7.37902,7.10064,7.15081,2946384.9310793,0
BBWI.US,D,20010313,000000,7.12877,7.16516,6.90861,6.99529,3712614.2112529,0
BBWI.US,D,20010314,000000,6.96115,7.05233,6.72043,6.82757,3212357.5425227,0
BBWI.US,D,20010315,000000,7.03916,7.05755,6.72043,6.80494,4103189.9748875,0
BBWI.US,D,20010316,000000,6.74444,6.78171,6.50845,6.57003,6244459.7482876,0
BBWI.US,D,20010319,000000,6.57475,6.72467,6.57003,6.66781,3343303.0817723,0
BBWI.US,D,20010320,000000,6.71256,6.9035,6.63672,6.63672,4148418.2394515,0
BBWI.US,D,20010321,000000,6.64076,6.74444,6.53029,6.57475,2526183.2360385,0
BBWI.US,D,20010322,000000,6.55291,6.67755,6.25751,6.41953,5633382.598265,0
BBWI.US,D,20010323,000000,6.38028,6.53029,6.26213,6.47727,4609561.3187509,0
BBWI.US,D,20010326,000000,6.55291,6.59226,6.4818,6.58409,2584995.940138,0
BBWI.US,D,20010327,000000,6.55291,6.67263,6.38972,6.64626,1905382.5834975,0
BBWI.US,D,20010328,000000,6.40269,6.53029,6.3728,6.48651,2541573.1058378,0
BBWI.US,D,20010329,000000,6.27393,6.7168,6.27393,6.68729,5836240.3767374,0
BBWI.US,D,20010330,000000,6.59226,6.82757,6.45219,6.66781,4110431.0107935,0
BBWI.US,D,20010402,000000,6.61784,6.7288,6.50845,6.65816,2407455.8647735,0
BBWI.US,D,20010403,000000,6.75693,6.80494,6.48651,6.57003,3832713.9534955,0
BBWI.US,D,20010404,000000,6.55291,6.84969,6.53029,6.67263,2366520.5799413,0
BBWI.US,D,20010405,000000,6.68187,6.86622,6.61784,6.73932,1689399.8556245,0
BBWI.US,D,20010406,000000,6.78664,6.86121,6.52203,6.79568,2302067.9394098,0
BBWI.US,D,20010409,000000,6.9035,6.94659,6.68187,6.77336,1932971.3064303,0
BBWI.US,D,20010410,000000,6.88422,6.97177,6.78664,6.80975,3067389.4215961,0
BBWI.US,D,20010411,000000,6.80494,6.84969,6.69369,6.76263,2551297.6249273,0
BBWI.US,D,20010412,000000,6.65816,6.66298,6.40614,6.51326,3620574.8809308,0
BBWI.US,D,20010416,000000,6.51799,6.59226,6.24374,6.31918,5578876.0893218,0
BBWI.US,D,20010417,000000,6.27393,6.39286,6.19554,6.19554,2461733.6452204,0
BBWI.US,D,20010418,000000,6.35352,6.82757,6.27393,6.59226,4516159.7831622,0
BBWI.US,D,20010419,000000,6.69369,6.90861,6.56167,6.7168,3890377.9322582,0
BBWI.US,D,20010420,000000,6.80494,6.86622,6.61784,6.74444,2231731.3853836,0
BBWI.US,D,20010423,000000,6.66298,7.08274,6.65816,6.78664,2434140.8560032,0
BBWI.US,D,20010424,000000,6.89347,6.92721,6.57957,6.77827,3581897.4004996,0
BBWI.US,D,20010425,000000,6.78664,6.87055,6.7168,6.78664,3284051.2189601,0
BBWI.US,D,20010426,000000,6.86622,7.18986,6.76627,7.08274,3785893.7385976,0
BBWI.US,D,20010427,000000,7.12365,7.29069,7.12365,7.23422,2760712.2869589,0
BBWI.US,D,20010430,000000,7.25183,7.25566,7.04879,7.17559,2819067.5340659,0
BBWI.US,D,20010501,000000,7.17048,7.28311,7.12877,7.20648,3851702.4849691,0
BBWI.US,D,20010502,000000,7.16516,7.31223,7.13251,7.31223,3139082.0814624,0
BBWI.US,D,20010503,000000,7.22901,7.2473,7.1206,7.21995,2792605.1719057,0
BBWI.US,D,20010504,000000,7.21995,7.21995,7.0179,7.20648,2617327.9837975,0
BBWI.US,D,20010507,000000,7.20648,7.20648,7.12877,7.20353,2021635.6207186,0
BBWI.US,D,20010508,000000,7.29069,7.29069,7.15081,7.20353,1901990.2857552,0
BBWI.US,D,20010509,000000,7.20648,7.22901,7.07968,7.12365,8951120.9501537,0
BBWI.US,D,20010510,000000,7.26875,7.41857,7.15533,7.16516,8485243.6992674,0
BBWI.US,D,20010511,000000,7.25183,7.25183,6.90861,6.93292,6558821.1438277,0
BBWI.US,D,20010514,000000,6.99529,7.03472,6.82757,6.88776,4749776.9698109,0
BBWI.US,D,20010515,000000,6.9516,6.9516,6.72043,6.82392,6300093.6345745,0
BBWI.US,D,20010516,000000,6.85334,6.9516,6.78664,6.89347,4994258.2517461,0
BBWI.US,D,20010517,000000,6.91225,7.17048,6.72043,7.12365,4572699.4342943,0
BBWI.US,D,20010518,000000,7.12877,7.31223,7.10575,7.25183,6099039.2532239,0
BBWI.US,D,20010521,000000,7.03916,7.25183,6.89347,7.25183,8144410.7924273,0
BBWI.US,D,20010522,000000,7.20648,7.41857,7.06119,7.17048,7918935.3236743,0
BBWI.US,D,20010523,000000,7.16516,7.29531,7.08274,7.23953,5079287.3078008,0
BBWI.US,D,20010524,000000,7.16516,7.22439,7.10064,7.14491,4273716.7262713,0
BBWI.US,D,20010525,000000,7.14491,7.18986,7.06119,7.10064,1857893.4648194,0
BBWI.US,D,20010529,000000,7.08637,7.12365,7.06119,7.1206,1859699.9116542,0
BBWI.US,D,20010530,000000,7.11008,7.1206,6.89347,6.93292,2888264.5118952,0
BBWI.US,D,20010531,000000,6.95603,7.0179,6.9035,6.91225,2888496.2901048,0
BBWI.US,D,20010601,000000,6.91225,7.07535,6.87419,6.98554,2483220.9084441,0
BBWI.US,D,20010604,000000,6.95603,6.96115,6.9035,6.93292,2248689.8243814,0
BBWI.US,D,20010605,000000,6.99529,7.11539,6.95603,7.07535,1638066.0650671,0
BBWI.US,D,20010606,000000,7.04358,7.19359,7.00709,7.0302,3734552.8320427,0
BBWI.US,D,20010607,000000,6.98554,6.98554,6.8311,6.88776,4036929.87095,0
BBWI.US,D,20010608,000000,6.8792,6.9638,6.7288,6.81408,5242805.8180594,0
BBWI.US,D,20010611,000000,6.81408,6.81969,6.67263,6.69369,2970363.8100556,0
BBWI.US,D,20010612,000000,6.69004,6.83582,6.6019,6.8311,2985515.8022188,0
BBWI.US,D,20010613,000000,6.79568,6.85765,6.7288,6.81408,3565385.2362121,0
BBWI.US,D,20010614,000000,6.81408,6.81408,6.6019,6.64076,2477338.0115204,0
BBWI.US,D,20010615,000000,6.5897,6.63672,6.54061,6.54061,2880360.6716358,0
BBWI.US,D,20010618,000000,6.6019,6.64626,6.39749,6.4333,5183548.8723917,0
BBWI.US,D,20010619,000000,6.51799,6.59226,6.38972,6.40614,4827352.5266009,0
BBWI.US,D,20010620,000000,6.41146,6.42985,6.36355,6.41146,3798560.2144347,0
BBWI.US,D,20010621,000000,6.45622,6.60603,6.41549,6.5897,5408123.6591552,0
BBWI.US,D,20010622,000000,6.62355,6.62905,6.42513,6.61036,4857429.8155729,0
BBWI.US,D,20010625,000000,6.51799,6.6019,6.46073,6.52684,3338780.356973,0
BBWI.US,D,20010626,000000,6.47244,6.62355,6.4684,6.57475,4480874.6004732,0
BBWI.US,D,20010627,000000,6.56167,6.65531,6.54061,6.6019,2797124.8469918,0
BBWI.US,D,20010628,000000,6.6019,6.81408,6.6019,6.81408,4001642.6551188,0
BBWI.US,D,20010629,000000,6.81408,7.03916,6.69369,7.03916,4237986.2854429,0
BBWI.US,D,20010702,000000,6.92721,6.92721,6.79008,6.80975,4384302.3796409,0
BBWI.US,D,20010703,000000,6.83582,6.89347,6.7345,6.8311,2179940.1378337,0
BBWI.US,D,20010705,000000,6.78664,6.80975,6.62355,6.79008,3826147.9207964,0
BBWI.US,D,20010706,000000,6.77336,6.77336,6.66781,6.67263,3307337.8130211,0
BBWI.US,D,20010709,000000,6.64626,6.70696,6.62355,6.70342,3389890.5018895,0
BBWI.US,D,20010710,000000,6.66781,6.75132,6.6019,6.6019,3780684.8283096,0
BBWI.US,D,20010711,000000,6.6019,6.77336,6.54061,6.74709,2380768.8404015,0
BBWI.US,D,20010712,000000,6.77336,7.26482,6.66781,7.12365,5973977.6274691,0
BBWI.US,D,20010713,000000,7.0302,7.19359,6.92367,7.16516,3142246.6672795,0
BBWI.US,D,20010716,000000,7.15533,7.21238,7.07535,7.13674,1281186.5835008,0
BBWI.US,D,20010717,000000,7.11008,7.35708,7.03472,7.27849,2560793.4155208,0
BBWI.US,D,20010718,000000,7.24386,7.34558,7.17559,7.21995,3889029.9589869,0
BBWI.US,D,20010719,000000,7.23422,7.34558,7.19821,7.19821,3526938.5174193,0
BBWI.US,D,20010720,000000,7.1206,7.33643,7.1206,7.19821,3056980.7501598,0
BBWI.US,D,20010723,000000,7.10575,7.30446,7.10575,7.25566,1634220.3766167,0
BBWI.US,D,20010724,000000,7.25566,7.28311,6.98996,7.05233,2421933.8703008,0
BBWI.US,D,20010725,000000,7.15916,7.27397,6.94659,7.23422,2734026.2791582,0
BBWI.US,D,20010726,000000,7.12877,7.24386,7.03472,7.12877,2422603.7906521,0
BBWI.US,D,20010727,000000,7.08637,7.15081,7.00246,7.06119,1532903.8184865,0
BBWI.US,D,20010730,000000,6.98554,7.15916,6.88422,7.1206,3328149.056467,0
BBWI.US,D,20010731,000000,6.97757,7.30446,6.97757,7.22901,2672737.2078725,0
BBWI.US,D,20010801,000000,7.30446,7.30446,7.13674,7.15081,2099658.4687902,0
BBWI.US,D,20010802,000000,7.24386,7.27849,7.0302,7.10575,1185068.7699477,0
BBWI.US,D,20010803,000000,6.99803,7.21238,6.96833,7.15533,1504860.6882746,0
BBWI.US,D,20010806,000000,7.13674,7.15533,6.98249,6.98996,1303802.2406394,0
BBWI.US,D,20010807,000000,6.98996,7.14038,6.9035,7.13251,1420273.840646,0
BBWI.US,D,20010808,000000,7.0909,7.50788,7.0909,7.24386,4972316.5812432,0
BBWI.US,D,20010809,000000,7.14038,7.27849,7.07968,7.15533,4018151.7696931,0
BBWI.US,D,20010810,000000,7.1206,7.16212,6.92367,7.12365,2122716.334355,0
BBWI.US,D,20010813,000000,7.07093,7.0909,6.94146,6.97177,1505081.2842021,0
BBWI.US,D,20010814,000000,6.92367,7.04879,6.91511,6.98554,2879223.128581,0
BBWI.US,D,20010815,000000,6.98554,7.0122,6.9035,6.92367,2688345.6404571,0
BBWI.US,D,20010816,000000,6.92367,7.0302,6.84969,7.00709,1109529.40506,0
BBWI.US,D,20010817,000000,6.94146,6.9638,6.79568,6.82392,1719253.4989557,0
BBWI.US,D,20010820,000000,6.94146,6.98554,6.87055,6.9638,1012505.8266617,0
BBWI.US,D,20010821,000000,6.9638,6.9638,6.48651,6.56167,3452532.6293019,0
BBWI.US,D,20010822,000000,6.56167,6.59226,6.45622,6.47244,4199760.1625777,0
BBWI.US,D,20010823,000000,6.0044,6.29557,5.66454,5.93416,14985480.867492,0
BBWI.US,D,20010824,000000,5.81406,6.07148,5.77588,6.07148,4187770.7230895,0
BBWI.US,D,20010827,000000,5.98718,6.11083,5.89373,5.99093,3698819.341501,0
BBWI.US,D,20010828,000000,5.96486,6.1735,5.96486,6.07148,8318335.9409798,0
BBWI.US,D,20010829,000000,5.96486,6.15549,5.9385,5.9385,7254261.495838,0
BBWI.US,D,20010830,000000,5.96062,6.04492,5.88133,5.92502,3775489.1334457,0
BBWI.US,D,20010831,000000,5.95207,6.09245,5.90239,6.0044,1707039.3972557,0
BBWI.US,D,20010904,000000,6.00854,6.21629,5.92059,5.9385,4947436.0037061,0
BBWI.US,D,20010905,000000,5.91203,5.92059,5.80087,5.84081,4459162.6750375,0
BBWI.US,D,20010906,000000,5.80087,5.86393,5.55839,5.56272,9195824.8611587,0
BBWI.US,D,20010907,000000,5.48284,5.48284,5.22659,5.24411,3132517.0653343,0
BBWI.US,D,20010910,000000,4.92597,5.18213,4.92597,5.18213,7594851.4421866,0
BBWI.US,D,20010917,000000,4.7974,4.98735,4.49698,4.50563,4437678.461527,0
BBWI.US,D,20010918,000000,4.62516,4.66018,4.49698,4.5497,5049218.1513976,0
BBWI.US,D,20010919,000000,4.55423,4.63391,4.3684,4.5497,5103034.4085676,0
BBWI.US,D,20010920,000000,4.39054,4.47485,4.29779,4.32867,4309219.4551744,0
BBWI.US,D,20010921,000000,4.02815,4.23601,4.02815,4.04586,5438429.6766234,0
BBWI.US,D,20010924,000000,4.11225,4.2845,4.07674,4.17403,5561915.6171818,0
BBWI.US,D,20010925,000000,4.20955,4.2182,3.85561,4.10754,7646641.6731653,0
BBWI.US,D,20010926,000000,4.19616,4.19616,3.9707,4.11225,10746144.575635,0
BBWI.US,D,20010927,000000,4.02815,4.09454,3.98398,4.05451,4704092.2648255,0
BBWI.US,D,20010928,000000,4.06799,4.10341,3.94405,4.06799,11804790.531134,0
BBWI.US,D,20011001,000000,4.09003,4.10754,3.94837,4.03287,3393059.153991,0
BBWI.US,D,20011002,000000,4.06799,4.2182,4.03287,4.17855,6167111.9034228,0
BBWI.US,D,20011003,000000,4.24023,4.70925,4.20955,4.6162,10857861.672633,0
BBWI.US,D,20011004,000000,4.66932,4.66932,4.41288,4.45251,5582273.4699196,0
BBWI.US,D,20011005,000000,4.51892,4.63824,4.32444,4.5983,3650423.4414066,0
BBWI.US,D,20011008,000000,4.58079,4.58532,4.46589,4.53249,2709154.8507608,0
BBWI.US,D,20011009,000000,4.53249,4.55876,4.42172,4.51892,4863990.7654166,0
BBWI.US,D,20011010,000000,4.55876,5.18213,4.54115,5.16,10568155.175847,0
BBWI.US,D,20011011,000000,5.20869,5.43848,4.92597,5.04067,7349695.1570446,0
BBWI.US,D,20011012,000000,4.92597,4.98322,4.71339,4.92597,5565754.1896345,0
BBWI.US,D,20011015,000000,4.92597,5.1778,4.88594,4.99651,3371117.4834881,0
BBWI.US,D,20011016,000000,5.00092,5.19108,5.00092,5.10274,4142548.557952,0
BBWI.US,D,20011017,000000,5.13786,5.27519,4.96984,5.04067,3747669.6488745,0
BBWI.US,D,20011018,000000,5.00988,5.03634,4.84176,4.864,2908852.1097004,0
BBWI.US,D,20011019,000000,4.77536,4.90374,4.70925,4.88151,4584906.4199967,0
BBWI.US,D,20011022,000000,4.81954,4.91712,4.63824,4.70925,4787773.3476089,0
BBWI.US,D,20011023,000000,4.70925,4.85063,4.54115,4.7974,7500092.7841868,0
BBWI.US,D,20011024,000000,4.80183,4.90374,4.78884,4.81954,2275154.2196838,0
BBWI.US,D,20011025,000000,4.73139,4.96984,4.70925,4.94328,2241904.212326,0
BBWI.US,D,20011026,000000,4.89911,5.07146,4.85937,5.02316,3146543.7132957,0
BBWI.US,D,20011029,000000,4.89016,5.03192,4.71822,4.7974,4138926.5151425,0
BBWI.US,D,20011030,000000,4.77536,4.77536,4.58079,4.68261,3185213.0611583,0
BBWI.US,D,20011031,000000,4.66932,4.85937,4.65152,4.77536,4555513.2833713,0
BBWI.US,D,20011101,000000,4.84176,4.85476,4.70925,4.81501,2493397.8016709,0
BBWI.US,D,20011102,000000,4.85937,5.09841,4.82406,4.94781,3504100.2312109,0
BBWI.US,D,20011105,000000,4.98735,5.16,4.95243,5.10274,2361085.9908703,0
BBWI.US,D,20011106,000000,5.10717,5.31039,5.05395,5.31039,4286155.4901832,0
BBWI.US,D,20011107,000000,5.22659,5.43848,5.19993,5.39017,4334775.0359184,0
BBWI.US,D,20011108,000000,5.41674,5.76182,5.40346,5.53104,6887422.6672592,0
BBWI.US,D,20011109,000000,5.55839,5.63336,5.39883,5.5758,2676581.8797519,0
BBWI.US,D,20011112,000000,5.54521,5.68136,5.35477,5.66856,2909076.7719124,0
BBWI.US,D,20011113,000000,5.69444,5.89,5.68549,5.85921,2841676.0752069,0
BBWI.US,D,20011114,000000,5.86393,6.0404,5.82733,5.92944,2713450.880206,0
BBWI.US,D,20011115,000000,5.92502,6.18147,5.86894,6.16406,3418378.890241,0
BBWI.US,D,20011116,000000,6.00854,6.05722,5.82321,6.01296,4088488.3237194,0
BBWI.US,D,20011119,000000,5.9562,5.99093,5.87279,5.9562,4463235.0588419,0
BBWI.US,D,20011120,000000,6.0044,6.04985,5.78828,5.80087,3680496.6640942,0
BBWI.US,D,20011121,000000,5.78318,5.78318,5.5885,5.77952,2919023.9200717,0
BBWI.US,D,20011123,000000,5.73506,5.80087,5.71667,5.80087,2299806.0687247,0
BBWI.US,D,20011126,000000,5.71667,6.06175,5.71667,6.02634,5020258.0740583,0
BBWI.US,D,20011127,000000,5.99564,6.0044,5.80087,5.92502,2734712.4646469,0
BBWI.US,D,20011128,000000,5.89,5.9742,5.80087,5.92059,3606319.504473,0
BBWI.US,D,20011129,000000,5.93416,5.9385,5.80442,5.90239,2746016.7352174,0
BBWI.US,D,20011130,000000,5.85921,6.0404,5.85921,5.96062,5882605.1677851,0
BBWI.US,D,20011203,000000,5.99564,6.06175,5.82321,5.89865,2834891.4797224,0
BBWI.US,D,20011204,000000,5.89865,5.98718,5.83186,5.96968,2914728.9071976,0
BBWI.US,D,20011205,000000,5.94223,6.21629,5.94223,6.13622,8376224.5819545,0
BBWI.US,D,20011206,000000,6.13622,6.23468,5.96968,6.13287,2363808.3682613,0
BBWI.US,D,20011207,000000,6.08792,6.23921,6.0044,6.1856,2577748.8048054,0
BBWI.US,D,20011210,000000,6.16907,6.1735,5.99093,6.00007,1524082.0145288,0
BBWI.US,D,20011211,000000,6.0044,6.08792,5.90239,6.03657,2484122.6070049,0
BBWI.US,D,20011212,000000,6.06618,6.11536,6.01788,6.09245,3038435.4436834,0
BBWI.US,D,20011213,000000,6.09245,6.09245,5.85006,5.85449,2933042.4354644,0
BBWI.US,D,20011214,000000,5.94223,6.06175,5.87701,5.9742,1899500.7031449,0
BBWI.US,D,20011217,000000,6.01296,6.02634,5.87701,5.98207,2822005.4245288,0
BBWI.US,D,20011218,000000,6.02634,6.02634,5.92059,6.00854,1642585.7401532,0
BBWI.US,D,20011219,000000,6.0044,6.0044,5.85449,5.92059,3261196.6676144,0
BBWI.US,D,20011220,000000,6.02634,6.19022,5.94724,6.02634,3099726.5481111,0
BBWI.US,D,20011221,000000,6.03135,6.34959,6.03135,6.23468,6037980.9435769,0
BBWI.US,D,20011224,000000,6.27787,6.3003,6.13622,6.22091,581223.50669126,0
BBWI.US,D,20011226,000000,6.22091,6.47244,6.14133,6.37624,1827808.0432785,0
BBWI.US,D,20011227,000000,6.41146,6.50431,6.33148,6.41146,1262868.9889496,0
BBWI.US,D,20011228,000000,6.39286,6.49457,6.39286,6.44736,1707722.5330311,0
BBWI.US,D,20011231,000000,6.40269,6.52203,6.32755,6.34034,1567502.8156868,0
BBWI.US,D,20020102,000000,6.54464,6.74709,6.41549,6.68187,3999154.0890795,0
BBWI.US,D,20020103,000000,6.57475,6.76627,6.54464,6.67755,5434360.3425323,0
BBWI.US,D,20020104,000000,6.54464,6.92012,6.46073,6.84969,3391245.5911585,0
BBWI.US,D,20020107,000000,6.85334,6.91225,6.63672,6.82392,1988161.96772,0
BBWI.US,D,20020108,000000,6.72043,6.92367,6.68729,6.92367,1607302.5906062,0
BBWI.US,D,20020109,000000,6.88776,6.92721,6.72467,6.88776,3213257.2079414,0
BBWI.US,D,20020110,000000,6.99803,7.15081,6.96115,7.05233,3957319.138829,0
BBWI.US,D,20020111,000000,7.06119,7.16212,6.73932,6.74709,3197201.4840753,0
BBWI.US,D,20020114,000000,6.74709,6.93292,6.63308,6.84527,2943222.3784044,0
BBWI.US,D,20020115,000000,6.84527,6.89858,6.80494,6.86121,5096711.33636,0
BBWI.US,D,20020116,000000,6.86622,6.86622,6.64626,6.69929,2943451.1069006,0
BBWI.US,D,20020117,000000,6.68729,6.75693,6.5897,6.66781,2818840.8387118,0
BBWI.US,D,20020118,000000,6.62355,6.7168,6.54828,6.67263,4036703.175596,0
BBWI.US,D,20020122,000000,6.67263,6.75132,6.61036,6.67263,2218612.5354094,0
BBWI.US,D,20020123,000000,6.67263,7.05755,6.63308,6.92367,6043857.7410739,0
BBWI.US,D,20020124,000000,6.95603,7.40695,6.93292,7.28773,7986102.2090279,0
BBWI.US,D,20020125,000000,7.29993,7.36023,7.15081,7.16516,6927000.8296802,0
BBWI.US,D,20020128,000000,7.10575,7.39378,7.10575,7.38827,4005719.1052076,0
BBWI.US,D,20020129,000000,7.57626,7.69755,7.45585,7.55667,8468950.0977653,0
BBWI.US,D,20020130,000000,7.53386,7.8391,7.49608,7.83673,7488782.4141897,0
BBWI.US,D,20020131,000000,7.83673,8.08306,7.78323,7.9901,17548764.882195,0
BBWI.US,D,20020201,000000,7.9901,8.1711,7.85405,7.94691,8331226.0624578,0
BBWI.US,D,20020204,000000,7.87677,7.92881,7.52589,7.64629,4848836.7401114,0
BBWI.US,D,20020205,000000,7.27849,7.37902,7.07535,7.22439,22743164.634449,0
BBWI.US,D,20020206,000000,7.18986,7.23953,6.76263,7.07968,14446991.97647,0
BBWI.US,D,20020207,000000,7.12877,7.27397,7.08274,7.21769,7585352.6018799,0
BBWI.US,D,20020208,000000,7.21769,7.40695,7.18986,7.34558,5931455.4751586,0
BBWI.US,D,20020211,000000,7.34184,7.47719,7.32797,7.47719,5893913.5046398,0
BBWI.US,D,20020212,000000,7.47719,7.63675,7.29993,7.58186,5085168.1715823,0
BBWI.US,D,20020213,000000,7.61797,7.90205,7.61403,7.87047,10773511.68607,0
BBWI.US,D,20020214,000000,7.77211,7.86585,7.64954,7.78795,4004587.6615796,0
BBWI.US,D,20020215,000000,7.79503,7.81234,7.36023,7.66213,5872651.9201991,0
BBWI.US,D,20020219,000000,7.63291,7.75027,7.52589,7.61797,2893473.4221832,0
BBWI.US,D,20020220,000000,7.61797,7.71239,7.46362,7.65731,3845596.9589758,0
BBWI.US,D,20020221,000000,7.63291,7.85405,7.63291,7.76345,3612430.1133218,0
BBWI.US,D,20020222,000000,7.68476,7.68958,7.45585,7.66213,5209782.5060556,0
BBWI.US,D,20020225,000000,7.59209,7.88159,7.59209,7.82729,4835035.7709328,0
BBWI.US,D,20020226,000000,7.8579,8.06879,7.78795,8.03023,2817480.6665874,0
BBWI.US,D,20020227,000000,8.03023,8.03416,7.57626,7.87362,5888931.2897058,0
BBWI.US,D,20020228,000000,7.87677,7.90205,7.62268,7.75499,3991243.1328225,0
BBWI.US,D,20020301,000000,7.68476,8.1594,7.66213,8.1594,4589204.4825841,0
BBWI.US,D,20020304,000000,8.12624,8.12624,7.97052,8.03416,3313666.9846552,0
BBWI.US,D,20020305,000000,7.8579,7.88788,7.53386,7.64629,6880643.1546302,0
BBWI.US,D,20020306,000000,7.61177,7.77211,7.60223,7.75499,4758369.0287014,0
BBWI.US,D,20020307,000000,7.69755,7.70305,7.45831,7.65731,9951872.16525,0
BBWI.US,D,20020308,000000,7.72174,7.77211,7.67472,7.74309,3767116.6539116,0
BBWI.US,D,20020311,000000,7.74309,7.74309,7.5495,7.61403,4572922.0633641,0
BBWI.US,D,20020312,000000,7.48182,7.62741,7.48182,7.62741,2980089.3457164,0
BBWI.US,D,20020313,000000,7.62741,7.74309,7.5433,7.60223,5601260.984822,0
BBWI.US,D,20020314,000000,7.60694,7.64629,7.58658,7.61403,3817328.1499807,0
BBWI.US,D,20020315,000000,7.76345,7.82257,7.68958,7.76345,4188679.5376479,0
BBWI.US,D,20020318,000000,7.76345,7.84854,7.74791,7.78323,3862784.1264699,0
BBWI.US,D,20020319,000000,7.78323,7.98458,7.78323,7.95782,3438736.7429789,0
BBWI.US,D,20020320,000000,7.95782,8.0563,7.94691,8.03967,4837984.8436779,0
BBWI.US,D,20020321,000000,8.04764,8.10893,7.79503,7.79503,16746353.803626,0
BBWI.US,D,20020322,000000,7.75952,7.8446,7.68004,7.76896,3003606.7014158,0
BBWI.US,D,20020325,000000,7.81234,7.82729,7.61177,7.65338,4606844.0242153,0
BBWI.US,D,20020326,000000,7.78323,7.79896,7.58658,7.68958,4149099.3420848,0
BBWI.US,D,20020327,000000,7.64954,7.76345,7.52589,7.67472,5343441.2735562,0
BBWI.US,D,20020328,000000,7.63291,7.79896,7.61403,7.74309,2238289.2855139,0
BBWI.US,D,20020401,000000,7.5495,7.5495,7.26482,7.31754,10170795.833299,0
BBWI.US,D,20020402,000000,7.31754,7.31754,6.89858,6.92012,8409024.2483175,0
BBWI.US,D,20020403,000000,7.02597,7.29993,7.00246,7.23422,8434801.4415598,0
BBWI.US,D,20020404,000000,7.34558,7.60694,7.24386,7.55353,5413777.8275826,0
BBWI.US,D,20020405,000000,7.48182,7.78795,7.48182,7.69755,6358673.5438933,0
BBWI.US,D,20020408,000000,7.69755,7.99964,7.69755,7.99964,5698736.9373574,0
BBWI.US,D,20020409,000000,8.02089,8.17897,7.95075,8.15536,6798326.3102556,0
BBWI.US,D,20020410,000000,8.10893,8.49759,8.0861,8.49435,8712746.2107829,0
BBWI.US,D,20020411,000000,8.21674,8.49759,8.00505,8.16784,9160546.7944674,0
BBWI.US,D,20020412,000000,8.16784,8.34885,8.1594,8.1711,4785278.682143,0
BBWI.US,D,20020415,000000,8.21674,8.27733,8.16401,8.21124,5545405.4860366,0
BBWI.US,D,20020416,000000,8.25442,8.38583,8.20179,8.2916,4654112.5469659,0
BBWI.US,D,20020417,000000,8.25442,8.34885,8.25442,8.32466,2427815.7506534,0
BBWI.US,D,20020418,000000,8.32466,8.53782,8.22136,8.46699,4376842.7809497,0
BBWI.US,D,20020419,000000,8.46699,8.46699,8.30232,8.41101,4363726.9806889,0
BBWI.US,D,20020422,000000,8.45037,8.53468,8.16401,8.32062,2726114.3063299,0
BBWI.US,D,20020423,000000,8.32062,8.54245,8.28127,8.45834,1717668.6646194,0
BBWI.US,D,20020424,000000,8.45834,8.57471,8.0437,8.12624,4130332.4231098,0
BBWI.US,D,20020425,000000,8.14906,8.25442,8.0437,8.19165,3280879.5171454,0
BBWI.US,D,20020426,000000,8.34885,8.41101,8.0917,8.10893,3746538.2052464,0
BBWI.US,D,20020429,000000,8.14198,8.32466,8.13815,8.20661,4659314.3412564,0
BBWI.US,D,20020430,000000,8.23168,8.28609,8.14513,8.28609,2924679.1050701,0
BBWI.US,D,20020501,000000,8.41101,8.49435,8.36547,8.48115,9275659.2389206,0
BBWI.US,D,20020502,000000,8.51106,8.6479,8.36547,8.57865,6536652.7779707,0
BBWI.US,D,20020503,000000,8.57865,8.59999,8.3757,8.48972,6889237.2466628,0
BBWI.US,D,20020506,000000,8.55986,8.56448,8.2916,8.35367,3765536.9024309,0
BBWI.US,D,20020507,000000,8.43158,8.90602,8.37099,8.69423,6453654.8309627,0
BBWI.US,D,20020508,000000,9.01777,9.06803,8.43788,8.67081,6610605.27538,0
BBWI.US,D,20020509,000000,8.82348,8.86913,8.60462,8.67553,7149322.8948982,0
BBWI.US,D,20020510,000000,8.73682,8.9494,8.69423,8.82348,10495097.261001,0
BBWI.US,D,20020513,000000,8.85093,9.02642,8.80922,8.91389,6073938.0797593,0
BBWI.US,D,20020514,000000,9.06803,9.14054,9.00281,9.12863,7562280.5043198,0
BBWI.US,D,20020515,000000,9.11761,9.35203,9.03429,9.03429,5422599.6315403,0
BBWI.US,D,20020516,000000,9.01294,9.41106,8.92796,9.33885,5587244.5025715,0
BBWI.US,D,20020517,000000,9.3835,9.62255,9.32124,9.62255,7977965.5739879,0
BBWI.US,D,20020520,000000,9.63435,9.65993,9.23723,9.30058,8258399.9258212,0
BBWI.US,D,20020521,000000,9.16572,9.1791,8.86599,8.9855,7466619.1311881,0
BBWI.US,D,20020522,000000,8.93986,9.07748,8.86599,8.95796,4321434.5734457,0
BBWI.US,D,20020523,000000,9.06026,9.16178,8.90838,8.96661,6741331.2352732,0
BBWI.US,D,20020524,000000,8.97291,9.06341,8.87443,9.01777,4196368.8814065,0
BBWI.US,D,20020528,000000,9.06026,9.08308,8.6479,8.71478,3964548.9924528,0
BBWI.US,D,20020529,000000,8.67081,8.81866,8.61249,8.79182,3604966.4483464,0
BBWI.US,D,20020530,000000,8.73682,8.76673,8.62596,8.73682,5867449.1093375,0
BBWI.US,D,20020531,000000,8.77628,9.08308,8.69423,9.07748,4428633.0119284,0
BBWI.US,D,20020603,000000,8.96661,9.06026,8.85566,8.86126,3277259.507478,0
BBWI.US,D,20020604,000000,8.75099,8.90838,8.65803,8.89185,4129880.0489728,0
BBWI.US,D,20020605,000000,8.9917,9.35203,8.96179,9.29566,7162660.3076576,0
BBWI.US,D,20020606,000000,9.44056,9.46417,8.46148,8.72344,24585450.683255,0
BBWI.US,D,20020607,000000,8.6534,8.87906,8.61249,8.86599,5745105.7946893,0
BBWI.US,D,20020610,000000,8.82663,9.06803,8.82663,8.9494,10435174.461267,0
BBWI.US,D,20020611,000000,9.02091,9.07285,8.86599,8.96179,7425911.5582812,0
BBWI.US,D,20020612,000000,8.81404,9.06026,8.68026,8.83283,13518162.149736,0
BBWI.US,D,20020613,000000,8.83283,8.90838,8.77145,8.83667,3695656.7888261,0
BBWI.US,D,20020614,000000,8.5873,8.8406,8.2916,8.8406,10006147.912555,0
BBWI.US,D,20020617,000000,8.81404,9.04531,8.72905,9.03429,5725650.6570834,0
BBWI.US,D,20020618,000000,9.03812,9.15539,8.86599,9.01294,5280120.0766529,0
BBWI.US,D,20020619,000000,8.96179,9.13581,8.92413,9.09175,3799683.5254941,0
BBWI.US,D,20020620,000000,9.09952,9.1122,8.89657,8.92796,7834798.8170406,0
BBWI.US,D,20020621,000000,8.87443,9.02091,8.83283,8.90838,7180296.7995756,0
BBWI.US,D,20020624,000000,8.88703,9.09636,8.63934,8.8831,7710195.6648493,0
BBWI.US,D,20020625,000000,8.79182,9.06803,8.6353,8.71724,4216496.9890769,0
BBWI.US,D,20020626,000000,8.71724,8.71724,8.35829,8.59527,6570127.4475404,0
BBWI.US,D,20020627,000000,8.72344,9.05072,8.59527,8.93986,6860964.3713836,0
BBWI.US,D,20020628,000000,9.03025,9.4809,9.00281,9.2452,8506266.3895011,0
BBWI.US,D,20020701,000000,9.14742,9.24117,9.03429,9.06803,5106429.7560231,0
BBWI.US,D,20020702,000000,9.00754,9.02642,8.72905,8.81404,5221996.6077556,0
BBWI.US,D,20020703,000000,8.76673,8.97685,8.70701,8.8831,4715406.7011069,0
BBWI.US,D,20020705,000000,9.00754,9.25868,8.95402,9.06803,2585891.5392721,0
BBWI.US,D,20020708,000000,9.03025,9.15539,8.92018,9.03429,4512991.1310607,0
BBWI.US,D,20020709,000000,9.15539,9.36777,8.93986,8.94537,5511708.187397,0
BBWI.US,D,20020710,000000,9.00754,9.04206,8.55109,8.61249,5228322.7296765,0
BBWI.US,D,20020711,000000,8.67553,8.85093,8.33557,8.46699,7132129.6279775,0
BBWI.US,D,20020712,000000,8.68026,8.72344,8.17897,8.24752,6139753.9421285,0
BBWI.US,D,20020715,000000,8.09486,8.17424,7.26875,7.95782,7500092.7841868,0
BBWI.US,D,20020716,000000,7.79179,7.87047,7.55353,7.57311,6730472.222842,0
BBWI.US,D,20020717,000000,7.65731,7.82729,6.83582,7.1206,18575065.578608,0
BBWI.US,D,20020718,000000,7.20353,7.81234,7.16212,7.5495,9153984.8280526,0
BBWI.US,D,20020719,000000,7.50788,7.53386,7.11008,7.16212,5842803.3597233,0
BBWI.US,D,20020722,000000,6.98554,7.39378,6.80975,6.98249,5576389.5564248,0
BBWI.US,D,20020723,000000,6.96115,7.2473,6.77336,6.92367,4871675.0263198,0
BBWI.US,D,20020724,000000,6.64076,7.46362,6.64076,7.37007,7598697.130637,0
BBWI.US,D,20020725,000000,7.33643,7.64001,7.1206,7.41857,6270696.4316647,0
BBWI.US,D,20020726,000000,7.35708,7.74309,7.1206,7.64001,5735604.9212405,0
BBWI.US,D,20020729,000000,7.64629,8.2916,7.40312,8.13185,7047546.8466334,0
BBWI.US,D,20020730,000000,8.13815,8.17897,7.76896,8.01695,4748200.2680434,0
BBWI.US,D,20020731,000000,7.94218,7.94218,7.40312,7.79896,7174420.0020785,0
BBWI.US,D,20020801,000000,7.72577,7.72577,7.29069,7.37902,5199610.6956844,0
BBWI.US,D,20020802,000000,7.35708,7.35708,6.97757,7.12877,3407981.4010868,0
BBWI.US,D,20020805,000000,7.11539,7.35708,6.94659,6.97177,2475757.2434686,0
BBWI.US,D,20020806,000000,6.83582,7.14038,6.76627,6.76972,12916133.499026,0
BBWI.US,D,20020807,000000,6.81408,6.93793,6.07601,6.39749,16454375.270445,0
BBWI.US,D,20020808,000000,6.39749,6.65049,6.22987,6.54464,6178422.2734199,0
BBWI.US,D,20020809,000000,6.48651,6.54464,6.32755,6.47727,5894365.8787769,0
BBWI.US,D,20020812,000000,6.08792,6.14133,5.79104,5.90239,10894044.487599,0
BBWI.US,D,20020813,000000,5.90239,6.40269,5.88133,6.24374,6519921.0343268,0
BBWI.US,D,20020814,000000,6.19819,6.63672,6.11536,6.61036,4586041.9299092,0
BBWI.US,D,20020815,000000,6.61036,6.97177,6.61036,6.93292,6153540.6793116,0
BBWI.US,D,20020816,000000,6.93292,6.93793,6.71256,6.86622,4314423.2826071,0
BBWI.US,D,20020819,000000,6.77827,7.16212,6.59718,7.0909,5592899.6875701,0
BBWI.US,D,20020820,000000,7.0909,7.0909,6.9035,6.93793,6324288.026623,0
BBWI.US,D,20020821,000000,7.07535,7.26875,7.06119,7.20648,7468654.3065193,0
BBWI.US,D,20020822,000000,7.09611,7.41857,7.05233,7.34184,7451012.7317459,0
BBWI.US,D,20020823,000000,7.29069,7.29069,7.02312,7.04358,6976988.6801084,0
BBWI.US,D,20020826,000000,7.19821,7.42801,7.0664,7.32276,6773441.6664342,0
BBWI.US,D,20020827,000000,7.12365,7.18012,6.77827,6.92367,5957464.4466106,0
BBWI.US,D,20020828,000000,6.92367,6.92367,6.63308,6.68729,4574278.1692041,0
BBWI.US,D,20020829,000000,6.66298,6.7168,6.42513,6.64076,4971637.5117521,0
BBWI.US,D,20020830,000000,6.66298,6.81408,6.59718,6.63672,3273412.8024564,0
BBWI.US,D,20020903,000000,6.62355,6.63672,6.33572,6.38972,4854715.5707507,0
BBWI.US,D,20020904,000000,6.45622,6.61784,6.36838,6.61381,6445967.5203465,0
BBWI.US,D,20020905,000000,6.41146,6.59718,6.33572,6.58409,6376306.9860979,0
BBWI.US,D,20020906,000000,6.63308,7.0302,6.61036,7.02312,3999839.2579972,0
BBWI.US,D,20020909,000000,6.99803,7.19821,6.82392,7.13251,4186418.6835338,0
BBWI.US,D,20020910,000000,7.21769,7.27849,7.11539,7.27849,3758300.9493804,0
BBWI.US,D,20020911,000000,7.41542,7.46362,7.32797,7.3319,3197654.8747835,0
BBWI.US,D,20020912,000000,6.98249,6.98249,6.69004,6.76263,7936118.424884,0
BBWI.US,D,20020913,000000,6.76263,6.94146,6.7168,6.88422,3063088.3092954,0
BBWI.US,D,20020916,000000,6.87055,7.0664,6.87055,6.96115,2029316.8319084,0
BBWI.US,D,20020917,000000,6.99803,7.14038,6.93292,6.9516,3826375.6327215,0
BBWI.US,D,20020918,000000,6.9516,7.07968,6.80494,7.04879,2370142.622751,0
BBWI.US,D,20020919,000000,7.03472,7.08637,6.89347,6.96833,2183339.5515735,0
BBWI.US,D,20020920,000000,7.13251,7.13251,6.76263,6.97177,6521501.8023788,0
BBWI.US,D,20020923,000000,6.80494,6.84094,6.68729,6.72043,3742016.4970182,0
BBWI.US,D,20020924,000000,6.7168,6.72467,6.55764,6.72043,4306960.6342026,0
BBWI.US,D,20020925,000000,6.76263,6.91511,6.63308,6.79008,6418826.0886953,0
BBWI.US,D,20020926,000000,6.81969,7.05233,6.75693,6.85334,3791320.1951,0
BBWI.US,D,20020927,000000,6.85334,6.98249,6.59226,6.61036,3903950.1729405,0
BBWI.US,D,20020930,000000,6.38028,6.41549,6.04985,6.25751,4962144.7708719,0
BBWI.US,D,20021001,000000,6.21629,6.26213,5.9385,6.1193,15859124.09922,0
BBWI.US,D,20021002,000000,6.11083,6.4333,6.06618,6.08418,3453212.715364,0
BBWI.US,D,20021003,000000,6.08418,6.09245,5.80087,5.84582,6497078.6818341,0
BBWI.US,D,20021004,000000,5.86894,6.10129,5.56272,5.99093,5037678.0363331,0
BBWI.US,D,20021007,000000,5.89,5.9385,5.53104,5.62912,9266840.4846761,0
BBWI.US,D,20021008,000000,5.75759,6.11536,5.64683,6.06618,7178492.385883,0
BBWI.US,D,20021009,000000,5.91203,5.96968,5.63336,5.73093,5667981.5954653,0
BBWI.US,D,20021010,000000,5.62912,6.00007,5.46514,5.89373,8337785.9957304,0
BBWI.US,D,20021011,000000,6.06175,6.56648,6.02251,6.4333,4348116.5149622,0
BBWI.US,D,20021014,000000,6.23921,6.62355,6.22465,6.33572,4762212.6840096,0
BBWI.US,D,20021015,000000,6.65531,6.79008,6.57957,6.67755,5014385.3428456,0
BBWI.US,D,20021016,000000,6.67755,6.76972,6.36355,6.41146,4919850.3304865,0
BBWI.US,D,20021017,000000,6.76263,6.78171,6.57003,6.71256,7124439.2676478,0
BBWI.US,D,20021018,000000,6.71256,7.10064,6.64626,7.00246,5024337.5738604,0
BBWI.US,D,20021021,000000,6.89858,7.32797,6.75132,7.28773,4332737.8274451,0
BBWI.US,D,20021022,000000,7.28773,7.28773,6.91225,6.97177,5805257.3229202,0
BBWI.US,D,20021023,000000,6.82392,6.98249,6.82392,6.92367,6894218.4450257,0
BBWI.US,D,20021024,000000,6.98249,7.00709,6.63308,6.68187,4344500.5715791,0
BBWI.US,D,20021025,000000,6.63308,7.16212,6.57003,7.13251,4562741.1038529,0
BBWI.US,D,20021028,000000,7.13251,7.19359,6.65816,6.74444,4463235.0588419,0
BBWI.US,D,20021029,000000,6.72043,6.84969,6.44264,6.76263,5271525.9846203,0
BBWI.US,D,20021030,000000,6.82757,6.84527,6.61036,6.70696,5777448.00406,0
BBWI.US,D,20021031,000000,6.67755,6.91511,6.67755,6.83582,4770583.1304014,0
BBWI.US,D,20021101,000000,6.72467,7.15533,6.67755,7.10575,4600510.7862969,0
BBWI.US,D,20021104,000000,7.29531,7.29531,6.76627,6.80494,5271297.256124,0
BBWI.US,D,20021105,000000,6.80129,7.0302,6.80129,7.00709,3204887.7781206,0
BBWI.US,D,20021106,000000,6.94659,7.02597,6.76263,6.93292,3982198.699795,0
BBWI.US,D,20021107,000000,6.80494,6.89347,6.65531,6.70696,5157768.6294361,0
BBWI.US,D,20021108,000000,6.61036,6.82757,6.4333,6.5352,4677405.2404535,0
BBWI.US,D,20021111,000000,6.54061,6.54061,6.10129,6.17694,5148043.0937753,0
BBWI.US,D,20021112,000000,6.22091,6.5897,6.19554,6.54464,3838588.7178505,0
BBWI.US,D,20021113,000000,6.4333,6.65531,6.30561,6.65531,4306960.6342026,0
BBWI.US,D,20021114,000000,6.80494,6.9516,6.65816,6.81969,3344883.8498243,0
BBWI.US,D,20021115,000000,6.79568,7.02597,6.73932,6.85334,5257732.1314395,0
BBWI.US,D,20021118,000000,6.8792,6.88422,6.64076,6.66781,2888713.836319,0
BBWI.US,D,20021119,000000,6.6019,6.70342,6.50431,6.68187,7148866.4544769,0
BBWI.US,D,20021120,000000,6.68729,7.0179,6.57475,6.99803,7150899.5966658,0
BBWI.US,D,20021121,000000,6.76263,7.02597,6.4993,7.02597,11607351.076594,0
BBWI.US,D,20021122,000000,7.0302,7.50788,7.0302,7.35482,10929327.637146,0
BBWI.US,D,20021125,000000,7.42801,7.42801,7.19821,7.27849,5829684.5097492,0
BBWI.US,D,20021126,000000,7.18986,7.19359,7.02312,7.0664,3246276.4536609,0
BBWI.US,D,20021127,000000,7.0664,7.53858,7.04358,7.52589,10358502.63618,0
BBWI.US,D,20021129,000000,7.5495,7.59209,7.41542,7.41857,2549930.3368054,0
BBWI.US,D,20021202,000000,7.85405,8.06879,7.26482,7.3319,12205536.071997,0
BBWI.US,D,20021203,000000,7.21238,7.26482,7.02312,7.05233,3756037.0455531,0
BBWI.US,D,20021204,000000,6.98996,7.15916,6.92367,7.0122,5189886.1765946,0
BBWI.US,D,20021205,000000,7.0179,7.0179,6.26656,6.6019,12839916.081218,0
BBWI.US,D,20021206,000000,6.57475,6.76972,6.4993,6.65816,5215209.9791289,0
BBWI.US,D,20021209,000000,6.66298,6.66298,6.39286,6.44736,6082982.5127868,0
BBWI.US,D,20021210,000000,6.53029,6.57475,6.4333,6.54828,5024558.169788,0
BBWI.US,D,20021211,000000,6.5352,6.56167,6.39749,6.44264,5911097.6224208,0
BBWI.US,D,20021212,000000,6.44264,6.5352,6.31407,6.41146,5752106.9198169,0
BBWI.US,D,20021213,000000,6.41549,6.46566,6.33148,6.38489,3443940.5704115,0
BBWI.US,D,20021216,000000,6.35352,6.57475,6.33572,6.57475,5469864.0880065,0
BBWI.US,D,20021217,000000,6.57957,6.57957,6.18147,6.1856,8147360.8817434,0
BBWI.US,D,20021218,000000,6.1856,6.24374,5.87279,6.02634,9909805.4367899,0
BBWI.US,D,20021219,000000,6.01788,6.20271,5.96062,6.10129,4953773.307909,0
BBWI.US,D,20021220,000000,6.10129,6.20271,5.99564,6.15116,8909963.036252,0
BBWI.US,D,20021223,000000,6.15549,6.15549,5.90239,6.05722,7632161.6344957,0
BBWI.US,D,20021224,000000,5.98718,6.0044,5.85006,5.96062,2440474.0939217,0
BBWI.US,D,20021226,000000,6.00007,6.16907,5.97833,6.05349,3491882.0632266,0
BBWI.US,D,20021227,000000,6.0044,6.08418,5.94223,5.96968,2466708.7441567,0
BBWI.US,D,20021230,000000,5.89373,6.16907,5.80933,6.1193,4905377.4078146,0
BBWI.US,D,20021231,000000,6.07601,6.16012,5.93416,6.10641,7408047.3544381,0
BBWI.US,D,20030102,000000,6.09245,6.19819,5.96062,6.13622,11096011.749792,0
BBWI.US,D,20030103,000000,6.14133,6.14133,5.77588,5.87279,7596881.5346623,0
BBWI.US,D,20030106,000000,5.89373,5.9742,5.85449,5.90721,7130095.4692175,0
BBWI.US,D,20030107,000000,5.90721,6.22091,5.85449,6.16012,11953825.953008,0
BBWI.US,D,20030108,000000,6.07148,6.16406,5.94724,6.02634,7152261.8019323,0
BBWI.US,D,20030109,000000,6.24827,6.27787,6.0044,6.21629,11367397.602313,0
BBWI.US,D,20030110,000000,6.06175,6.26213,6.00854,6.11083,6283354.7749331,0
BBWI.US,D,20030113,000000,6.15549,6.18147,5.9385,6.01296,5039939.9070183,0
BBWI.US,D,20030114,000000,5.96968,6.02634,5.90239,5.96486,5187392.5276999,0
BBWI.US,D,20030115,000000,5.85006,5.90239,5.73506,5.77588,10041882.419668,0
BBWI.US,D,20030116,000000,5.79104,5.83678,5.6427,5.6902,11780138.682092,0
BBWI.US,D,20030117,000000,5.6902,5.6902,5.54521,5.5885,5657575.9737423,0
BBWI.US,D,20030121,000000,5.65637,5.69926,5.43435,5.43435,5112990.7058669,0
BBWI.US,D,20030122,000000,5.43848,5.54521,5.3945,5.45637,5247328.5428587,0
BBWI.US,D,20030123,000000,5.5885,5.69926,5.50065,5.68549,6076872.920509,0
BBWI.US,D,20030124,000000,5.67309,5.67309,5.43435,5.47841,5255242.5488291,0
BBWI.US,D,20030127,000000,5.42107,5.56754,5.3945,5.43435,4641899.461837,0
BBWI.US,D,20030128,000000,5.47841,5.54521,5.42983,5.52239,5293919.0126893,0
BBWI.US,D,20030129,000000,5.45637,5.56754,5.43435,5.48738,6219580.1873216,0
BBWI.US,D,20030130,000000,5.46514,5.56754,5.31039,5.34581,4497836.0891844,0
BBWI.US,D,20030131,000000,5.33706,5.56754,5.30617,5.51826,4695047.8317979,0
BBWI.US,D,20030203,000000,5.65637,5.69444,5.48738,5.54915,11951565.098895,0
BBWI.US,D,20030204,000000,5.47841,5.50065,5.39883,5.50065,6613997.5731222,0
BBWI.US,D,20030205,000000,5.50065,5.55839,5.36814,5.41231,7092552.4821277,0
BBWI.US,D,20030206,000000,5.47841,5.50507,5.25728,5.28826,7881167.6743725,0
BBWI.US,D,20030207,000000,5.30165,5.33706,5.04067,5.11582,7087796.9625477,0
BBWI.US,D,20030210,000000,5.19541,5.19541,5.0629,5.15114,3804662.6907149,0
BBWI.US,D,20030211,000000,5.15114,5.27519,5.0629,5.08493,4228033.0378569,0
BBWI.US,D,20030212,000000,5.08916,5.19541,5.04067,5.04067,2677715.3565222,0
BBWI.US,D,20030213,000000,5.0452,5.0452,4.77979,4.95243,8178565.5480593,0
BBWI.US,D,20030214,000000,4.94781,5.07146,4.9124,5.06732,3975634.700238,0
BBWI.US,D,20030218,000000,5.1115,5.22659,5.09389,5.21302,4813777.2362054,0
BBWI.US,D,20030219,000000,5.18665,5.19993,4.93464,5.01402,3256676.9925282,0
BBWI.US,D,20030220,000000,5.00988,5.00988,4.80183,4.85476,6624855.5689822,0
BBWI.US,D,20030221,000000,4.92597,5.01402,4.82406,4.93885,3845145.6014098,0
BBWI.US,D,20030224,000000,4.92124,4.92124,4.82839,4.84176,4119701.1226039,0
BBWI.US,D,20030225,000000,4.77536,4.93021,4.76662,4.86833,6819353.0667736,0
BBWI.US,D,20030226,000000,4.86833,4.95243,4.83292,4.87275,4570431.4641826,0
BBWI.US,D,20030227,000000,4.91712,4.98322,4.81088,4.93464,6965681.3598247,0
BBWI.US,D,20030228,000000,4.89469,5.22207,4.88594,5.20869,8183540.6469956,0
BBWI.US,D,20030303,000000,5.27941,5.37651,5.17347,5.20416,8282825.0795079,0
BBWI.US,D,20030304,000000,5.24852,5.24852,4.96984,4.9787,7330921.1220719,0
BBWI.US,D,20030305,000000,5.02316,5.11582,4.93885,5.1115,4417325.6916447,0
BBWI.US,D,20030306,000000,5.1115,5.23958,5.02316,5.10274,7718557.9786724,0
BBWI.US,D,20030307,000000,5.10274,5.27941,4.97437,5.24411,6578717.4732887,0
BBWI.US,D,20030310,000000,5.19993,5.23101,5.12468,5.12901,3841745.1710987,0
BBWI.US,D,20030311,000000,5.16,5.28394,5.14239,5.1469,3987619.0568707,0
BBWI.US,D,20030312,000000,5.13353,5.18213,5.0629,5.09389,3539828.6388972,0
BBWI.US,D,20030313,000000,5.23958,5.40346,5.17347,5.39883,10221906.994787,0
BBWI.US,D,20030314,000000,5.41231,5.56754,5.37651,5.50507,7265790.4286204,0
BBWI.US,D,20030317,000000,5.43848,5.77952,5.35024,5.74854,7812192.3090417,0
BBWI.US,D,20030318,000000,5.74854,5.82321,5.63336,5.70378,7782106.887501,0
BBWI.US,D,20030319,000000,5.73506,5.82733,5.64683,5.82733,5052379.6875014,0
BBWI.US,D,20030320,000000,5.79104,5.85006,5.62912,5.79625,4378879.989423,0
BBWI.US,D,20030321,000000,5.92502,6.00854,5.80087,5.99564,4412577.2880624,0
BBWI.US,D,20030324,000000,5.90239,5.90239,5.59745,5.72611,5027949.4509591,0
BBWI.US,D,20030325,000000,5.71264,5.86393,5.70801,5.85449,3753553.5623692,0
BBWI.US,D,20030326,000000,5.83678,5.9562,5.79104,5.88133,4840471.3765751,0
BBWI.US,D,20030327,000000,5.85921,5.94724,5.78828,5.84582,3490071.5501073,0
BBWI.US,D,20030328,000000,5.77087,5.83678,5.68136,5.6902,2917442.1354486,0
BBWI.US,D,20030331,000000,5.57148,5.76664,5.50507,5.6902,3541186.7778794,0
BBWI.US,D,20030401,000000,5.65961,5.9742,5.52711,5.64683,3984459.5539091,0
BBWI.US,D,20030402,000000,5.79104,5.92059,5.77952,5.87701,3405265.1231223,0
BBWI.US,D,20030403,000000,5.87701,5.9742,5.85921,5.92059,3182044.4090568,0
BBWI.US,D,20030404,000000,5.94724,6.14133,5.93416,6.05349,5508992.9260037,0
BBWI.US,D,20030407,000000,6.23468,6.26213,6.08792,6.11083,7159497.7549828,0
BBWI.US,D,20030408,000000,6.11083,6.11536,6.00854,6.10641,3625544.8970116,0
BBWI.US,D,20030409,000000,6.10641,6.16907,5.90239,5.94223,3301005.5916737,0
BBWI.US,D,20030410,000000,5.94223,6.02634,5.88498,6.01296,5910196.9404311,0
BBWI.US,D,20030411,000000,6.14665,6.1856,5.96486,5.96486,2971494.2371127,0
BBWI.US,D,20030414,000000,5.96968,6.14665,5.9562,6.11536,4377065.4100193,0
BBWI.US,D,20030415,000000,6.10129,6.28259,6.03135,6.27393,3839266.7707706,0
BBWI.US,D,20030416,000000,6.27118,6.3003,6.02251,6.0404,3033688.0566723,0
BBWI.US,D,20030417,000000,6.0404,6.21236,5.96968,6.21236,3505903.6283325,0
BBWI.US,D,20030421,000000,6.21236,6.26213,6.09686,6.13287,3209190.9235636,0
BBWI.US,D,20030422,000000,6.04985,6.32262,6.04985,6.31918,3658562.1095889,0
BBWI.US,D,20030423,000000,6.28702,6.32262,6.19022,6.31918,2398861.7727407,0
BBWI.US,D,20030424,000000,6.28259,6.28702,6.07955,6.14665,3190872.3124412,0
BBWI.US,D,20030425,000000,6.15116,6.1735,5.99093,6.07955,2778809.2855827,0
BBWI.US,D,20030428,000000,6.11536,6.30561,6.06618,6.29233,2693313.6233958,0
BBWI.US,D,20030429,000000,6.31918,6.57957,6.29557,6.49457,4014763.5382352,0
BBWI.US,D,20030430,000000,6.34496,6.51326,6.32262,6.42985,5956783.3439773,0
BBWI.US,D,20030501,000000,6.26656,6.27118,6.06618,6.14133,6512681.0149921,0
BBWI.US,D,20030502,000000,6.08418,6.28702,6.06618,6.15549,6773665.3120749,0
BBWI.US,D,20030505,000000,6.1856,6.23921,6.10129,6.15116,2825391.6228445,0
BBWI.US,D,20030506,000000,6.1856,6.27787,6.15116,6.25751,3635501.1943109,0
BBWI.US,D,20030507,000000,6.19022,6.24374,6.09245,6.10129,3158298.3248611,0
BBWI.US,D,20030508,000000,6.05722,6.28702,6.05722,6.15549,4958754.5062719,0
BBWI.US,D,20030509,000000,6.15549,6.24374,6.06175,6.19819,4309899.5412367,0
BBWI.US,D,20030512,000000,6.22091,6.54061,6.19554,6.41146,5320602.987348,0
BBWI.US,D,20030513,000000,6.41146,6.45622,6.32755,6.3728,4233685.1731423,0
BBWI.US,D,20030514,000000,6.4333,6.4333,6.26213,6.32262,3804208.2834356,0
BBWI.US,D,20030515,000000,6.32262,6.34496,6.03657,6.10129,7135751.6707871,0
BBWI.US,D,20030516,000000,6.04492,6.07955,5.9562,5.99093,5915177.1222229,0
BBWI.US,D,20030519,000000,6.00007,6.19022,5.74854,5.78318,6325873.8775303,0
BBWI.US,D,20030520,000000,5.89,5.95207,5.81406,5.86894,6358216.0869008,0
BBWI.US,D,20030521,000000,5.83186,6.01296,5.80087,5.94223,3907788.7453932,0
BBWI.US,D,20030522,000000,5.96968,6.1193,5.96486,6.10129,4314423.2826071,0
BBWI.US,D,20030523,000000,6.05722,6.14665,5.96968,6.10129,4385895.3465459,0
BBWI.US,D,20030527,000000,6.06618,6.29557,6.03657,6.28702,4786189.5298436,0
BBWI.US,D,20030528,000000,6.39749,6.49457,6.36838,6.44736,6326551.9304503,0
BBWI.US,D,20030529,000000,6.44736,6.65531,6.44736,6.51799,6610377.5634548,0
BBWI.US,D,20030530,000000,6.22987,6.74709,6.22987,6.74709,7230062.0209342,0
BBWI.US,D,20030602,000000,6.84527,6.93793,6.80975,6.8311,7300616.1211747,0
BBWI.US,D,20030603,000000,6.77336,6.80975,6.70342,6.78171,4614537.4342582,0
BBWI.US,D,20030604,000000,6.75693,6.89347,6.74444,6.87419,3429015.2736024,0
BBWI.US,D,20030605,000000,6.78664,7.07535,6.76263,6.93793,4409858.9769558,0
BBWI.US,D,20030606,000000,7.05233,7.18553,6.88422,6.89858,5260896.7172566,0
BBWI.US,D,20030609,000000,6.88776,6.93292,6.74709,6.76972,5071831.775394,0
BBWI.US,D,20030610,000000,6.85334,6.89347,6.81969,6.89347,2796898.1516377,0
BBWI.US,D,20030611,000000,6.89347,7.12877,6.89347,7.1206,5753697.8535799,0
BBWI.US,D,20030612,000000,7.15081,7.24386,7.10064,7.21995,5466699.5021895,0
BBWI.US,D,20030613,000000,7.25183,7.29531,6.97177,7.00709,3826828.0068587,0
BBWI.US,D,20030616,000000,7.1206,7.25183,7.0302,7.25183,3384230.2340357,0
BBWI.US,D,20030617,000000,7.29531,7.29531,7.02312,7.05233,5416268.4267641,0
BBWI.US,D,20030618,000000,7.07535,7.10575,6.91225,6.98554,5205483.4268971,0
BBWI.US,D,20030619,000000,7.05233,7.07535,6.85334,6.85334,3597952.1077945,0
BBWI.US,D,20030620,000000,6.9516,6.96115,6.87419,6.91511,3511785.5086851,0
BBWI.US,D,20030623,000000,6.91511,6.92367,6.74444,6.77827,3440765.8188833,0
BBWI.US,D,20030624,000000,6.80975,6.9638,6.77827,6.84527,5272205.0541114,0
BBWI.US,D,20030625,000000,6.78664,6.87419,6.7288,6.73932,4830515.0792758,0
BBWI.US,D,20030626,000000,6.69369,6.79008,6.61036,6.77827,5319020.1861539,0
BBWI.US,D,20030627,000000,6.75693,6.81408,6.63308,6.63672,6271145.7560885,0
BBWI.US,D,20030630,000000,6.67755,6.89347,6.67755,6.85334,8468274.0779875,0
BBWI.US,D,20030701,000000,6.85334,6.93292,6.7288,6.9035,6207138.3736965,0
BBWI.US,D,20030702,000000,6.94146,6.9638,6.85765,6.92012,4098445.6375896,0
BBWI.US,D,20030703,000000,6.87419,6.96833,6.85334,6.86121,2914728.9071976,0
BBWI.US,D,20030707,000000,6.9516,7.07535,6.9516,7.05233,2999766.0958209,0
BBWI.US,D,20030708,000000,7.05233,7.26482,7.0302,7.21769,3926338.1181539,0
BBWI.US,D,20030709,000000,7.16212,7.21238,7.07535,7.08274,4549178.0123105,0
BBWI.US,D,20030710,000000,7.12877,7.23422,7.07535,7.15916,4826219.0498306,0
BBWI.US,D,20030711,000000,7.29069,7.38434,7.29069,7.35708,6431718.2433153,0
BBWI.US,D,20030714,000000,7.41148,7.50788,7.33643,7.36485,7013852.5977072,0
BBWI.US,D,20030715,000000,7.36485,7.41542,7.08274,7.19359,6961832.621661,0
BBWI.US,D,20030716,000000,7.15533,7.20648,7.08637,7.10064,4528364.7357224,0
BBWI.US,D,20030717,000000,7.07968,7.08637,6.92012,6.98249,4674240.6546364,0
BBWI.US,D,20030718,000000,7.04358,7.20648,7.00709,7.16516,7393116.9747736,0
BBWI.US,D,20030721,000000,7.16516,7.30446,6.53029,7.26875,6471974.4586562,0
BBWI.US,D,20030722,000000,7.31754,7.46745,7.27397,7.31223,6629376.2606394,0
BBWI.US,D,20030723,000000,7.45211,7.51645,7.28773,7.49923,4448538.4905292,0
BBWI.US,D,20030724,000000,7.51645,7.64954,7.42801,7.45211,4321884.9144405,0
BBWI.US,D,20030725,000000,7.45585,7.51645,7.38827,7.43647,3554534.3563497,0
BBWI.US,D,20030728,000000,7.42801,7.5613,7.40312,7.52589,3144506.5048224,0
BBWI.US,D,20030729,000000,7.56907,7.57626,7.38434,7.45211,4932740.4519644,0
BBWI.US,D,20030730,000000,7.47228,7.48733,7.34184,7.40695,2319703.4147567,0
BBWI.US,D,20030731,000000,7.49608,7.52589,7.37902,7.38827,8184218.6999156,0
BBWI.US,D,20030801,000000,7.37538,7.41857,7.31754,7.37007,3721437.0317818,0
BBWI.US,D,20030804,000000,7.37007,7.49923,7.28773,7.4224,3528977.7590348,0
BBWI.US,D,20030805,000000,7.41857,7.41857,7.15081,7.19821,4231420.2527438,0
BBWI.US,D,20030806,000000,7.13251,7.25566,7.09611,7.12877,4300400.70093,0
BBWI.US,D,20030807,000000,7.28773,7.81234,7.18986,7.27397,3427658.1511913,0
BBWI.US,D,20030808,000000,7.30446,7.5433,7.29993,7.5126,3523998.5938141,0
BBWI.US,D,20030811,000000,7.51645,7.61177,7.49923,7.60694,4970732.763478,0
BBWI.US,D,20030812,000000,7.5613,7.68004,7.53858,7.67,3384467.0951006,0
BBWI.US,D,20030813,000000,7.71239,7.74791,7.34184,7.59209,4635340.5451356,0
BBWI.US,D,20030814,000000,7.59209,7.59209,7.47719,7.5495,3904621.1098628,0
BBWI.US,D,20030815,000000,7.55667,7.57311,7.47228,7.52185,1862415.1730476,0
BBWI.US,D,20030818,000000,7.52185,7.61403,7.52185,7.59671,1620421.4405805,0
BBWI.US,D,20030819,000000,7.60694,7.66597,7.57311,7.66597,3333120.089119,0
BBWI.US,D,20030820,000000,7.55667,7.69755,7.55667,7.69755,2589737.2277225,0
BBWI.US,D,20030821,000000,7.47228,7.51645,7.27849,7.3503,8088554.2770707,0
BBWI.US,D,20030822,000000,7.46745,7.53858,7.17559,7.18553,8369898.4600335,0
BBWI.US,D,20030825,000000,7.18553,7.18553,7.12877,7.18553,5824481.6988877,0
BBWI.US,D,20030826,000000,7.16212,7.32276,7.04879,7.28773,3212576.105308,0
BBWI.US,D,20030827,000000,7.29531,7.36485,7.28773,7.33643,2742392.6592656,0
BBWI.US,D,20030828,000000,7.36023,7.58186,7.35708,7.55667,4358977.5605355,0
BBWI.US,D,20030829,000000,7.52589,7.5613,7.46745,7.49923,3516308.2334845,0
BBWI.US,D,20030902,000000,7.50228,7.51645,7.41857,7.42801,5470091.7999317,0
BBWI.US,D,20030903,000000,7.42801,7.52185,7.4224,7.45831,4282085.139521,0
BBWI.US,D,20030904,000000,7.36023,7.45585,7.25183,7.29069,8606226.8417913,0
BBWI.US,D,20030905,000000,7.25566,7.2602,7.05755,7.12877,7252218.1879381,0
BBWI.US,D,20030908,000000,7.11539,7.16212,7.05755,7.15533,3142246.6672795,0
BBWI.US,D,20030909,000000,7.07535,7.09611,6.92721,6.96115,7020859.8222614,0
BBWI.US,D,20030910,000000,6.98554,7.11008,6.92012,6.93793,5339149.3103955,0
BBWI.US,D,20030911,000000,6.94146,7.12877,6.94146,7.0302,5188747.6169688,0
BBWI.US,D,20030912,000000,7.03472,7.07093,6.9035,6.97757,4727166.3955277,0
BBWI.US,D,20030915,000000,7.07535,7.07535,7.0122,7.06119,2375336.2844726,0
BBWI.US,D,20030916,000000,7.07093,7.23422,7.03916,7.23422,4083741.9532793,0
BBWI.US,D,20030917,000000,7.23422,7.29993,7.23422,7.2602,3872962.0362678,0
BBWI.US,D,20030918,000000,7.25183,7.28311,7.20648,7.23422,3679147.6742519,0
BBWI.US,D,20030919,000000,7.23422,7.2473,7.12365,7.16516,3465431.8999196,0
BBWI.US,D,20030922,000000,7.0302,7.07535,6.96833,7.00709,5194852.1263911,0
BBWI.US,D,20030923,000000,7.0122,7.07093,6.9638,6.98554,4495576.2516414,0
BBWI.US,D,20030924,000000,6.98249,6.98249,6.79008,6.79568,6508163.3730482,0
BBWI.US,D,20030925,000000,6.81408,6.8311,6.66781,6.68187,7318484.3913021,0
BBWI.US,D,20030926,000000,6.63308,6.7168,6.55291,6.5897,7377734.2209722,0
BBWI.US,D,20030929,000000,6.65531,6.83582,6.61036,6.74444,5742158.7550866,0
BBWI.US,D,20030930,000000,6.67263,6.8311,6.5897,6.66781,8901365.8945061,0
BBWI.US,D,20031001,000000,6.66781,6.96833,6.66781,6.96833,5285091.1093049,0
BBWI.US,D,20031002,000000,6.96833,7.1206,6.93793,7.08637,6165760.8804383,0
BBWI.US,D,20031003,000000,7.08637,7.26875,7.08637,7.17559,5470770.8694228,0
BBWI.US,D,20031006,000000,7.17559,7.17559,7.0909,7.15081,3967725.777123,0
BBWI.US,D,20031007,000000,7.07535,7.26482,7.0302,7.22901,4401944.9709854,0
BBWI.US,D,20031008,000000,7.24386,7.24386,7.04358,7.07535,4958068.3207831,0
BBWI.US,D,20031009,000000,7.07535,7.71712,7.07535,7.52185,12362041.258274,0
BBWI.US,D,20031010,000000,7.52185,7.53858,7.29531,7.46362,5859768.9147188,0
BBWI.US,D,20031013,000000,7.53061,7.71239,7.5126,7.64001,2526643.7427444,0
BBWI.US,D,20031014,000000,7.57311,7.81234,7.53386,7.75027,5383700.5386105,0
BBWI.US,D,20031015,000000,7.80457,7.84854,7.64001,7.81234,4870315.8707664,0
BBWI.US,D,20031016,000000,7.81234,7.84854,7.73758,7.79179,3084573.539377,0
BBWI.US,D,20031017,000000,7.81234,7.87047,7.67,7.68958,3071908.0801109,0
BBWI.US,D,20031020,000000,7.68958,7.78323,7.61403,7.75027,2976018.9950542,0
BBWI.US,D,20031021,000000,7.84854,7.88159,7.73758,7.77772,4289548.8044966,0
BBWI.US,D,20031022,000000,7.77772,7.77772,7.50788,7.56907,4050050.7540663,0
BBWI.US,D,20031023,000000,7.51645,7.59209,7.49048,7.55667,3187020.5245642,0
BBWI.US,D,20031024,000000,7.55667,7.55667,7.29531,7.5126,4493764.721951,0
BBWI.US,D,20031027,000000,7.5126,7.60694,7.38434,7.5613,2807078.0945777,0
BBWI.US,D,20031028,000000,7.5613,7.70778,7.55667,7.68958,3986034.2225344,0
BBWI.US,D,20031029,000000,7.67,7.73758,7.53386,7.68958,2743073.7618989,0
BBWI.US,D,20031030,000000,7.68958,7.78323,7.57311,7.64954,3781590.5931548,0
BBWI.US,D,20031031,000000,7.64954,7.82729,7.64954,7.78323,3337650.9464871,0
BBWI.US,D,20031103,000000,7.78323,7.91691,7.75952,7.86585,3978974.1362833,0
BBWI.US,D,20031104,000000,7.80457,7.84854,7.69351,7.74309,2842825.8171147,0
BBWI.US,D,20031105,000000,7.74309,7.82729,7.60694,7.74791,2766595.1838828,0
BBWI.US,D,20031106,000000,7.74791,7.95458,7.62741,7.94218,5951584.5994002,0
BBWI.US,D,20031107,000000,7.94218,7.95782,7.79503,7.80457,3250119.0923978,0
BBWI.US,D,20031110,000000,7.80772,7.81234,7.70305,7.75499,2794642.3803791,0
BBWI.US,D,20031111,000000,7.75499,7.85405,7.60694,7.69351,3351889.0412362,0
BBWI.US,D,20031112,000000,7.69351,7.80772,7.64954,7.80772,3344659.1876123,0
BBWI.US,D,20031113,000000,7.74309,7.95782,7.64954,7.95782,5319694.1727895,0
BBWI.US,D,20031114,000000,7.91691,8.16401,7.78323,7.87047,6007443.1478991,0
BBWI.US,D,20031117,000000,7.87047,7.87047,7.62741,7.71712,2619142.5632012,0
BBWI.US,D,20031118,000000,7.73758,7.8391,7.71712,7.71712,3106741.905234,0
BBWI.US,D,20031119,000000,7.70305,7.76345,7.64954,7.73354,6063980.7658889,0
BBWI.US,D,20031120,000000,7.8446,7.99403,7.75952,7.89271,7496702.5195867,0
BBWI.US,D,20031121,000000,7.95782,8.00741,7.79503,7.8446,14673836.766488,0
BBWI.US,D,20031124,000000,7.89271,7.95075,7.84854,7.87047,5850033.2133471,0
BBWI.US,D,20031125,000000,7.89271,8.0437,7.86585,7.95782,5963113.5321826,0
BBWI.US,D,20031126,000000,8.00505,8.00505,7.74309,7.83201,2849826.9422423,0
BBWI.US,D,20031128,000000,7.8579,7.95075,7.83673,7.92321,1244095.970548,0
BBWI.US,D,20031201,000000,7.99964,8.0437,7.92881,8.02089,6190862.0539028,0
BBWI.US,D,20031202,000000,7.95782,7.98458,7.86191,7.89576,3339902.6514613,0
BBWI.US,D,20031203,000000,7.86191,8.03967,7.81617,8.03967,7157233.8511555,0
BBWI.US,D,20031204,000000,8.01695,8.03416,7.61403,7.79896,8522100.5008685,0
BBWI.US,D,20031205,000000,7.78323,7.83201,7.71712,7.79179,3555659.7005513,0
BBWI.US,D,20031208,000000,7.72577,7.87047,7.71239,7.8579,3547748.7442942,0
BBWI.US,D,20031209,000000,7.88788,7.91691,7.71239,7.73354,2676362.3003955,0
BBWI.US,D,20031210,000000,7.66213,7.71712,7.59209,7.68004,3175488.5420685,0
BBWI.US,D,20031211,000000,7.65731,7.86191,7.65731,7.74791,3436698.5179344,0
BBWI.US,D,20031212,000000,7.77211,7.78323,7.61797,7.70778,2211373.5326457,0
BBWI.US,D,20031215,000000,7.77211,7.80772,7.59209,7.59209,3024871.3355698,0
BBWI.US,D,20031216,000000,7.57626,7.71239,7.37538,7.67,6641589.3457683,0
BBWI.US,D,20031217,000000,7.62741,7.8579,7.58186,7.8446,4437227.1039611,0
BBWI.US,D,20031218,000000,7.8446,7.97918,7.79179,7.95782,3360942.6234035,0
BBWI.US,D,20031219,000000,7.95782,7.95782,7.82257,7.92881,4439040.6667936,0
BBWI.US,D,20031222,000000,7.92881,7.99403,7.87047,7.93431,3830219.2880298,0
BBWI.US,D,20031223,000000,7.93431,7.99403,7.89576,7.92321,2475981.9056804,0
BBWI.US,D,20031224,000000,7.90737,7.91937,7.80457,7.87677,1056609.7635951,0
BBWI.US,D,20031226,000000,7.90737,7.97524,7.90737,7.94691,1324612.4675143,0
BBWI.US,D,20031229,000000,7.94691,7.97524,7.82729,7.95782,3399836.6334778,0
BBWI.US,D,20031230,000000,7.91691,7.95782,7.89271,7.95075,2527546.4578762,0
BBWI.US,D,20031231,000000,7.96737,7.9901,7.87362,7.97052,2072513.9874257,0
BBWI.US,D,20040102,000000,7.96255,8.00505,7.80457,7.84854,2681330.2833341,0
BBWI.US,D,20040105,000000,7.86585,7.95075,7.73758,7.89271,4116763.2321409,0
BBWI.US,D,20040106,000000,7.82729,7.99964,7.82729,7.99964,9151275.6660858,0
BBWI.US,D,20040107,000000,7.93835,8.16401,7.90205,8.13185,8070230.5830929,0
BBWI.US,D,20040108,000000,8.12624,8.20179,7.80457,7.95782,7810379.7627802,0
BBWI.US,D,20040109,000000,7.95782,7.95782,7.78323,7.8579,3890152.2534752,0
BBWI.US,D,20040112,000000,7.82729,7.9114,7.67,7.83673,3274995.6036506,0
BBWI.US,D,20040113,000000,7.79896,7.87047,7.68004,7.77211,4240247.139557,0
BBWI.US,D,20040114,000000,7.73758,7.89271,7.73758,7.88159,2793734.5823918,0
BBWI.US,D,20040115,000000,7.84854,7.95782,7.77211,7.93835,2895957.9219382,0
BBWI.US,D,20040116,000000,7.91691,8.02639,7.85405,8.02639,3674841.4790957,0
BBWI.US,D,20040120,000000,7.95782,8.01135,7.71239,7.95075,3332667.714982,0
BBWI.US,D,20040121,000000,7.95075,8.05227,7.87047,7.97918,4511179.6013705,0
BBWI.US,D,20040122,000000,7.95782,8.02639,7.8391,7.87362,3664892.2977941,0
BBWI.US,D,20040123,000000,7.87362,8.00505,7.84854,7.92881,2335992.9499744,0
BBWI.US,D,20040126,000000,7.89576,8.03967,7.86585,8.03416,2366067.1892332,0
BBWI.US,D,20040127,000000,8.03967,8.10577,7.94218,8.01135,4259241.7704572,0
BBWI.US,D,20040128,000000,8.01135,8.0917,7.8579,7.89271,6844678.9024502,0
BBWI.US,D,20040129,000000,7.87047,7.9901,7.80457,7.88159,7724889.1834488,0
BBWI.US,D,20040130,000000,7.88159,8.0917,7.80457,8.04764,6341709.0054689,0
BBWI.US,D,20040202,000000,8.05227,8.33557,8.05227,8.28609,8886890.938692,0
BBWI.US,D,20040203,000000,8.33557,8.56448,8.31353,8.42686,9842408.8063688,0
BBWI.US,D,20040204,000000,8.46699,8.59999,8.38987,8.42686,8674528.2204864,0
BBWI.US,D,20040205,000000,8.53468,8.55592,8.26386,8.35829,6123007.9664892,0
BBWI.US,D,20040206,000000,8.3402,8.54245,8.32062,8.48598,3499122.0825613,0
BBWI.US,D,20040209,000000,8.46699,8.52523,8.35829,8.38583,4465494.896385,0
BBWI.US,D,20040210,000000,8.3757,8.44565,8.2916,8.34885,4065418.2593015,0
BBWI.US,D,20040211,000000,8.36547,8.4009,8.2916,8.35829,6226142.1537364,0
BBWI.US,D,20040212,000000,8.35829,8.53468,8.35829,8.50712,6996656.2810732,0
BBWI.US,D,20040213,000000,8.50712,8.56448,8.17897,8.3821,4862403.8979382,0
BBWI.US,D,20040217,000000,8.46699,8.5873,8.39607,8.55986,3674170.5421733,0
BBWI.US,D,20040218,000000,8.5873,8.61878,8.45273,8.51962,3762145.6212598,0
BBWI.US,D,20040219,000000,8.55592,8.60845,8.4009,8.42056,2672519.6616584,0
BBWI.US,D,20040220,000000,8.55592,8.73368,8.44565,8.73368,7011134.2866006,0
BBWI.US,D,20040223,000000,8.82663,8.85093,8.67553,8.70701,8758437.0151949,0
BBWI.US,D,20040224,000000,8.6896,8.87443,8.67081,8.75099,7429976.826088,0
BBWI.US,D,20040225,000000,8.82348,8.97685,8.75807,8.9311,8406534.6657071,0
BBWI.US,D,20040226,000000,9.28582,9.29566,8.8406,8.89185,21357271.228217,0
BBWI.US,D,20040227,000000,8.62281,8.90838,8.62281,8.73368,21324926.985705,0
BBWI.US,D,20040301,000000,8.77628,8.79182,8.66678,8.75099,9989643.8808362,0
BBWI.US,D,20040302,000000,8.74145,8.74145,8.60845,8.66678,14700071.416723,0
BBWI.US,D,20040303,000000,8.58966,8.76673,8.57865,8.69827,7870310.6950836,0
BBWI.US,D,20040304,000000,8.73368,8.73682,8.60462,8.61878,12255972.230278,0
BBWI.US,D,20040305,000000,8.62281,8.6479,8.57865,8.59527,6397566.5373967,0
BBWI.US,D,20040308,000000,8.78168,8.78168,8.53782,8.54245,6942157.9046987,0
BBWI.US,D,20040309,000000,8.53782,8.57471,8.48972,8.50712,5651471.46432,0
BBWI.US,D,20040310,000000,8.50712,8.52523,8.47251,8.52523,9100160.4383138,0
BBWI.US,D,20040311,000000,8.52523,8.52985,8.42371,8.42371,9087044.6380529,0
BBWI.US,D,20040312,000000,8.46699,8.49759,8.44171,8.49435,5946379.7553965,0
BBWI.US,D,20040315,000000,8.47722,8.51106,8.3821,8.38987,5597643.0082968,0
BBWI.US,D,20040316,000000,8.44171,8.48115,8.3821,8.44565,6308688.7431783,0
BBWI.US,D,20040317,000000,8.50231,8.56999,8.47251,8.51106,5488185.7488422,0
BBWI.US,D,20040318,000000,8.48972,8.52985,8.45834,8.46699,5890070.8659028,0
BBWI.US,D,20040319,000000,8.46699,8.63934,8.46699,8.5873,10065858.24893,0
BBWI.US,D,20040322,000000,8.5873,8.60462,8.47722,8.52985,7248825.890196,0
BBWI.US,D,20040323,000000,8.77628,8.79427,8.67081,8.70701,10312593.268983,0
BBWI.US,D,20040324,000000,8.6833,8.72344,8.61249,8.63934,8657567.7483462,0
BBWI.US,D,20040325,000000,8.66678,8.70701,8.60845,8.65803,10602307.898337,0
BBWI.US,D,20040326,000000,8.6353,8.71085,8.6353,8.66678,11253413.551776,0
BBWI.US,D,20040329,000000,8.92413,8.92413,8.71085,8.73368,15029579.721571,0
BBWI.US,D,20040330,000000,8.73368,8.79427,8.72905,8.75581,4703871.668898,0
BBWI.US,D,20040331,000000,8.79889,8.8406,8.73368,8.8406,6309815.103951,0
BBWI.US,D,20040401,000000,8.82348,8.83283,8.71478,8.78639,4479742.1402739,0
BBWI.US,D,20040402,000000,8.87906,8.95796,8.83037,8.9494,5924673.9293874,0
BBWI.US,D,20040405,000000,8.90838,9.10355,8.90838,9.08781,5406770.6030284,0
BBWI.US,D,20040406,000000,9.08781,9.39629,9.06341,9.34809,11518925.656514,0
BBWI.US,D,20040407,000000,9.34809,9.37859,9.2452,9.29566,7385655.3429403,0
BBWI.US,D,20040408,000000,9.37465,9.37465,9.05396,9.09636,7225764.974918,0
BBWI.US,D,20040412,000000,9.09636,9.16975,9.05396,9.08308,4486071.3119081,0
BBWI.US,D,20040413,000000,9.10816,9.16975,8.82348,8.86913,8274905.990682,0
BBWI.US,D,20040414,000000,8.78168,8.92413,8.78168,8.83283,5517132.6107571,0
BBWI.US,D,20040415,000000,8.8406,8.86599,8.79889,8.84689,6776839.0470318,0
BBWI.US,D,20040416,000000,8.85566,8.9494,8.83037,8.90602,5679284.8494647,0
BBWI.US,D,20040419,000000,8.92018,9.00281,8.81866,8.98787,3491659.4341569,0
BBWI.US,D,20040420,000000,9.04206,9.16178,9.02091,9.07285,4447401.9640456,0
BBWI.US,D,20040421,000000,9.05072,9.12863,8.83283,9.04531,3728223.6604085,0
BBWI.US,D,20040422,000000,9.02091,9.28582,8.97685,9.24117,7151803.3283688,0
BBWI.US,D,20040423,000000,9.21923,9.32124,9.14584,9.31632,3690449.9116802,0
BBWI.US,D,20040426,000000,9.30737,9.32911,9.28002,9.31632,4625167.7181932,0
BBWI.US,D,20040427,000000,9.29566,9.57238,9.29566,9.48483,9067599.6661579,0
BBWI.US,D,20040428,000000,9.42875,9.42875,9.33492,9.40515,6618296.6522807,0
BBWI.US,D,20040429,000000,9.40515,9.42482,9.15066,9.19798,6795603.9328647,0
BBWI.US,D,20040430,000000,9.24117,9.30058,9.12312,9.12863,6348266.9055993,0
BBWI.US,D,20040503,000000,9.14742,9.28582,9.1122,9.26831,4519779.7928297,0
BBWI.US,D,20040504,000000,9.25868,9.30254,9.08781,9.17427,6310950.6138636,0
BBWI.US,D,20040505,000000,9.16572,9.23723,9.10816,9.20181,7500768.8039646,0
BBWI.US,D,20040506,000000,9.09175,9.17427,8.95402,9.03429,7947882.1855892,0
BBWI.US,D,20040507,000000,9.02091,9.10816,8.83667,8.8406,7690510.782176,0
BBWI.US,D,20040510,000000,8.8406,8.8406,8.73682,8.80922,6312307.7362746,0
BBWI.US,D,20040511,000000,8.82663,8.8831,8.78639,8.8406,4971866.2402483,0
BBWI.US,D,20040512,000000,8.82348,8.86913,8.69827,8.8406,6296021.2507702,0
BBWI.US,D,20040513,000000,8.8406,8.8406,8.71478,8.77628,4005719.1052076,0
BBWI.US,D,20040514,000000,8.74627,8.8406,8.73368,8.79182,3700173.4141987,0
BBWI.US,D,20040517,000000,8.6896,8.6896,8.48115,8.52985,8601478.4382089,0
BBWI.US,D,20040518,000000,8.52985,8.67553,8.52523,8.61878,4696854.2786329,0
BBWI.US,D,20040519,000000,8.64397,8.71478,8.59999,8.61878,4201570.6756969,0
BBWI.US,D,20040520,000000,8.61878,8.61878,8.46699,8.50712,4007979.9593217,0
BBWI.US,D,20040521,000000,8.51106,8.63067,8.49435,8.53468,4850420.5578766,0
BBWI.US,D,20040524,000000,8.51106,8.55986,8.42686,8.49435,6680718.1837654,0
BBWI.US,D,20040525,000000,8.46699,8.63067,8.43158,8.59527,6198325.7188784,0
BBWI.US,D,20040526,000000,8.49759,8.64397,8.42686,8.57865,4981136.3520588,0
BBWI.US,D,20040527,000000,8.6534,8.77628,8.57865,8.57865,4881630.3070479,0
BBWI.US,D,20040528,000000,8.61878,8.61878,8.50712,8.53468,5135380.6842225,0
BBWI.US,D,20040601,000000,8.54245,8.55592,8.46699,8.51962,4727390.0411686,0
BBWI.US,D,20040602,000000,8.48972,8.53468,8.42371,8.47251,5923764.0982578,0
BBWI.US,D,20040603,000000,8.48115,8.56999,8.43788,8.50231,8625454.267472,0
BBWI.US,D,20040604,000000,8.59999,8.60462,8.44565,8.47722,3851475.7896151,0
BBWI.US,D,20040607,000000,8.52523,8.5873,8.46699,8.57865,3256226.6515334,0
BBWI.US,D,20040608,000000,8.57865,8.69423,8.55592,8.61878,4052078.8133999,0
BBWI.US,D,20040609,000000,8.62281,8.67081,8.51106,8.51588,4073109.6362022,0
BBWI.US,D,20040610,000000,8.51588,8.61878,8.51588,8.57865,3609942.5638538,0
BBWI.US,D,20040614,000000,8.57865,8.58346,8.4009,8.44171,4523619.3818535,0
BBWI.US,D,20040615,000000,8.44565,8.55592,8.43788,8.51106,3889697.846196,0
BBWI.US,D,20040616,000000,8.52985,8.53468,8.43788,8.47251,3408207.0798697,0
BBWI.US,D,20040617,000000,8.48972,8.49759,8.41101,8.44171,2876960.2413247,0
BBWI.US,D,20040618,000000,8.4009,8.44171,8.28127,8.28127,6772762.596943,0
BBWI.US,D,20040621,000000,8.28609,8.38583,8.20179,8.24752,7655008.0532728,0
BBWI.US,D,20040622,000000,8.26386,8.29927,8.16401,8.20661,4699568.5234551,0
BBWI.US,D,20040623,000000,8.22451,8.32062,8.20179,8.2916,6329038.4633474,0
BBWI.US,D,20040624,000000,8.32062,8.42056,8.28127,8.30792,4048917.277296,0
BBWI.US,D,20040625,000000,8.35367,8.41101,8.21674,8.29927,5572766.4970441,0
BBWI.US,D,20040628,000000,8.4009,8.47251,8.35829,8.37973,4861507.2822329,0
BBWI.US,D,20040629,000000,8.37973,8.37973,8.10893,8.25205,7216489.780252,0
BBWI.US,D,20040630,000000,8.25442,8.32466,8.22451,8.26946,3633008.5619872,0
BBWI.US,D,20040701,000000,8.31353,8.35829,8.20179,8.30232,5532282.569778,0
BBWI.US,D,20040702,000000,8.31353,8.36547,8.25914,8.31669,5524822.9710868,0
BBWI.US,D,20040706,000000,8.33557,8.51106,8.31669,8.45273,5746004.4435369,0
BBWI.US,D,20040707,000000,8.45834,8.71085,8.45834,8.6479,8819721.0036249,0
BBWI.US,D,20040708,000000,8.73368,8.73368,8.50231,8.57865,9172533.1842422,0
BBWI.US,D,20040709,000000,8.6534,8.75581,8.62596,8.71724,4129880.0489728,0
BBWI.US,D,20040712,000000,8.6896,8.75581,8.57865,8.72905,3649289.9646362,0
BBWI.US,D,20040713,000000,8.71478,8.84689,8.71085,8.82348,4016566.9353567,0
BBWI.US,D,20040714,000000,8.79889,8.8406,8.7022,8.73368,6028025.6628488,0
BBWI.US,D,20040715,000000,8.78168,8.86599,8.72905,8.80372,6125049.241247,0
BBWI.US,D,20040716,000000,8.86126,8.86599,8.47251,8.6534,4267153.7432855,0
BBWI.US,D,20040719,000000,8.62281,8.6833,8.53468,8.58966,6720745.6706102,0
BBWI.US,D,20040720,000000,8.59527,8.73368,8.58966,8.7022,4737341.2556123,0
BBWI.US,D,20040721,000000,8.75581,8.9855,8.6896,8.6896,3693617.5472106,0
BBWI.US,D,20040722,000000,8.6534,8.79182,8.50231,8.73682,3675075.2904474,0
BBWI.US,D,20040723,000000,8.73682,8.77145,8.60462,8.6479,2407229.1694193,0
BBWI.US,D,20040726,000000,8.64397,8.76673,8.64397,8.73368,4467074.6478658,0
BBWI.US,D,20040727,000000,8.73368,8.9494,8.72905,8.93504,5380077.4792298,0
BBWI.US,D,20040728,000000,8.90838,8.9311,8.71085,8.85093,4643479.2133178,0
BBWI.US,D,20040729,000000,8.92413,9.1122,8.89657,8.99652,5313133.2229458,0
BBWI.US,D,20040730,000000,8.99652,9.05072,8.80922,9.03812,5863379.7752464,0
BBWI.US,D,20040802,000000,8.95402,9.06026,8.90602,9.03429,3373602.9998141,0
BBWI.US,D,20040803,000000,9.04206,9.04531,8.81404,8.92413,4095725.2933408,0
BBWI.US,D,20040804,000000,8.8406,8.86599,8.69827,8.75807,3642733.0810769,0
BBWI.US,D,20040805,000000,8.75807,8.75807,8.53468,8.57865,4155208.9343625,0
BBWI.US,D,20040806,000000,8.51106,8.52523,8.4009,8.43788,4201113.2187043,0
BBWI.US,D,20040809,000000,8.46699,8.61878,8.41574,8.50231,2965382.6116927,0
BBWI.US,D,20040810,000000,8.50231,8.64397,8.50231,8.57865,4588301.7674523,0
BBWI.US,D,20040811,000000,8.57865,8.57865,8.42056,8.48598,3948724.0302252,0
BBWI.US,D,20040812,000000,8.50712,8.53468,8.2916,8.32062,4551891.2405617,0
BBWI.US,D,20040813,000000,8.30792,8.38987,8.24752,8.35367,3274995.6036506,0
BBWI.US,D,20040816,000000,8.35367,8.57471,8.35367,8.57471,3761688.1642673,0
BBWI.US,D,20040817,000000,8.57865,8.79427,8.57865,8.77628,3789960.0229755,0
BBWI.US,D,20040818,000000,8.77628,8.97685,8.69827,8.95402,4594639.0716552,0
BBWI.US,D,20040819,000000,8.99652,9.06341,8.73682,8.8406,6134324.435913,0
BBWI.US,D,20040820,000000,8.79889,8.84689,8.71085,8.83667,5090828.4394363,0
BBWI.US,D,20040823,000000,8.72905,8.83667,8.6896,8.80372,3975412.0711683,0
BBWI.US,D,20040824,000000,8.82348,8.90602,8.80372,8.86599,5566212.6631982,0
BBWI.US,D,20040825,000000,8.86599,8.93504,8.79182,8.92018,4497836.0891844,0
BBWI.US,D,20040826,000000,8.92796,8.95796,8.87906,8.95402,4213102.6581925,0
BBWI.US,D,20040827,000000,8.95402,8.9855,8.90602,8.9311,2844167.6909594,0
BBWI.US,D,20040830,000000,8.88703,8.88703,8.82348,8.84689,2995692.6954454,0
BBWI.US,D,20040831,000000,8.8406,8.89657,8.76673,8.87906,4129430.724549,0
BBWI.US,D,20040901,000000,8.86599,8.96661,8.82348,8.95402,4400140.5572926,0
BBWI.US,D,20040902,000000,8.9494,9.15539,8.8831,9.15066,7089837.2207343,0
BBWI.US,D,20040903,000000,9.10816,9.24991,9.10816,9.19237,4058861.3757421,0
BBWI.US,D,20040907,000000,9.21923,9.40122,9.14054,9.3835,4831871.1851158,0
BBWI.US,D,20040908,000000,9.3717,9.45531,9.2751,9.28002,4992901.129335,0
BBWI.US,D,20040909,000000,9.28582,9.30058,9.06803,9.17427,4117890.6094846,0
BBWI.US,D,20040910,000000,9.15066,9.32518,9.13581,9.28976,3247405.8641467,0
BBWI.US,D,20040913,000000,9.28976,9.37465,9.28582,9.31632,3780684.8283096,0
BBWI.US,D,20040914,000000,9.30737,9.414,9.25375,9.39137,4342017.0883953,0
BBWI.US,D,20040915,000000,9.39629,9.49761,9.37465,9.48483,6747879.9862638,0
BBWI.US,D,20040916,000000,9.48483,9.72681,9.4809,9.65009,5470998.581348,0
BBWI.US,D,20040917,000000,9.71403,9.72681,9.58222,9.64222,4456451.4799286,0
BBWI.US,D,20040920,000000,9.63435,9.64222,9.44941,9.63829,3263468.7040104,0
BBWI.US,D,20040921,000000,9.68255,9.7583,9.64713,9.71697,5254558.3964825,0
BBWI.US,D,20040922,000000,9.72091,9.72091,9.51532,9.55762,3358902.3652169,0
BBWI.US,D,20040923,000000,9.58713,9.71403,9.54778,9.65403,4150002.0572167,0
BBWI.US,D,20040924,000000,9.65403,9.79468,9.63829,9.68746,4785738.1722777,0
BBWI.US,D,20040927,000000,9.65993,9.76223,9.62255,9.68255,4200439.2320688,0
BBWI.US,D,20040928,000000,9.65993,9.70616,9.61861,9.6737,6433976.0477162,0
BBWI.US,D,20040929,000000,9.68255,9.86454,9.67075,9.86454,7114942.4604833,0
BBWI.US,D,20040930,000000,9.87437,9.87929,9.65993,9.85666,6120529.566161,0
BBWI.US,D,20041001,000000,9.90189,9.90189,9.64713,9.65009,6398925.6929499,0
BBWI.US,D,20041004,000000,9.71697,9.85962,9.68255,9.76223,4581741.8341797,0
BBWI.US,D,20041005,000000,9.70616,9.7101,9.47597,9.53794,7922325.5882743,0
BBWI.US,D,20041006,000000,9.53794,9.69829,9.34809,9.6737,4876652.1583982,0
BBWI.US,D,20041007,000000,10.2807,10.3574,10.0456,10.0819,19864390.830291,0
BBWI.US,D,20041008,000000,10.0946,10.1705,10.0366,10.0721,5368995.8377291,0
BBWI.US,D,20041011,000000,10.1508,10.1911,10.0899,10.1616,3970885.2800847,0
BBWI.US,D,20041012,000000,10.1616,10.2708,10.1508,10.2492,12279493.652262,0
BBWI.US,D,20041013,000000,10.3043,10.3534,10.1439,10.197,5505369.8666231,0
BBWI.US,D,20041014,000000,10.2453,10.2453,10.1203,10.1586,4332968.5890835,0
BBWI.US,D,20041015,000000,10.1705,10.2147,10.0869,10.1882,4347897.9521769,0
BBWI.US,D,20041018,000000,10.1508,10.4351,10.1439,10.4302,8511695.8957167,0
BBWI.US,D,20041019,000000,10.3957,10.5531,10.3859,10.4587,5567341.057113,0
BBWI.US,D,20041020,000000,10.4351,10.4537,10.3603,10.4302,6104235.9646588,0
BBWI.US,D,20041021,000000,10.3859,10.5866,10.3475,10.5492,4641675.8161962,0
BBWI.US,D,20041022,000000,10.5806,10.6122,10.5059,10.5531,5431648.1308522,0
BBWI.US,D,20041025,000000,10.5492,10.5492,10.3357,10.4646,4574954.188982,0
BBWI.US,D,20041026,000000,10.5019,10.6122,10.4616,10.5906,3490976.2983814,0
BBWI.US,D,20041027,000000,10.5315,10.6516,10.5019,10.5944,6667372.6384373,0
BBWI.US,D,20041028,000000,10.6573,10.923,10.6573,10.8787,9482372.8715542,0
BBWI.US,D,20041029,000000,10.9014,10.9672,10.7883,10.9584,3946237.4973282,0
BBWI.US,D,20041101,000000,10.9131,11.0361,10.8787,11.0066,6727306.6204539,0
BBWI.US,D,20041102,000000,11.0066,11.0066,10.8384,10.8463,6262551.664056,0
BBWI.US,D,20041103,000000,10.9427,11.0057,10.8847,11.0057,7673094.8861856,0
BBWI.US,D,20041104,000000,11.0184,11.3932,10.9387,11.3283,10490585.718484,0
BBWI.US,D,20041105,000000,11.3283,11.3893,11.2594,11.3115,8155275.904285,0
BBWI.US,D,20041108,000000,11.6077,12.0808,11.6077,11.8398,12784733.552497,0
BBWI.US,D,20041109,000000,11.8398,11.8979,11.6508,11.7631,8587908.230669,0
BBWI.US,D,20041110,000000,11.8487,11.9637,11.7808,11.827,7717874.842897,0
BBWI.US,D,20041111,000000,11.8929,11.8979,11.7061,11.7592,3899877.789136,0
BBWI.US,D,20041112,000000,11.7877,12.0719,11.7631,12.0621,5614156.1891554,0
BBWI.US,D,20041115,000000,12.0719,12.3326,12.0621,12.3051,6710116.4032464,0
BBWI.US,D,20041116,000000,12.2697,12.2697,12.0719,12.1153,5893913.5046398,0
BBWI.US,D,20041117,000000,12.1388,12.193,11.9175,11.9844,6131383.4957366,0
BBWI.US,D,20041118,000000,11.9284,12.0503,11.7061,11.9589,15337605.846049,0
BBWI.US,D,20041119,000000,11.6303,11.9342,11.5851,11.7178,14977561.778666,0
BBWI.US,D,20041122,000000,11.7178,11.9687,11.6686,11.886,18410188.929368,0
BBWI.US,D,20041123,000000,12.2697,12.2697,11.3824,11.5851,34593635.804282,0
BBWI.US,D,20041124,000000,11.5161,11.6185,11.344,11.3893,6520372.3918928,0
BBWI.US,D,20041126,000000,11.4177,11.5024,11.3854,11.3991,2213867.1815404,0
BBWI.US,D,20041129,000000,11.5161,11.5161,11.1404,11.1404,10591223.207123,0
BBWI.US,D,20041130,000000,11.1463,11.1522,10.7233,10.808,13991737.89352,0
BBWI.US,D,20041201,000000,10.7883,10.983,10.7843,10.8787,9240155.4934463,0
BBWI.US,D,20041202,000000,10.6122,10.735,10.1705,10.5866,12429889.246262,0
BBWI.US,D,20041203,000000,10.5226,10.7263,10.4439,10.6466,7076043.3675535,0
BBWI.US,D,20041206,000000,10.6466,10.7489,10.5806,10.6869,7143209.2363361,0
BBWI.US,D,20041207,000000,10.6653,10.6653,10.5019,10.5226,7790699.9629625,0
BBWI.US,D,20041208,000000,10.5226,10.6269,10.4734,10.5433,6623946.7544239,0
BBWI.US,D,20041209,000000,10.5019,10.5019,10.324,10.4439,5795536.870115,0
BBWI.US,D,20041210,000000,10.44,10.4439,10.256,10.3298,4302661.555044,0
BBWI.US,D,20041213,000000,10.4784,10.5433,10.44,10.5019,4955586.8707415,0
BBWI.US,D,20041214,000000,10.5669,10.7636,10.5276,10.744,6518562.8953447,0
BBWI.US,D,20041215,000000,10.7754,10.8276,10.5806,10.6741,6264815.5678833,0
BBWI.US,D,20041216,000000,10.5767,10.6741,10.5669,10.6073,5709366.2047211,0
BBWI.US,D,20041217,000000,10.5709,10.7754,10.5433,10.6161,8552178.8064116,0
BBWI.US,D,20041220,000000,10.0721,10.1705,9.79075,9.83994,8492020.1621831,0
BBWI.US,D,20041221,000000,9.94819,10.077,9.84781,10.0189,6881318.1578369,0
BBWI.US,D,20041222,000000,10.0563,10.0563,9.92157,10.0122,5885999.4986694,0
BBWI.US,D,20041223,000000,10.014,10.1882,10.0012,10.1302,3661952.3741889,0
BBWI.US,D,20041227,000000,10.134,10.2423,10.0613,10.0613,2455174.7285189,0
BBWI.US,D,20041228,000000,10.0819,10.0819,9.88126,9.91178,5183325.226751,0
BBWI.US,D,20041229,000000,10.1262,10.1843,10.0366,10.1586,4493310.3146718,0
BBWI.US,D,20041230,000000,10.2147,10.2453,10.0563,10.1743,3946471.3086799,0
BBWI.US,D,20041231,000000,10.2,10.2856,10.1302,10.1783,3976092.1572305,0
BBWI.US,D,20050103,000000,10.1705,10.1705,9.91761,9.97183,6193120.8748748,0
BBWI.US,D,20050104,000000,10.0563,10.0819,9.88126,9.88815,5608050.6631621,0
BBWI.US,D,20050105,000000,9.94819,10.0366,9.86945,10.0012,6932657.0312498,0
BBWI.US,D,20050106,000000,10.1262,10.1508,9.85962,9.86945,7216034.3564016,0
BBWI.US,D,20050107,000000,9.8183,9.9766,9.8183,9.94222,2974887.551426,0
BBWI.US,D,20050110,000000,9.94222,10.0122,9.8124,9.86454,2771342.5708939,0
BBWI.US,D,20050111,000000,9.85962,9.91178,9.77305,9.8124,2677490.6943103,0
BBWI.US,D,20050112,000000,9.83502,9.90585,9.74256,9.89309,3733196.7262026,0
BBWI.US,D,20050113,000000,9.93245,9.94819,9.75436,9.75436,4523392.6864993,0
BBWI.US,D,20050114,000000,9.80748,10.0122,9.78584,9.97183,3322720.5668227,0
BBWI.US,D,20050118,000000,9.9766,10.1547,9.97183,10.1086,4425916.7339641,0
BBWI.US,D,20050119,000000,10.1705,10.3357,10.1656,10.1911,3427885.8631165,0
BBWI.US,D,20050120,000000,10.197,10.2747,10.1133,10.1783,4846120.462147,0
BBWI.US,D,20050121,000000,10.2059,10.2934,10.1439,10.1547,3689774.9084735,0
BBWI.US,D,20050124,000000,10.1616,10.2373,10.0899,10.0899,4625167.7181932,0
BBWI.US,D,20050125,000000,10.0946,10.2059,10.0563,10.1036,3038666.2053219,0
BBWI.US,D,20050126,000000,10.1262,10.2373,10.0515,10.1843,3055850.3231028,0
BBWI.US,D,20050127,000000,10.1586,10.3908,10.1133,10.1705,4128749.6219158,0
BBWI.US,D,20050128,000000,10.1705,10.3043,10.1203,10.2708,4050496.0122058,0
BBWI.US,D,20050131,000000,10.2983,10.5993,10.2983,10.4784,5883284.2372761,0
BBWI.US,D,20050201,000000,10.5482,10.6573,10.4616,10.6161,5313365.0011554,0
BBWI.US,D,20050202,000000,10.6161,10.7016,10.5482,10.6289,6504994.7209468,0
BBWI.US,D,20050203,000000,10.5669,10.679,10.4912,10.5019,5129047.446304,0
BBWI.US,D,20050204,000000,10.5492,10.7489,10.5315,10.7489,4949475.2453216,0
BBWI.US,D,20050207,000000,10.7696,10.8413,10.7016,10.7941,2471911.5550182,0
BBWI.US,D,20050208,000000,10.8324,10.869,10.7303,10.7883,2130406.6946846,0
BBWI.US,D,20050209,000000,10.8324,10.8787,10.7173,10.7173,3525126.987729,0
BBWI.US,D,20050210,000000,10.7233,10.8276,10.559,10.6269,2575037.6096965,0
BBWI.US,D,20050211,000000,10.6416,10.7883,10.6161,10.7233,2145345.2069178,0
BBWI.US,D,20050214,000000,10.7233,10.7587,10.6653,10.7303,1904709.6134329,0
BBWI.US,D,20050215,000000,10.7263,10.8493,10.7016,10.744,4026745.8617257,0
BBWI.US,D,20050216,000000,10.7636,10.8118,10.6122,10.7263,3088874.6516776,0
BBWI.US,D,20050217,000000,10.7587,10.808,10.5767,10.679,2218612.5354094,0
BBWI.US,D,20050218,000000,10.7233,10.744,10.5433,10.5944,2704630.0928193,0
BBWI.US,D,20050222,000000,10.5993,10.6573,10.3357,10.3908,3612657.825247,0
BBWI.US,D,20050223,000000,10.3908,10.5315,10.3121,10.4882,4370957.8508838,0
BBWI.US,D,20050224,000000,10.4823,10.4823,10.261,10.3043,7158820.7186339,0
BBWI.US,D,20050225,000000,10.3102,10.379,10.1705,10.3603,5629536.9098148,0
BBWI.US,D,20050228,000000,10.3357,10.5226,10.32,10.5128,4586268.6252634,0
BBWI.US,D,20050301,000000,10.5433,10.799,10.5019,10.799,4726936.6504604,0
BBWI.US,D,20050302,000000,10.7303,10.8276,10.6573,10.8256,3553399.8630083,0
BBWI.US,D,20050303,000000,10.6122,10.7263,10.5226,10.6623,5742616.2120791,0
BBWI.US,D,20050304,000000,10.7489,10.8157,10.7056,10.8118,2105760.9450703,0
BBWI.US,D,20050307,000000,10.7843,10.923,10.7636,10.8384,2045603.3174129,0
BBWI.US,D,20050308,000000,10.86,10.923,10.7656,10.8837,2438434.8523062,0
BBWI.US,D,20050309,000000,10.8787,11.0479,10.8541,11.0184,4192523.1929561,0
BBWI.US,D,20050310,000000,11.0214,11.1699,10.9928,11.0931,5105065.5176144,0
BBWI.US,D,20050311,000000,11.0931,11.1227,11.0184,11.0853,3407073.6030995,0
BBWI.US,D,20050314,000000,11.0981,11.1365,10.9751,11.1079,3905526.8747079,0
BBWI.US,D,20050315,000000,11.1079,11.1325,11.0116,11.0116,2114122.2423223,0
BBWI.US,D,20050316,000000,11.0184,11.1227,10.9014,11.0361,3982198.699795,0
BBWI.US,D,20050317,000000,11.0754,11.0754,10.9014,10.9181,3072358.4211058,0
BBWI.US,D,20050318,000000,10.923,10.926,10.7636,10.7696,6090447.1943335,0
BBWI.US,D,20050321,000000,10.7696,10.7784,10.5806,10.6693,2951819.5201504,0
BBWI.US,D,20050322,000000,10.6741,10.735,10.4351,10.4351,6365450.0068091,0
BBWI.US,D,20050323,000000,10.3957,10.5709,10.324,10.4213,5427569.6476213,0
BBWI.US,D,20050324,000000,10.4882,10.559,10.32,10.3318,3028260.5835989,0
BBWI.US,D,20050328,000000,10.379,10.5944,10.379,10.5099,2942322.7129858,0
BBWI.US,D,20050329,000000,10.2807,10.4685,10.2807,10.4489,5134250.2571655,0
BBWI.US,D,20050330,000000,10.4351,10.6869,10.4351,10.6653,4863312.7124966,0
BBWI.US,D,20050331,000000,10.6653,10.8463,10.5806,10.744,3388531.3463363,0
BBWI.US,D,20050401,000000,10.744,10.7784,10.5019,10.6623,4400140.5572926,0
BBWI.US,D,20050404,000000,10.6377,10.8954,10.4616,10.8737,6091122.1975402,0
BBWI.US,D,20050405,000000,10.9427,11.0411,10.8493,10.9014,7342002.7635727,0
BBWI.US,D,20050406,000000,10.9427,11.0066,10.8384,10.8954,5182191.7499805,0
BBWI.US,D,20050407,000000,10.8954,10.8954,10.3475,10.5492,7121952.7347508,0
BBWI.US,D,20050408,000000,10.5226,10.5276,10.379,10.4184,3622605.9899776,0
BBWI.US,D,20050411,000000,10.4734,10.5433,10.2807,10.324,3523091.8123978,0
BBWI.US,D,20050412,000000,10.2807,10.4734,10.1705,10.4007,4495124.8940755,0
BBWI.US,D,20050413,000000,10.4007,10.4882,10.261,10.316,5614603.480437,0
BBWI.US,D,20050414,000000,10.3534,10.4046,10.1586,10.1882,4656605.1792896,0
BBWI.US,D,20050415,000000,10.1705,10.261,9.93626,9.95693,5163192.036225,0
BBWI.US,D,20050418,000000,9.91178,10.0515,9.90585,9.98157,5252301.6086529,0
BBWI.US,D,20050419,000000,9.98157,10.134,9.91761,10.0563,5443178.0802057,0
BBWI.US,D,20050420,000000,10.0515,10.1262,9.69829,9.72681,5921503.2441438,0
BBWI.US,D,20050421,000000,9.8183,9.88815,9.69829,9.85962,12774104.285134,0
BBWI.US,D,20050422,000000,9.80453,9.80748,9.68255,9.71403,4989503.7487373,0
BBWI.US,D,20050425,000000,9.79468,9.91573,9.73764,9.78584,4447401.9640456,0
BBWI.US,D,20050426,000000,9.79075,9.8183,9.67763,9.68255,5264969.101061,0
BBWI.US,D,20050427,000000,9.68746,9.89695,9.65403,9.7819,4141188.3858276,0
BBWI.US,D,20050428,000000,9.77797,9.87929,9.65993,9.6737,3698597.7290024,0
BBWI.US,D,20050429,000000,9.71403,9.75043,9.5104,9.59106,7069943.9409867,0
BBWI.US,D,20050502,000000,9.46023,9.65993,9.42875,9.51532,8121125.2149375,0
BBWI.US,D,20050503,000000,9.48483,9.73764,9.42088,9.62746,7475893.3092829,0
BBWI.US,D,20050504,000000,9.63829,9.71403,9.53794,9.61861,7391761.8855047,0
BBWI.US,D,20050505,000000,9.59402,9.79961,9.53401,9.59795,5745105.7946893,0
BBWI.US,D,20050506,000000,9.39629,9.61271,9.19798,9.26831,9048369.1907639,0
BBWI.US,D,20050509,000000,9.25375,9.46023,9.24117,9.37465,5784001.8379059,0
BBWI.US,D,20050510,000000,9.32911,9.35203,9.15539,9.21923,5069342.1927836,0
BBWI.US,D,20050511,000000,9.22463,9.25868,9.03025,9.06026,4927992.0483822,0
BBWI.US,D,20050512,000000,9.08308,9.22847,8.92413,8.93504,5571642.1694137,0
BBWI.US,D,20050513,000000,8.96179,9.06341,8.79182,9.03429,6985577.6892857,0
BBWI.US,D,20050516,000000,8.53468,9.09175,8.53468,9.04206,22859409.5391,0
BBWI.US,D,20050517,000000,9.10816,9.19237,8.9855,9.04206,6555198.0844471,0
BBWI.US,D,20050518,000000,9.10816,9.22463,9.02642,9.19237,7021763.5539643,0
BBWI.US,D,20050519,000000,9.21371,9.32518,9.16975,9.24117,5057353.7698666,0
BBWI.US,D,20050520,000000,9.28582,9.28582,9.07285,9.23723,5358596.3154326,0
BBWI.US,D,20050523,000000,9.25375,9.27215,9.17427,9.25868,5835340.7113188,0
BBWI.US,D,20050524,000000,9.19798,9.19798,9.06803,9.14054,6155125.5136479,0
BBWI.US,D,20050525,000000,9.09175,9.14742,9.02642,9.04206,3761459.435771,0
BBWI.US,D,20050526,000000,9.04206,9.07285,8.92018,9.03025,4469343.6345487,0
BBWI.US,D,20050527,000000,9.00754,9.06341,8.9855,9.04206,2815677.2694658,0
BBWI.US,D,20050531,000000,9.04206,9.13109,8.97685,9.09636,5551284.3166758,0
BBWI.US,D,20050601,000000,9.07285,9.21058,9.02091,9.19798,4511636.0417918,0
BBWI.US,D,20050602,000000,9.21923,9.55368,9.21371,9.54287,9827031.1354228,0
BBWI.US,D,20050603,000000,9.5409,9.5409,9.3717,9.38646,5960405.3867869,0
BBWI.US,D,20050606,000000,9.40515,9.44941,9.32518,9.39137,3497090.9735147,0
BBWI.US,D,20050607,000000,9.39629,9.59106,9.39137,9.54778,4500328.7215081,0
BBWI.US,D,20050608,000000,9.59106,9.61271,9.414,9.42482,4479067.1370673,0
BBWI.US,D,20050609,000000,9.3717,9.54778,9.34809,9.52712,6154896.7851517,0
BBWI.US,D,20050610,000000,9.52712,9.57828,9.4809,9.54778,3914582.4900176,0
BBWI.US,D,20050613,000000,9.54778,9.64222,9.52712,9.59106,2490452.7952102,0
BBWI.US,D,20050614,000000,9.54778,9.65403,9.51925,9.65403,5007823.3764307,0
BBWI.US,D,20050615,000000,9.72681,9.7819,9.61861,9.70616,6074608.0001105,0
BBWI.US,D,20050616,000000,9.67075,9.72091,9.59402,9.62746,4614983.7089688,0
BBWI.US,D,20050617,000000,9.72681,9.72681,9.55762,9.64713,5571183.6958501,0
BBWI.US,D,20050620,000000,9.62746,9.65009,9.49761,9.62255,2674329.1582065,0
BBWI.US,D,20050621,000000,9.61861,9.62255,9.46023,9.50548,3258257.7605802,0
BBWI.US,D,20050622,000000,9.55762,9.61861,9.48483,9.55368,4078990.4999837,0
BBWI.US,D,20050623,000000,9.54287,9.59795,9.43269,9.43269,3277941.6266824,0
BBWI.US,D,20050624,000000,9.414,9.51925,9.33492,9.37859,5958137.416675,0
BBWI.US,D,20050627,000000,9.3717,9.47204,9.3717,9.39629,2509229.8798961,0
BBWI.US,D,20050628,000000,9.414,9.54778,9.39629,9.5409,2705534.8410934,0
BBWI.US,D,20050629,000000,9.58222,9.61271,9.47204,9.48483,3137946.5715499,0
BBWI.US,D,20050630,000000,9.49761,9.59402,9.44548,9.47204,4353998.3953147,0
BBWI.US,D,20050701,000000,9.48483,9.54778,9.42088,9.45531,1910816.1559974,0
BBWI.US,D,20050705,000000,9.42088,9.8183,9.39629,9.8183,4667230.3803689,0
BBWI.US,D,20050706,000000,9.8183,9.89695,9.65993,9.71697,4933645.2002385,0
BBWI.US,D,20050707,000000,9.72681,10.0475,9.71697,9.93626,5709824.6782848,0
BBWI.US,D,20050708,000000,10.014,10.1508,9.97183,10.1173,4068591.9942584,0
BBWI.US,D,20050711,000000,10.1705,10.1783,10.0239,10.0899,2869042.1690699,0
BBWI.US,D,20050712,000000,10.0613,10.1262,10.0189,10.0336,2235124.6996969,0
BBWI.US,D,20050713,000000,10.0239,10.1508,9.94819,9.9609,2303423.0286788,0
BBWI.US,D,20050714,000000,9.94819,10.138,9.91573,9.9925,3043867.9996122,0
BBWI.US,D,20050715,000000,10.014,10.0366,9.87929,9.90585,3727088.150496,0
BBWI.US,D,20050718,000000,9.90585,10.1302,9.85962,10.1302,3084120.1486688,0
BBWI.US,D,20050719,000000,10.3121,10.4046,10.1302,10.3417,4925961.9559065,0
BBWI.US,D,20050720,000000,10.2807,10.4184,10.2147,10.3357,4065196.6468028,0
BBWI.US,D,20050721,000000,10.2807,10.3741,10.2098,10.2708,3246047.7251645,0
BBWI.US,D,20050722,000000,10.2708,10.5019,10.256,10.4784,3240397.6230215,0
BBWI.US,D,20050725,000000,10.5099,10.5482,10.379,10.4095,2576850.1559579,0
BBWI.US,D,20050726,000000,10.4351,10.5226,10.3859,10.4046,4687808.8290343,0
BBWI.US,D,20050727,000000,10.4685,10.5806,10.3908,10.5767,5019582.0542805,0
BBWI.US,D,20050728,000000,10.8384,10.9467,10.808,10.8276,6237223.7952372,0
BBWI.US,D,20050729,000000,10.8541,10.9347,10.744,10.7784,3560186.491635,0
BBWI.US,D,20050801,000000,10.7784,10.926,10.7056,10.7656,4383400.6810802,0
BBWI.US,D,20050802,000000,10.7587,11.0607,10.7263,11.0184,6679587.7567084,0
BBWI.US,D,20050803,000000,10.9967,11.2752,10.9427,11.0666,8077700.3474951,0
BBWI.US,D,20050804,000000,11.0666,11.0666,10.4439,10.7656,5700320.7551226,0
BBWI.US,D,20050805,000000,10.744,10.7883,10.5059,10.7263,3947818.26538,0
BBWI.US,D,20050808,000000,10.7636,10.8276,10.6289,10.6623,2913144.0728613,0
BBWI.US,D,20050809,000000,10.7696,10.8895,10.3603,10.739,3372926.9800362,0
BBWI.US,D,20050810,000000,10.7754,10.9347,10.7547,10.799,2838965.896669,0
BBWI.US,D,20050811,000000,10.8256,10.8541,10.6161,10.7056,3281557.5700654,0
BBWI.US,D,20050812,000000,10.7056,10.8276,10.6122,10.7173,2322870.033716,0
BBWI.US,D,20050815,000000,10.683,10.7233,10.5099,10.6967,2365394.2191686,0
BBWI.US,D,20050816,000000,10.6269,10.6269,10.2098,10.324,5449963.6922613,0
BBWI.US,D,20050817,000000,10.32,10.4823,10.2373,10.2934,4697979.6228345,0
BBWI.US,D,20050818,000000,9.83994,9.94819,9.50548,9.77797,16405754.708138,0
BBWI.US,D,20050819,000000,10.014,10.0189,9.79468,9.79468,6693157.9642485,0
BBWI.US,D,20050822,000000,9.86945,9.89695,9.71403,9.7583,3548875.1050669,0
BBWI.US,D,20050823,000000,9.73764,9.7819,9.61861,9.69829,2698749.2290379,0
BBWI.US,D,20050824,000000,9.64222,9.73764,9.42875,9.45531,5935075.484826,0
BBWI.US,D,20050825,000000,9.51925,9.69829,9.49467,9.67075,4019292.362461,0
BBWI.US,D,20050826,000000,9.63239,9.70123,9.52712,9.58713,3048613.3534813,0
BBWI.US,D,20050829,000000,9.52712,9.67763,9.48483,9.65403,3386262.3596535,0
BBWI.US,D,20050830,000000,9.65009,9.75436,9.34279,9.52319,5952712.993315,0
BBWI.US,D,20050831,000000,9.42088,9.73764,9.40515,9.71697,5871296.8309301,0
BBWI.US,D,20050901,000000,9.72091,9.72681,9.18844,9.28976,7498958.2908453,0
BBWI.US,D,20050902,000000,9.29566,9.34279,9.01294,9.19237,3049975.5587478,0
BBWI.US,D,20050906,000000,9.23723,9.46417,9.21058,9.43662,4091431.2970377,0
BBWI.US,D,20050907,000000,9.3717,9.46023,9.28582,9.44548,3353468.792717,0
BBWI.US,D,20050908,000000,9.35203,9.36383,9.2751,9.31632,2620949.010036,0
BBWI.US,D,20050909,000000,9.31632,9.35793,9.26831,9.30058,3383785.9924673,0
BBWI.US,D,20050912,000000,9.2452,9.32911,9.19798,9.28976,3430598.0747965,0
BBWI.US,D,20050913,000000,9.28002,9.28582,9.06341,9.15066,4202929.8312502,0
BBWI.US,D,20050914,000000,9.16178,9.17427,9.05396,9.10355,3889918.4421235,0
BBWI.US,D,20050915,000000,9.15066,9.15066,8.97685,9.02642,3263468.7040104,0
BBWI.US,D,20050916,000000,9.02091,9.07748,8.95402,8.9917,8244150.6487901,0
BBWI.US,D,20050919,000000,9.01777,9.03429,8.87906,8.90209,3928598.972268,0
BBWI.US,D,20050920,000000,8.90602,8.97291,8.63934,8.70701,5256370.942744,0
BBWI.US,D,20050921,000000,8.61249,8.63067,8.37973,8.53782,8144410.7924273,0
BBWI.US,D,20050922,000000,8.48972,8.97685,8.42686,8.90838,6905741.2783815,0
BBWI.US,D,20050923,000000,8.90209,9.04206,8.75807,8.92413,6195157.0667769,0
BBWI.US,D,20050926,000000,9.06341,9.20743,8.90209,8.98787,5346388.3131591,0
BBWI.US,D,20050927,000000,9.02091,9.03812,8.85093,8.92796,4824862.9439905,0
BBWI.US,D,20050928,000000,8.98787,9.03812,8.78639,8.87443,3679147.6742519,0
BBWI.US,D,20050929,000000,8.86913,9.05072,8.74145,8.99652,3215066.7044895,0
BBWI.US,D,20050930,000000,8.96179,9.13109,8.96179,9.03429,3840842.455967,0
BBWI.US,D,20051003,000000,9.09952,9.20743,8.92796,8.97291,4489244.030294,0
BBWI.US,D,20051004,000000,8.97291,9.14054,8.79889,8.81866,5387991.4852003,0
BBWI.US,D,20051005,000000,8.77628,8.9494,8.66678,8.82663,7244984.2680299,0
BBWI.US,D,20051006,000000,8.68026,9.13581,8.66678,8.77145,9108078.5105686,0
BBWI.US,D,20051007,000000,8.80922,8.91389,8.73368,8.81404,4488111.5700948,0
BBWI.US,D,20051010,000000,8.81404,8.87443,8.71724,8.73682,3690905.3355305,0
BBWI.US,D,20051011,000000,8.9855,8.9855,8.6896,8.70701,4135079.810121,0
BBWI.US,D,20051012,000000,8.62281,8.67081,8.42371,8.51106,5113667.7422158,0
BBWI.US,D,20051013,000000,8.44171,8.57471,8.4009,8.54245,2715705.6348937,0
BBWI.US,D,20051014,000000,8.57865,8.72344,8.55592,8.6896,4252913.6153941,0
BBWI.US,D,20051017,000000,8.6896,8.86599,8.53468,8.57865,3668970.7810252,0
BBWI.US,D,20051018,000000,8.55592,8.65803,8.43158,8.56999,2775865.2956931,0
BBWI.US,D,20051019,000000,8.50231,8.62281,8.35829,8.61878,4030594.5998893,0
BBWI.US,D,20051020,000000,8.62281,8.72905,8.46699,8.48598,3830219.2880298,0
BBWI.US,D,20051021,000000,8.57865,8.59999,8.39607,8.46148,4692783.9279706,0
BBWI.US,D,20051024,000000,8.50231,8.62596,8.42056,8.61249,4867837.4704381,0
BBWI.US,D,20051025,000000,8.53468,8.63067,8.51588,8.57471,4801796.945857,0
BBWI.US,D,20051026,000000,8.56999,8.66678,8.49435,8.59999,3478546.6836094,0
BBWI.US,D,20051027,000000,8.59999,8.60845,8.31669,8.31669,5062777.1766555,0
BBWI.US,D,20051028,000000,8.33557,8.55592,8.33557,8.54245,3394416.2764022,0
BBWI.US,D,20051031,000000,8.62281,8.93504,8.62281,8.84689,7158362.2450703,0
BBWI.US,D,20051101,000000,8.83667,8.9855,8.72905,8.90602,5610540.2457724,0
BBWI.US,D,20051102,000000,8.87906,9.07748,8.87906,9.01777,5131754.5751284,0
BBWI.US,D,20051103,000000,9.28582,9.42088,9.00754,9.09636,6974724.7762811,0
BBWI.US,D,20051104,000000,9.19798,9.19798,9.04206,9.14584,3825247.2388067,0
BBWI.US,D,20051107,000000,9.10355,9.31632,9.10355,9.26831,4112235.4244861,0
BBWI.US,D,20051108,000000,9.19798,9.19798,8.9855,9.07285,5606012.4381176,0
BBWI.US,D,20051109,000000,9.47597,9.50155,9.37465,9.43662,6880643.1546302,0
BBWI.US,D,20051110,000000,9.44056,9.51532,9.28976,9.48483,5169531.3735701,0
BBWI.US,D,20051111,000000,9.49467,9.50155,9.39629,9.44056,2243035.655954,0
BBWI.US,D,20051114,000000,9.44056,9.53794,9.414,9.49467,2357927.5044798,0
BBWI.US,D,20051115,000000,9.38646,9.43662,9.13109,9.19798,4025620.5175241,0
BBWI.US,D,20051116,000000,9.23723,9.3835,9.16178,9.35203,4257433.2904801,0
BBWI.US,D,20051117,000000,9.50548,9.7819,9.39137,9.68746,5715925.1214226,0
BBWI.US,D,20051118,000000,9.73174,9.80453,9.47597,9.57238,4603458.8424709,0
BBWI.US,D,20051121,000000,9.54287,9.63829,9.44548,9.61861,3014462.6641336,0
BBWI.US,D,20051122,000000,9.61271,9.96587,9.53401,9.92157,6295569.8932041,0
BBWI.US,D,20051123,000000,9.9766,10.0456,9.77305,9.79075,3845375.3464772,0
BBWI.US,D,20051125,000000,9.8124,9.95315,9.59795,9.93626,2686533.0941956,0
BBWI.US,D,20051128,000000,9.95315,10.0672,9.86945,9.94222,6356406.5903527,0
BBWI.US,D,20051129,000000,10.0986,10.1656,9.86454,9.86454,5514191.6705808,0
BBWI.US,D,20051130,000000,9.89695,10.0336,9.77305,9.83994,5628170.6382637,0
BBWI.US,D,20051201,000000,9.90585,10.2934,9.73174,10.2285,8241212.758327,0
BBWI.US,D,20051202,000000,9.8301,10.2423,9.8301,10.0189,7096623.849361,0
BBWI.US,D,20051205,000000,10.0239,10.1705,9.8124,10.1302,6328816.8508488,0
BBWI.US,D,20051206,000000,10.1302,10.3043,10.0986,10.1705,4024941.448033,0
BBWI.US,D,20051207,000000,10.1508,10.2147,9.99727,10.0869,3266628.206972,0
BBWI.US,D,20051208,000000,10.0819,10.134,9.9609,10.0563,3492113.8414361,0
BBWI.US,D,20051209,000000,10.0946,10.1705,9.93626,10.1036,2785595.9142094,0
BBWI.US,D,20051212,000000,10.0899,10.2098,9.92157,10.0122,3106512.1601667,0
BBWI.US,D,20051213,000000,10.0269,10.1586,9.93626,10.0899,2898674.1999026,0
BBWI.US,D,20051214,000000,10.0986,10.3534,10.0986,10.3298,3502287.6849496,0
BBWI.US,D,20051215,000000,10.3298,10.3534,10.1547,10.2334,2868819.5400003,0
BBWI.US,D,20051216,000000,10.32,10.4951,10.0899,10.1262,5313365.0011554,0
BBWI.US,D,20051219,000000,10.1508,10.3121,10.1036,10.1262,3747901.427084,0
BBWI.US,D,20051220,000000,10.1262,10.197,9.94819,10.0122,6156027.2122087,0
BBWI.US,D,20051221,000000,10.0563,10.1036,9.93245,9.95315,3865270.6593671,0
BBWI.US,D,20051222,000000,9.94819,9.9609,9.79961,9.88126,5370582.7052075,0
BBWI.US,D,20051223,000000,9.95315,9.9925,9.89309,9.91178,2956340.2118074,0
BBWI.US,D,20051227,000000,9.88815,9.9609,9.7819,9.79468,2637909.4821761,0
BBWI.US,D,20051228,000000,9.79468,10.0012,9.79468,9.90585,2327166.0631612,0
BBWI.US,D,20051229,000000,9.88126,10.0052,9.85962,9.91761,2657137.924428,0
BBWI.US,D,20051230,000000,9.88815,10.0456,9.84289,9.88126,2385067.9195599,0
BBWI.US,D,20060103,000000,9.89309,9.89695,9.55762,9.85962,5504470.2012045,0
BBWI.US,D,20060104,000000,9.91761,9.91761,9.62746,9.75043,4915322.5228318,0
BBWI.US,D,20060105,000000,9.69829,10.1439,9.69829,10.0336,7607515.8848815,0
BBWI.US,D,20060106,000000,10.1508,10.1616,9.9609,10.0986,4369601.7450438,0
BBWI.US,D,20060109,000000,10.0869,10.2453,10.0672,10.1616,5017551.9618049,0
BBWI.US,D,20060110,000000,10.0721,10.1705,10.0456,10.134,4104321.4185157,0
BBWI.US,D,20060111,000000,10.1036,10.3859,10.0899,10.3692,3506134.389971,0
BBWI.US,D,20060112,000000,10.3692,10.4095,10.134,10.1843,3142700.0579875,0
BBWI.US,D,20060113,000000,10.2059,10.3043,10.0899,10.0986,2482997.2628033,0
BBWI.US,D,20060117,000000,10.0052,10.0456,9.79075,9.80453,4292262.0327477,0
BBWI.US,D,20060118,000000,9.85666,10.0475,9.77797,9.96587,5258407.1346461,0
BBWI.US,D,20060119,000000,9.9609,10.0456,9.90585,9.97183,2616880.692516,0
BBWI.US,D,20060120,000000,10.0563,10.0613,9.85962,9.89695,4291355.2513314,0
BBWI.US,D,20060123,000000,9.90585,10.0515,9.88126,9.90189,2699883.7223793,0
BBWI.US,D,20060124,000000,9.92651,10.2492,9.92651,10.1743,5592218.5849367,0
BBWI.US,D,20060125,000000,10.1743,10.3298,10.134,10.3043,4181209.7732457,0
BBWI.US,D,20060126,000000,10.4784,10.5482,10.2236,10.2856,4517510.8061468,0
BBWI.US,D,20060127,000000,10.256,10.3741,10.1547,10.1783,3382201.1581311,0
BBWI.US,D,20060130,000000,10.1743,10.3357,10.1616,10.261,3312095.3657432,0
BBWI.US,D,20060131,000000,10.2147,10.4784,10.2147,10.4616,4330707.7349695,0
BBWI.US,D,20060201,000000,10.256,10.3741,10.1656,10.2659,4641675.8161962,0
BBWI.US,D,20060202,000000,10.2807,10.379,10.2373,10.3475,7104537.8553314,0
BBWI.US,D,20060203,000000,10.256,10.3475,10.1036,10.2423,6502504.1217653,0
BBWI.US,D,20060206,000000,10.2147,10.2423,10.1439,10.2186,4439716.6865714,0
BBWI.US,D,20060207,000000,10.2236,10.3121,10.1743,10.1911,3306439.1641736,0
BBWI.US,D,20060208,000000,10.1911,10.3357,10.1705,10.3043,4516159.7831622,0
BBWI.US,D,20060209,000000,10.3357,10.4646,10.3043,10.4213,4622233.8940145,0
BBWI.US,D,20060210,000000,10.379,10.4882,10.3298,10.4302,3926785.4094355,0
BBWI.US,D,20060213,000000,10.4046,10.5709,10.383,10.5433,3591846.5818011,0
BBWI.US,D,20060214,000000,10.5767,10.5993,10.4489,10.5276,4549851.9989462,0
BBWI.US,D,20060215,000000,10.4823,10.6377,10.4262,10.6269,3410242.2552009,0
BBWI.US,D,20060216,000000,10.6122,10.6623,10.4951,10.5364,3901006.1830508,0
BBWI.US,D,20060217,000000,10.5019,10.5276,10.3534,10.4134,4696174.1925707,0
BBWI.US,D,20060221,000000,10.3908,10.4587,10.2807,10.3043,5295496.7310279,0
BBWI.US,D,20060222,000000,10.3475,10.4095,10.2147,10.3534,10381121.343031,0
BBWI.US,D,20060223,000000,10.7016,10.9427,10.5364,10.6516,9917272.1514787,0
BBWI.US,D,20060224,000000,10.5906,10.6416,10.4587,10.5806,9075734.2680559,0
BBWI.US,D,20060227,000000,10.5482,10.7233,10.5226,10.5639,5360630.4741926,0
BBWI.US,D,20060228,000000,10.5364,10.6967,10.3957,10.4646,6351433.5245586,0
BBWI.US,D,20060301,000000,10.5226,10.6122,10.4882,10.5177,4148197.643524,0
BBWI.US,D,20060302,000000,10.5482,10.6043,10.2895,10.3043,6009480.3563723,0
BBWI.US,D,20060303,000000,10.3043,10.4184,10.2708,10.2708,3898288.8885154,0
BBWI.US,D,20060306,000000,10.32,10.3318,10.1173,10.138,3858941.4877329,0
BBWI.US,D,20060307,000000,10.1508,10.2373,10.0819,10.1743,3721891.4390611,0
BBWI.US,D,20060308,000000,10.3043,10.4302,10.3043,10.3574,4317591.9347086,0
BBWI.US,D,20060309,000000,10.3357,10.3859,10.2285,10.2334,3306665.8595277,0
BBWI.US,D,20060310,000000,10.2098,10.44,10.1743,10.4095,2962898.1119379,0
BBWI.US,D,20060313,000000,10.4587,10.5669,10.4134,10.5177,4515699.2764564,0
BBWI.US,D,20060314,000000,10.5128,10.6161,10.4439,10.5993,2670476.3537584,0
BBWI.US,D,20060315,000000,10.6073,10.679,10.4616,10.559,3378582.1650348,0
BBWI.US,D,20060316,000000,10.6073,10.739,10.5669,10.6573,3390798.299877,0
BBWI.US,D,20060317,000000,10.744,10.7754,10.6416,10.7154,3724826.2798107,0
BBWI.US,D,20060320,000000,10.8954,10.8954,10.7303,10.7754,3645673.0046821,0
BBWI.US,D,20060321,000000,10.7547,10.8493,10.6466,10.7173,2898674.1999026,0
BBWI.US,D,20060322,000000,10.4951,10.8413,10.4951,10.7754,2769537.1406301,0
BBWI.US,D,20060323,000000,10.8157,10.983,10.7883,10.9014,4099123.6905096,0
BBWI.US,D,20060324,000000,10.9014,11.0066,10.8837,10.9033,4438582.19323,0
BBWI.US,D,20060327,000000,10.864,10.9181,10.7754,10.8413,2886457.0484893,0
BBWI.US,D,20060328,000000,10.8324,10.8787,10.679,10.7303,2053739.9524531,0
BBWI.US,D,20060329,000000,10.803,10.8413,10.7154,10.7883,2248920.58602,0
BBWI.US,D,20060330,000000,10.7883,10.8847,10.6919,10.7843,3668515.3571749,0
BBWI.US,D,20060331,000000,10.744,10.8493,10.6967,10.8157,3190642.5673738,0
BBWI.US,D,20060403,000000,10.8324,10.86,10.6073,10.7547,5504470.2012045,0
BBWI.US,D,20060404,000000,10.8118,11.0981,10.7883,11.0184,6350070.3027209,0
BBWI.US,D,20060405,000000,11.0518,11.1266,11.0017,11.0479,4799077.6181793,0
BBWI.US,D,20060406,000000,10.9811,11.0754,10.8954,11.0479,6611067.815228,0
BBWI.US,D,20060407,000000,11.1128,11.1365,10.8276,10.9387,3954828.5396475,0
BBWI.US,D,20060410,000000,10.9702,10.9811,10.8157,10.8541,3130934.2641402,0
BBWI.US,D,20060411,000000,10.8541,10.869,10.6289,10.6466,3292190.9037136,0
BBWI.US,D,20060412,000000,10.6466,10.803,10.6466,10.7883,3372926.9800362,0
BBWI.US,D,20060413,000000,10.7883,10.9967,10.7656,10.86,3721211.3529988,0
BBWI.US,D,20060417,000000,10.8197,11.0017,10.739,10.808,2873114.5528745,0
BBWI.US,D,20060418,000000,10.808,11.1404,10.808,11.104,3973827.236832,0
BBWI.US,D,20060419,000000,11.0411,11.104,10.9524,11.0116,3198785.3018405,0
BBWI.US,D,20060420,000000,10.9967,11.1581,10.9811,11.1178,3095429.5020948,0
BBWI.US,D,20060421,000000,11.2132,11.2132,10.9033,10.9672,3449140.3315596,0
BBWI.US,D,20060424,000000,10.9014,11.0479,10.8541,10.983,2591772.4030536,0
BBWI.US,D,20060425,000000,11.0017,11.0981,10.9092,11.0066,4903111.4708451,0
BBWI.US,D,20060426,000000,11.0518,11.1827,11.0116,11.0981,4330028.6654782,0
BBWI.US,D,20060427,000000,11.0893,11.344,11.0361,11.2928,3866629.8149203,0
BBWI.US,D,20060428,000000,11.2752,11.4748,11.2093,11.3362,3650650.1367606,0
BBWI.US,D,20060501,000000,11.3647,11.4748,11.2466,11.2978,2655100.7159547,0
BBWI.US,D,20060502,000000,11.349,11.4297,11.2545,11.288,3506810.4097488,0
BBWI.US,D,20060503,000000,11.2978,11.3893,11.2132,11.282,4698213.4341862,0
BBWI.US,D,20060504,000000,11.4964,11.7109,11.2368,11.6481,6873627.7975072,0
BBWI.US,D,20060505,000000,11.7178,11.8015,11.6648,11.7838,3974056.9818994,0
BBWI.US,D,20060508,000000,11.7808,11.9382,11.7758,11.8929,4757920.7208487,0
BBWI.US,D,20060509,000000,11.9342,11.9342,11.8015,11.8073,4116986.8777816,0
BBWI.US,D,20060510,000000,11.9175,12.0414,11.8575,11.9589,6590938.6909864,0
BBWI.US,D,20060511,000000,11.9136,11.9175,11.5664,11.7011,7478604.5043919,0
BBWI.US,D,20060512,000000,11.6371,11.6844,11.3764,11.3991,5923538.4194748,0
BBWI.US,D,20060515,000000,11.2781,11.6115,11.2781,11.5938,4541944.0924022,0
BBWI.US,D,20060516,000000,11.6648,11.6785,11.3991,11.408,5943214.1530083,0
BBWI.US,D,20060517,000000,11.2752,11.4493,11.1876,11.1876,6735897.6627732,0
BBWI.US,D,20060518,000000,11.9382,12.1113,11.5899,11.7955,12756686.356,0
BBWI.US,D,20060519,000000,11.8722,12.3238,11.8073,12.3238,11039472.09866,0
BBWI.US,D,20060522,000000,12.1792,12.4152,12.1516,12.3819,9578479.5028253,0
BBWI.US,D,20060523,000000,12.3602,12.5943,12.2255,12.2372,9058545.0674195,0
BBWI.US,D,20060524,000000,12.2481,12.3739,11.8929,11.9342,6827272.1555996,0
BBWI.US,D,20060525,000000,11.9382,12.0621,11.8073,11.9214,7188896.9910348,0
BBWI.US,D,20060526,000000,12.009,12.009,11.7915,11.8615,8672718.7239382,0
BBWI.US,D,20060530,000000,11.7503,11.8722,11.7158,11.7592,4637154.1079681,0
BBWI.US,D,20060531,000000,11.8929,12.0719,11.8929,12.009,9606755.4278179,0
BBWI.US,D,20060601,000000,12.3819,12.3819,12.0218,12.2205,13595967.451593,0
BBWI.US,D,20060602,000000,12.1684,12.2628,11.8979,12.0169,6386943.3694594,0
BBWI.US,D,20060605,000000,11.9382,11.9687,11.6962,11.7335,3898067.2760168,0
BBWI.US,D,20060606,000000,11.7335,11.8073,11.5121,11.6145,7105222.007678,0
BBWI.US,D,20060607,000000,11.7178,11.8722,11.6145,11.6411,4064746.305808,0
BBWI.US,D,20060608,000000,11.6411,11.8615,11.4541,11.8398,5740580.0201767,0
BBWI.US,D,20060609,000000,11.9175,11.9736,11.7808,11.8152,4516838.8526533,0
BBWI.US,D,20060612,000000,11.8202,11.8398,11.2417,11.3234,7400129.2821833,0
BBWI.US,D,20060613,000000,11.3067,11.4464,11.1227,11.1227,6875217.714699,0
BBWI.US,D,20060614,000000,11.0518,11.3854,11.0518,11.2732,4103421.753097,0
BBWI.US,D,20060615,000000,11.2093,11.5497,11.1404,11.526,6414297.2644694,0
BBWI.US,D,20060616,000000,11.5309,11.5801,11.3194,11.408,6727306.6204539,0
BBWI.US,D,20060619,000000,11.4541,11.5309,11.2633,11.342,11848660.656715,0
BBWI.US,D,20060620,000000,11.3824,11.4748,11.3597,11.3854,8822215.6690908,0
BBWI.US,D,20060621,000000,11.3706,11.47,11.3067,11.3194,4584006.7545781,0
BBWI.US,D,20060622,000000,11.2093,11.288,11.1611,11.1975,4150002.0572167,0
BBWI.US,D,20060623,000000,11.1404,11.4177,11.1266,11.2732,3715099.7275788,0
BBWI.US,D,20060626,000000,11.23,11.408,11.1827,11.2013,3756717.1316153,0
BBWI.US,D,20060627,000000,11.1975,11.2506,10.9702,11.0263,2617327.9837975,0
BBWI.US,D,20060628,000000,11.2466,11.2633,10.9524,11.0518,2419437.1716928,0
BBWI.US,D,20060629,000000,11.1788,11.3283,11.104,11.2978,3783176.4440621,0
BBWI.US,D,20060630,000000,11.3558,11.4297,11.288,11.3145,2872440.5662387,0
BBWI.US,D,20060703,000000,11.3647,11.4374,11.2013,11.2752,1431354.4655756,0
BBWI.US,D,20060705,000000,11.1611,11.2181,11.0479,11.1227,3586646.8206529,0
BBWI.US,D,20060706,000000,10.9427,11.2417,10.923,11.2181,4727166.3955277,0
BBWI.US,D,20060707,000000,11.2368,11.3194,11.1079,11.1788,3053813.1146294,0
BBWI.US,D,20060710,000000,11.2732,11.4129,11.2594,11.3362,2798938.4098243,0
BBWI.US,D,20060711,000000,11.4374,11.4374,11.1404,11.2506,4025847.2128782,0
BBWI.US,D,20060712,000000,11.2781,11.2781,10.9347,10.9524,4380682.3699735,0
BBWI.US,D,20060713,000000,10.8493,10.9751,10.7016,10.735,5002623.6152826,0
BBWI.US,D,20060714,000000,10.7489,10.7784,10.44,10.5806,5227425.0974001,0
BBWI.US,D,20060717,000000,10.5669,10.7303,10.5492,10.6741,3049519.1183265,0
BBWI.US,D,20060718,000000,10.6328,10.735,10.4095,10.5128,5738543.8282746,0
BBWI.US,D,20060719,000000,10.622,10.9811,10.622,10.9014,5569156.6530877,0
BBWI.US,D,20060720,000000,10.9584,11.0184,10.7636,10.8118,4399908.7790832,0
BBWI.US,D,20060721,000000,10.8118,10.8118,10.4951,10.5767,4020871.0973707,0
BBWI.US,D,20060724,000000,10.6869,10.9702,10.6653,10.9092,3922043.1052798,0
BBWI.US,D,20060725,000000,10.8787,11.0931,10.8463,11.0321,4557992.7002707,0
BBWI.US,D,20060726,000000,11.0981,11.1266,10.9092,10.9092,3621697.1754191,0
BBWI.US,D,20060727,000000,10.923,11.0893,10.7173,10.7547,4837984.8436779,0
BBWI.US,D,20060728,000000,10.7754,11.1178,10.7656,11.0558,5467379.5882517,0
BBWI.US,D,20060731,000000,11.104,11.4464,11.0518,11.1227,5501074.8537489,0
BBWI.US,D,20060801,000000,11.0017,11.0411,10.7056,11.0057,4995156.9005937,0
BBWI.US,D,20060802,000000,10.9672,10.9928,10.7587,10.8276,4176241.7903071,0
BBWI.US,D,20060803,000000,11.0066,11.6303,10.9634,11.4129,8689005.2094427,0
BBWI.US,D,20060804,000000,11.466,11.6735,11.3362,11.4601,3837679.903292,0
BBWI.US,D,20060807,000000,11.4748,11.6244,11.3991,11.5851,4413708.7316906,0
BBWI.US,D,20060808,000000,11.6508,11.6735,11.3322,11.3647,3309374.0049234,0
BBWI.US,D,20060809,000000,11.5201,11.5801,11.2752,11.2978,3238807.7058297,0
BBWI.US,D,20060810,000000,11.288,11.6411,11.2545,11.5457,4190263.3554132,0
BBWI.US,D,20060811,000000,11.5408,11.6303,11.3784,11.403,2696715.0702778,0
BBWI.US,D,20060814,000000,11.5664,11.8398,11.5161,11.5899,4025620.5175241,0
BBWI.US,D,20060815,000000,11.7178,11.8526,11.5408,11.8526,4105228.1999319,0
BBWI.US,D,20060816,000000,11.8359,12.0257,11.7178,12.009,6075061.3908186,0
BBWI.US,D,20060817,000000,11.7178,12.009,11.466,11.6303,8329642.2446926,0
BBWI.US,D,20060818,000000,11.9382,11.9382,11.4257,11.5121,5918564.3371096,0
BBWI.US,D,20060821,000000,11.4374,11.47,11.2978,11.3362,3533945.7419735,0
BBWI.US,D,20060822,000000,11.2978,11.4374,11.2928,11.3893,3576020.6030024,0
BBWI.US,D,20060823,000000,11.408,11.47,11.23,11.2732,4415967.5526625,0
BBWI.US,D,20060824,000000,11.2752,11.3322,10.9427,11.0459,5351589.0908784,0
BBWI.US,D,20060825,000000,11.0411,11.0411,10.8847,10.9584,4018612.2763989,0
BBWI.US,D,20060828,000000,10.9427,11.2417,10.9427,11.1699,5385970.5418645,0
BBWI.US,D,20060829,000000,11.2132,11.2928,11.0754,11.1581,6602243.978128,0
BBWI.US,D,20060830,000000,11.1581,11.2693,11.0804,11.1365,3633232.207628,0
BBWI.US,D,20060831,000000,11.4964,11.5348,11.1975,11.3784,9853944.8551488,0
BBWI.US,D,20060901,000000,11.4493,11.6077,11.3194,11.4847,5300473.8631064,0
BBWI.US,D,20060905,000000,11.4601,11.6735,11.4493,11.5624,4587168.2906819,0
BBWI.US,D,20060906,000000,11.4335,11.5408,11.3764,11.403,4646647.8654193,0
BBWI.US,D,20060907,000000,11.3893,11.4493,11.3017,11.3115,3073040.5403102,0
BBWI.US,D,20060908,000000,11.342,11.4601,11.2978,11.408,4800206.0120942,0
BBWI.US,D,20060911,000000,11.4257,11.7503,11.403,11.6411,4025620.5175241,0
BBWI.US,D,20060912,000000,11.6342,11.9382,11.6342,11.9136,7650713.0403987,0
BBWI.US,D,20060913,000000,11.9136,12.0051,11.6598,11.9844,5587014.7575043,0
BBWI.US,D,20060914,000000,11.8782,12.0503,11.7709,12.0376,4874384.1882865,0
BBWI.US,D,20060915,000000,12.1595,12.2038,11.8683,11.9549,6467679.445782,0
BBWI.US,D,20060918,000000,11.8929,12.0257,11.7838,11.8722,2584765.1784995,0
BBWI.US,D,20060919,000000,11.8398,11.9637,11.7258,11.9175,3163955.5430019,0
BBWI.US,D,20060920,000000,11.95,12.1113,11.8782,11.9136,3448692.0237069,0
BBWI.US,D,20060921,000000,11.884,11.9382,11.6962,11.7178,3472207.3462643,0
BBWI.US,D,20060922,000000,11.768,11.9962,11.7178,11.9637,3955968.1158444,0
BBWI.US,D,20060925,000000,12.0169,12.1595,11.8309,12.1388,4392671.8094617,0
BBWI.US,D,20060926,000000,12.1428,12.3288,12.0621,12.3022,5397723.1202876,0
BBWI.US,D,20060927,000000,12.2481,12.2795,11.9175,11.9254,5224029.7499445,0
BBWI.US,D,20060928,000000,11.9844,12.0906,11.7915,11.9342,4706351.0857974,0
BBWI.US,D,20060929,000000,12.0001,12.1064,11.7011,11.7158,3365911.6229132,0
BBWI.US,D,20061002,000000,11.7532,11.9342,11.6411,11.8309,3426755.4360594,0
BBWI.US,D,20061003,000000,11.8575,12.2795,11.8575,12.2255,4854262.1800426,0
BBWI.US,D,20061004,000000,12.1428,12.3819,12.1201,12.3789,4424788.3400491,0
BBWI.US,D,20061005,000000,12.3819,12.4635,12.1339,12.3238,7074012.2585067,0
BBWI.US,D,20061006,000000,12.4635,12.5363,12.2421,12.3238,5428704.1409627,0
BBWI.US,D,20061009,000000,12.3789,12.672,12.2835,12.5549,6514941.8691062,0
BBWI.US,D,20061010,000000,12.551,12.6533,12.4929,12.5629,2965611.3401889,0
BBWI.US,D,20061011,000000,12.5402,12.5402,12.3051,12.4045,3588904.6250537,0
BBWI.US,D,20061012,000000,12.4929,12.7085,12.4506,12.6465,5370134.3973548,0
BBWI.US,D,20061013,000000,12.672,12.8205,12.5973,12.7212,4678989.0582187,0
BBWI.US,D,20061016,000000,12.7123,12.7713,12.609,12.7428,3575556.0300123,0
BBWI.US,D,20061017,000000,12.737,12.7802,12.5884,12.7428,4355359.5840102,0
BBWI.US,D,20061018,000000,12.8205,12.8245,12.6798,12.792,3538698.2118401,0
BBWI.US,D,20061019,000000,12.7753,12.8205,12.5589,12.609,3056754.0548057,0
BBWI.US,D,20061020,000000,12.7015,12.734,12.4684,12.6415,4065645.9712266,0
BBWI.US,D,20061023,000000,12.7123,12.9249,12.6897,12.9249,6467679.445782,0
BBWI.US,D,20061024,000000,12.9249,12.9336,12.8412,12.9336,3435794.7862314,0
BBWI.US,D,20061025,000000,12.9101,12.9682,12.7025,12.7655,3585289.6982418,0
BBWI.US,D,20061026,000000,12.8678,13.0979,12.792,13.0656,4705228.7913091,0
BBWI.US,D,20061027,000000,13.034,13.15,12.8953,12.9249,2888945.6145286,0
BBWI.US,D,20061030,000000,12.9297,13.1284,12.854,13.0212,2796449.843785,0
BBWI.US,D,20061031,000000,13.0006,13.0979,12.9336,13.0301,4442657.6267477,0
BBWI.US,D,20061101,000000,13.0882,13.1236,12.7085,12.737,3755809.3336279,0
BBWI.US,D,20061102,000000,12.737,13.154,12.7242,13.1127,6931523.5544795,0
BBWI.US,D,20061103,000000,13.15,13.2475,12.9249,13.1323,5326708.5133414,0
BBWI.US,D,20061106,000000,13.217,13.4019,13.1323,13.3714,4692563.3320431,0
BBWI.US,D,20061107,000000,13.4324,13.6567,13.4147,13.6449,6490969.0895564,0
BBWI.US,D,20061108,000000,13.5672,14.0925,13.5288,14.0138,12207799.975825,0
BBWI.US,D,20061109,000000,14.0078,14.0708,13.8466,13.9637,7719690.4388717,0
BBWI.US,D,20061110,000000,14.0531,14.1928,13.9852,14.1928,3053137.0948517,0
BBWI.US,D,20061113,000000,14.0816,14.1928,13.9637,13.9901,5906575.9141926,0
BBWI.US,D,20061114,000000,14.062,14.2155,13.9281,14.1495,5496553.1455207,0
BBWI.US,D,20061115,000000,14.2498,14.4131,14.0167,14.0531,6307780.945191,0
BBWI.US,D,20061116,000000,13.7285,13.9754,13.5878,13.7924,8257720.85633,0
BBWI.US,D,20061117,000000,13.5957,13.7285,13.5751,13.6193,6323619.1228428,0
BBWI.US,D,20061120,000000,13.6006,13.6596,13.4894,13.5623,5160703.4701857,0
BBWI.US,D,20061121,000000,13.6193,13.9754,13.5918,13.818,7180296.7995756,0
BBWI.US,D,20061122,000000,13.755,14.1101,13.755,13.879,4112014.8285585,0
BBWI.US,D,20061124,000000,13.8977,13.9597,13.8013,13.8751,1449450.4476283,0
BBWI.US,D,20061127,000000,13.94,14.1495,13.698,13.7453,6449582.4471584,0
BBWI.US,D,20061128,000000,13.6321,13.6803,13.4894,13.5672,6315922.6630866,0
BBWI.US,D,20061129,000000,13.6656,14.1181,13.636,13.826,8519839.6467544,0
BBWI.US,D,20061130,000000,13.9066,14.1278,13.5426,14.0138,10749983.148088,0
BBWI.US,D,20061201,000000,14.0138,14.062,13.3891,13.5189,11889375.345619,0
BBWI.US,D,20061204,000000,13.6233,13.9518,13.5957,13.8701,6027579.3881382,0
BBWI.US,D,20061205,000000,13.9734,14.1318,13.7846,13.879,6165306.473159,0
BBWI.US,D,20061206,000000,13.8908,13.9094,13.765,13.8013,5384607.3200268,0
BBWI.US,D,20061207,000000,13.8977,13.9597,13.6281,13.6596,5020258.0740583,0
BBWI.US,D,20061208,000000,13.6763,13.8504,13.5623,13.5957,4486979.1098955,0
BBWI.US,D,20061211,000000,13.5475,13.8072,13.3675,13.4688,6963869.8301344,0
BBWI.US,D,20061212,000000,13.5091,13.5751,13.398,13.5229,6094059.0714321,0
BBWI.US,D,20061213,000000,13.755,13.826,13.5475,13.6724,4015216.9289433,0
BBWI.US,D,20061214,000000,13.698,13.8417,13.6193,13.7413,5475296.6439354,0
BBWI.US,D,20061215,000000,13.7344,13.7964,13.4442,13.4649,8353390.3620305,0
BBWI.US,D,20061218,000000,13.5229,13.6143,13.3527,13.3675,7256063.8763886,0
BBWI.US,D,20061219,000000,13.334,13.3527,13.1776,13.3006,7695032.4904042,0
BBWI.US,D,20061220,000000,13.334,13.5623,13.2386,13.2907,8639927.1901439,0
BBWI.US,D,20061221,000000,13.3803,13.4019,12.9101,12.9475,7626964.9230608,0
BBWI.US,D,20061222,000000,13.0006,13.2258,12.8087,13.1413,7087120.9427699,0
BBWI.US,D,20061226,000000,13.092,13.154,12.7212,12.8245,5667076.8471912,0
BBWI.US,D,20061227,000000,12.7802,12.9759,12.7428,12.9543,4927316.0286044,0
BBWI.US,D,20061228,000000,12.9543,13.0979,12.9249,12.9632,5908159.7319578,0
BBWI.US,D,20061229,000000,12.9514,13.0399,12.7753,12.796,5087434.1085519,0
BBWI.US,D,20070103,000000,13.2652,13.278,12.8756,13.0783,16766702.507224,0
BBWI.US,D,20070104,000000,12.3326,12.4477,11.9736,12.0926,31915467.057052,0
BBWI.US,D,20070105,000000,12.0218,12.2697,11.5664,12.0848,18163228.230533,0
BBWI.US,D,20070108,000000,12.0503,12.2885,11.7435,11.8487,16694100.016228,0
BBWI.US,D,20070109,000000,11.9461,12.2885,11.9382,12.0257,19118744.065067,0
BBWI.US,D,20070110,000000,11.9736,11.9736,11.7808,11.9136,9268649.9812242,0
BBWI.US,D,20070111,000000,11.9687,12.4635,11.9549,12.3896,15624146.740447,0
BBWI.US,D,20070112,000000,12.3819,12.7123,12.3238,12.6533,10617459.8905,0
BBWI.US,D,20070116,000000,12.5766,12.6798,12.4262,12.4477,10024242.878036,0
BBWI.US,D,20070117,000000,12.4262,12.4262,12.2088,12.2628,11329173.512591,0
BBWI.US,D,20070118,000000,12.3966,12.8205,12.3375,12.5363,7095715.0348025,0
BBWI.US,D,20070119,000000,12.2745,12.6012,12.2421,12.5549,8734460.1693607,0
BBWI.US,D,20070122,000000,12.734,12.8205,12.4556,12.5087,8183766.3257786,0
BBWI.US,D,20070123,000000,12.4093,12.6465,12.3995,12.5009,7336575.2904993,0
BBWI.US,D,20070124,000000,12.4506,12.6278,12.4339,12.4635,5998624.3936545,0
BBWI.US,D,20070125,000000,12.551,12.551,12.2372,12.2885,5902958.9542384,0
BBWI.US,D,20070126,000000,12.2835,12.3288,12.0848,12.2126,6977888.345527,0
BBWI.US,D,20070129,000000,12.1595,12.2539,12.1024,12.1851,4192751.9214524,0
BBWI.US,D,20070130,000000,12.1684,12.3091,12.1684,12.2922,8348186.534598,0
BBWI.US,D,20070131,000000,12.2322,12.4506,12.2322,12.3532,4843406.2173247,0
BBWI.US,D,20070201,000000,12.4262,12.6051,12.2835,12.5943,8631330.048398,0
BBWI.US,D,20070202,000000,12.6966,12.7153,12.5402,12.6278,7446944.4142258,0
BBWI.US,D,20070205,000000,12.609,12.7085,12.5402,12.6503,6523305.1995004,0
BBWI.US,D,20070206,000000,12.6465,12.9514,12.6366,12.8992,12286735.704739,0
BBWI.US,D,20070207,000000,12.849,13.213,12.7655,12.9514,9145159.9743815,0
BBWI.US,D,20070208,000000,12.9297,12.9956,12.7212,12.8452,5972164.0646366,0
BBWI.US,D,20070209,000000,12.8914,12.9297,12.5943,12.6012,9342376.7998506,0
BBWI.US,D,20070212,000000,12.5451,12.6366,12.4439,12.5087,8988280.6899409,0
BBWI.US,D,20070213,000000,12.5706,12.7605,12.5126,12.734,4888193.2900337,0
BBWI.US,D,20070214,000000,12.7281,12.8953,12.672,12.8639,5814800.892355,0
BBWI.US,D,20070215,000000,12.8717,13.0212,12.792,12.9543,5270392.5078499,0
BBWI.US,D,20070216,000000,12.9386,12.9386,12.8137,12.9199,4467303.376362,0
BBWI.US,D,20070220,000000,12.854,13.154,12.7753,13.0616,5405410.430904,0
BBWI.US,D,20070221,000000,12.9759,13.0684,12.9072,13.0301,4575182.9174781,0
BBWI.US,D,20070222,000000,12.9514,13.1176,12.8992,13.1176,8723831.9185682,0
BBWI.US,D,20070223,000000,13.0212,13.15,12.9149,13.0488,7280714.7088583,0
BBWI.US,D,20070226,000000,13.0882,13.1413,12.6533,12.6897,7721602.6091004,0
BBWI.US,D,20070227,000000,12.551,12.5854,12.0464,12.0503,14363996.062604,0
BBWI.US,D,20070228,000000,12.1153,12.3896,12.0376,12.2294,10431786.229809,0
BBWI.US,D,20070301,000000,11.8073,12.1113,11.408,11.9027,20938474.43443,0
BBWI.US,D,20070302,000000,11.827,11.8487,11.5525,11.6411,15983514.788052,0
BBWI.US,D,20070305,000000,11.8112,11.8112,11.0411,11.0804,23930771.782419,0
BBWI.US,D,20070306,000000,11.3784,11.4374,11.0518,11.3362,21134725.517358,0
BBWI.US,D,20070307,000000,11.3194,11.4601,11.288,11.403,11702108.718023,0
BBWI.US,D,20070308,000000,11.3647,11.7592,11.3194,11.6244,15931043.454441,0
BBWI.US,D,20070309,000000,11.6785,11.7296,11.3893,11.5309,11942518.632725,0
BBWI.US,D,20070312,000000,11.5309,11.7011,11.5161,11.6648,18964726.428257,0
BBWI.US,D,20070313,000000,11.5624,11.6115,11.3362,11.3893,9727972.3816934,0
BBWI.US,D,20070314,000000,11.3854,11.4797,10.9967,11.2506,16032594.840494,0
BBWI.US,D,20070315,000000,11.2368,11.3784,11.1463,11.3362,9281198.5348143,0
BBWI.US,D,20070316,000000,11.3362,11.5044,11.23,11.3647,13565434.738771,0
BBWI.US,D,20070319,000000,11.4335,11.526,11.4129,11.4797,7481643.0353933,0
BBWI.US,D,20070320,000000,11.4493,11.6785,11.4335,11.6648,6183393.3060718,0
BBWI.US,D,20070321,000000,11.6481,11.768,11.5161,11.6844,7365961.3111271,0
BBWI.US,D,20070322,000000,11.7109,11.7109,11.526,11.5851,6262100.3064899,0
BBWI.US,D,20070323,000000,11.5624,11.8359,11.5497,11.8202,8814417.5522251,0
BBWI.US,D,20070326,000000,11.8202,11.9382,11.6371,11.8398,10249945.042144,0
BBWI.US,D,20070327,000000,11.7808,11.827,11.7011,11.7503,6171830.8264433,0
BBWI.US,D,20070328,000000,11.6508,11.7758,11.5574,11.6962,9932966.9926062,0
BBWI.US,D,20070329,000000,11.7631,11.8683,11.4297,11.6303,13781527.256322,0
BBWI.US,D,20070330,000000,11.6115,11.7258,11.4797,11.5201,10520771.780563,0
BBWI.US,D,20070402,000000,11.5574,11.7061,11.5024,11.6883,6687272.0176116,0
BBWI.US,D,20070403,000000,11.7178,11.9175,11.6735,11.6962,8538791.5816686,0
BBWI.US,D,20070404,000000,11.6735,11.6962,11.47,11.6028,14533166.708148,0
BBWI.US,D,20070405,000000,11.7375,11.8487,11.6932,11.8359,9059677.5276187,0
BBWI.US,D,20070409,000000,11.8929,11.9549,11.8073,11.8782,7106121.6730966,0
BBWI.US,D,20070410,000000,11.5201,12.0503,11.5201,12.0051,12634960.100007,0
BBWI.US,D,20070411,000000,12.0503,12.1388,11.886,11.9894,11291970.060247,0
BBWI.US,D,20070412,000000,11.7631,11.8152,11.6028,11.6371,14876570.523286,0
BBWI.US,D,20070413,000000,11.5851,11.6028,11.3283,11.408,10334455.64694,0
BBWI.US,D,20070416,000000,11.4257,11.5044,11.3194,11.408,24804860.272286,0
BBWI.US,D,20070417,000000,11.466,11.5161,11.3647,11.4493,15259638.909388,0
BBWI.US,D,20070418,000000,11.3764,11.827,11.3764,11.7011,16197187.866399,0
BBWI.US,D,20070419,000000,11.6077,11.8683,11.6077,11.7955,14067540.550323,0
BBWI.US,D,20070420,000000,11.9382,11.9589,11.7592,11.8782,10609406.61429,0
BBWI.US,D,20070423,000000,11.8722,11.8782,11.6883,11.7758,10067916.805397,0
BBWI.US,D,20070424,000000,12.1458,12.849,12.0719,12.7605,39768192.088772,0
BBWI.US,D,20070425,000000,12.9386,13.0783,12.7527,12.9543,22333460.052529,0
BBWI.US,D,20070426,000000,12.9543,12.9759,12.5973,12.737,17083392.867142,0
BBWI.US,D,20070427,000000,12.6366,12.672,12.4881,12.5806,7589248.1023139,0
BBWI.US,D,20070430,000000,12.4969,12.5706,12.1644,12.19,11446318.082661,0
BBWI.US,D,20070501,000000,12.1565,12.2294,11.8398,11.9736,17729304.858858,0
BBWI.US,D,20070502,000000,12.1339,12.2421,12.0621,12.1733,14570227.840539,0
BBWI.US,D,20070503,000000,12.19,12.4881,12.1064,12.4152,19654987.350541,0
BBWI.US,D,20070504,000000,12.4635,12.6533,12.1595,12.614,22006339.673183,0
BBWI.US,D,20070507,000000,12.5668,12.6179,12.4299,12.5264,13598573.93988,0
BBWI.US,D,20070508,000000,12.4093,12.4596,12.193,12.2795,10703533.98164,0
BBWI.US,D,20070509,000000,12.2126,12.4477,12.19,12.3868,14110025.089502,0
BBWI.US,D,20070510,000000,12.5589,12.9543,12.3326,12.3995,16626475.673883,0
BBWI.US,D,20070511,000000,12.3995,12.5126,12.1644,12.2322,15440424.896257,0
BBWI.US,D,20070514,000000,12.2481,12.3789,12.0571,12.1201,10230501.08682,0
BBWI.US,D,20070515,000000,12.1388,12.2088,11.2732,11.5761,48539347.42493,0
BBWI.US,D,20070516,000000,11.2053,11.4964,11.1935,11.2633,49975421.830097,0
BBWI.US,D,20070517,000000,11.2928,11.3362,11.1827,11.3067,28329943.547459,0
BBWI.US,D,20070518,000000,11.3322,11.6244,11.2732,11.5899,17004504.917069,0
BBWI.US,D,20070521,000000,11.5408,11.6342,11.4414,11.5664,15665881.05016,0
BBWI.US,D,20070522,000000,11.5348,11.5525,11.3784,11.4897,11167147.328699,0
BBWI.US,D,20070523,000000,11.4748,11.8073,11.4748,11.7011,19280335.156531,0
BBWI.US,D,20070524,000000,11.4964,11.8231,11.4464,11.5161,20383428.649992,0
BBWI.US,D,20070525,000000,11.6185,11.6962,11.5348,11.6077,14178997.405119,0
BBWI.US,D,20070529,000000,11.4177,11.5624,11.4129,11.4797,11337129.197976,0
BBWI.US,D,20070530,000000,11.4541,11.5899,11.3854,11.5574,9720966.1737104,0
BBWI.US,D,20070531,000000,11.5574,11.7061,11.5348,11.6077,8461536.2447733,0
BBWI.US,D,20070601,000000,11.6342,11.9589,11.6303,11.9087,11463388.34448,0
BBWI.US,D,20070604,000000,11.9214,12.0906,11.884,11.9087,11492560.885177,0
BBWI.US,D,20070605,000000,11.8202,11.889,11.6508,11.7631,13079419.214503,0
BBWI.US,D,20070606,000000,11.7532,11.7532,11.5998,11.6648,12491914.315019,0
BBWI.US,D,20070607,000000,11.8929,11.9175,11.4847,11.5094,20053103.021984,0
BBWI.US,D,20070608,000000,11.4601,11.6785,11.4601,11.6735,6831534.6381987,0
BBWI.US,D,20070611,000000,11.8929,11.8929,11.6115,11.7011,7471142.8725585,0
BBWI.US,D,20070612,000000,11.5851,11.6303,11.349,11.4177,17497895.664627,0
BBWI.US,D,20070613,000000,11.5201,11.6538,11.403,11.6371,10080108.542533,0
BBWI.US,D,20070614,000000,11.6735,11.7631,11.5121,11.5998,6797716.367599,0
BBWI.US,D,20070615,000000,11.8152,11.8152,11.5161,11.5998,10205621.525853,0
BBWI.US,D,20070618,000000,11.6145,11.7061,11.5851,11.6883,10954064.878159,0
BBWI.US,D,20070619,000000,11.6785,11.8152,11.6481,11.8015,7128963.0090182,0
BBWI.US,D,20070620,000000,11.8782,12.193,11.8015,12.0218,17369027.996695,0
BBWI.US,D,20070621,000000,12.0257,12.0503,11.7335,12.0218,13424310.273153,0
BBWI.US,D,20070622,000000,12.3494,12.5126,12.1388,12.1595,23617462.537962,0
BBWI.US,D,20070625,000000,12.1024,12.1733,11.9175,11.95,16962980.021002,0
BBWI.US,D,20070626,000000,11.9894,12.0926,11.8073,11.8683,11927128.762926,0
BBWI.US,D,20070627,000000,11.7838,12.2972,11.7758,12.2628,10637129.524607,0
BBWI.US,D,20070628,000000,12.2126,12.4389,12.1339,12.3445,12031405.576083,0
BBWI.US,D,20070629,000000,12.3896,12.3995,12.0503,12.1388,17532924.671401,0
BBWI.US,D,20070702,000000,12.3288,12.609,12.2745,12.6012,10408873.733911,0
BBWI.US,D,20070703,000000,12.5589,12.6621,12.5087,12.5854,7071068.2686171,0
BBWI.US,D,20070705,000000,12.6583,12.7212,12.6179,12.7015,7793192.5952861,0
BBWI.US,D,20070706,000000,12.6415,12.8452,12.5176,12.8205,8558080.001615,0
BBWI.US,D,20070709,000000,12.8245,12.8245,12.3051,12.4881,10858766.420908,0
BBWI.US,D,20070710,000000,12.3494,12.4389,12.1988,12.2481,10155413.079498,0
BBWI.US,D,20070711,000000,12.2922,12.3091,12.1024,12.1733,10905132.228526,0
BBWI.US,D,20070712,000000,12.3198,12.4782,12.0965,12.193,14991952.359079,0
BBWI.US,D,20070713,000000,12.1565,12.2038,11.9894,12.1428,8558889.1922062,0
BBWI.US,D,20070716,000000,12.0808,12.1792,11.9894,12.0571,6717128.7106561,0
BBWI.US,D,20070717,000000,12.0464,12.2165,11.9932,12.0414,6306200.1771391,0
BBWI.US,D,20070718,000000,12.0218,12.1792,11.886,11.9549,7065416.1333319,0
BBWI.US,D,20070719,000000,12.0257,12.1565,11.9175,12.0503,6960302.6821639,0
BBWI.US,D,20070720,000000,12.0671,12.1339,11.8683,11.9342,7551200.8959612,0
BBWI.US,D,20070723,000000,11.9844,12.1113,11.7877,11.8398,6792635.5452688,0
BBWI.US,D,20070724,000000,11.8202,11.889,11.5161,11.5712,10416112.736674,0
BBWI.US,D,20070725,000000,11.6303,11.7011,11.2053,11.4129,11610738.291481,0
BBWI.US,D,20070726,000000,11.288,11.3558,10.6416,10.8493,18345445.549503,0
BBWI.US,D,20070727,000000,10.7883,10.9347,10.5492,10.6573,22289305.287041,0
BBWI.US,D,20070730,000000,10.6693,10.8384,10.6328,10.7941,14959415.98463,0
BBWI.US,D,20070731,000000,10.9584,11.0263,10.6693,10.679,15132477.047752,0
BBWI.US,D,20070801,000000,10.679,10.803,10.2059,10.4882,21867302.228022,0
BBWI.US,D,20070802,000000,10.5019,10.6416,10.2147,10.5059,13876468.897119,0
BBWI.US,D,20070803,000000,10.5315,10.5482,10.0869,10.0869,13530876.404414,0
BBWI.US,D,20070806,000000,10.1302,10.3603,9.83502,10.3603,20607127.152471,0
BBWI.US,D,20070807,000000,10.2453,10.7016,10.077,10.6967,16557310.209757,0
BBWI.US,D,20070808,000000,10.799,10.9869,10.683,10.864,19990593.048814,0
BBWI.US,D,20070809,000000,10.6693,10.7784,10.5315,10.559,21889527.521859,0
BBWI.US,D,20070810,000000,10.5482,10.739,9.89309,10.2807,17939035.6745,0
BBWI.US,D,20070813,000000,10.3043,10.6693,10.3043,10.3741,8113428.7551813,0
BBWI.US,D,20070814,000000,10.316,10.4213,10.1133,10.1262,9437758.6159313,0
BBWI.US,D,20070815,000000,10.0456,10.1508,9.58713,9.58713,13725056.732025,0
BBWI.US,D,20070816,000000,9.44548,9.60385,9.1844,9.43662,16863062.264698,0
BBWI.US,D,20070817,000000,9.55368,10.2807,9.16572,9.75436,11986618.503374,0
BBWI.US,D,20070820,000000,9.8301,10.0189,9.77797,9.92651,13003654.170832,0
BBWI.US,D,20070821,000000,9.92651,9.94819,9.58222,9.76715,8576827.6057392,0
BBWI.US,D,20070822,000000,9.90585,10.0366,9.74256,9.83994,12988051.837675,0
BBWI.US,D,20070823,000000,10.1743,10.6416,9.84289,10.4734,20925752.047182,0
BBWI.US,D,20070824,000000,10.5433,10.5492,10.2807,10.3692,8648300.6862491,0
BBWI.US,D,20070827,000000,10.3741,10.4302,10.1439,10.1586,5446118.0038109,0
BBWI.US,D,20070828,000000,10.0012,10.0869,9.80453,9.82224,6320444.3713148,0
BBWI.US,D,20070829,000000,9.82224,10.1843,9.79961,10.1656,9057870.0642128,0
BBWI.US,D,20070830,000000,10.077,10.0986,9.95693,10.0366,6527158.0039484,0
BBWI.US,D,20070831,000000,10.1439,10.3475,10.1302,10.2423,8807959.276062,0
BBWI.US,D,20070904,000000,10.2659,10.5059,10.1882,10.383,6308371.5729968,0
BBWI.US,D,20070905,000000,10.383,10.383,9.99727,10.138,6067476.7538828,0
BBWI.US,D,20070906,000000,10.138,10.261,9.86454,9.93245,5890295.5281146,0
BBWI.US,D,20070907,000000,9.44941,9.79961,9.3717,9.49761,8917205.0887289,0
BBWI.US,D,20070910,000000,9.50548,9.56254,9.25868,9.31337,7880945.0453029,0
BBWI.US,D,20070911,000000,9.32911,9.65009,9.31632,9.64713,10903095.020053,0
BBWI.US,D,20070912,000000,9.59795,9.77797,9.56745,9.61861,7019279.0542095,0
BBWI.US,D,20070913,000000,9.65993,10.0613,9.50548,9.89309,7369881.2092674,0
BBWI.US,D,20070914,000000,9.79961,10.1843,9.72091,10.1616,6184070.3424207,0
BBWI.US,D,20070917,000000,10.1262,10.1302,9.91573,9.96587,5462173.7276769,0
BBWI.US,D,20070918,000000,10.0613,10.5099,10.0012,10.4184,9113605.6076092,0
BBWI.US,D,20070919,000000,10.44,10.7173,10.2983,10.379,7100015.1305321,0
BBWI.US,D,20070920,000000,10.3298,10.3475,9.8301,9.87437,10972358.075003,0
BBWI.US,D,20070921,000000,9.87437,10.2708,9.86945,10.2147,19018562.000278,0
BBWI.US,D,20070924,000000,10.2147,10.4439,10.1547,10.1882,7619723.8871549,0
BBWI.US,D,20070925,000000,9.9766,10.1173,9.76715,10.1036,9427186.2765488,0
BBWI.US,D,20070926,000000,10.1302,10.2492,9.9925,10.0456,5140810.1904381,0
BBWI.US,D,20070927,000000,10.0721,10.2373,9.9766,10.1203,6403217.6561109,0
BBWI.US,D,20070928,000000,10.1173,10.2334,9.94819,10.1203,7368238.4303787,0
BBWI.US,D,20071001,000000,10.2147,10.2147,9.91573,10.1547,10099616.541836,0
BBWI.US,D,20071002,000000,10.2059,10.2285,10.0052,10.0672,7583339.7911128,0
BBWI.US,D,20071003,000000,9.9925,10.1743,9.63435,10.0189,16109941.668788,0
BBWI.US,D,20071004,000000,10.0456,10.0986,9.83502,9.89309,5374882.800937,0
BBWI.US,D,20071005,000000,10.0336,10.138,9.79468,10.0052,10373200.221063,0
BBWI.US,D,20071008,000000,9.98654,10.0239,9.73764,9.84781,7557079.7266005,0
BBWI.US,D,20071009,000000,9.92157,9.92157,9.45531,9.50155,13209005.5982,0
BBWI.US,D,20071010,000000,9.50155,9.61271,9.38646,9.5409,14780125.373841,0
BBWI.US,D,20071011,000000,9.52712,10.1616,9.52712,9.7101,13251747.329866,0
BBWI.US,D,20071012,000000,9.62255,9.83502,9.62255,9.76715,7405102.3479775,0
BBWI.US,D,20071015,000000,9.72091,9.99727,9.72091,9.83502,12326846.550412,0
BBWI.US,D,20071016,000000,9.85175,9.85175,9.61271,9.64713,6408648.1788974,0
BBWI.US,D,20071017,000000,9.7819,9.94819,9.49467,9.65993,9254400.7041932,0
BBWI.US,D,20071018,000000,9.65993,9.72681,9.56254,9.70616,8499707.4727996,0
BBWI.US,D,20071019,000000,9.67075,9.6737,9.42482,9.46023,8749161.8205289,0
BBWI.US,D,20071022,000000,9.34279,9.65009,9.27215,9.58222,6807592.3557816,0
BBWI.US,D,20071023,000000,9.54778,9.83994,9.44941,9.62255,10453492.055818,0
BBWI.US,D,20071024,000000,9.58222,9.67763,9.45531,9.54778,15181107.775769,0
BBWI.US,D,20071025,000000,9.52712,9.71403,9.47204,9.5409,8217014.2999943,0
BBWI.US,D,20071026,000000,9.62255,9.68746,9.47204,9.60681,7921198.2109305,0
BBWI.US,D,20071029,000000,9.64222,9.91761,9.63829,9.7583,9627108.1977003,0
BBWI.US,D,20071030,000000,9.71403,9.79961,9.63829,9.73764,5826511.7913633,0
BBWI.US,D,20071031,000000,9.8301,9.84781,9.56745,9.73174,6404805.5401604,0
BBWI.US,D,20071101,000000,9.58222,9.72681,9.43269,9.47204,11715331.258248,0
BBWI.US,D,20071102,000000,9.49761,9.63239,9.38646,9.47204,11655297.652265,0
BBWI.US,D,20071105,000000,9.33492,9.58713,9.30737,9.48483,12134129.068608,0
BBWI.US,D,20071106,000000,9.49467,9.6737,9.42482,9.65993,10864576.124713,0
BBWI.US,D,20071107,000000,9.48483,9.69336,9.45531,9.4809,12759115.960917,0
BBWI.US,D,20071108,000000,9.61861,9.61861,8.32062,8.71085,27677925.013177,0
BBWI.US,D,20071109,000000,8.50231,8.69423,8.24281,8.25205,17220987.797921,0
BBWI.US,D,20071112,000000,8.34265,8.60462,8.23808,8.38987,14372242.487323,0
BBWI.US,D,20071113,000000,8.42056,8.91389,8.42056,8.82348,15938416.644589,0
BBWI.US,D,20071114,000000,8.79182,8.95402,8.4009,8.43788,13343750.06363,0
BBWI.US,D,20071115,000000,8.47251,8.47251,8.01135,8.13185,19075887.460866,0
BBWI.US,D,20071116,000000,8.29927,8.29927,8.02639,8.12231,9195297.2607606,0
BBWI.US,D,20071119,000000,8.03416,8.11444,7.67,7.75499,18162671.149573,0
BBWI.US,D,20071120,000000,7.8391,7.95782,7.5495,7.75027,17572955.207958,0
BBWI.US,D,20071121,000000,7.38434,8.11444,7.29531,7.93835,15572733.657345,0
BBWI.US,D,20071123,000000,7.97918,8.36547,7.97918,8.30792,11016850.342095,0
BBWI.US,D,20071126,000000,8.42056,8.42056,7.87677,7.88788,10061514.440644,0
BBWI.US,D,20071127,000000,7.90205,8.02089,7.83673,7.92881,8439003.9464645,0
BBWI.US,D,20071128,000000,8.0917,8.60845,8.0917,8.50712,15106526.020853,0
BBWI.US,D,20071129,000000,8.50231,8.57865,8.34885,8.54245,10996202.766595,0
BBWI.US,D,20071130,000000,8.71478,9.09952,8.62596,8.87906,13095695.534297,0
BBWI.US,D,20071203,000000,8.95796,8.95796,8.66678,8.81866,9876902.0801752,0
BBWI.US,D,20071204,000000,8.81866,9.02091,8.61249,8.90209,8158701.7488733,0
BBWI.US,D,20071205,000000,8.98147,9.01777,8.75807,8.79889,9901941.2428031,0
BBWI.US,D,20071206,000000,8.59999,9.09952,8.38583,8.9855,14348338.834607,0
BBWI.US,D,20071207,000000,9.02091,9.2452,8.9855,9.20181,8513827.6453016,0
BBWI.US,D,20071210,000000,9.27215,9.27215,9.04206,9.06341,15455751.738649,0
BBWI.US,D,20071211,000000,9.13109,9.14584,8.78639,8.81404,18629767.269202,0
BBWI.US,D,20071212,000000,9.11761,9.17427,8.67553,8.83283,14413218.434998,0
BBWI.US,D,20071213,000000,8.81866,8.81866,8.51106,8.60845,12612648.397625,0
BBWI.US,D,20071214,000000,8.46148,8.59527,8.23808,8.26386,11022602.101348,0
BBWI.US,D,20071217,000000,8.30232,8.56999,8.25914,8.35829,13824533.296474,0
BBWI.US,D,20071218,000000,8.44565,8.51962,8.2916,8.35367,18705553.660865,0
BBWI.US,D,20071219,000000,8.4009,8.41574,8.12624,8.1711,18695703.08696,0
BBWI.US,D,20071220,000000,8.32466,8.32466,7.98458,8.02089,18983583.82206,0
BBWI.US,D,20071221,000000,8.19165,8.24281,8.05227,8.11837,16957526.11708,0
BBWI.US,D,20071224,000000,8.09486,8.48972,8.09486,8.42056,4661838.4872839,0
BBWI.US,D,20071226,000000,8.2734,8.32062,8.0917,8.21674,8016225.2436992,0
BBWI.US,D,20071227,000000,8.25914,8.25914,8.11444,8.20179,7293513.3389376,0
BBWI.US,D,20071228,000000,8.32062,8.4009,8.26946,8.33557,7099602.4026677,0
BBWI.US,D,20071231,000000,8.21674,8.51962,8.21674,8.37099,7467745.4919607,0
BBWI.US,D,20080102,000000,8.37973,8.37973,8.02089,8.03416,16116718.131703,0
BBWI.US,D,20080103,000000,8.03967,8.08306,7.63291,7.63675,17487219.634993,0
BBWI.US,D,20080104,000000,7.53061,7.56907,7.11008,7.29993,19777684.431931,0
BBWI.US,D,20080107,000000,7.23953,7.50788,7.0664,7.11539,16194138.153116,0
BBWI.US,D,20080108,000000,7.12877,7.32276,6.94146,6.95603,12803501.488043,0
BBWI.US,D,20080109,000000,7.0664,7.0664,6.65531,6.93793,19251449.288881,0
BBWI.US,D,20080110,000000,7.05233,7.28311,6.98249,7.07968,22150544.349217,0
BBWI.US,D,20080111,000000,7.00246,7.00246,6.55291,6.65531,13644805.560114,0
BBWI.US,D,20080114,000000,6.67263,6.84527,6.62905,6.81408,12828920.84826,0
BBWI.US,D,20080115,000000,6.74444,6.78171,6.57957,6.7345,11159784.304262,0
BBWI.US,D,20080116,000000,6.69004,7.10064,6.65049,6.99529,14774438.675139,0
BBWI.US,D,20080117,000000,7.0302,7.10064,6.91225,6.98996,14064323.102809,0
BBWI.US,D,20080118,000000,6.94146,7.35708,6.91511,7.04358,17110242.54289,0
BBWI.US,D,20080122,000000,6.69929,7.4224,6.64076,7.33643,18611883.750508,0
BBWI.US,D,20080123,000000,7.16516,7.8579,6.9516,7.84854,24734338.702322,0
BBWI.US,D,20080124,000000,7.87362,7.88159,7.52589,7.74309,16286859.602642,0
BBWI.US,D,20080125,000000,7.79896,7.89576,7.46745,7.5495,11056796.503252,0
BBWI.US,D,20080128,000000,7.51645,7.91691,7.45211,7.91691,9244756.4942198,0
BBWI.US,D,20080129,000000,7.95782,8.13185,7.78323,8.09486,9578818.0209997,0
BBWI.US,D,20080130,000000,8.0861,8.25914,7.95075,8.00741,9688765.267722,0
BBWI.US,D,20080131,000000,7.89576,8.54245,7.77211,8.43158,13386310.845642,0
BBWI.US,D,20080201,000000,8.43158,8.57471,8.30232,8.54716,11395564.754199,0
BBWI.US,D,20080204,000000,8.54716,8.54716,7.99964,8.09957,11733871.481869,0
BBWI.US,D,20080205,000000,7.9901,8.22776,7.87047,7.89576,11225101.030224,0
BBWI.US,D,20080206,000000,7.96255,8.30792,7.86191,7.89271,12404975.121878,0
BBWI.US,D,20080207,000000,7.8446,8.31353,7.80772,8.16401,12141196.270856,0
BBWI.US,D,20080208,000000,7.92881,8.25914,7.92881,7.99403,14368843.073583,0
BBWI.US,D,20080211,000000,8.00741,8.09486,7.89576,8.05227,13445606.421012,0
BBWI.US,D,20080212,000000,8.08306,8.15536,7.91691,7.95782,9349916.7076582,0
BBWI.US,D,20080213,000000,8.02639,8.0917,7.88159,7.97052,12309678.69777,0
BBWI.US,D,20080214,000000,7.95782,7.97524,7.63291,7.64001,10049373.532063,0
BBWI.US,D,20080215,000000,7.59671,7.79179,7.5495,7.75952,8551220.1798695,0
BBWI.US,D,20080219,000000,7.79896,7.87362,7.62268,7.65731,6951579.4856022,0
BBWI.US,D,20080220,000000,7.57626,7.88788,7.52185,7.84854,7169615.6870861,0
BBWI.US,D,20080221,000000,7.91691,7.97524,7.58186,7.60223,8239449.0074781,0
BBWI.US,D,20080222,000000,7.64629,7.78795,7.5126,7.77772,8409224.5128231,0
BBWI.US,D,20080225,000000,7.74791,7.99403,7.68958,7.97918,11458208.914755,0
BBWI.US,D,20080226,000000,7.92881,8.02639,7.83673,7.95782,30092708.3224,0
BBWI.US,D,20080227,000000,8.0437,8.0437,7.72174,7.87677,15227383.10856,0
BBWI.US,D,20080228,000000,7.76345,7.78323,6.99803,7.00709,45125856.208512,0
BBWI.US,D,20080229,000000,6.94146,7.06119,6.70696,6.74444,20680305.022707,0
BBWI.US,D,20080303,000000,6.74444,6.80975,6.63308,6.77336,20576095.303242,0
BBWI.US,D,20080304,000000,6.72043,6.84527,6.64626,6.78171,13086407.124206,0
BBWI.US,D,20080305,000000,6.75132,6.94659,6.69929,6.79008,11149413.245956,0
BBWI.US,D,20080306,000000,6.74444,6.78664,6.54061,6.55291,13921629.05142,0
BBWI.US,D,20080307,000000,6.50845,6.64076,6.3728,6.41549,11576999.313427,0
BBWI.US,D,20080310,000000,6.40614,6.60603,6.39749,6.55291,17545612.49523,0
BBWI.US,D,20080311,000000,6.69004,6.89347,6.61784,6.89347,14902938.344334,0
BBWI.US,D,20080312,000000,6.9035,7.28311,6.77827,7.0302,18926555.200232,0
BBWI.US,D,20080313,000000,6.93793,7.13251,6.85765,7.07968,14585247.67846,0
BBWI.US,D,20080314,000000,7.04358,7.17048,6.90861,7.07968,16305771.891284,0
BBWI.US,D,20080317,000000,6.92367,7.12877,6.89347,6.97177,14917043.268271,0
BBWI.US,D,20080318,000000,7.09611,7.36485,7.07968,7.33643,12916708.878265,0
BBWI.US,D,20080319,000000,7.35708,7.46745,7.16516,7.16516,10820113.338182,0
BBWI.US,D,20080320,000000,7.17559,7.60223,7.12365,7.57626,11805600.738295,0
BBWI.US,D,20080324,000000,7.62741,8.04764,7.62741,7.8446,14923174.208541,0
BBWI.US,D,20080325,000000,7.86191,7.86191,7.57311,7.69755,11176777.306677,0
BBWI.US,D,20080326,000000,7.67,7.67,7.46745,7.55667,9649358.905816,0
BBWI.US,D,20080327,000000,7.55667,7.75952,7.46745,7.5126,10067112.697662,0
BBWI.US,D,20080328,000000,7.45585,7.48182,7.35482,7.42801,10026895.112022,0
BBWI.US,D,20080331,000000,7.41148,7.65338,7.34558,7.5613,8906735.4230271,0
BBWI.US,D,20080401,000000,7.5613,8.0563,7.5613,8.04764,15487384.381395,0
BBWI.US,D,20080402,000000,8.0437,8.31353,7.9901,8.19628,13985884.477159,0
BBWI.US,D,20080403,000000,8.14198,8.1711,8.01135,8.1711,7168046.1013161,0
BBWI.US,D,20080404,000000,8.16784,8.17424,7.99964,8.03967,8766202.6017855,0
BBWI.US,D,20080407,000000,8.11444,8.13815,7.87362,7.90737,10711212.143116,0
BBWI.US,D,20080408,000000,7.88159,7.92321,7.5495,7.65338,17258417.945618,0
BBWI.US,D,20080409,000000,7.63291,7.74791,7.42801,7.53061,13346443.97703,0
BBWI.US,D,20080410,000000,7.51645,7.97052,7.42801,7.71712,16896685.353648,0
BBWI.US,D,20080411,000000,7.72892,7.90205,7.5613,7.65338,15309452.92616,0
BBWI.US,D,20080414,000000,7.62741,7.91691,7.61797,7.77211,10499315.014472,0
BBWI.US,D,20080415,000000,7.79179,7.99403,7.63291,7.95075,12019020.690439,0
BBWI.US,D,20080416,000000,7.9901,8.0917,7.85405,7.90205,15002831.702932,0
BBWI.US,D,20080417,000000,7.89271,7.92321,7.75027,7.88788,7816249.4442797,0
BBWI.US,D,20080418,000000,8.00505,8.17897,8.00505,8.09957,9192294.3097476,0
BBWI.US,D,20080421,000000,8.06879,8.22776,8.05227,8.18291,5475939.1168671,0
BBWI.US,D,20080422,000000,8.0917,8.17424,7.84854,7.93835,6570503.5788455,0
BBWI.US,D,20080423,000000,8.17424,8.2916,7.90737,8.13815,7450010.3926467,0
BBWI.US,D,20080424,000000,8.18291,8.45273,8.09957,8.33086,12810515.828594,0
BBWI.US,D,20080425,000000,8.35829,8.59527,8.25205,8.56448,9295055.4154031,0
BBWI.US,D,20080428,000000,8.53782,8.57865,8.2734,8.47722,6461874.8248326,0
BBWI.US,D,20080429,000000,8.45037,8.59999,8.41574,8.53468,5725146.4378206,0
BBWI.US,D,20080430,000000,8.53782,8.55592,8.13185,8.18684,11254992.286685,0
BBWI.US,D,20080501,000000,8.16784,8.54245,8.0861,8.38583,10582662.661937,0
BBWI.US,D,20080502,000000,8.45037,8.51588,8.20179,8.25205,13871478.549616,0
BBWI.US,D,20080505,000000,8.2734,8.2734,7.82729,7.87677,12901207.185645,0
BBWI.US,D,20080506,000000,7.85405,8.06407,7.71712,7.98458,10491260.72169,0
BBWI.US,D,20080507,000000,7.96255,8.0917,7.83201,7.8446,4982913.3183319,0
BBWI.US,D,20080508,000000,7.92321,8.01695,7.75027,7.92881,9927555.7846704,0
BBWI.US,D,20080509,000000,7.90737,8.03023,7.80457,7.93835,7718292.6536168,0
BBWI.US,D,20080512,000000,8.01135,8.38583,7.97524,8.31353,8882444.4567247,0
BBWI.US,D,20080513,000000,8.35367,8.42056,8.25914,8.38583,7586120.1130562,0
BBWI.US,D,20080514,000000,8.44565,8.57865,8.35367,8.38583,13893120.331647,0
BBWI.US,D,20080515,000000,8.44565,8.59999,8.29927,8.59527,10021587.594338,0
BBWI.US,D,20080516,000000,8.58966,8.58966,8.32466,8.48972,10010285.356909,0
BBWI.US,D,20080519,000000,8.48972,8.72344,8.36547,8.55986,13707976.304495,0
BBWI.US,D,20080520,000000,8.48972,8.49759,8.19165,8.2734,10929073.494372,0
BBWI.US,D,20080521,000000,8.20661,8.40483,8.06014,8.09486,10561645.054558,0
BBWI.US,D,20080522,000000,8.25205,8.51588,8.17897,8.33557,17036377.470594,0
BBWI.US,D,20080523,000000,8.35367,8.41101,8.13185,8.22776,10555805.870192,0
BBWI.US,D,20080527,000000,8.22451,8.57865,8.22451,8.4009,15486757.15703,0
BBWI.US,D,20080528,000000,8.47722,8.61249,8.46148,8.57865,14959488.161178,0
BBWI.US,D,20080529,000000,8.54716,8.59527,8.29543,8.57471,13054048.649699,0
BBWI.US,D,20080530,000000,8.53782,8.6479,8.34885,8.56999,17132156.765972,0
BBWI.US,D,20080602,000000,8.53468,8.55986,8.1594,8.31353,9619705.5269903,0
BBWI.US,D,20080603,000000,8.34265,8.48115,8.31353,8.45273,10808363.809473,0
BBWI.US,D,20080604,000000,8.41574,8.54245,8.2734,8.37099,12007888.220384,0
BBWI.US,D,20080605,000000,8.34885,8.42686,8.23168,8.3402,13451124.368912,0
BBWI.US,D,20080606,000000,8.22776,8.23808,7.85405,7.85405,11958518.445181,0
BBWI.US,D,20080609,000000,7.92321,7.92321,7.66597,7.87362,18768704.073824,0
BBWI.US,D,20080610,000000,7.80457,7.95458,7.72892,7.83201,15524084.631047,0
BBWI.US,D,20080611,000000,7.84854,7.90205,7.57626,7.58186,11026236.34301,0
BBWI.US,D,20080612,000000,7.64001,7.94218,7.64001,7.83673,13085437.315383,0
BBWI.US,D,20080613,000000,7.87362,8.25914,7.87362,8.25442,15910476.188057,0
BBWI.US,D,20080616,000000,8.18291,8.45037,8.0563,8.42056,12190132.986774,0
BBWI.US,D,20080617,000000,8.42056,8.44565,8.30232,8.34885,9570765.7613604,0
BBWI.US,D,20080618,000000,8.30792,8.38987,8.14198,8.21674,10808776.537336,0
BBWI.US,D,20080619,000000,8.19628,8.38987,8.0917,8.38583,14231080.408574,0
BBWI.US,D,20080620,000000,8.36547,8.36547,7.95075,8.05227,14655649.293037,0
BBWI.US,D,20080623,000000,8.07282,8.11837,7.94691,7.96737,10782530.70482,0
BBWI.US,D,20080624,000000,7.95782,8.00741,7.69351,7.72577,13447275.630747,0
BBWI.US,D,20080625,000000,7.80772,7.92881,7.70778,7.76345,19052479.894845,0
BBWI.US,D,20080626,000000,7.68476,7.71712,7.53386,7.53386,18024383.93388,0
BBWI.US,D,20080627,000000,7.52589,7.63675,7.25566,7.43184,18811189.629576,0
BBWI.US,D,20080630,000000,7.45585,7.64954,7.23953,7.45211,13515489.584329,0
BBWI.US,D,20080701,000000,7.3503,7.63675,7.27849,7.62741,15617597.989457,0
BBWI.US,D,20080702,000000,7.62741,7.71712,7.38434,7.38434,12161320.312243,0
BBWI.US,D,20080703,000000,7.52589,7.61177,7.31754,7.47228,7279200.0179275,0
BBWI.US,D,20080707,000000,7.52589,7.71712,7.31754,7.44276,15285872.543052,0
BBWI.US,D,20080708,000000,7.46745,7.51645,7.24386,7.49608,17429396.054568,0
BBWI.US,D,20080709,000000,7.51645,7.51645,7.14491,7.14491,10144646.575037,0
BBWI.US,D,20080710,000000,7.0302,7.25183,6.74709,6.79568,22522108.200243,0
BBWI.US,D,20080711,000000,6.67755,6.76627,6.46073,6.62905,16594413.021563,0
BBWI.US,D,20080714,000000,6.80975,6.90861,6.64626,6.69929,10518278.131669,0
BBWI.US,D,20080715,000000,6.67755,6.77336,6.38972,6.59226,14852661.787715,0
BBWI.US,D,20080716,000000,6.63308,7.03916,6.56167,6.98996,11381280.913751,0
BBWI.US,D,20080717,000000,6.94659,7.3319,6.83582,7.2473,7203475.6371005,0
BBWI.US,D,20080718,000000,7.45585,7.49923,7.07093,7.24386,10532260.050502,0
BBWI.US,D,20080721,000000,7.26482,7.35482,7.08274,7.15533,5306437.0691465,0
BBWI.US,D,20080722,000000,7.04879,7.47228,7.02597,7.47228,10140182.811361,0
BBWI.US,D,20080723,000000,7.53386,7.85405,7.43184,7.68958,13318983.342055,0
BBWI.US,D,20080724,000000,7.65338,7.69351,7.21769,7.25183,10450116.023214,0
BBWI.US,D,20080725,000000,7.28311,7.50228,7.20648,7.23953,8701382.9790889,0
BBWI.US,D,20080728,000000,7.22439,7.3503,7.00246,7.05233,6654059.6233841,0
BBWI.US,D,20080729,000000,7.07535,7.4224,7.0302,7.38827,8893850.3844047,0
BBWI.US,D,20080730,000000,7.47719,7.61797,7.22439,7.37538,7713029.8650608,0
BBWI.US,D,20080731,000000,7.2602,7.50228,7.18553,7.29069,6639780.8657913,0
BBWI.US,D,20080801,000000,7.37007,7.37007,7.1206,7.12365,11208211.71806,0
BBWI.US,D,20080804,000000,7.09611,7.21769,6.88776,7.06119,13391263.580014,0
BBWI.US,D,20080805,000000,7.17559,7.47719,7.12877,7.42801,10222621.644267,0
BBWI.US,D,20080806,000000,7.40312,7.49048,7.29531,7.46745,9757429.5622978,0
BBWI.US,D,20080807,000000,7.45211,7.82257,7.43184,7.5613,17088664.804838,0
BBWI.US,D,20080808,000000,7.58186,8.23168,7.53061,8.19165,16726550.998707,0
BBWI.US,D,20080811,000000,8.15536,8.67553,7.94691,8.31669,15480199.2569,0
BBWI.US,D,20080812,000000,8.20661,8.60462,8.20661,8.2916,13940755.836563,0
BBWI.US,D,20080813,000000,8.22776,8.29927,7.79503,8.04764,12758224.428067,0
BBWI.US,D,20080814,000000,8.0917,8.37973,7.95782,8.20661,9084288.7138158,0
BBWI.US,D,20080815,000000,8.26386,8.45273,8.18291,8.26946,6888721.845118,0
BBWI.US,D,20080818,000000,8.19628,8.36232,8.0861,8.14198,8989165.1067932,0
BBWI.US,D,20080819,000000,8.06014,8.27733,7.89576,8.01695,9027485.7707702,0
BBWI.US,D,20080820,000000,8.14513,8.39607,7.88159,7.94691,11195334.812006,0
BBWI.US,D,20080821,000000,8.44565,9.13581,8.11444,8.96661,43315270.912715,0
BBWI.US,D,20080822,000000,9.04206,9.2452,8.9494,9.22847,20115462.542631,0
BBWI.US,D,20080825,000000,9.09952,9.2751,8.95402,9.06026,17704624.545827,0
BBWI.US,D,20080826,000000,9.02642,9.07748,8.89657,8.99652,13216183.606698,0
BBWI.US,D,20080827,000000,8.99652,9.05072,8.8831,8.94537,10888736.969915,0
BBWI.US,D,20080828,000000,9.00281,9.18844,8.95402,9.18844,9152059.4423997,0
BBWI.US,D,20080829,000000,9.1791,9.28582,9.00281,9.19798,7736197.5203037,0
BBWI.US,D,20080902,000000,9.25868,9.59106,9.25868,9.32911,18520936.217541,0
BBWI.US,D,20080903,000000,9.28582,9.79075,9.19237,9.75436,18024531.336688,0
BBWI.US,D,20080904,000000,9.55368,9.64222,9.12312,9.15066,15115378.321943,0
BBWI.US,D,20080905,000000,9.06026,9.1791,8.80922,9.14742,14254350.737497,0
BBWI.US,D,20080908,000000,9.42482,9.59106,9.19798,9.58222,16607151.673948,0
BBWI.US,D,20080909,000000,9.57238,9.79961,9.30254,9.34809,17145199.373114,0
BBWI.US,D,20080910,000000,9.46417,9.50548,9.12863,9.31337,11775388.245368,0
BBWI.US,D,20080911,000000,9.31337,9.38646,9.1122,9.35793,12402455.042135,0
BBWI.US,D,20080912,000000,9.24117,9.24117,9.06341,9.15539,12208710.823525,0
BBWI.US,D,20080915,000000,8.79427,9.2452,8.79427,8.86126,12356089.234517,0
BBWI.US,D,20080916,000000,8.66284,9.10816,8.53468,8.99652,10699398.570428,0
BBWI.US,D,20080917,000000,8.84689,8.93504,8.32466,8.34265,16017807.797354,0
BBWI.US,D,20080918,000000,8.50712,8.59527,7.93835,8.54716,18442790.364366,0
BBWI.US,D,20080919,000000,8.75099,9.65403,8.43158,8.59999,14147306.81782,0
BBWI.US,D,20080922,000000,8.45834,8.68026,8.11444,8.15536,8479721.6850822,0
BBWI.US,D,20080923,000000,8.18291,8.3821,7.97918,8.08306,10617388.730523,0
BBWI.US,D,20080924,000000,8.06014,8.1594,7.89576,8.06407,9594823.9328821,0
BBWI.US,D,20080925,000000,8.14906,8.3821,8.07282,8.25442,10534055.315055,0
BBWI.US,D,20080926,000000,8.11444,8.30792,8.00505,8.30232,7533717.9062785,0
BBWI.US,D,20080929,000000,8.20179,8.29927,7.38434,7.60223,12492593.38451,0
BBWI.US,D,20080930,000000,7.67,7.79179,7.41857,7.65731,10427605.072898,0
BBWI.US,D,20081001,000000,7.68958,7.71239,7.46362,7.65731,10931522.414138,0
BBWI.US,D,20081002,000000,7.55667,7.70305,7.05755,7.11539,14429997.957484,0
BBWI.US,D,20081003,000000,7.30683,7.3319,7.0122,7.02312,11119734.452852,0
BBWI.US,D,20081006,000000,6.80975,7.0909,6.61036,7.04879,17291303.003954,0
BBWI.US,D,20081007,000000,7.07535,7.14491,6.43782,6.53029,16505673.481013,0
BBWI.US,D,20081008,000000,6.34959,6.62905,6.22465,6.23921,24212287.765897,0
BBWI.US,D,20081009,000000,6.22465,6.3728,5.61977,5.72129,16376634.012567,0
BBWI.US,D,20081010,000000,5.38123,5.81406,5.09841,5.6427,27107526.972072,0
BBWI.US,D,20081013,000000,6.18147,6.1856,5.66856,5.77087,15556494.950682,0
BBWI.US,D,20081014,000000,6.08792,6.08792,5.65145,5.71264,36011503.421148,0
BBWI.US,D,20081015,000000,5.58396,5.67309,5.30617,5.43435,21073309.374687,0
BBWI.US,D,20081016,000000,5.40346,5.73506,5.09389,5.68136,19086858.296118,0
BBWI.US,D,20081017,000000,5.43435,5.66454,5.41674,5.48738,13898636.246405,0
BBWI.US,D,20081020,000000,5.56754,5.61564,5.42983,5.5885,12848441.046417,0
BBWI.US,D,20081021,000000,5.48738,5.63336,5.35477,5.37651,8606740.2101939,0
BBWI.US,D,20081022,000000,5.24852,5.36814,5.07146,5.19993,14572566.970627,0
BBWI.US,D,20081023,000000,5.19541,5.19541,4.63391,4.81501,16164055.781288,0
BBWI.US,D,20081024,000000,4.48822,4.7974,4.35553,4.64728,10540162.87419,0
BBWI.US,D,20081027,000000,4.57657,4.85063,4.49226,4.50121,8738352.6200815,0
BBWI.US,D,20081028,000000,4.5983,5.48738,4.55423,5.48738,20900206.632149,0
BBWI.US,D,20081029,000000,5.45637,5.65145,5.08052,5.31512,15477159.709327,0
BBWI.US,D,20081030,000000,5.4432,5.51374,5.04067,5.15557,11301484.14912,0
BBWI.US,D,20081031,000000,5.12035,5.35899,4.85937,5.29702,11609560.085583,0
BBWI.US,D,20081103,000000,5.31039,5.38123,5.16894,5.21302,5424194.6315875,0
BBWI.US,D,20081104,000000,5.31916,5.41674,5.20416,5.3945,7002903.1104486,0
BBWI.US,D,20081105,000000,5.30165,5.39017,5.05838,5.08916,11612226.551563,0
BBWI.US,D,20081106,000000,5.0629,5.28826,4.59436,4.60313,11605992.937612,0
BBWI.US,D,20081107,000000,4.60313,4.70031,4.42172,4.55876,11785745.071679,0
BBWI.US,D,20081110,000000,4.57657,4.63824,4.2845,4.36398,9027713.4826953,0
BBWI.US,D,20081111,000000,4.3025,4.37313,4.06346,4.14757,10837441.809059,0
BBWI.US,D,20081112,000000,4.06799,4.09003,3.83357,3.83357,10867845.417352,0
BBWI.US,D,20081113,000000,3.86898,4.27565,3.58607,4.24023,17026708.862914,0
BBWI.US,D,20081114,000000,4.2182,4.36398,3.91748,3.98398,11205191.485338,0
BBWI.US,D,20081117,000000,3.97955,4.12091,3.90421,3.91325,10308719.116541,0
BBWI.US,D,20081118,000000,3.88659,3.95771,3.53728,3.68327,11993954.080391,0
BBWI.US,D,20081119,000000,3.79816,3.81134,3.32943,3.35166,11140689.032823,0
BBWI.US,D,20081120,000000,3.05094,3.53728,3.05094,3.15246,23088629.039195,0
BBWI.US,D,20081121,000000,3.23657,3.43999,3.17913,3.38265,21683348.605621,0
BBWI.US,D,20081124,000000,3.43999,3.74062,3.33828,3.64795,27247375.640966,0
BBWI.US,D,20081125,000000,3.74494,3.99736,3.55057,3.78487,21953235.015779,0
BBWI.US,D,20081126,000000,3.69222,3.97493,3.39582,3.93095,18269184.419138,0
BBWI.US,D,20081128,000000,3.84666,4.26256,3.82482,4.11658,4295056.5866863,0
BBWI.US,D,20081201,000000,3.96185,3.96598,3.33828,3.34733,15075673.088135,0
BBWI.US,D,20081202,000000,3.48426,3.60368,3.31171,3.56846,11409282.364549,0
BBWI.US,D,20081203,000000,3.42671,3.89564,3.37388,3.86475,19306548.458773,0
BBWI.US,D,20081204,000000,3.80259,4.49226,3.67884,3.84666,20252337.741075,0
BBWI.US,D,20081205,000000,3.77603,4.16518,3.66133,4.12967,12497300.108678,0
BBWI.US,D,20081208,000000,4.25813,4.37757,4.14757,4.22695,10308762.829098,0
BBWI.US,D,20081209,000000,4.16075,4.40825,4.12967,4.17403,12518733.493634,0
BBWI.US,D,20081210,000000,4.29779,4.3025,3.99736,4.04152,15186737.546491,0
BBWI.US,D,20081211,000000,4.01467,4.12563,3.78487,3.86014,14130213.174867,0
BBWI.US,D,20081212,000000,3.71406,3.84666,3.66133,3.8203,16410288.615219,0
BBWI.US,D,20081215,000000,3.8203,3.89122,3.71406,3.73176,13264598.821643,0
BBWI.US,D,20081216,000000,3.7894,3.89968,3.68327,3.75842,23568887.721355,0
BBWI.US,D,20081217,000000,3.68327,4.20955,3.66556,4.12967,26697448.29199,0
BBWI.US,D,20081218,000000,4.22695,4.28893,4.02392,4.11225,13932189.191949,0
BBWI.US,D,20081219,000000,4.14757,4.267,3.99283,4.15191,16552452.016497,0
BBWI.US,D,20081222,000000,4.15652,4.21398,4.04152,4.11658,14301713.80136,0
BBWI.US,D,20081223,000000,4.14324,4.20069,4.05019,4.07232,9252131.7175102,0
BBWI.US,D,20081224,000000,4.16075,4.17403,4.07232,4.09454,3059947.1046135,0
BBWI.US,D,20081226,000000,4.11658,4.21398,4.10754,4.20069,2998888.7949663,0
BBWI.US,D,20081229,000000,4.18741,4.31963,4.11225,4.20069,8100135.0549789,0
BBWI.US,D,20081230,000000,4.22282,4.37757,4.20069,4.37757,5724362.6615068,0
BBWI.US,D,20081231,000000,4.37313,4.47485,4.35553,4.43944,5509032.5722764,0
BBWI.US,D,20090102,000000,4.48359,4.77105,4.44366,4.74438,6886922.5142808,0
BBWI.US,D,20090105,000000,4.73139,4.93464,4.5983,4.84619,14533133.161303,0
BBWI.US,D,20090106,000000,4.9124,4.95243,4.76662,4.85063,12906753.597538,0
BBWI.US,D,20090107,000000,4.77105,4.87728,4.63391,4.73139,14247692.196828,0
BBWI.US,D,20090108,000000,4.46589,4.51892,4.26256,4.42172,19478029.770414,0
BBWI.US,D,20090109,000000,4.28007,4.3154,4.17855,4.23158,15673663.918459,0
BBWI.US,D,20090112,000000,4.31963,4.31963,3.95299,3.99736,8964997.1455932,0
BBWI.US,D,20090113,000000,4.01467,4.05019,3.7894,3.86898,17297480.706495,0
BBWI.US,D,20090114,000000,3.78487,3.83357,3.66133,3.71868,11885444.265197,0
BBWI.US,D,20090115,000000,3.69635,4.01467,3.65257,3.81596,16492633.923585,0
BBWI.US,D,20090116,000000,3.81596,3.97955,3.77603,3.87775,11526169.742131,0
BBWI.US,D,20090120,000000,3.86898,3.90421,3.60368,3.63448,13047770.306619,0
BBWI.US,D,20090121,000000,3.723,3.8381,3.58607,3.79816,9795714.6462867,0
BBWI.US,D,20090122,000000,3.73176,3.90421,3.63899,3.78056,7913698.9659666,0
BBWI.US,D,20090123,000000,3.64795,3.87775,3.61687,3.76727,4602506.3153553,0
BBWI.US,D,20090126,000000,3.77603,3.93529,3.73176,3.81134,9144776.7270789,0
BBWI.US,D,20090127,000000,3.88227,3.93095,3.76304,3.88659,6924585.4567597,0
BBWI.US,D,20090128,000000,4.00179,4.13862,3.93529,4.04586,6524579.9796528,0
BBWI.US,D,20090129,000000,3.94405,3.99283,3.71868,3.73176,6775150.5224439,0
BBWI.US,D,20090130,000000,3.69635,3.7716,3.44885,3.50197,11977553.738926,0
BBWI.US,D,20090202,000000,3.47983,3.63005,3.42671,3.51102,11088024.550703,0
BBWI.US,D,20090203,000000,3.58145,3.58145,3.42671,3.52843,10755650.53194,0
BBWI.US,D,20090204,000000,3.55057,3.55057,3.42671,3.4754,16713337.60762,0
BBWI.US,D,20090205,000000,3.66556,3.80711,3.35609,3.71406,16467148.486247,0
BBWI.US,D,20090206,000000,3.75399,4.00179,3.66556,3.91325,14098383.317328,0
BBWI.US,D,20090209,000000,3.88227,3.92211,3.78487,3.86898,7524258.7122445,0
BBWI.US,D,20090210,000000,3.83357,3.90421,3.61264,3.64342,9124007.1630478,0
BBWI.US,D,20090211,000000,3.67451,3.76304,3.56404,3.67884,10412004.772881,0
BBWI.US,D,20090212,000000,3.61687,3.74494,3.50197,3.73629,19006236.075757,0
BBWI.US,D,20090213,000000,3.69222,3.7716,3.56846,3.59936,9522645.3520328,0
BBWI.US,D,20090217,000000,3.44885,3.4754,3.3072,3.40469,14128466.705727,0
BBWI.US,D,20090218,000000,3.4754,3.4754,3.29824,3.37388,10006029.990308,0
BBWI.US,D,20090219,000000,3.40911,3.53728,3.35609,3.37832,7813571.796017,0
BBWI.US,D,20090220,000000,3.31634,3.51525,3.2588,3.46676,13096672.459119,0
BBWI.US,D,20090223,000000,3.77603,3.95299,3.50639,3.60368,17221650.602273,0
BBWI.US,D,20090224,000000,3.66133,3.93095,3.52843,3.85561,19505617.476775,0
BBWI.US,D,20090225,000000,3.80259,4.05451,3.73176,3.94405,19420681.945262,0
BBWI.US,D,20090226,000000,3.65671,3.88227,3.35609,3.42268,23146724.044101,0
BBWI.US,D,20090227,000000,3.38698,3.524,3.30287,3.40035,17199388.711876,0
BBWI.US,D,20090302,000000,3.36927,3.48426,3.12167,3.13928,15615823.056326,0
BBWI.US,D,20090303,000000,3.19672,3.22762,2.82991,2.96241,23281554.918075,0
BBWI.US,D,20090304,000000,3.05094,3.17913,2.86089,3.10396,14762109.700905,0
BBWI.US,D,20090305,000000,2.93153,3.11724,2.78131,2.82991,14800754.651061,0
BBWI.US,D,20090306,000000,2.80767,2.91392,2.64408,2.76764,19584996.430688,0
BBWI.US,D,20090309,000000,2.80345,2.91824,2.72357,2.82115,10439559.948969,0
BBWI.US,D,20090310,000000,2.89198,3.18374,2.85185,3.16583,12461823.810623,0
BBWI.US,D,20090311,000000,3.20135,3.40469,3.15246,3.35609,13481593.037755,0
BBWI.US,D,20090312,000000,3.35166,3.47983,3.23657,3.46223,16375107.122782,0
BBWI.US,D,20090313,000000,3.49302,3.70973,3.43547,3.63899,12843382.58865,0
BBWI.US,D,20090316,000000,3.71406,3.71868,3.51968,3.52843,9815235.8610136,0
BBWI.US,D,20090317,000000,3.47983,3.70549,3.47983,3.67451,8663171.0882189,0
BBWI.US,D,20090318,000000,3.70973,3.82482,3.61264,3.78056,17535585.037955,0
BBWI.US,D,20090319,000000,3.87775,3.89122,3.68769,3.71406,8109668.4587027,0
BBWI.US,D,20090320,000000,3.71406,3.79394,3.46223,3.55931,11434982.298388,0
BBWI.US,D,20090323,000000,3.64795,3.87322,3.542,3.87322,8288580.9050449,0
BBWI.US,D,20090324,000000,3.80711,4.12563,3.74062,4.00602,15737150.81645,0
BBWI.US,D,20090325,000000,4.0194,4.23601,3.77603,3.93095,13562793.687068,0
BBWI.US,D,20090326,000000,3.98841,4.3025,3.98841,4.24486,11473153.526414,0
BBWI.US,D,20090327,000000,4.16518,4.23158,3.96598,4.03287,9482863.8753929,0
BBWI.US,D,20090330,000000,3.84253,3.9707,3.70549,3.84666,9793064.4454434,0
BBWI.US,D,20090331,000000,3.88227,3.93972,3.79816,3.84666,11476557.006438,0
BBWI.US,D,20090401,000000,3.71406,4.12967,3.68769,4.05451,16321277.650187,0
BBWI.US,D,20090402,000000,4.17,4.46589,4.10341,4.35956,11044241.850236,0
BBWI.US,D,20090403,000000,4.37757,4.51439,4.29346,4.50563,8792598.8868245,0
BBWI.US,D,20090406,000000,4.43491,4.44799,4.19194,4.31096,10873909.263931,0
BBWI.US,D,20090407,000000,4.2182,4.30663,4.13862,4.20955,12621131.683408,0
BBWI.US,D,20090408,000000,4.23601,4.33752,4.15191,4.24023,11746754.48735,0
BBWI.US,D,20090409,000000,4.35553,4.71822,4.29346,4.71822,11124239.895944,0
BBWI.US,D,20090413,000000,4.31096,4.61177,4.31096,4.5497,11612571.169164,0
BBWI.US,D,20090414,000000,4.51892,4.5497,4.35553,4.43944,7900427.6303284,0
BBWI.US,D,20090415,000000,4.4171,4.58974,4.33752,4.58974,9177642.4705631,0
BBWI.US,D,20090416,000000,4.58974,4.81501,4.52796,4.74438,8918384.3111986,0
BBWI.US,D,20090417,000000,4.74438,4.83734,4.66932,4.78422,6799191.4122571,0
BBWI.US,D,20090420,000000,4.69578,4.69578,4.35956,4.43944,9089604.3640688,0
BBWI.US,D,20090421,000000,4.43058,4.77105,4.32867,4.71339,9713610.2652707,0
BBWI.US,D,20090422,000000,4.49226,5.01854,4.4171,4.74438,12740812.598361,0
BBWI.US,D,20090423,000000,4.79326,4.85476,4.47485,4.72235,11855909.82519,0
BBWI.US,D,20090424,000000,4.77536,4.9787,4.67807,4.88594,8039131.6401709,0
BBWI.US,D,20090427,000000,4.80626,4.92124,4.69145,4.77105,6109468.2560821,0
BBWI.US,D,20090428,000000,4.68261,4.92124,4.64728,4.81954,6164830.7178868,0
BBWI.US,D,20090429,000000,4.85063,5.15114,4.7974,4.95685,9011264.3458158,0
BBWI.US,D,20090430,000000,4.91712,5.17347,4.9124,5.04933,9030491.7714965,0
BBWI.US,D,20090501,000000,5.03634,5.07146,4.81954,4.90807,12122209.772526,0
BBWI.US,D,20090504,000000,5.00988,5.41674,4.91712,5.39883,11669030.51118,0
BBWI.US,D,20090505,000000,5.38123,5.66454,5.27519,5.61564,11535794.637254,0
BBWI.US,D,20090506,000000,5.68549,5.84582,5.52239,5.84081,17752329.177577,0
BBWI.US,D,20090507,000000,5.80087,5.87701,5.16894,5.30617,18303505.892429,0
BBWI.US,D,20090508,000000,5.41231,5.50921,5.22659,5.47388,14758126.775356,0
BBWI.US,D,20090511,000000,5.45186,5.45637,5.04933,5.09841,15517863.21595,0
BBWI.US,D,20090512,000000,5.09841,5.24411,4.94781,5.08493,17402528.080541,0
BBWI.US,D,20090513,000000,4.98735,5.04067,4.82406,4.89469,14243335.173118,0
BBWI.US,D,20090514,000000,4.9124,5.15557,4.72235,4.92124,14349650.21132,0
BBWI.US,D,20090515,000000,4.83734,5.16,4.83292,4.86833,11085772.845729,0
BBWI.US,D,20090518,000000,4.91712,5.24852,4.91712,5.23101,8322800.7212268,0
BBWI.US,D,20090519,000000,5.23101,5.3945,5.16461,5.28394,8667821.9009761,0
BBWI.US,D,20090520,000000,5.3282,5.56272,5.1469,5.15557,10719755.406595,0
BBWI.US,D,20090521,000000,5.08916,5.36814,4.88151,5.19993,14637910.127438,0
BBWI.US,D,20090522,000000,5.22207,5.39883,5.10717,5.31512,8584666.3854486,0
BBWI.US,D,20090526,000000,5.24852,5.57148,5.15557,5.51826,14300322.115531,0
BBWI.US,D,20090527,000000,5.48284,5.78828,5.44753,5.58396,13355071.615909,0
BBWI.US,D,20090528,000000,5.62912,5.67742,5.35899,5.47388,9836162.9935644,0
BBWI.US,D,20090529,000000,5.48738,5.55839,5.34129,5.53104,11699911.907888,0
BBWI.US,D,20090601,000000,5.65145,6.02634,5.54915,5.99093,13472717.355529,0
BBWI.US,D,20090602,000000,5.91566,6.07148,5.85921,5.94223,9352696.0130305,0
BBWI.US,D,20090603,000000,5.94223,5.94724,5.75317,5.87279,8415141.9731641,0
BBWI.US,D,20090604,000000,5.80442,5.80442,5.42529,5.66856,14617234.087947,0
BBWI.US,D,20090605,000000,5.69926,5.79625,5.50507,5.71264,14752829.423383,0
BBWI.US,D,20090608,000000,5.76182,5.81406,5.54915,5.66454,12026622.609083,0
BBWI.US,D,20090609,000000,5.61102,5.7393,5.57983,5.65961,9341715.012068,0
BBWI.US,D,20090610,000000,5.70801,5.77588,5.46977,5.56754,11230576.282139,0
BBWI.US,D,20090611,000000,5.51374,5.62449,5.41674,5.42983,11016513.857063,0
BBWI.US,D,20090612,000000,5.44753,5.67309,5.30617,5.66454,11835851.860925,0
BBWI.US,D,20090615,000000,5.59262,5.62912,5.44753,5.53104,8582215.4325398,0
BBWI.US,D,20090616,000000,5.54915,5.55839,5.19108,5.23101,12960940.903157,0
BBWI.US,D,20090617,000000,5.26633,5.33706,5.06732,5.24411,11392037.252502,0
BBWI.US,D,20090618,000000,5.25305,5.29702,5.12468,5.21744,4984814.3062786,0
BBWI.US,D,20090619,000000,5.31039,5.35477,5.15557,5.23554,18721601.252162,0
BBWI.US,D,20090622,000000,5.18665,5.21744,5.0452,5.08493,11241905.966986,0
BBWI.US,D,20090623,000000,5.05838,5.09389,4.92597,4.99651,8835086.4757179,0
BBWI.US,D,20090624,000000,5.0452,5.14239,5.00092,5.0629,7414529.0117365,0
BBWI.US,D,20090625,000000,5.05838,5.27056,4.99651,5.25305,8199777.3205165,0
BBWI.US,D,20090626,000000,5.16,5.30617,5.12035,5.17347,5436060.0494022,0
BBWI.US,D,20090629,000000,5.18665,5.36814,5.12468,5.33706,10221102.887051,0
BBWI.US,D,20090630,000000,5.33253,5.42529,5.20416,5.2927,7794250.8457954,0
BBWI.US,D,20090701,000000,5.33253,5.59262,5.28826,5.43435,13142317.517831,0
BBWI.US,D,20090702,000000,5.26171,5.41231,5.11582,5.11582,9074658.7358379,0
BBWI.US,D,20090706,000000,5.08052,5.22207,5.00988,5.08493,11649788.853504,0
BBWI.US,D,20090707,000000,5.09389,5.11582,4.99188,5.06732,17247772.413117,0
BBWI.US,D,20090708,000000,5.09841,5.12901,4.82839,5.01402,16542090.107331,0
BBWI.US,D,20090709,000000,4.87275,4.87275,4.54557,4.81501,23303662.289666,0
BBWI.US,D,20090710,000000,4.73582,4.864,4.6162,4.67807,13769923.097279,0
BBWI.US,D,20090713,000000,4.68261,4.83734,4.58532,4.83292,9070071.9670598,0
BBWI.US,D,20090714,000000,4.82839,4.93021,4.72687,4.91712,14181115.93928,0
BBWI.US,D,20090715,000000,4.98322,5.15557,4.93464,5.12035,10487678.325154,0
BBWI.US,D,20090716,000000,5.07609,5.11582,4.96119,5.08916,8887181.678025,0
BBWI.US,D,20090717,000000,5.02316,5.16894,5.02316,5.16,5987665.7572561,0
BBWI.US,D,20090720,000000,5.19993,5.31916,5.13786,5.23554,10303623.045646,0
BBWI.US,D,20090721,000000,5.31512,5.31512,5.05395,5.20416,10329955.286705,0
BBWI.US,D,20090722,000000,5.18213,5.38546,5.16,5.31916,7975990.3763512,0
BBWI.US,D,20090723,000000,5.31916,5.61977,5.27056,5.53586,11289338.157683,0
BBWI.US,D,20090724,000000,5.50065,5.63797,5.41674,5.56754,5477770.9779794,0
BBWI.US,D,20090727,000000,5.55839,5.56754,5.40346,5.45637,7518229.4290832,0
BBWI.US,D,20090728,000000,5.36342,5.54521,5.36342,5.51374,6891480.8190684,0
BBWI.US,D,20090729,000000,5.4432,5.59745,5.38546,5.46514,6837210.154619,0
BBWI.US,D,20090730,000000,5.53104,5.80087,5.53104,5.63336,10529047.685843,0
BBWI.US,D,20090731,000000,5.67742,5.75759,5.59262,5.72129,8920336.1276999,0
BBWI.US,D,20090803,000000,5.77588,5.83678,5.68136,5.82733,7889965.0806241,0
BBWI.US,D,20090804,000000,5.82733,5.84081,5.65637,5.6902,5693082.76893,0
BBWI.US,D,20090805,000000,5.71264,5.71264,5.55396,5.63336,7232718.321204,0
BBWI.US,D,20090806,000000,5.88498,6.52203,5.85006,6.36355,22679189.782331,0
BBWI.US,D,20090807,000000,6.4818,6.68729,6.40269,6.61381,15319746.725061,0
BBWI.US,D,20090810,000000,6.61036,6.61784,6.33148,6.43782,11603433.211597,0
BBWI.US,D,20090811,000000,6.44264,6.44264,6.24827,6.35814,6973045.400833,0
BBWI.US,D,20090812,000000,6.35814,6.61784,6.35814,6.4993,10272210.998826,0
BBWI.US,D,20090813,000000,6.4684,6.50845,6.27118,6.40614,8599324.3240598,0
BBWI.US,D,20090814,000000,6.46073,6.46073,6.19819,6.27118,8250625.1900906,0
BBWI.US,D,20090817,000000,6.13287,6.1735,6.04985,6.15549,9658712.3764561,0
BBWI.US,D,20090818,000000,6.1735,6.28702,6.08792,6.17694,6906624.6786626,0
BBWI.US,D,20090819,000000,6.09686,6.45622,6.09686,6.44736,12638138.917819,0
BBWI.US,D,20090820,000000,6.5897,6.67755,6.23468,6.34496,14997729.53261,0
BBWI.US,D,20090821,000000,6.66298,6.85334,6.52684,6.78664,18334999.264936,0
BBWI.US,D,20090824,000000,6.80129,6.84094,6.65049,6.66781,8651363.6149567,0
BBWI.US,D,20090825,000000,6.65816,6.98554,6.65531,6.8311,11031123.000261,0
BBWI.US,D,20090826,000000,6.75132,6.93292,6.70342,6.75693,7132487.4610028,0
BBWI.US,D,20090827,000000,6.84527,6.84527,6.61381,6.74444,7372014.9919947,0
BBWI.US,D,20090828,000000,6.79568,6.8311,6.62355,6.66781,8028103.8769381,0
BBWI.US,D,20090831,000000,6.62355,6.67755,6.4993,6.59718,10565507.008146,0
BBWI.US,D,20090901,000000,6.54464,6.76263,6.4993,6.52203,11996680.524067,0
BBWI.US,D,20090902,000000,6.4818,6.66298,6.46566,6.50845,9396677.9614327,0
BBWI.US,D,20090903,000000,6.71256,6.90861,6.61784,6.86622,13479867.916607,0
BBWI.US,D,20090904,000000,6.85765,6.92721,6.75693,6.79008,10614222.111565,0
BBWI.US,D,20090908,000000,6.86622,6.95603,6.76263,6.84094,13043321.79151,0
BBWI.US,D,20090909,000000,6.86121,6.9638,6.80129,6.95603,9937364.6791609,0
BBWI.US,D,20090910,000000,6.99803,7.0122,6.8311,6.94659,8757295.4058557,0
BBWI.US,D,20090911,000000,6.96115,7.03916,6.80494,6.82392,12075112.033718,0
BBWI.US,D,20090914,000000,6.77336,7.06119,6.72043,7.00709,10878947.390274,0
BBWI.US,D,20090915,000000,7.00246,7.19821,6.98554,7.12365,11939020.611589,0
BBWI.US,D,20090916,000000,7.14491,7.32797,7.10064,7.32797,11342335.05855,0
BBWI.US,D,20090917,000000,7.31754,7.41857,7.18553,7.29531,10609222.614922,0
BBWI.US,D,20090918,000000,7.34558,7.48182,7.27849,7.45585,8933367.5525599,0
BBWI.US,D,20090921,000000,7.38827,7.61797,7.29993,7.5613,12770253.513827,0
BBWI.US,D,20090922,000000,7.60694,7.74791,7.55667,7.64001,16089801.362264,0
BBWI.US,D,20090923,000000,7.67472,7.8391,7.61177,7.68958,23733573.25523,0
BBWI.US,D,20090924,000000,7.72577,7.79179,7.59209,7.71712,21059590.747766,0
BBWI.US,D,20090925,000000,7.72892,7.80457,7.52185,7.5433,20317963.50465,0
BBWI.US,D,20090928,000000,7.59671,7.63675,7.52185,7.60694,9643560.3842932,0
BBWI.US,D,20090929,000000,7.60694,7.68004,7.53858,7.58186,7116536.4439594,0
BBWI.US,D,20090930,000000,7.60694,7.64629,7.35708,7.5126,10228396.784654,0
BBWI.US,D,20091001,000000,7.46362,7.53386,7.2602,7.36023,8986882.9046861,0
BBWI.US,D,20091002,000000,7.2602,7.30683,7.11008,7.13251,13459376.893057,0
BBWI.US,D,20091005,000000,7.19821,7.68958,7.08637,7.68476,19182146.587658,0
BBWI.US,D,20091006,000000,7.70305,8.0437,7.69755,7.92321,22930772.829932,0
BBWI.US,D,20091007,000000,7.89576,8.06407,7.8446,7.88159,11310296.803937,0
BBWI.US,D,20091008,000000,8.11444,8.24281,7.97524,8.19165,13480180.003933,0
BBWI.US,D,20091009,000000,7.95782,8.09957,7.95782,8.07282,8295699.9524194,0
BBWI.US,D,20091012,000000,8.20661,8.31669,8.17897,8.23808,10898336.450759,0
BBWI.US,D,20091013,000000,8.22776,8.28127,8.12624,8.16401,9161006.2846021,0
BBWI.US,D,20091014,000000,8.22451,8.55986,8.17897,8.55109,13995659.824804,0
BBWI.US,D,20091015,000000,8.48115,8.60845,8.33557,8.42371,8791223.4661337,0
BBWI.US,D,20091016,000000,8.36232,8.40483,8.1594,8.32466,9725837.582395,0
BBWI.US,D,20091019,000000,8.35829,8.61878,8.33086,8.58966,7453153.6304708,0
BBWI.US,D,20091020,000000,8.59527,8.66678,8.36547,8.43158,9741076.9996721,0
BBWI.US,D,20091021,000000,8.40483,8.73368,8.28609,8.30792,16064462.311163,0
BBWI.US,D,20091022,000000,8.30232,8.66284,8.19165,8.5873,10303454.294843,0
BBWI.US,D,20091023,000000,8.6534,8.73368,8.48598,8.49759,12534456.798752,0
BBWI.US,D,20091026,000000,8.51962,8.83667,8.49759,8.61878,17482952.069538,0
BBWI.US,D,20091027,000000,8.0917,8.19628,7.75952,7.91937,28965926.689296,0
BBWI.US,D,20091028,000000,7.90737,7.94691,7.48182,7.5433,17283710.234449,0
BBWI.US,D,20091029,000000,7.60694,8.11444,7.58658,8.06407,18686849.769299,0
BBWI.US,D,20091030,000000,7.99964,8.07282,7.76896,7.78323,16331699.537048,0
BBWI.US,D,20091102,000000,7.83673,7.99403,7.72174,7.9114,11655854.733225,0
BBWI.US,D,20091103,000000,7.83201,8.01695,7.74791,7.93835,12119931.636702,0
BBWI.US,D,20091104,000000,7.91691,8.02639,7.80457,7.86191,10643896.838383,0
BBWI.US,D,20091105,000000,7.89576,7.9114,7.68004,7.9114,10783579.80619,0
BBWI.US,D,20091106,000000,7.82257,8.04764,7.79179,8.03967,6408102.2802197,0
BBWI.US,D,20091109,000000,8.08306,8.2916,8.00741,8.28127,5967385.1639215,0
BBWI.US,D,20091110,000000,8.24752,8.3402,8.16401,8.28127,4370154.7597192,0
BBWI.US,D,20091111,000000,8.38583,8.4009,8.03023,8.12624,10519155.432522,0
BBWI.US,D,20091112,000000,8.09957,8.13815,7.81234,7.8446,11555244.692005,0
BBWI.US,D,20091113,000000,7.85405,8.04764,7.82729,7.99964,11405850.420533,0
BBWI.US,D,20091116,000000,8.05227,8.24281,8.05227,8.12231,10571337.043373,0
BBWI.US,D,20091117,000000,8.0861,8.17897,7.88788,7.97052,7802781.9104203,0
BBWI.US,D,20091118,000000,7.93431,8.07746,7.86191,8.07746,11948499.120474,0
BBWI.US,D,20091119,000000,8.06014,8.0917,7.72892,7.81617,11069686.62473,0
BBWI.US,D,20091120,000000,7.78323,7.92321,7.58186,7.62741,10377643.653317,0
BBWI.US,D,20091123,000000,7.68958,7.82729,7.56907,7.61797,7849856.2680917,0
BBWI.US,D,20091124,000000,7.61177,7.61797,7.3503,7.35708,17273257.850456,0
BBWI.US,D,20091125,000000,7.37538,7.75027,7.37538,7.73758,9901296.7367291,0
BBWI.US,D,20091127,000000,7.43184,7.67,7.41542,7.48182,4816615.5027011,0
BBWI.US,D,20091130,000000,7.53386,7.53386,7.19821,7.33643,10742506.267689,0
BBWI.US,D,20091201,000000,7.60694,7.78323,7.33643,7.75952,14448700.832479,0
BBWI.US,D,20091202,000000,7.73758,7.94218,7.72577,7.8579,10870359.397668,0
BBWI.US,D,20091203,000000,7.82729,8.16784,7.82729,8.02639,18218567.311202,0
BBWI.US,D,20091204,000000,8.19628,8.19628,7.94691,8.09957,12892200.365749,0
BBWI.US,D,20091207,000000,8.00505,8.23808,8.00505,8.0563,8860523.1176436,0
BBWI.US,D,20091208,000000,8.01695,8.09957,7.92881,7.97918,7613874.5370774,0
BBWI.US,D,20091209,000000,7.90205,7.94218,7.77211,7.88788,7245583.0284045,0
BBWI.US,D,20091210,000000,7.88159,8.17897,7.88159,8.11837,8728907.6580428,0
BBWI.US,D,20091211,000000,8.24281,8.28609,8.1594,8.25205,5795186.1530873,0
BBWI.US,D,20091214,000000,8.37973,8.40483,8.26386,8.40483,5556530.8400944,0
BBWI.US,D,20091215,000000,8.33086,8.45273,8.27733,8.36232,6075343.997583,0
BBWI.US,D,20091216,000000,8.43788,8.47251,8.30792,8.38987,5953277.1902724,0
BBWI.US,D,20091217,000000,8.23168,8.4009,8.23168,8.30792,5964886.4321713,0
BBWI.US,D,20091218,000000,8.36232,8.38583,8.13185,8.35829,8598829.2539368,0
BBWI.US,D,20091221,000000,8.37099,8.56448,8.31669,8.51962,4941211.5388947,0
BBWI.US,D,20091222,000000,8.55592,8.77628,8.49435,8.76201,9039582.9667944,0
BBWI.US,D,20091223,000000,8.80372,8.87906,8.60845,8.62281,6831801.9963965,0
BBWI.US,D,20091224,000000,8.5873,8.67553,8.57471,8.6353,1426294.9912386,0
BBWI.US,D,20091228,000000,8.70701,8.76673,8.59999,8.63934,2927378.101326,0
BBWI.US,D,20091229,000000,8.71478,8.73368,8.6534,8.6534,3877360.7393935,0
BBWI.US,D,20091230,000000,8.6534,8.66678,8.5873,8.6353,4452725.7468673,0
BBWI.US,D,20091231,000000,8.6534,8.66678,8.49759,8.50712,3108218.9830342,0
BBWI.US,D,20100104,000000,8.56448,8.73682,8.51962,8.53782,8954474.6181944,0
BBWI.US,D,20100105,000000,8.50712,8.58966,8.19165,8.25914,20574751.396256,0
BBWI.US,D,20100106,000000,8.20661,8.45273,8.10893,8.43158,15580030.604661,0
BBWI.US,D,20100107,000000,8.5873,8.66284,8.1594,8.29543,16988464.44177,0
BBWI.US,D,20100108,000000,8.3402,8.67553,8.30232,8.66284,12855263.255031,0
BBWI.US,D,20100111,000000,8.88703,9.1122,8.81404,9.04531,15069754.611224,0
BBWI.US,D,20100112,000000,8.94537,9.24117,8.90838,9.03429,10298223.019992,0
BBWI.US,D,20100113,000000,9.05072,9.08308,8.82348,8.94537,7215319.7069222,0
BBWI.US,D,20100114,000000,8.9311,8.9855,8.72344,8.80922,7512943.2593919,0
BBWI.US,D,20100115,000000,8.76201,8.85093,8.55986,8.57471,7136067.8243975,0
BBWI.US,D,20100119,000000,8.57471,8.63934,8.47722,8.55109,11060543.584307,0
BBWI.US,D,20100120,000000,8.45037,8.50712,8.35367,8.35829,11594127.519797,0
BBWI.US,D,20100121,000000,8.37973,8.44171,8.18684,8.25914,15642438.920721,0
BBWI.US,D,20100122,000000,8.31669,8.36547,8.11837,8.12624,12416841.556264,0
BBWI.US,D,20100125,000000,8.13185,8.2916,8.13185,8.22451,7827422.577179,0
BBWI.US,D,20100126,000000,8.3821,8.76201,8.24752,8.57865,18121822.273283,0
BBWI.US,D,20100127,000000,8.55592,8.75807,8.49435,8.71478,11584036.018542,0
BBWI.US,D,20100128,000000,8.73368,8.73368,8.46148,8.49435,10223839.496437,0
BBWI.US,D,20100129,000000,8.57323,8.60539,8.37413,8.41338,8039200.7670053,0
BBWI.US,D,20100201,000000,8.50231,8.69827,8.45273,8.6896,6942601.1296959,0
BBWI.US,D,20100202,000000,8.7022,8.98787,8.69423,8.9855,12602556.896371,0
BBWI.US,D,20100203,000000,8.94537,8.9855,8.8406,8.95796,14250232.607994,0
BBWI.US,D,20100204,000000,8.92018,8.97685,8.82663,8.85566,19620086.431727,0
BBWI.US,D,20100205,000000,8.83283,9.06803,8.77145,9.05072,17991990.895954,0
BBWI.US,D,20100208,000000,9.06026,9.06026,8.84689,8.84689,14388917.302986,0
BBWI.US,D,20100209,000000,8.94537,9.04206,8.83283,8.9917,11903967.20711,0
BBWI.US,D,20100210,000000,8.95402,9.00281,8.79889,8.8831,8564027.9590887,0
BBWI.US,D,20100211,000000,8.8406,9.00754,8.79182,8.9917,5973783.46239,0
BBWI.US,D,20100212,000000,8.86599,9.08781,8.77145,9.05396,11532684.946277,0
BBWI.US,D,20100216,000000,9.16975,9.21371,9.05396,9.21058,6904441.0839517,0
BBWI.US,D,20100217,000000,9.24117,9.36383,9.1844,9.30737,8088724.0444435,0
BBWI.US,D,20100218,000000,9.26831,9.44941,9.24117,9.43662,5111865.3616653,0
BBWI.US,D,20100219,000000,9.37465,9.49761,9.36383,9.46417,6506775.7535042,0
BBWI.US,D,20100222,000000,9.54778,9.60681,9.42875,9.50548,12627619.440133,0
BBWI.US,D,20100223,000000,9.48483,9.5104,9.27215,9.30058,16856516.563421,0
BBWI.US,D,20100224,000000,9.22847,9.53401,9.22847,9.52319,16023390.805804,0
BBWI.US,D,20100225,000000,9.74256,9.9609,9.68255,9.79468,39741819.184869,0
BBWI.US,D,20100226,000000,9.79961,9.84289,9.72091,9.77797,15788670.639518,0
BBWI.US,D,20100301,000000,9.83994,10.0456,9.79961,9.9609,11098589.774088,0
BBWI.US,D,20100302,000000,10.0189,10.0613,9.90585,9.91761,9467086.6920067,0
BBWI.US,D,20100303,000000,9.94819,10.0563,9.88126,10.014,7399308.9093101,0
BBWI.US,D,20100304,000000,10.0475,10.1783,9.95315,10.1616,9156445.9466723,0
BBWI.US,D,20100305,000000,10.2453,10.3357,10.134,10.2934,6469560.1023068,0
BBWI.US,D,20100308,000000,10.3121,10.4439,10.261,10.379,7706909.0905009,0
BBWI.US,D,20100309,000000,10.383,10.4439,10.3102,10.4302,9605350.5265653,0
BBWI.US,D,20100310,000000,10.4351,10.5099,10.3642,10.3859,11040221.311557,0
BBWI.US,D,20100311,000000,10.324,10.4616,10.2747,10.44,6193038.5326161,0
BBWI.US,D,20100312,000000,10.4784,10.4951,10.3574,10.4951,6979616.5163877,0
BBWI.US,D,20100315,000000,10.4912,10.5177,10.3741,10.4823,5516834.7554264,0
BBWI.US,D,20100316,000000,10.6328,10.9869,10.6073,10.926,19873774.798064,0
BBWI.US,D,20100317,000000,11.0116,11.0263,10.808,10.9131,15300815.121569,0
BBWI.US,D,20100318,000000,10.9584,10.983,10.8324,10.9427,7807942.0252958,0
BBWI.US,D,20100319,000000,10.9634,11.0116,10.803,10.9092,7872359.085839,0
BBWI.US,D,20100322,000000,10.8493,11.23,10.8118,11.1827,11008686.259636,0
BBWI.US,D,20100323,000000,11.222,11.2732,11.0361,11.2594,8115340.9254099,0
BBWI.US,D,20100324,000000,11.1935,11.2181,11.0057,11.0459,8362233.5139813,0
BBWI.US,D,20100325,000000,11.166,11.3558,11.1208,11.2053,10995649.751919,0
BBWI.US,D,20100326,000000,11.2594,11.3647,11.1975,11.2928,8434192.5154743,0
BBWI.US,D,20100329,000000,11.3194,11.4177,11.1404,11.3991,8898520.5120127,0
BBWI.US,D,20100330,000000,11.3706,11.6598,11.3706,11.4414,15575014.84288,0
BBWI.US,D,20100331,000000,11.0017,11.0411,10.86,10.8847,14038988.117991,0
BBWI.US,D,20100401,000000,10.9928,11.0518,10.9033,10.9672,11182200.713465,0
BBWI.US,D,20100405,000000,10.9702,11.3932,10.9702,11.3784,10446785.736308,0
BBWI.US,D,20100406,000000,11.3283,11.3854,11.2545,11.3764,9933366.5050463,0
BBWI.US,D,20100407,000000,11.3706,11.408,11.2013,11.3558,15354875.355803,0
BBWI.US,D,20100408,000000,11.349,11.6648,11.2181,11.6185,17597092.672025,0
BBWI.US,D,20100409,000000,11.6538,11.7915,11.4797,11.7709,11740765.867033,0
BBWI.US,D,20100412,000000,11.768,11.9794,11.7435,11.889,12455295.391055,0
BBWI.US,D,20100413,000000,11.8015,12.0376,11.7631,12.0218,13177716.556483,0
BBWI.US,D,20100414,000000,12.0257,12.1153,11.8359,11.95,18295183.224879,0
BBWI.US,D,20100415,000000,11.9136,12.3091,11.827,12.1851,13953517.870083,0
BBWI.US,D,20100416,000000,12.1153,12.1772,11.8526,11.9687,13919714.848049,0
BBWI.US,D,20100419,000000,11.9736,12.0848,11.8231,12.0543,12677571.710573,0
BBWI.US,D,20100420,000000,12.1684,12.2372,12.0571,12.1988,7387878.5839239,0
BBWI.US,D,20100421,000000,12.19,12.4192,12.1595,12.3936,7377174.0902992,0
BBWI.US,D,20100422,000000,12.3238,12.7153,12.2038,12.6415,8632146.3549869,0
BBWI.US,D,20100423,000000,12.5973,12.7173,12.4909,12.5923,7763449.7582042,0
BBWI.US,D,20100426,000000,12.5854,12.7242,12.5766,12.6326,0,0
BBWI.US,D,20100427,000000,12.5235,12.5706,12.2294,12.2697,10454977.266186,0
BBWI.US,D,20100428,000000,12.3288,12.4339,11.9637,12.0051,12458571.799693,0
BBWI.US,D,20100429,000000,12.0376,12.2922,12.0376,12.1792,11926583.880819,0
BBWI.US,D,20100430,000000,12.2038,12.2421,11.6538,11.8487,15122031.779756,0
BBWI.US,D,20100503,000000,11.9284,12.4635,11.884,12.2922,12202371.48618,0
BBWI.US,D,20100504,000000,12.1458,12.1458,11.8112,11.884,14011467.505323,0
BBWI.US,D,20100505,000000,11.7631,12.0759,11.5624,11.7178,11089698.843295,0
BBWI.US,D,20100506,000000,11.5457,11.5457,9.99727,11.1128,23753122.933947,0
BBWI.US,D,20100507,000000,11.0479,11.4257,10.6869,11.0214,19769886.315065,0
BBWI.US,D,20100510,000000,11.5761,11.9136,11.5201,11.9027,10730040.056356,0
BBWI.US,D,20100511,000000,11.6883,12.1772,11.6883,12.009,10678769.293208,0
BBWI.US,D,20100512,000000,12.0414,12.1113,11.7808,12.0571,10162067.553882,0
BBWI.US,D,20100513,000000,12.0414,12.0414,11.4207,11.4926,12476317.064717,0
BBWI.US,D,20100514,000000,11.349,11.4493,11.1365,11.2545,11358458.89268,0
BBWI.US,D,20100517,000000,11.3115,11.3854,10.9467,11.2181,18400568.100529,0
BBWI.US,D,20100518,000000,11.3854,11.4374,10.7636,10.8197,21994360.399405,0
BBWI.US,D,20100519,000000,11.0804,11.1325,10.683,10.8276,22630796.93195,0
BBWI.US,D,20100520,000000,10.4351,10.86,10.3298,10.559,24119627.310636,0
BBWI.US,D,20100521,000000,10.3102,11.1128,10.3102,10.9751,14927768.093317,0
BBWI.US,D,20100524,000000,10.9524,11.1079,10.864,10.9427,13393354.666755,0
BBWI.US,D,20100525,000000,10.6122,10.9427,10.4439,10.9092,17866472.829777,0
BBWI.US,D,20100526,000000,11.0479,11.104,10.6967,10.7587,15817719.158543,0
BBWI.US,D,20100527,000000,11.0607,11.2506,11.0263,11.2466,11768295.628842,0
BBWI.US,D,20100528,000000,11.2417,11.2978,10.8324,10.9928,12921056.752835,0
BBWI.US,D,20100601,000000,10.8384,11.3558,10.8118,11.1581,14098120.025415,0
BBWI.US,D,20100602,000000,11.1699,11.4797,11.1178,11.4748,18678409.179501,0
BBWI.US,D,20100603,000000,11.6735,12.1458,11.5525,11.6115,19597962.794997,0
BBWI.US,D,20100604,000000,11.344,11.5408,10.869,10.923,16061003.9363,0
BBWI.US,D,20100607,000000,10.9467,11.0479,10.5433,10.5639,13779191.175948,0
BBWI.US,D,20100608,000000,10.5099,10.679,10.2453,10.5482,19799564.091596,0
BBWI.US,D,20100609,000000,10.6073,11.0361,10.6073,10.7016,12836738.279976,0
BBWI.US,D,20100610,000000,10.8493,11.0981,10.803,11.0263,12279835.22015,0
BBWI.US,D,20100611,000000,10.8384,11.1266,10.799,11.0893,8581449.9545058,0
BBWI.US,D,20100614,000000,11.226,11.3893,11.1208,11.288,8944244.8632707,0
BBWI.US,D,20100615,000000,11.3932,11.5309,11.2132,11.4847,10215032.941046,0
BBWI.US,D,20100616,000000,11.3893,11.4129,11.1748,11.2181,10661590.258283,0
BBWI.US,D,20100617,000000,11.3017,11.3283,10.9524,11.0666,13143597.380839,0
BBWI.US,D,20100618,000000,11.1128,11.1748,10.8737,10.9033,12398352.161199,0
BBWI.US,D,20100621,000000,11.1325,11.166,10.6073,10.6741,11268422.207414,0
BBWI.US,D,20100622,000000,10.7154,10.9014,10.2186,10.2521,18948013.999465,0
BBWI.US,D,20100623,000000,10.324,10.4784,10.077,10.3574,14196972.415213,0
BBWI.US,D,20100624,000000,10.2492,10.2659,9.95315,10.1439,13208262.484729,0
BBWI.US,D,20100625,000000,10.1783,10.3417,10.0456,10.2098,15065750.337683,0
BBWI.US,D,20100628,000000,10.2934,10.2934,10.0819,10.1508,8710191.5676225,0
BBWI.US,D,20100629,000000,9.92651,9.98654,9.65009,9.71403,15753917.123512,0
BBWI.US,D,20100630,000000,9.67468,10.0456,9.64419,9.76026,11780183.411221,0
BBWI.US,D,20100701,000000,9.71697,10.0899,9.63239,10.0406,17354320.2461,0
BBWI.US,D,20100702,000000,10.0475,10.1843,9.93245,9.98157,16975997.213867,0
BBWI.US,D,20100706,000000,10.1133,10.3603,9.90585,9.99727,11241937.48069,0
BBWI.US,D,20100707,000000,9.96587,10.4951,9.96587,10.4685,13733656.923484,0
BBWI.US,D,20100708,000000,10.6416,10.7547,10.3534,10.7056,20396864.670148,0
BBWI.US,D,20100709,000000,10.735,10.799,10.5906,10.799,7188332.7940774,0
BBWI.US,D,20100712,000000,10.735,10.7883,10.5276,10.5806,11247523.538854,0
BBWI.US,D,20100713,000000,10.6741,10.9299,10.6328,10.8737,16932375.131633,0
BBWI.US,D,20100714,000000,10.9014,10.9928,10.7116,10.9811,9124658.7851194,0
BBWI.US,D,20100715,000000,10.9634,11.1079,10.8197,11.0754,9369377.9446908,0
BBWI.US,D,20100716,000000,10.983,10.9869,10.3574,10.3908,13373068.990565,0
BBWI.US,D,20100719,000000,10.4912,10.5531,10.2983,10.4784,8303666.8200868,0
BBWI.US,D,20100720,000000,10.4302,10.8157,10.3357,10.799,10722788.854741,0
BBWI.US,D,20100721,000000,10.8787,10.9634,10.6741,10.7303,9463911.9404786,0
BBWI.US,D,20100722,000000,10.8895,11.2053,10.864,11.1522,8515868.9200594,0
BBWI.US,D,20100723,000000,11.1365,11.342,11.0459,11.3283,12722982.957934,0
BBWI.US,D,20100726,000000,11.3854,11.6077,11.1827,11.6077,7561073.8344306,0
BBWI.US,D,20100727,000000,11.7109,11.7335,11.1827,11.2466,9778568.1416362,0
BBWI.US,D,20100728,000000,11.2368,11.4493,11.1522,11.2132,6712265.4345401,0
BBWI.US,D,20100729,000000,11.3283,11.4964,10.9584,11.2693,12514287.011667,0
BBWI.US,D,20100730,000000,11.1031,11.3706,10.9328,11.3381,10533939.42595,0
BBWI.US,D,20100802,000000,11.6303,11.6932,11.344,11.5998,11831921.797073,0
BBWI.US,D,20100803,000000,11.5851,11.6342,11.2013,11.282,11717720.20032,0
BBWI.US,D,20100804,000000,11.3647,11.5761,11.3558,11.5121,10484138.624603,0
BBWI.US,D,20100805,000000,11.5998,11.6648,11.2132,11.6411,9493206.469708,0
BBWI.US,D,20100806,000000,11.408,11.6411,11.3784,11.5525,6649518.6003052,0
BBWI.US,D,20100809,000000,11.6115,11.9087,11.6115,11.8447,8543299.0579015,0
BBWI.US,D,20100810,000000,11.6735,11.7335,11.3115,11.3991,12884044.415858,0
BBWI.US,D,20100811,000000,11.1827,11.2417,11.0459,11.1079,9083383.9655417,0
BBWI.US,D,20100812,000000,10.9299,11.222,10.869,11.1827,7548771.2910454,0
BBWI.US,D,20100813,000000,11.1404,11.1581,10.8895,11.0057,10074611.942625,0
BBWI.US,D,20100816,000000,10.9299,11.0804,10.8324,11.0017,9415879.9728361,0
BBWI.US,D,20100817,000000,11.1522,11.4207,11.0931,11.3017,10524953.954046,0
BBWI.US,D,20100818,000000,11.3145,11.4748,11.1365,11.3991,10851961.494002,0
BBWI.US,D,20100819,000000,11.4297,11.7532,11.3283,11.4335,15687918.278345,0
BBWI.US,D,20100820,000000,11.3647,11.4493,10.9928,11.3017,8188579.7899109,0
BBWI.US,D,20100823,000000,11.3854,11.4748,10.9811,10.983,9184208.5032622,0
BBWI.US,D,20100824,000000,10.8413,10.983,10.7116,10.8157,8920281.2328608,0
BBWI.US,D,20100825,000000,10.6416,10.9181,10.6043,10.8413,12347449.396784,0
BBWI.US,D,20100826,000000,10.926,11.0184,10.7303,10.7547,8746482.1391239,0
BBWI.US,D,20100827,000000,10.8413,11.0666,10.5482,11.0361,9482045.5356618,0
BBWI.US,D,20100830,000000,11.0057,11.0057,10.6693,10.6741,7145555.4824222,0
BBWI.US,D,20100831,000000,10.5609,10.802,10.4213,10.4361,15413866.976415,0
BBWI.US,D,20100901,000000,10.5767,10.8384,10.5364,10.7303,12239857.545288,0
BBWI.US,D,20100902,000000,11.0184,11.4207,10.8954,11.3854,13116994.731868,0
BBWI.US,D,20100903,000000,11.4541,11.7061,11.3991,11.5899,8769337.7070409,0
BBWI.US,D,20100907,000000,11.5664,11.5664,11.3784,11.4464,7695126.0149449,0
BBWI.US,D,20100908,000000,11.288,11.3017,11.0116,11.1079,18310633.072372,0
BBWI.US,D,20100909,000000,11.282,11.3194,11.0853,11.1581,7553075.4530593,0
BBWI.US,D,20100910,000000,11.1788,11.2978,11.1404,11.222,6244174.0918101,0
BBWI.US,D,20100913,000000,11.3362,11.5044,11.3362,11.3824,8587043.1286676,0
BBWI.US,D,20100914,000000,11.3932,11.8015,11.3854,11.7228,9197313.121241,0
BBWI.US,D,20100915,000000,11.6371,11.7532,11.5525,11.6883,8124790.9703041,0
BBWI.US,D,20100916,000000,11.6067,11.7562,11.47,11.6981,6047579.4078508,0
BBWI.US,D,20100917,000000,11.7838,11.8615,11.6115,11.8359,8940051.5075061,0
BBWI.US,D,20100920,000000,11.889,12.1595,11.8231,12.1153,8293844.7101721,0
BBWI.US,D,20100921,000000,12.1153,12.13,11.6648,11.7109,10456252.046339,0
BBWI.US,D,20100922,000000,11.6686,11.8202,11.4797,11.5761,5460398.794546,0
BBWI.US,D,20100923,000000,11.4374,11.7631,11.4207,11.5938,5290898.7799676,0
BBWI.US,D,20100924,000000,11.7758,12.0503,11.7435,12.0169,6107271.4459469,0
BBWI.US,D,20100927,000000,11.9844,12.0464,11.8683,11.9284,3661639.2702918,0
BBWI.US,D,20100928,000000,11.9687,12.1064,11.7838,12.0543,7344149.7617242,0
BBWI.US,D,20100929,000000,12.0376,12.2421,11.9589,12.1988,7924589.4921016,0
BBWI.US,D,20100930,000000,12.2294,12.2697,11.709,11.8398,14367820.403062,0
BBWI.US,D,20101001,000000,11.4926,11.9844,11.4926,11.8575,12344215.684133,0
BBWI.US,D,20101004,000000,11.8073,11.9589,11.6481,11.7709,6804987.9006376,0
BBWI.US,D,20101005,000000,11.9284,12.3681,11.8782,12.2972,12192426.371163,0
BBWI.US,D,20101006,000000,12.2165,12.2697,12.0808,12.1988,6873510.8918315,0
BBWI.US,D,20101007,000000,12.4929,12.8048,12.4093,12.6621,15405642.91626,0
BBWI.US,D,20101008,000000,12.6848,12.9101,12.6366,12.737,10157261.205748,0
BBWI.US,D,20101011,000000,12.7242,13.034,12.7242,12.9592,8209633.9938485,0
BBWI.US,D,20101012,000000,12.9543,13.1973,12.8343,13.1383,11136187.656017,0
BBWI.US,D,20101013,000000,13.2023,13.2436,12.9386,12.9759,9808002.9576766,0
BBWI.US,D,20101014,000000,12.9386,13.0046,12.7527,12.9032,7335469.2611485,0
BBWI.US,D,20101015,000000,13.0576,13.0882,12.8285,12.9386,7358811.7666197,0
BBWI.US,D,20101018,000000,12.9682,13.0301,12.8137,12.9759,4734578.2153775,0
BBWI.US,D,20101019,000000,12.8048,12.8589,12.55,12.6583,7238936.6865889,0
BBWI.US,D,20101020,000000,12.6966,12.9475,12.4556,12.8452,10541988.635875,0
BBWI.US,D,20101021,000000,12.9101,13.0526,12.6465,12.734,6067648.5543978,0
BBWI.US,D,20101022,000000,12.792,12.9297,12.7085,12.849,5002001.4737727,0
BBWI.US,D,20101025,000000,12.9849,13.1323,12.8678,12.8953,3806024.8959814,0
BBWI.US,D,20101026,000000,12.8245,13.0399,12.7281,13.0006,4659606.0971604,0
BBWI.US,D,20101027,000000,12.8717,12.9897,12.6681,12.9101,5628106.5942848,0
BBWI.US,D,20101028,000000,12.972,13.0173,12.6641,12.9465,7667078.8184486,0
BBWI.US,D,20101029,000000,12.8746,13.0459,12.8314,12.9966,7248559.5485692,0
BBWI.US,D,20101101,000000,13.1087,13.154,12.7556,12.849,7468351.368333,0
BBWI.US,D,20101102,000000,12.9966,13.21,12.8265,13.1884,7602187.0192042,0
BBWI.US,D,20101103,000000,13.2337,13.3094,12.9475,13.1923,12246852.57099,0
BBWI.US,D,20101104,000000,13.4167,13.9114,13.4049,13.8987,13446263.125938,0
BBWI.US,D,20101105,000000,13.9184,14.1446,13.826,14.0659,8893989.6546446,0
BBWI.US,D,20101108,000000,13.9685,14.2115,13.879,14.1878,7960883.1133164,0
BBWI.US,D,20101109,000000,14.3119,14.3119,13.818,13.8701,6072245.488887,0
BBWI.US,D,20101110,000000,13.8297,14.2725,13.822,14.062,7033517.1489586,0
BBWI.US,D,20101111,000000,13.9281,14.2912,13.8701,14.2115,6871949.4386303,0
BBWI.US,D,20101112,000000,14.0925,14.2155,13.885,13.9901,5666604.1416324,0
BBWI.US,D,20101115,000000,14.1141,14.1388,13.879,13.9037,6514309.5618854,0
BBWI.US,D,20101116,000000,13.8297,14.2075,13.579,13.7453,9113004.8140923,0
BBWI.US,D,20101117,000000,13.7846,14.2115,13.7807,14.0925,10679106.794811,0
BBWI.US,D,20101118,000000,14.6915,15.2099,14.6001,14.7072,30221997.867337,0
BBWI.US,D,20101119,000000,14.5361,14.7368,14.2637,14.5941,17821163.239526,0
BBWI.US,D,20101122,000000,14.6345,14.8224,14.5254,14.6915,12175521.810433,0
BBWI.US,D,20101123,000000,14.4544,14.7447,14.3757,14.5844,15672055.702987,0
BBWI.US,D,20101124,000000,14.7495,15.0644,14.7112,14.9394,10948988.122112,0
BBWI.US,D,20101126,000000,14.8962,14.9906,14.8224,14.9227,15814347.192223,0
BBWI.US,D,20101129,000000,14.7909,14.8372,14.4869,14.7998,11788110.632615,0
BBWI.US,D,20101130,000000,14.6404,14.9631,14.5922,14.8882,27918865.577991,0
BBWI.US,D,20101201,000000,15.267,15.3663,15.0929,15.3152,27228476.567749,0
BBWI.US,D,20101202,000000,15.4893,15.688,15.1568,15.4303,17756751.261838,0
BBWI.US,D,20101203,000000,15.4559,15.5453,15.2542,15.3969,9896975.2930066,0
BBWI.US,D,20101206,000000,15.4076,15.4786,15.2857,15.3869,7673546.2437516,0
BBWI.US,D,20101207,000000,15.5533,15.5818,15.1962,15.2041,9309103.4113575,0
BBWI.US,D,20101208,000000,15.1962,15.2631,14.8185,15.0456,9780557.5712681,0
BBWI.US,D,20101209,000000,15.209,15.2425,15.0703,15.147,5356129.0973864,0
BBWI.US,D,20101210,000000,15.1962,15.3015,15.0496,15.2572,5167337.6131483,0
BBWI.US,D,20101213,000000,15.2572,15.4126,14.8765,14.8882,8865094.6378555,0
BBWI.US,D,20101214,000000,14.8922,15.0358,14.8332,14.9188,5739082.6109547,0
BBWI.US,D,20101215,000000,14.8627,14.9631,14.7269,14.7742,4837348.4701728,0
BBWI.US,D,20101216,000000,14.8165,15.0004,14.7348,14.9512,4747860.7332979,0
BBWI.US,D,20101217,000000,14.9276,15.2502,14.8834,15.1135,8136136.9202894,0
BBWI.US,D,20101220,000000,15.1332,15.1648,14.9188,15.0358,4125402.0533017,0
BBWI.US,D,20101221,000000,15.2041,15.4215,15.0113,15.3506,5907021.172332,0
BBWI.US,D,20101222,000000,15.4076,15.4786,14.9453,15.026,4966284.2483686,0
BBWI.US,D,20101223,000000,15.0004,15.0751,14.8332,15.026,3455762.275669,0
BBWI.US,D,20101227,000000,14.9837,15.0978,14.8056,15.0536,2308204.9791071,0
BBWI.US,D,20101228,000000,15.0408,15.0929,14.8224,14.8262,4215382.8271574,0
BBWI.US,D,20101229,000000,14.8834,14.9817,14.7909,14.843,4283643.5430087,0
BBWI.US,D,20101230,000000,14.8578,15.1352,14.8195,15.087,3717412.4268187,0
BBWI.US,D,20101231,000000,14.9827,15.0653,14.8382,14.8607,2877341.4554852,0
BBWI.US,D,20110103,000000,15.0063,15.2425,14.7909,14.845,8267055.0121195,0
BBWI.US,D,20110104,000000,14.8105,14.8262,14.4496,14.4741,8858470.6606038,0
BBWI.US,D,20110105,000000,14.3905,14.4781,14.1378,14.3089,11362051.454928,0
BBWI.US,D,20110106,000000,14.1593,14.1741,13.7885,13.9754,16101940.237704,0
BBWI.US,D,20110107,000000,13.9754,14.1545,13.7363,13.8741,12091646.56257,0
BBWI.US,D,20110110,000000,13.7727,14.1593,13.7727,14.0925,6277531.855704,0
BBWI.US,D,20110111,000000,14.1918,14.2567,13.7964,14.0148,7302826.1467341,0
BBWI.US,D,20110112,000000,14.121,14.1495,13.9114,13.9951,8086103.3241619,0
BBWI.US,D,20110113,000000,13.9891,14.3443,13.9646,14.238,26630671.769936,0
BBWI.US,D,20110114,000000,14.2862,14.3089,14.063,14.0797,7043078.000102,0
BBWI.US,D,20110118,000000,14.1643,14.2017,13.9057,14.0718,4847499.9491221,0
BBWI.US,D,20110119,000000,14.0463,14.0758,13.827,13.8633,5212290.3869456,0
BBWI.US,D,20110120,000000,13.821,14.1328,13.8091,14.063,9403866.1356418,0
BBWI.US,D,20110121,000000,14.1702,14.2027,13.8417,13.8741,8680310.4768717,0
BBWI.US,D,20110124,000000,13.8987,14.0098,13.8357,13.9361,4046918.6985243,0
BBWI.US,D,20110125,000000,13.8604,13.8987,13.5691,13.7472,11610022.625431,0
BBWI.US,D,20110126,000000,13.7964,13.9951,13.6075,13.884,7513596.9146057,0
BBWI.US,D,20110127,000000,13.9074,14.2892,13.8604,14.2282,9494923.4582865,0
BBWI.US,D,20110128,000000,14.2332,14.3344,13.9528,13.9891,9088587.7929743,0
BBWI.US,D,20110131,000000,14.0541,14.1416,13.8574,14.1416,7528119.6492612,0
BBWI.US,D,20110201,000000,14.2282,14.4358,14.1495,14.3443,8181809.4264218,0
BBWI.US,D,20110202,000000,14.237,14.2715,13.9597,14.0905,8035169.0460447,0
BBWI.US,D,20110203,000000,14.9512,15.2315,14.6768,15.1381,18618321.695248,0
BBWI.US,D,20110204,000000,15.2158,15.5276,15.1273,15.4195,10241594.927173,0
BBWI.US,D,20110207,000000,15.4166,15.5199,15.325,15.4519,7753674.4105598,0
BBWI.US,D,20110208,000000,15.4519,15.688,15.3536,15.6683,5312936.0081535,0
BBWI.US,D,20110209,000000,15.6063,15.8759,15.5857,15.7952,6094453.5010168,0
BBWI.US,D,20110210,000000,15.7146,15.8867,15.631,15.7569,7052078.7205725,0
BBWI.US,D,20110211,000000,15.692,15.9792,15.6782,15.9792,5518770.3067904,0
BBWI.US,D,20110214,000000,15.9792,16.0451,15.7362,15.8661,4705404.6581085,0
BBWI.US,D,20110215,000000,15.8061,15.8532,15.6615,15.7293,4250922.15262,0
BBWI.US,D,20110216,000000,15.7569,16.116,15.7569,16.0038,4578580.2980759,0
BBWI.US,D,20110217,000000,15.9054,16.1543,15.8484,16.0373,5021273.6285817,0
BBWI.US,D,20110218,000000,16.0569,16.3137,16.0353,16.2074,6496849.9533378,0
BBWI.US,D,20110222,000000,16.0244,16.3137,15.7697,15.8327,6826043.1211464,0
BBWI.US,D,20110223,000000,15.8916,16.1257,15.1972,15.4656,10898088.407412,0
BBWI.US,D,20110224,000000,15.5021,15.9389,15.1972,15.6438,13872747.230342,0
BBWI.US,D,20110225,000000,15.7146,16.053,15.5276,15.7293,7252347.2924671,0
BBWI.US,D,20110228,000000,15.7647,15.8002,15.4126,15.5847,6544014.7858369,0
BBWI.US,D,20110301,000000,15.5424,15.7697,15.2867,15.3635,6998238.0656961,0
BBWI.US,D,20110302,000000,15.3319,15.7097,15.2916,15.6438,7911704.4534792,0
BBWI.US,D,20110303,000000,15.7825,15.8159,15.1342,15.7569,15748132.833985,0
BBWI.US,D,20110304,000000,15.7067,15.9616,15.5906,15.7274,10763181.290608,0
BBWI.US,D,20110307,000000,15.7775,15.9054,15.3182,15.3792,7723439.5530681,0
BBWI.US,D,20110308,000000,15.3999,15.5326,15.2011,15.2867,7826796.369385,0
BBWI.US,D,20110309,000000,15.2689,15.3832,15.147,15.2985,5213543.8191051,0
BBWI.US,D,20110310,000000,15.1135,15.3232,15.0152,15.1618,6862629.5148363,0
BBWI.US,D,20110311,000000,15.147,15.4786,15.0978,15.3999,4745284.7421445,0
BBWI.US,D,20110314,000000,15.2689,15.4086,14.9424,15.1214,4630989.6208511,0
BBWI.US,D,20110315,000000,14.6305,14.9424,14.3827,14.8686,8827704.1364298,0
BBWI.US,D,20110316,000000,14.8076,14.9011,14.5961,14.7201,8450974.0711018,0
BBWI.US,D,20110317,000000,14.8882,15.0044,14.7043,14.8017,4586539.0331745,0
BBWI.US,D,20110318,000000,14.9946,15.0004,14.7408,14.8362,7789441.4479476,0
BBWI.US,D,20110321,000000,14.9946,15.3466,14.8755,15.2208,4734108.5595319,0
BBWI.US,D,20110322,000000,15.2769,15.4539,15.1883,15.1883,6687376.7244342,0
BBWI.US,D,20110323,000000,15.1883,15.4332,15.1018,15.3635,5554524.1287539,0
BBWI.US,D,20110324,000000,15.4824,15.7569,15.4273,15.6113,6932489.2970192,0
BBWI.US,D,20110325,000000,15.5818,15.9496,15.5553,15.7097,7109211.0326527,0
BBWI.US,D,20110328,000000,15.7274,15.9448,15.565,15.5956,6660717.1474817,0
BBWI.US,D,20110329,000000,15.6113,15.8976,15.5956,15.8435,5847206.1291334,0
BBWI.US,D,20110330,000000,15.9212,16.237,15.87,16.172,5726922.3875226,0
BBWI.US,D,20110331,000000,16.108,16.108,15.8327,16.0029,6170025.3961796,0
BBWI.US,D,20110401,000000,16.0658,16.2074,15.9684,16.0569,6848124.0618892,0
BBWI.US,D,20110404,000000,16.0658,16.2477,15.8867,16.2213,7343533.7196409,0
BBWI.US,D,20110405,000000,16.2261,16.9835,16.2163,16.7868,15150818.023438,0
BBWI.US,D,20110406,000000,16.9207,17.1951,16.8035,17.1478,12823251.431266,0
BBWI.US,D,20110407,000000,17.3269,17.561,17.0268,17.4272,18717061.245654,0
BBWI.US,D,20110408,000000,17.501,18.107,17.38,18.0922,20424648.57473,0
BBWI.US,D,20110411,000000,18.0233,18.4896,17.9899,18.2299,19458316.423749,0
BBWI.US,D,20110412,000000,18.0341,18.3214,17.8876,18.0873,16344951.557836,0
BBWI.US,D,20110413,000000,18.2152,18.5506,18.1552,18.4709,11136764.051827,0
BBWI.US,D,20110414,000000,18.3499,18.4856,18.1945,18.3342,7434431.440624,0
BBWI.US,D,20110415,000000,18.4276,18.6027,18.3401,18.4375,10505182.662829,0
BBWI.US,D,20110418,000000,18.1895,18.4896,18.0922,18.4346,7658213.3019336,0
BBWI.US,D,20110419,000000,18.4226,18.8388,18.3912,18.5397,10847935.872467,0
BBWI.US,D,20110420,000000,18.7887,19.3671,18.7375,19.0759,11396483.734469,0
BBWI.US,D,20110421,000000,19.1536,19.2737,18.9421,19.1614,9475316.8515875,0
BBWI.US,D,20110425,000000,19.1143,19.615,19.1054,19.5963,10080312.873323,0
BBWI.US,D,20110426,000000,19.5766,20.0331,19.4654,19.8471,9508701.0463298,0
BBWI.US,D,20110427,000000,19.9121,20.0675,19.7704,20.0251,7096338.1928834,0
BBWI.US,D,20110428,000000,19.9198,20.1885,19.9081,19.9621,5894572.2427091,0
BBWI.US,D,20110429,000000,19.9848,20.0724,19.8067,20.0341,11174751.280485,0
BBWI.US,D,20110502,000000,20.1176,20.2425,19.7891,19.9317,11851332.205551,0
BBWI.US,D,20110503,000000,19.856,20.2514,19.8077,20.0675,7591269.0456496,0
BBWI.US,D,20110504,000000,20.0565,20.3921,19.5963,19.6258,11547110.090108,0
BBWI.US,D,20110505,000000,19.5973,20.0015,19.4625,19.673,13817491.508502,0
BBWI.US,D,20110506,000000,19.9798,20.2779,19.8727,19.9898,8795652.6663923,0
BBWI.US,D,20110509,000000,19.9741,20.3389,19.8944,20.0331,7809632.5830259,0
BBWI.US,D,20110510,000000,20.1019,20.5652,20.0734,20.4629,8215358.3056814,0
BBWI.US,D,20110511,000000,20.4629,20.521,20.2376,20.4265,6876991.6312589,0
BBWI.US,D,20110512,000000,20.4176,20.5741,20.2288,20.4963,6697176.469785,0
BBWI.US,D,20110513,000000,20.5554,20.636,20.3498,20.3636,5938641.6162254,0
BBWI.US,D,20110516,000000,20.2976,20.4039,20.156,20.2032,6833846.3208675,0
BBWI.US,D,20110517,000000,20.1402,20.3045,20.0144,20.2563,6671368.7794097,0
BBWI.US,D,20110518,000000,20.3134,20.8072,20.2032,20.6616,9439329.2182722,0
BBWI.US,D,20110519,000000,20.4668,20.7796,19.7704,19.8618,16546910.687461,0
BBWI.US,D,20110520,000000,19.8019,19.8019,18.8437,19.3011,17047620.746898,0
BBWI.US,D,20110523,000000,19.2185,19.5903,19.1753,19.3031,11067803.935062,0
BBWI.US,D,20110524,000000,19.309,19.3404,18.8644,19.0179,12466330.270285,0
BBWI.US,D,20110525,000000,18.8889,19.012,18.7149,18.8861,8387820.608429,0
BBWI.US,D,20110526,000000,18.8614,19.4782,18.8614,19.4694,12704951.01986,0
BBWI.US,D,20110527,000000,19.4064,19.4674,19.1753,19.249,7688407.4965816,0
BBWI.US,D,20110531,000000,19.3701,19.5255,19.2737,19.4497,10946047.181937,0
BBWI.US,D,20110601,000000,19.4743,19.5136,18.8211,18.8388,11688529.361344,0
BBWI.US,D,20110602,000000,17.7646,18.523,17.5413,18.4346,26819457.154747,0
BBWI.US,D,20110603,000000,17.9929,18.5359,17.9526,18.222,12951487.80855,0
BBWI.US,D,20110606,000000,18.1325,18.2909,17.5905,17.6191,18472361.400934,0
BBWI.US,D,20110607,000000,17.7007,18.0509,17.6161,17.6249,8418089.0127668,0
BBWI.US,D,20110608,000000,17.5295,17.6249,17.32,17.3997,7339706.3294703,0
BBWI.US,D,20110609,000000,17.4498,17.8039,17.3947,17.6761,7835580.5602121,0
BBWI.US,D,20110610,000000,17.5748,17.5798,17.2226,17.3357,8525899.4270485,0
BBWI.US,D,20110613,000000,17.3751,17.6348,17.3554,17.5658,7698618.9532256,0
BBWI.US,D,20110614,000000,17.8109,18.0735,17.7705,17.9368,7147960.6896317,0
BBWI.US,D,20110615,000000,17.7656,17.9761,17.6298,17.6928,7996104.2520265,0
BBWI.US,D,20110616,000000,17.7558,17.8394,17.5492,17.6594,10316866.933864,0
BBWI.US,D,20110617,000000,17.8256,18.2122,17.7165,17.7469,12959130.390037,0
BBWI.US,D,20110620,000000,17.7105,18.2407,17.6249,18.1965,6847474.4729599,0
BBWI.US,D,20110621,000000,18.2368,19.0179,18.2122,18.7513,14070832.207526,0
BBWI.US,D,20110622,000000,18.6204,18.8251,18.3421,18.3646,6601891.2279582,0
BBWI.US,D,20110623,000000,18.0785,18.5683,18.0351,18.5359,7831368.9061678,0
BBWI.US,D,20110624,000000,18.53,18.6706,18.2722,18.5968,8263573.256121,0
BBWI.US,D,20110627,000000,18.5585,18.8437,18.4896,18.708,6454032.99541,0
BBWI.US,D,20110628,000000,18.8339,19.2117,18.7217,19.1614,9133142.0709027,0
BBWI.US,D,20110629,000000,19.2264,19.4753,19.0306,19.0453,8069050.3440522,0
BBWI.US,D,20110630,000000,19.1556,19.3671,19.0976,19.2391,6521332.035006,0
BBWI.US,D,20110701,000000,19.2717,19.5116,19.073,19.4674,5589397.6001496,0
BBWI.US,D,20110705,000000,19.4674,19.729,19.4261,19.6513,7661895.3224379,0
BBWI.US,D,20110706,000000,19.5973,19.736,19.4704,19.668,5435270.1736618,0
BBWI.US,D,20110707,000000,20.4629,20.6015,19.9169,20.1905,13824702.047275,0
BBWI.US,D,20110708,000000,19.8648,20.3527,19.8431,20.3202,7643944.7100518,0
BBWI.US,D,20110711,000000,20.0331,20.212,19.5973,19.7015,8099652.1837089,0
BBWI.US,D,20110712,000000,19.6975,19.9218,19.5068,19.5304,8454631.6938997,0
BBWI.US,D,20110713,000000,19.7517,20.0172,19.6838,19.729,4962627.6421419,0
BBWI.US,D,20110714,000000,19.8786,20.1963,19.6278,19.7802,6090032.4333268,0
BBWI.US,D,20110715,000000,19.9415,19.9641,19.6474,19.9327,5441267.9431192,0
BBWI.US,D,20110718,000000,19.8521,19.9573,19.6366,19.8019,4589534.8681899,0
BBWI.US,D,20110719,000000,19.9091,20.397,19.9091,20.3183,9195303.3601873,0
BBWI.US,D,20110720,000000,20.3773,20.4776,20.0508,20.1521,5857974.6667371,0
BBWI.US,D,20110721,000000,20.3202,20.5858,20.1875,20.1875,7468903.3664374,0
BBWI.US,D,20110722,000000,20.1963,20.4078,20.0782,20.1028,19587135.29627,0
BBWI.US,D,20110725,000000,19.9121,19.9731,19.1664,19.2353,12312971.371545,0
BBWI.US,D,20110726,000000,19.1831,19.3788,18.7513,19.1546,10370273.512883,0
BBWI.US,D,20110727,000000,19.0956,19.1664,18.712,18.7513,7239369.7458752,0
BBWI.US,D,20110728,000000,18.8014,19.064,18.6814,18.712,8090372.9227586,0
BBWI.US,D,20110729,000000,18.5476,19.0966,18.4139,18.9401,10770392.845951,0
BBWI.US,D,20110801,000000,18.9923,19.067,18.4404,18.6372,7540458.7892059,0
BBWI.US,D,20110802,000000,18.4513,18.9883,17.8856,17.8955,9511585.0585248,0
BBWI.US,D,20110803,000000,17.9702,18.1867,17.4961,18.161,10232615.554696,0
BBWI.US,D,20110804,000000,17.8492,18.2525,17.5945,17.9319,17985004.002821,0
BBWI.US,D,20110805,000000,18.1877,18.2033,17.1567,17.3819,14907224.208069,0
BBWI.US,D,20110808,000000,16.8271,17.0858,15.7549,15.8602,17689197.062898,0
BBWI.US,D,20110809,000000,16.173,16.9441,15.7244,16.9304,11731792.593982,0
BBWI.US,D,20110810,000000,16.4986,17.0445,16.2517,16.3707,12509577.237786,0
BBWI.US,D,20110811,000000,16.4651,17.4991,16.4484,17.2344,9896757.7467924,0
BBWI.US,D,20110812,000000,17.5197,17.6082,17.0348,17.2964,6509380.2086483,0
BBWI.US,D,20110815,000000,17.4361,17.6052,17.2019,17.561,7780242.4961137,0
BBWI.US,D,20110816,000000,17.3377,17.6642,17.196,17.4252,8525266.1032567,0
BBWI.US,D,20110817,000000,17.6082,17.8,16.9648,17.1832,6518240.6423078,0
BBWI.US,D,20110818,000000,16.9058,17.5335,16.6638,16.8744,12461090.862864,0
BBWI.US,D,20110819,000000,16.6393,17.1282,16.5733,16.593,8174083.4861037,0
BBWI.US,D,20110822,000000,17.0406,17.2325,16.7387,16.8154,7796590.992455,0
BBWI.US,D,20110823,000000,16.8193,17.8759,16.6019,17.8659,7134007.234789,0
BBWI.US,D,20110824,000000,17.7362,18.0321,17.5788,17.9771,5620914.3537914,0
BBWI.US,D,20110825,000000,18.046,18.2997,17.7705,17.8729,8196311.8296554,0
BBWI.US,D,20110826,000000,17.7105,18.4433,17.4843,18.3204,8013790.555928,0
BBWI.US,D,20110829,000000,18.646,18.9776,18.4749,18.9776,4936587.156986,0
BBWI.US,D,20110830,000000,18.8251,19.3788,18.8014,19.2737,6630844.1892998,0
BBWI.US,D,20110831,000000,19.3562,19.4497,18.8251,18.9903,9489788.7576884,0
BBWI.US,D,20110901,000000,19.069,19.1143,18.5182,18.652,10254468.783515,0
BBWI.US,D,20110902,000000,18.2122,18.3794,17.9791,18.0371,5405402.2983352,0
BBWI.US,D,20110906,000000,17.5335,18.0371,17.4538,17.9869,5277281.8101572,0
BBWI.US,D,20110907,000000,18.3204,18.9411,18.1877,18.9372,6296049.7147609,0
BBWI.US,D,20110908,000000,18.7355,18.9037,18.4366,18.6204,4803406.1778996,0
BBWI.US,D,20110909,000000,18.4236,18.8506,18.2309,18.4119,7370424.0582318,0
BBWI.US,D,20110912,000000,18.0745,18.6873,18.0026,18.6814,6422257.0161391,0
BBWI.US,D,20110913,000000,18.7159,19.3385,18.6047,19.2737,9286602.6267526,0
BBWI.US,D,20110914,000000,19.3611,19.5392,18.947,19.3749,12031475.719489,0
BBWI.US,D,20110915,000000,19.5235,20.0852,19.3051,19.9731,8373793.9604676,0
BBWI.US,D,20110916,000000,20.0754,20.3862,20.0448,20.2652,7831623.0489415,0
BBWI.US,D,20110919,000000,19.9218,20.697,19.8284,20.5682,6384429.3891428,0
BBWI.US,D,20110920,000000,20.6695,21.1298,20.578,20.7462,9773213.8616816,0
BBWI.US,D,20110921,000000,20.7009,20.7973,19.9002,19.9091,7021741.1894003,0
BBWI.US,D,20110922,000000,19.2441,19.8844,19.1182,19.6975,7686940.5844923,0
BBWI.US,D,20110923,000000,19.6513,20.3862,19.5678,20.3094,8256124.8397117,0
BBWI.US,D,20110926,000000,20.6015,21.3119,20.215,21.2666,11951490.889205,0
BBWI.US,D,20110927,000000,21.5076,21.545,20.7285,20.8396,7041452.502922,0
BBWI.US,D,20110928,000000,20.9911,21.2017,20.5583,20.6085,5814230.595971,0
BBWI.US,D,20110929,000000,20.9596,20.9863,19.3858,20.0881,6946366.5090299,0
BBWI.US,D,20110930,000000,19.8029,20.0565,19.3759,19.3759,8491438.6835171,0
BBWI.US,D,20111003,000000,19.2784,19.6838,18.7965,18.8861,7755122.0077983,0
BBWI.US,D,20111004,000000,18.6568,20.0301,18.58,19.9985,8071463.6838305,0
BBWI.US,D,20111005,000000,19.9278,20.3301,19.668,20.2652,7302309.7286181,0
BBWI.US,D,20111006,000000,20.0585,20.458,19.8284,20.4216,7520079.5884751,0
BBWI.US,D,20111007,000000,20.4963,20.8593,20.2455,20.3399,5003472.4521465,0
BBWI.US,D,20111010,000000,20.7009,21.2627,20.6015,21.2539,4114152.6775702,0
BBWI.US,D,20111011,000000,21.18,21.2017,20.6015,20.877,6151459.7582813,0
BBWI.US,D,20111012,000000,21.057,21.4387,20.8132,21.2705,6982562.5394194,0
BBWI.US,D,20111013,000000,21.2469,21.4683,21.0206,21.1298,3047617.1138087,0
BBWI.US,D,20111014,000000,21.3689,21.5213,21.057,21.4623,3092489.5784896,0
BBWI.US,D,20111017,000000,21.4112,21.7554,20.997,21.0797,4051907.0128848,0
BBWI.US,D,20111018,000000,21.116,21.3876,20.5435,21.1525,5823730.4528488,0
BBWI.US,D,20111019,000000,20.9763,21.3039,20.7796,20.9863,7288356.2737754,0
BBWI.US,D,20111020,000000,21.126,21.478,20.9509,21.1043,7540686.5011311,0
BBWI.US,D,20111021,000000,21.3689,21.7299,21.2312,21.4879,6946196.7416571,0
BBWI.US,D,20111024,000000,21.5893,22.212,21.5656,22.031,6443218.712107,0
BBWI.US,D,20111025,000000,21.9886,21.9975,21.6384,21.669,5020956.4584002,0
BBWI.US,D,20111026,000000,21.9119,21.9876,21.2539,21.6541,3581602.5948821,0
BBWI.US,D,20111027,000000,22.1824,22.8681,22.0752,22.751,6710199.7620761,0
BBWI.US,D,20111028,000000,22.5268,22.7776,21.8509,22.082,6616728.083082,0
BBWI.US,D,20111031,000000,22.092,22.092,21.486,21.4919,5929590.0672002,0
BBWI.US,D,20111101,000000,20.9026,21.8932,20.8486,21.6747,7932225.9741633,0
BBWI.US,D,20111102,000000,22.1932,22.1932,21.5607,21.7457,5536231.9484801,0
BBWI.US,D,20111103,000000,20.8219,21.722,20.0399,21.612,14410317.141094,0
BBWI.US,D,20111104,000000,21.3522,21.5666,21.1987,21.4496,6571392.061982,0
BBWI.US,D,20111107,000000,21.3926,21.5893,21.1092,21.3876,5430710.8523031,0
BBWI.US,D,20111108,000000,21.5567,21.7674,21.1289,21.7161,6839180.2694001,0
BBWI.US,D,20111109,000000,21.1348,21.3581,20.6989,20.8603,7787601.4542666,0
BBWI.US,D,20111110,000000,21.0993,21.3944,20.8102,21.2882,5043631.0766623,0
BBWI.US,D,20111111,000000,21.4751,22.142,21.3079,22.1087,5922510.6660984,0
BBWI.US,D,20111114,000000,22.0348,22.2031,21.8441,21.9808,5474709.0658428,0
BBWI.US,D,20111115,000000,21.9099,22.3684,21.788,22.2424,4701675.8753339,0
BBWI.US,D,20111116,000000,21.8184,22.1362,21.5351,21.6197,6333781.7840743,0
BBWI.US,D,20111117,000000,21.7367,21.9808,20.7728,20.9292,7685939.2619642,0
BBWI.US,D,20111118,000000,20.9725,20.999,20.4855,20.5593,6329573.1797431,0
BBWI.US,D,20111121,000000,20.2366,20.4275,19.9465,20.1944,7098563.4670092,0
BBWI.US,D,20111122,000000,20.2112,20.3566,19.9818,20.2042,5328433.6344887,0
BBWI.US,D,20111123,000000,19.9514,20.1058,19.5471,19.5893,5494202.8331502,0
BBWI.US,D,20111125,000000,19.556,19.6907,19.3671,19.3818,2989616.6500138,0
BBWI.US,D,20111128,000000,19.9701,20.4088,19.9367,20.1452,7120764.3631413,0
BBWI.US,D,20111129,000000,20.1452,20.8199,20.0999,20.7345,7725124.0113716,0
BBWI.US,D,20111130,000000,21.4476,21.5547,20.9341,21.4033,11423376.106201,0
BBWI.US,D,20111201,000000,21.9286,21.9286,21.2735,21.545,9491621.6353717,0
BBWI.US,D,20111202,000000,21.7506,21.9385,21.5155,21.545,6701117.7159182,0
BBWI.US,D,20111205,000000,21.8873,21.9778,21.6493,21.788,8302505.8958969,0
BBWI.US,D,20111206,000000,21.8293,21.9286,21.5666,21.7978,6975873.5016178,0
BBWI.US,D,20111207,000000,21.728,22.4234,21.664,22.2532,18525918.432475,0
BBWI.US,D,20111208,000000,22.1844,22.1942,21.548,21.6797,7473006.2473746,0
BBWI.US,D,20111209,000000,21.8027,21.8578,21.4564,21.6276,5984767.5130658,0
BBWI.US,D,20111212,000000,21.4583,21.4997,21.1722,21.4683,4748211.4503255,0
BBWI.US,D,20111213,000000,21.538,21.603,20.7718,20.8986,7260473.7617963,0
BBWI.US,D,20111214,000000,20.7325,21.0403,20.6212,20.8219,4904537.7200906,0
BBWI.US,D,20111215,000000,20.999,20.999,20.3724,20.3881,6394459.8961319,0
BBWI.US,D,20111216,000000,20.6055,20.7098,20.2879,20.3399,6014750.260926,0
BBWI.US,D,20111219,000000,20.4678,20.579,19.9021,19.9721,4032997.7739566,0
BBWI.US,D,20111220,000000,20.3075,20.7226,20.2249,20.6548,5060074.1141153,0
BBWI.US,D,20111221,000000,20.5898,20.8929,20.3006,20.7895,6137594.7451239,0
BBWI.US,D,20111222,000000,20.8062,21.0403,20.6989,20.9616,4669575.6098839,0
BBWI.US,D,20111223,000000,21.0856,21.3256,21.0305,21.3216,2999108.3743228,0
BBWI.US,D,20111227,000000,21.3049,21.784,21.1623,21.6797,4024435.195628,0
BBWI.US,D,20111228,000000,21.664,21.7387,21.5547,21.6326,5104527.7515054,0
BBWI.US,D,20111229,000000,21.6443,21.6964,21.4063,21.5754,3210170.8980985,0
BBWI.US,D,20111230,000000,21.612,21.612,21.3748,21.3748,2020963.6672253,0
BBWI.US,D,20120103,000000,21.7761,21.9335,20.7226,20.7364,8324584.8034976,0
BBWI.US,D,20120104,000000,20.7157,21.0935,20.4914,21.0089,9604625.711375,0
BBWI.US,D,20120105,000000,21.1033,21.1033,20.7098,20.8396,15202438.487045,0
BBWI.US,D,20120106,000000,20.6312,20.8986,20.3666,20.5898,13006570.713302,0
BBWI.US,D,20120109,000000,20.5642,20.7895,20.4049,20.6488,8554486.4227961,0
BBWI.US,D,20120110,000000,20.8062,20.9183,20.52,20.7866,8977428.7935075,0
BBWI.US,D,20120111,000000,20.6596,21.1672,20.637,20.9183,5398190.742991,0
BBWI.US,D,20120112,000000,21.0935,21.603,21.0089,21.3463,8191200.5101925,0
BBWI.US,D,20120113,000000,21.1761,21.7978,21.1761,21.4496,6311396.888574,0
BBWI.US,D,20120117,000000,21.603,21.9818,21.5164,21.8214,6191003.357285,0
BBWI.US,D,20120118,000000,21.7387,22.142,21.7014,22.0417,5702241.05792,0
BBWI.US,D,20120119,000000,22.0624,22.1991,21.8341,22.0211,4437430.41818,0
BBWI.US,D,20120120,000000,22.1165,22.1362,21.728,21.8341,3852398.8361688,0
BBWI.US,D,20120123,000000,21.8341,21.9975,21.664,21.9031,3324800.471282,0
BBWI.US,D,20120124,000000,21.7712,22.1903,21.7387,22.152,3708923.0416088,0
BBWI.US,D,20120125,000000,22.0624,22.2945,21.7634,22.2424,3703056.4098228,0
BBWI.US,D,20120126,000000,22.3781,22.3781,21.7014,21.8578,4152724.4346076,0
BBWI.US,D,20120127,000000,21.7654,22.0575,21.6925,21.9601,5213972.812107,0
BBWI.US,D,20120130,000000,21.788,21.9099,21.5203,21.7161,5572386.2994548,0
BBWI.US,D,20120131,000000,21.7741,22.21,21.7299,22.1726,7090209.2857549,0
BBWI.US,D,20120201,000000,22.1784,22.5572,22.1677,22.1942,5504894.1113508,0
BBWI.US,D,20120202,000000,22.6615,23.3923,22.6398,23.0471,8809934.4736985,0
BBWI.US,D,20120203,000000,23.3609,23.5035,23.1415,23.4465,7265291.2922131,0
BBWI.US,D,20120206,000000,23.3333,23.6982,23.2075,23.5143,5418916.5944651,0
BBWI.US,D,20120207,000000,23.4238,23.8272,23.3452,23.7445,5339941.219278,0
BBWI.US,D,20120208,000000,23.7445,23.8389,23.6048,23.7495,4907850.7252874,0
BBWI.US,D,20120209,000000,23.7111,23.9266,23.6167,23.8713,5007193.1023522,0
BBWI.US,D,20120210,000000,23.6875,23.9039,23.5743,23.8163,3956252.7557509,0
BBWI.US,D,20120213,000000,24.0495,24.2019,23.8242,23.9433,4716801.4366485,0
BBWI.US,D,20120214,000000,23.9413,24.1734,23.7062,24.1537,3976114.5217946,0
BBWI.US,D,20120215,000000,24.2816,24.3396,23.9206,23.9463,3155371.61668,0
BBWI.US,D,20120216,000000,23.9206,24.4056,23.9206,24.3338,4476659.8967156,0
BBWI.US,D,20120217,000000,24.5787,24.7401,24.3456,24.6317,4827394.2060158,0
BBWI.US,D,20120221,000000,24.2216,24.4469,24.1862,24.3219,6781784.6654065,0
BBWI.US,D,20120222,000000,24.3996,24.503,24.0898,24.2216,7965768.7539964,0
BBWI.US,D,20120223,000000,23.8499,24.56,23.6747,24.507,9701794.6594398,0
BBWI.US,D,20120224,000000,24.4115,24.8059,24.3298,24.6357,5598777.5016383,0
BBWI.US,D,20120227,000000,24.5344,25.0489,24.442,24.9575,6148786.1763028,0
BBWI.US,D,20120228,000000,24.9004,25.1129,24.8295,25.0892,4789353.0990896,0
BBWI.US,D,20120229,000000,25.0843,25.1109,24.7734,24.7844,4895063.2774901,0
BBWI.US,D,20120301,000000,24.6643,24.7764,24.1685,24.7401,8754995.9220401,0
BBWI.US,D,20120302,000000,24.7814,24.8885,24.5157,24.622,5094617.1999054,0
BBWI.US,D,20120305,000000,24.6534,24.6534,24.0583,24.3396,7252397.1044508,0
BBWI.US,D,20120306,000000,24.1223,24.382,23.9953,24.084,5306533.6434004,0
BBWI.US,D,20120307,000000,24.1223,24.4686,24.1223,24.377,3221375.5447017,0
BBWI.US,D,20120308,000000,24.4853,24.7695,24.4301,24.5727,3769497.4634149,0
BBWI.US,D,20120309,000000,24.5837,25.039,24.5443,24.8935,3766093.9833907,0
BBWI.US,D,20120312,000000,24.8718,24.9575,24.6594,24.8059,4212612.670925,0
BBWI.US,D,20120313,000000,24.9958,25.2044,24.8935,25.1689,4972179.3441455,0
BBWI.US,D,20120314,000000,25.1404,25.3312,25.039,25.2407,3692190.2813938,0
BBWI.US,D,20120315,000000,25.2231,25.3274,24.8246,25.3165,3807504.0069239,0
BBWI.US,D,20120316,000000,25.4414,25.4591,24.9388,24.9958,6535196.0315923,0
BBWI.US,D,20120319,000000,24.9288,25.0695,24.7244,25.0322,2642208.5613346,0
BBWI.US,D,20120320,000000,24.9053,25.2467,24.8059,25.163,3517541.334222,0
BBWI.US,D,20120321,000000,25.2467,25.7946,25.1404,25.6392,5292596.4536954,0
BBWI.US,D,20120322,000000,25.5289,26.1477,25.4689,26.1015,6342661.5325844,0
BBWI.US,D,20120323,000000,26.0474,26.0474,25.5535,25.8585,5917686.0196841,0
BBWI.US,D,20120326,000000,26.0198,26.6081,25.9431,26.5225,6075976.3048036,0
BBWI.US,D,20120327,000000,26.5225,26.5982,26.3483,26.427,5767596.4135834,0
BBWI.US,D,20120328,000000,26.1899,26.1899,25.7159,25.8526,9705182.8908977,0
BBWI.US,D,20120329,000000,25.7051,25.8418,25.4955,25.7159,5113404.4503023,0
BBWI.US,D,20120330,000000,25.7709,25.8319,25.4375,25.5635,4630919.4774456,0
BBWI.US,D,20120402,000000,25.3528,25.9077,25.2879,25.7671,5018752.5322674,0
BBWI.US,D,20120403,000000,25.7876,26.3976,25.7876,25.9755,7850193.7696952,0
BBWI.US,D,20120404,000000,25.6559,26.2215,25.6342,25.9313,6971932.2554846,0
BBWI.US,D,20120405,000000,25.6244,25.9913,25.4305,25.7237,5287973.0883577,0
BBWI.US,D,20120409,000000,25.2721,25.5635,25.1404,25.5191,3934828.519935,0
BBWI.US,D,20120410,000000,25.5191,25.5635,24.7814,24.7814,4982936.6994671,0
BBWI.US,D,20120411,000000,25.0007,25.2664,24.9288,25.2289,5381730.4238294,0
BBWI.US,D,20120412,000000,25.2998,25.5635,25.1404,25.4631,3175259.8135723,0
BBWI.US,D,20120413,000000,25.4118,25.5635,25.2289,25.3892,3671772.4509615,0
BBWI.US,D,20120416,000000,25.5054,25.5635,25.1404,25.5191,3796535.2048145,0
BBWI.US,D,20120417,000000,25.6479,26.0651,25.6205,26.0248,4084920.1591778,0
BBWI.US,D,20120418,000000,25.9077,26.247,25.8073,26.2293,5983709.2625564,0
BBWI.US,D,20120419,000000,26.2255,26.2953,25.7946,26.1182,6527428.4118595,0
BBWI.US,D,20120420,000000,26.1899,26.3326,26.0592,26.2362,5194327.5757064,0
BBWI.US,D,20120423,000000,26.0709,26.0896,25.5388,25.7709,5425184.7718335,0
BBWI.US,D,20120424,000000,25.8418,26.0838,25.5231,25.6559,4169735.7353025,0
BBWI.US,D,20120425,000000,25.8418,26.3858,25.8073,26.3396,3179566.0087285,0
BBWI.US,D,20120426,000000,26.2953,26.9023,26.2529,26.7645,3717015.9640919,0
BBWI.US,D,20120427,000000,26.8766,27.337,26.6799,27.1412,4049227.3314799,0
BBWI.US,D,20120430,000000,27.1157,27.1412,26.4073,26.4733,4009106.3200945,0
BBWI.US,D,20120501,000000,26.2215,26.8461,26.1074,26.4507,4851839.6911244,0
BBWI.US,D,20120502,000000,26.3799,26.9287,26.3396,26.8589,3974300.9589621,0
BBWI.US,D,20120503,000000,26.8579,27.6084,26.5618,27.5377,8560611.2636403,0
BBWI.US,D,20120504,000000,27.3488,27.457,26.7242,26.7743,5626897.8912535,0
BBWI.US,D,20120507,000000,26.7025,26.969,26.6248,26.6464,3296953.5392911,0
BBWI.US,D,20120508,000000,26.4733,26.4733,25.5919,25.9706,5470364.2409851,0
BBWI.US,D,20120509,000000,25.6912,25.9962,25.3844,25.8093,4134792.1205013,0
BBWI.US,D,20120510,000000,25.9845,26.247,25.7641,25.9215,2787534.5152866,0
BBWI.US,D,20120511,000000,25.8073,26.0769,25.7473,25.7876,2375235.6439343,0
BBWI.US,D,20120514,000000,25.5831,25.9648,25.5122,25.5635,3490819.7464328,0
BBWI.US,D,20120515,000000,25.5486,26.0592,25.5122,25.5919,3342044.5667574,0
BBWI.US,D,20120516,000000,25.6726,25.828,25.3479,25.5438,5678785.7130574,0
BBWI.US,D,20120517,000000,25.1345,25.6608,24.3731,24.4253,8911940.2670307,0
BBWI.US,D,20120518,000000,24.617,24.741,23.955,24.0249,7047173.7650417,0
BBWI.US,D,20120521,000000,24.1065,24.5227,23.9679,24.4253,4902824.7977964,0
BBWI.US,D,20120522,000000,24.4163,24.5994,24.1065,24.2285,6563253.3937996,0
BBWI.US,D,20120523,000000,24.0544,24.377,23.8763,24.2984,5719580.7110783,0
BBWI.US,D,20120524,000000,24.3731,24.56,24.2098,24.4686,4974939.3346669,0
BBWI.US,D,20120525,000000,24.4056,24.8611,24.4056,24.7194,3779925.449702,0
BBWI.US,D,20120529,000000,24.9663,25.2535,24.8817,25.1807,4910034.3199984,0
BBWI.US,D,20120530,000000,24.987,25.0312,24.4056,24.4163,6388772.1808584,0
BBWI.US,D,20120531,000000,24.3879,24.442,23.4976,23.6265,18745994.892145,0
BBWI.US,D,20120601,000000,23.3333,23.5143,22.7175,22.8444,7645149.3467987,0
BBWI.US,D,20120604,000000,22.8395,22.9114,22.213,22.5188,7263513.3093687,0
BBWI.US,D,20120605,000000,22.3841,22.6832,22.2384,22.5887,5049660.3598236,0
BBWI.US,D,20120606,000000,22.7697,22.9891,22.7009,22.872,7435384.9843105,0
BBWI.US,D,20120607,000000,22.8346,23.1505,22.4274,22.4274,6069310.6481373,0
BBWI.US,D,20120608,000000,22.4313,22.932,22.3624,22.932,6049195.7558911,0
BBWI.US,D,20120611,000000,23.1445,23.1719,22.4067,22.4313,5258535.2226041,0
BBWI.US,D,20120612,000000,22.4598,22.9428,22.4274,22.8926,5990170.588433,0
BBWI.US,D,20120613,000000,22.8238,22.9114,22.3664,22.4755,5788827.5008914,0
BBWI.US,D,20120614,000000,22.568,22.7638,22.3732,22.6575,4599797.1533885,0
BBWI.US,D,20120615,000000,22.7864,22.9054,22.6093,22.8504,5180880.3732688,0
BBWI.US,D,20120618,000000,22.7097,23.0098,22.5838,22.9428,2919573.8850337,0
BBWI.US,D,20120619,000000,23.0422,23.3923,23.0422,23.3009,4007801.0428092,0
BBWI.US,D,20120620,000000,23.3559,23.3658,22.9251,23.3383,4309770.4367078,0
BBWI.US,D,20120621,000000,23.3383,23.3383,22.4067,22.4224,4769980.3037424,0
BBWI.US,D,20120622,000000,22.5887,22.5945,21.8441,22.3527,8713684.5059031,0
BBWI.US,D,20120625,000000,22.144,22.209,21.8312,21.9591,5881514.3870006,0
BBWI.US,D,20120626,000000,22.0211,22.2336,21.7181,21.966,4717274.1422075,0
BBWI.US,D,20120627,000000,22.0703,22.1854,21.7654,21.8745,3708988.1021589,0
BBWI.US,D,20120628,000000,21.6394,22.1755,21.603,22.0516,4886557.6271427,0
BBWI.US,D,20120629,000000,22.4538,22.8346,22.4371,22.7864,4992630.721424,0
BBWI.US,D,20120702,000000,22.8868,23.5753,22.7481,23.5468,7833260.7449746,0
BBWI.US,D,20120703,000000,23.4828,23.7602,23.3708,23.6492,4725846.8862471,0
BBWI.US,D,20120705,000000,23.7829,25.4188,23.7465,24.7094,10492258.994505,0
BBWI.US,D,20120706,000000,24.7479,24.8266,24.2442,24.5502,4829375.503079,0
BBWI.US,D,20120709,000000,24.4636,24.6437,24.3505,24.4744,3641023.208496,0
BBWI.US,D,20120710,000000,24.377,24.7134,24.198,24.3298,5607910.376351,0
BBWI.US,D,20120711,000000,24.3623,24.4115,23.9393,24.1095,3219683.9704006,0
BBWI.US,D,20120712,000000,24.0456,24.3446,23.7179,24.1941,4695743.1664266,0
BBWI.US,D,20120713,000000,24.2275,24.7567,24.2059,24.6701,2676330.7866916,0
BBWI.US,D,20120716,000000,24.6013,24.7479,24.4163,24.5453,2087463.6819409,0
BBWI.US,D,20120717,000000,24.8768,25.0617,24.6013,24.9092,3450685.5196231,0
BBWI.US,D,20120718,000000,24.7844,25.1807,24.6928,25.0676,3736640.8690706,0
BBWI.US,D,20120719,000000,25.1522,25.3411,24.9613,25.2574,2935979.3093563,0
BBWI.US,D,20120720,000000,24.9988,25.0676,24.7567,24.8138,3198883.9092367,0
BBWI.US,D,20120723,000000,24.4115,24.5403,24.2689,24.4793,3670282.157737,0
BBWI.US,D,20120724,000000,24.498,24.507,23.6806,23.955,5983604.5557337,0
BBWI.US,D,20120725,000000,24.1144,24.6701,24.078,24.4744,4061311.3120798,0
BBWI.US,D,20120726,000000,24.8611,24.9505,24.3672,24.6663,2576546.2012007,0
BBWI.US,D,20120727,000000,24.9014,25.3932,24.7901,25.2467,2491127.7984169,0
BBWI.US,D,20120730,000000,25.2574,25.7198,25.2467,25.6854,4095575.85739,0
BBWI.US,D,20120731,000000,25.7139,26.2215,25.4267,25.4768,6583529.9208499,0
BBWI.US,D,20120801,000000,25.5595,25.6745,25.0794,25.0843,3543839.0118649,0
BBWI.US,D,20120802,000000,24.8197,25.6037,24.8098,25.5644,7462968.6243879,0
BBWI.US,D,20120803,000000,26.0926,26.498,26.0119,26.3277,8401629.7101763,0
BBWI.US,D,20120806,000000,26.4683,26.5914,26.3483,26.498,3629562.3859769,0
BBWI.US,D,20120807,000000,26.673,27.1914,26.673,27.0507,7685483.838114,0
BBWI.US,D,20120808,000000,26.8836,27.0036,26.5461,26.5835,4688715.6104505,0
BBWI.US,D,20120809,000000,26.5835,26.794,26.2796,26.5461,6051184.1689517,0
BBWI.US,D,20120810,000000,26.4398,26.5717,26.0335,26.4083,4497409.1293248,0
BBWI.US,D,20120813,000000,26.3651,26.5245,26.0965,26.495,3636957.9406892,0
BBWI.US,D,20120814,000000,26.673,26.9819,26.1664,26.2058,11593277.666362,0
BBWI.US,D,20120815,000000,26.3867,26.5127,26.2009,26.247,4473824.679933,0
BBWI.US,D,20120816,000000,25.8251,26.4398,25.3568,26.1762,19809808.078515,0
BBWI.US,D,20120817,000000,26.1762,26.5442,26.1252,26.5245,3903171.4794821,0
BBWI.US,D,20120820,000000,26.552,26.8836,26.3867,26.8746,6930604.5742101,0
BBWI.US,D,20120821,000000,26.9013,27.029,26.308,26.4025,4017422.8882183,0
BBWI.US,D,20120822,000000,26.3976,26.7182,26.3621,26.3976,2437500.6234704,0
BBWI.US,D,20120823,000000,26.3926,26.4193,26.1742,26.247,8045856.2579607,0
BBWI.US,D,20120824,000000,26.2255,26.914,26.2255,26.8303,13036509.748606,0
BBWI.US,D,20120827,000000,26.8403,26.8403,26.2205,26.2873,3591091.2694779,0
BBWI.US,D,20120828,000000,26.614,27.1107,26.1506,26.1742,4924929.1196745,0
BBWI.US,D,20120829,000000,26.1999,26.4398,26.1389,26.247,2610718.2385413,0
BBWI.US,D,20120830,000000,26.3858,26.5323,26.1035,26.3199,2917797.9353317,0
BBWI.US,D,20120831,000000,26.4448,26.7487,26.3129,26.7045,4348651.2313579,0
BBWI.US,D,20120904,000000,26.6445,26.7546,26.3473,26.6277,3175508.8734905,0
BBWI.US,D,20120905,000000,26.6032,26.7694,26.486,26.555,2899123.5243264,0
BBWI.US,D,20120906,000000,26.6996,26.852,26.5884,26.8186,3189297.6438159,0
BBWI.US,D,20120907,000000,26.8186,26.8246,26.5697,26.6543,2383117.1196297,0
BBWI.US,D,20120910,000000,26.6652,27.1374,26.6652,26.8363,2746421.330513,0
BBWI.US,D,20120911,000000,26.7989,26.8303,26.549,26.6081,2719253.4680134,0
BBWI.US,D,20120912,000000,26.7429,26.8363,26.6484,26.7753,2555528.5938226,0
BBWI.US,D,20120913,000000,26.9013,27.4068,26.791,27.3626,3901658.8216935,0
BBWI.US,D,20120914,000000,27.3626,27.7424,27.2809,27.6439,3480206.7442066,0
BBWI.US,D,20120917,000000,27.5564,27.6478,27.4068,27.5997,2674977.7305648,0
BBWI.US,D,20120918,000000,27.516,27.5455,27.0773,27.2406,3974788.9130874,0
BBWI.US,D,20120919,000000,27.2061,27.5564,27.1442,27.4737,3747037.3416538,0
BBWI.US,D,20120920,000000,27.5711,28.4732,27.4885,28.4348,7182399.068599,0
BBWI.US,D,20120921,000000,28.5382,28.6817,28.4221,28.4289,5786883.8169587,0
BBWI.US,D,20120924,000000,28.2311,28.3198,27.4806,27.5387,4071624.4258332,0
BBWI.US,D,20120925,000000,27.6537,27.9498,27.0439,27.099,6763987.5552556,0
BBWI.US,D,20120926,000000,27.0587,27.2258,26.8973,27.0724,2849067.5636347,0
BBWI.US,D,20120927,000000,27.1609,27.402,26.972,27.2751,2333588.759336,0
BBWI.US,D,20120928,000000,27.159,27.1687,26.8353,27.0674,5431544.4406007,0
BBWI.US,D,20121001,000000,27.2701,27.4885,27.0773,27.2258,2470502.5874813,0
BBWI.US,D,20121002,000000,27.3183,27.3183,26.9229,27.1442,7308637.8836812,0
BBWI.US,D,20121003,000000,27.2751,27.6439,27.156,27.6045,4132899.2651234,0
BBWI.US,D,20121004,000000,27.5711,28.0442,27.4443,27.5997,5080371.9891586,0
BBWI.US,D,20121005,000000,27.8308,28.0512,27.6754,27.7807,2631327.1843394,0
BBWI.US,D,20121008,000000,27.6597,27.8858,27.4954,27.6597,1484320.8693108,0
BBWI.US,D,20121009,000000,27.5897,27.7078,26.907,26.979,3638609.8687177,0
BBWI.US,D,20121010,000000,27.0064,27.1058,26.6996,26.7546,2167582.6996093,0
BBWI.US,D,20121011,000000,27.0213,27.1254,26.6484,26.7242,2695157.6833611,0
BBWI.US,D,20121012,000000,26.7153,26.8697,26.3799,26.5147,4287473.9828928,0
BBWI.US,D,20121015,000000,26.5992,26.6936,26.2293,26.5648,4050156.4774602,0
BBWI.US,D,20121016,000000,26.7546,27.3901,26.7153,27.2632,4008644.7968176,0
BBWI.US,D,20121017,000000,27.4305,27.4737,26.5992,26.7871,4992718.1465381,0
BBWI.US,D,20121018,000000,26.791,27.0664,26.7301,26.9287,3606184.3005175,0
BBWI.US,D,20121019,000000,26.8973,26.9287,26.555,26.7045,3841108.7975937,0
BBWI.US,D,20121022,000000,26.6484,26.7822,26.1212,26.4025,2325839.4378829,0
BBWI.US,D,20121023,000000,26.0709,26.369,25.9018,26.2599,2641570.1546872,0
BBWI.US,D,20121024,000000,26.3749,26.49,26.0602,26.2096,2327666.2161396,0
BBWI.US,D,20121025,000000,26.4193,26.6445,26.2205,26.5225,3136801.9124975,0
BBWI.US,D,20121026,000000,26.5097,26.614,25.9952,26.1526,3050731.8876421,0
BBWI.US,D,20121031,000000,26.2372,26.5038,25.8261,26.3129,4511997.9411015,0
BBWI.US,D,20121101,000000,25.5398,26.2205,25.4011,26.1389,6878962.7626111,0
BBWI.US,D,20121102,000000,26.5697,26.6877,26.3199,26.3976,5217077.4202295,0
BBWI.US,D,20121105,000000,26.3416,26.5943,26.0661,26.555,2003615.8814981,0
BBWI.US,D,20121106,000000,26.5697,26.7242,26.3799,26.5943,3636600.1076641,0
BBWI.US,D,20121107,000000,26.4073,26.791,26.0119,26.0178,3957270.3434164,0
BBWI.US,D,20121108,000000,26.0287,26.0345,25.4895,25.5231,4716060.3563207,0
BBWI.US,D,20121109,000000,25.4935,25.8261,25.4011,25.5398,2523326.6712631,0
BBWI.US,D,20121112,000000,25.584,25.6883,25.3705,25.5122,2058387.715497,0
BBWI.US,D,20121113,000000,25.4208,26.2746,25.3942,25.9952,3971656.8575453,0
BBWI.US,D,20121114,000000,26.0474,26.486,25.5289,25.6047,4291854.3877389,0
BBWI.US,D,20121115,000000,25.1748,25.4208,24.687,25.0007,6047675.9821048,0
BBWI.US,D,20121116,000000,25.0912,25.4895,24.926,25.3854,5726508.6430871,0
BBWI.US,D,20121119,000000,25.6834,26.549,25.6716,26.5442,4364299.310215,0
BBWI.US,D,20121120,000000,26.549,26.8186,26.128,26.5609,4585489.931805,0
BBWI.US,D,20121121,000000,26.673,26.8146,26.3966,26.6032,2321639.9826917,0
BBWI.US,D,20121123,000000,26.7497,27.0094,26.6445,26.919,1368870.9232542,0
BBWI.US,D,20121126,000000,26.968,27.339,26.915,27.3006,4815263.4631456,0
BBWI.US,D,20121127,000000,27.2337,27.4108,27.0507,27.1235,3596567.5379638,0
BBWI.US,D,20121128,000000,27.2386,28.058,27.1806,28.0532,5540827.8663981,0
BBWI.US,D,20121129,000000,28.1397,28.5332,28.0915,28.4879,6143048.6490457,0
BBWI.US,D,20121130,000000,28.3975,28.9158,28.2921,28.8036,6412106.5537608,0
BBWI.US,D,20121203,000000,28.9847,28.9955,28.4122,28.4722,5188553.4518898,0
BBWI.US,D,20121204,000000,28.4595,28.6109,28.2066,28.3345,4128511.7442796,0
BBWI.US,D,20121205,000000,28.4279,28.6109,28.1181,28.2951,4233410.6989467,0
BBWI.US,D,20121206,000000,28.2007,28.5332,28.1239,28.3295,2968296.1044495,0
BBWI.US,D,20121207,000000,28.4171,28.5262,28.0915,28.2686,3001826.6854294,0
BBWI.US,D,20121210,000000,28.2508,28.3808,27.7807,27.9793,3338363.5628242,0
BBWI.US,D,20121211,000000,28.5175,28.5262,27.7807,27.9715,5714235.5802637,0
BBWI.US,D,20121212,000000,28.0305,28.1024,27.5564,27.7088,10902467.795688,0
BBWI.US,D,20121213,000000,27.7434,28.0305,27.5711,27.7294,3873281.2395915,0
BBWI.US,D,20121214,000000,27.698,27.9655,27.6262,27.8475,4417062.3997312,0
BBWI.US,D,20121217,000000,27.9203,28.4122,27.8908,28.4122,6284308.3186197,0
BBWI.US,D,20121218,000000,26.7123,27.0045,26.4063,26.7016,5721838.5154792,0
BBWI.US,D,20121219,000000,26.5815,26.9474,26.555,26.6395,4139136.945359,0
BBWI.US,D,20121220,000000,26.7123,26.8855,26.5274,26.8816,3769717.0427714,0
BBWI.US,D,20121221,000000,26.609,26.7163,25.9303,26.0916,6007294.7285192,0
BBWI.US,D,20121224,000000,26.1112,26.435,26.0818,26.1625,1031534.0044079,0
BBWI.US,D,20121226,000000,26.2176,26.495,25.3135,25.3204,3613964.1191034,0
BBWI.US,D,20121227,000000,25.3254,25.6726,24.9978,25.6322,4841380.1911334,0
BBWI.US,D,20121228,000000,25.5348,25.5348,25.1581,25.3518,4058769.8843436,0
BBWI.US,D,20121231,000000,25.2486,26.0455,25.2358,25.9913,5215984.6063029,0
BBWI.US,D,20130102,000000,26.3966,26.4998,25.7798,26.1792,8612285.6055142,0
BBWI.US,D,20130103,000000,24.7214,25.0528,24.3013,24.6938,16766987.14713,0
BBWI.US,D,20130104,000000,24.7764,24.9702,24.5827,24.7882,5953869.8512205,0
BBWI.US,D,20130107,000000,24.743,24.8256,24.3741,24.6663,5423751.4065904,0
BBWI.US,D,20130108,000000,24.6043,24.6987,24.2482,24.3396,9605279.3665888,0
BBWI.US,D,20130109,000000,24.4459,24.5463,24.2679,24.3682,5358458.0617638,0
BBWI.US,D,20130110,000000,24.5463,24.5463,24.1459,24.4686,9662033.5142217,0
BBWI.US,D,20130111,000000,24.4528,24.6317,24.319,24.5128,4290782.9218053,0
BBWI.US,D,20130114,000000,24.7548,25.3932,24.7498,25.1305,8447124.316367,0
BBWI.US,D,20130115,000000,25.6834,26.1792,25.2841,25.646,11843273.846485,0
BBWI.US,D,20130116,000000,25.5595,25.9755,25.4071,25.7444,7307782.9473907,0
BBWI.US,D,20130117,000000,25.8113,26.1919,25.6598,25.9264,5413560.2813683,0
BBWI.US,D,20130118,000000,25.9048,25.9588,25.6224,25.9096,4408556.7493838,0
BBWI.US,D,20130122,000000,25.9145,26.1723,25.8064,26.1074,3960041.51622,0
BBWI.US,D,20130123,000000,26.0316,26.0955,25.7867,25.9145,5711937.113019,0
BBWI.US,D,20130124,000000,25.9755,26.6445,25.9755,26.3416,6111607.1216648,0
BBWI.US,D,20130125,000000,26.4231,26.7704,26.2953,26.6652,4794049.6575461,0
BBWI.US,D,20130128,000000,26.614,26.614,26.3749,26.4851,4054248.1761154,0
BBWI.US,D,20130129,000000,26.4063,26.7163,26.2639,26.6652,3491178.5960291,0
BBWI.US,D,20130130,000000,26.5697,26.6769,26.428,26.5609,5330465.7601065,0
BBWI.US,D,20130131,000000,26.428,26.8766,26.3848,26.5215,11738092.285054,0
BBWI.US,D,20130201,000000,26.7311,26.7311,26.0405,26.0955,10640442.529804,0
BBWI.US,D,20130204,000000,25.9815,26.3463,25.7366,26.1919,6712216.6391276,0
BBWI.US,D,20130205,000000,26.3179,26.7055,26.3012,26.5087,8082101.083763,0
BBWI.US,D,20130206,000000,26.4576,26.6337,26.008,26.0916,9632169.7051796,0
BBWI.US,D,20130207,000000,25.8113,25.9638,25.2289,25.2289,10727808.682805,0
BBWI.US,D,20130208,000000,25.4828,25.4828,25.162,25.3037,9123408.4026731,0
BBWI.US,D,20130211,000000,25.162,25.4276,24.9928,24.9978,5496649.7197747,0
BBWI.US,D,20130212,000000,25.0095,25.0765,24.6938,24.7657,9447206.6276833,0
BBWI.US,D,20130213,000000,24.8011,24.9102,24.6367,24.6987,6195299.3867303,0
BBWI.US,D,20130214,000000,24.6317,24.6761,24.1901,24.3298,11443269.38595,0
BBWI.US,D,20130215,000000,24.3141,24.6761,24.1085,24.3338,6655663.7725712,0
BBWI.US,D,20130219,000000,24.3013,24.6987,24.1901,24.6544,6621467.3375244,0
BBWI.US,D,20130220,000000,24.6317,24.925,24.4676,24.4725,7429729.7993121,0
BBWI.US,D,20130221,000000,24.3426,24.382,24.0603,24.1941,5409024.3411448,0
BBWI.US,D,20130222,000000,24.26,24.2777,23.6265,24.1774,6756066.4332875,0
BBWI.US,D,20130225,000000,24.2551,24.3967,23.7829,23.8252,4624852.5811539,0
BBWI.US,D,20130226,000000,23.9089,24.3259,23.8606,24.26,8038583.7083509,0
BBWI.US,D,20130227,000000,24.3879,24.8571,24.198,24.744,7603801.3341022,0
BBWI.US,D,20130228,000000,25.2664,25.89,25.1492,25.3135,12822773.642852,0
BBWI.US,D,20130301,000000,25.1286,25.2221,24.9446,25.0342,5642571.3843879,0
BBWI.US,D,20130304,000000,25.0597,25.3244,24.8325,25.0273,5367412.0199639,0
BBWI.US,D,20130305,000000,25.2122,25.2948,25.0873,25.1601,4896390.9193396,0
BBWI.US,D,20130306,000000,25.227,25.3451,24.9063,25.0489,4255290.358613,0
BBWI.US,D,20130307,000000,24.9732,25.2574,24.8846,24.9495,3515012.105339,0
BBWI.US,D,20130308,000000,25.0784,25.1896,24.9348,25.1837,3686246.3902046,0
BBWI.US,D,20130311,000000,25.1601,25.2771,24.9732,25.106,3174629.5394937,0
BBWI.US,D,20130312,000000,25.106,25.2122,24.8501,24.8788,2864814.2498881,0
BBWI.US,D,20130313,000000,24.8788,25.0175,24.7282,24.7774,3940431.8598076,0
BBWI.US,D,20130314,000000,24.7901,25.0175,24.7901,24.9545,3079379.8776553,0
BBWI.US,D,20130315,000000,24.9781,25.3244,24.8679,25.1404,6045400.8959954,0
BBWI.US,D,20130318,000000,24.8621,25.1286,24.744,24.8325,3620092.0096609,0
BBWI.US,D,20130319,000000,24.8325,24.9545,23.9777,24.2197,5862873.5228414,0
BBWI.US,D,20130320,000000,24.3259,24.5236,24.2708,24.3672,3457891.992112,0
BBWI.US,D,20130321,000000,24.2944,24.3672,23.8133,23.9166,6758792.8769628,0
BBWI.US,D,20130322,000000,24.078,24.507,24.0063,24.503,4985020.6702108,0
BBWI.US,D,20130325,000000,24.5876,24.9181,24.5167,24.8788,5895078.4951141,0
BBWI.US,D,20130326,000000,24.9004,24.9663,24.382,24.5502,3657511.9916483,0
BBWI.US,D,20130327,000000,24.4173,24.5817,24.0013,24.5354,3483297.1203338,0
BBWI.US,D,20130328,000000,24.5286,24.8325,24.377,24.8325,4120343.5955356,0
BBWI.US,D,20130401,000000,24.7774,25.0597,24.7558,24.8374,4641520.2808188,0
BBWI.US,D,20130402,000000,24.9063,25.5899,24.8374,25.5802,4506513.5400468,0
BBWI.US,D,20130403,000000,25.5496,25.7532,25.0223,25.0873,4534344.2069,0
BBWI.US,D,20130404,000000,25.0873,25.4828,25.0273,25.4611,2751825.4224512,0
BBWI.US,D,20130405,000000,25.1492,25.7532,25.1177,25.6912,3550196.6474896,0
BBWI.US,D,20130408,000000,25.6392,26.0798,25.4995,26.0739,4109113.5346549,0
BBWI.US,D,20130409,000000,26.1162,26.3612,25.9077,26.3553,6018016.5038526,0
BBWI.US,D,20130410,000000,26.4763,26.7861,26.368,26.7861,6866292.2204896,0
BBWI.US,D,20130411,000000,27.1687,28.4968,27.1137,27.9439,13772301.87364,0
BBWI.US,D,20130412,000000,27.6459,28.2096,27.4029,28.0413,9173114.6629083,0
BBWI.US,D,20130415,000000,27.7638,27.8701,27.1845,27.2199,4245653.2646374,0
BBWI.US,D,20130416,000000,27.3636,27.457,27.1914,27.4413,3603289.1060404,0
BBWI.US,D,20130417,000000,27.3026,27.3409,26.8126,26.9877,4512668.8780238,0
BBWI.US,D,20130418,000000,27.096,27.3251,26.5677,26.6229,3941334.5749396,0
BBWI.US,D,20130419,000000,26.7526,26.9356,26.5707,26.9239,3001278.7536095,0
BBWI.US,D,20130422,000000,26.9623,27.0616,26.5914,26.8293,2153301.9088743,0
BBWI.US,D,20130423,000000,26.914,27.3341,26.6022,26.852,2820470.4021762,0
BBWI.US,D,20130424,000000,26.9573,27.1235,26.907,27.1019,2121849.1992114,0
BBWI.US,D,20130425,000000,27.2032,28.2715,27.1531,27.9655,5871157.5606901,0
BBWI.US,D,20130426,000000,27.9302,28.1652,27.6684,28.0757,4423019.5063448,0
BBWI.US,D,20130429,000000,28.0925,28.1515,27.7078,27.7688,4313499.2194823,0
BBWI.US,D,20130430,000000,27.8584,28.0315,27.575,28.0315,3884388.2953695,0
BBWI.US,D,20130501,000000,28.0049,28.0757,27.7481,27.883,2840558.863574,0
BBWI.US,D,20130502,000000,27.8584,28.0757,27.6891,27.998,3026321.9825218,0
BBWI.US,D,20130503,000000,28.2096,28.5105,28.1652,28.4535,2584906.4818816,0
BBWI.US,D,20130506,000000,28.4427,28.4485,28.0542,28.3472,3145762.9866952,0
BBWI.US,D,20130507,000000,28.4918,29.2876,28.2253,29.264,5736853.2705445,0
BBWI.US,D,20130508,000000,29.1599,29.6546,28.782,29.5867,9950294.4469115,0
BBWI.US,D,20130509,000000,29.0142,29.3496,28.8243,28.9591,10602571.19025,0
BBWI.US,D,20130510,000000,28.6316,28.7604,28.2597,28.7132,6604807.7704283,0
BBWI.US,D,20130513,000000,28.6365,28.6365,28.1899,28.2774,4123079.1883508,0
BBWI.US,D,20130514,000000,28.2715,28.3088,28.0964,28.1899,4029108.3729492,0
BBWI.US,D,20130515,000000,28.2253,28.3875,28.1132,28.2814,3570509.7710993,0
BBWI.US,D,20130516,000000,28.2715,28.3875,27.9715,28.0757,3458749.9781157,0
BBWI.US,D,20130517,000000,27.703,28.0197,27.4029,27.9655,7025996.5560018,0
BBWI.US,D,20130520,000000,27.9715,28.844,27.8642,28.8086,8297945.5579671,0
BBWI.US,D,20130521,000000,28.8243,28.9857,28.6542,28.8903,4462060.9192278,0
BBWI.US,D,20130522,000000,28.9798,29.0939,28.4762,28.6197,5075080.7366119,0
BBWI.US,D,20130523,000000,28.4181,28.965,28.3138,28.4624,4417938.6840146,0
BBWI.US,D,20130524,000000,28.0925,28.2479,27.5937,27.6842,5428987.7642979,0
BBWI.US,D,20130528,000000,28.0925,28.0925,27.6587,27.7137,4500625.5602676,0
BBWI.US,D,20130529,000000,27.3341,27.4078,27.1137,27.1845,5858040.7438583,0
BBWI.US,D,20130530,000000,27.2691,27.7531,27.2248,27.5937,4857124.8442446,0
BBWI.US,D,20130531,000000,27.5347,27.9184,27.4058,27.8111,6270977.0052868,0
BBWI.US,D,20130603,000000,27.8211,28.2144,27.6203,28.2096,6831981.9294802,0
BBWI.US,D,20130604,000000,28.1741,29.1824,28.0757,28.8833,10721679.775675,0
BBWI.US,D,20130605,000000,28.7368,29.025,28.6129,28.8942,7070597.5962005,0
BBWI.US,D,20130606,000000,28.7919,28.7919,27.883,28.3345,7141854.1470672,0
BBWI.US,D,20130607,000000,28.4791,28.6582,28.2617,28.4555,4829312.475671,0
BBWI.US,D,20130610,000000,28.5175,28.6463,28.2115,28.3443,3209112.6475892,0
BBWI.US,D,20130611,000000,28.1259,28.1476,27.8407,28.0049,2482741.0868876,0
BBWI.US,D,20130612,000000,28.2224,28.4279,27.8908,27.9725,3185594.2753187,0
BBWI.US,D,20130613,000000,28.1032,28.5745,28.063,28.5175,3300562.3666766,0
BBWI.US,D,20130614,000000,28.3808,28.8991,28.3758,28.4072,7512149.3173673,0
BBWI.US,D,20130617,000000,28.5135,28.6739,28.3285,28.5215,3869999.7480984,0
BBWI.US,D,20130618,000000,28.5135,29.3113,28.5008,29.2612,3531100.3594801,0
BBWI.US,D,20130619,000000,29.2612,29.7214,28.9424,28.9808,5371458.989491,0
BBWI.US,D,20130620,000000,28.6197,28.8765,28.1918,28.6246,7958525.6849483,0
BBWI.US,D,20130621,000000,28.8833,29.0722,28.6246,28.8076,8696915.1491288,0
BBWI.US,D,20130624,000000,28.5175,28.5391,27.522,27.5682,4619720.930269,0
BBWI.US,D,20130625,000000,27.8465,28.0423,27.6194,27.8141,2768817.4082953,0
BBWI.US,D,20130626,000000,28.063,28.1918,27.6291,27.8141,3265452.0342158,0
BBWI.US,D,20130627,000000,27.9035,28.0108,27.4885,27.5111,5902556.3920851,0
BBWI.US,D,20130628,000000,27.522,27.8908,27.4443,27.5455,6364327.7123207,0
BBWI.US,D,20130701,000000,27.7797,28.0108,27.7128,27.7344,4785605.0014644,0
BBWI.US,D,20130702,000000,27.7344,28.063,27.6665,27.8465,2660078.8646043,0
BBWI.US,D,20130703,000000,27.6833,27.6833,27.2751,27.516,2094577.64646,0
BBWI.US,D,20130705,000000,27.7344,27.9371,27.4353,27.7797,3927139.1761764,0
BBWI.US,D,20130708,000000,27.883,28.2991,27.8308,28.1712,4129017.9966848,0
BBWI.US,D,20130709,000000,28.2883,28.5548,28.0148,28.2824,3925398.8064626,0
BBWI.US,D,20130710,000000,28.2558,28.4122,28.0108,28.3059,4678468.5738183,0
BBWI.US,D,20130711,000000,28.6582,29.3023,28.5509,29.265,6508025.1193794,0
BBWI.US,D,20130712,000000,29.265,29.265,28.843,28.9808,2921318.3210319,0
BBWI.US,D,20130715,000000,28.9158,29.4185,28.8833,29.1215,2626458.8253681,0
BBWI.US,D,20130716,000000,29.205,29.3693,28.848,28.9758,2511741.8270705,0
BBWI.US,D,20130717,000000,29.0555,29.3113,28.91,29.0427,1948838.9646438,0
BBWI.US,D,20130718,000000,29.1047,29.4736,29.0988,29.4027,2376349.8058538,0
BBWI.US,D,20130719,000000,29.3693,29.4844,29.1509,29.3566,2372610.8573682,0
BBWI.US,D,20130722,000000,29.3113,29.63,29.3023,29.5917,1635137.3237439,0
BBWI.US,D,20130723,000000,29.6064,29.8946,29.506,29.7372,2990578.3262692,0
BBWI.US,D,20130724,000000,29.7706,29.8455,29.3566,29.4392,2226210.3877695,0
BBWI.US,D,20130725,000000,29.3693,29.7883,29.3516,29.7825,1941993.3748936,0
BBWI.US,D,20130726,000000,29.6929,30.0707,29.5405,30.0234,2656752.6439832,0
BBWI.US,D,20130729,000000,30.0117,31.2059,29.9821,30.9925,7505401.3184422,0
BBWI.US,D,20130730,000000,31.1242,31.1242,30.6226,30.9383,3769515.7616947,0
BBWI.US,D,20130731,000000,30.8941,31.3248,30.8281,31.1911,3487227.184185,0
BBWI.US,D,20130801,000000,31.382,32.225,31.2698,32.1876,3527330.9138618,0
BBWI.US,D,20130802,000000,32.1021,32.824,32.0244,32.6618,6124332.5586254,0
BBWI.US,D,20130805,000000,32.6067,32.7454,32.0981,32.1423,4308104.276684,0
BBWI.US,D,20130806,000000,32.0135,32.0362,31.3495,31.859,7096729.5727549,0
BBWI.US,D,20130807,000000,31.4272,32.0706,31.4272,32.0469,5096298.6084957,0
BBWI.US,D,20130808,000000,33.6534,34.0055,33.3258,33.6966,7777053.5125903,0
BBWI.US,D,20130809,000000,33.5953,34.3055,33.5559,34.2671,4344553.4332761,0
BBWI.US,D,20130812,000000,34.0773,34.2671,33.9199,34.2248,2712452.6073913,0
BBWI.US,D,20130813,000000,34.279,34.3183,33.8865,34.3183,3114072.3993963,0
BBWI.US,D,20130814,000000,34.3055,34.3055,33.9582,33.9927,3888819.5287704,0
BBWI.US,D,20130815,000000,33.7478,33.8108,33.428,33.5953,3453309.289618,0
BBWI.US,D,20130816,000000,33.5451,33.5953,33.0366,33.0424,3730876.910965,0
BBWI.US,D,20130819,000000,32.9982,33.3681,32.9077,33.0198,2570940.8281858,0
BBWI.US,D,20130820,000000,33.133,34.1009,33.133,33.9258,3213241.9593749,0
BBWI.US,D,20130821,000000,33.9258,34.0163,33.3297,33.6376,3406786.9300508,0
BBWI.US,D,20130822,000000,33.7084,33.7084,32.043,32.9382,6481496.6800982,0
BBWI.US,D,20130823,000000,32.9804,33.4585,32.8418,33.2815,3128884.8568138,0
BBWI.US,D,20130826,000000,33.2775,33.4369,32.8644,32.8644,2407894.0069152,0
BBWI.US,D,20130827,000000,32.473,32.5171,31.8905,31.9879,4289344.4737066,0
BBWI.US,D,20130828,000000,31.9879,32.3637,31.74,32.1493,2242485.6909919,0
BBWI.US,D,20130829,000000,32.1345,32.5103,32.0656,32.2959,2424120.514725,0
BBWI.US,D,20130830,000000,32.3637,32.4473,32.0824,32.2397,2224730.2602559,0
BBWI.US,D,20130903,000000,32.5831,32.7119,32.1236,32.2771,2672747.3735836,0
BBWI.US,D,20130904,000000,32.346,32.8644,32.346,32.6765,3706382.6304438,0
BBWI.US,D,20130905,000000,32.6057,32.8182,31.9299,31.981,7554862.5850435,0
BBWI.US,D,20130906,000000,32.0892,32.1236,31.6209,31.7283,3757744.8849918,0
BBWI.US,D,20130909,000000,31.8138,32.4935,31.7843,32.4533,2154058.2377684,0
BBWI.US,D,20130910,000000,32.5417,32.7454,32.3333,32.7405,2170712.7220092,0
BBWI.US,D,20130911,000000,32.7788,33.1161,32.6342,32.9933,2632098.7618002,0
BBWI.US,D,20130912,000000,32.9037,32.9037,32.2023,32.346,2401965.3642922,0
BBWI.US,D,20130913,000000,32.473,32.9707,32.346,32.9214,2271752.7728017,0
BBWI.US,D,20130916,000000,33.4035,33.4477,33.0257,33.1348,1970992.0819344,0
BBWI.US,D,20130917,000000,33.2401,33.7134,33.1161,33.7025,2370216.8324408,0
BBWI.US,D,20130918,000000,33.6209,34.3577,33.4192,34.2967,2835894.8353926,0
BBWI.US,D,20130919,000000,34.3527,34.3635,33.8569,33.9485,2001434.3199294,0
BBWI.US,D,20130920,000000,34.0282,34.0282,33.5156,33.7202,3322450.1589115,0
BBWI.US,D,20130923,000000,33.7134,33.7979,33.5107,33.5264,1639665.1313988,0
BBWI.US,D,20130924,000000,33.5107,33.6691,33.2362,33.6691,2167972.0463385,0
BBWI.US,D,20130925,000000,33.5894,33.7084,33.1948,33.4192,3207331.6150316,0
BBWI.US,D,20130926,000000,33.5107,34.0714,33.4762,33.9131,1832353.1326419,0
BBWI.US,D,20130927,000000,33.8147,34.4325,33.5834,34.3478,3320807.3800228,0
BBWI.US,D,20130930,000000,34.0685,34.6576,33.8471,34.3419,5033084.1515572,0
BBWI.US,D,20131001,000000,34.3085,34.7747,34.2199,34.7698,3250007.2695775,0
BBWI.US,D,20131002,000000,34.5919,34.8426,34.3419,34.639,4545385.1855571,0
BBWI.US,D,20131003,000000,34.5731,34.7059,34.3193,34.639,2690532.2848813,0
BBWI.US,D,20131004,000000,34.6793,34.9253,34.5062,34.8937,3126901.5266085,0
BBWI.US,D,20131007,000000,34.3695,34.5956,33.9878,34.0163,3943542.5673567,0
BBWI.US,D,20131008,000000,33.7832,34.1107,32.8182,32.9323,5532173.7966709,0
BBWI.US,D,20131009,000000,33.0384,33.4152,32.7975,33.1624,3551817.0618143,0
BBWI.US,D,20131010,000000,32.824,32.9597,31.5599,31.8138,11576473.746171,0
BBWI.US,D,20131011,000000,31.4912,31.6555,30.7612,31.6486,9575538.562649,0
BBWI.US,D,20131014,000000,31.5669,32.3323,31.5482,32.3146,5852938.5735351,0
BBWI.US,D,20131015,000000,32.2733,32.4257,31.7509,31.7843,4659528.8377574,0
BBWI.US,D,20131016,000000,31.8355,32.2733,31.5482,32.1286,4908642.6341701,0
BBWI.US,D,20131017,000000,32.0656,32.6096,31.9358,32.5221,5650126.5407621,0
BBWI.US,D,20131018,000000,32.707,33.3081,32.6224,33.2904,5070483.8021228,0
BBWI.US,D,20131021,000000,33.4035,33.9131,33.3081,33.8952,3833980.6010793,0
BBWI.US,D,20131022,000000,33.8865,34.4325,33.7763,34.335,3386927.1971492,0
BBWI.US,D,20131023,000000,34.2868,34.6459,34.1236,34.2199,3569408.824604,0
BBWI.US,D,20131024,000000,34.4019,34.8426,34.3242,34.814,2758342.6597378,0
BBWI.US,D,20131025,000000,34.826,35.0954,34.398,34.5919,5984073.1950083,0
BBWI.US,D,20131028,000000,34.6134,34.701,34.3812,34.4325,3315914.6233452,0
BBWI.US,D,20131029,000000,34.4934,34.826,34.2898,34.826,1842095.9500114,0
BBWI.US,D,20131030,000000,34.7747,35.2173,34.7186,34.9253,2967937.2548531,0
BBWI.US,D,20131031,000000,34.8712,35.369,34.697,35.1918,4019105.3133797,0
BBWI.US,D,20131101,000000,35.2793,35.4387,34.8937,35.1613,2548651.4903685,0
BBWI.US,D,20131104,000000,35.2253,35.5627,35.2125,35.427,2536471.9520857,0
BBWI.US,D,20131105,000000,35.3807,35.7024,35.1525,35.3483,3277261.5406202,0
BBWI.US,D,20131106,000000,35.3757,35.489,34.9479,35.427,3036743.8693822,0
BBWI.US,D,20131107,000000,35.841,36.1067,34.6696,34.7413,4112140.8833743,0
BBWI.US,D,20131108,000000,34.8466,35.4554,34.8466,35.369,2600168.2637229,0
BBWI.US,D,20131111,000000,35.3483,35.9837,35.1476,35.7801,2449913.973105,0
BBWI.US,D,20131112,000000,35.7535,35.8145,35.1289,35.4387,2908747.4028777,0
BBWI.US,D,20131113,000000,35.3867,36.2091,35.3867,36.1135,2368852.5940321,0
BBWI.US,D,20131114,000000,36.1135,36.7431,35.9729,36.4382,3119038.3491927,0
BBWI.US,D,20131115,000000,36.3299,36.5818,36.1313,36.3428,2407820.8137962,0
BBWI.US,D,20131118,000000,36.5189,36.7362,35.968,36.1401,2517011.7316242,0
BBWI.US,D,20131119,000000,35.9729,36.1067,35.8362,35.9837,3321711.1117259,0
BBWI.US,D,20131120,000000,35.9955,36.5257,35.7083,36.2031,4299016.1310994,0
BBWI.US,D,20131121,000000,35.909,36.7106,35.5244,36.5789,3409479.82688,0
BBWI.US,D,20131122,000000,36.4756,36.5503,35.729,36.1057,2850661.5471109,0
BBWI.US,D,20131125,000000,36.2925,36.5641,36.1648,36.2985,1774258.1277352,0
BBWI.US,D,20131126,000000,36.4235,36.9822,36.3949,36.694,2203196.2347619,0
BBWI.US,D,20131127,000000,36.6478,36.9319,36.4637,36.8522,1595670.9841434,0
BBWI.US,D,20131129,000000,37.0432,37.3609,36.5848,36.6998,1227213.7743821,0
BBWI.US,D,20131202,000000,36.6044,37.9236,36.6044,36.9635,1650619.7015128,0
BBWI.US,D,20131203,000000,36.9055,37.1061,35.6561,37.0432,1703239.4545045,0
BBWI.US,D,20131204,000000,36.1568,36.3575,35.4121,35.7181,3690679.6567475,0
BBWI.US,D,20131205,000000,34.8937,35.5824,34.7236,35.1151,4385132.918225,0
BBWI.US,D,20131206,000000,35.9434,35.9434,35.2755,35.7653,1620997.836391,0
BBWI.US,D,20131209,000000,35.8008,35.9562,34.999,35.061,2745006.2635495,0
BBWI.US,D,20131210,000000,35.1436,35.2755,34.7453,34.8889,2642238.0418963,0
BBWI.US,D,20131211,000000,34.7963,35.1229,34.3615,34.4412,2459894.6681105,0
BBWI.US,D,20131212,000000,34.5259,34.5593,33.9652,34.333,2720586.1927181,0
BBWI.US,D,20131213,000000,34.4855,34.7453,34.2386,34.5446,2286051.8618164,0
BBWI.US,D,20131216,000000,31.4429,35.0344,31.4429,34.1688,2272631.0902274,0
BBWI.US,D,20131217,000000,34.458,34.6223,34.2091,34.3105,1856470.2652871,0
BBWI.US,D,20131218,000000,34.339,34.8083,34.1688,34.7698,2377512.7631858,0
BBWI.US,D,20131219,000000,34.7787,34.813,34.3999,34.3999,1778263.4178475,0
BBWI.US,D,20131220,000000,34.4452,34.7393,34.396,34.4698,3305206.063436,0
BBWI.US,D,20131223,000000,34.7296,34.7296,34.3222,34.4344,2214433.4116401,0
BBWI.US,D,20131224,000000,35.0846,35.9601,34.4698,34.5889,1171572.7720976,0
BBWI.US,D,20131226,000000,35.3443,35.4801,34.5946,34.944,1421446.963689,0
BBWI.US,D,20131227,000000,34.8889,34.9253,34.2662,34.3725,1380650.9490969,0
BBWI.US,D,20131230,000000,34.4855,34.6173,34.3105,34.5032,1344461.0181338,0
BBWI.US,D,20131231,000000,34.6272,34.9941,34.6115,34.9253,1416440.3510488,0
BBWI.US,D,20140102,000000,34.8308,35.305,34.6783,34.7787,1319862.0307898,0
BBWI.US,D,20140103,000000,34.8013,35.1525,34.6429,34.7177,1414181.5300769,0
BBWI.US,D,20140106,000000,34.9194,35.0118,34.4806,34.4806,2195056.5500084,0
BBWI.US,D,20140107,000000,34.696,35.0906,34.696,34.8997,1810018.0491253,0
BBWI.US,D,20140108,000000,34.333,34.6173,33.8805,33.9878,4009773.1907324,0
BBWI.US,D,20140109,000000,32.7513,33.0347,32.0509,32.6096,9361121.3542615,0
BBWI.US,D,20140110,000000,32.5545,32.8762,32.2162,32.6716,3924344.6222377,0
BBWI.US,D,20140113,000000,32.6096,32.7178,31.8876,31.9663,3518359.6739531,0
BBWI.US,D,20140114,000000,31.9663,32.2053,31.7813,31.863,5884268.2780956,0
BBWI.US,D,20140115,000000,31.9377,32.6224,31.5384,32.0696,4730424.5058855,0
BBWI.US,D,20140116,000000,32.2613,32.4473,31.5109,31.5325,5314187.4071707,0
BBWI.US,D,20140117,000000,31.7706,31.7706,31.0967,31.1518,3856011.7298386,0
BBWI.US,D,20140121,000000,31.2629,31.3465,30.6294,30.7948,5627597.2921665,0
BBWI.US,D,20140122,000000,30.8773,31.0002,30.5577,30.6698,3895084.6564255,0
BBWI.US,D,20140123,000000,30.4602,30.7061,30.2428,30.3078,4871443.2481101,0
BBWI.US,D,20140124,000000,30.2173,30.3923,29.6802,29.7274,5320795.1192848,0
BBWI.US,D,20140127,000000,29.8907,30.2802,29.6979,29.7579,5381683.6615591,0
BBWI.US,D,20140128,000000,29.8651,30.2104,29.8199,29.9694,4136573.1530588,0
BBWI.US,D,20140129,000000,29.8455,29.9783,29.2443,29.4323,7916138.7365933,0
BBWI.US,D,20140130,000000,29.8277,29.9123,29.5956,29.7372,3171401.9262688,0
BBWI.US,D,20140131,000000,29.2856,29.7481,29.205,29.568,3056439.9343375,0
BBWI.US,D,20140203,000000,29.6752,29.7766,28.6749,28.725,5020045.6106996,0
BBWI.US,D,20140204,000000,29.4323,29.5562,28.9128,28.9739,5839612.3430577,0
BBWI.US,D,20140205,000000,28.968,31.0602,28.9572,29.2443,6204501.3882774,0
BBWI.US,D,20140206,000000,29.9123,30.7808,29.7481,30.4819,9706425.1407751,0
BBWI.US,D,20140207,000000,30.6393,30.8773,30.3737,30.8202,4691552.8603753,0
BBWI.US,D,20140210,000000,30.7761,31.2088,30.5724,31.0967,5635727.8277801,0
BBWI.US,D,20140211,000000,31.0602,31.5325,31.0357,31.4587,4764764.2774567,0
BBWI.US,D,20140212,000000,31.5619,31.5905,30.5724,30.7574,4786019.7624708,0
BBWI.US,D,20140213,000000,30.6236,31.0662,30.4987,30.9275,2856521.0628994,0
BBWI.US,D,20140214,000000,30.8321,31.2443,30.6589,31.076,2808629.3820678,0
BBWI.US,D,20140218,000000,31.2659,31.5836,31.0406,31.2786,3759170.1176663,0
BBWI.US,D,20140219,000000,31.3318,31.4242,31.0357,31.0544,2757280.342944,0
BBWI.US,D,20140220,000000,31.0612,31.2079,30.7101,30.8498,2909266.870707,0
BBWI.US,D,20140221,000000,30.8734,31.2266,30.8202,30.9786,2619049.0386604,0
BBWI.US,D,20140224,000000,31.1183,31.5552,31.0102,31.1232,3151041.0238177,0
BBWI.US,D,20140225,000000,31.1183,31.5158,30.8438,31.4765,3646272.7816279,0
BBWI.US,D,20140226,000000,31.6643,32.9579,31.5442,32.7355,6593749.5100626,0
BBWI.US,D,20140227,000000,32.1246,33.1428,32.1246,32.4364,4211637.7792454,0
BBWI.US,D,20140228,000000,33.131,33.2401,32.3323,32.5988,3341121.5202036,0
BBWI.US,D,20140303,000000,32.2319,32.4591,32.1246,32.2053,2131101.0127421,0
BBWI.US,D,20140304,000000,32.4237,32.8408,32.3764,32.7818,2743172.3692951,0
BBWI.US,D,20140305,000000,32.7818,33.2923,32.7818,33.2815,4055137.6758232,0
BBWI.US,D,20140306,000000,33.6209,33.6701,32.6087,33.0307,4489570.3496152,0
BBWI.US,D,20140307,000000,33.1948,33.4242,32.9746,33.2008,3980715.5225681,0
BBWI.US,D,20140310,000000,33.1004,33.5294,32.9047,33.494,3719179.2273809,0
BBWI.US,D,20140311,000000,33.6307,33.6701,32.7266,33.0947,3458551.7467522,0
BBWI.US,D,20140312,000000,32.8683,33.0424,32.4984,33.0247,5259521.2965657,0
BBWI.US,D,20140313,000000,33.2078,33.2185,32.7129,32.829,2102120.6039811,0
BBWI.US,D,20140314,000000,32.6971,33.1881,32.6214,32.945,2073418.7356998,0
BBWI.US,D,20140317,000000,33.0247,33.2716,32.8644,33.2008,1610506.8226961,0
BBWI.US,D,20140318,000000,33.1881,33.3779,33.0424,33.1517,1416365.1247878,0
BBWI.US,D,20140319,000000,33.1428,33.4871,32.9785,33.1664,1778919.1062034,0
BBWI.US,D,20140320,000000,33.0169,33.3101,32.9343,33.1241,5120967.7392451,0
BBWI.US,D,20140321,000000,33.5412,34.2061,33.4074,33.9288,4692787.9942551,0
BBWI.US,D,20140324,000000,34.0626,34.2416,33.253,33.5127,2802179.2384734,0
BBWI.US,D,20140325,000000,33.6376,33.6759,32.9283,33.2185,2428182.7328184,0
BBWI.US,D,20140326,000000,33.3395,33.3395,32.4767,32.4984,3791803.0663697,0
BBWI.US,D,20140327,000000,32.5231,32.7031,32.2053,32.407,2666009.5403694,0
BBWI.US,D,20140328,000000,32.4767,32.7886,32.3273,32.7266,1637041.3614038,0
BBWI.US,D,20140331,000000,33.0169,33.0169,32.6844,32.8526,1883772.3151713,0
BBWI.US,D,20140401,000000,32.887,33.3101,32.7031,33.2401,1957847.817683,0
BBWI.US,D,20140402,000000,33.2923,34.033,33.2923,34.0153,2683650.0985717,0
BBWI.US,D,20140403,000000,34.0979,34.2918,33.8422,34.1039,2100975.9449287,0
BBWI.US,D,20140404,000000,34.4836,34.693,33.5471,33.6868,2524989.7815737,0
BBWI.US,D,20140407,000000,33.4812,33.5352,32.8172,32.9746,5502515.3349899,0
BBWI.US,D,20140408,000000,32.894,33.6051,32.5181,33.4999,4066393.1509811,0
BBWI.US,D,20140409,000000,33.5766,34.0802,33.2716,34.0733,2964736.0724767,0
BBWI.US,D,20140410,000000,34.0733,34.1039,32.2575,32.3086,5655662.7869426,0
BBWI.US,D,20140411,000000,31.7223,31.7941,31.0062,31.2786,6468413.4101123,0
BBWI.US,D,20140414,000000,31.4912,31.5552,30.9835,31.2905,3544648.202456,0
BBWI.US,D,20140415,000000,31.3141,31.62,30.8114,31.3318,3128028.9039522,0
BBWI.US,D,20140416,000000,31.5689,32.1109,31.4459,31.7351,2168693.8118156,0
BBWI.US,D,20140417,000000,31.6072,31.7351,31.2266,31.2266,2188185.5459809,0
BBWI.US,D,20140421,000000,31.2836,31.5393,31.1744,31.1921,2674496.8924371,0
BBWI.US,D,20140422,000000,31.2501,31.5552,31.0809,31.4242,2379112.8460885,0
BBWI.US,D,20140423,000000,31.4035,31.7302,31.32,31.3416,2145866.7078892,0
BBWI.US,D,20140424,000000,31.4862,31.4862,31.1547,31.3928,1800220.3369169,0
BBWI.US,D,20140425,000000,31.3977,31.3977,31.077,31.1547,1553867.5475967,0
BBWI.US,D,20140428,000000,31.2128,31.7706,30.9786,31.3495,2448055.6811443,0
BBWI.US,D,20140429,000000,31.4705,31.7469,31.378,31.5109,2087291.8814259,0
BBWI.US,D,20140430,000000,31.498,31.5796,31.0002,31.3662,3112829.1329477,0
BBWI.US,D,20140501,000000,31.4419,31.5856,31.2836,31.3878,2066763.2447443,0
BBWI.US,D,20140502,000000,31.4646,31.8296,31.3662,31.5983,1811028.5207933,0
BBWI.US,D,20140505,000000,31.5109,31.6329,31.2561,31.6033,1539830.7339242,0
BBWI.US,D,20140506,000000,31.3662,31.3878,30.8615,31.1331,3640618.6132005,0
BBWI.US,D,20140507,000000,31.1547,31.2708,30.6884,30.8961,3732623.3801052,0
BBWI.US,D,20140508,000000,31.8,32.7886,31.7833,32.3657,6601931.890802,0
BBWI.US,D,20140509,000000,32.4533,32.6618,32.2909,32.5684,2706242.3745752,0
BBWI.US,D,20140512,000000,32.7355,33.372,32.5988,33.0947,2554324.9736467,0
BBWI.US,D,20140513,000000,33.0768,33.5127,32.9785,33.2982,2133847.7878394,0
BBWI.US,D,20140514,000000,33.2982,33.431,33.1004,33.3218,2142047.4502873,0
BBWI.US,D,20140515,000000,33.0661,33.131,32.5811,32.8998,2802129.4264899,0
BBWI.US,D,20140516,000000,33.0247,33.5697,32.9982,33.5638,2691635.2645188,0
BBWI.US,D,20140519,000000,33.3632,33.6051,33.3041,33.5412,1708544.9390466,0
BBWI.US,D,20140520,000000,33.372,33.372,32.0784,32.1168,4237430.2210542,0
BBWI.US,D,20140521,000000,32.473,32.772,32.0194,32.3273,3442893.5021841,0
BBWI.US,D,20140522,000000,32.7031,33.5579,32.1296,32.8083,4092491.5806893,0
BBWI.US,D,20140523,000000,33.071,33.3336,32.7758,33.1704,2342047.6474131,0
BBWI.US,D,20140527,000000,33.1801,33.3218,32.6499,32.6716,2135583.0746977,0
BBWI.US,D,20140528,000000,32.6037,32.6971,32.2388,32.6146,2517184.5487103,0
BBWI.US,D,20140529,000000,32.9579,33.0661,32.5507,32.887,1689860.3623303,0
BBWI.US,D,20140530,000000,32.8811,33.2608,32.8644,33.2127,2108282.0413846,0
BBWI.US,D,20140602,000000,33.253,33.6111,33.01,33.4242,2175671.555808,0
BBWI.US,D,20140603,000000,33.2923,33.6976,33.2401,33.5638,2091818.6725097,0
BBWI.US,D,20140604,000000,33.4172,34.0527,33.4172,34.0479,2754361.7673319,0
BBWI.US,D,20140605,000000,34.095,34.339,33.7408,34.3026,2128311.5416589,0
BBWI.US,D,20140606,000000,34.4619,34.8987,34.3547,34.636,1667199.9760634,0
BBWI.US,D,20140609,000000,34.7983,35.2803,34.396,34.5495,2070345.6412813,0
BBWI.US,D,20140610,000000,34.3095,34.4422,33.9711,34.1176,1668668.921295,0
BBWI.US,D,20140611,000000,34.0065,34.1756,33.5766,33.6386,2068111.2180156,0
BBWI.US,D,20140612,000000,33.5117,33.5834,32.9303,33.2391,2076346.4604519,0
BBWI.US,D,20140613,000000,33.3248,33.4645,33.006,33.3828,1187335.7234884,0
BBWI.US,D,20140616,000000,33.2845,33.6051,33.2391,33.5884,1201000.4721402,0
BBWI.US,D,20140617,000000,33.5412,33.8658,33.4242,33.7753,1326084.4624592,0
BBWI.US,D,20140618,000000,33.7104,33.8718,33.4585,33.7104,1826082.9221312,0
BBWI.US,D,20140619,000000,33.7871,33.9002,33.4428,33.5697,1689528.9601535,0
BBWI.US,D,20140620,000000,33.6769,33.7291,33.3622,33.5884,2921961.8105347,0
BBWI.US,D,20140623,000000,33.6159,33.7921,33.5225,33.7832,1507759.9490359,0
BBWI.US,D,20140624,000000,33.6159,33.9642,33.4005,33.7635,1751891.5305148,0
BBWI.US,D,20140625,000000,33.6583,33.9121,33.4812,33.6464,2214271.776836,0
BBWI.US,D,20140626,000000,33.6917,33.6917,33.0347,33.3484,1929523.0972778,0
BBWI.US,D,20140627,000000,33.2805,34.0763,33.2755,34.0359,5533512.6208023,0
BBWI.US,D,20140630,000000,34.0292,34.2298,33.9779,34.1481,1614136.9980744,0
BBWI.US,D,20140701,000000,34.3213,35.1023,34.2248,35.0197,3392206.2508428,0
BBWI.US,D,20140702,000000,34.938,35.486,34.9194,35.3413,2586976.2206299,0
BBWI.US,D,20140703,000000,35.3522,35.726,34.9912,35.7132,1347296.2349163,0
BBWI.US,D,20140707,000000,35.4663,35.7605,35.4663,35.6846,2216811.17143,0
BBWI.US,D,20140708,000000,35.6551,35.8273,35.5204,35.6493,2522001.0625559,0
BBWI.US,D,20140709,000000,35.6768,36.0614,35.6444,36.0084,3012342.0968306,0
BBWI.US,D,20140710,000000,35.4741,35.4741,34.7296,35.0482,5672057.0289831,0
BBWI.US,D,20140711,000000,34.8927,34.9331,34.0763,34.4895,4137865.2149199,0
BBWI.US,D,20140714,000000,34.757,34.757,34.2976,34.3793,2387448.7290631,0
BBWI.US,D,20140715,000000,34.3842,34.4009,33.8895,34.0842,2342627.0929369,0
BBWI.US,D,20140716,000000,34.1107,34.1107,33.2155,33.372,3774250.9498527,0
BBWI.US,D,20140717,000000,33.2755,33.6583,33.1211,33.1684,3260996.4031087,0
BBWI.US,D,20140718,000000,33.2894,33.6209,33.1034,33.5924,2134364.2059553,0
BBWI.US,D,20140721,000000,33.3484,33.4812,33.0543,33.2755,2010727.812875,0
BBWI.US,D,20140722,000000,33.2698,33.6159,33.2698,33.4645,2643270.8781284,0
BBWI.US,D,20140723,000000,33.4546,33.6651,33.3435,33.494,1455285.5657105,0
BBWI.US,D,20140724,000000,33.552,34.0399,33.5294,33.8934,1504958.2790995,0
BBWI.US,D,20140725,000000,33.6583,33.8442,33.5412,33.6159,1058233.227633,0
BBWI.US,D,20140728,000000,33.5225,33.6159,33.2215,33.5352,1551665.654606,0
BBWI.US,D,20140729,000000,33.494,33.8718,33.4242,33.6464,1817675.87918,0
BBWI.US,D,20140730,000000,33.7635,34.3026,33.7635,34.2455,2506531.9002115,0
BBWI.US,D,20140731,000000,33.8205,33.9878,33.7221,33.7458,2727627.9806895,0
BBWI.US,D,20140801,000000,33.6976,33.7291,33.3021,33.6534,2013691.1176154,0
BBWI.US,D,20140804,000000,33.7921,34.3793,33.7221,34.3143,2471398.1866154,0
BBWI.US,D,20140805,000000,34.0479,34.5072,33.8658,34.1993,2169700.2171992,0
BBWI.US,D,20140806,000000,33.9878,34.7109,33.9062,34.454,1941266.5265611,0
BBWI.US,D,20140807,000000,35.9759,36.2532,35.1496,35.2863,4836847.3006233,0
BBWI.US,D,20140808,000000,35.4663,36.9872,35.4663,36.7893,4411294.3753411,0
BBWI.US,D,20140811,000000,36.8287,36.8415,36.1028,36.3939,3429083.3838658,0
BBWI.US,D,20140812,000000,36.3939,36.6369,36.1765,36.3339,2703273.9869793,0
BBWI.US,D,20140813,000000,35.964,36.3752,35.9394,36.2425,3128113.279353,0
BBWI.US,D,20140814,000000,36.4067,36.6478,36.1145,36.5296,2112875.9261605,0
BBWI.US,D,20140815,000000,36.6191,36.632,35.7683,35.8588,3087874.3457207,0
BBWI.US,D,20140818,000000,36.0497,36.4647,36.0024,36.4647,4393209.5755706,0
BBWI.US,D,20140819,000000,36.7678,37.0806,36.6261,36.8022,3422683.052255,0
BBWI.US,D,20140820,000000,36.8287,36.9929,36.5533,36.8592,4505987.972791,0
BBWI.US,D,20140821,000000,37.1819,37.4799,36.7185,37.293,3353594.8475328,0
BBWI.US,D,20140822,000000,37.3442,37.6029,37.2222,37.3963,2196861.9802722,0
BBWI.US,D,20140825,000000,37.5321,37.7307,37.3284,37.3677,2426953.6983653,0
BBWI.US,D,20140826,000000,37.1573,37.4859,37.1287,37.3284,2999285.2576932,0
BBWI.US,D,20140827,000000,37.4602,37.5321,37.1287,37.3058,2248427.5490391,0
BBWI.US,D,20140828,000000,37.0629,37.5084,36.8179,37.3107,1427225.1537899,0
BBWI.US,D,20140829,000000,37.4799,37.597,37.289,37.3677,1555574.3704643,0
BBWI.US,D,20140902,000000,37.3963,37.6226,37.171,37.228,1867244.9023173,0
BBWI.US,D,20140903,000000,37.4337,37.6156,37.2045,37.2763,1588964.6646331,0
BBWI.US,D,20140904,000000,37.7475,38.137,37.4602,37.8193,3144803.343582,0
BBWI.US,D,20140905,000000,37.6669,37.8262,37.293,37.7259,3242702.1896926,0
BBWI.US,D,20140908,000000,37.7357,37.9964,37.35,37.5321,1718794.008821,0
BBWI.US,D,20140909,000000,37.5636,37.6098,37.1878,37.2606,1790615.7732164,0
BBWI.US,D,20140910,000000,37.5636,38.0544,37.3914,37.902,3557125.5960695,0
BBWI.US,D,20140911,000000,37.836,38.2747,37.8193,38.1233,3536513.600558,0
BBWI.US,D,20140912,000000,38.2088,38.4784,37.9777,38.1528,1925099.9964458,0
BBWI.US,D,20140915,000000,38.0288,38.2856,37.9649,38.0652,1212507.0403586,0
BBWI.US,D,20140916,000000,37.9059,38.6584,37.8774,38.6268,2530167.1781578,0
BBWI.US,D,20140917,000000,38.4577,38.5758,38.1763,38.4144,2239525.4359649,0
BBWI.US,D,20140918,000000,38.4784,39.0194,38.4351,38.9564,2228278.0933757,0
BBWI.US,D,20140919,000000,39.2575,39.3105,38.7243,38.9564,2496582.7189098,0
BBWI.US,D,20140922,000000,38.7725,39.0961,38.7617,38.9614,4313509.3851932,0
BBWI.US,D,20140923,000000,38.744,38.9132,38.5148,38.7725,2564690.949097,0
BBWI.US,D,20140924,000000,38.9132,39.8722,38.8355,39.7985,3598849.7400709,0
BBWI.US,D,20140925,000000,39.7365,39.8899,39.3292,39.6815,5140500.1362543,0
BBWI.US,D,20140926,000000,39.7031,40.1526,39.6815,39.9559,3528643.3071448,0
BBWI.US,D,20140929,000000,39.7985,40.0473,39.4817,39.6608,3486940.5111363,0
BBWI.US,D,20140930,000000,39.5831,39.6913,39.1305,39.2005,2079936.9895575,0
BBWI.US,D,20141001,000000,39.2005,39.2005,38.563,38.7046,2456665.0217433,0
BBWI.US,D,20141002,000000,38.7558,39.1905,38.4037,38.9859,2049862.7502989,0
BBWI.US,D,20141003,000000,39.1148,39.4542,38.9191,39.3882,1822243.3331075,0
BBWI.US,D,20141006,000000,40.0543,40.0837,39.2092,39.2575,2610061.5336143,0
BBWI.US,D,20141007,000000,39.0538,39.2161,38.563,38.5915,3315727.5742638,0
BBWI.US,D,20141008,000000,38.7617,39.769,38.7194,39.7031,2817922.8750135,0
BBWI.US,D,20141009,000000,39.8035,40.0837,39.1551,39.4542,4745342.6866969,0
BBWI.US,D,20141010,000000,39.3292,39.4669,39.0126,39.0126,3329602.7531321,0
BBWI.US,D,20141013,000000,39.0253,39.0253,38.259,38.322,3679868.4231579,0
BBWI.US,D,20141014,000000,38.5444,39.3292,38.2983,39.0735,3693935.7339632,0
BBWI.US,D,20141015,000000,38.3327,39.0834,37.7307,38.9348,6440927.36086,0
BBWI.US,D,20141016,000000,38.2423,39.7798,38.1468,39.3882,4135941.8624091,0
BBWI.US,D,20141017,000000,39.6018,39.8329,39.1492,39.3882,2000765.4161492,0
BBWI.US,D,20141020,000000,39.3292,40.6336,39.3056,40.5756,3307361.1941563,0
BBWI.US,D,20141021,000000,40.6632,41.4364,40.4644,41.1728,3260263.4553496,0
BBWI.US,D,20141022,000000,41.3537,41.4078,40.4772,40.6513,4205635.9435036,0
BBWI.US,D,20141023,000000,41.0724,41.7403,41.0448,41.46,3104036.8095517,0
BBWI.US,D,20141024,000000,41.2957,41.4422,40.7153,40.975,2477319.7132408,0
BBWI.US,D,20141027,000000,41.1078,41.6754,40.7753,41.5534,2264636.7751404,0
BBWI.US,D,20141028,000000,41.5465,41.6588,40.851,41.6588,2482288.7127505,0
BBWI.US,D,20141029,000000,41.5997,41.9636,41.4944,41.7925,1882330.8173593,0
BBWI.US,D,20141030,000000,41.6754,42.3729,41.5711,42.2165,1704881.2168222,0
BBWI.US,D,20141031,000000,42.7172,42.8637,41.9911,42.2115,2693448.8273513,0
BBWI.US,D,20141103,000000,42.3482,42.5006,41.8229,42.3955,3527105.2350787,0
BBWI.US,D,20141104,000000,42.5775,44.3039,42.5775,43.4726,5723192.588177,0
BBWI.US,D,20141105,000000,43.9891,44.0933,43.2444,43.8927,3375352.5186676,0
BBWI.US,D,20141106,000000,44.0274,44.7416,43.8484,44.6855,2666218.9540149,0
BBWI.US,D,20141107,000000,44.3324,44.4464,43.748,44.2517,3279060.8714574,0
BBWI.US,D,20141110,000000,44.2862,44.8252,44.1337,44.8075,2166537.6645243,0
BBWI.US,D,20141111,000000,44.7722,44.9993,44.5084,44.8911,1891140.4224639,0
BBWI.US,D,20141112,000000,44.8124,45.7312,44.7199,45.614,3069915.6007658,0
BBWI.US,D,20141113,000000,45.5856,45.7627,44.536,45.0928,3673319.6721672,0
BBWI.US,D,20141114,000000,45.1872,45.438,45.0563,45.3466,1846694.9176426,0
BBWI.US,D,20141117,000000,45.4753,45.8482,45.3289,45.4803,3356199.3026768,0
BBWI.US,D,20141118,000000,45.2629,45.5906,44.9756,45.257,3218877.8295228,0
BBWI.US,D,20141119,000000,45.3505,45.7892,45.1223,45.6613,4044862.1752003,0
BBWI.US,D,20141120,000000,45.6889,47.1271,45.2629,47.0739,5628019.1691707,0
BBWI.US,D,20141121,000000,47.432,47.5795,46.3519,46.3617,4303663.8941432,0
BBWI.US,D,20141124,000000,46.4394,47.0513,46.4089,47.0101,2401989.7619984,0
BBWI.US,D,20141125,000000,47.3858,47.6868,46.468,46.4975,3453436.3610048,0
BBWI.US,D,20141126,000000,46.6145,47.1959,46.5929,47.1271,1727944.1652423,0
BBWI.US,D,20141128,000000,47.3179,48.091,47.3051,47.5579,1106674.8734268,0
BBWI.US,D,20141201,000000,47.5323,47.7902,46.9687,47.492,2206296.7766,0
BBWI.US,D,20141202,000000,47.4841,47.7152,47.187,47.6385,2081824.76208,0
BBWI.US,D,20141203,000000,47.7615,48.4079,47.3818,48.3104,1914314.1771335,0
BBWI.US,D,20141204,000000,48.7904,48.8741,48.3813,48.5957,4339186.9544684,0
BBWI.US,D,20141205,000000,48.7904,49.244,48.573,48.7423,2200732.0664289,0
BBWI.US,D,20141208,000000,48.5476,48.8456,48.097,48.3439,1647508.9939637,0
BBWI.US,D,20141209,000000,47.8146,48.6076,47.5215,48.5259,2610974.4144571,0
BBWI.US,D,20141210,000000,48.573,48.8574,48.0261,48.0862,1729448.6904621,0
BBWI.US,D,20141211,000000,48.5307,49.5085,48.5307,48.8819,2398619.8288202,0
BBWI.US,D,20141212,000000,48.573,49.5204,48.4727,49.0197,2904500.1688451,0
BBWI.US,D,20141215,000000,49.0197,49.3768,48.4266,48.8888,2507276.0302525,0
BBWI.US,D,20141216,000000,48.6507,48.6803,47.7498,47.7615,3393142.5128209,0
BBWI.US,D,20141217,000000,48.0026,48.763,47.6572,48.638,3731764.3775305,0
BBWI.US,D,20141218,000000,49.244,49.7673,48.8318,49.6847,2674576.1849825,0
BBWI.US,D,20141219,000000,49.8076,50.0005,48.573,49.1682,3502452.3694669,0
BBWI.US,D,20141222,000000,49.4073,49.7064,49.1554,49.6492,1436261.4542488,0
BBWI.US,D,20141223,000000,49.9021,50.1322,49.7545,50.0005,2169062.8271229,0
BBWI.US,D,20141224,000000,49.9848,50.4933,49.8971,50.0005,1061348.0014666,0
BBWI.US,D,20141226,000000,50.1588,50.6015,50.0438,50.2906,1197744.3949246,0
BBWI.US,D,20141229,000000,50.1382,51.0894,50.1382,50.7649,1972646.0431051,0
BBWI.US,D,20141230,000000,50.5552,50.8366,50.3782,50.6142,1861415.8836616,0
BBWI.US,D,20141231,000000,50.8946,51.4829,50.808,50.8769,2042764.0343461,0
BBWI.US,D,20150102,000000,51.1425,51.1592,50.2306,50.5828,2990601.7074043,0
BBWI.US,D,20150105,000000,50.6202,50.8129,49.7545,49.8244,4356407.6688086,0
BBWI.US,D,20150106,000000,50.0712,50.5178,49.1023,49.3148,4058846.1271758,0
BBWI.US,D,20150107,000000,49.967,51.2015,49.8431,51.172,5216967.6305512,0
BBWI.US,D,20150108,000000,50.8129,51.2251,50.0625,50.9526,6099888.0900877,0
BBWI.US,D,20150109,000000,51.1012,51.1425,49.7831,50.1893,2452928.1064,0
BBWI.US,D,20150112,000000,50.4018,50.5945,49.9848,50.3821,2444861.6147655,0
BBWI.US,D,20150113,000000,50.6782,50.8543,49.0846,49.2734,4321614.5065294,0
BBWI.US,D,20150114,000000,48.4619,48.8318,47.7449,48.275,5055540.207034,0
BBWI.US,D,20150115,000000,48.4905,48.7423,47.3396,47.3749,4407155.9144157,0
BBWI.US,D,20150116,000000,47.1271,48.3439,46.6273,48.2612,5401881.912635,0
BBWI.US,D,20150120,000000,49.0531,49.0531,48.0803,48.3104,4018644.8066738,0
BBWI.US,D,20150121,000000,48.2022,48.6124,48.0803,48.3813,3625241.9588255,0
BBWI.US,D,20150122,000000,48.5259,49.4663,48.3813,49.3325,2746574.8327483,0
BBWI.US,D,20150123,000000,49.4358,50.1028,49.365,49.8745,2277558.4103222,0
BBWI.US,D,20150126,000000,49.7781,50.3448,49.6739,50.1844,2103251.0310382,0
BBWI.US,D,20150127,000000,49.8037,50.6202,49.6797,50.2769,1934846.8800995,0
BBWI.US,D,20150128,000000,50.6782,50.9379,49.8076,49.9228,2465047.6669883,0
BBWI.US,D,20150129,000000,49.7732,50.7903,49.661,50.7786,2882721.149717,0
BBWI.US,D,20150130,000000,50.3536,50.626,49.6434,49.7476,3756894.0149857,0
BBWI.US,D,20150202,000000,49.8076,49.9965,48.4266,49.8745,2803578.0402994,0
BBWI.US,D,20150203,000000,49.9148,51.2015,49.8971,51.1779,3297724.1001808,0
BBWI.US,D,20150204,000000,51.1779,51.6117,50.7549,50.8543,3607356.4069893,0
BBWI.US,D,20150205,000000,53.2988,54.0807,52.6752,53.6067,7073825.2094254,0
BBWI.US,D,20150206,000000,53.4935,54.857,53.3637,54.6464,4192212.1222012,0
BBWI.US,D,20150209,000000,54.2983,54.6041,53.7463,54.2579,3236137.1735645,0
BBWI.US,D,20150210,000000,54.674,54.9691,54.5157,54.8334,2144366.2489538,0
BBWI.US,D,20150211,000000,55.0812,55.5161,54.6464,54.9809,2822258.5507315,0
BBWI.US,D,20150212,000000,54.9986,55.7521,54.857,55.7334,2152934.9267091,0
BBWI.US,D,20150213,000000,55.4452,55.6095,54.9986,55.5555,2160576.4916262,0
BBWI.US,D,20150217,000000,55.2986,55.4168,54.5343,54.6524,3437090.9143768,0
BBWI.US,D,20150218,000000,54.6828,54.7901,54.2166,54.7015,2820883.1300406,0
BBWI.US,D,20150219,000000,54.6897,54.8275,54.2461,54.3848,2279423.8182805,0
BBWI.US,D,20150220,000000,54.3848,54.8008,54.3041,54.5747,2899379.7002421,0
BBWI.US,D,20150223,000000,54.9425,55.3635,54.8205,55.3095,2907904.6654403,0
BBWI.US,D,20150224,000000,55.5406,56.0836,54.7478,55.2928,2254705.8921186,0
BBWI.US,D,20150225,000000,55.2731,55.9026,55.093,55.8613,2769663.1954458,0
BBWI.US,D,20150226,000000,55.6409,55.9745,54.5854,55.5632,3119647.2752783,0
BBWI.US,D,20150227,000000,55.3951,55.8761,55.2189,55.4895,1930097.4599462,0
BBWI.US,D,20150302,000000,55.4973,55.9292,55.4895,55.8416,2294713.0475414,0
BBWI.US,D,20150303,000000,55.6852,55.8416,54.8068,55.1402,2176677.9611915,0
BBWI.US,D,20150304,000000,55.341,55.6065,54.6897,55.1639,2400493.3693473,0
BBWI.US,D,20150305,000000,55.5445,55.7256,55.0862,55.1097,2438403.3386023,0
BBWI.US,D,20150306,000000,54.8068,55.5161,54.3661,54.4212,2578609.8405225,0
BBWI.US,D,20150309,000000,54.5854,55.3341,54.435,55.2151,1990120.9002191,0
BBWI.US,D,20150310,000000,54.978,55.1698,54.5057,54.5983,1701254.0911571,0
BBWI.US,D,20150311,000000,54.5795,54.973,54.3306,54.3661,1748265.4214208,0
BBWI.US,D,20150312,000000,54.6691,55.761,54.616,55.6479,2053356.7051504,0
BBWI.US,D,20150313,000000,55.4806,55.6921,54.675,54.9602,1975719.1375237,0
BBWI.US,D,20150316,000000,55.2426,55.8111,55.2426,55.6361,1577261.8981937,0
BBWI.US,D,20150317,000000,55.4315,55.4806,55.1147,55.2189,1516675.2775345,0
BBWI.US,D,20150318,000000,55.1826,55.758,54.5176,55.5702,1515021.3163637,0
BBWI.US,D,20150319,000000,55.3872,56.301,55.1402,56.242,2248196.7874007,0
BBWI.US,D,20150320,000000,56.489,56.6916,55.7138,56.421,6713630.68952,0
BBWI.US,D,20150323,000000,56.421,57.0733,56.421,56.4338,2078354.1883634,0
BBWI.US,D,20150324,000000,56.5047,57.0447,56.0836,56.8401,2239586.4302305,0
BBWI.US,D,20150325,000000,57.0801,57.6724,56.2283,56.2352,3187964.919111,0
BBWI.US,D,20150326,000000,56.181,56.181,55.4619,55.8368,1466515.6265911,0
BBWI.US,D,20150327,000000,55.9193,56.6089,55.7383,56.3866,1430427.3527375,0
BBWI.US,D,20150330,000000,56.7418,57.2601,56.6089,56.904,1093224.6212758,0
BBWI.US,D,20150331,000000,56.3866,57.7618,56.3423,56.9581,3053428.8507557,0
BBWI.US,D,20150401,000000,57.1657,57.2543,56.181,56.2833,2697638.1168317,0
BBWI.US,D,20150402,000000,56.4437,56.904,56.1702,56.427,1899238.4278025,0
BBWI.US,D,20150406,000000,56.5361,57.8582,56.489,57.2109,2196879.2619808,0
BBWI.US,D,20150407,000000,57.1244,57.4293,56.6227,56.6571,1194911.2112843,0
BBWI.US,D,20150408,000000,56.543,57.1707,56.489,57.0733,1495981.9563355,0
BBWI.US,D,20150409,000000,57.45,57.7805,56.5952,57.088,1957081.3230777,0
BBWI.US,D,20150410,000000,57.0674,57.3516,56.8981,57.1942,1624110.5770823,0
BBWI.US,D,20150413,000000,57.3221,57.5504,56.5902,56.6276,1149340.3622616,0
BBWI.US,D,20150414,000000,56.483,56.7418,55.8761,56.6227,1542830.635224,0
BBWI.US,D,20150415,000000,56.8627,57.2434,56.242,56.3797,1301204.901493,0
BBWI.US,D,20150416,000000,56.3797,56.4643,55.5406,55.5751,1721329.3371307,0
BBWI.US,D,20150417,000000,55.2426,55.2671,53.8526,54.0287,3648329.304952,0
BBWI.US,D,20150420,000000,54.3976,55.1069,54.1507,54.9022,2559650.7896106,0
BBWI.US,D,20150421,000000,55.3203,55.9155,55.2151,55.7138,1608276.4657148,0
BBWI.US,D,20150422,000000,55.6921,55.7138,54.7527,55.0497,1637491.7023987,0
BBWI.US,D,20150423,000000,54.8805,55.5986,54.7961,55.3635,1181127.5238145,0
BBWI.US,D,20150424,000000,55.4078,55.4895,55.0497,55.093,1607869.837277,0
BBWI.US,D,20150427,000000,55.2928,55.4078,54.5363,54.5747,2012134.7472698,0
BBWI.US,D,20150428,000000,54.61,54.7527,53.9736,54.4045,2281063.547456,0
BBWI.US,D,20150429,000000,54.3484,54.5795,53.522,53.7641,2575471.6855538,0
BBWI.US,D,20150430,000000,53.6686,54.7231,53.4503,53.9804,3560760.8543033,0
BBWI.US,D,20150501,000000,54.2461,55.4,54.1881,55.3764,2198697.9076688,0
BBWI.US,D,20150504,000000,55.3468,55.6547,54.5747,54.7114,1846267.957783,0
BBWI.US,D,20150505,000000,54.3661,54.6897,54.012,54.2834,2938331.6548688,0
BBWI.US,D,20150506,000000,54.5363,54.9022,54.1576,54.8688,2625763.4907394,0
BBWI.US,D,20150507,000000,54.3593,54.973,53.5811,53.7463,3659234.0630823,0
BBWI.US,D,20150508,000000,54.2166,55.0222,54.1437,54.5304,2612711.7344575,0
BBWI.US,D,20150511,000000,54.4595,54.5619,53.9077,53.9804,2464055.4936001,0
BBWI.US,D,20150512,000000,53.7916,53.8192,52.9288,53.1649,5101105.9732014,0
BBWI.US,D,20150513,000000,53.1816,53.5093,52.3505,52.562,3670249.627462,0
BBWI.US,D,20150514,000000,52.9968,53.2979,52.2895,52.9408,2432277.481187,0
BBWI.US,D,20150515,000000,53.0932,53.4247,52.8965,53.2979,1697552.7558021,0
BBWI.US,D,20150518,000000,53.406,53.8526,53.2289,53.7021,1732394.713494,0
BBWI.US,D,20150519,000000,53.8979,54.0601,53.0932,53.2329,2398992.9104119,0
BBWI.US,D,20150520,000000,53.5585,53.8979,53.0272,53.5811,3624579.1544718,0
BBWI.US,D,20150521,000000,53.1552,54.3376,52.8561,53.4365,2732894.8355299,0
BBWI.US,D,20150522,000000,53.3646,53.6559,52.3791,52.8345,2383443.4389509,0
BBWI.US,D,20150526,000000,53.462,53.5811,51.8124,51.8606,3528033.364488,0
BBWI.US,D,20150527,000000,51.9757,53.0223,51.9757,52.7263,2501308.7579281,0
BBWI.US,D,20150528,000000,52.8345,53.0882,52.5679,52.8138,2045306.4786534,0
BBWI.US,D,20150529,000000,52.5905,52.9033,52.2294,52.2659,2158142.8204261,0
BBWI.US,D,20150601,000000,52.4401,52.4449,51.9403,52.201,2159876.0741422,0
BBWI.US,D,20150602,000000,52.1724,52.4882,51.8665,52.0642,1941522.7024768,0
BBWI.US,D,20150603,000000,52.1272,52.7351,51.8174,52.3534,2476427.1638198,0
BBWI.US,D,20150604,000000,52.3594,53.6284,52.3594,52.9643,3303765.5821952,0
BBWI.US,D,20150605,000000,52.8315,52.8965,51.9148,51.9265,2730375.7723579,0
BBWI.US,D,20150608,000000,51.8833,51.9029,51.0383,51.1061,3109893.2756268,0
BBWI.US,D,20150609,000000,51.0451,51.3983,50.6861,50.997,2504652.2602577,0
BBWI.US,D,20150610,000000,51.0146,51.6167,50.9369,51.4907,2872166.0920432,0
BBWI.US,D,20150611,000000,51.8833,51.9935,51.3865,51.4583,1826135.7838282,0
BBWI.US,D,20150612,000000,51.2271,51.654,50.985,51.4513,2412572.2670918,0
BBWI.US,D,20150615,000000,51.059,51.3422,50.7352,51.1867,2139697.1379169,0
BBWI.US,D,20150616,000000,51.2271,51.4996,50.9586,51.3422,1933315.9240313,0
BBWI.US,D,20150617,000000,51.3599,51.7681,51.2163,51.5065,2170309.1432847,0
BBWI.US,D,20150618,000000,51.604,52.6869,51.532,52.3033,2295061.7314268,0
BBWI.US,D,20150619,000000,52.2738,52.5098,51.9148,52.0298,7974201.211225,0
BBWI.US,D,20150622,000000,52.3672,53.0765,52.3594,52.7823,3326972.8837107,0
BBWI.US,D,20150623,000000,52.9161,53.3913,52.8503,53.2142,2933867.891193,0
BBWI.US,D,20150624,000000,53.1552,53.3971,52.6377,52.6997,1616333.8082096,0
BBWI.US,D,20150625,000000,53.3126,53.6224,52.8965,52.9023,1654025.2146792,0
BBWI.US,D,20150626,000000,53.1955,53.7316,53.1896,53.5063,5069376.7562009,0
BBWI.US,D,20150629,000000,52.9338,53.2142,51.6107,51.6964,2165538.3751383,0
BBWI.US,D,20150630,000000,52.2079,52.4645,51.8586,52.0888,2781365.9618854,0
BBWI.US,D,20150701,000000,52.4598,52.5581,51.9462,52.3387,2540939.7820458,0
BBWI.US,D,20150702,000000,52.1891,52.6239,52.017,52.4725,3499450.4350248,0
BBWI.US,D,20150706,000000,52.017,53.0568,51.9403,52.3318,2953875.0269034,0
BBWI.US,D,20150707,000000,52.4538,52.9702,51.6777,52.862,3250772.7476116,0
BBWI.US,D,20150708,000000,52.6072,53.1188,52.2491,52.2491,3259332.276227,0
BBWI.US,D,20150709,000000,52.5639,52.6791,50.809,50.99,6202503.8260766,0
BBWI.US,D,20150710,000000,51.2931,51.7996,51.173,51.3058,3093930.0597305,0
BBWI.US,D,20150713,000000,51.7564,51.9521,51.5065,51.6364,2629815.543122,0
BBWI.US,D,20150714,000000,51.6364,51.8045,51.0215,51.0383,3443371.2905986,0
BBWI.US,D,20150715,000000,51.1061,51.4583,50.8573,51.112,2496577.6360543,0
BBWI.US,D,20150716,000000,51.3658,51.5124,51.0383,51.3422,1830452.1446953,0
BBWI.US,D,20150717,000000,51.051,51.2222,50.3526,50.5415,3014765.6023197,0
BBWI.US,D,20150720,000000,50.5415,50.9438,50.4067,50.8022,1920642.3321965,0
BBWI.US,D,20150721,000000,50.7864,50.985,50.6329,50.8799,2211291.1903871,0
BBWI.US,D,20150722,000000,50.87,51.415,50.6025,50.9586,2282387.1230209,0
BBWI.US,D,20150723,000000,51.1602,51.2931,50.6979,50.809,2038646.9214135,0
BBWI.US,D,20150724,000000,51.0146,51.0757,50.3821,50.4067,4037300.9193996,0
BBWI.US,D,20150727,000000,50.1342,50.4136,49.1309,49.2489,3673907.2502599,0
BBWI.US,D,20150728,000000,49.2971,49.5805,48.8633,49.4545,3043405.4597642,0
BBWI.US,D,20150729,000000,49.3778,50.4795,49.3197,50.2729,2408558.8444108,0
BBWI.US,D,20150730,000000,50.2002,50.4018,49.3778,49.4221,2469846.8991253,0
BBWI.US,D,20150731,000000,49.7702,49.9434,49.0088,49.0453,2665526.6690996,0
BBWI.US,D,20150803,000000,49.1073,49.9876,49.0355,49.9385,4129369.7302834,0
BBWI.US,D,20150804,000000,49.9031,50.6084,49.8017,50.5542,2678198.227792,0
BBWI.US,D,20150805,000000,50.7539,51.5547,50.7539,51.3363,3443825.6978777,0
BBWI.US,D,20150806,000000,51.3206,51.6207,49.0285,49.7014,5036179.6105399,0
BBWI.US,D,20150807,000000,49.6532,49.8431,48.9725,49.6168,2531400.2788953,0
BBWI.US,D,20150810,000000,50.0241,50.8276,49.8371,50.6694,2178703.9873828,0
BBWI.US,D,20150811,000000,50.2002,50.6812,49.8224,50.1245,2106498.9756848,0
BBWI.US,D,20150812,000000,49.0088,49.5332,47.6681,49.2774,5149362.6030558,0
BBWI.US,D,20150813,000000,49.2971,49.4781,48.9488,49.0355,1989600.4158187,0
BBWI.US,D,20150814,000000,49.0944,49.3984,48.9174,49.2095,2376034.6688145,0
BBWI.US,D,20150817,000000,49.1564,49.5942,48.6872,49.5273,1767752.0727306,0
BBWI.US,D,20150818,000000,49.5204,49.8017,49.2311,49.4269,2094274.7082739,0
BBWI.US,D,20150819,000000,49.185,49.9414,49.0935,49.6295,3169130.9064438,0
BBWI.US,D,20150820,000000,48.6134,51.539,48.6026,51.3196,6188427.3661316,0
BBWI.US,D,20150821,000000,50.7609,50.9399,48.8879,49.0866,6577229.2132063,0
BBWI.US,D,20150824,000000,46.4641,48.9311,45.9191,47.7292,5412578.273691,0
BBWI.US,D,20150825,000000,49.006,49.1063,47.5825,47.6061,4727110.4841176,0
BBWI.US,D,20150826,000000,48.8004,49.8451,47.9426,49.7407,4017391.3745144,0
BBWI.US,D,20150827,000000,50.1225,50.7116,49.5823,50.629,3310285.8691951,0
BBWI.US,D,20150828,000000,50.5955,51.4652,50.5542,51.1357,3258759.9467008,0
BBWI.US,D,20150831,000000,51.055,51.5694,50.7972,51.2921,4239024.2045304,0
BBWI.US,D,20150901,000000,50.1825,51.5133,50.0869,51.2635,4782077.4997666,0
BBWI.US,D,20150902,000000,51.7711,52.5836,50.9399,52.4125,5579136.3315221,0
BBWI.US,D,20150903,000000,53.2536,55.4935,53.2536,54.5825,6526199.3774063,0
BBWI.US,D,20150904,000000,54.1369,55.5485,53.7986,55.2544,5283408.6841436,0
BBWI.US,D,20150908,000000,56.0994,56.7279,55.2671,56.6856,5046891.2201622,0
BBWI.US,D,20150909,000000,56.8401,57.1077,55.3351,55.4158,3967178.8618741,0
BBWI.US,D,20150910,000000,55.4875,56.3797,55.4589,55.9942,4345967.4836685,0
BBWI.US,D,20150911,000000,55.6154,56.5077,55.2671,56.4397,2547733.5266702,0
BBWI.US,D,20150914,000000,56.5824,57.0349,56.1349,56.3374,2455478.6832761,0
BBWI.US,D,20150915,000000,56.2559,56.4348,55.7453,56.1052,2544600.454557,0
BBWI.US,D,20150916,000000,56.0994,56.7408,55.6773,56.6739,2273429.0985365,0
BBWI.US,D,20150917,000000,56.9473,57.0713,56.0816,56.301,2941078.4299662,0
BBWI.US,D,20150918,000000,55.5376,56.4899,55.2484,56.2026,7168036.9521763,0
BBWI.US,D,20150921,000000,56.6856,56.967,56.0442,56.3729,2197207.6144444,0
BBWI.US,D,20150922,000000,55.8554,56.2755,55.4452,56.1132,2177252.32386,0
BBWI.US,D,20150923,000000,56.2696,56.6601,55.9597,56.2223,1496289.9773771,0
BBWI.US,D,20150924,000000,55.7758,56.2833,55.6833,56.1476,1559831.7702079,0
BBWI.US,D,20150925,000000,56.3866,56.9247,55.7383,56.1239,1623576.8772577,0
BBWI.US,D,20150928,000000,55.8121,56.2283,54.3681,54.6691,2040662.7818939,0
BBWI.US,D,20150929,000000,54.8688,54.9308,54.0947,54.6514,1714520.3439399,0
BBWI.US,D,20150930,000000,55.2928,55.7314,54.9121,55.1029,2895970.1207914,0
BBWI.US,D,20151001,000000,55.0852,55.8711,54.7961,55.8259,3133471.625592,0
BBWI.US,D,20151002,000000,55.2613,56.8933,54.9622,56.8933,2570958.1098944,0
BBWI.US,D,20151005,000000,57.0201,57.4559,56.8333,57.39,3001370.2450079,0
BBWI.US,D,20151006,000000,57.3526,57.6831,56.301,57.0939,1804972.8067835,0
BBWI.US,D,20151007,000000,56.5017,58.2251,56.5017,57.8965,3350773.8627456,0
BBWI.US,D,20151008,000000,58.6659,59.6024,58.2694,59.017,4594131.802679,0
BBWI.US,D,20151009,000000,58.9964,59.0042,58.4229,58.9,2380076.5554861,0
BBWI.US,D,20151012,000000,58.8439,59.3633,58.7327,59.197,2757341.3372098,0
BBWI.US,D,20151013,000000,59.1183,59.4627,58.8675,59.0229,1465404.5143849,0
BBWI.US,D,20151014,000000,58.9058,59.1606,58.0736,58.3304,1213782.8370821,0
BBWI.US,D,20151015,000000,58.6176,58.8311,57.989,58.716,1692112.0673045,0
BBWI.US,D,20151016,000000,58.9717,59.3633,58.4268,59.1921,1235593.3699139,0
BBWI.US,D,20151019,000000,59.1016,59.5551,58.8813,59.4124,1781954.5874916,0
BBWI.US,D,20151020,000000,59.1803,59.6279,58.8862,58.9235,2180907.9135156,0
BBWI.US,D,20151021,000000,59.3043,59.7311,58.5143,59.0102,1766044.233292,0
BBWI.US,D,20151022,000000,59.2767,59.4124,58.9422,59.1548,2400032.8626416,0
BBWI.US,D,20151023,000000,59.7793,59.8728,56.6974,57.394,3937571.2287478,0
BBWI.US,D,20151026,000000,57.506,58.8675,57.3221,58.6403,2297308.3535456,0
BBWI.US,D,20151027,000000,58.5212,58.7593,57.7608,57.8711,2369769.5411592,0
BBWI.US,D,20151028,000000,57.6094,58.5518,57.4136,58.4759,1339620.1065819,0
BBWI.US,D,20151029,000000,58.2989,58.4032,57.1884,57.9075,1759826.8844781,0
BBWI.US,D,20151030,000000,57.8101,59.0879,57.4795,58.6786,2354886.9403362,0
BBWI.US,D,20151102,000000,58.5518,59.2039,57.7441,58.9659,3058634.7113305,0
BBWI.US,D,20151103,000000,60.2171,61.1861,59.9152,60.7601,3764629.1044436,0
BBWI.US,D,20151104,000000,61.8137,61.8137,60.9402,61.2736,3614169.4664645,0
BBWI.US,D,20151105,000000,61.3956,61.5481,60.1896,60.5988,3450789.2098748,0
BBWI.US,D,20151106,000000,60.3863,60.8871,59.0229,59.2296,3251893.0089577,0
BBWI.US,D,20151109,000000,58.3845,58.4759,56.3187,57.2798,6988884.595056,0
BBWI.US,D,20151110,000000,57.2729,58.2379,57.1814,58.1721,2525978.9052486,0
BBWI.US,D,20151111,000000,58.0372,58.05,56.4043,56.7339,2574066.7843013,0
BBWI.US,D,20151112,000000,56.3256,57.2916,56.1299,56.8706,2924592.6965272,0
BBWI.US,D,20151113,000000,55.9262,56.2636,54.9809,55.3832,4798098.6602153,0
BBWI.US,D,20151116,000000,55.2013,55.9528,54.6887,55.9213,3068694.6988814,0
BBWI.US,D,20151117,000000,56.061,56.6444,54.8688,55.5259,3510166.1109317,0
BBWI.US,D,20151118,000000,55.6036,56.8136,55.2219,56.6974,4309709.4424421,0
BBWI.US,D,20151119,000000,56.0846,57.6881,55.3528,56.6384,4555175.7817679,0
BBWI.US,D,20151120,000000,57.0674,58.2203,57.0674,57.7491,2769577.8034739,0
BBWI.US,D,20151123,000000,57.7491,58.8016,57.7491,58.4386,2670019.9133372,0
BBWI.US,D,20151124,000000,57.9291,59.7588,57.9291,59.5571,2047585.6310472,0
BBWI.US,D,20151125,000000,59.7646,60.1041,59.138,59.5207,1801868.198661,0
BBWI.US,D,20151127,000000,59.6683,59.8964,58.8862,59.4331,921509.49828254,0
BBWI.US,D,20151130,000000,59.6368,59.988,58.3392,58.6521,3217724.0213305,0
BBWI.US,D,20151201,000000,58.9187,59.263,58.4946,59.0347,2150121.0579196,0
BBWI.US,D,20151202,000000,59.2118,59.446,58.7091,59.078,2250869.3528081,0
BBWI.US,D,20151203,000000,59.3377,60.044,58.356,58.9373,2337798.3802382,0
BBWI.US,D,20151204,000000,59.0406,61.2245,59.0406,61.1516,2754608.7941078,0
BBWI.US,D,20151207,000000,61.1123,61.1625,60.0677,60.4001,2943950.2433081,0
BBWI.US,D,20151208,000000,59.98,60.6884,59.6928,60.407,2504276.1289528,0
BBWI.US,D,20151209,000000,60.2466,61.37,59.5876,60.0254,2781288.7024821,0
BBWI.US,D,20151210,000000,60.2398,61.0247,60.0558,60.1581,2257009.4422186,0
BBWI.US,D,20151211,000000,59.6928,60.2251,59.1076,59.3603,1582915.05005,0
BBWI.US,D,20151214,000000,59.5266,60.1227,58.9,59.7588,1558543.7746312,0
BBWI.US,D,20151215,000000,60.2466,60.8478,59.6111,59.6111,1913131.9049505,0
BBWI.US,D,20151216,000000,60.0794,60.6884,59.6181,60.4611,1352581.3880364,0
BBWI.US,D,20151217,000000,60.4611,60.6578,59.3534,59.373,1876370.6610324,0
BBWI.US,D,20151218,000000,59.373,59.7469,58.7514,58.8744,2643507.7391933,0
BBWI.US,D,20151221,000000,59.0947,59.325,58.0038,58.3718,1962749.7235005,0
BBWI.US,D,20151222,000000,58.6176,59.5876,58.3392,59.3416,1561350.5274231,0
BBWI.US,D,20151223,000000,59.501,60.2014,59.1124,59.9929,1025456.9424052,0
BBWI.US,D,20151224,000000,59.8276,59.92,59.317,59.5207,418323.07165816,0
BBWI.US,D,20151228,000000,59.3416,59.6928,58.9797,59.4223,745233.02078843,0
BBWI.US,D,20151229,000000,59.9152,60.6824,59.6928,60.1718,1074265.570364,0
BBWI.US,D,20151230,000000,60.2251,60.2821,59.385,59.4283,969693.95158926,0
BBWI.US,D,20151231,000000,59.3377,59.5994,58.892,58.9058,1665078.3921893,0
BBWI.US,D,20160104,000000,58.1563,58.2281,57.3635,57.7854,3357336.8457315,0
BBWI.US,D,20160105,000000,58.052,59.5521,57.8168,59.317,3463424.172008,0
BBWI.US,D,20160106,000000,58.6108,59.2089,57.6014,58.1799,4178384.7221742,0
BBWI.US,D,20160107,000000,57.7854,59.8345,57.7264,59.3377,6288317.6750163,0
BBWI.US,D,20160108,000000,59.5994,59.8718,57.0723,57.3133,4155500.6902667,0
BBWI.US,D,20160111,000000,57.5651,58.1651,56.7418,57.1844,2549660.9454653,0
BBWI.US,D,20160112,000000,57.9291,59.5089,57.7568,58.475,3160512.4167048,0
BBWI.US,D,20160113,000000,58.5979,58.8862,56.5932,56.7103,2880861.8411853,0
BBWI.US,D,20160114,000000,56.6679,58.2724,55.7393,57.9085,3256260.1983795,0
BBWI.US,D,20160115,000000,56.7978,57.571,55.878,56.7653,4279829.3682624,0
BBWI.US,D,20160119,000000,57.2828,57.9527,56.6739,57.2631,3355663.5697099,0
BBWI.US,D,20160120,000000,56.4397,56.8873,54.5038,55.8073,3628186.9652861,0
BBWI.US,D,20160121,000000,55.9135,57.6084,55.5672,57.4047,3212186.7585788,0
BBWI.US,D,20160122,000000,57.9832,59.0239,57.5651,58.9669,4397441.5610368,0
BBWI.US,D,20160125,000000,58.9,59.257,58.356,58.5695,2851087.4903994,0
BBWI.US,D,20160126,000000,58.6108,59.4961,58.3098,58.8075,1824805.0922655,0
BBWI.US,D,20160127,000000,58.7888,58.8744,57.3506,57.7658,2253936.3478001,0
BBWI.US,D,20160128,000000,58.3785,58.6462,57.3988,58.0815,2242794.7286047,0
BBWI.US,D,20160129,000000,58.6766,59.5089,58.4258,59.1076,2805864.308691,0
BBWI.US,D,20160201,000000,58.8439,59.7164,58.6108,59.3603,4640823.9296191,0
BBWI.US,D,20160202,000000,59.138,59.8463,58.0884,58.5252,3145858.5443781,0
BBWI.US,D,20160203,000000,58.8567,58.9797,57.4982,58.5075,2848943.5419612,0
BBWI.US,D,20160204,000000,56.1879,57.1716,54.4241,54.4497,7908522.5859536,0
BBWI.US,D,20160205,000000,54.1801,54.1801,52.0023,52.2905,6880578.0940802,0
BBWI.US,D,20160208,000000,52.014,52.1114,49.1347,49.8637,8095028.8183713,0
BBWI.US,D,20160209,000000,49.6906,51.3746,49.6847,50.6005,6327272.6793563,0
BBWI.US,D,20160210,000000,50.8169,52.0318,50.7156,51.657,4856219.0793994,0
BBWI.US,D,20160211,000000,50.9073,52.2865,50.9073,51.6373,4781593.6119256,0
BBWI.US,D,20160212,000000,52.1302,52.622,48.7817,50.329,10051793.987839,0
BBWI.US,D,20160216,000000,50.927,51.2212,50.1332,51.2154,5177698.505743,0
BBWI.US,D,20160217,000000,51.6147,52.4508,51.5763,51.9403,5432190.9798166,0
BBWI.US,D,20160218,000000,51.539,53.1916,51.2154,53.1139,4406330.4586869,0
BBWI.US,D,20160219,000000,52.8079,53.345,52.2118,53.2643,3695674.0705347,0
BBWI.US,D,20160222,000000,53.2643,53.6087,52.6939,53.2712,5245641.0348418,0
BBWI.US,D,20160223,000000,53.2456,53.7847,52.8394,53.2496,3577145.947204,0
BBWI.US,D,20160224,000000,53.1139,53.2073,51.9491,52.7873,4661665.6701978,0
BBWI.US,D,20160225,000000,51.4947,54.5264,51.4248,54.3602,6948489.1094751,0
BBWI.US,D,20160226,000000,54.2668,54.7174,53.4552,53.5437,2957893.5324398,0
BBWI.US,D,20160229,000000,53.5565,54.5067,53.0411,53.8024,3352595.5581468,0
BBWI.US,D,20160301,000000,54.1861,55.1619,53.7011,55.1619,4705115.9519177,0
BBWI.US,D,20160302,000000,54.8195,55.5179,54.5787,55.3124,2570366.4655174,0
BBWI.US,D,20160303,000000,55.339,55.3655,54.0337,55.0025,3821013.2201983,0
BBWI.US,D,20160304,000000,55.2141,55.7964,55.0724,55.5249,2683176.3764417,0
BBWI.US,D,20160307,000000,55.2957,55.9272,54.1734,54.5028,4360124.2527301,0
BBWI.US,D,20160308,000000,54.3868,54.9662,54.2224,54.5343,3387555.4380856,0
BBWI.US,D,20160309,000000,54.6937,54.7861,54.0641,54.3946,1763789.4786044,0
BBWI.US,D,20160310,000000,54.7734,55.2239,54.1604,54.7783,1521033.3178164,0
BBWI.US,D,20160311,000000,55.2081,55.2957,54.4193,54.7734,1668491.0213535,0
BBWI.US,D,20160314,000000,54.5461,55.0734,54.4694,54.9258,1974154.6346093,0
BBWI.US,D,20160315,000000,54.8108,55.7256,54.7488,55.2081,2061531.9698922,0
BBWI.US,D,20160316,000000,55.0615,55.4905,54.7645,55.2633,1953615.8322167,0
BBWI.US,D,20160317,000000,54.5205,55.2239,54.2618,55.0615,2223563.2366395,0
BBWI.US,D,20160318,000000,55.2504,56.3296,55.1235,55.7256,4074729.0339556,0
BBWI.US,D,20160321,000000,55.7138,55.7472,54.9602,55.0615,1914540.8724875,0
BBWI.US,D,20160322,000000,54.918,54.9917,54.2107,54.3995,4488195.9454955,0
BBWI.US,D,20160323,000000,54.4133,54.4193,53.9383,54.128,5870180.6358684,0
BBWI.US,D,20160324,000000,54.0582,54.8688,53.9992,54.438,1855333.7388034,0
BBWI.US,D,20160328,000000,54.7428,55.6115,54.5874,55.0675,1813998.9415313,0
BBWI.US,D,20160329,000000,54.9415,55.2701,54.6367,55.1806,1662295.0205327,0
BBWI.US,D,20160330,000000,55.3783,56.1889,55.3715,56.0767,2241502.6667436,0
BBWI.US,D,20160331,000000,56.0256,56.3226,55.5732,55.7186,2222580.2123912,0
BBWI.US,D,20160401,000000,55.6499,56.3099,55.5042,55.8908,1764442.1172471,0
BBWI.US,D,20160404,000000,55.9056,56.0767,54.7174,55.0173,2118836.0824873,0
BBWI.US,D,20160405,000000,54.6671,54.7734,54.2294,54.3376,2017899.7219466,0
BBWI.US,D,20160406,000000,54.2421,55.0025,53.943,54.6367,2229582.3540898,0
BBWI.US,D,20160407,000000,54.5787,55.3075,53.1443,53.3981,4897490.8492637,0
BBWI.US,D,20160408,000000,52.6633,53.0175,50.6812,51.0815,8315201.8522957,0
BBWI.US,D,20160411,000000,51.2969,51.5753,50.2434,50.3083,5768454.3995871,0
BBWI.US,D,20160412,000000,49.0502,50.4273,48.1678,50.1755,14671463.072982,0
BBWI.US,D,20160413,000000,50.4038,50.8523,50.1539,50.6448,3129862.7982066,0
BBWI.US,D,20160414,000000,50.4903,51.4445,50.1864,51.3176,4351436.6361567,0
BBWI.US,D,20160415,000000,51.3993,52.2294,51.1642,52.2,5016334.1096336,0
BBWI.US,D,20160418,000000,51.9835,52.1292,51.1572,51.6344,3649175.0921026,0
BBWI.US,D,20160419,000000,51.7927,51.9718,50.2562,50.3408,4285696.0000485,0
BBWI.US,D,20160420,000000,50.0221,50.2562,49.056,49.5981,9341013.5780129,0
BBWI.US,D,20160421,000000,49.4181,49.9257,48.8741,48.9921,3233320.2550618,0
BBWI.US,D,20160422,000000,49.1318,49.185,48.511,48.7089,3360874.5131402,0
BBWI.US,D,20160425,000000,49.1023,49.7939,48.7089,49.4241,4153745.0719866,0
BBWI.US,D,20160426,000000,49.6601,49.9512,49.3118,49.7791,2260991.3511957,0
BBWI.US,D,20160427,000000,49.8794,50.0988,49.6679,50.0092,2417640.8905689,0
BBWI.US,D,20160428,000000,50.2818,50.8189,49.9788,50.447,4358581.0978086,0
BBWI.US,D,20160429,000000,50.1932,50.2247,49.178,49.6807,3197093.7275393,0
BBWI.US,D,20160502,000000,49.8637,50.7903,49.7319,50.4726,3303206.4680932,0
BBWI.US,D,20160503,000000,50.4726,50.4726,49.6207,50.2306,2675696.4463286,0
BBWI.US,D,20160504,000000,49.9571,50.8897,49.6965,50.8779,3703222.1109111,0
BBWI.US,D,20160505,000000,46.0184,46.5585,44.5075,44.7554,27053910.979407,0
BBWI.US,D,20160506,000000,44.8202,44.8202,43.7854,44.1592,9720866.5497431,0
BBWI.US,D,20160509,000000,43.9734,44.9659,43.9378,44.4386,6124599.9168232,0
BBWI.US,D,20160510,000000,44.1208,44.4386,43.6241,43.8867,4509592.7338919,0
BBWI.US,D,20160511,000000,43.3781,43.746,42.785,42.7949,4476747.3218297,0
BBWI.US,D,20160512,000000,42.7427,43.0605,42.5106,42.782,3604718.4049993,0
BBWI.US,D,20160513,000000,42.67,43.1647,42.2745,42.3492,5998522.7365451,0
BBWI.US,D,20160516,000000,42.2607,42.67,42.1141,42.1141,7105793.3206331,0
BBWI.US,D,20160517,000000,42.4516,42.9346,41.2465,41.4807,7420860.2165129,0
BBWI.US,D,20160518,000000,41.0684,41.1806,39.9716,40.4723,10128891.756215,0
BBWI.US,D,20160519,000000,38.0741,40.1803,38.0741,38.4657,16269805.605961,0
BBWI.US,D,20160520,000000,38.8856,40.668,38.7578,40.3199,9143595.4714671,0
BBWI.US,D,20160523,000000,40.3966,40.611,39.824,40.1536,5642958.6979749,0
BBWI.US,D,20160524,000000,40.8334,40.9996,40.5304,40.7773,8241815.5849861,0
BBWI.US,D,20160525,000000,40.7704,42.1781,40.7704,41.9774,6736184.3358219,0
BBWI.US,D,20160526,000000,42.1781,42.2558,41.8849,42.1653,6544773.1478733,0
BBWI.US,D,20160527,000000,42.1348,43.1067,42.0718,43.0997,6208759.8045921,0
BBWI.US,D,20160531,000000,42.9286,43.5808,42.6797,43.4991,8609728.9292117,0
BBWI.US,D,20160601,000000,43.1382,44.0127,43.0753,43.7943,6968380.3560805,0
BBWI.US,D,20160602,000000,44.6835,45.74,44.2163,45.6603,8437410.9795594,0
BBWI.US,D,20160603,000000,45.4726,45.746,45.4193,45.4636,4776612.4135627,0
BBWI.US,D,20160606,000000,45.3249,45.624,44.8065,45.0858,5265828.1036358,0
BBWI.US,D,20160607,000000,44.8242,45.1764,44.8115,44.9756,4387112.182146,0
BBWI.US,D,20160608,000000,45.0033,45.1439,44.4091,44.6569,3986138.929357,0
BBWI.US,D,20160609,000000,44.5861,44.6009,43.7028,44.1838,2985374.4988365,0
BBWI.US,D,20160610,000000,43.568,43.934,43.269,43.7884,2420666.206146,0
BBWI.US,D,20160613,000000,43.5759,43.9861,43.0633,43.0633,3732329.591059,0
BBWI.US,D,20160614,000000,43.3191,43.3191,42.0433,42.4486,3959451.9049851,0
BBWI.US,D,20160615,000000,42.6985,43.9418,42.5686,43.4677,4130157.5728816,0
BBWI.US,D,20160616,000000,43.4677,43.5051,42.8509,43.4037,2547001.5954822,0
BBWI.US,D,20160617,000000,43.4481,44.4337,43.3191,43.7097,4150912.9049173,0
BBWI.US,D,20160620,000000,44.0166,44.1907,43.3634,43.4166,2962980.4541965,0
BBWI.US,D,20160621,000000,43.5611,43.8848,43.1963,43.6517,3416822.5198954,0
BBWI.US,D,20160622,000000,43.6517,44.2419,43.6517,43.9418,2608124.9656792,0
BBWI.US,D,20160623,000000,44.3569,44.5104,44.0166,44.2665,2724780.5650539,0
BBWI.US,D,20160624,000000,42.9493,43.5306,42.9365,43.1963,7070928.9983772,0
BBWI.US,D,20160627,000000,42.8962,43.0466,41.3616,41.7767,4032864.6031433,0
BBWI.US,D,20160628,000000,41.1796,42.2322,41.1638,41.9252,3628725.7479663,0
BBWI.US,D,20160629,000000,42.2439,43.5454,42.0964,42.9414,3386656.7892381,0
BBWI.US,D,20160630,000000,43.0201,43.153,42.4623,42.9749,3378529.3033379,0
BBWI.US,D,20160701,000000,42.8047,43.631,42.5686,43.2307,3537388.8682704,0
BBWI.US,D,20160705,000000,42.9296,43.4097,42.482,42.9169,3232647.2849972,0
BBWI.US,D,20160706,000000,42.7053,43.8572,42.5558,43.8317,3698597.7290024,0
BBWI.US,D,20160707,000000,43.7097,43.9211,42.6985,43.1647,5727005.7463523,0
BBWI.US,D,20160708,000000,43.7943,44.7072,43.7097,44.2862,3198456.949377,0
BBWI.US,D,20160711,000000,44.415,44.7278,44.3107,44.4337,2111687.5545511,0
BBWI.US,D,20160712,000000,44.6185,45.3102,44.5734,45.2207,2941857.1234245,0
BBWI.US,D,20160713,000000,45.3929,45.4439,44.6255,44.8902,1296333.4928085,0
BBWI.US,D,20160714,000000,45.1635,45.1822,44.4838,44.7219,1754707.4324465,0
BBWI.US,D,20160715,000000,44.8065,44.9728,44.4012,44.4661,1916417.4627279,0
BBWI.US,D,20160718,000000,44.7072,45.1311,44.476,45.0731,2641983.8991228,0
BBWI.US,D,20160719,000000,44.9266,45.4193,44.7328,45.0101,1840192.9289224,0
BBWI.US,D,20160720,000000,45.1115,45.4193,44.9599,45.2542,2450133.5524614,0
BBWI.US,D,20160721,000000,45.3377,45.7332,45.1311,45.3102,2337626.5797232,0
BBWI.US,D,20160722,000000,45.1115,45.9436,45.0731,45.8719,2977312.0734862,0
BBWI.US,D,20160725,000000,45.9948,47.7862,45.8374,47.4478,5600953.9803516,0
BBWI.US,D,20160726,000000,47.4733,47.9288,47.1861,47.5382,2882029.8813729,0
BBWI.US,D,20160727,000000,47.5382,48.0103,46.7817,47.0907,3541991.9021861,0
BBWI.US,D,20160728,000000,46.9687,47.3858,46.5978,47.2116,1661414.6699648,0
BBWI.US,D,20160729,000000,47.0907,47.4478,46.6293,47.31,1746532.1677047,0
BBWI.US,D,20160801,000000,47.3602,47.7301,46.9638,47.615,2498732.7667747,0
BBWI.US,D,20160802,000000,47.615,47.615,46.231,46.2574,2516528.8603545,0
BBWI.US,D,20160803,000000,45.4636,46.652,45.0662,46.4257,3956112.4689399,0
BBWI.US,D,20160804,000000,47.0061,47.4783,46.3774,46.6087,3797317.9645573,0
BBWI.US,D,20160805,000000,46.9165,47.8136,46.642,47.7685,3197032.7332737,0
BBWI.US,D,20160808,000000,47.9219,48.0763,47.2185,47.3474,2901447.4058483,0
BBWI.US,D,20160809,000000,46.9431,46.9431,46.0076,46.1158,2520154.9694484,0
BBWI.US,D,20160810,000000,46.3657,46.8841,46.0784,46.3774,2053076.1315284,0
BBWI.US,D,20160811,000000,46.9687,48.2416,46.6608,47.2442,2546058.2175066,0
BBWI.US,D,20160812,000000,47.2943,47.6789,46.9371,47.1536,1819939.7830074,0
BBWI.US,D,20160815,000000,47.3602,47.7182,47.0582,47.5885,2453206.64688,0
BBWI.US,D,20160816,000000,47.5451,47.5885,47.1162,47.5058,2174353.0630985,0
BBWI.US,D,20160817,000000,47.3307,47.8353,46.7907,47.7959,3336261.2938009,0
BBWI.US,D,20160818,000000,49.5843,50.6438,48.7904,50.2542,8547526.9770833,0
BBWI.US,D,20160819,000000,50.3841,50.8249,49.607,50.1854,5271610.3600212,0
BBWI.US,D,20160822,000000,50.8936,51.416,50.1392,50.3526,4017430.004216,0
BBWI.US,D,20160823,000000,50.6172,50.8376,49.6158,50.2041,3041387.5661418,0
BBWI.US,D,20160824,000000,50.1215,50.4225,49.7064,49.8676,2555455.4007037,0
BBWI.US,D,20160825,000000,49.6552,50.1569,49.4161,49.6492,2123203.2719091,0
BBWI.US,D,20160826,000000,49.7279,49.8499,49.0158,49.2164,1486387.5583458,0
BBWI.US,D,20160829,000000,49.3591,49.7664,49.3384,49.5843,1592648.7182795,0
BBWI.US,D,20160830,000000,49.3591,49.5785,48.9578,49.3444,2441587.2392701,0
BBWI.US,D,20160831,000000,49.0797,49.5381,48.8613,49.185,2877671.8410909,0
BBWI.US,D,20160901,000000,49.6355,50.0458,47.8549,48.2799,3591105.5014733,0
BBWI.US,D,20160902,000000,48.3656,48.8564,47.8353,47.8826,2474307.6130878,0
BBWI.US,D,20160906,000000,47.8826,47.9199,47.0671,47.3248,2355604.639529,0
BBWI.US,D,20160907,000000,47.19,47.7065,46.8634,47.6995,2723697.9168383,0
BBWI.US,D,20160908,000000,47.6346,47.8482,47.1832,47.3307,1790791.6400156,0
BBWI.US,D,20160909,000000,47.0798,47.1625,46.099,46.099,1841646.6255876,0
BBWI.US,D,20160912,000000,45.7647,47.2097,45.6603,47.0798,2344598.2242892,0
BBWI.US,D,20160913,000000,46.6785,46.9028,46.1394,46.4866,2050096.5616505,0
BBWI.US,D,20160914,000000,46.345,46.5516,45.7312,46.1326,2590417.3137847,0
BBWI.US,D,20160915,000000,45.8719,46.6785,45.5944,46.4227,1705470.8280569,0
BBWI.US,D,20160916,000000,46.223,46.5388,45.9259,46.3893,4463626.4387133,0
BBWI.US,D,20160919,000000,46.6145,46.8939,46.5073,46.591,1523650.9883847,0
BBWI.US,D,20160920,000000,46.6854,47.1458,46.467,46.6145,1791838.708243,0
BBWI.US,D,20160921,000000,46.647,47.1192,46.1817,47.0415,1755472.9104805,0
BBWI.US,D,20160922,000000,47.2284,48.0557,47.2284,47.9376,3055771.0305574,0
BBWI.US,D,20160923,000000,47.8019,49.0088,47.7507,48.5307,3658929.091754,0
BBWI.US,D,20160926,000000,48.216,48.2504,47.2225,47.3248,3410591.9556575,0
BBWI.US,D,20160927,000000,47.4605,47.7507,47.0208,47.1369,2708158.6110882,0
BBWI.US,D,20160928,000000,47.0671,47.1812,45.5699,45.7902,4380950.7447425,0
BBWI.US,D,20160929,000000,45.8335,45.8856,45.0081,45.08,5229641.222386,0
BBWI.US,D,20160930,000000,45.2216,45.8404,44.7435,45.6732,3175439.746656,0
BBWI.US,D,20161003,000000,45.7312,45.739,45.1705,45.2098,2522494.0995367,0
BBWI.US,D,20161004,000000,45.3122,45.6357,44.9639,45.4026,2760397.1499197,0
BBWI.US,D,20161005,000000,45.681,46.1394,45.4173,45.5129,2739783.1212661,0
BBWI.US,D,20161006,000000,46.1453,46.3057,45.7647,45.9259,4304625.5703987,0
BBWI.US,D,20161007,000000,46.2713,46.9648,45.9584,45.9712,4072028.0045576,0
BBWI.US,D,20161010,000000,46.1453,46.4925,46.1394,46.3107,1966481.5559883,0
BBWI.US,D,20161011,000000,46.3568,46.4541,45.4743,45.5316,2195538.4047072,0
BBWI.US,D,20161012,000000,45.7105,47.3209,45.6603,47.1369,3274926.4768162,0
BBWI.US,D,20161013,000000,46.8152,47.1694,45.9368,46.9175,3107386.4113079,0
BBWI.US,D,20161014,000000,47.1507,47.4526,46.8752,47.2609,2933665.5935453,0
BBWI.US,D,20161017,000000,47.0945,47.131,46.5585,46.6283,1894651.6590242,0
BBWI.US,D,20161018,000000,47.0101,47.0415,46.345,46.5251,2239613.8776501,0
BBWI.US,D,20161019,000000,46.5191,46.8939,45.9053,46.77,1784539.7277848,0
BBWI.US,D,20161020,000000,46.6539,46.8349,46.3174,46.6205,1655737.1204023,0
BBWI.US,D,20161021,000000,46.2948,46.9175,46.104,46.7907,1368259.9640264,0
BBWI.US,D,20161024,000000,47.0278,47.3848,46.8104,47.2352,1322918.860071,0
BBWI.US,D,20161025,000000,46.8801,47.0878,46.3519,46.9333,1790344.3487341,0
BBWI.US,D,20161026,000000,46.647,47.3149,46.6195,46.9648,1678418.854662,0
BBWI.US,D,20161027,000000,47.2097,47.2923,46.7562,46.9451,2143588.5720666,0
BBWI.US,D,20161028,000000,46.7464,48.0557,46.7394,47.5698,3378579.1153215,0
BBWI.US,D,20161031,000000,47.4674,47.5835,46.3244,46.591,4504717.2589229,0
BBWI.US,D,20161101,000000,43.0023,43.4047,41.9833,42.9179,19032446.328286,0
BBWI.US,D,20161102,000000,42.6326,43.214,42.2588,42.3749,5302665.590386,0
BBWI.US,D,20161103,000000,42.3236,42.8716,41.9341,42.0079,2941533.8538165,0
BBWI.US,D,20161104,000000,42.1495,42.6394,41.8829,41.9489,2881204.4256442,0
BBWI.US,D,20161107,000000,42.1446,42.7309,42.0591,42.4072,4085114.3242568,0
BBWI.US,D,20161108,000000,42.3552,42.482,41.8142,42.0659,4350084.5966011,0
BBWI.US,D,20161109,000000,41.156,43.0496,40.4644,42.9041,3862587.9282487,0
BBWI.US,D,20161110,000000,43.2277,44.3589,43.2277,43.9674,4106686.9794525,0
BBWI.US,D,20161111,000000,43.8031,44.6795,43.5877,44.6402,2531332.168632,0
BBWI.US,D,20161114,000000,45.1764,45.9191,45.1764,45.3948,5353623.2496384,0
BBWI.US,D,20161115,000000,45.6525,45.8719,43.8867,44.3442,3318055.5220701,0
BBWI.US,D,20161116,000000,44.6432,44.8586,43.7323,44.2272,5087854.968985,0
BBWI.US,D,20161117,000000,42.9709,45.4429,42.3207,45.3416,6126906.5166365,0
BBWI.US,D,20161118,000000,45.2029,46.1747,44.6629,45.686,4095641.9345111,0
BBWI.US,D,20161121,000000,45.6584,45.8866,44.9304,45.0583,2340066.35035,0
BBWI.US,D,20161122,000000,45.5286,46.16,45.2432,46.1129,2949953.0956209,0
BBWI.US,D,20161123,000000,45.8472,46.9481,45.8472,46.9284,3426065.1842863,0
BBWI.US,D,20161125,000000,47.1832,47.4034,46.4464,46.7513,2299506.1802518,0
BBWI.US,D,20161128,000000,47.0139,47.6907,46.6745,46.7257,4523810.4972192,0
BBWI.US,D,20161129,000000,46.8181,47.5146,46.7011,46.8447,3501401.2349551,0
BBWI.US,D,20161130,000000,46.7847,46.7847,45.6122,45.7184,4883630.9189617,0
BBWI.US,D,20161201,000000,45.7047,47.5992,45.686,47.0474,4196233.6774509,0
BBWI.US,D,20161202,000000,46.9538,47.4418,46.7257,46.8181,2506529.8670692,0
BBWI.US,D,20161205,000000,47.0651,47.4881,46.6293,46.8565,2148746.6537999,0
BBWI.US,D,20161206,000000,46.8761,47.0188,46.3361,46.9932,2529587.732634,0
BBWI.US,D,20161207,000000,47.0651,48.5888,46.9107,48.575,2276208.4039088,0
BBWI.US,D,20161208,000000,48.699,49.1554,48.4256,48.9066,2260496.2810727,0
BBWI.US,D,20161209,000000,48.7521,49.1033,48.0143,48.4137,2043554.9266577,0
BBWI.US,D,20161212,000000,48.0813,48.3419,47.2009,47.5333,1864666.8780218,0
BBWI.US,D,20161213,000000,47.7615,47.853,46.8251,47.0651,2779207.7814517,0
BBWI.US,D,20161214,000000,47.2539,47.4034,46.5191,47.0061,2441372.7427693,0
BBWI.US,D,20161215,000000,47.13,47.5088,46.4532,46.4916,2702895.8225322,0
BBWI.US,D,20161216,000000,46.5516,46.6215,44.7328,45.1715,6268881.8522612,0
BBWI.US,D,20161219,000000,45.1715,45.6122,44.8124,45.0525,2909221.1250077,0
BBWI.US,D,20161220,000000,45.1645,45.6584,45.1645,45.4243,2518628.0796644,0
BBWI.US,D,20161221,000000,45.379,45.7047,44.7012,44.7475,2547304.5336684,0
BBWI.US,D,20161222,000000,44.598,44.7849,43.087,43.3674,3731144.2691628,0
BBWI.US,D,20161223,000000,43.4716,43.8504,43.2375,43.4194,1343585.7504215,0
BBWI.US,D,20161227,000000,43.5296,43.6378,43.1076,43.27,1666383.6694746,0
BBWI.US,D,20161228,000000,43.3349,43.6083,42.7545,43.0437,1348875.9863971,0
BBWI.US,D,20161229,000000,43.087,43.4854,42.9572,43.1569,1534647.2379135,0
BBWI.US,D,20161230,000000,43.1382,43.3024,42.541,42.8666,2203770.5974302,0
BBWI.US,D,20170103,000000,42.5519,43.6211,42.5519,43.3477,4313896.6987802,0
BBWI.US,D,20170104,000000,43.6211,44.5566,43.6211,43.8444,4955208.7062944,0
BBWI.US,D,20170105,000000,42.0915,42.2597,39.7139,40.3917,12489046.567963,0
BBWI.US,D,20170106,000000,40.0592,40.2363,39.7208,39.8635,6331106.1689535,0
BBWI.US,D,20170109,000000,39.8005,40.3209,39.4936,39.9116,3898572.5118506,0
BBWI.US,D,20170110,000000,39.7522,40.5816,39.5988,39.9432,3208270.926723,0
BBWI.US,D,20170111,000000,39.9047,40.0857,39.4217,39.8899,3723683.6539005,0
BBWI.US,D,20170112,000000,39.6933,39.8388,39.1295,39.5279,3521478.514071,0
BBWI.US,D,20170113,000000,39.3892,39.7287,39.0981,39.5142,3265088.1017639,0
BBWI.US,D,20170117,000000,39.6175,40.5225,39.6175,39.8054,3651888.3203538,0
BBWI.US,D,20170118,000000,39.825,40.3337,39.1611,40.2825,4371985.6042603,0
BBWI.US,D,20170119,000000,40.249,40.3661,39.2585,39.6608,3657401.185399,0
BBWI.US,D,20170120,000000,39.7335,40.0896,39.5653,39.9362,3239236.6988315,0
BBWI.US,D,20170123,000000,39.8979,40.0809,39.4866,39.8172,2919102.1960459,0
BBWI.US,D,20170124,000000,40.0415,40.2953,39.8635,40.066,3114651.8449201,0
BBWI.US,D,20170125,000000,40.2156,40.5225,40.1053,40.2667,2683893.0590633,0
BBWI.US,D,20170126,000000,40.2825,40.4025,39.6745,39.8841,4177320.3722383,0
BBWI.US,D,20170127,000000,39.9962,40.1369,38.2492,38.4184,5750221.1804367,0
BBWI.US,D,20170130,000000,38.3869,38.563,38.0209,38.2236,7570402.9073647,0
BBWI.US,D,20170131,000000,37.8921,39.2279,37.8793,39.1995,6838565.243888,0
BBWI.US,D,20170201,000000,39.2841,39.3235,38.1468,38.2817,5120932.1592568,0
BBWI.US,D,20170202,000000,38.1006,39.3628,37.4219,38.5934,6398169.3640556,0
BBWI.US,D,20170203,000000,38.6672,39.0725,38.2688,38.7892,2929701.9828479,0
BBWI.US,D,20170206,000000,38.7508,38.9397,38.2875,38.5108,2846860.5877886,0
BBWI.US,D,20170207,000000,38.6555,38.8099,37.8921,37.9442,3609714.8519286,0
BBWI.US,D,20170208,000000,38.0416,38.3092,37.8262,38.1901,4254833.9181916,0
BBWI.US,D,20170209,000000,38.2443,38.9978,38.0809,38.3603,5564274.062121,0
BBWI.US,D,20170210,000000,38.381,38.9869,38.0691,38.3603,5144706.7074431,0
BBWI.US,D,20170213,000000,38.6555,38.8502,37.6136,37.6442,4882211.7857139,0
BBWI.US,D,20170214,000000,37.6333,38.2157,37.5016,37.8517,5901263.3136529,0
BBWI.US,D,20170215,000000,37.9511,38.4057,37.8517,38.2993,4744295.6184696,0
BBWI.US,D,20170216,000000,38.326,38.4981,37.597,37.8134,4520372.4537776,0
BBWI.US,D,20170217,000000,37.4101,37.838,36.8455,37.833,5877868.9630559,0
BBWI.US,D,20170221,000000,38.0771,38.6515,37.778,37.957,6493852.0851803,0
BBWI.US,D,20170222,000000,37.957,38.3662,37.6236,38.2403,9098761.6364878,0
BBWI.US,D,20170223,000000,33.2215,33.551,31.5295,32.1964,42249860.693156,0
BBWI.US,D,20170224,000000,32.0509,33.9328,31.9377,33.5441,16274816.284886,0
BBWI.US,D,20170227,000000,33.3661,34.7216,33.2352,34.4659,9430301.0503823,0
BBWI.US,D,20170228,000000,34.4659,34.6696,33.9505,34.6163,7476201.3303246,0
BBWI.US,D,20170301,000000,34.82,34.9912,34.2819,34.7473,6144090.6344174,0
BBWI.US,D,20170302,000000,35.0305,35.3306,34.7343,35.1368,8348522.0030591,0
BBWI.US,D,20170303,000000,35.0236,35.1751,33.9632,34.4325,4937649.4737796,0
BBWI.US,D,20170306,000000,34.2819,34.3911,33.6701,33.8382,5954163.6402668,0
BBWI.US,D,20170307,000000,33.6946,34.0292,32.893,33.006,5442693.1757936,0
BBWI.US,D,20170308,000000,32.9392,33.6337,32.8388,33.49,5676259.5338877,0
BBWI.US,D,20170309,000000,33.3927,33.5441,32.7965,32.9333,4069333.0745862,0
BBWI.US,D,20170310,000000,33.1948,33.2698,32.8457,33.0897,5168370.4493801,0
BBWI.US,D,20170313,000000,33.0897,33.6337,32.5761,32.7936,6101626.4266593,0
BBWI.US,D,20170314,000000,32.6224,33.1664,32.5624,32.9824,3524642.0833169,0
BBWI.US,D,20170315,000000,32.9333,33.4645,32.6893,33.3405,4875369.245677,0
BBWI.US,D,20170316,000000,33.3602,33.5382,32.7355,32.8713,5910845.5127893,0
BBWI.US,D,20170317,000000,33.49,33.7291,33.1948,33.6701,15641451.830188,0
BBWI.US,D,20170320,000000,33.7163,33.737,32.9333,33.1948,5381261.7845549,0
BBWI.US,D,20170321,000000,33.3336,33.3465,31.9122,32.3529,6446138.3042903,0
BBWI.US,D,20170322,000000,31.9318,32.0302,31.1419,31.4842,7593545.1483302,0
BBWI.US,D,20170323,000000,31.5295,31.738,31.3918,31.6229,4431471.2784242,0
BBWI.US,D,20170324,000000,31.682,31.7086,31.0741,31.2276,3759950.8442668,0
BBWI.US,D,20170327,000000,31.0377,31.6376,30.8725,31.3751,5888168.861385,0
BBWI.US,D,20170328,000000,31.1951,31.4655,30.7603,31.4262,6473286.8519392,0
BBWI.US,D,20170329,000000,31.3868,32.1689,31.3338,31.7883,4638683.0308942,0
BBWI.US,D,20170330,000000,31.6436,31.7803,31.1351,31.2551,6718750.1415517,0
BBWI.US,D,20170331,000000,31.3672,31.7136,30.9373,30.9835,5468930.8757419,0
BBWI.US,D,20170403,000000,30.9835,31.0583,30.1031,30.1287,7472536.591529,0
BBWI.US,D,20170404,000000,29.6891,29.6959,28.6621,28.7939,12811692.00135,0
BBWI.US,D,20170405,000000,28.9453,29.0112,28.3138,28.3531,10227715.682021,0
BBWI.US,D,20170406,000000,30.0963,31.5777,30.0431,31.4794,22583151.261323,0
BBWI.US,D,20170407,000000,31.379,31.7479,30.7878,31.0712,11246163.36673,0
BBWI.US,D,20170410,000000,31.0652,31.7479,31.0249,31.2471,5440527.8793624,0
BBWI.US,D,20170411,000000,31.2806,31.5572,30.9255,31.5432,5553298.1440139,0
BBWI.US,D,20170412,000000,31.1951,31.5413,31.0318,31.4518,4194685.439674,0
BBWI.US,D,20170413,000000,31.3603,31.4794,31.1114,31.2216,4490933.5714529,0
BBWI.US,D,20170417,000000,31.2806,31.4971,31.1479,31.4577,3692394.6121839,0
BBWI.US,D,20170418,000000,31.3465,31.6229,31.0505,31.4262,3130288.7414952,0
BBWI.US,D,20170419,000000,31.5295,32.1552,31.4902,31.9053,4207787.0079396,0
BBWI.US,D,20170420,000000,32.2339,33.1034,32.2339,32.6686,5110575.3329464,0
BBWI.US,D,20170421,000000,32.6224,32.8792,32.346,32.7877,4664862.78629,0
BBWI.US,D,20170424,000000,33.1368,33.4055,32.7473,33.3465,7551755.9437788,0
BBWI.US,D,20170425,000000,33.3858,33.5766,33.068,33.2864,4173163.613033,0
BBWI.US,D,20170426,000000,33.9779,34.4039,33.737,34.216,6267280.7527873,0
BBWI.US,D,20170427,000000,34.2091,34.6105,34.1166,34.333,5675281.5924947,0
BBWI.US,D,20170428,000000,34.2681,34.7856,34.1236,34.7413,7609894.6612425,0
BBWI.US,D,20170501,000000,34.8063,34.8653,33.9849,34.1501,5201244.3254332,0
BBWI.US,D,20170502,000000,34.1963,34.7216,33.9445,34.6892,4968116.1094808,0
BBWI.US,D,20170503,000000,34.6419,34.9971,34.4039,34.939,8749056.0971351,0
BBWI.US,D,20170504,000000,33.6228,33.7763,32.287,32.524,12232505.703134,0
BBWI.US,D,20170505,000000,32.7473,33.6169,32.4964,33.6031,6244658.9962221,0
BBWI.US,D,20170508,000000,33.6878,34.3587,33.551,34.2465,7161134.4344449,0
BBWI.US,D,20170509,000000,34.2298,34.8997,34.1039,34.7993,5257377.3481275,0
BBWI.US,D,20170510,000000,34.7679,35.307,34.696,35.1368,4054257.3252553,0
BBWI.US,D,20170511,000000,34.8327,34.9517,33.1811,33.4507,5861487.9364397,0
BBWI.US,D,20170512,000000,33.3258,33.4005,32.4187,32.5978,8248673.3735893,0
BBWI.US,D,20170515,000000,32.768,33.2765,32.4907,32.5761,4940717.4853427,0
BBWI.US,D,20170516,000000,32.227,32.3323,31.682,31.7676,6724699.1155966,0
BBWI.US,D,20170517,000000,31.8473,31.9909,31.2629,31.8403,9443090.5313217,0
BBWI.US,D,20170518,000000,34.0645,34.9517,32.3863,32.6893,13147643.333796,0
BBWI.US,D,20170519,000000,32.8713,32.9785,31.4045,32.227,7207994.2956155,0
BBWI.US,D,20170522,000000,32.3587,33.2765,32.2496,33.1211,4905459.7500733,0
BBWI.US,D,20170523,000000,33.1291,33.2698,32.834,32.9903,4144865.3234763,0
BBWI.US,D,20170524,000000,33.068,33.0828,32.5694,32.6146,3218375.643402,0
BBWI.US,D,20170525,000000,32.9657,33.4448,32.6371,33.068,4049831.1747099,0
BBWI.US,D,20170526,000000,33.1291,33.3798,32.6441,33.2284,3279571.1901468,0
BBWI.US,D,20170530,000000,33.2215,33.7428,33.0227,33.7084,5551792.602223,0
BBWI.US,D,20170531,000000,33.6946,34.3872,33.3278,34.3468,7625666.7617733,0
BBWI.US,D,20170601,000000,34.5012,35.4457,34.4049,35.1653,6543890.7641632,0
BBWI.US,D,20170602,000000,35.1004,35.2321,34.5012,34.9124,4463265.5559748,0
BBWI.US,D,20170605,000000,34.82,34.8397,34.3193,34.5279,4051469.8873143,0
BBWI.US,D,20170606,000000,34.2928,34.4127,33.1948,33.4871,5736103.0410768,0
BBWI.US,D,20170607,000000,33.5077,34.1088,33.3965,34.0626,3477452.8531117,0
BBWI.US,D,20170608,000000,34.2888,34.4522,33.4871,33.5874,3277100.9223872,0
BBWI.US,D,20170609,000000,33.7772,35.0394,33.5432,34.813,3855817.5647595,0
BBWI.US,D,20170612,000000,34.8663,36.7638,34.8663,35.8175,7074193.2081615,0
BBWI.US,D,20170613,000000,35.844,35.9936,35.2253,35.6856,2186325.2208781,0
BBWI.US,D,20170614,000000,35.6856,35.6856,34.6469,35.1731,3675046.8264568,0
BBWI.US,D,20170615,000000,35.0049,35.239,34.1019,34.6586,4245830.1480079,0
BBWI.US,D,20170616,000000,34.5347,34.76,33.4477,34.3193,5758894.5650148,0
BBWI.US,D,20170619,000000,34.4934,34.5416,33.4222,34.5279,3557650.1467543,0
BBWI.US,D,20170620,000000,34.5279,34.9056,33.7084,34.8927,5373939.4229614,0
BBWI.US,D,20170621,000000,34.8397,35.0856,34.0488,34.2681,3366877.365453,0
BBWI.US,D,20170622,000000,34.2681,35.6591,34.095,35.18,3738361.9239335,0
BBWI.US,D,20170623,000000,35.1004,35.6315,34.884,35.5864,4462260.1671624,0
BBWI.US,D,20170626,000000,35.5931,36.0713,35.5725,35.7525,2330221.8758711,0
BBWI.US,D,20170627,000000,35.7693,36.6153,35.7693,36.2188,3951424.0430521,0
BBWI.US,D,20170628,000000,36.2778,36.8425,36.0584,36.1175,3267302.1936077,0
BBWI.US,D,20170629,000000,36.3702,36.7303,35.6521,36.0713,3508910.6456301,0
BBWI.US,D,20170630,000000,36.2572,36.4057,35.7378,35.8705,5179393.1297575,0
BBWI.US,D,20170703,000000,36.1765,37.0766,36.1451,36.9882,1867237.7863197,0
BBWI.US,D,20170705,000000,36.9959,37.2615,35.6718,36.0191,5576107.9662317,0
BBWI.US,D,20170706,000000,33.011,33.2431,30.7494,30.9452,21488296.060013,0
BBWI.US,D,20170707,000000,31.0927,31.498,29.9025,30.0274,15208628.388439,0
BBWI.US,D,20170710,000000,29.9664,30.0471,29.1824,29.389,10946704.903435,0
BBWI.US,D,20170711,000000,29.389,29.507,28.8558,29.1489,7117338.5185531,0
BBWI.US,D,20170712,000000,29.4411,29.4864,28.9237,29.4027,5638784.6570611,0
BBWI.US,D,20170713,000000,29.6132,30.3255,29.568,30.2074,6455794.7131166,0
BBWI.US,D,20170714,000000,30.2881,30.5547,30.1878,30.3195,3714681.916859,0
BBWI.US,D,20170717,000000,30.3865,30.8262,30.2341,30.2734,3186536.6367232,0
BBWI.US,D,20170718,000000,30.2074,30.2734,29.5346,29.7214,4054397.6120663,0
BBWI.US,D,20170719,000000,29.2956,29.7943,29.1421,29.6743,3905339.8256265,0
BBWI.US,D,20170720,000000,29.7353,30.1011,29.4736,29.986,2531265.0749398,0
BBWI.US,D,20170721,000000,29.9093,30.0599,29.5936,29.9143,3379288.6819454,0
BBWI.US,D,20170724,000000,29.6959,29.7883,29.3763,29.4617,2930194.0032578,0
BBWI.US,D,20170725,000000,29.6005,30.6531,29.6005,30.2418,4507879.8115977,0
BBWI.US,D,20170726,000000,30.2144,30.3008,29.7883,29.9615,2549628.4151903,0
BBWI.US,D,20170727,000000,29.9547,30.7465,29.6546,30.599,4050935.1709185,0
BBWI.US,D,20170728,000000,30.539,30.7524,30.0393,30.3923,3495707.420255,0
BBWI.US,D,20170731,000000,30.4248,30.9452,30.0314,30.8783,4932790.2639481,0
BBWI.US,D,20170801,000000,30.8783,31.0612,30.5606,30.7986,3658202.2434214,0
BBWI.US,D,20170802,000000,30.6747,30.9718,29.3763,29.4943,6630710.0019154,0
BBWI.US,D,20170803,000000,28.0227,29.3437,27.4787,27.6891,17830442.500476,0
BBWI.US,D,20170804,000000,27.9765,28.8843,27.9065,28.8223,9812784.9081049,0
BBWI.US,D,20170807,000000,28.8223,29.0015,28.4762,28.8686,3861467.6669025,0
BBWI.US,D,20170808,000000,29.0142,29.2817,28.3138,28.4033,4409086.382924,0
BBWI.US,D,20170809,000000,28.2498,28.6689,27.7914,28.3975,3641478.6323463,0
BBWI.US,D,20170810,000000,27.9823,28.1889,27.4383,27.4511,7515768.3104635,0
BBWI.US,D,20170811,000000,27.218,27.8436,27.1374,27.2131,5636871.4702613,0
BBWI.US,D,20170814,000000,27.3576,27.64,26.9533,26.9996,6696039.9433013,0
BBWI.US,D,20170815,000000,26.7793,26.8186,25.9598,25.9932,7421970.3121479,0
BBWI.US,D,20170816,000000,26.2796,26.9464,26.0345,26.3258,11888999.214315,0
BBWI.US,D,20170817,000000,24.4203,25.3932,23.656,25.3814,37057326.34886,0
BBWI.US,D,20170818,000000,25.3864,25.4611,24.2275,24.4686,10427564.410053,0
BBWI.US,D,20170821,000000,24.4341,24.8197,24.1321,24.5305,5981560.2312628,0
BBWI.US,D,20170822,000000,24.7311,24.9279,24.4853,24.8325,5086676.7630865,0
BBWI.US,D,20170823,000000,24.6574,24.9408,24.2708,24.4203,4569340.6833982,0
BBWI.US,D,20170824,000000,24.7244,25.2122,24.3416,24.504,6336325.2449525,0
BBWI.US,D,20170825,000000,24.5944,25.0185,24.4686,24.7104,4510012.5777539,0
BBWI.US,D,20170828,000000,24.8069,24.8679,24.3524,24.6347,3117485.0285603,0
BBWI.US,D,20170829,000000,24.3456,24.7244,24.2089,24.683,4542063.0312203,0
BBWI.US,D,20170830,000000,24.7244,24.981,24.3386,24.3731,5447123.3926234,0
BBWI.US,D,20170831,000000,24.6013,24.7921,24.319,24.4823,6695004.0573561,0
BBWI.US,D,20170901,000000,24.4892,25.6569,24.442,25.3204,6903180.5357945,0
BBWI.US,D,20170905,000000,25.3204,25.4188,24.5157,24.7921,6183443.1180554,0
BBWI.US,D,20170906,000000,24.8246,25.4945,24.8246,25.2791,10196946.108133,0
BBWI.US,D,20170907,000000,25.4464,25.7523,24.8925,25.2535,3786436.5875621,0
BBWI.US,D,20170908,000000,25.2171,25.286,24.8463,25.0765,3628862.9850639,0
BBWI.US,D,20170911,000000,25.2122,25.7788,25.1492,25.6175,4542525.5710683,0
BBWI.US,D,20170912,000000,25.9342,27.0587,25.8398,26.6022,6916709.0639197,0
BBWI.US,D,20170913,000000,26.555,27.6252,26.5008,27.3528,9238396.8254529,0
BBWI.US,D,20170914,000000,27.3321,27.462,26.8333,27.3114,6095635.7731996,0
BBWI.US,D,20170915,000000,27.0547,27.4363,26.7536,27.401,8400195.328362,0
BBWI.US,D,20170918,000000,27.6184,27.9016,26.9416,27.0213,6582932.1770464,0
BBWI.US,D,20170919,000000,27.1107,27.1717,26.2519,26.5137,4823299.4576473,0
BBWI.US,D,20170920,000000,25.8998,26.0405,24.9535,25.162,9332572.9882155,0
BBWI.US,D,20170921,000000,25.2122,25.2299,24.8138,24.9279,5469869.1708621,0
BBWI.US,D,20170922,000000,25.0204,26.9494,24.8738,26.7999,11043338.118533,0
BBWI.US,D,20170925,000000,26.5825,27.6971,26.5825,27.6439,8929477.1349814,0
BBWI.US,D,20170926,000000,28.4151,29.2246,28.3621,28.7604,13966535.062946,0
BBWI.US,D,20170927,000000,28.7673,28.9227,28.0964,28.9011,7506191.1941825,0
BBWI.US,D,20170928,000000,28.8548,29.0289,28.3836,28.7526,5424361.3492471,0
BBWI.US,D,20170929,000000,28.786,29.022,28.0512,28.1249,4041257.4140992,0
BBWI.US,D,20171002,000000,28.1417,28.4821,27.3321,28.4752,5441775.2120953,0
BBWI.US,D,20171003,000000,28.4485,28.9365,28.3836,28.8755,5898899.7858582,0
BBWI.US,D,20171004,000000,28.9552,29.0496,27.8338,27.9558,6063036.3713423,0
BBWI.US,D,20171005,000000,27.1648,29.3006,26.9347,28.9227,12909698.603997,0
BBWI.US,D,20171006,000000,28.725,29.4617,28.4014,29.0092,6679801.2366382,0
BBWI.US,D,20171009,000000,28.3541,28.5833,28.2115,28.5027,3948103.9218576,0
BBWI.US,D,20171010,000000,28.5027,29.5494,28.5027,29.0289,4724752.0391784,0
BBWI.US,D,20171011,000000,28.969,29.022,28.1899,28.2863,5385559.8471423,0
BBWI.US,D,20171012,000000,28.1712,28.2115,27.5102,28.0039,4232210.1284842,0
BBWI.US,D,20171013,000000,28.1249,28.6906,27.8682,28.2814,2634565.9798464,0
BBWI.US,D,20171016,000000,28.2518,28.3768,27.637,27.9016,6950056.6621027,0
BBWI.US,D,20171017,000000,27.8465,28.3069,27.6646,28.057,3727044.4379389,0
BBWI.US,D,20171018,000000,28.1102,28.5509,27.8535,28.4682,4899813.7142146,0
BBWI.US,D,20171019,000000,28.3541,28.5185,28.1161,28.3885,2861366.0407356,0
BBWI.US,D,20171020,000000,28.6984,29.6999,28.5962,29.571,6046804.7806768,0
BBWI.US,D,20171023,000000,29.6241,30.7995,29.5227,29.6851,7366376.0721337,0
BBWI.US,D,20171024,000000,29.7205,30.1661,29.4411,30.0284,4536938.4963331,0
BBWI.US,D,20171025,000000,29.8563,30.0973,29.2246,29.934,3300649.7917906,0
BBWI.US,D,20171026,000000,29.389,30.2605,29.1992,29.8956,5633562.5313488,0
BBWI.US,D,20171027,000000,29.3063,30.2734,28.9227,30.2201,5657165.2790203,0
BBWI.US,D,20171030,000000,30.0107,30.0264,28.7526,28.9483,9014058.8997544,0
BBWI.US,D,20171031,000000,28.9483,29.4697,28.8863,29.0919,5693108.1832074,0
BBWI.US,D,20171101,000000,29.3753,30.0027,28.7486,29.4746,7917065.8494315,0
BBWI.US,D,20171102,000000,31.5649,32.7405,31.1656,31.8355,14245028.780561,0
BBWI.US,D,20171103,000000,31.7676,32.0459,31.2668,31.5786,8348994.708618,0
BBWI.US,D,20171106,000000,31.8217,32.7739,31.6986,32.1571,6249366.7369607,0
BBWI.US,D,20171107,000000,32.2013,32.5998,31.3406,31.7263,5510852.2345356,0
BBWI.US,D,20171108,000000,31.68,32.1256,31.4302,32.0244,4287012.4596158,0
BBWI.US,D,20171109,000000,31.7803,32.8093,31.6515,32.6106,5401612.521295,0
BBWI.US,D,20171110,000000,32.586,33.9239,32.524,33.5638,6595303.847266,0
BBWI.US,D,20171113,000000,33.3897,33.9485,32.6726,33.0847,6397912.1715687,0
BBWI.US,D,20171114,000000,32.6471,33.3228,32.6471,33.3021,3245002.6900794,0
BBWI.US,D,20171115,000000,33.0985,33.5844,32.6726,33.2952,9377575.5739965,0
BBWI.US,D,20171116,000000,31.5295,33.3484,31.5295,33.2008,9447426.2070397,0
BBWI.US,D,20171117,000000,34.4078,34.9971,33.736,34.1196,7001994.2958902,0
BBWI.US,D,20171120,000000,34.1471,34.3763,33.2451,33.8334,5093209.2489395,0
BBWI.US,D,20171121,000000,33.8746,33.8885,33.3484,33.5844,4123346.5465485,0
BBWI.US,D,20171122,000000,33.7163,33.9465,33.3798,33.3868,3826151.9870808,0
BBWI.US,D,20171124,000000,33.7231,33.9602,33.0375,33.0847,3033313.9585095,0
BBWI.US,D,20171127,000000,33.2155,34.7413,33.0917,34.4402,5668484.7981571,0
BBWI.US,D,20171128,000000,34.5032,35.9187,34.2495,35.7938,5124660.9420314,0
BBWI.US,D,20171129,000000,35.8076,36.4913,35.4053,35.9394,9265048.2698365,0
BBWI.US,D,20171130,000000,35.8293,39.1266,35.8017,38.3603,16440066.015718,0
BBWI.US,D,20171201,000000,38.2157,38.4508,37.0058,38.2088,7885539.9466498,0
BBWI.US,D,20171204,000000,38.7361,39.824,38.6633,39.0656,7239706.2309075,0
BBWI.US,D,20171205,000000,38.5738,38.6555,37.7583,37.833,4005198.6208073,0
BBWI.US,D,20171206,000000,38.018,38.5964,37.7653,37.772,4392557.953499,0
BBWI.US,D,20171207,000000,37.9846,38.2983,37.2517,37.6983,5728437.0784534,0
BBWI.US,D,20171208,000000,37.781,39.2201,37.657,39.1895,6132809.7449822,0
BBWI.US,D,20171211,000000,39.1492,39.6805,38.743,39.6726,5196182.8179538,0
BBWI.US,D,20171212,000000,39.646,40.1811,39.3529,39.9009,5230152.5576464,0
BBWI.US,D,20171213,000000,40.072,40.5019,39.8015,40.244,4725476.8543687,0
BBWI.US,D,20171214,000000,40.6258,41.274,39.646,40.072,7911207.3502141,0
BBWI.US,D,20171215,000000,40.3385,40.6927,39.526,39.7552,12871095.333257,0
BBWI.US,D,20171218,000000,40.1447,41.7777,39.8625,41.7412,6541269.0273106,0
BBWI.US,D,20171219,000000,41.6095,42.0423,41.1393,41.281,6555054.7479227,0
BBWI.US,D,20171220,000000,41.3911,41.6518,40.8787,41.3242,5347425.2156755,0
BBWI.US,D,20171221,000000,41.5898,41.6725,40.6661,41.4531,6280738.1209359,0
BBWI.US,D,20171222,000000,41.3497,42,41.0704,41.9813,2731067.0407021,0
BBWI.US,D,20171226,000000,41.8987,43.1696,41.8357,43.0693,2965536.113928,0
BBWI.US,D,20171227,000000,42.9453,42.9453,41.7777,41.9046,2937016.2118726,0
BBWI.US,D,20171228,000000,41.94,41.9921,41.3724,41.7472,2474932.8043109,0
BBWI.US,D,20171229,000000,41.8771,41.9046,41.1718,41.2013,2245438.8300213,0
BBWI.US,D,20180102,000000,41.9046,42.0344,40.9741,40.9741,5284088.7702057,0
BBWI.US,D,20180103,000000,41.0635,41.1776,39.5653,39.7916,8358615.5374561,0
BBWI.US,D,20180104,000000,35.5351,35.8775,33.6258,34.8927,30924557.266722,0
BBWI.US,D,20180105,000000,34.9814,35.0492,34.1363,34.4531,10099912.364025,0
BBWI.US,D,20180108,000000,34.2701,34.4531,33.1271,33.2785,8365788.4630986,0
BBWI.US,D,20180109,000000,33.3602,33.3661,32.1552,32.4148,9630605.2022653,0
BBWI.US,D,20180110,000000,32.4148,33.3002,32.279,33.0651,6873201.8542187,0
BBWI.US,D,20180111,000000,33.0994,34.2416,33.0651,34.216,7825149.5242118,0
BBWI.US,D,20180112,000000,34.0783,34.8987,33.8128,33.9829,6041757.5051929,0
BBWI.US,D,20180116,000000,34.2091,34.4895,33.2451,33.5176,9930746.8013359,0
BBWI.US,D,20180117,000000,33.5382,33.9946,33.4212,33.4881,3715981.0947178,0
BBWI.US,D,20180118,000000,33.5235,33.7753,33.434,33.5382,3045980.4343465,0
BBWI.US,D,20180119,000000,33.6534,34.8102,33.434,34.6793,4956791.5074885,0
BBWI.US,D,20180122,000000,34.6469,35.6198,34.3615,35.6041,4857730.7206169,0
BBWI.US,D,20180123,000000,35.6798,36.5296,35.6384,36.3979,5156751.0417704,0
BBWI.US,D,20180124,000000,36.4057,36.5296,35.9532,36.3899,6480288.9936379,0
BBWI.US,D,20180125,000000,36.4244,36.4834,35.2745,35.8155,4999288.2455216,0
BBWI.US,D,20180126,000000,36.1234,36.1234,35.4977,35.7623,4587639.9796697,0
BBWI.US,D,20180129,000000,35.6718,36.1509,35.5911,35.6521,3494214.0773172,0
BBWI.US,D,20180130,000000,35.303,35.4938,34.6183,34.886,4608633.1893416,0
BBWI.US,D,20180131,000000,35.0984,35.3777,33.9199,34.2701,4764608.7420792,0
BBWI.US,D,20180201,000000,33.8915,34.4235,33.5441,33.7645,3980807.0139666,0
BBWI.US,D,20180202,000000,33.4212,33.6287,32.2526,32.5044,7626544.0626277,0
BBWI.US,D,20180205,000000,32.1768,33.134,31.3958,31.4646,5376424.9392874,0
BBWI.US,D,20180206,000000,30.658,32.6824,30.3618,32.2919,6566888.6520335,0
BBWI.US,D,20180207,000000,32.833,34.1265,32.5644,33.5982,6704634.035334,0
BBWI.US,D,20180208,000000,34.7079,34.9814,32.6618,32.6824,10318204.741424,0
BBWI.US,D,20180209,000000,33.134,33.7792,32.0194,33.2855,6967874.1036755,0
BBWI.US,D,20180212,000000,33.5717,33.8372,32.5477,33.3188,5462503.0967115,0
BBWI.US,D,20180213,000000,33.1811,33.4212,32.223,33.2107,4424901.1794407,0
BBWI.US,D,20180214,000000,33.0307,34.5722,32.771,34.1196,4425507.0558129,0
BBWI.US,D,20180215,000000,34.2838,34.4492,33.134,33.8785,3813155.125638,0
BBWI.US,D,20180216,000000,33.7084,34.2838,33.4409,33.4684,4171742.4466429,0
BBWI.US,D,20180220,000000,33.2648,33.4074,32.3273,32.4364,5969916.4259466,0
BBWI.US,D,20180221,000000,32.5584,33.5914,32.5319,32.7847,4715563.2530555,0
BBWI.US,D,20180222,000000,32.826,33.7291,32.7238,33.3395,3766780.1688794,0
BBWI.US,D,20180223,000000,33.5047,33.7782,33.1734,33.7488,3687903.4010885,0
BBWI.US,D,20180226,000000,33.8195,33.8334,32.7995,33.6366,5286027.3712829,0
BBWI.US,D,20180227,000000,34.0872,34.9331,33.0994,33.3808,6661100.3947845,0
BBWI.US,D,20180228,000000,33.7488,34.823,33.7488,34.1786,9268869.5605806,0
BBWI.US,D,20180301,000000,31.0189,31.4822,29.4323,29.4372,28295941.277491,0
BBWI.US,D,20180302,000000,29.0083,30.5734,28.8932,30.0333,11407156.714389,0
BBWI.US,D,20180305,000000,29.9447,31.0112,29.9044,30.8989,7437479.1207652,0
BBWI.US,D,20180306,000000,30.9345,31.5512,30.7544,31.2541,7128805.4404986,0
BBWI.US,D,20180307,000000,31.0112,31.0957,30.1454,30.4622,6743103.1186908,0
BBWI.US,D,20180308,000000,30.4839,30.4839,28.7112,28.8371,10431617.479007,0
BBWI.US,D,20180309,000000,28.9532,29.3496,28.2814,29.2799,7524696.8543862,0
BBWI.US,D,20180312,000000,29.3349,29.868,28.9601,29.2031,5639817.4932931,0
BBWI.US,D,20180313,000000,29.3143,29.567,28.8627,29.0289,5274858.3046679,0
BBWI.US,D,20180314,000000,29.1342,29.3063,28.4485,28.6149,6084490.0877199,0
BBWI.US,D,20180315,000000,28.724,28.8991,28.3098,28.4348,4658073.1079499,0
BBWI.US,D,20180316,000000,28.5175,28.5922,28.0885,28.1004,12260177.784895,0
BBWI.US,D,20180319,000000,28.0669,28.1643,27.4708,27.6498,6335298.5081471,0
BBWI.US,D,20180320,000000,27.5052,27.6567,27.2622,27.5554,4837648.3586457,0
BBWI.US,D,20180321,000000,27.6567,28.0462,27.2573,27.3104,4634972.5463994,0
BBWI.US,D,20180322,000000,27.0753,27.1806,26.5284,26.5766,5745615.0968077,0
BBWI.US,D,20180323,000000,26.6956,26.7232,25.9735,25.9883,5060716.5870471,0
BBWI.US,D,20180326,000000,25.9195,26.3483,25.4748,26.2293,10367597.897762,0
BBWI.US,D,20180327,000000,26.3976,26.9446,26.2666,26.4045,8331982.3913521,0
BBWI.US,D,20180328,000000,26.488,26.854,26.069,26.0975,7716966.0283386,0
BBWI.US,D,20180329,000000,26.0975,26.7793,26.0709,26.4753,6636357.0543451,0
BBWI.US,D,20180402,000000,26.5432,26.6179,25.4405,25.6765,6973531.3218161,0
BBWI.US,D,20180403,000000,25.8368,26.1822,25.8004,26.0572,5721687.0463861,0
BBWI.US,D,20180404,000000,25.7159,26.5284,25.7159,26.488,4808491.0665141,0
BBWI.US,D,20180405,000000,26.6956,26.98,26.307,26.8333,5933054.5414902,0
BBWI.US,D,20180406,000000,26.5982,26.9376,26.2245,26.4683,5511503.8566071,0
BBWI.US,D,20180409,000000,26.6257,26.7369,26.2943,26.369,3176199.1252636,0
BBWI.US,D,20180410,000000,26.5432,26.7596,26.2106,26.549,4225075.8325433,0
BBWI.US,D,20180411,000000,26.008,26.6257,25.9815,26.2666,8200816.256175,0
BBWI.US,D,20180412,000000,25.9667,25.9815,24.8315,25.0597,12618857.61387,0
BBWI.US,D,20180413,000000,25.0667,25.5644,24.8925,25.0667,7374245.348976,0
BBWI.US,D,20180416,000000,25.2683,25.4552,24.7194,25.2122,4899177.3407095,0
BBWI.US,D,20180417,000000,25.3508,25.6224,25.0932,25.108,4697751.9109094,0
BBWI.US,D,20180418,000000,25.2683,25.5092,24.9555,24.9702,3750689.8815962,0
BBWI.US,D,20180419,000000,24.922,25.0528,24.4646,24.9083,7607689.7185386,0
BBWI.US,D,20180420,000000,24.8798,24.8798,23.6944,23.8104,7712085.4705139,0
BBWI.US,D,20180423,000000,23.833,24.4095,23.7849,24.1104,4587490.5437189,0
BBWI.US,D,20180424,000000,24.2767,24.6083,24.0495,24.1784,6377711.8873505,0
BBWI.US,D,20180425,000000,24.137,24.622,23.9373,24.568,3937143.252317,0
BBWI.US,D,20180426,000000,24.6781,24.7548,24.3741,24.554,4223284.6342748,0
BBWI.US,D,20180427,000000,24.7057,24.7901,24.2984,24.4293,5142181.5448445,0
BBWI.US,D,20180430,000000,24.4715,25.108,24.0898,24.1862,5559683.2270584,0
BBWI.US,D,20180501,000000,24.1104,24.1862,23.5705,23.7779,6313641.4775506,0
BBWI.US,D,20180502,000000,23.7229,23.8773,23.5635,23.7986,6364643.8659312,0
BBWI.US,D,20180503,000000,23.7642,24.2,23.6392,23.9313,4461273.0766297,0
BBWI.US,D,20180504,000000,23.9029,24.137,23.474,23.7986,4507440.6528849,0
BBWI.US,D,20180507,000000,23.7986,23.9333,23.1062,23.5783,6777415.4428425,0
BBWI.US,D,20180508,000000,23.5498,23.8006,23.2862,23.5153,6033042.4411999,0
BBWI.US,D,20180509,000000,23.6334,24.1124,23.2566,23.6392,6675521.4723305,0
BBWI.US,D,20180510,000000,22.9674,23.3136,21.2696,21.9503,23207367.592742,0
BBWI.US,D,20180511,000000,21.8312,22.7244,21.7201,22.3998,9201491.2284393,0
BBWI.US,D,20180514,000000,22.8641,23.5842,22.6772,23.0225,8903689.776028,0
BBWI.US,D,20180515,000000,22.9959,23.1119,22.5178,23.0795,5268696.8672644,0
BBWI.US,D,20180516,000000,23.4317,23.9176,23.3059,23.6875,5797641.1722805,0
BBWI.US,D,20180517,000000,23.5635,23.959,23.5075,23.592,4058852.2266022,0
BBWI.US,D,20180518,000000,23.5705,23.8104,22.9812,23.3756,4411770.1306134,0
BBWI.US,D,20180521,000000,23.536,24.014,23.4947,23.592,4825365.1301112,0
BBWI.US,D,20180522,000000,23.7917,23.8183,23.4671,23.5498,5312617.8214009,0
BBWI.US,D,20180523,000000,23.4947,23.7642,23.3284,23.592,8086739.6976671,0
BBWI.US,D,20180524,000000,22.8061,24.9417,22.6635,24.4026,21710256.225921,0
BBWI.US,D,20180525,000000,24.0623,24.7617,23.9786,24.5934,8374354.0911406,0
BBWI.US,D,20180529,000000,24.5,24.629,24.3534,24.5,5695979.9965492,0
BBWI.US,D,20180530,000000,24.629,25.3135,24.5492,25.0667,7641529.3371313,0
BBWI.US,D,20180531,000000,24.7282,24.8207,23.6659,23.8902,11124091.476564,0
BBWI.US,D,20180601,000000,23.9186,24.6494,23.8183,24.3554,6143458.3271967,0
BBWI.US,D,20180604,000000,24.616,25.2574,24.4626,25.2211,8353590.6265361,0
BBWI.US,D,20180605,000000,25.2279,26.307,25.1857,26.2009,10068360.030394,0
BBWI.US,D,20180606,000000,26.3209,26.8707,25.4748,26.1309,8430806.3171586,0
BBWI.US,D,20180607,000000,26.3139,26.7153,26.1309,26.4556,7324810.5132231,0
BBWI.US,D,20180608,000000,26.307,26.5235,25.5978,26.0602,7433584.6369023,0
BBWI.US,D,20180611,000000,26.1585,26.3621,25.9608,26.0267,6167576.476413,0
BBWI.US,D,20180612,000000,26.3425,26.3483,25.2358,25.7286,6375290.4150035,0
BBWI.US,D,20180613,000000,25.7139,25.9677,25.3628,25.7208,4305239.5793397,0
BBWI.US,D,20180614,000000,25.6805,25.6805,24.9889,25.3548,6561235.5001772,0
BBWI.US,D,20180615,000000,25.3489,26.1389,25.164,25.6372,6680187.5336542,0
BBWI.US,D,20180618,000000,25.5585,26.3621,25.4955,25.6175,6735654.7022816,0
BBWI.US,D,20180619,000000,25.4885,25.6805,25.2004,25.3341,4932853.2913559,0
BBWI.US,D,20180620,000000,25.5102,25.7002,25.0233,25.645,3585991.132297,0
BBWI.US,D,20180621,000000,25.5939,26.2009,25.4208,26.1645,4373792.0510951,0
BBWI.US,D,20180622,000000,26.1802,26.3483,25.7572,25.8486,5833037.1612187,0
BBWI.US,D,20180625,000000,25.7699,26.0818,25.6805,25.9755,3792512.6329936,0
BBWI.US,D,20180626,000000,26.0445,26.5067,26.0031,26.37,4402243.8428871,0
BBWI.US,D,20180627,000000,26.3356,26.6376,25.8703,25.9411,4199661.5551815,0
BBWI.US,D,20180628,000000,25.9677,26.4703,25.8703,26.2863,3293804.2020405,0
BBWI.US,D,20180629,000000,26.4193,26.5884,25.9195,25.9835,3712840.9066069,0
BBWI.US,D,20180702,000000,25.7493,25.8418,25.0971,25.3274,4674307.7483286,0
BBWI.US,D,20180703,000000,25.5585,25.7916,25.3854,25.6726,1627521.1731042,0
BBWI.US,D,20180705,000000,25.7079,25.7847,24.8846,25.0745,3791123.9968787,0
BBWI.US,D,20180706,000000,25.0932,25.948,24.9613,25.8565,4133493.9592137,0
BBWI.US,D,20180709,000000,26.1723,26.4625,25.8418,26.3553,4459629.2811699,0
BBWI.US,D,20180710,000000,26.2863,26.6582,26.2422,26.6376,4379236.8058772,0
BBWI.US,D,20180711,000000,26.496,26.5392,25.7631,25.9058,6605101.5594745,0
BBWI.US,D,20180712,000000,24.1577,24.199,22.7707,22.7844,20918188.758238,0
BBWI.US,D,20180713,000000,22.7667,22.7914,22.0595,22.3398,12378459.898022,0
BBWI.US,D,20180716,000000,22.4028,22.6565,22.1637,22.5592,6701207.1741745,0
BBWI.US,D,20180717,000000,22.4381,22.8189,22.4381,22.5887,3898264.490809,0
BBWI.US,D,20180718,000000,22.6418,22.7972,22.4244,22.7844,4910096.3308352,0
BBWI.US,D,20180719,000000,22.6015,23.2212,22.4735,23.0875,4319701.3197296,0
BBWI.US,D,20180720,000000,23.0165,23.0511,22.3124,22.3329,7882739.2932846,0
BBWI.US,D,20180723,000000,22.2748,22.4528,22.1559,22.2139,4935596.0001687,0
BBWI.US,D,20180724,000000,22.2484,22.4244,21.966,22.087,4563650.9349825,0
BBWI.US,D,20180725,000000,21.8961,22.0595,21.4319,21.8538,6876419.3017327,0
BBWI.US,D,20180726,000000,21.9021,22.6162,21.7634,21.9296,5116365.7219004,0
BBWI.US,D,20180727,000000,22.0791,22.2217,21.6286,21.6777,2858675.1770485,0
BBWI.US,D,20180730,000000,21.7496,22.0791,21.6433,21.8686,4699165.9613018,0
BBWI.US,D,20180731,000000,22.0171,22.4304,21.9099,22.3124,5755471.7701397,0
BBWI.US,D,20180801,000000,22.206,22.5405,21.8961,22.0723,5617975.4467573,0
BBWI.US,D,20180802,000000,21.9876,22.7776,21.9876,22.6083,4812217.8161464,0
BBWI.US,D,20180803,000000,22.7707,23.3836,22.7707,22.9054,6088660.0623494,0
BBWI.US,D,20180806,000000,22.8336,22.8701,22.51,22.7057,5127930.2346712,0
BBWI.US,D,20180807,000000,22.7707,22.8533,22.2267,22.567,5371720.2482622,0
BBWI.US,D,20180808,000000,22.4528,22.7136,22.0939,22.2974,6206233.6254223,0
BBWI.US,D,20180809,000000,22.5739,23.1652,22.0663,22.1981,12446263.15688,0
BBWI.US,D,20180810,000000,22.087,22.5365,21.6561,22.0093,8861063.9334659,0
BBWI.US,D,20180813,000000,22.0526,22.1717,21.7132,21.9581,9144321.3032286,0
BBWI.US,D,20180814,000000,22.0595,23.1366,21.9168,23.0511,8268408.0682462,0
BBWI.US,D,20180815,000000,22.811,22.8189,22.149,22.4668,5509430.0515743,0
BBWI.US,D,20180816,000000,22.6654,22.7559,22.27,22.6222,3788701.5079606,0
BBWI.US,D,20180817,000000,22.6162,22.9998,22.4381,22.933,3482382.2063487,0
BBWI.US,D,20180820,000000,22.9251,23.3333,22.9054,23.2969,5343805.2060081,0
BBWI.US,D,20180821,000000,23.4238,23.475,22.567,22.9054,6327414.9993095,0
BBWI.US,D,20180822,000000,22.9114,23.2419,22.8336,22.8897,9320043.7494761,0
BBWI.US,D,20180823,000000,21.5056,21.7496,20.0605,20.2769,48920868.589827,0
BBWI.US,D,20180824,000000,20.2347,20.2769,19.5963,19.8254,19236208.855034,0
BBWI.US,D,20180827,000000,19.8471,19.9121,19.6248,19.8392,10861535.56057,0
BBWI.US,D,20180828,000000,19.8392,19.9121,19.4024,19.4448,10213497.918693,0
BBWI.US,D,20180829,000000,19.3946,19.5373,18.8408,19.4231,11346717.496539,0
BBWI.US,D,20180830,000000,19.3287,19.3867,18.9933,19.0356,5491562.7980181,0
BBWI.US,D,20180831,000000,19.0286,19.249,18.7197,18.9696,8384733.2820151,0
BBWI.US,D,20180904,000000,18.949,19.072,18.6126,18.7562,7753858.4099278,0
BBWI.US,D,20180905,000000,18.769,19.0179,18.584,19.006,11316559.898451,0
BBWI.US,D,20180906,000000,19.0218,19.5166,18.8477,19.0573,10170172.675218,0
BBWI.US,D,20180907,000000,19.0356,19.5441,18.8841,19.4448,12089904.159715,0
BBWI.US,D,20180910,000000,19.5098,20.1639,19.495,19.9051,8731320.9978211,0
BBWI.US,D,20180911,000000,19.9169,20.2347,19.5736,20.213,6296814.1762238,0
BBWI.US,D,20180912,000000,20.2612,20.3479,20.0842,20.1639,5620361.3391161,0
BBWI.US,D,20180913,000000,20.2052,20.2199,19.6248,19.6957,8217600.8615158,0
BBWI.US,D,20180914,000000,20.0605,20.8102,19.7439,20.7935,10400275.575594,0
BBWI.US,D,20180917,000000,20.6932,21.2242,20.3911,20.4137,7962300.2134221,0
BBWI.US,D,20180918,000000,20.8643,21.4269,20.7728,21.2242,10657049.235203,0
BBWI.US,D,20180919,000000,21.1092,21.3826,20.9744,21.3049,5707792.5526669,0
BBWI.US,D,20180920,000000,21.2242,21.4593,20.7993,21.4476,5713255.6057286,0
BBWI.US,D,20180921,000000,21.4564,21.9926,21.4564,21.7988,12681065.665425,0
BBWI.US,D,20180924,000000,21.662,21.8676,21.239,21.4476,8155269.8048585,0
BBWI.US,D,20180925,000000,21.4751,21.6267,21.2312,21.2892,4558257.0087552,0
BBWI.US,D,20180926,000000,21.4102,21.8991,21.4102,21.7338,4720646.1085279,0
BBWI.US,D,20180927,000000,21.7191,21.8214,21.5096,21.6757,3243523.5791369,0
BBWI.US,D,20180928,000000,21.662,21.8067,21.361,21.7496,3958749.4543588,0
BBWI.US,D,20181001,000000,21.9129,22.2355,21.6719,21.7554,6192671.550451,0
BBWI.US,D,20181002,000000,21.7554,21.8991,21.1447,21.1672,6750797.5453049,0
BBWI.US,D,20181003,000000,21.2312,21.2597,20.7806,21.0876,5656316.4421564,0
BBWI.US,D,20181004,000000,21.0167,21.0541,20.2652,20.7148,7321989.5284359,0
BBWI.US,D,20181005,000000,20.8142,21.0876,20.3704,20.4275,7741307.8231956,0
BBWI.US,D,20181008,000000,20.1845,21.0167,20.1708,20.8957,5837182.738142,0
BBWI.US,D,20181009,000000,20.9676,21.0876,20.6439,20.6932,3660013.7731118,0
BBWI.US,D,20181010,000000,20.6852,20.9312,20.4354,20.4718,6429043.6447658,0
BBWI.US,D,20181011,000000,21.9856,23.2704,21.5174,21.6827,20147484.532107,0
BBWI.US,D,20181012,000000,21.9266,22.6742,21.4703,22.5248,9607541.2372739,0
BBWI.US,D,20181015,000000,22.5021,22.8248,22.3241,22.6684,5725320.2714777,0
BBWI.US,D,20181016,000000,22.6742,22.8533,22.4441,22.7097,4725496.1692195,0
BBWI.US,D,20181017,000000,22.5248,22.63,22.1293,22.452,4702931.3406355,0
BBWI.US,D,20181018,000000,22.4077,22.7244,21.9778,22.1087,5870223.3318543,0
BBWI.US,D,20181019,000000,22.2503,22.2503,21.2459,21.2745,6677614.5922141,0
BBWI.US,D,20181022,000000,21.4043,21.7702,21.3246,21.3689,8343042.6848599,0
BBWI.US,D,20181023,000000,21.0876,21.2597,20.7148,21.2027,4867726.6641889,0
BBWI.US,D,20181024,000000,21.181,21.8214,21.1377,21.2745,5211429.3512286,0
BBWI.US,D,20181025,000000,21.2892,22.2227,21.2027,21.9631,5799116.2169385,0
BBWI.US,D,20181026,000000,22.0152,22.3241,21.5696,21.8351,5713577.8587655,0
BBWI.US,D,20181029,000000,22.0348,23.2055,21.97,22.4874,7145295.240222,0
BBWI.US,D,20181030,000000,22.5818,23.292,22.5178,23.2842,5950528.382033,0
BBWI.US,D,20181031,000000,23.472,23.5498,22.7834,23.2704,6667932.7691103,0
BBWI.US,D,20181101,000000,23.4858,24.0249,23.2468,24.017,8915786.9720522,0
BBWI.US,D,20181102,000000,24.1095,24.382,23.6039,24.2974,5108557.4393239,0
BBWI.US,D,20181105,000000,24.1026,24.5757,23.9895,24.5757,5941284.701071,0
BBWI.US,D,20181106,000000,24.4705,24.8148,24.1921,24.8148,5424831.0050927,0
BBWI.US,D,20181107,000000,24.5895,25.0922,24.1026,25.0155,8872233.0000808,0
BBWI.US,D,20181108,000000,26.4655,26.6297,25.3588,26.5284,12643515.562338,0
BBWI.US,D,20181109,000000,26.5127,26.5284,25.7966,26.1989,9164506.3388804,0
BBWI.US,D,20181112,000000,27.1107,27.2751,26.3306,26.5707,10917956.272883,0
BBWI.US,D,20181113,000000,26.5943,26.7713,26.1182,26.4576,4621458.2502695,0
BBWI.US,D,20181114,000000,26.7793,27.1393,26.1516,26.436,9438523.0773943,0
BBWI.US,D,20181115,000000,25.9972,25.9972,25.2082,25.6185,7154707.6719856,0
BBWI.US,D,20181116,000000,25.3588,25.5172,24.9515,25.3244,5847568.028443,0
BBWI.US,D,20181119,000000,25.1296,25.5663,24.5128,24.8001,10206194.87195,0
BBWI.US,D,20181120,000000,22.2355,22.6684,20.3341,20.4059,29931254.468034,0
BBWI.US,D,20181121,000000,20.8603,22.1007,20.6045,21.5351,14905489.937782,0
BBWI.US,D,20181123,000000,21.4673,22.2374,21.4416,21.9748,4322088.2286595,0
BBWI.US,D,20181126,000000,22.2317,23.5517,22.1952,23.4573,10166823.073462,0
BBWI.US,D,20181127,000000,23.2075,24.4833,23.1701,24.3358,8251456.745246,0
BBWI.US,D,20181128,000000,24.44,24.7834,23.8213,24.7695,7284732.1978236,0
BBWI.US,D,20181129,000000,24.8148,24.9308,24.1822,24.629,5088626.5464457,0
BBWI.US,D,20181130,000000,24.6151,24.6663,24.2216,24.2777,5488724.5315222,0
BBWI.US,D,20181203,000000,24.8591,25.3932,24.5364,25.1944,5925329.6177433,0
BBWI.US,D,20181204,000000,25.2024,25.584,23.8743,24.2108,7172259.7885027,0
BBWI.US,D,20181206,000000,24.564,25.2082,24.1311,24.4921,8888444.2593243,0
BBWI.US,D,20181207,000000,24.3358,24.9515,23.3087,23.3323,5202517.0724434,0
BBWI.US,D,20181210,000000,23.4061,23.7131,22.7087,23.479,4872958.9556121,0
BBWI.US,D,20181211,000000,23.8006,24.0072,23.1701,23.2301,4295733.6230353,0
BBWI.US,D,20181212,000000,23.4426,23.7721,23.0755,23.0755,5535795.8394806,0
BBWI.US,D,20181213,000000,23.1268,23.3756,22.6497,22.8848,4847629.0536512,0
BBWI.US,D,20181214,000000,22.5325,23.0688,22.3714,22.6064,6154068.2797097,0
BBWI.US,D,20181217,000000,22.4224,22.5258,21.3591,21.6374,6561295.4778718,0
BBWI.US,D,20181218,000000,21.8293,21.8371,21.242,21.2705,7434094.9555917,0
BBWI.US,D,20181219,000000,21.726,21.726,19.9327,19.9671,7884032.3717168,0
BBWI.US,D,20181220,000000,19.8491,19.9091,18.5594,18.8427,11639965.727018,0
BBWI.US,D,20181221,000000,18.8585,19.556,18.1325,18.2654,13573313.164753,0
BBWI.US,D,20181224,000000,17.9791,18.4699,17.3859,18.0313,3486167.9171046,0
BBWI.US,D,20181226,000000,18.0971,19.2363,17.8462,19.1811,6747973.5108044,0
BBWI.US,D,20181227,000000,18.9323,19.1388,18.1552,19.131,7044568.2933265,0
BBWI.US,D,20181228,000000,19.124,19.4084,18.5447,18.6687,5647605.4444478,0
BBWI.US,D,20181231,000000,18.7847,19.0573,18.5073,18.8221,7273592.6117704,0
BBWI.US,D,20190102,000000,18.3962,19.614,18.3185,19.2904,7366852.843977,0
BBWI.US,D,20190103,000000,19.1811,19.8421,18.9913,19.4024,6978369.1836548,0
BBWI.US,D,20190104,000000,19.6513,20.7098,19.6513,20.3173,7963443.8559033,0
BBWI.US,D,20190107,000000,20.2662,21.7702,20.0104,21.1682,7453242.072156,0
BBWI.US,D,20190108,000000,21.3236,21.3374,19.9445,20.6774,7269971.5855319,0
BBWI.US,D,20190109,000000,20.8466,21.4416,20.6419,20.6989,6835937.4076088,0
BBWI.US,D,20190110,000000,19.1024,19.8491,18.0813,19.7891,13232535.152753,0
BBWI.US,D,20190111,000000,19.8864,20.3389,19.3946,19.4024,5981827.5894605,0
BBWI.US,D,20190114,000000,19.2617,19.9947,19.2617,19.3867,6211725.1424747,0
BBWI.US,D,20190115,000000,19.3581,19.7094,19.2617,19.5048,4482933.1569394,0
BBWI.US,D,20190116,000000,19.4743,19.8638,19.3277,19.5775,4765748.3182761,0
BBWI.US,D,20190117,000000,19.5402,19.9808,19.5402,19.797,4030577.3181807,0
BBWI.US,D,20190118,000000,19.8924,20.3094,19.7891,20.0399,5380599.9967724,0
BBWI.US,D,20190122,000000,19.614,19.9367,19.4605,19.614,6064383.3280424,0
BBWI.US,D,20190123,000000,19.6957,19.9298,19.4821,19.9218,4655151.4826245,0
BBWI.US,D,20190124,000000,20.0478,20.3881,19.8796,20.3547,4283394.4830907,0
BBWI.US,D,20190125,000000,20.4501,20.7659,20.1343,20.274,6188749.6191685,0
BBWI.US,D,20190128,000000,20.1796,20.7569,20.0478,20.5898,5900622.8738634,0
BBWI.US,D,20190129,000000,20.5455,20.6488,20.2042,20.3252,2744308.8957787,0
BBWI.US,D,20190130,000000,20.4648,20.5396,19.9671,20.1718,2996227.4118411,0
BBWI.US,D,20190131,000000,20.1865,20.5652,20.0172,20.4137,4074456.5929024,0
BBWI.US,D,20190201,000000,20.5091,20.7285,19.7094,19.9091,4093203.1804554,0
BBWI.US,D,20190204,000000,19.8796,19.9367,19.4448,19.8274,4416397.5622354,0
BBWI.US,D,20190205,000000,19.9298,20.0605,19.4448,19.8421,4895246.2602872,0
BBWI.US,D,20190206,000000,19.9151,20.0538,19.552,19.8924,5341107.2263234,0
BBWI.US,D,20190207,000000,19.614,19.8196,19.313,19.737,5668431.9364602,0
BBWI.US,D,20190208,000000,19.5775,19.6455,19.1989,19.3661,4112203.9107821,0
BBWI.US,D,20190211,000000,19.3661,19.9445,19.2401,19.8864,3954061.0284712,0
BBWI.US,D,20190212,000000,19.9741,20.4954,19.8117,20.0478,3097831.659591,0
BBWI.US,D,20190213,000000,20.1285,20.2582,19.6662,20.1138,3637158.2051949,0
BBWI.US,D,20190214,000000,19.9218,20.3055,19.5402,19.9947,3717181.6651803,0
BBWI.US,D,20190215,000000,20.1422,20.3331,19.9808,20.0478,4000041.5556451,0
BBWI.US,D,20190219,000000,20.0104,20.1796,19.5933,20.1658,4533263.5918266,0
BBWI.US,D,20190220,000000,20.1205,20.3941,20.0538,20.1501,4075015.7070043,0
BBWI.US,D,20190221,000000,20.2012,20.2249,19.6975,19.8382,4140045.7599174,0
BBWI.US,D,20190222,000000,19.8835,20.0605,19.5412,20.0605,5237262.4558813,0
BBWI.US,D,20190225,000000,20.0528,20.7355,20.0528,20.5131,6243396.4149228,0
BBWI.US,D,20190226,000000,20.4461,20.6015,20.1757,20.3714,4095831.0167347,0
BBWI.US,D,20190227,000000,20.3931,20.4983,20.2012,20.3114,7898530.708666,0
BBWI.US,D,20190228,000000,19.127,19.6307,18.3617,19.3788,20333748.820605,0
BBWI.US,D,20190301,000000,20.6105,21.3207,20.2976,20.3871,15550567.324629,0
BBWI.US,D,20190304,000000,20.4609,20.579,19.6907,19.8767,8341605.2533323,0
BBWI.US,D,20190305,000000,20.5868,21.0098,19.7557,19.9651,7750044.2351814,0
BBWI.US,D,20190306,000000,20.0232,20.4924,19.616,19.6907,5101889.7495153,0
BBWI.US,D,20190307,000000,19.5343,19.7714,19.2214,19.4901,8075998.6074829,0
BBWI.US,D,20190308,000000,19.2677,19.312,18.9401,19.194,5325750.9033702,0
BBWI.US,D,20190311,000000,19.2294,19.5264,19.0523,19.4527,5123157.4333827,0
BBWI.US,D,20190312,000000,19.4231,19.6012,19.1782,19.4743,4192483.5466834,0
BBWI.US,D,20190313,000000,19.5205,20.2092,19.4163,20.0763,5413063.1781032,0
BBWI.US,D,20190314,000000,20.0154,20.0154,19.3198,19.4448,6161124.2996764,0
BBWI.US,D,20190315,000000,19.5412,19.8304,19.2737,19.7035,11198513.629819,0
BBWI.US,D,20190318,000000,19.8087,20.4009,19.7064,20.3488,4517626.6952515,0
BBWI.US,D,20190319,000000,20.4009,21.1023,20.2976,20.8919,6738704.415565,0
BBWI.US,D,20190320,000000,20.7206,20.8309,20.3193,20.4246,5718041.6224413,0
BBWI.US,D,20190321,000000,20.4461,20.8229,20.2976,20.6755,5066694.0250825,0
BBWI.US,D,20190322,000000,20.6105,20.6469,19.6975,19.7714,5199331.1386333,0
BBWI.US,D,20190325,000000,19.7399,20.2976,19.6238,20.2897,7324204.6368508,0
BBWI.US,D,20190326,000000,20.6312,20.9213,20.3763,20.7039,6535755.1456943,0
BBWI.US,D,20190327,000000,20.7492,21.2764,20.6755,21.0984,8146613.7019891,0
BBWI.US,D,20190328,000000,21.2843,21.5126,20.6548,20.7118,4964550.9946526,0
BBWI.US,D,20190329,000000,20.9056,20.9056,20.3488,20.4461,6627514.9189654,0
BBWI.US,D,20190401,000000,20.6232,20.6232,20.0605,20.1718,6728851.8085175,0
BBWI.US,D,20190402,000000,20.2092,20.4009,19.9788,20.0321,7070979.826932,0
BBWI.US,D,20190403,000000,20.2092,20.4885,19.9198,20.0005,5079365.5837751,0
BBWI.US,D,20190404,000000,20.0389,20.8013,20.0232,20.5505,6716978.258134,0
BBWI.US,D,20190405,000000,20.5938,20.7206,20.2682,20.3566,4325224.3504859,0
BBWI.US,D,20190408,000000,20.276,20.579,20.276,20.3714,4077144.4068762,0
BBWI.US,D,20190409,000000,20.3272,20.4246,19.9788,20.0154,4174931.4301664,0
BBWI.US,D,20190410,000000,20.0979,20.3793,19.8767,20.1658,3693292.2444603,0
BBWI.US,D,20190411,000000,20.2455,20.4088,19.6937,19.7035,4568014.0581199,0
BBWI.US,D,20190412,000000,19.793,19.9198,18.9569,19.1507,7233339.4461428,0
BBWI.US,D,20190415,000000,19.1054,19.3414,18.6903,18.706,5507747.6264131,0
BBWI.US,D,20190416,000000,18.7631,19.0453,18.5939,19.0306,5506775.7844467,0
BBWI.US,D,20190417,000000,19.1202,19.4605,18.9972,19.0306,5251321.6341177,0
BBWI.US,D,20190418,000000,19.0159,19.2677,18.8752,19.0385,4414924.5507196,0
BBWI.US,D,20190422,000000,19.1054,19.2637,18.3342,18.4296,6056941.0110597,0
BBWI.US,D,20190423,000000,18.706,18.9854,18.586,18.7631,10448634.879129,0
BBWI.US,D,20190424,000000,18.8516,19.4605,18.6991,19.371,7378091.0374263,0
BBWI.US,D,20190425,000000,19.3198,19.4448,18.9943,19.2017,4033928.9530793,0
BBWI.US,D,20190426,000000,19.186,19.5412,19.0306,19.4015,3586336.7664691,0
BBWI.US,D,20190429,000000,19.4015,19.5982,19.1015,19.135,3966876.9402592,0
BBWI.US,D,20190430,000000,19.1634,19.1664,18.7197,19.008,5130472.6789784,0
BBWI.US,D,20190501,000000,19.0306,19.0976,18.466,18.4739,4440017.5916154,0
BBWI.US,D,20190502,000000,18.526,18.9028,18.3489,18.8821,5328740.6389592,0
BBWI.US,D,20190503,000000,19.0976,19.4301,18.9333,19.2156,4358466.225275,0
BBWI.US,D,20190506,000000,18.9106,19.0897,18.6303,19.008,3763628.7984866,0
BBWI.US,D,20190507,000000,18.829,18.8752,17.9406,18.044,6891844.7515201,0
BBWI.US,D,20190508,000000,17.9702,18.4059,17.8591,18.0735,5818123.0466917,0
BBWI.US,D,20190509,000000,17.8669,18.0026,17.5541,17.9781,4116906.5686652,0
BBWI.US,D,20190510,000000,17.8669,17.9406,17.1625,17.7489,6362827.2533853,0
BBWI.US,D,20190513,000000,17.2295,17.2364,16.4189,16.6275,8293747.1193469,0
BBWI.US,D,20190514,000000,16.6727,16.8951,16.3314,16.6885,6394594.0835164,0
BBWI.US,D,20190515,000000,16.5016,16.7504,16.173,16.651,5517869.6248007,0
BBWI.US,D,20190516,000000,16.7022,16.9807,16.5291,16.5704,6256257.0558389,0
BBWI.US,D,20190517,000000,16.3392,16.835,16.235,16.6353,4933004.760449,0
BBWI.US,D,20190520,000000,16.4789,16.5704,16.0873,16.5389,5373939.4229614,0
BBWI.US,D,20190521,000000,16.5458,16.8645,16.3767,16.8134,4654948.1684056,0
BBWI.US,D,20190522,000000,16.6206,16.6885,15.9162,15.9379,11792111.856443,0
BBWI.US,D,20190523,000000,17.0652,18.5939,16.3992,17.985,29458750.190182,0
BBWI.US,D,20190524,000000,18.1699,18.586,17.9033,18.4139,8419550.8420007,0
BBWI.US,D,20190528,000000,18.4886,18.5486,17.9988,18.0588,5505772.4287764,0
BBWI.US,D,20190529,000000,17.9781,17.9781,16.5733,16.7839,11605041.427068,0
BBWI.US,D,20190530,000000,16.9344,17.4194,16.8587,17.198,6463346.8197775,0
BBWI.US,D,20190531,000000,16.8654,16.9648,16.5428,16.8734,6802679.2676821,0
BBWI.US,D,20190603,000000,16.7465,17.2502,16.7465,17.1144,6689298.0438028,0
BBWI.US,D,20190604,000000,17.3544,18.0745,17.3544,18.0538,5830809.8539508,0
BBWI.US,D,20190605,000000,18.3617,18.6775,17.6249,17.7982,7647002.5559039,0
BBWI.US,D,20190606,000000,17.6781,17.7528,16.9304,17.0613,7861809.1110206,0
BBWI.US,D,20190607,000000,17.2207,17.3161,17.0091,17.0534,5325842.3947688,0
BBWI.US,D,20190610,000000,17.1528,17.1606,16.112,16.3934,9783701.8256633,0
BBWI.US,D,20190611,000000,16.5213,16.9422,16.4917,16.6648,7314502.4823251,0
BBWI.US,D,20190612,000000,16.6648,16.7307,16.3481,16.4101,3672824.6020443,0
BBWI.US,D,20190613,000000,16.2507,16.836,16.168,16.6865,5186554.8731181,0
BBWI.US,D,20190614,000000,16.71,17.0171,16.4307,16.9117,7288788.3164905,0
BBWI.US,D,20190617,000000,16.9038,17.3781,16.8439,16.9265,5795214.6170779,0
BBWI.US,D,20190618,000000,17.0013,17.6102,16.9648,17.1763,6859945.7671468,0
BBWI.US,D,20190619,000000,17.2502,17.6023,16.9531,17.4901,6845577.5512976,0
BBWI.US,D,20190620,000000,17.7007,18.046,17.5649,17.9712,7055870.5307549,0
BBWI.US,D,20190621,000000,17.9633,18.6027,17.8739,18.4739,8626117.0718256,0
BBWI.US,D,20190624,000000,18.466,18.7454,18.2279,18.3833,5764941.1298847,0
BBWI.US,D,20190625,000000,18.3539,18.5585,17.9112,18.0007,6107424.9481822,0
BBWI.US,D,20190626,000000,18.0617,18.6706,17.9476,18.6333,6452840.5575162,0
BBWI.US,D,20190627,000000,18.7375,19.9208,18.6027,19.7734,12394867.355486,0
BBWI.US,D,20190628,000000,19.7271,20.0675,19.5481,19.61,9673529.9167292,0
BBWI.US,D,20190701,000000,19.9386,20.4963,19.6995,19.9908,7611129.7951223,0
BBWI.US,D,20190702,000000,19.9386,20.1343,19.61,19.6779,5021443.3959545,0
BBWI.US,D,20190703,000000,19.8264,20.518,19.7507,20.5033,2864503.1791332,0
BBWI.US,D,20190705,000000,20.4354,20.9469,20.3675,20.878,5745863.1401547,0
BBWI.US,D,20190708,000000,20.8249,21.0492,20.5151,20.697,5787918.6863329,0
BBWI.US,D,20190709,000000,20.5485,20.6685,19.7586,19.8344,7408619.6839644,0
BBWI.US,D,20190710,000000,19.9828,20.0528,19.255,19.3681,7462267.1903327,0
BBWI.US,D,20190711,000000,19.7055,19.8176,18.7375,19.137,9672486.9147862,0
BBWI.US,D,20190712,000000,19.0769,19.9169,19.0306,19.9101,5691271.2392397,0
BBWI.US,D,20190715,000000,19.6917,20.2465,19.5333,20.0595,6524064.5781079,0
BBWI.US,D,20190716,000000,19.9828,20.2102,19.8344,19.8421,4509624.2475959,0
BBWI.US,D,20190717,000000,19.8501,19.9248,19.4743,19.8264,8178963.0273572,0
BBWI.US,D,20190718,000000,19.7664,19.8944,19.4881,19.8107,4590469.0970256,0
BBWI.US,D,20190719,000000,19.9386,19.9544,19.3385,19.4134,5183520.408401,0
BBWI.US,D,20190722,000000,19.4359,19.6012,18.7197,18.8575,4177018.4506233,0
BBWI.US,D,20190723,000000,18.9018,19.0847,18.5123,18.9854,5573746.4715792,0
BBWI.US,D,20190724,000000,18.9559,19.5402,18.948,19.4211,3943172.5354783,0
BBWI.US,D,20190725,000000,19.316,19.6917,19.3001,19.6917,3097989.2281106,0
BBWI.US,D,20190726,000000,19.6248,19.9908,19.3917,19.8344,3215233.422149,0
BBWI.US,D,20190729,000000,19.8344,20.0075,19.3534,19.6553,5172831.1633427,0
BBWI.US,D,20190730,000000,19.556,19.556,18.8723,19.3454,3912588.9941013,0
BBWI.US,D,20190731,000000,19.2776,19.6779,19.2037,19.4959,6249214.2512965,0
BBWI.US,D,20190801,000000,19.5333,19.6995,18.1207,18.2644,6614853.5259838,0
BBWI.US,D,20190802,000000,18.6027,18.6027,18.106,18.1512,5439627.1973728,0
BBWI.US,D,20190805,000000,17.9033,17.9554,17.4607,17.8581,6464077.7343943,0
BBWI.US,D,20190806,000000,17.9633,18.0233,17.5207,17.9259,5157738.1323032,0
BBWI.US,D,20190807,000000,17.7085,18.0991,17.5807,17.8433,5509282.6487657,0
BBWI.US,D,20190808,000000,17.9339,17.9859,17.501,17.7922,4886505.782017,0
BBWI.US,D,20190809,000000,17.7528,17.7675,17.0387,17.1448,4214316.4440794,0
BBWI.US,D,20190812,000000,16.9728,17.0171,16.5134,16.5665,4823974.460854,0
BBWI.US,D,20190813,000000,16.5665,17.7155,16.3254,17.0318,7373249.1093034,0
BBWI.US,D,20190814,000000,16.4228,16.4228,15.4686,15.6635,8635418.69734,0
BBWI.US,D,20190815,000000,15.6713,15.747,14.6128,14.7948,9589635.354016,0
BBWI.US,D,20190816,000000,14.8962,15.5493,14.8834,15.2965,6573278.8179333,0
BBWI.US,D,20190819,000000,15.4992,15.6635,15.1805,15.2001,7291945.78631,0
BBWI.US,D,20190820,000000,15.1086,15.1922,14.8962,14.9651,6760870.74828,0
BBWI.US,D,20190821,000000,15.1765,15.3703,14.9729,15.2729,10613918.156806,0
BBWI.US,D,20190822,000000,13.886,14.8234,13.4284,14.7418,27996151.412019,0
BBWI.US,D,20190823,000000,14.1456,14.2823,13.3459,13.3675,16536211.276692,0
BBWI.US,D,20190826,000000,13.4059,13.4737,12.796,12.9032,13929176.075226,0
BBWI.US,D,20190827,000000,12.9553,12.9701,12.2382,12.3159,14014274.258114,0
BBWI.US,D,20190828,000000,12.2618,12.7675,12.1998,12.7113,9898026.4275182,0
BBWI.US,D,20190829,000000,12.8265,13.0469,12.6199,12.6641,8796627.5580719,0
BBWI.US,D,20190830,000000,12.796,13.0193,12.5826,12.5893,6056050.4947811,0
BBWI.US,D,20190903,000000,12.6798,12.6798,12.0641,12.0946,9559134.1548975,0
BBWI.US,D,20190904,000000,12.1398,12.4674,12.1172,12.2922,7922199.5334585,0
BBWI.US,D,20190905,000000,12.4369,12.9406,12.429,12.8265,8881521.4101709,0
BBWI.US,D,20190906,000000,12.8885,13.0173,12.672,12.7428,5526878.4778399,0
BBWI.US,D,20190909,000000,12.6888,13.7256,12.6888,13.6272,10047364.78758,0
BBWI.US,D,20190910,000000,13.6193,14.2675,13.6193,14.1456,10209838.262754,0
BBWI.US,D,20190911,000000,14.2193,14.3886,13.5504,14.2223,8155681.5161517,0
BBWI.US,D,20190912,000000,14.1456,14.6178,13.7797,14.4968,10738033.354874,0
BBWI.US,D,20190913,000000,14.7102,14.9994,14.238,14.3886,9458373.661156,0
BBWI.US,D,20190916,000000,14.1682,14.9188,14.1368,14.8234,8272614.6394352,0
BBWI.US,D,20190917,000000,14.6945,14.8617,14.3738,14.7634,9899259.5282559,0
BBWI.US,D,20190918,000000,14.6798,14.8617,14.2065,14.4574,6380258.3979422,0
BBWI.US,D,20190919,000000,14.6482,14.7948,14.3207,14.3738,4932152.8738719,0
BBWI.US,D,20190920,000000,14.3886,14.8617,14.3207,14.3886,7448544.4971285,0
BBWI.US,D,20190923,000000,14.2145,14.3964,14.0463,14.121,6044726.9093598,0
BBWI.US,D,20190924,000000,14.2528,14.2902,13.8013,14.0531,4463529.8644594,0
BBWI.US,D,20190925,000000,14.1151,14.4417,14.0531,14.1288,5240262.357181,0
BBWI.US,D,20190926,000000,14.0836,14.4968,13.9204,14.4889,7781879.1755758,0
BBWI.US,D,20190927,000000,14.4741,14.8302,14.3443,14.4417,5091110.0296295,0
BBWI.US,D,20190930,000000,14.5184,14.9798,14.5184,14.9374,5006241.5918078,0
BBWI.US,D,20191001,000000,15.0221,15.2729,14.5341,14.5568,6063983.8156023,0
BBWI.US,D,20191002,000000,14.3207,14.3207,13.6478,13.8407,6454415.2261416,0
BBWI.US,D,20191003,000000,13.7482,14.1535,13.3901,14.1535,8252995.833883,0
BBWI.US,D,20191004,000000,14.1004,14.125,13.8053,14.0758,5906284.1582885,0
BBWI.US,D,20191007,000000,14.1082,14.3207,14.0068,14.0836,4943911.5517216,0
BBWI.US,D,20191008,000000,13.818,13.939,13.4777,13.4964,5522960.6128417,0
BBWI.US,D,20191009,000000,13.6193,13.6193,13.0733,13.0999,6971193.2082989,0
BBWI.US,D,20191010,000000,13.1609,13.2681,12.6356,12.8422,9281759.6820585,0
BBWI.US,D,20191011,000000,13.0469,13.7117,13.032,13.3459,7821667.7682133,0
BBWI.US,D,20191014,000000,13.3301,13.4364,12.9632,13.3301,6911346.6513965,0
BBWI.US,D,20191015,000000,13.4884,13.9057,13.3222,13.642,6965084.6325923,0
BBWI.US,D,20191016,000000,13.6036,13.9114,13.5269,13.5809,4780962.3212759,0
BBWI.US,D,20191017,000000,13.642,13.8633,13.5731,13.8013,6540312.4339108,0
BBWI.US,D,20191018,000000,13.0173,13.2681,12.4369,12.4369,20897353.117086,0
BBWI.US,D,20191021,000000,12.3159,12.9701,12.2765,12.6573,9841481.6935307,0
BBWI.US,D,20191022,000000,12.734,13.5426,12.6966,13.5189,7313326.3095688,0
BBWI.US,D,20191023,000000,13.5426,13.642,13.1913,13.4442,4833488.5497271,0
BBWI.US,D,20191024,000000,13.4511,13.5269,13.0006,13.3754,4915331.6719716,0
BBWI.US,D,20191025,000000,13.3075,13.8091,13.2297,13.5426,4686659.0871265,0
BBWI.US,D,20191028,000000,13.634,13.8131,13.5888,13.6882,5266192.0360875,0
BBWI.US,D,20191029,000000,13.6115,13.6666,13.3527,13.5347,3372788.7263674,0
BBWI.US,D,20191030,000000,13.4737,13.5504,12.7842,12.8579,5555532.5672796,0
BBWI.US,D,20191031,000000,12.8117,13.0006,12.5096,12.9926,6732934.3580328,0
BBWI.US,D,20191101,000000,13.1156,13.4669,13.0469,13.3754,5277320.4398588,0
BBWI.US,D,20191104,000000,13.4737,13.634,13.2681,13.3597,5266832.4758772,0
BBWI.US,D,20191105,000000,13.5269,13.8604,13.4589,13.5426,7524823.9257731,0
BBWI.US,D,20191106,000000,13.5573,13.7197,13.2229,13.6882,6200505.247305,0
BBWI.US,D,20191107,000000,13.8407,13.9538,13.6193,13.7875,7490209.6800064,0
BBWI.US,D,20191108,000000,13.6666,13.6666,13.215,13.5347,6845792.0477986,0
BBWI.US,D,20191111,000000,13.2229,13.4884,13.1313,13.3527,6138693.658477,0
BBWI.US,D,20191112,000000,13.4669,13.6882,13.2229,13.3675,6918669.0129899,0
BBWI.US,D,20191113,000000,13.1156,13.1913,12.9406,13.1079,6382807.9582472,0
BBWI.US,D,20191114,000000,13.032,13.4806,13.032,13.4059,6782625.3697016,0
BBWI.US,D,20191115,000000,13.5652,13.878,13.5269,13.7797,7774904.4812967,0
BBWI.US,D,20191118,000000,13.7334,13.8407,13.5347,13.6272,7507176.2515731,0
BBWI.US,D,20191119,000000,13.3527,13.4806,12.8885,13.0999,9992685.4615509,0
BBWI.US,D,20191120,000000,13.0252,13.0389,12.0494,12.1172,26064569.758275,0
BBWI.US,D,20191121,000000,12.6366,14.0049,12.2952,13.3459,35622792.0489,0
BBWI.US,D,20191122,000000,13.4609,14.24,13.151,13.9971,23073047.037459,0
BBWI.US,D,20191125,000000,14.1072,14.9611,13.827,14.8982,16208881.483699,0
BBWI.US,D,20191126,000000,14.7919,15.1253,14.5017,14.8292,24248798.933326,0
BBWI.US,D,20191127,000000,14.7919,15.0398,14.6502,14.9847,6029820.9274015,0
BBWI.US,D,20191129,000000,14.9847,15.0781,14.784,14.8755,5924876.2270352,0
BBWI.US,D,20191202,000000,14.9611,14.9926,14.0994,14.1141,14632965.525634,0
BBWI.US,D,20191203,000000,13.819,13.8888,13.4462,13.4688,9562025.2830902,0
BBWI.US,D,20191204,000000,13.6016,14.5882,13.4924,14.5341,16018864.014721,0
BBWI.US,D,20191205,000000,14.5961,14.6424,13.9243,14.0443,12397160.739875,0
BBWI.US,D,20191206,000000,14.2548,14.3934,13.7846,13.8504,9535799.781995,0
BBWI.US,D,20191209,000000,13.7964,14.0836,13.4993,13.5151,9381754.6977659,0
BBWI.US,D,20191210,000000,13.4462,13.8927,13.2053,13.8594,13667942.718224,0
BBWI.US,D,20191211,000000,13.7403,13.7817,13.276,13.4462,10169475.307448,0
BBWI.US,D,20191212,000000,13.4609,14.4014,13.339,14.363,11695829.358373,0
BBWI.US,D,20191213,000000,14.3404,14.421,13.7482,13.756,10072333.806803,0
BBWI.US,D,20191216,000000,13.943,14.121,13.695,13.8967,12166001.622132,0
BBWI.US,D,20191217,000000,13.9204,14.0915,13.6872,13.9204,7946632.8197141,0
BBWI.US,D,20191218,000000,13.9281,14.4918,13.9281,14.3787,8546421.9643037,0
BBWI.US,D,20191219,000000,14.425,14.4801,14.1141,14.302,6386913.8888977,0
BBWI.US,D,20191220,000000,14.3857,14.7211,14.1692,14.363,17548532.087414,0
BBWI.US,D,20191223,000000,14.4879,14.4958,14.0758,14.1997,6490481.135431,0
BBWI.US,D,20191224,000000,14.2548,14.3089,14.0915,14.1613,2462015.2354136,0
BBWI.US,D,20191226,000000,14.2075,14.3787,14.0994,14.2932,4745483.990079,0
BBWI.US,D,20191227,000000,14.3089,14.4171,14.0285,14.1535,5213565.1670981,0
BBWI.US,D,20191230,000000,14.1456,14.2665,13.9124,14.0443,5099091.1292921,0
BBWI.US,D,20191231,000000,13.9666,14.0994,13.6872,14.0836,6691976.7086368,0
BBWI.US,D,20200102,000000,14.184,14.1918,13.4265,13.5938,9516945.437906,0
BBWI.US,D,20200103,000000,14.0049,14.8372,13.8967,14.6581,20808947.011856,0
BBWI.US,D,20200106,000000,14.5341,14.5488,14.0049,14.1141,11465052.471361,0
BBWI.US,D,20200107,000000,14.0915,14.4131,13.9047,14.0049,7396449.2948214,0
BBWI.US,D,20200108,000000,14.1456,14.3857,13.9124,14.1072,6945334.6893689,0
BBWI.US,D,20200109,000000,14.2322,14.9886,14.0758,14.7368,21372631.617455,0
BBWI.US,D,20200110,000000,14.8676,15.3035,14.6828,15.085,15174792.83613,0
BBWI.US,D,20200113,000000,15.0004,15.7225,14.9847,15.692,9637857.4204532,0
BBWI.US,D,20200114,000000,15.7697,15.8277,15.4273,15.569,6192660.368169,0
BBWI.US,D,20200115,000000,15.5139,15.6978,15.3339,15.3802,4867187.8815087,0
BBWI.US,D,20200116,000000,15.5366,15.7854,15.5286,15.7618,5252606.5799811,0
BBWI.US,D,20200117,000000,15.7303,15.7618,15.4982,15.6683,6454029.9456966,0
BBWI.US,D,20200121,000000,15.7933,15.9871,15.4903,15.7697,6146852.6580811,0
BBWI.US,D,20200122,000000,15.9329,15.9329,15.51,15.5286,5333947.5161051,0
BBWI.US,D,20200123,000000,16.1513,16.5035,15.8159,16.3215,13280528.490693,0
BBWI.US,D,20200124,000000,16.3924,16.3924,15.9251,16.1199,8836396.8358585,0
BBWI.US,D,20200127,000000,15.7303,15.9044,15.5769,15.684,9137076.2010384,0
BBWI.US,D,20200128,000000,15.8867,16.1396,15.7146,15.9792,5327225.9480284,0
BBWI.US,D,20200129,000000,17.8767,18.3646,17.3632,18.047,41364190.408809,0
BBWI.US,D,20200130,000000,17.8286,18.2348,17.6585,18.1955,11693643.73052,0
BBWI.US,D,20200131,000000,17.9771,18.0391,17.6898,18.0007,13424443.443966,0
BBWI.US,D,20200203,000000,17.7832,17.9693,17.4184,17.4409,11336389.134219,0
BBWI.US,D,20200204,000000,17.4951,18.7247,17.1931,18.4976,20778209.968244,0
BBWI.US,D,20200205,000000,18.6382,19.198,18.3726,19.0976,12811711.316202,0
BBWI.US,D,20200206,000000,19.1517,19.3218,18.6077,18.6382,9609470.6892111,0
BBWI.US,D,20200207,000000,18.529,18.584,18.1483,18.3273,6699241.1256779,0
BBWI.US,D,20200210,000000,19.5166,19.6337,18.164,18.7621,13380881.339426,0
BBWI.US,D,20200211,000000,18.8861,19.4005,18.8162,19.1133,11206911.52363,0
BBWI.US,D,20200212,000000,19.2972,19.3838,19.0503,19.2137,6742144.4921488,0
BBWI.US,D,20200213,000000,18.9638,19.137,18.529,18.8703,8872719.937635,0
BBWI.US,D,20200214,000000,19.011,19.1585,18.769,18.9166,4752777.8876818,0
BBWI.US,D,20200218,000000,18.8467,18.9873,18.4739,18.7247,7713500.5374775,0
BBWI.US,D,20200219,000000,18.8388,19.1212,18.7394,19.1212,5036530.3275675,0
BBWI.US,D,20200220,000000,17.6722,19.6395,17.1606,18.4266,44009195.557223,0
BBWI.US,D,20200221,000000,18.8594,19.2214,18.5379,18.9382,15997974.4953,0
BBWI.US,D,20200224,000000,18.2782,18.648,17.7982,18.6096,12464487.226891,0
BBWI.US,D,20200225,000000,18.5613,18.704,18.168,18.4896,15066118.336419,0
BBWI.US,D,20200226,000000,18.5929,18.6647,17.8925,17.923,20909146.358354,0
BBWI.US,D,20200227,000000,16.5783,18.3785,16.2163,18.1365,21851085.885922,0
BBWI.US,D,20200228,000000,17.6722,18.0499,16.7839,17.0416,15775475.546713,0
BBWI.US,D,20200302,000000,17.1852,17.5738,16.6373,17.5068,12154600.777308,0
BBWI.US,D,20200303,000000,17.562,18.1837,17.2315,17.3731,10156695.99222,0
BBWI.US,D,20200304,000000,17.5148,19.2677,17.3731,19.1585,13401313.401853,0
BBWI.US,D,20200305,000000,18.522,19.2884,18.0961,18.3421,12880299.367945,0
BBWI.US,D,20200306,000000,17.5226,17.8689,17.1055,17.5068,11697730.34632,0
BBWI.US,D,20200309,000000,16.4435,17.201,15.7362,16.2084,10014407.552697,0
BBWI.US,D,20200310,000000,16.9561,17.0741,15.8464,16.3422,9090719.5425594,0
BBWI.US,D,20200311,000000,15.9487,16.295,15.326,15.4372,16944163.290043,0
BBWI.US,D,20200312,000000,14.2725,14.2725,12.4232,12.4635,12413727.799002,0
BBWI.US,D,20200313,000000,13.0763,13.3134,12.1172,12.6828,12538297.404347,0
BBWI.US,D,20200316,000000,11.2762,11.2762,7.8997,9.1665,19741538.213524,0
BBWI.US,D,20200317,000000,9.27608,9.30058,6.29459,7.97052,30904813.422926,0
BBWI.US,D,20200318,000000,7.42752,8.01773,6.34949,7.70305,15388391.704787,0
BBWI.US,D,20200319,000000,7.46696,8.82024,6.69584,8.45037,14884044.353972,0
BBWI.US,D,20200320,000000,8.52119,8.83205,7.43539,7.69508,15799047.797251,0
BBWI.US,D,20200323,000000,7.62427,7.67157,6.70362,7.21504,9853084.836003,0
BBWI.US,D,20200324,000000,7.60852,10.383,7.56907,10.0309,18749053.754568,0
BBWI.US,D,20200325,000000,10.3712,11.9392,9.83601,10.9604,16955225.616694,0
BBWI.US,D,20200326,000000,11.29,11.5811,10.2049,10.3397,11970510.934382,0
BBWI.US,D,20200327,000000,9.70123,10.4017,9.04836,9.90683,12224697.420556,0
BBWI.US,D,20200330,000000,9.6855,9.89892,8.65891,9.27608,15263213.173356,0
BBWI.US,D,20200331,000000,9.19798,9.79666,9.00901,9.09558,10159874.810031,0
BBWI.US,D,20200401,000000,8.33243,8.66284,7.59288,8.04922,12871941.120407,0
BBWI.US,D,20200402,000000,7.90737,8.04922,7.33308,7.98616,19673169.741137,0
BBWI.US,D,20200403,000000,7.97839,9.05633,7.95458,8.92255,15079337.826931,0
BBWI.US,D,20200406,000000,9.535,10.2993,9.08781,9.87535,17483268.223149,0
BBWI.US,D,20200407,000000,10.858,11.6371,10.2206,10.4174,11445780.316553,0
BBWI.US,D,20200408,000000,10.559,11.8644,10.5029,11.4709,11544967.15824,0
BBWI.US,D,20200409,000000,12.3139,13.3449,11.5574,11.7473,15669174.740506,0
BBWI.US,D,20200413,000000,11.7473,11.7631,10.6063,10.7873,8577412.1341185,0
BBWI.US,D,20200414,000000,11.2368,11.8408,10.7793,11.0696,8401017.7343774,0
BBWI.US,D,20200415,000000,10.2128,10.3554,9.58319,9.92948,8843774.0922911,0
BBWI.US,D,20200416,000000,10.0309,10.1105,9.474,9.63042,4984913.9302459,0
BBWI.US,D,20200417,000000,10.2363,10.9682,10.1586,10.8423,9025232.0326537,0
BBWI.US,D,20200420,000000,10.3308,10.622,9.78091,9.86748,6948988.2458825,0
BBWI.US,D,20200421,000000,9.32419,9.97561,9.29271,9.48877,6010436.9497722,0
BBWI.US,D,20200422,000000,9.6855,9.75633,6.92406,8.01773,63363836.977906,0
BBWI.US,D,20200423,000000,7.91534,8.89107,7.87598,8.3639,25746207.138906,0
BBWI.US,D,20200424,000000,8.45834,8.63147,7.90737,8.11207,11107740.94708,0
BBWI.US,D,20200427,000000,8.26149,9.11918,7.96255,9.04836,11123875.963492,0
BBWI.US,D,20200428,000000,9.55861,10.1626,9.21371,9.89892,13615339.23037,0
BBWI.US,D,20200429,000000,10.3947,10.7253,9.94521,10.0553,11303751.10266,0
BBWI.US,D,20200430,000000,9.78878,9.94521,9.15066,9.35596,21928044.384058,0
BBWI.US,D,20200501,000000,9.07206,9.48187,8.88703,9.44252,8528452.0370667,0
BBWI.US,D,20200504,000000,9.09558,9.59106,8.85172,9.474,9093003.7778086,0
BBWI.US,D,20200505,000000,9.59106,9.86748,9.0642,9.14289,16832707.451817,0
BBWI.US,D,20200506,000000,9.23723,9.44252,8.49759,8.64711,10927234.517262,0
BBWI.US,D,20200507,000000,8.76515,9.22927,8.7022,8.79653,7091331.5802432,0
BBWI.US,D,20200508,000000,8.99327,9.86748,8.97763,9.61468,13010806.765054,0
BBWI.US,D,20200511,000000,9.44252,9.50451,8.84385,9.07206,9527687.5446612,0
BBWI.US,D,20200512,000000,9.20575,9.45826,8.82811,8.84385,7398898.2145878,0
BBWI.US,D,20200513,000000,8.78099,8.82811,8.06486,8.3402,14432765.064002,0
BBWI.US,D,20200514,000000,8.05709,8.90287,7.89192,8.24595,12489904.553966,0
BBWI.US,D,20200515,000000,8.06486,8.81246,7.9114,8.5449,11309221.27172,0
BBWI.US,D,20200518,000000,9.13502,10.1508,9.07984,10.0466,19808986.689071,0
BBWI.US,D,20200519,000000,9.86748,10.314,9.56745,9.84388,11960151.058359,0
BBWI.US,D,20200520,000000,9.94521,10.1262,9.05633,9.61468,17778676.667203,0
BBWI.US,D,20200521,000000,10.4341,11.6686,10.2363,11.3697,36462256.127291,0
BBWI.US,D,20200522,000000,11.409,11.9431,11.1768,11.8644,15380636.283908,0
BBWI.US,D,20200526,000000,12.4309,13.3607,12.3375,13.1236,17210270.088871,0
BBWI.US,D,20200527,000000,13.5878,13.8711,12.6435,13.5328,13288592.949185,0
BBWI.US,D,20200528,000000,13.5643,13.6243,12.7143,12.8097,13938674.915532,0
BBWI.US,D,20200529,000000,12.3926,13.0842,12.2028,12.738,10023128.716117,0
BBWI.US,D,20200601,000000,12.7862,13.4934,12.5658,13.0133,9700114.2674206,0
BBWI.US,D,20200602,000000,13.2504,13.2977,12.6435,13.218,9798290.63744,0
BBWI.US,D,20200603,000000,13.5721,14.7062,13.5721,14.4062,11637016.654274,0
BBWI.US,D,20200604,000000,14.1082,14.3984,13.7453,14.0443,18749097.467125,0
BBWI.US,D,20200605,000000,15.0604,15.6388,14.5715,14.6985,13879808.333164,0
BBWI.US,D,20200608,000000,15.4046,15.5326,14.8056,15.1942,12025905.926463,0
BBWI.US,D,20200609,000000,14.7142,14.8382,14.0601,14.2027,10252010.714608,0
BBWI.US,D,20200610,000000,14.1004,14.3669,13.6036,13.7373,8852569.4654004,0
BBWI.US,D,20200611,000000,12.3926,12.9435,11.829,12.1792,10477531.92906,0
BBWI.US,D,20200612,000000,12.9739,13.274,11.829,12.3139,9257555.1242992,0
BBWI.US,D,20200615,000000,11.5978,12.4635,11.3381,12.2107,8060631.1022478,0
BBWI.US,D,20200616,000000,13.0379,13.3684,12.4074,12.6986,9128195.435957,0
BBWI.US,D,20200617,000000,12.6513,12.6671,11.9589,12.1654,8095900.0197993,0
BBWI.US,D,20200618,000000,11.9509,12.4792,11.7798,12.2903,5699423.1228461,0
BBWI.US,D,20200619,000000,12.5106,12.551,11.3617,11.3932,13129617.495148,0
BBWI.US,D,20200622,000000,11.409,11.7631,11.1808,11.527,7365550.616405,0
BBWI.US,D,20200623,000000,11.7395,11.7395,11.2683,11.5574,6135818.7954217,0
BBWI.US,D,20200624,000000,11.3303,11.3303,10.5748,10.9053,8301315.4911453,0
BBWI.US,D,20200625,000000,10.677,11.2604,10.3712,11.1178,12829205.488167,0
BBWI.US,D,20200626,000000,11.1178,11.3697,10.7873,10.9053,9708795.7845673,0
BBWI.US,D,20200629,000000,11.0459,11.9431,10.9377,11.8969,9065901.9924302,0
BBWI.US,D,20200630,000000,11.7945,11.9047,11.5112,11.7798,5821144.2959846,0
BBWI.US,D,20200701,000000,11.825,12.3022,11.7552,11.8812,7964757.2657574,0
BBWI.US,D,20200702,000000,12.3139,12.4389,11.6686,11.889,5679116.098663,0
BBWI.US,D,20200706,000000,12.2342,12.5893,12.0149,12.2903,6224031.7521443,0
BBWI.US,D,20200707,000000,12.0936,12.2185,11.889,11.9195,4063069.9800732,0
BBWI.US,D,20200708,000000,11.8722,12.3455,11.6932,12.3296,5072161.1444286,0
BBWI.US,D,20200709,000000,12.2825,12.4349,11.8526,12.2107,8311451.7215282,0
BBWI.US,D,20200710,000000,12.1723,12.5422,11.9834,12.5343,6450162.9092533,0
BBWI.US,D,20200713,000000,12.6593,13.2268,12.5422,12.8962,7721415.560019,0
BBWI.US,D,20200714,000000,12.8737,13.1678,12.6828,13.1079,6046319.8762648,0
BBWI.US,D,20200715,000000,13.6833,14.2577,13.4393,14.1948,7651531.3801298,0
BBWI.US,D,20200716,000000,13.942,14.5469,13.637,14.5244,6413680.205815,0
BBWI.US,D,20200717,000000,14.5872,14.6708,14.2813,14.5548,5627025.9792114,0
BBWI.US,D,20200720,000000,14.4614,14.4938,13.9814,14.3827,4533090.7747406,0
BBWI.US,D,20200721,000000,14.4534,15.1667,14.359,14.8459,6418583.1282036,0
BBWI.US,D,20200722,000000,14.6748,15.3112,14.5086,15.2729,7567301.3489554,0
BBWI.US,D,20200723,000000,15.1303,15.6073,14.9965,15.2335,6741975.7413471,0
BBWI.US,D,20200724,000000,15.2178,15.5483,15.0358,15.0988,5264655.9971639,0
BBWI.US,D,20200727,000000,15.0201,15.1706,14.8312,15.0761,4311148.9071119,0
BBWI.US,D,20200728,000000,15.0201,15.326,14.9926,15.0437,3810976.6137825,0
BBWI.US,D,20200729,000000,18.53,20.9735,18.2624,20.3626,49597025.604746,0
BBWI.US,D,20200730,000000,19.4901,19.796,19.0257,19.3081,13424381.43313,0
BBWI.US,D,20200731,000000,19.2147,19.6002,18.7807,19.2067,7143238.7168978,0
BBWI.US,D,20200803,000000,19.1743,19.3838,18.7197,19.1831,5989752.7777131,0
BBWI.US,D,20200804,000000,19.4576,19.9141,19.3395,19.6317,6001692.4052177,0
BBWI.US,D,20200805,000000,19.9298,20.5052,19.7477,20.0802,5188840.1249384,0
BBWI.US,D,20200806,000000,20.0802,20.2209,19.8274,19.8757,3597376.728555,0
BBWI.US,D,20200807,000000,19.7724,20.517,19.7242,20.4895,4354479.2334424,0
BBWI.US,D,20200810,000000,20.7079,21.788,20.6625,21.6296,9364838.954754,0
BBWI.US,D,20200811,000000,21.9119,22.1647,21.126,21.1879,11137651.518393,0
BBWI.US,D,20200812,000000,21.479,21.479,20.9538,21.2439,12496100.554786,0
BBWI.US,D,20200813,000000,21.1013,21.3001,20.6469,20.8819,9683914.1904592,0
BBWI.US,D,20200814,000000,20.9773,21.1574,20.7403,20.8819,9119758.9124441,0
BBWI.US,D,20200817,000000,21.0708,22.9241,20.9144,22.6605,10615187.854104,0
BBWI.US,D,20200818,000000,22.4558,22.691,21.5666,22.1726,7166837.3982848,0
BBWI.US,D,20200819,000000,21.8971,22.5268,21.728,22.4008,9003162.2741928,0
BBWI.US,D,20200820,000000,23.0618,24.6494,22.6605,23.2655,29230103.019615,0
BBWI.US,D,20200821,000000,23.471,23.6127,22.7805,23.5812,8058068.3265187,0
BBWI.US,D,20200824,000000,23.6039,23.9669,22.9831,23.3126,7485535.486114,0
BBWI.US,D,20200825,000000,23.7307,24.3672,23.5498,24.0927,7434163.065855,0
BBWI.US,D,20200826,000000,24.3839,24.3839,23.8636,24.2019,4471435.737861,0
BBWI.US,D,20200827,000000,24.3839,24.4469,23.534,23.5498,4353613.11487,0
BBWI.US,D,20200828,000000,23.5891,23.7917,23.1682,23.3452,5093099.4592614,0
BBWI.US,D,20200831,000000,23.2733,23.5891,23.0382,23.1326,4833266.9372285,0
BBWI.US,D,20200901,000000,23.0775,24.8325,22.6841,24.8168,9181239.0990953,0
BBWI.US,D,20200902,000000,24.9191,25.1227,24.0347,24.5876,4493722.0259651,0
BBWI.US,D,20200903,000000,24.3209,24.495,23.0972,23.3049,4555375.0297024,0
BBWI.US,D,20200904,000000,23.715,24.0613,23.0698,23.715,4423502.3776147,0
BBWI.US,D,20200908,000000,23.2282,23.5655,22.7224,22.7549,5248389.8430813,0
BBWI.US,D,20200909,000000,22.8169,22.8454,22.212,22.4952,4448541.5402426,0
BBWI.US,D,20200910,000000,22.7067,23.0932,21.967,22.0388,4708768.4918601,0
BBWI.US,D,20200911,000000,22.0713,22.2631,21.668,22.031,4394594.1454013,0
BBWI.US,D,20200914,000000,22.4165,22.9123,22.3064,22.8572,4651038.4359763,0
BBWI.US,D,20200915,000000,23.1485,23.3294,22.4391,22.8091,3713074.7179586,0
BBWI.US,D,20200916,000000,23.0136,23.832,22.691,23.479,4789844.1029283,0
BBWI.US,D,20200917,000000,23.0382,24.2856,22.9368,23.8556,5617113.3944692,0
BBWI.US,D,20200918,000000,23.7543,24.1085,23.3993,23.7307,10244414.89539,0
BBWI.US,D,20200921,000000,23.2339,23.4947,22.4471,23.1719,5059638.0051158,0
BBWI.US,D,20200922,000000,23.2035,24.2019,23.1159,24.0387,7032791.3171971,0
BBWI.US,D,20200923,000000,24.3672,24.9033,23.6127,23.6825,4632316.2461294,0
BBWI.US,D,20200924,000000,23.3845,23.8713,22.4087,23.3049,5915889.73856,0
BBWI.US,D,20200925,000000,23.2339,24.0072,23.1326,23.8636,10048283.76785,0
BBWI.US,D,20200928,000000,24.4705,25.0047,24.1547,24.8088,5081435.3225235,0
BBWI.US,D,20200929,000000,24.8011,24.8011,23.8123,23.8872,6365140.9691963,0
BBWI.US,D,20200930,000000,24.8955,26.0592,24.626,25.0283,7712738.1091566,0
BBWI.US,D,20201001,000000,25.2171,26.3267,25.2171,26.1379,7426465.5895277,0
BBWI.US,D,20201002,000000,25.2968,26.3041,25.1777,26.067,3576872.4895797,0
BBWI.US,D,20201005,000000,26.2402,26.3425,25.5555,26.1299,3670542.3999372,0
BBWI.US,D,20201006,000000,26.2953,26.4143,25.3677,25.4138,4086808.9482712,0
BBWI.US,D,20201007,000000,25.9726,26.2716,25.6352,25.9568,4143742.0124169,0
BBWI.US,D,20201008,000000,26.4063,26.4851,25.4768,25.6352,7294854.1962112,0
BBWI.US,D,20201009,000000,25.9568,26.0355,25.0204,25.3834,4973199.9815242,0
BBWI.US,D,20201012,000000,25.4689,26.0355,24.9495,25.2171,5842273.7261831,0
BBWI.US,D,20201013,000000,25.1857,25.7601,24.8798,25.1305,4444778.1940508,0
BBWI.US,D,20201014,000000,25.3677,25.5476,24.5984,25.162,5461753.8838149,0
BBWI.US,D,20201015,000000,24.8246,26.5166,24.7214,26.4458,6812064.2520263,0
BBWI.US,D,20201016,000000,26.5147,26.7449,26.1852,26.2009,4338835.2208697,0
BBWI.US,D,20201019,000000,27.3813,27.8613,25.8516,26.067,9956844.2144732,0
BBWI.US,D,20201020,000000,26.2716,26.854,26.0041,26.0129,5215291.3048165,0
BBWI.US,D,20201021,000000,26.0277,26.1222,25.1463,25.3204,4375743.8675965,0
BBWI.US,D,20201022,000000,25.4532,26.8422,25.044,26.673,4884285.5907466,0
BBWI.US,D,20201023,000000,26.7526,27.3714,26.248,27.3488,3580381.6929977,0
BBWI.US,D,20201026,000000,26.6415,27.1531,26.4664,26.8776,3383389.5297405,0
BBWI.US,D,20201027,000000,27.0497,27.2474,26.2166,26.4379,2021806.4046626,0
BBWI.US,D,20201028,000000,25.7119,26.0208,25.3047,25.3912,2297870.5173608,0
BBWI.US,D,20201029,000000,25.4611,26.1536,25.2014,25.8634,2506754.5292811,0
BBWI.US,D,20201030,000000,25.7837,26.067,24.982,25.1857,3208836.1402515,0
BBWI.US,D,20201102,000000,25.4218,26.3897,25.3274,25.9805,3410631.6019301,0
BBWI.US,D,20201103,000000,26.2402,26.7055,25.9096,26.5382,2989759.986538,0
BBWI.US,D,20201104,000000,26.1458,27.2868,25.9185,26.5147,4116136.0077756,0
BBWI.US,D,20201105,000000,26.7606,27.1019,26.2873,26.7832,2849834.05824,0
BBWI.US,D,20201106,000000,26.8933,27.3331,25.9421,26.2176,3328221.2330148,0
BBWI.US,D,20201109,000000,27.6637,27.7344,25.5329,25.587,6957462.382526,0
BBWI.US,D,20201110,000000,25.8211,26.791,25.5005,26.791,4195873.8112835,0
BBWI.US,D,20201111,000000,26.9406,27.1374,26.1693,26.8619,3681902.5819178,0
BBWI.US,D,20201112,000000,26.791,26.8816,25.7601,26.0129,3601253.9307093,0
BBWI.US,D,20201113,000000,26.4536,27.2711,26.3818,27.0193,6473537.9449995,0
BBWI.US,D,20201116,000000,27.5554,27.6174,26.909,27.3488,4823789.4449148,0
BBWI.US,D,20201117,000000,27.1451,28.0108,26.8461,27.8928,6535456.2737925,0
BBWI.US,D,20201118,000000,27.9645,28.2627,26.4221,26.4458,11117282.483373,0
BBWI.US,D,20201119,000000,30.9531,31.4332,29.5837,31.1193,19976231.948962,0
BBWI.US,D,20201120,000000,31.2758,32.0942,30.6068,31.4489,9145015.6212861,0
BBWI.US,D,20201123,000000,31.866,32.1178,31.0328,31.4568,6953432.6947075,0
BBWI.US,D,20201124,000000,31.8197,31.9132,30.4967,31.2285,5280018.4195435,0
BBWI.US,D,20201125,000000,30.4887,30.9885,30.0864,30.6471,4686865.4510586,0
BBWI.US,D,20201127,000000,30.4887,30.7494,29.6871,30.5606,3749881.7075761,0
BBWI.US,D,20201130,000000,30.3402,30.5911,29.631,30.537,5446562.2453791,0
BBWI.US,D,20201201,000000,30.9048,31.1341,30.0874,30.6068,4395810.9810014,0
BBWI.US,D,20201202,000000,30.3628,31.4646,29.8523,30.4248,4741730.8095981,0
BBWI.US,D,20201203,000000,30.3314,30.473,29.5208,30.175,5238488.4406212,0
BBWI.US,D,20201204,000000,30.0314,30.2546,28.7269,30.0953,4979966.2787291,0
BBWI.US,D,20201207,000000,30.0874,31.9289,30.0638,31.6603,5258668.3934175,0
BBWI.US,D,20201208,000000,31.5118,32.4483,31.3938,32.2279,4394880.8184498,0
BBWI.US,D,20201209,000000,32.2516,33.1801,31.9762,32.7158,4527698.8816555,0
BBWI.US,D,20201210,000000,32.2987,32.6214,31.9437,32.2762,3009306.6155425,0
BBWI.US,D,20201211,000000,32.5191,32.5191,30.9688,31.1124,3953320.9647144,0
BBWI.US,D,20201214,000000,31.5049,31.5049,29.7696,30.056,11184122.032834,0
BBWI.US,D,20201215,000000,30.4809,30.9373,30.1514,30.9373,2928105.9662296,0
BBWI.US,D,20201216,000000,30.9845,31.2276,30.2064,30.4494,2326456.4965372,0
BBWI.US,D,20201217,000000,30.5832,30.8361,29.868,30.8361,3039505.8930459,0
BBWI.US,D,20201218,000000,30.5449,30.897,29.9547,30.3943,7490652.9050036,0
BBWI.US,D,20201221,000000,29.7658,30.7494,29.5523,30.417,2721340.4884703,0
BBWI.US,D,20201222,000000,30.3708,30.5202,29.5837,29.8996,4067649.6328538,0
BBWI.US,D,20201223,000000,29.8523,30.9531,29.6546,30.8361,3102652.239721,0
BBWI.US,D,20201224,000000,30.8822,30.8822,30.0795,30.6551,1328472.38796,0
BBWI.US,D,20201228,000000,30.7415,31.2206,30.4967,30.5449,2544315.8146506,0
BBWI.US,D,20201229,000000,30.4652,30.4652,29.0644,29.5769,4130856.9737945,0
BBWI.US,D,20201230,000000,29.7028,30.3943,29.4273,29.9222,3082949.058768,0
BBWI.US,D,20201231,000000,29.8612,29.934,29.2218,29.2612,3196973.7721501,0
BBWI.US,D,20210104,000000,29.938,31.9594,29.7421,31.1577,8558656.3974255,0
BBWI.US,D,20210105,000000,31.1498,32.043,30.9295,31.8118,5914677.9858155,0
BBWI.US,D,20210106,000000,32.0627,34.5102,32.0627,34.2662,6559761.4720902,0
BBWI.US,D,20210107,000000,34.5976,37.2016,34.5741,36.327,7223396.3642678,0
BBWI.US,D,20210108,000000,36.327,37.5872,35.8863,36.7845,3973663.5688858,0
BBWI.US,D,20210111,000000,36.3664,37.3963,36.1538,36.9104,3673845.2394232,0
BBWI.US,D,20210112,000000,37.3343,37.9994,36.9802,37.2093,7283066.0377998,0
BBWI.US,D,20210113,000000,36.9882,37.0913,36.0674,36.3192,4862944.7137604,0
BBWI.US,D,20210114,000000,36.9409,37.6894,35.1869,35.3906,6396678.05426,0
BBWI.US,D,20210115,000000,35.1721,35.9424,34.5259,35.5647,5023923.829425,0
BBWI.US,D,20210119,000000,35.847,36.386,35.422,35.9817,3456064.197284,0
BBWI.US,D,20210120,000000,35.7063,36.5021,35.6276,35.847,1994215.6485875,0
BBWI.US,D,20210121,000000,35.9345,36.7923,35.6355,36.1155,2821550.0006786,0
BBWI.US,D,20210122,000000,36.3035,36.386,35.1721,35.6276,3515264.2149705,0
BBWI.US,D,20210125,000000,35.6276,36.1775,31.8118,34.5652,9712876.3009406,0
BBWI.US,D,20210126,000000,35.6748,36.0909,33.7556,33.8324,6537320.6651797,0
BBWI.US,D,20210127,000000,31.4725,32.2603,28.4004,29.5365,21459402.059795,0
BBWI.US,D,20210128,000000,30.4494,33.2982,29.8996,32.5978,19974941.920243,0
BBWI.US,D,20210129,000000,32.4797,33.0217,30.9295,32.0716,8189911.4980447,0
BBWI.US,D,20210201,000000,32.5821,33.0464,31.5993,32.9372,12301816.536925,0
BBWI.US,D,20210202,000000,33.2835,34.9037,33.2678,34.7069,7371438.5961841,0
BBWI.US,D,20210203,000000,34.7147,35.3384,34.0143,34.5899,6074408.7521761,0
BBWI.US,D,20210204,000000,35.7988,38.6495,35.4063,37.8223,8853939.8032358,0
BBWI.US,D,20210205,000000,38.199,39.0814,37.658,38.86,3525341.4842299,0
BBWI.US,D,20210208,000000,39.3322,40.1586,38.7194,39.9559,4198749.6909098,0
BBWI.US,D,20210209,000000,39.4355,39.8359,38.4744,38.5305,4610918.4411619,0
BBWI.US,D,20210210,000000,38.4518,38.7578,37.4199,38.0829,3498048.5834856,0
BBWI.US,D,20210211,000000,38.1538,39.0421,37.4199,37.9639,2533014.5937934,0
BBWI.US,D,20210212,000000,37.6029,38.0032,37.0836,37.1533,2593415.1819423,0
BBWI.US,D,20210216,000000,37.8291,38.86,37.658,38.7194,3254972.2028028,0
BBWI.US,D,20210217,000000,38.263,38.6801,37.5389,38.2236,3738525.5918798,0
BBWI.US,D,20210218,000000,38.1459,38.5698,37.3265,38.4047,2940927.9774442,0
BBWI.US,D,20210219,000000,38.7046,39.8999,38.5462,39.6008,3045909.2743699,0
BBWI.US,D,20210222,000000,39.5309,40.7576,39.3402,39.9313,3773631.8580561,0
BBWI.US,D,20210223,000000,40.0493,40.7016,38.6574,40.19,4536103.8914645,0
BBWI.US,D,20210224,000000,40.553,41.5051,40.0877,40.6386,6278909.3095369,0
BBWI.US,D,20210225,000000,42.5597,44.9983,40.4182,41.1963,10051803.136979,0
BBWI.US,D,20210226,000000,42.7162,44.9983,40.9848,43.0083,6986502.7689816,0
BBWI.US,D,20210301,000000,43.7234,45.2895,43.6438,44.6521,5679160.8277912,0
BBWI.US,D,20210302,000000,44.9118,45.3456,43.7392,43.9201,2940571.1609901,0
BBWI.US,D,20210303,000000,43.9044,44.4868,43.0004,43.1794,3456054.0315731,0
BBWI.US,D,20210304,000000,43.1637,43.7824,41.4107,42.5519,4639948.6619067,0
BBWI.US,D,20210305,000000,43.0782,44.1248,41.4974,43.811,4414383.7348973,0
BBWI.US,D,20210308,000000,44.0294,44.4868,43.1017,43.4648,4525064.9459498,0
BBWI.US,D,20210309,000000,43.5661,43.7864,42.5283,42.8893,4535032.425531,0
BBWI.US,D,20210310,000000,42.8254,43.5503,42.0473,43.0782,3635172.8418473,0
BBWI.US,D,20210311,000000,43.4805,44.2734,43.331,43.9438,4244516.7381538,0
BBWI.US,D,20210312,000000,46.9962,48.3351,46.6893,47.8472,8357627.4303523,0
BBWI.US,D,20210315,000000,48.3901,48.8466,47.6415,47.791,4257878.5486195,0
BBWI.US,D,20210316,000000,47.8303,48.09,46.9805,47.4211,3414353.268707,0
BBWI.US,D,20210317,000000,46.7926,48.153,46.3667,48.09,2816135.7430294,0
BBWI.US,D,20210318,000000,48.1609,48.696,47.0041,47.3356,3014751.3703244,0
BBWI.US,D,20210319,000000,47.2245,48.216,46.7601,47.6337,6478123.6972066,0
BBWI.US,D,20210322,000000,47.9101,48.7285,47.1231,47.2165,4237959.8545944,0
BBWI.US,D,20210323,000000,46.1394,46.5565,44.6589,45.2265,6167412.8084668,0
BBWI.US,D,20210324,000000,46.0607,46.5723,44.9353,45.076,4349444.1568115,0
BBWI.US,D,20210325,000000,44.3137,47.1152,44.0688,46.7601,4804420.7158519,0
BBWI.US,D,20210326,000000,49.7712,50.451,47.4998,48.4679,6949192.5766724,0
BBWI.US,D,20210329,000000,48.76,49.2961,46.6263,47.0198,4933581.1562596,0
BBWI.US,D,20210330,000000,47.5707,49.6974,47.2087,49.4663,5259108.5687014,0
BBWI.US,D,20210331,000000,49.5705,49.7899,48.2396,48.6724,4252464.2909703,0
BBWI.US,D,20210401,000000,48.8928,49.0226,47.1075,48.6253,5451566.8248771,0
BBWI.US,D,20210405,000000,49.1367,49.4663,48.0036,48.5927,4895861.2857994,0
BBWI.US,D,20210406,000000,48.6253,48.9951,48.1058,48.8151,7406517.4149409,0
BBWI.US,D,20210407,000000,49.3641,51.2684,49.1761,50.5848,6348829.0694145,0
BBWI.US,D,20210408,000000,50.4736,51.3393,49.5942,51.3009,4860554.7551174,0
BBWI.US,D,20210409,000000,51.2684,52.5905,51.1907,52.5432,3850963.4377835,0
BBWI.US,D,20210412,000000,52.3081,52.8965,51.8233,52.4095,2856127.6498858,0
BBWI.US,D,20210413,000000,52.5197,52.928,51.3166,51.7416,3111107.0615137,0
BBWI.US,D,20210414,000000,51.7416,53.4326,51.6383,52.56,4134538.9942986,0
BBWI.US,D,20210415,000000,52.866,53.3223,52.4252,52.5432,3863884.0563942,0
BBWI.US,D,20210416,000000,52.8808,53.4326,52.0947,52.5905,3603054.2781177,0
BBWI.US,D,20210419,000000,52.1823,52.4321,51.6157,51.8508,2785135.4075036,0
BBWI.US,D,20210420,000000,51.7141,51.7141,49.4505,50.451,4235793.5415921,0
BBWI.US,D,20210421,000000,49.8913,51.6461,49.8913,51.3865,2480129.5157458,0
BBWI.US,D,20210422,000000,51.6697,52.3711,51.3393,51.9865,2731626.1548041,0
BBWI.US,D,20210423,000000,52.0397,53.2369,51.5055,53.0155,2630094.0836018,0
BBWI.US,D,20210426,000000,53.0952,53.5034,51.5213,52.2856,2565763.4316017,0
BBWI.US,D,20210427,000000,52.3868,53.7326,52.3081,53.1808,2897311.994636,0
BBWI.US,D,20210428,000000,53.0322,53.5664,52.6142,53.0637,2478634.1396658,0
BBWI.US,D,20210429,000000,53.2683,53.5507,52.2137,52.4401,3228208.9355988,0
BBWI.US,D,20210430,000000,51.8045,52.4174,51.5213,51.8508,3324621.5547693,0
BBWI.US,D,20210503,000000,51.9698,53.7011,51.9698,53.2122,5142955.1554474,0
BBWI.US,D,20210504,000000,52.3711,52.5905,50.7342,51.8114,4136990.9637786,0
BBWI.US,D,20210505,000000,52.262,52.262,51.4386,51.6864,3332711.427539,0
BBWI.US,D,20210506,000000,51.7337,51.9305,51.1199,51.8833,3538365.7930922,0
BBWI.US,D,20210507,000000,51.529,53.2122,51.411,52.9446,9191988.3218481,0
BBWI.US,D,20210510,000000,53.4326,56.1358,53.4326,54.1261,6116804.8496709,0
BBWI.US,D,20210511,000000,53.0155,53.3853,50.9693,53.1649,8237874.3388528,0
BBWI.US,D,20210512,000000,53.5122,53.6302,50.7657,50.985,6335649.2251747,0
BBWI.US,D,20210513,000000,51.6,52.7253,50.8986,51.7337,3633727.277751,0
BBWI.US,D,20210514,000000,52.3465,54.8885,52.3465,54.4723,4310946.6094641,0
BBWI.US,D,20210517,000000,54.0947,55.6242,53.5585,55.4561,4178898.0905769,0
BBWI.US,D,20210518,000000,56.2183,56.6444,54.1024,54.677,6541963.3453682,0
BBWI.US,D,20210519,000000,52.7873,53.5437,51.9305,52.9604,6638568.0964755,0
BBWI.US,D,20210520,000000,52.7174,53.8182,49.4111,50.8906,8571280.1772766,0
BBWI.US,D,20210521,000000,51.1671,52.0712,50.6565,50.9773,7403324.3651333,0
BBWI.US,D,20210524,000000,51.3009,52.7873,50.867,52.0947,6524288.2237486,0
BBWI.US,D,20210525,000000,52.7804,54.0385,52.2698,52.3791,5260400.6305624,0
BBWI.US,D,20210526,000000,52.4017,54.3326,52.3791,53.7011,3966739.7031614,0
BBWI.US,D,20210527,000000,54.134,55.2977,53.9057,54.6377,21087083.913016,0
BBWI.US,D,20210528,000000,54.6848,55.5799,53.7483,54.976,4612520.5572069,0
BBWI.US,D,20210601,000000,55.2111,55.7776,54.4635,55.699,5774129.9160076,0
BBWI.US,D,20210602,000000,55.2465,55.4639,52.6939,53.6382,6034184.050539,0
BBWI.US,D,20210603,000000,52.4381,53.1492,51.6501,52.0997,7304840.9906433,0
BBWI.US,D,20210604,000000,52.3672,52.5335,50.6497,51.8154,5480303.2565757,0
BBWI.US,D,20210607,000000,52.021,52.983,51.4996,52.1547,4054876.4170518,0
BBWI.US,D,20210608,000000,52.0288,52.3988,51.3579,51.8783,4136185.8394718,0
BBWI.US,D,20210609,000000,51.9108,52.021,50.4195,51.6187,4989093.0540152,0
BBWI.US,D,20210610,000000,52.4145,53.3853,50.9409,51.6658,4049120.591515,0
BBWI.US,D,20210611,000000,52.083,52.8561,52.0052,52.8404,3975134.5472595,0
BBWI.US,D,20210614,000000,52.7154,53.3775,51.1857,51.839,6545877.1440819,0
BBWI.US,D,20210615,000000,51.8468,52.1872,50.2552,50.987,5104685.3200249,0
BBWI.US,D,20210616,000000,51.1307,52.3761,49.8755,52.1784,5515730.7592179,0
BBWI.US,D,20210617,000000,52.1154,52.4302,49.4978,49.5135,7535315.956039,0
BBWI.US,D,20210618,000000,48.8594,50.2709,48.511,49.5056,6672185.0859985,0
BBWI.US,D,20210621,000000,50.2149,52.0435,50.1185,51.8783,6148428.3432776,0
BBWI.US,D,20210622,000000,51.9501,54.8835,51.595,54.4812,7696579.7116101,0
BBWI.US,D,20210623,000000,54.3386,56.302,54.1821,56.0432,4465588.4209257,0
BBWI.US,D,20210624,000000,56.4683,57.1697,55.9951,56.8863,3983041.4372323,0
BBWI.US,D,20210625,000000,57.1942,57.7608,56.665,56.9887,9929378.4966428,0
BBWI.US,D,20210628,000000,56.6581,56.7594,55.3645,55.9637,3029691.9156999,0
BBWI.US,D,20210629,000000,56.3099,56.9571,55.9312,56.1535,2535583.4689492,0
BBWI.US,D,20210630,000000,56.1062,56.9571,56.0472,56.8233,3496052.0378561,0
BBWI.US,D,20210701,000000,57.3595,58.6049,57.2091,58.0068,4670985.593992,0
BBWI.US,D,20210702,000000,58.1946,58.5439,57.4854,58.3924,2129384.0241636,0
BBWI.US,D,20210706,000000,58.4956,58.5743,56.911,57.9428,3187284.8330489,0
BBWI.US,D,20210707,000000,57.3831,58.0619,56.5243,56.973,3130473.7574343,0
BBWI.US,D,20210708,000000,55.1993,56.8823,54.2834,56.2863,3103045.6527345,0
BBWI.US,D,20210709,000000,57.1697,58.834,57.1077,57.9585,3190131.2321133,0
BBWI.US,D,20210712,000000,58.715,61.4045,57.991,60.3725,6441186.5864891,0
BBWI.US,D,20210713,000000,60.0331,60.5211,58.3766,58.4485,3942846.216157,0
BBWI.US,D,20210714,000000,59.5443,61.2402,58.9452,59.2363,8249483.5807516,0
BBWI.US,D,20210715,000000,58.5892,59.5364,57.4077,58.5192,13572855.707761,0
BBWI.US,D,20210716,000000,58.5743,59.5364,57.2484,57.3673,16052171.966631,0
BBWI.US,D,20210719,000000,55.7029,56.4919,54.4812,55.2151,9674354.3558869,0
BBWI.US,D,20210720,000000,55.7109,58.961,55.5062,58.715,7642369.0248554,0
BBWI.US,D,20210721,000000,59.2836,60.9874,59.0947,59.7401,7473208.5450225,0
BBWI.US,D,20210722,000000,59.7401,60.5211,59.2757,60.2054,4216165.5869002,0
BBWI.US,D,20210723,000000,61.0032,61.4684,60.0804,61.3887,4076608.6739094,0
BBWI.US,D,20210726,000000,61.5077,62.0321,60.3962,61.0809,3166618.9592693,0
BBWI.US,D,20210727,000000,60.0804,61.1683,59.2039,61.1359,5186001.8584426,0
BBWI.US,D,20210728,000000,61.3327,61.6799,60.2211,61.0572,3486925.26257,0
BBWI.US,D,20210729,000000,61.6416,62.8879,61.4448,62.6734,3155030.0487923,0
BBWI.US,D,20210730,000000,62.399,63.8657,62.2957,63.1397,3817559.9281904,0
BBWI.US,D,20210802,000000,63.5971,64.6616,62.4874,63.0207,5415814.0194848,0
BBWI.US,D,20210803,000000,62.9371,64.6212,60.709,64.3969,6194721.9743485,0
BBWI.US,D,20210804,000000,63.0895,63.9099,59.919,60.4365,6144126.2144058,0
BBWI.US,D,20210805,000000,61.2756,61.86,59.5285,60.8064,4078534.0595622,0
BBWI.US,D,20210806,000000,61.1281,61.1281,59.381,60.1718,3357328.7131626,0
BBWI.US,D,20210809,000000,59.8896,60.5712,59.1272,59.987,3203923.0521519,0
BBWI.US,D,20210810,000000,60.0361,62.1521,59.0505,60.9922,3208830.040825,0
BBWI.US,D,20210811,000000,62.2308,62.6311,60.1718,61.7133,3969895.1398387,0
BBWI.US,D,20210812,000000,61.4015,62.8652,60.5329,61.0022,3032981.5397616,0
BBWI.US,D,20210813,000000,61.0592,61.3475,59.0406,59.324,3736434.5051385,0
BBWI.US,D,20210816,000000,59.4892,60.8655,58.1721,60.4562,3510831.9649985,0
BBWI.US,D,20210817,000000,59.6358,60.1818,56.8647,57.7334,3831423.9247768,0
BBWI.US,D,20210818,000000,57.8788,59.2157,57.3378,57.9969,4264248.3830974,0
BBWI.US,D,20210819,000000,62.4177,64.6773,60.9903,64.0802,8815811.2711957,0
BBWI.US,D,20210820,000000,63.1614,65.0196,62.9164,64.814,4084548.0941572,0
BBWI.US,D,20210823,000000,65.1858,66.4764,64.1588,66.1154,4212499.8315335,0
BBWI.US,D,20210824,000000,66.7804,67.6215,66.0761,66.8591,4553965.0455944,0
BBWI.US,D,20210825,000000,67.1276,67.5919,66.3012,66.6928,2397681.5337001,0
BBWI.US,D,20210826,000000,66.3799,66.4961,64.7363,66.3603,2610775.1665225,0
BBWI.US,D,20210827,000000,66.8492,67.9539,66.8099,67.044,1919371.6183285,0
BBWI.US,D,20210830,000000,67.4257,67.6313,66.2718,67.5241,1597801.7171574,0
BBWI.US,D,20210831,000000,67.3283,67.3962,65.4397,66.0071,3019700.0384124,0
BBWI.US,D,20210901,000000,66.2422,67.044,63.7968,64.7953,4523468.9293315,0
BBWI.US,D,20210902,000000,64.8337,65.4691,63.8558,64.1883,2232114.6326862,0
BBWI.US,D,20210903,000000,64.0015,65.2448,62.9852,64.1686,2161644.9078466,0
BBWI.US,D,20210907,000000,63.728,64.5789,62.9164,63.5617,2611690.0805076,0
BBWI.US,D,20210908,000000,63.1898,63.7673,62.271,63.0728,3151529.9945141,0
BBWI.US,D,20210909,000000,63.0827,63.8263,62.7502,63.1221,1841900.7683612,0
BBWI.US,D,20210910,000000,63.4929,63.5814,62.1826,62.2514,2065947.9547266,0
BBWI.US,D,20210913,000000,62.878,62.9656,61.6839,62.4964,3349992.1195739,0
BBWI.US,D,20210914,000000,62.8387,63.2488,61.7527,62.0271,2579196.402044,0
BBWI.US,D,20210915,000000,61.6839,64.0605,61.3022,63.6995,3255593.3277416,0
BBWI.US,D,20210916,000000,64.208,65.6748,64.1686,65.0589,2266908.8115366,0
BBWI.US,D,20210917,000000,64.8827,66.4469,64.4431,64.8927,6297174.0423912,0
BBWI.US,D,20210920,000000,62.9075,64.149,61.738,63.0237,2151992.5653045,0
BBWI.US,D,20210921,000000,64.4234,64.9802,62.9754,63.0237,2053432.9479825,0
BBWI.US,D,20210922,000000,63.2194,65.4397,63.2194,64.9704,2484603.4451325,0
BBWI.US,D,20210923,000000,65.2251,66.8591,65.2251,65.9482,1584810.9551412,0
BBWI.US,D,20210924,000000,65.2547,66.1252,64.569,65.9187,1712535.9971635,0
BBWI.US,D,20210927,000000,66.7125,67.4159,65.9285,67.1326,2247099.9071897,0
BBWI.US,D,20210928,000000,66.6043,67.5821,65.6845,65.7829,2311015.7981834,0
BBWI.US,D,20210929,000000,66.2816,66.9466,65.6452,65.958,2029389.0084561,0
BBWI.US,D,20210930,000000,64.9418,65.538,61.4694,61.6543,4209575.1564947,0
BBWI.US,D,20211001,000000,61.919,63.2981,60.7641,62.6036,2882576.7966217,0
BBWI.US,D,20211004,000000,62.281,63.3866,61.6839,62.0074,2245718.3870724,0
BBWI.US,D,20211005,000000,62.457,63.2488,61.6249,62.3006,2943275.2401013,0
BBWI.US,D,20211006,000000,62.0026,62.3646,59.9624,61.0189,2755604.0172093,0
BBWI.US,D,20211007,000000,61.8796,63.2588,61.5087,62.33,2574556.7715688,0
BBWI.US,D,20211008,000000,61.8993,62.6233,61.4399,62.271,1403325.567359,0
BBWI.US,D,20211011,000000,62.0754,62.8682,61.1162,61.1556,1470576.8281136,0
BBWI.US,D,20211012,000000,61.4104,62.5938,60.5929,62.0271,2101227.0379889,0
BBWI.US,D,20211013,000000,61.9287,63.5322,61.6149,63.2488,1853337.193174,0
BBWI.US,D,20211014,000000,63.2588,64.4913,62.819,64.2758,2873938.992032,0
BBWI.US,D,20211015,000000,64.814,65.5084,63.3275,63.4742,2480777.071533,0
BBWI.US,D,20211018,000000,63.1711,65.0973,62.8288,64.8237,2547392.9753536,0
BBWI.US,D,20211019,000000,65.0097,65.6118,64.1785,64.6576,1875279.8802481,0
BBWI.US,D,20211020,000000,64.9024,66.7804,64.9024,66.2522,2114005.3366465,0
BBWI.US,D,20211021,000000,66.5748,68.6582,66.5748,67.5428,2507792.4483685,0
BBWI.US,D,20211022,000000,67.3677,68.2284,66.7607,68.0326,2059088.1329811,0
BBWI.US,D,20211025,000000,68.4921,69.8219,68.3937,69.3922,3577370.6094159,0
BBWI.US,D,20211026,000000,70.3994,70.9768,69.0399,69.6173,2064715.8705601,0
BBWI.US,D,20211027,000000,69.2258,69.2258,66.9219,67.0243,1800026.1718378,0
BBWI.US,D,20211028,000000,67.2987,68.0129,67.1523,67.7493,1613176.3383902,0
BBWI.US,D,20211029,000000,67.2506,68.1202,66.8,67.5821,1881295.9479851,0
BBWI.US,D,20211101,000000,68.0129,70.9178,68.0129,70.0767,2187693.5255712,0
BBWI.US,D,20211102,000000,69.9302,70.9345,68.7566,70.5951,2408324.0164881,0
BBWI.US,D,20211103,000000,70.9474,73.618,70.9474,73.3634,3498672.7581375,0
BBWI.US,D,20211104,000000,73.5885,74.9086,73.1193,74.2339,2823107.3875953,0
BBWI.US,D,20211105,000000,75.6819,75.7497,73.4616,73.6672,2019741.7487697,0
BBWI.US,D,20211108,000000,73.8621,74.5378,73.2354,73.3534,1780164.4057941,0
BBWI.US,D,20211109,000000,73.4616,74.469,73.2551,73.6082,2701013.1328652,0
BBWI.US,D,20211110,000000,73.4124,74.224,72.3265,72.6983,1805419.081494,0
BBWI.US,D,20211111,000000,73.442,74.6648,73.383,73.9898,3158804.5772662,0
BBWI.US,D,20211112,000000,73.7647,74.0292,72.2969,73.2167,2038178.2821389,0
BBWI.US,D,20211115,000000,73.3731,73.9211,71.7884,73.1784,1972512.8722918,0
BBWI.US,D,20211116,000000,73.208,74.2486,73.208,74.1266,2474229.3371136,0
BBWI.US,D,20211117,000000,74.8309,75.1054,72.718,72.9718,4855971.0360524,0
BBWI.US,D,20211118,000000,79.3924,80.3721,74.9323,76.8141,5087742.1295935,0
BBWI.US,D,20211119,000000,76.4128,77.0011,74.3932,74.8929,3005513.788789,0
BBWI.US,D,20211122,000000,75.0798,75.2461,73.3151,73.6977,4866896.1256046,0
BBWI.US,D,20211123,000000,73.5108,74.2369,71.4923,74.0312,3375048.5639104,0
BBWI.US,D,20211124,000000,72.8941,73.5305,71.9133,73.3249,3517545.4005064,0
BBWI.US,D,20211126,000000,71.6685,74.0018,71.2178,73.1292,1905266.6943926,0
BBWI.US,D,20211129,000000,74.3342,74.9618,72.9718,74.3637,2617738.6785197,0
BBWI.US,D,20211130,000000,73.9821,74.1582,70.9041,73.6387,5100255.1031953,0
BBWI.US,D,20211201,000000,75.0798,76.3635,70.1693,70.179,3145895.1409375,0
BBWI.US,D,20211202,000000,70.4338,73.4528,70.4338,73.0308,3033047.6168827,0
BBWI.US,D,20211203,000000,73.021,73.9525,70.0413,71.512,2006915.6712707,0
BBWI.US,D,20211206,000000,72.7367,74.2369,72.0313,72.6885,2054348.8785387,0
BBWI.US,D,20211207,000000,73.2757,75.9328,73.2177,74.4424,2070475.7623813,0
BBWI.US,D,20211208,000000,74.531,75.4222,73.9525,74.8831,1504361.5518672,0
BBWI.US,D,20211209,000000,74.2369,75.5796,73.443,73.5403,1977116.9227786,0
BBWI.US,D,20211210,000000,74.2072,75.1379,72.9236,74.952,1531822.186842,0
BBWI.US,D,20211213,000000,74.6382,74.6578,70.424,71.3447,1774978.8766413,0
BBWI.US,D,20211214,000000,71.3261,72.6393,71.0615,71.992,1929974.4548436,0
BBWI.US,D,20211215,000000,71.7962,71.9626,68.9829,71.4726,3028363.2572794,0
BBWI.US,D,20211216,000000,71.7962,72.0903,67.6795,68.1103,2828035.7242612,0
BBWI.US,D,20211217,000000,67.4542,69.5515,66.7185,68.4634,3293393.5073183,0
BBWI.US,D,20211220,000000,66.9349,67.1207,65.4937,66.6308,2726796.4255342,0
BBWI.US,D,20211221,000000,67.4689,68.1693,66.7479,67.0322,4173231.7232964,0
BBWI.US,D,20211222,000000,67.0617,67.6303,65.8173,67.219,4178912.3225723,0
BBWI.US,D,20211223,000000,67.6303,69.0763,66.6505,68.1202,2947072.1331391,0
BBWI.US,D,20211227,000000,68.6298,68.8265,67.287,68.4144,1873732.6590422,0
BBWI.US,D,20211228,000000,68.1693,68.4241,67.2093,67.2968,1662243.1754069,0
BBWI.US,D,20211229,000000,67.4346,68.2382,67.3657,68.1202,2356865.187686,0
BBWI.US,D,20211230,000000,68.2775,69.1599,68.0228,68.3169,2612772.7287232,0
BBWI.US,D,20211231,000000,68.1103,68.6888,67.4444,68.4044,2761504.1958416,0
BBWI.US,D,20220103,000000,68.5127,69.3163,67.4296,68.2382,2788288.8110386,0
BBWI.US,D,20220104,000000,68.2923,70.0906,68.2923,69.0518,3004755.4267526,0
BBWI.US,D,20220105,000000,69.7275,70.0709,65.229,65.2783,5865485.0939831,0
BBWI.US,D,20220106,000000,63.7103,63.729,60.9068,61.1025,5486083.4798188,0
BBWI.US,D,20220107,000000,60.7395,60.7395,57.6379,58.7111,5305338.1557933,0
BBWI.US,D,20220110,000000,57.8288,57.8288,54.3296,57.2601,7002890.9115955,0
BBWI.US,D,20220111,000000,57.329,58.0539,55.6528,57.6624,4127956.696462,0
BBWI.US,D,20220112,000000,58.1721,59.0839,56.9857,57.505,2809901.112507,0
BBWI.US,D,20220113,000000,57.9172,58.3186,55.9075,56.2213,3030526.5205685,0
BBWI.US,D,20220114,000000,55.1137,55.3783,53.6411,54.7221,4436189.1848736,0
BBWI.US,D,20220118,000000,54.0257,55.0163,53.8496,54.428,3821670.9416963,0
BBWI.US,D,20220119,000000,55.6528,56.3296,54.4183,54.4674,3857222.4660121,0
BBWI.US,D,20220120,000000,54.7802,55.4865,51.9383,52.0554,3079684.8489836,0
BBWI.US,D,20220121,000000,51.9186,53.8004,50.8996,51.9973,4664970.542826,0
BBWI.US,D,20220124,000000,50.5267,55.4078,49.9286,55.0645,5783440.6906618,0
BBWI.US,D,20220125,000000,54.1831,54.3296,52.6042,53.7119,4570423.3316139,0
BBWI.US,D,20220126,000000,54.193,55.4472,51.3698,51.8891,3798794.0257864,0
BBWI.US,D,20220127,000000,52.7716,54.1634,51.2812,51.8498,4649932.4066255,0
BBWI.US,D,20220128,000000,51.6639,53.5752,50.0565,53.5654,3571774.3855408,0
BBWI.US,D,20220131,000000,52.9869,55.0065,52.9575,54.9573,2974547.0001094,0
BBWI.US,D,20220201,000000,55.0163,55.6332,53.8103,55.1727,3815838.8733274,0
BBWI.US,D,20220202,000000,57.1037,58.0687,56.1229,57.5542,11578900.301374,0
BBWI.US,D,20220203,000000,56.6434,57.1529,54.496,54.555,4252126.789367,0
BBWI.US,D,20220204,000000,54.8491,55.82,53.4965,55.0163,4420667.1608322,0
BBWI.US,D,20220207,000000,55.4078,55.7934,53.9383,54.8195,4519201.3638768,0
BBWI.US,D,20220208,000000,54.5647,57.4569,54.016,57.1923,4122200.8709252,0
BBWI.US,D,20220209,000000,58.1032,60.108,58.0639,59.7893,4152539.4186685,0
BBWI.US,D,20220210,000000,58.0933,61.0286,57.8878,59.5443,4452758.2771424,0
BBWI.US,D,20220211,000000,59.1036,59.4164,56.0452,56.2116,3924047.7834781,0
BBWI.US,D,20220214,000000,55.7708,56.6187,53.2416,53.9383,6521927.7456674,0
BBWI.US,D,20220215,000000,54.4576,55.398,54.2214,54.2707,3262054.653618,0
BBWI.US,D,20220216,000000,53.8496,54.7605,53.5555,54.3493,3226817.2497705,0
BBWI.US,D,20220217,000000,53.5132,54.2511,51.2311,51.3098,3688162.6267175,0
BBWI.US,D,20220218,000000,51.1032,52.7833,51.0835,51.4278,4200561.2206001,0
BBWI.US,D,20220222,000000,51.5163,52.7951,50.267,50.5917,4150828.5295165,0
BBWI.US,D,20220223,000000,50.5622,51.3098,49.0964,49.4998,6337035.8281476,0
BBWI.US,D,20220224,000000,45.3682,52.8049,45.1321,52.2738,10245148.859719,0
BBWI.US,D,20220225,000000,51.7524,53.7739,51.5163,53.5624,5143320.1044704,0
BBWI.US,D,20220228,000000,52.5885,53.1001,51.4819,52.5001,4799803.4499408,0
BBWI.US,D,20220301,000000,52.5001,52.7263,49.7555,50.1096,3797414.5388112,0
BBWI.US,D,20220302,000000,50.7686,52.8148,50.3654,52.4804,5092108.3024443,0
BBWI.US,D,20220303,000000,52.4608,52.6771,50.9457,51.2901,4160634.3742938,0
BBWI.US,D,20220304,000000,50.926,51.0737,48.0832,49.0079,5169689.9586609,0
BBWI.US,D,20220307,000000,49.1653,49.3521,44.7386,44.7582,7027035.4916603,0
BBWI.US,D,20220308,000000,45.378,46.6568,44.7189,44.8469,5911126.0864113,0
BBWI.US,D,20220309,000000,46.706,48.0635,46.6824,46.9126,6392802.885248,0
BBWI.US,D,20220310,000000,45.7519,47.4241,45.683,47.2962,3595413.7297715,0
BBWI.US,D,20220311,000000,47.9356,47.9356,45.9978,46.047,3416860.1330259,0
BBWI.US,D,20220314,000000,46.6175,46.8842,45.5256,45.6633,3534288.3264323,0
BBWI.US,D,20220315,000000,45.7027,47.0798,45.3486,46.3519,4437074.6182969,0
BBWI.US,D,20220316,000000,46.9717,48.152,46.5093,47.9553,4320135.395587,0
BBWI.US,D,20220317,000000,47.3553,48.3882,47.1684,47.9356,2992853.4123786,0
BBWI.US,D,20220318,000000,47.7192,49.726,47.4044,49.5685,6626717.9272273,0
BBWI.US,D,20220321,000000,49.3227,49.8244,47.7882,48.5063,3863986.7300747,0
BBWI.US,D,20220322,000000,48.9291,49.9424,48.703,49.126,4641326.1157398,0
BBWI.US,D,20220323,000000,48.6833,48.7227,47.7095,48.034,3417185.4357761,0
BBWI.US,D,20220324,000000,47.975,49.185,47.8472,48.9685,3471222.2888737,0
BBWI.US,D,20220325,000000,49.185,50.3261,49.185,50.0899,3821341.5726617,0
BBWI.US,D,20220328,000000,49.8244,49.9228,47.9553,49.057,4475200.1006238,0
BBWI.US,D,20220329,000000,50.4638,51.1425,49.9325,50.926,3869228.1706377,0
BBWI.US,D,20220330,000000,50.6015,51.3688,48.998,49.0866,4851660.7746118,0
BBWI.US,D,20220331,000000,48.3489,48.9783,46.9224,47.0208,6175725.3103062,0
BBWI.US,D,20220401,000000,47.2864,48.2012,46.2141,46.6864,4669051.0591991,0
BBWI.US,D,20220404,000000,46.3913,47.8275,46.3421,47.0405,3695748.2802245,0
BBWI.US,D,20220405,000000,46.706,46.9914,45.1715,46.1453,5116907.5542939,0
BBWI.US,D,20220406,000000,45.2502,45.3486,44.0353,44.7779,4783663.350674,0
BBWI.US,D,20220407,000000,44.4631,44.9748,43.4519,44.6795,4343698.4969857,0
BBWI.US,D,20220408,000000,44.5911,45.9978,44.1779,45.378,3209215.3212698,0
BBWI.US,D,20220411,000000,45.3386,47.1388,45.2502,46.9126,4477672.4015257,0
BBWI.US,D,20220412,000000,47.6505,48.821,47.5028,48.093,3872944.7545592,0
BBWI.US,D,20220413,000000,48.2012,50.3654,48.152,50.2966,4635499.1302262,0
BBWI.US,D,20220414,000000,50.3753,52.4262,50.3753,51.3393,4241600.1956838,0
BBWI.US,D,20220418,000000,51.3196,52.3427,51.2015,52.0475,2851484.9696974,0
BBWI.US,D,20220419,000000,52.5001,54.8511,52.4508,54.6641,5253034.5564118,0
BBWI.US,D,20220420,000000,54.8018,56.5135,54.8018,55.9036,6246711.4532619,0
BBWI.US,D,20220421,000000,56.543,57.2218,53.8673,54.5264,4741570.1913652,0
BBWI.US,D,20220422,000000,53.6214,53.7493,52.3229,52.5394,4061891.7741747,0
BBWI.US,D,20220425,000000,52.077,53.3362,51.3786,53.2182,2335773.3706181,0
BBWI.US,D,20220426,000000,52.3328,53.0312,51.3393,52.0475,3103642.379967,0
BBWI.US,D,20220427,000000,51.8114,52.6771,51.1032,51.9295,3620876.8025459,0
BBWI.US,D,20220428,000000,53.0705,54.133,52.1656,53.4738,3666498.4801234,0
BBWI.US,D,20220429,000000,52.559,53.4985,51.8606,52.0278,3310915.1267026,0
BBWI.US,D,20220502,000000,52.6869,53.4738,51.654,53.4148,3877647.4124422,0
BBWI.US,D,20220503,000000,53.2575,53.8773,51.9787,52.3821,3101076.5545246,0
BBWI.US,D,20220504,000000,52.136,53.5624,49.8047,53.5034,6373897.7126042,0
BBWI.US,D,20220505,000000,52.4508,54.0325,51.9885,53.1788,4870357.5501813,0
BBWI.US,D,20220506,000000,53.1788,53.1788,50.4638,51.959,4672344.7495452,0
BBWI.US,D,20220509,000000,51.2409,51.7229,49.1751,49.5195,7493657.8891587,0
BBWI.US,D,20220510,000000,50.8966,51.3098,47.0208,49.067,5271275.908131,0
BBWI.US,D,20220511,000000,49.3621,49.3621,46.7552,46.9914,5971602.9173925,0
BBWI.US,D,20220512,000000,46.8536,48.585,46.4011,47.7488,6381670.4151925,0
BBWI.US,D,20220513,000000,48.4669,50.7392,48.398,50.1785,3768900.7361825,0
BBWI.US,D,20220516,000000,49.4505,49.9522,47.2815,47.6209,8726612.2405115,0
BBWI.US,D,20220517,000000,48.3783,48.5456,45.8404,46.2338,15762139.150524,0
BBWI.US,D,20220518,000000,44.3157,44.4041,41.7679,42.24,10967427.705195,0
BBWI.US,D,20220519,000000,39.8398,40.3415,37.7249,39.3775,19352374.467141,0
BBWI.US,D,20220520,000000,39.3775,40.312,35.904,38.0593,12782072.169372,0
BBWI.US,D,20220523,000000,38.3347,38.7184,36.7608,37.902,5770752.8668318,0
BBWI.US,D,20220524,000000,37.0659,37.1593,34.882,35.5607,5837577.1677266,0
BBWI.US,D,20220525,000000,35.2951,39.0824,35.1968,38.6594,5508703.2032418,0
BBWI.US,D,20220526,000000,39.3872,42.3826,39.1678,41.8367,5898584.6488189,0
BBWI.US,D,20220527,000000,41.8367,42.6335,41.212,41.758,3616124.3326792,0
BBWI.US,D,20220531,000000,41.3449,41.5121,40.1546,40.3514,5703696.7877274,0
BBWI.US,D,20220601,000000,40.4792,40.7644,38.7282,38.925,4446165.8135948,0
BBWI.US,D,20220602,000000,38.7964,39.4687,38.2487,38.7667,4542739.0705991,0
BBWI.US,D,20220603,000000,38.2922,38.8755,37.4222,37.6693,4270410.7341405,0
BBWI.US,D,20220606,000000,37.3727,37.521,36.1468,36.7993,5457904.8931539,0
BBWI.US,D,20220607,000000,36.1072,37.4024,35.6523,37.2442,6796332.1651282,0
BBWI.US,D,20220608,000000,37.1552,37.5309,36.3643,36.8487,3386961.4277404,0
BBWI.US,D,20220609,000000,36.8091,36.8091,34.9001,34.9505,6164054.039599,0
BBWI.US,D,20220610,000000,33.9914,34.99,33.4674,33.497,4298547.7888923,0
BBWI.US,D,20220613,000000,32.4786,33.3487,31.7273,32.4786,6241747.2658389,0
BBWI.US,D,20220614,000000,32.7258,33.3092,32.1771,32.4293,4973957.463465,0
BBWI.US,D,20220615,000000,32.7061,34.1446,32.5281,33.6156,6060135.3669858,0
BBWI.US,D,20220616,000000,32.8247,32.8633,31.3219,31.7371,5483823.875327,0
BBWI.US,D,20220617,000000,31.8261,33.3388,31.8064,33.151,11047769.427537,0
BBWI.US,D,20220621,000000,33.6749,34.1891,29.74,30.0169,8763827.2742756,0
BBWI.US,D,20220622,000000,29.6213,30.61,29.3642,29.5719,5382685.6320431,0
BBWI.US,D,20220623,000000,29.6608,29.8487,28.5585,29.2061,5274004.1214117,0
BBWI.US,D,20220624,000000,29.473,31.0648,29.394,30.6001,8381789.811253,0
BBWI.US,D,20220627,000000,30.6001,30.877,29.8092,30.4321,3311611.691772,0
BBWI.US,D,20220628,000000,30.6594,31.1341,28.5881,28.6722,4193433.6024678,0
BBWI.US,D,20220629,000000,27.2682,27.5747,25.9335,26.1016,7961606.1524661,0
BBWI.US,D,20220630,000000,25.8939,26.9964,25.4589,26.6157,6430420.9899293,0
BBWI.US,D,20220701,000000,26.4278,27.8021,25.7358,27.5648,6363452.999269,0
BBWI.US,D,20220705,000000,27.1002,27.6291,26.418,27.4264,5382202.1670669,0
BBWI.US,D,20220706,000000,27.4166,27.7033,26.2005,26.3982,3182884.5904246,0
BBWI.US,D,20220707,000000,26.6454,27.9257,26.5464,27.8022,3743734.3057439,0
BBWI.US,D,20220708,000000,27.8516,27.8813,27.0112,27.3078,3320358.5643948,0
BBWI.US,D,20220711,000000,27.1002,27.288,26.418,26.6157,3472279.8474011,0
BBWI.US,D,20220712,000000,26.4971,27.2979,26.3784,26.5464,3167028.3552133,0
BBWI.US,D,20220713,000000,26.151,27.2238,25.7852,27.1002,3281284.8845654,0
BBWI.US,D,20220714,000000,26.5662,26.7146,25.5182,25.6666,4327386.7781493,0
BBWI.US,D,20220715,000000,26.1609,27.3671,25.9533,27.1991,4170815.9376214,0
BBWI.US,D,20220718,000000,27.7329,29.1467,27.7329,28.257,5405069.6558655,0
BBWI.US,D,20220719,000000,28.6029,29.9476,28.5832,29.7796,3766803.0697103,0
BBWI.US,D,20220720,000000,28.3459,30.8226,28.0493,30.7485,17130897.701014,0
BBWI.US,D,20220721,000000,30.8869,32.9533,30.6199,32.9137,9280108.1942521,0
BBWI.US,D,20220722,000000,32.8643,33.7343,32.3798,33.0917,5313725.118364,0
BBWI.US,D,20220725,000000,33.062,33.5563,32.3402,33.0422,4947563.1077799,0
BBWI.US,D,20220726,000000,31.9645,32.9731,31.3713,32.8247,5155371.1214492,0
BBWI.US,D,20220727,000000,33.4179,34.026,32.7951,33.754,3720869.8512444,0
BBWI.US,D,20220728,000000,34.1101,35.0196,33.586,34.9801,3523043.6698964,0
BBWI.US,D,20220729,000000,35.0493,35.1976,34.1815,35.1382,3919847.0433515,0
BBWI.US,D,20220801,000000,34.7626,37.0761,34.4758,36.8981,4183012.8082225,0
BBWI.US,D,20220802,000000,36.6509,36.9081,35.7414,36.6015,3619948.0546235,0
BBWI.US,D,20220803,000000,37.0168,38.9497,36.9279,38.8656,4398802.0397303,0
BBWI.US,D,20220804,000000,38.8854,39.0733,37.8176,38.0154,3972572.0344426,0
BBWI.US,D,20220805,000000,37.5309,38.0835,36.7202,36.9377,3600369.7459556,0
BBWI.US,D,20220808,000000,37.4222,39.36,37.4222,37.8869,3105170.1240918,0
BBWI.US,D,20220809,000000,37.5804,37.5804,34.9801,35.6326,4325515.627091,0
BBWI.US,D,20220810,000000,36.9872,37.7879,36.7696,36.9179,3046084.2308355,0
BBWI.US,D,20220811,000000,37.9858,38.8558,37.5606,38.7964,4332203.2221167,0
BBWI.US,D,20220812,000000,39.36,39.6467,38.4751,39.538,3068191.1220146,0
BBWI.US,D,20220815,000000,39.1771,39.3996,37.956,38.7569,4302625.8867664,0
BBWI.US,D,20220816,000000,39.3205,41.5994,39.3105,40.5563,6642246.4154924,0
BBWI.US,D,20220817,000000,39.5578,40.3982,39.1721,39.9334,4669526.2434439,0
BBWI.US,D,20220818,000000,40.8277,42.2982,39.7347,40.003,9544393.13972,0
BBWI.US,D,20220819,000000,39.7546,40.0527,38.2344,38.4132,4128486.8472679,0
BBWI.US,D,20220822,000000,37.3948,37.7674,35.8298,36.2571,4151075.0425771,0
BBWI.US,D,20220823,000000,36.426,37.1613,36.2173,36.3962,2350656.7885451,0
BBWI.US,D,20220824,000000,36.1378,36.893,35.482,36.7241,2831310.1149014,0
BBWI.US,D,20220825,000000,36.4458,37.6879,35.8497,37.6879,4419461.3287867,0
BBWI.US,D,20220826,000000,37.817,38.1151,36.2908,36.5949,2875465.9909037,0
BBWI.US,D,20220829,000000,36.1378,37.7823,35.9093,37.3898,3205280.4133141,0
BBWI.US,D,20220830,000000,37.8071,38.6119,36.8632,37.4494,3192348.8627203,0
BBWI.US,D,20220831,000000,37.1414,37.8319,36.5949,37.0917,5914878.5606644,0
BBWI.US,D,20220901,000000,36.5253,38.1946,36.416,38.1747,3982051.0512564,0
BBWI.US,D,20220902,000000,38.4927,39.6453,37.6382,38.2244,3886938.8877519,0
BBWI.US,D,20220906,000000,38.1946,38.3238,36.3962,37.0718,4969323.460473,0
BBWI.US,D,20220907,000000,36.893,38.3735,36.893,38.1648,2814202.9083488,0
BBWI.US,D,20220908,000000,37.5984,38.92,36.9625,38.8703,2299792.0856879,0
BBWI.US,D,20220909,000000,39.228,39.5718,38.5623,39.3969,3056706.971302,0
BBWI.US,D,20220912,000000,40.0924,40.5395,39.4664,40.1818,2704385.8739807,0
BBWI.US,D,20220913,000000,38.7709,38.9001,37.3948,37.5488,3819604.0451587,0
BBWI.US,D,20220914,000000,37.5388,38.0754,36.3862,38.0654,2876575.0708908,0
BBWI.US,D,20220915,000000,37.9015,38.7808,36.9029,37.1414,3471588.4325787,0
BBWI.US,D,20220916,000000,36.7092,37.6481,35.8,37.5786,7610517.9422298,0
BBWI.US,D,20220919,000000,37.2308,38.6715,37.2308,38.5225,3214947.1222762,0
BBWI.US,D,20220920,000000,38.0456,38.453,36.7141,37.3103,2556653.8029933,0
BBWI.US,D,20220921,000000,37.7773,38.4033,36.7439,36.7737,2010485.2498485,0
BBWI.US,D,20220922,000000,36.7638,37.042,35.7603,36.1279,2096593.9382489,0
BBWI.US,D,20220923,000000,35.6311,36.0881,34.8412,35.482,2892270.2636304,0
BBWI.US,D,20220926,000000,35.5913,36.3067,34.394,34.5282,2824541.9089909,0
BBWI.US,D,20220927,000000,35.0846,35.5615,33.5942,34.1804,2317547.4297284,0
BBWI.US,D,20220928,000000,34.3692,35.3529,34.2996,35.1541,2301106.4763079,0
BBWI.US,D,20220929,000000,34.548,34.7766,32.8986,33.4153,2968711.236644,0
BBWI.US,D,20220930,000000,32.6999,33.4054,31.7063,32.3919,3200997.0699156,0
BBWI.US,D,20221003,000000,32.7098,32.7744,31.5424,32.3124,5719730.8041663,0
BBWI.US,D,20221004,000000,33.5246,34.9654,33.5246,34.8561,2946805.3972616,0
BBWI.US,D,20221005,000000,33.9519,35.3827,33.7466,35.2237,2102853.8997007,0
BBWI.US,D,20221006,000000,35.3131,35.9987,34.6971,35.0647,2000962.4596144,0
BBWI.US,D,20221007,000000,34.5381,35.3032,34.1208,35.2833,3222810.3182284,0
BBWI.US,D,20221010,000000,35.2734,35.5019,32.9781,33.8426,3192542.0962571,0
BBWI.US,D,20221011,000000,33.8227,35.1392,33.2861,33.9817,2456849.687674,0
BBWI.US,D,20221012,000000,34.1108,34.2748,33.4153,33.9916,2576090.8826586,0
BBWI.US,D,20221013,000000,33.1272,34.7567,32.382,34.081,3022521.7445123,0
BBWI.US,D,20221014,000000,34.3791,34.9952,32.1981,32.4316,3694491.3686453,0
BBWI.US,D,20221017,000000,33.2067,33.7531,32.4764,32.6006,3583401.2070688,0
BBWI.US,D,20221018,000000,33.4451,34.6573,33.316,33.4948,3171758.4203824,0
BBWI.US,D,20221019,000000,33.0676,33.4551,32.3422,32.6999,2917202.4219976,0
BBWI.US,D,20221020,000000,32.8688,34.2201,32.1683,32.5211,2722923.2099903,0
BBWI.US,D,20221021,000000,32.3621,33.6637,32.0491,33.4948,3501758.0249323,0
BBWI.US,D,20221024,000000,33.2166,33.4749,31.4579,32.2329,4047947.7129952,0
BBWI.US,D,20221025,000000,32.3919,34.9157,32.3223,34.4785,4597483.7630881,0
BBWI.US,D,20221026,000000,34.394,34.8561,33.2663,33.2762,2911432.5893605,0
BBWI.US,D,20221027,000000,33.6935,34.0413,32.8887,33.1073,2994858.1495888,0
BBWI.US,D,20221028,000000,33.0477,33.5246,32.0541,33.3756,3890359.7252076,0
BBWI.US,D,20221031,000000,33.3458,33.8724,32.69,33.1669,3228967.6243637,0
BBWI.US,D,20221101,000000,34.1804,34.866,32.8986,33.9419,2597013.4451378,0
BBWI.US,D,20221102,000000,33.7631,34.4984,32.4416,32.4714,3484578.3558034,0
BBWI.US,D,20221103,000000,31.9547,33.3259,31.1598,32.6701,2831521.4640822,0
BBWI.US,D,20221104,000000,33.3557,33.5246,31.5175,31.7659,5763930.9628541,0
BBWI.US,D,20221107,000000,32.0143,32.2876,31.0207,31.9746,3456429.6641886,0
BBWI.US,D,20221108,000000,32.531,33.6389,32.1534,33.3458,3305733.672546,0
BBWI.US,D,20221109,000000,33.1172,33.3557,30.6829,30.7027,3159562.5662229,0
BBWI.US,D,20221110,000000,32.2429,34.7567,32.1236,34.2102,4447177.2577931,0
BBWI.US,D,20221111,000000,34.5679,36.0136,34.2897,35.7702,4556767.8466103,0
BBWI.US,D,20221114,000000,35.4224,35.641,32.7993,32.849,6296833.8324144,0
BBWI.US,D,20221115,000000,34.1903,34.9057,33.4998,33.7035,4881230.1026219,0
BBWI.US,D,20221116,000000,32.1932,32.7297,30.3252,31.13,7374394.6116889,0
BBWI.US,D,20221117,000000,38.115,39.51,35.51,38.97,22429964,0
BBWI.US,D,20221118,000000,39.5,41.29,37.13,38.23,9066413,0
BBWI.US,D,20221121,000000,37.88,39.73,37.66,39.55,5190818,0
BBWI.US,D,20221122,000000,40.1,41.41,39.88,41.25,3479720,0
BBWI.US,D,20221123,000000,41.29,41.63,40.24,40.4,3161036,0
BBWI.US,D,20221125,000000,40.17,40.43,39.57,40.37,1958446,0
BBWI.US,D,20221128,000000,40.35,40.775,39.9525,40.06,3752570,0
BBWI.US,D,20221129,000000,40.09,40.42,39.54,39.79,2602510,0
BBWI.US,D,20221130,000000,39.73,42.57,39.6,42.5,6000075,0
BBWI.US,D,20221201,000000,42.35,43.67,42.35,43.27,4872509,0
BBWI.US,D,20221202,000000,42.3,44.87,42.3,43.86,4417499,0
BBWI.US,D,20221205,000000,43.47,44,42.27,43.83,5576392,0
BBWI.US,D,20221206,000000,44.03,44.23,42.11,42.63,2785978,0
BBWI.US,D,20221207,000000,42.5,43.56,42.155,43.01,2922332,0
BBWI.US,D,20221208,000000,43.11,43.57,41.865,42.15,2919865,0
BBWI.US,D,20221209,000000,42.21,43.7,41.87,42.31,4475973,0
BBWI.US,D,20221212,000000,42.17,42.325,41.46,42.15,2616772,0
BBWI.US,D,20221213,000000,43.65,44.3,41.645,42.4,2764020,0
BBWI.US,D,20221214,000000,42.29,42.85,41.645,42.22,2130182,0
BBWI.US,D,20221215,000000,41.63,42.01,40.63,41.75,2926783,0
BBWI.US,D,20221216,000000,41.35,41.97,39.815,40.31,5778953,0
BBWI.US,D,20221219,000000,40.51,41.79,39.86,40.34,6056268,0
BBWI.US,D,20221220,000000,40.16,40.63,39.22,40.3,3046350,0
BBWI.US,D,20221221,000000,41.07,41.82,40.77,41.22,2374810,0
BBWI.US,D,20221222,000000,40.53,40.67,39.71,40.34,1723634,0
BBWI.US,D,20221223,000000,40.33,41.95,40.15,41.94,2461490,0
BBWI.US,D,20221227,000000,41.94,42.89,41.805,41.95,3022527,0
BBWI.US,D,20221228,000000,41.78,42.17,40.63,40.75,2137968,0
BBWI.US,D,20221229,000000,41.35,42,41.18,41.65,1610645,0
BBWI.US,D,20221230,000000,41.1,42.21,40.8801,42.14,2237048,0
BBWI.US,D,20230103,000000,42.77,43.63,42.38,43.19,5256646,0
BBWI.US,D,20230104,000000,44.42,47.75,43.62,47.73,6521474,0
BBWI.US,D,20230105,000000,47.16,47.83,46.47,46.79,3577146,0
BBWI.US,D,20230106,000000,45.83,47.37,45.4,46.12,3353553,0
BBWI.US,D,20230109,000000,45.99,46.09,44.32,45,3709342,0
BBWI.US,D,20230110,000000,44.92,46.135,44.79,45.8,2352641,0
BBWI.US,D,20230111,000000,45.89,46.97,45.89,46.58,2087418,0
BBWI.US,D,20230112,000000,46.84,46.925,45.69,46.14,1955643,0
BBWI.US,D,20230113,000000,45.43,46.845,44.99,46.66,2315290,0
BBWI.US,D,20230117,000000,46.56,46.56,45.5796,45.88,2169953,0
BBWI.US,D,20230118,000000,46.06,47.17,45.39,45.53,2675557,0
BBWI.US,D,20230119,000000,44.91,45.11,44.195,44.25,2491184,0
BBWI.US,D,20230120,000000,44.26,45.1525,43.66,45.01,2444025,0
BBWI.US,D,20230123,000000,45.24,46.12,45.19,45.69,1964108,0
BBWI.US,D,20230124,000000,45.24,45.82,44.94,45.28,2157533,0
BBWI.US,D,20230125,000000,44.59,45.31,44.15,45.3,2620311,0
BBWI.US,D,20230126,000000,45.66,45.97,44.46,45.16,1951982,0
BBWI.US,D,20230127,000000,45.01,45.3789,44.58,44.65,1752066,0
BBWI.US,D,20230130,000000,44.11,44.65,43.83,44.06,1866623,0
BBWI.US,D,20230131,000000,44.8,46.02,44.359,46.01,3323517,0
BBWI.US,D,20230201,000000,45.89,48.56,45.83,47.98,3314521,0
BBWI.US,D,20230202,000000,48.72,49.55,46.1402,47.02,2766448,0
BBWI.US,D,20230203,000000,46.14,47.4,45.99,46.85,1562627,0
BBWI.US,D,20230206,000000,46.46,46.89,45.43,46.02,1923349,0
BBWI.US,D,20230207,000000,45.74,46.09,44.97,45.81,1650917,0
BBWI.US,D,20230208,000000,45.38,45.495,43.91,44.21,2571456,0
BBWI.US,D,20230209,000000,45.11,46.24,44.72,44.81,1696863,0
BBWI.US,D,20230210,000000,44.26,44.5,43.66,44.32,1652162,0
BBWI.US,D,20230213,000000,44.47,44.74,43.89,44.73,1360848,0
BBWI.US,D,20230214,000000,44.53,45.34,44.33,44.93,1539116,0
BBWI.US,D,20230215,000000,43.81,44.05,42.96,43.24,2898323,0
BBWI.US,D,20230216,000000,42.5,43.21,42.01,42.91,2566590,0
BBWI.US,D,20230217,000000,43.04,43.45,42.53,42.89,2378183,0
BBWI.US,D,20230221,000000,41.95,42.065,40.265,40.76,4554761,0
BBWI.US,D,20230222,000000,40.93,43.83,40.29,41.89,6018262,0
BBWI.US,D,20230223,000000,39.405,44.14,39.22,43.56,8966623,0
BBWI.US,D,20230224,000000,42.11,42.6424,41.685,42.42,4651739,0
BBWI.US,D,20230227,000000,43.5,43.6904,41.35,41.43,4331487,0
BBWI.US,D,20230228,000000,41.3,42.27,40.82,40.87,4542379,0
BBWI.US,D,20230301,000000,40.24,40.655,39.23,39.41,4462509,0
BBWI.US,D,20230302,000000,39.45,40.16,39.09,39.77,3048600,0
BBWI.US,D,20230303,000000,40.06,40.335,39.29,39.59,3271403,0
BBWI.US,D,20230306,000000,40,40.4,38.975,39.35,2954084,0
BBWI.US,D,20230307,000000,39.6,40.29,39.41,39.47,2375438,0
BBWI.US,D,20230308,000000,39.33,39.44,38.78,39.2,1968697,0
BBWI.US,D,20230309,000000,39.2,39.35,37.94,38,1577528,0
BBWI.US,D,20230310,000000,37.58,38.21,36.73,37.28,2397913,0
BBWI.US,D,20230313,000000,36.4,37.59,36.08,36.6,3813869,0
BBWI.US,D,20230314,000000,37.38,37.705,35.445,35.95,3565803,0
BBWI.US,D,20230315,000000,35.16,35.55,34.79,35.11,2955896,0
BBWI.US,D,20230316,000000,34.36,35.63,33.77,35.25,3060254,0
BBWI.US,D,20230317,000000,34.2,34.63,33.85,34.43,5143591,0
BBWI.US,D,20230320,000000,34.38,35.55,34.38,34.82,3262384,0
BBWI.US,D,20230321,000000,35.47,36.305,35.295,35.77,3274828,0
BBWI.US,D,20230322,000000,35.86,36.63,34.9,34.93,2908205,0
BBWI.US,D,20230323,000000,35.49,35.61,33.67,34.35,2671791,0
BBWI.US,D,20230324,000000,34.17,35.67,33.845,35.61,3505958,0
BBWI.US,D,20230327,000000,36.28,36.93,35.39,36.69,4709152,0
BBWI.US,D,20230328,000000,37.12,38.45,37.12,38.04,3969047,0
BBWI.US,D,20230329,000000,37.35,37.66,36.43,37.25,3869485,0
BBWI.US,D,20230330,000000,37.69,37.76,35.87,36.27,4362345,0
BBWI.US,D,20230331,000000,36.21,36.68,35.91,36.58,2979357,0
BBWI.US,D,20230403,000000,36.92,37.045,35.85,36.5,3429617,0
BBWI.US,D,20230404,000000,36.78,36.84,35.55,36.55,2961642,0
BBWI.US,D,20230405,000000,36.24,36.32,35.095,35.68,3496758,0
BBWI.US,D,20230406,000000,35.62,35.83,34.87,35.53,2805704,0
BBWI.US,D,20230410,000000,35.22,37.53,35.22,37.41,3932541,0
BBWI.US,D,20230411,000000,37.94,38.305,37.62,37.83,2421288,0
BBWI.US,D,20230412,000000,38.02,38.25,36.19,36.37,2957225,0
BBWI.US,D,20230413,000000,36.69,36.69,35.8,35.85,2392251,0
BBWI.US,D,20230414,000000,36.08,36.825,35.6,36.19,2495842,0
BBWI.US,D,20230417,000000,36.12,36.55,35.27,35.44,4979983,0
BBWI.US,D,20230418,000000,35.58,35.9,34.99,35.36,3902141,0
BBWI.US,D,20230419,000000,35.04,35.805,34.86,35.6,3789796,0
BBWI.US,D,20230420,000000,34.52,35.52,34.15,34.76,3363272,0
BBWI.US,D,20230421,000000,34.84,35.67,34.7,35.63,3115204,0
BBWI.US,D,20230424,000000,35.41,36.02,34.935,35.93,2693270,0
BBWI.US,D,20230425,000000,35.6,35.63,34,34.7,3954246,0
BBWI.US,D,20230426,000000,34.77,35.11,34.37,34.55,3978332,0
BBWI.US,D,20230427,000000,34.61,35.385,34.58,34.77,3798158,0
BBWI.US,D,20230428,000000,34.54,35.17,34.4,35.1,3239640,0
BBWI.US,D,20230501,000000,35.29,35.64,34.67,34.86,2643534,0
BBWI.US,D,20230502,000000,34.55,34.715,33.6809,34.6,3100222,0
BBWI.US,D,20230503,000000,34.66,35.105,34.165,34.32,2510505,0
BBWI.US,D,20230504,000000,34.47,34.57,33.3,33.47,2055766,0
BBWI.US,D,20230505,000000,33.97,34.445,33.37,33.71,5333894,0
BBWI.US,D,20230508,000000,33.61,33.87,32.485,32.61,3774123,0
BBWI.US,D,20230509,000000,32.14,32.51,31.785,32.24,2210155,0
BBWI.US,D,20230510,000000,32.63,32.7,31.22,31.83,2972522,0
BBWI.US,D,20230511,000000,31.83,32.275,31.685,32.23,2074019,0
BBWI.US,D,20230512,000000,32.5,33.035,32.02,33,3551356,0
BBWI.US,D,20230515,000000,33.25,33.77,33.1,33.62,4371811,0
BBWI.US,D,20230516,000000,33.34,33.54,32.45,32.6,3048846,0
BBWI.US,D,20230517,000000,32.71,34.29,32.705,34.02,6040849,0
BBWI.US,D,20230518,000000,36.91,37.83,36.21,37.67,9977792,0
BBWI.US,D,20230519,000000,36.92,37.73,36.74,37.03,5618497,0
BBWI.US,D,20230522,000000,37.07,38.34,36.66,38.12,4183624,0
BBWI.US,D,20230523,000000,38.11,39.29,37.91,38.51,4033016,0
BBWI.US,D,20230524,000000,38.8,39.1,38.11,38.23,3666157,0
BBWI.US,D,20230525,000000,38,38.56,36.595,36.64,2739405,0
BBWI.US,D,20230526,000000,36.19,37.01,36.1,36.89,1956188,0
BBWI.US,D,20230530,000000,37.09,37.24,36.07,36.29,3196492,0
BBWI.US,D,20230531,000000,35.97,36.21,34.45,35.24,4404653,0
BBWI.US,D,20230601,000000,35,36.33,34.55,36.15,3342370,0
BBWI.US,D,20230602,000000,36.87,37.97,36.45,37.71,3298824,0
BBWI.US,D,20230605,000000,37.76,39.95,37.76,39.8,4747830,0
BBWI.US,D,20230606,000000,39.43,40.53,39.02,40.38,3346600,0
BBWI.US,D,20230607,000000,40.55,41.61,40.4,41.19,3381045,0
BBWI.US,D,20230608,000000,41.29,43.02,41.1,42,4670575,0
BBWI.US,D,20230609,000000,42.22,43.11,42.05,42.23,4475082,0
BBWI.US,D,20230612,000000,42.31,42.75,41.71,41.81,3618143,0
BBWI.US,D,20230613,000000,42.24,42.32,40.83,41.13,4591912,0
BBWI.US,D,20230614,000000,41.46,41.54,39.29,39.7,5203470,0
BBWI.US,D,20230615,000000,39.4,39.8,38.835,39.72,3667055,0
BBWI.US,D,20230616,000000,39.72,39.72,38.375,38.95,3727574,0
BBWI.US,D,20230620,000000,38.92,39.36,38.73,38.8,4484209,0
BBWI.US,D,20230621,000000,38.98,39.405,38.24,38.56,4807216,0
BBWI.US,D,20230622,000000,38.63,38.63,37.475,37.81,3725923,0
BBWI.US,D,20230623,000000,37.38,37.59,36.94,37.21,4930948,0
BBWI.US,D,20230626,000000,37.11,37.42,36.38,36.43,3236843,0
BBWI.US,D,20230627,000000,36.49,37.98,36.31,37.88,4258899,0
BBWI.US,D,20230628,000000,37.72,37.93,36.585,36.78,4190793,0
BBWI.US,D,20230629,000000,36.93,37.85,36.72,37.84,2442893,0
BBWI.US,D,20230630,000000,38.13,38.2,37.19,37.5,3602728,0
BBWI.US,D,20230703,000000,37.78,38.18,37.5273,37.9,2013593,0
BBWI.US,D,20230705,000000,37.9,38.3694,37.355,38.21,2909313,0
BBWI.US,D,20230706,000000,37.85,38.01,36.99,37.39,2869957,0
BBWI.US,D,20230707,000000,37.14,38.16,36.97,37.66,3416170,0
BBWI.US,D,20230710,000000,37.52,38.58,37.045,37.14,3276469,0
BBWI.US,D,20230711,000000,37.13,38.1,36.76,37.21,3260563,0
BBWI.US,D,20230712,000000,37.95,37.97,36.561,36.71,4008902,0
BBWI.US,D,20230713,000000,36.72,36.72,35.68,35.71,5156005,0
BBWI.US,D,20230714,000000,35.77,35.98,35,35.19,3681718,0
BBWI.US,D,20230717,000000,35.22,36.72,34.8301,36.15,10387962,0
BBWI.US,D,20230718,000000,36.03,36.83,35.59,35.61,9470276,0
BBWI.US,D,20230719,000000,35.92,36.36,35.42,36,5362016,0
BBWI.US,D,20230720,000000,36.12,36.24,35.57,36.01,2119614,0
BBWI.US,D,20230721,000000,36.28,36.35,35.45,35.66,1967854,0
BBWI.US,D,20230724,000000,35.84,35.94,35.015,35.25,2814142,0
BBWI.US,D,20230725,000000,35.04,35.48,34.83,35.08,2639945,0
BBWI.US,D,20230726,000000,35.16,35.975,35.11,35.97,2456108,0
BBWI.US,D,20230727,000000,36.06,37.01,35.93,36.17,4897166,0
BBWI.US,D,20230728,000000,36.6,36.81,36.02,36.54,2415940,0
BBWI.US,D,20230731,000000,36.55,37.07,36.41,37.06,2518826,0
BBWI.US,D,20230801,000000,37.75,37.88,36.44,36.7,3803019,0
BBWI.US,D,20230802,000000,36.34,37.2,35.97,36.99,3387486,0
BBWI.US,D,20230803,000000,36.97,37.52,36.71,37.15,3034272,0
BBWI.US,D,20230804,000000,37.47,38.6275,37.06,37.99,3777624,0
BBWI.US,D,20230807,000000,38.03,39.68,38.03,39.3,3845215,0
BBWI.US,D,20230808,000000,38.92,39.475,38.41,39.31,2467368,0
BBWI.US,D,20230809,000000,39.32,39.71,38.91,39.2,2130176,0
BBWI.US,D,20230810,000000,39.28,39.8,38.93,38.98,2359924,0
BBWI.US,D,20230811,000000,38.71,39.09,36.88,36.99,4085928,0
BBWI.US,D,20230814,000000,37.35,37.65,37.01,37.48,2832014,0
BBWI.US,D,20230815,000000,37.18,37.77,36.78,37.57,2205595,0
BBWI.US,D,20230816,000000,37.65,38.28,37.47,37.48,2735989,0
BBWI.US,D,20230817,000000,37.55,37.6625,36.09,36.11,3611967,0
BBWI.US,D,20230818,000000,35.7,36.795,35.55,36.52,2249899,0
BBWI.US,D,20230821,000000,36.46,37.245,36.46,36.72,3533648,0
BBWI.US,D,20230822,000000,36.39,36.42,34.75,34.94,5543691,0
BBWI.US,D,20230823,000000,34.4,36.95,33.36,36.25,7694854,0
BBWI.US,D,20230824,000000,35.56,35.74,33.6,34.59,6215480,0
BBWI.US,D,20230825,000000,34.72,34.9625,34.18,34.84,3978982,0
BBWI.US,D,20230828,000000,34.92,35.88,34.84,35.84,4715392,0
BBWI.US,D,20230829,000000,36.06,37.1,35.8601,37.08,3850676,0
BBWI.US,D,20230830,000000,37,38.205,36.891,38.11,3178015,0
BBWI.US,D,20230831,000000,38.04,38.19,36.8,36.87,5739466,0
BBWI.US,D,20230901,000000,37.06,38.2,36.58,38.15,3335086,0
BBWI.US,D,20230905,000000,37.91,38.34,37.355,37.63,3999069,0
BBWI.US,D,20230906,000000,37.19,37.695,36.8861,37.34,3276194,0
BBWI.US,D,20230907,000000,37.07,37.41,36.78,37.09,4631720,0
BBWI.US,D,20230908,000000,37.19,37.19,36.08,36.5,3467010,0
BBWI.US,D,20230911,000000,37.11,37.37,36.455,36.46,2824688,0
BBWI.US,D,20230912,000000,36.22,37.59,36.22,37.25,3819336,0
BBWI.US,D,20230913,000000,37.07,37.12,35.81,35.88,2539672,0
BBWI.US,D,20230914,000000,36.06,36.56,35.73,36.32,2374501,0
BBWI.US,D,20230915,000000,36.17,36.96,35.87,36.28,3147447,0
BBWI.US,D,20230918,000000,36.05,36.36,35.23,36.09,2131797,0
BBWI.US,D,20230919,000000,35.95,36.12,34.95,35.18,2925808,0
BBWI.US,D,20230920,000000,35.63,35.83,34.89,34.99,1404718,0
BBWI.US,D,20230921,000000,34.78,34.99,34.06,34.07,2702783,0
BBWI.US,D,20230922,000000,34.22,34.55,32.77,33.11,3219826,0
BBWI.US,D,20230925,000000,32.68,33.355,32.58,33.07,2061188,0
BBWI.US,D,20230926,000000,32.85,33.05,31.615,31.7,4702367,0
BBWI.US,D,20230927,000000,31.88,32.47,31.88,32.15,2704418,0
BBWI.US,D,20230928,000000,32.23,33.535,32.14,33.21,3667747,0
BBWI.US,D,20230929,000000,33.57,34.21,33.55,33.8,2837145,0
BBWI.US,D,20231002,000000,33.77,34.19,33.435,33.57,3162467,0
BBWI.US,D,20231003,000000,33.27,33.38,32.26,32.44,2509274,0
BBWI.US,D,20231004,000000,32.41,32.83,32.14,32.68,2368714,0
BBWI.US,D,20231005,000000,32.65,32.68,31.99,32.36,2116324,0
BBWI.US,D,20231006,000000,32.24,32.66,31.53,32.1,2168134,0
BBWI.US,D,20231009,000000,31.66,31.725,30.755,31.04,4391976,0
BBWI.US,D,20231010,000000,31.3,32.07,31.04,31.45,3034770,0
BBWI.US,D,20231011,000000,31.4,31.85,30.725,31.11,2906152,0
BBWI.US,D,20231012,000000,31.17,31.17,30.08,30.75,2757205,0
BBWI.US,D,20231013,000000,30.64,30.64,30.03,30.2,2349133,0
BBWI.US,D,20231016,000000,30.54,31.55,30.425,31.38,2969446,0
BBWI.US,D,20231017,000000,31.47,32.71,31.47,32.6,3288982,0
BBWI.US,D,20231018,000000,32.17,32.74,32,32.02,2273133,0
BBWI.US,D,20231019,000000,32.03,32.31,30.545,30.71,2908756,0
BBWI.US,D,20231020,000000,30.88,31.12,30.14,31.1,3586701,0
BBWI.US,D,20231023,000000,30.76,30.76,29.51,29.56,5811883,0
BBWI.US,D,20231024,000000,28.9,29.3,28.385,28.84,5169682,0
BBWI.US,D,20231025,000000,28.76,28.91,27.87,28.12,3141982,0
BBWI.US,D,20231026,000000,27.5,28.87,27.3,28.69,3641431,0
BBWI.US,D,20231027,000000,28.72,29.435,28.14,28.29,3060988,0
BBWI.US,D,20231030,000000,28.38,29.375,28.3,29.18,2699328,0
BBWI.US,D,20231031,000000,29.25,29.83,28.9,29.65,2899632,0
BBWI.US,D,20231101,000000,29.81,29.89,29.055,29.71,2699564,0
BBWI.US,D,20231102,000000,30.45,30.8542,30.355,30.67,2922939,0
BBWI.US,D,20231103,000000,31.3,32.78,31.15,32.59,4591939,0
BBWI.US,D,20231106,000000,32.45,32.84,31.3,31.5,2935947,0
BBWI.US,D,20231107,000000,31.42,31.98,31.42,31.54,1870265,0
BBWI.US,D,20231108,000000,31.46,32.215,31.31,31.6,2669172,0
BBWI.US,D,20231109,000000,31.81,31.81,30.64,30.77,2348886,0
BBWI.US,D,20231110,000000,30.98,31.09,30.36,31.04,3186813,0
BBWI.US,D,20231113,000000,30.75,30.91,29.47,29.73,4072383,0
BBWI.US,D,20231114,000000,30.84,32.23,30.74,31.51,5010022,0
BBWI.US,D,20231115,000000,32.2,33.4048,32.105,32.5,6079531,0
BBWI.US,D,20231116,000000,30.87,32.91,30.025,30.1,6198007,0
BBWI.US,D,20231117,000000,30.48,30.75,29.04,29.36,6963551,0
BBWI.US,D,20231120,000000,29.71,29.79,28.81,29.06,6344340,0
BBWI.US,D,20231121,000000,28.61,29.77,28.53,29.67,3892159,0
BBWI.US,D,20231122,000000,29.71,29.87,29.4,29.61,3035643,0
BBWI.US,D,20231124,000000,29.71,30.19,29.68,30.03,1496467,0
BBWI.US,D,20231127,000000,29.9,30.41,29.73,30.33,2790584,0
BBWI.US,D,20231128,000000,30.23,31.305,30.095,31.27,2756673,0
BBWI.US,D,20231129,000000,31.5,32.465,31.34,32.05,3763740,0
BBWI.US,D,20231130,000000,32.17,32.855,31.85,32.62,3219926,0
BBWI.US,D,20231201,000000,32.83,33.92,32.49,33.89,3141542,0
BBWI.US,D,20231204,000000,33.67,36.92,33.67,36.9,7546497,0
BBWI.US,D,20231205,000000,36.39,36.81,35,35.25,3767552,0
BBWI.US,D,20231206,000000,35.75,37.154,35.61,36.99,5482052,0
BBWI.US,D,20231207,000000,36.99,37.3,36.35,37.01,3410105,0
BBWI.US,D,20231208,000000,36.99,37.68,36.91,37.57,3563997,0
BBWI.US,D,20231211,000000,38,39.18,37.805,38.79,4429653,0
BBWI.US,D,20231212,000000,38.53,39.41,38.4,38.79,2593214,0
BBWI.US,D,20231213,000000,38.5,40.295,38.0201,40.16,4535552,0
BBWI.US,D,20231214,000000,41.77,42.17,40.81,41.71,3899509,0
BBWI.US,D,20231215,000000,41.88,41.955,40.92,41.24,4399487,0
BBWI.US,D,20231218,000000,41.35,41.865,40.53,41.45,3248425,0
BBWI.US,D,20231219,000000,41.79,42.71,41.33,42.49,2418272,0
BBWI.US,D,20231220,000000,42.18,43.395,41.97,42.11,2884678,0
BBWI.US,D,20231221,000000,42.74,43.75,42.49,43.72,2617662,0
BBWI.US,D,20231222,000000,43.25,44.065,42.7866,43.09,2848070,0
BBWI.US,D,20231226,000000,43.19,43.46,42.41,42.51,2893378,0
BBWI.US,D,20231227,000000,42.5,42.86,42.2,42.71,2378046,0
BBWI.US,D,20231228,000000,42.63,43.235,42.63,43.13,1855222,0
BBWI.US,D,20231229,000000,42.95,43.68,42.95,43.16,2367702,0
BBWI.US,D,20240102,000000,42.62,44.98,42.6,44.75,4536236,0
BBWI.US,D,20240103,000000,44.01,44.17,42.33,43.59,3329701,0
BBWI.US,D,20240104,000000,43.29,44,43.04,43.44,2735890,0
BBWI.US,D,20240105,000000,43.5,45.15,43.23,44.71,5444071,0
BBWI.US,D,20240108,000000,44.67,45.93,44.1,45.65,3671776,0
BBWI.US,D,20240109,000000,45.51,46,44.89,45,2795557,0
BBWI.US,D,20240110,000000,44.83,45.14,44.09,44.13,3236796,0
BBWI.US,D,20240111,000000,43.87,43.97,42.67,43.1,4215690,0
BBWI.US,D,20240112,000000,43.64,43.67,42.195,42.21,2456296,0
BBWI.US,D,20240116,000000,41.97,43.17,41.37,43.14,3778312,0
BBWI.US,D,20240117,000000,42.66,43.29,42.485,42.81,2560021,0
BBWI.US,D,20240118,000000,42.74,43,41.83,42.55,3110732,0
BBWI.US,D,20240119,000000,42.64,42.935,41.96,42.43,2254108,0
BBWI.US,D,20240122,000000,42.69,42.98,42.015,42.04,2586617,0
BBWI.US,D,20240123,000000,42.62,42.88,41.215,41.44,2963307,0
BBWI.US,D,20240124,000000,41.87,42.07,41.07,41.14,2150700,0
BBWI.US,D,20240125,000000,41.68,41.99,40.91,41.66,2103359,0
BBWI.US,D,20240126,000000,41.99,42.67,41.74,42.44,1774243,0
BBWI.US,D,20240129,000000,42.38,43.55,42.38,43.32,2473080,0
BBWI.US,D,20240130,000000,43.04,43.675,43.04,43.65,2920883,0
BBWI.US,D,20240131,000000,43.5,43.98,42.65,42.66,3007302,0
BBWI.US,D,20240201,000000,42.9,43.93,42.44,43.51,2639009,0
BBWI.US,D,20240202,000000,43.12,44.035,42.28,43.45,2053974,0
BBWI.US,D,20240205,000000,42.92,43.18,42.13,42.79,1742841,0
BBWI.US,D,20240206,000000,42.71,43.19,42.06,43.14,2137853,0
BBWI.US,D,20240207,000000,43.4,44.18,42.79,44.09,1888315,0
BBWI.US,D,20240208,000000,44.21,44.74,43.7,44.37,2120249,0
BBWI.US,D,20240209,000000,44.49,44.78,43.79,44.72,1942307,0
BBWI.US,D,20240212,000000,44.95,45.07,44.285,44.74,2298477,0
BBWI.US,D,20240213,000000,43.82,44.1,42.77,43.27,1978083,0
BBWI.US,D,20240214,000000,43.72,43.98,42.95,43.88,2204377,0
BBWI.US,D,20240215,000000,44.78,45.905,44.42,45.5,2060115,0
BBWI.US,D,20240216,000000,45.31,45.93,44.955,45.4,1721444,0
BBWI.US,D,20240220,000000,45.02,47.595,45.02,47.36,4162398,0
BBWI.US,D,20240221,000000,47.18,47.37,46.09,46.42,2954411,0
BBWI.US,D,20240222,000000,46.71,47.03,46.41,46.69,2037485,0
BBWI.US,D,20240223,000000,47.25,47.55,46.7,47.25,1919044,0
BBWI.US,D,20240226,000000,47.1,47.34,46.16,46.5,2751291,0
BBWI.US,D,20240227,000000,46.71,47.6,46.58,47.41,3090956,0
BBWI.US,D,20240228,000000,46.81,48.43,46.78,48.33,3907893,0
BBWI.US,D,20240229,000000,45.02,46.71,44.55,45.7,7871565,0
BBWI.US,D,20240301,000000,45.1,47.21,45.1,45.68,4123697,0
BBWI.US,D,20240304,000000,45.89,47.04,45.65,45.65,4976576,0
BBWI.US,D,20240305,000000,45.4,45.62,44.61,45.1,4637354,0
BBWI.US,D,20240306,000000,45.48,45.7,44.42,44.78,2425547,0
BBWI.US,D,20240307,000000,45.09,45.29,43.54,43.79,2709468,0
BBWI.US,D,20240308,000000,44.29,44.98,43.96,44.76,2186505,0
BBWI.US,D,20240311,000000,44.53,45.38,44.035,45.35,2023950,0
BBWI.US,D,20240312,000000,45.28,46.14,45.16,45.59,2183053,0
BBWI.US,D,20240313,000000,45.68,46.035,45.57,45.67,1798609,0
BBWI.US,D,20240314,000000,45.74,46.3192,45.22,45.9,2413200,0
BBWI.US,D,20240315,000000,45.29,45.9,45.05,45.63,3715737,0
BBWI.US,D,20240318,000000,45.99,46.68,45.64,46.37,3653445,0
BBWI.US,D,20240319,000000,46.37,47.5999,46.3,47.48,2220153,0
BBWI.US,D,20240320,000000,47.47,48.155,46.83,48.1,1727719,0
BBWI.US,D,20240321,000000,48,48.67,47.93,48.27,1666686,0
BBWI.US,D,20240322,000000,47.77,47.95,46.46,46.75,1831373,0
BBWI.US,D,20240325,000000,46.9,47.37,46.44,46.8,1867448,0
BBWI.US,D,20240326,000000,47.02,48.32,46.975,47.98,2360792,0
BBWI.US,D,20240327,000000,48.21,49.46,47.88,49.45,1805090,0
BBWI.US,D,20240328,000000,49.55,50.17,49.3,50.02,2257432,0
BBWI.US,D,20240401,000000,50.01,50.34,49.17,50.21,2512908,0
BBWI.US,D,20240402,000000,49.6,49.76,48.05,48.25,2053564,0
BBWI.US,D,20240403,000000,48.13,48.39,46.34,46.48,2444455,0
BBWI.US,D,20240404,000000,47.25,47.44,45.1,45.17,3331456,0
BBWI.US,D,20240405,000000,45.3,45.69,45.001,45.49,5388271,0
BBWI.US,D,20240408,000000,45.62,47.44,45.62,46.75,3440388,0
BBWI.US,D,20240409,000000,46.63,46.765,45.3975,46.14,2952332,0
BBWI.US,D,20240410,000000,45.29,45.92,44.88,45.37,1903930,0
BBWI.US,D,20240411,000000,45.51,46.41,45.03,46.22,2484702,0
BBWI.US,D,20240412,000000,45.72,46.3,44.98,45.22,2436982,0
BBWI.US,D,20240415,000000,45.81,46.31,44.45,44.59,2130214,0
BBWI.US,D,20240416,000000,44.62,44.7,43.205,43.69,2614257,0
BBWI.US,D,20240417,000000,44.12,44.2,43.01,43.19,1959179,0
BBWI.US,D,20240418,000000,43.51,44.3,43.21,43.86,2554459,0
BBWI.US,D,20240419,000000,43.82,44.365,43.7,44,2197987,0
BBWI.US,D,20240422,000000,44.27,44.79,43.4,43.94,2437631,0
BBWI.US,D,20240423,000000,44.18,45.65,44.18,45.13,1981814,0
BBWI.US,D,20240424,000000,45.11,45.68,44.73,45.6,2181627,0
BBWI.US,D,20240425,000000,45.01,45.64,44.02,45.6,1655791,0
BBWI.US,D,20240426,000000,45.56,46.45,45.56,46.04,1542343,0
BBWI.US,D,20240429,000000,46.56,47.01,45.64,46.38,2664138,0
BBWI.US,D,20240430,000000,46.22,46.55,45.29,45.42,2038336,0
BBWI.US,D,20240501,000000,45.15,45.57,43.43,43.83,4544969,0
BBWI.US,D,20240502,000000,44.41,44.41,42.72,43.83,2926636,0
BBWI.US,D,20240503,000000,44.27,46.04,44.27,45.97,2585013,0
BBWI.US,D,20240506,000000,46.43,47.63,46.43,47.38,3404758,0
BBWI.US,D,20240507,000000,47.74,48.15,47.09,47.22,2740059,0
BBWI.US,D,20240508,000000,47.02,47.79,46.67,47.62,2118683,0
BBWI.US,D,20240509,000000,47.55,48.74,47.465,48.56,2047930,0
BBWI.US,D,20240510,000000,48.7,49.13,47.41,47.55,1698249,0
BBWI.US,D,20240513,000000,47.94,48.3,47.06,47.82,3356307,0
BBWI.US,D,20240514,000000,48.54,49.465,48.06,48.68,2155257,0
BBWI.US,D,20240515,000000,49,50.45,48.7,49.85,2808637,0
BBWI.US,D,20240516,000000,49.7,49.97,48.91,48.95,2322901,0
BBWI.US,D,20240517,000000,49.57,50.24,49.06,50.16,1963506,0
BBWI.US,D,20240520,000000,50,50.77,49.49,50.67,1707830,0
BBWI.US,D,20240521,000000,50.5,50.82,49.73,50.01,1159839,0
BBWI.US,D,20240522,000000,49.87,50.07,48.35,48.7,1598845,0
BBWI.US,D,20240523,000000,48.85,49.1,48.18,48.31,1385806,0
BBWI.US,D,20240524,000000,48.74,48.74,48.025,48.28,1216907,0
BBWI.US,D,20240528,000000,48.35,48.88,48.01,48.56,1533225,0
BBWI.US,D,20240529,000000,48.44,49.07,48.16,48.69,1322930,0
BBWI.US,D,20240530,000000,48.81,50.86,48.81,50.71,2728701,0
BBWI.US,D,20240531,000000,51,52.07,50.38,51.94,4666122,0
BBWI.US,D,20240603,000000,52.09,52.985,51.63,51.81,6708056,0
BBWI.US,D,20240604,000000,47.47,49.2,44.34,45.17,11471120,0
BBWI.US,D,20240605,000000,45.31,47.3,45.3,47.22,5540568,0
BBWI.US,D,20240606,000000,47.4,47.48,45.93,46.37,3307429,0
BBWI.US,D,20240607,000000,45.55,46.46,45.3,45.84,3351822,0
BBWI.US,D,20240610,000000,45.48,46.36,45.41,45.63,2737673,0
BBWI.US,D,20240611,000000,45.47,45.7,44.37,44.7,3162759,0
BBWI.US,D,20240612,000000,45.55,45.99,43.67,43.7,3053129,0
BBWI.US,D,20240613,000000,43.64,44.095,43.25,43.78,3005999,0
BBWI.US,D,20240614,000000,43.52,44.23,43.08,43.26,2215417,0
BBWI.US,D,20240617,000000,43.03,43.075,41.42,42.11,4908229,0
BBWI.US,D,20240618,000000,42.01,42.28,41.34,41.55,3386561,0
BBWI.US,D,20240620,000000,41.6,42.34,41.19,42.3,3004612,0
BBWI.US,D,20240621,000000,42.37,42.63,41.37,41.92,4158806,0
BBWI.US,D,20240624,000000,42.1,42.35,41.49,41.5,2499836,0
BBWI.US,D,20240625,000000,41.71,42.37,40.92,40.94,3594815,0
BBWI.US,D,20240626,000000,40.7,41.22,40.01,40.05,3087611,0
BBWI.US,D,20240627,000000,39.79,39.88,38.44,39.03,3861799,0
BBWI.US,D,20240628,000000,38.84,39.55,38.47,39.05,3508145,0
BBWI.US,D,20240701,000000,39.26,39.27,38.2,38.44,2540938,0
BBWI.US,D,20240702,000000,38.32,38.58,37.94,38.12,2207180,0
BBWI.US,D,20240703,000000,38.23,38.59,37.58,37.7,1551805,0
BBWI.US,D,20240705,000000,37.53,37.67,36.605,36.99,4222035,0
BBWI.US,D,20240708,000000,37.54,37.91,37.28,37.47,3202411,0
BBWI.US,D,20240709,000000,37.41,37.78,37,37.18,2135687,0
BBWI.US,D,20240710,000000,37.44,37.44,36.105,36.54,2590638,0
BBWI.US,D,20240711,000000,36.75,37.92,36.75,37.42,3816223,0
BBWI.US,D,20240712,000000,37.78,37.839,36.8,37.34,2664819,0
BBWI.US,D,20240715,000000,37.5,37.52,36.7,36.8,3102589,0
BBWI.US,D,20240716,000000,37.08,38.67,36.66,38.66,3454773,0
BBWI.US,D,20240717,000000,38,39.7,37.97,39.42,4008486,0
BBWI.US,D,20240718,000000,39.22,41.06,38.65,38.71,4406189,0
BBWI.US,D,20240719,000000,38.74,38.87,37.42,37.57,2912964,0
BBWI.US,D,20240722,000000,37.84,37.9267,36.635,37.48,2790036,0
BBWI.US,D,20240723,000000,37.39,37.53,36.91,37.03,2532241,0
BBWI.US,D,20240724,000000,35.65,36,34.19,34.35,4856155,0
BBWI.US,D,20240725,000000,34.8,34.84,33.01,33.13,5859624,0
BBWI.US,D,20240726,000000,33.61,34.5,33.51,34.17,3773842,0
BBWI.US,D,20240729,000000,34.22,35.4,34.14,35.13,2958267,0
BBWI.US,D,20240730,000000,35.28,36.8,35.16,36.61,3123810,0
BBWI.US,D,20240731,000000,36.73,37.67,36.72,36.75,3284171,0
BBWI.US,D,20240801,000000,36.9,37.25,34.56,35.13,3006328,0
BBWI.US,D,20240802,000000,34,34.09,33.02,33.2,4421169,0
BBWI.US,D,20240805,000000,31.7,31.79,30.77,31.23,7346757,0
BBWI.US,D,20240806,000000,31.64,32.06,31.18,31.66,6136521,0
BBWI.US,D,20240807,000000,32.05,32.185,30.45,30.56,3933106,0
BBWI.US,D,20240808,000000,30.85,31.89,30.65,31.82,3247452,0
BBWI.US,D,20240809,000000,31.75,31.99,31.15,31.44,2300593,0
BBWI.US,D,20240812,000000,31.41,31.59,31,31.32,2912108,0
BBWI.US,D,20240813,000000,31.56,32.165,31.3,31.6,3111510,0
BBWI.US,D,20240814,000000,31.71,31.97,31.06,31.4,2767551,0
BBWI.US,D,20240815,000000,32.64,33.67,32.32,32.91,4033754,0
BBWI.US,D,20240816,000000,32.77,34.3,32.57,33.71,3599575,0
BBWI.US,D,20240819,000000,33.71,34.5,33.71,34.26,3897979,0
BBWI.US,D,20240820,000000,34.1,34.4,32.915,33.21,3592257,0
BBWI.US,D,20240821,000000,33.495,34.78,33.36,34.61,3518685,0
BBWI.US,D,20240822,000000,34.58,34.72,33.545,34.04,3257239,0
BBWI.US,D,20240823,000000,34.32,35.64,34.16,35.6,3332534,0
BBWI.US,D,20240826,000000,35.54,36.15,34.6,35.16,5043014,0
BBWI.US,D,20240827,000000,34.89,35.08,34.38,34.72,7204730,0
BBWI.US,D,20240828,000000,33.89,34.39,31.84,32.29,10274086,0
BBWI.US,D,20240829,000000,32.49,32.52,30.735,31,5041229,0
BBWI.US,D,20240830,000000,31.18,31.19,30.185,30.76,5164131,0
BBWI.US,D,20240903,000000,30.81,31.5,30.42,30.49,6996726,0
BBWI.US,D,20240904,000000,30.23,30.66,29.42,29.51,10955069,0
BBWI.US,D,20240905,000000,29.66,30.36,29.39,29.41,7738267,0
BBWI.US,D,20240906,000000,29.3,29.58,28.48,28.59,5835919,0
BBWI.US,D,20240909,000000,28.74,28.75,27.52,27.54,6597849,0
BBWI.US,D,20240910,000000,27.5,27.5,26.66,26.71,8006026,0
BBWI.US,D,20240911,000000,26.6,27.095,26.205,26.99,6155789,0
BBWI.US,D,20240912,000000,27.08,27.42,26.63,27.26,6356951,0
BBWI.US,D,20240913,000000,27.71,28.23,27.15,27.21,4164743,0
BBWI.US,D,20240916,000000,27.17,29.228,27.17,28.91,6891345,0
BBWI.US,D,20240917,000000,29.06,29.63,29.005,29.16,4260950,0
BBWI.US,D,20240918,000000,29.28,30.47,29.28,29.71,4203791,0
BBWI.US,D,20240919,000000,30.5,30.92,29.36,29.92,4266245,0
BBWI.US,D,20240920,000000,29.82,29.93,28.96,29.28,9059361,0
BBWI.US,D,20240923,000000,29.36,30.67,29.135,30.34,6054066,0
BBWI.US,D,20240924,000000,30.53,30.76,30,30.07,3131660,0
BBWI.US,D,20240925,000000,30.04,30.66,29.71,30.53,4058854,0
BBWI.US,D,20240926,000000,30.8,31.795,30.77,31.74,4114538,0
BBWI.US,D,20240927,000000,32.03,32.66,31.88,32.39,3913371,0
BBWI.US,D,20240930,000000,32.36,32.65,31.25,31.92,55123181,0
BBWI.US,D,20241001,000000,31.69,32.1,30.43,31.09,5105829,0
BBWI.US,D,20241002,000000,31.09,31.22,30.01,30.22,4331286,0
BBWI.US,D,20241003,000000,29.8,29.84,28.94,29.57,3708167,0
BBWI.US,D,20241004,000000,30.13,30.87,29.62,29.92,4786485,0
BBWI.US,D,20241007,000000,29.93,30.16,29.35,29.78,3314883,0
BBWI.US,D,20241008,000000,29.45,30.29,29.31,29.58,3001694,0
BBWI.US,D,20241009,000000,29.57,29.88,29.28,29.61,3430749,0
BBWI.US,D,20241010,000000,29.42,31.31,29.31,31.22,5556731,0
BBWI.US,D,20241011,000000,31.11,31.96,30.86,31.43,4851966,0
BBWI.US,D,20241014,000000,31.9,31.97,30.75,31.03,3780503,0
BBWI.US,D,20241015,000000,30.87,32.2,30.77,31.11,3136207,0
BBWI.US,D,20241016,000000,31.39,32.76,31.2,32.47,4215593,0
BBWI.US,D,20241017,000000,32.32,32.68,31.65,32.02,2449738,0
BBWI.US,D,20241018,000000,32.31,32.35,31.65,31.94,1627338,0
BBWI.US,D,20241021,000000,31.8,31.92,30.26,30.57,5139738,0
BBWI.US,D,20241022,000000,30.52,30.52,29.395,29.82,5034331,0
BBWI.US,D,20241023,000000,29.96,30.22,29.2,29.47,3385955,0
BBWI.US,D,20241024,000000,29.74,30.14,29.41,29.95,3728731,0
BBWI.US,D,20241025,000000,30.14,30.62,29.74,30.38,5231551,0
BBWI.US,D,20241028,000000,30.38,30.57,29.42,29.45,4518146,0
BBWI.US,D,20241029,000000,29.24,29.56,28.6,28.84,4164993,0
BBWI.US,D,20241030,000000,28.8,29.5,28.76,28.83,2912404,0
BBWI.US,D,20241031,000000,28.69,28.83,27.99,28.38,4074501,0
BBWI.US,D,20241101,000000,28.4,29.29,28.34,28.92,4339783,0
BBWI.US,D,20241104,000000,28.99,31.45,28.92,31.28,7814959,0
BBWI.US,D,20241105,000000,31.1,31.665,30.98,31.62,4249634,0
BBWI.US,D,20241106,000000,31.54,32.39,31.04,31.75,8226116,0
BBWI.US,D,20241107,000000,31.98,32.36,31.41,31.75,4734128,0
BBWI.US,D,20241108,000000,30.34,30.93,29.715,30,9932695,0
BBWI.US,D,20241111,000000,30.25,31.82,30.16,31.51,13807371,0
BBWI.US,D,20241112,000000,31.51,31.91,31.1725,31.56,3414504,0
BBWI.US,D,20241113,000000,31.6,32.1,31.39,31.61,2739578,0
BBWI.US,D,20241114,000000,31.61,31.94,31.24,31.33,4546426,0
BBWI.US,D,20241115,000000,31.375,31.58,30.64,31.54,3106157,0
BBWI.US,D,20241118,000000,31.9,31.9,30.82,31.45,3992148,0
BBWI.US,D,20241119,000000,31.165,31.28,30.11,30.44,4626257,0
BBWI.US,D,20241120,000000,30.215,30.8,29.82,30.51,4069237,0
BBWI.US,D,20241121,000000,30.42,30.89,29.77,30.75,5367629,0
BBWI.US,D,20241122,000000,31.03,31.46,30.655,30.71,6853625,0
BBWI.US,D,20241125,000000,36.52,37.54,34.81,35.78,29582160,0
BBWI.US,D,20241126,000000,35.79,35.99,34.69,35.23,8740446,0
BBWI.US,D,20241127,000000,35.74,36.6964,35.65,35.9,5967770,0
BBWI.US,D,20241129,000000,35.96,36.8,35.92,36.24,3250198,0
BBWI.US,D,20241202,000000,37.16,38.085,36.68,37.51,6615285,0
BBWI.US,D,20241203,000000,37.12,37.69,36.89,36.89,3985631,0
BBWI.US,D,20241204,000000,36.815,38.15,36.48,38.1,4856603,0
BBWI.US,D,20241205,000000,38.01,38.42,36.77,36.78,4576484,0
BBWI.US,D,20241206,000000,37.58,37.74,36.43,36.6,5625789,0
BBWI.US,D,20241209,000000,37,39.55,36.71,39.19,6570228,0
BBWI.US,D,20241210,000000,39.36,39.48,38.275,38.53,4506671,0
BBWI.US,D,20241211,000000,38.715,38.97,38.2,38.34,3930089,0
BBWI.US,D,20241212,000000,38.705,38.84,37.33,37.4,2815949,0
BBWI.US,D,20241213,000000,37.59,38.32,37.2,38.22,3182032,0
BBWI.US,D,20241216,000000,38.15,40.2,38.065,38.62,4863393,0
BBWI.US,D,20241217,000000,38.615,38.83,38.01,38.67,3743823,0
BBWI.US,D,20241218,000000,39.07,39.77,38.33,38.48,3831285,0
BBWI.US,D,20241219,000000,38.785,39.045,37.65,38.58,3385507,0
BBWI.US,D,20241220,000000,38.22,40.1,38.18,39.27,8581267,0
BBWI.US,D,20241223,000000,39.195,39.43,38.04,38.99,2819909,0
BBWI.US,D,20241224,000000,39.055,39.219,38.59,39.09,981140,0
BBWI.US,D,20241226,000000,39.19,39.22,38.17,38.2,2780541,0
BBWI.US,D,20241227,000000,38,38.685,37.8,38.18,2752840,0
BBWI.US,D,20241230,000000,37.66,39.105,37.56,38.88,3019824,0
BBWI.US,D,20241231,000000,39.075,39.73,38.5,38.77,2361256,0
BBWI.US,D,20250102,000000,39.265,39.915,37.51,37.91,2901661,0
BBWI.US,D,20250103,000000,38,38.01,37.11,37.7,3324583,0
BBWI.US,D,20250106,000000,38.01,38.285,36.43,36.55,4220986,0
BBWI.US,D,20250107,000000,36.8,37.88,36.42,36.85,3432824,0
BBWI.US,D,20250108,000000,36.6305,37,36.13,36.97,2213525,0
BBWI.US,D,20250110,000000,36.86,37.06,36.07,36.41,3799110,0
BBWI.US,D,20250113,000000,36.215,36.88,35.51,36.78,3540964,0
BBWI.US,D,20250114,000000,36.93,38.13,36.44,36.79,3152613,0
BBWI.US,D,20250115,000000,37.6,37.75,36.54,36.93,4276089,0
BBWI.US,D,20250116,000000,36.925,36.96,35.88,36.68,3636194,0
BBWI.US,D,20250117,000000,36.84,37.47,36.71,36.75,3152248,0
BBWI.US,D,20250121,000000,37.195,37.58,36.835,37.29,2316265,0
BBWI.US,D,20250122,000000,37.505,37.51,36.875,37.48,1957691,0
BBWI.US,D,20250123,000000,37.35,37.94,37.09,37.29,2866789,0
BBWI.US,D,20250124,000000,37.655,37.81,36.92,36.99,2087821,0
BBWI.US,D,20250127,000000,36.93,37.57,36.12,36.63,2984643,0
BBWI.US,D,20250128,000000,36.6,38.27,36.435,38.22,3165558,0
BBWI.US,D,20250129,000000,38.29,38.61,37.42,37.6,2415498,0
BBWI.US,D,20250130,000000,37.98,38.72,37.76,38.37,2284022,0
BBWI.US,D,20250131,000000,38.465,38.48,37.35,37.61,2105347,0
BBWI.US,D,20250203,000000,36.59,38.18,36.25,38,3469523,0
BBWI.US,D,20250204,000000,37.97,39.09,37.7,38.79,2748207,0
BBWI.US,D,20250205,000000,38.885,38.935,38.23,38.75,2086406,0
BBWI.US,D,20250206,000000,39.2,39.39,37.11,37.48,3205278,0
BBWI.US,D,20250207,000000,37.385,37.385,35.66,35.89,2949744,0
BBWI.US,D,20250210,000000,36.1,36.22,34.71,35.48,3468496,0
BBWI.US,D,20250211,000000,35.095,35.51,34.74,35.45,4512072,0
BBWI.US,D,20250212,000000,34.81,36.12,34.65,36.04,3797544,0
BBWI.US,D,20250213,000000,36.25,36.74,36.015,36.43,2362324,0
BBWI.US,D,20250214,000000,36.75,36.75,36.06,36.47,1835224,0
BBWI.US,D,20250218,000000,38.41,40.03,38.2,40,8148445,0
BBWI.US,D,20250219,000000,39.95,40.455,39.39,40.1,4782695,0
BBWI.US,D,20250220,000000,39.925,40.44,39.79,40.34,3718564,0
BBWI.US,D,20250221,000000,40.36,40.66,38.02,38.59,5441453,0
BBWI.US,D,20250224,000000,39.315,40.56,38.65,39.87,4869341,0
BBWI.US,D,20250225,000000,39.925,40.63,39.55,40.63,4482275,0
BBWI.US,D,20250226,000000,40.93,41.87,40.75,41.08,7216637,0
BBWI.US,D,20250227,000000,36.65,38.28,35.6,35.86,11074776,0
BBWI.US,D,20250228,000000,35.9,37.29,35.12,36.23,6642209,0
BBWI.US,D,20250303,000000,36.13,36.8925,35.26,35.33,6003751,0
BBWI.US,D,20250304,000000,34.89,34.9,32.915,34.25,5742861,0
BBWI.US,D,20250305,000000,34.415,35.105,33.7,34.62,3736753,0
BBWI.US,D,20250306,000000,33.925,35.21,33.74,34.2,4212296,0
BBWI.US,D,20250307,000000,34.21,34.27,31.71,32.62,4653415,0
BBWI.US,D,20250310,000000,31.83,31.87,29.44,30.46,8303617,0
BBWI.US,D,20250311,000000,31.09,31.8,29.38,29.8,6502646,0
BBWI.US,D,20250312,000000,30.3,30.97,29.15,29.29,4883823,0
BBWI.US,D,20250313,000000,29.305,29.35,28.11,28.45,4320291,0
BBWI.US,D,20250314,000000,28.92,29.72,28.72,29.5,5219306,0
BBWI.US,D,20250317,000000,29.59,30.46,29.07,30.24,5437869,0
BBWI.US,D,20250318,000000,30.15,30.53,29.45,29.98,4037747,0
BBWI.US,D,20250319,000000,30.02,30.5,29.18,30.24,5886939,0
BBWI.US,D,20250320,000000,29.905,30.97,29.76,30.1,5287369,0
BBWI.US,D,20250321,000000,29.725,30.56,29.21,30.28,42058470,0
BBWI.US,D,20250324,000000,30.755,32.75,30.75,32.42,6723838,0
BBWI.US,D,20250325,000000,32.6,32.76,31.94,32.2,4757688,0
BBWI.US,D,20250326,000000,32.25,32.425,31.42,31.79,4626234,0
BBWI.US,D,20250327,000000,31.7,32.35,30.82,31.9,3363408,0
BBWI.US,D,20250328,000000,31.73,31.96,30.75,30.95,3958569,0
BBWI.US,D,20250331,000000,30.43,30.92,29.85,30.32,7184668,0
BBWI.US,D,20250401,000000,30,30.92,29.949,30.63,4712050,0
BBWI.US,D,20250402,000000,30.215,32.05,30.15,31.77,4263395,0
BBWI.US,D,20250403,000000,30.04,30.04,27.5,27.85,8688054,0
BBWI.US,D,20250404,000000,26.885,27.795,25.41,27.29,9961639,0
BBWI.US,D,20250407,000000,25.87,28.33,25.3192,27.13,9575337,0
BBWI.US,D,20250408,000000,27.89,28,24.96,25.51,7841065,0
BBWI.US,D,20250409,000000,25.8,30.2263,25.535,30.01,7946035,0
BBWI.US,D,20250410,000000,28.55,29.23,26.7846,27.62,6803820,0
BBWI.US,D,20250411,000000,27.5,27.66,25.89,26.64,7878176,0
BBWI.US,D,20250414,000000,27.73,28.89,27.33,28.65,10021768,0
BBWI.US,D,20250415,000000,28.38,28.61,27.29,27.63,4784173,0
BBWI.US,D,20250416,000000,27.35,27.96,27.085,27.5,4168359,0
BBWI.US,D,20250417,000000,27.41,28.68,27.39,28.42,4852741,0
BBWI.US,D,20250421,000000,28.325,28.325,27.06,27.71,5032625,0
BBWI.US,D,20250422,000000,28.275,29.1,28.09,28.75,3941508,0
BBWI.US,D,20250423,000000,30,30.8,28.58,28.74,5209314,0
BBWI.US,D,20250424,000000,28.85,29.79,28.53,29.75,3868499,0
BBWI.US,D,20250425,000000,29.87,29.87,29.01,29.58,3024976,0
BBWI.US,D,20250428,000000,29.81,31.299,29.81,31.22,5691493,0
BBWI.US,D,20250429,000000,30.92,31.52,30.41,30.83,3526797,0
BBWI.US,D,20250430,000000,30.01,30.56,29.3,30.51,2772186,0
BBWI.US,D,20250501,000000,30.6,30.78,29.98,30.05,3911434,0
BBWI.US,D,20250502,000000,30.56,31.37,30.56,31.19,2876794,0
BBWI.US,D,20250505,000000,30.895,30.94,30.27,30.32,3307278,0
BBWI.US,D,20250506,000000,29.89,30.28,29.74,29.87,2627807,0
BBWI.US,D,20250507,000000,30.22,30.825,29.87,30.49,2509756,0
BBWI.US,D,20250508,000000,31.09,31.915,30.77,31.74,3140459,0
BBWI.US,D,20250509,000000,31.875,32.06,30.97,31.05,2329384,0
BBWI.US,D,20250512,000000,32.9,34.66,32.79,33.43,4863898,0
BBWI.US,D,20250513,000000,33.73,33.82,33.14,33.67,3073046,0
BBWI.US,D,20250514,000000,33.705,34.64,33.375,34.03,3641015,0
BBWI.US,D,20250515,000000,33.94,34.11,33.35,33.97,2665767,0
BBWI.US,D,20250516,000000,34.155,34.2,33.5,33.76,5680716,0
BBWI.US,D,20250519,000000,32.93,33.85,32.7,33.58,5259972,0
BBWI.US,D,20250520,000000,34.18,34.29,33.38,33.46,4007784,0
BBWI.US,D,20250521,000000,33.06,33.24,31.12,31.17,4526570,0
BBWI.US,D,20250522,000000,31.04,31.66,30.99,31.38,4085302,0
BBWI.US,D,20250523,000000,30.86,31.16,30.19,30.27,4249730,0
BBWI.US,D,20250527,000000,30.885,31.11,30.26,30.54,7606968,0
BBWI.US,D,20250528,000000,30.66,30.82,30.13,30.48,8570626,0
BBWI.US,D,20250529,000000,31.26,31.3,28.08,28.58,11888041,0
BBWI.US,D,20250530,000000,28.47,28.74,27.86,28.12,6155197,0
BBWI.US,D,20250602,000000,27.935,28.035,26.45,26.73,9521764,0
BBWI.US,D,20250603,000000,26.82,27.53,26.55,27.15,6370301,0
BBWI.US,D,20250604,000000,27.15,27.32,26.65,27.04,6019138,0
BBWI.US,D,20250605,000000,26.63,27.04,26.35,26.59,5165129,0
BBWI.US,D,20250606,000000,26.66,26.97,26.42,26.63,4339043,0
BBWI.US,D,20250609,000000,26.83,27.44,26.65,26.83,4724120,0
BBWI.US,D,20250610,000000,27.095,27.29,26.555,26.65,4772467,0
BBWI.US,D,20250611,000000,26.865,27.14,26.115,26.26,4102585,0
BBWI.US,D,20250612,000000,26.165,26.29,25.84,26.11,4446306,0
BBWI.US,D,20250613,000000,25.82,26.43,24.94,25.21,5886894,0
BBWI.US,D,20250616,000000,25.57,26.22,25.43,25.83,5745942,0
BBWI.US,D,20250617,000000,25.57,27.73,25.54,27.13,8635161,0
BBWI.US,D,20250618,000000,27.18,28.2,27.14,27.66,7239864,0
BBWI.US,D,20250620,000000,28.06,28.27,27.705,28.25,10346486,0
BBWI.US,D,20250623,000000,28.035,28.895,27.5852,28.77,5797230,0
BBWI.US,D,20250624,000000,28.97,29.165,28.345,28.71,5780313,0
BBWI.US,D,20250625,000000,28.75,28.995,28.31,28.81,5707234,0
BBWI.US,D,20250626,000000,28.89,29.23,28.42,29.14,3880778,0
BBWI.US,D,20250627,000000,29.26,30.27,29.26,30.06,5144916,0
BBWI.US,D,20250630,000000,30.16,30.23,29.6,29.96,4770787,0
BBWI.US,D,20250701,000000,29.81,32.45,29.765,32.15,7497510,0
BBWI.US,D,20250702,000000,32.26,32.89,31.83,32.78,5603789,0
BBWI.US,D,20250703,000000,32.79,33.44,32.72,33.14,2765646,0
BBWI.US,D,20250707,000000,32.815,33.21,32.46,32.8,5673195,0
BBWI.US,D,20250708,000000,32.975,33.9,32.761,33.51,7767792,0
BBWI.US,D,20250709,000000,33.74,33.87,32.805,32.95,5990972,0
BBWI.US,D,20250710,000000,32.95,33.96,32.77,33.65,4073237,0
BBWI.US,D,20250711,000000,33.05,33.31,32.6115,32.84,5319587,0
BBWI.US,D,20250714,000000,32.65,32.74,31.5,31.9,5253890,0
BBWI.US,D,20250715,000000,32.18,32.35,31.13,31.19,4063739,0
BBWI.US,D,20250716,000000,31.265,31.44,30.11,30.78,4111148,0
BBWI.US,D,20250717,000000,30.87,31.92,30.7434,31.71,3909440,0
BBWI.US,D,20250718,000000,31.83,31.83,31.08,31.78,4055588,0
BBWI.US,D,20250721,000000,32.2,33.19,32,32.36,4529403,0
BBWI.US,D,20250722,000000,32.42,33.36,32.41,33.11,5056465,0
BBWI.US,D,20250723,000000,33.4,33.67,32.98,33.01,2981418,0
BBWI.US,D,20250724,000000,32.95,32.95,31.34,31.43,4828960,0
BBWI.US,D,20250725,000000,31.64,31.74,30.93,31.56,3723386,0
BBWI.US,D,20250728,000000,31.84,31.85,30.81,31.01,5399930,0
BBWI.US,D,20250729,000000,31.23,31.39,30.705,30.94,4044946,0
BBWI.US,D,20250730,000000,31.3,31.4,29.79,30.05,4839866,0
BBWI.US,D,20250731,000000,30.11,30.24,28.815,28.96,4679319,0
BBWI.US,D,20250801,000000,28.1821,28.39,27.69,28.17,8824532,0
BBWI.US,D,20250804,000000,28.63,29.21,28.495,28.8,4643690,0
BBWI.US,D,20250805,000000,28.93,29.23,28.4,28.93,4512139,0
BBWI.US,D,20250806,000000,28.955,30.25,28.955,29.11,5129609,0
BBWI.US,D,20250807,000000,29.52,29.675,28.94,29.29,3409094,0
BBWI.US,D,20250808,000000,29.29,29.385,28.305,28.51,3296104,0
BBWI.US,D,20250811,000000,28.59,28.7562,27.81,27.96,4387020,0
BBWI.US,D,20250812,000000,28.26,29.03,28.09,28.52,4129521,0
BBWI.US,D,20250813,000000,28.645,29.615,28.46,29.6,4675468,0
BBWI.US,D,20250814,000000,28.99,29.16,28.58,28.71,3374307,0
BBWI.US,D,20250815,000000,28.99,29.08,28.39,28.68,3769024,0
BBWI.US,D,20250818,000000,28.735,30.26,28.72,30.16,6902636,0
BBWI.US,D,20250819,000000,29.99,30.56,29.635,29.82,4798132,0
BBWI.US,D,20250820,000000,29.82,30.225,29.27,29.62,4375953,0
BBWI.US,D,20250821,000000,29.48,29.73,29.2,29.42,3304569,0
BBWI.US,D,20250822,000000,29.43,31.125,29.43,31.09,4793856,0
BBWI.US,D,20250825,000000,30.9084,31.48,30.9084,31.13,4528075,0
BBWI.US,D,20250826,000000,31.025,31.48,31.02,31.35,6775520,0
BBWI.US,D,20250827,000000,31.385,32.22,31.36,31.54,9095752,0
BBWI.US,D,20250828,000000,29.32,30.3,28.38,29.36,17267611,0
BBWI.US,D,20250829,000000,29.31,29.79,29.045,29.21,6943550,0
BBWI.US,D,20250902,000000,28.87,29.68,28.556,29.56,6907116,0
BBWI.US,D,20250903,000000,29.66,30.68,29.645,30.56,6785606,0
BBWI.US,D,20250904,000000,30.98,32.32,30.89,31.87,7499689,0
BBWI.US,D,20250905,000000,31.92,32.025,29.41,29.41,10018425,0
BBWI.US,D,20250908,000000,29.63,29.635,27.7,28.48,11482943,0
BBWI.US,D,20250909,000000,28.53,28.555,27.94,28.22,5986857,0
BBWI.US,D,20250910,000000,28,28.36,27.75,28.16,5568297,0
BBWI.US,D,20250911,000000,28.165,28.26,27.5,27.87,6499595,0
BBWI.US,D,20250912,000000,27.62,27.82,27.02,27.21,5153842,0
BBWI.US,D,20250915,000000,27.365,27.4412,26.325,26.46,7499725,0
BBWI.US,D,20250916,000000,26.52,26.52,25.625,26.02,8220569,0
BBWI.US,D,20250917,000000,26.09,26.66,25.67,25.73,7853301,0
BBWI.US,D,20250918,000000,25.955,26.42,25.87,26.29,6771730,0
BBWI.US,D,20250919,000000,26.25,26.25,24.93,25.09,10546552,0
BBWI.US,D,20250922,000000,25.145,26.315,25.06,25.9,12574489,0
BBWI.US,D,20250923,000000,26.13,26.77,25.955,26.56,7053900,0
BBWI.US,D,20250924,000000,26.58,26.865,26.33,26.78,6444864,0
BBWI.US,D,20250925,000000,26.485,26.5,25.235,25.84,7687517,0
BBWI.US,D,20250926,000000,25.9,26.675,25.81,26.66,6427095,0
BBWI.US,D,20250929,000000,26.8,26.8,25.45,26.06,6513038,0
BBWI.US,D,20250930,000000,26.04,26.04,25.29,25.76,4136433,0
BBWI.US,D,20251001,000000,25.66,26.02,24.96,25.65,8248372,0
BBWI.US,D,20251002,000000,25.41,25.87,25.21,25.66,4904433,0
BBWI.US,D,20251003,000000,25.78,26.185,25.64,25.88,6026742,0
BBWI.US,D,20251006,000000,25.585,26.705,25.21,26.43,8420883,0
BBWI.US,D,20251007,000000,26.36,26.95,25.66,25.68,7010443,0
BBWI.US,D,20251008,000000,26.11,26.64,25.77,26,7102843,0
BBWI.US,D,20251009,000000,26.17,26.47,25.745,25.76,5436759,0
BBWI.US,D,20251010,000000,25.85,26.06,24.855,25.02,6979710,0
BBWI.US,D,20251013,000000,25.38,26.045,25.33,25.79,7447713,0
BBWI.US,D,20251014,000000,25.2702,26.655,25.2702,26.1,6751795,0
BBWI.US,D,20251015,000000,26.2,26.34,25.69,25.8,4989198,0
BBWI.US,D,20251016,000000,25.8,26.01,25.53,26.01,5565410,0
BBWI.US,D,20251017,000000,25.825,26.605,25.72,26.5,5926098,0
BBWI.US,D,20251020,000000,26.45,26.8801,25.74,25.78,4685528,0
BBWI.US,D,20251021,000000,25.75,26.655,25.75,26.37,3859093,0
BBWI.US,D,20251022,000000,26.29,26.69,26,26.07,5323294,0
BBWI.US,D,20251023,000000,26.135,27.215,26.03,27.05,5179814,0
BBWI.US,D,20251024,000000,27.2,27.4,26.955,27,4165113,0
BBWI.US,D,20251027,000000,26.84,26.89,25.915,26.04,5682328,0
BBWI.US,D,20251028,000000,26.01,26.415,25.61,26.09,3331594,0
BBWI.US,D,20251029,000000,25.8,25.86,24.81,24.91,5935477,0
BBWI.US,D,20251030,000000,24.6005,24.695,23.79,23.93,7605679,0
BBWI.US,D,20251031,000000,24,24.53,23.485,24.48,5926711,0
BBWI.US,D,20251103,000000,24.41,25.21,23.91,24.23,6599158,0
BBWI.US,D,20251104,000000,24.035,24.09,23.4,23.6,4784053,0
BBWI.US,D,20251105,000000,23.51,24.04,23.285,23.65,5265639,0
BBWI.US,D,20251106,000000,23.735,23.99,22.58,22.66,6036172,0
BBWI.US,D,20251107,000000,22.7,23.05,22.38,22.91,6013190,0
BBWI.US,D,20251110,000000,23.1,23.25,22.2735,22.43,7185610,0
BBWI.US,D,20251111,000000,22.26,22.52,21.824,21.96,8378628,0
BBWI.US,D,20251112,000000,21.895,22.51,21.71,22.4,5635740,0
BBWI.US,D,20251113,000000,22.33,22.67,21.865,21.99,4312995,0
BBWI.US,D,20251114,000000,21.85,22.15,21.745,22,6283864,0
BBWI.US,D,20251117,000000,22.06,22.43,21.365,21.45,9805650,0
BBWI.US,D,20251118,000000,21.22,21.35,20.855,21.1,8053938,0
BBWI.US,D,20251119,000000,21.2,21.32,20.88,21.04,9501202,0
BBWI.US,D,20251120,000000,15.86,16.53,15.425,15.82,41134950,0
BBWI.US,D,20251121,000000,15.3,15.55,14.275,14.85,29268511,0
BBWI.US,D,20251124,000000,15.015,15.75,15.015,15.56,18628902,0
BBWI.US,D,20251125,000000,15.855,17.1553,15.855,16.9,15683459,0
BBWI.US,D,20251126,000000,17,17.81,16.9611,17.37,8935779,0
BBWI.US,D,20251128,000000,17.5,17.59,17.29,17.41,3055331,0
BBWI.US,D,20251201,000000,17.3039,19.345,17.3039,18.98,19082817,0
BBWI.US,D,20251202,000000,18.87,19.04,18.51,18.6,7873195,0
BBWI.US,D,20251203,000000,18.67,19.23,18.45,19.01,8839547,0
BBWI.US,D,20251204,000000,19.125,19.2883,18.825,19.01,5755806,0
BBWI.US,D,20251205,000000,19.155,19.22,18.82,18.83,6243890,0
BBWI.US,D,20251208,000000,18.81,19.71,18.66,19.65,8844207,0
BBWI.US,D,20251209,000000,19.385,19.64,19,19.02,5915065,0
BBWI.US,D,20251210,000000,18.776,19.885,18.735,19.53,7637402,0
BBWI.US,D,20251211,000000,19.53,20.09,19.45,19.94,6314625,0
BBWI.US,D,20251212,000000,20.05,20.34,19.9,20.05,5023612,0
BBWI.US,D,20251215,000000,20.12,20.2,19.52,19.72,8712290,0
BBWI.US,D,20251216,000000,19.98,20.025,19.455,19.64,5061092,0
BBWI.US,D,20251217,000000,19.86,20.355,19.535,19.67,7201547,0
BBWI.US,D,20251218,000000,19.9757,20.02,19.61,19.62,5375494,0
BBWI.US,D,20251219,000000,19.59,19.95,19.5,19.79,9301163,0
BBWI.US,D,20251222,000000,19.8,19.98,19.17,19.28,6588158,0
BBWI.US,D,20251223,000000,19.315,19.6,19.15,19.25,6057684,0
BBWI.US,D,20251224,000000,19.33,19.855,19.21,19.72,3264646,0
BBWI.US,D,20251226,000000,19.59,19.89,19.55,19.79,4497104,0
BBWI.US,D,20251229,000000,19.68,20.535,19.5287,20.43,7700114,0
BBWI.US,D,20251230,000000,20.31,20.505,20.17,20.19,4843810,0
BBWI.US,D,20251231,000000,20.27,20.4,20.045,20.08,5062516,0
BBWI.US,D,20260102,000000,20.3,20.9755,19.87,20.74,6765879,0
BBWI.US,D,20260105,000000,20.5,20.97,20.23,20.23,6826118,0
BBWI.US,D,20260106,000000,20.185,22.13,20.18,22.04,8924587,0
BBWI.US,D,20260107,000000,22.04,22.41,21.775,21.95,4779494,0
BBWI.US,D,20260108,000000,21.51,23.185,21.51,22.77,5267585,0
BBWI.US,D,20260109,000000,23.23,23.43,22.41,23.29,5980745,0
BBWI.US,D,20260112,000000,22.85,23.005,22.3931,22.57,5525151,0
BBWI.US,D,20260113,000000,23.02,23.36,22.69,22.98,4516358,0
BBWI.US,D,20260114,000000,23.08,23.73,22.7631,23.02,5291282,0
BBWI.US,D,20260115,000000,23.075,23.44,22.42,23.4,3676957,0
BBWI.US,D,20260116,000000,23.19,23.33,22.81,23.27,3588379,0
BBWI.US,D,20260120,000000,22.3044,22.68,21.58,21.65,4778352,0
BBWI.US,D,20260121,000000,22.16,22.3,21.69,22.26,4347481,0
BBWI.US,D,20260122,000000,22.7,23.01,22.46,22.58,4132096,0
BBWI.US,D,20260123,000000,22.49,22.99,22.13,22.2,2905515,0
BBWI.US,D,20260126,000000,22,22.105,21.2,21.45,3892191,0
BBWI.US,D,20260127,000000,21.6,21.6,21.08,21.44,3286431,0
BBWI.US,D,20260128,000000,21.42,22.02,21.22,21.63,5176516,0
BBWI.US,D,20260129,000000,21.41,21.78,20.6,20.73,4824722,0
BBWI.US,D,20260130,000000,20.52,22,20.52,21.8,6085478,0
BBWI.US,D,20260202,000000,21.81,22.545,21.54,22.24,3888381,0
BBWI.US,D,20260203,000000,22.42,23.14,21.97,22.09,4656498,0
BBWI.US,D,20260204,000000,22.275,22.905,21.945,22.62,4314575,0
BBWI.US,D,20260205,000000,22.375,22.76,21.68,22.24,3569564,0
BBWI.US,D,20260206,000000,22.46,23.375,22.275,23.05,4586108,0
BBWI.US,D,20260209,000000,22.75,23.2,22.55,23.11,4407648,0
BBWI.US,D,20260210,000000,23.245,23.3,22.375,22.48,3763685,0
BBWI.US,D,20260211,000000,22.74,22.82,22.035,22.41,5196675,0
BBWI.US,D,20260212,000000,22.75,23.57,22.4924,22.86,5006561,0
BBWI.US,D,20260213,000000,23.095,24.17,22.88,24.07,5425012,0
BBWI.US,D,20260217,000000,24.2,24.94,23.67,24.67,7271668,0
BBWI.US,D,20260218,000000,24.345,24.78,23.78,23.91,5953877,0
BBWI.US,D,20260219,000000,23.76,24.17,23.66,24.14,4090799,0
BBWI.US,D,20260220,000000,24.05,24.76,23.63,24.38,6974977,0
BBWI.US,D,20260223,000000,23.8,24.02,22.23,22.52,6441500,0
BBWI.US,D,20260224,000000,22.84,23.47,22.56,23.26,6068526,0
BBWI.US,D,20260225,000000,23.25,23.25,22.53,22.67,4332041,0
BBWI.US,D,20260226,000000,23.15,23.625,23,23.31,4459746,0
BBWI.US,D,20260227,000000,22.71,23.1,22.355,22.76,5314849,0
BBWI.US,D,20260302,000000,22.06,22.4,21.69,22.04,4769283,0
BBWI.US,D,20260303,000000,21.38,22.46,21.18,22.43,6293955,0
BBWI.US,D,20260304,000000,23.51,23.89,21.765,23.01,10759321,0
BBWI.US,D,20260305,000000,23.195,23.56,21.87,22.29,6670464,0
BBWI.US,D,20260306,000000,21.67,22.22,20.375,20.8,6408539,0
BBWI.US,D,20260309,000000,20.35,21.8,19.825,21.62,6340032,0
BBWI.US,D,20260310,000000,21.67,21.67,20.415,20.44,5741574,0
BBWI.US,D,20260311,000000,20.545,20.8426,19.98,20.05,4245199,0
BBWI.US,D,20260312,000000,19.7077,19.92,18.75,18.78,6006232,0
BBWI.US,D,20260313,000000,19.125,19.865,18.745,19.5,7681670,0
BBWI.US,D,20260316,000000,19.77,20.575,19.7607,20.42,6828898,0
BBWI.US,D,20260317,000000,20.72,20.91,20.1645,20.27,4547386,0
BBWI.US,D,20260318,000000,20,20.405,19.64,19.98,3386132,0
BBWI.US,D,20260319,000000,19.835,20.45,19.63,20.33,3716168,0
BBWI.US,D,20260320,000000,20.145,20.15,19.275,19.41,5523486,0
BBWI.US,D,20260323,000000,19.855,19.99,18.34,18.57,7614217,0
BBWI.US,D,20260324,000000,18.375,18.72,18.04,18.06,5845947,0
BBWI.US,D,20260325,000000,18.44,18.6,17.6701,18.19,6047186,0
BBWI.US,D,20260326,000000,18.03,18.44,17.555,17.83,4934883,0
BBWI.US,D,20260327,000000,17.61,17.67,16.72,16.8,5080365,0
BBWI.US,D,20260330,000000,17.26,18.795,17.125,18.67,13290400,0
BBWI.US,D,20260331,000000,18.84,19.22,18.3,18.67,6771121,0
BBWI.US,D,20260401,000000,18.56,19.43,18.53,19.33,5490532,0
BBWI.US,D,20260402,000000,18.98,19.07,18.17,18.57,4472954,0
BBWI.US,D,20260406,000000,18.32,18.77,17.66,18.11,6490794,0
BBWI.US,D,20260407,000000,17.95,18.115,17.34,18.09,8131986,0
BBWI.US,D,20260408,000000,18.83,19.3299,17.93,17.94,7903610,0
BBWI.US,D,20260409,000000,17.82,18.75,17.45,18.42,7121764,0
BBWI.US,D,20260410,000000,18.17,18.49,17.97,18.1,4425394,0
BBWI.US,D,20260413,000000,17.86,18.45,17.3,18.35,5084399,0
BBWI.US,D,20260414,000000,18.48,18.76,18.26,18.3,5091272,0
BBWI.US,D,20260415,000000,18.1,18.27,17.885,17.94,4377319,0
BBWI.US,D,20260416,000000,18.01,18.18,17.61,18.04,5163850,0
BBWI.US,D,20260417,000000,18.46,19.85,18.46,19.41,9855558,0
BBWI.US,D,20260420,000000,19.21,20.9,19.155,20.9,6670838,0
BBWI.US,D,20260421,000000,21,21.68,20.365,20.49,6244421,0
BBWI.US,D,20260422,000000,20.75,21.35,20.26,20.54,5714526,0
BBWI.US,D,20260423,000000,20.51,20.895,19.82,20.5,4720015,0
BBWI.US,D,20260424,000000,20.35,20.55,19.51,20.09,5034196,0
