<TICKER>,<PER>,<DATE>,<TIME>,<OPEN>,<HIGH>,<LOW>,<CLOSE>,<VOL>,<OPENINT>
EIX.US,D,20000103,000000,16.3373,16.3765,15.8944,16.0558,1127175.5925479,0
EIX.US,D,20000104,000000,15.9356,16.4165,15.9356,16.2171,1068055.6739855,0
EIX.US,D,20000105,000000,16.618,17.617,16.5348,17.2524,1985623.4456445,0
EIX.US,D,20000106,000000,17.0989,17.2163,16.7362,17.2163,1806618.9128188,0
EIX.US,D,20000107,000000,17.2955,17.9358,17.2955,17.9358,4205338.1609253,0
EIX.US,D,20000110,000000,17.8996,17.9797,17.6943,17.9358,1361863.1961841,0
EIX.US,D,20000111,000000,17.9358,17.9797,17.7774,17.8556,1433381.3384375,0
EIX.US,D,20000112,000000,17.8185,18.0579,17.8185,17.8996,923092.29984611,0
EIX.US,D,20000113,000000,17.8185,17.9358,17.7373,17.7774,1266765.8234606,0
EIX.US,D,20000114,000000,17.617,17.6943,17.4568,17.617,1064173.8771942,0
EIX.US,D,20000118,000000,17.4568,17.617,17.1351,17.2955,1541771.9472874,0
EIX.US,D,20000119,000000,17.0178,17.5379,17.0178,17.4568,1513852.6736593,0
EIX.US,D,20000120,000000,17.2163,17.2524,17.0989,17.1743,1175698.563875,0
EIX.US,D,20000121,000000,17.2955,17.617,17.2163,17.576,1517135.0678367,0
EIX.US,D,20000124,000000,17.6943,18.7795,17.6572,18.2594,2377827.1006856,0
EIX.US,D,20000125,000000,18.2594,18.6202,18.2594,18.5008,4191307.4345521,0
EIX.US,D,20000126,000000,18.54,18.6202,18.4588,18.583,1339031.6846744,0
EIX.US,D,20000127,000000,18.4588,18.9389,18.3786,18.583,2462769.406599,0
EIX.US,D,20000128,000000,18.583,18.583,18.0991,18.0991,1298116.830484,0
EIX.US,D,20000131,000000,18.1391,18.6622,17.9358,18.6622,1440993.5470597,0
EIX.US,D,20000201,000000,18.8225,18.8225,18.0189,18.3415,2017572.8324104,0
EIX.US,D,20000202,000000,18.2985,18.3786,18.1792,18.2985,1408298.4870761,0
EIX.US,D,20000203,000000,18.2594,19.2175,18.2594,18.8987,1537885.0361393,0
EIX.US,D,20000204,000000,18.8635,18.8987,18.0189,18.1792,1251241.7049095,0
EIX.US,D,20000207,000000,18.0189,18.1792,17.8556,18.1792,1276621.1889638,0
EIX.US,D,20000208,000000,18.0579,18.0579,17.6943,17.8556,2090872.8165639,0
EIX.US,D,20000209,000000,17.8185,18.0189,17.617,17.9358,1643290.906376,0
EIX.US,D,20000210,000000,17.7373,18.1792,17.617,17.617,1128821.3925577,0
EIX.US,D,20000211,000000,17.6572,18.0991,17.6572,17.7774,727064.11906309,0
EIX.US,D,20000214,000000,17.7774,18.0991,17.7373,17.8996,932794.23464601,0
EIX.US,D,20000215,000000,17.9358,18.0189,17.8556,17.9358,783201.34475504,0
EIX.US,D,20000216,000000,17.9797,18.2594,17.9358,18.1792,896064.97003928,0
EIX.US,D,20000217,000000,18.1391,18.2193,17.8996,17.9797,568812.62315406,0
EIX.US,D,20000218,000000,17.9797,18.0189,17.3736,17.4568,1387098.4553773,0
EIX.US,D,20000222,000000,17.4568,17.576,17.2163,17.4958,851581.31769211,0
EIX.US,D,20000223,000000,17.576,17.576,17.0617,17.0989,940259.14979305,0
EIX.US,D,20000224,000000,16.7362,16.7362,16.0157,16.2171,1763918.125243,0
EIX.US,D,20000225,000000,16.3765,16.5348,16.2171,16.4967,1252138.7630876,0
EIX.US,D,20000228,000000,16.4967,17.1743,16.4165,16.9787,1663448.6321643,0
EIX.US,D,20000229,000000,16.8985,16.8985,16.4165,16.8193,1067907.357639,0
EIX.US,D,20000301,000000,16.657,16.7792,16.177,16.4967,1020580.1229256,0
EIX.US,D,20000302,000000,16.2562,16.4967,16.2562,16.4165,1115681.5871344,0
EIX.US,D,20000303,000000,16.4967,16.657,16.3373,16.4165,882486.35280484,0
EIX.US,D,20000306,000000,11.7679,12.5715,11.2145,11.4942,11853721.651384,0
EIX.US,D,20000307,000000,11.8089,11.8089,10.0863,10.2496,11491239.569298,0
EIX.US,D,20000308,000000,10.449,10.449,10.1695,10.4089,6205890.4139925,0
EIX.US,D,20000309,000000,10.491,10.5282,9.89472,10.0482,6335184.4218484,0
EIX.US,D,20000310,000000,10.0482,10.0863,9.77152,9.81453,4668606.8262098,0
EIX.US,D,20000313,000000,9.92399,10.5282,9.89472,10.449,3377202.0775557,0
EIX.US,D,20000314,000000,10.449,10.491,9.85266,9.96897,2882282.7039409,0
EIX.US,D,20000315,000000,10.0071,10.0071,9.85266,9.89472,6210669.268962,0
EIX.US,D,20000316,000000,9.92399,10.6504,9.85266,10.6504,4496018.7653925,0
EIX.US,D,20000317,000000,10.8117,10.8117,10.491,10.5692,2559210.8322826,0
EIX.US,D,20000320,000000,10.5692,10.7316,10.2877,10.491,3299270.5319079,0
EIX.US,D,20000321,000000,10.491,10.491,9.92399,10.0863,6119602.0093764,0
EIX.US,D,20000322,000000,10.1273,10.1695,9.96897,10.0482,2178213.7558042,0
EIX.US,D,20000323,000000,10.1695,10.3698,10.0863,10.3268,4345527.794452,0
EIX.US,D,20000324,000000,10.2496,10.2877,10.0863,10.2496,7601353.9113092,0
EIX.US,D,20000327,000000,10.2877,10.6094,10.2085,10.4089,2816152.0251129,0
EIX.US,D,20000328,000000,10.449,10.5282,10.2085,10.2085,1455781.1982354,0
EIX.US,D,20000329,000000,10.2877,10.6094,10.2877,10.5692,3743870.7720966,0
EIX.US,D,20000330,000000,10.6094,10.6905,10.491,10.6504,1503247.5434531,0
EIX.US,D,20000331,000000,10.6094,10.6905,10.5692,10.6094,2140739.8408512,0
EIX.US,D,20000403,000000,10.668,11.0385,10.6308,11.0005,3033820.0722773,0
EIX.US,D,20000404,000000,11.0385,11.4052,10.8323,10.9183,2854370.5904122,0
EIX.US,D,20000405,000000,10.9183,11.238,10.8763,10.9565,2917819.300548,0
EIX.US,D,20000406,000000,11.1197,11.1588,10.9565,11.1197,1279458.6341019,0
EIX.US,D,20000407,000000,10.9565,11.0385,10.9183,10.9565,658542.98987905,0
EIX.US,D,20000410,000000,10.8323,11.2008,10.8323,11.0385,1515944.4455798,0
EIX.US,D,20000411,000000,11.0385,11.1588,11.0005,11.0385,1855887.5573635,0
EIX.US,D,20000412,000000,11.2008,11.28,11.1197,11.1588,2309439.9676491,0
EIX.US,D,20000413,000000,11.1197,11.4472,11.0805,11.3612,2248079.9608198,0
EIX.US,D,20000414,000000,11.4052,11.4854,11.0385,11.1197,2993959.7984536,0
EIX.US,D,20000417,000000,11.2008,11.8089,11.1588,11.7297,3946164.0399276,0
EIX.US,D,20000418,000000,11.7297,11.8089,11.4472,11.8089,2823323.3761812,0
EIX.US,D,20000419,000000,11.6466,11.8089,11.5674,11.6085,3044719.7894336,0
EIX.US,D,20000420,000000,11.6466,11.7297,11.6085,11.6906,1361716.9255803,0
EIX.US,D,20000424,000000,11.7297,12.2978,11.6906,12.2978,1474883.3207856,0
EIX.US,D,20000425,000000,12.1384,12.4649,11.8959,12.3838,2393648.874801,0
EIX.US,D,20000426,000000,12.3838,12.6683,12.3388,12.6262,1704354.2805126,0
EIX.US,D,20000427,000000,12.5842,12.5842,12.2978,12.5461,1328276.1923792,0
EIX.US,D,20000428,000000,12.4238,12.4649,12.2176,12.4238,1973978.0552705,0
EIX.US,D,20000501,000000,12.2576,12.7846,12.2576,12.5842,2747184.9240182,0
EIX.US,D,20000502,000000,12.504,12.6683,12.2576,12.3388,2452318.7299675,0
EIX.US,D,20000503,000000,12.2176,12.5461,12.1384,12.4238,2251222.2216216,0
EIX.US,D,20000504,000000,12.4238,12.7455,12.2978,12.5842,1415171.1597087,0
EIX.US,D,20000505,000000,12.5461,13.0339,12.4238,12.6262,1348282.5332069,0
EIX.US,D,20000508,000000,12.504,13.076,12.504,12.7054,1279606.9504483,0
EIX.US,D,20000509,000000,12.7455,12.7846,12.504,12.6683,2476952.5408041,0
EIX.US,D,20000510,000000,12.504,12.7455,12.504,12.6262,1634632.300358,0
EIX.US,D,20000511,000000,12.5842,12.9557,12.5842,12.8667,1497426.3825732,0
EIX.US,D,20000512,000000,12.8295,12.9557,12.7455,12.8667,2079081.1555862,0
EIX.US,D,20000515,000000,12.8667,13.1561,12.8295,13.0339,669884.58746063,0
EIX.US,D,20000516,000000,12.8667,13.0339,12.6683,12.9156,1263783.1305902,0
EIX.US,D,20000517,000000,12.7455,12.9156,12.7054,12.7846,1793929.1707916,0
EIX.US,D,20000518,000000,12.8667,13.3145,12.8295,13.2744,1271096.6607767,0
EIX.US,D,20000519,000000,13.0339,13.3575,13.0339,13.1942,1383069.365111,0
EIX.US,D,20000522,000000,13.1561,13.4836,13.1561,13.3575,1879324.6087151,0
EIX.US,D,20000523,000000,13.5628,13.5628,13.2372,13.4425,1598501.4154938,0
EIX.US,D,20000524,000000,13.4425,13.6859,13.3145,13.4836,2016972.4069252,0
EIX.US,D,20000525,000000,13.4425,13.4836,13.2558,13.4425,1404115.9661066,0
EIX.US,D,20000526,000000,13.5257,13.7661,13.5257,13.5628,3409748.8211929,0
EIX.US,D,20000530,000000,13.6077,13.7241,13.3145,13.7241,1528483.8255177,0
EIX.US,D,20000531,000000,13.7661,14.212,13.7661,13.9314,2583549.0332978,0
EIX.US,D,20000601,000000,13.9724,14.0926,13.9314,14.0536,995348.95521773,0
EIX.US,D,20000602,000000,14.0536,14.0536,13.6419,13.6419,1576855.4118844,0
EIX.US,D,20000605,000000,13.6859,13.7241,13.2372,13.4025,1021622.4288361,0
EIX.US,D,20000606,000000,13.3575,13.8043,13.3145,13.7241,1336638.1657043,0
EIX.US,D,20000607,000000,13.7241,13.9314,13.7241,13.8835,1037005.3911403,0
EIX.US,D,20000608,000000,13.7661,13.8463,13.6859,13.8043,955190.00295849,0
EIX.US,D,20000609,000000,13.7241,13.9724,13.7241,13.8463,670331.58224265,0
EIX.US,D,20000612,000000,13.9314,14.1308,13.9314,14.1308,901592.56684041,0
EIX.US,D,20000613,000000,14.0106,14.1748,13.9314,14.1748,769917.31447076,0
EIX.US,D,20000614,000000,14.1308,14.212,14.1308,14.1748,1421436.2467567,0
EIX.US,D,20000615,000000,14.0926,14.297,14.0926,14.1748,1160168.3080957,0
EIX.US,D,20000616,000000,14.1748,14.252,13.8463,14.0536,2080576.5935069,0
EIX.US,D,20000619,000000,14.0106,14.1748,13.8835,13.9724,1186600.326774,0
EIX.US,D,20000620,000000,14.0106,14.0536,13.9314,13.9314,1413520.2453422,0
EIX.US,D,20000621,000000,13.9314,14.1308,13.8835,13.8835,1194810.9151387,0
EIX.US,D,20000622,000000,13.9314,13.9314,13.6859,13.8463,1482202.9882002,0
EIX.US,D,20000623,000000,13.8463,14.1748,13.8043,14.1748,2690144.50292,0
EIX.US,D,20000626,000000,14.1748,14.212,13.9724,14.0536,1727638.9240323,0
EIX.US,D,20000627,000000,14.0926,14.0926,13.6419,13.6859,1531465.4955169,0
EIX.US,D,20000628,000000,13.7241,14.0536,13.5628,14.0184,1318874.9817576,0
EIX.US,D,20000629,000000,14.0106,14.0106,13.6419,13.7241,1162112.7865411,0
EIX.US,D,20000630,000000,13.7026,14.2012,13.1288,13.5355,4869557.063952,0
EIX.US,D,20000703,000000,13.5355,13.7857,13.4553,13.5355,565227.45905562,0
EIX.US,D,20000705,000000,13.7857,13.8717,13.0867,13.2881,1009230.3423732,0
EIX.US,D,20000706,000000,13.4553,13.5355,13.251,13.4553,795595.47696067,0
EIX.US,D,20000707,000000,13.4171,13.4983,13.3301,13.4171,1418001.4447474,0
EIX.US,D,20000710,000000,13.2881,13.4983,13.2881,13.4171,2133723.9662289,0
EIX.US,D,20000711,000000,13.4553,13.4553,13.251,13.3732,2133426.3106647,0
EIX.US,D,20000712,000000,13.207,13.2881,13.0867,13.1698,1122997.1630637,0
EIX.US,D,20000713,000000,13.0417,13.3732,12.9615,13.3732,1196300.2158313,0
EIX.US,D,20000714,000000,13.2881,13.4553,13.0417,13.207,1470404.1671232,0
EIX.US,D,20000717,000000,13.1288,13.1288,12.942,12.942,2254950.5877097,0
EIX.US,D,20000718,000000,13.0417,13.0417,12.7133,12.7915,2362598.591956,0
EIX.US,D,20000719,000000,12.8443,12.9615,12.7915,12.8443,1325742.5400334,0
EIX.US,D,20000720,000000,12.8775,12.9225,12.593,12.7133,1710921.11461,0
EIX.US,D,20000721,000000,12.8775,13.0007,12.7915,12.8775,1398743.8457513,0
EIX.US,D,20000724,000000,12.7543,12.8775,12.5461,12.8443,1551475.92783,0
EIX.US,D,20000725,000000,12.8775,13.0867,12.8775,12.8775,1220637.393975,0
EIX.US,D,20000726,000000,13.0007,13.0417,12.6721,12.679,854708.23542362,0
EIX.US,D,20000727,000000,12.7543,12.8775,12.6311,12.6721,468038.31441172,0
EIX.US,D,20000728,000000,12.6721,12.9615,12.6721,12.9615,876063.74356831,0
EIX.US,D,20000731,000000,12.8775,13.207,12.7543,13.0007,2406933.9279567,0
EIX.US,D,20000801,000000,13.3732,13.4171,12.8775,12.9615,1606262.9633337,0
EIX.US,D,20000802,000000,12.9615,13.1698,12.9225,13.0417,1271543.6555587,0
EIX.US,D,20000803,000000,13.4171,13.9529,13.3301,13.6713,1855581.7188284,0
EIX.US,D,20000804,000000,13.4983,13.8258,13.207,13.6235,1253183.1147408,0
EIX.US,D,20000807,000000,13.4983,14.0056,13.4553,14.0056,1451148.6138698,0
EIX.US,D,20000808,000000,13.7857,14.2012,13.7857,14.2012,2255251.311888,0
EIX.US,D,20000809,000000,14.0301,14.1602,13.8717,14.0702,1686138.987427,0
EIX.US,D,20000810,000000,13.993,14.0301,13.3732,13.7105,1877237.9511514,0
EIX.US,D,20000811,000000,13.5775,13.9529,13.5775,13.9099,1353658.7450475,0
EIX.US,D,20000814,000000,13.7437,14.0301,13.6235,13.8717,973107.64047982,0
EIX.US,D,20000815,000000,13.5775,14.2833,13.5775,13.9529,1815579.2658865,0
EIX.US,D,20000816,000000,13.9529,14.1602,13.8717,14.0056,1165397.2264612,0
EIX.US,D,20000817,000000,14.1172,14.1602,13.9099,14.1172,882633.64627993,0
EIX.US,D,20000818,000000,14.076,14.2374,14.0301,14.2012,1084180.2180219,0
EIX.US,D,20000821,000000,14.1602,14.1602,13.7437,13.8258,995498.29443553,0
EIX.US,D,20000822,000000,13.7437,13.8717,13.6235,13.8258,807536.47715614,0
EIX.US,D,20000823,000000,13.7857,13.8717,13.5775,13.6635,1675386.5637458,0
EIX.US,D,20000824,000000,13.6235,13.7857,13.4171,13.5355,729303.18445865,0
EIX.US,D,20000825,000000,13.3732,13.4171,13.1288,13.207,914731.3493923,0
EIX.US,D,20000828,000000,13.2881,13.7437,13.251,13.6235,891289.18368391,0
EIX.US,D,20000829,000000,13.6235,13.7026,13.3301,13.4171,655101.02777028,0
EIX.US,D,20000830,000000,13.4171,13.6235,13.4171,13.4983,819179.82178738,0
EIX.US,D,20000831,000000,13.5355,13.7857,13.5355,13.6713,983855.97267565,0
EIX.US,D,20000901,000000,13.5355,13.6635,13.4171,13.5471,1101348.0908402,0
EIX.US,D,20000905,000000,13.6635,14.3166,13.5355,14.2833,1769741.3318656,0
EIX.US,D,20000906,000000,14.2374,14.9842,14.2374,14.8582,2361695.3965497,0
EIX.US,D,20000907,000000,14.8582,14.9842,14.2833,14.4475,1533553.1759519,0
EIX.US,D,20000908,000000,14.4867,14.8582,14.4475,14.8386,866354.64866892,0
EIX.US,D,20000911,000000,15.0634,16.3031,15.0634,15.9014,4741906.8103633,0
EIX.US,D,20000912,000000,17.0051,17.1743,16.3432,16.5133,4955397.4509148,0
EIX.US,D,20000913,000000,16.5133,17.579,16.5133,17.2524,3590397.1082856,0
EIX.US,D,20000914,000000,17.2524,17.2524,16.5495,17.0881,2861537.849995,0
EIX.US,D,20000915,000000,16.8799,17.0471,16.4322,16.6052,5144407.7113329,0
EIX.US,D,20000918,000000,16.5935,16.6805,15.5171,15.7606,3224621.3804375,0
EIX.US,D,20000919,000000,15.7674,15.7674,14.5287,14.7741,3177746.2548629,0
EIX.US,D,20000920,000000,14.9452,14.9842,14.0301,14.4867,3684302.8358808,0
EIX.US,D,20000921,000000,14.4867,14.8162,14.076,14.2012,1494438.5753459,0
EIX.US,D,20000922,000000,14.2012,15.5171,14.2012,15.0244,2304369.5943436,0
EIX.US,D,20000925,000000,15.3519,15.3519,14.6959,15.1485,2334073.7784858,0
EIX.US,D,20000926,000000,14.6167,15.3519,14.5287,15.2316,2097594.104236,0
EIX.US,D,20000927,000000,13.9529,14.1172,13.0007,13.1288,10490658.6271,0
EIX.US,D,20000928,000000,13.207,13.3301,12.8775,13.0417,5053337.3831331,0
EIX.US,D,20000929,000000,13.1288,13.207,12.6721,12.7671,5529587.3087808,0
EIX.US,D,20001002,000000,12.8443,13.207,12.7133,13.207,4541856.6994134,0
EIX.US,D,20001003,000000,13.1884,13.3956,13.0632,13.3956,11618284.283044,0
EIX.US,D,20001004,000000,13.0192,13.6077,12.7671,13.0632,2961266.7842127,0
EIX.US,D,20001005,000000,12.8951,13.3145,12.7279,12.8071,2476206.8675865,0
EIX.US,D,20001006,000000,12.854,13.6077,12.854,13.1424,3175501.0522392,0
EIX.US,D,20001009,000000,13.0994,13.3956,13.0632,13.1884,1307822.8567694,0
EIX.US,D,20001010,000000,13.1884,13.7319,13.1424,13.3956,2259581.1263327,0
EIX.US,D,20001011,000000,13.5257,13.7319,13.2294,13.4377,2072361.9136568,0
EIX.US,D,20001012,000000,13.5257,13.8981,13.2294,13.6077,2388271.6400891,0
EIX.US,D,20001013,000000,13.5257,14.735,13.5257,14.735,2631322.2399218,0
EIX.US,D,20001016,000000,14.6099,14.7741,14.1474,14.1944,1770787.7292615,0
EIX.US,D,20001017,000000,14.2334,14.4387,14.0252,14.1474,1272142.0353013,0
EIX.US,D,20001018,000000,14.1944,14.6539,13.5628,13.8101,3343614.0508794,0
EIX.US,D,20001019,000000,13.8101,14.0702,13.6077,14.0702,2115508.6731433,0
EIX.US,D,20001020,000000,13.8101,14.4799,13.8101,14.3166,2148206.8017409,0
EIX.US,D,20001023,000000,15.4868,15.4868,14.735,14.9012,1907690.8771253,0
EIX.US,D,20001024,000000,14.9012,15.738,14.4799,15.2385,3414682.1297369,0
EIX.US,D,20001025,000000,15.0723,15.6618,15.0312,15.3655,3601441.050303,0
EIX.US,D,20001026,000000,15.4057,15.5337,14.8162,15.2785,1666876.2740741,0
EIX.US,D,20001027,000000,15.1485,15.781,15.0312,15.1124,2777633.7585068,0
EIX.US,D,20001030,000000,15.1485,15.7009,15.0723,15.6618,1972187.0075284,0
EIX.US,D,20001031,000000,15.7009,16.0763,15.3655,15.9952,2860937.4245098,0
EIX.US,D,20001101,000000,16.2425,16.3696,15.4057,16.1125,2413050.6986582,0
EIX.US,D,20001102,000000,16.1555,16.1555,15.3255,15.6129,1724507.9148154,0
EIX.US,D,20001103,000000,15.5728,15.7009,15.0723,15.2385,1403971.7412455,0
EIX.US,D,20001106,000000,15.4057,15.9092,15.1994,15.2785,1376051.444746,0
EIX.US,D,20001107,000000,15.1485,15.4457,14.7741,15.1994,1137924.9476151,0
EIX.US,D,20001108,000000,15.1994,15.4057,15.0723,15.1994,1318127.2627972,0
EIX.US,D,20001109,000000,15.1994,15.4868,15.0312,15.3655,938022.1301402,0
EIX.US,D,20001110,000000,15.3255,15.5728,15.1124,15.2785,1207049.5708984,0
EIX.US,D,20001113,000000,15.0723,15.781,15.0723,15.2385,1751228.3832158,0
EIX.US,D,20001114,000000,14.8162,15.0723,14.5287,14.9892,2328558.4561409,0
EIX.US,D,20001115,000000,15.1124,15.4057,14.8162,15.0312,1448757.1406423,0
EIX.US,D,20001116,000000,15.1124,15.3655,14.9892,15.2385,1070146.4230346,0
EIX.US,D,20001117,000000,15.5337,15.8222,15.4457,15.8222,1664642.3230353,0
EIX.US,D,20001120,000000,15.9952,16.0333,15.5337,15.7009,1248556.6676032,0
EIX.US,D,20001121,000000,15.738,15.8662,15.1994,15.3655,2070427.663925,0
EIX.US,D,20001122,000000,15.3655,15.8222,15.3255,15.4868,1270052.3091235,0
EIX.US,D,20001124,000000,15.4868,15.4868,15.3655,15.4057,388911.03215018,0
EIX.US,D,20001127,000000,15.4057,15.4057,14.6959,14.9452,1304093.4678099,0
EIX.US,D,20001128,000000,14.7741,15.1994,14.735,15.0312,1122697.4617567,0
EIX.US,D,20001129,000000,15.0312,15.3655,15.0312,15.2385,736320.08195231,0
EIX.US,D,20001130,000000,15.4057,15.5337,15.2385,15.3655,3013071.126846,0
EIX.US,D,20001201,000000,15.3655,15.3655,14.4387,14.8162,2570858.2683992,0
EIX.US,D,20001204,000000,14.8162,15.1994,14.735,14.9452,1416959.1388369,0
EIX.US,D,20001205,000000,14.9892,14.9892,14.4387,14.8162,1322604.370717,0
EIX.US,D,20001206,000000,14.8162,14.9452,14.4799,14.6539,1164947.1630651,0
EIX.US,D,20001207,000000,14.5287,14.8162,14.3166,14.3605,3360926.1485588,0
EIX.US,D,20001208,000000,14.3997,14.3997,13.4377,13.6929,4484967.6632756,0
EIX.US,D,20001211,000000,13.1424,13.1424,11.2194,12.4727,10014409.724324,0
EIX.US,D,20001212,000000,12.3916,12.5597,12.2636,12.4326,4294617.4413829,0
EIX.US,D,20001213,000000,12.4326,12.4727,12.3524,12.4326,2996797.2435918,0
EIX.US,D,20001214,000000,12.4727,13.6077,12.4727,13.4377,4987947.263166,0
EIX.US,D,20001215,000000,13.3956,13.8981,13.3575,13.3956,3619652.2519031,0
EIX.US,D,20001218,000000,13.3575,13.5257,13.2686,13.5257,2992321.1585433,0
EIX.US,D,20001219,000000,13.4377,13.4768,12.4326,12.7279,7007306.0289618,0
EIX.US,D,20001220,000000,12.7279,12.7279,11.5958,11.9751,8301099.1822293,0
EIX.US,D,20001221,000000,11.8041,11.8041,9.45867,10.0071,16817038.172327,0
EIX.US,D,20001222,000000,10.5898,11.3856,9.71188,10.8841,12241742.785455,0
EIX.US,D,20001226,000000,10.1273,11.0111,9.91815,10.755,6726632.1749583,0
EIX.US,D,20001227,000000,10.7179,10.8449,10.3425,10.4627,5274293.961703,0
EIX.US,D,20001228,000000,10.0863,10.3425,9.96897,10.3425,6824572.1071767,0
EIX.US,D,20001229,000000,10.0863,10.5506,10.0863,10.4627,4846417.6681646,0
EIX.US,D,20010102,000000,10.3845,10.4226,10.0071,10.0482,3727598.9345852,0
EIX.US,D,20010103,000000,10.0482,10.5898,8.20436,8.20436,14294401.128205,0
EIX.US,D,20010104,000000,5.52621,7.87235,4.18625,7.20061,43317192.35737,0
EIX.US,D,20010105,000000,6.36317,7.70145,6.36317,6.90595,12079607.447012,0
EIX.US,D,20010108,000000,6.61794,8.20436,6.61794,8.03718,9708055.662088,0
EIX.US,D,20010109,000000,7.62315,7.7826,7.36779,7.44825,9598921.4257632,0
EIX.US,D,20010110,000000,7.36779,7.70145,7.11272,7.53614,10713408.299156,0
EIX.US,D,20010111,000000,7.36779,7.36779,6.77836,7.03334,8396199.6235668,0
EIX.US,D,20010112,000000,7.03334,7.07303,6.6982,6.82529,9946779.5160901,0
EIX.US,D,20010116,000000,5.77375,6.61794,5.566,6.40364,11038126.993695,0
EIX.US,D,20010117,000000,6.28281,6.61794,5.82058,5.94797,14038505.3099,0
EIX.US,D,20010118,000000,5.98824,6.36317,5.35874,6.02813,12012421.164946,0
EIX.US,D,20010119,000000,5.52621,6.44382,5.35874,5.98824,11359106.070561,0
EIX.US,D,20010122,000000,5.77375,6.61794,5.73347,6.0685,5645443.8556492,0
EIX.US,D,20010123,000000,5.94797,6.0685,5.6531,5.86085,5269813.7851692,0
EIX.US,D,20010124,000000,5.94797,6.53054,5.86085,6.28281,8375445.5637788,0
EIX.US,D,20010125,000000,7.70145,8.70862,7.36779,8.4997,16814047.296486,0
EIX.US,D,20010126,000000,8.41347,8.87384,8.07795,8.16408,8665078.7479786,0
EIX.US,D,20010129,000000,8.94218,9.20213,8.70862,8.76073,9236134.5280136,0
EIX.US,D,20010130,000000,9.03633,9.77934,8.94218,9.64345,6982521.856036,0
EIX.US,D,20010131,000000,9.37947,9.54372,8.77363,8.93759,8686576.4352416,0
EIX.US,D,20010201,000000,8.6397,9.20791,7.80333,9.01071,4895979.8767881,0
EIX.US,D,20010202,000000,9.20791,9.24466,8.67401,8.7141,4272226.7874272,0
EIX.US,D,20010205,000000,8.70862,9.31007,8.70862,8.86182,2584150.4816543,0
EIX.US,D,20010206,000000,8.77363,8.78097,8.54008,8.59433,3644587.8097896,0
EIX.US,D,20010207,000000,8.4384,8.87384,8.4384,8.70862,4122927.461615,0
EIX.US,D,20010208,000000,8.57419,8.68213,8.24141,8.4603,2756875.6072332,0
EIX.US,D,20010209,000000,8.54008,8.77363,8.4384,8.77363,2041310.6079403,0
EIX.US,D,20010212,000000,8.4384,9.35015,7.97167,8.39128,6820243.3156033,0
EIX.US,D,20010213,000000,8.04334,8.50713,8.04334,8.10562,3103992.1158279,0
EIX.US,D,20010214,000000,8.07795,8.36576,7.93531,8.20436,2822269.8186858,0
EIX.US,D,20010215,000000,8.09046,8.40555,8.09046,8.24649,1372616.6427367,0
EIX.US,D,20010216,000000,8.25177,9.01071,8.24649,8.70862,3101900.3439074,0
EIX.US,D,20010220,000000,8.70862,8.90757,8.65231,8.77363,2749716.5306212,0
EIX.US,D,20010221,000000,8.70862,9.45085,8.67401,9.01071,3816875.1464286,0
EIX.US,D,20010222,000000,9.01071,10.0139,8.94218,10.0139,4753105.2059552,0
EIX.US,D,20010223,000000,9.88003,10.3425,9.22433,9.83897,4195789.6568287,0
EIX.US,D,20010226,000000,9.91232,10.2496,9.81453,9.84777,4086501.9898007,0
EIX.US,D,20010227,000000,9.84777,10.1137,9.84777,10.0071,2447693.3057011,0
EIX.US,D,20010228,000000,10.0071,10.0745,9.91815,9.97974,2296160.0288502,0
EIX.US,D,20010301,000000,9.73437,9.94751,9.73437,9.94751,1826027.8967753,0
EIX.US,D,20010302,000000,9.6806,10.1489,9.66397,9.98656,2577427.1482395,0
EIX.US,D,20010305,000000,9.79986,10.2809,9.79986,10.187,2447543.9664834,0
EIX.US,D,20010306,000000,10.0403,10.2203,10.0403,10.2203,2237783.7377627,0
EIX.US,D,20010307,000000,10.1137,10.3767,10.0629,10.3483,1873351.0400033,0
EIX.US,D,20010308,000000,10.3268,10.3767,10.2681,10.3767,2148502.4115625,0
EIX.US,D,20010309,000000,10.2271,10.3698,10.1801,10.1801,1430991.9109528,0
EIX.US,D,20010312,000000,10.2144,10.3102,10.1489,10.2809,1365751.1302035,0
EIX.US,D,20010313,000000,10.0931,10.2085,9.88003,9.96897,2173880.8727454,0
EIX.US,D,20010314,000000,9.37947,9.6278,9.28337,9.35015,2313176.516708,0
EIX.US,D,20010315,000000,9.28337,9.37947,9.01071,9.10222,1720925.819331,0
EIX.US,D,20010316,000000,8.59433,8.67401,7.45431,8.19761,5182626.2766321,0
EIX.US,D,20010319,000000,8.62778,8.70862,8.03718,8.29127,2185679.6938226,0
EIX.US,D,20010320,000000,8.03718,8.25177,7.91566,8.06435,2110582.5246988,0
EIX.US,D,20010321,000000,8.13259,8.56677,7.99768,8.26516,2334374.5026641,0
EIX.US,D,20010322,000000,8.46636,8.46636,7.68992,7.70145,2823767.3023491,0
EIX.US,D,20010323,000000,7.481,7.6295,7.26113,7.50212,2276748.999151,0
EIX.US,D,20010326,000000,8.70862,10.0629,8.6397,9.74609,6145731.2581338,0
EIX.US,D,20010327,000000,9.6806,9.83897,9.48017,9.488,4539460.1118292,0
EIX.US,D,20010328,000000,9.22433,9.37947,9.04288,9.10222,2816299.3185881,0
EIX.US,D,20010329,000000,8.84325,9.03163,8.70129,8.70862,2599226.5825522,0
EIX.US,D,20010330,000000,8.86182,8.87384,7.55579,8.46636,4604112.7415495,0
EIX.US,D,20010402,000000,8.10562,8.46636,7.97911,8.40555,2127156.10926,0
EIX.US,D,20010403,000000,8.24649,8.635,8.0053,8.58827,2209715.1249167,0
EIX.US,D,20010404,000000,8.03718,8.6965,8.0229,8.6965,2141638.944772,0
EIX.US,D,20010405,000000,8.58211,8.58211,8.30515,8.46636,2174182.6197951,0
EIX.US,D,20010406,000000,8.46636,8.50713,5.03044,5.52621,15533697.741434,0
EIX.US,D,20010409,000000,5.76065,7.03334,5.69319,5.97494,7297090.5981222,0
EIX.US,D,20010410,000000,7.63654,7.77126,7.20677,7.62315,6521357.2371283,0
EIX.US,D,20010411,000000,7.62315,8.10562,7.34081,8.05077,5263987.5099324,0
EIX.US,D,20010412,000000,7.71427,8.35276,7.57046,8.03718,3291205.1912756,0
EIX.US,D,20010416,000000,7.94987,8.10562,7.77126,7.93531,3428859.1267139,0
EIX.US,D,20010417,000000,7.83608,8.07189,7.7436,7.9576,2448434.8874334,0
EIX.US,D,20010418,000000,7.53614,7.71427,7.481,7.63654,2439627.965069,0
EIX.US,D,20010419,000000,7.50212,7.53614,7.10637,7.35449,2326316.3221313,0
EIX.US,D,20010420,000000,7.17499,7.34823,6.89881,6.91251,2409168.9018669,0
EIX.US,D,20010423,000000,6.91905,7.02679,6.77202,6.94564,2709252.7626983,0
EIX.US,D,20010424,000000,6.87946,6.94564,6.6982,6.89881,1493996.6949206,0
EIX.US,D,20010425,000000,6.83195,6.88572,6.7115,6.76508,2584297.7751295,0
EIX.US,D,20010426,000000,6.81913,6.82529,6.53054,6.53054,1364110.4445505,0
EIX.US,D,20010427,000000,6.66477,6.69136,6.53054,6.63104,1098514.7371875,0
EIX.US,D,20010430,000000,6.63104,6.69136,6.43014,6.5978,1291703.4270897,0
EIX.US,D,20010501,000000,6.53054,6.59096,6.22923,6.23607,1815579.2658865,0
EIX.US,D,20010502,000000,6.23607,6.29659,6.03517,6.27616,1950536.9124335,0
EIX.US,D,20010503,000000,6.20939,6.24966,6.12873,6.21583,1337232.4539615,0
EIX.US,D,20010504,000000,6.14867,6.19579,6.10859,6.19579,1175101.2070038,0
EIX.US,D,20010507,000000,6.04172,6.21583,6.04172,6.11533,965792.06455058,0
EIX.US,D,20010508,000000,6.11533,6.20939,5.99479,6.02813,1617612.7438861,0
EIX.US,D,20010509,000000,5.97494,6.07526,5.96116,5.98824,1673599.6074889,0
EIX.US,D,20010510,000000,5.99479,6.10204,5.93457,5.96791,3798658.8304717,0
EIX.US,D,20010511,000000,6.03517,6.86558,6.03517,6.83898,5177996.7608804,0
EIX.US,D,20010514,000000,6.83898,7.69579,6.83195,7.46829,7099577.208132,0
EIX.US,D,20010515,000000,7.47494,7.87235,7.47494,7.80333,4024097.6313182,0
EIX.US,D,20010516,000000,7.30062,7.89806,7.30062,7.63654,2756282.3418475,0
EIX.US,D,20010517,000000,7.64368,8.05761,7.63654,7.97167,2744789.3593054,0
EIX.US,D,20010518,000000,7.90314,7.9096,7.60135,7.86492,2121034.2242018,0
EIX.US,D,20010521,000000,7.66236,7.66236,7.30766,7.52177,1677331.0421911,0
EIX.US,D,20010522,000000,7.43475,7.49498,7.17499,7.37385,2147014.1337413,0
EIX.US,D,20010523,000000,7.4285,7.59499,7.38783,7.40807,1815275.4730941,0
EIX.US,D,20010524,000000,7.47494,7.47494,7.24705,7.35449,1244820.1185443,0
EIX.US,D,20010525,000000,7.20061,7.27403,6.89881,7.05338,1940838.0462476,0
EIX.US,D,20010529,000000,6.93254,7.35449,6.83195,7.35449,1338729.9376248,0
EIX.US,D,20010530,000000,7.28782,7.29476,6.83195,6.89236,1510713.4814715,0
EIX.US,D,20010531,000000,6.7115,7.37385,6.7115,7.25379,1661948.0798869,0
EIX.US,D,20010601,000000,7.32154,7.36779,7.03998,7.36779,1577004.7511022,0
EIX.US,D,20010604,000000,7.36779,7.36779,7.05338,7.08643,1401280.5667111,0
EIX.US,D,20010605,000000,7.01975,7.01975,6.70495,6.73183,2350193.2081654,0
EIX.US,D,20010606,000000,6.73183,6.77836,6.6109,6.68481,2030858.9084374,0
EIX.US,D,20010607,000000,6.75178,7.4285,6.7115,7.37385,4542748.6432347,0
EIX.US,D,20010608,000000,7.36779,7.37385,7.20677,7.36779,2141783.1696331,0
EIX.US,D,20010611,000000,7.36779,7.53614,7.30062,7.36779,1952629.7072254,0
EIX.US,D,20010612,000000,7.26787,7.53614,7.21372,7.50212,3600993.0326497,0
EIX.US,D,20010613,000000,7.37385,7.50867,7.24705,7.50212,2549359.5582649,0
EIX.US,D,20010614,000000,7.43475,7.52881,7.28156,7.46829,2468592.6132217,0
EIX.US,D,20010615,000000,7.43475,7.70145,7.40807,7.49498,2157612.103848,0
EIX.US,D,20010618,000000,7.45431,7.70145,7.4152,7.67721,2605946.8473529,0
EIX.US,D,20010619,000000,7.66939,7.93531,7.65717,7.93531,2145368.3337315,0
EIX.US,D,20010620,000000,7.87235,7.94264,7.68366,7.82894,1550878.5709589,0
EIX.US,D,20010621,000000,7.76471,7.97167,7.53614,7.97167,2489346.6730098,0
EIX.US,D,20010622,000000,7.93531,8.03718,7.90314,8.0229,1031625.0878143,0
EIX.US,D,20010625,000000,8.07189,8.07189,7.75092,7.75092,1843345.1088114,0
EIX.US,D,20010626,000000,7.73646,7.79659,7.52177,7.52881,2534138.2096347,0
EIX.US,D,20010627,000000,7.46203,7.481,7.3277,7.40807,2052653.2283933,0
EIX.US,D,20010628,000000,7.40807,7.87235,7.40278,7.70145,1861411.0626792,0
EIX.US,D,20010629,000000,7.70145,7.83608,7.46829,7.46829,1940684.6155445,0
EIX.US,D,20010702,000000,7.63654,7.79659,7.40278,7.79659,1779441.2209228,0
EIX.US,D,20010703,000000,7.82142,8.02955,7.75816,8.0053,831575.99973571,0
EIX.US,D,20010705,000000,8.0053,8.46636,7.94987,8.30515,1734661.958754,0
EIX.US,D,20010706,000000,8.3728,9.1818,8.3728,8.91598,3750287.2441051,0
EIX.US,D,20010709,000000,8.97503,9.42836,8.94218,9.37947,3045318.1691761,0
EIX.US,D,20010710,000000,9.24466,9.54372,8.92439,9.40978,2904831.9029566,0
EIX.US,D,20010711,000000,9.48017,9.5799,9.32864,9.41566,3842255.6533543,0
EIX.US,D,20010712,000000,9.41566,9.6806,9.36383,9.6806,2040563.9118514,0
EIX.US,D,20010713,000000,9.5799,9.93872,9.40978,9.91232,1564613.6875106,0
EIX.US,D,20010716,000000,9.82723,10.0991,9.77934,9.94751,4153233.0941139,0
EIX.US,D,20010717,000000,9.74609,9.93278,9.64345,9.82039,4362847.0522309,0
EIX.US,D,20010718,000000,9.5799,9.80573,9.55057,9.6806,3742970.6453045,0
EIX.US,D,20010719,000000,9.54372,9.84777,9.54372,9.84777,1985623.4456445,0
EIX.US,D,20010720,000000,9.84777,9.84777,9.47137,9.5359,2701340.8527693,0
EIX.US,D,20010723,000000,9.20213,9.33646,9.02401,9.15678,2815555.6911132,0
EIX.US,D,20010724,000000,8.98628,9.23019,8.70862,8.87384,4554989.3447371,0
EIX.US,D,20010725,000000,8.84325,9.40978,8.84325,9.37947,2427087.5622595,0
EIX.US,D,20010726,000000,9.31007,9.61118,9.23019,9.40978,3585765.5467913,0
EIX.US,D,20010727,000000,9.27761,9.5056,9.05627,9.5056,2655808.7572835,0
EIX.US,D,20010730,000000,9.38632,9.5359,9.25043,9.39121,1760192.8277689,0
EIX.US,D,20010731,000000,9.37947,9.59944,9.31789,9.40588,2192396.8900093,0
EIX.US,D,20010801,000000,9.40588,9.44303,9.11561,9.44303,865314.38850113,0
EIX.US,D,20010802,000000,9.51048,9.68548,9.40001,9.5799,3259257.8502523,0
EIX.US,D,20010803,000000,9.64345,9.70601,9.38632,9.40001,956085.01539391,0
EIX.US,D,20010806,000000,9.42152,9.44303,9.20213,9.20791,874124.37947967,0
EIX.US,D,20010807,000000,9.1818,9.60532,9.1818,9.51048,1591037.5232181,0
EIX.US,D,20010808,000000,9.5056,9.5359,9.25043,9.37263,896962.02821741,0
EIX.US,D,20010809,000000,9.30322,9.55741,9.28337,9.44303,734678.37342792,0
EIX.US,D,20010810,000000,9.27761,9.48017,9.21563,9.38632,2584741.7012974,0
EIX.US,D,20010813,000000,9.32278,9.40588,9.28337,9.36383,782899.59770538,0
EIX.US,D,20010814,000000,9.29638,9.41566,9.29638,9.41566,2426489.182517,0
EIX.US,D,20010815,000000,9.38632,9.5056,9.31789,9.35015,1591635.9029606,0
EIX.US,D,20010816,000000,9.28337,9.43618,9.28337,9.43618,555975.58765181,0
EIX.US,D,20010817,000000,9.37947,9.45085,9.32864,9.37947,3018002.3896472,0
EIX.US,D,20010820,000000,9.35015,9.48017,9.32864,9.40978,1596263.3729696,0
EIX.US,D,20010821,000000,9.3433,9.49288,9.3433,9.38632,2306157.5734717,0
EIX.US,D,20010822,000000,9.21563,9.5056,9.21563,9.47137,1047452.9991579,0
EIX.US,D,20010823,000000,9.41566,9.63757,9.3433,9.5007,1996369.7320977,0
EIX.US,D,20010824,000000,9.64345,9.77934,9.5056,9.51048,3070252.7041911,0
EIX.US,D,20010827,000000,9.40978,9.5056,9.32278,9.37947,1493395.246564,0
EIX.US,D,20010828,000000,9.38632,9.42836,9.32864,9.38632,1481450.1548832,0
EIX.US,D,20010829,000000,9.37263,9.37947,9.24466,9.27761,870239.51407429,0
EIX.US,D,20010830,000000,9.27761,9.35797,8.90757,8.90757,1128966.6402901,0
EIX.US,D,20010831,000000,8.84325,9.27761,8.84325,9.11561,1048943.3227218,0
EIX.US,D,20010904,000000,9.04288,9.32864,9.04288,9.04288,2254357.3223239,0
EIX.US,D,20010905,000000,9.01834,9.27761,8.90757,9.15678,938468.10205086,0
EIX.US,D,20010906,000000,9.08844,9.10887,8.86182,9.10887,733935.76882437,0
EIX.US,D,20010907,000000,9.04288,9.37947,9.04288,9.31789,2297651.3752855,0
EIX.US,D,20010910,000000,9.15208,9.40588,9.15208,9.39121,1513250.2024314,0
EIX.US,D,20010917,000000,9.27761,9.27761,8.42667,8.42667,1647019.2724641,0
EIX.US,D,20010918,000000,8.03718,8.12487,7.80333,7.98683,1249895.6062066,0
EIX.US,D,20010919,000000,7.98683,8.03718,7.60135,7.7826,1990848.2725246,0
EIX.US,D,20010920,000000,7.68366,7.80333,7.00577,7.60135,4247589.9079765,0
EIX.US,D,20010921,000000,7.36779,7.90314,7.30062,7.89806,5970907.2005349,0
EIX.US,D,20010924,000000,8.03718,8.21208,7.94264,8.20436,7092403.8113211,0
EIX.US,D,20010925,000000,8.21208,8.29723,8.03718,8.25177,3781942.0439208,0
EIX.US,D,20010926,000000,8.20436,8.21208,8.02955,8.18392,2504569.0445113,0
EIX.US,D,20010927,000000,8.18392,8.4384,8.07795,8.41347,2077289.0849727,0
EIX.US,D,20010928,000000,8.42061,8.97503,8.42061,8.81264,5672019.0763172,0
EIX.US,D,20011001,000000,8.81264,9.01071,8.7141,9.01071,1501758.2427606,0
EIX.US,D,20011002,000000,8.90757,9.20791,8.88118,9.20791,2107599.8318283,0
EIX.US,D,20011003,000000,10.7179,10.7971,10.3229,10.5155,10921970.74552,0
EIX.US,D,20011004,000000,10.6836,10.7179,10.5076,10.583,5307437.0393399,0
EIX.US,D,20011005,000000,10.5155,10.7687,10.3151,10.668,4392259.718037,0
EIX.US,D,20011008,000000,10.668,10.7511,10.3894,10.3952,2536372.1606735,0
EIX.US,D,20011009,000000,10.2623,10.4158,10.1801,10.3845,967278.29662905,0
EIX.US,D,20011010,000000,10.2809,10.4774,10.1205,10.4344,1780942.7960715,0
EIX.US,D,20011011,000000,10.3346,10.5282,10.2144,10.2623,1152712.5987908,0
EIX.US,D,20011012,000000,10.2496,10.3845,10.187,10.274,1496228.6002167,0
EIX.US,D,20011015,000000,10.2945,10.3845,10.2203,10.3483,847841.70001911,0
EIX.US,D,20011016,000000,10.2809,10.3894,10.2555,10.3767,1026102.6053699,0
EIX.US,D,20011017,000000,10.3698,10.449,10.1333,10.1753,1289611.6551692,0
EIX.US,D,20011018,000000,10.1333,10.3845,10.1333,10.3845,900546.16944449,0
EIX.US,D,20011019,000000,10.3845,10.7179,10.2623,10.6748,2146416.7768701,0
EIX.US,D,20011022,000000,10.6094,10.7247,10.6094,10.6504,3457672.389906,0
EIX.US,D,20011023,000000,10.6172,10.625,10.1557,10.187,1515793.0606192,0
EIX.US,D,20011024,000000,10.1557,10.2809,10.0482,10.1411,1656428.6660566,0
EIX.US,D,20011025,000000,10.0541,10.4558,10.0541,10.3767,1489372.2935258,0
EIX.US,D,20011026,000000,10.274,10.2809,9.97974,10.0541,916970.41478787,0
EIX.US,D,20011029,000000,10.1205,10.1801,9.94751,10.0403,637486.16016995,0
EIX.US,D,20011030,000000,10.0403,10.0403,9.58576,9.74121,1228398.9418149,0
EIX.US,D,20011031,000000,9.74121,9.86146,9.51048,9.51537,1123446.2035884,0
EIX.US,D,20011101,000000,9.63757,9.81453,9.40588,9.77934,878600.4645281,0
EIX.US,D,20011102,000000,9.64345,9.79986,9.39121,9.5926,527458.95715245,0
EIX.US,D,20011105,000000,9.74609,10.1615,9.74609,9.93872,1093734.8593467,0
EIX.US,D,20011106,000000,9.87318,10.1489,9.64345,10.1273,739754.88396159,0
EIX.US,D,20011107,000000,10.1801,10.1801,9.74121,9.7852,841430.34236748,0
EIX.US,D,20011108,000000,9.91232,9.91232,9.39121,9.58576,1107767.6314626,0
EIX.US,D,20011109,000000,9.64345,10.0403,9.51537,10.0071,1151366.500088,0
EIX.US,D,20011112,000000,9.91232,10.0403,9.74609,9.94751,590611.03459535,0
EIX.US,D,20011113,000000,9.91232,10.1333,9.88592,10.1205,1057456.6810074,0
EIX.US,D,20011114,000000,10.1411,10.1489,9.86634,9.97589,651523.02377132,0
EIX.US,D,20011115,000000,9.91232,10.0403,9.64345,9.77934,702882.4173652,0
EIX.US,D,20011116,000000,9.77934,10.0345,9.77934,9.94751,760809.66792798,0
EIX.US,D,20011119,000000,9.91232,9.97589,9.24466,9.97589,1733465.199269,0
EIX.US,D,20011120,000000,9.83897,9.99151,9.74609,9.95335,667348.88937218,0
EIX.US,D,20011121,000000,9.82039,9.82039,9.54372,9.65127,725430.59350953,0
EIX.US,D,20011123,000000,9.71872,9.71872,9.5056,9.51048,442957.508793,0
EIX.US,D,20011126,000000,9.84777,9.96897,9.55057,9.5799,1996819.7954937,0
EIX.US,D,20011127,000000,9.61118,9.79302,9.55057,9.63757,1396210.1934056,0
EIX.US,D,20011128,000000,9.619,10.2809,9.51048,10.2203,2906776.381402,0
EIX.US,D,20011129,000000,10.1273,10.3698,9.91232,9.97589,2494421.1378007,0
EIX.US,D,20011130,000000,9.89472,10.2809,9.88003,10.1137,2284960.610387,0
EIX.US,D,20011203,000000,10.1137,10.1489,9.7852,9.7852,1289759.9715157,0
EIX.US,D,20011204,000000,9.82039,10.1489,9.77934,10.1205,1369032.5015096,0
EIX.US,D,20011205,000000,10.2417,10.3698,10.1333,10.3014,1660309.4399766,0
EIX.US,D,20011206,000000,10.1333,10.1801,10.0189,10.0189,1629851.3996458,0
EIX.US,D,20011207,000000,10.0139,10.3845,10.0139,10.3845,1781091.112418,0
EIX.US,D,20011210,000000,10.3845,10.3845,10.1137,10.2144,1259005.2984921,0
EIX.US,D,20011211,000000,10.2144,10.2877,10.1205,10.2203,1113744.2687885,0
EIX.US,D,20011212,000000,10.3151,10.3845,10.1137,10.362,989682.24791236,0
EIX.US,D,20011213,000000,10.2496,10.5155,10.1615,10.5155,1733909.125437,0
EIX.US,D,20011214,000000,10.3845,10.4832,10.1801,10.1801,1299612.2684047,0
EIX.US,D,20011217,000000,10.1801,10.2417,9.88592,10.1489,1172862.1416082,0
EIX.US,D,20011218,000000,10.0629,10.1069,9.94751,10.0629,1273185.3640831,0
EIX.US,D,20011219,000000,9.99151,10.2877,9.95335,10.2877,1327831.2433399,0
EIX.US,D,20011220,000000,10.1205,10.2144,9.96897,9.99833,1669267.7473015,0
EIX.US,D,20011221,000000,9.93278,10.2144,9.86146,10.2144,2560260.2982926,0
EIX.US,D,20011224,000000,10.1411,10.1615,10.0541,10.0931,499685.95412801,0
EIX.US,D,20011226,000000,10.0991,10.2417,10.0257,10.1069,1138970.3221396,0
EIX.US,D,20011227,000000,10.1069,10.2417,10.0805,10.2417,836794.68938769,0
EIX.US,D,20011228,000000,10.1753,10.2271,10.0541,10.2007,737813.47413026,0
EIX.US,D,20011231,000000,10.0629,10.2203,10.0541,10.1137,1264679.165897,0
EIX.US,D,20020102,000000,10.1137,10.3483,10.0139,10.3483,1352464.0313052,0
EIX.US,D,20020103,000000,10.3425,10.3483,10.1205,10.3346,1002515.1919292,0
EIX.US,D,20020104,000000,10.3346,10.3542,10.1695,10.3151,915332.79774891,0
EIX.US,D,20020107,000000,10.2496,10.497,10.2496,10.497,768123.19811452,0
EIX.US,D,20020108,000000,10.497,10.577,10.1801,10.1949,1636865.2285254,0
EIX.US,D,20020109,000000,10.187,10.4226,10.187,10.2877,1249303.3636922,0
EIX.US,D,20020110,000000,10.2271,10.3268,10.1615,10.3151,1499371.88389,0
EIX.US,D,20020111,000000,10.2496,10.3151,10.1557,10.2349,1301855.4252857,0
EIX.US,D,20020114,000000,10.1801,10.5692,10.1801,10.449,1250202.4676131,0
EIX.US,D,20020115,000000,10.449,10.577,10.3268,10.4412,958476.48862134,0
EIX.US,D,20020116,000000,10.4832,10.4832,10.2203,10.2623,1558188.00966,0
EIX.US,D,20020117,000000,10.2203,10.3698,10.2203,10.2809,773497.36421242,0
EIX.US,D,20020118,000000,10.1615,10.3151,10.0863,10.3151,1386500.0756348,0
EIX.US,D,20020122,000000,10.2623,10.3483,10.0403,10.0931,1721672.5154199,0
EIX.US,D,20020123,000000,10.0139,10.3845,10.0139,10.3698,2212849.2027477,0
EIX.US,D,20020124,000000,10.3698,10.6308,10.3151,10.5506,1627466.0636466,0
EIX.US,D,20020125,000000,10.5506,10.583,10.3425,10.4412,1106577.0092057,0
EIX.US,D,20020128,000000,10.577,10.577,10.2877,10.3767,801858.51826586,0
EIX.US,D,20020129,000000,10.2417,10.5028,10.1069,10.1411,1132255.1716956,0
EIX.US,D,20020130,000000,10.1333,10.3151,10.0687,10.2144,1869918.2837367,0
EIX.US,D,20020131,000000,10.1557,10.3767,10.0931,10.3483,1411734.3119567,0
EIX.US,D,20020201,000000,10.3483,10.7179,10.2349,10.711,4918970.9562291,0
EIX.US,D,20020204,000000,10.7179,10.7834,10.5566,10.7179,4865377.6115964,0
EIX.US,D,20020205,000000,10.7179,11.1705,10.6562,10.8841,5071252.9749118,0
EIX.US,D,20020206,000000,10.8499,10.9183,10.6562,10.711,4648001.0827682,0
EIX.US,D,20020207,000000,10.7179,10.7179,10.0482,10.2349,7038063.7705995,0
EIX.US,D,20020208,000000,10.1695,10.2271,9.92399,10.1489,3225222.8287941,0
EIX.US,D,20020211,000000,10.2144,10.274,10.0257,10.274,1626571.0512112,0
EIX.US,D,20020212,000000,10.1137,10.3698,10.1137,10.2809,2112072.8482627,0
EIX.US,D,20020213,000000,10.2144,10.3698,10.1489,10.274,1390092.3998328,0
EIX.US,D,20020214,000000,10.2417,10.2417,10.1069,10.2203,1787062.6353871,0
EIX.US,D,20020215,000000,10.2203,10.2496,10.0541,10.1411,910996.84607607,0
EIX.US,D,20020219,000000,10.1695,10.1695,10.0863,10.0931,1279162.001409,0
EIX.US,D,20020220,000000,10.0931,10.1557,10.0071,10.1137,1995475.7425336,0
EIX.US,D,20020221,000000,10.1137,10.2681,9.95335,10.1801,1203767.1767209,0
EIX.US,D,20020222,000000,10.0805,10.5692,10.0482,10.4344,1413520.2453422,0
EIX.US,D,20020225,000000,10.4344,10.497,10.1801,10.2349,1571923.1262117,0
EIX.US,D,20020226,000000,10.2809,10.668,10.2809,10.6172,3408851.7630148,0
EIX.US,D,20020227,000000,10.6905,10.6905,10.3894,10.6172,2913644.9625493,0
EIX.US,D,20020228,000000,10.6094,10.7032,10.491,10.583,1896491.458662,0
EIX.US,D,20020301,000000,10.6641,10.7462,10.5692,10.7179,2418578.2954593,0
EIX.US,D,20020304,000000,10.8684,11.1363,10.7971,10.8763,3934377.4933066,0
EIX.US,D,20020305,000000,10.8841,11.0385,10.8499,11.0171,3170875.627973,0
EIX.US,D,20020306,000000,11.0171,11.0425,10.8499,11.0111,3247162.3964823,0
EIX.US,D,20020307,000000,11.0503,11.3924,11.0171,11.3416,4900159.3291437,0
EIX.US,D,20020308,000000,11.3856,11.4208,11.2859,11.3612,1726145.5318543,0
EIX.US,D,20020311,000000,11.2517,11.6691,11.2262,11.588,2317359.0376777,0
EIX.US,D,20020312,000000,11.5743,11.588,11.3612,11.3856,3212980.081549,0
EIX.US,D,20020313,000000,11.3856,11.3856,10.9065,10.9319,1332606.0068239,0
EIX.US,D,20020314,000000,10.9867,11.0981,10.8625,11.0865,1053721.1548199,0
EIX.US,D,20020315,000000,11.2194,11.3924,11.1265,11.2517,1963523.2871536,0
EIX.US,D,20020318,000000,11.0981,11.4854,11.0981,11.4344,1315438.1340056,0
EIX.US,D,20020319,000000,11.4344,11.7601,11.3856,11.7219,2455151.0607488,0
EIX.US,D,20020320,000000,11.7219,11.7219,10.9935,11.0053,7636289.0595596,0
EIX.US,D,20020321,000000,11.1363,11.369,11.0503,11.3543,3028004.0257541,0
EIX.US,D,20020322,000000,11.2859,11.3798,11.1861,11.238,1884849.1369022,0
EIX.US,D,20020325,000000,11.238,11.2859,11.0865,11.1197,1064921.5961544,0
EIX.US,D,20020326,000000,11.1861,11.3054,11.1588,11.238,1726296.9168148,0
EIX.US,D,20020327,000000,11.2262,11.2517,11.1265,11.1783,2257045.4282442,0
EIX.US,D,20020328,000000,11.1861,11.2517,11.0649,11.2194,1587154.7035555,0
EIX.US,D,20020401,000000,11.1529,11.28,11.0171,11.2732,1967858.2159551,0
EIX.US,D,20020402,000000,11.2194,11.2927,11.0865,11.1783,1291250.2950795,0
EIX.US,D,20020403,000000,11.1529,11.2438,11.1265,11.2194,1934566.8219716,0
EIX.US,D,20020404,000000,11.2194,11.2732,11.1197,11.2517,1327831.2433399,0
EIX.US,D,20020405,000000,11.3758,11.6691,11.2859,11.588,2361544.0115892,0
EIX.US,D,20020408,000000,11.588,11.588,11.4208,11.4344,1879471.9021902,0
EIX.US,D,20020409,000000,11.3856,11.4208,11.2077,11.238,2490834.9508309,0
EIX.US,D,20020410,000000,11.238,11.7219,11.238,11.6525,2615647.7592814,0
EIX.US,D,20020411,000000,11.5205,11.8138,11.3924,11.3974,1487728.5392586,0
EIX.US,D,20020412,000000,11.3211,11.5078,11.3211,11.3856,1967559.5375195,0
EIX.US,D,20020415,000000,11.3856,11.4344,11.0581,11.0581,2486509.2278716,0
EIX.US,D,20020416,000000,11.1588,11.4736,11.1588,11.3798,1654638.6411858,0
EIX.US,D,20020417,000000,11.3856,11.6388,11.3211,11.5674,1548337.7585136,0
EIX.US,D,20020418,000000,11.5557,11.5557,11.2663,11.4266,1570435.8712618,0
EIX.US,D,20020419,000000,11.3856,11.5205,11.3142,11.4942,1000427.5114941,0
EIX.US,D,20020422,000000,11.3856,11.8959,11.3856,11.7679,1409790.8563827,0
EIX.US,D,20020423,000000,11.9898,12.0895,11.7679,11.9291,2944099.9342659,0
EIX.US,D,20020424,000000,11.9898,12.0171,11.8549,11.9819,1572827.3444893,0
EIX.US,D,20020425,000000,11.8803,12.196,11.8627,12.1902,2994107.0919287,0
EIX.US,D,20020426,000000,12.1442,12.245,12.1032,12.196,1908289.2568679,0
EIX.US,D,20020429,000000,12.0895,12.2234,11.6016,11.6769,2372002.8711916,0
EIX.US,D,20020430,000000,11.8441,12.1706,11.8441,12.155,4096946.5292041,0
EIX.US,D,20020501,000000,12.0563,12.155,11.9643,12.155,2640433.97795,0
EIX.US,D,20020502,000000,12.155,12.2508,12.0435,12.2234,1567296.6790741,0
EIX.US,D,20020503,000000,12.2576,12.331,12.1315,12.331,2032352.3006154,0
EIX.US,D,20020506,000000,12.3916,12.6859,12.3242,12.6135,6266209.1377829,0
EIX.US,D,20020507,000000,12.5265,12.6605,12.4532,12.4923,4308802.6213308,0
EIX.US,D,20020508,000000,12.4982,12.7455,12.3984,12.7279,2443210.0605533,0
EIX.US,D,20020509,000000,12.7279,12.8207,12.5461,12.6311,2469487.6256571,0
EIX.US,D,20020510,000000,12.6605,12.8071,12.5128,12.6008,1587452.3591197,0
EIX.US,D,20020513,000000,12.7279,12.9674,12.6605,12.8873,2853326.238759,0
EIX.US,D,20020514,000000,13.0632,13.1288,12.9273,13.0632,3037407.2821185,0
EIX.US,D,20020515,000000,13.0007,13.1209,12.6721,12.7915,3615324.4832012,0
EIX.US,D,20020516,000000,12.8589,12.8951,12.4444,12.4854,2362742.816817,0
EIX.US,D,20020517,000000,12.5265,12.6458,12.0504,12.0563,2880945.8110802,0
EIX.US,D,20020520,000000,12.0563,12.331,12.0563,12.2762,2697764.894513,0
EIX.US,D,20020521,000000,12.3632,12.4923,12.2234,12.3984,3079953.6161196,0
EIX.US,D,20020522,000000,12.3632,12.5206,12.3036,12.4238,1617756.9687472,0
EIX.US,D,20020523,000000,12.459,12.6194,12.4326,12.5793,1910079.2817386,0
EIX.US,D,20020524,000000,12.5597,12.7671,12.1237,12.2107,2381402.0360705,0
EIX.US,D,20020528,000000,12.4923,12.7983,12.3584,12.7133,2873336.6710722,0
EIX.US,D,20020529,000000,12.7279,12.7279,12.417,12.459,2915731.6201129,0
EIX.US,D,20020530,000000,12.4796,12.6605,12.4238,12.4238,1612087.1928277,0
EIX.US,D,20020531,000000,12.4326,12.637,12.3916,12.4982,1920529.9583703,0
EIX.US,D,20020603,000000,12.4982,12.5597,12.2508,12.4062,4726532.0310299,0
EIX.US,D,20020604,000000,12.504,12.637,12.4112,12.5382,4075605.3412584,0
EIX.US,D,20020605,000000,12.593,12.8951,12.4796,12.8589,4172195.0832884,0
EIX.US,D,20020606,000000,12.8667,12.8667,12.593,12.6262,2570563.681449,0
EIX.US,D,20020607,000000,12.6605,12.7279,12.4796,12.6262,3153709.8008974,0
EIX.US,D,20020610,000000,12.6262,12.6605,12.4982,12.593,1120011.4015791,0
EIX.US,D,20020611,000000,12.6135,12.6135,12.0563,12.1853,2688357.5466633,0
EIX.US,D,20020612,000000,12.1853,12.3182,12.0563,12.2918,3344804.6731363,0
EIX.US,D,20020613,000000,12.155,12.4238,12.0768,12.3114,2058332.210155,0
EIX.US,D,20020614,000000,12.3242,12.6311,12.2636,12.5324,2495162.7195329,0
EIX.US,D,20020617,000000,12.5324,12.6683,12.4727,12.5793,1534006.3079621,0
EIX.US,D,20020618,000000,12.5793,12.6194,12.4238,12.4444,2122227.9150728,0
EIX.US,D,20020619,000000,12.4238,12.6683,12.3916,12.4444,2291827.1457915,0
EIX.US,D,20020620,000000,12.4238,12.6721,12.4238,12.5519,1845140.248039,0
EIX.US,D,20020621,000000,11.8901,12.417,11.8549,12.196,4360309.3083997,0
EIX.US,D,20020624,000000,12.2234,12.3114,11.6525,11.8089,2976043.1838037,0
EIX.US,D,20020625,000000,11.8901,12.0563,11.7541,11.7913,1443836.1065546,0
EIX.US,D,20020626,000000,11.6525,12.0171,11.1588,11.9643,3358542.8583022,0
EIX.US,D,20020627,000000,12.025,12.025,10.8919,11.2194,3427814.7750606,0
EIX.US,D,20020628,000000,11.2194,11.7913,11.0865,11.3856,4650842.6193917,0
EIX.US,D,20020701,000000,11.2927,11.5479,11.1637,11.1637,2147014.1337413,0
EIX.US,D,20020702,000000,11.2077,11.2077,10.5506,10.6504,3253883.6841544,0
EIX.US,D,20020703,000000,10.6504,10.9633,10.4011,10.4832,3281056.2616936,0
EIX.US,D,20020705,000000,10.4706,10.7834,10.3151,10.7179,637192.59609114,0
EIX.US,D,20020708,000000,10.7032,10.7179,10.1137,10.2417,2052356.5957005,0
EIX.US,D,20020709,000000,10.2203,10.3483,9.98656,10.0541,2085052.6785554,0
EIX.US,D,20020710,000000,10.1137,10.1137,8.81264,9.03633,3093988.4339783,0
EIX.US,D,20020711,000000,9.03633,9.86634,9.03633,9.85266,5057368.5191423,0
EIX.US,D,20020712,000000,9.90056,9.90056,9.488,9.88003,2467845.9171326,0
EIX.US,D,20020715,000000,9.71188,9.97589,9.22433,9.88003,3096675.5170273,0
EIX.US,D,20020716,000000,9.64345,9.80573,9.15678,9.17026,2097294.4029291,0
EIX.US,D,20020717,000000,9.48017,9.71188,9.25043,9.3433,2430219.5943478,0
EIX.US,D,20020718,000000,9.31007,9.59944,9.17496,9.1818,2080576.5935069,0
EIX.US,D,20020719,000000,9.15678,9.20791,8.57419,8.67401,2111180.9044413,0
EIX.US,D,20020722,000000,8.75339,9.07426,8.21208,8.27015,2662379.6828664,0
EIX.US,D,20020723,000000,8.50713,8.58827,7.38079,7.6295,2794948.9248001,0
EIX.US,D,20020724,000000,7.33465,8.43273,7.16757,8.33878,3822693.2386945,0
EIX.US,D,20020725,000000,8.3465,8.87384,8.09046,8.50713,4484967.6632756,0
EIX.US,D,20020726,000000,8.47262,8.62142,8.17816,8.33429,3200283.1794223,0
EIX.US,D,20020729,000000,8.40555,8.57419,8.25764,8.33878,2679991.4818527,0
EIX.US,D,20020730,000000,8.3597,8.73424,8.27015,8.57419,4934794.7760873,0
EIX.US,D,20020731,000000,8.727,8.90014,8.54008,8.77363,3381234.2364362,0
EIX.US,D,20020801,000000,8.70862,8.70862,7.20061,7.68992,8986816.7953903,0
EIX.US,D,20020802,000000,7.70145,7.82142,7.37385,7.7436,4798939.0484906,0
EIX.US,D,20020805,000000,7.77723,7.78915,7.03334,7.20061,3462601.6069646,0
EIX.US,D,20020806,000000,7.90314,8.17033,7.77126,7.89161,6504783.6525671,0
EIX.US,D,20020807,000000,8.03718,8.30515,7.89161,7.97167,4228925.5743661,0
EIX.US,D,20020808,000000,8.0053,8.3728,7.99768,8.3728,3941686.9320078,0
EIX.US,D,20020809,000000,8.30515,8.60802,8.17033,8.35276,2504426.865393,0
EIX.US,D,20020812,000000,8.3728,8.58211,8.31287,8.49383,1999207.1772357,0
EIX.US,D,20020813,000000,8.4997,8.50713,8.27718,8.40555,1723314.2239444,0
EIX.US,D,20020814,000000,8.3728,8.54008,8.10562,8.27015,1697040.750326,0
EIX.US,D,20020815,000000,8.27015,8.65867,8.27015,8.54008,2065199.7684308,0
EIX.US,D,20020816,000000,8.40555,8.60802,8.3597,8.4603,1554309.2814827,0
EIX.US,D,20020819,000000,8.39128,8.57419,8.24141,8.3728,1054023.9247409,0
EIX.US,D,20020820,000000,8.3728,8.72143,8.33878,8.72143,1569238.0889055,0
EIX.US,D,20020821,000000,8.60802,8.70862,8.39128,8.67401,1249448.6114246,0
EIX.US,D,20020822,000000,8.68213,8.98628,8.59991,8.76728,2201803.2149877,0
EIX.US,D,20020823,000000,8.77363,9.15678,8.635,8.6397,1445027.7516828,0
EIX.US,D,20020826,000000,8.64684,9.04288,8.64684,9.03163,1267518.6567778,0
EIX.US,D,20020827,000000,9.04288,9.22433,8.6397,8.74714,2202997.92873,0
EIX.US,D,20020828,000000,8.62142,8.85057,8.03718,8.12487,10563217.029522,0
EIX.US,D,20020829,000000,8.05761,8.2199,7.92876,8.20436,2069226.8129545,0
EIX.US,D,20020830,000000,8.07795,8.23369,7.9096,8.0229,1242884.845941,0
EIX.US,D,20020903,000000,7.90314,8.03718,7.60135,7.70801,1559087.1135809,0
EIX.US,D,20020904,000000,7.79659,7.91566,7.26787,7.36779,21037457.548507,0
EIX.US,D,20020905,000000,7.36779,7.57046,7.33465,7.50212,5333862.9207902,0
EIX.US,D,20020906,000000,7.40807,7.52177,7.36085,7.40807,2165525.0366484,0
EIX.US,D,20020909,000000,7.39486,7.43475,7.17499,7.43475,2942305.8179096,0
EIX.US,D,20020910,000000,7.44825,7.57046,7.26787,7.36779,2331990.1895361,0
EIX.US,D,20020911,000000,7.48804,7.50212,7.35449,7.40807,1246908.8218507,0
EIX.US,D,20020912,000000,7.26787,7.30062,7.10001,7.10001,4562304.9206664,0
EIX.US,D,20020913,000000,7.03334,7.4285,7.03334,7.4285,2205830.2595114,0
EIX.US,D,20020916,000000,7.26787,7.46829,7.20061,7.46829,1432491.4403589,0
EIX.US,D,20020917,000000,7.36779,7.60135,7.20061,7.23356,2420819.4065976,0
EIX.US,D,20020918,000000,7.23356,7.45431,7.19387,7.30062,2017722.1716283,0
EIX.US,D,20020919,000000,7.16757,7.25379,7.10001,7.14058,2639531.8054151,0
EIX.US,D,20020920,000000,7.10001,7.21968,7.03998,7.19387,3024714.4714772,0
EIX.US,D,20020923,000000,7.10001,7.23356,6.96598,7.03334,1033124.6172204,0
EIX.US,D,20020924,000000,6.02813,7.11272,5.89429,7.11272,12677237.424844,0
EIX.US,D,20020925,000000,6.17575,6.53054,6.14867,6.40364,4729068.7519898,0
EIX.US,D,20020926,000000,6.46367,6.93254,6.44382,6.89881,4481536.9527518,0
EIX.US,D,20020927,000000,6.83195,7.03334,6.55097,6.63104,2787938.1645346,0
EIX.US,D,20020930,000000,6.46367,6.82529,6.3966,6.6982,3293143.5324928,0
EIX.US,D,20021001,000000,6.6982,7.03334,6.57756,6.83898,3600393.6300357,0
EIX.US,D,20021002,000000,6.79861,7.10001,6.36317,6.74474,1869770.9902616,0
EIX.US,D,20021003,000000,7.10001,7.23356,6.95952,7.18037,3986771.0098401,0
EIX.US,D,20021004,000000,7.20061,7.23356,6.70495,6.85169,3592780.3985423,0
EIX.US,D,20021007,000000,6.76508,6.89236,6.43014,6.57756,2644167.4583949,0
EIX.US,D,20021008,000000,6.5978,6.6109,6.0685,6.169,4029471.7974161,0
EIX.US,D,20021009,000000,6.02813,6.06176,5.25814,5.25814,5180235.8262761,0
EIX.US,D,20021010,000000,5.26479,5.52621,5.22461,5.39217,8188537.3039948,0
EIX.US,D,20021011,000000,5.79379,6.02813,5.68029,6.02813,4511989.8787257,0
EIX.US,D,20021014,000000,5.76065,5.94103,5.69984,5.87425,1261684.1985702,0
EIX.US,D,20021015,000000,5.99479,6.02813,5.88735,5.89429,2632520.0222782,0
EIX.US,D,20021016,000000,5.82722,5.82722,5.50587,5.6399,1914256.6883515,0
EIX.US,D,20021017,000000,5.69319,5.79379,5.22461,5.35874,3698482.9014718,0
EIX.US,D,20021018,000000,5.35874,6.14867,5.27154,6.14867,4276706.963961,0
EIX.US,D,20021021,000000,6.06176,6.49065,5.85421,6.41019,4721453.4747536,0
EIX.US,D,20021022,000000,6.41664,6.55097,6.24252,6.37637,2593848.3249688,0
EIX.US,D,20021023,000000,6.3966,6.6982,6.34977,6.65137,2425294.4687747,0
EIX.US,D,20021024,000000,6.63104,6.85912,6.4971,6.64463,2037131.1555848,0
EIX.US,D,20021025,000000,6.53748,6.86558,6.53054,6.77836,1152853.7550378,0
EIX.US,D,20021028,000000,6.78531,6.89881,6.53054,6.68481,1556401.0534033,0
EIX.US,D,20021029,000000,6.67161,6.78531,6.48371,6.6982,1099853.6757909,0
EIX.US,D,20021030,000000,6.63104,6.75823,6.51744,6.72499,1066562.2818075,0
EIX.US,D,20021031,000000,6.63104,6.73183,6.53054,6.73183,1599843.4227112,0
EIX.US,D,20021101,000000,7.20061,7.20677,6.76508,6.93939,2343035.1544248,0
EIX.US,D,20021104,000000,6.89881,7.39486,6.87222,7.34823,2042806.045861,0
EIX.US,D,20021105,000000,7.30062,7.32154,7.04674,7.20061,2309151.517927,0
EIX.US,D,20021106,000000,7.33465,7.75092,7.28156,7.70145,2578773.2469424,0
EIX.US,D,20021107,000000,7.60135,7.60135,7.21372,7.30062,3011578.7575394,0
EIX.US,D,20021108,000000,7.28156,7.36085,6.92609,6.93254,4031115.5516832,0
EIX.US,D,20021111,000000,6.93939,7.16757,6.87222,7.13374,2070274.2332218,0
EIX.US,D,20021112,000000,6.97272,7.16053,6.89881,6.91251,2627296.2182695,0
EIX.US,D,20021113,000000,7.03998,7.24705,6.99287,7.24705,1965318.4263812,0
EIX.US,D,20021114,000000,7.15408,7.51541,7.10001,7.51541,2411865.190758,0
EIX.US,D,20021115,000000,7.51541,7.70145,7.51541,7.68366,2223001.2009437,0
EIX.US,D,20021118,000000,7.58208,7.76471,7.36779,7.46829,2105654.3305115,0
EIX.US,D,20021119,000000,7.53614,7.78915,7.43475,7.61483,3272244.2249724,0
EIX.US,D,20021120,000000,7.73646,7.93531,7.57046,7.80333,2219719.8296377,0
EIX.US,D,20021121,000000,7.63654,7.7826,7.52881,7.63654,3981249.5502672,0
EIX.US,D,20021122,000000,7.80333,7.97167,7.6295,7.90314,3132806.4018915,0
EIX.US,D,20021125,000000,8.01196,8.13963,7.37385,7.52177,4139053.0285228,0
EIX.US,D,20021126,000000,7.52881,7.82894,7.481,7.481,1845437.9036033,0
EIX.US,D,20021127,000000,7.481,7.64994,7.3277,7.3277,1058501.0326606,0
EIX.US,D,20021129,000000,7.36779,7.54875,7.36779,7.4285,811417.2510761,0
EIX.US,D,20021202,000000,7.50212,7.6295,7.21968,7.29476,1462046.2852834,0
EIX.US,D,20021203,000000,7.16757,7.58208,7.15408,7.42156,2018768.5690241,0
EIX.US,D,20021204,000000,7.44179,7.48804,7.16053,7.16053,2263308.4695494,0
EIX.US,D,20021205,000000,7.16757,7.3277,6.97272,7.14058,1452637.9145622,0
EIX.US,D,20021206,000000,7.06687,7.09277,6.93254,6.99951,1252580.6435129,0
EIX.US,D,20021209,000000,6.79861,7.06687,6.76508,6.94564,2605793.4166497,0
EIX.US,D,20021210,000000,7.60751,7.60751,6.99287,7.27403,1340971.0487631,0
EIX.US,D,20021211,000000,7.20677,7.481,7.18037,7.39486,1916648.161579,0
EIX.US,D,20021212,000000,7.36779,7.63654,7.35449,7.62315,2208520.4111744,0
EIX.US,D,20021213,000000,7.46829,7.67721,7.39486,7.53614,1501012.569543,0
EIX.US,D,20021216,000000,7.50212,7.66939,7.27403,7.55579,3189238.2145336,0
EIX.US,D,20021217,000000,7.62315,8.13259,7.62315,8.05761,3151469.7126304,0
EIX.US,D,20021218,000000,8.05077,8.05761,7.63654,7.71427,1421589.6774599,0
EIX.US,D,20021219,000000,7.53614,7.90314,7.53614,7.90314,1875743.5361021,0
EIX.US,D,20021220,000000,8.0229,8.20436,7.89806,8.19761,3935713.363296,0
EIX.US,D,20021223,000000,8.07189,8.13963,7.85026,7.89806,1608059.1254327,0
EIX.US,D,20021224,000000,7.71427,8.0053,7.71427,7.94264,466248.28954089,0
EIX.US,D,20021226,000000,7.93531,8.20436,7.9096,8.0845,1006691.5756707,0
EIX.US,D,20021227,000000,7.99768,8.12008,7.83608,7.87997,704966.00631484,0
EIX.US,D,20021230,000000,7.80997,7.91566,7.71427,7.88555,989232.18451627,0
EIX.US,D,20021231,000000,7.78915,7.94264,7.75092,7.93531,823810.36041037,0
EIX.US,D,20030102,000000,7.93531,8.5257,7.93531,8.51329,2260324.7538076,0
EIX.US,D,20030103,000000,8.51329,8.635,8.20436,8.33429,1488620.4830801,0
EIX.US,D,20030106,000000,8.24141,8.70862,8.18392,8.70862,2232705.1814863,0
EIX.US,D,20030107,000000,8.70862,8.70862,8.3597,8.43273,2530703.4076254,0
EIX.US,D,20030108,000000,8.60802,9.03633,8.58211,8.90757,2793609.9861967,0
EIX.US,D,20030109,000000,8.81998,8.83659,8.47966,8.57419,3421691.867131,0
EIX.US,D,20030110,000000,8.57419,8.87384,8.47262,8.87384,1698677.3444936,0
EIX.US,D,20030113,000000,8.76728,8.77363,8.59991,8.65231,1396647.9823454,0
EIX.US,D,20030114,000000,8.68839,8.81264,8.59433,8.78928,1083284.1827151,0
EIX.US,D,20030115,000000,8.76073,8.80248,8.60802,8.727,750953.27955351,0
EIX.US,D,20030116,000000,8.74059,8.78097,8.51329,8.68839,1353213.7960082,0
EIX.US,D,20030117,000000,8.6397,8.72143,8.42061,8.65231,1132848.4370814,0
EIX.US,D,20030121,000000,8.635,8.80707,8.50713,8.55963,1306777.4822448,0
EIX.US,D,20030122,000000,8.54008,8.6397,8.31287,8.43273,1412628.3015208,0
EIX.US,D,20030123,000000,8.3728,8.55347,8.3728,8.42667,1279162.001409,0
EIX.US,D,20030124,000000,8.30515,8.3728,8.09798,8.11226,1305136.7965918,0
EIX.US,D,20030127,000000,7.94264,8.13963,7.87235,7.96435,1593724.6062671,0
EIX.US,D,20030128,000000,7.94264,8.0845,7.87235,7.99113,1556247.6227,0
EIX.US,D,20030129,000000,7.88555,8.17033,7.83608,8.14481,2084010.3726448,0
EIX.US,D,20030130,000000,8.16408,8.16408,7.70145,7.78915,1525493.9725478,0
EIX.US,D,20030131,000000,7.69579,8.30515,7.69579,8.25764,2304215.140769,0
EIX.US,D,20030203,000000,8.17033,8.3728,8.16408,8.25177,1974279.8023202,0
EIX.US,D,20030204,000000,8.2199,8.24141,8.0053,8.24141,1147479.5889399,0
EIX.US,D,20030205,000000,8.31287,8.31287,7.99768,8.09798,1295583.1781383,0
EIX.US,D,20030206,000000,8.03718,8.16408,7.92212,7.94264,1409945.3099573,0
EIX.US,D,20030207,000000,8.03718,8.03718,7.81398,7.90314,1364402.985758,0
EIX.US,D,20030210,000000,8.0053,8.0053,7.7436,7.86492,1314095.1039168,0
EIX.US,D,20030211,000000,7.86492,7.87235,7.63654,7.68992,1596410.6664447,0
EIX.US,D,20030212,000000,7.76471,7.76471,7.42156,7.51541,1752422.0740868,0
EIX.US,D,20030213,000000,7.42156,7.50212,7.07958,7.40807,2531597.3971895,0
EIX.US,D,20030214,000000,7.40807,7.69579,7.40278,7.58854,1760786.0931547,0
EIX.US,D,20030218,000000,7.68992,7.80333,7.62315,7.76471,1077757.6087853,0
EIX.US,D,20030219,000000,7.70145,7.73646,7.46203,7.52881,2377827.1006856,0
EIX.US,D,20030220,000000,7.59499,7.7826,7.59499,7.73646,1206004.1963738,0
EIX.US,D,20030221,000000,7.88555,8.0229,7.83608,7.90314,1507429.0415514,0
EIX.US,D,20030224,000000,7.94264,8.06435,7.85026,8.0229,2269879.3951324,0
EIX.US,D,20030225,000000,7.97911,8.37886,7.9576,8.29723,2861684.1205987,0
EIX.US,D,20030226,000000,8.60802,8.67401,8.22772,8.27718,4526325.4207627,0
EIX.US,D,20030227,000000,8.39128,8.47966,8.30515,8.42061,1687177.201852,0
EIX.US,D,20030228,000000,8.42061,8.45424,8.24141,8.27718,1371421.9289943,0
EIX.US,D,20030303,000000,8.47262,8.57419,8.25177,8.3728,2265551.6264304,0
EIX.US,D,20030304,000000,8.33878,8.33878,8.13259,8.2199,2180598.0689321,0
EIX.US,D,20030305,000000,8.22772,8.35276,8.19048,8.3465,1751525.0159086,0
EIX.US,D,20030306,000000,8.38512,8.50713,8.33878,8.47262,1866040.5784309,0
EIX.US,D,20030307,000000,8.47262,8.59433,8.4384,8.59433,1418147.7153511,0
EIX.US,D,20030310,000000,8.59991,8.60802,8.37886,8.41347,2161194.1993323,0
EIX.US,D,20030311,000000,8.41347,8.6397,8.41347,8.54008,2086248.4151691,0
EIX.US,D,20030312,000000,8.54008,8.60802,8.42061,8.47262,2264059.2571238,0
EIX.US,D,20030313,000000,8.51945,8.65867,8.4997,8.60802,1853347.7677896,0
EIX.US,D,20030314,000000,8.70862,8.80248,8.6397,8.6965,2325716.9195174,0
EIX.US,D,20030317,000000,8.80707,8.96183,8.74059,8.94785,1590736.7990398,0
EIX.US,D,20030318,000000,9.01834,9.23019,8.97503,9.20791,3155347.4179364,0
EIX.US,D,20030319,000000,9.14534,9.17496,8.78928,8.91598,3908986.7576675,0
EIX.US,D,20030320,000000,8.91598,9.15678,8.91598,9.00133,2059225.1768476,0
EIX.US,D,20030321,000000,9.20213,9.30322,9.06184,9.16362,1993984.3960983,0
EIX.US,D,20030324,000000,9.04288,9.05627,8.81264,8.86719,1695394.9503162,0
EIX.US,D,20030325,000000,8.90757,9.30322,8.88753,9.17496,2471277.6505279,0
EIX.US,D,20030326,000000,9.20791,9.37263,8.84325,8.97503,2179710.2165962,0
EIX.US,D,20030327,000000,8.90757,9.17496,8.87384,9.17026,2197023.3371469,0
EIX.US,D,20030328,000000,9.03633,9.20791,8.98628,9.08844,783649.36240842,0
EIX.US,D,20030331,000000,9.08276,9.37947,8.94785,9.17026,2466353.547826,0
EIX.US,D,20030401,000000,9.17026,9.24466,9.07426,9.11561,1968156.8943907,0
EIX.US,D,20030402,000000,9.20791,9.26402,9.02401,9.03633,1540721.4584061,0
EIX.US,D,20030403,000000,9.03633,9.10887,8.94218,8.97503,1644333.2122865,0
EIX.US,D,20030404,000000,8.97503,9.27761,8.90757,9.27761,1167188.2742034,0
EIX.US,D,20030407,000000,9.32864,9.42836,9.10222,9.16362,1251988.4009985,0
EIX.US,D,20030408,000000,9.09508,9.30322,9.05627,9.15678,1082838.2108044,0
EIX.US,D,20030409,000000,9.07426,9.37947,9.07426,9.24466,1916801.5922822,0
EIX.US,D,20030410,000000,9.23792,9.28337,9.17496,9.27761,1066716.7353821,0
EIX.US,D,20030411,000000,9.3433,9.37263,9.20791,9.29149,1136437.6926652,0
EIX.US,D,20030414,000000,9.23019,9.37263,9.20791,9.37263,1275575.8144392,0
EIX.US,D,20030415,000000,9.33646,9.51048,9.21563,9.51048,1077165.3662709,0
EIX.US,D,20030416,000000,9.46453,9.48017,9.22433,9.30322,1385307.4076352,0
EIX.US,D,20030417,000000,9.30322,9.42836,9.30322,9.39121,1202571.4401073,0
EIX.US,D,20030421,000000,9.39121,9.5056,9.35015,9.42836,1014013.288828,0
EIX.US,D,20030422,000000,9.3433,9.60532,9.32278,9.5799,1044616.5768911,0
EIX.US,D,20030423,000000,9.48017,9.52319,9.37947,9.39121,1420391.8951034,0
EIX.US,D,20030424,000000,9.57305,9.84777,9.44303,9.82039,2216582.6831926,0
EIX.US,D,20030425,000000,9.69819,9.79302,9.55741,9.65127,1001913.7435726,0
EIX.US,D,20030428,000000,9.65127,10.1333,9.65127,10.1273,1992489.981049,0
EIX.US,D,20030429,000000,9.84777,9.94751,9.56621,9.58576,3617715.9564287,0
EIX.US,D,20030430,000000,9.55057,9.94751,9.48017,9.77152,2829140.4455756,0
EIX.US,D,20030501,000000,9.77152,9.88003,9.5359,9.74121,1775567.6071023,0
EIX.US,D,20030502,000000,9.67179,10.0345,9.66006,10.0345,1720475.7559349,0
EIX.US,D,20030505,000000,10.0071,10.1557,9.96214,10.1557,3429601.7313174,0
EIX.US,D,20030506,000000,10.1801,10.2555,10.1411,10.2203,2532938.3815356,0
EIX.US,D,20030507,000000,9.94751,10.1489,9.91232,9.96214,2348709.0218297,0
EIX.US,D,20030508,000000,9.96897,10.1489,9.94751,10.0482,1669861.0126873,0
EIX.US,D,20030509,000000,10.0805,10.3268,10.0345,10.2945,1309762.220858,0
EIX.US,D,20030512,000000,10.4285,10.4285,10.0805,10.0805,1844094.8735144,0
EIX.US,D,20030513,000000,10.2203,10.3698,10.1489,10.3151,1862757.1613821,0
EIX.US,D,20030514,000000,10.3151,10.3845,10.1615,10.2496,1933818.08014,0
EIX.US,D,20030515,000000,10.2496,10.3767,10.2144,10.3151,1562967.8875008,0
EIX.US,D,20030516,000000,10.3268,10.583,10.2877,10.5214,2035190.7686248,0
EIX.US,D,20030519,000000,10.5028,10.5506,10.2349,10.2877,2085202.0177731,0
EIX.US,D,20030520,000000,10.3346,10.4832,10.3151,10.3845,1140762.3927531,0
EIX.US,D,20030521,000000,10.3894,10.5692,10.3894,10.5076,2474714.4982799,0
EIX.US,D,20030522,000000,10.4344,10.7247,10.4226,10.7179,2365431.9456087,0
EIX.US,D,20030523,000000,10.7834,10.9867,10.7404,10.9319,3509181.1227177,0
EIX.US,D,20030527,000000,10.9565,11.0737,10.583,10.9505,3729989.3849412,0
EIX.US,D,20030528,000000,10.9505,11.2663,10.9319,11.1451,4443022.777631,0
EIX.US,D,20030529,000000,11.2859,11.2859,10.5506,10.7834,3349735.9359377,0
EIX.US,D,20030530,000000,10.7404,11.1138,10.7316,10.9065,2467546.2158257,0
EIX.US,D,20030602,000000,11.0503,11.1588,10.8919,11.0503,1988312.5744362,0
EIX.US,D,20030603,000000,11.0503,11.1529,10.9251,10.9319,2614603.4076283,0
EIX.US,D,20030604,000000,11.0005,11.2859,10.9789,11.2194,3782536.3321779,0
EIX.US,D,20030605,000000,11.0865,11.1333,10.755,10.7687,4188772.759335,0
EIX.US,D,20030606,000000,10.8391,11.0649,10.7316,10.7971,3603379.3915203,0
EIX.US,D,20030609,000000,10.6641,10.8049,10.6641,10.7511,3033672.7788021,0
EIX.US,D,20030610,000000,10.7834,10.9183,10.7765,10.8841,5056470.4380927,0
EIX.US,D,20030611,000000,10.8323,10.8763,10.7462,10.8117,3599799.3417787,0
EIX.US,D,20030612,000000,10.8186,10.8841,10.7511,10.8449,2704772.5861645,0
EIX.US,D,20030613,000000,10.8919,10.9065,10.6034,10.6641,2633265.6954958,0
EIX.US,D,20030616,000000,10.7179,11.1138,10.7179,11.0981,3333463.0755548,0
EIX.US,D,20030617,000000,11.0981,11.0981,10.7902,10.7902,3064879.5609646,0
EIX.US,D,20030618,000000,10.7902,11.0111,10.7834,10.9867,2364084.8240344,0
EIX.US,D,20030619,000000,11.1529,11.1529,10.7834,10.9437,6136173.5481949,0
EIX.US,D,20030620,000000,11.0865,11.4678,11.0649,11.192,5404928.9539048,0
EIX.US,D,20030623,000000,11.2194,11.3758,10.8841,10.9437,2385732.8733866,0
EIX.US,D,20030624,000000,10.9505,11.0337,10.9369,10.9565,2186279.0964364,0
EIX.US,D,20030625,000000,11.0005,11.0249,10.8264,10.8323,1948300.915652,0
EIX.US,D,20030626,000000,10.7902,10.8841,10.7032,10.7462,1601634.4704534,0
EIX.US,D,20030627,000000,10.6504,10.9183,10.6358,10.8323,3104738.8119169,0
EIX.US,D,20030630,000000,10.8499,11.1861,10.8449,11.0053,4094115.2212942,0
EIX.US,D,20030701,000000,10.9789,11.2194,10.8919,11.1265,2716869.0628059,0
EIX.US,D,20030702,000000,11.0503,11.1588,11.0111,11.106,3954522.9446387,0
EIX.US,D,20030703,000000,11.0503,11.1529,10.8499,11.0503,1056261.9672651,0
EIX.US,D,20030707,000000,11.0649,11.5078,11.0581,11.3974,2414101.1875395,0
EIX.US,D,20030708,000000,11.4208,11.4678,11.3142,11.3798,2320490.0468946,0
EIX.US,D,20030709,000000,11.3798,11.3798,11.1265,11.1783,1526243.7372508,0
EIX.US,D,20030710,000000,11.1783,11.3054,10.9183,10.9711,2541449.6940785,0
EIX.US,D,20030711,000000,11.0503,11.2194,10.9789,11.2145,2227630.7166953,0
EIX.US,D,20030714,000000,11.2194,11.3543,11.0425,11.0503,1422484.6898953,0
EIX.US,D,20030715,000000,11.1529,11.238,10.8987,10.9065,2808387.408659,0
EIX.US,D,20030716,000000,11.0337,11.0503,10.7609,11.0111,2702092.663215,0
EIX.US,D,20030717,000000,10.9633,11.0337,10.7902,10.8323,1283637.0635861,0
EIX.US,D,20030718,000000,10.8841,11.0923,10.8186,11.0503,1542665.9368515,0
EIX.US,D,20030721,000000,10.9565,11.0005,10.5898,10.668,2798233.3647202,0
EIX.US,D,20030722,000000,10.755,10.9251,10.6504,10.9183,1654486.2333539,0
EIX.US,D,20030723,000000,10.8684,10.8841,10.6504,10.7462,1030439.5799141,0
EIX.US,D,20030724,000000,10.755,11.0249,10.7179,10.8117,937868.69943698,0
EIX.US,D,20030725,000000,10.8186,11.0425,10.7511,10.9711,1605372.0423837,0
EIX.US,D,20030728,000000,10.9183,10.9711,10.7179,10.8186,1839760.9675843,0
EIX.US,D,20030729,000000,10.8557,11.0865,10.8049,11.0171,3221040.3078245,0
EIX.US,D,20030730,000000,11.0171,11.0425,10.8391,10.8391,1727791.3318642,0
EIX.US,D,20030731,000000,10.8684,11.0865,10.8323,10.9935,1372769.0505685,0
EIX.US,D,20030801,000000,10.8264,10.8841,10.7404,10.8264,1510713.4814715,0
EIX.US,D,20030804,000000,10.8186,11.1363,10.755,11.1197,1955464.0837494,0
EIX.US,D,20030805,000000,11.2194,11.2194,10.7511,10.8919,3372425.268329,0
EIX.US,D,20030806,000000,10.8323,11.1333,10.7687,11.0503,2888412.77197,0
EIX.US,D,20030807,000000,10.9867,11.1265,10.9867,11.0581,2038170.3928813,0
EIX.US,D,20030808,000000,11.0581,11.3612,10.9867,11.3543,1932322.6422193,0
EIX.US,D,20030811,000000,11.3543,11.4423,11.2859,11.3856,2349162.1538398,0
EIX.US,D,20030812,000000,11.455,11.5674,11.3543,11.5626,1840957.7270694,0
EIX.US,D,20030813,000000,11.6085,11.7463,11.5322,11.5674,2481732.4186449,0
EIX.US,D,20030814,000000,11.6173,11.7356,11.5958,11.6085,1654638.6411858,0
EIX.US,D,20030815,000000,11.6906,11.7767,11.5557,11.6016,1578648.5053692,0
EIX.US,D,20030818,000000,11.7463,11.9673,11.6955,11.9575,2922297.4313392,0
EIX.US,D,20030819,000000,11.9819,12.1775,11.9575,12.0846,3136093.9104257,0
EIX.US,D,20030820,000000,12.0895,12.3984,12.0895,12.2978,2476952.5408041,0
EIX.US,D,20030821,000000,12.2694,13.162,11.9223,12.6536,11096054.244257,0
EIX.US,D,20030822,000000,12.6135,12.6262,12.3838,12.459,4905985.6043804,0
EIX.US,D,20030825,000000,12.3584,12.4649,12.3114,12.4385,2045938.0779493,0
EIX.US,D,20030826,000000,12.3916,12.5461,12.3456,12.4796,1818410.5737964,0
EIX.US,D,20030827,000000,12.4854,12.4854,12.3838,12.4649,1251688.6996915,0
EIX.US,D,20030828,000000,12.4238,12.4923,12.3036,12.459,2433962.2806349,0
EIX.US,D,20030829,000000,12.4649,12.6536,12.4062,12.6311,2466501.8641725,0
EIX.US,D,20030902,000000,12.6311,12.7279,12.4238,12.6536,3529030.9642282,0
EIX.US,D,20030903,000000,12.7054,12.7915,12.6262,12.679,2681044.0164767,0
EIX.US,D,20030904,000000,12.6927,12.7054,12.5793,12.7054,1936802.8187532,0
EIX.US,D,20030905,000000,12.7054,12.7455,12.5597,12.7201,2631474.6477536,0
EIX.US,D,20030908,000000,12.7201,12.7347,12.6008,12.6985,1994280.0059199,0
EIX.US,D,20030909,000000,12.637,12.8139,12.5656,12.6859,2132376.8446547,0
EIX.US,D,20030910,000000,12.6927,12.7279,12.5324,12.637,1592080.8519999,0
EIX.US,D,20030911,000000,12.7054,12.7054,12.5206,12.6077,1860363.6424119,0
EIX.US,D,20030912,000000,12.5382,12.6536,12.4238,12.6536,1258707.6429279,0
EIX.US,D,20030915,000000,12.6536,12.7611,12.4923,12.7133,3015458.508588,0
EIX.US,D,20030916,000000,12.7133,12.8071,12.6536,12.7279,2066694.1834801,0
EIX.US,D,20030917,000000,12.6927,12.7201,12.6194,12.6262,1323200.7047169,0
EIX.US,D,20030918,000000,12.6262,12.7347,12.593,12.7201,1847825.2853453,0
EIX.US,D,20030919,000000,12.7201,12.7611,12.6859,12.7279,1897984.85084,0
EIX.US,D,20030922,000000,12.6262,12.7054,12.5656,12.6927,1483989.9444571,0
EIX.US,D,20030923,000000,12.7279,12.8295,12.6458,12.8295,1966962.1806482,0
EIX.US,D,20030924,000000,12.7671,12.8295,12.6683,12.679,1937398.1298817,0
EIX.US,D,20030925,000000,12.7279,12.7787,12.6927,12.7543,1938000.6011096,0
EIX.US,D,20030926,000000,12.7054,12.7611,12.6008,12.6605,2033397.67514,0
EIX.US,D,20030929,000000,12.7133,13.0134,12.679,13.0134,2438288.0035942,0
EIX.US,D,20030930,000000,12.9068,12.942,12.6859,12.7915,2664767.0646084,0
EIX.US,D,20031001,000000,12.8071,13.1561,12.7915,13.1482,2250770.1124827,0
EIX.US,D,20031002,000000,13.1482,13.162,12.9723,13.0505,1786317.9850409,0
EIX.US,D,20031003,000000,13.1816,13.2148,13.0505,13.0994,1778255.7130226,0
EIX.US,D,20031006,000000,13.1884,13.2226,13.0505,13.2226,895917.6765642,0
EIX.US,D,20031007,000000,13.2226,13.2226,12.9615,13.0867,1746454.6426031,0
EIX.US,D,20031008,000000,13.1209,13.1942,13.0632,13.1942,1427705.42529,0
EIX.US,D,20031009,000000,13.2294,13.3086,13.116,13.207,2903639.2349569,0
EIX.US,D,20031010,000000,13.1816,13.251,13.0505,13.1072,2290784.839881,0
EIX.US,D,20031013,000000,13.162,13.2558,13.1209,13.202,1069848.7674703,0
EIX.US,D,20031014,000000,13.0994,13.3213,13.0916,13.2607,1167334.5448071,0
EIX.US,D,20031015,000000,13.2372,13.2432,12.9068,13.0994,1639259.770367,0
EIX.US,D,20031016,000000,13.0867,13.3301,13.0691,13.3018,2216582.6831926,0
EIX.US,D,20031017,000000,13.381,13.4377,13.2226,13.2558,2853770.1649269,0
EIX.US,D,20031020,000000,13.3448,13.3956,13.1288,13.3956,1194810.9151387,0
EIX.US,D,20031021,000000,13.381,13.381,13.2226,13.2686,1604920.9561163,0
EIX.US,D,20031022,000000,13.202,13.3301,13.1746,13.2744,757375.88879005,0
EIX.US,D,20031023,000000,13.2744,13.4113,13.207,13.3575,2151342.9253146,0
EIX.US,D,20031024,000000,13.3575,13.3732,13.1288,13.1884,2122528.639251,0
EIX.US,D,20031027,000000,13.2744,13.4113,13.1884,13.3086,1546549.7793856,0
EIX.US,D,20031028,000000,13.381,13.381,13.1288,13.1942,1672399.7793898,0
EIX.US,D,20031029,000000,13.0994,13.3732,13.0632,13.3213,1729429.9717745,0
EIX.US,D,20031030,000000,13.3145,13.4113,13.2148,13.337,1716444.6199258,0
EIX.US,D,20031031,000000,13.381,13.4836,13.202,13.202,1823040.089548,0
EIX.US,D,20031103,000000,13.202,13.4621,13.202,13.4621,1576953.6075345,0
EIX.US,D,20031104,000000,13.2744,13.3888,13.0916,13.1816,2821014.7555335,0
EIX.US,D,20031105,000000,13.1942,13.4318,13.0994,13.3653,4456604.4634796,0
EIX.US,D,20031106,000000,13.3301,13.3575,13.1561,13.295,1535801.4471897,0
EIX.US,D,20031107,000000,13.295,13.3956,13.2558,13.3301,1259307.0455418,0
EIX.US,D,20031110,000000,13.295,13.3956,13.1942,13.2607,1143753.2685945,0
EIX.US,D,20031111,000000,13.2607,13.4895,13.2607,13.4171,2156868.4763731,0
EIX.US,D,20031112,000000,13.4836,13.4983,13.2881,13.3575,1983837.5122591,0
EIX.US,D,20031113,000000,13.3575,13.4025,13.2832,13.3575,1087167.0023778,0
EIX.US,D,20031114,000000,13.3301,13.6235,13.295,13.4836,2549215.3334039,0
EIX.US,D,20031117,000000,13.4836,13.5707,13.3448,13.4171,3006955.3790159,0
EIX.US,D,20031118,000000,13.3956,13.5628,13.2226,13.337,2702988.6985217,0
EIX.US,D,20031119,000000,13.337,13.5921,13.337,13.4895,2407527.1933424,0
EIX.US,D,20031120,000000,13.4895,13.5041,13.337,13.381,2167466.4464797,0
EIX.US,D,20031121,000000,13.3301,13.5188,13.3145,13.4377,1542069.6028517,0
EIX.US,D,20031124,000000,13.4318,13.6351,13.424,13.5999,1233776.1765269,0
EIX.US,D,20031125,000000,13.5257,13.7857,13.4895,13.6929,1721075.1585488,0
EIX.US,D,20031126,000000,13.6929,13.8717,13.5999,13.7974,1500411.1211863,0
EIX.US,D,20031128,000000,13.7387,13.8336,13.6713,13.6791,785591.79511111,0
EIX.US,D,20031201,000000,13.7495,13.9187,13.6499,13.8101,1628364.144696,0
EIX.US,D,20031202,000000,13.7437,14.1542,13.7437,14.0986,2804506.634739,0
EIX.US,D,20031203,000000,14.0301,14.1396,13.9099,14.124,2113867.9874902,0
EIX.US,D,20031204,000000,14.0702,14.1172,13.9069,14.0056,2015182.3820544,0
EIX.US,D,20031205,000000,13.9314,14.2677,13.859,14.083,1606718.1410866,0
EIX.US,D,20031208,000000,14.0106,14.3156,14.0106,14.3156,1490262.1916044,0
EIX.US,D,20031209,000000,14.2765,14.2765,13.8981,13.9978,3627570.2990604,0
EIX.US,D,20031210,000000,13.9978,14.2452,13.9802,14.1102,2784354.0233075,0
EIX.US,D,20031211,000000,14.1172,14.2765,14.1102,14.2334,3712365.3114987,0
EIX.US,D,20031212,000000,14.2334,14.2677,13.8981,13.9724,2624599.9293784,0
EIX.US,D,20031215,000000,13.9861,14.2012,13.9861,14.1034,2443210.0605533,0
EIX.US,D,20031216,000000,14.1396,14.2374,14.1308,14.2188,3546504.6755816,0
EIX.US,D,20031217,000000,14.2012,14.252,14.0702,14.212,3013223.5346778,0
EIX.US,D,20031218,000000,14.252,14.4701,14.168,14.4251,2399173.4029881,0
EIX.US,D,20031219,000000,14.2911,14.4563,14.252,14.2677,2813312.5342321,0
EIX.US,D,20031222,000000,14.1836,14.4701,14.1836,14.4701,1256913.5265716,0
EIX.US,D,20031223,000000,14.4945,14.6881,14.4945,14.5893,1442934.9568911,0
EIX.US,D,20031224,000000,14.516,14.603,14.4701,14.4945,330979.69010197,0
EIX.US,D,20031226,000000,14.5287,14.6167,14.4867,14.5023,403543.20688002,0
EIX.US,D,20031229,000000,14.5669,14.6881,14.5493,14.6099,1961885.6701146,0
EIX.US,D,20031230,000000,14.6617,14.7702,14.6304,14.7233,1598649.7318403,0
EIX.US,D,20031231,000000,14.7233,14.7819,14.6421,14.6881,1414867.3669164,0
EIX.US,D,20040102,000000,14.5493,14.7702,14.5355,14.6881,5126042.0561581,0
EIX.US,D,20040105,000000,14.6373,14.7086,14.3469,14.5893,2319893.7128948,0
EIX.US,D,20040106,000000,14.603,14.6959,14.4701,14.6959,1754362.4610467,0
EIX.US,D,20040107,000000,14.6959,14.8073,14.6099,14.7438,2171347.2203996,0
EIX.US,D,20040108,000000,14.7702,14.7702,14.6881,14.735,3619958.0904383,0
EIX.US,D,20040109,000000,14.6695,14.8621,14.5805,14.7741,2233152.1762683,0
EIX.US,D,20040112,000000,14.7506,14.8015,14.6167,14.6304,2610869.9271834,0
EIX.US,D,20040113,000000,14.6304,14.7888,14.6304,14.7575,1742718.0935442,0
EIX.US,D,20040114,000000,14.735,14.868,14.7233,14.8162,1675538.9715776,0
EIX.US,D,20040115,000000,14.8582,14.8582,14.6421,14.7086,1983382.3345062,0
EIX.US,D,20040116,000000,14.7086,14.8582,14.7086,14.8015,1601485.1312356,0
EIX.US,D,20040120,000000,14.7643,14.8826,14.7027,14.868,1739290.4516343,0
EIX.US,D,20040121,000000,14.8073,15.2785,14.8073,15.2785,1728093.0789138,0
EIX.US,D,20040122,000000,15.2463,15.3255,15.0244,15.126,1792887.8877524,0
EIX.US,D,20040123,000000,15.1925,15.2316,15.0038,15.083,1444877.3895937,0
EIX.US,D,20040126,000000,15.0038,15.126,14.997,15.037,1930533.6402198,0
EIX.US,D,20040127,000000,15.0244,15.0723,14.7027,14.7702,1820949.3404989,0
EIX.US,D,20040128,000000,14.7946,15.0634,14.735,14.9384,2776443.1362497,0
EIX.US,D,20040129,000000,14.9578,15.0449,14.7575,14.8621,2027723.8077351,0
EIX.US,D,20040130,000000,14.8162,14.8162,14.6373,14.735,1908882.5222536,0
EIX.US,D,20040202,000000,14.7643,14.9892,14.6099,14.8162,2375877.5078835,0
EIX.US,D,20040203,000000,14.8894,14.9696,14.6959,14.7233,1918889.2727173,0
EIX.US,D,20040204,000000,14.6099,14.6881,14.3997,14.5493,1674493.597053,0
EIX.US,D,20040205,000000,14.5023,14.603,14.3019,14.4387,1573561.766122,0
EIX.US,D,20040206,000000,14.3693,14.5737,14.2266,14.5355,1894703.479534,0
EIX.US,D,20040209,000000,14.4701,14.5355,14.3693,14.4192,1727046.6815178,0
EIX.US,D,20040210,000000,14.4867,14.7027,14.3997,14.6822,1864690.3882426,0
EIX.US,D,20040211,000000,14.735,14.7946,14.5229,14.6617,2133426.3106647,0
EIX.US,D,20040212,000000,14.5493,14.7301,14.5091,14.5669,3249705.2546702,0
EIX.US,D,20040213,000000,14.5669,14.6373,14.3899,14.6235,4023651.6594074,0
EIX.US,D,20040217,000000,14.6421,14.8894,14.5493,14.824,1346191.7841578,0
EIX.US,D,20040218,000000,14.868,15.0038,14.8015,14.9764,1604175.2828987,0
EIX.US,D,20040219,000000,15.0576,15.0576,14.7301,14.7702,1684498.3017739,0
EIX.US,D,20040220,000000,14.9384,14.9384,14.6881,14.824,2978435.6799025,0
EIX.US,D,20040223,000000,14.8015,15.0772,14.8015,14.9648,1781237.3830218,0
EIX.US,D,20040224,000000,14.9578,14.9696,14.7575,14.8621,2159100.3816691,0
EIX.US,D,20040225,000000,14.9452,15.2697,14.8826,15.2697,2001001.293592,0
EIX.US,D,20040226,000000,15.5728,15.9092,15.2062,15.4741,4823124.8416739,0
EIX.US,D,20040227,000000,15.4741,15.6071,15.2932,15.4673,2418278.5941523,0
EIX.US,D,20040301,000000,15.4673,15.9014,15.4673,15.8426,1804227.4395913,0
EIX.US,D,20040302,000000,15.7732,15.8426,15.6334,15.7537,1845879.7840285,0
EIX.US,D,20040303,000000,15.7537,15.8944,15.5631,15.8486,1775861.1711811,0
EIX.US,D,20040304,000000,15.738,15.8534,15.6618,15.787,1229740.9490324,0
EIX.US,D,20040305,000000,15.7928,15.9795,15.7156,15.8866,1203767.1767209,0
EIX.US,D,20040308,000000,15.8592,15.9952,15.5728,15.6256,1972635.0251818,0
EIX.US,D,20040309,000000,15.6393,15.8006,15.5865,15.7458,2316162.2781926,0
EIX.US,D,20040310,000000,15.738,15.8006,15.3655,15.4457,1214066.4683921,0
EIX.US,D,20040311,000000,15.3577,15.6393,15.1554,15.3255,1600291.4403646,0
EIX.US,D,20040312,000000,15.4057,15.6012,15.0723,15.5259,2058479.50363,0
EIX.US,D,20040315,000000,15.3655,15.5777,15.2932,15.5259,1862606.7992929,0
EIX.US,D,20040316,000000,15.5728,15.7342,15.5034,15.6726,1783626.8105065,0
EIX.US,D,20040317,000000,15.6726,15.8944,15.6012,15.7928,2996049.5246314,0
EIX.US,D,20040318,000000,15.7078,15.9864,15.6393,15.8358,1973978.0552705,0
EIX.US,D,20040319,000000,15.7458,16.0098,15.5679,15.829,1740185.4640698,0
EIX.US,D,20040322,000000,15.8808,15.9414,15.5728,15.6726,1710322.7348675,0
EIX.US,D,20040323,000000,15.7732,15.8084,15.6198,15.7009,1766463.0291735,0
EIX.US,D,20040324,000000,15.738,15.781,15.6198,15.6794,1558042.7619276,0
EIX.US,D,20040325,000000,15.7674,15.9414,15.6794,15.8358,2076541.3660123,0
EIX.US,D,20040326,000000,15.8662,15.9952,15.8358,15.8486,1228247.5568545,0
EIX.US,D,20040329,000000,15.7674,16.0763,15.6726,16.0509,1758845.7061947,0
EIX.US,D,20040330,000000,15.9952,16.1965,15.8662,16.1623,1601343.9749887,0
EIX.US,D,20040331,000000,16.0968,16.3099,16.0421,16.2709,1263629.6998869,0
EIX.US,D,20040401,000000,16.3637,16.4322,16.1965,16.3237,1762574.0722828,0
EIX.US,D,20040402,000000,16.4107,16.6434,16.0968,16.1965,2184630.2278126,0
EIX.US,D,20040405,000000,16.2562,16.3696,16.2015,16.2425,1127624.6330726,0
EIX.US,D,20040406,000000,16.1701,16.3149,16.1428,16.2425,1015950.607174,0
EIX.US,D,20040407,000000,16.2015,16.2493,16.0695,16.089,1429498.5187749,0
EIX.US,D,20040408,000000,16.1125,16.2357,16.0421,16.0763,1160320.7159276,0
EIX.US,D,20040412,000000,16.1497,16.177,15.6198,15.694,1988905.8398219,0
EIX.US,D,20040413,000000,15.6726,15.694,15.126,15.2697,3231488.9387133,0
EIX.US,D,20040414,000000,15.2062,15.5337,14.951,15.4243,1889183.0428322,0
EIX.US,D,20040415,000000,15.4321,15.7078,15.3997,15.4927,1370075.8302914,0
EIX.US,D,20040416,000000,15.6393,15.6794,15.4741,15.654,1564905.2058467,0
EIX.US,D,20040419,000000,15.654,15.6618,15.4799,15.5924,971015.86855934,0
EIX.US,D,20040420,000000,15.6012,15.6726,15.3929,15.3929,1117470.5891339,0
EIX.US,D,20040421,000000,15.2697,15.4321,15.1622,15.4057,1188834.2778128,0
EIX.US,D,20040422,000000,15.3255,15.872,15.2189,15.5865,1174948.799172,0
EIX.US,D,20040423,000000,15.5171,15.6667,15.4057,15.6393,997142.04870262,0
EIX.US,D,20040426,000000,15.6471,15.738,15.4741,15.4927,1318415.7125193,0
EIX.US,D,20040427,000000,15.4741,15.5631,15.3391,15.3725,1692255.7581285,0
EIX.US,D,20040428,000000,15.3997,15.781,15.3929,15.6618,2456650.5901549,0
EIX.US,D,20040429,000000,15.7156,15.781,15.4173,15.4799,2321236.7429835,0
EIX.US,D,20040430,000000,15.4799,15.7009,15.4173,15.6726,2370062.4842317,0
EIX.US,D,20040503,000000,15.6129,15.6129,15.3783,15.4799,2449633.6926612,0
EIX.US,D,20040504,000000,15.5171,15.7674,15.3783,15.7224,1798555.6179291,0
EIX.US,D,20040505,000000,15.7224,15.7928,15.4057,15.4321,1647622.7665634,0
EIX.US,D,20040506,000000,15.3997,15.6471,15.3127,15.5083,1846628.5258602,0
EIX.US,D,20040507,000000,15.3783,15.4741,14.8445,15.0723,2902293.1362541,0
EIX.US,D,20040510,000000,15.0038,15.0038,14.5805,14.7164,3061886.6393806,0
EIX.US,D,20040511,000000,14.735,14.868,14.6695,14.824,1904559.8679083,0
EIX.US,D,20040512,000000,14.8073,14.997,14.5893,14.9578,1946805.4777314,0
EIX.US,D,20040513,000000,14.9842,15.1436,14.8015,15.0723,2138798.4310199,0
EIX.US,D,20040514,000000,15.0038,15.2541,14.9452,15.037,1579980.2838732,0
EIX.US,D,20040517,000000,14.7888,15.0899,14.7643,14.8954,1461451.9970262,0
EIX.US,D,20040518,000000,14.868,15.2932,14.7438,15.2385,1899180.5874537,0
EIX.US,D,20040519,000000,15.2463,15.3861,15.0508,15.1436,1642245.5318515,0
EIX.US,D,20040520,000000,15.1436,15.3577,15.0449,15.2785,898906.50666281,0
EIX.US,D,20040521,000000,15.2785,15.3655,15.0772,15.2492,1839014.2714953,0
EIX.US,D,20040524,000000,15.6726,15.8808,15.5259,15.8592,2827048.6736552,0
EIX.US,D,20040525,000000,15.787,16.0763,15.7342,16.0763,3294190.9527601,0
EIX.US,D,20040526,000000,16.0763,16.2845,15.9698,16.002,2809578.0309159,0
EIX.US,D,20040527,000000,16.0098,16.3432,15.9795,16.3149,1962484.0498571,0
EIX.US,D,20040528,000000,16.3559,16.397,16.1623,16.1701,2584741.7012974,0
EIX.US,D,20040601,000000,16.1907,16.4048,16.1281,16.3315,2204190.5967297,0
EIX.US,D,20040602,000000,16.2562,16.4967,16.2425,16.3237,1683299.4965461,0
EIX.US,D,20040603,000000,16.3491,16.4322,16.1555,16.2562,2130293.2557051,0
EIX.US,D,20040604,000000,16.3637,16.4693,16.1701,16.3559,1880969.3858535,0
EIX.US,D,20040607,000000,16.4107,16.5788,16.3901,16.5788,1572377.2810932,0
EIX.US,D,20040608,000000,16.4762,16.5407,16.3237,16.4381,2005182.7916902,0
EIX.US,D,20040609,000000,16.4381,16.527,16.2493,16.2709,1312454.4182638,0
EIX.US,D,20040610,000000,16.2845,16.3696,16.2493,16.3237,1114636.2126099,0
EIX.US,D,20040614,000000,16.2767,16.5348,16.2289,16.4048,2244498.8882067,0
EIX.US,D,20040615,000000,16.5133,16.6296,16.3696,16.4507,1871115.0432218,0
EIX.US,D,20040616,000000,16.527,16.5495,16.4234,16.5055,1157329.8400862,0
EIX.US,D,20040617,000000,16.4234,16.8799,16.4234,16.7792,2314520.5696682,0
EIX.US,D,20040618,000000,16.7236,16.7646,16.5495,16.6434,2467696.5779149,0
EIX.US,D,20040621,000000,16.612,16.9249,16.5935,16.8878,1971293.0179643,0
EIX.US,D,20040622,000000,16.92,17.053,16.8242,16.9464,1679120.0441905,0
EIX.US,D,20040623,000000,16.8799,17.2955,16.7362,17.1997,2988141.7061878,0
EIX.US,D,20040624,000000,17.2387,17.2807,17.1205,17.1997,1774516.0953496,0
EIX.US,D,20040625,000000,17.1997,17.2349,16.9953,17.1263,3139074.5575535,0
EIX.US,D,20040628,000000,17.1126,17.2876,17.0109,17.2163,3925266.7781498,0
EIX.US,D,20040629,000000,17.2163,17.2163,16.9249,17.0931,2318696.9534096,0
EIX.US,D,20040630,000000,16.9885,17.2085,16.9249,17.1263,2373191.4477058,0
EIX.US,D,20040701,000000,17.2279,17.3815,16.9953,17.0931,3262693.675133,0
EIX.US,D,20040702,000000,17.2221,17.3287,17.1605,17.2603,1896491.458662,0
EIX.US,D,20040706,000000,17.2603,17.4812,17.2465,17.3599,1998611.8661073,0
EIX.US,D,20040707,000000,17.3599,17.4568,17.0989,17.2807,2587430.8300891,0
EIX.US,D,20040708,000000,17.2807,17.5448,17.2163,17.4616,2506366.2294816,0
EIX.US,D,20040709,000000,17.2465,17.2524,17.0051,17.1997,6609740.4822791,0
EIX.US,D,20040712,000000,17.2085,17.3287,17.1743,17.314,2579220.2417244,0
EIX.US,D,20040713,000000,17.2349,17.2387,17.0178,17.0745,2930807.7210108,0
EIX.US,D,20040714,000000,17.0803,17.5506,17.0403,17.531,4193992.4718584,0
EIX.US,D,20040715,000000,17.531,17.6444,17.403,17.4675,3809113.5985887,0
EIX.US,D,20040716,000000,17.576,17.7334,17.4616,17.6376,1550726.163127,0
EIX.US,D,20040719,000000,17.6376,17.796,17.531,17.6572,2213896.623015,0
EIX.US,D,20040720,000000,17.6572,17.7696,17.5574,17.709,1754066.8512253,0
EIX.US,D,20040721,000000,17.6816,17.75,17.2671,17.2749,1410540.6210857,0
EIX.US,D,20040722,000000,17.1673,17.4274,17.0989,17.3736,2251513.7399576,0
EIX.US,D,20040723,000000,17.3355,17.3736,17.0344,17.1605,2002344.3236807,0
EIX.US,D,20040726,000000,17.1537,17.3531,17.0471,17.0989,1469063.182777,0
EIX.US,D,20040727,000000,17.0931,17.1879,16.8379,17.0344,1520122.875064,0
EIX.US,D,20040728,000000,17.0266,17.576,16.9318,17.4998,2948876.7434926,0
EIX.US,D,20040729,000000,17.4998,17.6513,17.314,17.3287,1952779.0464431,0
EIX.US,D,20040730,000000,17.3463,18.232,17.2465,17.9495,9791509.6901802,0
EIX.US,D,20040802,000000,17.8185,17.9055,17.4147,17.4509,4964507.1432003,0
EIX.US,D,20040803,000000,17.4998,17.884,17.4675,17.7022,2974253.1589328,0
EIX.US,D,20040804,000000,17.576,17.9055,17.4734,17.8028,3447667.6851852,0
EIX.US,D,20040805,000000,17.7168,17.9709,17.5692,17.7022,3562476.8117861,0
EIX.US,D,20040806,000000,17.7022,18.0511,17.7022,17.926,4104116.857401,0
EIX.US,D,20040809,000000,17.9495,18.0061,17.8625,17.8693,3423782.6161801,0
EIX.US,D,20040810,000000,17.8771,18.1577,17.8028,18.0785,3444680.9008293,0
EIX.US,D,20040811,000000,17.9709,18.0287,17.8429,17.9925,2303024.5185121,0
EIX.US,D,20040812,000000,17.9191,18.0433,17.8625,17.9983,3148628.1760069,0
EIX.US,D,20040813,000000,17.9983,17.9983,17.8185,17.9113,1555206.3396609,0
EIX.US,D,20040816,000000,17.8243,18.0785,17.75,18.0365,3183562.301386,0
EIX.US,D,20040817,000000,18.0061,18.0843,17.9113,18.0365,2609677.2591837,0
EIX.US,D,20040818,000000,18.0511,18.318,18.0433,18.318,2441721.7827321,0
EIX.US,D,20040819,000000,18.1724,18.1724,18.0189,18.0843,2930362.7719714,0
EIX.US,D,20040820,000000,18.0237,18.232,18.0061,18.1851,2152535.5933143,0
EIX.US,D,20040823,000000,18.1851,18.2134,17.9289,17.9495,1703608.6072949,0
EIX.US,D,20040824,000000,18.0365,18.1235,17.9289,18.1235,4590375.5792551,0
EIX.US,D,20040825,000000,18.1469,18.1519,17.9191,17.9983,3337789.8213854,0
EIX.US,D,20040826,000000,18.0061,18.1186,17.9641,18.0659,2097294.4029291,0
EIX.US,D,20040827,000000,18.0237,18.0737,17.9573,17.9573,1127624.6330726,0
EIX.US,D,20040830,000000,17.8185,17.9641,17.8185,17.8625,1950690.3431368,0
EIX.US,D,20040831,000000,17.8693,18.0061,17.6816,18.0061,2858251.3643322,0
EIX.US,D,20040901,000000,18.0737,18.0737,17.9191,17.9709,3279710.1629908,0
EIX.US,D,20040902,000000,18.0121,18.3865,17.926,18.3415,3101752.0275609,0
EIX.US,D,20040903,000000,18.3865,18.4128,18.0737,18.1391,2061614.6043323,0
EIX.US,D,20040907,000000,18.2398,18.2398,18.0365,18.0991,1640600.7547131,0
EIX.US,D,20040908,000000,18.0511,18.1469,17.9641,18.0579,3368544.494409,0
EIX.US,D,20040909,000000,17.9857,18.1469,17.9857,18.1117,2381999.3929417,0
EIX.US,D,20040910,000000,18.1313,18.1724,18.0121,18.1235,2734489.044763,0
EIX.US,D,20040913,000000,18.0843,18.1519,17.8556,17.9427,2115508.6731433,0
EIX.US,D,20040914,000000,17.9427,17.9983,17.8028,17.9191,2909606.6664407,0
EIX.US,D,20040915,000000,17.926,17.9427,17.796,17.8556,2250324.1405721,0
EIX.US,D,20040916,000000,17.8556,17.9641,17.8028,17.8996,2241812.8280291,0
EIX.US,D,20040917,000000,17.8996,17.9709,17.8625,17.8918,2374832.133359,0
EIX.US,D,20040920,000000,17.75,17.8693,17.7022,17.7022,2421113.9935478,0
EIX.US,D,20040921,000000,17.75,18.0121,17.6943,17.9358,2762405.2497771,0
EIX.US,D,20040922,000000,17.8918,17.8918,17.7168,17.7442,1963232.7916888,0
EIX.US,D,20040923,000000,17.7891,17.9797,17.709,17.9358,3255381.1678178,0
EIX.US,D,20040924,000000,17.9191,17.9191,17.7833,17.8185,1931427.6297839,0
EIX.US,D,20040927,000000,17.6513,17.8918,17.579,17.796,1936205.461882,0
EIX.US,D,20040928,000000,17.665,17.9055,17.665,17.7442,4183541.7952268,0
EIX.US,D,20040929,000000,17.75,17.8478,17.6376,17.8478,1664642.3230353,0
EIX.US,D,20040930,000000,17.75,17.8625,17.6689,17.7559,2601463.602205,0
EIX.US,D,20041001,000000,17.7168,17.926,17.7022,17.9191,1482942.5241898,0
EIX.US,D,20041004,000000,17.9191,18.0579,17.796,17.8243,3029493.3264466,0
EIX.US,D,20041005,000000,17.884,17.9925,17.8478,17.926,1851856.4213543,0
EIX.US,D,20041006,000000,17.926,17.9495,17.7168,17.884,2066392.4364305,0
EIX.US,D,20041007,000000,17.8693,17.9289,17.7774,17.7891,1653588.1523044,0
EIX.US,D,20041008,000000,17.839,17.9983,17.6748,17.9358,1509071.7729471,0
EIX.US,D,20041011,000000,17.8556,18.0737,17.8185,17.9495,2596240.8210676,0
EIX.US,D,20041012,000000,18.0189,18.7873,17.9495,18.5888,7313364.4813765,0
EIX.US,D,20041013,000000,19.0894,19.5724,18.8225,18.9584,8821695.6954627,0
EIX.US,D,20041014,000000,19.0894,19.1295,18.9075,19.0699,3916454.7414285,0
EIX.US,D,20041015,000000,19.4257,19.544,19.2488,19.3406,4851635.3349452,0
EIX.US,D,20041018,000000,19.4257,19.5948,19.369,19.5508,4611722.9044289,0
EIX.US,D,20041019,000000,19.5508,19.9761,19.544,19.675,5993147.4924015,0
EIX.US,D,20041020,000000,19.6457,19.9937,19.5196,19.9468,3164161.5004003,0
EIX.US,D,20041021,000000,19.7249,19.7679,19.5137,19.5724,3420642.401121,0
EIX.US,D,20041022,000000,19.5196,19.7473,19.2986,19.6809,2559210.8322826,0
EIX.US,D,20041025,000000,19.7542,19.9937,19.6848,19.9839,2108044.7808677,0
EIX.US,D,20041026,000000,19.9125,20.1071,19.6809,20.1071,2319149.0625484,0
EIX.US,D,20041027,000000,20.1071,20.1472,19.8461,19.8959,1608354.7352542,0
EIX.US,D,20041028,000000,20.0622,20.3994,19.9605,20.3516,2565335.7859549,0
EIX.US,D,20041029,000000,20.3896,20.6077,20.1218,20.4307,2224494.5931216,0
EIX.US,D,20041101,000000,20.5148,20.5373,20.2332,20.2772,1727046.6815178,0
EIX.US,D,20041102,000000,20.4063,20.4649,19.8881,19.9605,1979802.2847645,0
EIX.US,D,20041103,000000,20.1609,20.5833,20.1609,20.4366,2026528.0711214,0
EIX.US,D,20041104,000000,20.4366,20.8413,20.1961,20.7631,1716289.1434798,0
EIX.US,D,20041105,000000,20.7631,21.0252,20.2264,20.6429,2222107.2113796,0
EIX.US,D,20041108,000000,20.6429,21.0672,20.6429,21.033,1339324.2258819,0
EIX.US,D,20041109,000000,21.1474,21.2178,20.9,20.9498,1830803.6831307,0
EIX.US,D,20041110,000000,21.0525,21.0604,20.8374,20.9577,2142681.2506825,0
EIX.US,D,20041111,000000,21.0252,21.5375,20.8853,21.4005,1797066.3172367,0
EIX.US,D,20041112,000000,21.4005,21.5795,21.249,21.4944,1872756.7517462,0
EIX.US,D,20041115,000000,21.5375,21.6205,21.2666,21.3331,1595962.6487912,0
EIX.US,D,20041116,000000,21.4005,21.423,21.1776,21.2002,1854988.4534426,0
EIX.US,D,20041117,000000,21.1326,21.4289,21.0858,21.2002,2063703.3076388,0
EIX.US,D,20041118,000000,21.2002,21.3468,21.0858,21.206,1646871.9789891,0
EIX.US,D,20041119,000000,21.3468,21.3683,21.1552,21.2803,1594470.2794847,0
EIX.US,D,20041122,000000,21.3917,21.5795,21.2412,21.5795,1923213.9728051,0
EIX.US,D,20041123,000000,21.6029,21.6596,21.3262,21.4357,2098939.1800676,0
EIX.US,D,20041124,000000,21.5647,21.7623,21.5647,21.5727,1769141.9292517,0
EIX.US,D,20041126,000000,21.6029,21.7691,21.5149,21.6127,610912.98524463,0
EIX.US,D,20041129,000000,21.6029,21.6821,21.2412,21.381,1221235.7737176,0
EIX.US,D,20041130,000000,21.3331,21.4142,21.2666,21.3683,1371277.7041332,0
EIX.US,D,20041201,000000,21.4289,21.4289,21.033,21.2002,1906947.2496504,0
EIX.US,D,20041202,000000,21.1112,21.1776,20.7993,20.8257,2532189.6397039,0
EIX.US,D,20041203,000000,20.9645,21.162,20.9,20.9498,2013537.6049159,0
EIX.US,D,20041206,000000,20.8051,21.033,20.7768,20.9498,1799750.3316715,0
EIX.US,D,20041207,000000,20.8912,21.0604,20.5578,20.5578,1203315.0675822,0
EIX.US,D,20041208,000000,20.5911,20.7171,20.3437,20.4649,2149847.4873939,0
EIX.US,D,20041209,000000,20.4649,20.6155,20.1961,20.5285,1376500.4852707,0
EIX.US,D,20041210,000000,20.3994,20.6361,20.2626,20.5089,1294832.3905639,0
EIX.US,D,20041213,000000,20.4767,20.9391,20.4767,20.9391,1019980.7203117,0
EIX.US,D,20041214,000000,21.0789,21.1396,20.5764,20.6077,1714503.2100944,0
EIX.US,D,20041215,000000,20.7299,20.9254,20.6634,20.9254,1275726.1765284,0
EIX.US,D,20041216,000000,20.8638,21.12,20.6634,20.9645,2205682.9660362,0
EIX.US,D,20041217,000000,20.7495,21.3262,20.7495,21.3067,2809878.7550942,0
EIX.US,D,20041220,000000,21.3067,21.4005,21.0789,21.1864,2348709.0218297,0
EIX.US,D,20041221,000000,21.3468,21.4426,21.2412,21.4357,1040142.5375854,0
EIX.US,D,20041222,000000,21.4357,21.7808,21.4357,21.6127,1557596.7900169,0
EIX.US,D,20041223,000000,21.6675,21.6763,21.4651,21.5471,718404.49017368,0
EIX.US,D,20041227,000000,21.687,21.6929,21.4005,21.4651,1680013.0108833,0
EIX.US,D,20041228,000000,21.4005,21.5883,21.3399,21.5541,1263335.1129368,0
EIX.US,D,20041229,000000,21.4709,21.6283,21.423,21.5541,575085.8931728,0
EIX.US,D,20041230,000000,21.6371,21.7564,21.5149,21.7231,751250.93511774,0
EIX.US,D,20041231,000000,21.6283,21.6763,21.4533,21.4533,633009.05225016,0
EIX.US,D,20050103,000000,21.4944,21.6127,21.1668,21.2734,2360948.7004608,0
EIX.US,D,20050104,000000,21.4357,21.6596,21.1552,21.2178,1668818.7067767,0
EIX.US,D,20050105,000000,21.3536,21.3536,20.7993,20.8775,2737767.347455,0
EIX.US,D,20050106,000000,20.7768,20.9645,20.7435,20.8853,1551919.853998,0
EIX.US,D,20050107,000000,20.9254,21.1326,20.7171,20.7299,975343.63726133,0
EIX.US,D,20050110,000000,20.7993,21.0858,20.7249,20.7699,2462920.7915595,0
EIX.US,D,20050111,000000,20.813,20.8374,20.5226,20.5705,1910821.8863422,0
EIX.US,D,20050112,000000,20.5979,20.7249,20.3828,20.6233,1538334.0766641,0
EIX.US,D,20050113,000000,20.4571,20.9792,20.4571,20.7249,1470556.574955,0
EIX.US,D,20050114,000000,20.7993,20.9322,20.6487,20.9,1290653.9610797,0
EIX.US,D,20050118,000000,20.9254,21.2588,20.8912,21.1034,1975473.4931913,0
EIX.US,D,20050119,000000,21.1034,21.381,21.1034,21.1923,1130162.3769037,0
EIX.US,D,20050120,000000,21.2666,21.2666,20.985,21.1474,1324841.3903699,0
EIX.US,D,20050121,000000,21.0974,21.249,21.0672,21.1668,1635375.9278329,0
EIX.US,D,20050124,000000,21.162,21.5081,21.1474,21.4005,1882464.8237743,0
EIX.US,D,20050125,000000,21.4005,21.6029,21.2246,21.2412,1546549.7793856,0
EIX.US,D,20050126,000000,21.381,21.423,21.1474,21.3605,1732272.5312693,0
EIX.US,D,20050127,000000,21.3008,21.5599,21.2002,21.4807,1319023.298104,0
EIX.US,D,20050128,000000,21.423,21.4944,21.162,21.4289,1373961.7185682,0
EIX.US,D,20050131,000000,21.5375,21.8033,21.4651,21.7495,1678822.3886264,0
EIX.US,D,20050201,000000,22.0038,22.0908,21.5795,21.5795,2607585.4872632,0
EIX.US,D,20050202,000000,21.7564,21.8835,21.6596,21.7359,1619101.0217074,0
EIX.US,D,20050203,000000,21.7359,21.7965,21.5883,21.7495,1064921.5961544,0
EIX.US,D,20050204,000000,21.6371,22.037,21.6371,22.037,1459503.4270954,0
EIX.US,D,20050207,000000,22.0096,22.0096,21.7564,21.7808,1339324.2258819,0
EIX.US,D,20050208,000000,21.9304,22.1054,21.8297,21.8747,1629851.3996458,0
EIX.US,D,20050209,000000,21.8962,21.9372,21.729,21.775,938317.73996172,0
EIX.US,D,20050210,000000,21.7691,21.8414,21.7017,21.8102,1642101.3069905,0
EIX.US,D,20050211,000000,21.8229,21.9432,21.7153,21.8904,1956958.4987987,0
EIX.US,D,20050214,000000,21.949,22.1709,21.9432,22.1054,1853051.1350967,0
EIX.US,D,20050215,000000,22.1709,22.2051,21.8033,21.9236,1861255.5862333,0
EIX.US,D,20050216,000000,21.8414,22.1054,21.7153,22.0497,1583719.9015462,0
EIX.US,D,20050217,000000,22.0976,22.1054,21.8747,21.9626,1157183.5694825,0
EIX.US,D,20050218,000000,22.1054,22.1709,21.6929,21.7691,2407385.0142241,0
EIX.US,D,20050222,000000,21.775,21.775,21.0974,21.0974,2727770.8257049,0
EIX.US,D,20050223,000000,21.2666,21.4426,21.2324,21.4005,3054126.114412,0
EIX.US,D,20050224,000000,21.4357,21.5081,21.3399,21.4485,2176125.0524978,0
EIX.US,D,20050225,000000,21.4651,21.949,21.4651,21.8962,1461148.2042339,0
EIX.US,D,20050228,000000,21.9372,22.0262,21.729,21.7564,2658346.5011146,0
EIX.US,D,20050301,000000,21.7564,21.9626,21.6675,21.7808,2671932.2784485,0
EIX.US,D,20050302,000000,21.7017,21.949,21.4993,21.6675,1801248.8382062,0
EIX.US,D,20050303,000000,21.7017,21.9372,21.5375,21.6439,2019066.2245884,0
EIX.US,D,20050304,000000,21.7691,22.2286,21.729,22.0976,3560385.0398657,0
EIX.US,D,20050307,000000,22.2198,22.7321,22.1914,22.5737,5373723.1946139,0
EIX.US,D,20050308,000000,22.6187,22.6187,22.2853,22.3371,2172540.9112706,0
EIX.US,D,20050309,000000,22.2657,22.4985,22.0566,22.3175,2613857.7344107,0
EIX.US,D,20050310,000000,22.3733,22.7262,22.1553,22.7067,3224771.7425267,0
EIX.US,D,20050311,000000,22.7741,23.4105,22.4447,22.4877,2947232.9892255,0
EIX.US,D,20050314,000000,22.4925,22.868,22.3733,22.6754,3292853.0370281,0
EIX.US,D,20050315,000000,22.8738,22.9931,22.4731,22.4731,3397510.1654331,0
EIX.US,D,20050316,000000,22.4387,22.6441,22.1289,22.4925,3713714.4788155,0
EIX.US,D,20050317,000000,22.5943,22.8816,22.3733,22.6666,3543666.2075721,0
EIX.US,D,20050318,000000,22.7067,22.9286,22.6373,22.9286,4423458.3172285,0
EIX.US,D,20050321,000000,22.9286,23.3549,22.8524,23.2776,3582633.5147031,0
EIX.US,D,20050322,000000,23.2835,23.3109,22.7174,22.827,2598028.8001957,0
EIX.US,D,20050323,000000,22.7663,22.9765,22.1768,22.8612,3790150.5865427,0
EIX.US,D,20050324,000000,22.9012,23.2776,22.868,23.1779,1613133.5902236,0
EIX.US,D,20050328,000000,23.1828,23.3353,22.9892,22.9892,1563717.6522039,0
EIX.US,D,20050329,000000,22.8894,22.9344,22.5249,22.56,3225071.4438336,0
EIX.US,D,20050330,000000,22.6881,22.9286,22.6069,22.9286,2585494.5346145,0
EIX.US,D,20050331,000000,22.8122,23.2776,22.7663,23.2561,2865570.0088755,0
EIX.US,D,20050401,000000,23.4429,23.6746,23.2415,23.4761,2599226.5825522,0
EIX.US,D,20050404,000000,23.4761,23.8916,23.4761,23.8662,3439606.4360383,0
EIX.US,D,20050405,000000,23.8662,24.1663,23.7478,24.0998,3762084.0194395,0
EIX.US,D,20050406,000000,24.2405,24.2533,23.9874,23.9991,1772883.5926674,0
EIX.US,D,20050407,000000,24.047,24.1781,23.9268,24.0861,1268262.2842527,0
EIX.US,D,20050408,000000,24.1663,24.1781,23.8779,23.8779,1474139.6933107,0
EIX.US,D,20050411,000000,23.8662,24.2943,23.8593,24.1859,2125657.6027253,0
EIX.US,D,20050412,000000,24.1135,24.3892,23.9268,24.2875,2761066.3111736,0
EIX.US,D,20050413,000000,24.309,24.3521,24.047,24.1467,1513852.6736593,0
EIX.US,D,20050414,000000,24.1135,24.2005,23.8867,23.9043,1704799.2295519,0
EIX.US,D,20050415,000000,24.0128,24.0548,23.6462,23.6746,2978435.6799025,0
EIX.US,D,20050418,000000,23.5611,23.789,23.2707,23.5318,2990977.1055831,0
EIX.US,D,20050419,000000,23.5504,24.0059,23.5504,23.9395,1235416.8621799,0
EIX.US,D,20050420,000000,23.9453,24.1135,23.7518,23.7586,2270774.4075678,0
EIX.US,D,20050421,000000,23.9131,24.0636,23.5973,23.9991,1493996.6949206,0
EIX.US,D,20050422,000000,23.9991,24.3726,23.9717,24.2005,1603583.0403842,0
EIX.US,D,20050425,000000,24.3657,24.656,24.0636,24.2533,2531597.3971895,0
EIX.US,D,20050426,000000,24.2533,24.3354,23.9874,23.9874,1541319.8381486,0
EIX.US,D,20050427,000000,23.8867,24.2367,23.783,24.1663,1444576.6654154,0
EIX.US,D,20050428,000000,24.1467,24.2221,23.783,24.0245,1855740.2638884,0
EIX.US,D,20050429,000000,24.0343,24.3413,23.9395,24.3169,1623282.5198056,0
EIX.US,D,20050502,000000,24.397,24.745,24.3169,24.5622,2084604.6609019,0
EIX.US,D,20050503,000000,24.6796,24.7646,24.1663,24.2299,3176699.857467,0
EIX.US,D,20050504,000000,24.2299,24.7578,24.1203,24.5486,2910505.7703614,0
EIX.US,D,20050505,000000,24.3726,24.6306,24.2533,24.3413,2290035.075178,0
EIX.US,D,20050506,000000,24.3726,24.5016,24.1203,24.44,2100131.8480672,0
EIX.US,D,20050509,000000,25.184,25.4255,24.6228,25.317,3465285.6213996,0
EIX.US,D,20050510,000000,25.4069,25.4069,24.8252,24.9699,2727770.8257049,0
EIX.US,D,20050511,000000,24.9503,25.2925,24.8682,25.1743,2101176.1997204,0
EIX.US,D,20050512,000000,25.6875,25.6875,24.5994,24.6796,2441721.7827321,0
EIX.US,D,20050513,000000,24.7362,24.7802,23.5504,24.135,3419450.7559927,0
EIX.US,D,20050516,000000,24.047,24.3413,23.8466,24.2943,3673548.3664568,0
EIX.US,D,20050517,000000,24.3169,24.789,24.2299,24.745,2337210.9249308,0
EIX.US,D,20050518,000000,24.9503,25.01,24.6796,24.7519,2125958.3269035,0
EIX.US,D,20050519,000000,24.8976,24.9836,24.6894,24.9641,1496830.0485733,0
EIX.US,D,20050520,000000,25.0511,25.0511,24.8174,24.9503,1014606.5542138,0
EIX.US,D,20050523,000000,25.01,25.1234,24.8839,25.0853,1653293.5653542,0
EIX.US,D,20050524,000000,25.1595,25.2534,24.9122,25.184,1663293.1557183,0
EIX.US,D,20050525,000000,25.184,25.2153,24.923,25.0169,1554908.6840967,0
EIX.US,D,20050526,000000,25.0169,25.1381,24.8897,25.0237,1209292.7277794,0
EIX.US,D,20050527,000000,24.9767,25.0969,24.8839,25.01,2709703.8489657,0
EIX.US,D,20050531,000000,24.9562,25.1303,24.615,24.615,3298968.7848583,0
EIX.US,D,20050601,000000,24.6796,25.2456,24.5153,24.8839,2950667.7912348,0
EIX.US,D,20050602,000000,24.9836,25.0969,24.7167,24.7519,1945312.0855534,0
EIX.US,D,20050603,000000,24.8428,25.1439,24.7802,25.1439,1562821.6168971,0
EIX.US,D,20050606,000000,25.0637,25.3101,25.0511,25.2534,1699575.4255431,0
EIX.US,D,20050607,000000,25.3746,25.6875,25.0706,25.1381,1771832.0809147,0
EIX.US,D,20050608,000000,25.2456,25.4754,25.184,25.4324,1724952.8638547,0
EIX.US,D,20050609,000000,25.4324,25.4324,25.1507,25.2534,1203167.7741071,0
EIX.US,D,20050610,000000,25.317,25.5076,25.1743,25.3815,1624629.6413798,0
EIX.US,D,20050613,000000,25.2984,25.5526,25.1919,25.4812,1766604.1854206,0
EIX.US,D,20050614,000000,25.5144,25.709,25.2876,25.666,1339173.8637928,0
EIX.US,D,20050615,000000,25.7813,25.7813,25.3541,25.5878,1528332.4405572,0
EIX.US,D,20050616,000000,25.6474,25.7403,25.4128,25.6004,1693154.8620492,0
EIX.US,D,20050617,000000,25.7217,25.7725,25.4998,25.7608,2472623.7492308,0
EIX.US,D,20050620,000000,25.6142,25.7892,25.5076,25.6592,1613576.4935203,0
EIX.US,D,20050621,000000,25.7217,26.0141,25.6943,25.9299,1454432.0309185,0
EIX.US,D,20050622,000000,26.1206,26.3904,25.9563,26.2272,2215985.3263215,0
EIX.US,D,20050623,000000,26.3171,26.9447,26.2966,26.7747,3630997.9409702,0
EIX.US,D,20050624,000000,26.6671,27.0718,26.541,26.7101,2320938.0645479,0
EIX.US,D,20050627,000000,26.6466,26.9585,26.6466,26.7913,1264823.3907579,0
EIX.US,D,20050628,000000,26.7805,27.1139,26.6925,27.021,2267494.0591331,0
EIX.US,D,20050629,000000,27.0533,27.4336,26.8881,27.2058,1995179.1098407,0
EIX.US,D,20050630,000000,27.3134,27.367,27.0718,27.1608,2955744.3017684,0
EIX.US,D,20050701,000000,27.329,27.4336,27.2439,27.367,1544306.6225045,0
EIX.US,D,20050705,000000,27.3612,27.5616,27.1686,27.1745,2683276.9446441,0
EIX.US,D,20050706,000000,27.2742,27.411,26.9965,27.0083,1845587.242821,0
EIX.US,D,20050707,000000,26.8059,27.0278,25.9563,26.934,1747944.966167,0
EIX.US,D,20050708,000000,27.0347,27.281,26.7033,27.1471,1243629.4962874,0
EIX.US,D,20050711,000000,27.0347,27.3134,26.9965,27.195,2255251.311888,0
EIX.US,D,20050712,000000,27.3612,27.7121,27.3426,27.5831,2227630.7166953,0
EIX.US,D,20050713,000000,27.5421,27.6701,27.367,27.3749,2047880.510652,0
EIX.US,D,20050714,000000,27.3749,27.5763,26.8803,27.0083,1782430.0510213,0
EIX.US,D,20050715,000000,26.9447,27.0894,26.7599,26.9271,2268391.1173112,0
EIX.US,D,20050718,000000,26.9095,26.9877,26.7385,26.8587,1830803.6831307,0
EIX.US,D,20050719,000000,26.8675,26.9271,26.5458,26.625,2053999.3270961,0
EIX.US,D,20050720,000000,26.7033,27.064,26.5566,27.0278,3065329.6243607,0
EIX.US,D,20050721,000000,27.0278,27.064,26.3904,26.4902,2410815.724748,0
EIX.US,D,20050722,000000,26.5898,26.7473,26.3962,26.6671,2085353.4027336,0
EIX.US,D,20050725,000000,26.6671,27.1217,26.6671,26.9095,2319750.510905,0
EIX.US,D,20050726,000000,26.9585,27.0581,26.7473,26.7473,1289611.6551692,0
EIX.US,D,20050727,000000,26.8587,27.2351,26.8255,27.2351,2241364.8103758,0
EIX.US,D,20050728,000000,27.3749,27.459,27.2058,27.3494,1574613.2778747,0
EIX.US,D,20050729,000000,27.3134,27.4521,27.2439,27.3808,1075072.5714791,0
EIX.US,D,20050801,000000,27.2634,27.3749,26.9095,26.9447,1631945.2173091,0
EIX.US,D,20050802,000000,27.0347,27.5831,27.0347,27.4893,2027874.1698242,0
EIX.US,D,20050803,000000,27.4893,28.1003,27.4472,27.6291,1993537.4013163,0
EIX.US,D,20050804,000000,27.6741,27.7121,27.3564,27.5616,1605819.0371657,0
EIX.US,D,20050805,000000,27.4336,27.4336,27.0963,27.2928,1782134.4411999,0
EIX.US,D,20050808,000000,27.1608,27.6291,26.8059,26.9095,2607290.9003131,0
EIX.US,D,20050809,000000,26.9965,27.6379,26.6925,26.7913,3941983.5647007,0
EIX.US,D,20050810,000000,27.0963,27.8089,26.8313,27.5616,4185934.2913255,0
EIX.US,D,20050811,000000,27.6379,28.0798,27.459,27.8041,3052036.3882342,0
EIX.US,D,20050812,000000,27.8168,27.9439,27.5167,27.7161,1337232.4539615,0
EIX.US,D,20050815,000000,27.6173,27.7904,27.4766,27.6965,1576406.3713596,0
EIX.US,D,20050816,000000,27.7297,27.7845,27.3016,27.3084,1377845.5611023,0
EIX.US,D,20050817,000000,27.281,27.4404,26.9672,27.4336,1278111.5125277,0
EIX.US,D,20050818,000000,27.4521,27.7757,27.2116,27.6623,2852278.8184917,0
EIX.US,D,20050819,000000,27.9722,28.1452,27.8305,28.113,2222553.1832904,0
EIX.US,D,20050822,000000,28.2919,28.3926,27.985,28.1003,2518158.9133306,0
EIX.US,D,20050823,000000,28.1522,28.3926,27.9771,28.1072,1707779.8766796,0
EIX.US,D,20050824,000000,28.2587,28.9127,28.2587,28.5803,2733291.2624065,0
EIX.US,D,20050825,000000,28.7348,29.1748,28.6937,29.1669,2352591.8414924,0
EIX.US,D,20050826,000000,29.2833,29.3917,28.7231,29.1054,2535179.4926738,0
EIX.US,D,20050829,000000,28.9743,29.5658,28.769,29.4905,2291682.9209304,0
EIX.US,D,20050830,000000,29.6049,29.9734,29.337,29.5736,3582633.5147031,0
EIX.US,D,20050831,000000,29.6723,30.2267,29.3781,30.1602,3462299.859915,0
EIX.US,D,20050901,000000,30.2042,30.474,29.7721,30.3743,2515618.1008854,0
EIX.US,D,20050902,000000,30.1416,30.6256,29.3116,30.2687,1406806.1177695,0
EIX.US,D,20050906,000000,30.5249,31.1857,30.4467,30.6979,2444853.8148203,0
EIX.US,D,20050907,000000,30.7086,31.0352,30.5513,31.0283,1879027.9760222,0
EIX.US,D,20050908,000000,31.2493,31.5533,30.8788,30.9384,3035467.9180298,0
EIX.US,D,20050909,000000,30.8836,31.7958,30.8788,31.5836,3252833.1952732,0
EIX.US,D,20050912,000000,31.5084,31.6354,31.1467,31.2767,1999806.5798496,0
EIX.US,D,20050913,000000,30.9442,31.2689,30.914,31.0215,2582503.6587732,0
EIX.US,D,20050914,000000,31.1144,31.2405,30.8788,31.0146,1981145.3148534,0
EIX.US,D,20050915,000000,31.1261,31.2199,30.9384,31.1467,2749564.1227894,0
EIX.US,D,20050916,000000,31.2199,31.4008,30.6774,31.3119,2788380.0449599,0
EIX.US,D,20050919,000000,31.3813,31.4135,31.0352,31.2805,1369480.5191629,0
EIX.US,D,20050920,000000,31.2268,31.4771,30.9599,31,1426809.3899833,0
EIX.US,D,20050921,000000,30.9316,31.2268,30.1475,30.6099,3259557.5515594,0
EIX.US,D,20050922,000000,30.6099,30.6099,30.0409,30.167,2735231.6493665,0
EIX.US,D,20050923,000000,30.2423,30.692,30.1416,30.3821,2292419.3883059,0
EIX.US,D,20050926,000000,30.5767,30.7976,30.474,30.6656,1149276.7739102,0
EIX.US,D,20050927,000000,30.7438,30.8044,30.4037,30.6656,1647171.680296,0
EIX.US,D,20050928,000000,30.9521,31.3265,30.8122,31.2121,4135619.2493849,0
EIX.US,D,20050929,000000,31.2268,31.9082,31.1613,31.8163,3768051.4509232,0
EIX.US,D,20050930,000000,31.8026,31.8701,31.4634,31.6687,2888258.3183954,0
EIX.US,D,20051003,000000,31.6756,32.8409,31.6756,32.7676,3437514.6641178,0
EIX.US,D,20051004,000000,32.7676,32.9279,31.568,31.6824,3264036.7052218,0
EIX.US,D,20051005,000000,31.5084,31.614,30.4877,30.5111,2835107.8770594,0
EIX.US,D,20051006,000000,30.6021,30.6177,29.3302,29.8336,4312240.4919541,0
EIX.US,D,20051007,000000,29.8474,30.6392,29.6997,30.5894,2293767.5327514,0
EIX.US,D,20051010,000000,30.474,30.474,29.5815,29.6723,2153283.3122746,0
EIX.US,D,20051011,000000,29.9392,30.2824,29.822,30.0742,2721495.5099434,0
EIX.US,D,20051012,000000,30.0947,30.6021,29.4593,29.4729,2640280.5472468,0
EIX.US,D,20051013,000000,29.3713,29.5736,28.5187,28.8326,3363023.034836,0
EIX.US,D,20051014,000000,29.0212,29.2314,28.6635,29.1386,2263308.4695494,0
EIX.US,D,20051017,000000,29.2119,29.7604,29.0368,29.6342,1514004.0586197,0
EIX.US,D,20051018,000000,29.6342,29.8151,28.7417,28.8638,1754066.8512253,0
EIX.US,D,20051019,000000,29.0076,29.0975,28.1942,28.9586,2739261.7625042,0
EIX.US,D,20051020,000000,28.8726,28.9323,27.1344,27.417,3616073.2250329,0
EIX.US,D,20051021,000000,27.547,27.7963,27.1608,27.5538,2805549.9635208,0
EIX.US,D,20051024,000000,27.6623,28.2264,27.1276,28.1942,2555479.3975804,0
EIX.US,D,20051025,000000,28.1258,28.7543,28.0632,28.7543,3300616.6306107,0
EIX.US,D,20051026,000000,28.5275,28.769,28.1452,28.3281,3201630.3009965,0
EIX.US,D,20051027,000000,28.3995,28.4718,27.6584,27.6623,1287665.1309812,0
EIX.US,D,20051028,000000,27.7963,28.8726,27.7757,28.8638,2125958.3269035,0
EIX.US,D,20051031,000000,28.9586,29.4661,28.9323,29.3116,2352735.043482,0
EIX.US,D,20051101,000000,29.4729,29.4817,28.8795,29.076,2544583.7719095,0
EIX.US,D,20051102,000000,28.8638,29.205,28.6361,29.0008,2062665.0932137,0
EIX.US,D,20051103,000000,29.1444,29.205,28.769,28.8726,2714628.9745389,0
EIX.US,D,20051104,000000,29.5736,29.9734,28.7231,28.856,3375709.7082491,0
EIX.US,D,20051107,000000,29.1669,29.2637,28.4347,28.8091,2800477.5444726,0
EIX.US,D,20051108,000000,28.7543,29.1493,28.5735,28.7768,2655509.0559765,0
EIX.US,D,20051109,000000,28.8404,29.2383,28.769,29.0076,2853326.238759,0
EIX.US,D,20051110,000000,29.0682,29.162,28.2382,28.5491,2651329.6036209,0
EIX.US,D,20051111,000000,28.4083,28.4288,27.6809,28.0632,2253158.5170961,0
EIX.US,D,20051114,000000,28.0632,28.3926,27.8529,28.333,2659543.2605997,0
EIX.US,D,20051115,000000,28.2264,28.9254,28.1638,28.7417,2483819.0762086,0
EIX.US,D,20051116,000000,28.6869,28.9489,28.5089,28.8023,1956958.4987987,0
EIX.US,D,20051117,000000,28.9674,29.3781,28.8326,29.337,1789897.0119111,0
EIX.US,D,20051118,000000,29.6841,29.6929,28.9489,29.3859,2311539.9225405,0
EIX.US,D,20051121,000000,29.4231,29.6459,29.3654,29.5981,1353509.4058298,0
EIX.US,D,20051122,000000,29.5511,29.7828,29.4045,29.7721,1687036.0456051,0
EIX.US,D,20051123,000000,29.952,30.3743,29.7926,30.1475,1545504.404861,0
EIX.US,D,20051125,000000,30.2765,30.5327,30.035,30.1084,529996.70098361,0
EIX.US,D,20051128,000000,29.9618,30.651,29.8288,30.1475,2693732.7356325,0
EIX.US,D,20051129,000000,30.255,30.651,30.2472,30.3039,1677478.3356662,0
EIX.US,D,20051130,000000,30.3557,30.5376,30.1534,30.2227,1955916.1928882,0
EIX.US,D,20051201,000000,30.3557,30.7086,30.3283,30.6696,1736299.575793,0
EIX.US,D,20051202,000000,30.6696,30.6696,30.2981,30.563,1052076.3776814,0
EIX.US,D,20051205,000000,30.6696,30.778,30.2091,30.7086,1630004.830349,0
EIX.US,D,20051206,000000,30.8122,30.8729,30.4545,30.5825,1578196.3962304,0
EIX.US,D,20051207,000000,30.5327,30.5943,29.952,30.0409,1498322.4178799,0
EIX.US,D,20051208,000000,29.9803,30.692,29.9803,30.4115,1886045.8963872,0
EIX.US,D,20051209,000000,30.474,31.0215,30.4115,30.9765,1764664.8213319,0
EIX.US,D,20051212,000000,30.9932,31.1075,30.7312,30.8788,2982464.7701688,0
EIX.US,D,20051213,000000,30.8308,30.9648,30.5698,30.8729,1742119.7138017,0
EIX.US,D,20051214,000000,31.0049,31.4634,31.0049,31.2805,1322604.370717,0
EIX.US,D,20051215,000000,31.306,31.482,31.1916,31.3773,1590140.46504,0
EIX.US,D,20051216,000000,31.4057,31.6824,31.4057,31.5328,1651350.1097802,0
EIX.US,D,20051219,000000,31.4634,31.5533,30.692,30.7438,1745409.2680786,0
EIX.US,D,20051220,000000,29.907,30.2472,29.6645,30.0146,3672358.7670713,0
EIX.US,D,20051221,000000,29.946,30.1152,29.3986,29.5247,2034889.0215751,0
EIX.US,D,20051222,000000,29.4162,29.5247,29.1748,29.3654,2160000.5084613,0
EIX.US,D,20051223,000000,29.3713,29.5033,28.9743,29.2833,1426063.7167656,0
EIX.US,D,20051227,000000,29.4455,29.6205,28.9782,29.028,2653416.2611846,0
EIX.US,D,20051228,000000,28.7075,28.9586,28.4718,28.8208,2684467.5669011,0
EIX.US,D,20051229,000000,28.9068,29.5736,28.8922,29.4162,2148795.9756413,0
EIX.US,D,20051230,000000,29.162,29.2833,28.9196,29.2119,1554757.2991361,0
EIX.US,D,20060103,000000,29.2442,30.0146,28.9068,29.9872,2469339.3093107,0
EIX.US,D,20060104,000000,30.1279,30.8122,29.5589,30.3088,3510073.0665391,0
EIX.US,D,20060105,000000,30.5444,30.8122,29.9392,30.0292,2872434.4985373,0
EIX.US,D,20060106,000000,30.0742,30.2042,29.8082,30.1475,2203445.9463834,0
EIX.US,D,20060109,000000,30.0614,30.1739,29.7466,29.7926,1458910.1617097,0
EIX.US,D,20060110,000000,29.6342,30.4231,29.5511,30.3343,3219696.2548643,0
EIX.US,D,20060111,000000,30.4319,30.7086,30.1973,30.2765,2989185.0349696,0
EIX.US,D,20060112,000000,30.4613,30.7438,30.3167,30.518,2432762.4525358,0
EIX.US,D,20060113,000000,30.6177,30.7438,30.4037,30.6598,1449657.2674345,0
EIX.US,D,20060117,000000,30.4955,31.1144,30.4115,31.0215,1577448.6772701,0
EIX.US,D,20060118,000000,31.0215,31.2121,30.5376,30.6392,2915131.1946276,0
EIX.US,D,20060119,000000,30.5444,30.914,30.2903,30.8592,2154625.3194921,0
EIX.US,D,20060120,000000,30.914,31.2033,30.5894,30.778,3237610.8237716,0
EIX.US,D,20060123,000000,30.8044,31,30.4545,30.563,1680316.8036757,0
EIX.US,D,20060124,000000,30.6656,31.0459,30.5767,30.9442,1194512.2367031,0
EIX.US,D,20060125,000000,30.9648,31.1467,30.3039,30.4037,2058628.8428478,0
EIX.US,D,20060126,000000,31.0723,31.0723,30.0742,30.2981,1751681.5152259,0
EIX.US,D,20060127,000000,30.2824,30.563,29.7926,29.9158,3378991.0795552,0
EIX.US,D,20060130,000000,29.8336,29.8336,29.5111,29.6782,2632665.2700106,0
EIX.US,D,20060131,000000,29.4231,29.5403,29.2383,29.3527,2762854.2903018,0
EIX.US,D,20060201,000000,29.3048,29.4377,29.0368,29.3654,2493972.097276,0
EIX.US,D,20060202,000000,29.2705,29.4045,28.8795,29.162,2033547.0143577,0
EIX.US,D,20060203,000000,28.9782,28.9968,28.6693,28.8208,1815275.4730941,0
EIX.US,D,20060206,000000,28.7495,29.0008,28.6996,28.8472,1953822.375225,0
EIX.US,D,20060207,000000,28.7768,28.901,28.6409,28.8023,1868878.0235689,0
EIX.US,D,20060208,000000,28.7417,28.9401,28.5403,28.9323,2642517.5668997,0
EIX.US,D,20060209,000000,28.9401,29.3429,28.8472,29.1248,1435772.811665,0
EIX.US,D,20060210,000000,28.6125,29.3917,28.6125,28.9489,1314691.4379166,0
EIX.US,D,20060213,000000,29.2705,29.3116,29.0154,29.1933,1589543.1081688,0
EIX.US,D,20060214,000000,28.9743,29.337,28.8795,29.2197,1663742.1962431,0
EIX.US,D,20060215,000000,29.1748,29.5981,29.1748,29.3781,2717316.0575879,0
EIX.US,D,20060216,000000,29.2559,29.6049,29.2383,29.5658,2179710.2165962,0
EIX.US,D,20060217,000000,29.5111,29.9304,29.3986,29.5403,1945165.8149497,0
EIX.US,D,20060221,000000,29.6459,29.7721,29.4113,29.4729,1483541.9268036,0
EIX.US,D,20060222,000000,29.4729,30.3235,29.4455,30.2903,2441568.3520289,0
EIX.US,D,20060223,000000,30.167,30.3039,29.9686,30.1221,1999806.5798496,0
EIX.US,D,20060224,000000,30.0742,30.2981,30.0292,30.1475,1256913.5265716,0
EIX.US,D,20060227,000000,30.1475,30.3743,29.777,30.1221,2041609.2863759,0
EIX.US,D,20060228,000000,29.9686,30.0742,29.5658,29.7144,1704799.2295519,0
EIX.US,D,20060301,000000,29.822,29.8405,29.4983,29.6645,1800348.7114141,0
EIX.US,D,20060302,000000,29.4729,29.7408,29.1444,29.6274,1644927.5005437,0
EIX.US,D,20060303,000000,29.4729,29.822,29.3654,29.6274,1456970.7976211,0
EIX.US,D,20060306,000000,29.6274,29.6391,28.898,29.0642,1562521.9155901,0
EIX.US,D,20060307,000000,29.6645,29.6723,28.6996,29.0212,2181347.8336352,0
EIX.US,D,20060308,000000,28.6996,28.9323,27.9165,28.6937,3390791.946375,0
EIX.US,D,20060309,000000,28.769,28.7886,28.1864,28.2078,1854840.1370962,0
EIX.US,D,20060310,000000,28.2,28.5803,28.0378,28.5011,2575635.077626,0
EIX.US,D,20060313,000000,28.4542,28.6937,28.2919,28.6293,2028618.8201705,0
EIX.US,D,20060314,000000,28.5334,28.9743,28.3995,28.901,2391707.4649698,0
EIX.US,D,20060315,000000,28.8023,29.1248,28.6125,29.1248,1763024.1356789,0
EIX.US,D,20060316,000000,29.2559,29.4661,29.1845,29.205,1985920.0783373,0
EIX.US,D,20060317,000000,29.337,29.4377,28.8208,29.0368,2943648.8479983,0
EIX.US,D,20060320,000000,29.0154,29.4523,28.9401,29.1493,2827498.7370513,0
EIX.US,D,20060321,000000,29.0506,29.0642,28.6361,28.8326,3067712.9146173,0
EIX.US,D,20060322,000000,28.7983,28.8726,28.4581,28.6556,1954868.7726209,0
EIX.US,D,20060323,000000,28.5334,28.9196,28.3066,28.856,2344978.6099988,0
EIX.US,D,20060324,000000,28.815,29.0682,28.7886,28.9782,2897667.7119879,0
EIX.US,D,20060327,000000,28.8795,28.9586,28.6125,28.7417,1664193.2825105,0
EIX.US,D,20060328,000000,28.7495,28.7495,28.2919,28.2998,2095956.487197,0
EIX.US,D,20060329,000000,28.1374,28.5803,28.0856,28.4415,2841683.9169991,0
EIX.US,D,20060330,000000,28.3281,28.5539,27.9586,28.0182,2190014.6226241,0
EIX.US,D,20060331,000000,28.0338,28.0378,27.367,27.5831,2285408.6280403,0
EIX.US,D,20060403,000000,27.4472,27.9165,27.417,27.5421,2662971.9253808,0
EIX.US,D,20060404,000000,27.4688,27.9107,27.3564,27.8843,2469937.6890532,0
EIX.US,D,20060405,000000,27.7904,28.2851,27.7904,28.113,2443360.4226424,0
EIX.US,D,20060406,000000,28.0114,28.0182,27.5167,27.6232,2103271.040255,0
EIX.US,D,20060407,000000,27.6173,27.764,26.9516,26.9965,2094457.9806623,0
EIX.US,D,20060410,000000,27.1217,27.4336,27.0141,27.0533,1516384.2802623,0
EIX.US,D,20060411,000000,27.1139,27.1686,26.3856,26.497,2368268.3678754,0
EIX.US,D,20060412,000000,26.4334,26.5263,26.2907,26.3504,1609252.8163037,0
EIX.US,D,20060413,000000,26.1206,26.2574,25.9377,26.0229,2302128.4832053,0
EIX.US,D,20060417,000000,25.9623,26.0903,25.6875,25.8146,2384987.200169,0
EIX.US,D,20060418,000000,25.8557,27.0347,25.8488,26.9379,5061098.930973,0
EIX.US,D,20060419,000000,26.9585,27.1276,26.7913,26.9672,1296478.1905737,0
EIX.US,D,20060420,000000,26.9271,27.4404,26.9271,27.1814,1384264.0788533,0
EIX.US,D,20060421,000000,27.329,27.367,27.0278,27.2194,1659714.1288481,0
EIX.US,D,20060424,000000,27.0963,27.4286,26.8059,27.329,2010405.5728277,0
EIX.US,D,20060425,000000,27.3134,27.329,26.7033,27.1276,1512958.6840952,0
EIX.US,D,20060426,000000,27.1276,27.1872,26.5791,26.7247,1809449.1978573,0
EIX.US,D,20060427,000000,26.5263,27.1745,26.4754,27.064,2140444.2310297,0
EIX.US,D,20060428,000000,27.0405,27.153,26.625,27.064,1967410.1983016,0
EIX.US,D,20060501,000000,27.0963,27.1276,26.2418,26.3572,2925734.2790911,0
EIX.US,D,20060502,000000,26.3572,26.5791,25.9877,26.4754,5779804.145325,0
EIX.US,D,20060503,000000,26.4246,26.9585,26.4198,26.9125,3457672.389906,0
EIX.US,D,20060504,000000,27.0581,27.106,26.5713,26.6779,2243156.8809893,0
EIX.US,D,20060505,000000,26.8441,27.5284,26.8313,27.5245,2249875.1000473,0
EIX.US,D,20060508,000000,27.1872,27.1872,26.6466,26.8939,4390915.6650768,0
EIX.US,D,20060509,000000,26.7247,26.8441,26.4374,26.6466,3690869.6699784,0
EIX.US,D,20060510,000000,26.5634,27.459,26.5263,27.4286,3261051.9666086,0
EIX.US,D,20060511,000000,27.4286,27.5245,27.064,27.459,2912890.0834893,0
EIX.US,D,20060512,000000,27.3612,27.5167,27.0718,27.1021,2278391.7305467,0
EIX.US,D,20060515,000000,27.1021,27.2566,26.7805,26.9965,2419031.4274695,0
EIX.US,D,20060516,000000,27.1139,27.2263,26.8675,26.9731,2041759.6484651,0
EIX.US,D,20060517,000000,26.8137,27.0963,26.1832,26.2105,3875247.3460307,0
EIX.US,D,20060518,000000,26.1968,26.4823,26.0443,26.192,2466056.9151332,0
EIX.US,D,20060519,000000,26.3904,26.6104,26.0961,26.3112,3370781.5140618,0
EIX.US,D,20060522,000000,26.192,26.7913,26.1137,26.6319,3062488.0877371,0
EIX.US,D,20060523,000000,26.7101,26.8519,25.9779,25.9827,1795571.9021874,0
EIX.US,D,20060524,000000,25.9827,26.2154,25.5878,25.8859,2749270.5587106,0
EIX.US,D,20060525,000000,26.0229,26.0629,25.6797,25.7344,3429305.0986245,0
EIX.US,D,20060526,000000,25.8859,25.9877,25.6875,25.9211,2317655.6703705,0
EIX.US,D,20060530,000000,25.9563,26.1968,25.6474,25.709,2956789.6762929,0
EIX.US,D,20060531,000000,25.8205,26.6172,25.709,26.2848,3308677.8797576,0
EIX.US,D,20060601,000000,26.2907,26.6319,26.2223,26.5713,1794229.8949699,0
EIX.US,D,20060602,000000,26.6544,27.1686,26.3366,27.0024,2754490.2712339,0
EIX.US,D,20060605,000000,26.9585,27.0533,26.5566,26.6319,3027400.5316548,0
EIX.US,D,20060606,000000,26.6319,26.6925,26.1431,26.3904,2455751.486234,0
EIX.US,D,20060607,000000,26.4902,26.6925,26.3112,26.3856,1965914.760381,0
EIX.US,D,20060608,000000,26.3962,26.6925,26.192,26.5458,2834067.6168915,0
EIX.US,D,20060609,000000,26.412,26.7747,26.323,26.6544,1787804.2171192,0
EIX.US,D,20060612,000000,26.671,26.6984,26.0365,26.2154,4060672.4423503,0
EIX.US,D,20060613,000000,26.2272,26.45,25.6328,25.6875,3426471.7449718,0
EIX.US,D,20060614,000000,25.6875,25.8761,25.3844,25.666,2289885.7359601,0
EIX.US,D,20060615,000000,26.1206,26.7678,26.0766,26.6925,3852403.5600649,0
EIX.US,D,20060616,000000,26.6925,27.2742,26.6544,27.1686,3809413.2998956,0
EIX.US,D,20060619,000000,27.195,27.287,26.3435,26.6045,2724028.1394179,0
EIX.US,D,20060620,000000,26.6104,26.8059,26.2037,26.3288,2850490.8393636,0
EIX.US,D,20060621,000000,26.4902,26.625,26.3171,26.365,3308078.4771437,0
EIX.US,D,20060622,000000,26.412,26.412,26.0141,26.2154,2013986.6454406,0
EIX.US,D,20060623,000000,26.2037,26.4823,26.0766,26.234,1588200.07808,0
EIX.US,D,20060626,000000,26.2272,26.5791,26.2272,26.4334,1322452.9857565,0
EIX.US,D,20060627,000000,26.4754,26.8255,26.1646,26.365,3370191.3172902,0
EIX.US,D,20060628,000000,26.2105,26.4902,26.192,26.3366,2850339.4544031,0
EIX.US,D,20060629,000000,26.3366,26.5204,25.9877,26.1431,4801625.1086683,0
EIX.US,D,20060630,000000,26.1294,26.2712,26.0571,26.1206,2962612.8829156,0
EIX.US,D,20060703,000000,26.2643,26.3366,26.0687,26.1137,909656.88460133,0
EIX.US,D,20060705,000000,25.8693,26.0687,25.666,25.6943,2612069.7552825,0
EIX.US,D,20060706,000000,25.6875,25.8009,25.493,25.6728,3037703.9148113,0
EIX.US,D,20060707,000000,25.5956,26.4246,25.5956,26.3962,3601589.3666495,0
EIX.US,D,20060710,000000,26.3435,26.5204,26.2272,26.4198,3122649.2893388,0
EIX.US,D,20060711,000000,26.4198,27.021,26.4198,26.9672,4222059.0389616,0
EIX.US,D,20060712,000000,27.0454,27.0454,26.2154,26.2966,2684328.4563968,0
EIX.US,D,20060713,000000,26.2907,26.5898,26.0229,26.0961,2725377.3067347,0
EIX.US,D,20060714,000000,26.0571,26.278,25.8557,26.0443,2426791.9524381,0
EIX.US,D,20060717,000000,26.0297,26.2712,26.0229,26.102,1807507.7880261,0
EIX.US,D,20060718,000000,26.2223,26.5967,26.0571,26.3288,3135942.5254652,0
EIX.US,D,20060719,000000,26.497,26.6857,26.2966,26.5028,2621614.1678938,0
EIX.US,D,20060720,000000,26.5028,27.0963,26.4246,26.9271,2172841.635449,0
EIX.US,D,20060721,000000,27.2018,27.2018,26.7385,27.1412,3896303.1528685,0
EIX.US,D,20060724,000000,27.1814,27.7513,27.1412,27.7121,4147564.3410658,0
EIX.US,D,20060725,000000,27.7581,27.8529,27.4981,27.6291,3840013.5193446,0
EIX.US,D,20060726,000000,27.459,27.7963,27.367,27.6897,3781640.2968711,0
EIX.US,D,20060727,000000,27.8589,28.2,27.7229,27.764,3477529.3915161,0
EIX.US,D,20060728,000000,27.9644,28.3995,27.8041,27.8715,2721649.963518,0
EIX.US,D,20060731,000000,27.8373,27.9312,27.6125,27.7161,1854544.5272747,0
EIX.US,D,20060801,000000,27.5959,28.245,27.4336,28.2078,2340051.438683,0
EIX.US,D,20060802,000000,28.2508,28.5011,28.0632,28.4797,2786592.0658317,0
EIX.US,D,20060803,000000,28.464,28.7543,27.985,28.1942,2804658.0196995,0
EIX.US,D,20060804,000000,28.3995,28.6361,28.2851,28.5275,2515021.7668856,0
EIX.US,D,20060807,000000,28.4347,28.5871,27.8168,27.8979,2250172.7556115,0
EIX.US,D,20060808,000000,27.4766,28.2587,27.459,27.9771,3778951.1680795,0
EIX.US,D,20060809,000000,28.4542,28.7543,28.3799,28.5334,4118151.6752597,0
EIX.US,D,20060810,000000,28.4347,28.5931,28.158,28.4474,3112503.4283708,0
EIX.US,D,20060811,000000,28.464,28.5931,28.1786,28.2508,1843345.1088114,0
EIX.US,D,20060814,000000,28.4797,28.6477,28.2587,28.3457,2173141.3367559,0
EIX.US,D,20060815,000000,28.6556,28.6693,28.3652,28.4885,1708978.6819074,0
EIX.US,D,20060816,000000,28.4885,28.6693,27.8901,27.985,2992022.4801077,0
EIX.US,D,20060817,000000,27.9722,28.072,27.6584,27.8089,2002641.979245,0
EIX.US,D,20060818,000000,27.8089,28.2998,27.8089,28.1786,1331268.0910918,0
EIX.US,D,20060821,000000,28.2196,28.5089,28.1072,28.1258,871725.74615276,0
EIX.US,D,20060822,000000,28.1072,28.4718,28.0798,28.4141,1775118.5665775,0
EIX.US,D,20060823,000000,28.5089,28.5686,27.985,28.1786,1578493.0289233,0
EIX.US,D,20060824,000000,28.3525,28.5871,28.2138,28.5871,2016078.4173612,0
EIX.US,D,20060825,000000,28.5158,28.7289,28.4415,28.7231,1866783.1830344,0
EIX.US,D,20060828,000000,28.6125,29.1748,28.6125,29.0828,2834662.92802,0
EIX.US,D,20060829,000000,29.1248,29.2637,28.898,29.0076,2331392.8326649,0
EIX.US,D,20060830,000000,29.1248,29.1992,28.9323,28.9782,1955168.4739279,0
EIX.US,D,20060831,000000,29.028,29.3302,28.9068,29.2314,1789747.6726933,0
EIX.US,D,20060901,000000,29.3253,29.3253,29.0906,29.2314,2540253.9574648,0
EIX.US,D,20060905,000000,29.1386,29.1748,28.4885,28.6693,2364084.8240344,0
EIX.US,D,20060906,000000,28.6125,28.7231,28.3868,28.5999,1718983.3866283,0
EIX.US,D,20060907,000000,28.5735,28.6693,28.2508,28.4933,1191530.566704,0
EIX.US,D,20060908,000000,28.6067,28.6067,28.2,28.2323,2136110.3250995,0
EIX.US,D,20060911,000000,28.0934,28.4347,28.0934,28.2264,3065771.5047859,0
EIX.US,D,20060912,000000,28.1786,28.1864,27.8529,27.8784,2688509.9544952,0
EIX.US,D,20060913,000000,27.8843,27.9918,27.4981,27.985,2788832.1540986,0
EIX.US,D,20060914,000000,27.9439,28.1072,27.4766,27.5245,2619080.5155481,0
EIX.US,D,20060915,000000,27.547,27.6496,27.4032,27.4893,3714757.8075975,0
EIX.US,D,20060918,000000,27.459,27.7043,27.2928,27.5108,2028472.5495667,0
EIX.US,D,20060919,000000,27.59,27.8168,27.2634,27.7445,2163730.9202921,0
EIX.US,D,20060920,000000,27.8784,28.1003,27.7297,27.7757,3020236.3406861,0
EIX.US,D,20060921,000000,27.7757,27.7757,27.4286,27.6701,1759439.9944518,0
EIX.US,D,20060922,000000,27.6897,27.8589,27.4688,27.5959,2533238.0828425,0
EIX.US,D,20060925,000000,27.7904,28.2851,27.6623,28.2323,3469467.1194978,0
EIX.US,D,20060926,000000,28.2998,28.3721,28.1452,28.333,3079953.6161196,0
EIX.US,D,20060927,000000,28.1452,28.5158,28.1316,28.4797,1234964.7530411,0
EIX.US,D,20060928,000000,28.5334,28.6937,28.1707,28.5089,2101328.6075523,0
EIX.US,D,20060929,000000,28.3995,28.5089,27.8843,27.8901,2430674.7721007,0
EIX.US,D,20061002,000000,27.9771,28.3525,27.9233,28.1638,2597281.0812354,0
EIX.US,D,20061003,000000,28.2665,28.5275,27.9312,28.4347,3264334.3607861,0
EIX.US,D,20061004,000000,28.5011,28.769,28.3525,28.6996,2689698.5310094,0
EIX.US,D,20061005,000000,28.6811,28.7886,28.3799,28.5334,2706720.1332239,0
EIX.US,D,20061006,000000,28.464,28.5275,28.1208,28.2264,2310191.7780948,0
EIX.US,D,20061009,000000,28.2851,28.3995,28.0504,28.2138,992512.53295098,0
EIX.US,D,20061010,000000,28.2508,28.2744,28.0856,28.2264,3060991.6269452,0
EIX.US,D,20061011,000000,28.1638,28.3457,27.9586,28.1072,3245074.7160472,0
EIX.US,D,20061012,000000,28.2508,28.5403,28.0934,28.5011,2896621.3145919,0
EIX.US,D,20061013,000000,28.4474,28.4885,28.1316,28.2802,2111777.2384411,0
EIX.US,D,20061016,000000,28.2078,28.3995,28.1316,28.2851,2062511.6625105,0
EIX.US,D,20061017,000000,28.2851,28.7827,28.2851,28.6635,2166419.0262124,0
EIX.US,D,20061018,000000,28.769,28.8326,28.5871,28.7827,2542942.0633851,0
EIX.US,D,20061019,000000,28.7348,29.0368,28.5686,29.028,1436816.1404468,0
EIX.US,D,20061020,000000,29.1318,29.4377,28.9782,29.4045,2710902.6541935,0
EIX.US,D,20061023,000000,29.337,29.5981,29.205,29.5903,2997843.6409876,0
EIX.US,D,20061024,000000,29.6274,29.7144,29.2705,29.4905,1961290.3589862,0
EIX.US,D,20061025,000000,29.6049,30.1025,29.4593,29.8982,1903360.0398092,0
EIX.US,D,20061026,000000,30.0214,30.0214,29.6117,29.822,1943222.3593757,0
EIX.US,D,20061027,000000,29.8982,29.9226,29.4729,29.5511,1194512.2367031,0
EIX.US,D,20061030,000000,29.7339,29.8288,29.5658,29.6723,1030883.5060821,0
EIX.US,D,20061031,000000,29.8082,29.8474,29.5903,29.7642,1819457.9940637,0
EIX.US,D,20061101,000000,29.9392,30.167,29.8474,30.0947,2576679.4292792,0
EIX.US,D,20061102,000000,30.0478,30.3088,29.7466,30.1025,2637889.0740194,0
EIX.US,D,20061103,000000,30.0409,30.1475,29.4377,29.6841,2889602.3713556,0
EIX.US,D,20061106,000000,29.7828,30.1475,29.6645,29.8982,2373490.1261414,0
EIX.US,D,20061107,000000,29.8336,30.1739,29.822,30.1348,2339153.3576335,0
EIX.US,D,20061108,000000,30.0146,30.5894,30.0146,30.3743,3254174.1796192,0
EIX.US,D,20061109,000000,30.474,30.6099,30.0742,30.167,2178662.7963289,0
EIX.US,D,20061110,000000,30.2149,30.5111,30.2149,30.3685,1573422.6556178,0
EIX.US,D,20061113,000000,30.255,30.4955,30.2423,30.4389,1202120.3538398,0
EIX.US,D,20061114,000000,30.474,30.5249,30.0742,30.2981,1875151.2935877,0
EIX.US,D,20061115,000000,30.8044,30.8122,30.6021,30.7155,3478277.1104763,0
EIX.US,D,20061116,000000,30.8044,31.3119,30.7243,31.1555,3859279.3013115,0
EIX.US,D,20061117,000000,31.1857,31.3187,30.8974,31.2805,3235222.4191582,0
EIX.US,D,20061120,000000,31.3813,31.3949,30.9266,31.0352,2059072.7690158,0
EIX.US,D,20061121,000000,31.1075,31.1144,30.7038,30.8974,2057881.1238874,0
EIX.US,D,20061122,000000,30.8974,31.0508,30.6774,30.8456,1656131.0104924,0
EIX.US,D,20061124,000000,30.7976,30.866,30.7038,30.8456,538950.91682318,0
EIX.US,D,20061127,000000,30.6979,30.785,30.2472,30.2765,2227182.699042,0
EIX.US,D,20061128,000000,30.2687,30.563,30.1973,30.2599,2064899.0442524,0
EIX.US,D,20061129,000000,30.3431,30.8122,30.3167,30.6392,2554292.8668089,0
EIX.US,D,20061130,000000,30.7312,30.9687,30.5894,30.7976,2248676.2948196,0
EIX.US,D,20061201,000000,30.7976,31.0851,30.7438,30.9442,1643438.1998511,0
EIX.US,D,20061204,000000,31.0997,31.2767,31.0401,31.2689,1411581.9041249,0
EIX.US,D,20061205,000000,31.2199,31.4458,31.1799,31.3539,1982936.3625956,0
EIX.US,D,20061206,000000,31.4135,31.5836,31.3333,31.3813,2173732.556399,0
EIX.US,D,20061207,000000,31.482,31.5533,31.1467,31.2767,1720475.7559349,0
EIX.US,D,20061208,000000,31.306,31.3949,31.0792,31.3949,1518926.1155788,0
EIX.US,D,20061211,000000,31.3539,31.5035,31.3265,31.4458,1419945.9231928,0
EIX.US,D,20061212,000000,31.3813,31.3949,30.4877,31,4741158.0685316,0
EIX.US,D,20061213,000000,31.0792,31.1975,30.9266,30.9844,2322284.1632508,0
EIX.US,D,20061214,000000,30.5249,30.6598,30.2267,30.3088,4316865.9162203,0
EIX.US,D,20061215,000000,30.2687,30.4545,30.0742,30.1279,3044566.3587304,0
EIX.US,D,20061218,000000,30.1416,30.3343,29.9998,30.2091,2056534.0023132,0
EIX.US,D,20061219,000000,30.2149,30.7664,30.0742,30.6314,2106250.6645114,0
EIX.US,D,20061220,000000,30.6314,30.8122,30.563,30.6774,1315139.45557,0
EIX.US,D,20061221,000000,30.6774,30.8377,30.5327,30.7243,1372322.0557865,0
EIX.US,D,20061222,000000,30.6696,30.7507,30.4819,30.5043,858601.28379983,0
EIX.US,D,20061226,000000,30.5043,30.914,30.474,30.8788,899649.11126636,0
EIX.US,D,20061227,000000,30.8534,30.8974,30.563,30.6842,1572827.3444893,0
EIX.US,D,20061228,000000,30.5943,30.8308,30.563,30.7155,923985.26653882,0
EIX.US,D,20061229,000000,30.5825,30.7438,30.3557,30.4613,1034761.211388,0
EIX.US,D,20070103,000000,30.9266,31,30.255,30.4515,3981100.2110494,0
EIX.US,D,20070104,000000,30.3167,30.3685,30.081,30.0888,4494828.1431356,0
EIX.US,D,20070105,000000,30.1084,30.1279,29.3048,29.4593,3385566.0966236,0
EIX.US,D,20070108,000000,29.4661,29.6391,29.1444,29.2979,2808685.0642232,0
EIX.US,D,20070109,000000,29.3713,29.4231,29.117,29.2442,2209118.7909169,0
EIX.US,D,20070110,000000,29.2442,29.3527,29.0975,29.1933,2089979.8498712,0
EIX.US,D,20070111,000000,29.2705,29.3781,28.7602,28.8726,7728551.0328877,0
EIX.US,D,20070112,000000,28.9254,29.0975,28.6477,28.769,4545437.7720264,0
EIX.US,D,20070116,000000,28.8023,29.0368,28.6741,28.7602,2760763.5412527,0
EIX.US,D,20070117,000000,28.7886,28.8863,28.6409,28.769,2617441.8756377,0
EIX.US,D,20070118,000000,28.769,29.0076,28.6811,28.9841,4815359.2023487,0
EIX.US,D,20070119,000000,29.028,29.1992,28.8726,29.1669,2376026.8471013,0
EIX.US,D,20070122,000000,29.1112,29.3253,28.988,29.2481,2341245.129554,0
EIX.US,D,20070123,000000,29.1748,29.7642,29.1748,29.5873,3753278.1199464,0
EIX.US,D,20070124,000000,29.4162,29.6117,28.9782,29.6049,3295835.7298986,0
EIX.US,D,20070125,000000,29.7281,29.9998,29.6117,29.6782,3497084.6460764,0
EIX.US,D,20070126,000000,29.6274,29.8786,29.3654,29.8474,3129820.640407,0
EIX.US,D,20070129,000000,29.946,30.0478,29.7926,29.9158,3211190.0566781,0
EIX.US,D,20070130,000000,29.8864,30.4515,29.8864,30.3615,3627418.9140998,0
EIX.US,D,20070131,000000,30.3615,30.4515,30.0614,30.1279,2643416.6708205,0
EIX.US,D,20070201,000000,30.1416,30.4389,30.1416,30.3615,2100878.5441561,0
EIX.US,D,20070202,000000,30.3615,30.5249,30.3235,30.4319,1750484.7557409,0
EIX.US,D,20070205,000000,30.3959,30.778,30.255,30.6696,1971589.6506572,0
EIX.US,D,20070206,000000,30.785,31,30.6774,30.866,2063406.6749458,0
EIX.US,D,20070207,000000,31.1144,31.1467,30.6979,30.7976,1607155.9300265,0
EIX.US,D,20070208,000000,30.7243,31.1261,30.1973,30.785,1843940.4199399,0
EIX.US,D,20070209,000000,30.866,31.2689,30.6842,30.9198,2405142.8802145,0
EIX.US,D,20070212,000000,31.0508,31.1799,30.8836,30.9521,1470873.665075,0
EIX.US,D,20070213,000000,30.9521,31.0919,30.7086,31.0508,2254366.5281661,0
EIX.US,D,20070214,000000,31.0508,31.4223,31.0508,31.3119,2241188.8765027,0
EIX.US,D,20070215,000000,31.2629,31.3773,30.9384,31.1144,1731822.4678732,0
EIX.US,D,20070216,000000,30.9932,31.2199,30.9932,31.1339,1512206.8736494,0
EIX.US,D,20070220,000000,31.1339,31.3265,31.0352,31.2805,1406511.5308194,0
EIX.US,D,20070221,000000,31.1144,31.2805,30.8729,30.9648,2353788.6009774,0
EIX.US,D,20070222,000000,31.0577,31.1261,30.7928,30.914,1846476.1180283,0
EIX.US,D,20070223,000000,30.9384,31.5475,30.7664,31.4634,3104888.1511346,0
EIX.US,D,20070226,000000,32.1527,34.1597,31.8437,32.1907,8141652.972578,0
EIX.US,D,20070227,000000,31.8789,32.2689,30.9384,31.3695,4232954.6646325,0
EIX.US,D,20070228,000000,31.8163,32.3394,31.1075,31.482,4711751.5399536,0
EIX.US,D,20070301,000000,30.9442,32.2191,30.9442,31.8701,3797374.1040501,0
EIX.US,D,20070302,000000,31.8564,32.2113,31.4008,31.6902,3900337.3574916,0
EIX.US,D,20070305,000000,31.6276,32.1165,31.4693,31.7576,4341819.8857911,0
EIX.US,D,20070306,000000,31.9718,32.5994,31.8857,32.398,4662031.8091415,0
EIX.US,D,20070307,000000,32.3521,32.5456,32.1379,32.3843,3396012.6817698,0
EIX.US,D,20070308,000000,32.488,32.7676,32.4136,32.5662,3197300.4865518,0
EIX.US,D,20070309,000000,32.7294,32.8731,32.5251,32.7803,2454710.2031948,0
EIX.US,D,20070312,000000,32.2973,32.9279,32.2973,32.8282,2878707.768556,0
EIX.US,D,20070313,000000,32.7597,32.8135,31.9581,31.9659,3792989.0545522,0
EIX.US,D,20070314,000000,32.1165,32.4733,31.8496,32.3922,3768809.398597,0
EIX.US,D,20070315,000000,32.4205,32.7294,32.1907,32.6659,2971571.1902406,0
EIX.US,D,20070316,000000,32.6806,32.8223,32.398,32.4048,3054277.4993725,0
EIX.US,D,20070319,000000,32.6542,32.8487,32.4948,32.8018,2429474.9440016,0
EIX.US,D,20070320,000000,32.7676,33.3033,32.5584,33.2427,2589367.1255637,0
EIX.US,D,20070321,000000,33.1615,33.7354,32.9543,33.4871,6471082.0871704,0
EIX.US,D,20070322,000000,33.8605,33.8605,33.2534,33.6856,4179106.6250325,0
EIX.US,D,20070323,000000,33.5644,33.7442,33.3913,33.6494,4171900.4963383,0
EIX.US,D,20070326,000000,33.6856,34.0473,33.362,34.0141,3739398.7785337,0
EIX.US,D,20070327,000000,33.8234,33.8909,33.317,33.5712,4354931.0508163,0
EIX.US,D,20070328,000000,33.317,33.5458,33.0541,33.1401,2507707.2138276,0
EIX.US,D,20070329,000000,33.3385,33.3385,32.9347,33.1694,3134303.8855549,0
EIX.US,D,20070330,000000,33.1762,33.3111,32.5994,32.9073,3818960.7811209,0
EIX.US,D,20070402,000000,33.0217,34.1597,32.9073,34.1167,5428219.7346527,0
EIX.US,D,20070403,000000,34.146,34.2477,33.9251,34.1089,3580880.313201,0
EIX.US,D,20070404,000000,34.1754,34.37,34.0923,34.232,2524131.459171,0
EIX.US,D,20070405,000000,34.2956,34.3093,34.059,34.2477,2382789.0496276,0
EIX.US,D,20070409,000000,34.194,34.8079,34.194,34.5742,2709703.8489657,0
EIX.US,D,20070410,000000,34.629,34.7717,34.37,34.5488,2344827.2250383,0
EIX.US,D,20070411,000000,34.4755,34.7248,34.3162,34.4481,3158186.9088172,0
EIX.US,D,20070412,000000,34.3269,34.5635,34.1001,34.3524,2122176.771505,0
EIX.US,D,20070413,000000,34.2878,34.3348,33.9915,34.1812,1763913.0108862,0
EIX.US,D,20070416,000000,34.4325,34.7855,34.2282,34.7855,2237183.3122775,0
EIX.US,D,20070417,000000,34.8313,34.9585,34.543,34.6623,2046838.2047415,0
EIX.US,D,20070418,000000,34.5684,34.8646,34.5136,34.7717,1582972.1825858,0
EIX.US,D,20070419,000000,34.7151,34.7317,34.4843,34.5566,1575359.9739637,0
EIX.US,D,20070420,000000,34.8313,35.1579,34.5879,34.933,2540998.6078111,0
EIX.US,D,20070423,000000,34.9399,35.4795,34.9105,35.325,1538485.4616246,0
EIX.US,D,20070424,000000,35.2596,35.417,35.0728,35.3104,2003387.6524627,0
EIX.US,D,20070425,000000,35.4942,36.2636,35.3994,36.1893,3104888.1511346,0
EIX.US,D,20070426,000000,36.0495,36.3506,35.8765,35.8833,2803944.0554939,0
EIX.US,D,20070427,000000,35.7679,35.7953,35.3456,35.3916,1949053.7489691,0
EIX.US,D,20070430,000000,35.3916,35.5655,35.0572,35.065,2177471.1512007,0
EIX.US,D,20070501,000000,35.2312,35.8559,35.0572,35.7875,1791186.8526895,0
EIX.US,D,20070502,000000,35.7953,36.1278,35.7679,36.0046,1218056.6895469,0
EIX.US,D,20070503,000000,36.1648,36.2392,35.8765,36.0564,1222706.6627257,0
EIX.US,D,20070504,000000,36.202,36.2392,35.9077,36.1278,1599248.1115828,0
EIX.US,D,20070507,000000,36.2392,36.5041,36.1492,36.4044,1126977.1555051,0
EIX.US,D,20070508,000000,36.4376,36.8541,36.1492,36.8541,2430970.3819222,0
EIX.US,D,20070509,000000,37.5071,38.0801,36.942,37.5844,4618288.7156551,0
EIX.US,D,20070510,000000,37.5287,37.78,37.1151,37.1738,2527763.6753518,0
EIX.US,D,20070511,000000,37.3429,38.0009,37.2354,37.9784,3313451.6203703,0
EIX.US,D,20070514,000000,37.8874,38.8905,37.8728,38.5953,4765706.9810458,0
EIX.US,D,20070515,000000,38.5953,39.2375,38.5542,38.7576,3745212.7793141,0
EIX.US,D,20070516,000000,38.8485,39.3256,38.7576,39.2777,2382256.1336518,0
EIX.US,D,20070517,000000,39.1311,39.4253,38.7488,39.1241,2706416.3404316,0
EIX.US,D,20070518,000000,39.1779,39.4722,39.0431,39.4253,2625116.4794125,0
EIX.US,D,20070521,000000,39.1839,39.8369,39.0519,39.7968,3510224.4514995,0
EIX.US,D,20070522,000000,39.6394,40.3472,39.6178,40.0265,3827923.1799313,0
EIX.US,D,20070523,000000,40.2407,40.3628,39.2259,39.567,3951096.3256002,0
EIX.US,D,20070524,000000,39.6266,39.8457,38.3069,38.3529,4260447.4009058,0
EIX.US,D,20070525,000000,38.3529,38.5738,37.6079,38.0165,4083966.2917123,0
EIX.US,D,20070529,000000,38.1807,38.955,38.1593,38.5014,2687758.1440494,0
EIX.US,D,20070530,000000,38.4477,39.0108,38.1807,38.9355,2323377.612729,0
EIX.US,D,20070531,000000,39.1711,39.2111,38.87,39.0293,3163215.3443972,0
EIX.US,D,20070601,000000,38.9218,39.1839,38.6256,39.0108,2574771.7742025,0
EIX.US,D,20070604,000000,38.7116,39.351,38.4789,39.2317,2675966.4830717,0
EIX.US,D,20070605,000000,39.1173,39.2317,38.3069,38.5298,2756547.2655283,0
EIX.US,D,20070606,000000,38.5014,38.5102,37.8356,38.0879,3525322.0326959,0
EIX.US,D,20070607,000000,38.2189,38.2189,36.071,36.3399,6250319.854158,0
EIX.US,D,20070608,000000,36.3584,36.7642,35.9283,36.6761,4154611.9247001,0
EIX.US,D,20070611,000000,36.5657,37.0291,36.5471,36.6693,3998134.0877202,0
EIX.US,D,20070612,000000,36.4797,36.6693,36.1893,36.244,3950944.9406397,0
EIX.US,D,20070613,000000,36.5393,36.7915,36.3447,36.7211,3828170.7147992,0
EIX.US,D,20070614,000000,36.684,37.2354,36.2167,36.771,3234158.6329493,0
EIX.US,D,20070615,000000,37.2246,37.91,37.1406,37.6646,4222514.2167145,0
EIX.US,D,20070618,000000,37.8806,37.8806,37.1601,37.3224,2205485.5518648,0
EIX.US,D,20070619,000000,37.3293,37.4495,37.0124,37.2305,3131165.7162385,0
EIX.US,D,20070620,000000,37.3751,37.5219,36.3027,36.3115,2266748.3859154,0
EIX.US,D,20070621,000000,36.377,36.8922,36.1365,36.6469,2485317.5827433,0
EIX.US,D,20070622,000000,36.5041,36.6136,35.8422,35.9136,3200547.0802319,0
EIX.US,D,20070625,000000,35.9136,36.3985,35.8696,36.0564,2689251.5362273,0
EIX.US,D,20070626,000000,36.7788,37.3293,36.5979,36.6419,5194421.0062238,0
EIX.US,D,20070627,000000,36.2392,37.3038,36.2088,37.2794,2940216.0917318,0
EIX.US,D,20070628,000000,37.3175,37.6851,37.1738,37.3957,3351824.6392441,0
EIX.US,D,20070629,000000,37.514,37.9784,37.1601,37.5873,2937381.7152078,0
EIX.US,D,20070702,000000,37.7545,38.4418,37.7545,38.4418,1799750.3316715,0
EIX.US,D,20070703,000000,38.4721,38.6852,37.7994,38.2267,1257362.5670964,0
EIX.US,D,20070705,000000,38.0986,38.4946,37.3811,37.8914,2092369.277356,0
EIX.US,D,20070706,000000,37.8874,37.9188,37.1278,37.8406,2085499.6733374,0
EIX.US,D,20070709,000000,37.9911,38.1182,37.4367,37.6,3128474.5417041,0
EIX.US,D,20070710,000000,37.2618,37.78,37.0946,37.2735,3294490.6540671,0
EIX.US,D,20070711,000000,37.166,37.4807,37.0692,37.4221,2050528.7245895,0
EIX.US,D,20070712,000000,37.5071,38.1182,37.4221,38.1182,2510396.3426194,0
EIX.US,D,20070713,000000,38.2589,39.3999,38.1045,38.9902,3364510.2897858,0
EIX.US,D,20070716,000000,38.8485,39.219,38.5542,38.5953,2393648.874801,0
EIX.US,D,20070717,000000,38.8064,39.2904,38.4789,38.4946,2399023.0408989,0
EIX.US,D,20070718,000000,38.4721,39.0567,38.4085,38.9355,2602659.3388187,0
EIX.US,D,20070719,000000,39.5045,39.7606,38.7898,39.6266,2806002.0726596,0
EIX.US,D,20070720,000000,39.654,39.7058,38.6794,38.7644,2635059.8118521,0
EIX.US,D,20070723,000000,39.1711,39.9024,39.0362,39.6844,2598028.8001957,0
EIX.US,D,20070724,000000,39.6346,39.7215,37.6079,37.7115,3328716.9524687,0
EIX.US,D,20070725,000000,38.0986,38.4261,37.3429,37.9188,3813543.6544261,0
EIX.US,D,20070726,000000,37.3429,37.6079,35.983,36.3839,5906294.4627974,0
EIX.US,D,20070727,000000,36.29,36.5471,35.2792,35.3006,4954868.6264245,0
EIX.US,D,20070730,000000,35.3006,35.5177,34.6896,35.3006,5358660.3910437,0
EIX.US,D,20070731,000000,35.8765,36.3839,35.4258,35.4258,5324538.4255201,0
EIX.US,D,20070801,000000,35.4258,36.9802,35.1726,36.8052,4435930.1876571,0
EIX.US,D,20070802,000000,36.9118,37.6,36.771,37.4163,3968591.5172521,0
EIX.US,D,20070803,000000,36.8355,37.9842,35.7953,35.8041,5614984.7924471,0
EIX.US,D,20070806,000000,36.0856,37.5961,35.5225,37.5717,3663402.505489,0
EIX.US,D,20070807,000000,37.1406,38.0664,36.8776,37.7115,5178147.1229696,0
EIX.US,D,20070808,000000,37.7643,38.3001,37.1532,37.7115,5794138.6644906,0
EIX.US,D,20070809,000000,37.3751,38.1671,35.0191,35.3417,4964656.4824181,0
EIX.US,D,20070810,000000,35.4316,36.3985,34.279,35.5939,5012723.253121,0
EIX.US,D,20070813,000000,35.9283,37.5961,35.8344,36.7583,3857031.0300737,0
EIX.US,D,20070814,000000,36.8414,36.9734,35.3524,35.4404,3515004.3293404,0
EIX.US,D,20070815,000000,35.5333,36.4641,35.1432,35.3104,4080575.4731712,0
EIX.US,D,20070816,000000,35.1305,35.3172,33.9183,34.9585,6507469.7127446,0
EIX.US,D,20070817,000000,34.9633,36.2519,34.9633,35.7239,5034376.41683,0
EIX.US,D,20070820,000000,35.7239,35.7807,34.8391,35.4873,3110684.7631021,0
EIX.US,D,20070821,000000,35.195,36.1776,35.0572,35.9019,2133281.0629323,0
EIX.US,D,20070822,000000,36.1717,36.5549,35.7953,36.4181,2377225.6523291,0
EIX.US,D,20070823,000000,36.5315,36.7583,36.1102,36.4103,1747198.270078,0
EIX.US,D,20070824,000000,36.3506,36.7143,36.0495,36.7055,1388445.5769515,0
EIX.US,D,20070827,000000,36.5471,36.5549,35.244,35.244,2834935.0118004,0
EIX.US,D,20070828,000000,35.1726,35.5451,34.8519,34.9105,2656854.131808,0
EIX.US,D,20070829,000000,34.9399,36.1776,34.9399,36.157,2025187.0867753,0
EIX.US,D,20070830,000000,35.7289,36.1717,35.1882,35.3104,2383491.7622483,0
EIX.US,D,20070831,000000,35.6525,35.8344,35.0279,35.3046,3548295.7233238,0
EIX.US,D,20070904,000000,35.459,36.7348,35.3046,36.5891,2891247.148494,0
EIX.US,D,20070905,000000,36.1492,36.3399,35.5225,35.7405,2362292.7534209,0
EIX.US,D,20070906,000000,35.9019,36.3584,35.5734,36.2578,1083430.4533188,0
EIX.US,D,20070907,000000,35.6809,36.0407,35.2312,35.4404,2002940.6576806,0
EIX.US,D,20070910,000000,35.7405,35.8696,35.065,35.6409,1937852.2847631,0
EIX.US,D,20070911,000000,35.8559,36.4308,35.4228,36.2763,2713011.8149271,0
EIX.US,D,20070912,000000,36.115,36.6576,35.8266,36.2832,1899327.8809288,0
EIX.US,D,20070913,000000,36.3985,36.9069,36.3907,36.7348,1922175.7583801,0
EIX.US,D,20070914,000000,36.6048,37.3663,36.5315,37.0624,2653866.3245808,0
EIX.US,D,20070917,000000,36.992,37.2451,36.6576,36.9118,1539828.4917134,0
EIX.US,D,20070918,000000,37.1406,38.0595,37.0056,37.8406,2339529.7742921,0
EIX.US,D,20070919,000000,37.8406,38.8632,37.8406,38.7341,2843918.8909092,0
EIX.US,D,20070920,000000,38.6324,38.7576,37.9716,38.0087,1974426.072924,0
EIX.US,D,20070921,000000,38.5014,38.8485,38.0087,38.3391,2458887.6098077,0
EIX.US,D,20070924,000000,38.3391,38.7576,38.1671,38.4213,1457652.0299434,0
EIX.US,D,20070925,000000,38.3939,38.8485,37.6782,38.1739,1779746.0365865,0
EIX.US,D,20070926,000000,38.4261,38.5161,38.2003,38.3871,2412906.4737971,0
EIX.US,D,20070927,000000,38.3871,38.4867,37.823,37.9598,1769141.9292517,0
EIX.US,D,20070928,000000,38.0801,38.0986,37.0731,37.1406,3653845.8184214,0
EIX.US,D,20071001,000000,37.4367,37.8064,37.0124,37.7046,2557926.105861,0
EIX.US,D,20071002,000000,37.8102,38.0048,37.4015,37.5599,1758995.0454125,0
EIX.US,D,20071003,000000,37.4807,37.6372,37.3429,37.4367,1777356.6091018,0
EIX.US,D,20071004,000000,37.6646,38.1045,37.4827,37.8806,1457867.8557992,0
EIX.US,D,20071005,000000,37.9374,38.2394,37.7438,37.9295,1986516.4123372,0
EIX.US,D,20071008,000000,37.8874,38.0879,37.514,37.5433,1410088.511947,0
EIX.US,D,20071009,000000,37.7438,38.4594,37.6509,38.3205,2159701.8300257,0
EIX.US,D,20071010,000000,38.1807,38.2893,37.7115,38.0165,1964572.7531635,0
EIX.US,D,20071011,000000,38.2727,38.7068,37.9374,38.1446,1627318.7701715,0
EIX.US,D,20071012,000000,38.2463,38.61,37.7174,37.8562,1916500.8681038,0
EIX.US,D,20071015,000000,37.9236,38.0468,37.079,37.3869,1608659.550918,0
EIX.US,D,20071016,000000,37.1738,37.5717,37.1738,37.4367,1768647.8823873,0
EIX.US,D,20071017,000000,37.6704,38.1387,37.3751,37.6782,3331518.5971095,0
EIX.US,D,20071018,000000,37.6079,37.7486,37.3429,37.4807,1718386.0297571,0
EIX.US,D,20071019,000000,37.1102,37.3429,36.2245,36.2763,4357325.5926579,0
EIX.US,D,20071022,000000,36.0348,36.9,35.8901,36.8668,1848720.2977807,0
EIX.US,D,20071023,000000,37.0476,37.4015,36.4845,36.813,1431739.6299132,0
EIX.US,D,20071024,000000,36.6048,37.0291,36.1198,36.5169,3649364.6190163,0
EIX.US,D,20071025,000000,36.6527,37.0692,36.5393,36.949,2298692.6583247,0
EIX.US,D,20071026,000000,36.9734,37.9452,36.7915,37.9374,1759288.6094913,0
EIX.US,D,20071029,000000,37.9911,38.3137,37.8318,37.9188,2032653.0247936,0
EIX.US,D,20071030,000000,37.904,38.6794,37.7643,38.3802,1534006.3079621,0
EIX.US,D,20071031,000000,38.4535,39.0567,38.2589,38.9502,3111184.9471946,0
EIX.US,D,20071101,000000,38.7488,38.8827,37.6968,37.7994,3142363.0889591,0
EIX.US,D,20071102,000000,38.0087,38.6637,37.9666,38.4594,2607882.1199562,0
EIX.US,D,20071105,000000,38.9697,39.219,38.2003,38.8827,2245542.2169886,0
EIX.US,D,20071106,000000,39.1839,39.1839,38.4418,38.9042,2461573.6699853,0
EIX.US,D,20071107,000000,38.1739,38.7018,37.78,37.8318,2455907.9855513,0
EIX.US,D,20071108,000000,37.865,38.9218,37.865,38.7018,3099722.6507931,0
EIX.US,D,20071109,000000,37.7115,38.3802,37.5355,37.9452,3323008.3074378,0
EIX.US,D,20071112,000000,37.6704,38.2463,37.2178,37.3429,2949922.1180171,0
EIX.US,D,20071113,000000,37.5844,37.5844,36.5471,37.2246,4075606.3641298,0
EIX.US,D,20071114,000000,37.5219,37.6782,36.684,37.035,4078415.1688699,0
EIX.US,D,20071115,000000,36.9606,37.1406,36.3711,36.5471,4043280.5607053,0
EIX.US,D,20071116,000000,36.8668,36.9118,36.0046,36.5715,3687904.3659209,0
EIX.US,D,20071119,000000,36.4103,36.5471,36.0856,36.5099,3494598.0458129,0
EIX.US,D,20071120,000000,36.8277,37.5219,36.6693,37.2794,3446327.7237104,0
EIX.US,D,20071121,000000,36.9,37.2539,36.3839,36.4103,2304147.6312595,0
EIX.US,D,20071123,000000,36.5657,36.6987,36.1962,36.5247,757224.50382954,0
EIX.US,D,20071126,000000,36.728,37.2109,36.4641,36.5247,2833317.8521885,0
EIX.US,D,20071127,000000,36.5979,37.035,36.4103,36.7143,2036022.3630363,0
EIX.US,D,20071128,000000,36.7143,37.2109,36.5765,37.2109,3176909.5460947,0
EIX.US,D,20071129,000000,37.0124,37.4015,36.7847,37.1474,1728413.2376478,0
EIX.US,D,20071130,000000,37.691,37.8806,37.1943,37.4935,2536974.6319015,0
EIX.US,D,20071203,000000,37.3361,38.0009,37.3361,37.4993,2213165.2699964,0
EIX.US,D,20071204,000000,37.2031,37.8161,37.0056,37.4445,3345878.6880589,0
EIX.US,D,20071205,000000,37.7174,38.3333,37.5355,38.2589,3319068.2069793,0
EIX.US,D,20071206,000000,38.2463,38.3743,37.6704,38.1045,3100143.05092,0
EIX.US,D,20071207,000000,38.5014,38.6794,37.8318,38.4477,2525661.6747178,0
EIX.US,D,20071210,000000,38.6716,38.8485,38.4261,38.4789,2545367.2913673,0
EIX.US,D,20071211,000000,38.6794,38.695,37.3097,37.3869,2828535.928605,0
EIX.US,D,20071212,000000,38.3001,38.3587,37.2354,37.5071,4449233.6524971,0
EIX.US,D,20071213,000000,37.4827,37.6851,37.2246,37.514,2224800.4316568,0
EIX.US,D,20071214,000000,37.0946,37.5287,36.9342,36.9342,2317772.277705,0
EIX.US,D,20071217,000000,36.8844,36.9802,36.2675,36.3633,3168636.5625774,0
EIX.US,D,20071218,000000,36.5549,36.7642,36.2832,36.5979,2290785.8627523,0
EIX.US,D,20071219,000000,36.3506,36.8052,36.3506,36.5041,2089057.2199093,0
EIX.US,D,20071220,000000,36.6987,37.0555,36.5549,36.942,3063490.5016648,0
EIX.US,D,20071221,000000,37.7242,37.7242,37.0408,37.2539,3336266.7659382,0
EIX.US,D,20071224,000000,37.1601,37.4993,37.1601,37.3429,600628.01377252,0
EIX.US,D,20071226,000000,37.1806,37.2735,36.7143,36.7348,1543846.3303949,0
EIX.US,D,20071227,000000,36.5247,36.5765,35.5939,35.8344,3680051.7825304,0
EIX.US,D,20071228,000000,35.8765,36.6664,35.8765,36.2167,2658590.9673684,0
EIX.US,D,20071231,000000,36.0778,36.4181,35.6359,35.7474,2379762.3732889,0
EIX.US,D,20080102,000000,35.7289,36.0046,35.2792,35.5509,4146066.8574024,0
EIX.US,D,20080103,000000,35.5509,36.4445,35.5333,35.6525,3801050.3036991,0
EIX.US,D,20080104,000000,35.4258,36.29,35.374,35.7543,3574270.5185065,0
EIX.US,D,20080107,000000,35.9019,36.3839,35.9019,36.2832,3801331.5933216,0
EIX.US,D,20080108,000000,36.3907,36.992,36.0856,36.1198,2770094.1737508,0
EIX.US,D,20080109,000000,36.1434,36.9342,36.115,36.5979,3573826.5923385,0
EIX.US,D,20080110,000000,36.4719,36.9606,36.0964,36.4797,3825179.8389579,0
EIX.US,D,20080111,000000,36.157,36.9676,36.027,36.5765,2634963.6619448,0
EIX.US,D,20080114,000000,36.7984,36.988,36.5315,36.8355,2632368.6373177,0
EIX.US,D,20080115,000000,36.4523,37.3097,36.4044,36.5393,3009971.8266411,0
EIX.US,D,20080116,000000,36.3584,36.942,35.5451,35.6937,4117522.6093765,0
EIX.US,D,20080117,000000,35.6937,35.7875,34.6427,34.6427,4000578.7502581,0
EIX.US,D,20080118,000000,34.8079,34.9174,33.532,33.9417,5575640.0457863,0
EIX.US,D,20080122,000000,32.5251,33.8909,32.3188,33.2896,6249236.6333932,0
EIX.US,D,20080123,000000,32.3785,34.059,31.3539,33.9554,7003677.9042665,0
EIX.US,D,20080124,000000,34.2144,34.2144,33.2095,33.6298,4132114.8921235,0
EIX.US,D,20080125,000000,33.7227,34.0845,33.3228,33.4832,4670230.1230498,0
EIX.US,D,20080128,000000,33.5644,34.2732,33.3913,34.1343,3872337.2770264,0
EIX.US,D,20080129,000000,34.3612,34.7493,34.0473,34.1676,2461540.9381019,0
EIX.US,D,20080130,000000,34.3612,34.8959,33.8665,34.2477,3577722.7093288,0
EIX.US,D,20080131,000000,33.5712,35.2176,33.5712,34.8313,3211773.0933504,0
EIX.US,D,20080201,000000,35.2176,35.8207,34.9516,35.8159,3171772.6861511,0
EIX.US,D,20080204,000000,35.8207,36.5715,35.6937,36.3506,3114874.4441712,0
EIX.US,D,20080205,000000,36.1032,36.3027,34.9585,35.3417,3316227.6932271,0
EIX.US,D,20080206,000000,35.5177,35.6409,34.6896,34.8831,3270680.254671,0
EIX.US,D,20080207,000000,34.7629,34.8313,34.2144,34.6349,3121554.8169891,0
EIX.US,D,20080208,000000,34.4032,34.5684,33.9847,34.2546,2919551.0217516,0
EIX.US,D,20080211,000000,34.0141,34.6349,34.0141,34.4843,2015738.8240713,0
EIX.US,D,20080212,000000,34.4843,35.7005,34.4481,34.8881,2512763.2669343,0
EIX.US,D,20080213,000000,35.199,35.459,35.0103,35.3338,2686543.9957513,0
EIX.US,D,20080214,000000,35.3916,35.7005,34.5361,34.6955,1904016.723219,0
EIX.US,D,20080215,000000,34.6837,34.7903,34.3014,34.7248,2173474.7928176,0
EIX.US,D,20080219,000000,35.1794,35.2038,34.454,34.5566,1826056.5371733,0
EIX.US,D,20080220,000000,34.2956,34.5566,34.1343,34.3816,2897110.2470995,0
EIX.US,D,20080221,000000,34.4325,34.5205,33.8049,33.8977,3041751.4167621,0
EIX.US,D,20080222,000000,33.9603,34.5019,33.7305,34.411,2608659.5021858,0
EIX.US,D,20080225,000000,34.5019,34.6955,34.1597,34.543,2247845.7232795,0
EIX.US,D,20080226,000000,34.4843,35.0728,34.0717,35.0728,2863217.4047595,0
EIX.US,D,20080227,000000,34.8313,35.325,34.0063,34.194,3397937.7256594,0
EIX.US,D,20080228,000000,33.495,33.8605,33.3766,33.7589,4697424.1808875,0
EIX.US,D,20080229,000000,33.4528,33.6572,32.8223,33.0921,4342384.5107789,0
EIX.US,D,20080303,000000,33.2427,33.7589,32.9621,33.4588,3017553.3491226,0
EIX.US,D,20080304,000000,33.1205,34.0375,33.1205,33.9417,3173736.5991523,0
EIX.US,D,20080305,000000,34.0923,34.3396,33.5712,34.2702,4313645.9171956,0
EIX.US,D,20080306,000000,34.1676,34.2477,33.2828,33.2896,2950396.7303257,0
EIX.US,D,20080307,000000,33.0541,33.3962,32.8282,33.2534,3280351.5033302,0
EIX.US,D,20080310,000000,33.3307,33.4528,32.793,33.0453,2688692.0255963,0
EIX.US,D,20080311,000000,33.7227,33.9251,33.2534,33.8665,2808461.0553965,0
EIX.US,D,20080312,000000,34.0141,34.2732,33.0628,33.1166,2411654.4792589,0
EIX.US,D,20080313,000000,32.7412,33.0697,32.4811,32.9465,3310103.7624262,0
EIX.US,D,20080314,000000,33.2896,33.2896,32.2827,32.7597,3257724.5660916,0
EIX.US,D,20080317,000000,32.1595,33.0628,32.1331,32.793,3435450.5097239,0
EIX.US,D,20080318,000000,33.3492,33.3571,32.5662,33.1694,3036636.037117,0
EIX.US,D,20080319,000000,33.2603,33.578,32.3843,32.4205,5246328.6588639,0
EIX.US,D,20080320,000000,32.573,32.7294,31.9151,32.62,3209355.0254676,0
EIX.US,D,20080324,000000,32.6932,32.9279,32.1976,32.2485,2014970.6476839,0
EIX.US,D,20080325,000000,32.3521,32.5866,32.1663,32.3129,2066391.413559,0
EIX.US,D,20080326,000000,32.2035,32.9885,32.2035,32.8555,5099283.7415176,0
EIX.US,D,20080327,000000,32.8409,33.3228,32.7001,32.9543,3559840.8723049,0
EIX.US,D,20080328,000000,33.1831,33.4304,32.6932,32.8135,2775660.6396634,0
EIX.US,D,20080331,000000,32.7412,32.9543,32.5066,32.834,2767776.3472609,0
EIX.US,D,20080401,000000,32.9152,34.3014,32.9152,34.232,3905916.0978604,0
EIX.US,D,20080402,000000,34.1812,34.4032,33.8665,33.8665,3182053.5661378,0
EIX.US,D,20080403,000000,33.7305,34.0531,33.6112,33.6856,2803887.7975694,0
EIX.US,D,20080404,000000,33.6944,34.7629,33.6944,34.279,2844770.9427477,0
EIX.US,D,20080407,000000,34.498,34.6554,34.1089,34.5742,1772282.1443108,0
EIX.US,D,20080408,000000,34.3014,34.8235,34.1597,34.6691,1790047.3740003,0
EIX.US,D,20080409,000000,34.7551,34.8587,34.1597,34.3464,2690266.2246112,0
EIX.US,D,20080410,000000,34.2213,34.3612,34.0229,34.1275,1943147.6897667,0
EIX.US,D,20080411,000000,33.9779,34.2878,33.8977,34.1167,2357134.4131788,0
EIX.US,D,20080414,000000,34.0375,34.4325,33.9711,34.3954,1837676.3557633,0
EIX.US,D,20080415,000000,34.5361,34.8313,34.4276,34.7023,1559363.2888467,0
EIX.US,D,20080416,000000,34.933,35.5803,34.6104,35.5333,2035957.9221409,0
EIX.US,D,20080417,000000,35.3338,35.9204,35.3338,35.459,1552340.2541249,0
EIX.US,D,20080418,000000,35.244,36.1365,35.244,35.7083,2170728.3832301,0
EIX.US,D,20080421,000000,35.5655,35.6595,35.1658,35.4727,1762889.11666,0
EIX.US,D,20080422,000000,35.3006,35.3524,34.9105,35.1794,1530670.7244742,0
EIX.US,D,20080423,000000,35.3006,35.6877,35.0572,35.6663,2603015.2980502,0
EIX.US,D,20080424,000000,35.6663,35.8207,35.2106,35.3524,2201566.9317047,0
EIX.US,D,20080425,000000,35.5225,35.6809,35.2176,35.4316,5645166.6575119,0
EIX.US,D,20080428,000000,35.4873,35.6741,35.1432,35.288,1917365.1943986,0
EIX.US,D,20080429,000000,35.1432,35.3524,34.9037,34.9633,2338786.1468172,0
EIX.US,D,20080430,000000,35.1129,35.4649,34.8147,34.9457,3521610.0325494,0
EIX.US,D,20080501,000000,35.0777,35.288,34.6427,35.238,2307807.4649669,0
EIX.US,D,20080502,000000,35.4316,35.7357,35.288,35.502,1824356.5249816,0
EIX.US,D,20080505,000000,35.0992,35.2732,34.9633,35.0103,1232410.6432684,0
EIX.US,D,20080506,000000,34.8313,34.8881,33.9847,34.7717,2625081.7017864,0
EIX.US,D,20080507,000000,34.6837,34.9457,34.3758,34.4755,1287743.8920755,0
EIX.US,D,20080508,000000,34.1519,34.6896,33.8165,34.5821,2565260.0934747,0
EIX.US,D,20080509,000000,34.1597,34.7855,34.1519,34.629,1686189.1081233,0
EIX.US,D,20080512,000000,34.6505,35.2674,34.5879,35.2176,1948645.6232986,0
EIX.US,D,20080513,000000,35.374,35.5382,34.977,35.1432,1855508.0720909,0
EIX.US,D,20080514,000000,35.3788,35.5803,35.1129,35.4453,2056561.6198398,0
EIX.US,D,20080515,000000,35.3661,35.7357,35.195,35.6291,1834562.7353594,0
EIX.US,D,20080516,000000,35.6155,35.6233,35.2596,35.4873,1859995.4087242,0
EIX.US,D,20080519,000000,35.6233,36.2832,35.5871,36.2167,2148160.77253,0
EIX.US,D,20080520,000000,36.157,36.1648,35.4873,35.6409,3504373.6273504,0
EIX.US,D,20080521,000000,35.7083,36.2392,35.6409,35.7474,2107720.5306482,0
EIX.US,D,20080522,000000,35.6809,36.1717,35.4453,35.7005,2458761.7966311,0
EIX.US,D,20080523,000000,35.6233,35.6467,34.8235,34.8519,1522231.0129261,0
EIX.US,D,20080527,000000,34.4325,34.8479,34.4325,34.7091,2938793.2776773,0
EIX.US,D,20080528,000000,34.933,35.0846,34.6837,34.9692,1956091.1038898,0
EIX.US,D,20080529,000000,34.7317,35.2732,34.6623,35.0914,1575968.5824198,0
EIX.US,D,20080530,000000,35.1227,35.8344,35.0425,35.6525,2947388.4656714,0
EIX.US,D,20080602,000000,35.5655,35.5734,34.8881,35.0728,2328681.2007035,0
EIX.US,D,20080603,000000,35.238,35.3172,34.6554,34.6896,2112264.125206,0
EIX.US,D,20080604,000000,34.6955,35.2312,34.5205,35.1882,2118045.3941031,0
EIX.US,D,20080605,000000,35.3661,35.459,34.9692,35.2938,2159034.9179024,0
EIX.US,D,20080606,000000,35.1374,35.2244,34.2213,34.3396,5329306.0289047,0
EIX.US,D,20080609,000000,34.3524,34.8959,34.3348,34.7317,1996696.0280597,0
EIX.US,D,20080610,000000,34.6036,35.3006,34.2389,35.2176,2816038.4863925,0
EIX.US,D,20080611,000000,35.0279,35.3046,34.8831,35.195,2756601.4777102,0
EIX.US,D,20080612,000000,35.1658,35.5382,34.8313,34.9105,3589744.5163614,0
EIX.US,D,20080613,000000,35.2038,35.502,34.9516,35.3916,2323981.1068283,0
EIX.US,D,20080616,000000,35.1432,35.3006,34.6349,35.0337,1409665.0432061,0
EIX.US,D,20080617,000000,35.325,35.4228,34.8587,34.9585,2421279.6987072,0
EIX.US,D,20080618,000000,34.8313,34.977,34.3954,34.5488,2327998.9455099,0
EIX.US,D,20080619,000000,34.6036,35.2674,34.5957,35.2674,2930225.7072098,0
EIX.US,D,20080620,000000,35.2106,35.2106,34.3875,34.4276,2942892.9460672,0
EIX.US,D,20080623,000000,34.6104,35.0992,34.5205,34.8479,1677200.1146577,0
EIX.US,D,20080624,000000,34.8079,34.8763,34.2702,34.3269,1836217.7412115,0
EIX.US,D,20080625,000000,34.4276,35.199,34.4218,35.0728,2472140.9539513,0
EIX.US,D,20080626,000000,34.7443,34.7629,33.6993,33.8165,2686477.5091132,0
EIX.US,D,20080627,000000,33.9661,33.9711,33.2759,33.4392,3092745.6452823,0
EIX.US,D,20080630,000000,33.4148,34.5821,33.3385,34.4178,3456278.2162496,0
EIX.US,D,20080701,000000,34.1001,34.6427,33.7227,34.5019,4698031.7664722,0
EIX.US,D,20080702,000000,34.5097,34.8079,34.1676,34.1754,1763437.3757062,0
EIX.US,D,20080703,000000,34.4912,34.8235,34.2624,34.3524,2354161.9490219,0
EIX.US,D,20080707,000000,34.4325,34.7493,33.8459,34.1167,2074871.0170901,0
EIX.US,D,20080708,000000,33.9505,34.1275,33.4528,33.8527,3880860.8640256,0
EIX.US,D,20080709,000000,33.7882,34.8959,33.7882,34.6623,3513034.2791111,0
EIX.US,D,20080710,000000,34.6036,34.8147,34.4032,34.7317,3069446.6815636,0
EIX.US,D,20080711,000000,34.5205,35.065,34.0297,34.6554,2443512.8304743,0
EIX.US,D,20080714,000000,34.7551,34.933,33.7823,33.8313,2068060.7396101,0
EIX.US,D,20080715,000000,33.8107,34.3875,33.7061,34.1754,3843297.9592647,0
EIX.US,D,20080716,000000,34.0923,34.279,33.2603,33.4528,2984575.9766451,0
EIX.US,D,20080717,000000,33.5458,33.6171,32.62,33.0101,3120846.9900117,0
EIX.US,D,20080718,000000,33.0041,33.7354,32.8878,33.3571,3759233.2769738,0
EIX.US,D,20080721,000000,33.408,33.4236,33.0541,33.2896,3090405.3156226,0
EIX.US,D,20080722,000000,33.2896,33.5908,33.0257,33.3492,2581595.3490102,0
EIX.US,D,20080723,000000,33.4588,33.4588,32.4048,32.5251,3142098.1652782,0
EIX.US,D,20080724,000000,32.5808,32.6728,31.9659,32.1703,3528708.7597514,0
EIX.US,D,20080725,000000,32.1907,32.3394,31.8026,31.9287,2311434.5667909,0
EIX.US,D,20080728,000000,31.787,32.4811,31.7372,32.0509,1964709.8179251,0
EIX.US,D,20080729,000000,32.0969,32.4136,32.0656,32.3648,2132451.5142636,0
EIX.US,D,20080730,000000,32.5866,32.9406,32.2601,32.793,2027206.2348295,0
EIX.US,D,20080731,000000,32.7803,32.9885,32.3648,32.3785,2416913.0608938,0
EIX.US,D,20080801,000000,32.6346,32.6395,31.3402,31.3481,3079431.9517288,0
EIX.US,D,20080804,000000,31.3949,31.9082,30.8044,30.8534,3260722.6020324,0
EIX.US,D,20080805,000000,30.866,31.5758,30.4877,31.3949,3120474.6648385,0
EIX.US,D,20080806,000000,31.3481,31.7645,30.9932,31.4008,3653924.5795158,0
EIX.US,D,20080807,000000,31.1613,31.4546,30.4877,31.1144,4192692.4023665,0
EIX.US,D,20080808,000000,31.7812,31.8026,30.6314,31.2689,3667730.274191,0
EIX.US,D,20080811,000000,31.3119,31.3119,30.7155,31.1144,3591055.8374381,0
EIX.US,D,20080812,000000,30.8836,31.0577,29.9158,30.081,3150426.3838486,0
EIX.US,D,20080813,000000,30.0546,30.3431,29.9998,30.2227,2710449.5221834,0
EIX.US,D,20080814,000000,30.0214,30.1221,29.6342,29.9686,2573270.1990538,0
EIX.US,D,20080815,000000,29.8728,30.6256,29.5033,29.9618,2205692.1718785,0
EIX.US,D,20080818,000000,29.9872,30.4613,29.9618,30.1915,2126207.9075141,0
EIX.US,D,20080819,000000,30.0947,30.4467,30.0076,30.2149,2354453.467358,0
EIX.US,D,20080820,000000,30.2149,30.6392,30.0076,30.5513,2396112.9718947,0
EIX.US,D,20080821,000000,30.4115,31.3949,30.3088,31.1555,3728445.8720669,0
EIX.US,D,20080822,000000,31.1916,31.3119,30.8974,31.0283,1763883.3476168,0
EIX.US,D,20080825,000000,30.9442,30.9442,30.3889,30.7438,2219715.7381522,0
EIX.US,D,20080826,000000,30.7928,31.1555,30.5943,30.9844,1885733.920624,0
EIX.US,D,20080827,000000,31.1261,31.3539,30.9932,31.1339,1175893.9323038,0
EIX.US,D,20080828,000000,31.2561,31.4771,31.1799,31.3773,1338490.5857278,0
EIX.US,D,20080829,000000,31.2913,31.4458,30.7595,30.7595,1527438.4509932,0
EIX.US,D,20080902,000000,31.1261,31.1857,30.2149,30.4163,3459268.0692195,0
EIX.US,D,20080903,000000,30.3088,30.5513,29.9304,30.0947,2805497.7970818,0
EIX.US,D,20080904,000000,29.9392,30.1348,29.2383,29.2442,2644498.8687139,0
EIX.US,D,20080905,000000,29.2383,29.2979,28.5089,28.6409,3698415.3919624,0
EIX.US,D,20080908,000000,28.898,29.5736,28.898,29.5189,3396596.7413134,0
EIX.US,D,20080909,000000,29.4817,29.6997,28.1864,28.2802,5372052.8456915,0
EIX.US,D,20080910,000000,28.2665,28.4797,27.8227,27.9771,4173378.5454459,0
EIX.US,D,20080911,000000,27.8373,28.4474,27.4404,28.3868,3581446.9839315,0
EIX.US,D,20080912,000000,28.3281,28.6996,28.2078,28.4718,3207562.9548541,0
EIX.US,D,20080915,000000,27.9986,28.3457,27.5167,27.5959,3208910.0764283,0
EIX.US,D,20080916,000000,27.3212,27.6623,25.9211,27.2439,7300372.9922996,0
EIX.US,D,20080917,000000,26.8881,27.0024,25.3746,25.493,6498746.6658313,0
EIX.US,D,20080918,000000,25.531,26.8059,25.361,26.8059,7172369.8480936,0
EIX.US,D,20080919,000000,25.6875,28.158,25.62,26.8215,5330483.3538341,0
EIX.US,D,20080922,000000,26.8137,27.0278,26.3435,26.5527,4081545.1552155,0
EIX.US,D,20080923,000000,26.5634,26.9877,25.8693,25.8997,3525434.5485449,0
EIX.US,D,20080924,000000,25.9377,25.9623,25.4597,25.7608,2206309.9861768,0
EIX.US,D,20080925,000000,25.8761,27.0347,25.8761,26.9193,4279600.6670237,0
EIX.US,D,20080926,000000,26.8803,26.934,26.0903,26.8519,3521472.9677879,0
EIX.US,D,20080929,000000,26.5116,27.1686,26.102,26.4648,7824158.8184171,0
EIX.US,D,20080930,000000,26.8881,26.9271,26.0365,26.7247,5072793.419172,0
EIX.US,D,20081001,000000,26.5967,27.0454,26.1489,26.9731,3438794.2761827,0
EIX.US,D,20081002,000000,26.7981,27.0581,25.9877,26.1137,2825822.2509008,0
EIX.US,D,20081003,000000,26.4442,27.4248,26.2037,26.45,4747372.0120118,0
EIX.US,D,20081006,000000,25.9925,26.4334,24.1595,24.789,4877298.1543649,0
EIX.US,D,20081007,000000,24.9122,25.184,23.7586,23.919,4283091.7269575,0
EIX.US,D,20081008,000000,22.78,23.9796,21.6371,22.8974,6578452.8932796,0
EIX.US,D,20081009,000000,22.9892,23.1368,20.985,21.1396,5123863.3401725,0
EIX.US,D,20081010,000000,20.4141,21.0525,17.9055,20.2567,10225062.919737,0
EIX.US,D,20081013,000000,20.8775,22.8816,20.1071,22.7966,4368060.627526,0
EIX.US,D,20081014,000000,25.0569,25.0569,21.6029,22.5893,4354831.832295,0
EIX.US,D,20081015,000000,22.2579,22.2579,20.7631,21.0046,4532597.6679101,0
EIX.US,D,20081016,000000,20.9928,22.2657,20.0622,22.081,6341156.9676888,0
EIX.US,D,20081017,000000,21.9832,23.1437,21.295,21.9432,4135207.0322289,0
EIX.US,D,20081020,000000,22.0908,24.2367,21.7965,24.1927,3273899.2308244,0
EIX.US,D,20081021,000000,24.0411,24.1535,22.7536,23.0508,2867940.0018045,0
EIX.US,D,20081022,000000,22.4877,22.6754,20.8413,21.6439,4057263.2121249,0
EIX.US,D,20081023,000000,22.0673,23.436,21.249,22.8524,5857990.3859402,0
EIX.US,D,20081024,000000,21.3135,22.2579,20.9577,21.6929,4766370.8245551,0
EIX.US,D,20081027,000000,21.2539,21.7153,20.6634,20.857,6740644.4896472,0
EIX.US,D,20081028,000000,21.4357,23.6188,21.1474,23.5816,6930654.0953789,0
EIX.US,D,20081029,000000,23.5445,23.5445,22.2785,22.3801,4576453.2772454,0
EIX.US,D,20081030,000000,23.0831,23.919,22.6441,23.7654,3885576.300971,0
EIX.US,D,20081031,000000,23.5758,24.2787,23.1368,23.8378,4619041.5489722,0
EIX.US,D,20081103,000000,23.832,24.1135,23.2629,23.5318,2995134.0547689,0
EIX.US,D,20081104,000000,24.135,24.6394,23.5611,24.3021,3642545.1356941,0
EIX.US,D,20081105,000000,23.7586,23.9043,23.3461,23.5132,5926804.0563317,0
EIX.US,D,20081106,000000,23.5132,23.521,21.7965,22.2286,6276403.0737043,0
EIX.US,D,20081107,000000,22.1054,23.6384,21.8297,23.5973,3975095.956197,0
EIX.US,D,20081110,000000,24.0411,24.0411,22.2198,22.7536,2761551.1521958,0
EIX.US,D,20081111,000000,22.3869,22.9012,21.9236,22.6812,3132451.4655314,0
EIX.US,D,20081112,000000,22.0742,22.3869,21.7808,22.0038,4901171.9717849,0
EIX.US,D,20081113,000000,22.2237,23.872,21.6596,23.8662,5582463.6205938,0
EIX.US,D,20081114,000000,23.3891,23.5386,22.2051,22.4173,4617281.1873707,0
EIX.US,D,20081117,000000,21.9764,23.1437,21.8904,22.2785,3994121.3633955,0
EIX.US,D,20081118,000000,22.1445,22.5189,21.0408,21.5647,6358608.1758723,0
EIX.US,D,20081119,000000,21.6929,22.121,21.0525,21.0906,6719659.2609329,0
EIX.US,D,20081120,000000,20.9254,21.1718,19.4775,19.8119,6772017.9998404,0
EIX.US,D,20081121,000000,20.248,21.162,19.1246,21.1474,7212568.6923356,0
EIX.US,D,20081124,000000,21.3683,22.3117,20.8482,21.7877,5292640.182322,0
EIX.US,D,20081125,000000,22.1445,22.4877,21.4885,22.1914,4852657.1834287,0
EIX.US,D,20081126,000000,21.5471,22.0438,21.0525,21.8747,4405008.7866027,0
EIX.US,D,20081128,000000,21.8102,22.4045,21.7095,22.3733,1270219.0371543,0
EIX.US,D,20081201,000000,21.8033,21.8473,20.5089,20.5764,3978244.354227,0
EIX.US,D,20081202,000000,20.8775,21.4885,19.8959,21.4807,6525903.9003002,0
EIX.US,D,20081203,000000,21.0789,21.8688,20.8325,21.8102,3864325.1257045,0
EIX.US,D,20081204,000000,21.4993,21.7231,19.9693,20.2938,3258031.4274981,0
EIX.US,D,20081205,000000,20.1012,21.1552,19.586,21.0408,4557456.5104448,0
EIX.US,D,20081208,000000,21.1864,21.5295,20.2704,20.4571,4471717.3877461,0
EIX.US,D,20081209,000000,20.2998,20.7347,19.9986,20.0876,4247199.1711189,0
EIX.US,D,20081210,000000,20.289,21.1776,20.2626,21.0114,4268554.6792636,0
EIX.US,D,20081211,000000,20.7435,21.729,20.6429,21.0202,3868646.7571784,0
EIX.US,D,20081212,000000,20.5911,21.7623,20.5911,21.7231,5023245.5307474,0
EIX.US,D,20081215,000000,21.7231,21.903,20.6361,20.9645,4184836.7503619,0
EIX.US,D,20081216,000000,21.0906,21.9236,20.9694,21.7407,4853515.3724953,0
EIX.US,D,20081217,000000,21.5423,21.6499,20.8707,20.9322,3760217.2792171,0
EIX.US,D,20081218,000000,20.9459,21.4142,20.7993,20.9498,3400679.0208902,0
EIX.US,D,20081219,000000,21.1474,21.5149,20.857,20.8912,4044369.9186981,0
EIX.US,D,20081222,000000,20.9322,20.9694,20.289,20.6634,3249045.5026464,0
EIX.US,D,20081223,000000,20.8257,20.9391,20.4503,20.7055,2746494.4858537,0
EIX.US,D,20081224,000000,20.7171,20.9988,20.7171,20.8325,842723.25175989,0
EIX.US,D,20081226,000000,20.8374,21.1112,20.7249,20.8325,964550.2987259,0
EIX.US,D,20081229,000000,20.5764,20.7573,20.2088,20.5979,2267010.2409823,0
EIX.US,D,20081230,000000,20.6028,21.0858,20.6028,21.0858,2081426.5996027,0
EIX.US,D,20081231,000000,21.1326,21.6097,21.0789,21.5149,2749092.5790949,0
EIX.US,D,20090102,000000,21.4533,22.2433,21.2666,22.126,3057843.2289152,0
EIX.US,D,20090105,000000,21.9686,22.4799,21.8473,22.3919,3885580.3924565,0
EIX.US,D,20090106,000000,22.5121,22.8894,22.1377,22.3733,3414985.9225292,0
EIX.US,D,20090107,000000,22.1289,22.2785,21.7153,21.8414,2618511.7990748,0
EIX.US,D,20090108,000000,21.903,21.9236,21.6029,21.8033,5054311.1566629,0
EIX.US,D,20090109,000000,21.903,21.9432,21.249,21.3067,3577307.4235588,0
EIX.US,D,20090112,000000,21.3605,21.5295,21.2734,21.3849,2594573.5407594,0
EIX.US,D,20090113,000000,21.206,21.5471,20.6487,20.8638,3078094.0359967,0
EIX.US,D,20090114,000000,20.8198,21.0858,20.2998,21.0408,4936938.7144468,0
EIX.US,D,20090115,000000,21.12,21.6205,20.7573,21.5727,5407735.7129023,0
EIX.US,D,20090116,000000,21.7407,22.3527,21.7407,22.2579,5525333.1868164,0
EIX.US,D,20090120,000000,21.9108,22.2785,21.3135,21.3536,5688762.4575233,0
EIX.US,D,20090121,000000,21.7231,21.8229,21.1326,21.7095,3685286.8381241,0
EIX.US,D,20090122,000000,21.4651,21.9304,21.1474,21.3761,5258738.1341398,0
EIX.US,D,20090123,000000,20.9459,21.5795,20.7935,21.4807,3190528.055312,0
EIX.US,D,20090126,000000,21.6127,22.5297,21.5599,22.4173,4174319.5870922,0
EIX.US,D,20090127,000000,22.5737,22.7067,22.1445,22.4173,4207846.2414873,0
EIX.US,D,20090128,000000,22.7018,22.7067,22.3117,22.6011,3121964.9884024,0
EIX.US,D,20090129,000000,22.3596,22.6666,21.9372,22.0624,2156726.2972548,0
EIX.US,D,20090130,000000,21.9764,22.2785,21.6763,21.818,3449191.7635038,0
EIX.US,D,20090202,000000,21.4993,22.1914,21.4357,22.081,3510699.0638082,0
EIX.US,D,20090203,000000,22.1553,22.213,21.3683,21.8102,5963981.3385917,0
EIX.US,D,20090204,000000,21.3399,22.1289,21.3399,22.0624,4747583.7463823,0
EIX.US,D,20090205,000000,22.037,22.0976,21.4651,21.9304,5041664.3752325,0
EIX.US,D,20090206,000000,21.8414,22.4877,21.7564,22.2912,4170053.1906716,0
EIX.US,D,20090209,000000,22.2657,22.4241,21.9764,22.1289,3832336.8698271,0
EIX.US,D,20090210,000000,21.9764,22.1289,20.9694,21.1326,3929188.466924,0
EIX.US,D,20090211,000000,21.2128,21.7691,20.813,21.1923,5102489.4203434,0
EIX.US,D,20090212,000000,20.8853,21.033,20.5431,20.9792,3866431.217824,0
EIX.US,D,20090213,000000,20.8638,21.2666,20.7993,20.9,3002637.8390274,0
EIX.US,D,20090217,000000,20.3516,20.4366,19.5567,19.5567,4890277.3689854,0
EIX.US,D,20090218,000000,19.6809,19.6926,19.0005,19.1353,6384760.9506709,0
EIX.US,D,20090219,000000,19.4208,19.5068,18.8811,19.0376,5595619.7919588,0
EIX.US,D,20090220,000000,18.7619,18.9877,18.2134,18.6006,3870545.2064129,0
EIX.US,D,20090223,000000,18.6006,18.8861,18.0511,18.1645,3882478.0236375,0
EIX.US,D,20090224,000000,18.366,18.6876,18.1186,18.6338,4614876.4168157,0
EIX.US,D,20090225,000000,18.6338,18.8303,18.3786,18.5762,5618072.8410671,0
EIX.US,D,20090226,000000,18.6006,19.0571,18.3366,18.3933,3883493.7348927,0
EIX.US,D,20090227,000000,18.1645,18.5546,17.7891,18.232,5953731.1447458,0
EIX.US,D,20090302,000000,17.8556,18.3268,16.9621,17.0109,9046999.4772904,0
EIX.US,D,20090303,000000,17.617,17.7168,16.1907,16.6365,8870939.7910949,0
EIX.US,D,20090304,000000,16.5202,16.8985,16.3491,16.612,8515629.0600773,0
EIX.US,D,20090305,000000,16.5055,16.5055,15.8486,16.1701,6009222.9386129,0
EIX.US,D,20090306,000000,16.3031,16.5856,15.4673,15.8944,9207642.4464268,0
EIX.US,D,20090309,000000,15.7224,16.2493,15.6129,15.9482,6759579.8841666,0
EIX.US,D,20090310,000000,16.2767,16.8594,16.0636,16.7792,9180417.7024485,0
EIX.US,D,20090311,000000,16.7792,17.0266,16.657,16.8878,7813892.2586294,0
EIX.US,D,20090312,000000,16.8878,17.9641,16.7587,17.9055,11735601.490207,0
EIX.US,D,20090313,000000,18.0922,18.628,18.0237,18.4794,10833738.885329,0
EIX.US,D,20090316,000000,19.2781,19.8725,19.1041,19.2712,9757258.8428661,0
EIX.US,D,20090317,000000,19.3308,19.3308,18.6553,18.9515,9640524.6723753,0
EIX.US,D,20090318,000000,18.8919,19.2048,18.3415,19.0239,11430620.12133,0
EIX.US,D,20090319,000000,19.2634,19.5323,19.0239,19.4775,6413139.4935374,0
EIX.US,D,20090320,000000,19.5645,19.7981,18.9799,19.1089,8957481.8678072,0
EIX.US,D,20090323,000000,19.4775,20.0397,19.2634,20.0064,5604408.3026388,0
EIX.US,D,20090324,000000,19.8051,19.9018,19.3836,19.5,3574420.8805957,0
EIX.US,D,20090325,000000,19.6848,19.7679,18.9741,19.2429,5092625.8718694,0
EIX.US,D,20090326,000000,19.4208,19.7923,19.1295,19.7542,6290070.6807467,0
EIX.US,D,20090327,000000,19.2634,19.4922,19.0963,19.3836,4431132.9210032,0
EIX.US,D,20090330,000000,18.9643,19.0571,18.5468,18.9163,7786270.6405654,0
EIX.US,D,20090331,000000,19.0454,19.544,19.0005,19.2986,6511970.3467057,0
EIX.US,D,20090401,000000,19.0816,19.6056,19.0376,19.3572,6417150.1721194,0
EIX.US,D,20090402,000000,19.7679,20.2998,19.3914,19.9986,6135385.9372517,0
EIX.US,D,20090403,000000,20.0622,20.2998,19.5802,19.7727,4736814.9567593,0
EIX.US,D,20090406,000000,19.631,19.9409,19.3054,19.4257,3868383.8792403,0
EIX.US,D,20090407,000000,19.4072,19.4072,18.9643,19.0963,3484897.1338844,0
EIX.US,D,20090408,000000,19.1353,19.3406,18.9515,19.3123,2821083.2879142,0
EIX.US,D,20090409,000000,19.7797,19.7981,19.0239,19.3054,3345983.0209371,0
EIX.US,D,20090413,000000,18.9691,19.0161,18.6553,18.7941,3497971.4755409,0
EIX.US,D,20090414,000000,18.757,18.7677,18.455,18.5194,3587591.3721596,0
EIX.US,D,20090415,000000,18.5136,18.8635,18.495,18.8431,5403631.953027,0
EIX.US,D,20090416,000000,18.8635,19.0005,18.7414,18.8919,5166594.813889,0
EIX.US,D,20090417,000000,18.8987,19.0376,18.715,18.802,6682158.7513247,0
EIX.US,D,20090420,000000,18.5468,18.8225,18.5253,18.628,3814494.924786,0
EIX.US,D,20090421,000000,18.6475,18.9447,18.5008,18.8352,3755267.6047314,0
EIX.US,D,20090422,000000,18.757,18.8489,18.495,18.5762,4468101.537507,0
EIX.US,D,20090423,000000,18.5077,18.7795,18.4207,18.757,3348158.6683087,0
EIX.US,D,20090424,000000,18.7355,19.0376,18.6661,18.8635,5167486.7577103,0
EIX.US,D,20090427,000000,18.7414,19.1422,18.5938,18.9075,3147876.3655611,0
EIX.US,D,20090428,000000,18.8431,19.0894,18.6202,18.8861,2623458.4049464,0
EIX.US,D,20090429,000000,18.9075,19.2986,18.9075,19.1842,2267809.1035103,0
EIX.US,D,20090430,000000,19.3406,19.5323,18.8987,19.0963,3912090.1493577,0
EIX.US,D,20090501,000000,19.1422,19.6398,19.1295,19.6232,3625321.0049513,0
EIX.US,D,20090504,000000,19.6124,19.8549,19.544,19.8333,4235739.9433316,0
EIX.US,D,20090505,000000,19.7112,20.0397,19.6183,19.8813,3889540.9503421,0
EIX.US,D,20090506,000000,20.027,20.2156,19.8051,19.9693,4047084.6192737,0
EIX.US,D,20090507,000000,20.1834,20.1834,19.8461,19.9527,4122092.7985896,0
EIX.US,D,20090508,000000,20.2156,20.6634,18.5332,20.2772,4990532.0590795,0
EIX.US,D,20090511,000000,20.0622,20.2567,19.8667,19.9937,2833186.9246551,0
EIX.US,D,20090512,000000,20.0876,20.1961,19.7249,19.9175,3839487.7634683,0
EIX.US,D,20090513,000000,19.6995,19.8667,19.5068,19.5978,3893262.1563307,0
EIX.US,D,20090514,000000,19.5978,19.8051,19.2986,19.6398,3508161.319977,0
EIX.US,D,20090515,000000,19.5196,19.5264,18.5605,18.9926,6466730.7924273,0
EIX.US,D,20090518,000000,19.1559,19.1559,18.4716,18.9584,6401781.5300141,0
EIX.US,D,20090519,000000,18.9389,19.6535,18.9311,19.4922,6223215.8089995,0
EIX.US,D,20090520,000000,19.5978,19.7249,19.326,19.3836,5035264.2691658,0
EIX.US,D,20090521,000000,19.1295,19.3994,19.1041,19.197,4691849.5320041,0
EIX.US,D,20090522,000000,19.2712,19.4844,19.192,19.2918,2437903.4039647,0
EIX.US,D,20090526,000000,19.3123,19.7923,19.0963,19.7415,3875108.2355265,0
EIX.US,D,20090527,000000,19.8265,19.8265,19.2302,19.2712,3096317.5120532,0
EIX.US,D,20090528,000000,19.3914,19.7981,19.2488,19.5196,4546374.7221874,0
EIX.US,D,20090529,000000,19.6056,19.7161,19.3192,19.586,4787680.3034889,0
EIX.US,D,20090601,000000,19.7337,20.3076,19.6124,20.2156,6725763.7571782,0
EIX.US,D,20090602,000000,20.2332,20.4307,20.0397,20.0622,5375132.7113407,0
EIX.US,D,20090603,000000,20.0876,20.1404,19.4707,19.6398,5158759.6193115,0
EIX.US,D,20090604,000000,19.6926,19.9409,19.5323,19.8187,3750121.5389455,0
EIX.US,D,20090605,000000,19.9879,20.2772,19.8607,19.9527,5564237.0759233,0
EIX.US,D,20090608,000000,19.8461,20.1071,19.6398,19.9879,3520446.0049477,0
EIX.US,D,20090609,000000,20.0133,20.1345,19.7797,19.9527,4690759.1511399,0
EIX.US,D,20090610,000000,20.203,20.5979,20.0798,20.4649,4645303.7710057,0
EIX.US,D,20090611,000000,20.5373,21.5423,20.4649,21.3067,7564085.5934985,0
EIX.US,D,20090612,000000,21.249,21.7808,20.9186,21.7623,5459395.8306745,0
EIX.US,D,20090615,000000,21.5599,21.5599,21.0046,21.2128,5013983.4306301,0
EIX.US,D,20090616,000000,21.249,21.4005,20.9137,21.0604,3422820.0942353,0
EIX.US,D,20090617,000000,20.9792,21.2803,20.7699,20.9186,3059913.5205372,0
EIX.US,D,20090618,000000,20.985,21.3849,20.9391,21.2803,4042159.4937004,0
EIX.US,D,20090619,000000,21.4005,21.5883,21.0466,21.2002,5220988.043921,0
EIX.US,D,20090622,000000,20.9792,21.5081,20.9792,21.3683,5670113.4669833,0
EIX.US,D,20090623,000000,21.423,21.4289,20.9792,21.0974,4284818.3338043,0
EIX.US,D,20090624,000000,21.0974,21.7153,20.9498,21.1923,3493325.5938476,0
EIX.US,D,20090625,000000,20.7856,21.381,20.7435,21.2588,4661912.1331929,0
EIX.US,D,20090626,000000,21.1258,21.295,20.8374,20.9577,3853554.2903389,0
EIX.US,D,20090629,000000,21.0046,21.3849,20.9645,21.3468,3432819.6845995,0
EIX.US,D,20090630,000000,21.3468,21.3468,20.813,21.073,4484309.9569946,0
EIX.US,D,20090701,000000,21.2412,21.4807,21.1034,21.3399,3344280.9630027,0
EIX.US,D,20090702,000000,21.1396,21.2734,20.5089,20.5089,3259247.6215389,0
EIX.US,D,20090706,000000,20.3574,21.0525,20.3574,21.033,4304390.9771776,0
EIX.US,D,20090707,000000,20.9459,21.0466,20.4141,20.4366,4324485.2849419,0
EIX.US,D,20090708,000000,20.3437,20.6839,19.9527,20.203,3697418.0923915,0
EIX.US,D,20090709,000000,20.3144,20.3711,19.9067,20.1834,3323274.2539901,0
EIX.US,D,20090710,000000,20.0934,20.248,19.9018,20.153,2200461.2077702,0
EIX.US,D,20090713,000000,20.1678,20.5285,19.9839,20.5089,2924441.3696987,0
EIX.US,D,20090714,000000,20.5764,20.5833,20.289,20.5226,2532478.0894259,0
EIX.US,D,20090715,000000,20.5764,21.0906,20.5764,21.0525,2689870.3733969,0
EIX.US,D,20090716,000000,21.0114,21.1326,20.6907,21.0672,2177405.6874339,0
EIX.US,D,20090717,000000,21.073,21.073,20.6028,20.7856,2252164.2861393,0
EIX.US,D,20090720,000000,20.9,20.9322,20.5705,20.8853,2840898.3517987,0
EIX.US,D,20090721,000000,20.9498,21.162,20.7768,21.0858,2406730.3765571,0
EIX.US,D,20090722,000000,20.9577,21.1258,20.7347,20.8853,2656644.4431803,0
EIX.US,D,20090723,000000,20.9186,21.5727,20.8775,21.5081,4446537.3636059,0
EIX.US,D,20090724,000000,21.5081,22.1445,21.4357,22.0566,4566041.4697253,0
EIX.US,D,20090727,000000,22.0038,22.2364,21.9168,22.1289,2878733.3403399,0
EIX.US,D,20090728,000000,22.126,22.1289,21.4533,21.7965,3427614.2922751,0
EIX.US,D,20090729,000000,21.7095,21.989,21.3331,21.6127,3252418.9323744,0
EIX.US,D,20090730,000000,21.7691,22.1142,21.6283,21.9372,3488822.914144,0
EIX.US,D,20090731,000000,21.989,22.0566,21.5727,21.6499,3506031.7018164,0
EIX.US,D,20090803,000000,21.903,21.9969,21.4357,21.6439,3618325.5877561,0
EIX.US,D,20090804,000000,21.4357,21.7231,21.1864,21.2734,6400035.4886115,0
EIX.US,D,20090805,000000,21.2666,21.3008,20.8413,20.9,6466792.1647086,0
EIX.US,D,20090806,000000,20.9391,21.1668,20.7993,20.9645,6359800.843872,0
EIX.US,D,20090807,000000,21.6029,21.6029,20.813,21.3008,5734397.8630159,0
EIX.US,D,20090810,000000,21.2412,21.3683,21.0408,21.3135,2850841.6842383,0
EIX.US,D,20090811,000000,21.2871,21.3067,21.0525,21.0974,3157237.6841999,0
EIX.US,D,20090812,000000,21.0974,21.7017,21.0408,21.4602,4178777.2604563,0
EIX.US,D,20090813,000000,21.5375,21.6821,21.0525,21.1718,4797870.147925,0
EIX.US,D,20090814,000000,21.2128,21.5971,21.1326,21.5971,3882963.887531,0
EIX.US,D,20090817,000000,21.6283,21.6371,21.0858,21.2178,3735664.2752173,0
EIX.US,D,20090818,000000,21.2128,21.4993,21.0604,21.4533,3821690.8247668,0
EIX.US,D,20090819,000000,21.3135,21.6547,21.249,21.6371,3464355.8313381,0
EIX.US,D,20090820,000000,21.6763,21.7407,21.4709,21.7095,3712320.3051591,0
EIX.US,D,20090821,000000,22.0497,22.9286,22.0497,22.7741,7351122.754566,0
EIX.US,D,20090824,000000,22.8894,22.8974,22.6255,22.6881,4252231.6981844,0
EIX.US,D,20090825,000000,22.8612,22.9853,22.6441,22.6666,3231733.4049672,0
EIX.US,D,20090826,000000,22.5893,22.8816,22.4515,22.821,3490845.1308123,0
EIX.US,D,20090827,000000,22.8054,22.8612,22.4799,22.5453,3670537.0331885,0
EIX.US,D,20090828,000000,22.6509,22.7125,22.4241,22.5737,2985553.8416602,0
EIX.US,D,20090831,000000,22.4671,22.5385,22.2237,22.3801,2917097.1533715,0
EIX.US,D,20090901,000000,22.4877,22.5737,22.121,22.1768,3865325.4938895,0
EIX.US,D,20090902,000000,22.126,22.2286,21.8904,22.0096,3028636.1602513,0
EIX.US,D,20090903,000000,22.0497,22.1709,21.8229,21.9969,3376305.0193776,0
EIX.US,D,20090904,000000,22.0624,22.213,21.862,22.1836,2941498.7724107,0
EIX.US,D,20090908,000000,22.3049,22.3303,22.0184,22.3117,4150446.7925435,0
EIX.US,D,20090909,000000,22.298,22.4671,22.1142,22.2491,2884469.6028974,0
EIX.US,D,20090910,000000,22.1709,22.5522,22.0624,22.5522,3583412.9426753,0
EIX.US,D,20090911,000000,22.4447,22.7536,22.3371,22.4731,3374142.6693336,0
EIX.US,D,20090914,000000,22.4309,22.7663,22.3919,22.7174,2590267.2523558,0
EIX.US,D,20090915,000000,22.6812,23.0126,22.6314,22.9462,3344076.3887318,0
EIX.US,D,20090916,000000,22.9404,23.4497,22.7321,23.4497,4492124.6941449,0
EIX.US,D,20090917,000000,23.4819,23.5758,23.1437,23.1828,4313762.5245299,0
EIX.US,D,20090918,000000,23.3411,23.5249,23.2629,23.436,4904367.4218971,0
EIX.US,D,20090921,000000,23.3353,23.3353,23.043,23.1437,3642020.4026891,0
EIX.US,D,20090922,000000,23.1945,23.2903,23.0126,23.1055,3652410.7299107,0
EIX.US,D,20090923,000000,23.2151,23.2961,22.78,22.8006,3888818.8031657,0
EIX.US,D,20090924,000000,22.8524,23.1055,22.8122,23.0078,3088802.4762097,0
EIX.US,D,20090925,000000,22.955,23.0126,22.7966,22.868,2869740.2553889,0
EIX.US,D,20090928,000000,22.6588,22.9628,22.5659,22.821,2005318.8335804,0
EIX.US,D,20090929,000000,22.8974,22.8974,22.5385,22.738,2704222.2813756,0
EIX.US,D,20090930,000000,22.7262,22.8006,22.298,22.4925,4503049.9830851,0
EIX.US,D,20091001,000000,22.4985,22.4985,22.1054,22.1054,3582526.1132108,0
EIX.US,D,20091002,000000,21.9372,21.9372,21.6929,21.7808,3176475.8486403,0
EIX.US,D,20091005,000000,21.818,22.0184,21.6097,22.0184,4609928.7880726,0
EIX.US,D,20091006,000000,22.0673,22.4985,22.037,22.4173,3164316.9768462,0
EIX.US,D,20091007,000000,22.3733,22.3801,22.1377,22.3117,2209550.4426286,0
EIX.US,D,20091008,000000,22.0908,22.2853,21.9372,22.1377,3157981.3116748,0
EIX.US,D,20091009,000000,22.0908,22.298,22.0624,22.1709,2560267.458392,0
EIX.US,D,20091012,000000,22.2364,22.4925,22.2198,22.4173,2213986.6356942,0
EIX.US,D,20091013,000000,22.3303,22.3869,21.9548,21.989,2937433.8816469,0
EIX.US,D,20091014,000000,22.1553,22.2657,21.9548,22.1445,3698185.2459076,0
EIX.US,D,20091015,000000,22.0497,22.4309,22.0321,22.4045,2694103.015063,0
EIX.US,D,20091016,000000,22.2853,22.5297,22.126,22.4387,2800928.6307401,0
EIX.US,D,20091019,000000,22.4387,22.7888,22.3645,22.7018,1897041.7634509,0
EIX.US,D,20091020,000000,22.6441,22.7468,22.121,22.1993,2877807.6417638,0
EIX.US,D,20091021,000000,22.1993,22.5121,22.1142,22.1553,3563122.243611,0
EIX.US,D,20091022,000000,22.1768,22.2785,21.8747,22.2286,3309598.4639769,0
EIX.US,D,20091023,000000,22.213,22.2736,21.7965,21.862,2406919.6077577,0
EIX.US,D,20091026,000000,21.9236,22.2364,21.5599,21.687,2912512.6439594,0
EIX.US,D,20091027,000000,21.775,22.0262,21.6371,21.6675,3446965.9954357,0
EIX.US,D,20091028,000000,21.5883,21.8229,21.3761,21.3917,3466269.6236429,0
EIX.US,D,20091029,000000,21.4709,21.5599,21.3008,21.5149,3227554.975483,0
EIX.US,D,20091030,000000,21.4807,21.6127,21.1258,21.3135,4497072.3228879,0
EIX.US,D,20091102,000000,21.3204,21.5227,21.0466,21.3605,4066957.9868253,0
EIX.US,D,20091103,000000,21.3399,21.3761,21.0906,21.1864,2719758.6743831,0
EIX.US,D,20091104,000000,21.2588,21.5647,21.1718,21.2412,2820858.2562162,0
EIX.US,D,20091105,000000,21.3262,21.6127,21.3262,21.5541,3027129.4707458,0
EIX.US,D,20091106,000000,21.4944,22.3117,21.4426,22.2286,5896203.8368827,0
EIX.US,D,20091109,000000,22.3049,22.7321,22.2433,22.6881,4793852.3092434,0
EIX.US,D,20091110,000000,22.6255,22.9462,22.6255,22.9012,3987875.7109034,0
EIX.US,D,20091111,000000,22.9462,23.0352,22.5659,22.7174,3640697.8300274,0
EIX.US,D,20091112,000000,22.6119,22.7018,22.1993,22.2657,3645883.787796,0
EIX.US,D,20091113,000000,22.3449,22.5297,22.1836,22.3175,4030757.546709,0
EIX.US,D,20091116,000000,22.4671,22.7468,22.3801,22.5063,3674753.3089127,0
EIX.US,D,20091117,000000,22.4731,22.5297,22.3977,22.4799,1951823.6845978,0
EIX.US,D,20091118,000000,22.3977,22.56,22.3449,22.3733,1830239.0581428,0
EIX.US,D,20091119,000000,22.3175,22.4447,21.9832,22.0438,3103151.3155743,0
EIX.US,D,20091120,000000,21.9969,22.1914,21.9969,22.1289,3052757.5125393,0
EIX.US,D,20091123,000000,22.2286,22.6441,22.2286,22.6069,2864548.1603921,0
EIX.US,D,20091124,000000,22.6373,22.8816,22.5943,22.8338,3902273.6529662,0
EIX.US,D,20091125,000000,22.8396,23.0713,22.8122,22.999,1811865.2199973,0
EIX.US,D,20091127,000000,22.6373,22.7663,22.4447,22.6441,1915295.925648,0
EIX.US,D,20091130,000000,22.5943,22.827,22.5121,22.8054,2787403.202816,0
EIX.US,D,20091201,000000,22.955,23.2023,22.955,23.1779,4728842.6974203,0
EIX.US,D,20091202,000000,23.2287,23.5611,23.1779,23.5611,3564001.9129761,0
EIX.US,D,20091203,000000,23.5553,23.783,23.4193,23.4673,3340984.2486263,0
EIX.US,D,20091204,000000,23.6188,23.7968,23.0713,23.3353,3149191.7781234,0
EIX.US,D,20091207,000000,23.2835,23.6824,23.2835,23.436,2158341.4111239,0
EIX.US,D,20091208,000000,23.4105,23.4614,23.1202,23.3225,2865891.1904808,0
EIX.US,D,20091209,000000,23.2776,23.4262,23.1437,23.4262,2532528.2101223,0
EIX.US,D,20091210,000000,23.5611,23.7782,23.4673,23.7782,2739348.7065695,0
EIX.US,D,20091211,000000,23.7722,24.309,23.6824,24.2709,3378411.111497,0
EIX.US,D,20091214,000000,24.5935,24.5935,24.2221,24.3726,2993698.9662581,0
EIX.US,D,20091215,000000,24.1535,24.3021,24.0803,24.1927,2235173.3700653,0
EIX.US,D,20091216,000000,23.7098,24.135,23.7098,23.832,4170084.8996835,0
EIX.US,D,20091217,000000,23.742,23.8192,23.5553,23.7332,4020989.125271,0
EIX.US,D,20091218,000000,23.8378,23.9395,23.4057,23.6824,5402237.7793705,0
EIX.US,D,20091221,000000,23.8026,23.9532,23.7166,23.8192,2167073.6638795,0
EIX.US,D,20091222,000000,23.8662,24.0343,23.5386,23.5895,3147211.4991805,0
EIX.US,D,20091223,000000,23.6824,23.742,23.5132,23.6462,2254433.0148042,0
EIX.US,D,20091224,000000,23.7166,23.8916,23.6658,23.8916,711249.50504713,0
EIX.US,D,20091228,000000,23.9942,24.0411,23.832,23.958,2031905.3058334,0
EIX.US,D,20091229,000000,23.8466,23.9532,23.742,23.7518,2388177.5359245,0
EIX.US,D,20091230,000000,23.7332,23.8779,23.612,23.6658,1415207.9830775,0
EIX.US,D,20091231,000000,23.6746,23.742,23.2903,23.2961,1925390.6430481,0
EIX.US,D,20100104,000000,23.4907,23.5318,23.2415,23.2903,2883533.6756077,0
EIX.US,D,20100105,000000,23.2287,23.3979,23.0126,23.0831,3710063.8509504,0
EIX.US,D,20100106,000000,23.0987,23.4321,23.0264,23.3705,3990597.5715784,0
EIX.US,D,20100107,000000,23.3109,23.3353,23.1368,23.2287,3075159.4180799,0
EIX.US,D,20100108,000000,23.1711,23.2483,22.9628,23.1055,2329060.6859761,0
EIX.US,D,20100111,000000,23.1828,23.6188,23.1828,23.5553,4387795.9074448,0
EIX.US,D,20100112,000000,23.4673,23.6315,23.4057,23.5318,3339924.5539028,0
EIX.US,D,20100113,000000,23.5504,23.789,23.4761,23.7478,2292682.2662441,0
EIX.US,D,20100114,000000,23.6746,23.7654,23.5504,23.7332,2155321.8948846,0
EIX.US,D,20100115,000000,23.9395,23.9874,23.3832,23.6051,3675043.8043775,0
EIX.US,D,20100119,000000,23.5816,23.9942,23.5611,23.9659,2452709.4668249,0
EIX.US,D,20100120,000000,23.6746,23.8192,23.3411,23.6696,3024789.1410861,0
EIX.US,D,20100121,000000,23.7586,23.8916,23.1945,23.3705,3353598.2981733,0
EIX.US,D,20100122,000000,23.2561,23.3109,22.6812,22.6881,3835119.0799121,0
EIX.US,D,20100125,000000,22.913,23.0126,22.6255,22.8396,2286562.4269285,0
EIX.US,D,20100126,000000,22.8054,22.9892,22.6119,22.907,4018681.5274947,0
EIX.US,D,20100127,000000,22.827,22.8738,22.4799,22.8054,2951411.4187097,0
EIX.US,D,20100128,000000,22.8396,22.9012,22.3977,22.4173,3349333.9474953,0
EIX.US,D,20100129,000000,22.4877,22.6881,22.2912,22.3175,3137156.6737633,0
EIX.US,D,20100201,000000,22.4173,22.5815,22.1709,22.5453,2752222.5654404,0
EIX.US,D,20100202,000000,22.5943,22.7741,22.3449,22.7741,2549359.5582649,0
EIX.US,D,20100203,000000,22.6314,22.7321,22.4515,22.5063,2553179.9827749,0
EIX.US,D,20100204,000000,22.3733,22.3977,21.7564,21.7691,4166338.1219111,0
EIX.US,D,20100205,000000,21.7359,21.8561,21.3536,21.7407,3006321.1987759,0
EIX.US,D,20100208,000000,21.6929,21.8414,21.4944,21.5227,1884456.3543019,0
EIX.US,D,20100209,000000,21.6821,22.0673,21.6371,21.8033,2152654.2463915,0
EIX.US,D,20100210,000000,21.775,21.818,21.4885,21.6821,1729672.3922856,0
EIX.US,D,20100211,000000,21.6205,21.8747,21.4426,21.8229,2833664.6055778,0
EIX.US,D,20100212,000000,21.7877,21.8414,21.5647,21.8297,2826813.4132436,0
EIX.US,D,20100216,000000,21.9432,22.3449,21.9108,22.3371,2256960.5299217,0
EIX.US,D,20100217,000000,22.3977,22.6588,22.2237,22.3117,2412061.5820581,0
EIX.US,D,20100218,000000,22.2491,22.7067,22.2491,22.5121,2302998.9467281,0
EIX.US,D,20100219,000000,22.4045,23.043,22.3645,22.9344,3147292.3060176,0
EIX.US,D,20100222,000000,22.9686,23.1055,22.6314,22.6441,2636811.9904828,0
EIX.US,D,20100223,000000,22.56,22.6754,22.2736,22.3049,2781022.531305,0
EIX.US,D,20100224,000000,22.3225,22.4309,22.037,22.2237,3585611.0932168,0
EIX.US,D,20100225,000000,21.903,21.9832,21.6675,21.9304,4340693.7044295,0
EIX.US,D,20100226,000000,21.9626,22.1054,21.7965,21.8561,3497612.4476954,0
EIX.US,D,20100301,000000,22.0262,22.3645,22.0262,22.3175,3638181.5664947,0
EIX.US,D,20100302,000000,22.4173,22.5737,22.1553,22.2579,4116393.3594008,0
EIX.US,D,20100303,000000,22.3371,22.5943,22.2237,22.3049,3478397.8092962,0
EIX.US,D,20100304,000000,22.3049,22.3527,22.1377,22.1914,3576774.507583,0
EIX.US,D,20100305,000000,22.2912,22.6441,22.2433,22.6255,3255614.3824867,0
EIX.US,D,20100308,000000,22.5385,22.7125,22.4603,22.4799,2607992.5900624,0
EIX.US,D,20100309,000000,22.4515,22.5522,22.3869,22.4799,3068974.1149977,0
EIX.US,D,20100310,000000,22.7966,22.9404,22.6373,22.8396,4295574.848971,0
EIX.US,D,20100311,000000,22.955,23.0126,22.7321,22.9462,3176806.2360879,0
EIX.US,D,20100312,000000,23.0586,23.0586,22.6314,22.6314,2516829.1805694,0
EIX.US,D,20100315,000000,22.5943,22.827,22.5385,22.827,3117008.1538172,0
EIX.US,D,20100316,000000,22.78,23.0352,22.6255,23.0186,2360861.7563956,0
EIX.US,D,20100317,000000,23.0126,23.3031,22.9628,23.2483,2958552.0836372,0
EIX.US,D,20100318,000000,23.2287,23.3891,22.9892,23.1124,3351264.1057417,0
EIX.US,D,20100319,000000,23.1632,23.2287,22.8474,23.0508,4598888.9375407,0
EIX.US,D,20100322,000000,22.9628,23.0713,22.8612,22.9286,3369147.9885083,0
EIX.US,D,20100323,000000,22.9198,23.1495,22.8738,23.0938,3324100.7340447,0
EIX.US,D,20100324,000000,22.999,23.0831,22.827,22.8338,3204007.454025,0
EIX.US,D,20100325,000000,22.9286,23.0264,22.6441,22.6588,2778812.1063074,0
EIX.US,D,20100326,000000,22.7536,22.8122,22.5385,22.7888,2809211.8429709,0
EIX.US,D,20100329,000000,22.6373,22.9344,22.56,22.907,2664190.1651644,0
EIX.US,D,20100330,000000,22.8816,23.1495,22.8816,23.1124,2700619.7284642,0
EIX.US,D,20100331,000000,23.0713,23.088,22.821,22.8894,2879145.5574958,0
EIX.US,D,20100401,000000,23.0078,23.1711,22.9012,22.9765,2088285.9749078,0
EIX.US,D,20100405,000000,23.0186,23.0831,22.9012,23.0352,1782066.9316905,0
EIX.US,D,20100406,000000,22.913,23.2219,22.8396,23.2219,1968950.642562,0
EIX.US,D,20100407,000000,23.1495,23.2092,22.9344,23.0264,2537860.4384947,0
EIX.US,D,20100408,000000,22.955,23.0186,22.821,22.9931,1720814.3263533,0
EIX.US,D,20100409,000000,22.9686,22.9686,22.7536,22.9198,1691945.828108,0
EIX.US,D,20100412,000000,22.9628,23.1711,22.955,23.0831,2051126.0814606,0
EIX.US,D,20100413,000000,23.0186,23.0831,22.7741,23.0126,1824315.6101275,0
EIX.US,D,20100414,000000,22.9462,23.0752,22.8054,23.0645,2493701.036367,0
EIX.US,D,20100415,000000,22.9892,23.2287,22.8612,23.1271,3036581.8249351,0
EIX.US,D,20100416,000000,23.0938,23.1124,22.6881,22.7262,3399898.5700465,0
EIX.US,D,20100419,000000,22.6509,22.78,22.5522,22.6754,2913476.1887757,0
EIX.US,D,20100420,000000,22.7536,22.913,22.7174,22.8474,3171718.4739692,0
EIX.US,D,20100421,000000,22.8524,23.0264,22.8122,22.9686,3364416.1856212,0
EIX.US,D,20100422,000000,22.8738,22.8738,22.6314,22.8338,3388206.1275902,0
EIX.US,D,20100423,000000,22.7751,23.0381,22.6754,23.0205,2681906.2970288,0
EIX.US,D,20100426,000000,23.043,23.0508,22.8338,22.8338,0,0
EIX.US,D,20100427,000000,22.7741,22.827,22.2912,22.2912,3148523.8431287,0
EIX.US,D,20100428,000000,22.2912,22.6255,22.2491,22.3645,3862725.3549057,0
EIX.US,D,20100429,000000,22.4731,22.7174,22.4603,22.5893,3143079.0989074,0
EIX.US,D,20100430,000000,22.6314,23.1887,22.5815,23.0186,4251929.9511347,0
EIX.US,D,20100503,000000,23.0938,23.2707,22.9286,23.2346,3890971.9473674,0
EIX.US,D,20100504,000000,22.9892,23.088,22.4877,22.5453,3664324.1125797,0
EIX.US,D,20100505,000000,22.4731,22.6881,22.3733,22.5522,3330490.6113979,0
EIX.US,D,20100506,000000,22.4309,22.6069,21.0202,21.8561,7121648.7262251,0
EIX.US,D,20100507,000000,21.7623,22.5189,21.423,22.126,6054873.6871758,0
EIX.US,D,20100510,000000,22.7594,23.0713,22.5189,22.7067,4128439.7153459,0
EIX.US,D,20100511,000000,22.5189,23.043,22.5189,22.7663,3460720.5465432,0
EIX.US,D,20100512,000000,22.7741,23.088,22.6949,22.9404,2553516.5074507,0
EIX.US,D,20100513,000000,22.8524,23.0938,22.7125,22.7663,2289760.9456549,0
EIX.US,D,20100514,000000,22.6588,22.738,22.3977,22.5453,3009587.2270116,0
EIX.US,D,20100517,000000,22.5737,22.6666,22.2051,22.4877,3130520.2844136,0
EIX.US,D,20100518,000000,22.5297,22.7536,22.2433,22.2785,3475092.911949,0
EIX.US,D,20100519,000000,22.1553,22.2579,21.8688,22.0438,3103441.811039,0
EIX.US,D,20100520,000000,21.6821,21.7623,21.2128,21.2666,4150600.2232467,0
EIX.US,D,20100521,000000,20.985,21.249,20.8482,21.2412,4722136.7528185,0
EIX.US,D,20100524,000000,21.162,21.5883,20.9,21.206,5029615.9735448,0
EIX.US,D,20100525,000000,20.8198,20.9322,20.3437,20.9186,4434481.8018188,0
EIX.US,D,20100526,000000,20.985,21.5081,20.9068,21.1776,5739852.8359508,0
EIX.US,D,20100527,000000,21.4807,21.6283,21.3067,21.6283,2557437.1733535,0
EIX.US,D,20100528,000000,21.6029,21.8835,21.5599,21.6763,3279238.6192963,0
EIX.US,D,20100601,000000,21.4533,21.5883,21.1034,21.1034,3588809.6119431,0
EIX.US,D,20100602,000000,21.2803,21.729,21.1776,21.729,4135695.9647365,0
EIX.US,D,20100603,000000,21.6929,22.0096,21.6929,21.9626,2694266.6744797,0
EIX.US,D,20100604,000000,21.7231,21.818,21.3008,21.3536,4901159.6973287,0
EIX.US,D,20100607,000000,21.4289,21.8904,21.4005,21.5541,5519986.6382451,0
EIX.US,D,20100608,000000,21.5375,21.6596,21.3008,21.6283,4479840.0091743,0
EIX.US,D,20100609,000000,21.7495,21.7623,21.381,21.4651,3764972.6081453,0
EIX.US,D,20100610,000000,21.7153,21.9969,21.7153,21.9832,3291662.4147711,0
EIX.US,D,20100611,000000,21.8229,22.0038,21.7017,21.949,2403068.4971071,0
EIX.US,D,20100614,000000,22.126,22.3733,22.0742,22.1709,2692027.6090841,0
EIX.US,D,20100615,000000,22.3117,22.5737,22.2785,22.5522,3045678.219893,0
EIX.US,D,20100616,000000,22.3049,22.8816,22.3049,22.8612,4096773.6639452,0
EIX.US,D,20100617,000000,22.8338,23.0752,22.6441,23.0752,2708937.718321,0
EIX.US,D,20100618,000000,23.0586,23.2023,22.9012,23.0078,2827558.0635898,0
EIX.US,D,20100621,000000,23.2023,23.2219,22.7663,22.8474,1892151.4155038,0
EIX.US,D,20100622,000000,22.913,22.9198,22.298,22.3733,2275606.4518477,0
EIX.US,D,20100623,000000,22.3225,22.3596,21.9372,22.0038,2438705.3351069,0
EIX.US,D,20100624,000000,21.8688,22.2912,21.8688,21.949,2357709.2668803,0
EIX.US,D,20100625,000000,21.9686,22.0976,21.7153,21.8904,3901123.9455635,0
EIX.US,D,20100628,000000,21.6283,22.037,21.6127,21.8962,2748408.2781585,0
EIX.US,D,20100629,000000,21.729,21.7495,21.3849,21.4357,3432225.3963423,0
EIX.US,D,20100630,000000,21.3634,21.6547,21.1844,21.249,2826587.3586742,0
EIX.US,D,20100701,000000,21.206,21.2412,20.8051,20.9694,4867831.4799765,0
EIX.US,D,20100702,000000,20.9792,21.12,20.8325,20.8482,3489582.9075605,0
EIX.US,D,20100706,000000,21.1474,21.3399,20.9391,21.1034,3630705.3997627,0
EIX.US,D,20100707,000000,21.2178,21.8688,21.1258,21.8414,3402570.3100251,0
EIX.US,D,20100708,000000,21.9304,22.126,21.903,22.081,3438175.439013,0
EIX.US,D,20100709,000000,22.0262,22.1914,21.8962,22.1445,2591886.4577104,0
EIX.US,D,20100712,000000,22.0438,22.1768,21.9626,22.0673,2095310.0325009,0
EIX.US,D,20100713,000000,22.2286,22.3733,22.037,22.1914,2481415.328525,0
EIX.US,D,20100714,000000,22.121,22.3049,21.9969,22.2364,3203313.9472465,0
EIX.US,D,20100715,000000,22.2736,22.3645,22.0038,22.3175,2923446.1158706,0
EIX.US,D,20100716,000000,22.213,22.298,21.775,21.8033,2633758.7194889,0
EIX.US,D,20100719,000000,21.8835,22.3117,21.8835,22.1494,3174735.9444658,0
EIX.US,D,20100720,000000,21.8835,22.1836,21.8033,22.1054,3618775.6511522,0
EIX.US,D,20100721,000000,22.2198,22.2198,21.5541,21.6821,4355306.4446035,0
EIX.US,D,20100722,000000,21.8904,22.1445,21.8033,22.0438,4146154.824339,0
EIX.US,D,20100723,000000,22.0321,22.1289,21.8356,22.0438,3346712.328213,0
EIX.US,D,20100726,000000,22.0438,22.1836,21.9626,22.1054,5225504.0209523,0
EIX.US,D,20100727,000000,22.126,22.5893,22.0673,22.5893,5213528.2431307,0
EIX.US,D,20100728,000000,22.4447,22.7321,22.4309,22.4877,5408829.1623806,0
EIX.US,D,20100729,000000,22.6069,22.7536,22.2433,22.3225,4892474.4966554,0
EIX.US,D,20100730,000000,22.0908,22.3225,22.0566,22.2051,3378449.9806085,0
EIX.US,D,20100802,000000,22.5815,22.907,22.5249,22.8006,4576158.6902953,0
EIX.US,D,20100803,000000,22.7888,22.8338,22.5737,22.6119,2566504.9279134,0
EIX.US,D,20100804,000000,22.6069,22.7125,22.4241,22.6441,2453504.2378676,0
EIX.US,D,20100805,000000,22.4603,22.738,22.3175,22.5815,3337172.0070871,0
EIX.US,D,20100806,000000,22.4603,22.8054,22.4124,22.7741,3044546.9241746,0
EIX.US,D,20100809,000000,22.78,22.913,22.6187,22.7468,2397836.5101275,0
EIX.US,D,20100810,000000,22.5385,22.9765,22.4387,22.8396,4512378.5698405,0
EIX.US,D,20100811,000000,22.56,22.6119,22.2736,22.3049,4394361.718671,0
EIX.US,D,20100812,000000,21.9432,22.3977,21.8962,22.3225,4081990.1042548,0
EIX.US,D,20100813,000000,22.3527,22.8474,22.2853,22.7321,6039470.2674445,0
EIX.US,D,20100816,000000,22.6314,22.7594,22.3449,22.6812,4328988.987517,0
EIX.US,D,20100817,000000,22.8338,22.9344,22.6949,22.738,3805103.942878,0
EIX.US,D,20100818,000000,22.7741,22.868,22.4925,22.6666,3527629.6304722,0
EIX.US,D,20100819,000000,22.5659,22.6754,22.2912,22.4671,3077440.421201,0
EIX.US,D,20100820,000000,22.4309,22.738,22.3449,22.6812,3831544.1445272,0
EIX.US,D,20100823,000000,22.8338,23.0078,22.6949,22.6949,2206233.2708251,0
EIX.US,D,20100824,000000,22.5249,22.9012,22.4877,22.738,4665029.8450823,0
EIX.US,D,20100825,000000,22.6187,22.6949,22.3977,22.6255,7044006.6531706,0
EIX.US,D,20100826,000000,22.6509,22.7125,22.213,22.2736,4234677.1799939,0
EIX.US,D,20100827,000000,22.3645,22.7888,22.2051,22.7594,3214008.0672605,0
EIX.US,D,20100830,000000,22.6441,22.738,22.3801,22.3977,2185190.761315,0
EIX.US,D,20100831,000000,22.3967,22.7331,22.1729,22.606,4539236.1030024,0
EIX.US,D,20100901,000000,22.9892,23.2776,22.827,23.2629,4062414.3922674,0
EIX.US,D,20100902,000000,23.2346,23.2835,22.9765,23.1828,3057756.28485,0
EIX.US,D,20100903,000000,23.2961,23.3637,23.1202,23.3637,1987370.5099184,0
EIX.US,D,20100907,000000,23.2415,23.4536,23.1945,23.2346,1531369.3456095,0
EIX.US,D,20100908,000000,23.2903,23.3225,23.0586,23.0938,1795747.8360604,0
EIX.US,D,20100909,000000,23.3275,23.3832,23.2023,23.2346,1635818.8311296,0
EIX.US,D,20100910,000000,23.1887,23.3031,22.8396,23.0352,3514663.7131793,0
EIX.US,D,20100913,000000,23.1437,23.1887,22.7741,22.8474,5729530.0182385,0
EIX.US,D,20100914,000000,22.7663,23.0586,22.6119,22.999,3583431.3543598,0
EIX.US,D,20100915,000000,22.9853,22.9931,22.6881,22.6949,3531821.357284,0
EIX.US,D,20100916,000000,22.6666,22.7741,22.5943,22.6373,2330469.1798316,0
EIX.US,D,20100917,000000,22.78,22.78,22.5189,22.6754,3192246.479188,0
EIX.US,D,20100920,000000,22.7125,23.1437,22.6509,23.1055,4143170.0857258,0
EIX.US,D,20100921,000000,23.0831,23.3763,22.9286,23.2415,11027765.306871,0
EIX.US,D,20100922,000000,23.2707,23.5445,23.1573,23.3177,6876271.0940603,0
EIX.US,D,20100923,000000,23.2151,23.3549,23.0713,23.1495,3939279.0928387,0
EIX.US,D,20100924,000000,23.3832,23.4673,23.1711,23.2346,4535742.997326,0
EIX.US,D,20100927,000000,23.2835,23.3109,22.9931,23.1711,4346769.5602767,0
EIX.US,D,20100928,000000,23.088,23.3637,22.907,23.2903,5018661.0213354,0
EIX.US,D,20100929,000000,23.2483,23.3353,23.0264,23.1124,3487246.6693863,0
EIX.US,D,20100930,000000,23.2688,23.3031,22.9794,23.0381,3724458.719526,0
EIX.US,D,20101001,000000,23.0352,23.2835,23.0264,23.1945,2451910.6042968,0
EIX.US,D,20101004,000000,23.1945,23.7254,23.1573,23.2346,5109889.8945951,0
EIX.US,D,20101005,000000,23.4429,23.5689,23.3832,23.4536,2335449.5404579,0
EIX.US,D,20101006,000000,23.4497,23.4976,23.1271,23.2776,2643242.7826902,0
EIX.US,D,20101007,000000,23.3549,23.4321,23.2835,23.3979,2942670.9829833,0
EIX.US,D,20101008,000000,23.4536,23.6384,23.2961,23.5758,2698341.7939571,0
EIX.US,D,20101011,000000,23.6384,23.7722,23.5132,23.6746,2331208.7158211,0
EIX.US,D,20101012,000000,23.5386,23.7722,23.521,23.7332,4552232.7064361,0
EIX.US,D,20101013,000000,23.7654,23.7968,23.7098,23.789,3724797.2899444,0
EIX.US,D,20101014,000000,23.789,23.8867,23.6746,23.783,2950647.3338077,0
EIX.US,D,20101015,000000,23.9659,23.9659,23.7518,23.8593,6990014.3887096,0
EIX.US,D,20101018,000000,23.8974,24.1135,23.7722,24.0939,2247069.3639212,0
EIX.US,D,20101019,000000,23.8779,24.1067,23.8192,23.8916,2985327.7870908,0
EIX.US,D,20101020,000000,23.9717,24.2151,23.9532,24.0998,2162949.446577,0
EIX.US,D,20101021,000000,24.1467,24.2405,23.8779,24.0245,2618855.48385,0
EIX.US,D,20101022,000000,24.0196,24.1203,23.8593,24.1067,3394621.5767273,0
EIX.US,D,20101025,000000,24.2581,24.3579,24.0998,24.1535,3092451.0583321,0
EIX.US,D,20101026,000000,24.0939,24.1781,24.0059,24.0861,4295887.8476056,0
EIX.US,D,20101027,000000,23.9268,24.0715,23.7518,24.0548,4062175.0403704,0
EIX.US,D,20101028,000000,24.1663,24.3481,23.9942,24.0939,3425501.0400561,0
EIX.US,D,20101029,000000,24.1877,24.8164,24.1877,24.7196,6088298.0544353,0
EIX.US,D,20101101,000000,24.923,25.2739,24.7167,24.8106,5685922.9666424,0
EIX.US,D,20101102,000000,25.0373,25.1185,24.8682,24.9044,3183745.3953586,0
EIX.US,D,20101103,000000,24.8976,25.01,24.7098,24.8839,3080072.2691968,0
EIX.US,D,20101104,000000,25.0775,25.3668,25.0373,25.3375,4141004.6670677,0
EIX.US,D,20101105,000000,25.3844,25.6004,25.3844,25.6004,3470055.2705268,0
EIX.US,D,20101108,000000,25.5468,25.5682,25.0637,25.1595,3730815.8649959,0
EIX.US,D,20101109,000000,25.2299,25.3238,25.01,25.1595,3627407.6625149,0
EIX.US,D,20101110,000000,25.1107,25.1801,24.8496,25.1234,2836217.6924793,0
EIX.US,D,20101111,000000,25.0061,25.4998,25.0061,25.4812,4152970.2161757,0
EIX.US,D,20101112,000000,25.3375,25.3541,25.0237,25.1664,2605560.2019808,0
EIX.US,D,20101115,000000,25.317,25.5144,25.2613,25.2984,1969723.9333061,0
EIX.US,D,20101116,000000,25.1664,25.2456,24.8047,25.01,3723322.3094508,0
EIX.US,D,20101117,000000,25.1107,25.1595,24.8976,25.0931,2919182.7880639,0
EIX.US,D,20101118,000000,25.3238,25.4431,25.184,25.4255,3665423.699286,0
EIX.US,D,20101119,000000,25.4324,25.4431,25.0853,25.3541,3124135.5214171,0
EIX.US,D,20101122,000000,25.2984,25.3238,24.9201,25.2818,2548361.2358226,0
EIX.US,D,20101123,000000,25.0451,25.0706,24.6894,24.8839,2713098.7589922,0
EIX.US,D,20101124,000000,25.01,25.1919,25.01,25.1507,2837962.7110105,0
EIX.US,D,20101126,000000,24.9993,25.1507,24.8252,24.8252,1630514.2202837,0
EIX.US,D,20101129,000000,24.6688,24.837,24.529,24.7519,2821520.0539827,0
EIX.US,D,20101130,000000,24.5319,24.8291,24.5319,24.7421,3195200.5316605,0
EIX.US,D,20101201,000000,24.9993,25.3033,24.8252,25.1664,3506600.4182897,0
EIX.US,D,20101202,000000,25.0931,25.3101,25.0931,25.3101,2414889.821354,0
EIX.US,D,20101203,000000,25.3922,25.4998,25.2387,25.4998,2573495.2307518,0
EIX.US,D,20101206,000000,25.4255,25.709,25.3991,25.6074,7220996.1294275,0
EIX.US,D,20101207,000000,25.7941,26.1137,25.6728,25.7892,5959990.0945655,0
EIX.US,D,20101208,000000,25.7892,25.8937,25.5468,25.666,2873628.1894083,0
EIX.US,D,20101209,000000,25.58,25.6592,25.0169,25.3375,6430830.053618,0
EIX.US,D,20101210,000000,25.4324,25.666,25.3991,25.5731,4515952.482354,0
EIX.US,D,20101213,000000,25.7012,25.7667,25.5194,25.6943,2494785.280003,0
EIX.US,D,20101214,000000,25.7813,25.9211,25.6943,25.7725,3205784.1815682,0
EIX.US,D,20101215,000000,25.754,25.8419,25.2818,25.2876,4102474.1260053,0
EIX.US,D,20101216,000000,25.361,25.7941,25.2456,25.754,4120340.6199589,0
EIX.US,D,20101217,000000,25.709,25.9505,25.62,25.9055,3670689.4410203,0
EIX.US,D,20101220,000000,26.0629,26.1568,25.7667,26.0297,2429394.1371646,0
EIX.US,D,20101221,000000,26.1832,26.2486,25.9925,26.0141,2699238.8521352,0
EIX.US,D,20101222,000000,26.0141,26.102,25.8811,25.8997,2506647.5191041,0
EIX.US,D,20101223,000000,25.8997,26.0141,25.8205,25.9211,1792002.0811592,0
EIX.US,D,20101227,000000,25.8811,26.3689,25.8811,26.0835,2200458.1391562,0
EIX.US,D,20101228,000000,26.1568,26.3054,26.0903,26.2486,2078317.0706843,0
EIX.US,D,20101229,000000,26.0971,26.103,25.8331,25.9505,1868545.5903786,0
EIX.US,D,20101230,000000,25.928,26.0307,25.8175,25.8919,1435700.1877988,0
EIX.US,D,20101231,000000,25.8899,26.0062,25.8155,25.8586,961935.83954314,0
EIX.US,D,20110103,000000,26.0687,26.0687,25.8557,25.9055,2211102.1384738,0
EIX.US,D,20110104,000000,25.9877,26.2574,25.8859,26.0629,3473924.7928619,0
EIX.US,D,20110105,000000,25.9827,26.0835,25.7149,25.7344,4160642.7742078,0
EIX.US,D,20110106,000000,25.7344,25.8068,25.5468,25.7892,2675856.0129654,0
EIX.US,D,20110107,000000,25.7608,25.9779,25.6142,25.9505,2869820.0393545,0
EIX.US,D,20110110,000000,25.5731,25.6797,25.361,25.5388,4241951.841069,0
EIX.US,D,20110111,000000,25.5731,25.666,25.3844,25.5194,2378594.2542018,0
EIX.US,D,20110112,000000,25.6474,25.6474,25.4128,25.531,2509281.4128427,0
EIX.US,D,20110113,000000,25.5144,25.531,25.2984,25.4255,3378646.3719087,0
EIX.US,D,20110114,000000,25.3746,25.531,25.2387,25.3033,3786678.9611647,0
EIX.US,D,20110118,000000,25.3922,25.5262,25.2876,25.488,2410587.6244359,0
EIX.US,D,20110119,000000,25.488,25.531,25.0511,25.1987,3270889.9432988,0
EIX.US,D,20110120,000000,25.1801,25.4509,25.0569,25.2534,3182315.4212046,0
EIX.US,D,20110121,000000,25.3922,25.3922,24.9993,25.0451,7354522.7789493,0
EIX.US,D,20110124,000000,25.0969,25.5262,25.0775,25.2613,3434244.5443967,0
EIX.US,D,20110125,000000,25.2211,25.2671,24.9289,25.1185,3740031.9359022,0
EIX.US,D,20110126,000000,25.1919,25.3991,24.9699,24.9836,3181308.9157915,0
EIX.US,D,20110127,000000,24.8682,25.0637,24.309,24.8897,5316728.8027266,0
EIX.US,D,20110128,000000,24.8682,25.0061,24.3169,24.3237,4630869.0104473,0
EIX.US,D,20110131,000000,24.4361,24.5769,24.2103,24.3012,4266622.4752745,0
EIX.US,D,20110201,000000,24.4928,24.5818,24.1203,24.5427,5185582.3748474,0
EIX.US,D,20110202,000000,24.487,24.8252,24.4772,24.5427,3258469.2164378,0
EIX.US,D,20110203,000000,24.529,24.8496,24.4332,24.7578,3111224.8391774,0
EIX.US,D,20110204,000000,24.7236,24.7294,24.3295,24.615,2101765.3736208,0
EIX.US,D,20110207,000000,24.656,24.702,24.4547,24.6492,2816925.3158572,0
EIX.US,D,20110208,000000,24.663,24.7744,24.5818,24.7519,1720517.6936604,0
EIX.US,D,20110209,000000,24.6394,24.8428,24.5075,24.837,2113976.4118539,0
EIX.US,D,20110210,000000,24.6756,24.8565,24.6756,24.8106,2534637.3708558,0
EIX.US,D,20110211,000000,24.7167,24.8976,24.7167,24.7959,2215382.8550935,0
EIX.US,D,20110214,000000,24.8106,24.8301,24.4772,24.6756,2435995.7488882,0
EIX.US,D,20110215,000000,24.8301,24.9641,24.6688,24.8174,2190563.9045415,0
EIX.US,D,20110216,000000,24.8301,24.8301,24.5222,24.615,2053867.3766914,0
EIX.US,D,20110217,000000,24.5935,24.7676,24.5818,24.7294,1729319.5016682,0
EIX.US,D,20110218,000000,24.6796,24.7802,24.5153,24.569,2771512.8963198,0
EIX.US,D,20110222,000000,24.3521,24.5896,24.3295,24.4283,2340615.0407995,0
EIX.US,D,20110223,000000,24.4087,24.5759,24.1271,24.1409,2982359.4144193,0
EIX.US,D,20110224,000000,24.1859,24.2151,23.9131,23.9796,2835975.2719682,0
EIX.US,D,20110225,000000,24.0861,24.3237,23.9796,24.1203,2285622.4081535,0
EIX.US,D,20110228,000000,23.6188,25.1029,23.5611,24.8653,6489850.7536589,0
EIX.US,D,20110301,000000,25.0315,25.0863,24.6278,24.923,5900091.7709021,0
EIX.US,D,20110302,000000,24.8487,25.2485,24.8027,25.1762,6569538.5694229,0
EIX.US,D,20110303,000000,25.314,25.709,25.3062,25.4236,7306387.4758656,0
EIX.US,D,20110304,000000,25.4812,25.5731,24.8761,25.0853,6210641.6514355,0
EIX.US,D,20110307,000000,25.2055,25.5144,24.7098,25.1801,5491359.5376394,0
EIX.US,D,20110308,000000,25.1507,25.5594,25.1303,25.4754,4519433.3135743,0
EIX.US,D,20110309,000000,25.4812,25.6142,25.3307,25.5076,2973069.6967754,0
EIX.US,D,20110310,000000,25.3199,25.4362,25.0647,25.0647,3190199.7136071,0
EIX.US,D,20110311,000000,25.1527,25.404,25.0247,25.2935,3298758.0733591,0
EIX.US,D,20110314,000000,25.0373,25.0373,24.5153,24.6394,6387475.6512465,0
EIX.US,D,20110315,000000,24.1135,24.4547,23.7722,23.9874,8952412.517373,0
EIX.US,D,20110316,000000,23.9874,24.1535,23.5816,23.7722,7355731.8128906,0
EIX.US,D,20110317,000000,24.004,24.0705,23.5249,23.8515,4097600.1439998,0
EIX.US,D,20110318,000000,24.092,24.3178,23.83,23.916,5322337.2063648,0
EIX.US,D,20110321,000000,24.1741,24.398,24.0235,24.3677,1867252.6809862,0
EIX.US,D,20110322,000000,24.354,24.5319,24.3305,24.4635,2940559.776507,0
EIX.US,D,20110323,000000,24.3823,24.4899,24.2797,24.4723,2270410.2653655,0
EIX.US,D,20110324,000000,24.5916,24.6482,24.3354,24.6112,2667901.1424394,0
EIX.US,D,20110325,000000,24.6482,24.7079,24.5046,24.5319,2730807.7307571,0
EIX.US,D,20110328,000000,24.5662,24.6112,24.1781,24.2093,3690785.7945273,0
EIX.US,D,20110329,000000,24.3178,24.6278,24.2005,24.5964,3239432.5576544,0
EIX.US,D,20110330,000000,24.7138,24.8888,24.6786,24.7421,4078216.7318271,0
EIX.US,D,20110331,000000,24.7352,24.832,24.5554,24.7294,2876420.6282068,0
EIX.US,D,20110401,000000,24.6932,25.0794,24.6932,25.0373,3763959.9655041,0
EIX.US,D,20110404,000000,25.1127,25.1127,24.8565,24.9279,1923634.372932,0
EIX.US,D,20110405,000000,24.8643,25.0373,24.7871,24.9562,3462648.659047,0
EIX.US,D,20110406,000000,24.9993,25.2123,24.9367,25.0579,2480912.0758184,0
EIX.US,D,20110407,000000,25.0451,25.1195,24.8418,24.9503,2236077.588343,0
EIX.US,D,20110408,000000,24.9641,25.2182,24.9641,25.1869,3613218.3910817,0
EIX.US,D,20110411,000000,25.2837,25.2837,24.75,24.8643,2611966.4452757,0
EIX.US,D,20110412,000000,25.2896,25.8635,25.1615,25.6268,9728075.3002433,0
EIX.US,D,20110413,000000,25.6875,25.9535,25.619,25.795,5687928.8173691,0
EIX.US,D,20110414,000000,25.6728,25.8361,25.4108,25.8155,4621539.4008206,0
EIX.US,D,20110415,000000,25.9075,26.2702,25.8155,26.1695,4348081.9042248,0
EIX.US,D,20110418,000000,25.9729,26.1108,25.709,25.8019,4105185.7579667,0
EIX.US,D,20110419,000000,25.7892,25.8566,25.7149,25.8019,2512762.2440629,0
EIX.US,D,20110420,000000,26.059,26.2008,25.9799,26.1802,2422977.6651561,0
EIX.US,D,20110421,000000,26.1939,26.1939,25.9573,26.0991,2306572.8592417,0
EIX.US,D,20110425,000000,26.0531,26.1177,25.8214,25.9309,2387015.5540655,0
EIX.US,D,20110426,000000,25.9407,26.3161,25.9407,26.2008,2709037.9597138,0
EIX.US,D,20110427,000000,26.2829,26.542,26.1802,26.4902,2188920.1502744,0
EIX.US,D,20110428,000000,26.3425,26.6935,26.3425,26.6681,2403463.32545,0
EIX.US,D,20110429,000000,26.6114,26.758,26.412,26.538,2859202.6346921,0
EIX.US,D,20110502,000000,26.5908,26.7775,26.4188,26.5263,3444474.2808156,0
EIX.US,D,20110503,000000,26.5322,26.8987,26.4374,26.5527,6235450.3732739,0
EIX.US,D,20110504,000000,26.4902,26.5801,26.2467,26.3758,4032712.2538679,0
EIX.US,D,20110505,000000,26.2946,26.4588,26.0385,26.2086,3451076.9154105,0
EIX.US,D,20110506,000000,26.5126,26.7835,26.4686,26.6876,3893888.1535998,0
EIX.US,D,20110509,000000,26.5967,26.6123,26.3092,26.3904,3134220.0101038,0
EIX.US,D,20110510,000000,26.4823,27.0445,26.4648,26.9497,4684118.6703048,0
EIX.US,D,20110511,000000,26.9565,27.1324,26.7629,26.9125,3095040.9686024,0
EIX.US,D,20110512,000000,26.8557,27.0317,26.5967,26.7492,7005190.7310002,0
EIX.US,D,20110513,000000,26.8275,26.8411,26.4823,26.7277,7688599.7235135,0
EIX.US,D,20110516,000000,26.7199,26.9154,26.626,26.7277,6864113.2451376,0
EIX.US,D,20110517,000000,26.7131,26.7941,26.6681,26.7551,5513665.2932726,0
EIX.US,D,20110518,000000,26.7414,26.7629,26.4188,26.5527,3223732.5052302,0
EIX.US,D,20110519,000000,26.5732,26.6417,26.3494,26.3904,4549092.4913769,0
EIX.US,D,20110520,000000,26.4041,27.0141,26.2311,26.8411,10102235.504587,0
EIX.US,D,20110523,000000,26.626,26.9848,26.6192,26.7052,6120121.6280246,0
EIX.US,D,20110524,000000,26.7835,26.7835,26.4648,26.4648,2745658.7999569,0
EIX.US,D,20110525,000000,26.3846,26.8333,26.3562,26.6729,3858204.2635176,0
EIX.US,D,20110526,000000,26.5967,26.7052,26.4041,26.6065,2364070.5038355,0
EIX.US,D,20110527,000000,26.6681,26.8099,26.5732,26.5732,1919281.0324461,0
EIX.US,D,20110531,000000,26.7619,26.7873,26.5214,26.6016,3160889.3349365,0
EIX.US,D,20110601,000000,26.5468,26.6192,26.3092,26.4324,2807990.5345733,0
EIX.US,D,20110602,000000,26.4442,26.4442,26.0091,26.2135,3548164.7957903,0
EIX.US,D,20110603,000000,25.9799,26.4324,25.8713,26.2946,4362123.882183,0
EIX.US,D,20110606,000000,26.2398,26.2829,26.0247,26.0247,2476721.3718779,0
EIX.US,D,20110607,000000,26.0697,26.2624,25.9505,26.1939,3059050.2171138,0
EIX.US,D,20110608,000000,26.1225,26.2897,26.0844,26.2624,3895059.3413011,0
EIX.US,D,20110609,000000,26.2829,26.6514,26.1802,26.3856,4591877.1544038,0
EIX.US,D,20110610,000000,26.3856,26.405,26.2262,26.3562,3099930.2936781,0
EIX.US,D,20110613,000000,26.3904,26.5527,26.2946,26.4374,2910045.4782518,0
EIX.US,D,20110614,000000,26.5634,26.5908,26.2008,26.4374,2908671.7620224,0
EIX.US,D,20110615,000000,26.3494,26.4648,26.0795,26.1607,4175522.4838055,0
EIX.US,D,20110616,000000,26.3044,26.5869,26.2389,26.4198,3616556.0203124,0
EIX.US,D,20110617,000000,26.6446,26.7678,26.5058,26.5224,3603782.4028341,0
EIX.US,D,20110620,000000,26.5605,26.5605,26.3092,26.5224,2858003.8294643,0
EIX.US,D,20110621,000000,26.6691,26.6691,26.405,26.4696,2786326.1192795,0
EIX.US,D,20110622,000000,26.4452,26.5498,26.277,26.364,2396506.7773663,0
EIX.US,D,20110623,000000,26.0639,26.1802,25.7696,25.9201,3367482.7539428,0
EIX.US,D,20110624,000000,25.9201,26.3494,25.9201,26.1519,9415637.1991892,0
EIX.US,D,20110627,000000,26.2076,26.4256,26.1685,26.2897,3485925.1195959,0
EIX.US,D,20110628,000000,26.4921,26.4921,26.2193,26.3494,1971552.8272885,0
EIX.US,D,20110629,000000,26.3972,26.452,26.3044,26.412,3407658.0721437,0
EIX.US,D,20110630,000000,26.5078,26.5078,26.2936,26.405,2129846.260923,0
EIX.US,D,20110701,000000,26.405,26.5439,26.3092,26.4842,3651003.2589266,0
EIX.US,D,20110705,000000,26.3425,26.5224,26.322,26.3494,2978020.3941324,0
EIX.US,D,20110706,000000,26.2829,26.4921,26.2076,26.4384,1642830.6142665,0
EIX.US,D,20110707,000000,26.5058,26.5058,26.2956,26.4334,2785493.5019967,0
EIX.US,D,20110708,000000,26.2624,26.6691,26.1597,26.6094,5932417.5743266,0
EIX.US,D,20110711,000000,26.405,26.412,26.1597,26.1939,2604352.1909109,0
EIX.US,D,20110712,000000,26.1099,26.6006,26.058,26.452,3859516.6074658,0
EIX.US,D,20110713,000000,26.5439,26.5605,26.2311,26.2457,3171052.5847173,0
EIX.US,D,20110714,000000,26.2897,26.4256,26.1519,26.1998,3334895.0954515,0
EIX.US,D,20110715,000000,26.2897,26.3494,26.103,26.2829,3146586.5247828,0
EIX.US,D,20110718,000000,26.1802,26.1802,25.7853,25.8469,2722252.4347459,0
EIX.US,D,20110719,000000,25.8674,25.9925,25.6894,25.928,2660233.6987641,0
EIX.US,D,20110720,000000,25.9505,26.2389,25.8674,26.103,2723308.0379841,0
EIX.US,D,20110721,000000,26.2702,26.6905,26.2193,26.6691,3185859.6704488,0
EIX.US,D,20110722,000000,26.7463,26.7463,26.5605,26.7316,4019964.2081736,0
EIX.US,D,20110725,000000,26.5948,26.7463,26.5439,26.7013,3250300.5657987,0
EIX.US,D,20110726,000000,26.67,26.6984,26.4246,26.4842,1576188.4997611,0
EIX.US,D,20110727,000000,26.4198,26.6094,26.3494,26.4696,3233144.9674367,0
EIX.US,D,20110728,000000,26.4384,26.4648,26.2389,26.3044,3059892.0402387,0
EIX.US,D,20110729,000000,26.1343,26.1968,25.8937,25.9447,3115126.0705245,0
EIX.US,D,20110801,000000,26.0697,26.1685,25.7315,25.8537,2483023.2822946,0
EIX.US,D,20110802,000000,25.7501,25.8937,25.2339,25.2339,3637475.7852599,0
EIX.US,D,20110803,000000,25.2994,25.3492,24.7079,25.1283,4272411.9271424,0
EIX.US,D,20110804,000000,24.7959,25.0129,23.8838,23.8838,4934742.6096481,0
EIX.US,D,20110805,000000,24.0646,24.3647,23.4155,23.8838,6893142.3341857,0
EIX.US,D,20110808,000000,23.7538,23.8584,22.5767,22.6861,8275723.7896605,0
EIX.US,D,20110809,000000,22.8122,23.6042,22.2413,23.5885,8583818.7789424,0
EIX.US,D,20110810,000000,23.2561,23.7274,22.8816,23.087,6578604.2782402,0
EIX.US,D,20110811,000000,23.1623,24.1957,23.0381,23.9434,4628533.7951444,0
EIX.US,D,20110812,000000,24.1213,24.2767,23.568,23.698,3081109.4607505,0
EIX.US,D,20110815,000000,23.87,24.7,23.8154,24.7,3390632.3784437,0
EIX.US,D,20110816,000000,24.6932,24.9513,24.441,24.7734,4598178.0419492,0
EIX.US,D,20110817,000000,24.9142,25.0755,24.7676,24.8575,2378364.1081469,0
EIX.US,D,20110818,000000,24.4782,24.6932,24.2347,24.4615,7805855.5583951,0
EIX.US,D,20110819,000000,24.2767,24.7352,24.1693,24.4332,4548180.0901285,0
EIX.US,D,20110822,000000,24.7734,24.7734,23.8154,23.9033,5495020.3942181,0
EIX.US,D,20110823,000000,23.9238,24.3276,23.8348,24.3217,3566367.8144196,0
EIX.US,D,20110824,000000,24.2845,24.7959,24.1799,24.7509,3534761.0895576,0
EIX.US,D,20110825,000000,24.8438,24.8575,24.2455,24.5847,3554464.6604643,0
EIX.US,D,20110826,000000,24.4782,24.6786,23.87,24.5182,2817198.4225088,0
EIX.US,D,20110829,000000,24.8037,25.184,24.7509,25.1801,2740358.2805966,0
EIX.US,D,20110830,000000,25.1029,25.2827,25.0354,25.1371,2975157.3772105,0
EIX.US,D,20110831,000000,25.2651,25.446,25.1801,25.3453,2816074.28689,0
EIX.US,D,20110901,000000,25.3043,25.449,25.1087,25.1429,2719839.4812201,0
EIX.US,D,20110902,000000,24.9425,24.9562,24.6326,24.659,2900817.1328892,0
EIX.US,D,20110906,000000,24.2689,24.3354,23.8876,24.3081,3185023.984552,0
EIX.US,D,20110907,000000,24.5348,24.7616,24.4439,24.7616,2987763.2437865,0
EIX.US,D,20110908,000000,24.7274,24.8653,24.5476,24.5759,1732027.0421442,0
EIX.US,D,20110909,000000,24.3481,24.353,23.9571,24.0949,5026833.7634599,0
EIX.US,D,20110912,000000,23.9238,24.4332,23.8896,24.4332,3758209.3827476,0
EIX.US,D,20110913,000000,24.4889,24.6278,24.2513,24.5916,3266066.0819897,0
EIX.US,D,20110914,000000,24.6658,25.1029,24.5456,24.8995,3380441.5111363,0
EIX.US,D,20110915,000000,25.1029,25.403,25.0129,25.3874,3717306.8030135,0
EIX.US,D,20110916,000000,25.5184,25.7442,25.4069,25.7315,4094780.0876748,0
EIX.US,D,20110919,000000,25.4098,25.709,25.3043,25.6542,2831835.7115955,0
EIX.US,D,20110920,000000,25.7559,26.2506,25.7237,25.8997,3206870.4709469,0
EIX.US,D,20110921,000000,25.8331,26.0395,25.4196,25.4343,3146516.9695307,0
EIX.US,D,20110922,000000,24.837,25.0501,24.6834,24.9396,4717147.18635,0
EIX.US,D,20110923,000000,24.9318,25.5868,24.7724,25.2915,5645812.0893368,0
EIX.US,D,20110926,000000,25.5184,25.8185,25.27,25.8048,3024575.3609729,0
EIX.US,D,20110927,000000,26.1558,26.2819,25.6542,25.7364,4026431.8237497,0
EIX.US,D,20110928,000000,25.8674,26.2428,25.6474,25.6885,4859627.02884,0
EIX.US,D,20110929,000000,26.0883,26.3064,25.9789,26.2926,3861533.7097775,0
EIX.US,D,20110930,000000,26.6475,26.6475,25.9887,26.2848,5330136.6004448,0
EIX.US,D,20111003,000000,26.192,26.4334,25.4694,25.5037,3830756.533584,0
EIX.US,D,20111004,000000,25.2339,25.361,24.485,24.9455,7648656.5971101,0
EIX.US,D,20111005,000000,24.9455,25.0139,24.569,24.9249,5765105.4839571,0
EIX.US,D,20111006,000000,25.3023,25.7862,25.1762,25.7442,3911392.5510939,0
EIX.US,D,20111007,000000,25.8937,26.1646,25.7442,25.9387,4345395.8440472,0
EIX.US,D,20111010,000000,26.2506,26.6299,26.2428,26.6299,2576880.9349361,0
EIX.US,D,20111011,000000,26.6231,26.6847,26.2868,26.5214,2568586.4711203,0
EIX.US,D,20111012,000000,26.6153,26.6153,25.9827,25.9945,4800967.4023872,0
EIX.US,D,20111013,000000,25.8997,26.1343,25.7559,26.0668,1969611.4174571,0
EIX.US,D,20111014,000000,26.2506,26.4588,26.1558,26.2868,2751560.7676739,0
EIX.US,D,20111017,000000,26.1841,26.3014,26.0179,26.0531,1967175.9607614,0
EIX.US,D,20111018,000000,26.1011,26.6299,25.9211,26.5214,3273253.7989995,0
EIX.US,D,20111019,000000,26.5214,26.8929,26.411,26.4696,2156987.1294502,0
EIX.US,D,20111020,000000,26.4648,26.7257,26.363,26.5948,1543988.5095132,0
EIX.US,D,20111021,000000,26.9261,27.2058,26.7825,27.1862,2350306.7468858,0
EIX.US,D,20111024,000000,27.1452,27.2058,26.9261,27.1862,2913656.2141342,0
EIX.US,D,20111025,000000,27.1315,27.4336,27.0425,27.1666,5202153.9136658,0
EIX.US,D,20111026,000000,27.414,27.6144,27.1598,27.4766,3419254.3646926,0
EIX.US,D,20111027,000000,28.0378,28.5695,27.8999,28.3828,5990808.1856131,0
EIX.US,D,20111028,000000,28.3887,28.3887,27.8676,27.984,4066510.9920433,0
EIX.US,D,20111031,000000,28.2919,28.2919,27.7845,27.8999,2799713.4595706,0
EIX.US,D,20111101,000000,27.236,27.5167,27.0679,27.4893,5038823.8614804,0
EIX.US,D,20111102,000000,27.7103,28.2058,27.4286,27.5049,6186630.7692538,0
EIX.US,D,20111103,000000,27.7503,28.3428,27.7377,28.2656,4113164.1545339,0
EIX.US,D,20111104,000000,28.1776,28.2382,27.6447,28.0114,2482680.6203907,0
EIX.US,D,20111107,000000,27.8803,28.2304,27.8481,28.1902,2285577.4018139,0
EIX.US,D,20111108,000000,28.1834,28.2851,27.8999,28.2744,2797154.2354409,0
EIX.US,D,20111109,000000,27.9087,27.9282,27.4336,27.4834,2285206.0995121,0
EIX.US,D,20111110,000000,27.6741,27.9576,27.4394,27.8109,3416967.2243433,0
EIX.US,D,20111111,000000,28.0651,28.2851,27.937,28.0182,2232668.3581176,0
EIX.US,D,20111114,000000,27.8481,28.0182,27.6477,27.8334,2339111.419908,0
EIX.US,D,20111115,000000,27.7973,27.984,27.7161,27.9136,1643393.1935115,0
EIX.US,D,20111116,000000,27.6613,27.7719,27.2762,27.3026,2904101.5728093,0
EIX.US,D,20111117,000000,27.2948,27.5352,26.9731,27.1598,2339736.3943058,0
EIX.US,D,20111118,000000,27.2498,27.4286,27.1735,27.2194,2853040.857651,0
EIX.US,D,20111121,000000,27.0474,27.1393,26.6769,26.8851,1663607.1772243,0
EIX.US,D,20111122,000000,26.9125,26.933,26.2868,26.411,2308908.0745446,0
EIX.US,D,20111123,000000,26.2281,26.3259,25.7774,25.9573,3539875.4463314,0
EIX.US,D,20111125,000000,25.9945,26.1841,25.9945,26.0091,1208640.135855,0
EIX.US,D,20111128,000000,26.3758,26.5439,26.0473,26.1968,2971944.5382851,0
EIX.US,D,20111129,000000,26.321,26.4032,26.0951,26.2506,4252815.757728,0
EIX.US,D,20111130,000000,26.6886,27.0308,26.5684,27.0161,4276469.6578067,0
EIX.US,D,20111201,000000,26.9261,27.1246,26.7941,26.8929,1910694.0274229,0
EIX.US,D,20111202,000000,26.9379,26.9585,26.3758,26.4334,2834330.4948298,0
EIX.US,D,20111205,000000,26.8177,27.0366,26.7101,26.9965,3629836.9819826,0
EIX.US,D,20111206,000000,27.0669,27.4296,26.9868,27.2018,2407307.2760012,0
EIX.US,D,20111207,000000,27.1041,27.2272,26.9868,27.0083,3182516.9268615,0
EIX.US,D,20111208,000000,26.9575,26.9575,26.405,26.4598,2340668.2301099,0
EIX.US,D,20111209,000000,26.5703,26.8753,26.5078,26.8333,2715906.5408611,0
EIX.US,D,20111212,000000,26.8343,27.0924,26.6153,26.7825,2337771.4584333,0
EIX.US,D,20111213,000000,26.9007,27.2948,26.8635,26.9731,2843374.7233486,0
EIX.US,D,20111214,000000,26.9007,26.9516,26.6231,26.67,2809221.0488131,0
EIX.US,D,20111215,000000,26.6915,27.0366,26.6016,26.9379,2366223.6480372,0
EIX.US,D,20111216,000000,26.9965,27.3172,26.9154,27.0083,2705522.3508675,0
EIX.US,D,20111219,000000,26.9887,27.2498,26.7033,26.7873,2081791.7646764,0
EIX.US,D,20111220,000000,27.1452,27.5079,27.0542,27.4541,2270798.9564803,0
EIX.US,D,20111221,000000,27.4932,27.9976,27.4482,27.9488,3389699.5197682,0
EIX.US,D,20111222,000000,27.9576,28.0818,27.8539,27.9703,2794276.8983201,0
EIX.US,D,20111223,000000,28.1091,28.5187,28.0651,28.3095,1495901.2813832,0
EIX.US,D,20111227,000000,28.3379,28.5589,28.2684,28.4483,1555648.2200861,0
EIX.US,D,20111228,000000,28.5129,28.5589,28.3447,28.4963,1849153.9952351,0
EIX.US,D,20111229,000000,28.5911,28.7817,28.5363,28.7583,1593855.5338004,0
EIX.US,D,20111230,000000,28.7113,28.7964,28.6761,28.6761,1689078.7197005,0
EIX.US,D,20120103,000000,28.9078,29.0202,28.5129,28.6487,4139392.6218126,0
EIX.US,D,20120104,000000,28.5589,28.9166,28.3701,28.4131,3187242.5925205,0
EIX.US,D,20120105,000000,28.2332,28.2822,27.9273,28.0739,5403243.2619122,0
EIX.US,D,20120106,000000,28.0739,28.1346,27.9488,27.9762,2575128.7563054,0
EIX.US,D,20120109,000000,27.9976,28.0954,27.9195,27.9634,2734063.5302793,0
EIX.US,D,20120110,000000,28.2138,28.2196,27.8803,28.0456,3067949.1979002,0
EIX.US,D,20120111,000000,27.9576,28.1776,27.9067,28.1492,5408234.8741234,0
EIX.US,D,20120112,000000,28.2518,28.2948,28.0045,28.0818,2595952.3713456,0
EIX.US,D,20120113,000000,27.9918,28.1091,27.8168,28.1032,3368540.4029237,0
EIX.US,D,20120117,000000,28.3379,28.4131,27.9703,28.0387,3166818.92018,0
EIX.US,D,20120118,000000,27.9762,28.1091,27.8168,28.0114,2653673.0018947,0
EIX.US,D,20120119,000000,28.0651,28.0651,27.4296,27.6927,3853254.589032,0
EIX.US,D,20120120,000000,27.6927,28.0818,27.6927,28.0456,4205946.7693814,0
EIX.US,D,20120123,000000,27.9762,28.2822,27.8608,27.9195,3182770.5989575,0
EIX.US,D,20120124,000000,27.808,27.894,27.6379,27.7895,2492673.0506554,0
EIX.US,D,20120125,000000,27.7073,28.3985,27.5675,28.3379,4182145.5758276,0
EIX.US,D,20120126,000000,28.331,28.8932,28.3242,28.6653,3083667.6620088,0
EIX.US,D,20120127,000000,28.5911,28.5989,28.3633,28.4415,2254602.8114491,0
EIX.US,D,20120130,000000,28.3379,28.3379,28.0818,28.2068,2659339.7092001,0
EIX.US,D,20120131,000000,28.3144,28.5667,28.2851,28.4268,2486487.7475732,0
EIX.US,D,20120201,000000,28.4963,28.5989,28.3017,28.3496,2538144.7967312,0
EIX.US,D,20120202,000000,28.3447,28.4483,28.156,28.1776,2495581.073917,0
EIX.US,D,20120203,000000,28.6361,28.682,28.2753,28.4562,2332570.1575943,0
EIX.US,D,20120206,000000,28.3985,28.4483,28.2518,28.3496,1960096.6681151,0
EIX.US,D,20120207,000000,28.2382,28.5305,28.1346,28.4591,1391563.2888409,0
EIX.US,D,20120208,000000,28.4219,28.4562,28.2138,28.4073,1351619.1395661,0
EIX.US,D,20120209,000000,28.3496,28.5589,28.2332,28.4591,2170469.5967773,0
EIX.US,D,20120210,000000,28.2948,28.4894,28.287,28.4591,1660724.7257465,0
EIX.US,D,20120213,000000,28.5363,28.5451,28.1492,28.1628,1518783.9364606,0
EIX.US,D,20120214,000000,28.0954,28.3496,28.0114,28.2606,1812629.3048993,0
EIX.US,D,20120215,000000,28.2382,28.3174,27.9195,28.1091,2093480.1156472,0
EIX.US,D,20120216,000000,28.1492,28.7583,28.1492,28.6213,2431539.0983954,0
EIX.US,D,20120217,000000,28.7455,28.7455,28.5051,28.5129,2561571.6193694,0
EIX.US,D,20120221,000000,28.682,28.945,28.5519,28.8746,2349088.5071023,0
EIX.US,D,20120222,000000,28.7759,29.0456,28.726,28.899,1958241.1794776,0
EIX.US,D,20120223,000000,28.9225,29.1532,28.9166,29.0202,2445000.0854241,0
EIX.US,D,20120224,000000,29.0642,29.3409,28.902,29.2481,1545562.7085281,0
EIX.US,D,20120227,000000,29.1278,29.3977,28.902,29.2999,1792834.698442,0
EIX.US,D,20120228,000000,29.3478,29.3751,29.0066,29.0848,1501782.7916731,0
EIX.US,D,20120229,000000,29.162,29.1952,28.6741,29.0008,3143422.7836826,0
EIX.US,D,20120301,000000,29.2793,30.821,29.2793,29.6333,6556641.1845108,0
EIX.US,D,20120302,000000,29.6802,30.0878,29.4866,29.6528,3418486.1883052,0
EIX.US,D,20120305,000000,29.5893,29.909,29.5199,29.8532,2368414.6384791,0
EIX.US,D,20120306,000000,29.7642,29.8562,29.4455,29.8004,2729117.9472791,0
EIX.US,D,20120307,000000,29.7183,29.8366,29.4925,29.7711,2383649.2844369,0
EIX.US,D,20120308,000000,29.8298,29.995,29.5551,29.5707,2692598.3713,0
EIX.US,D,20120309,000000,29.6675,29.8239,29.4827,29.6606,2647960.2653783,0
EIX.US,D,20120312,000000,29.7232,30.2991,29.7017,30.2081,3259235.3470825,0
EIX.US,D,20120313,000000,30.3039,30.4095,30.1709,30.3469,2565363.4034815,0
EIX.US,D,20120314,000000,30.2912,30.3939,29.8336,29.8728,1867820.3745881,0
EIX.US,D,20120315,000000,29.8474,29.9988,29.6782,29.7818,1914077.6858644,0
EIX.US,D,20120316,000000,29.7642,29.7711,29.4211,29.5355,2754591.5354981,0
EIX.US,D,20120319,000000,29.5003,29.6264,29.2383,29.2569,2088764.6787018,0
EIX.US,D,20120320,000000,29.1444,29.4084,29.0536,29.3263,1978413.2254648,0
EIX.US,D,20120321,000000,29.3194,29.6606,29.2784,29.5061,2582675.5011607,0
EIX.US,D,20120322,000000,29.2979,29.6195,29.2216,29.5707,2708007.9282595,0
EIX.US,D,20120323,000000,29.5199,29.6401,29.4925,29.5551,2150710.7908174,0
EIX.US,D,20120326,000000,29.6401,29.7828,29.4377,29.6469,2425824.3161364,0
EIX.US,D,20120327,000000,29.6958,30.1494,29.6469,29.995,3054604.818206,0
EIX.US,D,20120328,000000,30.1416,30.1416,29.3829,29.6049,1995081.937062,0
EIX.US,D,20120329,000000,29.4143,29.7036,29.1962,29.6606,3710293.9970053,0
EIX.US,D,20120330,000000,29.6675,29.7926,29.4925,29.6675,1816667.6010079,0
EIX.US,D,20120402,000000,29.5971,29.905,29.4455,29.861,2130797.5312829,0
EIX.US,D,20120403,000000,29.8757,29.9392,29.6049,29.7642,3459339.6702143,0
EIX.US,D,20120404,000000,29.5853,29.9216,29.5355,29.8826,2713424.032083,0
EIX.US,D,20120405,000000,29.7594,29.952,29.6606,29.8366,2084571.9290186,0
EIX.US,D,20120409,000000,29.6117,29.8698,29.513,29.8503,6238693.8983397,0
EIX.US,D,20120410,000000,29.7115,29.7115,29.2354,29.2696,2359503.3832365,0
EIX.US,D,20120411,000000,29.4211,29.4309,29.074,29.074,2391099.879385,0
EIX.US,D,20120412,000000,29.0624,29.1248,28.9049,29.1102,2232190.6771949,0
EIX.US,D,20120413,000000,29.3311,29.6049,29.0105,29.0105,3982795.1088843,0
EIX.US,D,20120416,000000,29.117,29.7711,29.0536,29.6195,3078775.268319,0
EIX.US,D,20120417,000000,29.7642,30.0234,29.5551,29.9744,3304703.001673,0
EIX.US,D,20120418,000000,29.7828,30.037,29.7525,29.9128,2444897.7982886,0
EIX.US,D,20120419,000000,29.861,29.8757,29.5551,29.6753,2517783.5195434,0
EIX.US,D,20120420,000000,29.7183,30.0234,29.5443,29.9344,2846083.2866959,0
EIX.US,D,20120423,000000,29.7642,29.8366,29.4015,29.5785,2368990.5150518,0
EIX.US,D,20120424,000000,29.6528,30.1856,29.5003,30.0781,4961695.2698461,0
EIX.US,D,20120425,000000,30.3097,30.5131,30.0096,30.475,3031054.228134,0
EIX.US,D,20120426,000000,30.4163,30.5063,30.1348,30.4613,2146098.6638788,0
EIX.US,D,20120427,000000,30.5346,30.6656,30.3861,30.5747,1542865.3967656,0
EIX.US,D,20120430,000000,30.5806,30.7428,30.4213,30.7116,2292741.5927826,0
EIX.US,D,20120501,000000,30.7116,31.0704,30.6099,30.8944,2202675.7242533,0
EIX.US,D,20120502,000000,30.7928,30.8396,30.4467,30.475,2401333.7072894,0
EIX.US,D,20120503,000000,30.4467,30.7976,30.2531,30.5131,3604339.8677224,0
EIX.US,D,20120504,000000,30.5063,30.7702,30.4681,30.5415,3163694.0481912,0
EIX.US,D,20120507,000000,30.5415,30.5806,30.3861,30.4095,3483196.0988214,0
EIX.US,D,20120508,000000,30.2677,30.4545,30.169,30.3097,3308660.4909446,0
EIX.US,D,20120509,000000,30.1074,30.7702,30.1074,30.6784,5487661.857692,0
EIX.US,D,20120510,000000,30.7292,30.8944,30.6656,30.785,3609922.6995767,0
EIX.US,D,20120511,000000,30.6608,31.0234,30.6256,30.9775,3147135.8067003,0
EIX.US,D,20120514,000000,30.7497,31.0899,30.6784,30.9257,2417994.2359158,0
EIX.US,D,20120515,000000,30.9521,31.0763,30.6998,30.778,4097492.7425076,0
EIX.US,D,20120516,000000,30.8534,30.9863,30.7928,30.8328,4312047.1692681,0
EIX.US,D,20120517,000000,30.8534,30.8944,30.5552,30.6392,2267316.0795174,0
EIX.US,D,20120518,000000,30.778,30.9306,30.5063,30.5806,2817999.3307796,0
EIX.US,D,20120521,000000,30.6608,31.0371,30.6168,31.0313,2255098.9040561,0
EIX.US,D,20120522,000000,31.0078,31.4037,30.9941,31.3285,2680439.4995061,0
EIX.US,D,20120523,000000,31.2463,31.3647,30.911,31.1828,2463955.9373705,0
EIX.US,D,20120524,000000,31.1623,31.4243,31.1065,31.2991,1769006.9102328,0
EIX.US,D,20120525,000000,31.0831,31.5826,31.0831,31.4037,1728965.5881794,0
EIX.US,D,20120529,000000,31.4986,31.5738,31.2991,31.5054,2181629.1232577,0
EIX.US,D,20120530,000000,31.3647,31.6276,31.1691,31.1887,1869901.917795,0
EIX.US,D,20120531,000000,31.2161,31.523,31.1828,31.3803,2046183.5670745,0
EIX.US,D,20120601,000000,31.0479,31.3069,30.9188,30.9648,2640521.9448866,0
EIX.US,D,20120604,000000,31.1134,31.3803,30.9521,31.3647,2300946.0439192,0
EIX.US,D,20120605,000000,31.3001,31.5465,31.1945,31.5005,2364836.6344802,0
EIX.US,D,20120606,000000,31.6462,31.8496,31.4399,31.8437,4137399.0455422,0
EIX.US,D,20120607,000000,31.9102,32.0823,31.7312,31.8496,6156712.8049984,0
EIX.US,D,20120608,000000,31.785,32.1331,31.7616,32.1331,2453365.1273633,0
EIX.US,D,20120611,000000,32.3208,32.489,32.0959,32.1009,2113310.5226019,0
EIX.US,D,20120612,000000,32.0891,32.1673,31.7196,32.1673,2853482.7380763,0
EIX.US,D,20120613,000000,32.1791,32.1791,31.8828,32.048,1801992.4656811,0
EIX.US,D,20120614,000000,32.0891,32.2161,31.9405,32.1449,2949507.8551185,0
EIX.US,D,20120615,000000,32.2651,32.3433,32.0471,32.1995,3692671.9693055,0
EIX.US,D,20120618,000000,32.1379,32.2973,32.0411,32.2083,3497867.1426628,0
EIX.US,D,20120619,000000,32.2915,32.3697,31.9864,32.0304,4349760.436118,0
EIX.US,D,20120620,000000,32.0226,32.0695,31.6394,31.7234,2552982.5686035,0
EIX.US,D,20120621,000000,31.8916,31.9473,31.2551,31.3001,2877493.6202579,0
EIX.US,D,20120622,000000,31.4047,31.4565,31.0538,31.1183,3562539.2069388,0
EIX.US,D,20120625,000000,30.8866,31.2317,30.8738,31.1759,2678037.797565,0
EIX.US,D,20120626,000000,31.2619,31.7156,31.1691,31.7088,4025082.6564327,0
EIX.US,D,20120627,000000,31.5172,32.2689,31.5074,32.2475,2224709.3961061,0
EIX.US,D,20120628,000000,32.1331,32.3618,31.9561,32.3491,2142590.215132,0
EIX.US,D,20120629,000000,32.658,32.6708,32.2083,32.4772,2755140.8174155,0
EIX.US,D,20120702,000000,32.6512,32.7294,32.356,32.7294,5949814.5703283,0
EIX.US,D,20120703,000000,32.6932,32.9045,32.4772,32.5378,1306570.8622311,0
EIX.US,D,20120705,000000,32.4528,32.4772,32.1243,32.1243,1914962.4695863,0
EIX.US,D,20120706,000000,32.0999,32.2475,31.8994,32.0891,2035192.8143675,0
EIX.US,D,20120709,000000,32.1243,32.2387,32.004,32.2299,1809277.3554698,0
EIX.US,D,20120710,000000,32.2083,32.4909,32.2083,32.3902,1923206.8127057,0
EIX.US,D,20120711,000000,32.3433,32.7001,32.3433,32.6102,3570467.4828095,0
EIX.US,D,20120712,000000,32.574,32.6932,32.5046,32.5232,1939017.3352362,0
EIX.US,D,20120713,000000,32.5094,32.7558,32.4987,32.6238,3563720.6233535,0
EIX.US,D,20120716,000000,32.5584,32.5955,32.0471,32.0617,4426022.6557149,0
EIX.US,D,20120717,000000,32.1849,32.2993,32.0539,32.0999,3895568.7312357,0
EIX.US,D,20120718,000000,32.0823,32.1379,31.8887,32.0891,2417779.4329313,0
EIX.US,D,20120719,000000,32.0471,32.2523,31.919,32.1937,2986025.3853547,0
EIX.US,D,20120720,000000,32.0823,32.4039,32.004,32.3433,2890647.7458802,0
EIX.US,D,20120723,000000,32.2161,32.3834,31.9864,32.0823,2390762.331838,0
EIX.US,D,20120724,000000,32.0763,32.1849,31.6736,31.8642,1617455.2216975,0
EIX.US,D,20120725,000000,31.919,31.9796,31.6316,31.7312,1962173.0969652,0
EIX.US,D,20120726,000000,32.0763,32.2387,32.004,32.0999,2565934.1656974,0
EIX.US,D,20120727,000000,32.2523,32.6786,32.2523,32.5876,5926710.9750384,0
EIX.US,D,20120730,000000,32.574,32.9045,32.4772,32.8409,1799559.0547281,0
EIX.US,D,20120731,000000,32.8751,32.9973,32.44,32.4596,2675267.8619364,0
EIX.US,D,20120801,000000,32.2475,32.8966,31.5602,31.5768,5016633.6903102,0
EIX.US,D,20120802,000000,31.3999,31.653,31.1623,31.6394,2995885.8652147,0
EIX.US,D,20120803,000000,31.8994,32.1712,31.8222,32.1165,2479597.6861275,0
EIX.US,D,20120806,000000,32.2387,32.356,31.8094,31.8094,2155253.3625039,0
EIX.US,D,20120807,000000,31.8887,31.8887,31.3138,31.3217,3835500.6109274,0
EIX.US,D,20120808,000000,31.2923,31.4047,31.0479,31.3578,2832214.1739967,0
EIX.US,D,20120809,000000,31.3999,31.5974,31.2767,31.525,1856652.6651369,0
EIX.US,D,20120810,000000,31.3754,31.653,31.2375,31.6168,1611587.0087352,0
EIX.US,D,20120813,000000,31.525,31.6394,31.3813,31.479,1303367.229148,0
EIX.US,D,20120814,000000,31.5396,31.9708,31.5172,31.828,2977267.5608153,0
EIX.US,D,20120815,000000,31.8094,31.9796,31.6168,31.8564,2188481.3384632,0
EIX.US,D,20120816,000000,31.8349,31.8437,31.5914,31.6804,1738428.1710823,0
EIX.US,D,20120817,000000,31.6462,31.6804,31.2473,31.4653,2110668.4458925,0
EIX.US,D,20120820,000000,31.4263,31.5132,31.2923,31.5132,1449489.5165323,0
EIX.US,D,20120821,000000,31.0889,31.4927,31.0479,31.1065,2182392.1852883,0
EIX.US,D,20120822,000000,31.0156,31.2239,30.8924,30.9844,2929875.8852065,0
EIX.US,D,20120823,000000,30.9844,31.0058,30.5444,30.648,2277630.7142587,0
EIX.US,D,20120824,000000,30.6197,30.8592,30.605,30.8377,1833648.2883683,0
EIX.US,D,20120827,000000,30.8104,30.8377,30.563,30.6422,2576212.9999414,0
EIX.US,D,20120828,000000,30.5444,30.648,30.2991,30.4398,3997967.3596894,0
EIX.US,D,20120829,000000,30.4691,30.8534,30.4319,30.7243,2150613.6180387,0
EIX.US,D,20120830,000000,30.6197,30.957,30.5366,30.7966,2190870.765948,0
EIX.US,D,20120831,000000,30.8298,30.9081,30.6568,30.781,2580770.9146982,0
EIX.US,D,20120904,000000,30.7536,30.9501,30.7458,30.9081,3654933.1306715,0
EIX.US,D,20120905,000000,30.9081,30.9932,30.821,30.9238,2930974.4490415,0
EIX.US,D,20120906,000000,30.9932,31.2767,30.9364,31.1945,2024953.8721063,0
EIX.US,D,20120907,000000,31.1945,31.2083,30.9932,31.1476,1511597.242322,0
EIX.US,D,20120910,000000,31.2004,31.2805,31.0156,31.1691,1198987.2988802,0
EIX.US,D,20120911,000000,31.1134,31.2551,31.0753,31.2317,2103621.8851296,0
EIX.US,D,20120912,000000,31.2239,31.2689,31.042,31.2619,1587173.1152398,0
EIX.US,D,20120913,000000,31.2004,31.7372,31.2004,31.701,2223567.8716743,0
EIX.US,D,20120914,000000,31.6892,31.7518,31.479,31.7518,3410901.5972096,0
EIX.US,D,20120917,000000,31.7664,31.7997,31.3999,31.4468,1640411.5235124,0
EIX.US,D,20120918,000000,31.3657,31.745,31.3363,31.745,2600170.6928126,0
EIX.US,D,20120919,000000,31.7372,31.8349,31.5318,31.7724,2265360.3494871,0
EIX.US,D,20120920,000000,31.6942,31.8222,31.6608,31.7782,1904815.5857471,0
EIX.US,D,20120921,000000,31.8496,31.9336,31.7156,31.9063,2603803.9318647,0
EIX.US,D,20120924,000000,31.785,32.3902,31.785,32.3217,2450237.1867605,0
EIX.US,D,20120925,000000,32.3433,32.4772,32.1995,32.1995,2012201.7349265,0
EIX.US,D,20120926,000000,32.2611,32.5574,32.1761,32.2035,1701144.5102013,0
EIX.US,D,20120927,000000,32.2425,32.5144,32.1643,32.1819,1920940.1297836,0
EIX.US,D,20120928,000000,32.1203,32.4322,31.9268,32.3462,2472338.3681228,0
EIX.US,D,20121001,000000,32.4322,32.8761,32.3589,32.5378,3108942.8131849,0
EIX.US,D,20121002,000000,32.5876,32.6434,32.3267,32.5652,3412313.1596792,0
EIX.US,D,20121003,000000,32.6228,33.1234,32.5808,32.9915,2900208.5244331,0
EIX.US,D,20121004,000000,33.1674,33.6201,33.1439,33.3454,3347240.1298321,0
EIX.US,D,20121005,000000,33.4216,33.6416,33.3649,33.4528,3403584.998409,0
EIX.US,D,20121008,000000,33.4528,33.5917,33.0373,33.317,2188337.1136023,0
EIX.US,D,20121009,000000,33.1371,33.2955,32.9915,33.2046,2731519.6492201,0
EIX.US,D,20121010,000000,33.2046,33.273,33.0628,33.1117,1873873.7272655,0
EIX.US,D,20121011,000000,33.2104,33.3454,33.0775,33.0921,1509544.3395131,0
EIX.US,D,20121012,000000,33.1899,33.3512,32.9337,32.9846,1376248.8589174,0
EIX.US,D,20121015,000000,32.9543,33.3228,32.79,33.3102,2056305.9020012,0
EIX.US,D,20121016,000000,33.4294,33.6553,33.3307,33.4792,2118624.3392899,0
EIX.US,D,20121017,000000,33.5438,33.8889,33.5056,33.7383,2185148.8235895,0
EIX.US,D,20121018,000000,33.5839,33.9554,33.537,33.9554,1611745.5537953,0
EIX.US,D,20121019,000000,33.8889,33.9329,33.4216,33.5604,1977840.4175061,0
EIX.US,D,20121022,000000,33.4852,33.6993,33.3512,33.6132,4390588.3462433,0
EIX.US,D,20121023,000000,33.1753,33.2652,32.9846,33.1293,3808529.5390451,0
EIX.US,D,20121024,000000,33.2046,33.273,32.8985,32.9133,1785038.372976,0
EIX.US,D,20121025,000000,33.1068,33.2446,32.8693,33.0921,1464160.5603736,0
EIX.US,D,20121026,000000,33.1371,33.1439,32.8291,32.9699,1791291.1855677,0
EIX.US,D,20121031,000000,32.9915,33.4294,32.9631,33.2183,2334369.3883073,0
EIX.US,D,20121101,000000,33.317,33.3228,32.9777,33.0697,1794114.3105068,0
EIX.US,D,20121102,000000,33.0373,33.4988,32.9631,33.0531,3060759.4351475,0
EIX.US,D,20121105,000000,32.8907,32.8985,32.5212,32.5808,1878619.8503517,0
EIX.US,D,20121106,000000,32.573,32.6708,32.1976,32.3394,1857861.6990782,0
EIX.US,D,20121107,000000,32.2611,32.3267,31.7616,31.8154,2972366.9841546,0
EIX.US,D,20121108,000000,31.8006,32.006,31.4116,31.4243,3949206.0593366,0
EIX.US,D,20121109,000000,31.4037,31.524,31.2209,31.2727,2855880.3485318,0
EIX.US,D,20121112,000000,31.2131,31.2287,30.9521,31.0851,2879620.1698045,0
EIX.US,D,20121113,000000,30.9951,31.4634,30.9648,31.2523,2441637.907281,0
EIX.US,D,20121114,000000,31.3041,31.3842,31.0851,31.2425,2904868.7263253,0
EIX.US,D,20121115,000000,31.2727,31.3549,30.8308,31.002,1410460.8371201,0
EIX.US,D,20121116,000000,31.0713,31.4986,30.8866,31.4771,3711676.9190769,0
EIX.US,D,20121119,000000,31.6052,31.6384,31.0244,31.2425,3067737.4635297,0
EIX.US,D,20121120,000000,31.3265,31.3412,30.9178,31.1965,4238306.3275607,0
EIX.US,D,20121121,000000,31.1515,31.1838,30.604,31.0244,3456909.3278754,0
EIX.US,D,20121123,000000,31.044,31.0919,30.5346,30.7898,1378667.9496715,0
EIX.US,D,20121126,000000,30.7252,31.5514,30.7252,31.4536,3500198.2664802,0
EIX.US,D,20121127,000000,31.5455,31.8006,31.438,31.4986,2282864.746981,0
EIX.US,D,20121128,000000,31.392,31.5514,31.2209,31.4839,2598909.4924322,0
EIX.US,D,20121129,000000,31.5514,31.9268,31.4311,31.8936,2305973.4566278,0
EIX.US,D,20121130,000000,31.8574,32.2425,31.652,32.1976,3388399.4502762,0
EIX.US,D,20121203,000000,31.829,32.0001,31.5308,31.9581,2706336.5564659,0
EIX.US,D,20121204,000000,31.8359,31.9581,31.4243,31.4702,3326178.1857662,0
EIX.US,D,20121205,000000,31.4986,32.0167,31.4917,31.8447,4038550.8035609,0
EIX.US,D,20121206,000000,31.8818,32.006,31.7234,31.8222,1958525.5377142,0
EIX.US,D,20121207,000000,31.8574,31.9199,31.7312,31.8447,1542467.4998087,0
EIX.US,D,20121210,000000,31.746,31.8447,30.1377,31.6159,2073156.6846994,0
EIX.US,D,20121211,000000,31.6599,31.7088,31.5308,31.7088,2783160.3324365,0
EIX.US,D,20121212,000000,31.7616,31.9268,31.5377,31.7156,3172204.3378628,0
EIX.US,D,20121213,000000,31.6306,31.7372,31.3412,31.4986,2179584.4034196,0
EIX.US,D,20121214,000000,31.5064,32.0001,31.4037,31.7234,3873551.4253245,0
EIX.US,D,20121217,000000,31.7312,32.0255,31.7312,31.8506,5643009.4218248,0
EIX.US,D,20121218,000000,31.8447,32.4107,31.7928,32.3677,3194739.2166796,0
EIX.US,D,20121219,000000,32.445,32.4752,32.0979,32.2425,2354973.0860063,0
EIX.US,D,20121220,000000,32.312,32.6014,32.1693,32.6014,2929898.3883763,0
EIX.US,D,20121221,000000,32.4107,32.7246,32.3267,32.4381,5137358.0819558,0
EIX.US,D,20121224,000000,32.2035,32.4019,31.9659,32.1976,2270476.7520035,0
EIX.US,D,20121226,000000,32.2249,32.2611,31.7518,31.7792,3326713.1474847,0
EIX.US,D,20121227,000000,31.7636,32.1693,31.7332,32.0891,3570015.3736708,0
EIX.US,D,20121228,000000,31.9092,32.2661,31.7126,31.9385,2873065.6101632,0
EIX.US,D,20121231,000000,31.8867,32.2504,31.6247,32.2425,3031023.5419934,0
EIX.US,D,20130102,000000,32.1693,32.8331,32.048,32.8272,3689941.9256596,0
EIX.US,D,20130103,000000,32.7881,33.2183,32.7412,33.0609,2910879.1184059,0
EIX.US,D,20130104,000000,33.0119,33.5614,33.0071,33.533,3850591.0320242,0
EIX.US,D,20130107,000000,33.402,33.449,32.8957,32.924,3210504.7328705,0
EIX.US,D,20130108,000000,32.9191,33.0227,32.6894,32.8741,2602034.364421,0
EIX.US,D,20130109,000000,32.8957,32.8957,32.6248,32.6894,2177428.1906037,0
EIX.US,D,20130110,000000,32.7334,32.8037,32.5534,32.659,3071324.6733709,0
EIX.US,D,20130111,000000,33.0521,33.0765,32.6473,32.6747,3438271.5889203,0
EIX.US,D,20130114,000000,32.7196,32.8888,32.6552,32.8673,3704625.2439572,0
EIX.US,D,20130115,000000,32.8673,33.1117,32.7196,33.1059,2123084.0583967,0
EIX.US,D,20130116,000000,32.9837,33.0609,32.8546,32.9103,2191302.4176597,0
EIX.US,D,20130117,000000,33.0071,33.2046,32.9679,33.0285,1429248.9381644,0
EIX.US,D,20130118,000000,33.1439,33.2104,32.9103,33.2104,2230043.6702213,0
EIX.US,D,20130122,000000,33.0989,33.5076,33.0423,33.4246,1871917.9972353,0
EIX.US,D,20130123,000000,33.2965,33.3473,33.0921,33.2319,2094193.0569814,0
EIX.US,D,20130124,000000,33.274,33.5878,33.274,33.3111,1375759.9264098,0
EIX.US,D,20130125,000000,33.4616,33.5614,33.0765,33.5556,1767962.5585797,0
EIX.US,D,20130128,000000,33.494,33.5556,33.2183,33.3658,1496776.8592629,0
EIX.US,D,20130129,000000,33.3825,33.7345,33.2818,33.6826,1760973.2786126,0
EIX.US,D,20130130,000000,33.6024,34.0854,33.3894,33.9847,3115202.785876,0
EIX.US,D,20130131,000000,34.0522,34.4188,33.8753,34.3816,3911193.0911796,0
EIX.US,D,20130201,000000,34.2732,34.451,34.1588,34.3816,4036806.807901,0
EIX.US,D,20130204,000000,34.2956,34.325,33.9153,33.972,2827203.1272297,0
EIX.US,D,20130205,000000,34.0805,34.367,34.0395,34.234,1983451.8897583,0
EIX.US,D,20130206,000000,34.1588,34.2438,33.8215,34.234,2401295.8610493,0
EIX.US,D,20130207,000000,34.2682,34.4032,33.9153,34.0395,5234508.3574882,0
EIX.US,D,20130208,000000,34.0581,34.1431,33.8303,34.1314,2285085.4006923,0
EIX.US,D,20130211,000000,34.0805,34.2956,34.0258,34.2301,1945137.1745518,0
EIX.US,D,20130212,000000,34.1255,34.2732,34.0258,34.2438,1836052.0360519,0
EIX.US,D,20130213,000000,34.3024,34.4638,33.9017,33.9847,2423256.909036,0
EIX.US,D,20130214,000000,33.4246,33.5556,32.2249,32.9455,14329110.221886,0
EIX.US,D,20130215,000000,33.0227,33.4246,32.8037,33.3033,5296671.3183311,0
EIX.US,D,20130219,000000,33.359,33.6582,33.3111,33.5614,3429817.5571732,0
EIX.US,D,20130220,000000,33.533,33.5477,33.2251,33.2319,4155585.6982298,0
EIX.US,D,20130221,000000,33.2662,33.3825,32.8741,33.1117,4252064.9701535,0
EIX.US,D,20130222,000000,33.1977,33.4548,33.1596,33.4324,1515385.9578201,0
EIX.US,D,20130225,000000,33.5477,33.7227,32.7294,32.7812,4142791.6233245,0
EIX.US,D,20130226,000000,32.8546,32.9679,32.5173,32.9045,3402473.1372464,0
EIX.US,D,20130227,000000,34.4188,34.4589,33.274,33.7041,5538753.2589909,0
EIX.US,D,20130228,000000,34.0179,34.3426,33.7755,34.2682,5454643.5703603,0
EIX.US,D,20130301,000000,34.1382,34.673,33.9847,34.5879,3529315.3224648,0
EIX.US,D,20130304,000000,34.6651,35.2352,34.5606,35.201,3671911.7722893,0
EIX.US,D,20130305,000000,35.3016,35.7425,35.2664,35.6613,6281143.0595623,0
EIX.US,D,20130306,000000,35.6565,35.8207,35.5411,35.809,2973296.7742161,0
EIX.US,D,20130307,000000,35.7161,35.8999,35.6233,35.7924,2873550.4511853,0
EIX.US,D,20130308,000000,35.8794,36.1991,35.7289,36.1864,3955722.7727378,0
EIX.US,D,20130311,000000,36.0798,36.29,36.0114,36.158,3213285.920084,0
EIX.US,D,20130312,000000,36.1492,36.2978,35.9586,36.1776,3448774.431991,0
EIX.US,D,20130313,000000,36.1864,36.5363,36.118,36.3858,3602436.3041312,0
EIX.US,D,20130314,000000,36.3487,36.5521,36.1492,36.5275,3860317.5157366,0
EIX.US,D,20130315,000000,36.3232,36.4993,36.1492,36.3418,3438442.4084366,0
EIX.US,D,20130318,000000,36.0192,36.1912,35.8725,36.026,2210968.1423263,0
EIX.US,D,20130319,000000,36.1658,36.3711,35.9664,36.1991,2843109.7996677,0
EIX.US,D,20130320,000000,36.3154,36.4631,36.205,36.2431,2616386.2723997,0
EIX.US,D,20130321,000000,36.1258,36.3232,35.941,35.941,2964920.480692,0
EIX.US,D,20130322,000000,36.0407,36.2509,35.7493,35.9664,3592965.5382574,0
EIX.US,D,20130325,000000,36.0642,36.4581,36.0192,36.1912,3064812.0514552,0
EIX.US,D,20130326,000000,36.3223,36.5529,36.1893,36.2626,5829672.1924836,0
EIX.US,D,20130327,000000,36.1698,36.2832,35.9547,36.1893,2735896.5157471,0
EIX.US,D,20130328,000000,36.031,36.3223,36.0104,36.1394,3272921.3658092,0
EIX.US,D,20130401,000000,36.1698,36.2665,36.0544,36.2568,3188625.5145921,0
EIX.US,D,20130402,000000,36.377,36.6312,36.2284,36.4855,4041924.2332889,0
EIX.US,D,20130403,000000,36.6645,36.6683,35.9371,36.0856,4910758.3221217,0
EIX.US,D,20130404,000000,36.1326,36.3359,35.6575,35.9156,5757672.2778221,0
EIX.US,D,20130405,000000,35.7396,36.5901,35.7308,36.5451,4997596.0086554,0
EIX.US,D,20130408,000000,36.5765,36.6067,36.07,36.6067,2680368.9213826,0
EIX.US,D,20130409,000000,36.6507,36.684,36.2763,36.3281,1860239.874978,0
EIX.US,D,20130410,000000,36.3144,36.6761,36.3144,36.4993,1961457.0870169,0
EIX.US,D,20130411,000000,36.5579,36.9734,36.5529,36.8932,2759503.3637436,0
EIX.US,D,20130412,000000,36.859,37.3751,36.8453,37.3126,3322771.0012835,0
EIX.US,D,20130415,000000,37.1963,37.3605,36.989,36.989,4763641.8037806,0
EIX.US,D,20130416,000000,37.0526,37.252,36.8003,37.2197,2656814.2398251,0
EIX.US,D,20130417,000000,37.0868,37.1738,36.8238,37.0682,1583437.5890523,0
EIX.US,D,20130418,000000,37.0966,37.1806,36.8003,37.0868,2498989.2812711,0
EIX.US,D,20130419,000000,37.2373,37.6919,37.1054,37.6851,2867363.1023604,0
EIX.US,D,20130422,000000,37.5981,37.8346,37.3751,37.603,1179047.4446904,0
EIX.US,D,20130423,000000,37.7271,37.9256,37.6098,37.8552,2070094.2078633,0
EIX.US,D,20130424,000000,37.906,38.2443,37.7144,38.1739,2249779.9730114,0
EIX.US,D,20130425,000000,38.2443,38.4398,38.0302,38.1876,1754629.4304704,0
EIX.US,D,20130426,000000,38.1231,38.4584,38.1065,38.3177,1488284.9812757,0
EIX.US,D,20130429,000000,38.4311,38.8915,38.3381,38.7702,3189290.3809727,0
EIX.US,D,20130430,000000,38.7966,38.9189,38.6236,38.6383,2943762.3867188,0
EIX.US,D,20130501,000000,37.166,38.1231,36.7788,37.6694,5175463.1085347,0
EIX.US,D,20130502,000000,37.6567,37.8014,37.3977,37.7271,2819966.3123949,0
EIX.US,D,20130503,000000,38.0018,38.1231,37.2969,37.5179,4909965.5968218,0
EIX.US,D,20130506,000000,37.4827,37.5717,37.0086,37.0086,2190672.3289051,0
EIX.US,D,20130507,000000,37.0966,37.3478,36.9666,37.3057,2527193.9360072,0
EIX.US,D,20130508,000000,37.2618,37.3811,36.6233,36.7387,3637763.2121106,0
EIX.US,D,20130509,000000,36.7788,36.859,35.6947,35.7581,5630330.9313825,0
EIX.US,D,20130510,000000,35.9156,36.0544,35.5108,35.9156,6130713.4609031,0
EIX.US,D,20130513,000000,35.7729,35.8833,35.4873,35.7963,3425751.6435381,0
EIX.US,D,20130514,000000,35.7308,35.7513,35.3866,35.4717,6877468.8764167,0
EIX.US,D,20130515,000000,35.4717,35.7513,35.3505,35.5363,6569921.1233096,0
EIX.US,D,20130516,000000,35.503,35.503,34.8959,34.9761,5262933.952437,0
EIX.US,D,20130517,000000,34.9682,35.1569,34.6593,35.0474,6400592.9534998,0
EIX.US,D,20130520,000000,35.0777,35.1256,34.7541,34.8089,5712160.6397634,0
EIX.US,D,20130521,000000,34.8177,35.1002,34.6896,34.9487,4625102.0617492,0
EIX.US,D,20130522,000000,34.9037,35.5363,34.7619,34.9203,5996067.7901193,0
EIX.US,D,20130523,000000,34.6965,34.7903,34.194,34.6593,3167703.7039019,0
EIX.US,D,20130524,000000,34.5459,34.5967,34.2242,34.2682,2507516.9597557,0
EIX.US,D,20130528,000000,34.4042,34.4042,33.8253,34.0561,2278559.4814489,0
EIX.US,D,20130529,000000,34.0835,34.0835,33.0277,33.1899,3724943.5605481,0
EIX.US,D,20130530,000000,33.274,33.7989,33.2251,33.2319,2889020.3575547,0
EIX.US,D,20130531,000000,33.1087,33.6152,32.9993,32.9993,2697135.8286298,0
EIX.US,D,20130603,000000,32.9875,33.1899,32.4616,33.0169,4711551.0571681,0
EIX.US,D,20130604,000000,33.0051,33.2974,32.8869,33.2319,4998339.6361303,0
EIX.US,D,20130605,000000,33.0823,33.0911,32.7372,32.8712,3486460.0813144,0
EIX.US,D,20130606,000000,32.8595,33.2974,32.8526,33.2974,4893004.3440171,0
EIX.US,D,20130607,000000,33.2818,34.2242,32.8438,34.194,8852574.1359202,0
EIX.US,D,20130610,000000,34.0923,34.1245,33.7198,33.7989,6624033.0637191,0
EIX.US,D,20130611,000000,33.5506,33.8577,33.3542,33.6122,4487977.9736727,0
EIX.US,D,20130612,000000,33.8253,33.8859,33.2251,33.2662,3952820.8867044,0
EIX.US,D,20130613,000000,33.2583,33.6328,33.1743,33.577,3993085.1947132,0
EIX.US,D,20130614,000000,33.7804,34.1793,33.7198,33.8645,3810485.2690754,0
EIX.US,D,20130617,000000,34.3024,34.5097,33.9457,34.0707,4099213.2121263,0
EIX.US,D,20130618,000000,34.1568,34.4736,33.9143,34.2682,2426799.1125375,0
EIX.US,D,20130619,000000,34.1421,34.3758,33.3913,33.3913,3983121.4048465,0
EIX.US,D,20130620,000000,33.1166,33.1596,32.2513,32.3198,4208681.9273841,0
EIX.US,D,20130621,000000,32.5358,33.2183,32.2201,33.0823,4765228.2772518,0
EIX.US,D,20130624,000000,32.7773,33.4636,32.5994,33.1674,4441252.1873159,0
EIX.US,D,20130625,000000,33.3668,33.6259,33.0501,33.4636,3597035.5433781,0
EIX.US,D,20130626,000000,33.7638,34.2389,33.576,34.1978,2737896.2292457,0
EIX.US,D,20130627,000000,34.2565,34.7541,34.2272,34.3788,3669510.0703482,0
EIX.US,D,20130628,000000,34.2996,35.0152,34.1607,34.8451,3849310.397088,0
EIX.US,D,20130701,000000,34.89,34.9927,34.0189,34.059,3753521.5633288,0
EIX.US,D,20130702,000000,34.0531,34.2389,33.6034,33.8586,2623614.9042637,0
EIX.US,D,20130703,000000,33.6543,33.8919,33.3502,33.7198,1580959.1717597,0
EIX.US,D,20130705,000000,33.7804,33.7804,33.0071,33.3219,2062225.2585312,0
EIX.US,D,20130708,000000,33.494,34.0013,33.3718,33.9211,2451191.5257345,0
EIX.US,D,20130709,000000,34.0013,34.1392,33.8665,34.0962,3100010.0776438,0
EIX.US,D,20130710,000000,33.9545,34.5527,33.7198,34.5459,3185371.7608126,0
EIX.US,D,20130711,000000,34.8637,35.1041,34.6475,35.0875,3324479.196446,0
EIX.US,D,20130712,000000,35.1217,35.1217,34.7541,35.066,2844732.0736363,0
EIX.US,D,20130715,000000,34.9633,35.7885,34.9135,35.6379,3031313.0145868,0
EIX.US,D,20130716,000000,35.5715,35.6721,35.2546,35.5177,2480098.8930914,0
EIX.US,D,20130717,000000,35.6947,35.8119,35.3046,35.4707,1669895.7903134,0
EIX.US,D,20130718,000000,35.5636,35.9791,35.5411,35.8119,2510410.6628183,0
EIX.US,D,20130719,000000,35.5861,36.0006,35.5177,35.9654,1941635.8859044,0
EIX.US,D,20130722,000000,35.9654,36.1004,35.8305,35.9713,1724025.1195359,0
EIX.US,D,20130723,000000,35.9566,36.1746,35.8393,35.9566,2372580.7935071,0
EIX.US,D,20130724,000000,35.9048,35.9048,35.4551,35.6311,1451681.5298456,0
EIX.US,D,20130725,000000,35.5411,35.8843,34.8509,35.2312,4802789.13627,0
EIX.US,D,20130726,000000,35.0738,35.5294,34.8509,35.5177,1900244.3736626,0
EIX.US,D,20130729,000000,35.4707,36.114,35.4072,36.0114,2122805.8373881,0
EIX.US,D,20130730,000000,36.16,36.4191,36.0114,36.118,2063500.7791105,0
EIX.US,D,20130731,000000,36.2147,36.246,35.7259,36.0642,2517265.946638,0
EIX.US,D,20130801,000000,36.1746,36.2929,35.8168,36.1004,2667687.3623263,0
EIX.US,D,20130802,000000,35.8393,36.1746,35.6437,35.7201,3016686.9770851,0
EIX.US,D,20130805,000000,35.6643,35.7807,35.1912,35.2704,3451672.226539,0
EIX.US,D,20130806,000000,35.2028,35.2234,34.7619,35.0494,3477903.7624319,0
EIX.US,D,20130807,000000,35.0152,35.5479,34.8567,35.4414,3385689.8640575,0
EIX.US,D,20130808,000000,35.5715,35.7973,35.3426,35.7201,2369268.7360604,0
EIX.US,D,20130809,000000,35.7308,35.8119,35.4854,35.5089,1964704.7035683,0
EIX.US,D,20130812,000000,35.3172,35.3476,34.8773,35.0416,2308614.5104658,0
EIX.US,D,20130813,000000,35.0953,35.1364,34.7855,34.89,1828427.5529736,0
EIX.US,D,20130814,000000,34.7855,34.8979,34.5302,34.8451,1538969.2797754,0
EIX.US,D,20130815,000000,34.6309,34.7697,34.1529,34.1607,1999054.7694038,0
EIX.US,D,20130816,000000,34.0091,34.1138,33.6934,33.9847,2965619.1018273,0
EIX.US,D,20130819,000000,33.9661,34.1764,33.581,33.7061,2281022.5556711,0
EIX.US,D,20130820,000000,33.7716,34.1842,33.6787,33.8127,2139231.1056029,0
EIX.US,D,20130821,000000,33.7638,33.7716,33.185,33.4138,2681303.8258008,0
EIX.US,D,20130822,000000,33.4822,33.6034,33.3307,33.4138,1219923.4297694,0
EIX.US,D,20130823,000000,33.4236,33.7873,33.2789,33.6259,1151234.5496832,0
EIX.US,D,20130826,000000,33.6112,33.7716,33.3502,33.3502,1734961.660061,0
EIX.US,D,20130827,000000,32.9513,33.6787,32.9455,33.3385,2223164.8603605,0
EIX.US,D,20130828,000000,33.407,33.7804,33.1175,33.5399,1546434.1949224,0
EIX.US,D,20130829,000000,33.3884,33.5898,33.1557,33.2143,1959383.7267808,0
EIX.US,D,20130830,000000,33.2867,33.4852,33.0941,33.2007,1709276.3374716,0
EIX.US,D,20130903,000000,33.3542,33.49,32.66,32.6825,2117476.6776299,0
EIX.US,D,20130904,000000,32.6756,32.6894,32.2797,32.5085,2098130.0888259,0
EIX.US,D,20130905,000000,32.5456,32.5456,32.0167,32.0921,2707651.9690281,0
EIX.US,D,20130906,000000,32.3198,32.924,32.2875,32.5818,2448168.9408812,0
EIX.US,D,20130909,000000,32.5926,32.9455,32.4254,32.8947,1505698.3432191,0
EIX.US,D,20130910,000000,33.0373,33.187,32.8722,33.0129,1772559.342448,0
EIX.US,D,20130911,000000,33.0697,33.0697,32.3394,32.4391,3473433.8146116,0
EIX.US,D,20130912,000000,32.4186,32.6346,32.1927,32.4019,2781285.4092432,0
EIX.US,D,20130913,000000,32.5818,32.6473,32.3697,32.5085,2025012.1757736,0
EIX.US,D,20130916,000000,32.9455,33.1322,32.4391,32.5408,2630294.2542103,0
EIX.US,D,20130917,000000,32.5818,32.8878,32.53,32.7226,2446177.4103534,0
EIX.US,D,20130918,000000,32.7138,33.9299,32.5584,33.7931,3867179.9596557,0
EIX.US,D,20130919,000000,33.8253,33.9211,33.23,33.403,2314388.6192634,0
EIX.US,D,20130920,000000,33.4264,33.4714,33.1147,33.2965,2832252.0202369,0
EIX.US,D,20130923,000000,33.2877,34.1538,33.2231,34.0405,3501218.0692209,0
EIX.US,D,20130924,000000,34.1147,34.2663,33.9475,34.0013,2678438.7631362,0
EIX.US,D,20130925,000000,33.9211,34.0189,33.6386,33.7178,2008716.812221,0
EIX.US,D,20130926,000000,33.8185,33.8185,33.1645,33.452,3043245.8318114,0
EIX.US,D,20130927,000000,33.2095,33.4714,33.1791,33.3844,4005536.6077146,0
EIX.US,D,20130930,000000,33.2437,33.7227,33.2437,33.5653,4569582.6503555,0
EIX.US,D,20131001,000000,33.6074,33.7227,33.403,33.5653,1432771.7071101,0
EIX.US,D,20131002,000000,33.452,33.6905,33.4352,33.6015,2383969.443171,0
EIX.US,D,20131003,000000,33.3248,33.5194,33.1489,33.3913,3287522.8543985,0
EIX.US,D,20131004,000000,33.4784,33.9603,33.3913,33.7794,3473370.3965875,0
EIX.US,D,20131007,000000,33.8107,33.8987,33.4784,33.537,3479293.844603,0
EIX.US,D,20131008,000000,33.4352,34.2076,33.4352,33.8919,2941114.1727812,0
EIX.US,D,20131009,000000,34.0189,34.6075,33.8987,34.3582,3167394.7967527,0
EIX.US,D,20131010,000000,34.5635,34.8431,33.9545,34.7679,2414949.1478926,0
EIX.US,D,20131011,000000,34.7747,34.7747,34.4667,34.7473,2071295.0588338,0
EIX.US,D,20131014,000000,34.542,34.6349,34.0874,34.5635,1978425.4999211,0
EIX.US,D,20131015,000000,34.3494,34.6006,34.0405,34.1059,2297286.2102118,0
EIX.US,D,20131016,000000,34.3093,34.3875,34.0531,34.3816,3148739.6689846,0
EIX.US,D,20131017,000000,34.3494,35.0425,34.1265,34.9849,2095632.2369776,0
EIX.US,D,20131018,000000,35.1384,35.3573,34.9936,35.2576,1637409.3960862,0
EIX.US,D,20131021,000000,35.3446,35.3446,35.0318,35.2038,1177674.7513324,0
EIX.US,D,20131022,000000,35.2254,35.8109,35.1618,35.6859,2076685.5908734,0
EIX.US,D,20131023,000000,35.6497,36.0074,35.4512,35.4737,1660772.8007003,0
EIX.US,D,20131024,000000,35.4971,35.546,35.067,35.5333,4209298.7188111,0
EIX.US,D,20131025,000000,35.4375,36.0504,35.3368,36.0074,1712945.3770212,0
EIX.US,D,20131028,000000,35.8765,36.0954,35.6359,35.8686,1834171.998502,0
EIX.US,D,20131029,000000,35.8481,36.0564,35.6497,35.7875,2405775.0147117,0
EIX.US,D,20131030,000000,36.1756,36.4015,35.5382,35.6711,2761877.448158,0
EIX.US,D,20131031,000000,35.6859,36.0808,35.2792,35.7298,2621407.5478801,0
EIX.US,D,20131101,000000,35.8481,36.1082,35.7377,36.0504,2023644.5967723,0
EIX.US,D,20131104,000000,36.114,36.202,35.7445,36.1198,1738231.7797822,0
EIX.US,D,20131105,000000,36.0348,36.2656,35.8109,35.898,2349980.4509236,0
EIX.US,D,20131106,000000,35.9107,36.2176,35.854,36.16,1992275.1780645,0
EIX.US,D,20131107,000000,36.1814,36.3281,35.9175,36.0504,2148350.0037306,0
EIX.US,D,20131108,000000,35.9175,35.9478,35.0816,35.7445,3576390.930825,0
EIX.US,D,20131111,000000,35.7572,35.9322,35.4971,35.6927,1037304.0695759,0
EIX.US,D,20131112,000000,35.5265,35.7249,35.0318,35.1452,2945282.3735519,0
EIX.US,D,20131113,000000,34.9438,35.2478,34.7091,35.0318,3556220.9305805,0
EIX.US,D,20131114,000000,35.0973,35.4659,34.8627,35.4111,2526644.6540898,0
EIX.US,D,20131115,000000,35.198,35.8383,35.198,35.8295,2664445.883003,0
EIX.US,D,20131118,000000,35.8481,35.854,35.4883,35.6291,1763482.3820458,0
EIX.US,D,20131119,000000,35.6291,35.6927,35.2186,35.2576,2843091.3879832,0
EIX.US,D,20131120,000000,35.328,35.3652,34.5918,34.629,1986668.820169,0
EIX.US,D,20131121,000000,34.6799,34.7747,34.3816,34.4765,3662892.0926829,0
EIX.US,D,20131122,000000,34.3298,34.3298,33.4784,33.5194,9795806.7727416,0
EIX.US,D,20131125,000000,33.6152,33.6905,33.1645,33.1791,6699167.0562117,0
EIX.US,D,20131126,000000,33.2437,33.361,32.9905,33.0951,5320265.8918714,0
EIX.US,D,20131127,000000,33.1147,33.5448,33.1019,33.3962,4231631.0690994,0
EIX.US,D,20131129,000000,33.3248,33.7794,33.3248,33.6758,1946242.8984862,0
EIX.US,D,20131202,000000,33.6758,33.8919,33.5194,33.6015,4237541.2197873,0
EIX.US,D,20131203,000000,33.5448,33.6836,33.317,33.537,3007275.5377499,0
EIX.US,D,20131204,000000,33.3326,33.7227,33.2486,33.5448,1773255.9178405,0
EIX.US,D,20131205,000000,33.403,33.4177,32.9445,33.0863,2964511.33215,0
EIX.US,D,20131206,000000,33.2965,33.5732,33.1791,33.444,5124188.6132633,0
EIX.US,D,20131209,000000,33.452,33.7618,33.4264,33.6836,2460241.8914814,0
EIX.US,D,20131210,000000,33.6074,33.6836,33.0863,33.1489,3911443.6946616,0
EIX.US,D,20131211,000000,33.2163,33.2486,32.7715,32.9601,3612149.490516,0
EIX.US,D,20131212,000000,33.0197,33.361,32.8595,33.1175,3281355.9630007,0
EIX.US,D,20131213,000000,33.2231,33.4098,33.1175,33.2877,2041199.1149627,0
EIX.US,D,20131216,000000,33.3844,33.7051,33.3756,33.49,1935162.1331001,0
EIX.US,D,20131217,000000,33.4098,33.5292,33.1175,33.2486,2190021.7827235,0
EIX.US,D,20131218,000000,33.2095,33.6074,32.9093,33.579,3696760.3861104,0
EIX.US,D,20131219,000000,33.5292,33.6592,33.0951,33.6074,2936798.6785355,0
EIX.US,D,20131220,000000,33.7051,34.233,33.6836,33.9475,4269042.5888999,0
EIX.US,D,20131223,000000,34.0267,34.1206,33.5868,33.623,2422718.8787033,0
EIX.US,D,20131224,000000,33.5448,34.0669,33.4714,33.9055,863664.4970059,0
EIX.US,D,20131226,000000,33.9143,33.9925,33.5292,33.6386,1256034.8800779,0
EIX.US,D,20131227,000000,33.6416,33.9281,33.576,33.7599,1112386.9185007,0
EIX.US,D,20131230,000000,33.7208,34.0258,33.7208,33.9925,2600325.1463872,0
EIX.US,D,20131231,000000,33.9583,34.1538,33.8851,34.0003,1553355.9653801,0
EIX.US,D,20140102,000000,33.8234,34.1402,33.3483,33.362,3288444.4614891,0
EIX.US,D,20140103,000000,33.4528,33.5682,33.2574,33.3688,3020682.3125967,0
EIX.US,D,20140106,000000,33.5144,33.5144,33.3043,33.3483,2851860.4641076,0
EIX.US,D,20140107,000000,33.362,33.5399,33.362,33.3982,3386626.8142185,0
EIX.US,D,20140108,000000,33.2974,33.4284,33.0119,33.1009,3843111.7966782,0
EIX.US,D,20140109,000000,33.1645,33.2574,32.8575,33.1489,3429967.9192624,0
EIX.US,D,20140110,000000,33.3913,33.8899,33.3346,33.4206,3278648.4225246,0
EIX.US,D,20140113,000000,33.5018,33.6034,33.2388,33.3982,3536711.7052311,0
EIX.US,D,20140114,000000,33.6122,34.0258,33.5144,33.9779,3793225.3378352,0
EIX.US,D,20140115,000000,34.0463,34.3444,33.8781,34.0531,2997150.1342091,0
EIX.US,D,20140116,000000,34.0737,34.4638,33.8899,34.4638,3578934.8118842,0
EIX.US,D,20140117,000000,34.5723,34.7943,34.3386,34.4403,2454519.9491228,0
EIX.US,D,20140121,000000,34.6261,35.0318,34.5606,35.0318,4335040.2944517,0
EIX.US,D,20140122,000000,34.8607,35.2664,34.7659,35.1051,3159822.4801134,0
EIX.US,D,20140123,000000,35.0249,35.3524,34.9379,34.9927,3732097.5228033,0
EIX.US,D,20140124,000000,34.9379,35.0249,34.456,34.456,3720516.5733247,0
EIX.US,D,20140127,000000,34.5136,34.9438,34.4208,34.6554,3402402.559123,0
EIX.US,D,20140128,000000,34.6993,34.9565,34.5459,34.8069,2104272.4313113,0
EIX.US,D,20140129,000000,34.7365,34.9203,34.5674,34.6055,2251678.4222458,0
EIX.US,D,20140130,000000,34.6261,35.3065,34.6261,35.2126,1797721.977775,0
EIX.US,D,20140131,000000,34.8959,35.5567,34.7297,35.3681,2408028.4003063,0
EIX.US,D,20140203,000000,35.5353,36.0906,35.3222,35.3896,3931060.3215031,0
EIX.US,D,20140204,000000,35.5567,35.6399,34.6691,35.1862,3582534.2961816,0
EIX.US,D,20140205,000000,35.0073,35.3026,34.7141,35.2204,2621232.6368785,0
EIX.US,D,20140206,000000,35.2342,35.7933,35.0973,35.7415,2211737.3415851,0
EIX.US,D,20140207,000000,35.7484,35.853,35.5294,35.7709,2272946.9863253,0
EIX.US,D,20140210,000000,35.6183,35.9253,35.331,35.8373,2270211.8283227,0
EIX.US,D,20140211,000000,35.8677,36.4249,35.7141,36.3076,1814436.7185832,0
EIX.US,D,20140212,000000,36.1834,36.5579,36.115,36.4474,1981851.0960882,0
EIX.US,D,20140213,000000,36.1688,36.8786,36.1462,36.859,2364192.2255267,0
EIX.US,D,20140214,000000,36.8453,37.1308,36.6957,37.1161,1717126.8751194,0
EIX.US,D,20140218,000000,37.0643,37.5179,37.0291,37.4397,2119933.614624,0
EIX.US,D,20140219,000000,37.3713,37.6655,37.1161,37.2354,2487466.6354597,0
EIX.US,D,20140220,000000,37.3077,37.7174,37.1366,37.6127,1546212.2318385,0
EIX.US,D,20140221,000000,37.6372,38.0077,37.5335,37.7174,2902780.023019,0
EIX.US,D,20140224,000000,37.6743,38.2385,37.6274,37.819,3846370.6648145,0
EIX.US,D,20140225,000000,37.8738,38.1876,37.3791,37.6274,3618794.0628365,0
EIX.US,D,20140226,000000,37.9608,38.6754,37.9608,38.1876,4051245.6599448,0
EIX.US,D,20140227,000000,38.1876,38.2923,37.7604,38.2385,4334259.843608,0
EIX.US,D,20140228,000000,38.2755,38.7772,38.2609,38.4584,2694290.2005209,0
EIX.US,D,20140303,000000,38.3343,38.5043,38.0986,38.1123,2084436.9099997,0
EIX.US,D,20140304,000000,38.4379,38.5396,38.2531,38.3411,2276509.6472539,0
EIX.US,D,20140305,000000,38.3205,38.3411,37.8004,37.8552,2183786.3589449,0
EIX.US,D,20140306,000000,37.9374,38.0781,37.3791,37.5795,2772636.0090673,0
EIX.US,D,20140307,000000,37.4935,37.7604,37.3077,37.7604,2234428.7197191,0
EIX.US,D,20140310,000000,37.6812,37.7448,37.4163,37.5863,2213783.0842947,0
EIX.US,D,20140311,000000,37.5335,37.6743,37.1239,37.2755,3297216.6062276,0
EIX.US,D,20140312,000000,37.3635,37.9686,37.2686,37.9686,2716250.2256362,0
EIX.US,D,20140313,000000,37.73,38.1661,37.73,38.0165,4669663.4523194,0
EIX.US,D,20140314,000000,38.1289,38.5454,37.9276,38.2297,3740182.2979914,0
EIX.US,D,20140317,000000,38.2609,38.5268,38.0781,38.4799,2673597.5130141,0
EIX.US,D,20140318,000000,38.5542,38.7018,38.4242,38.6422,2080182.7880353,0
EIX.US,D,20140319,000000,37.7946,38.9443,37.7946,38.0263,3440562.820755,0
EIX.US,D,20140320,000000,37.9549,38.2169,37.559,38.2033,2540985.3104835,0
EIX.US,D,20140321,000000,38.1123,39.9141,38.1123,39.5612,7815678.1920149,0
EIX.US,D,20140324,000000,39.5182,39.9718,39.48,39.8672,6763117.9961827,0
EIX.US,D,20140325,000000,39.9787,40.0343,39.4214,39.9209,2678066.437963,0
EIX.US,D,20140326,000000,39.9444,40.0343,39.4947,39.5182,2635840.2626958,0
EIX.US,D,20140327,000000,39.522,40.0177,39.1945,39.8427,3199416.8073848,0
EIX.US,D,20140328,000000,40.1801,40.9847,40.1477,40.8731,4896738.8473334,0
EIX.US,D,20140331,000000,41.2711,41.8509,41.0951,41.8509,5542073.4994084,0
EIX.US,D,20140401,000000,41.8567,41.9466,41.2202,41.8567,4220613.7217373,0
EIX.US,D,20140402,000000,41.5164,41.5164,41.1411,41.3688,3727741.1137034,0
EIX.US,D,20140403,000000,41.5018,41.9319,41.3748,41.7443,3168976.1558672,0
EIX.US,D,20140404,000000,41.7687,42.0493,41.2202,41.3454,4712103.4076996,0
EIX.US,D,20140407,000000,41.3454,41.8351,41.2877,41.3317,4219474.2430481,0
EIX.US,D,20140408,000000,41.2202,41.7893,41.0873,41.6553,4473625.0428228,0
EIX.US,D,20140409,000000,41.5917,41.8919,41.1909,41.8713,3784726.2997485,0
EIX.US,D,20140410,000000,41.8645,42.0854,41.6397,41.8127,3477415.8527957,0
EIX.US,D,20140411,000000,41.5849,41.9241,41.5018,41.6347,3086576.7081417,0
EIX.US,D,20140414,000000,41.7443,42.0121,41.5311,41.8509,2558531.645703,0
EIX.US,D,20140415,000000,41.8263,42.152,41.5849,42.0991,3032947.5630117,0
EIX.US,D,20140416,000000,42.2048,42.2048,41.7775,42.0571,3928997.1899806,0
EIX.US,D,20140417,000000,42.2048,42.5948,41.6279,41.6807,4136203.3089285,0
EIX.US,D,20140421,000000,41.6807,42.0933,41.4256,41.6553,2941174.5221912,0
EIX.US,D,20140422,000000,41.6651,41.7541,41.3748,41.5917,2567358.0026232,0
EIX.US,D,20140423,000000,41.7169,42.3298,41.5917,41.6475,2983692.2157946,0
EIX.US,D,20140424,000000,41.7022,42.1372,41.5683,41.9466,2906037.8682839,0
EIX.US,D,20140425,000000,41.9809,42.1812,41.7687,42.0854,2979276.4801561,0
EIX.US,D,20140428,000000,42.191,42.3797,41.8772,42.1372,4055293.1618956,0
EIX.US,D,20140429,000000,42.2321,42.2488,41.4002,41.9075,4085758.3623258,0
EIX.US,D,20140430,000000,41.2955,42.6535,41.2955,41.8127,4621145.595349,0
EIX.US,D,20140501,000000,41.9671,42.0336,41.3836,41.9163,2106611.7380996,0
EIX.US,D,20140502,000000,41.7893,41.7893,40.7334,40.9103,3003835.6213838,0
EIX.US,D,20140505,000000,40.8663,41.36,40.8361,41.3532,2354666.2245998,0
EIX.US,D,20140506,000000,41.3024,41.539,41.2134,41.408,2589283.2501126,0
EIX.US,D,20140507,000000,41.5018,42.2692,41.493,42.2116,3553237.2148386,0
EIX.US,D,20140508,000000,42.1812,42.3015,41.4256,41.4636,2477093.697051,0
EIX.US,D,20140509,000000,41.5164,41.5751,40.8361,40.8731,2313503.8355415,0
EIX.US,D,20140512,000000,41.0286,41.0726,40.4812,40.5262,1699951.8422016,0
EIX.US,D,20140513,000000,40.5408,40.7598,40.4294,40.6229,1747907.1199269,0
EIX.US,D,20140514,000000,40.6366,40.9768,40.5476,40.7334,1924904.7791546,0
EIX.US,D,20140515,000000,40.8087,41.1547,40.6806,40.8361,2115135.3250988,0
EIX.US,D,20140516,000000,40.8819,40.9768,40.5642,40.8663,1702862.9340773,0
EIX.US,D,20140519,000000,40.792,40.792,39.9063,39.9483,2829604.8291708,0
EIX.US,D,20140520,000000,39.8809,40.2289,39.7528,39.9435,2537596.5376851,0
EIX.US,D,20140521,000000,40.0031,40.0931,39.6462,39.7215,1964870.4087278,0
EIX.US,D,20140522,000000,39.7714,40.3794,39.7215,40.1879,1548996.4876661,0
EIX.US,D,20140523,000000,40.1331,40.2289,39.8809,39.9356,1581185.2263291,0
EIX.US,D,20140527,000000,40.2885,40.4156,39.9435,39.9865,2184711.0346496,0
EIX.US,D,20140528,000000,40.0177,40.3052,39.9356,40.1879,1705161.3260114,0
EIX.US,D,20140529,000000,40.445,40.445,40.0285,40.355,1428339.6055299,0
EIX.US,D,20140530,000000,40.3462,40.792,40.1879,40.7598,2260308.3878659,0
EIX.US,D,20140602,000000,40.6894,41.3024,40.4362,41.1547,2879057.5905594,0
EIX.US,D,20140603,000000,41.1411,41.7443,41.1411,41.5526,2621355.3814411,0
EIX.US,D,20140604,000000,41.4002,41.4588,41.1978,41.4118,3310321.6340247,0
EIX.US,D,20140605,000000,41.4588,42.0991,41.2955,41.7843,1681326.3777028,0
EIX.US,D,20140606,000000,41.9593,42.0806,41.4002,41.4432,1496982.4564052,0
EIX.US,D,20140609,000000,41.408,41.6054,41.0726,41.1909,1887098.4310112,0
EIX.US,D,20140610,000000,41.1411,41.2877,40.9543,41.0433,1329114.9468901,0
EIX.US,D,20140611,000000,41.0805,41.1547,40.5642,40.5789,1981665.9563729,0
EIX.US,D,20140612,000000,40.4362,40.6229,39.7586,40.488,3198684.4314948,0
EIX.US,D,20140613,000000,40.4156,40.7119,40.1331,40.5789,2069868.1532939,0
EIX.US,D,20140616,000000,40.6434,41.3836,40.5094,41.1098,2865860.5043402,0
EIX.US,D,20140617,000000,40.9397,41.1323,40.7334,41.1098,1715431.9772845,0
EIX.US,D,20140618,000000,41.0589,42.2566,40.9465,42.2174,2982307.2479802,0
EIX.US,D,20140619,000000,42.2242,42.7659,42.0991,42.7571,3724172.3155466,0
EIX.US,D,20140620,000000,42.8031,42.9507,42.5489,42.5703,2234677.2774583,0
EIX.US,D,20140623,000000,42.5489,42.8099,42.107,42.5596,2795695.6208891,0
EIX.US,D,20140624,000000,42.4452,42.7337,42.3436,42.6397,2118281.6773861,0
EIX.US,D,20140625,000000,42.5489,42.978,42.5401,42.8099,1741042.630265,0
EIX.US,D,20140626,000000,42.6359,42.9468,42.4706,42.8421,1958580.7727673,0
EIX.US,D,20140627,000000,42.7453,43.0709,42.6359,42.6721,2553127.8163359,0
EIX.US,D,20140630,000000,42.8499,43.3212,42.7541,43.2244,2448630.2558622,0
EIX.US,D,20140701,000000,43.158,43.2244,42.7541,42.7943,2899269.5285294,0
EIX.US,D,20140702,000000,42.6573,42.7541,41.8097,41.9662,2302051.7678537,0
EIX.US,D,20140703,000000,41.7814,41.8019,41.1557,41.5174,1515889.2105266,0
EIX.US,D,20140707,000000,41.5419,41.8175,41.4842,41.5712,2304560.8712868,0
EIX.US,D,20140708,000000,41.8899,42.3152,41.8333,42.191,2990269.2786057,0
EIX.US,D,20140709,000000,42.1754,42.2321,41.7403,41.9799,1917064.4702204,0
EIX.US,D,20140710,000000,41.8694,42.5166,41.8694,42.3876,1807841.2440877,0
EIX.US,D,20140711,000000,42.3621,42.4198,41.9378,42.1128,1770590.31509,0
EIX.US,D,20140714,000000,42.24,42.2488,41.5487,41.625,2991326.9275864,0
EIX.US,D,20140715,000000,41.6426,42.2242,41.6426,42.062,2602276.7849321,0
EIX.US,D,20140716,000000,42.1216,42.2566,41.8694,42.2488,2084289.6165247,0
EIX.US,D,20140717,000000,42.3064,42.4833,42.0327,42.062,2466156.1336546,0
EIX.US,D,20140718,000000,42.2321,42.4902,41.931,42.4765,1668874.9647013,0
EIX.US,D,20140721,000000,42.3807,42.6055,42.1676,42.3954,1433609.4387497,0
EIX.US,D,20140722,000000,42.5508,42.5899,42.3621,42.37,1355332.1625839,0
EIX.US,D,20140723,000000,42.3446,42.4648,42.0845,42.1372,1262978.130834,0
EIX.US,D,20140724,000000,42.2174,42.542,42.0845,42.37,1313673.6809186,0
EIX.US,D,20140725,000000,42.6133,43.0524,42.0718,42.1128,1814094.0566793,0
EIX.US,D,20140728,000000,42.0991,42.8666,41.9945,42.7453,1536099.1027539,0
EIX.US,D,20140729,000000,42.7453,43.0445,42.4032,42.41,2300987.9816447,0
EIX.US,D,20140730,000000,42.5254,42.542,41.3414,41.4891,2264015.2736555,0
EIX.US,D,20140731,000000,41.1929,41.5575,40.7021,40.7578,2494257.478384,0
EIX.US,D,20140801,000000,41.0589,42.0561,41.0589,41.6103,4328547.1070917,0
EIX.US,D,20140804,000000,41.5419,41.6602,40.5456,41.5272,5955195.8965258,0
EIX.US,D,20140805,000000,41.4216,41.7657,41.0873,41.3952,4466840.3371266,0
EIX.US,D,20140806,000000,41.1929,41.3718,40.4039,40.8067,5881926.5985129,0
EIX.US,D,20140807,000000,40.9171,41.4294,40.9025,41.319,3297284.115737,0
EIX.US,D,20140808,000000,41.3414,42.3758,41.3414,42.3376,4123612.7854228,0
EIX.US,D,20140811,000000,42.5342,42.6133,41.9945,42.018,3654396.1232103,0
EIX.US,D,20140812,000000,41.9662,42.0718,41.7403,41.7657,2217526.793453,0
EIX.US,D,20140813,000000,41.8175,42.1216,41.625,42.0102,3425402.8444061,0
EIX.US,D,20140814,000000,42.1676,42.498,42.018,42.4452,2478115.5455345,0
EIX.US,D,20140815,000000,42.5342,42.9184,42.279,42.6573,3006559.5278016,0
EIX.US,D,20140818,000000,42.7131,43.026,42.5342,42.7991,2248285.557962,0
EIX.US,D,20140819,000000,42.7943,43.5577,42.7864,43.4522,3510079.2037672,0
EIX.US,D,20140820,000000,43.4297,43.7601,43.3779,43.6917,1828304.808411,0
EIX.US,D,20140821,000000,43.7738,44.0182,43.3134,43.3779,2324168.2922863,0
EIX.US,D,20140822,000000,43.158,43.8178,43.158,43.504,1920676.228974,0
EIX.US,D,20140825,000000,43.722,43.8178,43.4297,43.5871,1526753.1271855,0
EIX.US,D,20140826,000000,43.6243,43.7601,42.8666,42.9468,2274854.6414019,0
EIX.US,D,20140827,000000,42.9184,43.4229,42.8421,43.4043,2539559.427815,0
EIX.US,D,20140828,000000,43.2596,43.6095,43.111,43.4913,2331146.3206684,0
EIX.US,D,20140829,000000,43.504,43.9978,43.4111,43.9908,2128021.4584261,0
EIX.US,D,20140902,000000,44.072,44.1434,43.3134,43.6165,3069256.4274916,0
EIX.US,D,20140903,000000,43.7807,44.2812,43.7054,44.1072,3347625.7523328,0
EIX.US,D,20140904,000000,44.0124,44.1072,43.5743,43.8784,2656349.8562301,0
EIX.US,D,20140905,000000,43.8784,44.2891,43.8784,44.2421,1457289.9334837,0
EIX.US,D,20140908,000000,44.0936,44.1698,43.3955,43.6702,3185243.9018933,0
EIX.US,D,20140909,000000,43.5577,43.6243,43.0524,43.111,1757570.1856153,0
EIX.US,D,20140910,000000,43.111,43.158,42.7219,42.8891,1782310.3750729,0
EIX.US,D,20140911,000000,42.935,43.1442,42.6055,43.1442,2188857.7551218,0
EIX.US,D,20140912,000000,42.9468,42.9604,42.1998,42.3064,1658060.1458674,0
EIX.US,D,20140915,000000,42.4833,42.7219,42.3015,42.4833,2614745.5867465,0
EIX.US,D,20140916,000000,42.4648,43.328,42.4589,43.2342,2628059.2803001,0
EIX.US,D,20140917,000000,43.3955,43.46,43.026,43.1892,2308557.2296699,0
EIX.US,D,20140918,000000,43.198,43.328,42.8587,42.9282,3365208.9109211,0
EIX.US,D,20140919,000000,43.0709,43.1834,42.9106,43.0709,2456752.8772903,0
EIX.US,D,20140922,000000,43.0709,43.1442,42.6055,42.6212,2059968.8043225,0
EIX.US,D,20140923,000000,42.5977,42.6573,42.0845,42.2634,3302059.9020923,0
EIX.US,D,20140924,000000,42.3876,42.4452,41.8479,42.0405,2503718.0155441,0
EIX.US,D,20140925,000000,42.0248,42.2702,41.6602,41.669,2321570.1990452,0
EIX.US,D,20140926,000000,41.711,41.9036,41.233,41.7629,2678893.940889,0
EIX.US,D,20140929,000000,40.7969,41.8059,40.5104,41.7296,2636109.2778621,0
EIX.US,D,20140930,000000,41.8293,42.3376,41.6553,41.8597,2128675.0732218,0
EIX.US,D,20141001,000000,41.9281,42.8235,41.8293,42.4306,3597785.3080811,0
EIX.US,D,20141002,000000,42.3964,42.7493,42.0542,42.1432,2941902.8065958,0
EIX.US,D,20141003,000000,42.24,42.5097,41.887,42.3709,1837682.4929915,0
EIX.US,D,20141006,000000,42.5439,42.8099,42.2936,42.5586,1765322.527613,0
EIX.US,D,20141007,000000,42.3709,42.9409,42.3162,42.4394,3120650.5987116,0
EIX.US,D,20141008,000000,42.5352,43.5285,42.4394,43.46,3167344.6760563,0
EIX.US,D,20141009,000000,43.46,43.5577,42.7083,42.7405,4132229.4537152,0
EIX.US,D,20141010,000000,42.9878,43.46,42.7013,43.2048,4018655.9557107,0
EIX.US,D,20141013,000000,43.2654,43.9938,43.1344,43.5207,3027262.4440219,0
EIX.US,D,20141014,000000,43.7963,44.9128,43.3036,44.7642,5330840.3359368,0
EIX.US,D,20141015,000000,44.6527,44.8776,43.2234,44.1962,4010900.5450989,0
EIX.US,D,20141016,000000,43.679,43.8579,42.7737,43.7073,4388571.2439317,0
EIX.US,D,20141017,000000,43.9117,44.1815,43.4522,43.986,3226630.2997783,0
EIX.US,D,20141020,000000,43.986,44.9128,43.986,44.7798,3673010.3361243,0
EIX.US,D,20141021,000000,44.9128,44.9128,44.4171,44.862,2896625.4060774,0
EIX.US,D,20141022,000000,44.8532,45.6098,44.7642,45.1621,2426178.2296252,0
EIX.US,D,20141023,000000,45.3321,45.4877,44.6674,44.8014,3718007.4698916,0
EIX.US,D,20141024,000000,44.9216,45.4671,44.6733,45.3987,2336166.5732776,0
EIX.US,D,20141027,000000,45.4789,45.8416,45.3401,45.5629,1727273.7589587,0
EIX.US,D,20141028,000000,45.6186,46.2521,45.3859,46.2297,3411991.9780738,0
EIX.US,D,20141029,000000,46.4135,47.0851,45.4309,45.9462,3457767.516942,0
EIX.US,D,20141030,000000,45.7398,47.0469,45.6499,46.828,5278329.1891975,0
EIX.US,D,20141031,000000,46.9482,47.0098,46.5161,46.8446,5120737.4453123,0
EIX.US,D,20141103,000000,46.9121,47.3911,46.8202,47.3403,2875200.3426805,0
EIX.US,D,20141104,000000,47.4126,47.5398,46.5523,46.6412,2988798.3895975,0
EIX.US,D,20141105,000000,46.9639,47.5212,46.8358,47.1751,7043940.1665326,0
EIX.US,D,20141106,000000,46.7928,47.1975,46.0879,46.4047,3244456.901749,0
EIX.US,D,20141107,000000,46.4545,46.7458,46.3724,46.695,4097468.1935951,0
EIX.US,D,20141110,000000,46.7224,47.2249,46.612,47.2171,2785106.8566247,0
EIX.US,D,20141111,000000,47.1751,47.3686,46.9482,47.3148,2096718.5263564,0
EIX.US,D,20141112,000000,46.9365,47.0685,46.3137,46.7096,4385524.1101659,0
EIX.US,D,20141113,000000,46.6754,46.8651,46.1201,46.171,2259048.2103568,0
EIX.US,D,20141114,000000,46.0664,46.5161,45.953,46.2297,2615374.6526298,0
EIX.US,D,20141117,000000,46.1035,46.9639,46.0517,46.9482,3321315.4553457,0
EIX.US,D,20141118,000000,46.9883,47.2034,46.5601,46.9365,2833457.9855641,0
EIX.US,D,20141119,000000,46.8074,46.8818,46.5161,46.8202,2471514.9566822,0
EIX.US,D,20141120,000000,46.6892,47.1603,46.5161,46.5982,2400639.1776395,0
EIX.US,D,20141121,000000,47.0851,47.0987,46.1397,46.7458,3019315.7564668,0
EIX.US,D,20141124,000000,46.8358,46.8739,46.3069,46.4946,2324223.5273394,0
EIX.US,D,20141125,000000,46.6198,46.8358,46.0068,46.7096,3024486.3711651,0
EIX.US,D,20141126,000000,46.8358,47.0098,46.5846,46.8651,1746228.5880337,0
EIX.US,D,20141128,000000,46.9961,47.6512,46.8905,47.5778,1170519.7662058,0
EIX.US,D,20141201,000000,47.2581,47.9807,47.0001,47.611,3332854.4670988,0
EIX.US,D,20141202,000000,47.5212,48.2602,47.2933,48.1009,2390284.6509153,0
EIX.US,D,20141203,000000,48.0647,48.1097,47.5534,48.0647,1823609.8288926,0
EIX.US,D,20141204,000000,48.1165,48.3942,47.833,48.2143,1481424.5830993,0
EIX.US,D,20141205,000000,47.8418,48.312,47.2748,47.6286,2043257.1321285,0
EIX.US,D,20141208,000000,47.7577,48.4098,47.5778,48.3795,2826210.9420156,0
EIX.US,D,20141209,000000,48.2808,48.7236,48.1566,48.4684,2294759.7179655,0
EIX.US,D,20141210,000000,48.4684,48.9631,48.0569,48.0774,2016463.0169905,0
EIX.US,D,20141211,000000,48.3404,48.6503,48.1009,48.2309,2617877.6188348,0
EIX.US,D,20141212,000000,48.312,48.926,47.8839,47.9083,3060723.6346502,0
EIX.US,D,20141215,000000,47.9533,48.2446,47.0851,47.3148,4198495.151562,0
EIX.US,D,20141216,000000,47.3911,48.1497,46.9961,47.2933,4863897.5167461,0
EIX.US,D,20141217,000000,47.4712,48.0862,47.353,47.8252,3743965.8991326,0
EIX.US,D,20141218,000000,47.9367,48.5378,47.7655,48.49,3599099.697772,0
EIX.US,D,20141219,000000,48.7959,48.9866,48.3492,48.5076,4180784.1340544,0
EIX.US,D,20141222,000000,48.6503,48.8575,48.4098,48.8371,2243773.6724162,0
EIX.US,D,20141223,000000,48.8575,49.0766,48.6933,48.9113,1728024.546533,0
EIX.US,D,20141224,000000,49.0023,50.0933,48.9553,49.9662,1511982.8648228,0
EIX.US,D,20141226,000000,50.0122,50.7903,50.0122,50.5577,1977943.7275129,0
EIX.US,D,20141229,000000,50.6183,51.7758,50.6183,51.4219,2749253.1698975,0
EIX.US,D,20141230,000000,51.3995,51.3995,50.369,50.4101,2486640.155405,0
EIX.US,D,20141231,000000,50.6847,50.7972,49.2828,49.32,2718648.8589631,0
EIX.US,D,20150102,000000,49.3806,49.6671,48.7911,49.3415,2523359.1912982,0
EIX.US,D,20150105,000000,49.3952,49.5703,49.0413,49.2242,3271661.1883002,0
EIX.US,D,20150106,000000,49.0316,50.2614,48.9827,49.41,2978001.9824481,0
EIX.US,D,20150107,000000,49.4568,50.7199,49.3356,50.238,3167239.3203068,0
EIX.US,D,20150108,000000,50.5185,50.7522,50.0728,50.5185,3672204.3134967,0
EIX.US,D,20150109,000000,50.5342,51.0846,50.15,50.7522,3625551.1510061,0
EIX.US,D,20150112,000000,50.369,50.8177,49.9613,50.3749,2746886.2455827,0
EIX.US,D,20150113,000000,50.6223,51.2098,49.8157,50.0884,3660424.9269753,0
EIX.US,D,20150114,000000,50.0151,50.8969,49.7491,50.8559,2496043.4117694,0
EIX.US,D,20150115,000000,50.9038,51.3897,50.6223,51.1032,3251824.6441174,0
EIX.US,D,20150116,000000,51.2176,51.3173,50.7669,51.2176,2146360.5189456,0
EIX.US,D,20150120,000000,51.5207,51.5431,50.979,51.3466,2499551.8605162,0
EIX.US,D,20150121,000000,51.1433,51.6487,50.8109,51.5637,2608351.617908,0
EIX.US,D,20150122,000000,51.8061,51.8149,51.1032,51.3554,2512296.8375965,0
EIX.US,D,20150123,000000,51.5207,51.7387,51.2929,51.5129,1626004.3804806,0
EIX.US,D,20150126,000000,51.5207,51.5783,51.1032,51.4737,2085233.7267852,0
EIX.US,D,20150127,000000,51.4073,51.8511,51.3232,51.4971,2100613.6204753,0
EIX.US,D,20150128,000000,51.5305,52.2119,50.849,50.9282,2325906.150718,0
EIX.US,D,20150129,000000,50.9468,52.0476,50.8265,52.0114,3926714.1411168,0
EIX.US,D,20150130,000000,51.8061,52.4161,51.2645,51.332,4164815.0664639,0
EIX.US,D,20150202,000000,51.241,51.5637,50.5342,51.4356,2287106.5944893,0
EIX.US,D,20150203,000000,51.1951,51.4161,50.8265,51.157,2908878.382036,0
EIX.US,D,20150204,000000,51.0074,51.4903,50.7522,50.8402,1838742.187715,0
EIX.US,D,20150205,000000,51.021,51.1951,50.6926,51.0132,1257926.1692128,0
EIX.US,D,20150206,000000,50.7669,50.9859,48.2651,48.4841,3501981.1312516,0
EIX.US,D,20150209,000000,48.6523,49.0111,48.1233,48.2896,2275544.0566951,0
EIX.US,D,20150210,000000,48.2964,49.7657,48.2065,49.7111,3352489.5056247,0
EIX.US,D,20150211,000000,49.3738,49.3738,48.5721,48.708,2630945.8232633,0
EIX.US,D,20150212,000000,48.6444,48.9065,48.2504,48.8057,2862869.6284989,0
EIX.US,D,20150213,000000,48.7715,48.7715,47.0079,47.3842,3472343.4337474,0
EIX.US,D,20150217,000000,47.398,48.2289,46.9345,47.7606,3644866.030798,0
EIX.US,D,20150218,000000,47.6942,49.32,47.5798,49.2105,2863525.2890373,0
EIX.US,D,20150219,000000,49.2906,49.2906,48.2436,48.4988,2022779.2476061,0
EIX.US,D,20150220,000000,48.5584,48.6796,47.6942,48.2739,2314733.3269099,0
EIX.US,D,20150223,000000,48.4636,49.32,48.3726,49.3132,3124083.3549781,0
EIX.US,D,20150224,000000,49.2438,49.6621,48.9593,49.4412,2031939.0605881,0
EIX.US,D,20150225,000000,49.4412,49.5908,48.6444,48.8751,2595933.9596611,0
EIX.US,D,20150226,000000,49.0316,49.0648,48.0765,48.2808,3391054.8243133,0
EIX.US,D,20150227,000000,48.3648,48.5466,47.9279,48.3942,1881960.5481963,0
EIX.US,D,20150302,000000,48.2808,48.3726,47.2249,47.9953,4124858.6427328,0
EIX.US,D,20150303,000000,47.8213,48.1067,47.5564,48.0079,2908474.3478508,0
EIX.US,D,20150304,000000,47.9865,48.0481,47.5886,47.791,1883661.5832593,0
EIX.US,D,20150305,000000,47.9953,48.4636,47.8877,48.0696,2339174.837932,0
EIX.US,D,20150306,000000,47.4986,47.4986,45.9618,46.1867,3231484.8472279,0
EIX.US,D,20150309,000000,46.5386,46.8876,46.0879,46.5386,2402632.7539099,0
EIX.US,D,20150310,000000,46.433,47.1125,46.2766,46.7518,3055440.5041028,0
EIX.US,D,20150311,000000,46.563,47.0303,46.1945,46.7,3572953.0602016,0
EIX.US,D,20150312,000000,47.0529,47.8154,46.9619,47.4898,2906879.6914088,0
EIX.US,D,20150313,000000,47.2659,47.4244,46.5718,47.3227,2848327.4664483,0
EIX.US,D,20150316,000000,47.572,48.4988,47.4527,48.3267,2614264.8372098,0
EIX.US,D,20150317,000000,48.1321,48.3326,47.8076,47.8437,2118655.0254305,0
EIX.US,D,20150318,000000,47.8731,49.7042,47.7606,49.3278,2798407.2528506,0
EIX.US,D,20150319,000000,49.1831,49.5908,48.6865,48.8145,3025037.6988253,0
EIX.US,D,20150320,000000,49.2594,49.4735,47.9953,48.3326,8741609.9827417,0
EIX.US,D,20150323,000000,48.2808,48.6298,48.1566,48.3726,3129522.9848427,0
EIX.US,D,20150324,000000,48.2651,48.531,47.4332,47.5494,3357477.0263505,0
EIX.US,D,20150325,000000,47.701,48.0481,47.0773,47.1349,2856031.7334924,0
EIX.US,D,20150326,000000,47.0675,47.4058,46.433,46.871,2497144.0213471,0
EIX.US,D,20150327,000000,47.0225,47.612,46.8563,47.1525,2112902.3969314,0
EIX.US,D,20150330,000000,47.4263,47.9767,47.2669,47.8037,1918499.558731,0
EIX.US,D,20150331,000000,47.6258,48.0891,47.1125,47.3716,3374633.6475839,0
EIX.US,D,20150401,000000,47.3422,47.9112,46.697,47.7196,2806140.1602926,0
EIX.US,D,20150402,000000,47.743,47.9112,47.5446,47.8037,1649477.2323297,0
EIX.US,D,20150406,000000,47.8946,48.9475,47.8946,48.7109,2681781.5067235,0
EIX.US,D,20150407,000000,48.6386,48.7745,48.1889,48.3267,3468208.9877315,0
EIX.US,D,20150408,000000,48.3042,48.5252,48.1224,48.311,2915599.6697082,0
EIX.US,D,20150409,000000,48.2436,48.2739,47.8418,48.0529,2026475.9046823,0
EIX.US,D,20150410,000000,48.2592,48.5252,47.9112,48.3736,1670708.9730404,0
EIX.US,D,20150413,000000,48.2055,48.2113,47.5446,47.6258,1886454.0220578,0
EIX.US,D,20150414,000000,47.704,48.0247,47.531,47.7646,2238560.097121,0
EIX.US,D,20150415,000000,47.8565,48.2211,47.307,47.3852,2624408.652435,0
EIX.US,D,20150416,000000,47.307,47.3989,46.3245,46.7742,4483044.6651287,0
EIX.US,D,20150417,000000,46.605,46.9932,46.0811,46.3099,4279304.0343308,0
EIX.US,D,20150420,000000,46.1807,47.2259,45.8934,46.7478,3889492.8753885,0
EIX.US,D,20150421,000000,46.7478,47.0763,45.778,45.8758,4909397.9032199,0
EIX.US,D,20150422,000000,45.9148,46.1123,45.3303,45.5052,6406590.0482528,0
EIX.US,D,20150423,000000,45.5052,46.0517,45.4133,45.8318,4463398.3750179,0
EIX.US,D,20150424,000000,45.8396,46.915,45.7115,46.697,3652215.361482,0
EIX.US,D,20150427,000000,46.9326,46.9404,45.9833,46.2639,2758270.8037611,0
EIX.US,D,20150428,000000,46.1221,46.9687,46.0439,46.7576,3144784.2254557,0
EIX.US,D,20150429,000000,47.0137,47.7499,46.5083,47.0225,5679010.4020269,0
EIX.US,D,20150430,000000,46.915,46.9599,45.818,46.2121,4267170.7343206,0
EIX.US,D,20150501,000000,46.2717,46.7038,45.8758,46.6666,2957401.3533631,0
EIX.US,D,20150504,000000,46.7106,47.2503,46.476,46.9521,3216400.5633592,0
EIX.US,D,20150505,000000,46.74,46.8485,45.558,45.778,2539624.8915816,0
EIX.US,D,20150506,000000,45.6792,45.7692,44.7788,45.1953,3058898.8321533,0
EIX.US,D,20150507,000000,45.3987,45.8758,45.2941,45.603,2977895.6038271,0
EIX.US,D,20150508,000000,46.2199,46.4447,45.7262,46.0068,3433725.9486198,0
EIX.US,D,20150511,000000,45.825,46.5758,45.6206,45.7027,1835284.8825359,0
EIX.US,D,20150512,000000,45.3849,45.4749,44.7241,45.1337,4189690.2749402,0
EIX.US,D,20150513,000000,45.1953,45.5473,44.4132,44.6185,2756431.6810653,0
EIX.US,D,20150514,000000,44.8082,45.3175,44.7788,45.3117,2699719.601672,0
EIX.US,D,20150515,000000,45.4231,45.9686,45.1953,45.8318,3261079.5841352,0
EIX.US,D,20150518,000000,45.6206,46.2942,45.5786,46.0811,1843503.6538714,0
EIX.US,D,20150519,000000,45.8464,46.2414,45.6626,45.9374,1845017.5034764,0
EIX.US,D,20150520,000000,46.0351,46.5142,45.868,46.1123,1655452.8467841,0
EIX.US,D,20150521,000000,46.128,46.3401,45.8836,46.128,1545162.7658284,0
EIX.US,D,20150522,000000,46.0811,46.2121,45.6626,46.0595,1212449.3087802,0
EIX.US,D,20150526,000000,45.868,46.0733,45.4309,45.8464,2303202.4981277,0
EIX.US,D,20150527,000000,45.8102,46.1955,45.736,46.0889,2143343.0484491,0
EIX.US,D,20150528,000000,46.1955,46.4447,45.9374,46.2942,2329401.3021373,0
EIX.US,D,20150529,000000,46.302,46.5142,46.0595,46.1123,3183959.1754717,0
EIX.US,D,20150601,000000,46.1877,46.4232,46.0595,46.0889,1652894.6455259,0
EIX.US,D,20150602,000000,45.7858,45.8542,44.8786,45.1494,2530801.6032755,0
EIX.US,D,20150603,000000,45.1093,45.1494,44.0496,44.4493,2787678.3552105,0
EIX.US,D,20150604,000000,44.1473,44.8082,44.1082,44.6185,2389287.3513444,0
EIX.US,D,20150605,000000,43.9811,44.2392,43.6007,43.7387,2383484.6021489,0
EIX.US,D,20150608,000000,43.7455,43.8442,43.4971,43.6175,2341286.0444082,0
EIX.US,D,20150609,000000,43.5499,43.679,43.4141,43.4199,1526220.2112096,0
EIX.US,D,20150610,000000,43.6927,44.033,43.4815,43.5411,2414943.0106645,0
EIX.US,D,20150611,000000,43.9732,44.1473,43.6859,43.8833,1560804.5145854,0
EIX.US,D,20150612,000000,43.6007,43.8833,43.3437,43.374,1431885.9005169,0
EIX.US,D,20150615,000000,43.4062,43.5861,43.1344,43.4971,2207833.041624,0
EIX.US,D,20150616,000000,43.4503,43.8374,43.2997,43.6633,1807987.5146914,0
EIX.US,D,20150617,000000,43.6321,44.0808,43.4141,43.9732,2185674.5794658,0
EIX.US,D,20150618,000000,44.0182,44.8912,44.0056,44.6332,2593032.0736277,0
EIX.US,D,20150619,000000,44.8444,45.0672,44.3849,44.4435,3037448.1969726,0
EIX.US,D,20150622,000000,44.5267,44.6713,44.1033,44.2715,3151122.9592412,0
EIX.US,D,20150623,000000,44.1316,44.3467,43.4883,43.6985,2957181.4360219,0
EIX.US,D,20150624,000000,43.7455,43.9146,41.8449,42.5185,9111816.7892988,0
EIX.US,D,20150625,000000,42.5929,42.7777,42.2448,42.4648,5951064.5191239,0
EIX.US,D,20150626,000000,42.6379,43.1052,42.5078,42.9575,5406304.715877,0
EIX.US,D,20150629,000000,42.9321,43.2958,42.5254,42.542,3459174.9879262,0
EIX.US,D,20150630,000000,42.5919,42.6613,42.2722,42.4628,3044974.4844009,0
EIX.US,D,20150701,000000,42.5919,43.0964,42.4159,43.0876,3143992.5230272,0
EIX.US,D,20150702,000000,43.2958,44.119,43.2958,43.9684,4117950.1696028,0
EIX.US,D,20150706,000000,43.8384,44.1913,43.4629,44.0074,2785744.1054787,0
EIX.US,D,20150707,000000,44.3643,45.1611,44.1678,44.945,3332342.00855,0
EIX.US,D,20150708,000000,44.7163,45.1523,44.3428,44.5031,2537703.9391774,0
EIX.US,D,20150709,000000,44.5031,44.7016,43.8384,43.9928,2532994.6394601,0
EIX.US,D,20150710,000000,43.9146,44.5735,43.6859,44.2744,2051054.4804658,0
EIX.US,D,20150713,000000,44.3897,44.641,43.8843,44.0994,3017814.181318,0
EIX.US,D,20150714,000000,44.1844,44.5481,44.1346,44.2675,2406800.9546806,0
EIX.US,D,20150715,000000,44.1972,44.4259,43.8227,44.3985,1750714.9017957,0
EIX.US,D,20150716,000000,44.4729,45.2227,44.4259,45.1816,3039410.064231,0
EIX.US,D,20150717,000000,45.2061,45.2061,44.6703,44.7241,1931420.4696844,0
EIX.US,D,20150720,000000,44.641,44.641,44.2499,44.4553,1836395.7208271,0
EIX.US,D,20150721,000000,44.4553,44.5393,44.1844,44.3037,2365846.2085073,0
EIX.US,D,20150722,000000,44.3184,44.9392,44.2959,44.6175,3188360.5909112,0
EIX.US,D,20150723,000000,44.4817,44.7016,43.6927,44.119,2256160.6445223,0
EIX.US,D,20150724,000000,44.0436,44.3115,43.8599,44.0436,2877235.8566765,0
EIX.US,D,20150727,000000,44.1913,45.0692,43.8765,45.0213,3426848.1616304,0
EIX.US,D,20150728,000000,44.9773,45.1298,44.5559,44.9852,2704333.7743533,0
EIX.US,D,20150729,000000,44.8844,45.1523,44.5735,45.1367,2248851.2058213,0
EIX.US,D,20150730,000000,44.9528,45.6558,44.8004,45.4779,1521078.2369093,0
EIX.US,D,20150731,000000,45.6108,46.7879,45.6108,45.8474,3273054.3390854,0
EIX.US,D,20150803,000000,45.8768,46.3294,45.7556,45.953,2428796.7802934,0
EIX.US,D,20150804,000000,45.8474,45.8768,45.4583,45.5864,1837048.3127515,0
EIX.US,D,20150805,000000,45.8259,46.0234,45.5678,45.736,1800397.8092391,0
EIX.US,D,20150806,000000,45.9158,46.3206,45.4505,46.2981,3196033.1489433,0
EIX.US,D,20150807,000000,46.1759,46.8094,45.778,46.61,2904462.6463975,0
EIX.US,D,20150810,000000,46.6032,46.7166,45.4368,45.4857,4281823.3664776,0
EIX.US,D,20150811,000000,45.2373,45.818,44.6244,45.077,6367706.616573,0
EIX.US,D,20150812,000000,45.077,46.7322,44.817,46.3675,6119919.0994964,0
EIX.US,D,20150813,000000,46.1905,46.434,45.818,46.2913,2800925.562126,0
EIX.US,D,20150814,000000,46.2521,46.7654,46.0234,46.7106,2333780.214407,0
EIX.US,D,20150817,000000,46.5826,47.264,46.2071,47.1711,2073308.0696599,0
EIX.US,D,20150818,000000,46.9541,47.1711,46.5582,46.781,2485349.2917553,0
EIX.US,D,20150819,000000,46.74,47.5152,46.5259,47.3197,3658392.4815933,0
EIX.US,D,20150820,000000,46.9951,47.8565,46.8319,47.1711,3372133.7499929,0
EIX.US,D,20150821,000000,46.781,48.27,46.4271,47.4722,5759054.1770223,0
EIX.US,D,20150824,000000,47.9483,47.9855,45.3195,45.5952,9392247.1999199,0
EIX.US,D,20150825,000000,46.0762,46.2287,43.8599,43.9214,5466775.8474991,0
EIX.US,D,20150826,000000,44.3575,44.9852,43.7631,44.8454,3898966.7098763,0
EIX.US,D,20150827,000000,45.5033,45.9843,45.1523,45.7428,3697398.6578358,0
EIX.US,D,20150828,000000,45.7106,45.9911,44.9695,45.5629,2006027.6834292,0
EIX.US,D,20150831,000000,45.3899,45.4201,44.2353,44.6781,2668726.5996227,0
EIX.US,D,20150901,000000,44.2108,44.4327,43.4551,43.7073,2655507.0102338,0
EIX.US,D,20150902,000000,44.1424,44.2275,43.5939,43.9606,3602896.5962409,0
EIX.US,D,20150903,000000,43.9928,44.3819,43.8168,44.0144,2512442.0853289,0
EIX.US,D,20150904,000000,43.5725,43.9146,43.3036,43.5851,3061925.5084921,0
EIX.US,D,20150908,000000,44.1756,44.5863,43.8168,44.2108,2534958.5524612,0
EIX.US,D,20150909,000000,44.4327,44.5559,43.6477,43.7709,2644904.9486417,0
EIX.US,D,20150910,000000,43.7768,44.2578,43.5725,43.7308,2819231.8907621,0
EIX.US,D,20150911,000000,43.4727,44.2578,43.3124,44.2499,2160611.1626601,0
EIX.US,D,20150914,000000,44.3262,44.6635,44.1512,44.4817,2094510.1471015,0
EIX.US,D,20150915,000000,44.5091,45.3146,44.2353,45.1983,3743337.8561208,0
EIX.US,D,20150916,000000,45.2501,45.7556,45.1983,45.6196,3352368.8068048,0
EIX.US,D,20150917,000000,45.6704,47.2455,45.4945,46.6832,5614816.0186735,0
EIX.US,D,20150918,000000,45.7936,47.4898,45.7476,46.8241,5127639.7812143,0
EIX.US,D,20150921,000000,46.9619,47.4126,46.7322,47.0695,3618470.8354885,0
EIX.US,D,20150922,000000,46.7166,46.9991,46.2913,46.4897,2812318.3032753,0
EIX.US,D,20150923,000000,46.475,46.7654,46.1251,46.6656,2842437.7731875,0
EIX.US,D,20150924,000000,46.4584,47.3197,46.4213,47.221,2663344.250554,0
EIX.US,D,20150925,000000,47.2709,48.1683,47.0391,47.6208,3205117.2694449,0
EIX.US,D,20150928,000000,47.528,47.9709,47.3168,47.4009,2187159.7886729,0
EIX.US,D,20150929,000000,47.3667,47.7871,47.1497,47.528,2154982.3015949,0
EIX.US,D,20150930,000000,47.7636,48.5711,47.6189,48.5114,3333940.7564775,0
EIX.US,D,20151001,000000,48.5183,48.6562,47.2024,47.8252,3365798.0848215,0
EIX.US,D,20151002,000000,48.2338,48.5614,47.7176,48.5486,2106095.1880654,0
EIX.US,D,20151005,000000,48.708,49.103,48.2407,48.9807,2497161.4101601,0
EIX.US,D,20151006,000000,48.9191,49.0306,48.0353,48.486,3208093.8250873,0
EIX.US,D,20151007,000000,48.6503,48.7657,48.1928,48.4108,2793979.2427558,0
EIX.US,D,20151008,000000,48.2563,49.1548,48.2563,49.0111,2044337.2842791,0
EIX.US,D,20151009,000000,48.926,49.1704,48.3883,48.5614,2182541.5245062,0
EIX.US,D,20151012,000000,48.5946,49.2956,48.5946,48.9113,1916746.357229,0
EIX.US,D,20151013,000000,48.7725,48.9553,48.5711,48.8869,2059811.2821339,0
EIX.US,D,20151014,000000,48.8791,49.6025,48.8331,49.0873,2277303.3954252,0
EIX.US,D,20151015,000000,49.3044,49.6651,48.9807,49.5566,1438213.3827174,0
EIX.US,D,20151016,000000,49.7325,49.9339,49.1548,49.4412,3349546.704737,0
EIX.US,D,20151019,000000,49.364,49.9779,49.0404,49.9779,2750724.0589057,0
EIX.US,D,20151020,000000,49.7325,50.5635,49.626,50.3396,4176084.0401793,0
EIX.US,D,20151021,000000,50.5547,50.8559,49.9643,50.0102,1550803.90135,0
EIX.US,D,20151022,000000,49.9936,50.9878,49.9643,50.8334,2053958.412242,0
EIX.US,D,20151023,000000,50.6193,50.8031,49.3874,49.6485,2997729.0793959,0
EIX.US,D,20151026,000000,49.8097,50.0708,49.2466,50.0327,2087633.3829834,0
EIX.US,D,20151027,000000,49.9779,50.2174,49.3728,49.5155,2552953.9282055,0
EIX.US,D,20151028,000000,47.2317,48.1175,46.4477,47.0949,7722431.1935721,0
EIX.US,D,20151029,000000,46.7576,47.0949,46.0273,46.6393,4568945.4015015,0
EIX.US,D,20151030,000000,46.609,46.8583,46.2493,46.5494,4084903.2418732,0
EIX.US,D,20151102,000000,46.4975,46.9414,46.1573,46.8329,3379599.6880113,0
EIX.US,D,20151103,000000,46.5181,46.8876,46.2493,46.6246,3350418.1911313,0
EIX.US,D,20151104,000000,46.6314,47.0333,46.5806,46.7742,3114788.5229774,0
EIX.US,D,20151105,000000,46.74,46.9551,46.1867,46.2873,2995258.8450741,0
EIX.US,D,20151106,000000,45.5365,45.7868,44.2333,45.428,6360405.3608426,0
EIX.US,D,20151109,000000,45.2413,46.2257,45.1337,45.5678,4528918.399647,0
EIX.US,D,20151110,000000,45.5766,46.6168,45.5766,46.1867,4205689.0058001,0
EIX.US,D,20151111,000000,46.1573,46.7957,45.9941,46.74,2707796.1938892,0
EIX.US,D,20151112,000000,46.4477,46.871,45.9726,46.1867,3291560.1276357,0
EIX.US,D,20151113,000000,46.3187,46.8505,45.7486,45.9178,2971466.8573624,0
EIX.US,D,20151116,000000,45.8347,46.347,45.7027,46.3421,2666322.851939,0
EIX.US,D,20151117,000000,46.1798,46.7879,45.2706,45.4183,2148218.0533258,0
EIX.US,D,20151118,000000,45.3635,45.7614,44.9734,45.6108,3374899.5941362,0
EIX.US,D,20151119,000000,45.7702,46.5962,45.6861,46.3793,2837249.7696762,0
EIX.US,D,20151120,000000,46.5806,47.0411,46.4565,46.5962,1945395.9610045,0
EIX.US,D,20151123,000000,46.7106,46.781,46.2111,46.2257,1681731.4347593,0
EIX.US,D,20151124,000000,46.0019,46.0713,45.5023,45.9178,2697789.4434255,0
EIX.US,D,20151125,000000,45.9559,45.9559,45.3635,45.5179,2671654.05744,0
EIX.US,D,20151127,000000,45.5864,46.0645,45.5864,45.7115,959504.47433287,0
EIX.US,D,20151130,000000,45.82,46.0195,45.6196,45.6558,3124232.6941959,0
EIX.US,D,20151201,000000,45.7614,45.9041,45.3049,45.6108,3023338.7095051,0
EIX.US,D,20151202,000000,45.5111,45.6558,45.0565,45.1279,3015343.9469962,0
EIX.US,D,20151203,000000,44.856,45.167,44.4963,45.1015,3974754.3171645,0
EIX.US,D,20151204,000000,45.2873,46.4125,45.2803,46.3108,3532090.3724503,0
EIX.US,D,20151207,000000,46.2493,46.3353,45.7486,46.1798,3559386.7174234,0
EIX.US,D,20151208,000000,46.0117,46.3421,45.6509,45.8777,2559535.082502,0
EIX.US,D,20151209,000000,45.6284,46.1651,45.3479,45.6861,2596246.9582957,0
EIX.US,D,20151210,000000,45.6196,45.8112,45.2803,45.3947,4021066.8634939,0
EIX.US,D,20151211,000000,45.2266,45.9354,44.9871,45.5571,3454468.7568229,0
EIX.US,D,20151214,000000,45.6108,45.9726,45.2345,45.6196,2698776.5142828,0
EIX.US,D,20151215,000000,45.8484,46.4565,45.6783,45.864,2900742.4632803,0
EIX.US,D,20151216,000000,46.0645,46.9111,45.91,46.8036,2519535.6981742,0
EIX.US,D,20151217,000000,46.8036,47.1877,46.389,46.8407,1815251.947053,0
EIX.US,D,20151218,000000,46.7166,46.7166,45.7027,45.8865,3739459.1279435,0
EIX.US,D,20151221,000000,46.128,46.1945,45.0868,45.3253,3594102.9712039,0
EIX.US,D,20151222,000000,45.5453,46.1329,45.0252,45.7868,2573896.1963229,0
EIX.US,D,20151223,000000,46.0273,46.524,45.9853,46.4242,1594618.5958311,0
EIX.US,D,20151224,000000,46.4242,46.6168,46.2414,46.4242,572044.8966351,0
EIX.US,D,20151228,000000,46.3353,46.5494,46.0791,46.4799,2014021.4230667,0
EIX.US,D,20151229,000000,46.6578,47.1721,46.6412,46.8358,1844287.1733292,0
EIX.US,D,20151230,000000,46.9218,47.1779,46.7078,46.7508,2271638.7338625,0
EIX.US,D,20151231,000000,46.5816,46.6764,45.5453,45.907,2961700.4816672,0
EIX.US,D,20160104,000000,45.4095,45.7966,45.1543,45.7046,3866813.7717107,0
EIX.US,D,20160105,000000,45.8054,45.907,44.9754,45.7213,3269117.3072409,0
EIX.US,D,20160106,000000,45.4769,45.5629,44.9676,45.4173,4322919.2688978,0
EIX.US,D,20160107,000000,44.992,45.4573,44.943,45.1924,3818778.7100198,0
EIX.US,D,20160108,000000,45.2247,45.5111,45.1073,45.1846,3044494.7577356,0
EIX.US,D,20160111,000000,45.3233,46.0224,45.1748,45.8992,5670288.3779849,0
EIX.US,D,20160112,000000,45.9608,46.1857,45.2315,46.0547,2865633.4268994,0
EIX.US,D,20160113,000000,46.4399,46.6764,45.9305,46.0371,2329808.4049364,0
EIX.US,D,20160114,000000,46.0909,46.5611,45.6558,46.1691,2721156.939525,0
EIX.US,D,20160115,000000,45.5111,46.1153,45.4271,45.8356,3854396.1134639,0
EIX.US,D,20160119,000000,46.0909,46.7596,45.8054,46.61,4210715.3956373,0
EIX.US,D,20160120,000000,46.3411,46.6578,45.1543,45.7506,3993034.0511454,0
EIX.US,D,20160121,000000,45.7644,46.128,45.3401,45.5267,2638495.6367328,0
EIX.US,D,20160122,000000,45.6118,46.4242,45.3175,46.3099,2608454.9279148,0
EIX.US,D,20160125,000000,46.3636,46.524,45.907,46.4565,2740708.1025999,0
EIX.US,D,20160126,000000,46.7508,47.5338,46.697,47.0617,3628622.8336844,0
EIX.US,D,20160127,000000,47.2141,47.4282,46.5582,46.9052,1809044.1408008,0
EIX.US,D,20160128,000000,46.7762,48.1566,46.524,47.7274,2442077.7419635,0
EIX.US,D,20160129,000000,48.1243,48.3316,47.6668,47.9161,6153920.3662,0
EIX.US,D,20160201,000000,47.9229,48.4332,47.6746,48.2475,4574429.0148343,0
EIX.US,D,20160202,000000,48.0765,48.6982,47.8213,48.6288,4662482.8954089,0
EIX.US,D,20160203,000000,48.7755,49.9906,48.6659,49.6739,5076652.7127935,0
EIX.US,D,20160204,000000,49.5351,49.8606,48.752,48.9015,3232584.4339343,0
EIX.US,D,20160205,000000,48.9945,49.3728,48.2006,49.0687,3223033.8840949,0
EIX.US,D,20160208,000000,49.1088,49.8528,48.5711,48.7667,2814126.7398305,0
EIX.US,D,20160209,000000,48.8459,49.4246,48.6288,49.1528,3530921.2304918,0
EIX.US,D,20160210,000000,49.0013,49.5165,48.2944,49.2398,1925490.8844409,0
EIX.US,D,20160211,000000,48.9945,49.316,48.316,48.3384,2795264.9920487,0
EIX.US,D,20160212,000000,48.2094,48.5711,47.6893,47.8829,4304527.0190679,0
EIX.US,D,20160216,000000,48.0149,48.4332,47.6824,48.3638,2708780.1961324,0
EIX.US,D,20160217,000000,48.3883,48.621,47.8907,48.4812,2413157.0772791,0
EIX.US,D,20160218,000000,48.4402,49.6279,48.355,49.3874,2242610.6676859,0
EIX.US,D,20160219,000000,49.3318,49.3484,48.7099,48.7607,3454550.5865313,0
EIX.US,D,20160222,000000,49.0277,49.8127,48.8301,49.8039,2721768.6165951,0
EIX.US,D,20160223,000000,49.5888,50.6203,49.3112,50.3798,4046435.0959633,0
EIX.US,D,20160224,000000,51.7514,53.0076,51.5959,52.5882,8747063.9328054,0
EIX.US,D,20160225,000000,52.5882,53.6792,52.4953,53.3341,5177284.8424176,0
EIX.US,D,20160226,000000,53.2071,53.3263,51.9938,52.1493,3832254.0172474,0
EIX.US,D,20160229,000000,52.0994,53.3429,51.9596,52.8454,3590903.4296063,0
EIX.US,D,20160301,000000,53.3019,53.4026,51.5647,51.853,4645034.7558394,0
EIX.US,D,20160302,000000,51.7582,52.0164,50.8588,51.9234,3677913.9813989,0
EIX.US,D,20160303,000000,52.0232,52.3027,51.4639,52.2705,3069342.3486854,0
EIX.US,D,20160304,000000,51.7983,52.6674,51.5959,52.4953,2643291.8805152,0
EIX.US,D,20160307,000000,52.5961,53.2843,52.2519,53.1543,2639314.9566879,0
EIX.US,D,20160308,000000,53.2775,53.776,52.9362,53.5747,3584388.7619479,0
EIX.US,D,20160309,000000,53.5492,54.2619,53.3772,54.0762,3167323.1957579,0
EIX.US,D,20160310,000000,53.9305,54.1955,53.5747,54.0831,2449279.7791724,0
EIX.US,D,20160311,000000,54.2707,54.8759,54.2327,54.5826,3858407.8149173,0
EIX.US,D,20160314,000000,54.4575,54.6334,54.1251,54.3783,2140208.9706181,0
EIX.US,D,20160315,000000,54.4106,54.8153,54.1475,54.2952,2658565.3955845,0
EIX.US,D,20160316,000000,54.2952,54.9933,53.6324,54.7987,2234002.1823641,0
EIX.US,D,20160317,000000,54.8085,55.4518,54.6598,55.2396,1965441.1709437,0
EIX.US,D,20160318,000000,55.4518,55.5436,54.7302,55.3804,5191897.5825916,0
EIX.US,D,20160321,000000,55.1643,55.66,54.6892,55.3403,1500066.4135398,0
EIX.US,D,20160322,000000,55.4352,55.704,54.9297,55.0157,2681922.6629705,0
EIX.US,D,20160323,000000,55.0881,55.6981,54.8153,55.5046,2298480.9239542,0
EIX.US,D,20160324,000000,55.3736,55.7685,54.915,55.307,2744285.0837275,0
EIX.US,D,20160328,000000,55.3736,55.5662,54.8378,55.2953,1931872.5788232,0
EIX.US,D,20160329,000000,55.4898,56.3404,55.3168,56.2866,2406767.1999258,0
EIX.US,D,20160330,000000,56.2544,56.4636,55.8575,55.8877,2229183.4354119,0
EIX.US,D,20160331,000000,56.0677,56.2554,55.6834,56.1156,2263855.7057242,0
EIX.US,D,20160401,000000,55.6913,56.5203,55.4176,56.1527,3156962.5318056,0
EIX.US,D,20160404,000000,56.2016,56.4978,55.4449,56.0677,2712039.0642687,0
EIX.US,D,20160405,000000,55.9905,56.0999,54.9131,54.9835,3217746.6620621,0
EIX.US,D,20160406,000000,54.9209,55.1291,54.5924,54.9209,1863908.9145275,0
EIX.US,D,20160407,000000,54.873,55.2719,54.654,54.7948,2516871.1182949,0
EIX.US,D,20160408,000000,54.9365,55.6238,54.8388,55.1799,1258138.9264547,0
EIX.US,D,20160411,000000,55.223,55.615,54.9757,55.0763,1614661.7600276,0
EIX.US,D,20160412,000000,55.0607,55.4674,54.7273,55.4106,2332210.1068774,0
EIX.US,D,20160413,000000,55.481,55.5056,54.3969,54.694,2684090.1273712,0
EIX.US,D,20160414,000000,54.5992,55.0363,54.3802,54.6706,2029051.4947536,0
EIX.US,D,20160415,000000,54.7273,55.5681,54.7273,55.4674,2022208.4853902,0
EIX.US,D,20160418,000000,54.742,55.481,54.522,55.4674,1781156.5761847,0
EIX.US,D,20160419,000000,55.5828,55.7939,55.2015,55.7499,1925187.0916485,0
EIX.US,D,20160420,000000,55.7235,55.8086,54.1857,54.2541,1616500.8827235,0
EIX.US,D,20160421,000000,54.1329,54.1563,52.8522,53.0771,1962330.6191539,0
EIX.US,D,20160422,000000,53.3293,53.733,53.3147,53.5874,1479544.5455492,0
EIX.US,D,20160425,000000,53.561,53.6636,53.2433,53.6392,1822660.6042755,0
EIX.US,D,20160426,000000,53.7252,54.0693,53.5874,53.7252,1661755.7800722,0
EIX.US,D,20160427,000000,53.9442,54.9209,53.733,54.6236,1904389.0483921,0
EIX.US,D,20160428,000000,54.0693,54.8133,53.869,54.7273,1619934.6618615,0
EIX.US,D,20160429,000000,54.3265,55.2015,54.0693,55.1937,2696719.5199884,0
EIX.US,D,20160502,000000,55.2484,55.9601,54.9405,55.7636,2959223.087246,0
EIX.US,D,20160503,000000,55.6238,56.1527,55.0607,55.9425,3132599.7818778,0
EIX.US,D,20160504,000000,55.7939,57.0971,55.6189,56.7951,2984912.5013207,0
EIX.US,D,20160505,000000,56.7951,57.1754,56.1068,56.4352,2013910.9529604,0
EIX.US,D,20160506,000000,56.3952,56.3952,55.5602,56.1938,2107091.464765,0
EIX.US,D,20160509,000000,56.3023,56.7168,56.0813,56.6601,1183679.0061849,0
EIX.US,D,20160510,000000,56.6914,56.6914,55.2885,55.6707,4147688.1084997,0
EIX.US,D,20160511,000000,55.8877,56.2162,55.5524,56.1762,2844406.8005455,0
EIX.US,D,20160512,000000,56.1664,56.4352,55.8877,56.1527,2390097.4654574,0
EIX.US,D,20160513,000000,56.0999,56.1938,55.5212,55.7411,2034979.0342544,0
EIX.US,D,20160516,000000,55.5984,55.8575,55.2885,55.7411,2025891.8451387,0
EIX.US,D,20160517,000000,55.6072,55.7939,54.4946,54.7273,1941453.8148033,0
EIX.US,D,20160518,000000,54.4731,55.0137,53.7252,53.8514,2793553.7282722,0
EIX.US,D,20160519,000000,53.7038,54.3118,53.4427,54.3118,2115654.9437471,0
EIX.US,D,20160520,000000,54.5064,54.7028,53.9677,54.6774,1891670.6659671,0
EIX.US,D,20160523,000000,54.7176,54.7625,53.9833,54.0322,1663771.8595124,0
EIX.US,D,20160524,000000,54.1329,54.654,54.1329,54.57,1414299.6733145,0
EIX.US,D,20160525,000000,54.4663,54.6472,54.0146,54.4604,1552452.7699739,0
EIX.US,D,20160526,000000,54.5298,55.3676,54.4898,55.2953,1495602.6029476,0
EIX.US,D,20160527,000000,55.3872,55.5524,55.0031,55.2484,1483337.3525327,0
EIX.US,D,20160531,000000,55.2572,55.9659,55.2093,55.9123,2783706.5457399,0
EIX.US,D,20160601,000000,55.8174,56.0813,55.6033,55.8673,2302733.0001759,0
EIX.US,D,20160602,000000,55.6707,56.0383,55.2015,56.0109,1963860.8347006,0
EIX.US,D,20160603,000000,56.536,56.9808,56.4978,56.6141,1783011.0419508,0
EIX.US,D,20160606,000000,56.6455,56.8713,56.317,56.622,1716557.1357748,0
EIX.US,D,20160607,000000,56.6141,56.9025,56.3648,56.5438,1533367.0133654,0
EIX.US,D,20160608,000000,56.489,56.9329,56.4636,56.9025,983090.86490229,0
EIX.US,D,20160609,000000,56.8479,57.5644,56.8479,57.4979,1722804.8340097,0
EIX.US,D,20160610,000000,57.5048,57.847,57.3552,57.7325,1653291.5196116,0
EIX.US,D,20160613,000000,57.8245,58.1198,57.5116,57.6681,1986663.7058123,0
EIX.US,D,20160614,000000,57.6603,57.847,57.105,57.8245,1447577.7699703,0
EIX.US,D,20160615,000000,57.8245,57.9887,57.1382,57.3376,1451124.0649573,0
EIX.US,D,20160616,000000,57.4715,57.8792,57.4412,57.6993,1182771.7192932,0
EIX.US,D,20160617,000000,57.6455,57.8792,57.1528,57.8538,1950878.551466,0
EIX.US,D,20160620,000000,57.7853,57.9564,57.1675,57.7061,1225340.5564642,0
EIX.US,D,20160621,000000,57.7061,58.198,57.4461,57.8538,1474628.6258183,0
EIX.US,D,20160622,000000,58.0601,58.0601,57.5595,57.6358,1450697.5276023,0
EIX.US,D,20160623,000000,57.7131,57.7531,57.2868,57.7531,1373466.6488325,0
EIX.US,D,20160624,000000,57.2378,58.8324,57.146,58.2224,2645529.9230395,0
EIX.US,D,20160627,000000,58.0864,59.7886,58.0864,59.6742,3083791.4294428,0
EIX.US,D,20160628,000000,59.5579,59.8316,58.6457,59.728,3275099.0589236,0
EIX.US,D,20160629,000000,59.8442,60.162,59.4923,59.7758,2727309.5107239,0
EIX.US,D,20160630,000000,59.6263,61.0409,59.4718,61.0096,4179275.3988061,0
EIX.US,D,20160701,000000,61.2697,61.2873,60.1288,60.994,2045618.9420866,0
EIX.US,D,20160705,000000,61.0967,61.8103,60.9402,61.7018,2641138.7363134,0
EIX.US,D,20160706,000000,61.5424,61.8328,60.9314,61.5826,3146975.2158976,0
EIX.US,D,20160707,000000,61.2775,61.2775,60.3027,60.5159,1805845.6220746,0
EIX.US,D,20160708,000000,60.2705,61.4349,59.728,61.4017,2993472.9116887,0
EIX.US,D,20160711,000000,61.0781,61.3244,60.3977,61.2619,2182526.1814358,0
EIX.US,D,20160712,000000,60.8972,61.0341,60.0818,60.1444,3017355.9349511,0
EIX.US,D,20160713,000000,60.4211,60.8298,58.4805,60.8034,2546478.1296585,0
EIX.US,D,20160714,000000,60.3409,60.6508,60.0036,60.5668,2553193.2801025,0
EIX.US,D,20160715,000000,60.7428,60.9686,60.3361,60.6244,1963413.8399186,0
EIX.US,D,20160718,000000,60.7262,60.9686,60.6244,60.6548,1777198.0640417,0
EIX.US,D,20160719,000000,60.6948,60.8072,60.3389,60.5668,1390458.5877778,0
EIX.US,D,20160720,000000,60.5306,60.5756,60.034,60.0985,1110211.2711292,0
EIX.US,D,20160721,000000,59.9098,60.3801,59.6898,60.2773,2355892.6473542,0
EIX.US,D,20160722,000000,60.3027,61.0018,60.0682,60.9842,1756681.310408,0
EIX.US,D,20160725,000000,60.9686,61.1671,60.4983,60.7818,1284398.0798741,0
EIX.US,D,20160726,000000,60.6332,60.8298,60.2079,60.3713,1560276.7129664,0
EIX.US,D,20160727,000000,60.1708,60.2393,59.2401,59.7133,2385467.9497057,0
EIX.US,D,20160728,000000,59.767,60.2773,59.7446,60.0496,1573934.0912951,0
EIX.US,D,20160729,000000,59.99,60.9764,59.6664,60.7818,2055390.4321386,0
EIX.US,D,20160801,000000,60.5159,60.7956,60.3263,60.5237,1962908.5414694,0
EIX.US,D,20160802,000000,60.1708,60.3487,59.8169,60.1356,1574589.7518336,0
EIX.US,D,20160803,000000,60.1356,60.1532,59.4551,59.681,1596667.4071548,0
EIX.US,D,20160804,000000,59.7514,60.3713,59.6351,59.8794,1710994.7613477,0
EIX.US,D,20160805,000000,59.463,59.6595,58.8266,58.9038,1570527.9296838,0
EIX.US,D,20160808,000000,59.0308,59.1717,58.6066,58.8706,1611341.5196101,0
EIX.US,D,20160809,000000,58.8862,59.3848,58.7474,59.1462,1136727.1652586,0
EIX.US,D,20160810,000000,59.1717,59.3681,58.94,58.9976,1442041.9901983,0
EIX.US,D,20160811,000000,59.1169,59.3398,58.9038,59.3075,1257704.2061288,0
EIX.US,D,20160812,000000,59.5227,59.8882,59.3505,59.5725,1521289.9712797,0
EIX.US,D,20160815,000000,59.5579,59.681,58.5265,58.5675,1706387.7487658,0
EIX.US,D,20160816,000000,58.3759,58.3759,57.6015,57.6015,2112785.7895969,0
EIX.US,D,20160817,000000,57.6543,58.4639,57.059,58.3162,3107322.584959,0
EIX.US,D,20160818,000000,58.3319,58.9596,58.1872,58.9596,2692108.4159211,0
EIX.US,D,20160819,000000,58.7395,58.8588,57.9359,58.2888,2133533.7121569,0
EIX.US,D,20160822,000000,58.4551,58.6603,58.3162,58.4247,1105293.3056555,0
EIX.US,D,20160823,000000,58.4003,58.7317,58.0816,58.1012,1357652.0348165,0
EIX.US,D,20160824,000000,58.0092,58.1872,57.5937,58.1188,1246683.7901527,0
EIX.US,D,20160825,000000,58.1598,58.3064,57.8029,57.8509,1956393.8738109,0
EIX.US,D,20160826,000000,57.9095,58.28,56.3678,56.4763,2526217.0938635,0
EIX.US,D,20160829,000000,56.5878,57.2222,56.5878,57.191,2317045.0161717,0
EIX.US,D,20160830,000000,57.0668,57.3347,56.4929,56.5242,1278647.4971176,0
EIX.US,D,20160831,000000,56.5702,57.1382,56.3522,57.1226,2195561.653981,0
EIX.US,D,20160901,000000,57.0746,57.1528,56.752,57.104,1921927.2006409,0
EIX.US,D,20160902,000000,57.3836,58.0298,57.146,57.8919,2328229.0915647,0
EIX.US,D,20160906,000000,58.0934,58.5195,57.7903,58.2116,2027348.4139479,0
EIX.US,D,20160907,000000,58.1276,58.1598,57.7501,57.9447,1472122.5909991,0
EIX.US,D,20160908,000000,57.8029,58.1354,57.5937,58.0092,1596338.0425785,0
EIX.US,D,20160909,000000,57.4725,57.5527,56.0119,56.0823,3811970.4782825,0
EIX.US,D,20160912,000000,56.0677,57.0962,56.0677,56.9641,2145882.8380229,0
EIX.US,D,20160913,000000,56.8215,56.9729,56.0452,56.2642,2723376.5703648,0
EIX.US,D,20160914,000000,56.4675,56.8312,56.1537,56.4236,2051994.4992408,0
EIX.US,D,20160915,000000,56.2818,56.8067,56.1312,56.7139,1585607.0991957,0
EIX.US,D,20160916,000000,56.532,57.451,56.3522,57.4041,2655803.6429267,0
EIX.US,D,20160919,000000,57.5058,57.7805,57.323,57.7501,1756840.8783393,0
EIX.US,D,20160920,000000,57.8665,58.1794,57.5937,57.6221,1246507.8562797,0
EIX.US,D,20160921,000000,57.5673,58.9732,57.5673,58.9116,1975072.5276201,0
EIX.US,D,20160922,000000,59.1971,59.376,58.7835,59.3125,1294527.5749002,0
EIX.US,D,20160923,000000,59.022,59.6664,58.8647,59.3985,1781357.0589703,0
EIX.US,D,20160926,000000,59.4141,59.5579,59.1336,59.3427,1992465.4321365,0
EIX.US,D,20160927,000000,59.6087,59.9313,58.2302,58.3162,2253140.1054117,0
EIX.US,D,20160928,000000,58.4649,58.6477,57.6993,58.2693,1631197.4983487,0
EIX.US,D,20160929,000000,58.0708,58.0914,57.1226,57.4618,1658422.242327,0
EIX.US,D,20160930,000000,57.7385,58.1344,56.8527,57.1226,2193719.4626709,0
EIX.US,D,20161003,000000,56.972,57.0336,56.0755,56.4421,2159948.3420223,0
EIX.US,D,20161004,000000,56.3766,56.3766,54.9238,55.2572,2861750.6072368,0
EIX.US,D,20161005,000000,55.35,55.7382,54.7967,55.1526,3421939.4019989,0
EIX.US,D,20161006,000000,54.9619,55.438,54.7176,55.1995,2031733.4634457,0
EIX.US,D,20161007,000000,55.525,56.0686,55.1927,55.2572,1939098.1420732,0
EIX.US,D,20161010,000000,55.4048,55.6356,55.0646,55.5495,1409743.8043004,0
EIX.US,D,20161011,000000,55.484,55.5319,54.7332,54.8759,1796252.1116382,0
EIX.US,D,20161012,000000,54.9873,55.5162,54.9873,55.3882,1430074.3953476,0
EIX.US,D,20161013,000000,55.4546,56.5125,55.3344,56.142,1937315.2773019,0
EIX.US,D,20161014,000000,55.8877,56.4626,55.572,56.0129,2264161.5442593,0
EIX.US,D,20161017,000000,56.2045,56.4499,56.0843,56.3062,1029453.5319281,0
EIX.US,D,20161018,000000,56.6141,57.0257,56.1185,56.9788,2384465.5357781,0
EIX.US,D,20161019,000000,56.9788,57.1851,56.5242,56.9397,3450501.0388378,0
EIX.US,D,20161020,000000,56.9475,57.2466,56.6357,56.7266,1908235.0446861,0
EIX.US,D,20161021,000000,56.4342,56.6455,55.7294,56.0549,2055479.4219465,0
EIX.US,D,20161024,000000,56.3062,56.5066,55.8799,56.3374,1507599.8610676,0
EIX.US,D,20161025,000000,56.2133,56.6757,56.1097,56.6229,1448777.5980694,0
EIX.US,D,20161026,000000,56.6533,56.884,56.1801,56.7325,1334195.5489092,0
EIX.US,D,20161027,000000,56.4978,56.7021,56.0393,56.4548,1089848.97107,0
EIX.US,D,20161028,000000,56.536,56.9553,56.4421,56.8293,1045114.7152409,0
EIX.US,D,20161031,000000,56.9006,58.3553,56.5125,58.0914,2418640.6906119,0
EIX.US,D,20161101,000000,58.021,58.063,57.0805,57.318,2366734.0608433,0
EIX.US,D,20161102,000000,57.1528,57.1851,55.4048,55.8937,2475513.360808,0
EIX.US,D,20161103,000000,55.6356,56.3972,55.3168,56.1703,1555739.2556367,0
EIX.US,D,20161104,000000,56.488,57.0101,55.572,55.5866,1861080.6752316,0
EIX.US,D,20161107,000000,55.9425,56.5839,55.2386,56.5839,1729224.3746322,0
EIX.US,D,20161108,000000,56.7187,57.4207,56.6005,57.1294,1723810.3165514,0
EIX.US,D,20161109,000000,56.0227,56.142,55.1526,55.4762,2788439.3714984,0
EIX.US,D,20161110,000000,55.2288,55.2288,53.4525,54.3617,4666273.6566497,0
EIX.US,D,20161111,000000,54.393,55.0646,54.0361,54.435,1912909.5667773,0
EIX.US,D,20161114,000000,54.2493,54.3304,53.3175,54.0322,3126468.6909774,0
EIX.US,D,20161115,000000,54.3617,55.1858,54.3069,54.9013,1768763.4668504,0
EIX.US,D,20161116,000000,55.0031,55.1271,54.1877,54.4252,1299569.3078078,0
EIX.US,D,20161117,000000,54.2659,54.9385,54.2659,54.3069,1987385.8529888,0
EIX.US,D,20161118,000000,54.2845,54.5836,53.8875,54.1193,1242301.8092689,0
EIX.US,D,20161121,000000,54.393,54.8583,54.1789,54.7723,1810005.6398743,0
EIX.US,D,20161122,000000,54.7967,55.2806,54.5514,55.1271,1962946.3877095,0
EIX.US,D,20161123,000000,54.5514,55.1125,54.2131,54.5436,1256000.1024518,0
EIX.US,D,20161125,000000,54.7557,55.3168,54.7176,55.1526,1028308.9388822,0
EIX.US,D,20161128,000000,55.307,56.4088,55.307,56.3472,2367573.8382255,0
EIX.US,D,20161129,000000,56.1478,56.7187,56.0129,56.2504,1932199.8976568,0
EIX.US,D,20161130,000000,55.5084,55.6512,54.3548,54.3685,2879819.6297186,0
EIX.US,D,20161201,000000,54.0693,54.2346,53.5463,54.2053,1980320.8805414,0
EIX.US,D,20161202,000000,54.5514,55.2288,54.5132,54.8671,1815705.0790631,0
EIX.US,D,20161205,000000,54.654,55.1438,53.7702,55.1359,3421888.2584311,0
EIX.US,D,20161206,000000,55.2572,55.3344,54.4086,54.435,2369929.5109555,0
EIX.US,D,20161207,000000,54.5972,55.2719,54.5972,55.0323,2828878.5905089,0
EIX.US,D,20161208,000000,54.6227,55.1614,54.3617,54.9013,2058903.9952422,0
EIX.US,D,20161209,000000,55.0187,55.6033,54.7332,55.3168,4183669.6541461,0
EIX.US,D,20161212,000000,55.0725,55.7548,54.916,55.6971,3412754.0172331,0
EIX.US,D,20161213,000000,55.9123,56.3306,55.8115,56.2671,3456348.794373,0
EIX.US,D,20161214,000000,56.6229,56.7989,54.9707,55.0187,2764178.9087062,0
EIX.US,D,20161215,000000,54.7498,55.6815,54.4018,55.4918,1838943.6933719,0
EIX.US,D,20161216,000000,55.5798,56.7491,55.525,56.7021,4426210.8640442,0
EIX.US,D,20161219,000000,56.7491,56.9397,56.226,56.6141,1917853.1040349,0
EIX.US,D,20161220,000000,56.6073,57.1528,56.3678,57.0101,2020418.4605194,0
EIX.US,D,20161221,000000,56.8928,57.3044,56.6933,56.7187,2066001.6995729,0
EIX.US,D,20161222,000000,56.6933,57.1684,56.6533,57.0257,1483546.0182891,0
EIX.US,D,20161223,000000,57.0512,57.2232,56.7569,56.8439,1001503.5721593,0
EIX.US,D,20161227,000000,56.6005,56.9866,56.5203,56.8752,1064405.0461203,0
EIX.US,D,20161228,000000,56.9583,57.1088,56.5927,56.6807,2216974.4429214,0
EIX.US,D,20161229,000000,56.8615,57.7061,56.7335,57.5791,1914134.9666603,0
EIX.US,D,20161230,000000,57.6339,57.8489,57.1802,57.3474,2461183.9559992,0
EIX.US,D,20170103,000000,57.1636,57.322,56.6141,57.1558,2475127.7383072,0
EIX.US,D,20170104,000000,57.3092,57.8343,57.1802,57.6437,2247938.8045728,0
EIX.US,D,20170105,000000,57.7395,57.9359,57.1421,57.4364,2849898.5968492,0
EIX.US,D,20170106,000000,57.2134,57.4051,57.0042,57.1088,2593760.3580324,0
EIX.US,D,20170109,000000,57.2858,57.4188,56.5056,56.5751,1572029.5048326,0
EIX.US,D,20170110,000000,56.6229,56.8215,56.2172,56.6455,1579439.1849265,0
EIX.US,D,20170111,000000,56.6141,57.6035,56.6141,57.4598,1889884.7325816,0
EIX.US,D,20170112,000000,57.4051,57.7463,57.2202,57.6593,1477245.1307437,0
EIX.US,D,20170113,000000,57.5468,57.7463,57.0453,57.4364,1229508.7572348,0
EIX.US,D,20170117,000000,57.6671,58.065,57.5879,57.7609,2101688.6582691,0
EIX.US,D,20170118,000000,57.8411,58.112,57.5009,57.5957,1473297.8701857,0
EIX.US,D,20170119,000000,57.4364,57.7941,56.9896,57.1333,1530296.3535584,0
EIX.US,D,20170120,000000,57.2506,57.6035,57.0091,57.3308,1156418.4617091,0
EIX.US,D,20170123,000000,57.4188,57.4833,57.0619,57.2134,1302075.342627,0
EIX.US,D,20170124,000000,57.1333,57.4432,56.9417,57.3552,1910043.4812413,0
EIX.US,D,20170125,000000,57.1558,57.3474,56.9954,57.1421,1082029.1195629,0
EIX.US,D,20170126,000000,57.1978,57.5703,57.0287,57.322,1332904.6852595,0
EIX.US,D,20170127,000000,57.6191,57.6191,57.188,57.3552,1314989.0934808,0
EIX.US,D,20170130,000000,57.5879,57.5879,56.8371,57.3014,1246797.328873,0
EIX.US,D,20170131,000000,57.4051,58.0748,57.1421,58.0591,3616382.132182,0
EIX.US,D,20170201,000000,57.6339,57.8196,56.9583,57.0365,1774240.9429551,0
EIX.US,D,20170202,000000,57.1724,57.8743,56.9417,57.8411,2425203.4332241,0
EIX.US,D,20170203,000000,57.3552,57.9447,57.1978,57.7873,2634370.3965591,0
EIX.US,D,20170206,000000,58.017,58.2781,57.6671,57.9535,1922944.9576389,0
EIX.US,D,20170207,000000,57.9359,58.2507,57.7619,58.1911,2260822.8921573,0
EIX.US,D,20170208,000000,58.7093,59.8198,58.6213,59.6087,4094869.0774826,0
EIX.US,D,20170209,000000,59.3457,59.7387,59.2049,59.5569,2321193.7823866,0
EIX.US,D,20170210,000000,59.1394,59.9274,59.0387,59.9128,2006353.9793914,0
EIX.US,D,20170213,000000,59.9068,60.2569,59.7299,60.1913,1559546.3828191,0
EIX.US,D,20170214,000000,60.1991,60.2363,59.6165,60.0564,1862135.2555983,0
EIX.US,D,20170215,000000,59.6087,59.8248,59.1541,59.7299,2373467.6229716,0
EIX.US,D,20170216,000000,59.8482,60.4005,59.8248,60.3741,1574679.7645128,0
EIX.US,D,20170217,000000,60.4005,60.8835,60.4005,60.8122,2491869.0737706,0
EIX.US,D,20170221,000000,60.5726,61.6187,60.47,61.516,2325980.8203269,0
EIX.US,D,20170222,000000,61.737,61.8484,60.949,61.4887,4243005.3985644,0
EIX.US,D,20170223,000000,61.7937,62.1701,61.651,62.0557,2197882.5490849,0
EIX.US,D,20170224,000000,62.2385,62.8857,62.1779,62.8281,2418036.1736413,0
EIX.US,D,20170227,000000,62.8789,63.0998,62.5182,62.9317,1921121.1780133,0
EIX.US,D,20170228,000000,62.9571,63.6805,62.8857,63.5202,3146606.9822099,0
EIX.US,D,20170301,000000,62.8691,63.7138,62.4956,63.2347,3401896.2378024,0
EIX.US,D,20170302,000000,62.8857,64.2163,62.8437,63.6669,2563107.9721442,0
EIX.US,D,20170303,000000,63.617,63.7216,62.8281,63.3228,2286333.303745,0
EIX.US,D,20170306,000000,63.2514,63.4196,63.0119,63.2103,1968583.4317455,0
EIX.US,D,20170307,000000,63.1722,63.4274,63.0363,63.1331,2285457.7258654,0
EIX.US,D,20170308,000000,62.742,62.742,62.0939,62.2317,2346062.8536349,0
EIX.US,D,20170309,000000,62.2551,62.566,62.0811,62.1349,2047796.6352009,0
EIX.US,D,20170310,000000,62.5416,62.9151,62.2942,62.7811,1594127.6175809,0
EIX.US,D,20170313,000000,62.7342,63.0871,62.614,62.9943,1549349.3782835,0
EIX.US,D,20170314,000000,62.7097,62.7097,62.0449,62.4702,4397256.444605,0
EIX.US,D,20170315,000000,62.7567,63.7597,62.5494,63.5789,3230942.7254099,0
EIX.US,D,20170316,000000,63.3316,63.4196,62.8505,63.0744,2021052.6407593,0
EIX.US,D,20170317,000000,63.1399,63.6571,63.0411,63.4098,4892744.5346931,0
EIX.US,D,20170320,000000,63.4908,63.6131,62.566,62.7713,2123168.9567191,0
EIX.US,D,20170321,000000,62.654,63.5789,62.5562,63.3784,2242336.5381627,0
EIX.US,D,20170322,000000,63.6493,64.1518,63.4098,63.617,2344867.1170213,0
EIX.US,D,20170323,000000,63.5202,64.1586,63.3618,63.879,2474865.8832404,0
EIX.US,D,20170324,000000,63.7216,64.5164,63.6883,64.2954,1589898.0445289,0
EIX.US,D,20170327,000000,64.5086,64.7931,63.8526,64.1283,1675058.2220408,0
EIX.US,D,20170328,000000,63.9739,64.5086,63.7363,64.449,1784133.1318271,0
EIX.US,D,20170329,000000,64.2808,64.319,63.7999,64.0149,2081487.971884,0
EIX.US,D,20170330,000000,63.8545,63.967,63.4792,63.7499,1236638.1705775,0
EIX.US,D,20170331,000000,63.7011,64.2163,63.7011,63.8467,1517986.0968038,0
EIX.US,D,20170403,000000,63.8545,64.1195,63.2357,64.1195,2761560.358038,0
EIX.US,D,20170404,000000,64.0462,64.4177,63.8545,64.1352,1933258.5695089,0
EIX.US,D,20170405,000000,64.1195,64.7041,63.8545,64.6327,2012033.9840244,0
EIX.US,D,20170406,000000,64.405,64.8019,64.183,64.5291,2669828.2320718,0
EIX.US,D,20170407,000000,64.6581,64.8479,64.3434,64.361,2549108.954783,0
EIX.US,D,20170410,000000,64.3434,64.361,63.9191,64.2232,1606281.3750181,0
EIX.US,D,20170411,000000,64.1654,64.3121,63.8467,64.1518,1643543.5556007,0
EIX.US,D,20170412,000000,63.8947,64.8391,63.7744,64.8019,1377984.6716064,0
EIX.US,D,20170413,000000,64.5995,64.7931,64.2075,64.405,1568033.1464496,0
EIX.US,D,20170417,000000,64.6161,64.8391,64.4578,64.6953,1764236.2382342,0
EIX.US,D,20170418,000000,64.7285,65.1167,64.6415,64.8576,1820374.4867976,0
EIX.US,D,20170419,000000,64.9045,64.9622,64.4832,64.6581,1602685.9822061,0
EIX.US,D,20170420,000000,64.5193,64.5193,63.9983,64.405,1292858.2488493,0
EIX.US,D,20170421,000000,64.361,64.8165,64.2964,64.6415,2016923.3091002,0
EIX.US,D,20170424,000000,64.5771,65.0092,64.1586,64.9143,1918952.6907412,0
EIX.US,D,20170425,000000,64.6581,65.0092,64.4861,64.8165,1729984.3680488,0
EIX.US,D,20170426,000000,64.8253,64.9143,64.2163,64.3121,2339634.1071702,0
EIX.US,D,20170427,000000,64.3913,64.928,64.2964,64.4412,2129867.7412214,0
EIX.US,D,20170428,000000,64.45,64.7207,64.0325,64.1352,2000131.8529405,0
EIX.US,D,20170501,000000,64.272,64.272,63.4792,63.5486,1921803.433207,0
EIX.US,D,20170502,000000,64.5027,64.5995,63.1829,63.444,1867703.7672537,0
EIX.US,D,20170503,000000,63.3814,63.5759,63.1419,63.2122,1427413.9069539,0
EIX.US,D,20170504,000000,63.092,64.0413,63.0119,63.9826,2135071.0878031,0
EIX.US,D,20170505,000000,64.1586,64.2388,63.6698,63.9191,1701037.1087091,0
EIX.US,D,20170508,000000,64.1038,64.1038,63.4811,63.8379,1207027.0677286,0
EIX.US,D,20170509,000000,63.7265,64.1352,63.5329,63.7813,1636957.2869474,0
EIX.US,D,20170510,000000,63.8291,64.1038,62.8857,63.3902,2821690.873499,0
EIX.US,D,20170511,000000,63.2289,63.2357,62.303,63.0119,3254010.5202025,0
EIX.US,D,20170512,000000,63.0549,63.3344,62.9385,63.179,1908659.5362982,0
EIX.US,D,20170515,000000,63.0998,63.4792,62.9571,63.1331,2194847.6897753,0
EIX.US,D,20170516,000000,63.1653,63.3482,62.4497,62.4497,2065705.0668801,0
EIX.US,D,20170517,000000,62.3793,62.6736,61.9218,62.2268,2737094.2981035,0
EIX.US,D,20170518,000000,62.4116,62.9267,62.0977,62.522,1959565.797882,0
EIX.US,D,20170519,000000,62.522,62.7459,62.0655,62.7146,2683024.2954196,0
EIX.US,D,20170522,000000,62.4918,63.4186,62.4918,63.2846,2122559.3253917,0
EIX.US,D,20170523,000000,63.2357,63.8077,63.1262,63.2122,1693383.9852327,0
EIX.US,D,20170524,000000,63.3726,63.6297,63.269,63.5329,1379438.1718015,0
EIX.US,D,20170525,000000,63.4948,64.2388,63.3413,64.1195,984454.35241818,0
EIX.US,D,20170526,000000,64.0462,64.3532,63.9572,64.1283,967311.0285124,0
EIX.US,D,20170530,000000,64.0696,64.8058,64.0325,64.6953,1693038.2547148,0
EIX.US,D,20170531,000000,64.6581,65.5341,64.6581,65.4198,3237229.2927562,0
EIX.US,D,20170601,000000,65.2096,65.8851,64.9925,65.8851,2411878.4880856,0
EIX.US,D,20170602,000000,66.3163,66.4229,65.4198,65.7707,2257333.8779663,0
EIX.US,D,20170605,000000,65.6183,65.9164,65.5077,65.6329,1881614.8176784,0
EIX.US,D,20170606,000000,65.7473,65.981,65.3054,65.3689,1738789.2446705,0
EIX.US,D,20170607,000000,65.3855,65.7805,65.3298,65.6251,1716797.5105432,0
EIX.US,D,20170608,000000,65.5449,65.5547,64.6327,65.2986,1755629.7986553,0
EIX.US,D,20170609,000000,65.1226,65.3152,64.5448,65.1958,2280670.6879251,0
EIX.US,D,20170612,000000,65.1686,65.2174,63.9347,64.5027,2649822.9141154,0
EIX.US,D,20170613,000000,64.3258,64.4412,63.967,64.3991,1722698.4553888,0
EIX.US,D,20170614,000000,64.928,65.3464,64.4773,64.8655,2124377.9906604,0
EIX.US,D,20170615,000000,64.8253,65.802,64.7285,65.7473,2419893.7080215,0
EIX.US,D,20170616,000000,65.9731,66.2361,65.6827,65.9076,3091241.0015194,0
EIX.US,D,20170619,000000,66.0259,66.0338,65.4481,65.6827,1445293.6982351,0
EIX.US,D,20170620,000000,65.7062,65.9888,65.5703,65.5879,1307783.9876579,0
EIX.US,D,20170621,000000,65.6759,65.8118,65.1226,65.323,1572009.0474055,0
EIX.US,D,20170622,000000,65.187,65.5625,64.8332,64.8733,1263894.6235678,0
EIX.US,D,20170623,000000,64.8479,65.0268,64.0149,64.183,2646852.4957012,0
EIX.US,D,20170626,000000,64.2006,64.9368,64.1038,64.5369,1965199.773304,0
EIX.US,D,20170627,000000,64.2554,64.4636,63.397,63.4058,2818659.0828035,0
EIX.US,D,20170628,000000,63.6737,63.8037,63.0109,63.0607,2265395.1271131,0
EIX.US,D,20170629,000000,62.8319,63.3746,62.39,63.1165,3602447.5557161,0
EIX.US,D,20170630,000000,63.2445,63.7773,63.1419,63.1419,2507212.144092,0
EIX.US,D,20170703,000000,63.311,63.3589,62.3265,62.3265,1192924.7403605,0
EIX.US,D,20170705,000000,62.3646,62.6472,61.8885,62.0909,1953222.9726111,0
EIX.US,D,20170706,000000,61.912,62.0499,61.7262,61.912,1304906.650537,0
EIX.US,D,20170707,000000,61.912,62.3578,61.8318,62.043,1145013.4461035,0
EIX.US,D,20170710,000000,62.1564,62.2708,61.7057,61.7262,1487920.8390734,0
EIX.US,D,20170711,000000,61.9296,62.1809,61.6784,61.8142,1994468.2142491,0
EIX.US,D,20170712,000000,62.3734,62.5044,61.8015,61.8484,2116717.7070846,0
EIX.US,D,20170713,000000,62.2023,63.3648,62.0841,62.609,3607676.4740816,0
EIX.US,D,20170714,000000,63.0109,63.2445,62.4868,62.5426,2356554.4451206,0
EIX.US,D,20170717,000000,62.4966,62.9297,62.433,62.8564,2147006.9736418,0
EIX.US,D,20170718,000000,62.9209,63.0998,62.6882,62.8759,1952174.5294725,0
EIX.US,D,20170719,000000,63.0187,63.0607,62.7058,63.0461,1196756.4164555,0
EIX.US,D,20170720,000000,63.1731,63.3834,63.0363,63.3501,1336031.602991,0
EIX.US,D,20170721,000000,63.2797,63.8037,63.1731,63.7773,1817632.1686954,0
EIX.US,D,20170724,000000,63.7382,63.7627,63.3228,63.3746,2135766.6403243,0
EIX.US,D,20170725,000000,63.2445,63.485,63.0549,63.3012,2133588.9472101,0
EIX.US,D,20170726,000000,63.3589,63.7773,63.0998,63.7226,1580332.1516192,0
EIX.US,D,20170727,000000,63.6004,63.9963,63.3188,63.9709,1625283.2561755,0
EIX.US,D,20170728,000000,63.6962,64.0736,63.092,63.1898,3396631.5189394,0
EIX.US,D,20170731,000000,62.786,63.747,62.786,63.5368,1735631.6407984,0
EIX.US,D,20170801,000000,63.6962,64.0599,63.488,63.6962,2341262.5183671,0
EIX.US,D,20170802,000000,63.4078,63.7304,63.0959,63.5838,1601458.5365804,0
EIX.US,D,20170803,000000,63.4547,64.1508,63.2934,64.1508,1766558.1562095,0
EIX.US,D,20170804,000000,63.9406,64.0853,63.527,64.0305,888024.17831951,0
EIX.US,D,20170807,000000,63.9875,64.1644,63.747,64.1508,908810.96999095,0
EIX.US,D,20170808,000000,63.9406,64.4421,63.9406,64.4333,727185.8407543,0
EIX.US,D,20170809,000000,64.5927,64.5927,64.0677,64.1576,1429595.6915536,0
EIX.US,D,20170810,000000,64.142,64.4656,63.9161,64.3346,1384866.5500813,0
EIX.US,D,20170811,000000,64.6611,64.8117,63.9963,64.2222,1535095.6659549,0
EIX.US,D,20170814,000000,64.1352,65.0952,64.0051,65.0238,2615140.4150895,0
EIX.US,D,20170815,000000,64.8117,65.6779,64.0677,64.5389,4478760.8798949,0
EIX.US,D,20170816,000000,64.4822,64.6983,64.2808,64.4138,2578665.8454502,0
EIX.US,D,20170817,000000,64.4509,64.6611,63.5525,63.8037,3147028.4052081,0
EIX.US,D,20170818,000000,63.8673,64.0599,63.6581,63.747,3967463.2901478,0
EIX.US,D,20170821,000000,63.7715,64.5633,63.7226,64.4236,2472886.6271689,0
EIX.US,D,20170822,000000,64.3922,64.7071,64.3668,64.6827,1498152.621235,0
EIX.US,D,20170823,000000,64.7237,65.0542,64.6347,64.8693,2250978.7782391,0
EIX.US,D,20170824,000000,64.8303,65.0473,64.6905,64.7627,1473623.1432765,0
EIX.US,D,20170825,000000,65.0698,65.6192,65.0698,65.2076,1988451.6849404,0
EIX.US,D,20170828,000000,65.4119,65.4647,65.0786,65.2976,1255991.9194809,0
EIX.US,D,20170829,000000,65.4119,65.6691,64.9143,64.9671,1651488.1974131,0
EIX.US,D,20170830,000000,64.8439,65.0473,64.7559,64.8439,1296904.7279287,0
EIX.US,D,20170831,000000,65.014,65.1196,64.7071,64.7471,1916262.5390782,0
EIX.US,D,20170901,000000,64.9163,64.9163,64.23,64.5721,1302270.7110558,0
EIX.US,D,20170905,000000,64.6513,64.8527,64.2388,64.8117,2074290.0261606,0
EIX.US,D,20170906,000000,64.8439,64.9671,64.1185,64.2388,3084101.3594633,0
EIX.US,D,20170907,000000,64.4138,64.8781,64.2466,64.7413,2246505.7618047,0
EIX.US,D,20170908,000000,64.6905,65.232,64.4421,65.1998,1717657.7453525,0
EIX.US,D,20170911,000000,65.2076,65.8704,64.9593,65.8049,2235163.1413518,0
EIX.US,D,20170912,000000,65.6525,65.8792,64.8781,65.1998,3550523.5371344,0
EIX.US,D,20170913,000000,65.151,65.671,64.9515,65.3943,3643127.1494949,0
EIX.US,D,20170914,000000,65.232,65.5635,65.0952,65.4344,2391261.493059,0
EIX.US,D,20170915,000000,65.5312,65.8372,65.3679,65.5713,3763871.9985677,0
EIX.US,D,20170918,000000,65.5312,65.7404,64.3121,65.0473,3038159.0925642,0
EIX.US,D,20170919,000000,65.014,65.1264,64.2222,64.3708,3104399.2186271,0
EIX.US,D,20170920,000000,64.5213,64.6015,63.617,63.8673,2035497.6300312,0
EIX.US,D,20170921,000000,63.8341,63.9963,63.4674,63.5192,2088732.9696898,0
EIX.US,D,20170922,000000,63.7304,63.7568,63.1653,63.2132,1580018.1301133,0
EIX.US,D,20170925,000000,63.2543,64.0208,63.092,64.0139,2576388.9338144,0
EIX.US,D,20170926,000000,64.0051,64.1576,63.6971,63.9161,1491124.4721565,0
EIX.US,D,20170927,000000,63.5192,63.8341,62.7215,63.0549,2174481.2982307,0
EIX.US,D,20170928,000000,63.0187,63.2386,62.5543,63.0754,2419818.0155412,0
EIX.US,D,20170929,000000,62.9785,63.0754,62.5816,62.7489,2496410.6225857,0
EIX.US,D,20171002,000000,62.9737,63.2074,62.4673,62.613,2642075.6864745,0
EIX.US,D,20171003,000000,62.6061,62.7107,62.2473,62.6208,2162872.7312255,0
EIX.US,D,20171004,000000,62.7361,63.3296,62.5816,63.3032,1756771.3230872,0
EIX.US,D,20171005,000000,63.3296,63.3296,62.9199,63.1663,1199858.7852744,0
EIX.US,D,20171006,000000,62.8994,63.1731,62.6208,63.1174,1647935.765198,0
EIX.US,D,20171009,000000,63.2562,63.3296,62.9365,63.0607,806204.69865223,0
EIX.US,D,20171010,000000,63.0666,63.8809,62.9287,63.8653,1900054.1195906,0
EIX.US,D,20171011,000000,63.7675,64.3708,63.6287,63.7675,2378477.6468673,0
EIX.US,D,20171012,000000,63.8497,64.7921,63.7744,64.7755,3507987.4318467,0
EIX.US,D,20171013,000000,64.7363,64.9554,63.224,63.4196,3687223.1335986,0
EIX.US,D,20171016,000000,63.3442,63.5886,62.9287,63.134,2088303.3637208,0
EIX.US,D,20171017,000000,63.0832,63.312,62.5543,63.0998,4624898.5103496,0
EIX.US,D,20171018,000000,63.1428,63.7206,63.0793,63.3032,2428857.1297033,0
EIX.US,D,20171019,000000,63.4098,64.622,63.1986,64.622,1624583.6121688,0
EIX.US,D,20171020,000000,64.5066,64.9104,64.3678,64.7275,2208300.4938331,0
EIX.US,D,20171023,000000,64.9212,65.2154,64.4626,65.06,1503602.4798132,0
EIX.US,D,20171024,000000,64.7021,65.0033,64.489,64.9476,1689206.5786199,0
EIX.US,D,20171025,000000,64.5741,64.7443,63.8721,64.2466,2132953.7440988,0
EIX.US,D,20171026,000000,64.7109,64.9759,64.0041,64.0198,1672028.477088,0
EIX.US,D,20171027,000000,63.9132,64.7511,63.9063,64.622,1187428.8525714,0
EIX.US,D,20171030,000000,64.5145,64.8791,64.3454,64.7197,2153447.9945628,0
EIX.US,D,20171031,000000,65.5322,65.5733,64.4675,65.0111,2491571.4182064,0
EIX.US,D,20171101,000000,65.149,65.149,64.2348,64.3042,1695330.5094208,0
EIX.US,D,20171102,000000,64.4255,64.5741,63.9387,64.2964,2276989.3739193,0
EIX.US,D,20171103,000000,64.1009,65.0932,64.1009,64.6631,1458397.7031609,0
EIX.US,D,20171106,000000,64.7021,64.8332,64.1009,64.1185,1140133.32687,0
EIX.US,D,20171107,000000,64.2163,64.8019,64.2163,64.5653,2025528.7258078,0
EIX.US,D,20171108,000000,64.4763,65.4041,64.4763,65.2154,2942997.2789454,0
EIX.US,D,20171109,000000,65.0365,65.3455,64.5066,65.3288,1693943.4958638,0
EIX.US,D,20171110,000000,64.9867,65.2477,64.6553,65.101,1515248.8930585,0
EIX.US,D,20171113,000000,65.1988,65.9888,65.1792,65.9458,1347932.7112036,0
EIX.US,D,20171114,000000,65.8411,67.3301,65.6368,67.1991,3167254.6633771,0
EIX.US,D,20171115,000000,67.3955,67.8004,66.4199,66.5469,1861085.7895884,0
EIX.US,D,20171116,000000,66.5557,66.6858,66.2644,66.4747,1697628.901355,0
EIX.US,D,20171117,000000,66.2478,66.5011,65.671,65.7766,1767881.7517426,0
EIX.US,D,20171120,000000,65.7355,65.8832,65.3679,65.4041,1651500.4718694,0
EIX.US,D,20171121,000000,65.4745,65.5821,65.2056,65.232,1780005.8459106,0
EIX.US,D,20171122,000000,65.232,65.4119,64.8253,65.1744,1424074.2319806,0
EIX.US,D,20171124,000000,65.4198,65.981,65.3376,65.5019,698039.1215004,0
EIX.US,D,20171127,000000,65.5567,65.8832,65.3288,65.7179,1129131.3225782,0
EIX.US,D,20171128,000000,65.9066,66.155,65.7512,65.981,1668353.3003104,0
EIX.US,D,20171129,000000,65.8411,66.3701,65.6123,66.198,1666062.0684757,0
EIX.US,D,20171130,000000,66.1588,66.5469,65.8656,66.0865,2941365.7991346,0
EIX.US,D,20171201,000000,65.671,66.6467,65.671,65.671,1963757.5246938,0
EIX.US,D,20171204,000000,65.6544,66.018,65.1656,65.2643,1977682.8953175,0
EIX.US,D,20171205,000000,64.8664,64.8664,56.2212,56.9211,21035939.607417,0
EIX.US,D,20171206,000000,55.6698,56.9211,55.1301,55.8799,12330445.166469,0
EIX.US,D,20171207,000000,56.052,58.7757,55.5046,58.3612,9447956.8653856,0
EIX.US,D,20171208,000000,58.4746,59.6097,57.9281,58.3837,7161995.8868136,0
EIX.US,D,20171211,000000,58.2938,59.5481,58.2634,59.3427,4667901.0449751,0
EIX.US,D,20171212,000000,56.6591,57.06,54.7088,55.7665,13167673.553311,0
EIX.US,D,20171213,000000,56.4558,57.3259,55.8331,56.7579,5323677.1678395,0
EIX.US,D,20171214,000000,55.9777,56.6455,55.8331,56.3434,5039623.7468798,0
EIX.US,D,20171215,000000,56.5076,57.2448,56.4812,56.6845,5572947.8483805,0
EIX.US,D,20171218,000000,56.9368,57.7169,56.9368,57.6945,4534095.1515735,0
EIX.US,D,20171219,000000,57.6603,57.8293,56.5887,56.8009,5535395.1723331,0
EIX.US,D,20171220,000000,56.7579,56.9866,55.22,55.5398,7410859.4645554,0
EIX.US,D,20171221,000000,53.821,54.0733,50.9604,51.4805,11675716.463872,0
EIX.US,D,20171222,000000,51.9664,53.1641,51.856,53.0438,5912317.1293342,0
EIX.US,D,20171226,000000,53.0575,53.0986,52.0339,52.075,3279264.1910801,0
EIX.US,D,20171227,000000,52.075,52.7339,51.9948,52.3673,2564610.5701643,0
EIX.US,D,20171228,000000,52.6195,52.7358,51.9714,52.4827,2393239.7262592,0
EIX.US,D,20171229,000000,52.6127,52.7358,51.8648,51.9088,2589661.7125138,0
EIX.US,D,20180102,000000,52.2275,52.2275,51.374,51.9176,2909277.3018644,0
EIX.US,D,20180103,000000,51.8804,52.3077,51.1785,51.5051,4380432.2565619,0
EIX.US,D,20180104,000000,51.5783,51.9528,51.0465,51.1286,4837607.6771861,0
EIX.US,D,20180105,000000,51.4073,51.814,50.9136,51.6937,4531633.1002225,0
EIX.US,D,20180108,000000,51.6379,52.7622,51.5051,52.6928,4232377.7651885,0
EIX.US,D,20180109,000000,52.7026,52.8112,51.8804,52.1366,6196510.6836694,0
EIX.US,D,20180110,000000,52.2109,52.2939,51.3095,51.5783,4370296.6243075,0
EIX.US,D,20180111,000000,51.8501,52.0554,50.891,51.153,3588471.0415246,0
EIX.US,D,20180112,000000,51.0025,51.6135,50.2752,50.412,3862886.9685798,0
EIX.US,D,20180116,000000,50.4863,50.7239,49.7745,50.3387,6137268.0205444,0
EIX.US,D,20180117,000000,50.5606,50.8559,50.2076,50.6515,3700162.4562363,0
EIX.US,D,20180118,000000,50.6203,51.4161,50.5518,50.8236,4092328.2650374,0
EIX.US,D,20180119,000000,50.7825,51.374,50.4306,50.9888,3925783.328184,0
EIX.US,D,20180122,000000,51.1785,51.3662,50.7239,51.0025,3161759.7984593,0
EIX.US,D,20180123,000000,51.028,51.5051,50.7591,50.9224,3568000.3171019,0
EIX.US,D,20180124,000000,50.9888,50.9966,50.4941,50.6427,4009345.7806397,0
EIX.US,D,20180125,000000,50.6427,51.2821,50.5851,51.2274,3268557.7966098,0
EIX.US,D,20180126,000000,51.4971,51.5783,50.5449,51.2674,3176089.2032681,0
EIX.US,D,20180129,000000,51.028,52.1121,50.8089,51.2274,4113484.3132679,0
EIX.US,D,20180130,000000,51.2176,51.6937,51.0544,51.2997,3250527.6432395,0
EIX.US,D,20180131,000000,51.3163,51.5949,50.2986,51.3251,10049233.379597,0
EIX.US,D,20180201,000000,51.2586,55.4546,50.5039,50.6759,10074008.346681,0
EIX.US,D,20180202,000000,50.4462,50.848,50.2018,50.5606,5378811.9796037,0
EIX.US,D,20180205,000000,50.4306,50.8559,49.5165,49.6671,6689909.0475797,0
EIX.US,D,20180206,000000,49.1734,49.9115,48.2319,49.5448,4938835.1179386,0
EIX.US,D,20180207,000000,49.364,50.0444,48.8771,48.9954,3730954.9755,0
EIX.US,D,20180208,000000,48.8389,48.9357,47.6286,47.6638,4548023.5908112,0
EIX.US,D,20180209,000000,48.0001,48.6562,47.3002,48.3786,5430890.45176,0
EIX.US,D,20180212,000000,48.4684,49.5615,48.1713,49.2984,3476655.8593791,0
EIX.US,D,20180213,000000,48.9681,49.5918,48.7393,49.3894,2849516.0429625,0
EIX.US,D,20180214,000000,49.1,49.2632,48.5662,48.6239,2477311.5686496,0
EIX.US,D,20180215,000000,49.0257,49.3454,48.5828,49.32,3507150.7230786,0
EIX.US,D,20180216,000000,49.2818,50.3729,49.2818,50.11,4876007.2907151,0
EIX.US,D,20180220,000000,49.9115,50.0034,49.1352,49.5008,2994851.742275,0
EIX.US,D,20180221,000000,49.536,49.7825,48.4684,48.5008,4120880.6960342,0
EIX.US,D,20180222,000000,48.6992,49.405,48.3208,49.0335,3510488.3523091,0
EIX.US,D,20180223,000000,50.891,51.3486,49.9877,51.028,4732413.5413197,0
EIX.US,D,20180226,000000,50.9468,51.0201,50.3123,50.5763,3536734.2084009,0
EIX.US,D,20180227,000000,50.5518,51.3985,49.9388,49.9467,4261353.6649261,0
EIX.US,D,20180228,000000,50.1666,50.3563,49.536,49.7325,4759002.0593154,0
EIX.US,D,20180301,000000,49.7825,50.5949,49.4549,49.889,4163160.0606118,0
EIX.US,D,20180302,000000,49.8303,50.3162,48.4616,48.9133,3792552.2884838,0
EIX.US,D,20180305,000000,48.7647,49.9388,48.5262,49.7971,3399947.6678716,0
EIX.US,D,20180306,000000,49.6514,49.7491,48.8047,49.3082,2826150.5926058,0
EIX.US,D,20180307,000000,49.4188,49.7657,48.2632,48.5183,2924505.8105941,0
EIX.US,D,20180308,000000,48.444,49.1254,48.3365,48.8869,2090635.5104096,0
EIX.US,D,20180309,000000,48.8469,48.9289,48.3786,48.7393,3160986.5077151,0
EIX.US,D,20180312,000000,48.6562,49.5771,48.6395,49.4109,2626457.4637586,0
EIX.US,D,20180313,000000,49.1655,51.6605,48.5262,50.938,6762991.1601346,0
EIX.US,D,20180314,000000,51.2352,53.0888,51.2352,52.3761,9191604.8464555,0
EIX.US,D,20180315,000000,52.3849,53.1054,52.1551,52.5305,7251341.6539092,0
EIX.US,D,20180316,000000,52.6723,53.475,52.3263,53.475,11185223.054609,0
EIX.US,D,20180319,000000,53.4192,53.5737,52.3263,52.5569,4138692.977806,0
EIX.US,D,20180320,000000,52.6127,52.8854,51.153,51.4971,5200919.3079406,0
EIX.US,D,20180321,000000,51.5305,51.7035,50.7014,50.8324,2328843.8372489,0
EIX.US,D,20180322,000000,50.8011,52.5569,50.8011,51.6458,3888123.2506444,0
EIX.US,D,20180323,000000,51.7582,52.2187,50.938,51.0201,3593222.2789675,0
EIX.US,D,20180326,000000,51.2274,51.3339,50.455,50.8989,3269942.7644242,0
EIX.US,D,20180327,000000,50.8989,52.3517,50.6583,51.8364,2700493.9152875,0
EIX.US,D,20180328,000000,52.206,52.5364,51.7445,52.2647,3062234.4156411,0
EIX.US,D,20180329,000000,52.2402,52.8454,52.0984,52.7544,3281372.3289423,0
EIX.US,D,20180402,000000,52.862,53.1249,51.901,52.2901,2699595.834238,0
EIX.US,D,20180403,000000,52.2314,52.5882,51.4532,52.2979,1693495.4782104,0
EIX.US,D,20180404,000000,52.1894,52.4133,51.4933,52.2813,2403179.9900848,0
EIX.US,D,20180405,000000,52.3399,52.9353,51.858,52.7544,1905888.5777982,0
EIX.US,D,20180406,000000,52.7858,53.0272,52.4045,52.5217,2860005.5887055,0
EIX.US,D,20180409,000000,52.3985,52.9186,52.2138,52.5882,1703031.7078508,0
EIX.US,D,20180410,000000,52.5217,52.7946,51.9332,52.0984,2210643.8921068,0
EIX.US,D,20180411,000000,52.032,52.4455,51.9928,52.2979,1484810.2872835,0
EIX.US,D,20180412,000000,52.3125,52.687,51.8726,52.075,3291992.8022188,0
EIX.US,D,20180413,000000,52.206,52.8698,52.206,52.5736,4809778.4162371,0
EIX.US,D,20180416,000000,52.729,53.6314,52.4553,53.4085,2196062.8609447,0
EIX.US,D,20180417,000000,53.5561,54.1457,53.0272,54.0469,3912687.506229,0
EIX.US,D,20180418,000000,54.1045,54.5426,53.6822,53.69,2130928.4588163,0
EIX.US,D,20180419,000000,53.5747,53.6216,52.9108,53.5492,2035195.8829816,0
EIX.US,D,20180420,000000,53.7135,53.7654,52.9451,53.1347,1674342.2120925,0
EIX.US,D,20180423,000000,53.1758,53.4417,52.8112,53.037,1748110.6713264,0
EIX.US,D,20180424,000000,53.2609,55.1907,52.9686,53.6744,2928552.2896735,0
EIX.US,D,20180425,000000,53.6314,53.9384,53.2003,53.7302,1620259.9349522,0
EIX.US,D,20180426,000000,53.7741,54.0947,53.2433,54.0469,1394395.6196222,0
EIX.US,D,20180427,000000,53.8797,54.611,53.7741,54.519,1723992.3876526,0
EIX.US,D,20180430,000000,54.6921,54.7752,54.2229,54.2952,1391557.1516128,0
EIX.US,D,20180501,000000,54.3685,54.5357,54.0381,54.2952,1677156.1311895,0
EIX.US,D,20180502,000000,52.6625,53.9961,52.4133,52.729,2997319.930854,0
EIX.US,D,20180503,000000,52.5882,52.5882,51.8266,52.3887,2617075.6876927,0
EIX.US,D,20180504,000000,52.5638,53.0849,52.4455,52.7779,1174766.7280708,0
EIX.US,D,20180507,000000,52.6625,52.82,52.1894,52.2813,1233676.9580056,0
EIX.US,D,20180508,000000,52.0164,52.115,50.4658,50.6389,2875813.0426221,0
EIX.US,D,20180509,000000,50.5811,50.6916,49.9095,50.0688,1763918.125243,0
EIX.US,D,20180510,000000,50.5421,51.154,50.3494,51.1374,2198024.7282032,0
EIX.US,D,20180511,000000,51.329,51.7836,51.1306,51.6194,2267336.5369445,0
EIX.US,D,20180514,000000,51.5285,51.8002,51.3486,51.6517,2250484.7313748,0
EIX.US,D,20180515,000000,51.3437,51.5773,50.8138,51.0025,2336549.1271643,0
EIX.US,D,20180516,000000,51.111,51.2371,50.7991,50.8979,1932755.3168023,0
EIX.US,D,20180517,000000,50.938,51.2303,50.6095,50.7297,2524517.0816718,0
EIX.US,D,20180518,000000,50.7395,50.9966,50.1256,50.7571,2254246.8522176,0
EIX.US,D,20180521,000000,50.8979,51.0886,50.4423,51.021,1567821.4120791,0
EIX.US,D,20180522,000000,51.0632,51.5509,50.9732,51.2792,1349172.4312856,0
EIX.US,D,20180523,000000,51.3525,51.8002,51.2205,51.6673,1408942.8960297,0
EIX.US,D,20180524,000000,51.5285,52.0242,51.3124,51.8912,1532826.93729,0
EIX.US,D,20180525,000000,51.983,52.5129,51.7739,52.1894,1750339.5080085,0
EIX.US,D,20180529,000000,51.8814,52.1669,51.3613,51.6194,1956248.6260785,0
EIX.US,D,20180530,000000,51.329,51.6829,50.6633,51.6008,3266630.7069775,0
EIX.US,D,20180531,000000,51.6272,51.9332,51.2371,51.5099,2779565.9624959,0
EIX.US,D,20180601,000000,51.4121,51.4121,50.1588,50.4159,2708879.4146538,0
EIX.US,D,20180604,000000,50.6231,51.0553,50.4257,50.5421,2467346.7559116,0
EIX.US,D,20180605,000000,50.4893,50.7395,50.0346,50.2174,2106457.2845251,0
EIX.US,D,20180606,000000,50.2419,50.2419,48.7236,48.8087,2206966.6695865,0
EIX.US,D,20180607,000000,48.8517,50.194,48.8175,49.4891,2287010.444582,0
EIX.US,D,20180608,000000,49.5722,49.6709,49.1988,49.3972,1350289.406805,0
EIX.US,D,20180611,000000,48.8009,49.3298,48.5594,48.8429,2331693.5568433,0
EIX.US,D,20180612,000000,48.8517,49.5644,48.8087,49.3298,2446486.3175026,0
EIX.US,D,20180613,000000,49.3386,49.7873,49.0981,49.2994,2544979.6231238,0
EIX.US,D,20180614,000000,49.4735,49.9936,49.272,49.8861,1710219.4248607,0
EIX.US,D,20180615,000000,49.9447,50.1676,49.4197,50.0845,3366594.9016068,0
EIX.US,D,20180618,000000,49.8792,50.3328,49.7551,50.1256,1806981.0092783,0
EIX.US,D,20180619,000000,50.1256,50.6731,49.7941,50.194,2350638.1572048,0
EIX.US,D,20180620,000000,50.3837,50.3837,49.9525,50.0942,1206587.2330461,0
EIX.US,D,20180621,000000,50.0102,50.5421,49.8185,50.2771,2077354.5487394,0
EIX.US,D,20180622,000000,50.4003,51.1941,50.1344,51.1306,4822879.3525489,0
EIX.US,D,20180625,000000,51.1208,51.7572,51.0474,51.636,2731335.5323762,0
EIX.US,D,20180626,000000,51.4679,52.0838,51.4121,51.8912,3033763.8143528,0
EIX.US,D,20180627,000000,51.7836,52.2647,51.6585,52.1307,2068810.5043131,0
EIX.US,D,20180628,000000,52.2647,52.8034,52.1307,52.6049,2773625.1256674,0
EIX.US,D,20180629,000000,52.5961,53.2051,52.2949,52.9314,2378686.3126237,0
EIX.US,D,20180702,000000,52.904,53.4535,52.5882,53.4173,2039419.3188054,0
EIX.US,D,20180703,000000,53.3987,54.2287,53.0976,53.8602,2877179.598752,0
EIX.US,D,20180705,000000,53.9589,54.6286,53.6334,54.612,2193959.8374394,0
EIX.US,D,20180706,000000,54.653,55.6668,54.6208,55.4322,2782923.0262822,0
EIX.US,D,20180709,000000,55.4322,55.4322,53.7927,53.9335,2679219.2139798,0
EIX.US,D,20180710,000000,53.4241,54.5866,53.2657,54.3685,2787354.1049911,0
EIX.US,D,20180711,000000,54.612,55.0558,54.4115,54.9453,2039777.3237795,0
EIX.US,D,20180712,000000,54.9141,55.0285,54.4037,54.9375,2007796.2280016,0
EIX.US,D,20180713,000000,54.9805,55.0998,54.6042,54.9141,1466592.9484553,0
EIX.US,D,20180716,000000,54.7302,55.0715,54.4389,54.9297,1385105.9019783,0
EIX.US,D,20180717,000000,54.7214,55.0558,54.7214,54.8378,970946.31330722,0
EIX.US,D,20180718,000000,54.7879,54.9453,54.259,54.5376,1589560.4969819,0
EIX.US,D,20180719,000000,54.5964,55.481,54.5964,55.0715,2058503.0296712,0
EIX.US,D,20180720,000000,54.829,54.9053,54.0831,54.4291,2280829.2329851,0
EIX.US,D,20180723,000000,54.5034,54.695,53.9589,54.4203,1397463.2108151,0
EIX.US,D,20180724,000000,54.3363,55.79,53.5756,55.265,5147710.5629374,0
EIX.US,D,20180725,000000,55.2904,56.3766,55.1829,55.9093,2967282.2906501,0
EIX.US,D,20180726,000000,56.3854,57.2418,56.0354,56.9211,2330274.8342742,0
EIX.US,D,20180727,000000,56.5291,57.0864,55.4674,55.6414,2810258.2403668,0
EIX.US,D,20180730,000000,55.6756,55.6756,54.5612,54.9453,1609262.0221459,0
EIX.US,D,20180731,000000,55.222,55.7988,54.9375,55.7431,3293361.4040914,0
EIX.US,D,20180801,000000,55.3129,55.5662,54.2942,55.2826,2936711.7344704,0
EIX.US,D,20180802,000000,55.2572,55.7069,54.9717,55.3882,2020251.7324886,0
EIX.US,D,20180803,000000,55.525,56.2104,55.3569,56.0677,1310101.8141478,0
EIX.US,D,20180806,000000,56.1498,56.4949,56.0677,56.445,2067539.0752191,0
EIX.US,D,20180807,000000,56.5037,56.6787,55.6991,56.4949,2188587.7170841,0
EIX.US,D,20180808,000000,56.1664,56.5438,55.8829,56.2944,1727290.1249003,0
EIX.US,D,20180809,000000,56.2514,56.536,55.9923,56.403,2428668.921374,0
EIX.US,D,20180810,000000,56.3766,56.6699,55.6991,55.7431,1528952.3005982,0
EIX.US,D,20180813,000000,55.7431,56.0168,55.5319,55.9171,1560596.8717005,0
EIX.US,D,20180814,000000,55.7069,56.3356,55.7069,56.0354,1006866.4866723,0
EIX.US,D,20180815,000000,56.2426,57.1792,55.9337,57.013,2414415.2090454,0
EIX.US,D,20180816,000000,56.8351,58.0474,56.3942,57.9907,4051201.6764766,0
EIX.US,D,20180817,000000,58.0082,59.0798,57.8343,58.4609,3856734.3973809,0
EIX.US,D,20180820,000000,58.4931,58.5449,57.1792,57.8998,2165707.1077495,0
EIX.US,D,20180821,000000,57.7237,57.8753,57.2906,57.6661,1939767.0999392,0
EIX.US,D,20180822,000000,57.7061,57.7061,56.536,56.8537,2389788.5583082,0
EIX.US,D,20180823,000000,56.9456,57.1704,56.3648,56.5203,2775475.4999482,0
EIX.US,D,20180824,000000,56.5115,56.6132,55.5064,56.4196,3626843.0375271,0
EIX.US,D,20180827,000000,56.8615,56.9886,56.1762,56.536,1724738.0608702,0
EIX.US,D,20180828,000000,56.403,56.8889,56.361,56.5115,2174515.0529854,0
EIX.US,D,20180829,000000,56.7441,56.8703,55.8907,56.2172,3782782.8441744,0
EIX.US,D,20180830,000000,56.361,56.4685,55.3227,55.574,3788378.9733564,0
EIX.US,D,20180831,000000,55.615,56.052,54.521,54.9893,3026612.9207116,0
EIX.US,D,20180904,000000,55.091,56.3854,55.0137,55.8419,3192170.7867078,0
EIX.US,D,20180905,000000,55.8761,56.3678,55.7333,56.3023,2014086.8868334,0
EIX.US,D,20180906,000000,56.3854,56.6376,56.1664,56.445,1850366.0977905,0
EIX.US,D,20180907,000000,55.9845,56.2426,55.5896,55.7675,1659383.7414004,0
EIX.US,D,20180910,000000,56.0354,56.3258,55.7519,56.1351,1500620.8098141,0
EIX.US,D,20180911,000000,56.2426,56.6513,56.1586,56.5203,1956040.9831935,0
EIX.US,D,20180912,000000,56.5203,56.8977,56.269,56.7041,3070030.7411072,0
EIX.US,D,20180913,000000,56.7441,57.2546,56.269,57.231,1833161.4016034,0
EIX.US,D,20180914,000000,57.1714,57.2222,56.7041,57.1626,2356219.9661877,0
EIX.US,D,20180917,000000,57.2164,57.3376,56.9035,57.2466,1853834.6545545,0
EIX.US,D,20180918,000000,57.0795,57.4178,56.8341,57.148,2229122.0631306,0
EIX.US,D,20180919,000000,57.2164,57.2466,56.008,56.3258,2471889.327598,0
EIX.US,D,20180920,000000,56.3102,56.8615,55.9171,56.7363,2200185.0325044,0
EIX.US,D,20180921,000000,56.5115,58.4765,56.4949,57.188,5047732.0481091,0
EIX.US,D,20180924,000000,56.9289,57.0375,56.445,56.6044,2508891.6988565,0
EIX.US,D,20180925,000000,56.5438,56.5438,55.7831,56.0266,2010070.0710233,0
EIX.US,D,20180926,000000,56.1263,56.2944,55.7831,55.8897,2430508.0440698,0
EIX.US,D,20180927,000000,56.009,56.5487,55.7587,56.273,1381528.9208507,0
EIX.US,D,20180928,000000,56.4157,57.187,56.2984,57.1333,2180669.669927,0
EIX.US,D,20181001,000000,57.2008,57.3259,56.7031,57.0238,1899368.795783,0
EIX.US,D,20181002,000000,56.9964,58.196,56.9964,58.0102,2128101.2423917,0
EIX.US,D,20181003,000000,57.9516,58.3397,57.4041,57.7746,1956799.9537387,0
EIX.US,D,20181004,000000,57.4784,58.2556,57.1744,57.9858,2095514.6067718,0
EIX.US,D,20181005,000000,58.0864,58.8393,58.0102,58.4991,1889107.350352,0
EIX.US,D,20181008,000000,58.7464,59.3691,58.3397,59.0338,1996832.06995,0
EIX.US,D,20181009,000000,59.0924,59.9352,58.9058,59.4727,2517765.107859,0
EIX.US,D,20181010,000000,59.3613,59.7758,59.0084,59.158,3373266.0685826,0
EIX.US,D,20181011,000000,58.677,58.6936,57.0668,57.7501,4979856.3507499,0
EIX.US,D,20181012,000000,57.8851,57.9594,57.1421,57.9516,3447553.1235935,0
EIX.US,D,20181015,000000,58.062,58.4159,57.8274,58.1471,2792157.5088729,0
EIX.US,D,20181016,000000,58.0698,58.9322,57.934,58.6936,2632320.5623641,0
EIX.US,D,20181017,000000,58.4589,58.9684,58.3152,58.7376,1616277.8967682,0
EIX.US,D,20181018,000000,58.7552,59.0651,58.3397,58.7034,1377188.8776925,0
EIX.US,D,20181019,000000,58.719,59.5471,58.719,59.3525,2330955.0437252,0
EIX.US,D,20181022,000000,59.3193,59.5139,58.6936,58.9722,1197540.9587846,0
EIX.US,D,20181023,000000,59.0416,59.463,58.4159,58.7112,1348939.2166166,0
EIX.US,D,20181024,000000,58.94,59.903,58.6359,59.5471,3040813.4437297,0
EIX.US,D,20181025,000000,59.201,59.2909,58.4492,58.6359,1859223.1408513,0
EIX.US,D,20181026,000000,58.8471,59.2352,57.015,57.5449,2216408.7950623,0
EIX.US,D,20181029,000000,57.7061,58.8706,57.6905,58.3397,2328109.4156161,0
EIX.US,D,20181030,000000,58.7112,59.0084,57.7501,58.6936,1809763.2193633,0
EIX.US,D,20181031,000000,57.6143,59.0192,56.5262,58.5763,3927645.976921,0
EIX.US,D,20181101,000000,58.5431,58.6359,57.3435,57.5625,3078426.469187,0
EIX.US,D,20181102,000000,57.8176,57.9017,56.8713,57.3034,2651389.9530308,0
EIX.US,D,20181105,000000,57.5909,58.2654,57.3699,58.0454,2250143.0923423,0
EIX.US,D,20181106,000000,58.0944,58.2488,57.5723,58.196,1999059.8837606,0
EIX.US,D,20181107,000000,58.4677,58.9556,58.0268,58.8393,1928607.5734588,0
EIX.US,D,20181108,000000,59.0084,59.201,58.3319,58.5929,1776387.9499288,0
EIX.US,D,20181109,000000,57.191,57.3112,50.7601,51.4933,9529336.5103703,0
EIX.US,D,20181112,000000,46.2854,47.2659,38.4105,45.2139,16962630.61235,0
EIX.US,D,20181113,000000,44.7583,47.2571,44.7583,46.8847,6136991.8452786,0
EIX.US,D,20181114,000000,44.2763,47.3207,44.2763,45.4749,13358822.637731,0
EIX.US,D,20181115,000000,45.0028,45.0028,39.3813,39.8379,12109972.40605,0
EIX.US,D,20181116,000000,44.6215,46.4369,44.3272,45.9647,10458540.466561,0
EIX.US,D,20181119,000000,45.3919,46.2433,44.4611,45.5091,8961306.3838026,0
EIX.US,D,20181120,000000,45.6196,46.1593,44.3448,44.5559,4082204.9072393,0
EIX.US,D,20181121,000000,44.8248,45.7682,44.7994,45.2393,3071396.2743658,0
EIX.US,D,20181123,000000,45.0712,45.1875,44.1492,44.951,1432360.5128255,0
EIX.US,D,20181126,000000,44.8248,45.6763,44.5197,45.5746,2685862.763429,0
EIX.US,D,20181127,000000,45.6294,46.9277,45.2715,46.6912,3841284.9484386,0
EIX.US,D,20181128,000000,46.9179,47.3051,45.9139,46.2257,3080394.4736736,0
EIX.US,D,20181129,000000,46.1593,46.7586,45.9471,46.1925,2254487.2269859,0
EIX.US,D,20181130,000000,46.127,46.9775,46.1006,46.7,5137225.1086797,0
EIX.US,D,20181203,000000,46.6393,48.5907,46.4271,48.1175,3936793.5154466,0
EIX.US,D,20181204,000000,48.4558,49.1137,48.2514,48.7344,3383157.2345832,0
EIX.US,D,20181206,000000,49.0208,49.1137,47.3745,48.5721,3374869.9308668,0
EIX.US,D,20181207,000000,48.708,49.9144,48.708,49.3924,2262696.7924793,0
EIX.US,D,20181210,000000,49.0873,49.8577,48.0657,49.6709,2096393.2532656,0
EIX.US,D,20181211,000000,49.7805,50.1774,49.188,49.7121,1613310.546968,0
EIX.US,D,20181212,000000,49.9662,50.7287,49.8499,50.2604,2147657.5198235,0
EIX.US,D,20181213,000000,50.1774,50.7757,49.8499,50.2507,2432150.7754656,0
EIX.US,D,20181214,000000,50.2194,50.6653,49.8909,50.3446,2816126.4533291,0
EIX.US,D,20181217,000000,50.1256,50.195,49.1049,49.1225,4572868.113147,0
EIX.US,D,20181218,000000,49.2642,49.8968,48.2201,48.532,2763395.3892485,0
EIX.US,D,20181219,000000,48.4558,49.9418,48.3198,49.315,2993358.350097,0
EIX.US,D,20181220,000000,49.2398,49.9418,48.5418,49.1802,2910817.7461247,0
EIX.US,D,20181221,000000,49.1802,50.3279,47.4077,47.4263,5899447.3619486,0
EIX.US,D,20181224,000000,47.2659,47.6619,45.8542,45.862,1351010.5311101,0
EIX.US,D,20181226,000000,45.862,47.4928,45.1024,47.4429,2742420.3892478,0
EIX.US,D,20181227,000000,47.2395,49.0805,45.5834,48.1175,3320617.8570817,0
EIX.US,D,20181228,000000,48.2113,49.3366,48.0325,48.8341,1920895.123444,0
EIX.US,D,20181231,000000,48.442,48.8009,47.701,48.442,2443825.8291089,0
EIX.US,D,20190102,000000,47.9376,48.706,47.221,48.4234,2111544.0237723,0
EIX.US,D,20190103,000000,48.2788,48.7403,47.5896,48.5008,1993905.635004,0
EIX.US,D,20190104,000000,48.4674,49.8587,48.4674,49.8518,2890864.5946073,0
EIX.US,D,20190107,000000,48.2211,49.405,47.5524,48.9279,3274802.4262307,0
EIX.US,D,20190108,000000,48.6718,49.2516,48.0862,49.2017,2597569.5309575,0
EIX.US,D,20190109,000000,49.1244,50.4726,49.1244,49.8323,1832263.320554,0
EIX.US,D,20190110,000000,49.9603,50.7131,49.6709,50.6339,1785139.6372401,0
EIX.US,D,20190111,000000,50.4208,50.6867,50.0298,50.6193,2259249.7160137,0
EIX.US,D,20190114,000000,49.2193,50.3524,48.6982,49.6191,4013769.6992491,0
EIX.US,D,20190115,000000,47.9219,48.2788,46.5914,46.9737,6154113.688886,0
EIX.US,D,20190116,000000,46.7254,47.5612,45.7868,46.2297,5599808.4501565,0
EIX.US,D,20190117,000000,46.3695,46.564,45.5727,45.6578,3528827.4128286,0
EIX.US,D,20190118,000000,45.7213,46.9658,45.5649,46.829,3596810.51168,0
EIX.US,D,20190122,000000,46.7527,47.2885,46.0351,46.2571,3630491.6196496,0
EIX.US,D,20190123,000000,46.4614,46.9404,45.9921,46.871,1749595.8805336,0
EIX.US,D,20190124,000000,46.7938,48.0657,46.2571,47.0509,5542486.7394357,0
EIX.US,D,20190125,000000,46.8964,48.4674,46.522,47.2973,3482106.7408285,0
EIX.US,D,20190128,000000,47.2885,47.53,46.2923,46.5132,3193958.7658358,0
EIX.US,D,20190129,000000,46.7527,47.5798,46.5474,47.0851,5149245.8928409,0
EIX.US,D,20190130,000000,47.1623,47.9797,46.9052,47.6374,2167074.6867509,0
EIX.US,D,20190131,000000,47.571,48.6816,47.3227,48.6132,4310668.3386818,0
EIX.US,D,20190201,000000,48.5604,48.8673,48.0657,48.2876,2973979.0294097,0
EIX.US,D,20190204,000000,48.1097,48.1273,46.9228,47.9043,4683542.7937321,0
EIX.US,D,20190205,000000,47.8613,48.5008,47.5524,47.9043,3089532.806357,0
EIX.US,D,20190206,000000,47.8955,48.1527,47.3911,47.4527,2768085.2544101,0
EIX.US,D,20190207,000000,47.4674,49.2428,47.3618,49.2271,3339782.3747845,0
EIX.US,D,20190208,000000,49.0482,49.6191,48.8087,49.5605,1713342.2511068,0
EIX.US,D,20190211,000000,49.1489,49.9603,49.0893,49.8518,3371390.122518,0
EIX.US,D,20190212,000000,50.2771,52.2128,50.02,51.2577,3500286.2334167,0
EIX.US,D,20190213,000000,51.1032,51.6507,50.9497,51.5471,2496200.933958,0
EIX.US,D,20190214,000000,51.6663,51.7201,50.848,51.6419,2060041.4281887,0
EIX.US,D,20190215,000000,51.94,52.0339,51.3985,51.6263,2361596.1780284,0
EIX.US,D,20190219,000000,51.768,52.6488,51.5069,52.6068,2509831.7176316,0
EIX.US,D,20190220,000000,52.512,53.7076,52.4083,53.4857,2719172.5690967,0
EIX.US,D,20190221,000000,53.1445,53.2971,52.0926,52.2715,6282653.8405533,0
EIX.US,D,20190222,000000,52.4357,52.5892,51.8208,52.4005,4582008.4915731,0
EIX.US,D,20190225,000000,52.5736,52.5736,51.7455,51.768,3127851.613049,0
EIX.US,D,20190226,000000,51.9566,52.6978,51.5011,52.3429,4019258.4269387,0
EIX.US,D,20190227,000000,52.2989,52.6488,51.6419,51.7201,2418395.2014868,0
EIX.US,D,20190228,000000,51.9488,51.9488,50.9761,51.1032,5141453.6588603,0
EIX.US,D,20190301,000000,51.2146,52.3429,50.5577,52.3145,3406891.941499,0
EIX.US,D,20190304,000000,52.6831,52.9793,51.983,52.9793,2950795.6501541,0
EIX.US,D,20190305,000000,52.6899,53.4085,52.6391,53.3323,2384994.3602685,0
EIX.US,D,20190306,000000,53.3323,53.3323,52.4425,52.6762,3384352.9711969,0
EIX.US,D,20190307,000000,52.862,53.1005,52.6205,53.0741,3457871.8498203,0
EIX.US,D,20190308,000000,53.0575,53.0575,52.2901,52.947,1887488.1449975,0
EIX.US,D,20190311,000000,53.1005,53.869,52.8278,53.869,3020963.6022193,0
EIX.US,D,20190312,000000,54.1085,54.8153,53.9276,54.7478,3181350.8535171,0
EIX.US,D,20190313,000000,54.4829,55.525,49.1743,54.695,4603070.435639,0
EIX.US,D,20190314,000000,54.9267,55.617,54.5592,54.653,2980072.27407,0
EIX.US,D,20190315,000000,54.7048,55.1663,54.4555,54.5416,5623206.6323967,0
EIX.US,D,20190318,000000,54.5592,54.7224,53.3899,54.2023,2636477.5115499,0
EIX.US,D,20190319,000000,54.2424,54.5944,53.3049,53.7663,2318690.8161815,0
EIX.US,D,20190320,000000,53.7829,54.4731,53.5492,54.0049,2298400.1171172,0
EIX.US,D,20190321,000000,54.0049,55.6531,53.9961,55.4488,2389558.4122534,0
EIX.US,D,20190322,000000,55.7636,56.5682,55.1565,55.2005,3914245.3393023,0
EIX.US,D,20190325,000000,55.2151,55.4214,54.1545,54.8564,2288459.8532916,0
EIX.US,D,20190326,000000,54.9267,55.8389,54.9267,55.525,1509107.5734445,0
EIX.US,D,20190327,000000,55.4888,55.5514,54.2854,54.4487,2407447.4093768,0
EIX.US,D,20190328,000000,54.3695,55.0245,53.4847,53.5532,2666722.7946387,0
EIX.US,D,20190329,000000,53.5874,53.7594,53.1347,53.3459,3992088.9180136,0
EIX.US,D,20190401,000000,53.4241,54.1671,52.6899,54.0185,1743890.3041167,0
EIX.US,D,20190402,000000,54.1545,54.5778,53.8191,53.8543,1793997.7031724,0
EIX.US,D,20190403,000000,53.8445,54.9835,53.8445,54.6648,2127070.1880661,0
EIX.US,D,20190404,000000,54.8534,55.1966,54.6482,54.871,1811685.1946388,0
EIX.US,D,20190405,000000,55.0519,55.2503,54.7498,54.9923,2549320.6891534,0
EIX.US,D,20190408,000000,55.1125,55.3276,54.7498,54.9297,1980216.5476633,0
EIX.US,D,20190409,000000,54.9229,55.0969,53.6998,53.8191,2448297.8226719,0
EIX.US,D,20190410,000000,54.0429,54.2267,53.4642,53.9833,1534502.4005692,0
EIX.US,D,20190411,000000,53.9667,54.1545,53.6822,53.9315,2065436.0517138,0
EIX.US,D,20190412,000000,53.7682,58.0914,53.2951,57.8352,10405121.010059,0
EIX.US,D,20190415,000000,57.8352,57.8352,55.9043,56.1703,5227869.9223959,0
EIX.US,D,20190416,000000,56.0442,56.1117,55.395,55.5172,1893366.5866732,0
EIX.US,D,20190417,000000,55.4566,55.7225,54.6042,54.6296,1492072.6739024,0
EIX.US,D,20190418,000000,54.6296,54.9297,54.3372,54.3548,1494088.7533426,0
EIX.US,D,20190422,000000,54.2415,54.4145,53.777,54.2933,1763363.7289686,0
EIX.US,D,20190423,000000,54.5102,54.9923,53.9706,54.8114,1907814.6445592,0
EIX.US,D,20190424,000000,55.1643,55.6463,54.7938,55.308,1644813.9618233,0
EIX.US,D,20190425,000000,55.2406,55.3628,54.6814,54.7752,2115658.0123611,0
EIX.US,D,20190426,000000,55.2406,55.5172,54.6296,54.7576,1465711.2333474,0
EIX.US,D,20190429,000000,54.7156,54.9141,54.3021,54.5348,2180386.3345617,0
EIX.US,D,20190430,000000,54.5602,55.2318,54.433,54.9385,3138401.508202,0
EIX.US,D,20190501,000000,53.4593,53.8034,51.7524,51.942,4615548.4432957,0
EIX.US,D,20190502,000000,51.6917,52.4944,50.1578,51.4327,2745952.3640357,0
EIX.US,D,20190503,000000,51.8032,53.2071,51.7592,52.2001,1608508.1659574,0
EIX.US,D,20190506,000000,52.2685,53.6392,52.1209,52.7075,1626794.0371664,0
EIX.US,D,20190507,000000,52.467,52.8894,52.4328,52.7427,1460610.1739013,0
EIX.US,D,20190508,000000,52.8122,52.82,51.7768,51.8032,1314841.8000058,0
EIX.US,D,20190509,000000,51.726,51.7592,51.072,51.5539,1697240.2102402,0
EIX.US,D,20190510,000000,51.4249,51.6732,50.5215,50.9947,2887922.8165911,0
EIX.US,D,20190513,000000,50.8392,51.8462,50.806,51.8218,2234244.6028752,0
EIX.US,D,20190514,000000,51.6653,52.2949,51.3995,51.5627,1847540.9271086,0
EIX.US,D,20190515,000000,51.7455,51.9508,51.1922,51.7005,1340820.6866739,0
EIX.US,D,20190516,000000,51.6497,52.1131,51.4327,51.6497,1509644.5809057,0
EIX.US,D,20190517,000000,51.3642,51.9234,51.1482,51.6565,2439615.6906126,0
EIX.US,D,20190520,000000,51.768,52.1209,51.6057,51.726,1962768.4080937,0
EIX.US,D,20190521,000000,51.8218,52.8894,51.5783,52.2167,1328807.0626123,0
EIX.US,D,20190522,000000,52.2519,52.8248,52.0349,52.6831,1415246.852189,0
EIX.US,D,20190523,000000,52.5267,53.1993,52.0955,53.1563,1876407.3796113,0
EIX.US,D,20190524,000000,53.3723,53.4407,52.3819,52.4592,1073331.6444334,0
EIX.US,D,20190528,000000,52.467,52.5061,50.2096,50.2096,4008626.7020774,0
EIX.US,D,20190529,000000,50.5889,51.4415,50.3915,50.5469,3649799.3393421,0
EIX.US,D,20190530,000000,50.806,52.3457,50.5469,51.4327,3126040.1078798,0
EIX.US,D,20190531,000000,51.4855,51.5021,50.6486,51.1482,2163859.8020828,0
EIX.US,D,20190603,000000,51.5959,52.2607,51.2694,52.1903,1680359.7642726,0
EIX.US,D,20190604,000000,52.8806,53.7858,52.4768,53.691,2341261.4954956,0
EIX.US,D,20190605,000000,53.605,55.6365,53.1915,55.6199,3601558.6805088,0
EIX.US,D,20190606,000000,55.8447,55.8947,54.2766,54.6892,2663713.507113,0
EIX.US,D,20190607,000000,55.1545,55.4488,53.8445,53.9667,1964182.016306,0
EIX.US,D,20190610,000000,52.4406,54.1143,52.3115,52.4406,2542444.9479067,0
EIX.US,D,20190611,000000,52.4151,52.777,51.4767,51.8628,1937012.5073809,0
EIX.US,D,20190612,000000,52.1405,52.4494,51.0544,51.2782,2690969.9601033,0
EIX.US,D,20190613,000000,51.3554,51.6732,50.8822,51.5871,2200301.6398389,0
EIX.US,D,20190614,000000,51.6653,51.8032,50.4981,51.2088,2344023.2481536,0
EIX.US,D,20190617,000000,51.2274,52.2685,51.0318,51.8032,1695217.9935718,0
EIX.US,D,20190618,000000,52.3037,53.2951,52.0544,52.2773,2211694.3809882,0
EIX.US,D,20190619,000000,52.4768,54.6648,52.3673,53.7242,3599393.2618508,0
EIX.US,D,20190620,000000,54.0283,55.1379,52.7261,54.9483,4533607.2419372,0
EIX.US,D,20190621,000000,54.6814,56.7247,54.6814,56.3532,7090730.3937848,0
EIX.US,D,20190624,000000,56.2573,56.7931,55.9738,56.4734,2808737.2306623,0
EIX.US,D,20190625,000000,56.5418,56.5418,55.6287,56.053,1757817.7204832,0
EIX.US,D,20190626,000000,55.9141,56.2485,54.8437,55.0011,1658867.1913664,0
EIX.US,D,20190627,000000,55.1731,56.2856,55.0871,56.1019,1999612.2342922,0
EIX.US,D,20190628,000000,56.2856,58.0914,56.2856,58.0767,5316116.1027851,0
EIX.US,D,20190701,000000,58.2038,58.2038,57.1206,57.7737,2334893.098441,0
EIX.US,D,20190702,000000,57.7325,57.9682,57.2838,57.8587,2728924.6245931,0
EIX.US,D,20190703,000000,58.155,58.3348,57.7131,58.3172,1734114.7225792,0
EIX.US,D,20190705,000000,58.0826,58.4746,57.0081,58.4033,2319828.249128,0
EIX.US,D,20190708,000000,58.2566,60.5677,58.2566,60.2383,3430964.1959619,0
EIX.US,D,20190709,000000,60.0212,60.7262,59.7338,60.6127,3893363.4205949,0
EIX.US,D,20190710,000000,60.8112,61.081,60.1777,60.5257,2208469.2676066,0
EIX.US,D,20190711,000000,60.7164,62.1965,60.2041,60.8112,5175565.3956701,0
EIX.US,D,20190712,000000,60.7164,61.5414,60.2119,61.4124,3012782.677124,0
EIX.US,D,20190715,000000,61.2981,61.7595,60.9686,61.344,3156703.7453528,0
EIX.US,D,20190716,000000,61.2736,61.8817,60.8298,60.9432,3251967.846107,0
EIX.US,D,20190717,000000,61.1601,61.1875,60.4211,60.5765,2002247.1509021,0
EIX.US,D,20190718,000000,60.2471,61.5786,60.2119,61.5346,1962460.5238159,0
EIX.US,D,20190719,000000,61.1504,61.4632,60.7818,61.0028,2121400.4121468,0
EIX.US,D,20190722,000000,61.0292,61.1504,60.0818,60.5765,1873202.7236568,0
EIX.US,D,20190723,000000,60.6988,61.3929,60.3761,61.0907,1741811.8295239,0
EIX.US,D,20190724,000000,61.1504,61.8025,60.7506,61.7428,1880163.363226,0
EIX.US,D,20190725,000000,61.5942,61.5942,60.5951,60.8816,2142667.9533549,0
EIX.US,D,20190726,000000,61.6802,63.1067,60.5511,61.6802,5229202.7237711,0
EIX.US,D,20190729,000000,61.5854,62.0029,60.5951,61.3753,2859408.2318344,0
EIX.US,D,20190730,000000,60.8112,61.2736,59.9782,61.0907,4346334.8399509,0
EIX.US,D,20190731,000000,61.3342,65.4119,61.2032,64.8039,30044031.104115,0
EIX.US,D,20190801,000000,64.6807,65.1676,64.0432,64.229,6261675.7719385,0
EIX.US,D,20190802,000000,64.2818,65.1167,62.8828,64.1166,5880971.2366676,0
EIX.US,D,20190805,000000,63.9855,64.5252,62.8124,63.0383,5064091.852557,0
EIX.US,D,20190806,000000,62.9073,63.8897,62.7244,63.7851,3336265.7430668,0
EIX.US,D,20190807,000000,63.6717,64.6201,62.9855,64.4969,3033707.5564283,0
EIX.US,D,20190808,000000,64.4626,65.4549,64.0472,65.3064,2605498.8296996,0
EIX.US,D,20190809,000000,65.3416,65.541,64.5849,64.6641,1936506.1860602,0
EIX.US,D,20190812,000000,64.4098,64.4098,63.1331,63.5232,3843077.0190521,0
EIX.US,D,20190813,000000,63.6199,63.9591,63.2514,63.6463,3882268.3350098,0
EIX.US,D,20190814,000000,63.7675,63.8203,62.0987,62.437,4233125.4841488,0
EIX.US,D,20190815,000000,62.7489,63.2103,62.2639,62.656,2782721.5206253,0
EIX.US,D,20190816,000000,62.6902,63.264,62.6902,63.0285,1813650.1305114,0
EIX.US,D,20190819,000000,62.9933,63.4732,62.4204,63.1595,2444949.9647277,0
EIX.US,D,20190820,000000,63.1419,63.1419,62.5416,62.5944,2372568.5190509,0
EIX.US,D,20190821,000000,62.873,63.4538,62.6364,63.445,1531391.8487793,0
EIX.US,D,20190822,000000,63.3158,63.6102,62.6814,63.3158,1223154.6803791,0
EIX.US,D,20190823,000000,63.2885,63.7753,62.3412,62.6902,2192093.097217,0
EIX.US,D,20190826,000000,63.0021,63.8125,62.8915,63.8037,1209580.15463,0
EIX.US,D,20190827,000000,64.1166,64.3326,63.1849,63.7489,2898623.0738331,0
EIX.US,D,20190828,000000,63.6297,63.6981,62.3676,62.4038,2610819.806487,0
EIX.US,D,20190829,000000,62.8633,62.9073,62.4732,62.7958,1883018.1971772,0
EIX.US,D,20190830,000000,63.0197,63.1115,62.4126,62.8281,2230669.6674904,0
EIX.US,D,20190903,000000,62.8281,64.055,62.6902,63.8125,3460570.1844541,0
EIX.US,D,20190904,000000,63.8897,63.9679,63.1507,63.6199,1280705.5142833,0
EIX.US,D,20190905,000000,63.2367,63.4635,61.8563,61.9931,3391449.6526562,0
EIX.US,D,20190906,000000,62.0723,62.3324,61.518,61.7086,2662362.2940534,0
EIX.US,D,20190909,000000,61.4564,62.0029,61.1152,61.8289,2432999.7586901,0
EIX.US,D,20190910,000000,61.7155,63.2826,61.5248,63.2826,3673940.1261858,0
EIX.US,D,20190911,000000,63.048,63.7577,62.351,63.2885,2378459.2351829,0
EIX.US,D,20190912,000000,63.9239,64.1166,62.6042,63.0637,1939793.6945945,0
EIX.US,D,20190913,000000,62.8457,63.3422,62.2591,62.5318,1332768.6433692,0
EIX.US,D,20190916,000000,62.7244,62.8124,61.7155,62.1417,1122520.5050124,0
EIX.US,D,20190917,000000,62.2111,62.9777,61.6724,62.4282,1851471.821725,0
EIX.US,D,20190918,000000,62.743,62.9229,62.1779,62.656,1806042.0133746,0
EIX.US,D,20190919,000000,63.048,63.4371,62.7156,63.1419,1525142.1048018,0
EIX.US,D,20190920,000000,63.0725,63.402,62.3158,63.2367,4649661.2029769,0
EIX.US,D,20190923,000000,63.3668,64.5683,62.9415,64.4724,1427746.3401442,0
EIX.US,D,20190924,000000,64.7589,65.8519,64.6377,65.4989,3293334.8094362,0
EIX.US,D,20190925,000000,65.4813,65.6729,64.9691,65.3328,1441593.972545,0
EIX.US,D,20190926,000000,65.4618,66.4619,65.2204,66.3837,1830871.1926401,0
EIX.US,D,20190927,000000,66.4219,66.6115,65.6749,66.5001,2580100.9339608,0
EIX.US,D,20190930,000000,66.5079,66.5783,65.6299,66.0953,3209774.4027231,0
EIX.US,D,20191001,000000,65.9458,66.3837,64.7109,64.7627,1645095.2514459,0
EIX.US,D,20191002,000000,64.6836,65.324,63.8183,65.2722,2451013.5461187,0
EIX.US,D,20191003,000000,65.324,65.3679,64.3942,64.8077,2301825.7132843,0
EIX.US,D,20191004,000000,65.0453,66.3573,64.6924,66.2449,2131065.5235779,0
EIX.US,D,20191007,000000,66.1393,66.3505,65.2986,65.6299,1701874.8403485,0
EIX.US,D,20191008,000000,65.6299,65.9956,65.1666,65.4931,2451810.3629041,0
EIX.US,D,20191009,000000,65.7971,65.9282,64.8303,65.2018,1599878.2003373,0
EIX.US,D,20191010,000000,65.235,65.235,64.2192,65.018,1900325.1804997,0
EIX.US,D,20191011,000000,64.93,65.2634,62.3353,62.5122,4174871.9376238,0
EIX.US,D,20191014,000000,62.5543,62.7459,60.2833,61.3968,3345454.1964467,0
EIX.US,D,20191015,000000,61.3,61.9149,60.9852,61.2501,2828988.0377438,0
EIX.US,D,20191016,000000,61.2599,61.3137,60.7926,61.2051,2016116.2636012,0
EIX.US,D,20191017,000000,61.1523,61.9433,61.0038,61.8367,1493086.339415,0
EIX.US,D,20191018,000000,61.7575,61.9521,61.2921,61.8006,1522661.6417664,0
EIX.US,D,20191021,000000,61.8963,62.1085,61.608,61.7751,1465713.2790902,0
EIX.US,D,20191022,000000,61.8807,62.7831,61.8807,62.6951,1596238.8240571,0
EIX.US,D,20191023,000000,62.7557,63.5368,62.5816,63.4664,2234923.7894548,0
EIX.US,D,20191024,000000,63.4566,63.4566,62.6872,63.265,1491508.0489145,0
EIX.US,D,20191025,000000,62.1701,62.2219,54.9385,57.8841,14362145.898031,0
EIX.US,D,20191028,000000,55.5798,58.4463,55.2865,56.578,5194085.5044195,0
EIX.US,D,20191029,000000,56.5692,57.7873,56.1146,57.3152,3887720.2393307,0
EIX.US,D,20191030,000000,55.9826,57.3933,52.8532,54.4741,7639393.4741214,0
EIX.US,D,20191031,000000,54.7547,55.7186,54.3177,55.1233,4806299.6307595,0
EIX.US,D,20191101,000000,54.9835,57.5497,54.5112,57.4706,4357469.8175189,0
EIX.US,D,20191104,000000,57.104,58.195,56.3238,57.9975,4169862.9365996,0
EIX.US,D,20191105,000000,57.7961,58.9438,57.7531,57.9623,3832535.3068699,0
EIX.US,D,20191106,000000,58.1666,58.7073,57.5429,57.5497,3191588.7729068,0
EIX.US,D,20191107,000000,57.2516,57.9027,56.9984,57.5683,3668098.5078787,0
EIX.US,D,20191108,000000,57.1822,58.1823,56.9065,58.1032,1912074.9037518,0
EIX.US,D,20191111,000000,58.1911,58.3084,57.6211,58.112,1855117.3352333,0
EIX.US,D,20191112,000000,58.1999,58.8578,57.9975,58.5763,2550976.7178768,0
EIX.US,D,20191113,000000,58.8217,60.0926,58.4189,59.6888,2204978.2076728,0
EIX.US,D,20191114,000000,60.2139,61.5034,60.2139,61.0644,2737287.6207896,0
EIX.US,D,20191115,000000,61.0477,61.6538,60.5306,61.4349,2423325.4414167,0
EIX.US,D,20191118,000000,61.388,61.7057,60.732,60.907,2859429.7121328,0
EIX.US,D,20191119,000000,60.6186,60.6812,59.9518,60.3459,2579585.4067981,0
EIX.US,D,20191120,000000,60.3555,62.2835,60.076,62.1505,2427620.4782354,0
EIX.US,D,20191121,000000,62.0821,62.4399,61.3557,62.2307,2722566.4562519,0
EIX.US,D,20191122,000000,62.4585,62.8427,62.0499,62.4399,2340514.7994067,0
EIX.US,D,20191125,000000,62.6423,62.8261,61.3968,61.5904,2544880.4046024,0
EIX.US,D,20191126,000000,61.3645,61.8103,59.9958,60.469,5506649.4186504,0
EIX.US,D,20191127,000000,60.7242,61.8719,60.3722,61.1973,5095639.2508806,0
EIX.US,D,20191129,000000,61.476,61.7057,60.1806,60.557,2875629.9486495,0
EIX.US,D,20191202,000000,60.3907,62.8661,59.724,62.7136,4988556.8944935,0
EIX.US,D,20191203,000000,62.9063,63.5632,62.564,62.8711,3203706.7298467,0
EIX.US,D,20191204,000000,62.6335,63.1771,62.0263,62.2219,3970283.3464728,0
EIX.US,D,20191205,000000,62.2131,63.0519,62.0723,62.5192,2361748.5858602,0
EIX.US,D,20191206,000000,62.2796,63.0275,62.2219,62.5464,2066557.1187186,0
EIX.US,D,20191209,000000,62.8017,62.8017,62.1133,62.2307,1434321.3572125,0
EIX.US,D,20191210,000000,62.2561,62.6872,62.1701,62.4682,1740286.7283339,0
EIX.US,D,20191211,000000,62.7215,63.0373,62.1133,62.6872,2729847.2545551,0
EIX.US,D,20191212,000000,62.5543,63.0471,62.3441,62.6159,1752072.2520834,0
EIX.US,D,20191213,000000,63.0979,63.9484,62.4487,63.703,2501706.0275893,0
EIX.US,D,20191216,000000,63.7735,64.8508,63.3598,64.8508,2219127.5871232,0
EIX.US,D,20191217,000000,64.5712,64.9994,64.1244,64.4578,2303773.2603438,0
EIX.US,D,20191218,000000,64.7285,65.2722,63.1771,65.0874,4243693.7909862,0
EIX.US,D,20191219,000000,65.3064,65.3777,64.2554,64.3434,2419688.1108792,0
EIX.US,D,20191220,000000,64.4402,66.1296,64.2378,65.8939,6001242.496303,0
EIX.US,D,20191223,000000,65.7267,66.4629,65.3953,65.5615,1606571.8704829,0
EIX.US,D,20191224,000000,65.5791,65.7883,65.4285,65.5703,653094.15417224,0
EIX.US,D,20191226,000000,65.7883,66.0953,65.4735,66.0328,1191561.2528446,0
EIX.US,D,20191227,000000,66.1129,66.1579,65.4735,65.9222,1604648.8723359,0
EIX.US,D,20191230,000000,65.9096,66.2459,65.3171,66.0318,2268094.4846183,0
EIX.US,D,20191231,000000,66.0142,66.7034,65.9438,66.6526,1761089.8859471,0
EIX.US,D,20200102,000000,66.0318,66.8022,65.6798,65.7414,2853340.558958,0
EIX.US,D,20200103,000000,65.6896,66.1755,65.5195,66.0944,1651155.7642228,0
EIX.US,D,20200106,000000,66.0787,66.4561,65.6271,66.4043,1538852.672441,0
EIX.US,D,20200107,000000,66.4043,67.3497,66.1491,67.0485,1828165.6979067,0
EIX.US,D,20200108,000000,67.3057,67.902,66.8912,66.943,2134065.6052613,0
EIX.US,D,20200109,000000,66.9351,67.3585,66.6526,67.2959,1600005.0363853,0
EIX.US,D,20200110,000000,67.2959,67.6116,66.3857,66.7318,1897279.0696052,0
EIX.US,D,20200113,000000,66.59,67.072,66.5196,66.6154,1407167.1913577,0
EIX.US,D,20200114,000000,66.5451,66.8716,65.9526,66.3153,2631460.3275547,0
EIX.US,D,20200115,000000,66.9879,68.2959,66.9879,67.9949,2243807.4271709,0
EIX.US,D,20200116,000000,67.9597,68.0574,67.4337,67.6674,1902154.074482,0
EIX.US,D,20200117,000000,67.7828,68.4729,67.73,68.0213,1840004.4109667,0
EIX.US,D,20200121,000000,68.1445,69.1719,68.0926,69.1171,1895117.7424326,0
EIX.US,D,20200122,000000,69.2511,69.3733,67.9333,68.119,1701481.034877,0
EIX.US,D,20200123,000000,68.0037,68.7985,67.9157,68.6666,1570393.9335363,0
EIX.US,D,20200124,000000,68.4817,68.9324,67.8258,67.9861,1736817.1486985,0
EIX.US,D,20200127,000000,68.031,68.3937,67.1913,67.3585,1669589.9517782,0
EIX.US,D,20200128,000000,67.5002,68.2783,67.5002,67.8805,1796114.0240054,0
EIX.US,D,20200129,000000,67.8628,68.2461,67.6508,68.0398,1402497.7836233,0
EIX.US,D,20200130,000000,67.8805,68.0662,67.6155,67.7652,1491357.6868254,0
EIX.US,D,20200131,000000,67.6586,68.4025,67.4464,67.6586,3338243.976267,0
EIX.US,D,20200203,000000,67.8452,68.8063,67.6957,68.641,1488253.2722637,0
EIX.US,D,20200204,000000,68.8855,68.8855,66.3583,66.7034,3299758.4415441,0
EIX.US,D,20200205,000000,66.9606,68.6489,66.8022,68.3487,1918171.2170262,0
EIX.US,D,20200206,000000,68.427,68.5952,67.3673,67.4288,1504241.7744099,0
EIX.US,D,20200207,000000,67.5002,68.339,67.3585,68.0574,1352327.989415,0
EIX.US,D,20200210,000000,68.2413,69.214,67.818,69.1171,1185291.0514399,0
EIX.US,D,20200211,000000,69.3733,69.7634,68.8855,68.9422,1844941.8109962,0
EIX.US,D,20200212,000000,68.8434,69.0214,68.3057,68.4984,1654367.5802768,0
EIX.US,D,20200213,000000,68.6489,68.8943,67.7036,68.3849,1736478.5782801,0
EIX.US,D,20200214,000000,68.3135,68.515,67.9734,68.1807,1497573.6760482,0
EIX.US,D,20200218,000000,68.3937,68.5609,67.9646,68.1621,1931946.2255608,0
EIX.US,D,20200219,000000,68.1992,69.0028,67.5315,67.7378,1890926.0156208,0
EIX.US,D,20200220,000000,67.6762,68.427,67.6204,68.339,1695880.8142097,0
EIX.US,D,20200221,000000,68.2335,69.4095,68.0926,68.5609,1630902.9113986,0
EIX.US,D,20200224,000000,68.7193,68.774,67.4464,67.4562,1588452.7273046,0
EIX.US,D,20200225,000000,67.5354,67.8893,66.0787,66.3583,1869203.2966597,0
EIX.US,D,20200226,000000,66.3437,67.0397,65.6349,65.6798,1900080.7142459,0
EIX.US,D,20200227,000000,65.4149,65.5909,61.738,62.0909,2387468.6860756,0
EIX.US,D,20200228,000000,60.6146,60.9334,57.6797,59.3867,6121605.8143603,0
EIX.US,D,20200302,000000,59.6859,62.2854,59.3154,62.2581,4353366.0576436,0
EIX.US,D,20200303,000000,61.7028,63.4802,60.0222,60.3663,4922437.4672504,0
EIX.US,D,20200304,000000,60.818,62.0215,60.2255,62.0117,5113436.1895821,0
EIX.US,D,20200305,000000,61.4554,62.8163,60.5492,60.995,2393163.0109076,0
EIX.US,D,20200306,000000,59.6155,60.2833,58.4853,59.7397,3916145.8342795,0
EIX.US,D,20200309,000000,57.6631,58.7229,54.5876,54.5876,4218269.3005922,0
EIX.US,D,20200310,000000,55.2944,56.6122,53.2081,56.4694,5747754.5171663,0
EIX.US,D,20200311,000000,54.8701,54.8701,51.8208,52.8014,3824254.1403818,0
EIX.US,D,20200312,000000,49.5312,49.9828,45.3233,46.3401,5014638.0682971,0
EIX.US,D,20200313,000000,48.5584,48.9231,43.9986,47.0655,4843184.3718122,0
EIX.US,D,20200316,000000,42.8411,45.1728,38.562,40.7891,5265579.0977605,0
EIX.US,D,20200317,000000,41.6543,47.6932,40.2582,45.3937,5474285.7689857,0
EIX.US,D,20200318,000000,42.7883,44.9176,40.4626,43.3427,5947970.3332757,0
EIX.US,D,20200319,000000,42.8763,43.5568,39.7724,43.0982,3488702.215324,0
EIX.US,D,20200320,000000,43.1932,45.5795,41.1528,41.4158,4585225.4219838,0
EIX.US,D,20200323,000000,41.0648,42.7971,39.0137,39.3041,3991467.0122299,0
EIX.US,D,20200324,000000,40.9485,45.253,40.6307,44.5285,3388711.4260395,0
EIX.US,D,20200325,000000,44.2187,50.194,44.2187,47.569,3776996.4609206,0
EIX.US,D,20200326,000000,47.8437,52.6332,47.5964,51.025,3633473.2896487,0
EIX.US,D,20200327,000000,48.7001,50.8842,47.8867,48.9289,3213338.0865232,0
EIX.US,D,20200330,000000,49.8127,51.1188,48.6679,50.3494,3082789.0155151,0
EIX.US,D,20200331,000000,50.4667,50.4667,48.3736,48.9915,2451961.7478646,0
EIX.US,D,20200401,000000,46.737,48.4812,44.5285,45.8426,2482565.0359277,0
EIX.US,D,20200402,000000,44.7172,47.569,44.7172,46.0752,2273029.838905,0
EIX.US,D,20200403,000000,45.5649,46.433,43.2098,44.1356,4040411.4065552,0
EIX.US,D,20200406,000000,46.1368,49.1772,46.041,47.5398,5077341.1052153,0
EIX.US,D,20200407,000000,49.187,49.6973,47.659,48.311,2342875.5864935,0
EIX.US,D,20200408,000000,48.5359,52.1473,48.0784,51.4767,3488011.7771596,0
EIX.US,D,20200409,000000,52.1473,55.3481,52.0056,53.8914,4197458.9828796,0
EIX.US,D,20200413,000000,53.3625,53.6392,51.8706,53.1044,2820157.5893382,0
EIX.US,D,20200414,000000,54.2219,54.4712,52.2138,53.5248,3014794.6650788,0
EIX.US,D,20200415,000000,52.2901,53.1934,51.4307,51.7533,2469995.9927204,0
EIX.US,D,20200416,000000,51.8608,54.2473,51.8608,53.4886,3571987.4696427,0
EIX.US,D,20200417,000000,54.5524,55.8037,53.4974,55.4908,2722759.7789379,0
EIX.US,D,20200420,000000,54.8124,55.2132,53.649,53.6578,2723629.2195895,0
EIX.US,D,20200421,000000,52.817,53.605,51.2977,52.03,2195918.6360837,0
EIX.US,D,20200422,000000,53.0673,53.2569,52.0936,52.7466,2268802.3115958,0
EIX.US,D,20200423,000000,52.7466,53.9804,51.9166,52.0672,2483156.2555708,0
EIX.US,D,20200424,000000,52.4416,53.1044,51.2977,52.9774,2368570.1149251,0
EIX.US,D,20200427,000000,53.605,54.6324,53.5952,54.3206,1749285.9505131,0
EIX.US,D,20200428,000000,55.3755,56.4509,54.9013,55.6072,2404453.4649215,0
EIX.US,D,20200429,000000,56.3228,56.666,53.8914,53.9804,3000637.1026575,0
EIX.US,D,20200430,000000,53.4789,53.4886,51.5666,52.4953,2247460.1007788,0
EIX.US,D,20200501,000000,51.4141,51.7494,48.794,49.7951,2867319.1188921,0
EIX.US,D,20200504,000000,50.2155,50.4492,49.3122,50.369,3204144.5187865,0
EIX.US,D,20200505,000000,50.6447,51.897,50.4032,50.4208,1884776.513036,0
EIX.US,D,20200506,000000,50.6105,50.6105,48.096,48.3198,1749967.1828354,0
EIX.US,D,20200507,000000,48.446,49.1919,47.7841,48.7579,3550987.9207295,0
EIX.US,D,20200508,000000,49.5546,51.2401,49.492,51.0113,1685727.7931424,0
EIX.US,D,20200511,000000,50.6193,51.1012,49.6797,50.806,1913629.6682111,0
EIX.US,D,20200512,000000,51.0738,51.987,50.235,50.4394,2180432.3637726,0
EIX.US,D,20200513,000000,50.7425,52.0574,50.6319,51.3339,3533069.2603368,0
EIX.US,D,20200514,000000,50.4394,51.5578,49.492,51.4307,3069018.098466,0
EIX.US,D,20200515,000000,51.1188,51.7983,49.7413,50.0288,3547761.7844766,0
EIX.US,D,20200518,000000,51.4865,51.8608,50.9937,51.1286,3467911.3321672,0
EIX.US,D,20200519,000000,50.9038,51.897,50.6623,51.3417,1772834.4948424,0
EIX.US,D,20200520,000000,51.5754,51.9068,49.9838,50.3054,4140518.8031742,0
EIX.US,D,20200521,000000,50.198,50.6007,49.5546,50.3152,1749290.0419985,0
EIX.US,D,20200522,000000,50.3152,50.6447,49.9203,50.4579,1742771.2828546,0
EIX.US,D,20200526,000000,51.4063,51.4943,49.8215,50.0816,3434247.6130107,0
EIX.US,D,20200527,000000,50.9849,51.7181,50.369,51.0113,3430489.5836533,0
EIX.US,D,20200528,000000,52.0857,52.1278,51.2616,51.8511,3927764.6299981,0
EIX.US,D,20200529,000000,51.6379,52.3448,51.109,51.9576,3490908.5488363,0
EIX.US,D,20200601,000000,52.1112,53.3889,52.1112,52.9774,2908573.5663723,0
EIX.US,D,20200602,000000,53.2813,54.0068,52.9959,53.5248,1975546.1170575,0
EIX.US,D,20200603,000000,53.9892,54.9903,53.908,54.5181,2889214.7031121,0
EIX.US,D,20200604,000000,54.3724,54.606,52.5041,52.8092,2802077.3152715,0
EIX.US,D,20200605,000000,53.3811,55.3208,52.9861,54.437,5116354.4415572,0
EIX.US,D,20200608,000000,54.8749,58.0484,54.7048,57.9066,4702773.7980729,0
EIX.US,D,20200609,000000,57.279,57.3953,54.7752,55.1067,4330246.0964119,0
EIX.US,D,20200610,000000,55.0705,55.4097,53.864,53.953,2658255.465564,0
EIX.US,D,20200611,000000,52.8884,53.1445,50.1882,50.7972,4305729.915781,0
EIX.US,D,20200612,000000,51.8872,52.3517,50.7425,51.4767,3455339.2203459,0
EIX.US,D,20200615,000000,50.4032,53.2999,49.7599,53.1572,4101508.5354463,0
EIX.US,D,20200616,000000,54.6227,55.527,53.5326,54.1153,4061634.9642951,0
EIX.US,D,20200617,000000,54.3812,54.7488,53.2471,53.5512,4533428.2394501,0
EIX.US,D,20200618,000000,52.9519,53.695,51.6546,52.6097,4909373.3543074,0
EIX.US,D,20200619,000000,53.4886,53.695,49.7697,49.7697,10498028.415212,0
EIX.US,D,20200622,000000,49.8401,50.7522,49.5458,49.8841,4514334.2998708,0
EIX.US,D,20200623,000000,50.5107,50.5205,49.187,49.8675,5569728.8722271,0
EIX.US,D,20200624,000000,49.4373,49.8449,48.4372,48.6161,4082710.2056886,0
EIX.US,D,20200625,000000,48.4548,49.1606,47.308,49.0805,4986062.1112592,0
EIX.US,D,20200626,000000,49.3572,50.2692,48.5359,49.0169,6071412.4941109,0
EIX.US,D,20200629,000000,49.5458,49.5458,48.5174,49.4823,4308694.1969671,0
EIX.US,D,20200630,000000,49.5624,50.7083,48.3472,48.5614,5563296.034277,0
EIX.US,D,20200701,000000,48.5526,49.7599,48.1937,49.4735,2674251.1278098,0
EIX.US,D,20200702,000000,50.2038,50.9174,50.0073,50.24,1943592.638806,0
EIX.US,D,20200706,000000,50.9908,51.4893,50.1852,50.7014,2926270.263681,0
EIX.US,D,20200707,000000,50.2224,50.3348,49.1196,49.2818,3289233.0953036,0
EIX.US,D,20200708,000000,48.9455,49.4344,48.7207,49.2623,2215832.9184896,0
EIX.US,D,20200709,000000,48.9651,49.1411,47.5426,48.7833,2659681.3482325,0
EIX.US,D,20200710,000000,48.665,50.195,48.6317,50.0503,1341440.5467149,0
EIX.US,D,20200713,000000,50.6565,50.9908,49.8518,50.6379,2616553.0004304,0
EIX.US,D,20200714,000000,50.8559,51.8492,50.6379,51.2626,3188681.7725166,0
EIX.US,D,20200715,000000,51.8589,52.0936,49.8059,50.0043,2771622.3435549,0
EIX.US,D,20200716,000000,50.0767,51.2264,49.8792,50.7375,1766927.4127686,0
EIX.US,D,20200717,000000,51.108,51.2352,50.5929,50.982,1973107.5917477,0
EIX.US,D,20200720,000000,50.6379,50.6565,49.539,49.6524,2260502.7334233,0
EIX.US,D,20200721,000000,49.8958,50.9692,49.6847,50.6125,2366496.754689,0
EIX.US,D,20200722,000000,50.411,51.5519,50.151,51.2987,1968501.6020372,0
EIX.US,D,20200723,000000,51.2802,51.6771,50.7014,51.2528,1473730.5447688,0
EIX.US,D,20200724,000000,51.3075,51.7876,50.2673,50.6741,1828698.6138826,0
EIX.US,D,20200727,000000,50.4394,50.5929,47.8525,48.0872,4139288.2889345,0
EIX.US,D,20200728,000000,48.1233,50.411,48.1233,49.8518,2086091.9158518,0
EIX.US,D,20200729,000000,49.4989,49.9134,48.0872,48.6483,2581692.5217889,0
EIX.US,D,20200730,000000,48.2768,49.8097,47.9611,49.6348,2356373.3968909,0
EIX.US,D,20200731,000000,49.272,50.411,49.272,50.3582,3849526.2229439,0
EIX.US,D,20200803,000000,50.0503,50.0855,48.3952,48.7833,3023909.471721,0
EIX.US,D,20200804,000000,48.5026,50.06,48.5026,49.4803,1849139.6750361,0
EIX.US,D,20200805,000000,49.5712,49.5712,48.268,48.4938,1793569.1200747,0
EIX.US,D,20200806,000000,48.4674,48.8067,48.0784,48.7305,1918356.3567414,0
EIX.US,D,20200807,000000,48.5584,49.8469,48.5496,49.3992,1839215.7771522,0
EIX.US,D,20200810,000000,49.4725,49.9046,49.0277,49.0736,1625928.6880004,0
EIX.US,D,20200811,000000,48.8214,49.6348,48.3042,48.4674,1722919.3956015,0
EIX.US,D,20200812,000000,48.8459,49.4627,48.1233,49.3258,2271027.0567924,0
EIX.US,D,20200813,000000,49.2262,49.2262,47.5994,48.4938,3055212.4037908,0
EIX.US,D,20200814,000000,48.1869,48.404,47.2904,47.6629,2689608.5183302,0
EIX.US,D,20200817,000000,47.5994,47.7069,46.5396,46.8397,2627416.9170893,0
EIX.US,D,20200818,000000,46.8837,47.0645,46.2238,46.5768,2705484.5046273,0
EIX.US,D,20200819,000000,46.7028,47.6434,46.3323,47.265,2616919.1883754,0
EIX.US,D,20200820,000000,46.9404,47.1594,46.1065,46.3499,2276938.2303516,0
EIX.US,D,20200821,000000,46.522,46.5494,45.5805,46.3685,2679168.0704121,0
EIX.US,D,20200824,000000,46.4584,47.3725,46.0693,47.3461,1565718.3885737,0
EIX.US,D,20200825,000000,47.3892,47.4712,46.6774,47.0372,1434348.9747391,0
EIX.US,D,20200826,000000,46.7488,46.8299,45.8435,46.215,1802452.7577908,0
EIX.US,D,20200827,000000,46.3587,47.0205,46.2775,46.8104,1870201.619102,0
EIX.US,D,20200828,000000,47.1467,47.2904,46.6676,47.1927,1963799.4624193,0
EIX.US,D,20200831,000000,46.9306,47.6179,46.8749,47.4712,2670442.977756,0
EIX.US,D,20200901,000000,47.1741,47.2836,46.609,46.8651,1859630.2436506,0
EIX.US,D,20200902,000000,46.9834,47.8428,46.784,47.5524,2701385.8591089,0
EIX.US,D,20200903,000000,47.8525,48.4674,47.3804,47.9063,2351524.9866694,0
EIX.US,D,20200904,000000,47.9973,48.1869,46.5308,47.2738,2064451.0265991,0
EIX.US,D,20200908,000000,47.4282,47.5182,46.2511,46.4682,2858077.4762019,0
EIX.US,D,20200909,000000,46.7684,47.2992,46.1691,46.6208,2794406.8029821,0
EIX.US,D,20200910,000000,46.5132,46.6481,45.6802,45.6802,3197082.6149533,0
EIX.US,D,20200911,000000,45.7898,45.8083,45.1386,45.7995,2929650.8535085,0
EIX.US,D,20200914,000000,45.9706,46.8299,45.689,46.7204,1988000.598673,0
EIX.US,D,20200915,000000,46.9209,47.8154,46.3323,46.5953,2080978.5819493,0
EIX.US,D,20200916,000000,46.5132,47.8428,46.4682,47.528,4377009.7290088,0
EIX.US,D,20200917,000000,47.1105,47.6531,46.6676,47.6082,3291947.7958791,0
EIX.US,D,20200918,000000,47.3892,47.8789,46.3059,46.5132,5394773.8870948,0
EIX.US,D,20200921,000000,45.8992,45.997,44.4591,44.9578,3419932.5284008,0
EIX.US,D,20200922,000000,44.858,45.9344,44.7222,45.6089,3411357.7978338,0
EIX.US,D,20200923,000000,45.6538,45.78,43.8452,44.5951,2916001.6581506,0
EIX.US,D,20200924,000000,44.686,46.215,44.2695,45.9882,3465607.8258763,0
EIX.US,D,20200925,000000,45.5091,46.7928,45.4095,46.7204,2752045.6086961,0
EIX.US,D,20200928,000000,47.0469,47.6179,46.5582,46.9404,2957068.9201728,0
EIX.US,D,20200929,000000,47.0929,47.3491,46.6422,46.7244,1457779.8888626,0
EIX.US,D,20200930,000000,47.1105,47.2845,46.2629,46.5601,2648928.9245513,0
EIX.US,D,20201001,000000,46.524,46.8358,46.0302,46.1945,2470974.8806069,0
EIX.US,D,20201002,000000,45.9198,47.2103,45.7916,47.1653,3040225.2927008,0
EIX.US,D,20201005,000000,47.4028,48.4108,47.2483,48.182,3154314.317868,0
EIX.US,D,20201006,000000,48.2641,50.4805,47.9024,49.3258,2835647.9531347,0
EIX.US,D,20201007,000000,49.5556,50.5273,49.5175,50.3162,2073951.4557422,0
EIX.US,D,20201008,000000,50.3524,51.4063,50.324,51.3779,2808103.0504223,0
EIX.US,D,20201009,000000,51.8364,51.9538,51.0846,51.3691,1819589.9444685,0
EIX.US,D,20201012,000000,51.4327,51.8276,50.9712,51.5333,1557305.2716808,0
EIX.US,D,20201013,000000,51.0113,51.679,50.8559,51.5431,1498512.6719519,0
EIX.US,D,20201014,000000,51.5969,52.0554,50.9664,51.5059,1194270.8390634,0
EIX.US,D,20201015,000000,50.9292,52.6078,50.8559,52.027,1401473.8893972,0
EIX.US,D,20201016,000000,52.0358,53.6216,51.853,53.2189,2520720.183203,0
EIX.US,D,20201019,000000,53.081,53.4388,52.6127,53.3567,1641858.8864794,0
EIX.US,D,20201020,000000,53.9051,54.9395,53.5854,54.7204,2334229.2549317,0
EIX.US,D,20201021,000000,54.4917,54.7566,53.9794,54.0791,2405660.45312,0
EIX.US,D,20201022,000000,54.0615,55.0225,53.6578,54.8485,1608553.172297,0
EIX.US,D,20201023,000000,55.3344,55.7372,54.9776,55.398,2019380.2460943,0
EIX.US,D,20201026,000000,54.9307,55.0499,51.4513,53.2921,3976821.5401724,0
EIX.US,D,20201027,000000,53.1083,53.6196,52.4944,52.9441,2256024.6026321,0
EIX.US,D,20201028,000000,53.1181,54.1173,51.7807,51.7993,2623756.0605107,0
EIX.US,D,20201029,000000,51.3965,52.0026,50.4257,51.3496,2649317.6156661,0
EIX.US,D,20201030,000000,51.1482,51.7905,50.2146,51.3232,1806777.4578787,0
EIX.US,D,20201102,000000,51.6527,52.7427,51.286,52.7046,1388000.6279122,0
EIX.US,D,20201103,000000,53.2461,54.2629,53.2003,53.4935,1572888.7167706,0
EIX.US,D,20201104,000000,53.0546,54.4184,52.5599,52.5961,1527744.2895283,0
EIX.US,D,20201105,000000,53.2189,54.6843,53.1083,54.3812,1758459.0608225,0
EIX.US,D,20201106,000000,54.2267,54.6745,53.1269,53.4114,1611817.15479,0
EIX.US,D,20201109,000000,56.7178,57.9086,53.9599,55.6453,2866178.6173315,0
EIX.US,D,20201110,000000,55.9933,57.9056,55.7372,57.4403,3414110.3446495,0
EIX.US,D,20201111,000000,57.8069,58.3426,57.4588,57.6045,1424226.6398124,0
EIX.US,D,20201112,000000,57.2212,58.0356,56.5692,57.5048,2159627.1604169,0
EIX.US,D,20201113,000000,57.6973,59.3027,57.6094,58.6682,1591539.7530533,0
EIX.US,D,20201116,000000,59.5197,59.8932,58.6311,59.6849,2033785.3433833,0
EIX.US,D,20201117,000000,59.3183,60.9441,59.1971,60.0789,1603641.3440515,0
EIX.US,D,20201118,000000,60.4543,61.0673,59.0348,59.1072,1773247.7348697,0
EIX.US,D,20201119,000000,58.7513,59.07,57.7795,58.2654,2922379.2610475,0
EIX.US,D,20201120,000000,58.3475,58.7562,57.6973,58.0444,3261523.5103032,0
EIX.US,D,20201123,000000,58.2087,58.9605,57.8343,58.7513,2940303.0357969,0
EIX.US,D,20201124,000000,59.5197,60.207,59.1717,59.9401,1897002.8943394,0
EIX.US,D,20201125,000000,59.4551,59.5745,57.8264,58.3475,3130219.5602353,0
EIX.US,D,20201127,000000,58.3104,58.5117,57.2476,57.5048,1057279.7242631,0
EIX.US,D,20201130,000000,57.1294,57.1754,55.7655,56.1957,2931108.445189,0
EIX.US,D,20201201,000000,56.6709,57.7893,56.6357,56.8635,1653720.1027092,0
EIX.US,D,20201202,000000,56.8165,56.9749,55.9299,56.9553,1899912.9633437,0
EIX.US,D,20201203,000000,56.8263,57.4774,56.2319,56.36,2093721.513287,0
EIX.US,D,20201204,000000,56.5614,56.9182,56.0021,56.6259,1280842.5790448,0
EIX.US,D,20201207,000000,56.141,56.9553,55.9835,56.7275,1582180.4801573,0
EIX.US,D,20201208,000000,56.2583,56.9651,56.1762,56.6807,1601973.0408719,0
EIX.US,D,20201209,000000,56.8635,57.7013,56.8547,57.6143,1566743.3056712,0
EIX.US,D,20201210,000000,57.6973,57.7061,56.9837,57.5879,1528813.190094,0
EIX.US,D,20201211,000000,57.5957,58.0836,57.3494,57.5126,1791354.6035917,0
EIX.US,D,20201214,000000,57.6973,57.9721,56.9456,57.0199,1543514.920076,0
EIX.US,D,20201215,000000,57.23,58.4121,57.1206,58.3935,2031869.5053359,0
EIX.US,D,20201216,000000,58.3016,58.457,57.2946,57.4217,1651724.4806961,0
EIX.US,D,20201217,000000,57.5693,57.9994,57.4452,57.6045,1555626.7397877,0
EIX.US,D,20201218,000000,57.6143,58.1266,56.7911,57.275,4059621.953469,0
EIX.US,D,20201221,000000,56.534,57.0101,55.3618,56.6709,2381070.6257516,0
EIX.US,D,20201222,000000,56.6161,56.6161,55.8379,56.1586,1139270.0234465,0
EIX.US,D,20201223,000000,56.4792,56.8928,56.1312,56.141,1666736.1406985,0
EIX.US,D,20201224,000000,56.534,56.9905,55.878,56.9553,417425.61690683,0
EIX.US,D,20201228,000000,57.057,57.8519,56.928,57.193,879008.59019866,0
EIX.US,D,20201229,000000,57.4051,57.7149,56.7432,56.9456,925484.7959449,0
EIX.US,D,20201230,000000,56.9857,57.5175,56.8947,57.0512,984477.87845934,0
EIX.US,D,20201231,000000,57.2086,58.2165,56.8947,58.153,1019671.8131626,0
EIX.US,D,20210104,000000,58.0962,58.2634,55.5876,55.9953,1758893.7811484,0
EIX.US,D,20210105,000000,56.1605,56.4118,55.4596,56.2916,1313560.1421982,0
EIX.US,D,20210106,000000,57.236,58.3788,56.5604,57.9672,1885306.3603977,0
EIX.US,D,20210107,000000,58.1432,58.2077,56.9397,57.4393,1681527.8833597,0
EIX.US,D,20210108,000000,57.5693,57.7922,57.1245,57.6709,1545322.3337598,0
EIX.US,D,20210111,000000,57.5595,57.7247,56.6161,57.0874,1049252.2298709,0
EIX.US,D,20210112,000000,57.0042,58.7806,57.0042,57.8655,2735086.4016341,0
EIX.US,D,20210113,000000,57.8293,58.8637,57.6251,58.5029,1077773.974727,0
EIX.US,D,20210114,000000,58.5959,58.6789,56.9945,57.0512,1484280.4399218,0
EIX.US,D,20210115,000000,56.7637,57.3933,55.7265,57.2721,1707832.0431187,0
EIX.US,D,20210119,000000,57.4393,57.6709,56.2632,56.3472,2028254.6779681,0
EIX.US,D,20210120,000000,55.7362,56.0237,55.309,55.746,1946243.9213576,0
EIX.US,D,20210121,000000,55.4214,55.9211,54.8759,54.9219,1488771.8680406,0
EIX.US,D,20210122,000000,54.6158,55.1067,54.1809,54.8945,2064769.1395904,0
EIX.US,D,20210125,000000,54.6814,55.57,54.5884,54.9863,1806213.8557623,0
EIX.US,D,20210126,000000,55.0793,55.3852,54.4408,54.7088,2243096.5315793,0
EIX.US,D,20210127,000000,54.2179,54.652,52.6987,52.7662,3036336.33581,0
EIX.US,D,20210128,000000,53.079,55.5046,52.9959,54.5152,2006978.9537892,0
EIX.US,D,20210129,000000,54.1173,54.5152,53.3938,53.8386,1844973.5200082,0
EIX.US,D,20210201,000000,53.7927,54.1437,53.2725,53.6998,1164455.1619435,0
EIX.US,D,20210202,000000,53.737,55.2259,53.5326,54.7742,1673072.8287413,0
EIX.US,D,20210203,000000,54.5054,55.0421,54.4408,54.5514,2639029.57558,0
EIX.US,D,20210204,000000,54.6442,54.9629,54.2131,54.5152,2513954.9120626,0
EIX.US,D,20210205,000000,54.9493,54.9493,54.1251,54.2913,2295373.4407784,0
EIX.US,D,20210208,000000,54.2003,54.2081,53.1161,53.4407,1615277.5285833,0
EIX.US,D,20210209,000000,53.4681,53.6343,52.5139,53.4867,2362253.8843094,0
EIX.US,D,20210210,000000,53.8103,54.5982,53.6167,54.1809,2257275.574299,0
EIX.US,D,20210211,000000,54.1809,54.348,53.9315,54.0049,958068.36295078,0
EIX.US,D,20210212,000000,53.8298,54.1251,53.0839,53.6079,1304441.2440705,0
EIX.US,D,20210216,000000,53.6626,54.0879,52.728,52.7466,2741992.8290215,0
EIX.US,D,20210217,000000,52.8668,52.8668,51.9312,52.293,2831390.7625562,0
EIX.US,D,20210218,000000,51.9782,52.1014,51.4971,51.5519,3935337.9695088,0
EIX.US,D,20210219,000000,51.6077,51.988,51.0984,51.1168,3552736.0078748,0
EIX.US,D,20210222,000000,51.0612,51.4601,50.5528,51.2381,2790992.4583999,0
EIX.US,D,20210223,000000,51.8208,52.4309,51.2655,51.7641,2981547.2545636,0
EIX.US,D,20210224,000000,51.5519,52.5716,51.1824,52.2744,2035214.294666,0
EIX.US,D,20210225,000000,52.1248,52.5423,51.2743,51.5245,2400161.4967169,0
EIX.US,D,20210226,000000,51.3486,51.9586,49.9124,49.9789,3147735.2093142,0
EIX.US,D,20210301,000000,50.543,51.8853,50.4785,50.8295,1783374.1612818,0
EIX.US,D,20210302,000000,50.7835,51.3212,50.2292,50.8207,1806972.8263075,0
EIX.US,D,20210303,000000,50.6633,52.0242,50.3396,51.6536,3788412.7281111,0
EIX.US,D,20210304,000000,52.071,53.2461,51.5705,52.7828,4099998.7773267,0
EIX.US,D,20210305,000000,53.1064,54.0508,52.8014,53.4133,2825126.6983796,0
EIX.US,D,20210308,000000,53.6079,53.9873,53.0976,53.1259,3161486.6918076,0
EIX.US,D,20210309,000000,53.1445,53.515,52.6156,53.1895,6826170.8551041,0
EIX.US,D,20210310,000000,53.4133,53.9315,52.8668,53.8944,2797943.8921269,0
EIX.US,D,20210311,000000,53.4495,54.5054,53.1064,53.2373,1558534.7630492,0
EIX.US,D,20210312,000000,53.5698,54.041,53.4085,53.8944,1714282.2698818,0
EIX.US,D,20210315,000000,54.1251,55.4684,54.1251,55.1428,1410653.1369348,0
EIX.US,D,20210316,000000,54.7088,55.1907,54.6814,55.134,1252547.9116295,0
EIX.US,D,20210317,000000,55.3012,55.7548,55.0421,55.1164,1614787.5732043,0
EIX.US,D,20210318,000000,55.1164,55.3012,54.2003,54.2081,2083045.8049573,0
EIX.US,D,20210319,000000,54.3109,55.8007,54.1721,55.0509,6927216.2247555,0
EIX.US,D,20210322,000000,54.5328,54.8661,54.1437,54.783,2306249.6318936,0
EIX.US,D,20210323,000000,54.7088,55.3384,54.3744,54.6618,2621122.1667721,0
EIX.US,D,20210324,000000,54.3382,55.8673,54.3382,55.4772,2071938.4449159,0
EIX.US,D,20210325,000000,55.6727,55.9307,55.1428,55.8379,2732264.2995664,0
EIX.US,D,20210326,000000,55.9953,56.2182,55.4116,56.1703,1038464.0056922,0
EIX.US,D,20210329,000000,55.8751,56.449,55.57,55.9307,1797284.1888353,0
EIX.US,D,20210330,000000,55.7734,55.7929,55.2406,55.6336,1778356.9772867,0
EIX.US,D,20210331,000000,55.7655,55.8595,54.7733,54.8476,3214721.0085947,0
EIX.US,D,20210401,000000,54.7537,55.0069,54.2434,54.5572,3446701.0717549,0
EIX.US,D,20210405,000000,55.0627,56.8224,54.9043,55.9797,1701347.0387296,0
EIX.US,D,20210406,000000,55.7177,56.3726,55.4752,56.3638,1714574.8110893,0
EIX.US,D,20210407,000000,56.3922,56.7569,55.7323,56.1214,1432200.9448942,0
EIX.US,D,20210408,000000,56.1664,56.532,55.9895,56.4666,1727628.6953188,0
EIX.US,D,20210409,000000,56.4666,56.5887,55.7089,55.8859,1700212.6743971,0
EIX.US,D,20210412,000000,55.8859,56.2935,55.7274,56.008,1688620.4733336,0
EIX.US,D,20210413,000000,55.5407,56.7569,55.4928,56.5046,1330115.315075,0
EIX.US,D,20210414,000000,56.318,57.1499,56.318,57.1402,1545292.6704905,0
EIX.US,D,20210415,000000,56.9905,57.5067,56.7197,57.5067,1420163.7947914,0
EIX.US,D,20210416,000000,57.7775,57.7961,57.2634,57.4315,1522572.6519586,0
EIX.US,D,20210419,000000,57.5909,57.7209,56.9163,57.2066,1027470.1843713,0
EIX.US,D,20210420,000000,57.0658,57.7775,57.0658,57.5811,1626883.0269743,0
EIX.US,D,20210421,000000,57.4872,57.7961,56.9632,57.234,2000612.6024772,0
EIX.US,D,20210422,000000,57.234,57.323,55.6629,55.6727,1722225.8888229,0
EIX.US,D,20210423,000000,55.8213,55.9337,55.1565,55.399,1664360.0105414,0
EIX.US,D,20210426,000000,55.3726,55.399,54.8857,55.1007,1607348.2298411,0
EIX.US,D,20210427,000000,54.96,55.1183,54.7352,54.7537,1539107.3674083,0
EIX.US,D,20210428,000000,54.8476,55.0343,53.9305,54.6598,2403950.2122148,0
EIX.US,D,20210429,000000,54.7918,55.5788,54.6276,55.0919,1430286.1297181,0
EIX.US,D,20210430,000000,55.2601,55.6434,54.9317,55.6434,2202781.0800028,0
EIX.US,D,20210503,000000,55.7929,56.4578,55.5407,55.5788,2543489.2995599,0
EIX.US,D,20210504,000000,55.8017,55.9483,54.9229,55.7929,1827661.4223289,0
EIX.US,D,20210505,000000,55.569,55.569,54.0049,54.5112,1270980.0534422,0
EIX.US,D,20210506,000000,54.698,55.2083,54.2483,55.1379,2113564.194698,0
EIX.US,D,20210507,000000,54.9131,55.8213,54.7918,54.829,1964980.8788341,0
EIX.US,D,20210510,000000,55.222,55.9053,55.0627,55.2122,2018542.5144547,0
EIX.US,D,20210511,000000,55.1565,55.3344,54.3147,54.8759,1776647.7592529,0
EIX.US,D,20210512,000000,55.1007,55.1281,53.1719,53.1719,2019094.8649863,0
EIX.US,D,20210513,000000,53.1631,54.8564,53.0321,54.5856,1631896.119484,0
EIX.US,D,20210514,000000,54.6794,55.2034,54.5014,54.651,1497713.8094238,0
EIX.US,D,20210517,000000,54.6139,54.7772,54.0146,54.0713,1163207.2588906,0
EIX.US,D,20210518,000000,53.734,54.0801,53.3175,53.8748,2722939.8042963,0
EIX.US,D,20210519,000000,53.6871,54.0146,53.2471,53.9491,1625181.9919114,0
EIX.US,D,20210520,000000,53.912,54.3519,53.8552,53.9873,1304538.4168492,0
EIX.US,D,20210521,000000,54.0889,54.5572,53.8836,54.4458,1646173.3578538,0
EIX.US,D,20210524,000000,54.7264,54.8661,54.1827,54.6324,1235210.2421663,0
EIX.US,D,20210525,000000,54.5572,54.698,52.1229,52.1806,3099653.095541,0
EIX.US,D,20210526,000000,52.3487,52.994,52.0486,52.5257,2743275.5097004,0
EIX.US,D,20210527,000000,52.7418,52.817,51.7964,51.8716,4203652.4689327,0
EIX.US,D,20210528,000000,52.2832,52.4425,51.946,52.293,1436208.5548621,0
EIX.US,D,20210601,000000,52.4611,52.7418,51.6839,52.0584,2305619.543139,0
EIX.US,D,20210602,000000,52.0779,52.6772,51.7964,52.4973,2097931.6517831,0
EIX.US,D,20210603,000000,52.4133,52.8816,52.1806,52.6293,1660534.4716746,0
EIX.US,D,20210604,000000,52.733,52.948,52.6674,52.8542,1460387.1879459,0
EIX.US,D,20210607,000000,53.078,53.1807,52.6009,52.6097,1711043.8591726,0
EIX.US,D,20210608,000000,52.6195,53.3039,52.2265,53.1533,2060210.2019623,0
EIX.US,D,20210609,000000,53.2569,53.4808,53.1533,53.2471,1886928.6343664,0
EIX.US,D,20210610,000000,53.3323,53.9491,53.1807,53.8084,2256753.9099081,0
EIX.US,D,20210611,000000,53.8552,54.3695,53.6871,54.2581,1877735.0666298,0
EIX.US,D,20210614,000000,54.6892,55.1761,54.4546,54.9229,2852949.8221005,0
EIX.US,D,20210615,000000,54.9785,55.3246,54.6422,54.8378,2861792.5449624,0
EIX.US,D,20210616,000000,55.1663,55.4185,54.0801,54.0801,1886975.6864488,0
EIX.US,D,20210617,000000,54.0341,54.2854,53.3127,53.3323,1780045.7378934,0
EIX.US,D,20210618,000000,52.8356,53.5649,52.0124,52.0212,4250527.5945073,0
EIX.US,D,20210621,000000,52.4425,52.686,51.8716,52.5071,2505937.6463839,0
EIX.US,D,20210622,000000,52.3487,52.7036,52.0584,52.0965,2118886.1943567,0
EIX.US,D,20210623,000000,51.9186,52.119,51.1794,51.4875,1553336.5308244,0
EIX.US,D,20210624,000000,51.4777,51.8668,51.2811,51.7406,1740934.2059015,0
EIX.US,D,20210625,000000,51.6751,53.3596,51.637,53.3498,4036704.5207656,0
EIX.US,D,20210628,000000,53.3684,54.0146,52.9098,53.9403,2520368.3154569,0
EIX.US,D,20210629,000000,53.9589,54.5954,53.6128,53.7438,2681906.2970288,0
EIX.US,D,20210630,000000,53.8181,54.3617,53.7663,54.1183,2121334.94838,0
EIX.US,D,20210701,000000,53.7516,54.3147,53.4124,54.2023,2887258.9730818,0
EIX.US,D,20210702,000000,54.2893,54.3187,53.6744,54.0156,1647878.4844022,0
EIX.US,D,20210706,000000,54.0156,54.3568,53.6089,54.3187,2038132.5466411,0
EIX.US,D,20210707,000000,54.3089,54.612,53.911,54.5836,1538674.6928252,0
EIX.US,D,20210708,000000,54.4418,54.6403,54.1583,54.4604,2150167.646128,0
EIX.US,D,20210709,000000,54.8388,55.2513,54.5738,55.1809,1571511.9319271,0
EIX.US,D,20210712,000000,55.0373,55.1985,54.697,55.1037,1522187.0294578,0
EIX.US,D,20210713,000000,54.7352,54.7918,53.8924,54.2619,2982750.1512768,0
EIX.US,D,20210714,000000,54.1475,54.4233,53.5238,54.1955,2656502.264062,0
EIX.US,D,20210715,000000,53.9775,54.6403,53.7496,54.5934,1978684.2863738,0
EIX.US,D,20210716,000000,54.8104,55.5348,54.6882,54.9053,2081053.2515582,0
EIX.US,D,20210719,000000,54.612,54.6784,52.4143,53.2013,2912731.5384294,0
EIX.US,D,20210720,000000,53.1719,54.1809,53.1533,53.826,2138057.872159,0
EIX.US,D,20210721,000000,54.0253,54.4888,53.1817,53.211,1608923.4517275,0
EIX.US,D,20210722,000000,53.0966,53.2813,52.7182,52.9265,1429354.2939138,0
EIX.US,D,20210723,000000,52.9265,53.3527,52.6332,53.2393,2033452.9101931,0
EIX.US,D,20210726,000000,53.1817,53.5326,51.9322,52.5384,3437982.1163269,0
EIX.US,D,20210727,000000,52.3203,54.1573,52.075,54.1105,3025767.0061013,0
EIX.US,D,20210728,000000,53.9775,54.4888,53.3527,53.7976,1462725.4718629,0
EIX.US,D,20210729,000000,54.1105,54.479,53.6089,54.1769,1670805.1229477,0
EIX.US,D,20210730,000000,53.911,54.2043,51.2606,51.6008,4874946.5731202,0
EIX.US,D,20210802,000000,51.7807,53.0213,51.7807,52.1688,1834850.1622101,0
EIX.US,D,20210803,000000,52.2157,52.5677,51.6761,52.4435,2030280.986122,0
EIX.US,D,20210804,000000,52.075,52.1982,51.3828,51.941,1653224.0101021,0
EIX.US,D,20210805,000000,51.9146,52.5863,51.7612,52.293,1558537.8316633,0
EIX.US,D,20210806,000000,52.5091,52.5091,52.075,52.1405,1532480.1839008,0
EIX.US,D,20210809,000000,52.2157,52.6332,52.1405,52.4915,1364267.9667391,0
EIX.US,D,20210810,000000,52.4827,53.2765,52.2451,52.907,1442791.7549013,0
EIX.US,D,20210811,000000,53.0116,54.1573,52.861,54.1007,1833920.3721487,0
EIX.US,D,20210812,000000,54.0625,54.2893,53.7164,53.9961,1247988.9740014,0
EIX.US,D,20210813,000000,54.2522,54.2522,53.7976,53.9677,1617957.4515326,0
EIX.US,D,20210816,000000,54.1007,54.8965,53.8064,54.2327,1341812.871888,0
EIX.US,D,20210817,000000,53.9775,54.5357,53.8357,54.5269,1405607.3125417,0
EIX.US,D,20210818,000000,54.6306,55.5398,54.3372,55.4546,2167789.6738278,0
EIX.US,D,20210819,000000,55.4644,56.1732,54.8573,55.1037,2825159.430263,0
EIX.US,D,20210820,000000,54.9913,56.4578,54.6491,56.363,1574098.7735833,0
EIX.US,D,20210823,000000,56.4958,56.5995,55.8047,56.0129,1917388.7204398,0
EIX.US,D,20210824,000000,56.1928,56.1928,55.4742,55.8145,1482418.8140562,0
EIX.US,D,20210825,000000,55.7294,55.8897,55.1321,55.2748,1435303.3137132,0
EIX.US,D,20210826,000000,55.265,55.265,54.3793,54.5934,2251533.1745134,0
EIX.US,D,20210827,000000,54.5934,54.872,54.2239,54.4692,1707784.9910364,0
EIX.US,D,20210830,000000,54.4692,54.6686,54.1573,54.4692,1665737.8182563,0
EIX.US,D,20210831,000000,54.4506,54.8915,54.2327,54.7635,2426757.1748119,0
EIX.US,D,20210901,000000,55.0373,55.5192,54.6452,55.1419,1399316.65371,0
EIX.US,D,20210902,000000,55.3794,55.9943,55.1711,55.9845,1098609.8642234,0
EIX.US,D,20210903,000000,55.8701,55.9747,55.351,55.53,976452.4298099,0
EIX.US,D,20210907,000000,55.4546,55.8243,54.8867,55.5104,1524086.5015636,0
EIX.US,D,20210908,000000,55.5495,56.5154,55.2846,55.9474,1500076.6422534,0
EIX.US,D,20210909,000000,55.4352,55.7196,55.3824,55.5398,1659097.3374212,0
EIX.US,D,20210910,000000,55.484,55.6052,54.9521,55.0373,2185837.2160112,0
EIX.US,D,20210913,000000,55.5398,56.4108,55.4352,55.9181,1411875.4682037,0
EIX.US,D,20210914,000000,56.052,56.1077,55.1516,55.3696,1515414.598218,0
EIX.US,D,20210915,000000,55.2934,56.1635,55.1037,55.8995,1337067.7716734,0
EIX.US,D,20210916,000000,55.7753,55.8701,54.4418,54.479,1714485.8212814,0
EIX.US,D,20210917,000000,54.347,55.4068,54.347,54.6784,3671560.9274145,0
EIX.US,D,20210920,000000,54.0351,55.0959,53.9873,54.5269,2122101.0790247,0
EIX.US,D,20210921,000000,54.6032,55.1321,54.5552,54.6491,1286178.8989027,0
EIX.US,D,20210922,000000,55.0861,55.6766,54.7439,55.2464,1658361.8929171,0
EIX.US,D,20210923,000000,55.4546,55.7577,54.5357,54.5454,1620277.3237653,0
EIX.US,D,20210924,000000,54.5934,54.8212,54.3372,54.5084,1338766.7609936,0
EIX.US,D,20210927,000000,54.6882,55.5348,54.4888,54.6306,2131486.9465761,0
EIX.US,D,20210928,000000,54.7537,54.9521,53.826,54.0821,2156902.2311278,0
EIX.US,D,20210929,000000,54.085,54.612,53.864,54.0557,1888034.3583008,0
EIX.US,D,20210930,000000,53.998,54.1613,53.0976,53.1367,2239891.8756249,0
EIX.US,D,20211001,000000,53.5962,53.5962,52.6674,52.7242,1797151.2155591,0
EIX.US,D,20211004,000000,52.7242,54.0078,52.7242,53.864,1717549.3209889,0
EIX.US,D,20211005,000000,53.8934,54.2091,53.2423,53.3381,1246738.0023344,0
EIX.US,D,20211006,000000,53.0116,54.2571,52.7818,54.2287,1250073.5858224,0
EIX.US,D,20211007,000000,54.2189,55.5602,54.0557,54.7166,2275707.7161118,0
EIX.US,D,20211008,000000,54.7361,55.0813,54.563,54.7361,1378590.2114485,0
EIX.US,D,20211011,000000,54.7166,54.8407,53.5962,53.7302,1809029.8206019,0
EIX.US,D,20211012,000000,53.606,53.8445,53.0262,53.1934,1941768.8591805,0
EIX.US,D,20211013,000000,53.3381,54.2189,53.0595,54.0459,1450836.6381066,0
EIX.US,D,20211014,000000,54.2287,54.3333,53.9413,54.2189,1677540.7308188,0
EIX.US,D,20211015,000000,54.3627,55.1673,54.3627,54.9365,2450767.0341222,0
EIX.US,D,20211018,000000,54.4868,55.1243,54.2189,54.7547,1683299.4965461,0
EIX.US,D,20211019,000000,55.1673,55.5016,54.7645,55.0998,1657310.3811644,0
EIX.US,D,20211020,000000,55.3296,56.5086,55.2826,56.4694,1559747.888476,0
EIX.US,D,20211021,000000,56.2974,56.8429,56.182,56.8048,1386991.0538851,0
EIX.US,D,20211022,000000,56.9006,57.9447,56.8048,57.9066,1490971.0414533,0
EIX.US,D,20211025,000000,57.935,58.7874,57.7052,58.5293,1932727.6992757,0
EIX.US,D,20211026,000000,58.6056,59.2831,58.3671,58.8832,1644040.671079,0
EIX.US,D,20211027,000000,59.1042,59.6595,58.9888,59.593,1781376.4935259,0
EIX.US,D,20211028,000000,59.6214,60.1963,59.4835,60.1581,1819956.1324135,0
EIX.US,D,20211029,000000,59.9665,60.3977,59.8462,60.2823,3848218.9933525,0
EIX.US,D,20211101,000000,60.3107,60.7134,60.0906,60.6372,1825515.4382266,0
EIX.US,D,20211102,000000,60.7516,60.9725,59.9567,60.8669,3277798.4164288,0
EIX.US,D,20211103,000000,59.2098,60.1679,58.5783,60.1581,4542134.9204219,0
EIX.US,D,20211104,000000,59.813,60.4641,59.4209,60.3879,3879522.9482935,0
EIX.US,D,20211105,000000,60.7896,61.4984,60.4934,61.3557,3221028.0333682,0
EIX.US,D,20211108,000000,61.3361,61.4701,60.4934,61.3743,3406399.9403773,0
EIX.US,D,20211109,000000,61.5571,62.3998,61.125,61.8817,4273165.7833309,0
EIX.US,D,20211110,000000,61.9775,62.8495,61.7292,62.7058,2985950.7157459,0
EIX.US,D,20211111,000000,62.4663,62.7831,61.8817,62.476,2542880.6911038,0
EIX.US,D,20211112,000000,62.39,62.5719,61.4418,61.5376,1163040.5308599,0
EIX.US,D,20211115,000000,61.9775,62.5426,61.69,61.8621,2012965.8198286,0
EIX.US,D,20211116,000000,61.8817,61.8817,61.0439,61.0869,1678582.013858,0
EIX.US,D,20211117,000000,60.8474,61.8445,60.5316,61.7487,2050599.302713,0
EIX.US,D,20211118,000000,61.7761,61.9775,61.1729,61.8817,2286654.4853504,0
EIX.US,D,20211119,000000,61.9403,62.6579,61.4613,62.1691,2007781.9078027,0
EIX.US,D,20211122,000000,61.9403,62.7831,61.8719,62.1593,1940194.6601655,0
EIX.US,D,20211123,000000,62.2551,62.9551,62.1789,62.7635,2274968.1801224,0
EIX.US,D,20211124,000000,62.9845,63.4244,62.523,63.3668,1823642.560776,0
EIX.US,D,20211126,000000,62.5622,62.8887,61.8915,62.2082,1007842.3059448,0
EIX.US,D,20211129,000000,62.5816,63.4538,62.2082,63.2904,2141115.2346384,0
EIX.US,D,20211130,000000,62.9073,63.0031,62.2278,62.5328,4553794.6309948,0
EIX.US,D,20211201,000000,63.0989,63.6258,62.5054,62.8593,3082065.8454672,0
EIX.US,D,20211202,000000,62.9161,63.6444,62.611,62.7342,3105881.3592202,0
EIX.US,D,20211203,000000,63.223,63.8653,62.6872,63.8077,2529528.1284388,0
EIX.US,D,20211206,000000,64.7179,65.4843,64.5927,65.3122,2576192.5425144,0
EIX.US,D,20211207,000000,65.1774,65.4941,64.3532,64.4304,2486921.4450276,0
EIX.US,D,20211208,000000,64.45,64.7179,64.0178,64.0569,2044052.9260424,0
EIX.US,D,20211209,000000,63.8457,64.358,63.3384,63.7118,2111385.4787123,0
EIX.US,D,20211210,000000,64.2094,64.7081,63.8457,64.2388,1549742.1608837,0
EIX.US,D,20211213,000000,63.9699,64.3913,63.6102,64.0657,1995437.8962934,0
EIX.US,D,20211214,000000,64.143,64.5457,63.4244,63.5583,1813855.7276537,0
EIX.US,D,20211215,000000,63.7314,64.5115,63.616,64.4685,2119747.4520374,0
EIX.US,D,20211216,000000,64.4969,65.4256,64.4108,65.101,1745644.5284901,0
EIX.US,D,20211217,000000,64.842,65.2066,63.7314,63.8937,5049173.2738479,0
EIX.US,D,20211220,000000,63.5202,64.3444,62.8789,64.315,3133116.331912,0
EIX.US,D,20211221,000000,64.6787,65.2066,64.0472,64.4108,1807991.6061769,0
EIX.US,D,20211222,000000,64.3825,64.929,64.2964,64.7745,1277697.249629,0
EIX.US,D,20211223,000000,64.5829,65.1528,64.5829,64.8234,918061.8185234,0
EIX.US,D,20211227,000000,64.8234,65.0199,64.3052,64.7745,622312.88649344,0
EIX.US,D,20211228,000000,64.6787,65.3983,64.6699,65.3298,724238.94838124,0
EIX.US,D,20211229,000000,65.3689,65.6955,65.0718,65.5605,1096873.0286631,0
EIX.US,D,20211230,000000,65.3572,65.5605,64.448,65.454,1822742.4339838,0
EIX.US,D,20211231,000000,65.5801,66.4121,65.4344,66.0542,1083255.5423171,0
EIX.US,D,20220103,000000,66.1412,66.1412,64.4089,65.3376,1631933.9657242,0
EIX.US,D,20220104,000000,65.3474,65.8216,64.4568,64.5252,2483844.6479925,0
EIX.US,D,20220105,000000,64.3316,64.4089,63.005,63.1018,3457456.5640502,0
EIX.US,D,20220106,000000,63.0343,63.528,62.3764,62.5406,2565282.5966445,0
EIX.US,D,20220107,000000,62.3568,63.5574,61.825,62.9082,3826327.5006179,0
EIX.US,D,20220110,000000,62.9082,63.5769,62.5308,63.528,2791228.7416828,0
EIX.US,D,20220111,000000,63.5085,63.7118,62.173,62.2894,1826754.1354372,0
EIX.US,D,20220112,000000,61.9413,62.744,61.7184,62.3568,2163167.3181756,0
EIX.US,D,20220113,000000,62.2317,62.6325,61.8631,62.0087,2970327.3786732,0
EIX.US,D,20220114,000000,61.7761,62.1828,60.9236,61.6988,2704743.9457665,0
EIX.US,D,20220118,000000,61.4085,62.1925,60.6538,61.6988,2994934.5948547,0
EIX.US,D,20220119,000000,61.651,62.3666,61.4476,61.4574,1918726.6361719,0
EIX.US,D,20220120,000000,61.5826,62.3666,61.1671,61.3411,1851111.7710081,0
EIX.US,D,20220121,000000,61.6412,61.6412,60.7984,60.9539,1883019.2200485,0
EIX.US,D,20220124,000000,60.5374,60.8766,58.7278,60.2667,3021512.8841368,0
EIX.US,D,20220125,000000,59.5021,60.2177,59.1824,59.7827,2225708.7414198,0
EIX.US,D,20220126,000000,60.034,60.9099,59.55,60.1112,2008040.6942555,0
EIX.US,D,20220127,000000,60.6146,60.9637,59.2645,59.5217,1849818.8616157,0
EIX.US,D,20220128,000000,59.2694,60.4025,59.2117,60.0242,2818705.1120145,0
EIX.US,D,20220131,000000,59.7436,60.992,59.5217,60.7702,5877667.3621917,0
EIX.US,D,20220201,000000,60.8854,61.4378,59.3467,59.6859,3230527.4396398,0
EIX.US,D,20220202,000000,59.6185,60.1209,59.55,59.9186,2268820.7232802,0
EIX.US,D,20220203,000000,59.8306,60.1405,59.4151,59.4151,1554983.3537055,0
EIX.US,D,20220204,000000,58.9214,59.6664,58.4179,59.1922,1701175.1963419,0
EIX.US,D,20220207,000000,59.0954,59.725,58.984,59.5793,1703976.8409827,0
EIX.US,D,20220208,000000,59.9186,60.073,59.3329,59.5598,1855100.9692916,0
EIX.US,D,20220209,000000,59.899,60.1405,59.5598,59.7827,1226905.549637,0
EIX.US,D,20220210,000000,59.2499,59.7338,58.3983,58.6213,2746630.5277439,0
EIX.US,D,20220211,000000,58.7659,59.4679,58.1276,58.3113,1522211.5783704,0
EIX.US,D,20220214,000000,58.4081,58.5147,57.4598,58.1276,1598322.4130067,0
EIX.US,D,20220215,000000,58.4179,58.6691,57.5077,57.9144,1980190.9758794,0
EIX.US,D,20220216,000000,57.9916,58.4277,57.4794,57.9916,1814408.0781853,0
EIX.US,D,20220217,000000,58.0014,58.6311,57.6437,58.3113,1934698.7723764,0
EIX.US,D,20220218,000000,58.1471,58.5343,57.8274,58.0112,4421267.3267866,0
EIX.US,D,20220222,000000,58.2048,58.7229,57.7501,58.1471,1936443.7909076,0
EIX.US,D,20220223,000000,58.1178,58.4473,57.0824,57.1216,1263117.2413382,0
EIX.US,D,20220224,000000,56.8889,57.3152,55.9983,57.2564,1921211.1906926,0
EIX.US,D,20220225,000000,57.8274,60.5413,57.5859,60.3439,2534171.9643894,0
EIX.US,D,20220228,000000,60.2471,61.6598,59.9762,61.3792,2997494.8418556,0
EIX.US,D,20220301,000000,61.3606,62.2503,60.8571,61.602,2289872.4386326,0
EIX.US,D,20220302,000000,61.8924,63.093,61.6598,62.4154,2473584.2254329,0
EIX.US,D,20220303,000000,62.6374,63.3638,62.5504,63.1507,2690302.0251087,0
EIX.US,D,20220304,000000,62.9082,63.5476,62.3666,63.4802,2101943.3532365,0
EIX.US,D,20220307,000000,63.6346,64.3218,63.0245,64.0608,1732169.2212625,0
EIX.US,D,20220308,000000,64.225,64.4186,63.0539,63.0734,1404066.8682815,0
EIX.US,D,20220309,000000,63.6825,64.1381,63.3149,63.3638,1654240.7442287,0
EIX.US,D,20220310,000000,63.0441,63.8183,63.0343,63.6444,933735.2762924,0
EIX.US,D,20220311,000000,63.6541,64.0511,62.6276,62.7058,1121300.2194861,0
EIX.US,D,20220314,000000,63.4214,63.6893,62.2698,62.5406,1344786.3589163,0
EIX.US,D,20220315,000000,63.1702,64.0608,62.8505,64.0022,1420711.0309662,0
EIX.US,D,20220316,000000,64.1185,64.6415,63.3052,64.1762,1926167.0024064,0
EIX.US,D,20220317,000000,64.1664,64.6895,63.7989,64.0608,1456636.318688,0
EIX.US,D,20220318,000000,63.8281,64.1576,62.4634,62.57,5303863.1268264,0
EIX.US,D,20220321,000000,62.8212,63.4214,62.5895,63.3344,1452724.8586275,0
EIX.US,D,20220322,000000,63.7314,64.143,63.2474,63.8183,2260598.8833306,0
EIX.US,D,20220323,000000,63.8281,64.5829,63.6248,64.4568,2745346.8241938,0
EIX.US,D,20220324,000000,64.5448,65.2995,64.3894,64.8058,2971378.890426,0
EIX.US,D,20220325,000000,65.0766,66.6926,64.8253,66.5763,2300600.3134012,0
EIX.US,D,20220328,000000,66.5959,66.9928,66.1706,66.983,1348729.5279889,0
EIX.US,D,20220329,000000,67.1482,67.5061,66.4521,67.4865,1270689.5579775,0
EIX.US,D,20220330,000000,67.7504,67.9166,67.3301,67.9069,1294222.7592365,0
EIX.US,D,20220331,000000,67.6038,68.8161,67.4034,68.5326,3257806.3958,0
EIX.US,D,20220401,000000,68.6792,69.4808,67.8286,69.4516,1989558.4317462,0
EIX.US,D,20220404,000000,69.0801,69.2756,68.2197,69.2169,1474745.2331527,0
EIX.US,D,20220405,000000,69.3831,70.3314,68.4837,68.7184,1663309.52166,0
EIX.US,D,20220406,000000,68.8161,69.9599,68.4739,69.9403,1854343.0216178,0
EIX.US,D,20220407,000000,69.8524,69.8524,68.601,69.1093,1784572.9665096,0
EIX.US,D,20220408,000000,69.6666,70.4194,69.1583,70.3412,2312034.9922761,0
EIX.US,D,20220411,000000,70.4194,70.4194,69.0703,69.2169,2298000.1744175,0
EIX.US,D,20220412,000000,69.2658,70.4096,68.9921,70.2728,1682862.7304777,0
EIX.US,D,20220413,000000,70.2826,70.9962,69.8328,70.8398,2162670.2026973,0
EIX.US,D,20220414,000000,70.8691,71.0158,70.2043,70.2337,1040806.3810946,0
EIX.US,D,20220418,000000,70.478,70.8301,69.8279,70.1457,920765.26751404,0
EIX.US,D,20220419,000000,70.2826,70.7127,70.0968,70.2043,1199894.5857719,0
EIX.US,D,20220420,000000,70.8985,71.4312,70.7518,71.1233,1206150.4669775,0
EIX.US,D,20220421,000000,70.9375,71.6805,70.654,71.0842,1137543.4165998,0
EIX.US,D,20220422,000000,70.9865,71.0647,69.9403,70.0185,1304582.4003175,0
EIX.US,D,20220425,000000,70.263,70.39,68.4153,69.6764,1701863.5887636,0
EIX.US,D,20220426,000000,69.3049,70.0577,68.5814,68.6596,1496091.5354552,0
EIX.US,D,20220427,000000,68.8845,69.4711,68.2589,68.8356,1663529.4390013,0
EIX.US,D,20220428,000000,69.2071,69.8035,68.5619,69.2169,1460562.0989476,0
EIX.US,D,20220429,000000,69.0311,69.0703,67.1541,67.2519,2630822.0558294,0
EIX.US,D,20220502,000000,67.7016,68.0633,65.7561,66.3915,2170600.5243107,0
EIX.US,D,20220503,000000,66.9976,68.1513,66.5479,66.8902,2130735.1361303,0
EIX.US,D,20220504,000000,66.7337,69.0116,66.7337,68.7868,2044419.1139874,0
EIX.US,D,20220505,000000,68.6694,69.0947,66.6946,67.2812,1365561.8990029,0
EIX.US,D,20220506,000000,67.0954,68.8943,67.0954,68.7281,1624408.7011672,0
EIX.US,D,20220509,000000,68.4935,69.2169,67.594,68.4935,2693275.512137,0
EIX.US,D,20220510,000000,67.8092,69.0899,65.3259,65.981,2779496.4072437,0
EIX.US,D,20220511,000000,66.1276,67.8384,65.9907,66.8902,1735081.3360095,0
EIX.US,D,20220512,000000,64.5731,65.8147,62.8915,63.4098,4561745.4100354,0
EIX.US,D,20220513,000000,64.2016,64.3776,63.3168,63.9963,3071392.1828803,0
EIX.US,D,20220516,000000,64.3482,65.5312,64.0745,65.101,2578331.3665171,0
EIX.US,D,20220517,000000,65.5215,65.5215,64.2896,65.1694,2125041.8341697,0
EIX.US,D,20220518,000000,65.2672,65.541,64.2114,64.358,1509732.5478423,0
EIX.US,D,20220519,000000,64.2994,64.5438,63.1165,64.3776,2094536.7417566,0
EIX.US,D,20220520,000000,64.2408,64.6415,63.3608,64.3776,1929895.3684945,0
EIX.US,D,20220523,000000,65.101,65.6192,64.446,64.9642,1366789.3446286,0
EIX.US,D,20220524,000000,65.062,66.5871,64.5731,66.5577,1280230.9019747,0
EIX.US,D,20220525,000000,66.5187,66.9488,66.0494,66.8902,1436398.8089341,0
EIX.US,D,20220526,000000,67.2421,68.1611,67.0744,67.4865,2116494.7211293,0
EIX.US,D,20220527,000000,67.2714,69.0409,67.2626,68.4935,2353251.5935162,0
EIX.US,D,20220531,000000,67.8874,68.5814,67.2714,68.3468,3746318.5032486,0
EIX.US,D,20220601,000000,68.6596,68.7086,67.0466,68.1709,2101227.3432881,0
EIX.US,D,20220602,000000,68.5032,68.909,66.8608,68.7868,1526718.3495595,0
EIX.US,D,20220603,000000,68.4348,68.8845,68.0975,68.2197,1455851.7763589,0
EIX.US,D,20220606,000000,68.1513,68.4104,67.6429,67.8482,1261090.9331845,0
EIX.US,D,20220607,000000,67.7602,68.689,67.4669,68.6596,1669683.0330716,0
EIX.US,D,20220608,000000,68.2001,68.6078,67.3789,67.5843,1229613.0901131,0
EIX.US,D,20220609,000000,67.9851,68.6498,65.1598,65.2477,1442715.0395498,0
EIX.US,D,20220610,000000,64.3678,66.0102,64.143,65.4823,1661918.4166175,0
EIX.US,D,20220613,000000,64.2602,64.7345,60.6576,60.9852,2638256.2848357,0
EIX.US,D,20220614,000000,61.3763,61.3958,58.8735,59.6165,2033718.8567454,0
EIX.US,D,20220615,000000,60.076,60.7408,58.893,59.7632,1941366.8707381,0
EIX.US,D,20220616,000000,58.8442,59.1179,57.7883,58.981,2225210.60307,0
EIX.US,D,20220617,000000,59.2548,59.4991,57.2897,57.6025,4013919.0384668,0
EIX.US,D,20220621,000000,57.8567,59.2939,57.7395,58.9322,1876859.4887501,0
EIX.US,D,20220622,000000,58.4335,59.3801,58.2282,58.7757,1412910.6140147,0
EIX.US,D,20220623,000000,58.942,59.5871,58.9272,59.3623,1416577.6078215,0
EIX.US,D,20220624,000000,59.6165,61.5474,59.4894,61.386,1710240.9051592,0
EIX.US,D,20220627,000000,61.2981,62.0899,61.0439,61.8553,1532607.0199488,0
EIX.US,D,20220628,000000,62.2366,62.5885,60.907,60.995,1707547.6848821,0
EIX.US,D,20220629,000000,61.2687,61.4936,60.5941,61.4544,1033008.0098859,0
EIX.US,D,20220630,000000,61.0829,62.3246,60.7016,61.826,2284817.4083973,0
EIX.US,D,20220701,000000,62.0237,63.1111,61.8161,63.0221,1785289.3393851,0
EIX.US,D,20220705,000000,62.6663,62.7651,59.6412,60.9857,1863552.9048034,0
EIX.US,D,20220706,000000,61.391,62.2313,60.7978,61.5393,1262272.8577807,0
EIX.US,D,20220707,000000,61.8952,62.5575,61.7172,62.0039,1738662.9882878,0
EIX.US,D,20220708,000000,62.1324,62.1571,61.3613,61.7568,953449.90661721,0
EIX.US,D,20220711,000000,61.5096,62.1522,61.0499,61.7864,841330.79937404,0
EIX.US,D,20220712,000000,61.3514,62.3796,61.2427,61.5689,714603.90942174,0
EIX.US,D,20220713,000000,60.8967,62.2214,60.7187,61.4898,1287129.6574838,0
EIX.US,D,20220714,000000,59.1864,60.7089,59.048,60.5902,1929477.5924788,0
EIX.US,D,20220715,000000,61.1241,61.1241,60.0564,60.8571,1141029.5763089,0
EIX.US,D,20220718,000000,60.699,61.0351,60.0959,60.2838,1080705.8368269,0
EIX.US,D,20220719,000000,60.7187,61.4404,60.4123,60.9362,1378663.7375037,0
EIX.US,D,20220720,000000,60.956,61.2229,59.918,60.1651,1785496.7069812,0
EIX.US,D,20220721,000000,60.0959,60.2245,59.4632,60.0663,1049039.2875776,0
EIX.US,D,20220722,000000,60.5705,60.9758,60.2245,60.6298,773653.09684963,0
EIX.US,D,20220725,000000,60.5013,62.0434,60.4716,62.0336,1082916.0719366,0
EIX.US,D,20220726,000000,62.1028,62.6761,62.0682,62.4982,1974742.3982865,0
EIX.US,D,20220727,000000,62.4389,62.8343,61.9742,62.6663,2142557.4071961,0
EIX.US,D,20220728,000000,63.3681,65.0784,62.9183,64.7423,1667581.4225395,0
EIX.US,D,20220729,000000,66.1263,67.0951,65.3157,66.9962,3184562.381294,0
EIX.US,D,20220801,000000,66.7194,66.9864,65.6913,66.2251,1624571.3600085,0
EIX.US,D,20220802,000000,66.4426,68.5879,66.2449,67.8365,2986012.4599937,0
EIX.US,D,20220803,000000,67.8959,68.8152,66.9468,68.5088,1888461.2935182,0
EIX.US,D,20220804,000000,68.4791,68.6175,67.9749,68.1628,1483731.33493,0
EIX.US,D,20220805,000000,68.0639,68.3704,67.3225,67.4806,2421071.3082028,0
EIX.US,D,20220808,000000,67.9156,68.4593,66.5118,66.927,1491844.9714586,0
EIX.US,D,20220809,000000,67.2335,67.4609,66.843,67.3324,1609935.2539204,0
EIX.US,D,20220810,000000,67.7772,67.8563,66.8084,67.3324,1416561.4301287,0
EIX.US,D,20220811,000000,67.4411,68.4742,66.8974,68.2122,1789038.140903,0
EIX.US,D,20220812,000000,68.7658,70.0312,68.5582,69.9422,1694435.0204607,0
EIX.US,D,20220815,000000,69.7148,70.7133,69.5695,70.5848,1005346.4293033,0
EIX.US,D,20220816,000000,70.5848,71.1186,70.4167,70.9901,1157931.5527155,0
EIX.US,D,20220817,000000,70.6243,71.3159,70.3278,71.2373,1755879.5565109,0
EIX.US,D,20220818,000000,71.3361,71.7414,70.7331,70.9703,1427406.2496305,0
EIX.US,D,20220819,000000,70.8913,71.0395,70.3377,70.7232,1245313.223067,0
EIX.US,D,20220822,000000,70.219,70.2882,69.27,69.4282,900005.71357969,0
EIX.US,D,20220823,000000,69.4776,69.4776,68.3506,68.5681,1202414.4309534,0
EIX.US,D,20220824,000000,68.2814,68.4732,67.5795,68.3704,1066615.9673334,0
EIX.US,D,20220825,000000,68.6274,69.3095,68.0046,69.2898,1205440.9863073,0
EIX.US,D,20220826,000000,69.3985,69.7,68.3901,68.4791,1058462.880384,0
EIX.US,D,20220829,000000,68.054,69.27,67.4164,68.8548,915052.50866303,0
EIX.US,D,20220830,000000,68.7955,68.9932,67.6191,68.0343,1102858.7653866,0
EIX.US,D,20220831,000000,67.9552,68.578,66.9666,66.9962,2046402.5702054,0
EIX.US,D,20220901,000000,66.9864,67.7673,66.276,67.4905,1714719.6175569,0
EIX.US,D,20220902,000000,67.7772,68.4692,67.0061,67.1841,1316137.855306,0
EIX.US,D,20220906,000000,66.3932,66.7293,64.4902,65.1179,3269495.090913,0
EIX.US,D,20220907,000000,65.2662,67.3818,65.2662,67.2533,2249483.2205933,0
EIX.US,D,20220908,000000,67.1248,67.8943,66.7788,67.7476,1466287.1681258,0
EIX.US,D,20220909,000000,68.2913,68.746,67.3521,68.3111,1347763.9425853,0
EIX.US,D,20220912,000000,68.3901,70.3871,68.3901,70.308,1842883.9189925,0
EIX.US,D,20220913,000000,69.5468,69.8335,67.6487,68.1133,1661421.0876113,0
EIX.US,D,20220914,000000,68.3803,69.013,68.1628,68.6966,1903596.0933862,0
EIX.US,D,20220915,000000,68.4495,68.5384,67.3472,67.5202,2083016.606833,0
EIX.US,D,20220916,000000,67.6388,67.6685,66.2153,66.7491,2983893.2643164,0
EIX.US,D,20220919,000000,66.5316,67.708,66.2449,67.5894,1225322.9868023,0
EIX.US,D,20220920,000000,67.1248,67.3225,66.1846,66.9369,1233192.8399619,0
EIX.US,D,20220921,000000,67.3521,67.5993,65.4442,65.4541,1381698.3852516,0
EIX.US,D,20220922,000000,65.4442,65.8149,64.762,65.0487,1527242.1143394,0
EIX.US,D,20220923,000000,64.2579,64.3963,62.7355,64.1195,1356979.1562465,0
EIX.US,D,20220926,000000,64.0206,64.1788,61.8062,62.4488,1762216.9125578,0
EIX.US,D,20220927,000000,62.7651,63.3385,60.5951,60.6693,2275331.3385607,0
EIX.US,D,20220928,000000,61.4404,61.6085,60.3727,60.61,4078596.9196551,0
EIX.US,D,20220929,000000,60.44,60.49,57.4,57.46,2551551,0
EIX.US,D,20220930,000000,57.82,58.005,56.555,56.58,6264674,0
EIX.US,D,20221003,000000,57.81,59.66,57.33,59.4,3059917,0
EIX.US,D,20221004,000000,59.34,60.94,59.22,60.83,2860733,0
EIX.US,D,20221005,000000,59.93,60.684,59.17,60.09,2161780,0
EIX.US,D,20221006,000000,59.95,60,58.25,58.65,2906076,0
EIX.US,D,20221007,000000,58.63,58.94,57.94,58.63,2779006,0
EIX.US,D,20221010,000000,58.87,59.53,57.83,57.85,1612601,0
EIX.US,D,20221011,000000,57.62,58.37,57.1,57.46,1309263,0
EIX.US,D,20221012,000000,57.15,57.43,55.51,55.56,1813460,0
EIX.US,D,20221013,000000,55,57.21,54.45,56.9,1860809,0
EIX.US,D,20221014,000000,57.45,57.705,54.94,55.03,2787026,0
EIX.US,D,20221017,000000,55.94,57.28,55.94,57.12,1954673,0
EIX.US,D,20221018,000000,57.83,58.18,56.86,57.42,1762206,0
EIX.US,D,20221019,000000,56.56,57.21,56.18,56.74,1392886,0
EIX.US,D,20221020,000000,56.75,56.75,54.68,54.94,1336446,0
EIX.US,D,20221021,000000,55.07,56,54.725,55.64,1365519,0
EIX.US,D,20221024,000000,56,56.5,55.3,55.77,1618129,0
EIX.US,D,20221025,000000,55.62,57.2036,55.55,56.85,3788663,0
EIX.US,D,20221026,000000,57.26,57.55,56.52,56.88,1590129,0
EIX.US,D,20221027,000000,57.61,58.68,57.47,58.38,2317876,0
EIX.US,D,20221028,000000,58.66,60.285,58.66,60.23,1961395,0
EIX.US,D,20221031,000000,59.82,60.43,59.24,60.04,2289883,0
EIX.US,D,20221101,000000,60.8,60.8,59.73,60.51,1678627,0
EIX.US,D,20221102,000000,59.47,60.52,58.19,58.76,3324532,0
EIX.US,D,20221103,000000,58.31,59.09,57.79,58.45,1732207,0
EIX.US,D,20221104,000000,58.8,59.76,58.16,59.03,1368312,0
EIX.US,D,20221107,000000,58.78,58.92,56.67,57.75,1849242,0
EIX.US,D,20221108,000000,58.07,58.544,57.382,58.01,1511438,0
EIX.US,D,20221109,000000,57.8,58.18,57.26,57.31,1206711,0
EIX.US,D,20221110,000000,59.31,60.44,58.5,60.29,1953432,0
EIX.US,D,20221111,000000,60.38,60.47,59.22,59.87,1324168,0
EIX.US,D,20221114,000000,59.97,60.54,59.73,59.92,1871158,0
EIX.US,D,20221115,000000,60.64,61.44,59.88,60.67,2218462,0
EIX.US,D,20221116,000000,60.59,61.37,60.5601,61.03,1387699,0
EIX.US,D,20221117,000000,60.3,60.46,59.3,59.84,1278257,0
EIX.US,D,20221118,000000,60.58,62.06,60.58,61.72,1722295,0
EIX.US,D,20221121,000000,61.61,62.39,61.52,61.96,1180285,0
EIX.US,D,20221122,000000,62.56,63.6,62,62.43,1079013,0
EIX.US,D,20221123,000000,62.32,63.75,62.32,63.73,1717582,0
EIX.US,D,20221125,000000,64.03,64.43,63.81,64.23,625948,0
EIX.US,D,20221128,000000,63.64,63.995,63.18,63.39,2610520,0
EIX.US,D,20221129,000000,63.14,63.71,62.58,63.51,2217951,0
EIX.US,D,20221130,000000,63.39,66.72,63.14,66.66,5860653,0
EIX.US,D,20221201,000000,67.01,67.1,65.45,65.52,2779956,0
EIX.US,D,20221202,000000,64.72,65.5,64.53,65.37,1658808,0
EIX.US,D,20221205,000000,64.76,65.43,64.695,65.12,1251318,0
EIX.US,D,20221206,000000,65.04,66.06,65,66.02,1816126,0
EIX.US,D,20221207,000000,65.94,66.44,65.23,65.37,1758771,0
EIX.US,D,20221208,000000,65.4,65.64,65.19,65.4,1807249,0
EIX.US,D,20221209,000000,65.39,66.67,65.29,65.79,1493500,0
EIX.US,D,20221212,000000,66.29,67.645,65.74,67.42,1911256,0
EIX.US,D,20221213,000000,68.49,69.05,66.83,67.87,1685766,0
EIX.US,D,20221214,000000,68.03,68.96,67.39,67.65,1670400,0
EIX.US,D,20221215,000000,67.16,67.27,66,66.73,1854227,0
EIX.US,D,20221216,000000,66.06,66.25,64.35,65.1,4609155,0
EIX.US,D,20221219,000000,65,65.78,64.34,64.95,1396215,0
EIX.US,D,20221220,000000,65.04,65.095,64.19,64.88,1261149,0
EIX.US,D,20221221,000000,65.23,65.56,64.77,65.22,1361779,0
EIX.US,D,20221222,000000,64.77,64.885,63.37,64.5,1595726,0
EIX.US,D,20221223,000000,64.43,65.25,64.23,65.18,1000094,0
EIX.US,D,20221227,000000,65.4,66.09,64.94,65.82,1058378,0
EIX.US,D,20221228,000000,65.96,66.17,64.88,65.02,1192818,0
EIX.US,D,20221229,000000,64.43,64.91,64.24,64.4,1418188,0
EIX.US,D,20221230,000000,64.45,64.52,62.72,63.62,1532084,0
EIX.US,D,20230103,000000,64.01,64.37,62.87,64.28,1769801,0
EIX.US,D,20230104,000000,64.8,66.99,64.58,66.39,3094465,0
EIX.US,D,20230105,000000,65.91,66.12,64.33,64.89,1738146,0
EIX.US,D,20230106,000000,65.67,67.19,65.64,66.87,1591422,0
EIX.US,D,20230109,000000,66.85,68.28,66.55,67.79,1990719,0
EIX.US,D,20230110,000000,67.41,68.42,66.4,68.2,2735053,0
EIX.US,D,20230111,000000,68.36,69.48,68.04,69.42,4205728,0
EIX.US,D,20230112,000000,69.5,69.8,68.43,68.45,3764671,0
EIX.US,D,20230113,000000,67.93,68.395,67.195,68.2,1485606,0
EIX.US,D,20230117,000000,68.74,69.66,68.55,68.7,3081955,0
EIX.US,D,20230118,000000,68.94,68.99,66.76,66.79,1893763,0
EIX.US,D,20230119,000000,66.46,66.66,65.24,65.67,2273957,0
EIX.US,D,20230120,000000,65.67,66.8,64.93,66.73,1895337,0
EIX.US,D,20230123,000000,66.71,68.175,66.64,67.03,1856311,0
EIX.US,D,20230124,000000,66.85,68.08,66.22,67.82,1417690,0
EIX.US,D,20230125,000000,67.17,67.74,66.93,67.53,1635317,0
EIX.US,D,20230126,000000,67.4,68.5,67.37,68.37,1609253,0
EIX.US,D,20230127,000000,68.29,68.89,68.1,68.74,1229965,0
EIX.US,D,20230130,000000,68.37,68.97,68.1,68.14,1333018,0
EIX.US,D,20230131,000000,68.63,68.92,67.69,68.9,2172114,0
EIX.US,D,20230201,000000,68.03,68.61,66.91,67.87,2265029,0
EIX.US,D,20230202,000000,68.03,70.06,67.64,68.74,2491496,0
EIX.US,D,20230203,000000,68.13,68.32,66.23,66.87,2281222,0
EIX.US,D,20230206,000000,66.61,67.84,66.34,67.81,2373038,0
EIX.US,D,20230207,000000,67.55,67.86,66.72,67.31,1414433,0
EIX.US,D,20230208,000000,66.96,67.31,66.62,66.81,1025574,0
EIX.US,D,20230209,000000,66.91,67.3,65.7,65.81,992683,0
EIX.US,D,20230210,000000,66.04,67.147,65.84,67.01,1031375,0
EIX.US,D,20230213,000000,67.01,68.175,66.99,68.02,1111113,0
EIX.US,D,20230214,000000,67.84,68.42,67.25,67.54,1039178,0
EIX.US,D,20230215,000000,67.26,67.73,66.78,67.7,1293097,0
EIX.US,D,20230216,000000,66.84,67.6,66.265,67.22,918898,0
EIX.US,D,20230217,000000,67.32,67.865,66.71,67.59,6172465,0
EIX.US,D,20230221,000000,67.35,67.54,66.48,66.71,1700489,0
EIX.US,D,20230222,000000,66.45,67.18,66.03,66.2,1702786,0
EIX.US,D,20230223,000000,66.65,67.045,65.51,65.86,2142347,0
EIX.US,D,20230224,000000,66.55,68.89,66.51,68.63,3337130,0
EIX.US,D,20230227,000000,69.1,69.79,68.035,68.13,1833011,0
EIX.US,D,20230228,000000,67.94,68.15,66.17,66.21,3012368,0
EIX.US,D,20230301,000000,66,66,64.4,64.59,2738916,0
EIX.US,D,20230302,000000,64.4,65.7,63.93,65.56,2450546,0
EIX.US,D,20230303,000000,65.67,67.34,65.36,67.3,1807434,0
EIX.US,D,20230306,000000,67.36,68.5,67.3301,68.42,2370212,0
EIX.US,D,20230307,000000,68.58,68.71,67.05,67.39,1917488,0
EIX.US,D,20230308,000000,67.35,68.42,67.15,68.29,1574714,0
EIX.US,D,20230309,000000,68.54,68.775,66.82,67,1699749,0
EIX.US,D,20230310,000000,67.19,67.35,65.77,66.23,1856667,0
EIX.US,D,20230313,000000,65.87,68.62,65.73,67.39,1580107,0
EIX.US,D,20230314,000000,68.07,69.06,67.4,68.3,1512175,0
EIX.US,D,20230315,000000,67.74,68.91,67.22,68.12,2115567,0
EIX.US,D,20230316,000000,67.53,69.06,67.14,68.98,2203125,0
EIX.US,D,20230317,000000,68.95,69.01,67.39,67.76,4978041,0
EIX.US,D,20230320,000000,68.2,69.32,68.11,69,2204109,0
EIX.US,D,20230321,000000,69.2,69.45,67.22,67.81,2427051,0
EIX.US,D,20230322,000000,67.7,68.24,66.29,66.31,1872743,0
EIX.US,D,20230323,000000,66.16,67.59,65.36,66.04,2614208,0
EIX.US,D,20230324,000000,66.1,68.42,65.8101,68.38,2041433,0
EIX.US,D,20230327,000000,68.8,69.06,68.311,68.53,1976885,0
EIX.US,D,20230328,000000,68.35,69.4324,68.27,68.7,1500091,0
EIX.US,D,20230329,000000,69.19,69.99,69.14,69.8,1872724,0
EIX.US,D,20230330,000000,69.27,70.04,69.27,70,2386103,0
EIX.US,D,20230331,000000,70.17,70.66,69.73,70.59,1937167,0
EIX.US,D,20230403,000000,70.13,71.2,69.67,70.54,2468355,0
EIX.US,D,20230404,000000,70.34,70.69,69.7901,70.29,1527523,0
EIX.US,D,20230405,000000,70.59,72.45,70.31,72.26,1921233,0
EIX.US,D,20230406,000000,72.5,72.75,71.76,72.56,1349799,0
EIX.US,D,20230410,000000,72.19,72.92,71.945,72.84,1129413,0
EIX.US,D,20230411,000000,72.82,73.3132,72.68,72.81,1206263,0
EIX.US,D,20230412,000000,73.15,73.32,72.632,73.07,1550637,0
EIX.US,D,20230413,000000,72.5,73.25,71.63,72.95,1731723,0
EIX.US,D,20230414,000000,72.32,72.35,71.44,71.61,1285374,0
EIX.US,D,20230417,000000,71.77,72.18,71.45,72.08,1398941,0
EIX.US,D,20230418,000000,72.1,72.84,71.95,72.11,1395829,0
EIX.US,D,20230419,000000,72.08,73.19,72.08,72.74,1280132,0
EIX.US,D,20230420,000000,72.82,73.35,72.44,73,1107090,0
EIX.US,D,20230421,000000,73.5,73.61,72.75,72.93,922879,0
EIX.US,D,20230424,000000,73.06,73.68,72.76,73.67,885693,0
EIX.US,D,20230425,000000,73.5,74.1,73.39,73.77,880986,0
EIX.US,D,20230426,000000,73.33,73.94,72.48,73,1553522,0
EIX.US,D,20230427,000000,73.26,73.71,72.5,73.57,1182175,0
EIX.US,D,20230428,000000,73.3,73.87,73.21,73.6,1646714,0
EIX.US,D,20230501,000000,73.73,74.92,73.515,73.95,1353522,0
EIX.US,D,20230502,000000,73.95,74.12,72.7,73.28,2214482,0
EIX.US,D,20230503,000000,74.41,74.41,71.43,71.67,2628943,0
EIX.US,D,20230504,000000,72.31,73.285,70.915,72.49,2365153,0
EIX.US,D,20230505,000000,71.89,73.73,71.06,73.56,1569751,0
EIX.US,D,20230508,000000,73.32,73.97,72.96,73.39,783343,0
EIX.US,D,20230509,000000,73.17,73.71,72.93,73.63,1110614,0
EIX.US,D,20230510,000000,74.03,74.4,73.46,74.19,958689,0
EIX.US,D,20230511,000000,74.29,74.39,72.99,73.21,2011077,0
EIX.US,D,20230512,000000,73.73,74.325,73,73.68,1508266,0
EIX.US,D,20230515,000000,74.01,74.24,71.97,72.24,1255996,0
EIX.US,D,20230516,000000,72.23,72.245,70.25,70.3,1232603,0
EIX.US,D,20230517,000000,70.61,70.62,69.575,69.74,1607638,0
EIX.US,D,20230518,000000,69.3,69.43,68.21,68.85,1503250,0
EIX.US,D,20230519,000000,69.28,69.6099,68.12,68.24,1788656,0
EIX.US,D,20230522,000000,68.52,68.7,67.39,67.68,1371600,0
EIX.US,D,20230523,000000,67.49,68.34,67.27,67.37,1007070,0
EIX.US,D,20230524,000000,67,67.39,66.315,66.58,1031602,0
EIX.US,D,20230525,000000,66.43,66.46,65.12,65.66,1471409,0
EIX.US,D,20230526,000000,65.6,66.19,64.66,65.63,1644578,0
EIX.US,D,20230530,000000,65.69,66.9199,65.5,65.72,1456525,0
EIX.US,D,20230531,000000,65.73,67.66,65.73,67.52,4153905,0
EIX.US,D,20230601,000000,67.31,67.54,66.07,66.68,2042912,0
EIX.US,D,20230602,000000,66.46,67.475,66.01,66.68,1877278,0
EIX.US,D,20230605,000000,66.79,68,66.52,66.8,879551,0
EIX.US,D,20230606,000000,67.37,67.635,66.7,66.71,1055296,0
EIX.US,D,20230607,000000,67.06,68.79,66.36,68.7,1555321,0
EIX.US,D,20230608,000000,68.6,68.89,67.74,68.57,1409625,0
EIX.US,D,20230609,000000,68.57,68.74,67.15,67.72,2002703,0
EIX.US,D,20230612,000000,67.9,68.16,67.25,67.65,1132340,0
EIX.US,D,20230613,000000,67.21,68.15,67.13,67.88,1185240,0
EIX.US,D,20230614,000000,68.12,68.68,67.89,68.17,1997629,0
EIX.US,D,20230615,000000,68.53,69.1,67.98,68.8,1113952,0
EIX.US,D,20230616,000000,69.19,70.67,69.05,70.18,3758001,0
EIX.US,D,20230620,000000,70.23,70.25,68.65,68.77,1393236,0
EIX.US,D,20230621,000000,68.69,69.97,68.37,69.73,1245379,0
EIX.US,D,20230622,000000,70,70.21,68.95,69.09,1056345,0
EIX.US,D,20230623,000000,68.96,69.15,67.67,67.76,1590170,0
EIX.US,D,20230626,000000,68.14,69.05,67.91,68.8,1205361,0
EIX.US,D,20230627,000000,69.03,69.46,68.82,69.4,1330282,0
EIX.US,D,20230628,000000,69.29,69.29,68.13,68.37,1426732,0
EIX.US,D,20230629,000000,67.68,69.07,67.54,68.57,1539526,0
EIX.US,D,20230630,000000,68.91,69.61,68.83,69.45,1766141,0
EIX.US,D,20230703,000000,68.48,69.43,68.315,69.09,736247,0
EIX.US,D,20230705,000000,68.84,70.8,68.62,70.23,1988994,0
EIX.US,D,20230706,000000,69.54,69.745,69,69.43,1526468,0
EIX.US,D,20230707,000000,68.5,69.54,68.19,68.86,1139624,0
EIX.US,D,20230710,000000,68.6,68.91,67.65,68.31,990680,0
EIX.US,D,20230711,000000,68.45,69.4,68.32,69.38,729651,0
EIX.US,D,20230712,000000,69.67,70.58,69.49,70.46,897821,0
EIX.US,D,20230713,000000,70.24,70.96,70.05,70.95,1037690,0
EIX.US,D,20230714,000000,70.78,71,70.11,70.47,876710,0
EIX.US,D,20230717,000000,70.07,70.54,69.645,69.89,895158,0
EIX.US,D,20230718,000000,69.85,70.5,68.48,69.37,1027876,0
EIX.US,D,20230719,000000,69.53,71,69.53,70.64,1143291,0
EIX.US,D,20230720,000000,70.76,72.36,70.29,72.15,1543207,0
EIX.US,D,20230721,000000,72.44,72.93,71.97,72.4,1360890,0
EIX.US,D,20230724,000000,72.4,72.83,72.01,72.54,1037662,0
EIX.US,D,20230725,000000,72.54,72.79,72.025,72.39,1581031,0
EIX.US,D,20230726,000000,72.39,73.36,71.735,72.1,1679787,0
EIX.US,D,20230727,000000,71.77,72.52,70.71,70.86,1463028,0
EIX.US,D,20230728,000000,72.85,74.23,71.905,72.96,2498706,0
EIX.US,D,20230731,000000,72.81,72.81,71.385,71.96,2855220,0
EIX.US,D,20230801,000000,71.94,72.53,70.96,71.04,1391589,0
EIX.US,D,20230802,000000,70.88,72.06,70.37,71.54,1283404,0
EIX.US,D,20230803,000000,71.29,71.29,70.05,70.34,1103555,0
EIX.US,D,20230804,000000,70.58,70.85,69,69.24,1633430,0
EIX.US,D,20230807,000000,70,70.16,69.55,69.79,980439,0
EIX.US,D,20230808,000000,69.64,70.54,69.02,70.5,1096954,0
EIX.US,D,20230809,000000,70.24,70.91,69.79,70.28,1332669,0
EIX.US,D,20230810,000000,70.48,71.02,69.66,69.95,1472330,0
EIX.US,D,20230811,000000,70.18,70.65,69.83,70.53,814507,0
EIX.US,D,20230814,000000,70.2,70.215,69.195,69.76,1574122,0
EIX.US,D,20230815,000000,69.44,69.54,68.8,68.82,1430621,0
EIX.US,D,20230816,000000,69.1,69.43,68.82,69.16,1052671,0
EIX.US,D,20230817,000000,69.3,70.1,68.59,68.6,1897031,0
EIX.US,D,20230818,000000,68.4,69.2,68.18,69.04,1612870,0
EIX.US,D,20230821,000000,68.85,69.31,67.92,69.01,1380033,0
EIX.US,D,20230822,000000,69.13,69.83,68.985,69.54,1296804,0
EIX.US,D,20230823,000000,69.84,70,69.215,69.92,1479067,0
EIX.US,D,20230824,000000,69.96,70.84,69.56,69.56,1277814,0
EIX.US,D,20230825,000000,69.86,70.29,69.395,69.93,970910,0
EIX.US,D,20230828,000000,70.11,70.57,69.72,69.72,940903,0
EIX.US,D,20230829,000000,69.73,70.29,69.53,70.16,815959,0
EIX.US,D,20230830,000000,70.03,70.54,69.525,69.93,764621,0
EIX.US,D,20230831,000000,70.11,70.42,68.83,68.85,2533010,0
EIX.US,D,20230901,000000,69.31,69.5,67.84,68.41,1349162,0
EIX.US,D,20230905,000000,68.18,68.44,66.78,67.23,1454899,0
EIX.US,D,20230906,000000,67.34,67.935,67.04,67.73,1760523,0
EIX.US,D,20230907,000000,68.25,69.31,67.74,68.68,1689990,0
EIX.US,D,20230908,000000,68.88,69.965,68.71,69.8,1108164,0
EIX.US,D,20230911,000000,70,70.59,69.75,69.87,1170202,0
EIX.US,D,20230912,000000,70.01,70.5,69.72,70.29,1725911,0
EIX.US,D,20230913,000000,70.42,71.08,70.18,70.74,2195487,0
EIX.US,D,20230914,000000,71.48,71.815,71.15,71.52,1542855,0
EIX.US,D,20230915,000000,71.21,72.12,71.16,71.56,2876658,0
EIX.US,D,20230918,000000,71.79,71.94,70.845,71.22,1521610,0
EIX.US,D,20230919,000000,71.29,71.49,70.14,70.19,1724994,0
EIX.US,D,20230920,000000,70.3,70.54,69.37,69.75,2850106,0
EIX.US,D,20230921,000000,69.43,70,68.85,68.9,2550625,0
EIX.US,D,20230922,000000,68.71,68.71,67.98,68.07,2006883,0
EIX.US,D,20230925,000000,67.68,68.04,67.33,67.64,1767840,0
EIX.US,D,20230926,000000,67.25,67.43,65.41,65.8,2599567,0
EIX.US,D,20230927,000000,65.68,66.01,65.03,65.3,2922841,0
EIX.US,D,20230928,000000,65,65.27,63.49,63.59,2044890,0
EIX.US,D,20230929,000000,64.06,64.32,62.23,63.29,2901541,0
EIX.US,D,20231002,000000,63.08,63.23,60.64,61.04,3059702,0
EIX.US,D,20231003,000000,60.48,61.55,59.59,61.23,2692804,0
EIX.US,D,20231004,000000,61.38,61.66,60.2,61.23,2271893,0
EIX.US,D,20231005,000000,61.18,61.68,60.26,60.69,2423128,0
EIX.US,D,20231006,000000,59.88,62.4,58.82,62.06,2281973,0
EIX.US,D,20231009,000000,61.88,62.55,61.48,62.53,1666711,0
EIX.US,D,20231010,000000,62.79,63.54,62.56,63.27,2058453,0
EIX.US,D,20231011,000000,63.81,65.035,63.52,64.93,1957992,0
EIX.US,D,20231012,000000,64.8,65.46,63.93,64.89,2237271,0
EIX.US,D,20231013,000000,65.42,66.15,65.07,65.69,1710200,0
EIX.US,D,20231016,000000,66.19,66.24,65.05,66.15,1534791,0
EIX.US,D,20231017,000000,65.66,66.49,65.49,66.37,1895634,0
EIX.US,D,20231018,000000,66.27,66.56,65.47,65.6,2416011,0
EIX.US,D,20231019,000000,65.52,65.86,63.775,64,2490178,0
EIX.US,D,20231020,000000,64.09,64.64,62.66,62.71,3260520,0
EIX.US,D,20231023,000000,62.4,63.08,61.695,61.84,2574143,0
EIX.US,D,20231024,000000,62.76,64.35,62.4825,64.06,2087564,0
EIX.US,D,20231025,000000,63.45,64,63.21,63.3,1560309,0
EIX.US,D,20231026,000000,63.44,64.59,63.44,63.69,1738449,0
EIX.US,D,20231027,000000,63.39,63.81,61.64,61.94,2139782,0
EIX.US,D,20231030,000000,62.5,63.01,62.09,62.7,1513162,0
EIX.US,D,20231031,000000,62.86,63.42,62.4,63.06,2168207,0
EIX.US,D,20231101,000000,63.47,64.43,62.65,63.97,2084749,0
EIX.US,D,20231102,000000,64.03,65.25,62.98,63.63,4449550,0
EIX.US,D,20231103,000000,64.32,65,63.635,64.05,2642106,0
EIX.US,D,20231106,000000,63.9,64.205,63.46,63.88,2686693,0
EIX.US,D,20231107,000000,64.07,64.07,63.2,63.52,1347125,0
EIX.US,D,20231108,000000,63.14,63.16,62.22,62.92,1915494,0
EIX.US,D,20231109,000000,63.08,63.99,63.03,63.17,2433824,0
EIX.US,D,20231110,000000,63.53,63.8,62.88,63.72,1886220,0
EIX.US,D,20231113,000000,63.5,63.89,62.21,62.25,1902044,0
EIX.US,D,20231114,000000,63.84,65.84,63.84,65.71,2602081,0
EIX.US,D,20231115,000000,65.45,66.1298,65.015,65.27,2893365,0
EIX.US,D,20231116,000000,65.8,66.31,65.52,65.99,1716991,0
EIX.US,D,20231117,000000,66.41,66.41,65.655,65.93,1463694,0
EIX.US,D,20231120,000000,65.56,66.09,64.65,65.69,1525854,0
EIX.US,D,20231121,000000,65.74,65.82,64.87,65.53,935090,0
EIX.US,D,20231122,000000,65.63,65.98,64.95,65.9,1247891,0
EIX.US,D,20231124,000000,65.8,65.88,65.42,65.85,419238,0
EIX.US,D,20231127,000000,66.09,66.385,65.5,66.27,4282154,0
EIX.US,D,20231128,000000,66.27,66.95,65.88,66.49,2463832,0
EIX.US,D,20231129,000000,66.66,66.87,65.56,65.78,1915879,0
EIX.US,D,20231130,000000,66.04,67.08,65.72,66.99,3981460,0
EIX.US,D,20231201,000000,67,67.49,66.75,67.48,2615004,0
EIX.US,D,20231204,000000,67.06,67.75,66.65,67.37,1752406,0
EIX.US,D,20231205,000000,67.28,67.49,66.31,66.72,1851367,0
EIX.US,D,20231206,000000,66.98,67.26,66.66,67.16,2427171,0
EIX.US,D,20231207,000000,67.38,67.78,66.77,67.31,1799031,0
EIX.US,D,20231208,000000,67.25,67.575,66.61,67.45,2275797,0
EIX.US,D,20231211,000000,67.2,68.13,66.88,68.03,2652774,0
EIX.US,D,20231212,000000,67.94,67.94,67.23,67.62,2433498,0
EIX.US,D,20231213,000000,67.55,70.84,67.18,70.79,2310830,0
EIX.US,D,20231214,000000,71.34,71.785,69.86,70.32,2902817,0
EIX.US,D,20231215,000000,69.42,70.36,69.18,70.05,5245549,0
EIX.US,D,20231218,000000,70.09,70.53,69.55,69.76,2122383,0
EIX.US,D,20231219,000000,70.02,70.34,69.77,70.01,2166174,0
EIX.US,D,20231220,000000,70.1,70.22,68.725,68.77,2321358,0
EIX.US,D,20231221,000000,68.87,69.51,68.365,68.87,1204148,0
EIX.US,D,20231222,000000,69.34,70.08,69.19,69.48,1448038,0
EIX.US,D,20231226,000000,69.48,71.78,69.35,71.64,2816527,0
EIX.US,D,20231227,000000,71.48,72,71.07,71.91,1608900,0
EIX.US,D,20231228,000000,70.42,71.62,70.42,71.6,1114097,0
EIX.US,D,20231229,000000,71.51,71.58,71.01,71.49,1413982,0
EIX.US,D,20240102,000000,71.25,72.46,70.955,72.34,1626816,0
EIX.US,D,20240103,000000,72.13,72.5,70.94,71.58,2702509,0
EIX.US,D,20240104,000000,71.82,72.51,71.36,72.29,2264496,0
EIX.US,D,20240105,000000,72.27,72.865,71.86,72.57,1900942,0
EIX.US,D,20240108,000000,72.52,73.25,72.22,73.17,1212981,0
EIX.US,D,20240109,000000,72.59,73.165,72.295,73.02,1090423,0
EIX.US,D,20240110,000000,72.93,72.965,72.27,72.33,1371764,0
EIX.US,D,20240111,000000,72.06,72.085,70.75,71.17,1678153,0
EIX.US,D,20240112,000000,71.68,71.82,71.17,71.36,1584561,0
EIX.US,D,20240116,000000,71.42,71.43,70.11,70.17,2748885,0
EIX.US,D,20240117,000000,69.84,70.73,68.86,69.3,1620424,0
EIX.US,D,20240118,000000,69.05,69.26,68.32,68.6,1774662,0
EIX.US,D,20240119,000000,69.08,69.08,67.88,68.29,1807793,0
EIX.US,D,20240122,000000,68.28,68.49,67.25,67.65,2985622,0
EIX.US,D,20240123,000000,67.57,67.875,66.25,67.01,2694898,0
EIX.US,D,20240124,000000,67.34,67.34,64.96,65.18,4461074,0
EIX.US,D,20240125,000000,66.14,67.495,65.85,67.04,5967240,0
EIX.US,D,20240126,000000,67.32,67.79,66.99,67.5,2284696,0
EIX.US,D,20240129,000000,67.44,67.995,67.27,67.7,2155782,0
EIX.US,D,20240130,000000,67.54,67.93,66.97,67.31,2186690,0
EIX.US,D,20240131,000000,67.91,68,66.58,67.48,15490273,0
EIX.US,D,20240201,000000,67.22,68.38,66.06,68.29,2821277,0
EIX.US,D,20240202,000000,67.75,67.8,66.16,66.87,2000621,0
EIX.US,D,20240205,000000,66.15,66.26,65.48,65.56,2401418,0
EIX.US,D,20240206,000000,65.45,65.56,65.06,65.13,2394981,0
EIX.US,D,20240207,000000,65.26,65.63,64.62,65.44,2106603,0
EIX.US,D,20240208,000000,65.07,65.38,63.63,64.72,2574184,0
EIX.US,D,20240209,000000,64.46,64.96,64.34,64.7,1761071,0
EIX.US,D,20240212,000000,64.79,65.44,64.56,65.38,1658984,0
EIX.US,D,20240213,000000,65.06,65.43,63.15,64.41,1679012,0
EIX.US,D,20240214,000000,64.54,65.12,64.2275,65.03,2308830,0
EIX.US,D,20240215,000000,65.39,66.49,65.3,66.46,1813043,0
EIX.US,D,20240216,000000,66.14,66.6,65.53,66.31,2538038,0
EIX.US,D,20240220,000000,66.2,67.15,66.02,66.54,1922875,0
EIX.US,D,20240221,000000,66.95,68.01,66.68,67.95,2136146,0
EIX.US,D,20240222,000000,67.5,68.2,67.05,67.42,4509678,0
EIX.US,D,20240223,000000,68.17,69.33,67.58,68.26,3213647,0
EIX.US,D,20240226,000000,68.05,68.11,66.53,66.55,2287962,0
EIX.US,D,20240227,000000,66.76,67.8,66.67,67.71,1774650,0
EIX.US,D,20240228,000000,67.61,67.97,67.1,67.85,2113681,0
EIX.US,D,20240229,000000,68.045,68.92,67.66,68.02,4415957,0
EIX.US,D,20240301,000000,67.78,67.83,66.37,66.55,2057343,0
EIX.US,D,20240304,000000,66.32,67.57,66.26,67.46,1353300,0
EIX.US,D,20240305,000000,67.72,68.66,66.82,67.11,1361765,0
EIX.US,D,20240306,000000,67.75,68.56,67.445,68.25,1292898,0
EIX.US,D,20240307,000000,68.91,69.2,68.54,68.96,1193455,0
EIX.US,D,20240308,000000,69.02,69.48,68.6701,69.27,920295,0
EIX.US,D,20240311,000000,69.11,69.8597,69,69.39,1273492,0
EIX.US,D,20240312,000000,68.97,69.52,68.705,69.46,1387637,0
EIX.US,D,20240313,000000,69.73,70.3,69.38,69.65,1607581,0
EIX.US,D,20240314,000000,69.3,69.68,67.99,68.45,1784573,0
EIX.US,D,20240315,000000,68.14,69.19,68.14,68.8,4035561,0
EIX.US,D,20240318,000000,68.86,69.32,68.46,68.96,1282752,0
EIX.US,D,20240319,000000,69.09,69.64,68.75,69.5,1225518,0
EIX.US,D,20240320,000000,69.38,69.94,68.7944,69.5,1637670,0
EIX.US,D,20240321,000000,69.57,71.09,69.515,70.17,1823417,0
EIX.US,D,20240322,000000,70.59,70.59,69.37,69.56,1401408,0
EIX.US,D,20240325,000000,69.82,69.92,69.04,69.23,1161237,0
EIX.US,D,20240326,000000,69.24,69.325,68.185,68.23,1813408,0
EIX.US,D,20240327,000000,67.99,69.455,67.945,69.4,1639008,0
EIX.US,D,20240328,000000,69.48,70.84,69.39,70.73,1898511,0
EIX.US,D,20240401,000000,70.58,70.58,69.475,70.44,1306647,0
EIX.US,D,20240402,000000,70.22,70.81,69.96,70.13,1326972,0
EIX.US,D,20240403,000000,70.22,70.49,69.86,69.9,1302839,0
EIX.US,D,20240404,000000,70.67,70.705,69.18,69.85,1375672,0
EIX.US,D,20240405,000000,69.43,71.26,69.22,70.82,2881448,0
EIX.US,D,20240408,000000,70.85,71.33,70.29,70.68,1898606,0
EIX.US,D,20240409,000000,70.98,71.21,70.54,70.89,1552116,0
EIX.US,D,20240410,000000,69.39,69.39,68.43,68.92,1642244,0
EIX.US,D,20240411,000000,69.26,69.429,68.44,68.84,1517668,0
EIX.US,D,20240412,000000,68.85,69.36,68.14,68.63,1311356,0
EIX.US,D,20240415,000000,69.16,69.215,67.53,67.88,1158202,0
EIX.US,D,20240416,000000,67.76,67.8,66.56,66.81,1425907,0
EIX.US,D,20240417,000000,67.37,68.12,67,68.04,1719144,0
EIX.US,D,20240418,000000,68.37,68.52,67.73,68.13,1359813,0
EIX.US,D,20240419,000000,68.28,70.1,68.28,69.95,1342488,0
EIX.US,D,20240422,000000,69.95,71.2,69.62,70.66,1438511,0
EIX.US,D,20240423,000000,70.7,71.49,70.48,70.85,1713546,0
EIX.US,D,20240424,000000,70.19,71.15,69.83,70.82,3702536,0
EIX.US,D,20240425,000000,70.7,71.27,69.76,71.13,2164368,0
EIX.US,D,20240426,000000,71.16,71.53,70,70.14,2624971,0
EIX.US,D,20240429,000000,70.48,71.34,70.44,71.33,2480502,0
EIX.US,D,20240430,000000,71,71.83,70.13,71.06,3091438,0
EIX.US,D,20240501,000000,70.56,71.9,69.31,71.28,2646513,0
EIX.US,D,20240502,000000,71.37,72.08,71.13,71.97,2007241,0
EIX.US,D,20240503,000000,72.5,72.68,71.77,72.34,1476177,0
EIX.US,D,20240506,000000,72.6,73.04,72.14,73.02,1289890,0
EIX.US,D,20240507,000000,73.5,73.985,73,73.89,1687340,0
EIX.US,D,20240508,000000,73.73,73.97,73.35,73.85,1580040,0
EIX.US,D,20240509,000000,73.81,74.88,73.62,74.76,2206987,0
EIX.US,D,20240510,000000,75,75.09,74.08,74.89,2189216,0
EIX.US,D,20240513,000000,74.95,75.34,74.32,74.44,1262547,0
EIX.US,D,20240514,000000,75.5,75.66,74.6,74.92,1339763,0
EIX.US,D,20240515,000000,75.88,75.99,75.15,75.72,1896718,0
EIX.US,D,20240516,000000,75.81,76.35,75.76,75.86,1334078,0
EIX.US,D,20240517,000000,76.16,76.39,75.7001,76.3,1294343,0
EIX.US,D,20240520,000000,76.4,76.48,75.83,76.1,1128524,0
EIX.US,D,20240521,000000,76.13,76.83,75.88,76.77,1321792,0
EIX.US,D,20240522,000000,76.44,76.5915,75.38,75.55,1202577,0
EIX.US,D,20240523,000000,75.2,75.2,74.17,74.25,1884471,0
EIX.US,D,20240524,000000,74.49,74.9,74.28,74.57,1496297,0
EIX.US,D,20240528,000000,74.5,75.14,74.08,74.14,2086309,0
EIX.US,D,20240529,000000,73.52,73.88,73.14,73.35,2244802,0
EIX.US,D,20240530,000000,73.61,74.7,73.575,74.67,1598283,0
EIX.US,D,20240531,000000,74.97,77.02,74.74,76.85,5116585,0
EIX.US,D,20240603,000000,76.58,77.04,75.96,76.28,2351663,0
EIX.US,D,20240604,000000,75.98,76.811,75.6,76.52,1619298,0
EIX.US,D,20240605,000000,76.41,76.48,75.16,75.43,1307213,0
EIX.US,D,20240606,000000,75.13,75.97,74.33,74.5,1278418,0
EIX.US,D,20240607,000000,73.97,74.61,73.55,73.98,1386903,0
EIX.US,D,20240610,000000,74.05,74.7,73.72,73.85,1649559,0
EIX.US,D,20240611,000000,73.24,73.96,72.85,73.61,2303154,0
EIX.US,D,20240612,000000,74.51,74.7,73.32,73.55,2007488,0
EIX.US,D,20240613,000000,73.62,74.549,72.72,73.45,1150146,0
EIX.US,D,20240614,000000,73.03,73.33,72.48,73.21,1336071,0
EIX.US,D,20240617,000000,72.62,72.62,71.49,71.53,1982539,0
EIX.US,D,20240618,000000,71.29,71.79,71.17,71.48,1365730,0
EIX.US,D,20240620,000000,71.39,72.19,71.27,71.88,1751594,0
EIX.US,D,20240621,000000,72.01,72.8,71.5,71.64,3311123,0
EIX.US,D,20240624,000000,71.67,72.95,71.425,72.76,1515195,0
EIX.US,D,20240625,000000,72.7,72.7,71.6,71.86,1184456,0
EIX.US,D,20240626,000000,71.45,71.97,70.98,71.85,1202860,0
EIX.US,D,20240627,000000,71.87,72.07,71.53,72.04,1039859,0
EIX.US,D,20240628,000000,72.28,72.45,71.235,71.81,2647118,0
EIX.US,D,20240701,000000,72.4,72.4,70.905,71.19,1554758,0
EIX.US,D,20240702,000000,71.34,72.34,71.17,71.63,2484161,0
EIX.US,D,20240703,000000,71.75,72.66,71.64,71.82,875262,0
EIX.US,D,20240705,000000,71.97,72.74,71.73,72.4,2022324,0
EIX.US,D,20240708,000000,71.59,72.06,71.335,71.57,2380434,0
EIX.US,D,20240709,000000,71.55,72,71.31,71.53,1498765,0
EIX.US,D,20240710,000000,71.91,72.47,71.54,72.39,1038717,0
EIX.US,D,20240711,000000,72.84,74.35,72.73,74.28,1182650,0
EIX.US,D,20240712,000000,74.56,75.45,74.5,74.84,1478314,0
EIX.US,D,20240715,000000,74.18,74.18,72.92,73.05,1541234,0
EIX.US,D,20240716,000000,73.72,74.22,73.2125,73.92,1861497,0
EIX.US,D,20240717,000000,74.22,76.06,74.215,75.35,2916871,0
EIX.US,D,20240718,000000,75.03,76.42,74.96,75.09,2459815,0
EIX.US,D,20240719,000000,75.35,75.42,74.56,74.94,1325241,0
EIX.US,D,20240722,000000,74.82,75.37,74.55,75.2,1165012,0
EIX.US,D,20240723,000000,75.12,75.44,74.93,75.11,1131406,0
EIX.US,D,20240724,000000,75.89,76.5,75.31,76.04,1378864,0
EIX.US,D,20240725,000000,76.48,77.59,76.21,76.43,1997984,0
EIX.US,D,20240726,000000,76.95,79.505,76.3,78.51,2775708,0
EIX.US,D,20240729,000000,78.63,79.01,77.62,78.2,2030789,0
EIX.US,D,20240730,000000,78.1,79.5,78.05,79.38,1922362,0
EIX.US,D,20240731,000000,79.75,80.52,79.06,80.01,4308250,0
EIX.US,D,20240801,000000,80.5,81.88,80.18,81.61,1834128,0
EIX.US,D,20240802,000000,82.58,83.05,80.74,82.27,2263934,0
EIX.US,D,20240805,000000,82.34,82.63,79.67,80.55,2419393,0
EIX.US,D,20240806,000000,80.67,82.585,80.31,81.53,2139006,0
EIX.US,D,20240807,000000,82.12,82.61,81.21,81.64,1484953,0
EIX.US,D,20240808,000000,81.3,82.405,80.78,81.73,2280229,0
EIX.US,D,20240809,000000,81.95,82.08,80.455,81.98,2467900,0
EIX.US,D,20240812,000000,82.01,82.44,81.48,82.41,1495474,0
EIX.US,D,20240813,000000,82.5,82.98,82.25,82.91,2365841,0
EIX.US,D,20240814,000000,82.99,83.8,82.35,83.14,2120479,0
EIX.US,D,20240815,000000,82.75,83.59,82.1,83.16,1858527,0
EIX.US,D,20240816,000000,83.56,83.65,82.95,83.41,1325900,0
EIX.US,D,20240819,000000,83.54,83.98,83.21,83.89,1145244,0
EIX.US,D,20240820,000000,84,84.13,83.37,83.71,1603612,0
EIX.US,D,20240821,000000,83.74,84.42,83.7,84.18,1090988,0
EIX.US,D,20240822,000000,84.16,84.5,83.99,84.37,1347335,0
EIX.US,D,20240823,000000,84.74,85,84.38,84.76,785248,0
EIX.US,D,20240826,000000,85,85.96,84.82,85.41,785463,0
EIX.US,D,20240827,000000,85.19,85.46,84.65,84.78,881568,0
EIX.US,D,20240828,000000,85.01,85.34,84.575,85,1530746,0
EIX.US,D,20240829,000000,86.05,87.14,85.5,86.5,2018499,0
EIX.US,D,20240830,000000,86.72,87.49,85.69,87.03,3559951,0
EIX.US,D,20240903,000000,86.99,87.89,86.43,87.33,1769798,0
EIX.US,D,20240904,000000,87.67,88.77,87.28,87.72,1888955,0
EIX.US,D,20240905,000000,88.39,88.68,87.295,87.64,1579815,0
EIX.US,D,20240906,000000,87.86,88.11,86.625,86.65,1564540,0
EIX.US,D,20240909,000000,86.74,86.74,84.96,86.09,3105624,0
EIX.US,D,20240910,000000,86.19,86.96,83.3,84.62,4348249,0
EIX.US,D,20240911,000000,84.53,84.53,83.05,84.24,3121380,0
EIX.US,D,20240912,000000,84.27,84.84,84.08,84.63,1920529,0
EIX.US,D,20240913,000000,84.93,85.49,84.555,85.42,1349917,0
EIX.US,D,20240916,000000,85.98,86.64,85.88,86.25,2668741,0
EIX.US,D,20240917,000000,86.22,86.36,85.87,86.06,1281125,0
EIX.US,D,20240918,000000,85.83,86.13,84.91,85.29,1404937,0
EIX.US,D,20240919,000000,85.01,85.44,84.12,84.19,1863284,0
EIX.US,D,20240920,000000,84.13,85.61,83.57,85.43,4678900,0
EIX.US,D,20240923,000000,85.8,86.3,85.48,86.1,1028672,0
EIX.US,D,20240924,000000,85.74,86.86,85.39,85.94,1736795,0
EIX.US,D,20240925,000000,86.43,86.58,85.3,85.5,1907586,0
EIX.US,D,20240926,000000,85.44,86.66,85.37,86.24,3126881,0
EIX.US,D,20240927,000000,86.57,87.1,86.3,86.81,1092616,0
EIX.US,D,20240930,000000,86.9,87.19,86,87.09,1994519,0
EIX.US,D,20241001,000000,87.1,87.96,86.61,87.73,1704147,0
EIX.US,D,20241002,000000,87.13,88.07,87.1175,87.48,1945201,0
EIX.US,D,20241003,000000,87.84,87.84,86.24,86.65,1472909,0
EIX.US,D,20241004,000000,86.05,86.3,85.53,86.18,1464785,0
EIX.US,D,20241007,000000,85.37,85.47,84.36,84.66,1669246,0
EIX.US,D,20241008,000000,84.86,85.44,84.5,84.89,1233136,0
EIX.US,D,20241009,000000,84.69,85.22,84,84.45,2227907,0
EIX.US,D,20241010,000000,84.33,84.955,82.96,83.01,1826796,0
EIX.US,D,20241011,000000,83.39,83.84,83.2,83.61,1645487,0
EIX.US,D,20241014,000000,83.75,84.7,83.64,84.54,1167897,0
EIX.US,D,20241015,000000,84.79,85.64,84.58,85.07,2384250,0
EIX.US,D,20241016,000000,85.37,86.28,84.94,85.96,1762201,0
EIX.US,D,20241017,000000,86.02,86.23,84.33,84.64,2310325,0
EIX.US,D,20241018,000000,84.76,85.5,84.115,85.43,1641262,0
EIX.US,D,20241021,000000,85.66,85.79,84.31,84.61,1915207,0
EIX.US,D,20241022,000000,84.38,86.03,84.15,85.83,1906622,0
EIX.US,D,20241023,000000,85.71,86.38,85.56,86,2332413,0
EIX.US,D,20241024,000000,86.25,86.31,85.39,85.62,1066578,0
EIX.US,D,20241025,000000,86.27,86.4,83.79,83.91,1720619,0
EIX.US,D,20241028,000000,84.12,84.83,84.025,84.48,1588999,0
EIX.US,D,20241029,000000,83.61,84.07,82.59,83.14,2405577,0
EIX.US,D,20241030,000000,82.19,84.4,81.8,83.24,2473333,0
EIX.US,D,20241031,000000,83.14,83.8,82.11,82.4,3176352,0
EIX.US,D,20241101,000000,82.62,82.82,81.035,81.13,2142564,0
EIX.US,D,20241104,000000,80.93,81.34,80.2,81,2914568,0
EIX.US,D,20241105,000000,81,81.97,80.52,81.97,1892199,0
EIX.US,D,20241106,000000,81.9,82.5,81.05,81.17,3571107,0
EIX.US,D,20241107,000000,81.15,82.12,80.67,81.45,2593766,0
EIX.US,D,20241108,000000,81.8,83.43,81.37,83.1,2050741,0
EIX.US,D,20241111,000000,82.99,84.06,82.93,83.58,2211184,0
EIX.US,D,20241112,000000,83.685,83.83,82.625,82.75,1969928,0
EIX.US,D,20241113,000000,83,83.24,81.75,82.18,1892558,0
EIX.US,D,20241114,000000,82.45,82.875,81.995,82.13,1867176,0
EIX.US,D,20241115,000000,82.06,83.75,82.03,83.68,4902595,0
EIX.US,D,20241118,000000,83.37,84.25,83.01,84.08,2438608,0
EIX.US,D,20241119,000000,83.795,85.74,83.56,85.64,2619747,0
EIX.US,D,20241120,000000,85.8,86.17,85.51,86.12,1757090,0
EIX.US,D,20241121,000000,86.23,87.09,85.83,87.09,2094668,0
EIX.US,D,20241122,000000,87.515,87.975,86.39,86.48,2774521,0
EIX.US,D,20241125,000000,86.835,87.62,86.35,87.61,3434097,0
EIX.US,D,20241126,000000,87.455,88.07,87.23,87.74,2052208,0
EIX.US,D,20241127,000000,87.97,88.645,87.765,88.36,1589281,0
EIX.US,D,20241129,000000,88.38,88.61,87.65,87.75,1243975,0
EIX.US,D,20241202,000000,88,88,85.34,85.78,2492252,0
EIX.US,D,20241203,000000,86.26,86.48,84.65,84.74,1390112,0
EIX.US,D,20241204,000000,84.7,85.4,83.99,84.34,2256645,0
EIX.US,D,20241205,000000,84.5,85.92,84.375,84.92,2527360,0
EIX.US,D,20241206,000000,84.94,85.15,83.23,83.95,2041160,0
EIX.US,D,20241209,000000,83.75,84.205,83.005,83.02,1718747,0
EIX.US,D,20241210,000000,82.895,83.07,81.16,82.78,2430043,0
EIX.US,D,20241211,000000,82.73,83.05,81.45,81.58,1798480,0
EIX.US,D,20241212,000000,81.19,82.025,81.09,81.62,1443428,0
EIX.US,D,20241213,000000,81.665,82.47,81.55,81.89,1197261,0
EIX.US,D,20241216,000000,82.31,82.48,81.13,81.17,1301660,0
EIX.US,D,20241217,000000,80.59,81.204,80.06,80.5,2004899,0
EIX.US,D,20241218,000000,80.45,80.45,78.19,78.26,1919630,0
EIX.US,D,20241219,000000,77.95,78.81,77.4173,77.93,2636654,0
EIX.US,D,20241220,000000,77.915,79.66,77.79,79.52,5974350,0
EIX.US,D,20241223,000000,79.5,79.73,78.455,79.72,1959187,0
EIX.US,D,20241224,000000,79.87,80.3,79.42,80.26,997099,0
EIX.US,D,20241226,000000,79.83,80.23,79.55,80.01,1000175,0
EIX.US,D,20241227,000000,79.58,80.325,79.4,79.79,985536,0
EIX.US,D,20241230,000000,79.67,79.89,78.68,79.68,2780687,0
EIX.US,D,20241231,000000,79.67,80.22,79.185,79.84,1553884,0
EIX.US,D,20250102,000000,80.31,81.02,79.65,80.01,1375958,0
EIX.US,D,20250103,000000,80.49,80.905,79.42,79.8,2118254,0
EIX.US,D,20250106,000000,79.8,79.9,78.31,78.44,2250502,0
EIX.US,D,20250107,000000,77.53,78.36,77.25,77.38,2143464,0
EIX.US,D,20250108,000000,75.3218,75.76,66.7,69.5,12054996,0
EIX.US,D,20250110,000000,69.2499,70.5,64.12,65,13048640,0
EIX.US,D,20250113,000000,63.33,64.34,55.27,57.27,17350680,0
EIX.US,D,20250114,000000,57.39,59.59,56.44,58.43,10563620,0
EIX.US,D,20250115,000000,61.75,63.9,60.68,61.3,10967447,0
EIX.US,D,20250116,000000,61.83,62.415,59.7,61.16,7409759,0
EIX.US,D,20250117,000000,60.89,63.97,60.69,62.7,5677248,0
EIX.US,D,20250121,000000,62.67,62.81,61.2295,62.23,5987442,0
EIX.US,D,20250122,000000,61.6,61.865,58.04,58.29,7132842,0
EIX.US,D,20250123,000000,58.37,59.29,56.975,57.28,6590579,0
EIX.US,D,20250124,000000,57.3,59.03,57.3,58.87,4892428,0
EIX.US,D,20250127,000000,57.17,58.85,56.34,57.74,8062243,0
EIX.US,D,20250128,000000,57.9,58.475,55.6,56.11,4838617,0
EIX.US,D,20250129,000000,56.21,56.34,55.58,55.8,4849856,0
EIX.US,D,20250130,000000,56.2775,56.34,53.52,54.06,7986863,0
EIX.US,D,20250131,000000,54.43,55.67,53.26,54,12046987,0
EIX.US,D,20250203,000000,53.25,53.485,51.64,52.44,6874482,0
EIX.US,D,20250204,000000,52.5,52.8899,51.58,51.72,4422269,0
EIX.US,D,20250205,000000,52.29,53.0653,51.63,52.44,4372284,0
EIX.US,D,20250206,000000,52.75,52.93,50.98,51.15,5684862,0
EIX.US,D,20250207,000000,51.09,51.5,49.92,50.09,5562519,0
EIX.US,D,20250210,000000,49.96,50.48,49.06,50.17,6735939,0
EIX.US,D,20250211,000000,49.83,50.86,49.39,50.81,4593305,0
EIX.US,D,20250212,000000,50.35,52.835,50.08,52.68,5683874,0
EIX.US,D,20250213,000000,52.92,52.92,51.05,51.52,3783822,0
EIX.US,D,20250214,000000,50.7,52.14,50.04,50.06,4675755,0
EIX.US,D,20250218,000000,50.38,51.4086,49.89,51.3,5189900,0
EIX.US,D,20250219,000000,51.265,52.82,51.15,52.42,4284716,0
EIX.US,D,20250220,000000,52.35,52.675,51.475,51.9,3676589,0
EIX.US,D,20250221,000000,52,52.21,51.24,52.17,6204204,0
EIX.US,D,20250224,000000,52.75,52.75,51.37,52.23,5246419,0
EIX.US,D,20250225,000000,52.385,52.59,51.16,52.16,6782997,0
EIX.US,D,20250226,000000,52.32,52.81,51.78,52.61,5605908,0
EIX.US,D,20250227,000000,52.38,52.38,50.72,51.34,4440450,0
EIX.US,D,20250228,000000,51.6,55.39,51.5,54.44,12161947,0
EIX.US,D,20250303,000000,54.705,56.34,54.452,55.27,5295545,0
EIX.US,D,20250304,000000,55.5,56.1,54.58,54.82,3917856,0
EIX.US,D,20250305,000000,55.115,55.5,53.87,55.19,5457930,0
EIX.US,D,20250306,000000,54.665,55.31,53.81,55.08,2958890,0
EIX.US,D,20250307,000000,54.94,56.86,54.94,56.4,3749891,0
EIX.US,D,20250310,000000,56.575,58.17,56.1,56.99,5143641,0
EIX.US,D,20250311,000000,57.21,57.21,55.16,56.06,4606826,0
EIX.US,D,20250312,000000,56.325,56.6,54.74,55.48,2862160,0
EIX.US,D,20250313,000000,55.4,56.38,55.26,55.83,3505393,0
EIX.US,D,20250314,000000,56.125,57.14,55.6,57,3615631,0
EIX.US,D,20250317,000000,57.225,59.84,56.975,58.96,5365521,0
EIX.US,D,20250318,000000,58.31,59.605,58.1375,58.7,3911191,0
EIX.US,D,20250319,000000,58.745,58.95,57.84,58.5,2738923,0
EIX.US,D,20250320,000000,58.435,59,58,58.92,3042616,0
EIX.US,D,20250321,000000,58.66,59.14,58.09,58.17,11828736,0
EIX.US,D,20250324,000000,58,59.09,57.8519,58.59,2732071,0
EIX.US,D,20250325,000000,58.485,58.495,56.78,57.25,3200110,0
EIX.US,D,20250326,000000,57.18,58.05,56.97,57.78,3243728,0
EIX.US,D,20250327,000000,57.78,57.85,57.16,57.29,3746041,0
EIX.US,D,20250328,000000,58.61,58.61,57.14,58.18,4992048,0
EIX.US,D,20250331,000000,58.315,59.34,58.2906,58.92,5783480,0
EIX.US,D,20250401,000000,59.13,59.13,58.215,58.75,3512744,0
EIX.US,D,20250402,000000,58.5,60.27,58.43,59.92,3610953,0
EIX.US,D,20250403,000000,60.28,60.49,58.19,58.38,3829179,0
EIX.US,D,20250404,000000,58.51,58.55,54.08,54.75,4531875,0
EIX.US,D,20250407,000000,53,54.62,51.26,53.62,4915727,0
EIX.US,D,20250408,000000,54.8975,54.9,51.83,52.5,4271672,0
EIX.US,D,20250409,000000,52.025,56.21,51,56.06,4720201,0
EIX.US,D,20250410,000000,55.35,56.005,53.81,55.4,2895706,0
EIX.US,D,20250411,000000,55.43,56.475,54.2,56.1,2085601,0
EIX.US,D,20250414,000000,56.585,57.46,56,57.22,1821885,0
EIX.US,D,20250415,000000,57.45,57.9,56.84,56.9,2077583,0
EIX.US,D,20250416,000000,56.97,57.4,56,56.33,1757310,0
EIX.US,D,20250417,000000,57.06,58.175,56.56,57.39,2010304,0
EIX.US,D,20250421,000000,57.125,57.125,55.27,55.81,1946576,0
EIX.US,D,20250422,000000,56.88,58.05,56.52,57.82,3591506,0
EIX.US,D,20250423,000000,57.95,58.776,57.54,58.16,3144531,0
EIX.US,D,20250424,000000,58.31,58.63,57.88,58.2,2184489,0
EIX.US,D,20250425,000000,58.255,58.36,57.46,57.96,2966232,0
EIX.US,D,20250428,000000,57.955,58.41,57.06,58.35,2154799,0
EIX.US,D,20250429,000000,58.09,58.96,57.96,58.73,2726351,0
EIX.US,D,20250430,000000,58.445,58.445,52.82,53.51,11267525,0
EIX.US,D,20250501,000000,53.655,55.22,53.655,54.56,3783250,0
EIX.US,D,20250502,000000,55.3322,55.75,54.21,54.88,3165270,0
EIX.US,D,20250505,000000,54.9,55.365,54.55,54.93,2561666,0
EIX.US,D,20250506,000000,54.56,55.45,54.51,54.83,2085058,0
EIX.US,D,20250507,000000,54.68,56.29,54.64,55.75,2761487,0
EIX.US,D,20250508,000000,56.11,56.94,55.76,56.13,2359841,0
EIX.US,D,20250509,000000,56.25,56.85,56.07,56.19,2318669,0
EIX.US,D,20250512,000000,57.11,57.26,56.01,56.56,2615593,0
EIX.US,D,20250513,000000,56.61,57.04,55.73,56.18,2722220,0
EIX.US,D,20250514,000000,56.06,56.62,54.91,56.38,2330166,0
EIX.US,D,20250515,000000,56.565,57.79,56.44,57.6,2069082,0
EIX.US,D,20250516,000000,57.79,58.63,57.68,58.63,2320746,0
EIX.US,D,20250519,000000,58.15,58.31,57.84,58,1915637,0
EIX.US,D,20250520,000000,58.075,58.5,58,58.31,1698373,0
EIX.US,D,20250521,000000,58.175,58.175,56.86,56.94,2807107,0
EIX.US,D,20250522,000000,56.32,56.571,55.32,56.22,2227768,0
EIX.US,D,20250523,000000,56.36,56.81,55.56,56.64,1568282,0
EIX.US,D,20250527,000000,57.34,57.49,56.14,57.1,2237881,0
EIX.US,D,20250528,000000,57.125,57.47,54.885,55.11,2378374,0
EIX.US,D,20250529,000000,55.14,55.885,54.8885,55.88,2274793,0
EIX.US,D,20250530,000000,55.65,55.815,55.08,55.65,6137670,0
EIX.US,D,20250602,000000,55.42,55.495,54.54,55.43,3051389,0
EIX.US,D,20250603,000000,55.61,56.33,54.9,56,3217998,0
EIX.US,D,20250604,000000,55.9,56.05,53.85,54.36,4311560,0
EIX.US,D,20250605,000000,54.5,54.64,53.52,53.64,3289347,0
EIX.US,D,20250606,000000,53.99,54.37,53.355,53.76,2778621,0
EIX.US,D,20250609,000000,53.1,53.29,48.38,49.42,10212993,0
EIX.US,D,20250610,000000,49.84,50.65,48.92,50.44,5469582,0
EIX.US,D,20250611,000000,50.65,50.8596,49.37,49.61,6758413,0
EIX.US,D,20250612,000000,49.675,50.465,49.42,50.37,5217097,0
EIX.US,D,20250613,000000,49.92,50.09,47.86,48.32,6044990,0
EIX.US,D,20250616,000000,48.765,49.36,48.01,48.35,5192329,0
EIX.US,D,20250617,000000,48.195,49.34,47.73,49.2,4216129,0
EIX.US,D,20250618,000000,49.05,50.59,48.92,50.46,4644114,0
EIX.US,D,20250620,000000,50.68,51.13,49.56,49.65,5842068,0
EIX.US,D,20250623,000000,49.67,50.6877,49.28,50.16,3501355,0
EIX.US,D,20250624,000000,50.39,51.545,50.28,51.39,3135640,0
EIX.US,D,20250625,000000,50.92,51.3071,50.41,50.41,2552077,0
EIX.US,D,20250626,000000,50.805,51.18,50.36,50.81,2880997,0
EIX.US,D,20250627,000000,50.91,51.05,50.4,50.97,5877252,0
EIX.US,D,20250630,000000,50.95,51.62,50.62,51.6,4750672,0
EIX.US,D,20250701,000000,51.9,53.35,51.83,52.88,5557084,0
EIX.US,D,20250702,000000,52.92,52.975,52.37,52.56,4431436,0
EIX.US,D,20250703,000000,53.06,53.24,52.06,52.55,2920079,0
EIX.US,D,20250707,000000,51.34,51.5,50.06,50.51,3998508,0
EIX.US,D,20250708,000000,50.08,50.795,49.14,50.74,4476649,0
EIX.US,D,20250709,000000,50.74,50.81,49.88,50.63,7340610,0
EIX.US,D,20250710,000000,50.47,51.66,50.235,51.29,3849752,0
EIX.US,D,20250711,000000,51.09,51.395,50.16,51.06,2948066,0
EIX.US,D,20250714,000000,50.93,51.2324,50.375,50.96,2555869,0
EIX.US,D,20250715,000000,51.15,51.33,50.19,50.42,2784261,0
EIX.US,D,20250716,000000,50.56,51.27,50.45,50.94,4141806,0
EIX.US,D,20250717,000000,50.675,51.48,50.58,51.33,3603489,0
EIX.US,D,20250718,000000,51.5,51.8,50.91,51.14,2995908,0
EIX.US,D,20250721,000000,51.41,51.5,50.855,50.92,2129223,0
EIX.US,D,20250722,000000,51.145,52.03,51.145,52.03,2372329,0
EIX.US,D,20250723,000000,52.34,52.55,51.88,52.3,2928869,0
EIX.US,D,20250724,000000,52.4,52.44,51.155,51.42,2986928,0
EIX.US,D,20250725,000000,51.39,53.08,51.22,52.95,4216070,0
EIX.US,D,20250728,000000,52.81,53.17,52.15,52.27,3801858,0
EIX.US,D,20250729,000000,52.465,52.615,51.96,52.45,2861706,0
EIX.US,D,20250730,000000,52.45,53.07,51.385,51.69,4453730,0
EIX.US,D,20250731,000000,51.6,52.28,51.01,52.12,7373093,0
EIX.US,D,20250801,000000,52.16,53.47,51.4,53.13,5102656,0
EIX.US,D,20250804,000000,52.785,55.31,52.66,55.22,5145063,0
EIX.US,D,20250805,000000,55.345,56.03,54.7101,55.28,5054743,0
EIX.US,D,20250806,000000,55.51,55.825,54.81,54.91,4279519,0
EIX.US,D,20250807,000000,54.885,55.4,53.53,54.94,4312979,0
EIX.US,D,20250808,000000,55.09,55.1,52.62,53.77,4797656,0
EIX.US,D,20250811,000000,54,55.47,54,55.25,3622587,0
EIX.US,D,20250812,000000,55.625,56.09,55.32,55.96,3450532,0
EIX.US,D,20250813,000000,56.08,56.33,55.6202,56.28,2248201,0
EIX.US,D,20250814,000000,55.76,56.31,55.25,56.02,1879767,0
EIX.US,D,20250815,000000,56.24,56.39,55.48,55.5,2147076,0
EIX.US,D,20250818,000000,55.875,56.15,55.355,55.63,1856910,0
EIX.US,D,20250819,000000,55.8507,57.02,55.68,56.35,2076431,0
EIX.US,D,20250820,000000,56.475,57.26,55.85,55.96,2100329,0
EIX.US,D,20250821,000000,56.075,56.15,53.39,53.81,3356897,0
EIX.US,D,20250822,000000,54.215,55.73,54.2,55.6,2686057,0
EIX.US,D,20250825,000000,55.17,55.45,54.385,54.5,2043699,0
EIX.US,D,20250826,000000,54.58,55.09,54.375,54.92,3221270,0
EIX.US,D,20250827,000000,54.92,55.71,54.88,55.38,2150608,0
EIX.US,D,20250828,000000,55.495,55.51,54.555,54.72,1836355,0
EIX.US,D,20250829,000000,54.95,57.62,54.81,56.13,3528201,0
EIX.US,D,20250902,000000,55.51,56.5,54.9,55.79,2950812,0
EIX.US,D,20250903,000000,56,56.43,55.03,55.35,3353542,0
EIX.US,D,20250904,000000,55.595,55.93,53.419,54.67,3641773,0
EIX.US,D,20250905,000000,54.68,54.95,54.13,54.45,2054332,0
EIX.US,D,20250908,000000,54.47,55.15,53,53.3,3615138,0
EIX.US,D,20250909,000000,53.34,55.04,52.955,54.77,3772383,0
EIX.US,D,20250910,000000,54.57,56.42,53.74,55.57,8179474,0
EIX.US,D,20250911,000000,55.26,57.36,55.24,56.22,5188339,0
EIX.US,D,20250912,000000,56.155,56.78,55.92,56.2,2204452,0
EIX.US,D,20250915,000000,56.585,57,55.75,55.86,2946408,0
EIX.US,D,20250916,000000,56.125,56.22,54.88,55.18,3241156,0
EIX.US,D,20250917,000000,55.6,56.62,55.495,55.56,2417619,0
EIX.US,D,20250918,000000,55.61,55.82,54.845,55.58,2097505,0
EIX.US,D,20250919,000000,55.835,56.5,55.37,55.64,5572351,0
EIX.US,D,20250922,000000,55.36,55.47,53.75,54.26,4017430,0
EIX.US,D,20250923,000000,54.38,56.1,54.35,55.34,2675028,0
EIX.US,D,20250924,000000,55.36,55.4399,54.68,55.04,2522925,0
EIX.US,D,20250925,000000,54.82,55.045,53.89,54.05,3071038,0
EIX.US,D,20250926,000000,54.46,55.02,54.16,55.01,2428657,0
EIX.US,D,20250929,000000,55.15,55.52,54.64,55.23,3351983,0
EIX.US,D,20250930,000000,55.22,55.78,54.75,55.28,2660269,0
EIX.US,D,20251001,000000,55.47,56.515,55.315,56.28,3234302,0
EIX.US,D,20251002,000000,55.8,55.8,53.49,54.49,5766708,0
EIX.US,D,20251003,000000,54.79,55.75,54.58,55.29,2735623,0
EIX.US,D,20251006,000000,55.3,55.3,54.04,54.8,3895272,0
EIX.US,D,20251007,000000,54.39,54.47,52.55,53.69,3937687,0
EIX.US,D,20251008,000000,53.75,54.13,52.58,53.47,5802905,0
EIX.US,D,20251009,000000,53.76,53.9187,52.355,53.07,3068825,0
EIX.US,D,20251010,000000,53.585,53.63,52.12,52.12,3055159,0
EIX.US,D,20251013,000000,52.34,53.895,52,53.65,2696236,0
EIX.US,D,20251014,000000,53.66,56.215,53.59,56.07,3669873,0
EIX.US,D,20251015,000000,56.5,57.2711,56.1601,56.74,2604115,0
EIX.US,D,20251016,000000,57.25,58.07,56.495,56.72,2359035,0
EIX.US,D,20251017,000000,56.8,57.08,56.2255,56.66,2061157,0
EIX.US,D,20251020,000000,57.025,57.76,56.72,57.65,2705446,0
EIX.US,D,20251021,000000,58,58.81,57.62,58.36,2193628,0
EIX.US,D,20251022,000000,58.35,58.56,57.78,58.08,2043233,0
EIX.US,D,20251023,000000,58.72,58.73,57.04,57.27,2636412,0
EIX.US,D,20251024,000000,57.64,57.925,57.29,57.81,1722244,0
EIX.US,D,20251027,000000,56.95,57.7865,56.535,56.91,3375823,0
EIX.US,D,20251028,000000,56.63,56.64,55.72,56.05,3445625,0
EIX.US,D,20251029,000000,55,56.05,54.202,55.39,3814078,0
EIX.US,D,20251030,000000,55.07,55.815,54.77,55.64,2974315,0
EIX.US,D,20251031,000000,55.55,55.605,54.6,55.38,4322527,0
EIX.US,D,20251103,000000,55.16,55.16,53.5601,54.39,4115087,0
EIX.US,D,20251104,000000,54.5,55.765,54.32,55.7,2748803,0
EIX.US,D,20251105,000000,56.05,57.185,56.0031,56.78,4493335,0
EIX.US,D,20251106,000000,56.76,57.3,56.34,56.56,2194818,0
EIX.US,D,20251107,000000,56.535,57.11,56.21,57.04,2242816,0
EIX.US,D,20251110,000000,57.15,57.66,56.73,57.34,2247304,0
EIX.US,D,20251111,000000,57.68,58.27,57.68,57.87,2617583,0
EIX.US,D,20251112,000000,57.925,59.07,57.76,58.76,2179370,0
EIX.US,D,20251113,000000,58.42,59.34,58.39,59.08,2283709,0
EIX.US,D,20251114,000000,59.03,59.25,58.5425,58.71,1930238,0
EIX.US,D,20251117,000000,58.06,58.69,56.86,57.76,3328636,0
EIX.US,D,20251118,000000,57.645,58.975,57.645,58.42,2230833,0
EIX.US,D,20251119,000000,58.6,59.125,57.13,57.5,3040617,0
EIX.US,D,20251120,000000,58.02,59.73,57.83,58.08,4550508,0
EIX.US,D,20251121,000000,58.645,59.77,58.3,58.58,5169914,0
EIX.US,D,20251124,000000,58.62,59.36,57.99,59.18,6443380,0
EIX.US,D,20251125,000000,59.375,59.794,58.43,58.5,2580952,0
EIX.US,D,20251126,000000,59.125,59.81,58.8,59.11,2506842,0
EIX.US,D,20251128,000000,59.33,59.47,58.77,58.89,1203100,0
EIX.US,D,20251201,000000,58.8,59.14,57.9501,58.13,2805458,0
EIX.US,D,20251202,000000,58.495,58.54,57.12,57.14,3498488,0
EIX.US,D,20251203,000000,57.35,57.96,56.73,57.3,2661395,0
EIX.US,D,20251204,000000,57.35,58.33,56.94,57.55,2451951,0
EIX.US,D,20251205,000000,57.59,58.29,57.5,58.09,2855539,0
EIX.US,D,20251208,000000,58.285,58.31,55.84,56.03,4162451,0
EIX.US,D,20251209,000000,56.25,56.93,56.25,56.63,2216592,0
EIX.US,D,20251210,000000,56.6,57.75,56.56,57.49,3577113,0
EIX.US,D,20251211,000000,57.71,58.7069,57.5,57.93,3375348,0
EIX.US,D,20251212,000000,58.355,59.2,58.01,58.31,2976370,0
EIX.US,D,20251215,000000,58.92,59.41,58.39,59.09,2965250,0
EIX.US,D,20251216,000000,59.255,59.39,57.92,58.32,2914433,0
EIX.US,D,20251217,000000,58.4,59.99,58.38,59.54,3618368,0
EIX.US,D,20251218,000000,59.66,60.21,59.57,60.17,3127581,0
EIX.US,D,20251219,000000,60.135,60.51,59.91,60.1,8651069,0
EIX.US,D,20251222,000000,60.11,60.65,59.5,60.63,2866717,0
EIX.US,D,20251223,000000,60.48,60.7,59.965,60.06,2305245,0
EIX.US,D,20251224,000000,60.22,60.4,59.8803,60.1,1380432,0
EIX.US,D,20251226,000000,60.2,60.2,59.185,59.51,1136137,0
EIX.US,D,20251229,000000,59.61,60.47,59.53,60.1,3454031,0
EIX.US,D,20251230,000000,60.26,60.515,60.125,60.35,2555984,0
EIX.US,D,20251231,000000,60.36,60.655,60,60.02,3306487,0
EIX.US,D,20260102,000000,60.37,61.39,59.56,60.93,2681078,0
EIX.US,D,20260105,000000,60.81,60.85,59.02,60.62,4281441,0
EIX.US,D,20260106,000000,60.515,60.72,59.66,60.51,4495539,0
EIX.US,D,20260107,000000,59.71,60.12,58.435,58.46,2993279,0
EIX.US,D,20260108,000000,58.35,59.735,58.21,59.61,3305148,0
EIX.US,D,20260109,000000,59.97,61.31,59.92,60.99,2581028,0
EIX.US,D,20260112,000000,60.84,61.274,59.795,59.99,2547938,0
EIX.US,D,20260113,000000,60.1,60.78,59.68,60.68,1899507,0
EIX.US,D,20260114,000000,60.71,62.155,60.71,61.62,2970729,0
EIX.US,D,20260115,000000,61.6,62.055,61.34,61.52,3473631,0
EIX.US,D,20260116,000000,61.245,62.62,61.09,62.39,2833276,0
EIX.US,D,20260120,000000,61.325,61.79,59.815,59.91,4614892,0
EIX.US,D,20260121,000000,60.825,60.9,59.55,60.42,3446097,0
EIX.US,D,20260122,000000,60.89,61.54,60.15,60.74,2844168,0
EIX.US,D,20260123,000000,60.885,61.25,60.16,60.77,2869213,0
EIX.US,D,20260126,000000,61.34,62.18,61.27,61.64,2418759,0
EIX.US,D,20260127,000000,61.64,62.685,61.64,62.63,2010662,0
EIX.US,D,20260128,000000,62.49,63.19,62.06,62.25,1986314,0
EIX.US,D,20260129,000000,62.82,63,61.65,62.17,2426030,0
EIX.US,D,20260130,000000,62.17,62.42,61.09,62.28,4506950,0
EIX.US,D,20260202,000000,62.135,62.26,60.52,60.75,4680983,0
EIX.US,D,20260203,000000,60.88,61.91,60.75,61.48,3091886,0
EIX.US,D,20260204,000000,62.2398,63.995,61.81,63.46,3228719,0
EIX.US,D,20260205,000000,63.6,63.98,62.875,63.71,2850693,0
EIX.US,D,20260206,000000,64.25,64.675,63.18,64.01,2367743,0
EIX.US,D,20260209,000000,63.81,64.1339,63.125,63.79,2185086,0
EIX.US,D,20260210,000000,64,65.815,63.9,65.46,2450014,0
EIX.US,D,20260211,000000,65.73,67.21,65.385,67.06,2479583,0
EIX.US,D,20260212,000000,67.3,69.63,67.26,69.08,6170971,0
EIX.US,D,20260213,000000,68.51,71.6097,68.1,71.46,4738195,0
EIX.US,D,20260217,000000,72.33,72.68,71.26,71.42,4140247,0
EIX.US,D,20260218,000000,71.63,71.85,69.56,69.7,4722751,0
EIX.US,D,20260219,000000,71,73.2099,70.21,72.66,5178997,0
EIX.US,D,20260220,000000,73.1,73.9,72.1725,73.74,3323080,0
EIX.US,D,20260223,000000,73.685,74.81,73.21,74.65,2506043,0
EIX.US,D,20260224,000000,74.81,75.5,74.05,75.24,3602009,0
EIX.US,D,20260225,000000,75.13,75.49,73.55,75.2,2714096,0
EIX.US,D,20260226,000000,75,75.45,73.97,74.37,2866106,0
EIX.US,D,20260227,000000,74.685,75.33,74.21,74.74,4914198,0
EIX.US,D,20260302,000000,74.71,74.74,73.69,74.42,3297366,0
EIX.US,D,20260303,000000,73.03,74.32,71.9,73.86,3387255,0
EIX.US,D,20260304,000000,74.19,74.64,73.61,73.89,3702307,0
EIX.US,D,20260305,000000,72.625,72.65,70.36,71.22,4866063,0
EIX.US,D,20260306,000000,70.8,72.6,70.39,71.76,4037442,0
EIX.US,D,20260309,000000,71.38,71.49,68.765,70.73,5732262,0
EIX.US,D,20260310,000000,70.58,72.135,70.055,71.08,3110675,0
EIX.US,D,20260311,000000,70.965,72.21,70.965,71.53,4776180,0
EIX.US,D,20260312,000000,71.23,71.975,70.61,70.96,3103003,0
EIX.US,D,20260313,000000,72.07,72.43,71.38,71.73,2687649,0
EIX.US,D,20260316,000000,72.5,73.04,71.53,72.97,3059475,0
EIX.US,D,20260317,000000,73.35,73.91,72.525,72.92,3373347,0
EIX.US,D,20260318,000000,72.5,72.98,72.09,72.66,2897808,0
EIX.US,D,20260319,000000,72.425,72.775,71.295,71.89,3800788,0
EIX.US,D,20260320,000000,72.17,72.38,68.88,69.75,8379729,0
EIX.US,D,20260323,000000,71.63,71.63,69.965,70.67,2526148,0
EIX.US,D,20260324,000000,70.8,71.86,70.04,71.28,2272687,0
EIX.US,D,20260325,000000,71.7,72.1223,71.16,71.19,1703452,0
EIX.US,D,20260326,000000,70.53,71.74,70.49,70.77,2636327,0
EIX.US,D,20260327,000000,70.83,71.45,69.95,70.3,3166464,0
EIX.US,D,20260330,000000,71.5,72.695,70.82,71.84,3392092,0
EIX.US,D,20260331,000000,72.64,73.29,71.63,73.18,4839329,0
EIX.US,D,20260401,000000,73.2,73.9,72.6726,73.58,3711608,0
EIX.US,D,20260402,000000,73.48,74.2,73,73.46,2532798,0
EIX.US,D,20260406,000000,72.77,73.62,72.71,73.59,2400212,0
EIX.US,D,20260407,000000,72.2,72.8,71.7,72.61,2498974,0
EIX.US,D,20260408,000000,72.965,74.395,72.45,74.35,3529698,0
EIX.US,D,20260409,000000,74.19,76.215,73.8644,75.82,2922340,0
EIX.US,D,20260410,000000,75.81,76.16,75.5,75.72,1833018,0
EIX.US,D,20260413,000000,75.45,75.52,71.545,72.39,3882159,0
EIX.US,D,20260414,000000,72.06,72.64,71.23,72.37,2314941,0
EIX.US,D,20260415,000000,72.405,72.405,70.8801,71.35,2432913,0
EIX.US,D,20260416,000000,71.465,72.07,70.78,71.6,2238393,0
EIX.US,D,20260417,000000,71.04,71.5,69.91,70.75,3105846,0
EIX.US,D,20260420,000000,69.97,71.485,69.9268,70.58,1969076,0
EIX.US,D,20260421,000000,70.78,71.215,69.55,69.73,2265618,0
EIX.US,D,20260422,000000,70.72,71.21,69.27,69.38,1906257,0
EIX.US,D,20260423,000000,70.33,71.005,69.9526,70.34,2400472,0
EIX.US,D,20260424,000000,70.14,70.14,68.81,68.86,3171443,0
