<TICKER>,<PER>,<DATE>,<TIME>,<OPEN>,<HIGH>,<LOW>,<CLOSE>,<VOL>,<OPENINT>
F.US,D,20000103,000000,15.0385,15.1685,14.8616,14.9323,3792162.196225,0
F.US,D,20000104,000000,14.7733,14.8988,14.3436,14.4382,6832407.2771599,0
F.US,D,20000105,000000,14.5435,14.6856,14.4743,14.4885,4706990.6896872,0
F.US,D,20000106,000000,14.5435,14.7733,14.3665,14.5088,4245758.7377671,0
F.US,D,20000107,000000,14.9657,15.6801,14.8616,15.5749,8643050.3954848,0
F.US,D,20000110,000000,15.6111,15.7333,15.1073,15.292,4625196.7802007,0
F.US,D,20000111,000000,14.9657,15.2584,14.7564,14.881,3950662.0039564,0
F.US,D,20000112,000000,14.951,15.5397,14.951,15.3098,4590745.8085743,0
F.US,D,20000113,000000,15.5052,15.5052,15.0808,15.1269,3672359.779462,0
F.US,D,20000114,000000,14.9826,15.0977,14.5805,14.7564,6975295.7813908,0
F.US,D,20000118,000000,15.3275,15.6801,15.1499,15.4689,7252913.6468809,0
F.US,D,20000119,000000,15.5397,15.6474,15.0561,15.2391,4213175.3309607,0
F.US,D,20000120,000000,15.2584,15.3098,14.6856,14.8942,6363884.9222936,0
F.US,D,20000121,000000,14.8095,14.8271,14.3436,14.3869,8405989.5675796,0
F.US,D,20000124,000000,14.7733,14.8095,14.3665,14.5805,7391220.9048848,0
F.US,D,20000125,000000,14.5964,14.6141,14.0076,14.2968,6094239.5564101,0
F.US,D,20000126,000000,14.0076,14.0411,13.4903,13.6884,13550110.329346,0
F.US,D,20000127,000000,14.0625,14.256,13.8846,14.2374,10056609.189613,0
F.US,D,20000128,000000,14.1472,14.3665,14.0625,14.1146,5625881.2214704,0
F.US,D,20000131,000000,14.3489,14.4558,14.1472,14.332,4625702.4140434,0
F.US,D,20000201,000000,14.2968,14.4008,13.9661,14.3489,6918953.2398314,0
F.US,D,20000202,000000,14.3869,14.5611,13.8078,14.0076,9321830.4598993,0
F.US,D,20000203,000000,13.7885,14.0782,13.7707,14.0411,5872281.0046471,0
F.US,D,20000204,000000,14.0782,14.1146,13.8246,13.8405,4028207.2317569,0
F.US,D,20000207,000000,13.9661,13.9661,13.5877,13.8078,3482474.4759748,0
F.US,D,20000208,000000,13.9377,14.0782,13.8246,13.8626,4896026.4830716,0
F.US,D,20000209,000000,13.7203,13.7547,13.5787,13.5877,4209276.1813942,0
F.US,D,20000210,000000,13.5548,13.6081,13.2651,13.5365,5421743.1519439,0
F.US,D,20000211,000000,13.5877,13.5877,13.0167,13.2871,4942864.9182608,0
F.US,D,20000214,000000,13.2474,13.5787,12.9582,13.5548,5332985.7481925,0
F.US,D,20000215,000000,13.5011,13.5011,13.0891,13.3606,4295140.0474052,0
F.US,D,20000216,000000,13.1588,13.3772,13.0386,13.3349,5515580.6487335,0
F.US,D,20000217,000000,13.1951,13.4294,13.0386,13.2137,5692747.0552887,0
F.US,D,20000218,000000,13.0167,13.0891,12.4925,12.4925,8494227.7634253,0
F.US,D,20000222,000000,12.7832,12.9292,12.5287,12.6896,6852435.8069608,0
F.US,D,20000223,000000,12.7301,12.746,12.387,12.387,3554592.3409613,0
F.US,D,20000224,000000,12.387,12.4579,11.863,12.2413,8115305.5353816,0
F.US,D,20000225,000000,12.2041,12.746,12.168,12.3694,7638633.0869189,0
F.US,D,20000228,000000,12.746,12.746,12.2555,12.2969,8568217.7179192,0
F.US,D,20000229,000000,12.4579,12.4747,11.863,11.9929,7151265.4080674,0
F.US,D,20000301,000000,12.0618,12.1503,11.8276,11.9804,8984479.9306419,0
F.US,D,20000302,000000,11.9523,12.0443,11.8452,11.9142,5009381.2199597,0
F.US,D,20000303,000000,11.9142,12.4385,11.8966,12.2969,7763524.6460955,0
F.US,D,20000306,000000,12.3509,12.5647,11.9523,12.0796,6563786.7530252,0
F.US,D,20000307,000000,12.098,12.2201,11.704,11.8452,6444151.7497044,0
F.US,D,20000308,000000,11.8452,12.281,11.5896,12.2555,7311123.7532601,0
F.US,D,20000309,000000,12.1158,12.1503,11.7568,11.9929,5517277.4065954,0
F.US,D,20000310,000000,11.7568,12.0443,11.704,11.8276,5618758.2319666,0
F.US,D,20000313,000000,11.6799,12.281,11.6623,12.2555,5540866.8655622,0
F.US,D,20000314,000000,12.0796,12.0796,11.5896,11.8091,9129566.3018896,0
F.US,D,20000315,000000,11.8091,12.6896,11.7726,12.6896,13957372.93837,0
F.US,D,20000316,000000,12.6788,12.7832,12.3103,12.6161,13648533.597049,0
F.US,D,20000317,000000,12.7991,13.2474,12.746,12.8541,11260083.343495,0
F.US,D,20000320,000000,12.6896,12.746,12.4226,12.5984,7195894.6645207,0
F.US,D,20000321,000000,12.4057,13.2296,12.3103,13.1951,8447560.135194,0
F.US,D,20000322,000000,12.8893,13.0386,12.4579,12.6788,8638814.1566898,0
F.US,D,20000323,000000,12.6161,13.0386,12.58,12.8176,11588271.380298,0
F.US,D,20000324,000000,12.6788,13.0386,12.6788,12.8541,5962387.8964845,0
F.US,D,20000327,000000,12.7301,12.976,12.6576,12.7301,5346398.0535042,0
F.US,D,20000328,000000,12.6401,12.8893,12.58,12.8176,4829168.5674566,0
F.US,D,20000329,000000,12.8718,13.1775,12.8718,12.9069,5605014.4932858,0
F.US,D,20000330,000000,13.1775,13.4294,13.0167,13.4294,9182851.2857821,0
F.US,D,20000331,000000,13.4119,13.4481,13.1588,13.2296,4754841.523734,0
F.US,D,20000403,000000,13.4631,13.8246,13.4631,13.5365,8676652.98818,0
F.US,D,20000404,000000,14.0411,14.3489,13.4481,14.1322,12847405.97908,0
F.US,D,20000405,000000,14.0245,14.2968,13.8246,14.2038,7346417.4479577,0
F.US,D,20000406,000000,14.3665,14.4885,14.2968,14.3869,7616574.1035435,0
F.US,D,20000407,000000,14.4558,14.5088,13.8626,13.8626,4179751.4634268,0
F.US,D,20000410,000000,14.332,14.9792,14.256,14.7069,9489319.6907825,0
F.US,D,20000411,000000,14.6044,15.2082,14.5832,14.9606,7681562.1919947,0
F.US,D,20000412,000000,15.2504,15.7509,15.2082,15.4467,9533098.305961,0
F.US,D,20000413,000000,15.4797,15.8218,15.1214,15.6801,9528348.5151199,0
F.US,D,20000414,000000,15.8394,16.1301,14.4743,15.0507,17742587.476735,0
F.US,D,20000417,000000,15.5148,16.4864,14.9792,16.4341,20049075.27619,0
F.US,D,20000418,000000,16.1301,16.1646,15.6616,15.9525,8915078.0094061,0
F.US,D,20000419,000000,15.8218,15.9711,15.628,15.8394,6028397.4331686,0
F.US,D,20000420,000000,15.8394,15.8819,15.7703,15.8819,6832582.6088057,0
F.US,D,20000424,000000,15.7509,16.024,15.6616,15.9286,5183662.0069779,0
F.US,D,20000425,000000,15.9525,15.9711,15.7509,15.8394,5404260.8901078,0
F.US,D,20000426,000000,15.8588,15.9869,15.5944,15.8394,6601457.0399012,0
F.US,D,20000427,000000,15.788,15.8819,15.4114,15.8819,7602316.8128167,0
F.US,D,20000428,000000,15.9869,15.9869,15.6945,15.911,5325694.2140744,0
F.US,D,20000501,000000,15.9711,15.9711,15.5511,15.7113,4601603.9277181,0
F.US,D,20000502,000000,15.5511,15.6739,15.369,15.4733,4203165.5907479,0
F.US,D,20000503,000000,15.4042,15.5148,15.1685,15.422,5682051.8248998,0
F.US,D,20000504,000000,15.3337,15.4733,15.2275,15.2976,5536794.6466938,0
F.US,D,20000505,000000,15.2584,15.6945,15.2462,15.369,5086084.8558608,0
F.US,D,20000508,000000,15.3337,15.6616,15.2976,15.5688,4501143.4194079,0
F.US,D,20000509,000000,15.5688,15.6945,15.3849,15.422,7081527.528775,0
F.US,D,20000510,000000,15.4733,15.6041,14.9826,15.1861,6152446.2692736,0
F.US,D,20000511,000000,15.3177,15.5883,15.2584,15.3849,3025142.804793,0
F.US,D,20000512,000000,15.4627,15.6041,15.4467,15.5148,3941494.986815,0
F.US,D,20000515,000000,15.4919,15.4919,15.0385,15.2275,6095936.314272,0
F.US,D,20000516,000000,15.3849,15.6211,15.2976,15.4627,5113575.7267379,0
F.US,D,20000517,000000,15.3512,15.3512,15.1136,15.2275,4702065.5672003,0
F.US,D,20000518,000000,15.4627,15.6395,15.3512,15.5883,6552415.0818352,0
F.US,D,20000519,000000,15.3849,15.8819,15.3849,15.5326,5914699.9511922,0
F.US,D,20000522,000000,15.369,15.3849,14.8095,14.8988,7084407.4924524,0
F.US,D,20000523,000000,14.8988,14.9323,14.6627,14.9323,5196553.9732119,0
F.US,D,20000524,000000,14.9657,15.369,14.951,15.0977,5022958.6763699,0
F.US,D,20000525,000000,15.0561,15.0561,14.5336,14.7325,4723617.7855609,0
F.US,D,20000526,000000,14.767,14.8208,13.8804,14.0076,8592317.3354167,0
F.US,D,20000530,000000,14.226,14.3134,13.9527,14.2613,5165674.1112988,0
F.US,D,20000531,000000,14.2968,14.5336,14.0625,14.1146,3723443.5028216,0
F.US,D,20000601,000000,14.0625,14.4611,13.8405,14.3913,7905386.046234,0
F.US,D,20000602,000000,14.4611,14.7325,13.8804,14.5336,7433471.3068159,0
F.US,D,20000605,000000,14.1729,14.9826,14.1517,14.714,5911822.2498586,0
F.US,D,20000606,000000,14.7918,14.7918,14.4788,14.5336,5923866.9683337,0
F.US,D,20000607,000000,14.5336,14.5336,14.2436,14.3745,3941161.2911021,0
F.US,D,20000608,000000,14.332,14.4956,14.0782,14.2436,4949480.0115782,0
F.US,D,20000609,000000,14.3745,14.4956,14.226,14.4956,3670158.5189292,0
F.US,D,20000612,000000,14.4435,14.714,14.4249,14.5753,3244896.7025075,0
F.US,D,20000613,000000,14.4249,14.6627,14.3542,14.5149,2922648.4493924,0
F.US,D,20000614,000000,14.3913,14.4435,13.9377,14.0245,6866859.3799581,0
F.US,D,20000615,000000,13.9527,13.9889,13.3013,13.371,7859578.1086526,0
F.US,D,20000616,000000,13.371,13.5011,13.0653,13.0837,7762678.5295084,0
F.US,D,20000619,000000,13.0996,13.3013,12.9343,12.9697,5639460.9402245,0
F.US,D,20000620,000000,12.6471,12.7522,12.3694,12.4986,8256151.1431468,0
F.US,D,20000621,000000,12.3509,12.7692,12.3509,12.7002,6551567.8340762,0
F.US,D,20000622,000000,12.8485,12.8989,12.6639,12.8989,4244569.8760919,0
F.US,D,20000623,000000,12.7161,12.9175,12.7002,12.9175,2247439.4946909,0
F.US,D,20000626,000000,12.9175,13.0466,12.3694,12.4642,4533561.6751156,0
F.US,D,20000627,000000,12.519,12.8813,12.3694,12.4642,6502187.6556099,0
F.US,D,20000628,000000,12.4642,12.7884,12.4642,12.7884,4549344.9167462,0
F.US,D,20000629,000000,12.7097,13.3179,12.7097,13.0891,6237290.9493957,0
F.US,D,20000630,000000,12.9175,13.1802,12.8813,13.0122,6645069.3728093,0
F.US,D,20000703,000000,13.0519,13.395,13.0519,13.3013,2427480.209064,0
F.US,D,20000705,000000,13.2058,13.7707,13.1802,13.5603,6817480.3326637,0
F.US,D,20000706,000000,13.6945,14.2842,13.6601,14.0138,8493553.5849682,0
F.US,D,20000707,000000,13.9969,14.073,13.829,13.9969,5139029.3570088,0
F.US,D,20000710,000000,14.1916,14.2613,13.9969,14.1472,3927070.2826457,0
F.US,D,20000711,000000,14.1472,14.5088,14.1472,14.4663,4277153.2828981,0
F.US,D,20000712,000000,14.4329,14.644,14.226,14.6203,4547306.5449682,0
F.US,D,20000713,000000,14.5682,14.6203,14.3966,14.5832,4215891.2747115,0
F.US,D,20000714,000000,14.5832,14.6044,14.3002,14.3815,4028887.0660736,0
F.US,D,20000717,000000,14.3815,14.3815,13.8477,14.0245,4757220.3782562,0
F.US,D,20000718,000000,14.1146,14.3815,13.8846,14.2075,5085578.0908461,0
F.US,D,20000719,000000,14.1669,14.7202,14.1669,14.3542,6338602.0989808,0
F.US,D,20000720,000000,14.3966,14.5267,14.3002,14.3372,4184500.123096,0
F.US,D,20000721,000000,14.3815,14.4663,14.3002,14.3372,4757220.3782562,0
F.US,D,20000724,000000,14.3372,14.4743,14.1472,14.3197,8078985.8677636,0
F.US,D,20000725,000000,14.3372,14.644,14.3372,14.4743,4870575.1151443,0
F.US,D,20000726,000000,14.4743,14.4743,14.0892,14.3002,9929335.3823986,0
F.US,D,20000727,000000,14.3197,14.4329,14.1837,14.3815,6028739.0470848,0
F.US,D,20000728,000000,14.2436,14.279,14.0562,14.1091,3686951.8970737,0
F.US,D,20000731,000000,14.0892,14.3002,14.073,14.2436,5266637.991108,0
F.US,D,20000801,000000,14.2613,14.3372,14.2436,14.3372,6112906.1552339,0
F.US,D,20000802,000000,14.3815,14.3815,14.0138,14.2436,3735146.6073806,0
F.US,D,20000803,000000,14.1669,15.7747,14.1669,15.6395,7763524.6460955,0
F.US,D,20000804,000000,15.6395,16.0401,15.3055,15.5688,6066918.3613193,0
F.US,D,20000807,000000,15.3754,15.6041,15.1038,15.6041,3787076.4473273,0
F.US,D,20000808,000000,15.6041,15.8057,15.5052,15.7747,4005812.2903248,0
F.US,D,20000809,000000,15.9393,15.9711,15.6395,15.7747,19068409.184173,0
F.US,D,20000810,000000,15.7747,15.7747,15.3389,15.7747,14326124.79979,0
F.US,D,20000811,000000,15.7403,15.7747,15.4042,15.5688,10017579.234104,0
F.US,D,20000814,000000,15.6395,15.7403,15.4733,15.5052,13385506.718,0
F.US,D,20000815,000000,15.5397,15.5397,15.1038,15.2046,21339936.984643,0
F.US,D,20000816,000000,15.2391,15.4327,14.767,15.1401,14523481.493728,0
F.US,D,20000817,000000,14.9031,14.9393,14.4008,14.4663,13644291.702396,0
F.US,D,20000818,000000,14.6044,14.8669,14.6044,14.8376,10371053.487736,0
F.US,D,20000821,000000,14.8376,14.9031,14.1384,14.5682,12838242.355454,0
F.US,D,20000822,000000,14.9657,15.1401,14.7016,14.9657,15009141.102998,0
F.US,D,20000823,000000,14.7016,14.7016,14.4382,14.6334,7811721.6187461,0
F.US,D,20000824,000000,14.6731,15.1038,14.6044,14.8376,8029270.8624125,0
F.US,D,20000825,000000,14.9657,15.0048,14.6334,14.767,6919302.7719509,0
F.US,D,20000828,000000,14.6334,14.7016,13.829,14.0024,17501618.449889,0
F.US,D,20000829,000000,14.2038,14.2038,13.4294,13.5011,19122539.153481,0
F.US,D,20000830,000000,13.365,14.0677,13.365,13.829,19060432.159879,0
F.US,D,20000831,000000,13.6646,13.7009,12.7301,12.9343,48284382.828729,0
F.US,D,20000901,000000,13.0653,13.4294,12.7618,13.365,33958258.02894,0
F.US,D,20000905,000000,13.829,15.2391,13.6646,14.6731,30510067.111149,0
F.US,D,20000906,000000,14.3372,14.5018,13.829,13.9315,21290390.523906,0
F.US,D,20000907,000000,14.0349,14.4008,13.8016,13.829,21420036.398612,0
F.US,D,20000908,000000,14.1384,14.3002,13.7663,14.0677,14557925.678323,0
F.US,D,20000911,000000,14.0677,14.1022,13.7009,13.899,9588589.0750737,0
F.US,D,20000912,000000,13.6352,13.8732,13.365,13.4011,14731015.341322,0
F.US,D,20000913,000000,13.4691,13.8732,13.2375,13.5286,18533532.285192,0
F.US,D,20000914,000000,13.4691,14.1669,13.4011,13.829,17360602.035166,0
F.US,D,20000915,000000,13.9315,14.1384,13.7663,13.829,19350948.778636,0
F.US,D,20000918,000000,13.899,14.0349,13.7009,13.899,13639713.849684,0
F.US,D,20000919,000000,13.829,13.899,13.4294,13.7663,7992106.2093793,0
F.US,D,20000920,000000,13.7379,13.7663,13.365,13.4011,11506649.408942,0
F.US,D,20000921,000000,13.365,13.4691,12.6286,12.6286,11302168.594327,0
F.US,D,20000922,000000,13.2959,13.7009,12.9981,13.7009,12713851.905433,0
F.US,D,20000925,000000,13.6352,13.8016,13.5286,13.6019,9099869.6457922,0
F.US,D,20000926,000000,13.4691,13.7009,12.9981,13.0308,12608644.999796,0
F.US,D,20000927,000000,13.0308,13.4294,13.0308,13.2375,9200839.1814611,0
F.US,D,20000928,000000,13.0996,13.7009,13.0996,13.4011,9829045.6810464,0
F.US,D,20000929,000000,13.4691,13.9661,13.4294,13.6352,12662604.162147,0
F.US,D,20001002,000000,13.6019,14.1384,13.5657,13.9315,9217810.1535949,0
F.US,D,20001003,000000,14.1022,14.4008,13.7009,13.7009,10054906.775892,0
F.US,D,20001004,000000,13.8016,14.2719,13.8016,14.1022,8620994.8056251,0
F.US,D,20001005,000000,14.0024,14.1669,13.829,13.8732,8869426.1735481,0
F.US,D,20001006,000000,13.7379,13.8016,13.5286,13.5286,8144323.4883344,0
F.US,D,20001009,000000,13.5657,13.9661,13.5286,13.829,7984125.7915692,0
F.US,D,20001010,000000,13.829,13.829,13.4294,13.4294,7430246.3357065,0
F.US,D,20001011,000000,13.4691,13.4691,12.8947,12.8947,9812076.9712563,0
F.US,D,20001012,000000,12.8637,13.0996,12.4925,12.4925,11048642.428131,0
F.US,D,20001013,000000,12.8345,13.6019,12.7991,13.5657,10094957.048462,0
F.US,D,20001016,000000,13.4011,13.4011,12.9635,13.165,5427001.9701436,0
F.US,D,20001017,000000,12.9981,13.3349,12.9981,13.0653,5491993.4521106,0
F.US,D,20001018,000000,13.0653,13.6019,12.6286,13.4011,9629144.9814867,0
F.US,D,20001019,000000,13.365,13.899,13.365,13.7009,9789339.2847362,0
F.US,D,20001020,000000,13.3349,13.7009,13.3349,13.4011,7268696.8885115,0
F.US,D,20001023,000000,13.365,13.7379,13.365,13.4691,5674751.2414063,0
F.US,D,20001024,000000,13.829,14.2322,13.6352,13.8016,6036883.4848213,0
F.US,D,20001025,000000,13.8016,13.829,13.4011,13.4294,4807960.2253559,0
F.US,D,20001026,000000,13.365,13.6019,13.365,13.4294,7179436.1132611,0
F.US,D,20001027,000000,13.5011,13.7009,13.4294,13.6646,6033997.8652844,0
F.US,D,20001030,000000,13.6601,14.6087,13.6292,14.3372,15234334.806418,0
F.US,D,20001031,000000,14.3002,14.6087,13.7946,14.1322,12015396.236852,0
F.US,D,20001101,000000,13.899,14.3372,13.8626,13.9661,8135835.1743377,0
F.US,D,20001102,000000,13.9969,14.2038,13.829,14.1022,6950857.9434931,0
F.US,D,20001103,000000,13.9661,14.1669,13.6292,13.6945,7791188.5862745,0
F.US,D,20001106,000000,13.6601,14.4743,13.6601,14.3002,8971578.9150326,0
F.US,D,20001107,000000,13.7256,14.1022,13.4966,13.5214,11879130.744143,0
F.US,D,20001108,000000,13.5603,14.1322,13.4234,13.4234,9539216.8148109,0
F.US,D,20001109,000000,13.4966,13.8626,13.4234,13.7663,7378490.6962337,0
F.US,D,20001110,000000,13.6292,13.6945,13.4543,13.5603,6271567.7205481,0
F.US,D,20001113,000000,13.4543,13.9969,13.4543,13.6945,6243231.8642558,0
F.US,D,20001114,000000,13.5214,13.9661,13.5214,13.6945,5637084.348046,0
F.US,D,20001115,000000,13.5877,14.3002,13.5877,14.2038,10078838.979947,0
F.US,D,20001116,000000,13.9661,14.0349,13.5214,13.5214,9153663.6570431,0
F.US,D,20001117,000000,13.5214,13.6601,13.4543,13.4966,8793575.4412656,0
F.US,D,20001120,000000,13.4543,13.4543,12.7161,12.7161,10810563.545509,0
F.US,D,20001121,000000,12.9124,13.3897,12.9124,13.1802,8458767.7864572,0
F.US,D,20001122,000000,13.0167,13.0466,12.8485,12.8813,4606868.4017774,0
F.US,D,20001124,000000,12.9124,13.1802,12.8813,13.0167,1742252.4647746,0
F.US,D,20001127,000000,12.9124,13.4966,12.9124,13.2871,5708867.3861478,0
F.US,D,20001128,000000,13.3606,13.4966,13.0466,13.0466,5993102.6072991,0
F.US,D,20001129,000000,13.1802,13.3897,13.1802,13.2244,4702407.1811164,0
F.US,D,20001130,000000,12.7832,12.9547,12.2041,12.3103,13940746.973667,0
F.US,D,20001201,000000,12.7832,13.2871,12.4465,13.0891,13542479.443656,0
F.US,D,20001204,000000,12.4465,13.1802,12.3402,12.8813,10521568.35297,0
F.US,D,20001205,000000,12.8485,13.4234,12.6109,13.3897,11489681.830324,0
F.US,D,20001206,000000,12.8485,13.1146,12.7161,12.9124,10278903.699433,0
F.US,D,20001207,000000,12.9124,13.2527,12.8813,12.9813,7760807.5711728,0
F.US,D,20001208,000000,12.9813,13.2527,12.8176,13.0466,6332322.9637201,0
F.US,D,20001211,000000,12.8485,13.0891,12.746,12.9124,5662535.7159732,0
F.US,D,20001212,000000,12.746,13.1146,12.746,12.7832,7210495.8315075,0
F.US,D,20001213,000000,12.6109,13.0167,12.58,12.7832,9729606.6209689,0
F.US,D,20001214,000000,12.7832,12.9547,12.5462,12.58,9282630.8286038,0
F.US,D,20001215,000000,12.0061,12.7832,11.9664,12.176,14584736.714883,0
F.US,D,20001218,000000,12.4747,12.8176,12.4101,12.7161,8558376.5223208,0
F.US,D,20001219,000000,12.8813,12.9124,12.6109,12.746,6960357.5251754,0
F.US,D,20001220,000000,12.5127,12.58,11.7337,11.9664,13438793.964236,0
F.US,D,20001221,000000,12.1396,13.0891,12.0061,13.0891,15564727.49727,0
F.US,D,20001222,000000,12.3103,12.9813,12.068,12.3402,14261810.889796,0
F.US,D,20001226,000000,12.3402,13.0466,12.3103,12.9813,9367650.8403715,0
F.US,D,20001227,000000,12.58,12.8813,12.5462,12.746,8881474.2855388,0
F.US,D,20001228,000000,12.8813,13.1537,12.8813,13.1146,6785410.4779034,0
F.US,D,20001229,000000,13.0167,13.0167,12.6109,12.6833,8061510.3929588,0
F.US,D,20010102,000000,12.8813,13.4966,12.8485,13.1537,8875368.2195802,0
F.US,D,20010103,000000,13.2871,13.7946,12.9124,13.5877,18941646.666662,0
F.US,D,20010104,000000,15.1499,15.1499,13.7663,14.5753,25283980.501767,0
F.US,D,20010105,000000,14.6087,14.6087,13.9969,14.2038,11388881.970441,0
F.US,D,20010108,000000,13.7663,14.0677,13.4966,13.8626,10012830.574434,0
F.US,D,20010109,000000,13.9315,14.4743,13.829,14.3002,12314565.189532,0
F.US,D,20010110,000000,13.8626,14.3372,13.829,14.2038,11839423.21666,0
F.US,D,20010111,000000,14.1022,14.9464,14.0349,14.5753,11605072.676646,0
F.US,D,20010112,000000,14.6087,14.6389,13.9969,14.2656,8492702.9436935,0
F.US,D,20010116,000000,14.2656,14.8456,14.0677,14.6731,10596061.678963,0
F.US,D,20010117,000000,14.8095,14.881,14.4008,14.5371,5165674.1112988,0
F.US,D,20010118,000000,14.3665,15.0438,14.3665,14.7069,8600798.8623819,0
F.US,D,20010119,000000,14.4743,14.6087,14.0349,14.2322,11140786.560574,0
F.US,D,20010122,000000,14.2322,14.7069,14.1322,14.6731,7204546.998444,0
F.US,D,20010123,000000,14.8095,14.8095,14.5371,14.6087,5910971.6085839,0
F.US,D,20010124,000000,14.6731,15.1499,14.6087,15.0164,9493902.0681813,0
F.US,D,20010125,000000,14.9792,15.2869,14.9085,15.1805,10044392.533008,0
F.US,D,20010126,000000,15.2808,15.4504,15.0756,15.3098,7112407.3906882,0
F.US,D,20010129,000000,15.2275,15.4867,15.1269,15.4689,5645397.330397,0
F.US,D,20010130,000000,15.3221,15.7165,15.1073,15.4733,6822060.4477187,0
F.US,D,20010131,000000,15.5052,15.6679,15.2584,15.4168,7727211.7655089,0
F.US,D,20010201,000000,15.2683,15.5397,15.1499,15.5148,5951360.1015546,0
F.US,D,20010202,000000,15.4504,15.4797,15.2391,15.3177,7255458.7836737,0
F.US,D,20010205,000000,15.369,15.7208,15.3512,15.5581,6892314.141401,0
F.US,D,20010206,000000,15.5581,15.811,15.5326,15.7165,7812396.9283752,0
F.US,D,20010207,000000,15.4504,15.6679,14.9031,14.9085,11597264.196967,0
F.US,D,20010208,000000,15.2869,15.4504,15.1559,15.3177,9039798.7616246,0
F.US,D,20010209,000000,15.3389,15.3389,14.6556,14.7202,7145667.2382953,0
F.US,D,20010212,000000,14.951,15.3098,14.9252,15.2046,9991782.8587447,0
F.US,D,20010213,000000,15.2869,15.3629,15.0702,15.2683,5654221.6024504,0
F.US,D,20010214,000000,15.2808,15.5688,15.1983,15.2336,7651701.5159706,0
F.US,D,20010215,000000,15.4114,15.4689,15.2391,15.3098,7238147.3287955,0
F.US,D,20010216,000000,15.2046,15.4467,15.0922,15.0922,7127847.8872306,0
F.US,D,20010220,000000,15.1214,15.5636,15.0977,15.1559,8221702.4338644,0
F.US,D,20010221,000000,15.0561,15.5052,15.0561,15.1401,6240686.7274631,0
F.US,D,20010222,000000,15.1499,15.2976,14.8324,15.0438,8093411.7031047,0
F.US,D,20010223,000000,14.9579,15.6679,14.9217,15.5052,11960926.915972,0
F.US,D,20010226,000000,15.5581,15.8588,15.3098,15.6395,10632557.809398,0
F.US,D,20010227,000000,15.6395,15.7113,15.4582,15.5458,7012967.1994388,0
F.US,D,20010228,000000,15.8057,15.8394,15.0385,15.2082,8150594.7053916,0
F.US,D,20010301,000000,15.2082,15.5944,15.2046,15.4274,10665980.54576,0
F.US,D,20010302,000000,15.4274,15.6395,15.3055,15.3442,6890612.8588516,0
F.US,D,20010305,000000,15.1214,15.5749,15.1214,15.4733,4975953.9589101,0
F.US,D,20010306,000000,15.7509,15.9924,15.5883,15.8819,7698532.0329566,0
F.US,D,20010307,000000,15.8711,15.9604,15.811,15.9039,6764875.1830879,0
F.US,D,20010308,000000,15.911,16.6775,15.8218,16.5988,18722571.472092,0
F.US,D,20010309,000000,16.4987,16.6535,16.3601,16.4598,12488670.644904,0
F.US,D,20010312,000000,16.4341,17.1573,16.2814,16.5411,13676022.205583,0
F.US,D,20010313,000000,16.4785,16.6775,16.0938,16.3176,9633565.6013028,0
F.US,D,20010314,000000,15.911,16.5411,15.6873,15.6873,14924978.519537,0
F.US,D,20010315,000000,15.3804,15.6801,15.3804,15.6395,9530218.3422836,0
F.US,D,20010316,000000,15.2869,15.8588,15.2869,15.5458,13564365.357729,0
F.US,D,20010319,000000,15.5326,16.4528,15.5326,16.2998,8742661.3936922,0
F.US,D,20010320,000000,16.1752,16.4281,15.7208,15.765,9987545.4887778,0
F.US,D,20010321,000000,15.8853,16.0401,15.3389,15.4504,8862636.879757,0
F.US,D,20010322,000000,15.3098,15.369,14.7733,15.2082,11979423.839011,0
F.US,D,20010323,000000,15.3098,15.369,14.8015,15.2584,8545308.0932692,0
F.US,D,20010326,000000,15.6395,16.1584,15.5326,15.8526,6482507.5267566,0
F.US,D,20010327,000000,15.369,15.5326,15.1685,15.3804,14908343.50546,0
F.US,D,20010328,000000,15.4504,15.5397,15.1914,15.2808,8389697.2985904,0
F.US,D,20010329,000000,15.3055,15.6801,15.0507,15.5813,8456386.669591,0
F.US,D,20010330,000000,15.5274,15.6679,15.1861,15.3804,6460268.6870479,0
F.US,D,20010402,000000,15.2046,15.7509,15.1755,15.6474,8913036.2441124,0
F.US,D,20010403,000000,15.4042,15.4867,14.9252,14.9657,8701091.9572497,0
F.US,D,20010404,000000,15.2462,15.6572,15.2391,15.6211,12219369.155281,0
F.US,D,20010405,000000,15.6945,15.7509,15.3055,15.5052,9385811.8053525,0
F.US,D,20010406,000000,15.1914,15.3849,15.0385,15.2046,8627954.9063742,0
F.US,D,20010409,000000,15.3389,15.8588,15.2869,15.8588,7496257.0035624,0
F.US,D,20010410,000000,15.8057,16.352,15.6679,15.8394,7864833.5333366,0
F.US,D,20010411,000000,15.8394,15.8394,15.1214,15.4114,12516162.646953,0
F.US,D,20010412,000000,15.5052,15.8772,15.3275,15.8588,8737741.9270649,0
F.US,D,20010416,000000,15.7747,15.9604,15.5944,15.9604,5992929.537997,0
F.US,D,20010417,000000,15.7509,15.9924,15.7509,15.7925,5539681.3974028,0
F.US,D,20010418,000000,16.1346,17.1831,15.9924,16.7958,19679986.325542,0
F.US,D,20010419,000000,16.4069,16.7764,16.3636,16.5705,11552466.395898,0
F.US,D,20010420,000000,16.4476,16.5988,16.352,16.4069,8848722.3341183,0
F.US,D,20010423,000000,16.4069,16.6304,16.3698,16.4422,6066410.4651327,0
F.US,D,20010424,000000,16.4069,16.5988,16.224,16.224,7210151.9552475,0
F.US,D,20010425,000000,15.7208,15.818,15.2584,15.7509,13539082.534415,0
F.US,D,20010426,000000,15.8464,16.2584,15.7208,15.9711,12751018.82081,0
F.US,D,20010427,000000,15.8588,16.1929,15.811,16.1929,7828686.9350205,0
F.US,D,20010430,000000,16.1584,16.5334,15.9924,16.2885,9491187.2556025,0
F.US,D,20010501,000000,15.911,16.1001,15.4689,15.6342,13968918.810033,0
F.US,D,20010502,000000,15.6739,16.2584,15.5688,16.1584,13639367.71108,0
F.US,D,20010503,000000,16.0462,16.0462,15.6616,15.8588,6110702.6323573,0
F.US,D,20010504,000000,15.6801,16.1346,15.6041,16.063,5692233.5032425,0
F.US,D,20010507,000000,15.7165,15.9224,15.5813,15.7165,7619618.0871476,0
F.US,D,20010508,000000,15.6945,15.7057,15.4467,15.5581,7634215.8606187,0
F.US,D,20010509,000000,15.5581,15.8711,15.4627,15.5148,7571431.2950441,0
F.US,D,20010510,000000,15.6801,15.9525,15.5944,15.6996,8722981.2648391,0
F.US,D,20010511,000000,15.6996,15.7509,15.2336,15.369,7130232.3976124,0
F.US,D,20010514,000000,15.4689,15.6211,15.1499,15.3558,6070992.8425315,0
F.US,D,20010515,000000,15.6342,15.6342,15.2808,15.4467,7795595.6320276,0
F.US,D,20010516,000000,15.1073,15.6616,15.1073,15.5148,11379036.250155,0
F.US,D,20010517,000000,15.5688,15.6041,15.0561,15.2275,12414345.863525,0
F.US,D,20010518,000000,15.2504,15.3221,14.8484,14.9826,11091229.919291,0
F.US,D,20010521,000000,14.5336,14.7396,14.3665,14.7202,21902477.823805,0
F.US,D,20010522,000000,14.5018,14.5018,14.1967,14.3542,18229607.885812,0
F.US,D,20010523,000000,13.8804,14.256,13.6646,14.2517,23650504.921169,0
F.US,D,20010524,000000,13.8732,14.1729,13.8327,14.1729,14108574.424951,0
F.US,D,20010525,000000,13.8804,13.9527,13.5506,13.6646,13314914.803917,0
F.US,D,20010529,000000,13.5787,13.8892,13.5718,13.8078,9006542.3075331,0
F.US,D,20010530,000000,13.6945,13.8016,13.2871,13.5877,10534298.561621,0
F.US,D,20010531,000000,13.7141,13.7203,13.3401,13.4543,10143830.461914,0
F.US,D,20010601,000000,13.4234,13.5832,13.3075,13.5832,9120066.7202073,0
F.US,D,20010604,000000,13.6945,13.6945,13.3897,13.5832,9383598.1019287,0
F.US,D,20010605,000000,13.5365,13.5657,13.3013,13.3827,9200839.1814611,0
F.US,D,20010606,000000,13.3013,13.6416,13.2871,13.3827,10920015.739315,0
F.US,D,20010607,000000,13.3075,13.3542,13.1297,13.3349,10337618.308483,0
F.US,D,20010608,000000,13.3295,13.3349,13.1218,13.2578,4653536.0300086,0
F.US,D,20010611,000000,13.5657,13.8327,13.5435,13.7203,15042068.386065,0
F.US,D,20010612,000000,13.6081,13.7663,13.5506,13.623,9732155.1512774,0
F.US,D,20010613,000000,13.6841,13.9484,13.5718,13.5787,9901171.4642363,0
F.US,D,20010614,000000,13.5718,13.6461,13.2959,13.5214,7977169.0843359,0
F.US,D,20010615,000000,13.2703,13.5718,13.2703,13.3075,12698926.092108,0
F.US,D,20010618,000000,13.4576,13.8626,13.3179,13.8149,11787668.708359,0
F.US,D,20010619,000000,13.8149,13.9068,13.5603,13.6646,7463511.8391732,0
F.US,D,20010620,000000,13.5657,13.7494,13.4843,13.6196,6614187.2485524,0
F.US,D,20010621,000000,13.5548,14.4505,13.5365,14.3073,13353608.801369,0
F.US,D,20010622,000000,14.1916,14.279,13.8555,13.921,6861938.7821589,0
F.US,D,20010625,000000,14.0411,14.0411,13.8149,13.8555,6518814.7514838,0
F.US,D,20010626,000000,13.7609,13.921,13.6945,13.6945,10510884.4343,0
F.US,D,20010627,000000,13.6292,13.8016,12.9813,13.4074,7489467.7097713,0
F.US,D,20010628,000000,13.5063,13.8846,13.4843,13.7071,10793591.442203,0
F.US,D,20010629,000000,13.4234,13.6461,13.4119,13.5657,10743529.167077,0
F.US,D,20010702,000000,13.5718,13.899,13.4843,13.8626,7592305.941432,0
F.US,D,20010703,000000,13.7821,13.8935,13.7203,13.8327,3009366.3501938,0
F.US,D,20010705,000000,13.7663,14.0076,13.7663,13.829,5136147.1309876,0
F.US,D,20010706,000000,13.7009,13.7547,13.395,13.4119,6704290.7468741,0
F.US,D,20010709,000000,13.5063,13.5603,13.4119,13.4631,6297028.1378506,0
F.US,D,20010710,000000,13.7821,13.8078,13.5832,13.6725,7347265.8268887,0
F.US,D,20010711,000000,13.6725,14.1146,13.6461,13.9889,11515134.329423,0
F.US,D,20010712,000000,13.8327,14.0677,13.8149,13.9527,7777948.2190928,0
F.US,D,20010713,000000,14.1419,14.226,13.9591,14.1419,6390531.9389275,0
F.US,D,20010716,000000,14.1967,14.1967,13.7443,13.8149,8068640.1694942,0
F.US,D,20010717,000000,13.9889,14.3073,13.8846,14.2075,8165192.4788627,0
F.US,D,20010718,000000,14.2075,14.2656,13.8246,14.0024,6170266.7515104,0
F.US,D,20010719,000000,13.9776,14.2517,13.9661,14.1669,8260728.995858,0
F.US,D,20010720,000000,14.1669,14.3259,14.1217,14.2322,6023990.3874154,0
F.US,D,20010723,000000,14.226,14.279,13.9591,14.1022,4446842.6431423,0
F.US,D,20010724,000000,14.0138,14.1091,13.867,13.9377,5596694.7239035,0
F.US,D,20010725,000000,13.8732,14.1729,13.8202,14.0892,5768086.4978689,0
F.US,D,20010726,000000,13.8732,13.9315,13.7009,13.8626,11672274.468522,0
F.US,D,20010727,000000,13.867,14.1146,13.8327,13.9527,6110702.6323573,0
F.US,D,20010730,000000,13.8732,14.0191,13.8202,13.899,4692901.9435745,0
F.US,D,20010731,000000,13.8935,14.1967,13.867,14.073,6519321.5164984,0
F.US,D,20010801,000000,14.0625,14.1729,13.8732,13.9969,7841414.8813279,0
F.US,D,20010802,000000,14.1146,14.1146,13.9315,14.0411,4769097.683289,0
F.US,D,20010803,000000,13.9527,14.0411,13.8327,13.9484,4020910.0417792,0
F.US,D,20010806,000000,13.8149,13.9439,13.7707,13.7759,3950999.0931849,0
F.US,D,20010807,000000,13.8149,13.9591,13.7821,13.8327,4367600.65748,0
F.US,D,20010808,000000,13.8327,13.8327,13.5603,13.623,8424487.6217891,0
F.US,D,20010809,000000,13.5603,13.7071,13.5063,13.623,7272090.4042351,0
F.US,D,20010810,000000,13.8327,13.9484,13.7009,13.8477,6324515.6152119,0
F.US,D,20010813,000000,13.6725,13.677,13.1146,13.2703,15646856.233641,0
F.US,D,20010814,000000,13.142,13.1473,12.7568,12.8541,12350370.173932,0
F.US,D,20010815,000000,12.8541,12.9881,12.4385,12.6047,11230556.363184,0
F.US,D,20010816,000000,12.6639,13.3606,12.4986,13.1218,14401635.049327,0
F.US,D,20010817,000000,12.2969,12.3819,11.8699,12.1351,22982240.23081,0
F.US,D,20010820,000000,11.9612,12.0228,11.1266,11.4014,25147548.726786,0
F.US,D,20010821,000000,11.2495,11.4925,11.1848,11.237,10201696.692033,0
F.US,D,20010822,000000,11.2909,11.4863,11.1706,11.3563,13003015.642587,0
F.US,D,20010823,000000,11.4076,11.5022,11.2272,11.2272,8236973.2546207,0
F.US,D,20010824,000000,11.2733,11.6799,11.267,11.3962,8974803.8861419,0
F.US,D,20010827,000000,11.3962,11.5102,11.321,11.321,4618746.837982,0
F.US,D,20010828,000000,11.3962,11.4014,11.2909,11.3608,5412071.6321316,0
F.US,D,20010829,000000,11.367,11.4547,11.267,11.2855,5608237.2020514,0
F.US,D,20010830,000000,11.2855,11.321,11.0363,11.0496,9862813.4248403,0
F.US,D,20010831,000000,11.1795,11.2855,11.1107,11.1107,7997871.7925936,0
F.US,D,20010904,000000,11.1415,11.5854,11.1158,11.321,8172487.4064965,0
F.US,D,20010905,000000,11.1937,11.367,11.078,11.1706,8737911.602851,0
F.US,D,20010906,000000,11.1644,11.1795,10.8437,10.8437,13810592.071604,0
F.US,D,20010907,000000,10.619,10.6739,10.3354,10.4917,15731364.955707,0
F.US,D,20010910,000000,10.4539,10.9321,10.3546,10.8437,8881306.8720966,0
F.US,D,20010917,000000,9.5574,9.91992,8.99865,9.25232,29689588.535351,0
F.US,D,20010918,000000,9.11625,9.59525,9.11625,9.46371,21804223.100715,0
F.US,D,20010919,000000,9.5043,9.66515,8.99865,9.18611,15845232.113469,0
F.US,D,20010920,000000,9.00481,9.28772,8.64412,8.65563,19102518.541884,0
F.US,D,20010921,000000,8.39819,8.67418,8.22051,8.57429,22820694.177131,0
F.US,D,20010924,000000,9.20472,9.44054,8.89255,9.18611,14067509.49118,0
F.US,D,20010925,000000,9.19312,9.19312,8.88459,9.00839,13023382.392787,0
F.US,D,20010926,000000,9.22223,9.2276,9.05869,9.15773,8097315.3773588,0
F.US,D,20010927,000000,9.16394,9.34688,8.98624,9.25761,9169613.1809443,0
F.US,D,20010928,000000,9.33454,9.88361,9.33454,9.6997,10518173.706074,0
F.US,D,20011001,000000,9.6997,9.81741,9.52459,9.63952,7594509.4643085,0
F.US,D,20011002,000000,9.63952,10.0038,9.61765,9.95257,10795626.420466,0
F.US,D,20011003,000000,9.95257,10.1318,9.69241,10.0364,10923921.675913,0
F.US,D,20011004,000000,10.1248,10.1647,9.5043,9.63952,11020469.460594,0
F.US,D,20011005,000000,9.76505,9.91193,9.64749,9.87749,8336074.0942976,0
F.US,D,20011008,000000,9.66256,9.80129,9.5574,9.66256,5455343.4822955,0
F.US,D,20011009,000000,9.59525,9.86501,9.46099,9.81013,11120255.790447,0
F.US,D,20011010,000000,9.81013,10.1699,9.77049,10.1365,7584497.461752,0
F.US,D,20011011,000000,10.4865,10.498,9.98257,10.064,17399972.47342,0
F.US,D,20011012,000000,10.0038,10.1117,9.73503,9.91193,9771690.7406295,0
F.US,D,20011015,000000,9.91193,9.98691,9.78448,9.91193,5899771.8755241,0
F.US,D,20011016,000000,10.0364,10.071,9.6997,9.88361,6963244.2758842,0
F.US,D,20011017,000000,9.66515,9.94281,9.57143,9.57675,6935415.1846068,0
F.US,D,20011018,000000,9.5043,9.51046,9.3637,9.37704,7485564.0355173,0
F.US,D,20011019,000000,9.38144,9.43625,9.02693,9.2276,7703791.9823282,0
F.US,D,20011022,000000,9.2276,9.25232,9.10471,9.25232,7144308.7008339,0
F.US,D,20011023,000000,9.33454,9.44606,9.25232,9.43009,8748941.6601246,0
F.US,D,20011024,000000,9.3497,9.3567,8.95087,8.97919,11175063.331727,0
F.US,D,20011025,000000,9.01366,9.23382,8.95704,9.23382,10852981.360883,0
F.US,D,20011026,000000,9.08792,9.46099,9.05256,9.31773,7517812.6154389,0
F.US,D,20011029,000000,9.23382,9.27625,9.02693,9.06413,6637944.1209615,0
F.US,D,20011030,000000,9.01366,9.10471,8.95704,8.97391,12303874.48383,0
F.US,D,20011031,000000,9.10119,9.21174,8.96239,9.05869,15014405.577058,0
F.US,D,20011101,000000,9.04553,9.29215,9.00839,9.24089,10672775.495411,0
F.US,D,20011102,000000,9.24089,9.3231,9.08792,9.19312,7277011.0020343,0
F.US,D,20011105,000000,9.19312,9.31062,9.08792,9.12598,7715331.0669605,0
F.US,D,20011106,000000,9.03931,9.25232,9.02069,9.24532,7811551.94296,0
F.US,D,20011107,000000,9.29834,9.3567,9.10471,9.18611,7131585.2792142,0
F.US,D,20011108,000000,9.25232,9.46371,9.21786,9.46371,7833438.9882055,0
F.US,D,20011109,000000,9.24532,9.39909,9.19842,9.28772,5455846.8537944,0
F.US,D,20011112,000000,9.13829,9.23382,9.08792,9.1445,4879395.9936821,0
F.US,D,20011113,000000,9.27007,9.33989,9.21174,9.27007,7385110.3142385,0
F.US,D,20011114,000000,9.47604,9.51046,9.13829,9.22223,12616451.217132,0
F.US,D,20011115,000000,9.2276,9.52459,9.2276,9.46371,12041698.246055,0
F.US,D,20011116,000000,9.58737,9.91992,9.49813,9.62465,14681804.838642,0
F.US,D,20011119,000000,9.87749,9.98691,9.7943,9.9064,12532282.977812,0
F.US,D,20011120,000000,9.94557,10.0453,9.68108,9.75271,9493731.2612232,0
F.US,D,20011121,000000,9.75271,9.87749,9.59525,9.66256,6467913.1468013,0
F.US,D,20011123,000000,9.80673,10.0904,9.75271,10.0904,4834936.4130149,0
F.US,D,20011126,000000,10.1585,10.5555,10.1071,10.4865,13432687.898277,0
F.US,D,20011127,000000,10.5156,10.5236,10.1885,10.3193,10239029.88968,0
F.US,D,20011128,000000,10.2663,10.3821,10.1001,10.1071,5954073.7829616,0
F.US,D,20011129,000000,10.1885,10.3546,10.1248,10.307,7685631.0173473,0
F.US,D,20011130,000000,10.3398,10.7667,10.3246,10.6891,11916969.575633,0
F.US,D,20011203,000000,10.4149,10.4192,9.99845,10.0453,12498511.840503,0
F.US,D,20011204,000000,10.1365,10.1699,9.82159,10.0117,12216654.342702,0
F.US,D,20011205,000000,9.60775,9.87749,9.45399,9.47604,25344223.324064,0
F.US,D,20011206,000000,9.59525,9.94281,9.48126,9.7943,15153384.751175,0
F.US,D,20011207,000000,9.67398,9.78448,9.60161,9.66256,8790347.0766405,0
F.US,D,20011210,000000,9.51937,9.64749,9.39909,9.39909,9292643.9623323,0
F.US,D,20011211,000000,9.42383,9.52459,9.32836,9.39909,8377652.5801154,0
F.US,D,20011212,000000,9.49813,9.51046,9.30361,9.39292,9222728.4890504,0
F.US,D,20011213,000000,9.39292,9.46986,9.11625,9.1215,9120574.6163941,0
F.US,D,20011214,000000,9.2276,9.23382,9.03931,9.08792,9682943.5174253,0
F.US,D,20011217,000000,9.05869,9.05869,8.46115,8.46115,22250858.410335,0
F.US,D,20011218,000000,8.62646,8.63353,8.45495,8.50976,17259805.568799,0
F.US,D,20011219,000000,8.45495,8.54423,8.36743,8.42666,14569976.052657,0
F.US,D,20011220,000000,8.54423,8.72193,8.46115,8.60172,13857093.417564,0
F.US,D,20011221,000000,8.60172,8.73253,8.58755,8.72193,14765123.56786,0
F.US,D,20011224,000000,8.61407,8.70336,8.60172,8.65122,5249505.2613914,0
F.US,D,20011226,000000,8.65122,8.76346,8.60967,8.69186,7153301.5175016,0
F.US,D,20011227,000000,8.73253,8.93409,8.70955,8.88017,8844138.8255476,0
F.US,D,20011228,000000,8.93409,9.05869,8.88459,8.99865,9015362.0548988,0
F.US,D,20011231,000000,9.05869,9.15773,8.85718,8.86957,12271460.75281,0
F.US,D,20020102,000000,8.99328,9.19842,8.89255,9.15253,9767281.4325326,0
F.US,D,20020103,000000,9.29215,9.53967,9.2276,9.44054,14797533.905365,0
F.US,D,20020104,000000,9.59525,9.67398,9.46371,9.5574,13416393.366944,0
F.US,D,20020107,000000,9.59525,9.62465,9.29215,9.31062,10241575.026473,0
F.US,D,20020108,000000,9.27007,9.44606,9.25761,9.34688,7692084.3530817,0
F.US,D,20020109,000000,9.31062,9.49813,9.19842,9.20472,11935636.174457,0
F.US,D,20020110,000000,8.94563,8.97391,8.52126,8.62646,24199459.254545,0
F.US,D,20020111,000000,8.41073,8.88459,8.41073,8.74757,35169366.462029,0
F.US,D,20020114,000000,8.74757,8.74757,8.55044,8.66269,12198150.632633,0
F.US,D,20020115,000000,8.58047,8.79707,8.41605,8.48589,16058193.323877,0
F.US,D,20020116,000000,8.41073,8.63353,8.37884,8.44522,13071742.254193,0
F.US,D,20020117,000000,8.43814,8.44522,8.17948,8.29777,23107984.693605,0
F.US,D,20020118,000000,8.26647,8.27336,8.08613,8.18717,20275103.784478,0
F.US,D,20020122,000000,8.18717,8.19141,8.03733,8.14271,22421741.156942,0
F.US,D,20020123,000000,8.08613,8.28636,7.90834,8.20254,45974837.471608,0
F.US,D,20020124,000000,8.26029,8.35779,8.05411,8.15473,71073172.302199,0
F.US,D,20020125,000000,8.21458,8.3859,8.13846,8.24525,85647730.732254,0
F.US,D,20020128,000000,8.4797,8.65563,8.45495,8.5566,56717180.039354,0
F.US,D,20020129,000000,8.65563,8.72193,8.42136,8.4797,37379804.192441,0
F.US,D,20020130,000000,8.52126,8.53539,8.10204,8.45053,31938384.30516,0
F.US,D,20020131,000000,8.52833,8.72193,8.47351,8.69186,21765874.110693,0
F.US,D,20020201,000000,8.25047,8.56899,8.23843,8.46732,36471263.883615,0
F.US,D,20020204,000000,8.40545,8.49209,8.24525,8.31323,14522799.397067,0
F.US,D,20020205,000000,8.26647,8.34549,7.95715,7.98049,24723652.234857,0
F.US,D,20020206,000000,8.01549,8.17948,7.98198,8.01549,23328249.881023,0
F.US,D,20020207,000000,7.98198,8.31323,7.89597,8.25559,30084641.274801,0
F.US,D,20020208,000000,8.25047,8.29777,8.02804,8.17347,10800041.384422,0
F.US,D,20020211,000000,8.1138,8.20847,8.04247,8.12732,13534667.570459,0
F.US,D,20020212,000000,8.0802,8.17948,8.0802,8.14961,9423309.0229266,0
F.US,D,20020213,000000,8.36221,8.53982,8.28035,8.51506,13711829.452327,0
F.US,D,20020214,000000,8.58047,8.58047,8.32553,8.3525,13279957.067276,0
F.US,D,20020215,000000,8.309,8.3525,8.17948,8.309,7265134.8281736,0
F.US,D,20020219,000000,8.12139,8.309,8.09788,8.1138,12398223.270323,0
F.US,D,20020220,000000,8.17347,8.33861,8.13334,8.23843,12246346.474112,0
F.US,D,20020221,000000,8.51506,8.55044,8.21458,8.33861,12442683.982161,0
F.US,D,20020222,000000,8.28035,8.40545,8.13846,8.28636,11168277.431452,0
F.US,D,20020225,000000,8.41073,8.69186,8.36743,8.65563,16761753.971278,0
F.US,D,20020226,000000,8.76346,8.87663,8.58755,8.83243,16397756.425387,0
F.US,D,20020227,000000,8.85099,8.96855,8.65122,8.69186,13656001.593986,0
F.US,D,20020228,000000,8.69805,8.75288,8.45495,8.45495,14346144.280215,0
F.US,D,20020301,000000,8.52126,8.94563,8.48589,8.88459,24351340.575443,0
F.US,D,20020304,000000,9.05256,9.29215,9.00481,9.18611,27691947.995419,0
F.US,D,20020305,000000,9.31062,9.31773,8.83243,8.94563,25414648.955877,0
F.US,D,20020306,000000,9.09407,9.3876,9.00481,9.29215,20185681.251644,0
F.US,D,20020307,000000,9.64749,9.64749,9.46099,9.61053,29227681.273802,0
F.US,D,20020308,000000,9.71813,9.72804,9.48656,9.55125,22106619.286846,0
F.US,D,20020311,000000,9.59525,9.82159,9.37704,9.77049,16527911.327449,0
F.US,D,20020312,000000,9.66256,9.76505,9.51937,9.66256,27210015.597585,0
F.US,D,20020313,000000,9.60775,9.74912,9.55125,9.72348,12527873.669715,0
F.US,D,20020314,000000,9.63069,9.74912,9.61053,9.61053,12255342.684295,0
F.US,D,20020315,000000,9.64749,9.7068,9.5043,9.61765,13151668.59886,0
F.US,D,20020318,000000,9.66084,9.81013,9.57143,9.6997,12870483.017173,0
F.US,D,20020319,000000,9.77662,9.7943,9.62465,9.76505,8576531.8314422,0
F.US,D,20020320,000000,9.67398,9.7068,9.3231,9.37704,15886801.549912,0
F.US,D,20020321,000000,9.39909,9.60775,9.26472,9.48656,14920906.300669,0
F.US,D,20020322,000000,9.46099,9.55125,9.31773,9.46986,9095626.6199658,0
F.US,D,20020325,000000,9.44606,9.53351,9.10471,9.1215,14704718.98798,0
F.US,D,20020326,000000,9.1215,9.3497,9.08792,9.13829,17983214.889667,0
F.US,D,20020327,000000,9.16394,9.20472,9.09407,9.1445,11197634.735977,0
F.US,D,20020328,000000,9.19312,9.47604,9.17451,9.37079,9630334.9743339,0
F.US,D,20020401,000000,9.03931,9.05256,8.86957,8.94025,14720492.049062,0
F.US,D,20020402,000000,8.87663,8.91111,8.70955,8.73253,14447965.588331,0
F.US,D,20020403,000000,8.75288,8.95087,8.53539,8.5566,16853387.945191,0
F.US,D,20020404,000000,8.66269,8.72193,8.55044,8.60172,12569960.05172,0
F.US,D,20020405,000000,8.71485,8.74757,8.52126,8.55044,14143365.879323,0
F.US,D,20020408,000000,8.52126,8.58755,8.45495,8.58755,9844996.3361193,0
F.US,D,20020409,000000,8.59287,8.62646,8.49738,8.53982,8521554.6143757,0
F.US,D,20020410,000000,8.60967,8.94563,8.56279,8.86338,11828562.835174,0
F.US,D,20020411,000000,8.86338,8.86338,8.46732,8.46732,12183054.012351,0
F.US,D,20020412,000000,8.59728,8.75288,8.55044,8.71485,7997026.8071785,0
F.US,D,20020415,000000,8.75288,8.81741,8.55044,8.5566,7681731.8677809,0
F.US,D,20020416,000000,8.69186,9.08792,8.63353,9.00839,18378092.29747,0
F.US,D,20020417,000000,9.37704,9.37704,9.06934,9.19312,28932072.119118,0
F.US,D,20020418,000000,9.22223,9.24532,8.81299,9.01366,13129432.021495,0
F.US,D,20020419,000000,9.10994,9.37704,9.03578,9.29215,11092422.174482,0
F.US,D,20020422,000000,9.29215,9.29215,9.09407,9.1215,11989258.247577,0
F.US,D,20020423,000000,9.10471,9.44606,9.10119,9.34688,13305244.415277,0
F.US,D,20020424,000000,9.3637,9.51937,9.21174,9.21786,7805612.1592717,0
F.US,D,20020425,000000,9.23382,9.27625,9.09407,9.27625,8050479.2045132,0
F.US,D,20020426,000000,9.25761,9.31062,9.16394,9.26472,8580774.8572686,0
F.US,D,20020429,000000,9.17451,9.2276,8.95087,9.00839,9170972.8495775,0
F.US,D,20020430,000000,8.95087,9.17022,8.92261,9.09407,9579762.5406766,0
F.US,D,20020501,000000,9.13209,9.40973,8.95704,9.33989,12056965.673295,0
F.US,D,20020502,000000,9.31062,9.37079,9.16394,9.20472,21202482.630258,0
F.US,D,20020503,000000,9.15773,9.25761,9.00839,9.19842,14457469.6947,0
F.US,D,20020506,000000,9.1445,9.28245,9.10119,9.10994,10196777.225405,0
F.US,D,20020507,000000,9.03578,9.28772,8.92261,8.94563,12632065.914149,0
F.US,D,20020508,000000,9.03578,9.27007,9.02693,9.1445,13946176.598825,0
F.US,D,20020509,000000,9.05256,9.20472,9.00481,9.11625,12115338.668429,0
F.US,D,20020510,000000,9.17991,9.23382,8.99865,9.05256,8918297.3246559,0
F.US,D,20020513,000000,9.09407,9.27625,9.05869,9.25761,9198299.7005279,0
F.US,D,20020514,000000,9.38144,9.46986,9.29215,9.43009,19971186.172129,0
F.US,D,20020515,000000,9.40973,9.61765,9.39292,9.51937,14243485.904888,0
F.US,D,20020516,000000,9.52459,9.63434,9.46371,9.48126,13061726.85812,0
F.US,D,20020517,000000,9.48126,9.60161,9.46371,9.5574,7661029.159523,0
F.US,D,20020520,000000,9.60775,9.65373,9.43625,9.56622,9000594.6056415,0
F.US,D,20020521,000000,9.84122,10.117,9.84122,10.0523,37307349.238226,0
F.US,D,20020522,000000,10.0957,10.4254,10.077,10.4008,24919477.322032,0
F.US,D,20020523,000000,10.3769,10.3901,10.117,10.3354,13469506.412707,0
F.US,D,20020524,000000,10.3937,10.3937,10.1001,10.1444,7917944.3167551,0
F.US,D,20020528,000000,10.2062,10.2725,10.0364,10.0577,9710093.9055581,0
F.US,D,20020529,000000,10.1647,10.1699,9.99845,10.1365,11151476.135104,0
F.US,D,20020530,000000,10.0957,10.1444,10.0117,10.0577,12992321.54337,0
F.US,D,20020531,000000,10.041,10.2001,9.98691,10.0957,11144687.972486,0
F.US,D,20020603,000000,10.117,10.2001,9.8349,9.89841,11380392.525273,0
F.US,D,20020604,000000,9.86501,9.86501,9.49273,9.67398,17314106.345065,0
F.US,D,20020605,000000,9.7068,9.76505,9.57675,9.69241,10433841.446826,0
F.US,D,20020606,000000,9.72348,9.78448,9.46986,9.57675,9843476.0410752,0
F.US,D,20020607,000000,9.54573,9.54573,9.38144,9.46371,11334747.476446,0
F.US,D,20020610,000000,9.54573,9.6997,9.46371,9.60161,6848193.9123062,0
F.US,D,20020611,000000,9.66084,9.92229,9.58737,9.61765,10430790.676191,0
F.US,D,20020612,000000,9.61765,9.68108,9.43625,9.53351,11192544.462392,0
F.US,D,20020613,000000,9.46371,9.58737,9.32836,9.42383,10198642.527882,0
F.US,D,20020614,000000,9.2276,9.25761,8.93409,9.08792,17051074.941327,0
F.US,D,20020617,000000,9.18611,9.37704,9.15773,9.3497,12172191.368518,0
F.US,D,20020618,000000,9.34688,9.74912,9.27625,9.67398,10046934.276285,0
F.US,D,20020619,000000,9.60161,9.71401,9.40973,9.42383,11462528.048676,0
F.US,D,20020620,000000,9.16394,9.17022,8.96855,8.99328,14402492.477634,0
F.US,D,20020621,000000,8.81299,8.96239,8.77763,8.87663,16980149.331531,0
F.US,D,20020624,000000,8.86957,9.10471,8.79177,9.06413,14217177.108655,0
F.US,D,20020625,000000,9.1445,9.46099,9.10119,9.17451,14099415.326013,0
F.US,D,20020626,000000,8.93409,9.11625,8.87663,9.00481,12685850.876026,0
F.US,D,20020627,000000,9.01366,9.1445,8.72193,9.01366,20159208.435485,0
F.US,D,20020628,000000,9.05869,9.42383,9.01366,9.1445,11978061.908033,0
F.US,D,20020701,000000,9.1445,9.28772,8.86338,8.87663,11806499.32711,0
F.US,D,20020702,000000,8.88017,9.1445,8.72193,9.00839,17985417.281372,0
F.US,D,20020703,000000,8.82625,8.93409,8.57429,8.75288,15537741.129065,0
F.US,D,20020705,000000,8.80591,8.99865,8.80591,8.96855,6331304.909003,0
F.US,D,20020708,000000,8.90404,8.95704,8.59287,8.66269,12686534.103857,0
F.US,D,20020709,000000,8.72634,8.85099,8.60967,8.63795,11539909.256549,0
F.US,D,20020710,000000,8.58755,8.59287,7.98049,7.99615,30273510.785915,0
F.US,D,20020711,000000,7.86184,7.869,7.4002,7.53571,34766004.133744,0
F.US,D,20020712,000000,7.54899,7.65011,7.15444,7.2134,30723197.997343,0
F.US,D,20020715,000000,7.20757,7.41336,6.98497,7.31904,20045510.953508,0
F.US,D,20020716,000000,7.31904,7.41956,7.01194,7.14844,17503487.145882,0
F.US,D,20020717,000000,7.70713,7.7264,7.04887,7.16027,22605685.54557,0
F.US,D,20020718,000000,7.51999,7.51999,7.11926,7.32595,16351934.913743,0
F.US,D,20020719,000000,7.32595,7.42566,6.9939,7.08435,15765302.375287,0
F.US,D,20020722,000000,7.11926,7.38448,6.83538,7.01855,23304324.463998,0
F.US,D,20020723,000000,7.06516,7.12288,6.86473,6.91813,20639267.612639,0
F.US,D,20020724,000000,6.85838,7.34734,6.58803,7.22473,21294123.391202,0
F.US,D,20020725,000000,7.14224,7.31904,6.9246,7.18273,19965414.933055,0
F.US,D,20020726,000000,7.14844,7.28229,7.01855,7.20757,10197623.341993,0
F.US,D,20020729,000000,7.40788,7.60353,7.28229,7.50735,16075674.454541,0
F.US,D,20020730,000000,7.53174,7.63897,7.43644,7.54899,12100407.199244,0
F.US,D,20020731,000000,7.65011,7.75992,7.51999,7.75992,11745582.326354,0
F.US,D,20020801,000000,7.70137,7.79166,7.49559,7.51999,12441491.726971,0
F.US,D,20020802,000000,7.54899,7.54899,7.03112,7.17238,13160832.222485,0
F.US,D,20020805,000000,7.17238,7.23142,6.71816,6.77713,22335878.422103,0
F.US,D,20020806,000000,6.95951,7.14224,6.9123,7.00769,10943602.935938,0
F.US,D,20020807,000000,7.11926,7.12288,6.90073,7.077,12200526.093639,0
F.US,D,20020808,000000,7.077,7.077,6.71118,6.86473,20725980.988753,0
F.US,D,20020809,000000,6.90073,6.90655,6.68802,6.82478,17096725.646013,0
F.US,D,20020812,000000,6.80048,6.89496,6.65257,6.70632,14353953.891067,0
F.US,D,20020813,000000,6.70632,6.83035,6.50564,6.58803,15211933.077955,0
F.US,D,20020814,000000,6.58803,6.62933,6.13382,6.54065,33026467.61272,0
F.US,D,20020815,000000,6.62375,6.80629,6.32946,6.68802,16966398.805818,0
F.US,D,20020816,000000,6.68237,6.71816,6.54065,6.56487,12017430.083943,0
F.US,D,20020819,000000,6.67052,7.03112,6.57611,6.98948,18544052.183934,0
F.US,D,20020820,000000,6.92883,7.04887,6.80629,6.85838,15228051.146469,0
F.US,D,20020821,000000,6.9123,7.04235,6.83035,6.9123,21714115.077706,0
F.US,D,20020822,000000,6.92883,7.05321,6.84811,7.01194,12952275.795487,0
F.US,D,20020823,000000,6.96472,6.98948,6.75935,6.78933,11605583.966349,0
F.US,D,20020826,000000,6.84811,7.02368,6.8125,6.95951,9845501.9699622,0
F.US,D,20020827,000000,7.07169,7.15444,6.7941,6.84811,15365505.500855,0
F.US,D,20020828,000000,6.84811,6.86473,6.64612,6.70084,15083300.733279,0
F.US,D,20020829,000000,6.65937,6.80048,6.6364,6.70084,11293853.349633,0
F.US,D,20020830,000000,6.70084,6.84811,6.65257,6.78297,8894368.5141168,0
F.US,D,20020903,000000,6.62375,6.62933,6.29887,6.30551,23858882.623006,0
F.US,D,20020904,000000,6.32946,6.39859,6.11657,6.36428,20693574.044765,0
F.US,D,20020905,000000,6.31142,6.31743,6.04577,6.15776,23041131.302678,0
F.US,D,20020906,000000,6.33459,6.33459,5.85181,5.87513,27981274.621329,0
F.US,D,20020909,000000,5.87513,6.33459,5.85181,6.22292,20235564.80161,0
F.US,D,20020910,000000,6.45305,6.46418,6.16404,6.28259,23228304.055929,0
F.US,D,20020911,000000,6.59493,6.59493,6.18155,6.42989,15390277.034466,0
F.US,D,20020912,000000,6.39273,6.39273,6.19366,6.27604,16170875.01348,0
F.US,D,20020913,000000,6.28259,6.29364,6.01095,6.13382,15434570.332863,0
F.US,D,20020916,000000,6.13382,6.23487,6.07574,6.15776,14219724.50779,0
F.US,D,20020917,000000,6.28259,6.34122,5.9693,6.03419,18821670.049426,0
F.US,D,20020918,000000,5.93438,6.02287,5.71618,5.91034,23997522.445551,0
F.US,D,20020919,000000,5.76331,5.83413,5.59243,5.68667,19756857.374885,0
F.US,D,20020920,000000,5.68667,5.74563,5.49228,5.62782,23656265.979695,0
F.US,D,20020923,000000,5.63955,5.63955,5.46274,5.56299,14830455.532571,0
F.US,D,20020924,000000,5.39785,5.55114,5.32131,5.38017,18645864.442675,0
F.US,D,20020925,000000,5.53356,5.84588,5.53356,5.74563,24325035.172726,0
F.US,D,20020926,000000,5.80433,5.91034,5.69259,5.82238,19412892.883483,0
F.US,D,20020927,000000,5.65731,5.7513,5.4745,5.55114,14035609.312206,0
F.US,D,20020930,000000,5.55114,5.74563,5.41563,5.64566,22301939.871351,0
F.US,D,20021001,000000,5.57475,5.75747,5.38017,5.70443,22709033.93576,0
F.US,D,20021002,000000,5.63355,5.63355,5.3274,5.37443,19576641.328866,0
F.US,D,20021003,000000,5.35676,5.37443,5.19753,5.28011,16864752.829349,0
F.US,D,20021004,000000,5.28011,5.31564,4.89697,4.99145,30961117.384727,0
F.US,D,20021007,000000,4.99145,5.03858,4.83816,4.89697,17610222.264764,0
F.US,D,20021008,000000,4.89697,4.90304,4.32542,4.4668,49573552.304008,0
F.US,D,20021009,000000,4.33727,4.34311,3.97793,4.11918,81159142.189852,0
F.US,D,20021010,000000,4.20739,4.46087,4.08966,4.37837,45145033.514602,0
F.US,D,20021011,000000,4.60806,5.03858,4.57296,4.79105,45984848.342993,0
F.US,D,20021014,000000,4.79688,4.79688,4.3843,4.56712,29559261.695157,0
F.US,D,20021015,000000,5.01489,5.1093,4.80864,5.1093,37065023.936261,0
F.US,D,20021016,000000,5.16809,5.22698,4.62018,4.76152,46584724.642146,0
F.US,D,20021017,000000,5.04433,5.15623,4.86168,4.89121,25878248.450599,0
F.US,D,20021018,000000,4.89121,4.89121,4.60806,4.76152,19761270.076498,0
F.US,D,20021021,000000,4.88502,5.50394,4.7556,5.50394,37711563.338958,0
F.US,D,20021022,000000,5.49802,5.74563,5.33324,5.41563,32308828.399755,0
F.US,D,20021023,000000,5.39785,5.41563,5.1093,5.28584,25211526.678724,0
F.US,D,20021024,000000,5.24465,5.40962,5.03858,5.10329,18035645.838769,0
F.US,D,20021025,000000,4.89697,5.09145,4.83223,5.02683,16239772.432045,0
F.US,D,20021028,000000,5.07968,5.2328,5.03858,5.05617,13688413.062663,0
F.US,D,20021029,000000,5.05617,5.09737,4.80864,4.80864,18487371.421976,0
F.US,D,20021030,000000,4.89697,4.97942,4.81474,4.90899,12585394.892402,0
F.US,D,20021031,000000,4.98554,5.03858,4.87936,4.9323,15836742.668301,0
F.US,D,20021101,000000,4.91473,5.00896,4.84409,4.91473,13634959.534155,0
F.US,D,20021104,000000,5.07968,5.2328,4.96176,4.99145,15424384.129832,0
F.US,D,20021105,000000,4.9972,5.23891,4.99145,5.19161,18174458.730614,0
F.US,D,20021106,000000,5.24465,5.53356,5.22698,5.45117,25270068.218471,0
F.US,D,20021107,000000,5.39785,5.42155,5.10329,5.13283,21326706.798008,0
F.US,D,20021108,000000,5.17985,5.28011,4.95574,5.09737,13393479.217606,0
F.US,D,20021111,000000,5.0619,5.06784,4.92065,4.95574,10636286.152007,0
F.US,D,20021112,000000,5.01489,5.1093,4.96176,5.03257,12625109.206916,0
F.US,D,20021113,000000,5.03858,5.07377,4.90304,4.9675,23898428.392905,0
F.US,D,20021114,000000,5.08552,5.22122,5.05617,5.13283,13618157.106636,0
F.US,D,20021115,000000,5.01489,5.19161,4.97359,5.04433,14860489.277898,0
F.US,D,20021118,000000,5.12106,5.18585,5.07377,5.13283,11675489.259083,0
F.US,D,20021119,000000,5.1093,5.11513,4.96176,4.98554,16221776.618163,0
F.US,D,20021120,000000,5.00296,5.26252,4.98554,5.20946,14644299.702864,0
F.US,D,20021121,000000,5.25057,6.08157,5.23891,6.01713,55092529.861981,0
F.US,D,20021122,000000,5.71618,6.08793,5.71036,5.95198,25477768.348336,0
F.US,D,20021125,000000,6.05152,6.35304,6.03419,6.34632,27757281.091303,0
F.US,D,20021126,000000,6.34632,6.64612,6.25246,6.31142,37081657.819167,0
F.US,D,20021127,000000,6.4419,6.53578,6.34632,6.42989,16798229.740619,0
F.US,D,20021129,000000,6.48829,6.70632,6.47576,6.6364,12981635.362356,0
F.US,D,20021202,000000,6.7941,6.94863,6.62375,6.67689,20689161.343152,0
F.US,D,20021203,000000,6.67689,6.67689,5.78108,5.81068,49603927.66325,0
F.US,D,20021204,000000,5.81068,6.09995,5.65731,5.91681,33018490.588426,0
F.US,D,20021205,000000,6.04037,6.05152,5.79291,5.84588,19956418.722872,0
F.US,D,20021206,000000,5.75747,5.78108,5.62782,5.76331,20195349.377941,0
F.US,D,20021209,000000,5.57475,5.73963,5.43931,5.50968,14619861.864967,0
F.US,D,20021210,000000,5.62186,5.68667,5.50968,5.61028,9426022.7043336,0
F.US,D,20021211,000000,5.61028,5.79876,5.53929,5.64566,13129271.395083,0
F.US,D,20021212,000000,5.58667,5.80433,5.58667,5.74563,11257876.427103,0
F.US,D,20021213,000000,5.6986,5.7276,5.62186,5.65731,10270761.52404,0
F.US,D,20021216,000000,5.65731,5.79876,5.65139,5.79876,9623888.4256309,0
F.US,D,20021217,000000,5.6986,5.85181,5.6689,5.76331,12113986.917999,0
F.US,D,20021218,000000,5.7276,5.76331,5.61586,5.66298,12641736.302791,0
F.US,D,20021219,000000,5.6041,5.78675,5.6041,5.70443,14277594.131426,0
F.US,D,20021220,000000,5.7276,5.79876,5.68066,5.70443,16261664.001978,0
F.US,D,20021223,000000,5.70443,5.74563,5.59819,5.61586,9022488.4379184,0
F.US,D,20021224,000000,5.65139,5.67484,5.55114,5.59819,4410358.9555976,0
F.US,D,20021226,000000,5.62782,5.74563,5.61586,5.71036,7405473.6709241,0
F.US,D,20021227,000000,5.68066,5.71618,5.55707,5.58667,6572784.0943803,0
F.US,D,20021230,000000,5.58667,5.63955,5.51579,5.59819,10072050.817328,0
F.US,D,20021231,000000,5.53929,5.58058,5.42155,5.42155,12315415.830806,0
F.US,D,20030102,000000,5.53929,5.80433,5.52178,5.79876,17202952.86871,0
F.US,D,20030103,000000,5.76331,5.81626,5.63955,5.64566,14315437.487603,0
F.US,D,20030106,000000,5.65731,5.91681,5.64566,5.86923,18714931.537026,0
F.US,D,20030107,000000,5.86923,5.97506,5.80433,5.90512,14266055.046794,0
F.US,D,20030108,000000,5.90512,5.94597,5.79876,5.83987,15690977.593908,0
F.US,D,20030109,000000,5.84588,6.00501,5.84588,5.96346,12072242.149911,0
F.US,D,20030110,000000,5.89281,6.29887,5.81068,6.12241,30947196.052057,0
F.US,D,20030113,000000,6.22815,6.25829,6.07574,6.17024,14118417.882894,0
F.US,D,20030114,000000,6.07574,6.17024,6.05152,6.14045,11620681.717803,0
F.US,D,20030115,000000,6.13382,6.17024,5.95817,6.00501,11553656.388746,0
F.US,D,20030116,000000,6.09995,6.15185,6.01713,6.08157,12143686.967612,0
F.US,D,20030117,000000,6.03419,6.04037,5.85746,5.9227,14378553.486548,0
F.US,D,20030121,000000,6.00501,6.05152,5.82238,5.91034,16532498.229537,0
F.US,D,20030122,000000,5.86923,5.88106,5.65731,5.68066,15780409.176117,0
F.US,D,20030123,000000,5.7276,5.85746,5.68667,5.83987,16293221.435864,0
F.US,D,20030124,000000,5.83413,5.83413,5.6689,5.68667,10747437.366018,0
F.US,D,20030127,000000,5.57475,5.67484,5.4745,5.52178,14530944.965976,0
F.US,D,20030128,000000,5.54514,5.63355,5.52178,5.58058,12240069.601194,0
F.US,D,20030129,000000,5.53929,5.58667,5.4684,5.53356,9642212.2793665,0
F.US,D,20030130,000000,5.53356,5.56891,5.28011,5.30972,14446271.092813,0
F.US,D,20030131,000000,5.26252,5.43322,5.2564,5.36869,10861807.89528,0
F.US,D,20030203,000000,5.36869,5.48644,5.36869,5.42155,8612677.2985865,0
F.US,D,20030204,000000,5.42155,5.42155,5.28011,5.30972,12461179.774028,0
F.US,D,20030205,000000,5.40962,5.44515,5.05617,5.35676,9993990.9063089,0
F.US,D,20030206,000000,5.30361,5.33324,5.24465,5.29777,8069827.8999974,0
F.US,D,20030207,000000,5.35081,5.36869,5.16216,5.18585,9071874.2722442,0
F.US,D,20030210,000000,5.19161,5.27428,5.12106,5.27428,10018255.674905,0
F.US,D,20030211,000000,5.31564,5.3274,5.17409,5.2152,11583521.589457,0
F.US,D,20030212,000000,5.15623,5.2152,5.07968,5.15623,12505812.423995,0
F.US,D,20030213,000000,5.09737,5.12707,4.92658,4.97359,14357685.62719,0
F.US,D,20030214,000000,5.00896,5.17409,4.95009,5.12106,9958870.2809131,0
F.US,D,20030218,000000,5.12707,5.35081,5.12106,5.26252,10113284.295713,0
F.US,D,20030219,000000,5.27428,5.28011,5.15623,5.19753,9924247.3711569,0
F.US,D,20030220,000000,5.18585,5.2152,5.07377,5.09737,7644397.5389615,0
F.US,D,20030221,000000,5.05026,5.05026,4.86168,4.97359,20183300.134778,0
F.US,D,20030224,000000,4.97942,4.97942,4.86168,4.88502,12249911.927965,0
F.US,D,20030225,000000,4.83223,4.84992,4.71413,4.76152,26025376.587141,0
F.US,D,20030226,000000,4.84409,4.84409,4.73793,4.77922,17014594.647298,0
F.US,D,20030227,000000,4.82047,4.90899,4.77922,4.90899,13991483.427251,0
F.US,D,20030228,000000,4.93824,4.97359,4.85603,4.90304,10583507.933129,0
F.US,D,20030303,000000,4.93824,4.96176,4.72607,4.7556,17443919.633213,0
F.US,D,20030304,000000,4.71413,4.71413,4.51382,4.56138,31431843.262469,0
F.US,D,20030305,000000,4.56138,4.59648,4.50205,4.57296,16946029.793274,0
F.US,D,20030306,000000,4.53759,4.56712,4.37264,4.39012,19361299.001592,0
F.US,D,20030307,000000,4.24304,4.36087,4.19009,4.25478,41252744.50578,0
F.US,D,20030310,000000,4.29616,4.29616,4.10751,4.11918,27537863.151646,0
F.US,D,20030311,000000,4.12492,4.25478,3.87758,3.88924,46944131.892434,0
F.US,D,20030312,000000,4.03086,4.20167,3.98373,4.17248,41371195.172113,0
F.US,D,20030313,000000,4.33136,4.35495,4.08372,4.20167,39259345.860502,0
F.US,D,20030314,000000,4.20167,4.20167,3.95387,3.98373,46409428.062754,0
F.US,D,20030317,000000,3.94814,4.27247,3.88924,4.23711,41662219.687054,0
F.US,D,20030318,000000,4.35495,4.47871,4.27247,4.44936,33133375.800904,0
F.US,D,20030319,000000,4.41955,4.53759,4.36087,4.49631,30326281.086589,0
F.US,D,20030320,000000,4.45494,4.51382,4.29005,4.41955,18100637.320735,0
F.US,D,20030321,000000,4.58481,4.73191,4.50205,4.72607,29477303.765745,0
F.US,D,20030324,000000,4.56712,4.57296,4.39633,4.45494,21923010.856276,0
F.US,D,20030325,000000,4.50798,4.52576,4.43743,4.49631,15693694.668831,0
F.US,D,20030326,000000,4.50798,4.55528,4.44936,4.50798,12232936.431144,0
F.US,D,20030327,000000,4.4668,4.47271,4.39633,4.4668,11668025.786835,0
F.US,D,20030328,000000,4.40799,4.41955,4.31368,4.36662,10393281.015726,0
F.US,D,20030331,000000,4.30192,4.47871,4.24304,4.43151,22276997.530783,0
F.US,D,20030401,000000,4.30192,4.44936,4.30192,4.40799,27095133.778622,0
F.US,D,20030402,000000,4.56712,4.7084,4.4903,4.56712,28544323.356677,0
F.US,D,20030403,000000,4.6732,4.69071,4.57879,4.64378,17865445.188823,0
F.US,D,20030404,000000,4.71413,4.7204,4.61424,4.64969,10205767.779729,0
F.US,D,20030407,000000,4.90899,4.93824,4.71413,4.74375,21445661.967013,0
F.US,D,20030408,000000,4.74375,4.78504,4.64378,4.65552,15118595.559149,0
F.US,D,20030409,000000,4.74375,4.74375,4.59045,4.67897,16300009.598483,0
F.US,D,20030410,000000,4.70247,4.73793,4.626,4.65552,9659013.5757143,0
F.US,D,20030411,000000,4.70247,4.82047,4.69655,4.77329,15563711.704897,0
F.US,D,20030414,000000,4.79688,5.00896,4.78504,5.00296,21909601.94448,0
F.US,D,20030415,000000,4.64378,4.95009,4.64378,4.92065,17487021.807591,0
F.US,D,20030416,000000,5.30361,5.65731,5.30361,5.43931,61230893.041002,0
F.US,D,20030417,000000,5.43931,5.59819,5.43322,5.54514,28485266.002538,0
F.US,D,20030421,000000,5.54514,5.84588,5.54514,5.84588,31028994.48623,0
F.US,D,20030422,000000,5.84588,6.13382,5.84588,6.08157,40238142.125356,0
F.US,D,20030423,000000,6.14045,6.46957,6.10589,6.39859,49205648.821519,0
F.US,D,20030424,000000,6.31743,6.33459,6.06947,6.18776,28288084.640245,0
F.US,D,20030425,000000,5.91034,6.12241,5.7513,5.86923,37417826.273781,0
F.US,D,20030428,000000,5.87513,5.99326,5.86346,5.98689,20856311.222463,0
F.US,D,20030429,000000,5.99326,6.12816,5.9693,6.08157,28380226.510345,0
F.US,D,20030430,000000,6.04037,6.12816,5.9227,6.06947,27210693.169559,0
F.US,D,20030501,000000,6.08157,6.08157,5.80433,5.88106,30685697.386253,0
F.US,D,20030502,000000,5.63355,5.95817,5.63355,5.91681,21580223.91483,0
F.US,D,20030505,000000,5.9227,5.95198,5.89281,5.9227,21950497.202466,0
F.US,D,20030506,000000,5.92802,5.95817,5.89281,5.91034,20342137.031738,0
F.US,D,20030507,000000,5.91034,5.94057,5.82238,5.89281,18946566.133289,0
F.US,D,20030508,000000,5.86346,5.89281,5.82812,5.84588,9801050.3074984,0
F.US,D,20030509,000000,5.83413,5.86923,5.76916,5.82812,17893446.21823,0
F.US,D,20030512,000000,5.85181,5.95198,5.77507,5.91681,10830752.701721,0
F.US,D,20030513,000000,5.9227,5.97506,5.91681,5.97506,13305244.415277,0
F.US,D,20030514,000000,5.98689,6.04037,5.87513,5.90512,13501579.660982,0
F.US,D,20030515,000000,5.90512,5.98689,5.84588,5.86923,21875327.435672,0
F.US,D,20030516,000000,5.82812,5.93438,5.82238,5.90512,17352456.466258,0
F.US,D,20030519,000000,5.84588,5.86346,5.77507,5.78675,14968420.045487,0
F.US,D,20030520,000000,5.82238,5.86923,5.59819,5.6689,16567617.72376,0
F.US,D,20030521,000000,5.62782,5.6986,5.56891,5.6986,12072919.721884,0
F.US,D,20030522,000000,5.7337,5.79876,5.7276,5.7276,11826860.421452,0
F.US,D,20030523,000000,5.72193,5.74563,5.6041,5.63355,11438941.983225,0
F.US,D,20030527,000000,5.63355,5.99326,5.59819,5.97506,22203004.182773,0
F.US,D,20030528,000000,6.01095,6.21639,5.98133,6.04037,28832122.900509,0
F.US,D,20030529,000000,6.01095,6.06947,5.92802,5.94057,19167340.348064,0
F.US,D,20030530,000000,5.98133,6.21639,5.95198,6.18776,22984449.409547,0
F.US,D,20030602,000000,6.27604,6.59493,6.25829,6.52351,42076782.879572,0
F.US,D,20030603,000000,6.4351,6.50071,6.20472,6.29887,27225793.183357,0
F.US,D,20030604,000000,6.30551,6.30551,6.04037,6.22292,26369690.610664,0
F.US,D,20030605,000000,6.17024,6.25829,6.08157,6.24733,19429179.496612,0
F.US,D,20030606,000000,6.36428,6.60121,6.25829,6.31142,22492002.768829,0
F.US,D,20030609,000000,6.31142,6.31743,6.15776,6.2002,11060524.257852,0
F.US,D,20030610,000000,6.25829,6.48159,6.24733,6.48159,15301528.680091,0
F.US,D,20030611,000000,6.4351,6.68237,6.35908,6.67689,24678343.144087,0
F.US,D,20030612,000000,6.68802,6.78297,6.54065,6.64118,17703728.328185,0
F.US,D,20030613,000000,6.64118,6.64118,6.35304,6.46418,19918741.648965,0
F.US,D,20030616,000000,6.5121,6.61782,6.48159,6.61782,16181396.043395,0
F.US,D,20030617,000000,6.68802,6.90073,6.65937,6.8834,23252227.21061,0
F.US,D,20030618,000000,6.78933,6.83538,6.75319,6.78933,28639010.363569,0
F.US,D,20030619,000000,6.75935,6.80629,6.64612,6.64612,15817228.821718,0
F.US,D,20030620,000000,6.7667,6.84246,6.7355,6.78933,20610083.377417,0
F.US,D,20030623,000000,6.83538,6.84246,6.62933,6.65937,14783962.104813,0
F.US,D,20030624,000000,6.60121,6.74672,6.58184,6.68802,16203959.529442,0
F.US,D,20030625,000000,6.71816,6.78297,6.55295,6.60606,10493574.110594,0
F.US,D,20030626,000000,6.55295,6.71816,6.54065,6.61782,18725458.2228,0
F.US,D,20030627,000000,6.61782,6.64118,6.49433,6.50071,9408885.4499292,0
F.US,D,20030630,000000,6.50071,6.60606,6.46418,6.47576,14800588.069516,0
F.US,D,20030701,000000,6.42315,6.42315,6.21639,6.37639,18105223.091649,0
F.US,D,20030702,000000,6.37639,6.47576,6.33459,6.4053,21780463.965962,0
F.US,D,20030703,000000,6.4053,6.49433,6.31142,6.4053,6629800.8143967,0
F.US,D,20030707,000000,6.48159,6.64612,6.45305,6.59493,13553844.327814,0
F.US,D,20030708,000000,6.62933,6.72445,6.57079,6.57611,21103214.377138,0
F.US,D,20030709,000000,6.52351,6.61782,6.5121,6.55295,10662074.609163,0
F.US,D,20030710,000000,6.55295,6.60121,6.45305,6.5593,13135884.226058,0
F.US,D,20030711,000000,6.58803,6.67689,6.57611,6.65257,12163532.247563,0
F.US,D,20030714,000000,6.74672,6.77713,6.64118,6.66564,12319657.725461,0
F.US,D,20030715,000000,6.68802,6.86473,6.67052,6.85838,19713250.697836,0
F.US,D,20030716,000000,6.69438,6.69438,6.4472,6.47576,27850269.07799,0
F.US,D,20030717,000000,6.4419,6.4472,6.27604,6.38161,17452573.098307,0
F.US,D,20030718,000000,6.42315,6.48159,6.34632,6.47576,9776102.3110702,0
F.US,D,20030721,000000,6.38161,6.42315,6.18776,6.21639,15472920.454055,0
F.US,D,20030722,000000,6.36428,6.36428,6.14558,6.23487,16225006.113959,0
F.US,D,20030723,000000,6.27024,6.28259,6.15776,6.2406,7508987.2122137,0
F.US,D,20030724,000000,6.36428,6.4053,6.25829,6.29364,11878785.73671,0
F.US,D,20030725,000000,6.4053,6.47576,6.2887,6.46418,11239208.697108,0
F.US,D,20030728,000000,6.46418,6.47576,6.36428,6.39273,13274188.090545,0
F.US,D,20030729,000000,6.38736,6.41734,6.22292,6.38161,18658426.106713,0
F.US,D,20030730,000000,6.35304,6.35908,6.24733,6.27604,12415193.111284,0
F.US,D,20030731,000000,6.32946,6.57079,6.32946,6.51802,24941535.174236,0
F.US,D,20030801,000000,6.52907,6.77713,6.34632,6.42315,17724766.9945,0
F.US,D,20030804,000000,6.42315,6.60121,6.30551,6.38736,9158589.910702,0
F.US,D,20030805,000000,6.31142,6.38736,6.2002,6.2002,12664133.506566,0
F.US,D,20030806,000000,6.2002,6.32282,6.15776,6.27604,19436132.810329,0
F.US,D,20030807,000000,6.2643,6.32946,6.21056,6.31743,7909630.2032323,0
F.US,D,20030808,000000,6.36428,6.38161,6.27604,6.31142,8443999.2060279,0
F.US,D,20030811,000000,6.25246,6.36428,6.24733,6.31142,5770295.676605,0
F.US,D,20030812,000000,6.29887,6.35304,6.2643,6.32282,8016712.5918913,0
F.US,D,20030813,000000,6.34122,6.41734,6.22815,6.37021,14137086.74406,0
F.US,D,20030814,000000,6.2406,6.4053,6.21639,6.34122,15905812.024996,0
F.US,D,20030815,000000,6.34122,6.39273,6.25246,6.34632,6946786.8557966,0
F.US,D,20030818,000000,6.34122,6.46418,6.33459,6.42315,7882311.2704852,0
F.US,D,20030819,000000,6.42989,6.56487,6.4107,6.52351,13360057.612416,0
F.US,D,20030820,000000,6.52351,6.62933,6.45305,6.61156,12275872.323251,0
F.US,D,20030821,000000,6.60606,6.77006,6.60121,6.72445,24191995.782296,0
F.US,D,20030822,000000,6.72445,6.7941,6.59493,6.61782,13962467.736642,0
F.US,D,20030825,000000,6.57611,6.60121,6.47576,6.52907,8196076.8654634,0
F.US,D,20030826,000000,6.50564,6.7355,6.50564,6.72445,12672784.709318,0
F.US,D,20030827,000000,6.72445,6.87712,6.71816,6.85838,15891895.217013,0
F.US,D,20030828,000000,6.72445,6.82478,6.60121,6.74177,13576748.296604,0
F.US,D,20030829,000000,6.74672,6.86978,6.70632,6.8125,11650039.022328,0
F.US,D,20030902,000000,6.9123,7.2538,6.82478,7.2538,29637158.717422,0
F.US,D,20030903,000000,7.33593,7.38448,6.85838,7.03553,38679329.546536,0
F.US,D,20030904,000000,6.96472,7.077,6.91813,6.9939,16882404.766971,0
F.US,D,20030905,000000,6.95951,6.9939,6.84246,6.9123,15601207.791299,0
F.US,D,20030908,000000,6.90073,6.9939,6.89496,6.97107,10296896.1198,0
F.US,D,20030909,000000,6.86978,6.9246,6.81903,6.85317,12088361.349598,0
F.US,D,20030910,000000,6.85317,6.85317,6.66564,6.70632,13564537.295859,0
F.US,D,20030911,000000,6.60606,6.80629,6.60606,6.74177,8480146.9355161,0
F.US,D,20030912,000000,6.74177,6.86473,6.64612,6.83538,13152854.06702,0
F.US,D,20030915,000000,6.78933,6.83538,6.69438,6.70084,14211074.436212,0
F.US,D,20030916,000000,6.7355,6.85838,6.72445,6.85317,22148026.965707,0
F.US,D,20030917,000000,6.81903,6.87712,6.74672,6.77006,6727028.4333943,0
F.US,D,20030918,000000,6.80629,6.9246,6.77006,6.9123,17806900.255558,0
F.US,D,20030919,000000,6.80629,6.8834,6.77006,6.78297,10687535.026465,0
F.US,D,20030922,000000,6.80048,6.82478,6.71816,6.75935,12695530.314042,0
F.US,D,20030923,000000,6.75935,6.8125,6.74177,6.78933,10270421.041296,0
F.US,D,20030924,000000,6.7667,6.7941,6.61782,6.6364,10633914.084516,0
F.US,D,20030925,000000,6.6364,6.65937,6.49433,6.57079,11463378.68995,0
F.US,D,20030926,000000,6.53578,6.5593,6.4351,6.48159,14514484.152372,0
F.US,D,20030929,000000,6.48159,6.5121,6.29364,6.4419,10423321.548083,0
F.US,D,20030930,000000,6.42315,6.42315,6.27604,6.34632,15529772.022974,0
F.US,D,20031001,000000,6.34632,6.65937,6.13382,6.54065,24303651.498979,0
F.US,D,20031002,000000,6.64612,6.65257,6.45305,6.49433,15858975.85215,0
F.US,D,20031003,000000,6.49433,6.82478,6.49433,6.72445,28231406.140629,0
F.US,D,20031006,000000,6.70084,6.74177,6.65257,6.71118,8132446.1833016,0
F.US,D,20031007,000000,6.62933,6.74672,6.57079,6.73035,12807525.382297,0
F.US,D,20031008,000000,6.68802,6.77713,6.67052,6.77713,8630830.345364,0
F.US,D,20031009,000000,6.77713,7.04887,6.77713,6.90073,24372038.759012,0
F.US,D,20031010,000000,6.90073,7.01194,6.89496,6.89496,10942412.943091,0
F.US,D,20031013,000000,6.95385,7.07169,6.90073,7.05321,10673787.894268,0
F.US,D,20031014,000000,7.02368,7.04235,6.94211,7.04235,9776781.0142149,0
F.US,D,20031015,000000,7.04235,7.19404,7.04235,7.15444,17639242.480061,0
F.US,D,20031016,000000,7.21783,7.33593,7.15444,7.27175,38391020.975345,0
F.US,D,20031017,000000,7.27175,7.30208,7.10148,7.14844,15669255.69976,0
F.US,D,20031020,000000,7.18273,7.33593,7.14844,7.30208,13094654.141186,0
F.US,D,20031021,000000,7.30208,7.30208,7.16707,7.17238,22240339.642764,0
F.US,D,20031022,000000,7.17238,7.17238,6.70084,6.98497,34334296.899791,0
F.US,D,20031023,000000,6.8834,7.14844,6.8125,7.12288,18438665.421966,0
F.US,D,20031024,000000,7.077,7.08435,6.87712,7.01194,15101120.084344,0
F.US,D,20031027,000000,7.07169,7.15444,7.04235,7.08435,11444881.766913,0
F.US,D,20031028,000000,7.16027,7.30738,7.08435,7.30738,24774220.143827,0
F.US,D,20031029,000000,7.21783,7.33593,7.19404,7.32595,13964671.259519,0
F.US,D,20031030,000000,7.36041,7.3727,7.14844,7.16027,22039929.915846,0
F.US,D,20031031,000000,7.17751,7.2538,7.14844,7.14844,11013853.236105,0
F.US,D,20031103,000000,7.14844,7.27175,7.14844,7.19988,18523386.804349,0
F.US,D,20031104,000000,7.17751,7.28987,7.16707,7.25821,12297616.840836,0
F.US,D,20031105,000000,7.25821,7.26504,7.10801,7.17238,13524146.540544,0
F.US,D,20031106,000000,7.18953,7.19404,7.04887,7.1357,16690136.084274,0
F.US,D,20031107,000000,7.20757,7.23808,7.1357,7.18273,15084488.463783,0
F.US,D,20031110,000000,7.20757,7.21783,7.17751,7.19988,15846416.450457,0
F.US,D,20031111,000000,7.14224,7.30738,7.14224,7.2538,15370254.160525,0
F.US,D,20031112,000000,7.39463,7.71996,7.36662,7.69663,60285522.906027,0
F.US,D,20031113,000000,7.60353,7.84223,7.60353,7.74241,53132727.022369,0
F.US,D,20031114,000000,7.71341,7.74241,7.59699,7.63897,25116323.857442,0
F.US,D,20031117,000000,7.51432,7.53571,7.41956,7.49083,18846111.280838,0
F.US,D,20031118,000000,7.51999,7.60733,7.43281,7.43281,12481374.586099,0
F.US,D,20031119,000000,7.43281,7.44829,7.33593,7.41336,14527214.361024,0
F.US,D,20031120,000000,7.34734,7.41956,7.17238,7.31904,9756076.0436131,0
F.US,D,20031121,000000,7.31904,7.36041,7.24914,7.27696,11007412.343261,0
F.US,D,20031124,000000,7.30738,7.48373,7.29597,7.44194,15464776.016318,0
F.US,D,20031125,000000,7.47233,7.69035,7.43281,7.66063,23392053.632486,0
F.US,D,20031126,000000,7.63102,7.6839,7.53174,7.61282,12159125.201811,0
F.US,D,20031128,000000,7.62378,7.79166,7.6189,7.77946,9295526.1883536,0
F.US,D,20031201,000000,7.8316,7.8316,7.63102,7.7319,14735087.560191,0
F.US,D,20031202,000000,7.69035,7.7319,7.60353,7.61282,26234439.779155,0
F.US,D,20031203,000000,7.66701,7.82508,7.64374,7.76558,17899721.959974,0
F.US,D,20031204,000000,7.76558,7.84947,7.66701,7.71996,19481279.012345,0
F.US,D,20031205,000000,7.66063,7.6839,7.55537,7.64374,9145685.5015769,0
F.US,D,20031208,000000,7.60353,7.79166,7.60353,7.79166,13518547.239601,0
F.US,D,20031209,000000,7.8096,8.04247,7.8096,7.96396,23747229.168668,0
F.US,D,20031210,000000,7.96396,7.98049,7.79166,7.85611,12531599.749979,0
F.US,D,20031211,000000,7.88352,8.10204,7.869,8.09788,12504966.307409,0
F.US,D,20031212,000000,8.10204,8.12732,8.02804,8.08613,17776686.653899,0
F.US,D,20031215,000000,8.28035,8.46115,8.28035,8.41605,31151509.453229,0
F.US,D,20031216,000000,8.42136,8.53982,8.39201,8.45495,25433650.381584,0
F.US,D,20031217,000000,8.42666,8.66269,8.37185,8.64412,18480588.915216,0
F.US,D,20031218,000000,8.64412,8.81299,8.63353,8.79177,17114714.672864,0
F.US,D,20031219,000000,8.82625,9.06413,8.79707,8.97919,24745031.383915,0
F.US,D,20031222,000000,9.02693,9.98691,9.02693,9.89239,57646093.885413,0
F.US,D,20031223,000000,9.73503,10.2124,9.43009,9.52914,58629301.720706,0
F.US,D,20031224,000000,9.52914,9.66515,9.49273,9.54573,17190741.867963,0
F.US,D,20031226,000000,9.54573,9.65373,9.52459,9.53351,7680380.1173509,0
F.US,D,20031229,000000,9.54573,9.57143,9.43625,9.52459,18575613.011337,0
F.US,D,20031230,000000,9.51937,9.52914,9.3497,9.42383,18078748.013147,0
F.US,D,20031231,000000,9.42383,9.46371,9.3637,9.43009,13071404.033793,0
F.US,D,20040102,000000,9.48656,9.51937,9.44606,9.47604,15324096.690824,0
F.US,D,20040105,000000,9.64749,9.81013,9.62465,9.77662,34057357.737445,0
F.US,D,20040106,000000,9.85345,9.85802,9.66084,9.74912,28441315.44923,0
F.US,D,20040107,000000,9.77049,10.0323,9.69241,10.0117,23421074.978954,0
F.US,D,20040108,000000,10.1071,10.2178,10.0178,10.077,27670731.735116,0
F.US,D,20040109,000000,9.71813,9.87108,9.71813,9.75796,24692257.689725,0
F.US,D,20040112,000000,9.73503,9.75271,9.49813,9.66515,20850543.376904,0
F.US,D,20040113,000000,9.5574,9.69241,9.52459,9.59525,21680347.333911,0
F.US,D,20040114,000000,9.59525,9.59525,9.28245,9.53351,16994055.958966,0
F.US,D,20040115,000000,9.53351,9.56622,9.3497,9.46099,19434437.18364,0
F.US,D,20040116,000000,9.49273,9.56622,9.46986,9.5043,10697208.808621,0
F.US,D,20040120,000000,9.57675,9.66256,9.51937,9.55125,16130829.265598,0
F.US,D,20040121,000000,9.55125,9.6997,9.51937,9.68828,14583215.288667,0
F.US,D,20040122,000000,9.68828,9.69241,9.51937,9.68108,14590169.733558,0
F.US,D,20040123,000000,9.63434,9.65373,9.20472,9.32836,21949652.21705,0
F.US,D,20040126,000000,9.32836,9.41497,9.1445,9.4044,17993053.822922,0
F.US,D,20040127,000000,9.33989,9.63434,9.32836,9.39292,14492424.037826,0
F.US,D,20040128,000000,9.43625,9.43625,9.13209,9.17991,17984227.288524,0
F.US,D,20040129,000000,8.95704,9.16394,8.55044,8.74757,44281626.9649,0
F.US,D,20040130,000000,8.48589,8.63353,8.45053,8.56899,28801749.803611,0
F.US,D,20040202,000000,8.309,8.42666,8.17948,8.22051,46182711.801946,0
F.US,D,20040203,000000,8.18717,8.20847,8.02804,8.08613,39746369.663095,0
F.US,D,20040204,000000,7.9887,8.26029,7.9034,8.18717,41847699.075961,0
F.US,D,20040205,000000,8.25047,8.36221,8.13334,8.33861,20179906.619054,0
F.US,D,20040206,000000,8.36743,8.42136,8.24525,8.41605,25720774.615789,0
F.US,D,20040209,000000,8.31323,8.42666,8.26647,8.34549,10530225.211581,0
F.US,D,20040210,000000,8.309,8.52126,8.30635,8.4797,16955881.16942,0
F.US,D,20040211,000000,8.52126,8.67418,8.39819,8.62646,18985597.219971,0
F.US,D,20040212,000000,8.65563,8.70336,8.54423,8.57429,16217199.896623,0
F.US,D,20040213,000000,8.53982,8.62646,8.42666,8.46115,8860091.7429644,0
F.US,D,20040217,000000,8.48589,8.66269,8.46732,8.59287,9414997.1717476,0
F.US,D,20040218,000000,8.56279,8.59728,8.4797,8.4797,9868591.4509457,0
F.US,D,20040219,000000,8.4797,8.62646,8.4797,8.51506,12497499.441645,0
F.US,D,20040220,000000,8.52126,8.53539,8.24525,8.3525,15173749.239032,0
F.US,D,20040223,000000,8.3525,8.3525,8.20847,8.23843,13729137.51369,0
F.US,D,20040224,000000,8.20847,8.20847,7.88925,8.00949,22241694.786709,0
F.US,D,20040225,000000,8.00949,8.07429,7.91498,8.0491,21825943.863689,0
F.US,D,20040226,000000,7.99615,8.06076,7.869,8.0491,15082115.265119,0
F.US,D,20040227,000000,8.02804,8.22051,7.83806,8.10204,17903795.310016,0
F.US,D,20040301,000000,8.17948,8.29777,8.12139,8.24525,14466632.187153,0
F.US,D,20040302,000000,8.24525,8.41605,8.19141,8.32031,14433201.532589,0
F.US,D,20040303,000000,8.31323,8.31323,8.13334,8.17948,12005044.882723,0
F.US,D,20040304,000000,8.15473,8.23843,8.02131,8.06765,14560982.104818,0
F.US,D,20040305,000000,8.03733,8.33073,7.92568,8.309,30714549.056936,0
F.US,D,20040308,000000,8.26647,8.40545,8.07429,8.07429,17185648.200862,0
F.US,D,20040309,000000,8.08613,8.16074,7.96396,7.97209,12809224.402502,0
F.US,D,20040310,000000,8.02131,8.02804,7.71341,7.77371,18644338.491771,0
F.US,D,20040311,000000,7.66063,7.77946,7.61282,7.67275,20231493.713914,0
F.US,D,20040312,000000,7.6839,7.92073,7.6839,7.8316,16253181.34384,0
F.US,D,20040315,000000,7.81934,7.8316,7.66063,7.67275,14872032.887216,0
F.US,D,20040316,000000,7.75409,7.80138,7.66063,7.70713,10919501.056097,0
F.US,D,20040317,000000,7.79166,7.92073,7.75409,7.87688,17906511.253766,0
F.US,D,20040318,000000,7.87688,7.87688,7.79166,7.84947,11316589.904981,0
F.US,D,20040319,000000,7.84223,7.869,7.69035,7.69663,11810061.387448,0
F.US,D,20040322,000000,7.65011,7.66701,7.51999,7.60733,18659782.381829,0
F.US,D,20040323,000000,7.66063,7.74834,7.54899,7.59699,16216009.903777,0
F.US,D,20040324,000000,7.5664,7.66063,7.51432,7.65497,18529628.610937,0
F.US,D,20040325,000000,7.6839,7.80138,7.63897,7.76558,24951721.377266,0
F.US,D,20040326,000000,7.73844,8.07429,7.69035,7.82508,19272716.929486,0
F.US,D,20040329,000000,7.869,8.01549,7.869,7.9034,12269937.06425,0
F.US,D,20040401,000000,7.96715,8.09118,7.9034,7.90834,10584357.443232,0
F.US,D,20040402,000000,8.08613,8.09788,7.92568,8.0491,12511239.78681,0
F.US,D,20040405,000000,8.03231,8.29777,8.03231,8.29166,21204179.38812,0
F.US,D,20040406,000000,8.29166,8.29166,8.17948,8.25047,9742675.0500206,0
F.US,D,20040407,000000,8.20847,8.22732,8.04247,8.05411,10992306.673604,0
F.US,D,20040408,000000,8.1138,8.16074,7.95715,8.00949,7922699.7634559,0
F.US,D,20040412,000000,8.02804,8.12139,8.00949,8.06765,9069831.3757787,0
F.US,D,20040413,000000,8.08613,8.12732,7.84947,7.9034,15346836.639688,0
F.US,D,20040414,000000,7.8316,7.94991,7.76558,7.80138,16589849.776437,0
F.US,D,20040415,000000,7.8096,7.82508,7.66063,7.7319,11834499.225345,0
F.US,D,20040416,000000,7.77946,7.88925,7.73844,7.86184,8750638.4179865,0
F.US,D,20040419,000000,7.86184,7.92568,7.75992,7.869,8759464.9523837,0
F.US,D,20040420,000000,8.16074,8.309,7.97209,7.9887,32452894.45394,0
F.US,D,20040421,000000,8.63353,8.91641,8.48589,8.80591,77391581.851451,0
F.US,D,20040422,000000,8.80591,9.37079,8.77763,9.29215,53055515.490281,0
F.US,D,20040423,000000,9.31062,9.39909,9.13209,9.25232,24980907.874834,0
F.US,D,20040426,000000,9.33989,9.48656,9.24089,9.24532,23761481.934706,0
F.US,D,20040427,000000,9.30361,9.56622,9.2276,9.44606,29158959.186883,0
F.US,D,20040428,000000,9.39292,9.39292,9.10119,9.13209,23224740.86442,0
F.US,D,20040429,000000,9.16394,9.32836,8.94025,9.05869,18653507.771257,0
F.US,D,20040430,000000,9.11625,9.21786,9.01366,9.05256,18244539.354995,0
F.US,D,20040503,000000,8.95704,9.09407,8.77763,8.99865,25284659.204911,0
F.US,D,20040504,000000,8.93053,9.22223,8.86957,9.08089,16321391.009886,0
F.US,D,20040505,000000,9.02069,9.07376,8.85718,8.91111,18117102.659026,0
F.US,D,20040506,000000,8.83774,8.83774,8.65122,8.77231,18959296.341941,0
F.US,D,20040507,000000,8.63353,8.69805,8.37185,8.48589,29462876.799231,0
F.US,D,20040510,000000,8.39819,8.39819,8.18717,8.25559,27179468.300212,0
F.US,D,20040511,000000,8.25559,8.56899,8.25559,8.47351,18716635.081919,0
F.US,D,20040512,000000,8.42666,8.53982,8.20254,8.53982,17196671.471105,0
F.US,D,20040513,000000,8.45495,8.53982,8.36221,8.49209,14664660.797206,0
F.US,D,20040514,000000,8.53539,8.69805,8.45053,8.66269,17461569.308491,0
F.US,D,20040517,000000,8.3859,8.54423,8.31323,8.41073,19148674.880413,0
F.US,D,20040518,000000,8.43814,8.56899,8.36743,8.51506,15704047.154131,0
F.US,D,20040519,000000,8.65563,8.76789,8.28035,8.29777,26733175.735681,0
F.US,D,20040520,000000,8.29777,8.39201,8.19141,8.35779,24515101.463719,0
F.US,D,20040521,000000,8.42136,8.44522,8.26029,8.39201,18517922.112863,0
F.US,D,20040524,000000,8.52833,8.62646,8.39819,8.42136,12886093.189501,0
F.US,D,20040525,000000,8.42666,8.72193,8.34549,8.65122,18295956.774068,0
F.US,D,20040526,000000,8.65122,8.92261,8.64412,8.85099,20353162.564324,0
F.US,D,20040527,000000,8.95704,9.04553,8.79707,8.86338,15315274.681115,0
F.US,D,20040528,000000,8.85718,8.85718,8.70955,8.75288,16516883.532521,0
F.US,D,20040601,000000,8.75818,8.89255,8.668,8.86338,15246208.717935,0
F.US,D,20040602,000000,8.95704,8.95704,8.70336,8.77231,18238765.853578,0
F.US,D,20040603,000000,8.76789,8.83774,8.63795,8.69186,13997253.535154,0
F.US,D,20040604,000000,8.70336,8.83774,8.70336,8.7838,9446726.5437634,0
F.US,D,20040607,000000,8.82625,9.00481,8.81299,8.95704,21075389.810548,0
F.US,D,20040608,000000,8.95704,9.1215,8.91641,9.08792,16263525.910939,0
F.US,D,20040609,000000,9.04553,9.16394,8.94563,9.07376,12192555.856376,0
F.US,D,20040610,000000,9.15773,9.22223,9.11625,9.17991,14093129.403721,0
F.US,D,20040614,000000,9.15773,9.15773,8.94563,8.96855,12589134.54673,0
F.US,D,20040615,000000,9.00481,9.15253,9.00481,9.08089,11573678.131516,0
F.US,D,20040616,000000,9.10994,9.37704,8.99865,9.21174,17650100.599205,0
F.US,D,20040617,000000,9.28245,9.28245,9.08089,9.21786,16569996.578283,0
F.US,D,20040618,000000,9.21786,9.4044,9.16394,9.3637,18739710.98884,0
F.US,D,20040621,000000,9.39909,9.43009,9.19842,9.22223,11611858.576922,0
F.US,D,20040622,000000,9.22223,9.43009,9.19312,9.43009,20190255.71084,0
F.US,D,20040623,000000,9.43009,9.71401,9.4044,9.63952,28460832.689329,0
F.US,D,20040624,000000,9.63952,9.68828,9.5043,9.51937,24203028.101914,0
F.US,D,20040625,000000,9.51937,9.57675,9.33989,9.33989,17042765.352491,0
F.US,D,20040628,000000,9.43009,9.48656,9.15253,9.22223,19248792.643635,0
F.US,D,20040629,000000,9.21786,9.3876,9.1215,9.3497,18043114.966876,0
F.US,D,20040630,000000,9.40973,9.40973,9.15253,9.22223,12835698.349833,0
F.US,D,20040701,000000,9.22223,9.29215,8.81299,8.85099,29140969.02886,0
F.US,D,20040702,000000,8.85718,8.90404,8.75818,8.81299,16956389.065606,0
F.US,D,20040706,000000,8.72193,8.85099,8.60967,8.81741,18060757.855124,0
F.US,D,20040707,000000,8.75818,8.88017,8.72193,8.81741,12999116.493019,0
F.US,D,20040708,000000,8.77763,8.87663,8.69186,8.70336,12617128.789106,0
F.US,D,20040709,000000,8.82095,8.99328,8.72193,8.93409,17367563.267086,0
F.US,D,20040712,000000,8.84392,8.93409,8.0802,8.93053,9003822.9702665,0
F.US,D,20040713,000000,9.01366,9.05869,8.89255,8.93053,9874523.3164306,0
F.US,D,20040714,000000,8.86957,9.02693,8.82625,8.89874,14442870.790057,0
F.US,D,20040715,000000,8.89874,8.94563,8.83774,8.85718,7313156.4691786,0
F.US,D,20040716,000000,8.95704,8.96855,8.73961,8.75288,12273668.800374,0
F.US,D,20040719,000000,8.75288,8.93409,8.74757,8.82625,11378018.195438,0
F.US,D,20040720,000000,8.82095,8.82095,8.42666,8.60172,36751094.321357,0
F.US,D,20040721,000000,8.66269,8.69186,8.54423,8.56279,15527902.195809,0
F.US,D,20040722,000000,8.55044,8.68126,8.45495,8.63353,15078721.749396,0
F.US,D,20040723,000000,8.63353,8.66269,8.52833,8.64412,9487115.036734,0
F.US,D,20040726,000000,8.62114,8.70955,8.54423,8.68569,11651734.649018,0
F.US,D,20040727,000000,8.70336,8.79177,8.66269,8.76789,8615050.4972492,0
F.US,D,20040728,000000,8.70955,8.96855,8.70955,8.95087,14150321.455383,0
F.US,D,20040729,000000,8.89255,8.89874,8.69186,8.81299,17976088.506647,0
F.US,D,20040730,000000,8.77763,8.77763,8.61407,8.67418,13206986.298671,0
F.US,D,20040802,000000,8.63353,8.89874,8.62646,8.86957,14044091.970343,0
F.US,D,20040803,000000,8.83774,8.85718,8.63353,8.668,14547746.262323,0
F.US,D,20040804,000000,8.63353,8.72634,8.50976,8.65563,12313884.224043,0
F.US,D,20040805,000000,8.65563,8.65563,8.36743,8.36743,18202960.869178,0
F.US,D,20040806,000000,8.25047,8.39201,8.19141,8.29166,15538762.577297,0
F.US,D,20040809,000000,8.28636,8.37884,8.19742,8.29777,11445218.856142,0
F.US,D,20040810,000000,8.29777,8.48589,8.27336,8.43814,11565532.562606,0
F.US,D,20040811,000000,8.39819,8.44522,8.26029,8.3859,14053083.655838,0
F.US,D,20040812,000000,8.32553,8.33073,8.1138,8.16659,14414538.32728,0
F.US,D,20040813,000000,8.22732,8.24525,8.07429,8.13334,10170814.567776,0
F.US,D,20040816,000000,8.13334,8.309,8.09118,8.28636,12291825.240668,0
F.US,D,20040817,000000,8.30635,8.42666,8.29777,8.33861,10064585.082736,0
F.US,D,20040818,000000,8.28035,8.44522,8.20254,8.42666,7547330.5463749,0
F.US,D,20040819,000000,8.34549,8.41073,8.18717,8.25047,13186458.922059,0
F.US,D,20040820,000000,8.25047,8.34549,8.02131,8.31323,21031778.608813,0
F.US,D,20040823,000000,8.28636,8.36221,8.26647,8.27336,7376961.3518141,0
F.US,D,20040824,000000,8.27336,8.31323,8.12732,8.19742,9183189.5061825,0
F.US,D,20040825,000000,8.17347,8.29777,8.13334,8.22732,9658340.5284291,0
F.US,D,20040826,000000,8.22732,8.29777,8.17347,8.23244,5680355.0670379,0
F.US,D,20040827,000000,8.26029,8.35779,8.23843,8.32031,10748628.490037,0
F.US,D,20040830,000000,8.29777,8.30635,8.20254,8.22732,6555634.3970851,0
F.US,D,20040831,000000,8.28035,8.33861,8.18717,8.31323,11744901.360867,0
F.US,D,20040901,000000,8.32031,8.32553,8.16659,8.19141,18923657.639811,0
F.US,D,20040902,000000,8.20847,8.48589,8.19141,8.46115,16998815.930355,0
F.US,D,20040903,000000,8.41605,8.50976,8.27336,8.37185,8199472.6435308,0
F.US,D,20040907,000000,8.42666,8.65122,8.42136,8.58047,13073098.529311,0
F.US,D,20040908,000000,8.54423,8.60967,8.3859,8.39819,14138445.281523,0
F.US,D,20040909,000000,8.33861,8.39201,8.29166,8.3525,11126025.898349,0
F.US,D,20040910,000000,8.25047,8.3525,8.15473,8.22732,21404423.963939,0
F.US,D,20040913,000000,8.22732,8.31323,8.22732,8.309,11199502.300797,0
F.US,D,20040914,000000,8.26647,8.28035,8.20254,8.23843,9952922.5790215,0
F.US,D,20040915,000000,8.19141,8.23244,8.12139,8.13846,10554493.373692,0
F.US,D,20040916,000000,8.16074,8.26647,8.12732,8.22051,11267718.753874,0
F.US,D,20040917,000000,8.45495,8.51506,8.34549,8.37884,19492987.772763,0
F.US,D,20040920,000000,8.36743,8.39819,8.30635,8.32553,9908296.716084,0
F.US,D,20040921,000000,8.309,8.42136,8.30635,8.3859,10317256.082969,0
F.US,D,20040922,000000,8.3859,8.3859,8.21458,8.25047,16279305.759054,0
F.US,D,20040923,000000,8.20847,8.23843,8.13334,8.13334,13659393.978537,0
F.US,D,20040924,000000,8.13846,8.17948,8.10708,8.13334,9991952.5345309,0
F.US,D,20040927,000000,8.17948,8.20847,8.04247,8.18717,10411948.745721,0
F.US,D,20040928,000000,8.18717,8.22051,8.10708,8.20254,10086813.741897,0
F.US,D,20040929,000000,8.17347,8.19141,8.09788,8.16659,12660404.032786,0
F.US,D,20040930,000000,8.16659,8.28636,8.12732,8.28035,14028308.728712,0
F.US,D,20041001,000000,8.309,8.39201,8.22732,8.36221,19995790.292298,0
F.US,D,20041004,000000,8.40545,8.43814,8.29777,8.33861,15879167.270705,0
F.US,D,20041005,000000,8.29777,8.36221,8.29777,8.34549,9992457.0372018,0
F.US,D,20041006,000000,8.309,8.37884,8.26029,8.35779,17136943.332026,0
F.US,D,20041007,000000,8.32553,8.3525,8.14961,8.16659,15127598.556363,0
F.US,D,20041008,000000,8.16659,8.26647,8.16074,8.22051,11384979.427359,0
F.US,D,20041011,000000,8.23843,8.27336,8.21458,8.22051,6200131.9522221,0
F.US,D,20041012,000000,8.13334,8.22051,8.1138,8.14271,18681163.793231,0
F.US,D,20041013,000000,8.17948,8.28035,7.9887,8.06765,20286134.972923,0
F.US,D,20041014,000000,7.88352,7.95715,7.65011,7.7319,43839404.356892,0
F.US,D,20041015,000000,7.74834,7.86184,7.70137,7.8096,20602276.028907,0
F.US,D,20041018,000000,7.83806,7.95715,7.80138,7.88925,15278789.862398,0
F.US,D,20041019,000000,7.93072,7.93072,7.54899,7.6189,35574432.335207,0
F.US,D,20041020,000000,7.62378,7.62378,7.51432,7.60353,21552392.561208,0
F.US,D,20041021,000000,7.63102,7.74834,7.57188,7.69663,13750181.835864,0
F.US,D,20041022,000000,7.74241,7.75992,7.63102,7.64374,12060020.968618,0
F.US,D,20041025,000000,7.60353,7.6189,7.43281,7.48373,19753979.673551,0
F.US,D,20041026,000000,7.53571,7.63897,7.48373,7.57188,21092864.154181,0
F.US,D,20041027,000000,7.59018,7.84947,7.57188,7.74241,17863914.713231,0
F.US,D,20041028,000000,7.6839,7.82508,7.67814,7.75409,12339508.661271,0
F.US,D,20041029,000000,7.75409,7.77371,7.61282,7.67814,14293373.979541,0
F.US,D,20041101,000000,7.73844,7.79572,7.67814,7.79572,9500689.0996285,0
F.US,D,20041102,000000,7.59018,7.96715,7.59018,7.80138,12256357.345497,0
F.US,D,20041103,000000,7.94308,7.96715,7.76558,7.8096,13004370.786532,0
F.US,D,20041104,000000,7.8096,8.12139,7.80138,8.12139,18232154.153777,0
F.US,D,20041105,000000,8.16659,8.17948,8.10204,8.13846,13690955.937111,0
F.US,D,20041108,000000,8.16074,8.19141,8.1138,8.1138,10958196.184722,0
F.US,D,20041109,000000,8.23244,8.33861,8.19742,8.29777,19958450.307619,0
F.US,D,20041110,000000,8.25047,8.33861,8.16659,8.19742,16286262.466287,0
F.US,D,20041111,000000,8.24525,8.39819,8.23244,8.39819,12343924.756401,0
F.US,D,20041112,000000,8.42666,8.44522,8.35779,8.3859,10782222.033357,0
F.US,D,20041115,000000,8.37884,8.51506,8.3525,8.45495,16873071.467561,0
F.US,D,20041116,000000,8.41605,8.42136,8.33073,8.37185,8571438.164341,0
F.US,D,20041117,000000,8.39201,8.47351,8.37884,8.43197,11267043.444244,0
F.US,D,20041118,000000,8.43197,8.49209,8.39819,8.45053,9354072.2527894,0
F.US,D,20041119,000000,8.4797,8.48589,8.26647,8.33861,12631044.465916,0
F.US,D,20041122,000000,8.29166,8.33861,8.21458,8.30635,11225634.634213,0
F.US,D,20041123,000000,8.30635,8.32031,8.23843,8.30635,10908475.523511,0
F.US,D,20041124,000000,8.27336,8.309,8.22051,8.29777,10954635.255556,0
F.US,D,20041126,000000,8.309,8.42666,8.26029,8.39819,5473835.8806454,0
F.US,D,20041129,000000,8.45495,8.46732,8.29777,8.3859,11771033.694282,0
F.US,D,20041130,000000,8.34549,8.41073,8.31323,8.35779,9963442.4777648,0
F.US,D,20041201,000000,8.34549,8.41073,8.00949,8.33073,19276112.707554,0
F.US,D,20041202,000000,8.33073,8.39819,8.28636,8.3859,17278805.863336,0
F.US,D,20041203,000000,8.3859,8.50181,8.3525,8.43197,15500071.973359,0
F.US,D,20041206,000000,8.36743,8.44522,8.36221,8.41073,10258035.840076,0
F.US,D,20041207,000000,8.37884,8.45053,8.3525,8.3859,13695539.445682,0
F.US,D,20041208,000000,8.39201,8.43814,8.36221,8.37185,11603207.374171,0
F.US,D,20041209,000000,8.3525,8.41073,8.309,8.39201,12108215.678925,0
F.US,D,20041210,000000,8.41605,8.48589,8.32031,8.37884,12504452.755362,0
F.US,D,20041213,000000,8.39819,8.41605,8.33861,8.3859,10073917.250975,0
F.US,D,20041214,000000,8.41073,8.4797,8.37884,8.43814,12764086.11869,0
F.US,D,20041215,000000,8.4797,8.53982,8.36221,8.42136,15226692.609009,0
F.US,D,20041216,000000,8.41073,8.44522,8.36221,8.37884,7937970.5842121,0
F.US,D,20041217,000000,8.33861,8.45495,8.30635,8.45053,15140312.928607,0
F.US,D,20041220,000000,8.43197,8.69186,8.43197,8.63795,18121005.202108,0
F.US,D,20041221,000000,8.61407,8.72193,8.59728,8.668,14512958.201469,0
F.US,D,20041222,000000,8.668,8.83774,8.66269,8.73961,14215310.675007,0
F.US,D,20041223,000000,8.73961,8.77231,8.67418,8.72193,6177223.4587438,0
F.US,D,20041227,000000,8.72193,8.82095,8.66269,8.68569,5384917.8504831,0
F.US,D,20041228,000000,8.74757,8.80591,8.68569,8.76789,5820352.2958722,0
F.US,D,20041229,000000,8.70336,8.76789,8.68126,8.68569,6195040.5474646,0
F.US,D,20041230,000000,8.76346,8.76346,8.668,8.72193,5555288.1762157,0
F.US,D,20041231,000000,8.69186,8.72193,8.59728,8.62646,6217096.1373244,0
F.US,D,20050103,000000,8.63795,8.69186,8.55044,8.668,16718648.403384,0
F.US,D,20050104,000000,8.668,8.69186,8.59728,8.63795,15332586.135992,0
F.US,D,20050105,000000,8.62114,8.63795,8.49738,8.50181,19304791.308934,0
F.US,D,20050106,000000,8.48589,8.5566,8.46732,8.51506,11323040.978372,0
F.US,D,20050107,000000,8.53539,8.63353,8.51506,8.63353,19434272.032541,0
F.US,D,20050110,000000,8.53982,8.59728,8.53539,8.57429,17037334.596162,0
F.US,D,20050111,000000,8.57429,8.57429,8.45495,8.50181,17284582.758269,0
F.US,D,20050112,000000,8.50181,8.51506,8.39201,8.43814,26219845.3992,0
F.US,D,20050113,000000,8.45053,8.45053,8.27336,8.29777,18728341.579994,0
F.US,D,20050114,000000,8.27336,8.33861,8.25559,8.28636,15887317.364302,0
F.US,D,20050118,000000,8.22732,8.33861,8.19742,8.29777,17472940.97968,0
F.US,D,20050119,000000,8.29777,8.41073,8.20254,8.20847,10720285.846714,0
F.US,D,20050120,000000,7.98198,8.10204,7.89597,7.93072,25394962.039992,0
F.US,D,20050121,000000,7.93072,7.93072,7.71996,7.7264,20990705.756837,0
F.US,D,20050124,000000,7.7319,7.83806,7.69035,7.70137,18334988.991922,0
F.US,D,20050125,000000,7.70137,7.90834,7.70137,7.79572,19652670.78631,0
F.US,D,20050126,000000,7.82508,7.87351,7.75992,7.869,11804631.76229,0
F.US,D,20050127,000000,7.81367,7.84223,7.75992,7.77371,10680919.933148,0
F.US,D,20050128,000000,7.74834,7.8096,7.6839,7.74241,15715578.320561,0
F.US,D,20050131,000000,7.8096,7.8316,7.7264,7.75992,11839423.21666,0
F.US,D,20050201,000000,7.81934,7.82508,7.66701,7.70713,15693358.710774,0
F.US,D,20050202,000000,7.76558,7.88352,7.70713,7.81934,12002836.83516,0
F.US,D,20050203,000000,7.75992,7.8096,7.69663,7.7264,15211085.830196,0
F.US,D,20050204,000000,7.78592,7.81367,7.74834,7.79166,12194250.351895,0
F.US,D,20050207,000000,7.8316,7.98049,7.80138,7.90834,15214135.46966,0
F.US,D,20050208,000000,7.80138,7.92073,7.74834,7.75409,16377559.350971,0
F.US,D,20050209,000000,7.71996,7.77371,7.6839,7.7319,14255703.692665,0
F.US,D,20050210,000000,7.7264,7.78592,7.69663,7.71996,12303188.993654,0
F.US,D,20050211,000000,7.71341,7.77371,7.6839,7.69663,14282854.080798,0
F.US,D,20050214,000000,7.7319,7.77946,7.6839,7.71996,10634418.587187,0
F.US,D,20050215,000000,7.69663,7.76558,7.69663,7.75409,9477608.6680204,0
F.US,D,20050216,000000,7.71996,7.83806,7.69035,7.8096,12598293.645668,0
F.US,D,20050217,000000,7.77371,7.8096,7.66063,7.66063,11632221.933607,0
F.US,D,20050218,000000,7.66701,7.66701,7.52528,7.63897,15738830.6903,0
F.US,D,20050222,000000,7.63897,7.63897,7.49083,7.51999,18225539.060459,0
F.US,D,20050223,000000,7.51999,7.6189,7.50037,7.54899,13434380.131451,0
F.US,D,20050224,000000,7.55914,7.59018,7.51432,7.54272,8882829.4294846,0
F.US,D,20050225,000000,7.57188,7.67275,7.54272,7.66063,9123626.5182015,0
F.US,D,20050228,000000,7.42566,7.46615,7.36041,7.45378,28676345.82356,0
F.US,D,20050301,000000,7.40788,7.46615,7.38448,7.46615,19822532.084684,0
F.US,D,20050302,000000,7.4002,7.50037,7.33593,7.34734,20399490.840984,0
F.US,D,20050303,000000,7.34202,7.39463,7.33055,7.36662,13288613.925887,0
F.US,D,20050304,000000,7.36662,7.43281,7.29597,7.30738,12476111.24321,0
F.US,D,20050307,000000,7.26504,7.41336,7.25821,7.37845,16921936.962809,0
F.US,D,20050308,000000,7.32595,7.39463,7.30738,7.33593,12156750.871976,0
F.US,D,20050309,000000,7.31445,7.33055,7.23808,7.27175,18831170.762278,0
F.US,D,20050310,000000,7.25821,7.3727,7.25821,7.28987,13353268.318625,0
F.US,D,20050311,000000,7.39463,7.42566,7.28987,7.30208,8948165.9188835,0
F.US,D,20050314,000000,7.30208,7.31904,7.24914,7.30208,9163508.2461574,0
F.US,D,20050315,000000,7.33055,7.34734,7.18953,7.20757,13945838.378424,0
F.US,D,20050316,000000,6.96472,7.08435,6.71816,7.01855,50067701.358448,0
F.US,D,20050317,000000,6.90655,7.02368,6.80048,6.87712,31810608.257618,0
F.US,D,20050318,000000,6.87712,6.8834,6.6364,6.71118,29648524.732751,0
F.US,D,20050321,000000,6.70084,6.83538,6.54065,6.78297,26220353.295385,0
F.US,D,20050322,000000,6.71816,6.85317,6.57079,6.58184,19877682.371053,0
F.US,D,20050323,000000,6.58184,6.64118,6.4472,6.47576,31271823.159694,0
F.US,D,20050324,000000,6.46957,6.80048,6.45305,6.65257,21879568.199153,0
F.US,D,20050328,000000,6.62375,6.68802,6.58803,6.61156,11195598.626543,0
F.US,D,20050329,000000,6.6364,6.72445,6.61156,6.64118,13689943.538253,0
F.US,D,20050330,000000,6.62933,6.78933,6.62933,6.74177,17413549.92983,0
F.US,D,20050331,000000,6.73035,6.7941,6.66564,6.67689,11696370.692503,0
F.US,D,20050401,000000,6.86473,6.89003,6.54065,6.58803,21056550.142423,0
F.US,D,20050404,000000,6.55295,6.61782,6.45305,6.53578,15903603.977431,0
F.US,D,20050405,000000,6.48829,6.60121,6.48829,6.54065,10240556.971756,0
F.US,D,20050406,000000,6.57079,6.69438,6.54065,6.54684,12003173.924388,0
F.US,D,20050407,000000,6.49433,6.66564,6.45853,6.65937,19739377.375392,0
F.US,D,20050408,000000,6.55295,6.64612,6.46418,6.50071,16948245.759041,0
F.US,D,20050411,000000,6.06947,6.18155,5.94597,6.15185,69095723.180823,0
F.US,D,20050412,000000,6.04577,6.12816,5.85181,5.92802,50577125.75833,0
F.US,D,20050413,000000,5.92802,5.94057,5.87513,5.9227,28096843.06164,0
F.US,D,20050414,000000,5.90512,5.9227,5.68667,5.74563,37752285.527641,0
F.US,D,20050415,000000,5.6986,5.7337,5.58058,5.59819,39187737.022874,0
F.US,D,20050418,000000,5.59243,5.6041,5.4684,5.50394,34255732.486101,0
F.US,D,20050419,000000,5.49802,5.58058,5.38618,5.4684,31865079.840842,0
F.US,D,20050420,000000,5.58667,5.71618,5.40388,5.50394,36814219.369676,0
F.US,D,20050421,000000,5.59819,5.81068,5.59819,5.78675,33406075.330939,0
F.US,D,20050422,000000,5.79291,5.88106,5.71036,5.82812,26198969.62164,0
F.US,D,20050425,000000,5.96346,6.12241,5.74563,5.76916,17076020.675411,0
F.US,D,20050426,000000,5.71036,5.76331,5.63355,5.63955,21643863.646366,0
F.US,D,20050427,000000,5.64566,5.64566,5.48644,5.56299,19048895.337591,0
F.US,D,20050428,000000,5.46274,5.50968,5.36259,5.38618,19103877.079346,0
F.US,D,20050429,000000,5.42737,5.44515,5.34481,5.36869,15300681.432331,0
F.US,D,20050502,000000,5.39785,5.45117,5.34481,5.43322,13040179.164448,0
F.US,D,20050503,000000,5.46274,5.59243,5.45117,5.58058,20819145.438257,0
F.US,D,20050504,000000,5.80433,6.15776,5.75747,5.98689,74891811.839271,0
F.US,D,20050505,000000,5.98133,6.02287,5.57475,5.71618,55686624.741513,0
F.US,D,20050506,000000,5.72193,5.81626,5.67484,5.7513,33097058.39563,0
F.US,D,20050509,000000,5.7513,5.94057,5.7513,5.86346,25549553.648782,0
F.US,D,20050510,000000,5.83413,5.85181,5.6986,5.76331,24862966.235859,0
F.US,D,20050511,000000,5.80433,5.80433,5.56299,5.68066,23620804.871556,0
F.US,D,20050512,000000,5.75747,5.75747,5.46274,5.50968,38505220.697649,0
F.US,D,20050513,000000,5.53356,5.58058,5.43931,5.4805,17543020.47289,0
F.US,D,20050516,000000,5.50968,5.6041,5.48644,5.54514,16723740.939313,0
F.US,D,20050517,000000,5.54514,5.58667,5.457,5.48644,21372863.136537,0
F.US,D,20050518,000000,5.65731,5.88106,5.53356,5.84588,38418683.784352,0
F.US,D,20050519,000000,5.83413,5.93438,5.76331,5.89883,33207867.995726,0
F.US,D,20050520,000000,5.86346,5.92802,5.82238,5.89281,24395461.93571,0
F.US,D,20050523,000000,5.93438,6.05152,5.9227,5.99326,24536472.694574,0
F.US,D,20050524,000000,5.9693,5.97506,5.80433,5.88106,22297695.714353,0
F.US,D,20050525,000000,5.86346,5.88106,5.76916,5.86923,22636404.781072,0
F.US,D,20050526,000000,5.9227,5.93438,5.86923,5.91034,17928058.947439,0
F.US,D,20050527,000000,5.94597,6.04577,5.91034,5.93438,18643323.830571,0
F.US,D,20050531,000000,5.93438,5.95198,5.88106,5.88106,15021701.635865,0
F.US,D,20050601,000000,5.91681,5.9693,5.81626,5.84588,23773024.412855,0
F.US,D,20050602,000000,5.89281,6.08157,5.87513,6.05152,33652464.933569,0
F.US,D,20050603,000000,6.04037,6.04037,5.83413,5.83413,30298623.933441,0
F.US,D,20050606,000000,5.83987,5.8869,5.80433,5.86923,10967191.263733,0
F.US,D,20050607,000000,5.86923,5.97506,5.86923,5.92802,12474247.071907,0
F.US,D,20050608,000000,5.97506,6.05152,5.94057,5.94597,17526904.666719,0
F.US,D,20050609,000000,5.94597,5.95198,5.86923,5.90512,15440506.723036,0
F.US,D,20050610,000000,5.91034,6.50071,5.91034,6.08793,47417582.763303,0
F.US,D,20050613,000000,6.09359,6.32946,6.01713,6.2002,29807363.892056,0
F.US,D,20050614,000000,6.29887,6.62375,6.24733,6.37639,42698546.22397,0
F.US,D,20050615,000000,6.46418,6.59493,6.4351,6.57611,30626642.29446,0
F.US,D,20050616,000000,6.66564,6.74177,6.64118,6.70084,30766133.889451,0
F.US,D,20050617,000000,6.70084,6.70084,6.54684,6.64612,30998443.795343,0
F.US,D,20050620,000000,6.65937,6.7667,6.50564,6.54684,20762973.703656,0
F.US,D,20050621,000000,6.54684,6.62375,6.54065,6.58184,17990004.183458,0
F.US,D,20050622,000000,6.38736,6.42989,6.22292,6.29364,49294234.28714,0
F.US,D,20050623,000000,6.24733,6.34122,6.05727,6.12816,24704818.22259,0
F.US,D,20050624,000000,6.07574,6.10589,5.98689,6.01713,16921601.004751,0
F.US,D,20050627,000000,5.99326,6.08793,5.94597,5.96346,15374157.834779,0
F.US,D,20050628,000000,5.96346,6.16404,5.96346,6.12816,11596759.694295,0
F.US,D,20050629,000000,6.15185,6.2002,6.07574,6.13382,13659559.129637,0
F.US,D,20050630,000000,6.14045,6.21639,6.02852,6.03419,15014065.094313,0
F.US,D,20050701,000000,6.02287,6.20472,6.02287,6.07574,16663154.240756,0
F.US,D,20050705,000000,6.08157,6.15776,6.02287,6.12816,11745410.388225,0
F.US,D,20050706,000000,6.13382,6.14045,6.06947,6.09995,12722005.392544,0
F.US,D,20050707,000000,5.98689,6.05727,5.96346,6.05152,17012388.862078,0
F.US,D,20050708,000000,6.08157,6.18155,6.01713,6.14045,14280137.005874,0
F.US,D,20050711,000000,6.21639,6.35304,6.17614,6.31142,17071955.243575,0
F.US,D,20050712,000000,6.2406,6.36428,6.22815,6.35304,20054331.832047,0
F.US,D,20050713,000000,6.31142,6.33459,6.28259,6.29887,13462715.987744,0
F.US,D,20050714,000000,6.33459,6.49433,6.33459,6.41734,18663857.994214,0
F.US,D,20050715,000000,6.4472,6.48159,6.37021,6.48159,15606974.505686,0
F.US,D,20050718,000000,6.49433,6.59493,6.35908,6.4419,19474486.325038,0
F.US,D,20050719,000000,6.4472,6.50564,6.35304,6.38736,24172314.522272,0
F.US,D,20050720,000000,6.30551,6.48829,6.18776,6.4419,29447096.951115,0
F.US,D,20050721,000000,6.42315,6.4419,6.23487,6.27024,21796758.497294,0
F.US,D,20050722,000000,6.27024,6.35908,6.24733,6.31743,14129445.677822,0
F.US,D,20050725,000000,6.36428,6.4351,6.23487,6.25246,18083160.714759,0
F.US,D,20050726,000000,6.25246,6.4107,6.24733,6.39859,18092490.620655,0
F.US,D,20050727,000000,6.42315,6.45853,6.34122,6.4107,10131616.067652,0
F.US,D,20050728,000000,6.39273,6.46418,6.33459,6.42315,13253653.926901,0
F.US,D,20050729,000000,6.37021,6.42315,6.28259,6.32946,14577273.242635,0
F.US,D,20050801,000000,6.31743,6.48159,6.31743,6.39273,18212808.851807,0
F.US,D,20050802,000000,6.42315,6.50564,6.37639,6.4107,22847842.30292,0
F.US,D,20050803,000000,6.37021,6.39273,6.30551,6.33459,13662794.281293,0
F.US,D,20050804,000000,6.32946,6.38161,6.24733,6.27024,14377708.501132,0
F.US,D,20050805,000000,6.27604,6.28259,6.04577,6.10589,22017020.291196,0
F.US,D,20050808,000000,6.10589,6.18155,6.06947,6.11145,18686255.19799,0
F.US,D,20050809,000000,6.17024,6.23487,6.12816,6.15185,13645312.019457,0
F.US,D,20050810,000000,6.18776,6.25829,6.12241,6.12816,19690510.748972,0
F.US,D,20050811,000000,6.12816,6.17614,6.09995,6.10589,11994518.196949,0
F.US,D,20050812,000000,6.07574,6.09995,5.93438,5.97506,17133892.56139,0
F.US,D,20050815,000000,5.94597,6.06947,5.94057,5.98133,12292847.820072,0
F.US,D,20050816,000000,5.98689,6.00501,5.91034,5.92802,10524628.17298,0
F.US,D,20050817,000000,5.89883,5.92802,5.85181,5.85181,17731899.033379,0
F.US,D,20050818,000000,5.83987,5.85746,5.73963,5.7513,19361984.491769,0
F.US,D,20050819,000000,5.77507,5.79291,5.7337,5.7513,17593935.651635,0
F.US,D,20050822,000000,5.76331,5.81068,5.7337,5.7513,12841976.353922,0
F.US,D,20050823,000000,5.7513,5.81068,5.73963,5.77507,18401170.466735,0
F.US,D,20050824,000000,5.80433,5.94057,5.78675,5.84588,36481952.326972,0
F.US,D,20050825,000000,5.83413,5.83413,5.76331,5.78675,12626973.378221,0
F.US,D,20050826,000000,5.76916,5.79291,5.7276,5.75747,15377381.674717,0
F.US,D,20050829,000000,5.72193,5.85181,5.68066,5.75747,13675343.502438,0
F.US,D,20050830,000000,5.75747,5.77507,5.69259,5.74563,19259311.411206,0
F.US,D,20050831,000000,5.78675,5.87513,5.72193,5.87513,21601779.526706,0
F.US,D,20050901,000000,5.87513,5.87513,5.68667,5.7337,28248544.526205,0
F.US,D,20050902,000000,5.76916,5.82812,5.71618,5.81068,16551839.006819,0
F.US,D,20050906,000000,5.81068,5.90512,5.77507,5.86923,25863488.919546,0
F.US,D,20050907,000000,5.82812,5.99326,5.82238,5.9693,30462891.586731,0
F.US,D,20050908,000000,6.01095,6.01095,5.81626,5.84588,17367729.549358,0
F.US,D,20050909,000000,5.84588,5.8869,5.81068,5.83413,11645802.783533,0
F.US,D,20050912,000000,5.83987,5.91681,5.81068,5.84588,12090055.845116,0
F.US,D,20050913,000000,5.94597,5.94597,5.76331,5.78675,18947416.774565,0
F.US,D,20050914,000000,5.86346,5.91681,5.82812,5.86923,20800311.425992,0
F.US,D,20050915,000000,5.86923,5.8869,5.73963,5.81068,20239807.827436,0
F.US,D,20050916,000000,5.83413,5.85746,5.7513,5.85181,22021772.34438,0
F.US,D,20050919,000000,5.82238,5.84588,5.71036,5.72193,16393345.986118,0
F.US,D,20050920,000000,5.72193,5.81626,5.72193,5.7513,19711723.615761,0
F.US,D,20050921,000000,5.7276,5.78675,5.62782,5.69259,26518679.524994,0
F.US,D,20050922,000000,5.69259,5.79876,5.68066,5.7276,18074164.504576,0
F.US,D,20050923,000000,5.7337,5.79876,5.7276,5.76916,14861339.919172,0
F.US,D,20050926,000000,5.77507,5.88106,5.77507,5.86923,21599398.40984,0
F.US,D,20050927,000000,5.86923,5.87513,5.79876,5.80433,13835368.129902,0
F.US,D,20050928,000000,5.83987,5.89883,5.81068,5.86346,13452023.019698,0
F.US,D,20050929,000000,5.89281,5.91681,5.78108,5.81068,16334454.91425,0
F.US,D,20050930,000000,5.80433,5.8869,5.78675,5.81068,13415198.849409,0
F.US,D,20051003,000000,5.89281,5.89281,5.79291,5.82812,14700297.236991,0
F.US,D,20051004,000000,5.83413,5.83413,5.7513,5.76331,27280946.863241,0
F.US,D,20051005,000000,5.74563,5.7513,5.53929,5.55114,29153864.388609,0
F.US,D,20051006,000000,5.58058,5.59819,5.457,5.49228,20167518.02432,0
F.US,D,20051007,000000,5.49228,5.52178,5.39185,5.43931,22124436.375567,0
F.US,D,20051010,000000,5.42155,5.42155,5.2328,5.26252,34003052.436492,0
F.US,D,20051011,000000,5.20946,5.27428,5.12707,5.13283,33964537.1642,0
F.US,D,20051012,000000,5.15623,5.20946,5.07377,5.12106,45731164.943901,0
F.US,D,20051013,000000,5.09737,5.30361,5.09737,5.29777,35447496.748393,0
F.US,D,20051014,000000,5.15623,5.23891,5.06784,5.07377,53320744.761036,0
F.US,D,20051017,000000,5.45117,5.45117,5.09145,5.10329,47350557.434246,0
F.US,D,20051018,000000,5.07377,5.07968,4.91473,4.99145,49693860.354613,0
F.US,D,20051019,000000,4.97942,5.03257,4.8677,4.99145,39935743.676878,0
F.US,D,20051020,000000,4.99145,5.04433,4.92658,4.96176,28954474.978753,0
F.US,D,20051021,000000,4.9675,4.98554,4.80864,4.86168,26268550.268037,0
F.US,D,20051024,000000,4.96176,5.09145,4.91473,5.06784,32804504.536269,0
F.US,D,20051025,000000,5.06784,5.10329,5.00896,5.08552,24397664.327414,0
F.US,D,20051026,000000,5.06784,5.09145,5.00896,5.02081,30065467.910962,0
F.US,D,20051027,000000,5.00896,5.00896,4.79105,4.79688,27437065.554106,0
F.US,D,20051028,000000,4.76152,4.84409,4.70247,4.72607,38143095.241264,0
F.US,D,20051031,000000,4.74375,4.9675,4.73793,4.90304,49482935.253641,0
F.US,D,20051101,000000,4.90899,4.97942,4.82047,4.84409,27564846.126335,0
F.US,D,20051102,000000,4.83223,4.90304,4.80864,4.87362,15880526.939338,0
F.US,D,20051103,000000,4.86168,4.94442,4.83223,4.93824,23903850.09986,0
F.US,D,20051104,000000,4.97942,5.00296,4.83816,4.88502,16844734.480095,0
F.US,D,20051107,000000,4.92658,4.94442,4.86168,4.91473,12631384.948661,0
F.US,D,20051108,000000,4.92065,4.99145,4.84992,4.8677,12881513.074446,0
F.US,D,20051109,000000,4.83816,4.84992,4.71413,4.73191,27761180.240869,0
F.US,D,20051110,000000,4.73191,4.73793,4.57296,4.60806,43893707.395501,0
F.US,D,20051111,000000,4.61424,4.74375,4.61424,4.69655,34147634.305069,0
F.US,D,20051114,000000,4.74375,4.74375,4.65552,4.6732,19939787.102311,0
F.US,D,20051115,000000,4.68505,4.70247,4.60806,4.62018,21721920.16387,0
F.US,D,20051116,000000,4.60806,4.6321,4.4668,4.51382,30271303.869523,0
F.US,D,20051117,000000,4.53759,4.6321,4.46087,4.59648,41096969.691174,0
F.US,D,20051118,000000,4.60258,4.96176,4.60258,4.95574,63846226.968807,0
F.US,D,20051121,000000,5.00896,5.02683,4.80864,4.90304,45334246.901976,0
F.US,D,20051122,000000,4.72607,4.92658,4.72607,4.91473,27862318.321153,0
F.US,D,20051123,000000,4.82047,5.02683,4.80864,4.9675,27805300.469964,0
F.US,D,20051125,000000,4.97942,4.97942,4.89121,4.90304,17451221.347877,0
F.US,D,20051128,000000,4.97359,5.01489,4.90899,4.92658,29253136.035245,0
F.US,D,20051129,000000,4.9675,5.05026,4.95574,5.02683,31640397.427125,0
F.US,D,20051130,000000,4.9972,5.02081,4.76744,4.79105,43963278.992524,0
F.US,D,20051201,000000,4.85603,4.89121,4.69071,4.77329,50880370.323394,0
F.US,D,20051202,000000,4.76744,4.83223,4.7204,4.80271,22610106.165385,0
F.US,D,20051205,000000,4.77329,4.77922,4.7084,4.7495,29238030.365586,0
F.US,D,20051206,000000,4.76744,4.80864,4.7495,4.77922,19729200.221737,0
F.US,D,20051207,000000,4.77922,4.88502,4.77922,4.83223,32909035.001104,0
F.US,D,20051208,000000,4.80271,4.86168,4.76152,4.81474,18679297.359584,0
F.US,D,20051209,000000,4.81474,4.87362,4.79105,4.82047,17268457.902722,0
F.US,D,20051212,000000,4.82047,4.88502,4.80271,4.82624,20824576.194587,0
F.US,D,20051213,000000,4.82624,4.82624,4.7495,4.79105,22936254.699239,0
F.US,D,20051214,000000,4.76744,4.84409,4.76152,4.80864,28668035.103552,0
F.US,D,20051215,000000,4.83816,4.9323,4.79688,4.81474,33376035.929755,0
F.US,D,20051216,000000,4.83816,4.89697,4.79688,4.89121,54181945.525517,0
F.US,D,20051219,000000,4.89121,4.95574,4.77329,4.84992,39350980.965588,0
F.US,D,20051220,000000,4.80864,4.86168,4.74375,4.74375,20135617.845346,0
F.US,D,20051221,000000,4.74375,4.86168,4.71413,4.72607,28802258.83097,0
F.US,D,20051222,000000,4.73793,4.80271,4.66127,4.68505,35519278.655323,0
F.US,D,20051223,000000,4.6732,4.71413,4.65552,4.65552,19636884.151164,0
F.US,D,20051227,000000,4.66127,4.69071,4.64378,4.64969,17525032.57721,0
F.US,D,20051228,000000,4.64969,4.65552,4.58481,4.62018,20460583.173384,0
F.US,D,20051229,000000,4.62018,4.626,4.55528,4.60258,28704509.741722,0
F.US,D,20051230,000000,4.56712,4.64969,4.50205,4.54963,34544891.698567,0
F.US,D,20060103,000000,4.54963,4.61424,4.51382,4.61424,28683639.620023,0
F.US,D,20060104,000000,4.61424,4.76152,4.60806,4.7204,60443503.505853,0
F.US,D,20060105,000000,4.74375,4.95009,4.73191,4.92065,54224540.93488,0
F.US,D,20060106,000000,4.89121,5.10329,4.87362,5.02081,68591902.606571,0
F.US,D,20060109,000000,5.09737,5.22122,5.06784,5.07968,49139301.064435,0
F.US,D,20060110,000000,5.11513,5.25057,5.02683,5.16809,47407910.112319,0
F.US,D,20060111,000000,5.19161,5.28011,5.16809,5.26252,50600375.865724,0
F.US,D,20060112,000000,5.22122,5.22698,5.00896,5.04433,52120153.964347,0
F.US,D,20060113,000000,5.04433,5.09145,4.9675,5.03858,41892667.683987,0
F.US,D,20060117,000000,5.03858,5.05617,4.82624,4.89697,33661971.302282,0
F.US,D,20060118,000000,4.89697,4.90304,4.80864,4.83816,30036104.950578,0
F.US,D,20060119,000000,4.83223,4.9323,4.80864,4.84409,33120986.074997,0
F.US,D,20060120,000000,4.89121,4.89121,4.626,4.65552,69330242.265451,0
F.US,D,20060123,000000,4.89121,5.0619,4.87362,4.90304,111396506.37745,0
F.US,D,20060124,000000,4.90304,4.96176,4.80271,4.95009,53735991.181385,0
F.US,D,20060125,000000,4.96176,5.08552,4.88502,5.07968,54954567.611408,0
F.US,D,20060126,000000,5.15623,5.15623,4.95009,5.1093,60379187.333515,0
F.US,D,20060127,000000,5.11513,5.19161,5.02081,5.09737,52127452.285496,0
F.US,D,20060130,000000,5.10329,5.18585,5.05026,5.11513,38736008.046152,0
F.US,D,20060131,000000,5.12106,5.12707,5.04433,5.05617,23843443.257634,0
F.US,D,20060201,000000,5.02683,5.12707,4.97942,5.10329,53126954.652122,0
F.US,D,20060202,000000,5.1093,5.11513,4.8677,4.9323,40096451.532174,0
F.US,D,20060203,000000,4.9323,4.96176,4.84992,4.8677,31099752.682584,0
F.US,D,20060206,000000,4.8677,4.89121,4.74375,4.77922,25282959.053534,0
F.US,D,20060207,000000,4.82047,4.82047,4.74375,4.76744,23984801.286274,0
F.US,D,20060208,000000,4.76152,4.85603,4.72607,4.84992,32509744.891686,0
F.US,D,20060209,000000,4.84409,4.9675,4.83816,4.92658,26275680.044572,0
F.US,D,20060210,000000,4.91473,4.91473,4.80271,4.87362,21206220.022241,0
F.US,D,20060213,000000,4.92065,4.92065,4.81474,4.83223,16050221.955442,0
F.US,D,20060214,000000,4.84992,4.90304,4.81474,4.89121,19340088.397148,0
F.US,D,20060215,000000,4.89121,4.94442,4.87362,4.93824,15676555.152083,0
F.US,D,20060216,000000,4.96176,5.00896,4.89697,4.94442,29540768.165636,0
F.US,D,20060217,000000,4.9675,5.00296,4.96176,4.97942,19269331.331965,0
F.US,D,20060221,000000,4.97942,4.98554,4.89697,4.94442,17496191.087075,0
F.US,D,20060222,000000,4.95574,4.97359,4.87936,4.89121,23604344.057952,0
F.US,D,20060223,000000,4.89121,4.89121,4.80271,4.81474,26530043.277981,0
F.US,D,20060224,000000,4.83816,4.83816,4.7495,4.77329,20948117.134506,0
F.US,D,20060227,000000,4.80271,4.83816,4.76152,4.76152,22594660.012983,0
F.US,D,20060228,000000,4.76744,4.80864,4.69071,4.69655,40281075.755118,0
F.US,D,20060301,000000,4.71413,4.72607,4.6321,4.68505,51915505.73629,0
F.US,D,20060302,000000,4.69071,4.69655,4.50798,4.51382,55865317.098972,0
F.US,D,20060303,000000,4.51382,4.54376,4.35495,4.46087,66196831.603839,0
F.US,D,20060306,000000,4.4903,4.57296,4.48456,4.53176,31984202.423289,0
F.US,D,20060307,000000,4.56712,4.57879,4.47871,4.50798,30864725.701769,0
F.US,D,20060308,000000,4.50798,4.52576,4.43151,4.44936,33927712.993911,0
F.US,D,20060309,000000,4.47871,4.59045,4.46087,4.56712,49275740.757618,0
F.US,D,20060310,000000,4.60258,4.63785,4.58481,4.62018,26987881.714177,0
F.US,D,20060313,000000,4.626,4.65552,4.59648,4.6321,32807044.017202,0
F.US,D,20060314,000000,4.59648,4.60806,4.53759,4.55528,25251569.03309,0
F.US,D,20060315,000000,4.58481,4.6321,4.55528,4.626,19048046.95866,0
F.US,D,20060316,000000,4.626,4.6732,4.56712,4.6732,42140250.672978,0
F.US,D,20060317,000000,4.6732,4.68505,4.59648,4.60258,32606133.181128,0
F.US,D,20060320,000000,4.626,4.67897,4.60258,4.66745,20825597.64282,0
F.US,D,20060321,000000,4.70247,4.74375,4.64969,4.74375,40769122.137115,0
F.US,D,20060322,000000,4.77329,4.80864,4.7556,4.80271,40922355.208443,0
F.US,D,20060323,000000,4.80271,4.80271,4.6732,4.76152,30498861.72223,0
F.US,D,20060324,000000,4.73793,4.86168,4.69071,4.77329,25766081.444215,0
F.US,D,20060327,000000,4.76744,4.82047,4.74375,4.7495,31643286.440178,0
F.US,D,20060328,000000,4.76152,4.84409,4.73793,4.79105,29248049.155175,0
F.US,D,20060329,000000,4.77922,4.87936,4.76152,4.8677,39707003.749528,0
F.US,D,20060330,000000,4.87936,4.88502,4.79688,4.80864,25477428.996764,0
F.US,D,20060331,000000,4.84992,4.84992,4.6732,4.69071,33627693.399957,0
F.US,D,20060403,000000,4.74375,4.74375,4.56138,4.57879,52559324.670547,0
F.US,D,20060404,000000,4.57879,4.60806,4.51382,4.52576,41641177.627224,0
F.US,D,20060405,000000,4.52576,4.54376,4.39633,4.46087,58644573.672634,0
F.US,D,20060406,000000,4.47271,4.51972,4.44936,4.50798,38844788.323845,0
F.US,D,20060407,000000,4.53759,4.56712,4.45494,4.47871,23471473.212137,0
F.US,D,20060410,000000,4.48456,4.50798,4.41955,4.43151,23360661.349699,0
F.US,D,20060411,000000,4.4431,4.4431,4.20167,4.2312,72610436.056173,0
F.US,D,20060412,000000,4.27812,4.34884,4.2312,4.29005,58688692.770557,0
F.US,D,20060413,000000,4.31368,4.35495,4.27247,4.33136,31757316.486694,0
F.US,D,20060417,000000,4.35495,4.41384,4.30774,4.3195,19821681.44341,0
F.US,D,20060418,000000,4.3195,4.40799,4.30192,4.40197,30926156.25457,0
F.US,D,20060419,000000,4.39012,4.4903,4.3843,4.47871,29735234.71535,0
F.US,D,20060420,000000,4.51382,4.69655,4.50798,4.68505,102674031.87763,0
F.US,D,20060421,000000,4.57296,4.69071,4.29616,4.31368,88941842.462131,0
F.US,D,20060424,000000,4.31368,4.31368,4.07187,4.10158,141783720.3012,0
F.US,D,20060425,000000,4.12492,4.14871,4.09557,4.11324,62566890.770924,0
F.US,D,20060426,000000,4.16629,4.27247,4.14271,4.27247,64598986.807167,0
F.US,D,20060427,000000,4.27247,4.27247,4.20739,4.24304,37965761.421267,0
F.US,D,20060428,000000,4.20739,4.21323,4.08966,4.09557,61532099.234287,0
F.US,D,20060501,000000,4.17248,4.17813,4.06032,4.07187,47909693.445965,0
F.US,D,20060502,000000,4.12492,4.14271,4.06631,4.07187,56123419.986707,0
F.US,D,20060503,000000,4.08966,4.09557,3.97793,3.99541,56262910.450526,0
F.US,D,20060504,000000,4.03086,4.0366,4.00142,4.02484,32240778.228948,0
F.US,D,20060505,000000,4.06631,4.09557,4.04262,4.08372,25318086.46596,0
F.US,D,20060508,000000,4.08372,4.18397,4.08372,4.10751,43024697.020166,0
F.US,D,20060509,000000,4.14871,4.24304,4.14271,4.22517,54044323.75769,0
F.US,D,20060510,000000,4.21323,4.33136,4.14871,4.16038,72890603.583142,0
F.US,D,20060511,000000,4.17813,4.21323,4.14871,4.19573,33229587.627529,0
F.US,D,20060512,000000,4.20739,4.23711,4.15445,4.19009,42070677.944785,0
F.US,D,20060515,000000,4.19009,4.23711,4.15445,4.20167,36190594.116317,0
F.US,D,20060516,000000,4.20167,4.20739,4.11324,4.13694,31187312.175285,0
F.US,D,20060517,000000,4.13694,4.15445,4.06631,4.07187,33483621.689912,0
F.US,D,20060518,000000,4.07772,4.13094,4.06631,4.06631,26729436.081353,0
F.US,D,20060519,000000,4.11324,4.15445,4.06032,4.14271,25372060.333545,0
F.US,D,20060522,000000,4.12492,4.12492,4.01327,4.06631,48648711.80799,0
F.US,D,20060523,000000,4.10158,4.10158,4.01327,4.0366,44541771.617929,0
F.US,D,20060524,000000,4.07772,4.12492,4.0366,4.08372,35172253.212737,0
F.US,D,20060525,000000,4.11918,4.29005,4.10158,4.21323,62625777.318103,0
F.US,D,20060526,000000,4.26053,4.37837,4.26053,4.30774,48808058.86348,0
F.US,D,20060530,000000,4.29616,4.29616,4.11324,4.11324,45751863.127473,0
F.US,D,20060531,000000,4.13094,4.21926,4.13094,4.21926,28985866.130369,0
F.US,D,20060601,000000,4.24868,4.27247,4.14271,4.26053,37537796.103985,0
F.US,D,20060602,000000,4.26637,4.26637,4.14871,4.18397,32402498.483102,0
F.US,D,20060605,000000,4.14871,4.17248,4.08966,4.09557,31001669.897624,0
F.US,D,20060606,000000,4.10158,4.13694,4.0366,4.06631,35355861.643308,0
F.US,D,20060607,000000,4.06631,4.07772,3.99541,4.00142,30685529.972811,0
F.US,D,20060608,000000,4.01327,4.01884,3.88332,3.92496,59983293.002165,0
F.US,D,20060609,000000,3.95988,4.01884,3.93653,3.98373,32536217.707846,0
F.US,D,20060612,000000,4.0366,4.11324,3.96599,3.98966,34964212.600129,0
F.US,D,20060613,000000,4.00726,4.01884,3.91894,3.93653,27407543.098482,0
F.US,D,20060614,000000,3.94227,3.95387,3.83064,3.89534,43270925.996386,0
F.US,D,20060615,000000,3.94227,4.00142,3.90126,3.99541,27524287.957579,0
F.US,D,20060616,000000,3.98966,3.99541,3.92496,3.94227,22492674.684941,0
F.US,D,20060619,000000,3.95988,4.0366,3.93653,3.97171,24940174.374431,0
F.US,D,20060620,000000,3.98373,3.98373,3.77149,3.77149,94642221.534281,0
F.US,D,20060621,000000,3.77149,3.82454,3.7599,3.78927,70438347.315779,0
F.US,D,20060622,000000,3.81277,3.87758,3.77725,3.78927,44775607.474725,0
F.US,D,20060623,000000,3.78927,3.91894,3.78326,3.84203,39794899.200285,0
F.US,D,20060626,000000,3.84814,3.88332,3.83064,3.85989,25375780.75795,0
F.US,D,20060627,000000,3.88924,3.92496,3.84203,3.85406,30479686.096047,0
F.US,D,20060628,000000,3.86599,3.86599,3.73622,3.7479,42871971.845026,0
F.US,D,20060629,000000,3.75381,3.79491,3.63578,3.77149,68204653.822114,0
F.US,D,20060630,000000,3.95988,4.09557,3.91894,4.08372,109477769.60278,0
F.US,D,20060703,000000,4.11324,4.11324,3.93053,3.95387,32328172.570549,0
F.US,D,20060705,000000,3.94227,3.95988,3.88924,3.89534,28294025.555106,0
F.US,D,20060706,000000,3.90126,3.92496,3.87758,3.88332,25808843.135849,0
F.US,D,20060707,000000,3.90693,4.01327,3.87758,3.96599,36767889.961846,0
F.US,D,20060710,000000,4.0366,4.11324,4.00726,4.06631,46031518.233568,0
F.US,D,20060711,000000,4.05438,4.07772,3.97793,4.00726,35402357.333408,0
F.US,D,20060712,000000,4.06032,4.08372,4.0366,4.05438,34513667.960395,0
F.US,D,20060713,000000,4.02484,4.05438,3.85989,3.86599,61313359.997773,0
F.US,D,20060714,000000,3.85989,3.87182,3.70066,3.7599,46203925.799907,0
F.US,D,20060717,000000,3.7599,3.83611,3.75381,3.77725,58229504.846274,0
F.US,D,20060718,000000,3.77725,3.83064,3.77149,3.79491,31547239.764651,0
F.US,D,20060719,000000,3.81853,3.83064,3.68901,3.73038,77398370.01407,0
F.US,D,20060720,000000,3.7242,3.73038,3.63578,3.64771,64806525.179449,0
F.US,D,20060721,000000,3.65948,3.7599,3.57089,3.70066,62673966.372551,0
F.US,D,20060724,000000,3.74204,3.77725,3.73038,3.7479,30675346.032124,0
F.US,D,20060725,000000,3.7479,3.94814,3.7479,3.88332,66020687.776689,0
F.US,D,20060726,000000,3.92496,4.06631,3.92496,3.97793,65306103.859046,0
F.US,D,20060727,000000,4.01884,4.07187,3.98966,4.02484,53523873.82522,0
F.US,D,20060728,000000,4.02484,4.06631,3.97171,4.06032,28622378.743007,0
F.US,D,20060731,000000,4.03086,4.04262,3.87758,3.93053,42944603.262059,0
F.US,D,20060801,000000,3.93653,3.93653,3.81277,3.87758,38466876.232315,0
F.US,D,20060802,000000,4.00142,4.10158,3.94227,4.10158,72329079.667526,0
F.US,D,20060803,000000,3.98966,4.11324,3.96599,4.04262,48798559.281798,0
F.US,D,20060804,000000,4.06631,4.20167,4.04854,4.20167,57417512.322128,0
F.US,D,20060807,000000,4.19573,4.23711,4.13094,4.22517,45941915.844401,0
F.US,D,20060808,000000,4.24868,4.39012,4.24304,4.34311,80104994.039529,0
F.US,D,20060809,000000,4.41384,4.41955,4.31368,4.3195,55326027.498376,0
F.US,D,20060810,000000,4.3195,4.37837,4.20167,4.35495,45556880.763368,0
F.US,D,20060811,000000,4.37264,4.51972,4.32542,4.34311,66088058.113178,0
F.US,D,20060814,000000,4.44936,4.61424,4.44936,4.61424,71560536.587535,0
F.US,D,20060815,000000,4.67897,4.69071,4.54963,4.66745,50646870.424654,0
F.US,D,20060816,000000,4.68505,4.88502,4.6732,4.8677,100877311.22314,0
F.US,D,20060817,000000,4.8677,4.96176,4.7204,4.81474,75422957.002129,0
F.US,D,20060818,000000,4.82047,4.82047,4.60806,4.71413,80619339.037211,0
F.US,D,20060821,000000,4.58481,4.58481,4.40197,4.40197,118837100.67377,0
F.US,D,20060822,000000,4.39012,4.40799,4.30774,4.37264,80833494.765153,0
F.US,D,20060823,000000,4.48456,4.6321,4.4668,4.57296,84907688.659653,0
F.US,D,20060824,000000,4.7556,4.78504,4.54376,4.57296,79050516.718181,0
F.US,D,20060825,000000,4.69655,4.77329,4.6321,4.71413,66290503.949531,0
F.US,D,20060828,000000,4.77329,4.77329,4.69655,4.74375,37001387.598241,0
F.US,D,20060829,000000,4.7495,4.88502,4.70247,4.8677,57938475.806644,0
F.US,D,20060830,000000,4.8677,4.90304,4.82047,4.87362,63853862.379185,0
F.US,D,20060831,000000,4.86168,4.99145,4.86168,4.9323,48265888.168035,0
F.US,D,20060901,000000,4.96176,4.9675,4.79688,4.87362,52092666.486985,0
F.US,D,20060905,000000,4.87936,4.95574,4.83223,4.94442,44982122.136429,0
F.US,D,20060906,000000,5.09145,5.1093,5.00296,5.03858,112832629.78879,0
F.US,D,20060907,000000,5.04433,5.09145,4.95009,5.05617,42791703.886443,0
F.US,D,20060908,000000,5.09737,5.19161,5.02081,5.16809,43258535.139307,0
F.US,D,20060911,000000,5.17409,5.20946,5.09145,5.13283,50274390.220627,0
F.US,D,20060912,000000,5.12707,5.36869,5.12707,5.33888,76757264.761221,0
F.US,D,20060913,000000,5.42737,5.58667,5.38017,5.41563,120400329.34772,0
F.US,D,20060914,000000,5.28584,5.42155,5.15623,5.35676,111098182.41019,0
F.US,D,20060915,000000,4.9972,5.00296,4.56712,4.72607,323465503.81186,0
F.US,D,20060918,000000,4.69655,4.71413,4.48456,4.60806,123674757.55522,0
F.US,D,20060919,000000,4.65552,4.66745,4.4903,4.51382,77369010.447202,0
F.US,D,20060920,000000,4.54376,4.61424,4.50798,4.56712,51830320.573423,0
F.US,D,20060921,000000,4.60806,4.68505,4.55528,4.57296,45947856.759262,0
F.US,D,20060922,000000,4.60258,4.7204,4.59648,4.71413,54117292.263951,0
F.US,D,20060925,000000,4.71413,4.83816,4.69655,4.80271,55660832.890841,0
F.US,D,20060926,000000,4.83816,4.95574,4.80864,4.95574,56003616.438772,0
F.US,D,20060927,000000,5.00896,5.02081,4.69655,4.71413,105668122.88238,0
F.US,D,20060928,000000,4.76152,4.85603,4.73793,4.80864,57002783.978514,0
F.US,D,20060929,000000,4.86168,4.86168,4.73793,4.76744,49789911.554827,0
F.US,D,20061002,000000,4.77329,4.84409,4.74375,4.79105,26300284.16474,0
F.US,D,20061003,000000,4.80864,4.92065,4.76152,4.84992,56436337.202754,0
F.US,D,20061004,000000,4.78504,5.06784,4.77922,5.04433,95622886.495125,0
F.US,D,20061005,000000,4.9972,5.02081,4.8677,4.90899,45082919.733968,0
F.US,D,20061006,000000,4.91473,4.9675,4.8677,4.89697,49190885.89695,0
F.US,D,20061009,000000,4.89121,4.89697,4.81474,4.82624,27883530.056768,0
F.US,D,20061010,000000,4.84992,4.88502,4.77922,4.82624,39239999.427362,0
F.US,D,20061011,000000,4.81474,4.91473,4.77922,4.87362,42936628.500108,0
F.US,D,20061012,000000,4.89121,4.90899,4.81474,4.84992,29719963.894593,0
F.US,D,20061013,000000,4.84992,4.85603,4.79105,4.81474,33787888.83438,0
F.US,D,20061016,000000,4.81474,4.82047,4.76152,4.76152,21771475.673982,0
F.US,D,20061017,000000,4.7084,4.73191,4.626,4.73191,48615795.836642,0
F.US,D,20061018,000000,4.73191,4.80271,4.72607,4.74375,37780459.62635,0
F.US,D,20061019,000000,4.7204,4.7556,4.69655,4.73191,20787073.321154,0
F.US,D,20061020,000000,4.7556,4.7556,4.6732,4.7204,44107688.922969,0
F.US,D,20061023,000000,4.6321,4.73191,4.60258,4.65552,61234959.604011,0
F.US,D,20061024,000000,4.72607,4.89697,4.68505,4.89121,64498188.078457,0
F.US,D,20061025,000000,4.9323,5.09737,4.90304,5.00296,72074881.585217,0
F.US,D,20061026,000000,5.0619,5.1093,4.97942,4.9972,46537373.786082,0
F.US,D,20061027,000000,5.00296,5.00296,4.87362,4.88502,31123341.010379,0
F.US,D,20061030,000000,4.89121,4.89121,4.76152,4.86168,33243166.215111,0
F.US,D,20061031,000000,4.89121,4.97942,4.80271,4.87936,24414128.534534,0
F.US,D,20061101,000000,4.90899,5.02081,4.90304,5.02081,41813587.455907,0
F.US,D,20061102,000000,5.02081,5.05617,4.87936,5.04433,38050272.405677,0
F.US,D,20061103,000000,5.05617,5.05617,4.9323,4.93824,21268153.946541,0
F.US,D,20061106,000000,4.97359,5.12106,4.97359,5.10329,27237504.206119,0
F.US,D,20061107,000000,5.10329,5.17985,5.06784,5.14475,31299654.513315,0
F.US,D,20061108,000000,5.14475,5.17985,5.0619,5.08552,29428609.077453,0
F.US,D,20061109,000000,5.09145,5.1093,5.03858,5.04433,15241118.44435,0
F.US,D,20061110,000000,5.07968,5.09145,5.03257,5.05617,11287911.303601,0
F.US,D,20061113,000000,5.06784,5.24465,5.02081,5.22698,30070894.142604,0
F.US,D,20061114,000000,5.24465,5.26816,5.11513,5.18585,44828722.78283,0
F.US,D,20061115,000000,5.17985,5.32131,5.17409,5.30361,42439592.694959,0
F.US,D,20061116,000000,5.33324,5.41563,5.27428,5.32131,44504437.28911,0
F.US,D,20061117,000000,5.29777,5.32131,5.22698,5.23891,29004872.080765,0
F.US,D,20061120,000000,5.23891,5.26816,5.10329,5.1093,25846688.75437,0
F.US,D,20061121,000000,5.07968,5.11513,5.01489,5.04433,30928021.557046,0
F.US,D,20061122,000000,5.05026,5.14475,5.00296,5.07377,24956977.933123,0
F.US,D,20061124,000000,5.04433,5.09737,5.02081,5.02081,10693136.589753,0
F.US,D,20061127,000000,5.03858,5.03858,4.79688,4.80864,62783760.180272,0
F.US,D,20061128,000000,4.80864,4.83816,4.71413,4.80271,60816661.281854,0
F.US,D,20061129,000000,4.9323,4.93824,4.77329,4.81474,51804011.77719,0
F.US,D,20061130,000000,4.82624,4.90304,4.79105,4.79105,39267492.560584,0
F.US,D,20061201,000000,4.77329,4.80271,4.68505,4.73793,58147541.261001,0
F.US,D,20061204,000000,4.69655,4.7556,4.64378,4.64969,62796834.265184,0
F.US,D,20061205,000000,4.53759,4.61424,4.37264,4.52576,193106644.66598,0
F.US,D,20061206,000000,4.50205,4.50798,4.29005,4.33727,314076451.19899,0
F.US,D,20061207,000000,4.31368,4.36087,4.21323,4.21926,572941624.37146,0
F.US,D,20061208,000000,4.21323,4.26637,4.11324,4.26053,331923243.36305,0
F.US,D,20061211,000000,4.28414,4.31368,4.22517,4.26637,125134976.05938,0
F.US,D,20061212,000000,4.26053,4.29616,4.17248,4.17813,191867535.20348,0
F.US,D,20061213,000000,4.20167,4.22517,4.0366,4.05438,285210403.3218,0
F.US,D,20061214,000000,4.07772,4.19009,4.0366,4.19009,191562246.61077,0
F.US,D,20061215,000000,4.21323,4.25478,4.14871,4.17248,141906739.77087,0
F.US,D,20061218,000000,4.19573,4.19573,4.11324,4.14271,90183156.578675,0
F.US,D,20061219,000000,4.19573,4.24304,4.17248,4.2312,159946468.00906,0
F.US,D,20061220,000000,4.25478,4.32542,4.24304,4.3195,150123690.15155,0
F.US,D,20061221,000000,4.33136,4.37264,4.28414,4.30774,100931102.97205,0
F.US,D,20061222,000000,4.3195,4.40197,4.27812,4.37264,89249499.728806,0
F.US,D,20061226,000000,4.39012,4.46087,4.34311,4.41384,54382527.190566,0
F.US,D,20061227,000000,4.47871,4.50798,4.43151,4.4668,77063049.938388,0
F.US,D,20061228,000000,4.50205,4.50205,4.40197,4.41955,50710506.762675,0
F.US,D,20061229,000000,4.40197,4.46087,4.39012,4.4256,56906392.295556,0
F.US,D,20070103,000000,4.45494,4.51972,4.3843,4.4256,133468503.88571,0
F.US,D,20070104,000000,4.45494,4.54963,4.37837,4.53759,107677140.74936,0
F.US,D,20070105,000000,4.54963,4.56712,4.46087,4.4903,68820479.645167,0
F.US,D,20070108,000000,4.49631,4.56712,4.4903,4.55528,83017458.548234,0
F.US,D,20070109,000000,4.56712,4.6321,4.55528,4.59045,92646613.710269,0
F.US,D,20070110,000000,4.59045,4.59045,4.51972,4.55528,71771811.220627,0
F.US,D,20070111,000000,4.55528,4.59648,4.52576,4.57879,66457483.021883,0
F.US,D,20070112,000000,4.57879,4.66745,4.57296,4.64969,94327439.015757,0
F.US,D,20070116,000000,4.64969,4.7204,4.63785,4.67897,113185426.47046,0
F.US,D,20070117,000000,4.69655,4.77329,4.69655,4.73793,107374062.46657,0
F.US,D,20070118,000000,4.7495,4.85603,4.7495,4.82047,131179163.52121,0
F.US,D,20070119,000000,4.85603,4.90304,4.81474,4.89121,111767797.71981,0
F.US,D,20070122,000000,4.90899,4.9675,4.86168,4.95574,90870086.736684,0
F.US,D,20070123,000000,4.94442,5.07968,4.85603,4.89121,196417381.22938,0
F.US,D,20070124,000000,4.89697,4.92065,4.77922,4.83223,129160477.52793,0
F.US,D,20070125,000000,4.71413,5.02081,4.71413,4.84409,168652126.50729,0
F.US,D,20070126,000000,4.80271,4.9972,4.79688,4.96176,92289408.851684,0
F.US,D,20070129,000000,4.97359,5.01489,4.92065,4.9323,94673948.643954,0
F.US,D,20070130,000000,4.93824,4.96176,4.82624,4.83223,48809585.945555,0
F.US,D,20070131,000000,4.81474,4.83223,4.73793,4.79105,110244109.1599,0
F.US,D,20070201,000000,4.81474,4.89121,4.79105,4.88502,47380251.828001,0
F.US,D,20070202,000000,4.88502,4.88502,4.80864,4.84992,41965465.38329,0
F.US,D,20070205,000000,4.83223,4.93824,4.82624,4.90899,46475436.468266,0
F.US,D,20070206,000000,4.90899,5.03858,4.89121,5.03257,75931022.864551,0
F.US,D,20070207,000000,5.03257,5.09145,4.98554,5.04433,55308204.753796,0
F.US,D,20070208,000000,5.00896,5.05026,5.00296,5.03858,40420739.28824,0
F.US,D,20070209,000000,5.19753,5.28584,5.12106,5.14475,184179349.99996,0
F.US,D,20070212,000000,5.13855,5.15623,5.00896,5.09737,57145113.683822,0
F.US,D,20070213,000000,5.00896,5.00896,4.92658,4.97942,101293792.88322,0
F.US,D,20070214,000000,4.97942,5.09737,4.97359,5.01489,107703913.32607,0
F.US,D,20070215,000000,5.03858,5.09145,5.01489,5.06784,42407347.508553,0
F.US,D,20070216,000000,5.03257,5.15042,5.01489,5.02683,54605161.051957,0
F.US,D,20070220,000000,5.04433,5.12106,5.03257,5.09737,46718098.85946,0
F.US,D,20070221,000000,5.1093,5.11513,4.95574,4.99145,61680577.990086,0
F.US,D,20070222,000000,4.9972,5.02683,4.90304,4.92065,45650892.460631,0
F.US,D,20070223,000000,4.92065,4.92658,4.83816,4.89121,51530978.551443,0
F.US,D,20070226,000000,4.89697,4.91473,4.80271,4.8677,48127664.616753,0
F.US,D,20070227,000000,4.78504,4.80864,4.47871,4.58481,153744292.02919,0
F.US,D,20070228,000000,4.65552,4.71413,4.56712,4.66127,103081300.14251,0
F.US,D,20070301,000000,4.66127,4.68505,4.50205,4.57879,104667508.57376,0
F.US,D,20070302,000000,4.56712,4.57879,4.47271,4.47271,78425363.251574,0
F.US,D,20070305,000000,4.43151,4.50798,4.39012,4.4668,100949147.42633,0
F.US,D,20070306,000000,4.51972,4.53759,4.40799,4.50205,156836061.99053,0
F.US,D,20070307,000000,4.54376,4.54376,4.48456,4.4903,75951383.958893,0
F.US,D,20070308,000000,4.60258,4.71413,4.56712,4.6732,155175441.67766,0
F.US,D,20070309,000000,4.74375,4.79105,4.66127,4.6732,73878823.641159,0
F.US,D,20070312,000000,4.68505,4.7204,4.60806,4.60806,66845605.071053,0
F.US,D,20070313,000000,4.62018,4.63785,4.48456,4.50205,70387089.391946,0
F.US,D,20070314,000000,4.48456,4.49631,4.3843,4.4256,117866664.90049,0
F.US,D,20070315,000000,4.44936,4.51382,4.4256,4.47271,66453009.236988,0
F.US,D,20070316,000000,4.49631,4.50798,4.43151,4.44936,47148457.736497,0
F.US,D,20070319,000000,4.4668,4.60806,4.46087,4.60806,76295608.619835,0
F.US,D,20070320,000000,4.57879,4.65552,4.53759,4.64378,57788766.335809,0
F.US,D,20070321,000000,4.66127,4.73793,4.62018,4.7204,60745416.68158,0
F.US,D,20070322,000000,4.73191,4.77329,4.71413,4.76152,73943148.862873,0
F.US,D,20070323,000000,4.7495,4.84992,4.54376,4.64969,75210309.126339,0
F.US,D,20070326,000000,4.67897,4.7495,4.59648,4.63785,46319820.017728,0
F.US,D,20070327,000000,4.64378,4.65552,4.59648,4.626,41691914.080808,0
F.US,D,20070328,000000,4.62018,4.73793,4.59648,4.70247,86389017.093954,0
F.US,D,20070329,000000,4.72607,4.73191,4.64378,4.68505,86428595.667839,0
F.US,D,20070330,000000,4.69655,4.72607,4.64378,4.64969,54624842.311983,0
F.US,D,20070402,000000,4.65552,4.77329,4.63785,4.76744,74912574.49964,0
F.US,D,20070403,000000,4.76744,4.82624,4.74375,4.76152,75319792.992959,0
F.US,D,20070404,000000,4.76152,4.81474,4.73191,4.73793,50079066.242606,0
F.US,D,20070405,000000,4.72607,4.7556,4.64969,4.7204,71495037.209381,0
F.US,D,20070409,000000,4.74375,4.79105,4.73793,4.76152,30350895.387304,0
F.US,D,20070410,000000,4.76744,4.83816,4.76744,4.82624,47236522.863042,0
F.US,D,20070411,000000,4.79688,4.82047,4.74375,4.79105,49728889.355085,0
F.US,D,20070412,000000,4.77922,4.80864,4.7495,4.76744,47400431.934836,0
F.US,D,20070413,000000,4.77922,4.77922,4.70247,4.72607,61896181.618071,0
F.US,D,20070416,000000,4.74375,4.76152,4.7084,4.73191,33781101.802933,0
F.US,D,20070417,000000,4.71413,4.73191,4.60806,4.626,77110373.646326,0
F.US,D,20070418,000000,4.626,4.64969,4.59045,4.60806,44344933.000724,0
F.US,D,20070419,000000,4.60806,4.6321,4.53176,4.56138,49553796.386637,0
F.US,D,20070420,000000,4.60258,4.63785,4.51972,4.56712,76991821.174521,0
F.US,D,20070423,000000,4.55528,4.6732,4.55528,4.61424,42350191.654392,0
F.US,D,20070424,000000,4.62018,4.626,4.54963,4.60806,45813851.348023,0
F.US,D,20070425,000000,4.59648,4.66127,4.59648,4.64378,43916101.205761,0
F.US,D,20070426,000000,4.9323,4.93824,4.80271,4.83223,148585685.47997,0
F.US,D,20070427,000000,4.83223,4.84992,4.7084,4.74375,64443576.229917,0
F.US,D,20070430,000000,4.7495,4.84992,4.73793,4.73793,46625967.169907,0
F.US,D,20070501,000000,4.73793,4.77329,4.69071,4.74375,46837575.498713,0
F.US,D,20070502,000000,4.76152,4.83223,4.7556,4.81474,45598599.514503,0
F.US,D,20070503,000000,4.78504,4.84992,4.78504,4.82624,33792889.745384,0
F.US,D,20070504,000000,4.82624,4.84409,4.77922,4.84409,38360049.488507,0
F.US,D,20070507,000000,4.82624,4.84409,4.80271,4.80864,21161737.818137,0
F.US,D,20070508,000000,4.80271,4.95009,4.80271,4.9323,102009030.61822,0
F.US,D,20070509,000000,4.9323,4.9972,4.89121,4.92065,106516909.03517,0
F.US,D,20070510,000000,4.92658,4.96176,4.83223,4.85603,45309763.817202,0
F.US,D,20070511,000000,4.8677,4.96176,4.8677,4.9323,43029197.953188,0
F.US,D,20070514,000000,5.03858,5.28584,5.02081,5.13283,138424985.8514,0
F.US,D,20070515,000000,5.13855,5.29186,5.13283,5.25057,113343082.42394,0
F.US,D,20070516,000000,5.26252,5.27428,5.14475,5.16216,53908260.744752,0
F.US,D,20070517,000000,5.17409,5.22698,5.12106,5.16216,43386039.705589,0
F.US,D,20070518,000000,5.22122,5.22122,5.11513,5.12106,26111371.669094,0
F.US,D,20070521,000000,5.14475,5.26252,5.11513,5.17409,60788935.12722,0
F.US,D,20070522,000000,5.17409,5.20336,5.1093,5.11513,46130491.250819,0
F.US,D,20070523,000000,5.11513,5.19753,5.11513,5.16216,57157953.616149,0
F.US,D,20070524,000000,5.16809,5.19753,4.9972,5.00296,85434621.338327,0
F.US,D,20070525,000000,5.04433,5.0619,4.95574,4.97942,51652236.78645,0
F.US,D,20070529,000000,5.02683,5.0619,4.93824,4.95009,44740519.653314,0
F.US,D,20070530,000000,4.92065,5.03257,4.90304,5.00896,55256159.534315,0
F.US,D,20070531,000000,5.03257,5.03858,4.8677,4.91473,55083943.136029,0
F.US,D,20070601,000000,4.9323,4.97359,4.87362,4.92065,60983038.570752,0
F.US,D,20070604,000000,4.91473,4.95009,4.84992,4.87362,34749104.42544,0
F.US,D,20070605,000000,4.87936,4.94442,4.87362,4.89697,101673006.95361,0
F.US,D,20070606,000000,4.89697,4.90304,4.83223,4.8677,60007224.075048,0
F.US,D,20070607,000000,4.87936,4.92658,4.74375,4.7495,69626781.243444,0
F.US,D,20070608,000000,4.7495,4.89121,4.7495,4.85603,55313947.713572,0
F.US,D,20070611,000000,4.94442,4.96176,4.89121,4.95009,43215367.356959,0
F.US,D,20070612,000000,4.94442,5.00296,4.90304,4.90304,52894312.181689,0
F.US,D,20070613,000000,4.94442,5.0619,4.92658,5.04433,60455386.466745,0
F.US,D,20070614,000000,5.05617,5.12707,5.05617,5.10329,65339360.313138,0
F.US,D,20070615,000000,5.16216,5.28584,5.11513,5.2564,100946398.67859,0
F.US,D,20070618,000000,5.2564,5.26252,5.14475,5.2152,68500055.972339,0
F.US,D,20070619,000000,5.17409,5.17985,5.09145,5.09737,59405904.400541,0
F.US,D,20070620,000000,5.13283,5.2328,5.08552,5.22122,82358263.594232,0
F.US,D,20070621,000000,5.22122,5.25057,5.17985,5.25057,66969918.601385,0
F.US,D,20070622,000000,5.18585,5.43931,5.17409,5.38017,136832951.88482,0
F.US,D,20070625,000000,5.44515,5.56891,5.29186,5.32131,93988145.133163,0
F.US,D,20070626,000000,5.35676,5.39185,5.27428,5.28011,56948497.907483,0
F.US,D,20070627,000000,5.28584,5.49228,5.22122,5.4684,85633105.810657,0
F.US,D,20070628,000000,5.50394,5.68667,5.49228,5.59243,119058776.43255,0
F.US,D,20070629,000000,5.65731,5.71618,5.49802,5.55114,85375462.178717,0
F.US,D,20070702,000000,5.63955,5.68066,5.55707,5.68066,44009129.914636,0
F.US,D,20070703,000000,5.58667,5.58667,5.457,5.55114,142845078.54127,0
F.US,D,20070705,000000,5.51579,5.51579,5.33888,5.39185,105038506.9426,0
F.US,D,20070706,000000,5.42155,5.43931,5.35081,5.36869,65675777.625572,0
F.US,D,20070709,000000,5.39785,5.44515,5.34481,5.35081,89980513.91841,0
F.US,D,20070710,000000,5.39185,5.4805,5.35081,5.35676,92518566.181469,0
F.US,D,20070711,000000,5.36259,5.38618,5.19161,5.24465,117934845.15606,0
F.US,D,20070712,000000,5.26252,5.33324,5.22698,5.28011,80929577.638181,0
F.US,D,20070713,000000,5.29186,5.30972,5.20946,5.28584,64005895.277119,0
F.US,D,20070716,000000,5.30972,5.3274,5.20946,5.22122,48928713.05269,0
F.US,D,20070717,000000,5.2328,5.26252,5.13283,5.14475,56214205.581689,0
F.US,D,20070718,000000,5.11513,5.12106,5.01489,5.08552,83580338.738968,0
F.US,D,20070719,000000,5.15623,5.15623,5.03858,5.08552,61801233.310468,0
F.US,D,20070720,000000,5.07968,5.08552,4.91473,4.95009,92508988.548925,0
F.US,D,20070723,000000,4.95009,5.02683,4.92065,4.98554,59633555.009345,0
F.US,D,20070724,000000,4.95009,4.96176,4.8677,4.8677,68565369.838301,0
F.US,D,20070725,000000,4.90304,4.90304,4.68505,4.69655,206145967.53329,0
F.US,D,20070726,000000,4.77922,4.90899,4.65552,4.76744,277746446.93206,0
F.US,D,20070727,000000,4.82047,4.9323,4.76152,4.84992,175736204.82872,0
F.US,D,20070730,000000,4.90899,5.15623,4.86168,5.15042,151944676.70581,0
F.US,D,20070731,000000,5.2564,5.28584,5.01489,5.01489,157231171.28858,0
F.US,D,20070801,000000,4.9972,5.03858,4.89121,4.9675,85200671.233168,0
F.US,D,20070802,000000,4.97942,5.01489,4.87936,4.95009,63008438.069302,0
F.US,D,20070803,000000,4.95009,5.00296,4.7495,4.7495,71063840.133958,0
F.US,D,20070806,000000,4.78504,4.89697,4.7204,4.82624,71189753.141368,0
F.US,D,20070807,000000,4.80864,4.92065,4.76152,4.89121,65066141.575198,0
F.US,D,20070808,000000,4.95009,5.22698,4.9323,5.22698,152129138.03999,0
F.US,D,20070809,000000,5.0619,5.13855,4.91473,4.93824,96972640.406617,0
F.US,D,20070810,000000,4.91473,4.95009,4.79688,4.84992,72906554.238215,0
F.US,D,20070813,000000,4.93824,4.9675,4.87362,4.9323,54943025.133262,0
F.US,D,20070814,000000,4.95009,4.97942,4.74375,4.7556,78596075.191223,0
F.US,D,20070815,000000,4.77922,4.8677,4.7084,4.71413,79170987.657541,0
F.US,D,20070816,000000,4.66745,4.7204,4.41384,4.53759,134457306.49727,0
F.US,D,20070817,000000,4.66745,4.70247,4.4668,4.61424,78144513.627943,0
F.US,D,20070820,000000,4.64969,4.71413,4.59648,4.71413,49615973.512897,0
F.US,D,20070821,000000,4.69655,4.71413,4.65552,4.66745,36684910.584199,0
F.US,D,20070822,000000,4.71413,4.71413,4.58481,4.626,89191295.278287,0
F.US,D,20070823,000000,4.64378,4.66127,4.50798,4.56712,66257073.294965,0
F.US,D,20070824,000000,4.55528,4.66745,4.48456,4.65552,54773160.441371,0
F.US,D,20070827,000000,4.66127,4.66127,4.59648,4.59648,26156272.406805,0
F.US,D,20070828,000000,4.56712,4.59648,4.4256,4.4256,54662013.752047,0
F.US,D,20070829,000000,4.47871,4.57879,4.43743,4.54963,50915661.755748,0
F.US,D,20070830,000000,4.49631,4.57879,4.4668,4.51972,48088554.348038,0
F.US,D,20070831,000000,4.59648,4.63785,4.52576,4.60258,53726991.577687,0
F.US,D,20070904,000000,4.58481,4.73191,4.57296,4.7084,56816794.431077,0
F.US,D,20070905,000000,4.65552,4.69655,4.55528,4.57879,36044481.772148,0
F.US,D,20070906,000000,4.59648,4.61424,4.50205,4.58481,49551658.471731,0
F.US,D,20070907,000000,4.50798,4.53759,4.41955,4.43151,75041148.023376,0
F.US,D,20070910,000000,4.47871,4.4903,4.41955,4.43151,56576505.238547,0
F.US,D,20070911,000000,4.44936,4.53759,4.43743,4.4668,65326984.161294,0
F.US,D,20070912,000000,4.44936,4.51972,4.41955,4.41955,66661057.7678,0
F.US,D,20070913,000000,4.50205,4.69071,4.4903,4.66745,114957288.49109,0
F.US,D,20070914,000000,4.61424,4.76744,4.56712,4.73191,71230988.882097,0
F.US,D,20070917,000000,4.76744,4.93824,4.76744,4.87936,91832426.712622,0
F.US,D,20070918,000000,4.92658,5.00296,4.82047,4.96176,78494416.771862,0
F.US,D,20070919,000000,4.97942,5.02081,4.87936,4.95009,90469013.900341,0
F.US,D,20070920,000000,4.95009,4.95009,4.80864,4.86168,54267398.776126,0
F.US,D,20070921,000000,4.91473,4.91473,4.82047,4.84992,58173087.647369,0
F.US,D,20070924,000000,4.99145,5.07377,4.92658,4.9972,97491348.334349,0
F.US,D,20070925,000000,4.95009,4.96176,4.86168,4.91473,44192946.480839,0
F.US,D,20070926,000000,5.11513,5.30361,5.02683,5.2328,154875032.96057,0
F.US,D,20070927,000000,5.24465,5.26252,5.07377,5.08552,87402147.819726,0
F.US,D,20070928,000000,5.08552,5.14475,4.9972,5.00296,74479353.757675,0
F.US,D,20071001,000000,5.04433,5.05617,4.82624,4.84992,92510523.549204,0
F.US,D,20071002,000000,4.94442,5.06784,4.9323,5.05026,89985254.659875,0
F.US,D,20071003,000000,5.03257,5.06784,4.93824,4.9675,78398548.821497,0
F.US,D,20071004,000000,4.99145,5.01489,4.84992,4.8677,81241950.76054,0
F.US,D,20071005,000000,4.93824,4.95009,4.85603,4.9323,63816543.886773,0
F.US,D,20071008,000000,4.94442,4.94442,4.81474,4.82624,55901462.566116,0
F.US,D,20071009,000000,4.84409,4.90304,4.79105,4.90304,76291449.300729,0
F.US,D,20071010,000000,4.89697,4.92065,4.82624,4.84992,60382886.265653,0
F.US,D,20071011,000000,4.90304,5.19161,4.89697,5.16216,156670656.3783,0
F.US,D,20071012,000000,5.19161,5.44515,5.19161,5.42155,156222007.58269,0
F.US,D,20071015,000000,5.42155,5.42155,5.28011,5.29777,85358149.592666,0
F.US,D,20071016,000000,5.24465,5.37443,5.15623,5.17409,84971869.091362,0
F.US,D,20071017,000000,5.2564,5.27428,5.05026,5.12106,69072870.114769,0
F.US,D,20071018,000000,5.1093,5.20946,5.09145,5.16216,50793314.202192,0
F.US,D,20071019,000000,5.14475,5.15623,4.91473,4.9323,95381472.917719,0
F.US,D,20071022,000000,4.8677,5.02081,4.86168,4.91473,76183526.451343,0
F.US,D,20071023,000000,4.9972,5.09737,4.95574,5.09737,57155560.05639,0
F.US,D,20071024,000000,5.05026,5.07377,4.95009,5.0619,60711458.900906,0
F.US,D,20071025,000000,5.0619,5.13855,4.9972,5.06784,62863623.179312,0
F.US,D,20071026,000000,5.06784,5.12707,4.97942,5.1093,58469280.486758,0
F.US,D,20071029,000000,5.12707,5.20946,5.09145,5.16809,71006822.28277,0
F.US,D,20071030,000000,5.16809,5.2328,5.11513,5.18585,46392117.739048,0
F.US,D,20071031,000000,5.19753,5.2328,5.12707,5.22698,88238795.366776,0
F.US,D,20071101,000000,5.16809,5.19753,5.00296,5.00896,69022236.597827,0
F.US,D,20071102,000000,5.09737,5.28011,5.02081,5.27428,92739943.310872,0
F.US,D,20071105,000000,5.29777,5.29777,5.02081,5.1093,78046066.605628,0
F.US,D,20071106,000000,5.15623,5.15623,5.00896,5.08552,50315821.654096,0
F.US,D,20071107,000000,5.00896,5.06784,4.85603,4.85603,85208830.37614,0
F.US,D,20071108,000000,5.03858,5.08552,4.77329,4.9972,123557381.5022,0
F.US,D,20071109,000000,4.94442,5.00896,4.83223,4.83223,84375940.582168,0
F.US,D,20071112,000000,4.88502,4.88502,4.56138,4.63785,118800853.40115,0
F.US,D,20071113,000000,4.7556,4.7556,4.63785,4.71413,82097716.244004,0
F.US,D,20071114,000000,4.7556,4.80271,4.6321,4.70247,84706530.096932,0
F.US,D,20071115,000000,4.70247,4.74375,4.56712,4.58481,71312277.157741,0
F.US,D,20071116,000000,4.67897,4.67897,4.4903,4.53759,75681218.253932,0
F.US,D,20071119,000000,4.50798,4.51382,4.3195,4.32542,84023192.540901,0
F.US,D,20071120,000000,4.39633,4.39633,4.13094,4.26637,108111019.83337,0
F.US,D,20071121,000000,4.15445,4.21323,4.04854,4.09557,126311958.16718,0
F.US,D,20071123,000000,4.19573,4.26053,4.13694,4.23711,44821424.461681,0
F.US,D,20071126,000000,4.29005,4.29005,4.12492,4.14271,59874977.636126,0
F.US,D,20071127,000000,4.19009,4.19009,4.07187,4.16629,60169245.220928,0
F.US,D,20071128,000000,4.20739,4.35495,4.19009,4.33727,77532997.569859,0
F.US,D,20071129,000000,4.33727,4.34884,4.26637,4.29616,57508564.873681,0
F.US,D,20071130,000000,4.36662,4.46087,4.34884,4.4256,75546460.613376,0
F.US,D,20071203,000000,4.43151,4.43151,4.26053,4.27247,59253908.831281,0
F.US,D,20071204,000000,4.24304,4.26637,4.08372,4.10751,94032617.15672,0
F.US,D,20071205,000000,4.20167,4.23711,4.10751,4.11324,102645976.55197,0
F.US,D,20071206,000000,4.14871,4.17248,4.10751,4.16038,73489433.548279,0
F.US,D,20071207,000000,4.15445,4.23711,4.13694,4.16038,55344726.901185,0
F.US,D,20071210,000000,4.18397,4.40197,4.14871,4.20739,78205688.535893,0
F.US,D,20071211,000000,4.20739,4.31368,4.08966,4.10751,87559723.460008,0
F.US,D,20071212,000000,4.18397,4.21926,4.08966,4.16038,87118134.30827,0
F.US,D,20071213,000000,4.12492,4.15445,4.06631,4.11918,88761928.439011,0
F.US,D,20071214,000000,4.07772,4.10158,4.04262,4.06032,66699326.444615,0
F.US,D,20071217,000000,4.05438,4.08372,3.97793,4.00726,55392083.413109,0
F.US,D,20071218,000000,4.0366,4.06032,3.95387,4.01327,74484059.432811,0
F.US,D,20071219,000000,4.00726,4.03086,3.93653,3.98373,51170199.189629,0
F.US,D,20071220,000000,3.98373,4.03086,3.93653,4.00142,49892187.59405,0
F.US,D,20071221,000000,4.00726,4.0366,3.95988,4.00142,65457844.914629,0
F.US,D,20071224,000000,4.00142,4.00142,3.95387,3.97793,20537617.111482,0
F.US,D,20071226,000000,3.95387,4.07772,3.93653,4.06032,47642052.516703,0
F.US,D,20071227,000000,4.04854,4.08966,4.00726,4.03086,41899640.227626,0
F.US,D,20071228,000000,4.0366,4.04854,3.93653,3.94814,40779535.705698,0
F.US,D,20071231,000000,3.93053,3.97793,3.91894,3.96599,43631723.45695,0
F.US,D,20080102,000000,3.96599,3.98966,3.83611,3.88924,56400128.389983,0
F.US,D,20080103,000000,3.92496,3.92496,3.77725,3.80084,80070263.668441,0
F.US,D,20080104,000000,3.7599,3.7599,3.5357,3.61218,98016887.409233,0
F.US,D,20080107,000000,3.65948,3.7127,3.5947,3.62995,79768428.543576,0
F.US,D,20080108,000000,3.68309,3.74204,3.58867,3.5947,81354642.63069,0
F.US,D,20080109,000000,3.60087,3.6181,3.39443,3.57683,131954655.39023,0
F.US,D,20080110,000000,3.5357,3.7127,3.44165,3.68309,104599666.53859,0
F.US,D,20080111,000000,3.64198,3.67717,3.56532,3.57089,56834479.172685,0
F.US,D,20080114,000000,3.60671,3.65948,3.58867,3.64198,50420513.876513,0
F.US,D,20080115,000000,3.60671,3.60671,3.48268,3.51813,72395565.427583,0
F.US,D,20080116,000000,3.54748,3.54748,3.42388,3.45323,109510881.26687,0
F.US,D,20080117,000000,3.48868,3.48868,3.34688,3.39443,132147088.09286,0
F.US,D,20080118,000000,3.42388,3.5357,3.41788,3.48868,99939955.441137,0
F.US,D,20080122,000000,3.25884,3.55358,3.24106,3.49442,133133680.3945,0
F.US,D,20080123,000000,3.43564,3.71843,3.38268,3.7127,125596917.25609,0
F.US,D,20080124,000000,3.77149,3.77149,3.60087,3.68901,111211772.43083,0
F.US,D,20080125,000000,3.71843,3.94814,3.71843,3.87758,147453926.49388,0
F.US,D,20080128,000000,3.83064,3.99541,3.77725,3.93053,79260293.679667,0
F.US,D,20080129,000000,4.00726,4.00726,3.86599,3.94227,70041807.085271,0
F.US,D,20080130,000000,3.93053,4.08966,3.90693,3.97793,63031279.823638,0
F.US,D,20080131,000000,3.93653,3.97793,3.87758,3.91292,81613262.463987,0
F.US,D,20080201,000000,3.94227,4.06631,3.88924,4.0366,64273566.748023,0
F.US,D,20080204,000000,4.0366,4.08372,3.91894,3.93653,62489629.467271,0
F.US,D,20080205,000000,3.88924,3.90126,3.74204,3.78927,61356904.460367,0
F.US,D,20080206,000000,3.7479,3.78326,3.68309,3.71843,66783012.804704,0
F.US,D,20080207,000000,3.68901,3.7127,3.57683,3.63578,96497398.890619,0
F.US,D,20080208,000000,3.6181,3.64198,3.54156,3.58283,50591402.27898,0
F.US,D,20080211,000000,3.60087,3.83611,3.55967,3.76583,91203096.959332,0
F.US,D,20080212,000000,3.7479,3.96599,3.73622,3.80676,100504484.88051,0
F.US,D,20080213,000000,3.84203,3.90126,3.81853,3.87758,48970660.300548,0
F.US,D,20080214,000000,3.86599,3.88332,3.78927,3.80676,42261888.981748,0
F.US,D,20080215,000000,3.79491,3.81277,3.7479,3.80084,38535847.177055,0
F.US,D,20080219,000000,3.83064,3.87758,3.78326,3.81853,49277677.323926,0
F.US,D,20080220,000000,3.78927,3.80084,3.74204,3.77725,41740233.220025,0
F.US,D,20080221,000000,3.78326,3.79491,3.61218,3.67143,95806540.172572,0
F.US,D,20080222,000000,3.67717,3.68901,3.55967,3.68309,53103858.384107,0
F.US,D,20080225,000000,3.68901,3.83611,3.62995,3.80676,55944110.009386,0
F.US,D,20080226,000000,3.79491,3.85989,3.73038,3.84203,52884223.259443,0
F.US,D,20080227,000000,3.82454,3.88924,3.77149,3.88924,66323561.317366,0
F.US,D,20080228,000000,3.84814,3.93653,3.84203,3.90126,71408541.018273,0
F.US,D,20080229,000000,3.87182,3.90126,3.82454,3.84814,80495075.278443,0
F.US,D,20080303,000000,3.78326,3.78326,3.60671,3.64198,75273057.494414,0
F.US,D,20080304,000000,3.5947,3.64771,3.54748,3.61218,66168538.73208,0
F.US,D,20080305,000000,3.63578,3.67143,3.55967,3.60671,63444065.945088,0
F.US,D,20080306,000000,3.58283,3.60087,3.48268,3.50036,58609829.727483,0
F.US,D,20080307,000000,3.46491,3.54748,3.37092,3.4062,74317628.978833,0
F.US,D,20080310,000000,3.4474,3.5357,3.28826,3.29984,82508776.197122,0
F.US,D,20080311,000000,3.38268,3.49442,3.27652,3.47675,133056992.595,0
F.US,D,20080312,000000,3.4712,3.48268,3.33539,3.35889,102157099.88979,0
F.US,D,20080313,000000,3.32363,3.32363,3.01706,3.17634,213019853.75314,0
F.US,D,20080314,000000,3.2117,3.23539,3.09386,3.11721,136606784.24238,0
F.US,D,20080317,000000,2.95826,3.09978,2.91689,3.01131,118466664.49738,0
F.US,D,20080318,000000,3.1349,3.19412,2.964,3.11721,130330107.01834,0
F.US,D,20080319,000000,3.17634,3.26475,3.10554,3.2117,121299725.26284,0
F.US,D,20080320,000000,3.24698,3.37667,3.11721,3.31196,298353426.37377,0
F.US,D,20080324,000000,3.35325,3.54748,3.34688,3.5121,93674917.976012,0
F.US,D,20080325,000000,3.55358,3.5947,3.45323,3.5357,96062142.039219,0
F.US,D,20080326,000000,3.58867,3.58867,3.43564,3.45933,97266276.797496,0
F.US,D,20080327,000000,3.49442,3.5121,3.38852,3.43564,104723653.16024,0
F.US,D,20080328,000000,3.4712,3.47675,3.28826,3.2941,67333070.03069,0
F.US,D,20080331,000000,3.29984,3.39443,3.29984,3.37092,71769868.998462,0
F.US,D,20080401,000000,3.40028,3.52405,3.40028,3.51813,93821625.316604,0
F.US,D,20080402,000000,3.50627,3.73038,3.49442,3.61218,110691531.76517,0
F.US,D,20080403,000000,3.57683,3.80676,3.56532,3.80676,114903738.81297,0
F.US,D,20080404,000000,3.78927,3.84203,3.65375,3.82454,113459226.63076,0
F.US,D,20080407,000000,3.97793,4.04854,3.88924,3.96599,118904463.09205,0
F.US,D,20080408,000000,3.94227,4.13694,3.93053,4.07187,188519416.80203,0
F.US,D,20080409,000000,4.08966,4.12492,3.91894,3.95988,93663258.987158,0
F.US,D,20080410,000000,3.95988,4.01884,3.88924,3.97171,80541870.729101,0
F.US,D,20080411,000000,3.88332,3.99541,3.87182,3.94227,78742077.811715,0
F.US,D,20080414,000000,3.94227,4.02484,3.94227,3.99541,67083996.157123,0
F.US,D,20080415,000000,4.02484,4.07187,3.93053,4.05438,76073827.662061,0
F.US,D,20080416,000000,4.09557,4.24868,4.07772,4.23711,107667005.44906,0
F.US,D,20080417,000000,4.20739,4.30774,4.17248,4.27812,109949056.54179,0
F.US,D,20080418,000000,4.31368,4.41955,4.30774,4.39012,161542027.83847,0
F.US,D,20080421,000000,4.41955,4.57879,4.39633,4.55528,127813870.53668,0
F.US,D,20080422,000000,4.53759,4.6321,4.43151,4.50798,107440998.43304,0
F.US,D,20080423,000000,4.53759,4.61424,4.33727,4.43151,142233436.92309,0
F.US,D,20080424,000000,4.72607,5.17985,4.60258,4.95009,410292566.09596,0
F.US,D,20080425,000000,4.83223,4.84992,4.41384,4.41955,385664423.22999,0
F.US,D,20080428,000000,4.80271,4.96176,4.77329,4.83816,289290370.71771,0
F.US,D,20080429,000000,4.84409,4.93824,4.76152,4.78504,106992471.80399,0
F.US,D,20080430,000000,4.83816,4.96176,4.81474,4.8677,112751973.83825,0
F.US,D,20080501,000000,4.87936,5.03257,4.84409,4.99145,107119319.1594,0
F.US,D,20080502,000000,5.03858,5.11513,4.80271,4.87362,127962732.75977,0
F.US,D,20080505,000000,4.87362,4.93824,4.80864,4.90899,65197220.644711,0
F.US,D,20080506,000000,4.89697,4.89697,4.82624,4.87362,64389592.181785,0
F.US,D,20080507,000000,4.87936,4.89697,4.80271,4.81474,49696166.814134,0
F.US,D,20080508,000000,4.74375,4.84409,4.65552,4.83223,82164273.267892,0
F.US,D,20080509,000000,4.83223,4.90899,4.74375,4.77329,69630740.345121,0
F.US,D,20080512,000000,4.81474,4.84409,4.78504,4.79105,48621594.223841,0
F.US,D,20080513,000000,4.80864,4.88502,4.80271,4.84992,64810785.172854,0
F.US,D,20080514,000000,4.86168,4.9323,4.77922,4.79688,61389559.131004,0
F.US,D,20080515,000000,4.82047,4.85603,4.77329,4.81474,72494071.270837,0
F.US,D,20080516,000000,4.83816,4.86168,4.73191,4.77922,70003282.763605,0
F.US,D,20080519,000000,4.78504,4.82047,4.71413,4.72607,61119325.555728,0
F.US,D,20080520,000000,4.72607,4.73191,4.63785,4.71413,73562439.383215,0
F.US,D,20080521,000000,4.73191,4.73191,4.57296,4.59648,73673789.683482,0
F.US,D,20080522,000000,4.41384,4.41384,4.14871,4.21926,181277952.8772,0
F.US,D,20080523,000000,4.11918,4.12492,3.96599,4.04854,113454675.92617,0
F.US,D,20080527,000000,4.00142,4.12492,3.88332,4.00726,120728736.83186,0
F.US,D,20080528,000000,4.08372,4.13694,3.94227,3.99541,86494064.504352,0
F.US,D,20080529,000000,4.00142,4.01884,3.94814,3.95387,48253334.422202,0
F.US,D,20080530,000000,4.05438,4.07772,3.94814,4.00726,94545476.925688,0
F.US,D,20080602,000000,4.0366,4.08372,3.88924,3.91292,88156085.208044,0
F.US,D,20080603,000000,3.94227,3.97793,3.88332,3.93653,95090063.804328,0
F.US,D,20080604,000000,3.91292,3.94227,3.78927,3.80676,95261594.712438,0
F.US,D,20080605,000000,3.81853,3.83064,3.68901,3.77149,82376412.116322,0
F.US,D,20080606,000000,3.74204,3.74204,3.51813,3.55967,109416172.76771,0
F.US,D,20080609,000000,3.6181,3.7479,3.57683,3.7479,86155812.431084,0
F.US,D,20080610,000000,3.67717,3.68309,3.54748,3.60671,58539371.291686,0
F.US,D,20080611,000000,3.61218,3.62421,3.51813,3.51813,72676826.797789,0
F.US,D,20080612,000000,3.56532,3.62421,3.48268,3.5357,55054506.64947,0
F.US,D,20080613,000000,3.6181,3.7127,3.5947,3.69493,100963023.51212,0
F.US,D,20080616,000000,3.68309,3.85989,3.65948,3.83064,108324274.0173,0
F.US,D,20080617,000000,3.88332,3.97793,3.84203,3.88924,95625712.162551,0
F.US,D,20080618,000000,3.83064,3.83611,3.58867,3.66539,164434573.54105,0
F.US,D,20080619,000000,3.66539,3.74204,3.61218,3.7242,67462750.971724,0
F.US,D,20080620,000000,3.67717,3.7066,3.38268,3.42388,165636933.49061,0
F.US,D,20080623,000000,3.4712,3.4712,3.11164,3.11164,138247321.72921,0
F.US,D,20080624,000000,3.11164,3.23539,3.09386,3.1349,186157665.59901,0
F.US,D,20080625,000000,3.15842,3.22337,3.07601,3.08804,68933827.595024,0
F.US,D,20080626,000000,3.04049,3.04049,2.91114,2.98785,139660741.38919,0
F.US,D,20080627,000000,2.98785,3.01706,2.88763,2.93476,92612789.407879,0
F.US,D,20080630,000000,2.93476,3.11164,2.62852,2.83451,129233132.69957,0
F.US,D,20080701,000000,2.76944,2.91689,2.599,2.77554,212884748.8428,0
F.US,D,20080702,000000,2.79304,2.83451,2.56928,2.56928,109024652.67813,0
F.US,D,20080703,000000,2.56928,2.66962,2.53383,2.60482,54409706.989168,0
F.US,D,20080707,000000,2.71092,2.7521,2.61074,2.63417,87068512.059014,0
F.US,D,20080708,000000,2.66962,2.92891,2.61648,2.88763,123675878.54659,0
F.US,D,20080709,000000,2.91689,3.04667,2.91689,2.91689,132606204.75331,0
F.US,D,20080710,000000,2.98205,2.98205,2.63417,2.69879,131064476.26382,0
F.US,D,20080711,000000,2.62259,2.98785,2.59288,2.86392,127127071.59462,0
F.US,D,20080714,000000,2.94076,2.94658,2.7286,2.74627,67533608.711206,0
F.US,D,20080715,000000,2.71092,2.90512,2.56336,2.74027,131539433.85566,0
F.US,D,20080716,000000,2.76944,3.25884,2.71092,3.23539,163772996.33901,0
F.US,D,20080717,000000,3.26475,3.31196,3.02306,3.23539,123390930.68713,0
F.US,D,20080718,000000,3.23539,3.26475,3.11164,3.20579,66405364.276228,0
F.US,D,20080721,000000,3.22337,3.28226,3.14674,3.22938,67934186.094254,0
F.US,D,20080722,000000,3.12913,3.48868,3.11164,3.44165,91892978.34485,0
F.US,D,20080723,000000,3.50627,3.73038,3.48268,3.55358,119565661.3515,0
F.US,D,20080724,000000,3.4062,3.4474,2.964,3.01131,166348808.25153,0
F.US,D,20080725,000000,3.07601,3.11164,2.92891,2.97602,112783333.31705,0
F.US,D,20080728,000000,2.97602,3.02881,2.71092,2.79903,142410119.18809,0
F.US,D,20080729,000000,2.84625,2.95826,2.78145,2.95826,96796728.469708,0
F.US,D,20080730,000000,3.01706,3.07027,2.80497,2.85217,98148482.293134,0
F.US,D,20080731,000000,2.79304,2.94658,2.79304,2.82849,72969134.061674,0
F.US,D,20080801,000000,2.82849,2.90512,2.71092,2.74027,92070609.663059,0
F.US,D,20080804,000000,2.7521,2.88763,2.74627,2.83451,52303659.458274,0
F.US,D,20080805,000000,2.91114,2.99945,2.87013,2.99945,104729278.47814,0
F.US,D,20080806,000000,2.99945,3.0053,2.88763,2.91114,100624722.79846,0
F.US,D,20080807,000000,2.89947,2.97602,2.84625,2.86392,62171105.032076,0
F.US,D,20080808,000000,2.89947,3.15842,2.85793,3.09978,75308669.048418,0
F.US,D,20080811,000000,3.08804,3.24106,3.01706,3.04049,69525257.43354,0
F.US,D,20080812,000000,3.08804,3.2117,3.04049,3.05859,63448631.354909,0
F.US,D,20080813,000000,3.09386,3.10554,2.84005,2.87589,114625199.04238,0
F.US,D,20080814,000000,2.91114,3.06444,2.90512,3.0053,64921908.107569,0
F.US,D,20080815,000000,3.06444,3.07601,2.97002,3.01131,55423887.44247,0
F.US,D,20080818,000000,3.01706,3.02306,2.87589,2.8817,61539456.376376,0
F.US,D,20080819,000000,2.88763,2.88763,2.76944,2.78145,66751298.137923,0
F.US,D,20080820,000000,2.82849,2.84625,2.66353,2.71684,83532311.442104,0
F.US,D,20080821,000000,2.67537,2.69879,2.59288,2.60482,102598289.73785,0
F.US,D,20080822,000000,2.66962,2.71092,2.56336,2.63417,94632729.870803,0
F.US,D,20080825,000000,2.62852,2.66353,2.50447,2.599,119150376.47131,0
F.US,D,20080826,000000,2.59288,2.61074,2.51634,2.56336,83609409.857,0
F.US,D,20080827,000000,2.56336,2.60482,2.49846,2.51024,121785931.22815,0
F.US,D,20080828,000000,2.53383,2.61648,2.50447,2.61074,89286025.269712,0
F.US,D,20080829,000000,2.58122,2.70499,2.56336,2.62852,63414942.793148,0
F.US,D,20080902,000000,2.7521,2.83451,2.62259,2.65751,90678944.701208,0
F.US,D,20080903,000000,2.68113,2.76379,2.64593,2.69306,142209268.30412,0
F.US,D,20080904,000000,2.67537,2.74027,2.58697,2.58697,148703630.51246,0
F.US,D,20080905,000000,2.57486,2.60482,2.51024,2.599,101850216.3447,0
F.US,D,20080908,000000,2.71684,2.76379,2.5456,2.68113,122648263.16453,0
F.US,D,20080909,000000,2.69879,2.7521,2.58697,2.59288,87668283.159179,0
F.US,D,20080910,000000,2.61648,2.65186,2.58122,2.63417,66734674.435564,0
F.US,D,20080911,000000,2.63417,2.79903,2.56928,2.75785,144052225.61033,0
F.US,D,20080912,000000,2.78145,2.94076,2.71092,2.89338,220661159.79928,0
F.US,D,20080915,000000,2.71684,2.98785,2.65186,2.79304,175965251.30367,0
F.US,D,20080916,000000,2.71092,3.05241,2.68113,2.98785,167649883.31114,0
F.US,D,20080917,000000,2.94658,2.97002,2.71092,2.91114,208475704.30896,0
F.US,D,20080918,000000,2.94076,3.15257,2.80497,3.11164,187265388.31324,0
F.US,D,20080919,000000,3.33539,3.35889,3.03463,3.11721,154980303.21184,0
F.US,D,20080922,000000,3.14674,3.14674,2.86392,2.91689,87029682.320934,0
F.US,D,20080923,000000,2.97602,2.97602,2.83451,2.86392,36281704.357637,0
F.US,D,20080924,000000,2.92299,2.964,2.83451,2.964,47595870.161219,0
F.US,D,20080925,000000,2.97602,3.06444,2.89947,2.93476,46575524.821018,0
F.US,D,20080926,000000,2.85793,2.94658,2.78145,2.83451,63059125.882495,0
F.US,D,20080929,000000,2.82849,2.88763,2.45727,2.45727,58252041.184194,0
F.US,D,20080930,000000,2.68113,3.06444,2.59288,3.06444,69556046.801701,0
F.US,D,20081001,000000,2.79903,2.91689,2.64593,2.68113,64555244.389491,0
F.US,D,20081002,000000,2.65751,2.71684,2.56336,2.56336,48635427.325104,0
F.US,D,20081003,000000,2.63417,2.63417,2.38655,2.38655,73023585.283804,0
F.US,D,20081006,000000,2.35118,2.36895,1.95637,2.17464,109998699.15214,0
F.US,D,20081007,000000,2.23335,2.29832,1.72068,1.72068,121667319.93539,0
F.US,D,20081008,000000,1.7443,3.22337,1.23758,1.56739,216945743.09231,0
F.US,D,20081009,000000,1.69692,1.76781,1.19612,1.22555,220896896.02488,0
F.US,D,20081010,000000,1.2198,1.50251,1.10771,1.17268,334068019.95773,0
F.US,D,20081013,000000,1.75606,1.75606,1.36133,1.40828,206807903.31682,0
F.US,D,20081014,000000,1.75041,1.75041,1.41419,1.44382,140303751.53554,0
F.US,D,20081015,000000,1.48484,1.50251,1.34966,1.35548,91696318.452807,0
F.US,D,20081016,000000,1.4615,1.4615,1.20787,1.33772,117543405.37968,0
F.US,D,20081017,000000,1.32578,1.49657,1.27301,1.43197,111379758.24618,0
F.US,D,20081020,000000,1.50251,1.53804,1.36725,1.373,76320560.009778,0
F.US,D,20081021,000000,1.30837,1.36133,1.25543,1.27893,87112712.601314,0
F.US,D,20081022,000000,1.2906,1.30237,1.2198,1.23758,74186647.190105,0
F.US,D,20081023,000000,1.27301,1.27301,1.13156,1.17852,121739192.33607,0
F.US,D,20081024,000000,1.08428,1.22555,1.06076,1.18452,111317798.30493,0
F.US,D,20081027,000000,1.20787,1.23155,1.14333,1.19612,60600142.535795,0
F.US,D,20081028,000000,1.29644,1.32005,1.22555,1.26719,99399182.874171,0
F.US,D,20081029,000000,1.2906,1.34365,1.23758,1.27301,131529385.6556,0
F.US,D,20081030,000000,1.33772,1.34365,1.24332,1.34365,110751158.09877,0
F.US,D,20081031,000000,1.30237,1.35548,1.27893,1.2906,109721281.50408,0
F.US,D,20081103,000000,1.32578,1.32578,1.24332,1.25543,79611239.764086,0
F.US,D,20081104,000000,1.30837,1.31411,1.25543,1.27301,107273638.15576,0
F.US,D,20081105,000000,1.31411,1.31411,1.21396,1.23155,87479560.700415,0
F.US,D,20081106,000000,1.24332,1.24925,1.10185,1.16693,153737913.35081,0
F.US,D,20081107,000000,1.19612,1.23758,1.08428,1.19009,159404922.85167,0
F.US,D,20081110,000000,1.22555,1.24925,1.11945,1.13722,98309043.096081,0
F.US,D,20081111,000000,1.17268,1.17852,1.01373,1.06076,122895397.07828,0
F.US,D,20081112,000000,1.17268,1.17852,1.07835,1.08428,84770743.332628,0
F.US,D,20081113,000000,1.08428,1.13722,1.02521,1.11945,79888779.578714,0
F.US,D,20081114,000000,1.09622,1.11354,1.05518,1.06076,60539727.775368,0
F.US,D,20081117,000000,1.09622,1.10771,1.01373,1.01373,66616563.120803,0
F.US,D,20081118,000000,1.03725,1.04307,0.919312,0.989841,87447192.216271,0
F.US,D,20081119,000000,0.972348,1.0077,0.712978,0.742504,216588310.86817,0
F.US,D,20081120,000000,0.772206,1.10185,0.595401,0.81915,337140772.65694,0
F.US,D,20081121,000000,0.866448,0.913209,0.73667,0.842577,223974016.17883,0
F.US,D,20081124,000000,1.0491,1.09038,0.825074,0.919312,222408422.22444,0
F.US,D,20081125,000000,0.996136,1.01373,0.931062,0.978448,135529657.46593,0
F.US,D,20081126,000000,1.01373,1.31411,0.996136,1.26719,293185909.58342,0
F.US,D,20081128,000000,1.45538,1.61451,1.36725,1.58534,203485257.77556,0
F.US,D,20081201,000000,1.76781,1.77364,1.19009,1.50251,494925241.97903,0
F.US,D,20081202,000000,1.52054,1.70913,1.52054,1.59091,336409992.61994,0
F.US,D,20081203,000000,1.6383,1.75041,1.57925,1.67949,257713504.42962,0
F.US,D,20081204,000000,1.662,1.7443,1.47918,1.56739,238982779.47041,0
F.US,D,20081205,000000,1.59091,1.69692,1.54414,1.60302,167548264.48279,0
F.US,D,20081208,000000,1.88574,2.08616,1.65563,1.99183,454236289.38855,0
F.US,D,20081209,000000,1.93313,1.95637,1.77957,1.90342,232888222.0547,0
F.US,D,20081210,000000,1.99183,2.01534,1.77364,1.91519,239412203.99946,0
F.US,D,20081211,000000,1.83853,1.85046,1.662,1.70913,157196583.44516,0
F.US,D,20081212,000000,1.2906,1.89158,1.24925,1.79151,357752983.76872,0
F.US,D,20081215,000000,1.80937,1.91519,1.80937,1.87372,117868241.75413,0
F.US,D,20081216,000000,1.91519,1.91519,1.82695,1.84465,101686346.86392,0
F.US,D,20081217,000000,1.84465,1.8679,1.81502,1.85046,88302896.616451,0
F.US,D,20081218,000000,1.85046,1.85046,1.58534,1.67374,184270757.73949,0
F.US,D,20081219,000000,1.88574,1.91519,1.62062,1.73838,244165881.54729,0
F.US,D,20081222,000000,1.70913,1.70913,1.50251,1.52629,114672974.0879,0
F.US,D,20081223,000000,1.4615,1.47918,1.25543,1.2906,175957691.6818,0
F.US,D,20081224,000000,1.30237,1.32578,1.2198,1.24332,63095376.548625,0
F.US,D,20081226,000000,1.31411,1.38477,1.30237,1.34966,69172837.432127,0
F.US,D,20081229,000000,1.42038,1.44382,1.24925,1.30837,79751257.354013,0
F.US,D,20081230,000000,1.37892,1.37892,1.29644,1.34966,66551044.512728,0
F.US,D,20081231,000000,1.34966,1.35548,1.29644,1.34966,67466589.038008,0
F.US,D,20090102,000000,1.35548,1.46725,1.34365,1.44949,71354148.617082,0
F.US,D,20090105,000000,1.42613,1.55581,1.36133,1.52054,123924478.45913,0
F.US,D,20090106,000000,1.55581,1.67949,1.54989,1.62654,99917525.433375,0
F.US,D,20090107,000000,1.60302,1.662,1.54414,1.58534,74542743.50022,0
F.US,D,20090108,000000,1.54414,1.59091,1.47334,1.58534,86779586.999134,0
F.US,D,20090109,000000,1.58534,1.60878,1.52629,1.54989,67578961.91768,0
F.US,D,20090112,000000,1.58534,1.58534,1.48484,1.55581,80903406.84492,0
F.US,D,20090113,000000,1.53213,1.55581,1.42613,1.4615,68663994.454604,0
F.US,D,20090114,000000,1.42038,1.43197,1.2906,1.33179,96103657.17941,0
F.US,D,20090115,000000,1.33772,1.38477,1.20787,1.31411,118098767.80191,0
F.US,D,20090116,000000,1.37892,1.39077,1.21396,1.2906,101954994.53618,0
F.US,D,20090120,000000,1.30837,1.32578,1.20787,1.25543,87378808.349751,0
F.US,D,20090121,000000,1.28485,1.2906,1.17852,1.23155,127740152.06346,0
F.US,D,20090122,000000,1.20228,1.2198,1.11945,1.14333,89256167.987202,0
F.US,D,20090123,000000,1.11945,1.13722,1.06677,1.09622,95028578.955276,0
F.US,D,20090126,000000,1.17268,1.21396,1.10185,1.14333,86367075.752457,0
F.US,D,20090127,000000,1.19009,1.20228,1.14333,1.16082,52786745.651454,0
F.US,D,20090128,000000,1.20228,1.21396,1.16693,1.19612,59105402.927355,0
F.US,D,20090129,000000,1.19612,1.19612,1.14925,1.14925,52312775.572679,0
F.US,D,20090130,000000,1.17268,1.17268,1.09038,1.10185,60166027.03685,0
F.US,D,20090202,000000,1.09622,1.13722,1.06677,1.10771,52896208.025808,0
F.US,D,20090203,000000,1.13156,1.16082,1.06677,1.15492,57841652.016017,0
F.US,D,20090204,000000,1.16693,1.19009,1.13156,1.14925,41047079.354177,0
F.US,D,20090205,000000,1.14333,1.16082,1.09622,1.13722,29370790.356555,0
F.US,D,20090206,000000,1.13722,1.17268,1.11945,1.14333,36168198.043713,0
F.US,D,20090209,000000,1.15492,1.15492,1.08428,1.11945,46231834.073218,0
F.US,D,20090210,000000,1.12548,1.13156,1.07252,1.07252,47938608.462275,0
F.US,D,20090211,000000,1.07252,1.10771,1.06076,1.09038,51263208.668582,0
F.US,D,20090212,000000,1.07835,1.09038,1.03141,1.05518,39671946.469759,0
F.US,D,20090213,000000,1.07252,1.07835,1.01373,1.03725,39018356.472562,0
F.US,D,20090217,000000,1.00187,1.03141,0.948656,0.996136,55597310.801183,0
F.US,D,20090218,000000,1.0491,1.05518,0.960775,0.983937,42501895.381301,0
F.US,D,20090219,000000,0.996136,1.00187,0.948656,0.960775,32253506.175255,0
F.US,D,20090220,000000,0.942832,0.948656,0.883686,0.931062,64291345.376899,0
F.US,D,20090223,000000,0.972348,1.12548,0.948656,1.01955,75406026.752184,0
F.US,D,20090224,000000,1.06076,1.17852,1.06076,1.17852,57502884.128361,0
F.US,D,20090225,000000,1.23758,1.27301,1.17852,1.18452,92148684.279314,0
F.US,D,20090226,000000,1.22555,1.23155,1.06677,1.16693,54794097.302213,0
F.US,D,20090227,000000,1.13722,1.17852,1.06076,1.17852,53393241.568611,0
F.US,D,20090302,000000,1.12548,1.14333,1.07835,1.10771,33228554.867577,0
F.US,D,20090303,000000,1.12548,1.12548,1.06076,1.06677,26096139.308182,0
F.US,D,20090304,000000,1.11945,1.11945,1.07835,1.10185,33176725.70193,0
F.US,D,20090305,000000,1.03141,1.17852,1.01955,1.06677,80325874.584463,0
F.US,D,20090306,000000,1.07835,1.12548,0.972348,1.00187,59587571.740117,0
F.US,D,20090309,000000,1.0491,1.09038,1.00187,1.02521,54722459.054117,0
F.US,D,20090310,000000,1.06677,1.11354,1.06677,1.09038,52858503.803775,0
F.US,D,20090311,000000,1.12548,1.17852,1.10185,1.15492,73832347.18098,0
F.US,D,20090312,000000,1.16693,1.23758,1.16693,1.23758,79183888.673149,0
F.US,D,20090313,000000,1.24925,1.32578,1.24925,1.2906,90871861.545409,0
F.US,D,20090316,000000,1.34365,1.35548,1.23155,1.23758,75010745.516009,0
F.US,D,20090317,000000,1.27893,1.35548,1.24332,1.34365,73289253.44926,0
F.US,D,20090318,000000,1.34365,1.56157,1.34365,1.45538,157461387.39526,0
F.US,D,20090319,000000,1.63219,1.6383,1.34365,1.47918,103927654.2757,0
F.US,D,20090320,000000,1.59091,1.62062,1.48484,1.62062,97085630.906152,0
F.US,D,20090323,000000,1.69692,1.70913,1.65005,1.70913,76852642.914148,0
F.US,D,20090324,000000,1.66765,1.73838,1.62654,1.68532,68756448.52815,0
F.US,D,20090325,000000,1.70913,1.76188,1.62654,1.63219,87208957.231924,0
F.US,D,20090326,000000,1.70913,1.73264,1.65563,1.73264,65778517.445276,0
F.US,D,20090327,000000,1.7443,1.75606,1.662,1.67374,54400621.416405,0
F.US,D,20090330,000000,1.60878,1.69692,1.40245,1.62654,108424068.26536,0
F.US,D,20090331,000000,1.67374,1.69117,1.54989,1.54989,77713712.462688,0
F.US,D,20090401,000000,1.50861,1.65005,1.41419,1.61451,115791832.05839,0
F.US,D,20090402,000000,1.70311,1.73838,1.66765,1.71493,115572803.24188,0
F.US,D,20090403,000000,1.72661,1.91519,1.71493,1.91519,189447797.86613,0
F.US,D,20090406,000000,1.92704,2.35711,1.91519,2.22158,392355305.06505,0
F.US,D,20090407,000000,2.18004,2.20398,1.98032,2.05664,190871654.8493,0
F.US,D,20090408,000000,2.16271,2.38655,2.0804,2.32768,442653021.1816,0
F.US,D,20090409,000000,2.48699,2.599,2.37496,2.49846,223060566.58393,0
F.US,D,20090413,000000,2.50447,2.5456,2.37496,2.51024,125413909.4778,0
F.US,D,20090414,000000,2.52217,2.55152,2.44569,2.53383,108929981.50764,0
F.US,D,20090415,000000,2.49255,2.50447,2.21,2.38081,149765931.01873,0
F.US,D,20090416,000000,2.42774,2.47511,2.32768,2.45136,100683038.10383,0
F.US,D,20090417,000000,2.46903,2.48115,2.33944,2.35711,93401374.591734,0
F.US,D,20090420,000000,2.30415,2.30415,2.12726,2.17464,98033838.020271,0
F.US,D,20090421,000000,2.0804,2.26305,1.92704,2.23911,159202659.134,0
F.US,D,20090422,000000,2.41615,2.60482,2.38655,2.52217,246406117.73928,0
F.US,D,20090423,000000,2.61074,2.65751,2.53993,2.64593,196109354.06948,0
F.US,D,20090424,000000,3.14098,3.2117,2.92299,2.94658,488065837.02194,0
F.US,D,20090427,000000,2.98785,3.19412,2.95826,3.01131,188979904.44283,0
F.US,D,20090428,000000,2.9937,3.18227,2.95216,3.05859,124002170.73927,0
F.US,D,20090429,000000,3.1349,3.2117,3.11164,3.2117,119254987.24936,0
F.US,D,20090430,000000,3.28826,3.52997,3.28226,3.52405,316907178.3568,0
F.US,D,20090501,000000,3.52997,3.5357,3.27652,3.35325,174115558.99991,0
F.US,D,20090504,000000,3.47675,3.50036,3.38852,3.46491,98690800.040927,0
F.US,D,20090505,000000,3.42962,3.48268,3.29984,3.4474,119351348.39067,0
F.US,D,20090506,000000,3.48268,3.7066,3.47675,3.68901,161905824.03576,0
F.US,D,20090507,000000,3.83611,3.85406,3.32945,3.57089,160964418.65833,0
F.US,D,20090508,000000,3.64771,3.7127,3.55358,3.67717,108356515.8102,0
F.US,D,20090511,000000,3.58867,3.68901,3.46491,3.58283,109158029.15779,0
F.US,D,20090512,000000,3.38268,3.40028,2.95216,2.95216,358071303.4618,0
F.US,D,20090513,000000,2.81088,2.92891,2.77554,2.92299,917688969.30995,0
F.US,D,20090514,000000,2.94076,3.15842,2.94076,3.04049,351302065.34867,0
F.US,D,20090515,000000,3.07601,3.24106,3.07601,3.23539,217926832.24262,0
F.US,D,20090518,000000,3.35325,3.35889,3.11721,3.24106,206086777.83203,0
F.US,D,20090519,000000,3.23539,3.35325,3.14098,3.3178,157357032.26207,0
F.US,D,20090520,000000,3.33539,3.38852,3.14098,3.18819,161897912.61944,0
F.US,D,20090521,000000,3.09386,3.17634,2.98205,3.14098,133030807.0965,0
F.US,D,20090522,000000,3.16451,3.16451,3.0053,3.09978,84877381.170726,0
F.US,D,20090526,000000,3.04049,3.18819,3.0053,3.18227,112571608.47754,0
F.US,D,20090527,000000,3.22938,3.25884,3.09386,3.14674,93832034.3605,0
F.US,D,20090528,000000,3.18819,3.27652,3.09386,3.27652,107248097.42525,0
F.US,D,20090529,000000,3.28826,3.38852,3.18819,3.38852,168325818.4782,0
F.US,D,20090601,000000,3.50627,3.67143,3.46491,3.61218,189329581.35237,0
F.US,D,20090602,000000,3.63578,3.80676,3.55358,3.77725,228105741.47656,0
F.US,D,20090603,000000,3.7127,3.71843,3.5121,3.64198,188858413.18641,0
F.US,D,20090604,000000,3.64198,3.77149,3.63578,3.7479,142105217.45616,0
F.US,D,20090605,000000,3.81277,3.84814,3.66539,3.7479,145265087.35988,0
F.US,D,20090608,000000,3.65948,3.80676,3.57089,3.7599,145125053.93354,0
F.US,D,20090609,000000,3.7599,3.79491,3.64198,3.68901,143342652.78424,0
F.US,D,20090610,000000,3.7242,3.78927,3.60087,3.64771,152847225.19703,0
F.US,D,20090611,000000,3.62421,3.67717,3.38852,3.52405,225403456.62655,0
F.US,D,20090612,000000,3.54156,3.62421,3.48868,3.60087,92578322.599847,0
F.US,D,20090615,000000,3.54748,3.55967,3.41788,3.49442,110442825.52247,0
F.US,D,20090616,000000,3.50036,3.50627,3.25291,3.34106,147946264.54209,0
F.US,D,20090617,000000,3.32363,3.4474,3.12312,3.36509,148796577.77696,0
F.US,D,20090618,000000,3.4062,3.42388,3.25291,3.34688,97641510.273948,0
F.US,D,20090619,000000,3.37667,3.5121,3.35325,3.37092,118039483.08222,0
F.US,D,20090622,000000,3.34106,3.41176,3.16451,3.17034,97627445.282446,0
F.US,D,20090623,000000,3.19995,3.2941,3.07027,3.25884,102793510.77922,0
F.US,D,20090624,000000,3.33539,3.47675,3.24698,3.3178,122464516.73099,0
F.US,D,20090625,000000,3.28226,3.38852,3.16451,3.34688,106694229.2811,0
F.US,D,20090626,000000,3.32945,3.41788,3.27086,3.30577,115850188.08595,0
F.US,D,20090629,000000,3.33539,3.5121,3.29984,3.4062,124638365.57487,0
F.US,D,20090630,000000,3.5121,3.62995,3.45323,3.57683,144902495.86067,0
F.US,D,20090701,000000,3.60671,3.68309,3.4712,3.48268,162533683.26557,0
F.US,D,20090702,000000,3.43564,3.58283,3.27086,3.4712,124701136.56639,0
F.US,D,20090706,000000,3.45933,3.56532,3.34688,3.38852,124856808.44434,0
F.US,D,20090707,000000,3.38268,3.38852,3.24698,3.25884,115781894.71318,0
F.US,D,20090708,000000,3.27086,3.30577,3.08804,3.15257,114139789.4221,0
F.US,D,20090709,000000,3.21763,3.39443,3.1349,3.3178,102121766.60408,0
F.US,D,20090710,000000,3.25884,3.38852,3.25291,3.37092,80198908.456008,0
F.US,D,20090713,000000,3.37092,3.38268,3.24698,3.35325,78127509.851824,0
F.US,D,20090714,000000,3.35325,3.4712,3.29984,3.44165,95118033.160922,0
F.US,D,20090715,000000,3.52405,3.57089,3.48268,3.56532,109905547.14553,0
F.US,D,20090716,000000,3.52405,3.6181,3.44165,3.61218,112833331.11538,0
F.US,D,20090717,000000,3.62421,3.66539,3.55358,3.6181,106583914.00313,0
F.US,D,20090720,000000,3.65375,3.7127,3.61218,3.64771,108615831.31422,0
F.US,D,20090721,000000,3.70066,3.7127,3.55967,3.65375,97363037.242495,0
F.US,D,20090722,000000,3.63578,3.81853,3.61218,3.7599,155673777.19933,0
F.US,D,20090723,000000,4.08966,4.18397,3.91894,4.11324,456449407.99637,0
F.US,D,20090724,000000,4.06631,4.07772,3.94814,3.99541,169186299.81734,0
F.US,D,20090727,000000,4.02484,4.29616,3.95988,4.28414,177547261.95596,0
F.US,D,20090728,000000,4.24304,4.29005,4.15445,4.20739,116696006.04366,0
F.US,D,20090729,000000,4.17248,4.31368,4.11918,4.19573,125739517.31148,0
F.US,D,20090730,000000,4.29005,4.40799,4.2312,4.35495,150120133.74707,0
F.US,D,20090731,000000,4.39633,4.71413,4.37837,4.71413,265020112.54463,0
F.US,D,20090803,000000,5.09737,5.22122,4.89121,4.90899,417607272.27066,0
F.US,D,20090804,000000,4.79688,5.01489,4.76744,4.89121,207647309.79215,0
F.US,D,20090805,000000,5.01489,5.05617,4.90304,4.97359,164808350.06809,0
F.US,D,20090806,000000,5.02081,5.03858,4.66127,4.7556,224573234.13594,0
F.US,D,20090807,000000,4.90899,4.91473,4.71413,4.7204,161694893.27893,0
F.US,D,20090810,000000,4.67897,4.69071,4.4903,4.54963,153125664.29333,0
F.US,D,20090811,000000,4.50798,4.6732,4.50205,4.60258,138574000.78269,0
F.US,D,20090812,000000,4.626,4.69655,4.53176,4.53759,125051609.82094,0
F.US,D,20090813,000000,4.626,4.66745,4.53759,4.65552,149269965.3022,0
F.US,D,20090814,000000,4.70247,4.7204,4.56712,4.61424,98376637.404609,0
F.US,D,20090817,000000,4.4256,4.4903,4.20167,4.34311,133406990.75737,0
F.US,D,20090818,000000,4.43151,4.56712,4.40799,4.50205,122750070.89858,0
F.US,D,20090819,000000,4.41955,4.56712,4.41955,4.50798,80424243.555916,0
F.US,D,20090820,000000,4.53759,4.56138,4.51382,4.52576,50123666.08859,0
F.US,D,20090821,000000,4.59045,4.61424,4.4903,4.56138,93709098.597553,0
F.US,D,20090824,000000,4.56712,4.60258,4.30774,4.36662,158498409.60292,0
F.US,D,20090825,000000,4.37837,4.50798,4.37837,4.47271,90769758.575488,0
F.US,D,20090826,000000,4.47271,4.50205,4.36662,4.48456,75284198.406534,0
F.US,D,20090827,000000,4.51382,4.54376,4.39633,4.51972,106042894.84069,0
F.US,D,20090828,000000,4.53176,4.59648,4.53176,4.55528,74945636.392164,0
F.US,D,20090831,000000,4.50205,4.50205,4.40197,4.47871,74256750.437924,0
F.US,D,20090901,000000,4.4256,4.57879,4.20167,4.26637,174238578.46958,0
F.US,D,20090902,000000,4.2312,4.24868,4.04854,4.14271,111801181.99632,0
F.US,D,20090903,000000,4.20739,4.43151,4.10751,4.40799,147597354.56712,0
F.US,D,20090904,000000,4.41384,4.44936,4.28414,4.37837,72111814.348009,0
F.US,D,20090908,000000,4.43743,4.44936,4.28414,4.30192,77168407.289888,0
F.US,D,20090909,000000,4.31368,4.43151,4.27247,4.35495,80515595.868024,0
F.US,D,20090910,000000,4.37837,4.40799,4.33136,4.3843,57728099.324046,0
F.US,D,20090911,000000,4.39633,4.4431,4.30192,4.3195,82737112.296102,0
F.US,D,20090914,000000,4.30192,4.36087,4.2312,4.35495,58565568.101901,0
F.US,D,20090915,000000,4.35495,4.3843,4.24304,4.24304,85990234.880724,0
F.US,D,20090916,000000,4.32542,4.33727,4.13694,4.21323,180315852.70971,0
F.US,D,20090917,000000,4.15445,4.27247,4.0366,4.07772,175198329.19301,0
F.US,D,20090918,000000,4.11918,4.16038,4.08372,4.08966,90371774.969625,0
F.US,D,20090921,000000,4.05438,4.07772,3.97793,4.02484,89539534.468329,0
F.US,D,20090922,000000,4.07772,4.17813,4.06631,4.13094,94015724.235449,0
F.US,D,20090923,000000,4.24304,4.47271,4.2312,4.33727,236192243.98165,0
F.US,D,20090924,000000,4.43743,4.44936,4.24868,4.3195,149879071.96413,0
F.US,D,20090925,000000,4.32542,4.39633,4.24304,4.29616,104977644.23809,0
F.US,D,20090928,000000,4.33727,4.41955,4.3195,4.41384,77729950.435426,0
F.US,D,20090929,000000,4.41384,4.41955,4.33727,4.39012,79219250.238162,0
F.US,D,20090930,000000,4.40799,4.41955,4.20739,4.24868,162641057.49659,0
F.US,D,20091001,000000,4.2312,4.27247,4.10751,4.10751,172008811.27361,0
F.US,D,20091002,000000,4.01327,4.11918,3.89534,4.03086,94684990.012946,0
F.US,D,20091005,000000,4.08966,4.17248,4.03086,4.15445,72447598.204174,0
F.US,D,20091006,000000,4.2312,4.25478,4.14871,4.20739,82269627.225875,0
F.US,D,20091007,000000,4.19009,4.20739,4.12492,4.20167,57403950.702125,0
F.US,D,20091008,000000,4.23711,4.28414,4.19009,4.2312,132929187.13699,0
F.US,D,20091009,000000,4.21323,4.21926,4.15445,4.19573,55315154.673998,0
F.US,D,20091012,000000,4.23711,4.61424,4.21926,4.4903,258263920.23711,0
F.US,D,20091013,000000,4.4668,4.64378,4.4256,4.4903,170133066.94964,0
F.US,D,20091014,000000,4.59648,4.60258,4.48456,4.51382,99788713.232365,0
F.US,D,20091015,000000,4.48456,4.56138,4.48456,4.51382,68442406.927227,0
F.US,D,20091016,000000,4.45494,4.47271,4.36087,4.37264,80345116.949789,0
F.US,D,20091019,000000,4.4431,4.52576,4.37264,4.46087,106550200.55559,0
F.US,D,20091020,000000,4.51382,4.61424,4.50798,4.54376,84950487.679959,0
F.US,D,20091021,000000,4.53176,4.70247,4.50798,4.58481,118320018.24006,0
F.US,D,20091022,000000,4.55528,4.63785,4.4903,4.57296,90630235.307683,0
F.US,D,20091023,000000,4.60806,4.62018,4.44936,4.49631,80881631.785693,0
F.US,D,20091026,000000,4.53759,4.62018,4.36087,4.40197,102771107.91959,0
F.US,D,20091027,000000,4.40799,4.43743,4.22517,4.3195,123833121.62234,0
F.US,D,20091028,000000,4.28414,4.32542,4.06032,4.10158,160555649.32832,0
F.US,D,20091029,000000,4.20739,4.33136,4.16038,4.30192,117837508.94457,0
F.US,D,20091030,000000,4.29005,4.30192,4.01327,4.12492,162354880.05328,0
F.US,D,20091102,000000,4.55528,4.62018,4.33136,4.4668,353229220.30467,0
F.US,D,20091103,000000,4.33136,4.51972,4.30774,4.3843,327886860.02074,0
F.US,D,20091104,000000,4.33136,4.37837,4.26637,4.28414,407291340.78999,0
F.US,D,20091105,000000,4.33727,4.41955,4.31368,4.39012,212106209.59667,0
F.US,D,20091106,000000,4.36087,4.56712,4.32542,4.56712,271307202.20608,0
F.US,D,20091109,000000,4.58481,4.82047,4.56712,4.82047,344637818.08732,0
F.US,D,20091110,000000,4.80271,4.92065,4.73793,4.85603,231797461.26324,0
F.US,D,20091111,000000,4.8677,4.95009,4.8677,4.90899,151515478.41113,0
F.US,D,20091112,000000,4.86168,4.97359,4.81474,4.83223,146712374.30679,0
F.US,D,20091113,000000,4.86168,4.97942,4.85603,4.95574,146201446.57943,0
F.US,D,20091116,000000,5.01489,5.17985,5.00896,5.13283,206480058.02511,0
F.US,D,20091117,000000,5.17409,5.30361,5.15623,5.29186,214825449.5824,0
F.US,D,20091118,000000,5.30361,5.38618,5.18585,5.26816,204303916.29577,0
F.US,D,20091119,000000,5.19753,5.19753,5.03858,5.14475,153749281.62848,0
F.US,D,20091120,000000,5.08552,5.17409,5.05617,5.09145,100566865.61772,0
F.US,D,20091123,000000,5.20946,5.25057,5.1093,5.14475,104067217.13452,0
F.US,D,20091124,000000,5.18585,5.20336,5.09737,5.19161,79839314.562354,0
F.US,D,20091125,000000,5.22698,5.24465,5.16216,5.19161,45592924.425039,0
F.US,D,20091127,000000,5.00896,5.19161,4.95009,5.14475,71586023.021791,0
F.US,D,20091130,000000,5.17409,5.26252,5.1093,5.23891,99898927.836038,0
F.US,D,20091201,000000,5.30972,5.34481,5.19161,5.2328,176431116.53571,0
F.US,D,20091202,000000,5.26816,5.34481,5.25057,5.30972,107937025.23285,0
F.US,D,20091203,000000,5.33324,5.36869,5.23891,5.26816,98254388.26301,0
F.US,D,20091204,000000,5.36259,5.38618,5.17409,5.26816,134846125.34833,0
F.US,D,20091207,000000,5.24465,5.30361,5.18585,5.25057,70352570.550006,0
F.US,D,20091208,000000,5.22698,5.23891,5.16216,5.19753,97487355.297514,0
F.US,D,20091209,000000,5.22698,5.30972,5.18585,5.22122,89660082.327378,0
F.US,D,20091210,000000,5.26816,5.35676,5.24465,5.33324,107652260.62324,0
F.US,D,20091211,000000,5.35676,5.36259,5.29186,5.30361,107677913.33977,0
F.US,D,20091214,000000,5.30361,5.36259,5.28584,5.35081,64371176.703126,0
F.US,D,20091215,000000,5.3274,5.57475,5.32131,5.53356,185605050.79335,0
F.US,D,20091216,000000,5.56299,5.68066,5.54514,5.59243,121213190.61188,0
F.US,D,20091217,000000,5.59243,5.63355,5.49802,5.53356,94179592.585056,0
F.US,D,20091218,000000,5.63355,5.7337,5.58058,5.70443,149317055.98872,0
F.US,D,20091221,000000,5.75747,5.77507,5.67484,5.6986,89401418.378377,0
F.US,D,20091222,000000,5.76916,5.83413,5.72193,5.83413,86185743.239765,0
F.US,D,20091223,000000,5.89883,5.95817,5.85181,5.94057,109916208.44076,0
F.US,D,20091224,000000,5.99326,6.01095,5.92802,5.9693,42246549.159506,0
F.US,D,20091228,000000,5.99891,6.11145,5.98133,6.01095,91559583.523755,0
F.US,D,20091229,000000,6.05152,6.06371,5.94597,5.95817,69194095.545791,0
F.US,D,20091230,000000,5.9227,5.94057,5.82812,5.8869,79156717.923923,0
F.US,D,20091231,000000,5.91681,5.92802,5.84588,5.89281,52992996.750105,0
F.US,D,20100104,000000,5.99326,6.05727,5.9227,6.05727,103170338.07689,0
F.US,D,20100105,000000,6.15776,6.62375,6.12816,6.45853,364544138.33759,0
F.US,D,20100106,000000,6.60606,6.75319,6.5593,6.70084,339188354.43661,0
F.US,D,20100107,000000,6.75319,6.89003,6.67052,6.86978,220632706.3011,0
F.US,D,20100108,000000,6.87712,6.91813,6.75319,6.89003,220872541.8937,0
F.US,D,20100111,000000,7.01194,7.15444,6.94211,7.1357,288598836.69004,0
F.US,D,20100112,000000,7.05923,7.08867,6.90655,6.9939,276270570.74636,0
F.US,D,20100113,000000,7.01855,7.03112,6.75935,6.8834,261919810.15359,0
F.US,D,20100114,000000,6.86473,6.98948,6.78297,6.92883,197737199.8075,0
F.US,D,20100115,000000,6.91813,6.92883,6.80629,6.83538,163041948.21425,0
F.US,D,20100119,000000,6.78297,6.97107,6.75319,6.9246,111775135.63197,0
F.US,D,20100120,000000,6.8834,6.89003,6.77713,6.78297,121432279.38053,0
F.US,D,20100121,000000,6.7941,6.84811,6.48829,6.58803,205922631.21414,0
F.US,D,20100122,000000,6.48829,6.55295,6.13382,6.2002,273781129.46487,0
F.US,D,20100125,000000,6.32282,6.54065,6.25246,6.50071,206198164.32981,0
F.US,D,20100126,000000,6.58184,6.75319,6.52351,6.59493,183443761.35116,0
F.US,D,20100127,000000,6.81903,6.84811,6.61156,6.80629,177898865.25126,0
F.US,D,20100128,000000,7.01194,7.04235,6.64118,6.72445,344885527.76758,0
F.US,D,20100129,000000,6.83538,6.84246,6.30551,6.38736,270889556.57012,0
F.US,D,20100201,000000,6.56487,6.58803,6.4419,6.55295,140213481.75494,0
F.US,D,20100202,000000,6.6364,6.78933,6.59493,6.71118,203116174.48078,0
F.US,D,20100203,000000,6.77006,6.86978,6.73035,6.85838,152565807.7251,0
F.US,D,20100204,000000,6.77006,6.7941,6.48159,6.51802,219802378.61151,0
F.US,D,20100205,000000,6.46418,6.54684,6.18155,6.42989,307654804.11439,0
F.US,D,20100208,000000,6.53578,6.67052,6.4107,6.46418,156033368.83064,0
F.US,D,20100209,000000,6.58803,6.61156,6.49433,6.57079,141115360.59241,0
F.US,D,20100210,000000,6.55295,6.56487,6.42315,6.4472,124239568.65641,0
F.US,D,20100211,000000,6.48159,6.59493,6.4107,6.58803,110448675.94358,0
F.US,D,20100212,000000,6.4351,6.58803,6.39273,6.55295,117826949.45481,0
F.US,D,20100216,000000,6.60606,6.70632,6.54684,6.67052,106066987.67116,0
F.US,D,20100217,000000,6.7355,6.78933,6.68802,6.77006,111860203.15296,0
F.US,D,20100218,000000,6.72445,6.7667,6.65257,6.70632,90264271.785016,0
F.US,D,20100219,000000,6.68237,6.71816,6.6364,6.65257,79651609.027133,0
F.US,D,20100222,000000,6.69438,6.70632,6.58803,6.60606,71163866.272256,0
F.US,D,20100223,000000,6.58803,6.85317,6.57079,6.83538,194333299.92576,0
F.US,D,20100224,000000,6.90655,7.00044,6.86473,6.9123,142619699.32565,0
F.US,D,20100225,000000,6.7941,6.97107,6.71816,6.94211,140944339.84282,0
F.US,D,20100226,000000,6.97107,6.98497,6.84246,6.91813,122678607.98214,0
F.US,D,20100301,000000,6.95951,7.31904,6.9246,7.31445,241730211.65362,0
F.US,D,20100302,000000,7.43644,7.47233,7.17751,7.19988,328022054.29366,0
F.US,D,20100303,000000,7.34202,7.55914,7.27696,7.47772,265872875.89785,0
F.US,D,20100304,000000,7.53174,7.54272,7.37845,7.53571,152075469.58881,0
F.US,D,20100305,000000,7.61282,7.6839,7.55914,7.66063,181255684.62702,0
F.US,D,20100308,000000,7.62378,7.63897,7.53571,7.6189,133781238.98308,0
F.US,D,20100309,000000,7.55914,7.67814,7.50037,7.54272,142284711.81451,0
F.US,D,20100310,000000,7.59018,7.63102,7.54272,7.55537,96367224.758632,0
F.US,D,20100311,000000,7.53571,7.64374,7.51432,7.60733,100628740.72108,0
F.US,D,20100312,000000,7.67275,7.87688,7.65011,7.86184,177652017.52401,0
F.US,D,20100315,000000,7.93072,8.03231,7.84947,7.89597,161327238.65425,0
F.US,D,20100316,000000,7.89597,7.96396,7.84947,7.94991,126718574.87704,0
F.US,D,20100317,000000,7.98198,8.33861,7.98198,8.309,232814760.35749,0
F.US,D,20100318,000000,8.3859,8.56899,8.04247,8.09118,398491287.12722,0
F.US,D,20100319,000000,8.19742,8.20254,7.6839,7.8316,428167181.69545,0
F.US,D,20100322,000000,7.65011,8.25047,7.54899,8.24525,289183493.07116,0
F.US,D,20100323,000000,8.3525,8.42666,8.13846,8.19141,283033758.22096,0
F.US,D,20100324,000000,8.12139,8.28035,8.10708,8.19141,155727842.69184,0
F.US,D,20100325,000000,8.28035,8.32031,8.10708,8.13334,150765089.5091,0
F.US,D,20100326,000000,8.18717,8.23843,8.10708,8.16659,102375486.20067,0
F.US,D,20100329,000000,8.07429,8.17948,7.88925,7.99615,268211181.30071,0
F.US,D,20100330,000000,7.98198,8.03733,7.76558,7.82508,240876308.07912,0
F.US,D,20100331,000000,7.55537,7.63102,7.31904,7.40788,735324507.71648,0
F.US,D,20100401,000000,7.5664,7.63102,7.41336,7.44194,361007729.58504,0
F.US,D,20100405,000000,7.59699,7.61282,7.51999,7.52528,150757243.70074,0
F.US,D,20100406,000000,7.53174,7.59018,7.42566,7.48373,129526292.86708,0
F.US,D,20100407,000000,7.47772,7.55537,7.38448,7.41336,149286702.12175,0
F.US,D,20100408,000000,7.39463,7.49083,7.27175,7.44194,131337354.51901,0
F.US,D,20100409,000000,7.50037,7.5664,7.43281,7.49559,102411145.26389,0
F.US,D,20100412,000000,7.49559,7.54899,7.44829,7.52528,85958755.4977,0
F.US,D,20100413,000000,7.51432,7.59699,7.49083,7.53571,120390548.10422,0
F.US,D,20100414,000000,7.61282,7.91498,7.57737,7.869,260469128.55979,0
F.US,D,20100415,000000,7.90834,8.17948,7.9034,8.10708,269756313.48649,0
F.US,D,20100416,000000,8.15473,8.20254,7.83806,7.90834,253546032.96843,0
F.US,D,20100419,000000,7.88352,8.10204,7.87351,8.01549,162459898.05319,0
F.US,D,20100420,000000,8.08613,8.21458,8.05411,8.19742,128096524.37951,0
F.US,D,20100421,000000,8.26029,8.33861,8.20254,8.32553,203757162.09175,0
F.US,D,20100422,000000,8.25047,8.3859,8.16074,8.36743,158242815.65446,0
F.US,D,20100423,000000,8.37884,8.4797,8.31323,8.37185,155900011.5809,0
F.US,D,20100426,000000,8.4797,8.58047,8.41605,8.52126,0,0
F.US,D,20100427,000000,8.50976,8.54423,7.74834,7.99615,496155589.38394,0
F.US,D,20100428,000000,7.88925,7.92568,7.60353,7.8096,352788549.66453,0
F.US,D,20100429,000000,7.92568,8.07429,7.88352,8.00365,186492287.74164,0
F.US,D,20100430,000000,8.03733,8.09118,7.63897,7.67275,248096111.19309,0
F.US,D,20100503,000000,7.76558,7.94991,7.76558,7.83806,180424828.68014,0
F.US,D,20100504,000000,7.70137,7.70713,7.51432,7.57188,208876105.2292,0
F.US,D,20100505,000000,7.25821,7.48373,6.83035,7.27175,336710970.3165,0
F.US,D,20100506,000000,7.17238,7.3727,6.2406,6.94211,401037404.64597,0
F.US,D,20100507,000000,7.04235,7.05321,6.45305,6.78297,443015646.61596,0
F.US,D,20100510,000000,7.38448,7.4002,7.08435,7.16027,227857125.72762,0
F.US,D,20100511,000000,7.06516,7.4002,6.98497,7.2538,213247060.94255,0
F.US,D,20100512,000000,7.4002,7.49083,7.36041,7.47233,173980294.59433,0
F.US,D,20100513,000000,7.58453,7.58453,7.25821,7.31904,169829960.38754,0
F.US,D,20100514,000000,7.21783,7.27696,6.9939,7.1357,179437933.22443,0
F.US,D,20100517,000000,7.11926,7.17751,6.77006,7.04235,184316757.9763,0
F.US,D,20100518,000000,7.16027,7.17751,6.74672,6.80629,171548734.24819,0
F.US,D,20100519,000000,6.65937,6.86978,6.54684,6.80629,225301491.6596,0
F.US,D,20100520,000000,6.50564,6.65937,6.34122,6.36428,264502506.37833,0
F.US,D,20100521,000000,6.04037,6.65937,5.99326,6.6364,295560404.56915,0
F.US,D,20100524,000000,6.66564,6.74177,6.48829,6.48829,154313563.34121,0
F.US,D,20100525,000000,6.17024,6.5121,6.14045,6.49433,233500426.99647,0
F.US,D,20100526,000000,6.74672,6.96472,6.68802,6.71118,249038479.19781,0
F.US,D,20100527,000000,6.98497,7.07169,6.86978,7.06516,153592550.97361,0
F.US,D,20100528,000000,7.10148,7.11926,6.84811,6.9123,133645657.84937,0
F.US,D,20100601,000000,6.77713,7.00044,6.70632,6.72445,137290691.90907,0
F.US,D,20100602,000000,6.86978,6.9939,6.74672,6.98497,147983502.72131,0
F.US,D,20100603,000000,7.077,7.16027,6.95951,7.04887,134918772.60178,0
F.US,D,20100604,000000,6.89003,7.00044,6.71118,6.77713,141354253.91879,0
F.US,D,20100607,000000,6.74672,6.77713,6.51802,6.53578,129165779.33066,0
F.US,D,20100608,000000,6.56487,6.70084,6.41734,6.61156,138138159.11541,0
F.US,D,20100609,000000,6.69438,6.71816,6.48159,6.5121,127073851.08752,0
F.US,D,20100610,000000,6.60606,6.71816,6.54065,6.71118,109884242.65381,0
F.US,D,20100611,000000,6.61782,6.75935,6.60606,6.71816,85229527.428539,0
F.US,D,20100614,000000,6.7667,6.90655,6.71816,6.75319,98560942.637075,0
F.US,D,20100615,000000,6.80629,6.92883,6.78933,6.89496,87668895.123182,0
F.US,D,20100616,000000,6.86473,6.93528,6.77713,6.85317,104901900.96714,0
F.US,D,20100617,000000,6.84246,6.89003,6.67689,6.7667,117744876.14586,0
F.US,D,20100618,000000,6.8125,6.84811,6.71816,6.75319,93998407.124711,0
F.US,D,20100621,000000,6.8834,6.95385,6.77713,6.7941,115013370.86311,0
F.US,D,20100622,000000,6.78933,6.83538,6.58803,6.61156,124613903.98237,0
F.US,D,20100623,000000,6.61782,6.64612,6.48159,6.50071,140974559.10035,0
F.US,D,20100624,000000,6.47576,6.50071,6.27024,6.35304,126319539.28131,0
F.US,D,20100625,000000,6.34632,6.34632,6.14045,6.33459,250902822.44012,0
F.US,D,20100628,000000,6.31743,6.34122,6.14558,6.14558,98299669.074482,0
F.US,D,20100629,000000,5.96346,5.97506,5.74563,5.82238,211288195.84445,0
F.US,D,20100630,000000,5.95198,6.2002,5.91681,5.94057,309623233.27097,0
F.US,D,20100701,000000,6.02852,6.2643,5.90512,6.22815,260036258.48111,0
F.US,D,20100702,000000,6.23487,6.2643,5.98133,6.05727,121358710.22198,0
F.US,D,20100706,000000,6.14045,6.22815,5.91681,5.98689,137754410.17683,0
F.US,D,20100707,000000,6.01713,6.2643,5.99326,6.2406,123016451.70235,0
F.US,D,20100708,000000,6.31743,6.38161,6.15776,6.25829,105576065.85017,0
F.US,D,20100709,000000,6.2406,6.4472,6.21056,6.39273,86014160.297748,0
F.US,D,20100712,000000,6.38736,6.5593,6.38161,6.54065,95353169.865411,0
F.US,D,20100713,000000,6.75935,6.95951,6.6364,6.86978,176168486.698,0
F.US,D,20100714,000000,6.84811,7.02368,6.80048,6.95951,115400293.87006,0
F.US,D,20100715,000000,6.95951,7.01194,6.78297,6.98948,111893535.39557,0
F.US,D,20100716,000000,6.9246,6.94211,6.65937,6.68237,116851509.377,0
F.US,D,20100719,000000,6.74177,6.81903,6.61782,6.7667,84529963.211489,0
F.US,D,20100720,000000,6.65937,6.92883,6.62933,6.9246,89996434.031841,0
F.US,D,20100721,000000,6.96472,7.00044,6.7355,6.80629,114607640.99202,0
F.US,D,20100722,000000,6.93528,7.19988,6.9246,7.12288,172912346.14674,0
F.US,D,20100723,000000,7.39463,7.51432,7.27696,7.49559,274049660.62642,0
F.US,D,20100726,000000,7.55537,7.74834,7.51432,7.62378,212837689.82908,0
F.US,D,20100727,000000,7.75409,7.76558,7.57188,7.67814,164601085.43941,0
F.US,D,20100728,000000,7.65497,7.70713,7.57737,7.60733,101329467.78285,0
F.US,D,20100729,000000,7.67814,7.7264,7.49559,7.64374,150195025.24557,0
F.US,D,20100730,000000,7.54899,7.66701,7.41336,7.52528,134917259.09375,0
F.US,D,20100802,000000,7.69663,7.77946,7.62378,7.75409,130714303.90099,0
F.US,D,20100803,000000,7.70713,7.80138,7.52528,7.60733,195331398.50805,0
F.US,D,20100804,000000,7.66063,7.78592,7.63102,7.7264,103178339.98697,0
F.US,D,20100805,000000,7.69035,7.69035,7.60353,7.65011,87423710.218634,0
F.US,D,20100806,000000,7.55914,7.69035,7.54272,7.6839,92751329.687296,0
F.US,D,20100809,000000,7.7319,7.7319,7.61282,7.69035,66262690.69466,0
F.US,D,20100810,000000,7.62378,7.67814,7.54272,7.61282,85214171.769888,0
F.US,D,20100811,000000,7.45378,7.46615,7.26504,7.31445,115289554.40262,0
F.US,D,20100812,000000,7.08867,7.30208,7.01194,7.23142,115384788.89672,0
F.US,D,20100813,000000,7.21783,7.28987,7.14844,7.16027,70602130.827493,0
F.US,D,20100816,000000,7.04887,7.16027,7.00044,7.06516,100596357.5317,0
F.US,D,20100817,000000,7.18953,7.29597,7.10801,7.16707,103491682.52366,0
F.US,D,20100818,000000,7.17238,7.24407,6.95385,7.18953,91953613.6838,0
F.US,D,20100819,000000,7.14844,7.18953,6.97107,7.00769,103446601.92961,0
F.US,D,20100820,000000,6.98497,7.01194,6.83538,6.93528,86198101.292859,0
F.US,D,20100823,000000,6.97755,7.01194,6.83538,6.84246,71957519.106258,0
F.US,D,20100824,000000,6.64612,6.77006,6.53578,6.62375,146301765.69126,0
F.US,D,20100825,000000,6.50564,6.71816,6.45305,6.67052,133300936.60397,0
F.US,D,20100826,000000,6.71816,6.8125,6.56487,6.58184,96496185.143162,0
F.US,D,20100827,000000,6.6364,6.90655,6.5121,6.8125,107752904.3814,0
F.US,D,20100830,000000,6.82478,6.8834,6.68802,6.68802,57056791.781255,0
F.US,D,20100831,000000,6.64118,6.75319,6.5593,6.64612,110265638.75482,0
F.US,D,20100901,000000,6.7941,7.00769,6.75319,6.84246,137826241.85533,0
F.US,D,20100902,000000,6.8834,6.97107,6.81903,6.90073,67689716.090351,0
F.US,D,20100903,000000,7.00044,7.15444,6.97755,7.11324,110612842.92257,0
F.US,D,20100907,000000,7.077,7.11324,6.94211,6.95385,72052738.89512,0
F.US,D,20100908,000000,6.95951,7.04235,6.89496,6.95385,69118662.215943,0
F.US,D,20100909,000000,7.04887,7.0946,6.85838,6.9246,82297760.602397,0
F.US,D,20100910,000000,6.95951,7.05923,6.9246,6.94863,64224081.37057,0
F.US,D,20100913,000000,7.03112,7.07169,6.97755,7.06516,62195102.844102,0
F.US,D,20100914,000000,7.04887,7.10148,7.00769,7.05923,67457303.247816,0
F.US,D,20100915,000000,7.03112,7.04887,6.92883,6.9939,91429557.575289,0
F.US,D,20100916,000000,7.14224,7.38448,7.1304,7.33055,239749530.77411,0
F.US,D,20100917,000000,7.38448,7.38915,7.27175,7.36041,116943012.13497,0
F.US,D,20100920,000000,7.39463,7.42566,7.29597,7.40788,84519214.81602,0
F.US,D,20100921,000000,7.38448,7.51432,7.3727,7.39463,100211484.20825,0
F.US,D,20100922,000000,7.32595,7.38915,7.24407,7.29597,90071539.321837,0
F.US,D,20100923,000000,7.22473,7.33593,7.16027,7.2538,79501044.390336,0
F.US,D,20100924,000000,7.31445,7.40788,7.30208,7.4002,72307421.119006,0
F.US,D,20100927,000000,7.40788,7.42566,7.34202,7.35422,48843691.90975,0
F.US,D,20100928,000000,7.35422,7.38448,7.23142,7.37845,72406406.579148,0
F.US,D,20100929,000000,7.33593,7.36662,7.23808,7.26504,76557588.033698,0
F.US,D,20100930,000000,7.32595,7.34202,7.18953,7.2134,72205895.046758,0
F.US,D,20101001,000000,7.27696,7.31445,7.14224,7.22473,92463169.299624,0
F.US,D,20101004,000000,7.40788,7.61282,7.38448,7.5664,162303668.50748,0
F.US,D,20101005,000000,7.66063,7.70137,7.61282,7.66701,126513100.89349,0
F.US,D,20101006,000000,7.69663,7.92568,7.6839,7.80138,156541184.70407,0
F.US,D,20101007,000000,7.80138,7.88352,7.77371,7.84947,90720550.335151,0
F.US,D,20101008,000000,7.83806,8.08613,7.82508,8.0491,121795850.4746,0
F.US,D,20101011,000000,8.08613,8.19141,8.06076,8.12139,81377372.399006,0
F.US,D,20101012,000000,8.0802,8.16074,7.96396,8.12139,84892277.57358,0
F.US,D,20101013,000000,8.19141,8.19742,8.03733,8.03733,100111784.97863,0
F.US,D,20101014,000000,8.17948,8.25559,8.12139,8.19742,133625308.06676,0
F.US,D,20101015,000000,8.25047,8.27336,8.02131,8.13334,104045313.1217,0
F.US,D,20101018,000000,8.10204,8.19141,8.03733,8.17948,59067091.266007,0
F.US,D,20101019,000000,8.03231,8.03733,7.76558,7.84947,143512557.06715,0
F.US,D,20101020,000000,7.92568,8.09118,7.869,8.03733,103081703.97088,0
F.US,D,20101021,000000,8.12139,8.34549,8.0491,8.13846,144610316.4192,0
F.US,D,20101022,000000,8.16659,8.25559,8.14961,8.22051,64308073.147073,0
F.US,D,20101025,000000,8.27336,8.36743,8.25559,8.33861,130383379.55934,0
F.US,D,20101026,000000,8.23244,8.52833,8.1138,8.46115,364238233.25619,0
F.US,D,20101027,000000,8.45053,8.45495,8.30635,8.3859,137292869.41498,0
F.US,D,20101028,000000,8.42136,8.43814,8.28636,8.37884,87612239.247004,0
F.US,D,20101029,000000,8.35779,8.3859,8.309,8.32553,88543617.91665,0
F.US,D,20101101,000000,8.43197,8.46732,8.34549,8.3859,96030378.732046,0
F.US,D,20101102,000000,8.43814,8.52126,8.37884,8.50181,92633136.928157,0
F.US,D,20101103,000000,8.53539,8.95704,8.50976,8.94563,314721029.1496,0
F.US,D,20101104,000000,9.13829,9.41497,9.07376,9.34688,327836512.6903,0
F.US,D,20101105,000000,9.41497,9.58216,9.31773,9.55125,240017770.09331,0
F.US,D,20101108,000000,9.65373,9.71813,9.46371,9.66515,215624694.93033,0
F.US,D,20101109,000000,9.74038,9.77049,9.3567,9.46986,226604475.00622,0
F.US,D,20101110,000000,9.61765,9.84637,9.47604,9.80129,236765585.2502,0
F.US,D,20101111,000000,9.74912,9.81741,9.54573,9.78905,160590409.10988,0
F.US,D,20101112,000000,9.6997,9.74038,9.45399,9.60775,153150769.52266,0
F.US,D,20101115,000000,9.9064,10.2582,9.82965,10.0178,394807457.26461,0
F.US,D,20101116,000000,10.1318,10.2663,9.63952,9.72804,397449176.90833,0
F.US,D,20101117,000000,9.87749,9.96037,9.73503,9.82965,214590894.30028,0
F.US,D,20101118,000000,9.88361,9.94281,9.46099,9.49813,435376378.9416,0
F.US,D,20101119,000000,9.44054,9.65373,9.32836,9.59525,220994750.3131,0
F.US,D,20101122,000000,9.58216,9.74912,9.49273,9.54573,154739276.49522,0
F.US,D,20101123,000000,9.43625,9.52459,9.20472,9.25232,163727249.48472,0
F.US,D,20101124,000000,9.31773,9.46371,9.31773,9.39909,113204651.8682,0
F.US,D,20101126,000000,9.31773,9.53351,9.28245,9.48656,53550825.127098,0
F.US,D,20101129,000000,9.49813,9.49813,9.34688,9.46371,104400665.1207,0
F.US,D,20101130,000000,9.3876,9.42383,9.32836,9.39292,121585319.02146,0
F.US,D,20101201,000000,9.57143,9.72348,9.51046,9.6997,170548709.28014,0
F.US,D,20101202,000000,9.85345,9.93491,9.80129,9.88983,139687891.77732,0
F.US,D,20101203,000000,9.80129,9.91992,9.78448,9.89841,114171901.13023,0
F.US,D,20101206,000000,9.81741,9.88983,9.73503,9.81013,96921408.499738,0
F.US,D,20101207,000000,9.96846,9.97359,9.75271,9.75796,108485783.87348,0
F.US,D,20101208,000000,9.81741,9.85802,9.63434,9.8349,180920915.43206,0
F.US,D,20101209,000000,9.91193,9.92949,9.81741,9.87749,80042739.993578,0
F.US,D,20101210,000000,9.82965,9.88361,9.81013,9.85802,64737702.41823,0
F.US,D,20101213,000000,9.81013,9.85345,9.7068,9.7068,91119869.855039,0
F.US,D,20101214,000000,9.72348,9.77049,9.66084,9.67398,72790637.396956,0
F.US,D,20101215,000000,9.64749,9.81741,9.63434,9.75271,76010322.53998,0
F.US,D,20101216,000000,9.73503,9.88361,9.68828,9.88361,83903938.742513,0
F.US,D,20101217,000000,9.87749,9.92949,9.82965,9.89841,88079400.802066,0
F.US,D,20101220,000000,9.89841,9.96037,9.80129,9.92949,70911513.131329,0
F.US,D,20101221,000000,9.95257,10.0178,9.92229,10.0117,60207784.24783,0
F.US,D,20101222,000000,10.0178,10.0364,9.92949,10.0117,53562411.72095,0
F.US,D,20101223,000000,9.96037,9.97803,9.87108,9.88983,43658630.643122,0
F.US,D,20101227,000000,9.85345,9.94281,9.78448,9.94281,46987807.57097,0
F.US,D,20101228,000000,9.91992,9.92949,9.81013,9.85802,48160866.774594,0
F.US,D,20101229,000000,9.82159,9.89841,9.81013,9.86501,43338720.52234,0
F.US,D,20101230,000000,9.85345,9.92949,9.81013,9.8349,40777346.888057,0
F.US,D,20101231,000000,9.81013,9.91992,9.78905,9.89239,38025258.801278,0
F.US,D,20110103,000000,10.0258,10.2001,10.0178,10.1647,119956138.50059,0
F.US,D,20110104,000000,10.2487,10.4069,9.99224,10.2424,180593270.35778,0
F.US,D,20110105,000000,10.2001,10.6614,10.1497,10.5437,190332010.06072,0
F.US,D,20110106,000000,10.6236,10.779,10.5758,10.7377,163256592.60845,0
F.US,D,20110107,000000,10.8479,10.8479,10.6563,10.7667,167987190.85587,0
F.US,D,20110110,000000,10.8541,10.8967,10.6985,10.7906,110773546.25317,0
F.US,D,20110111,000000,10.8898,10.8967,10.6843,10.7728,103956248.03919,0
F.US,D,20110112,000000,10.8216,11.0496,10.779,11.024,112072056.94607,0
F.US,D,20110113,000000,11.0841,11.1795,10.9321,11.009,170380266.47135,0
F.US,D,20110114,000000,10.9647,11.0496,10.9505,10.9914,85255244.621864,0
F.US,D,20110118,000000,10.9993,11.0628,10.9647,11.0178,67382316.730871,0
F.US,D,20110119,000000,11.024,11.0293,10.4704,10.5509,151032366.20101,0
F.US,D,20110120,000000,10.4704,10.6076,10.2239,10.4785,158552133.48149,0
F.US,D,20110121,000000,10.6031,10.6739,10.5315,10.5758,82560190.222679,0
F.US,D,20110124,000000,10.619,10.619,10.4591,10.5634,87530344.663218,0
F.US,D,20110125,000000,10.5236,10.619,10.4069,10.5437,79873266.687168,0
F.US,D,20110126,000000,10.5908,10.8612,10.5509,10.826,113129529.61063,0
F.US,D,20110127,000000,10.9127,11.1266,10.8029,11.0708,114321668.29083,0
F.US,D,20110128,000000,10.4865,10.5368,9.41497,9.58737,814729283.72158,0
F.US,D,20110131,000000,9.75796,9.80673,9.10471,9.39909,466612203.6865,0
F.US,D,20110201,000000,9.51046,9.57143,9.33989,9.3637,303177719.59029,0
F.US,D,20110202,000000,9.37704,9.41497,9.02069,9.07376,316832241.61141,0
F.US,D,20110203,000000,9.06413,9.29834,8.89874,9.28772,259454681.14991,0
F.US,D,20110204,000000,9.37704,9.39909,9.21786,9.26472,134202985.11722,0
F.US,D,20110207,000000,9.33454,9.63952,9.31062,9.49273,200196902.57953,0
F.US,D,20110208,000000,9.52914,9.58216,9.44054,9.57143,101084634.67276,0
F.US,D,20110209,000000,9.51046,9.60775,9.44054,9.48126,104861333.74901,0
F.US,D,20110210,000000,9.42383,9.49273,9.37079,9.39909,110451228.99857,0
F.US,D,20110211,000000,9.46099,9.72804,9.42383,9.65373,160463278.9615,0
F.US,D,20110214,000000,9.65373,9.66084,9.44054,9.48126,117941060.9457,0
F.US,D,20110215,000000,9.44606,9.52459,9.39909,9.48656,87322962.39266,0
F.US,D,20110216,000000,9.52459,9.53351,9.43009,9.46099,101338483.22295,0
F.US,D,20110217,000000,9.43625,9.44606,9.32836,9.40973,91096986.247341,0
F.US,D,20110218,000000,9.39909,9.42383,9.25232,9.29215,116536927.0759,0
F.US,D,20110222,000000,9.05256,9.1445,8.88459,8.97391,164878980.44202,0
F.US,D,20110223,000000,8.85099,8.86338,8.53982,8.75818,269884838.36983,0
F.US,D,20110224,000000,8.58047,8.83243,8.54423,8.66269,203921011.21144,0
F.US,D,20110225,000000,8.80591,8.90404,8.75288,8.88017,132829546.72832,0
F.US,D,20110228,000000,9.00839,9.00839,8.77231,8.86957,91676234.495582,0
F.US,D,20110301,000000,8.89874,8.91111,8.60172,8.63795,125847334.96188,0
F.US,D,20110302,000000,8.63795,8.77231,8.61407,8.63795,113826658.41457,0
F.US,D,20110303,000000,8.77763,8.81299,8.63795,8.69805,112674935.37547,0
F.US,D,20110304,000000,8.71485,8.71485,8.41605,8.49738,138240987.16652,0
F.US,D,20110307,000000,8.45053,8.49738,8.23843,8.25559,178743638.00613,0
F.US,D,20110308,000000,8.26029,8.57429,8.25559,8.52833,180791509.3658,0
F.US,D,20110309,000000,8.59728,8.60172,8.39819,8.42136,115122556.10034,0
F.US,D,20110310,000000,8.309,8.41605,8.25559,8.28636,181697372.19072,0
F.US,D,20110311,000000,8.19141,8.52126,8.17347,8.46115,122632971.98267,0
F.US,D,20110314,000000,8.52833,8.62646,8.36743,8.42666,110478957.41555,0
F.US,D,20110315,000000,8.13334,8.72193,8.10204,8.64412,185025134.02251,0
F.US,D,20110316,000000,8.68126,8.71485,8.18717,8.35779,215946977.11859,0
F.US,D,20110317,000000,8.58047,8.59287,8.35779,8.40545,133486589.06218,0
F.US,D,20110318,000000,8.59287,8.64412,8.50181,8.53982,109483570.25232,0
F.US,D,20110321,000000,8.668,8.67418,8.54423,8.56899,45707768.915331,0
F.US,D,20110322,000000,8.5566,8.58755,8.43814,8.45053,76035293.159847,0
F.US,D,20110323,000000,8.40545,8.51506,8.26029,8.43197,109331984.16729,0
F.US,D,20110324,000000,8.48589,8.91111,8.4797,8.86338,217783340.82377,0
F.US,D,20110325,000000,8.95704,8.95704,8.77763,8.84392,99933702.32283,0
F.US,D,20110328,000000,8.83243,8.89255,8.73961,8.75818,69937285.669813,0
F.US,D,20110329,000000,8.73961,8.80591,8.68126,8.74757,56430208.513356,0
F.US,D,20110330,000000,8.76789,8.82095,8.68569,8.75818,69322345.554362,0
F.US,D,20110331,000000,8.73253,8.81299,8.668,8.7838,71116630.795726,0
F.US,D,20110401,000000,8.85718,9.08792,8.79177,8.93409,197075457.45436,0
F.US,D,20110404,000000,9.06934,9.27625,9.06934,9.16394,168002530.67811,0
F.US,D,20110405,000000,9.22223,9.31773,9.16394,9.30361,122770571.12707,0
F.US,D,20110406,000000,9.37704,9.41497,9.19842,9.27007,105630880.17848,0
F.US,D,20110407,000000,9.25761,9.3231,9.10471,9.15253,86968376.197042,0
F.US,D,20110408,000000,9.22223,9.24089,8.93409,9.03578,86677279.287098,0
F.US,D,20110411,000000,8.99865,9.07376,8.68569,8.75818,144907483.19761,0
F.US,D,20110412,000000,8.59728,8.83774,8.54423,8.7838,140152942.56561,0
F.US,D,20110413,000000,8.86338,8.86957,8.72193,8.82625,98730876.330452,0
F.US,D,20110414,000000,8.68569,8.75288,8.60967,8.72634,105889092.78989,0
F.US,D,20110415,000000,8.75818,8.77763,8.60967,8.668,80638302.003075,0
F.US,D,20110418,000000,8.55044,8.68569,8.53539,8.61407,84509774.055277,0
F.US,D,20110419,000000,8.63353,8.71485,8.56899,8.63795,56908048.331228,0
F.US,D,20110420,000000,8.81299,8.95704,8.74757,8.89255,120192571.52809,0
F.US,D,20110421,000000,8.97391,9.10471,8.89874,9.09407,90164587.260635,0
F.US,D,20110425,000000,9.13829,9.18611,9.04553,9.15773,92692452.189491,0
F.US,D,20110426,000000,9.45399,9.53351,9.2276,9.2276,282792542.59863,0
F.US,D,20110427,000000,9.33989,9.3497,9.08792,9.17991,143052926.85465,0
F.US,D,20110428,000000,9.11625,9.25232,9.08792,9.13209,81614634.575512,0
F.US,D,20110429,000000,9.12598,9.24089,9.07376,9.11625,68107377.562724,0
F.US,D,20110502,000000,9.1445,9.24532,9.08089,9.10471,71543242.100235,0
F.US,D,20110503,000000,9.08792,9.17022,8.99328,9.06413,116445862.08146,0
F.US,D,20110504,000000,9.08792,9.10471,8.82095,8.93053,121625180.38832,0
F.US,D,20110505,000000,8.82095,9.01366,8.76789,8.88459,106141633.70536,0
F.US,D,20110506,000000,8.99328,9.05869,8.88459,8.90404,99140514.400481,0
F.US,D,20110509,000000,8.91111,8.95704,8.85099,8.88459,55943512.750619,0
F.US,D,20110510,000000,8.91641,8.95704,8.88459,8.93053,62224056.320257,0
F.US,D,20110511,000000,8.90404,9.04553,8.87663,8.93053,93415304.97378,0
F.US,D,20110512,000000,8.92261,9.03931,8.91111,8.99328,82569897.939992,0
F.US,D,20110513,000000,8.96239,9.01366,8.85718,8.88459,73590718.68091,0
F.US,D,20110516,000000,8.96239,9.02693,8.89874,8.91641,87709255.336855,0
F.US,D,20110517,000000,8.87663,8.94563,8.73253,8.82095,110791016.07212,0
F.US,D,20110518,000000,8.84392,8.93409,8.76346,8.91111,69937427.0663,0
F.US,D,20110519,000000,8.89874,8.94025,8.84392,8.91111,65499096.491765,0
F.US,D,20110520,000000,8.86957,8.90404,8.81741,8.83774,66458098.379401,0
F.US,D,20110523,000000,8.668,8.79707,8.63353,8.72193,83915890.704892,0
F.US,D,20110524,000000,8.74757,8.75288,8.58047,8.63795,82773885.563656,0
F.US,D,20110525,000000,8.56899,8.63795,8.45495,8.59287,159330282.47333,0
F.US,D,20110526,000000,8.55044,8.60172,8.48589,8.58047,77915959.212786,0
F.US,D,20110527,000000,8.57429,8.62646,8.52126,8.60172,60440033.07044,0
F.US,D,20110531,000000,8.69186,8.79177,8.62646,8.79177,112409339.60502,0
F.US,D,20110601,000000,8.70955,8.77763,8.36743,8.3859,154511191.51641,0
F.US,D,20110602,000000,8.40545,8.46732,8.30635,8.35779,99296093.522347,0
F.US,D,20110603,000000,8.17948,8.37884,8.13846,8.25559,97107429.719989,0
F.US,D,20110606,000000,8.24525,8.32031,8.16659,8.19742,91109351.087466,0
F.US,D,20110607,000000,8.3525,8.36221,8.21458,8.22051,122959884.05757,0
F.US,D,20110608,000000,8.22732,8.25559,8.04247,8.07429,130430825.43384,0
F.US,D,20110609,000000,8.09788,8.17347,8.00365,8.13334,93837240.013621,0
F.US,D,20110610,000000,8.06076,8.09788,7.85611,7.869,163758496.9775,0
F.US,D,20110613,000000,7.81367,7.81367,7.53174,7.74241,187757255.79394,0
F.US,D,20110614,000000,7.8316,7.9887,7.8096,7.91498,103890305.24165,0
F.US,D,20110615,000000,7.83806,7.87351,7.69035,7.74834,143490668.89074,0
F.US,D,20110616,000000,7.69035,7.76558,7.47233,7.55914,149240427.01018,0
F.US,D,20110617,000000,7.62378,7.63102,7.47233,7.52528,128585255.12052,0
F.US,D,20110620,000000,7.46067,7.67814,7.45378,7.62378,78164690.341263,0
F.US,D,20110621,000000,7.70713,7.97209,7.6839,7.84947,122686538.62837,0
F.US,D,20110622,000000,7.88925,7.95715,7.85611,7.87351,71927907.288054,0
F.US,D,20110623,000000,7.7319,7.95715,7.69663,7.93645,100437544.38935,0
F.US,D,20110624,000000,7.96715,8.01549,7.74241,7.80138,140066877.351,0
F.US,D,20110627,000000,7.869,7.98198,7.71341,7.93072,84671806.512876,0
F.US,D,20110628,000000,7.98198,7.98198,7.8096,7.85611,91450724.064028,0
F.US,D,20110629,000000,7.89597,7.96396,7.84947,7.90834,91751757.188011,0
F.US,D,20110630,000000,7.93239,8.235,7.87511,8.1307,125399070.76471,0
F.US,D,20110701,000000,8.20847,8.32553,8.09118,8.26029,112433765.00002,0
F.US,D,20110705,000000,8.29166,8.35779,8.19742,8.309,79619509.761904,0
F.US,D,20110706,000000,8.32553,8.32553,8.18717,8.22732,78326503.351513,0
F.US,D,20110707,000000,8.32553,8.37884,8.19141,8.32031,112099254.84342,0
F.US,D,20110708,000000,8.17347,8.19141,8.02131,8.17948,116093050.69457,0
F.US,D,20110711,000000,8.03733,8.06765,7.81367,7.84947,103667833.13784,0
F.US,D,20110712,000000,7.73844,7.88352,7.7319,7.7319,97712315.979521,0
F.US,D,20110713,000000,7.83806,7.91498,7.79572,7.81934,74903162.018194,0
F.US,D,20110714,000000,7.86184,7.89597,7.6839,7.71341,77805759.314348,0
F.US,D,20110715,000000,7.74241,7.77946,7.66063,7.71341,69832565.168097,0
F.US,D,20110718,000000,7.67275,7.69663,7.44194,7.60353,111811239.24576,0
F.US,D,20110719,000000,7.66063,7.76558,7.57737,7.71341,91102087.832646,0
F.US,D,20110720,000000,7.77371,7.77371,7.61282,7.70713,56640965.069716,0
F.US,D,20110721,000000,7.75409,7.84947,7.70713,7.82508,73996586.554972,0
F.US,D,20110722,000000,7.8316,7.86184,7.74834,7.84223,44744866.746956,0
F.US,D,20110725,000000,7.6839,7.80138,7.66701,7.75992,76572396.205144,0
F.US,D,20110726,000000,7.83806,7.92073,7.57188,7.62378,184869233.64782,0
F.US,D,20110727,000000,7.54272,7.57188,7.24914,7.28987,192544081.20336,0
F.US,D,20110728,000000,7.30738,7.45378,7.24914,7.25821,118400223.9842,0
F.US,D,20110729,000000,7.1357,7.31904,7.07169,7.19404,116256933.74941,0
F.US,D,20110801,000000,7.51432,7.54899,7.19404,7.27696,124869376.89541,0
F.US,D,20110802,000000,7.23808,7.27696,6.96472,6.98497,164403240.0792,0
F.US,D,20110803,000000,7.02368,7.02368,6.69438,6.86473,216006596.66518,0
F.US,D,20110804,000000,6.77006,6.78297,6.34632,6.39859,259535649.30391,0
F.US,D,20110805,000000,6.5121,6.61782,6.08157,6.38736,236137970.35352,0
F.US,D,20110808,000000,5.90512,6.14045,5.81626,5.85181,342325744.561,0
F.US,D,20110809,000000,6.18776,6.45305,5.9693,6.42989,300410986.22082,0
F.US,D,20110810,000000,6.37639,6.4053,6.08157,6.13382,203182741.68521,0
F.US,D,20110811,000000,6.17614,6.55295,6.14558,6.4472,194670697.96424,0
F.US,D,20110812,000000,6.65257,6.66564,6.48159,6.51802,134454986.46368,0
F.US,D,20110815,000000,6.65257,6.70084,6.58184,6.68802,78266838.558061,0
F.US,D,20110816,000000,6.61782,6.74672,6.5121,6.61156,90445611.084739,0
F.US,D,20110817,000000,6.68237,6.71816,6.4351,6.54684,88472539.598647,0
F.US,D,20110818,000000,6.2887,6.30551,6.02287,6.11657,147162152.01197,0
F.US,D,20110819,000000,5.9227,6.15776,5.83413,5.8869,147559047.43046,0
F.US,D,20110822,000000,6.12241,6.12241,5.78108,5.89883,124443766.67804,0
F.US,D,20110823,000000,5.98689,6.08157,5.89883,6.07574,87938166.071164,0
F.US,D,20110824,000000,6.07574,6.16404,5.9693,6.15776,89892958.950396,0
F.US,D,20110825,000000,6.20472,6.31743,6.02287,6.05727,84971004.876024,0
F.US,D,20110826,000000,5.99891,6.20472,5.92802,6.12816,100750216.14109,0
F.US,D,20110829,000000,6.27024,6.45305,6.25246,6.4419,82554857.878306,0
F.US,D,20110830,000000,6.4419,6.45853,6.27024,6.4053,85414107.535777,0
F.US,D,20110831,000000,6.50071,6.65937,6.46957,6.55295,117415817.10668,0
F.US,D,20110901,000000,6.56487,6.64118,6.37021,6.39273,108413918.25983,0
F.US,D,20110902,000000,6.20472,6.29364,6.04577,6.14045,104983901.88109,0
F.US,D,20110906,000000,5.90512,6.05152,5.89281,6.02287,111142303.77045,0
F.US,D,20110907,000000,6.15185,6.23487,6.08157,6.22292,76148031.408045,0
F.US,D,20110908,000000,6.18155,6.27024,6.05152,6.09359,76199965.772679,0
F.US,D,20110909,000000,5.95198,6.06371,5.88106,5.9227,118437385.24372,0
F.US,D,20110912,000000,5.81068,5.97506,5.80433,5.95817,98835860.395221,0
F.US,D,20110913,000000,5.98689,6.02852,5.89281,5.99326,74896587.647067,0
F.US,D,20110914,000000,6.04037,6.18776,5.91681,6.08157,119918628.84012,0
F.US,D,20110915,000000,6.15776,6.27024,6.08157,6.2643,91098014.482605,0
F.US,D,20110916,000000,6.2643,6.29887,6.09995,6.25829,79085675.803421,0
F.US,D,20110919,000000,6.09359,6.25829,6.06947,6.21056,70256047.651107,0
F.US,D,20110920,000000,6.25246,6.27604,6.13382,6.14045,63877577.398233,0
F.US,D,20110921,000000,6.12816,6.19366,5.87513,5.87513,105343469.75779,0
F.US,D,20110922,000000,5.76916,5.97506,5.55707,5.6689,196231453.89639,0
F.US,D,20110923,000000,5.57475,5.88106,5.49228,5.81068,119778774.13895,0
F.US,D,20110926,000000,5.86923,5.94597,5.71618,5.94057,92231939.662904,0
F.US,D,20110927,000000,6.08157,6.09995,5.94597,5.96346,110227883.63005,0
F.US,D,20110928,000000,5.99891,6.02287,5.83413,5.85181,73695645.055914,0
F.US,D,20110929,000000,5.97506,5.98133,5.74563,5.89281,89067240.786321,0
F.US,D,20110930,000000,5.8289,5.90025,5.68632,5.69825,96176255.792458,0
F.US,D,20111003,000000,5.69259,5.84588,5.51579,5.52178,123122065.82987,0
F.US,D,20111004,000000,5.43322,5.9693,5.33324,5.94057,175800298.1602,0
F.US,D,20111005,000000,5.94057,6.2406,5.79291,6.22292,163070517.09196,0
F.US,D,20111006,000000,6.25246,6.48159,6.22292,6.47576,146188335.16584,0
F.US,D,20111007,000000,6.50564,6.60121,6.2643,6.29887,148880463.22331,0
F.US,D,20111010,000000,6.4419,6.61782,6.42315,6.60606,97511702.641659,0
F.US,D,20111011,000000,6.57611,6.65257,6.49433,6.62375,103844757.4736,0
F.US,D,20111012,000000,6.71816,6.95385,6.70632,6.70632,139819795.47116,0
F.US,D,20111013,000000,6.71118,6.75319,6.50564,6.68237,101713571.9094,0
F.US,D,20111014,000000,6.82478,6.87712,6.68237,6.8125,92380599.406209,0
F.US,D,20111017,000000,6.90073,6.92883,6.67052,6.71816,90834481.969712,0
F.US,D,20111018,000000,6.72445,7.03112,6.64118,6.94211,113125466.44114,0
F.US,D,20111019,000000,6.93528,7.02368,6.75319,6.8125,117758426.45415,0
F.US,D,20111020,000000,6.86978,6.9246,6.75935,6.89496,105270140.40768,0
F.US,D,20111021,000000,6.98948,7.25821,6.97755,7.22473,146624507.13532,0
F.US,D,20111024,000000,7.2538,7.45378,7.24914,7.3727,116241832.60444,0
F.US,D,20111025,000000,7.41336,7.41956,7.15444,7.32595,129961220.54746,0
F.US,D,20111026,000000,7.12288,7.18953,6.80048,6.9939,270239024.1306,0
F.US,D,20111027,000000,7.24407,7.24407,6.90073,7.11926,224430453.09304,0
F.US,D,20111028,000000,7.04887,7.11324,6.98948,7.07169,102213315.7401,0
F.US,D,20111031,000000,7.01644,7.01644,6.88056,6.88056,70768011.531923,0
F.US,D,20111101,000000,6.67689,6.71118,6.50071,6.52907,183656040.46491,0
F.US,D,20111102,000000,6.6364,6.64612,6.50564,6.57079,89532806.25782,0
F.US,D,20111103,000000,6.65257,6.71118,6.49433,6.67052,98047518.413326,0
F.US,D,20111104,000000,6.64612,6.71118,6.55295,6.64118,73166309.768108,0
F.US,D,20111107,000000,6.60121,6.65937,6.51802,6.61156,67679178.092858,0
F.US,D,20111108,000000,6.64118,6.8834,6.58803,6.84246,103001963.13841,0
F.US,D,20111109,000000,6.60121,6.70632,6.46957,6.50564,121850358.25532,0
F.US,D,20111110,000000,6.58184,6.59493,6.42315,6.47576,85706120.694966,0
F.US,D,20111111,000000,6.57079,6.58803,6.5121,6.56487,55648681.842206,0
F.US,D,20111114,000000,6.55295,6.57611,6.46957,6.49433,51654158.647523,0
F.US,D,20111115,000000,6.4419,6.48159,6.37639,6.4053,74481461.130939,0
F.US,D,20111116,000000,6.36428,6.37639,6.18776,6.22292,82985924.868959,0
F.US,D,20111117,000000,6.21056,6.22292,5.93438,5.99326,117936690.09745,0
F.US,D,20111118,000000,6.05727,6.06947,5.93438,5.95198,75337209.646825,0
F.US,D,20111121,000000,5.8869,5.96346,5.77507,5.9227,103163802.16561,0
F.US,D,20111122,000000,5.90512,5.98133,5.83413,5.94597,74755723.940551,0
F.US,D,20111123,000000,5.87513,5.91681,5.79291,5.79291,76170459.153463,0
F.US,D,20111125,000000,5.78108,5.86346,5.74563,5.74563,34139926.499689,0
F.US,D,20111128,000000,5.98133,6.00501,5.83413,5.89281,98211281.563945,0
F.US,D,20111129,000000,5.91034,5.9693,5.84588,5.8869,68565866.422767,0
F.US,D,20111130,000000,6.09049,6.24511,5.99493,6.24511,113169884.16844,0
F.US,D,20111201,000000,6.19366,6.37021,6.13382,6.2406,104090018.16667,0
F.US,D,20111202,000000,6.35908,6.54065,6.33459,6.42315,113987608.34065,0
F.US,D,20111205,000000,6.57611,6.73035,6.49433,6.54684,111607862.45492,0
F.US,D,20111206,000000,6.54285,6.59706,6.48345,6.51397,67294834.15786,0
F.US,D,20111207,000000,6.48159,6.57079,6.4107,6.52907,76443341.933346,0
F.US,D,20111208,000000,6.45853,6.54684,5.79876,6.33459,139884972.46532,0
F.US,D,20111209,000000,6.4472,6.54684,6.4053,6.50071,81837936.959501,0
F.US,D,20111212,000000,6.4053,6.41734,6.29364,6.39273,69107185.345766,0
F.US,D,20111213,000000,6.4351,6.50564,6.10589,6.17614,114851581.60748,0
F.US,D,20111214,000000,6.08793,6.13382,5.95198,5.98133,90168264.700507,0
F.US,D,20111215,000000,6.07574,6.13382,6.00501,6.04037,79037330.64725,0
F.US,D,20111216,000000,6.08157,6.12816,5.98689,6.04037,77886400.559661,0
F.US,D,20111219,000000,6.04037,6.12241,5.8869,5.90512,76414926.895021,0
F.US,D,20111220,000000,6.01713,6.11657,5.99891,6.08793,76674734.458821,0
F.US,D,20111221,000000,6.11657,6.32946,6.08793,6.28259,95162043.666341,0
F.US,D,20111222,000000,6.35304,6.46957,6.28259,6.4472,74284063.714812,0
F.US,D,20111223,000000,6.47576,6.48159,6.35908,6.45305,45699084.908594,0
F.US,D,20111227,000000,6.4053,6.46957,6.34122,6.37021,42990173.653538,0
F.US,D,20111228,000000,6.37639,6.38736,6.14558,6.2002,56690411.987325,0
F.US,D,20111229,000000,6.22292,6.33459,6.18776,6.29364,58172733.590562,0
F.US,D,20111230,000000,6.2643,6.35908,6.24733,6.34122,45504898.889514,0
F.US,D,20120103,000000,6.47576,6.62933,6.47576,6.5593,77526929.963745,0
F.US,D,20120104,000000,6.57079,6.7941,6.52351,6.65937,135277533.95289,0
F.US,D,20120105,000000,6.67689,6.85317,6.62375,6.83035,115133200.42801,0
F.US,D,20120106,000000,6.90433,6.95226,6.79199,6.8986,101532752.94876,0
F.US,D,20120109,000000,6.97107,7.04235,6.89496,6.95385,91585978.289053,0
F.US,D,20120110,000000,7.07169,7.10148,6.85317,6.95385,206557034.27344,0
F.US,D,20120111,000000,6.91504,7.17601,6.86252,7.11254,108259529.13081,0
F.US,D,20120112,000000,7.16549,7.17601,7.00478,7.15293,82546643.307911,0
F.US,D,20120113,000000,7.07036,7.11694,6.97559,7.09239,78702815.965966,0
F.US,D,20120117,000000,7.18795,7.22384,7.04659,7.08212,75320415.137509,0
F.US,D,20120118,000000,7.08733,7.28838,7.07036,7.27105,79862634.802406,0
F.US,D,20120119,000000,7.35335,7.49559,7.32435,7.43281,120254125.37864,0
F.US,D,20120120,000000,7.39393,7.44829,7.33513,7.41885,74148945.230416,0
F.US,D,20120123,000000,7.47772,7.5664,7.39393,7.46067,83803664.877568,0
F.US,D,20120124,000000,7.39931,7.57737,7.34132,7.55537,77604847.347102,0
F.US,D,20120125,000000,7.53571,7.65011,7.48373,7.6189,91618468.939763,0
F.US,D,20120126,000000,7.67814,7.69104,7.46067,7.53571,127877376.78994,0
F.US,D,20120127,000000,7.07611,7.41266,6.97559,7.22384,240243756.74824,0
F.US,D,20120130,000000,7.13401,7.35963,7.09973,7.27105,97598215.800346,0
F.US,D,20120131,000000,7.37987,7.4025,7.21861,7.34883,78459317.638733,0
F.US,D,20120201,000000,7.53174,7.54272,7.27105,7.29536,121101801.85178,0
F.US,D,20120202,000000,7.34132,7.35335,7.21712,7.2538,81708309.183546,0
F.US,D,20120203,000000,7.36591,7.59788,7.32976,7.5664,133244390.45147,0
F.US,D,20120206,000000,7.60353,7.69104,7.51999,7.6678,78354220.456772,0
F.US,D,20120207,000000,7.65011,7.67275,7.59018,7.6189,66591215.820691,0
F.US,D,20120208,000000,7.63897,7.6678,7.57188,7.59788,59724716.1534,0
F.US,D,20120209,000000,7.62378,7.63182,7.49559,7.50735,88357793.520312,0
F.US,D,20120210,000000,7.40719,7.49083,7.31824,7.35963,88732240.832288,0
F.US,D,20120213,000000,7.52528,7.53571,7.39931,7.41885,58257272.854269,0
F.US,D,20120214,000000,7.3719,7.44105,7.30075,7.38377,66988410.999735,0
F.US,D,20120215,000000,7.38377,7.43644,7.29536,7.32435,64465755.117515,0
F.US,D,20120216,000000,7.32435,7.55537,7.32435,7.53571,83094639.538681,0
F.US,D,20120217,000000,7.59788,7.6189,7.51999,7.54272,51991236.564351,0
F.US,D,20120221,000000,7.53571,7.54899,7.3719,7.41266,64935404.119601,0
F.US,D,20120222,000000,7.39393,7.39931,7.22994,7.26344,73210219.599228,0
F.US,D,20120223,000000,7.2538,7.35963,7.19246,7.33513,62067876.546108,0
F.US,D,20120224,000000,7.35335,7.3719,7.2118,7.23658,53053287.081621,0
F.US,D,20120227,000000,7.17601,7.31285,7.09239,7.27547,65371414.331492,0
F.US,D,20120228,000000,7.30075,7.30666,7.21712,7.24868,52015307.902549,0
F.US,D,20120229,000000,7.25451,7.42815,7.25,7.32762,104939361.98721,0
F.US,D,20120301,000000,7.38377,7.55537,7.36591,7.49083,115356270.92175,0
F.US,D,20120302,000000,7.54272,7.65586,7.50037,7.52528,82919779.591646,0
F.US,D,20120305,000000,7.49559,7.50037,7.34132,7.3719,48065770.28347,0
F.US,D,20120306,000000,7.22384,7.24868,7.09973,7.15293,96947410.748385,0
F.US,D,20120307,000000,7.21712,7.27547,7.18795,7.24266,61974480.206362,0
F.US,D,20120308,000000,7.34132,7.42477,7.28838,7.3719,62730549.853726,0
F.US,D,20120309,000000,7.41266,7.53174,7.38377,7.44105,61121470.257665,0
F.US,D,20120312,000000,7.43644,7.44829,7.31824,7.35335,51175346.02181,0
F.US,D,20120313,000000,7.38377,7.52528,7.33513,7.51363,72317566.599847,0
F.US,D,20120314,000000,7.47772,7.63182,7.47233,7.6189,80422334.137735,0
F.US,D,20120315,000000,7.63897,7.7142,7.59018,7.63182,93502754.742805,0
F.US,D,20120316,000000,7.60822,7.63182,7.39931,7.39931,130363139.50038,0
F.US,D,20120319,000000,7.40719,7.50037,7.38377,7.47233,88649453.753867,0
F.US,D,20120320,000000,7.37784,7.46067,7.32976,7.41885,67979889.964018,0
F.US,D,20120321,000000,7.45378,7.49559,7.42477,7.43644,46531641.006853,0
F.US,D,20120322,000000,7.38377,7.41885,7.24266,7.28838,84727126.47503,0
F.US,D,20120323,000000,7.28157,7.31824,7.20598,7.28838,75657077.914246,0
F.US,D,20120326,000000,7.36591,7.39393,7.32976,7.38377,45204860.065637,0
F.US,D,20120327,000000,7.39931,7.46067,7.27547,7.28838,59253095.518678,0
F.US,D,20120328,000000,7.30666,7.31285,7.20598,7.28838,69364784.862002,0
F.US,D,20120329,000000,7.29536,7.40719,7.24266,7.39393,86254455.146137,0
F.US,D,20120330,000000,7.42655,7.44282,7.33513,7.38448,61513091.021547,0
F.US,D,20120402,000000,7.39393,7.48373,7.35963,7.46544,74266188.936324,0
F.US,D,20120403,000000,7.52309,7.65833,7.37405,7.4802,164012818.35755,0
F.US,D,20120404,000000,7.37405,7.4093,7.29058,7.4025,87051702.844463,0
F.US,D,20120405,000000,7.32762,7.44459,7.32762,7.36802,47293575.780559,0
F.US,D,20120409,000000,7.2538,7.27105,7.16549,7.22994,72944880.604798,0
F.US,D,20120410,000000,7.2118,7.26344,6.89339,6.97559,130766264.28256,0
F.US,D,20120411,000000,7.09239,7.11254,7.02829,7.04659,58719130.344254,0
F.US,D,20120412,000000,7.06295,7.17601,7.01644,7.1402,45611460.939095,0
F.US,D,20120413,000000,7.08804,7.11837,7.00549,7.05244,67106747.417706,0
F.US,D,20120416,000000,7.10565,7.12818,6.99815,7.02829,53916458.347567,0
F.US,D,20120417,000000,7.08804,7.10059,7.0289,7.04748,60824513.877239,0
F.US,D,20120418,000000,6.9879,7.00989,6.93247,6.97559,54632603.282443,0
F.US,D,20120419,000000,6.9879,7.02829,6.85042,6.8986,81405344.017945,0
F.US,D,20120420,000000,6.92813,6.93336,6.73762,6.74884,88941035.936559,0
F.US,D,20120423,000000,6.59555,6.74318,6.59555,6.71401,52919911.733137,0
F.US,D,20120424,000000,6.86845,6.86845,6.72037,6.73762,65299252.3508,0
F.US,D,20120425,000000,6.80913,6.95226,6.76228,6.93979,76364733.403952,0
F.US,D,20120426,000000,6.92813,7.05772,6.90433,7.02227,69021154.066312,0
F.US,D,20120427,000000,7.11837,7.12225,6.81531,6.86252,129154207.44205,0
F.US,D,20120430,000000,6.78702,6.81665,6.62437,6.70297,77653069.205535,0
F.US,D,20120501,000000,6.68493,6.73762,6.60227,6.67212,74061584.823971,0
F.US,D,20120502,000000,6.63154,6.63754,6.53578,6.59555,81729174.780559,0
F.US,D,20120503,000000,6.61269,6.62437,6.4472,6.48829,67721910.374021,0
F.US,D,20120504,000000,6.4419,6.45853,6.3168,6.33996,89643853.404017,0
F.US,D,20120507,000000,6.25642,6.4107,6.25042,6.33335,55947789.711603,0
F.US,D,20120508,000000,6.29754,6.32123,6.17942,6.30426,77731284.087105,0
F.US,D,20120509,000000,6.22674,6.42315,6.18538,6.35175,91742732.698531,0
F.US,D,20120510,000000,6.4351,6.45305,6.33335,6.36428,71464882.42866,0
F.US,D,20120511,000000,6.30426,6.4351,6.27464,6.28728,61541816.000975,0
F.US,D,20120514,000000,6.18538,6.25642,6.11976,6.13152,84510856.586793,0
F.US,D,20120515,000000,6.14302,6.14302,6.00129,6.03101,70553712.145148,0
F.US,D,20120516,000000,6.07855,6.19762,6.03101,6.03676,74552412.757688,0
F.US,D,20120517,000000,6.03676,6.09049,5.94799,5.94799,67441104.866095,0
F.US,D,20120518,000000,5.98919,6.0478,5.91792,5.94799,85105659.579938,0
F.US,D,20120521,000000,5.95364,6.07855,5.9418,6.05984,64155496.155451,0
F.US,D,20120522,000000,6.09049,6.17942,6.03101,6.05425,74500018.006088,0
F.US,D,20120523,000000,6.13152,6.20817,6.07256,6.18538,127257904.06865,0
F.US,D,20120524,000000,6.23849,6.31018,6.16723,6.29233,60787978.155786,0
F.US,D,20120525,000000,6.30426,6.34528,6.24511,6.29754,51230121.890277,0
F.US,D,20120529,000000,6.35175,6.46418,6.34528,6.4419,73670242.328378,0
F.US,D,20120530,000000,6.37569,6.38692,6.25042,6.33335,75051890.762986,0
F.US,D,20120531,000000,6.30868,6.34395,6.17741,6.27271,91418315.988869,0
F.US,D,20120601,000000,6.1378,6.16147,5.97681,6.01323,114829860.8445,0
F.US,D,20120604,000000,6.03101,6.0478,5.88825,5.96565,96449535.613682,0
F.US,D,20120605,000000,5.94799,6.08484,5.9236,6.05425,64484706.771659,0
F.US,D,20120606,000000,6.11409,6.28728,6.10243,6.2804,87335225.427313,0
F.US,D,20120607,000000,6.37569,6.40476,6.25042,6.2681,56929665.026389,0
F.US,D,20120608,000000,6.22674,6.34528,6.16723,6.33335,51837427.726521,0
F.US,D,20120611,000000,6.39859,6.41662,6.20817,6.20817,60252200.843965,0
F.US,D,20120612,000000,6.22037,6.2681,6.1263,6.23849,59143829.968237,0
F.US,D,20120613,000000,6.17351,6.23265,6.07256,6.11976,69621789.381815,0
F.US,D,20120614,000000,6.10243,6.20817,6.06611,6.18538,63168383.514731,0
F.US,D,20120615,000000,6.17942,6.19173,6.09695,6.14938,66405602.953501,0
F.US,D,20120618,000000,6.14302,6.17942,6.09695,6.14302,46076678.009646,0
F.US,D,20120619,000000,6.16147,6.32123,6.14938,6.27464,62534271.166616,0
F.US,D,20120620,000000,6.28728,6.38161,6.25042,6.32803,68683427.987982,0
F.US,D,20120621,000000,6.32803,6.34528,6.09049,6.10243,67380251.210967,0
F.US,D,20120622,000000,6.14938,6.17942,6.0478,6.05425,95142543.393822,0
F.US,D,20120625,000000,6.01899,6.0478,5.91176,5.94799,76675788.71104,0
F.US,D,20120626,000000,5.97681,5.98919,5.91792,5.94799,53651195.141655,0
F.US,D,20120627,000000,5.97124,5.99493,5.9236,5.95364,34827813.629134,0
F.US,D,20120628,000000,5.90025,5.99493,5.90025,5.99493,64791721.532692,0
F.US,D,20120629,000000,5.91176,5.92969,5.62073,5.69825,232493708.88425,0
F.US,D,20120702,000000,5.64477,5.70408,5.52569,5.57926,106570833.13119,0
F.US,D,20120703,000000,5.65741,5.81865,5.63946,5.70513,83527415.730086,0
F.US,D,20120705,000000,5.74713,5.78887,5.66332,5.68711,53490149.065958,0
F.US,D,20120706,000000,5.62709,5.65645,5.58508,5.64477,51096637.949289,0
F.US,D,20120709,000000,5.62073,5.62709,5.53151,5.61488,62908302.20733,0
F.US,D,20120710,000000,5.64477,5.67429,5.51368,5.55548,56408624.622183,0
F.US,D,20120711,000000,5.54365,5.57351,5.50198,5.54365,53911071.706942,0
F.US,D,20120712,000000,5.50198,5.51368,5.4188,5.42472,92719412.540744,0
F.US,D,20120713,000000,5.44206,5.53814,5.43039,5.50792,50896702.183399,0
F.US,D,20120716,000000,5.47802,5.53789,5.43666,5.50198,48539307.123404,0
F.US,D,20120717,000000,5.51383,5.55575,5.41845,5.54964,49667996.108941,0
F.US,D,20120718,000000,5.57396,5.65741,5.54964,5.57396,52173231.94378,0
F.US,D,20120719,000000,5.61488,5.64477,5.54365,5.55548,56504607.952083,0
F.US,D,20120720,000000,5.51383,5.55575,5.45434,5.47229,47073005.176727,0
F.US,D,20120723,000000,5.39512,5.47238,5.37718,5.44852,56844528.503914,0
F.US,D,20120724,000000,5.46026,5.48996,5.31688,5.38256,90037604.164601,0
F.US,D,20120725,000000,5.44824,5.46647,5.29307,5.3289,74623405.106627,0
F.US,D,20120726,000000,5.37637,5.41244,5.24518,5.32279,87182830.554368,0
F.US,D,20120727,000000,5.34075,5.40634,5.27508,5.34676,114410240.18239,0
F.US,D,20120730,000000,5.37054,5.45434,5.35277,5.40634,68942323.827223,0
F.US,D,20120731,000000,5.42472,5.51368,5.4188,5.48996,69643335.944316,0
F.US,D,20120801,000000,5.54964,5.62762,5.37054,5.40051,110408511.42264,0
F.US,D,20120802,000000,5.37054,5.39457,5.26869,5.3289,75854390.49248,0
F.US,D,20120803,000000,5.38849,5.46647,5.35277,5.43039,64667903.455655,0
F.US,D,20120806,000000,5.45434,5.50208,5.43039,5.46647,39871306.469147,0
F.US,D,20120807,000000,5.48395,5.60983,5.48395,5.56166,72950416.560115,0
F.US,D,20120808,000000,5.52594,5.60366,5.52003,5.58587,37885674.45019,0
F.US,D,20120809,000000,5.56166,5.65158,5.55575,5.5798,51742781.441818,0
F.US,D,20120810,000000,5.55575,5.59173,5.51383,5.58587,32840974.649751,0
F.US,D,20120813,000000,5.58587,5.62762,5.52594,5.61533,35356480.394341,0
F.US,D,20120814,000000,5.64566,5.77109,5.62762,5.63946,79705489.007449,0
F.US,D,20120815,000000,5.63946,5.69941,5.62143,5.66917,35562446.437672,0
F.US,D,20120816,000000,5.67535,5.77693,5.66917,5.72901,57458793.309735,0
F.US,D,20120817,000000,5.77693,5.84252,5.73505,5.75305,57799280.578693,0
F.US,D,20120820,000000,5.723,5.75915,5.68127,5.75305,65129284.722267,0
F.US,D,20120821,000000,5.76499,5.79469,5.68711,5.69338,43990467.8405,0
F.US,D,20120822,000000,5.67535,5.71116,5.61533,5.66917,45140900.21245,0
F.US,D,20120823,000000,5.64566,5.69941,5.62762,5.64566,39400130.384985,0
F.US,D,20120824,000000,5.62762,5.68711,5.62143,5.66917,32766827.462361,0
F.US,D,20120827,000000,5.68127,5.68711,5.60366,5.60983,38090478.77997,0
F.US,D,20120828,000000,5.59765,5.63946,5.56166,5.5798,38641341.400355,0
F.US,D,20120829,000000,5.57396,5.61533,5.54964,5.56778,43716483.299179,0
F.US,D,20120830,000000,5.55575,5.5798,5.52594,5.56166,27554287.767747,0
F.US,D,20120831,000000,5.60983,5.63346,5.56166,5.5798,46918568.538489,0
F.US,D,20120904,000000,5.59765,5.65741,5.58587,5.62143,63527657.286736,0
F.US,D,20120905,000000,5.64566,5.74713,5.60983,5.71717,67975774.760617,0
F.US,D,20120906,000000,5.77109,5.94983,5.77109,5.92605,113827013.60255,0
F.US,D,20120907,000000,5.94419,6.11145,5.93226,6.05727,101474990.78645,0
F.US,D,20120910,000000,6.02217,6.14045,6.01022,6.03958,72596155.010834,0
F.US,D,20120911,000000,6.08157,6.12295,6.05089,6.06317,47129278.716801,0
F.US,D,20120912,000000,6.12295,6.15317,6.07574,6.09995,46931138.120729,0
F.US,D,20120913,000000,6.09359,6.20224,6.04577,6.17741,85239706.844537,0
F.US,D,20120914,000000,6.21833,6.31468,6.20666,6.29083,93632806.708226,0
F.US,D,20120917,000000,6.13506,6.22487,6.1286,6.20666,53447219.960883,0
F.US,D,20120918,000000,6.15317,6.24308,6.14045,6.22487,58492047.583748,0
F.US,D,20120919,000000,6.26625,6.36922,6.24308,6.32654,70983535.977874,0
F.US,D,20120920,000000,6.26102,6.28498,6.18341,6.2368,48111154.031585,0
F.US,D,20120921,000000,6.29083,6.29532,6.18934,6.2125,59366704.769246,0
F.US,D,20120924,000000,6.15317,6.2125,6.1286,6.1651,47786788.224659,0
F.US,D,20120925,000000,6.18341,6.19552,6.01022,6.02782,61680274.836015,0
F.US,D,20120926,000000,5.96233,6.04577,5.89071,5.98008,74262672.122862,0
F.US,D,20120927,000000,6.05089,6.08157,5.98574,5.98574,43080600.667026,0
F.US,D,20120928,000000,5.96805,5.97362,5.86047,5.89071,74644026.370507,0
F.US,D,20121001,000000,5.90812,6.02217,5.90254,5.93226,55971993.396916,0
F.US,D,20121002,000000,5.98008,6.00368,5.80072,5.84863,106514488.32729,0
F.US,D,20121003,000000,5.86639,5.98574,5.83059,5.93781,85400972.367583,0
F.US,D,20121004,000000,6.01022,6.06317,5.94983,6.03958,78436800.530735,0
F.US,D,20121005,000000,6.07574,6.14045,6.05089,6.06947,68122182.340655,0
F.US,D,20121008,000000,6.01022,6.04577,5.96805,6.00368,42642012.514358,0
F.US,D,20121009,000000,6.09995,6.12295,5.98574,6.03365,64006484.617683,0
F.US,D,20121010,000000,6.04577,6.04577,5.94419,5.96233,56840659.895989,0
F.US,D,20121011,000000,6.01022,6.1286,6.00368,6.05727,65830494.794443,0
F.US,D,20121012,000000,6.05727,6.12295,6.02782,6.04577,40360997.575098,0
F.US,D,20121015,000000,6.03958,6.12295,6.02782,6.10641,44255608.879846,0
F.US,D,20121016,000000,6.1286,6.1651,6.10641,6.15317,54866949.297769,0
F.US,D,20121017,000000,6.159,6.21833,6.1286,6.21833,49073665.945652,0
F.US,D,20121018,000000,6.18934,6.31468,6.17113,6.23089,73722937.971707,0
F.US,D,20121019,000000,6.22487,6.23089,6.05089,6.08157,67785617.975873,0
F.US,D,20121022,000000,6.05727,6.11728,5.99211,6.07574,65439517.667377,0
F.US,D,20121023,000000,5.98574,6.03958,5.95612,5.97362,54370261.893569,0
F.US,D,20121024,000000,6.02217,6.14672,5.98008,6.07574,82590787.291616,0
F.US,D,20121025,000000,6.22487,6.26625,6.14045,6.20666,99247998.355168,0
F.US,D,20121026,000000,6.18341,6.22487,6.10641,6.18934,72791269.722053,0
F.US,D,20121031,000000,6.42315,6.7057,6.36378,6.70004,229837241.02119,0
F.US,D,20121101,000000,6.71763,6.78366,6.53119,6.75319,147876698.60093,0
F.US,D,20121102,000000,6.78987,6.83098,6.69305,6.7057,88970188.498969,0
F.US,D,20121105,000000,6.69305,6.8133,6.68122,6.75319,63303763.299838,0
F.US,D,20121106,000000,6.80118,6.95818,6.75935,6.85476,85325933.816731,0
F.US,D,20121107,000000,6.75319,6.80684,6.62746,6.63912,94413848.106629,0
F.US,D,20121108,000000,6.64479,6.74107,6.53721,6.54285,76534844.691318,0
F.US,D,20121109,000000,6.45896,6.66424,6.42989,6.56124,67808288.92325,0
F.US,D,20121112,000000,6.6212,6.70004,6.5791,6.58441,42829841.347317,0
F.US,D,20121113,000000,6.53721,6.66424,6.51943,6.60377,55552777.694342,0
F.US,D,20121114,000000,6.61501,6.63375,6.37569,6.40476,76065193.426889,0
F.US,D,20121115,000000,6.34528,6.48285,6.27933,6.34528,81441583.372357,0
F.US,D,20121116,000000,6.35784,6.38692,6.23089,6.30275,75540009.539984,0
F.US,D,20121119,000000,6.39232,6.54285,6.39232,6.50236,65552848.649655,0
F.US,D,20121120,000000,6.51342,6.61501,6.45896,6.51342,57879234.071486,0
F.US,D,20121121,000000,6.50723,6.60377,6.48285,6.55577,35287408.775304,0
F.US,D,20121123,000000,6.59147,6.66424,6.5791,6.66424,26707009.467109,0
F.US,D,20121126,000000,6.63375,6.6868,6.58441,6.66865,44665651.90942,0
F.US,D,20121127,000000,6.66424,6.7667,6.66424,6.66424,62654799.795743,0
F.US,D,20121128,000000,6.63375,6.75935,6.59147,6.75319,64098261.119256,0
F.US,D,20121129,000000,6.79472,6.92096,6.79472,6.92096,95434187.790969,0
F.US,D,20121130,000000,6.91504,6.96312,6.80118,6.87269,68815276.25439,0
F.US,D,20121203,000000,6.93918,7.02307,6.84458,6.84962,79509178.647525,0
F.US,D,20121204,000000,6.84962,6.86694,6.74107,6.78987,62904473.190421,0
F.US,D,20121205,000000,6.79472,6.84458,6.71047,6.78987,55227263.747929,0
F.US,D,20121206,000000,6.75935,6.78987,6.71763,6.74672,51753132.795946,0
F.US,D,20121207,000000,6.7667,6.90354,6.75935,6.89287,63983867.966557,0
F.US,D,20121210,000000,6.84962,6.92096,6.84962,6.88657,43354931.346952,0
F.US,D,20121211,000000,6.90876,6.95226,6.84458,6.89798,60508816.240642,0
F.US,D,20121212,000000,6.91504,6.93918,6.86122,6.88657,51810896.089422,0
F.US,D,20121213,000000,6.87995,6.90354,6.73035,6.7667,59044356.973002,0
F.US,D,20121214,000000,6.74672,6.7667,6.6212,6.66424,61526334.782244,0
F.US,D,20121217,000000,6.70004,6.84962,6.6868,6.83734,78266817.065794,0
F.US,D,20121218,000000,6.89287,7.01061,6.84458,7.00619,102968473.6629,0
F.US,D,20121219,000000,7.08867,7.11403,6.97559,7.04235,91432317.634743,0
F.US,D,20121220,000000,7.04809,7.08435,6.95226,7.06516,79530172.066964,0
F.US,D,20121221,000000,6.93247,7.11996,6.88657,7.11996,157446929.88711,0
F.US,D,20121224,000000,7.00619,7.44282,7.00619,7.44282,152815552.38361,0
F.US,D,20121226,000000,7.38915,7.67814,7.38915,7.67814,233729556.04696,0
F.US,D,20121227,000000,7.68301,7.68946,7.41956,7.65922,180379432.48913,0
F.US,D,20121228,000000,7.53412,7.7319,7.51601,7.7264,159315294.44556,0
F.US,D,20121231,000000,7.7319,7.85187,7.65922,7.77371,178137090.05507,0
F.US,D,20130102,000000,7.94141,7.9705,7.80385,7.92418,125225037.70434,0
F.US,D,20130103,000000,7.94814,8.21873,7.834,8.08099,202008780.93758,0
F.US,D,20130104,000000,8.10885,8.16835,8.01549,8.14536,91056907.695473,0
F.US,D,20130107,000000,8.11549,8.1513,8.01549,8.06076,72390673.109082,0
F.US,D,20130108,000000,8.03231,8.06076,7.92418,8.01549,77165948.12216,0
F.US,D,20130109,000000,8.04247,8.16332,8.03733,8.08613,61602225.105544,0
F.US,D,20130110,000000,8.27158,8.36743,8.21192,8.30459,141123187.17083,0
F.US,D,20130111,000000,8.40545,8.447,8.34549,8.40545,112642209.441,0
F.US,D,20130114,000000,8.42842,8.45231,8.31941,8.39925,76994012.254507,0
F.US,D,20130115,000000,8.35161,8.58489,8.33861,8.58489,92296866.668072,0
F.US,D,20130116,000000,8.49915,8.55395,8.41163,8.53717,85701920.653673,0
F.US,D,20130117,000000,8.56634,8.58489,8.447,8.53717,73760386.54889,0
F.US,D,20130118,000000,8.4629,8.48235,8.3859,8.46998,76165901.661845,0
F.US,D,20130122,000000,8.43991,8.51771,8.40545,8.50534,59084317.882992,0
F.US,D,20130123,000000,8.40545,8.41605,8.27859,8.32986,96803309.62787,0
F.US,D,20130124,000000,8.29599,8.3929,8.29166,8.32464,70854249.815836,0
F.US,D,20130125,000000,8.30459,8.30811,8.18806,8.21192,88946747.223522,0
F.US,D,20130128,000000,8.15561,8.35955,8.1147,8.33162,84609891.818499,0
F.US,D,20130129,000000,8.1991,8.22996,7.79414,7.94646,216845677.363,0
F.US,D,20130130,000000,7.869,7.98137,7.79414,7.81844,98540727.463909,0
F.US,D,20130131,000000,7.77786,7.87441,7.66125,7.83091,108999439.98747,0
F.US,D,20130201,000000,7.9224,7.93981,7.82419,7.87441,74767567.310426,0
F.US,D,20130204,000000,7.82419,7.86184,7.77786,7.78997,54080364.025847,0
F.US,D,20130205,000000,7.84143,8.01372,7.82419,7.9705,64695424.868174,0
F.US,D,20130206,000000,7.94646,8.02548,7.89004,7.98137,55437062.201682,0
F.US,D,20130207,000000,8.01877,8.04742,7.86184,7.9034,56172896.314786,0
F.US,D,20130208,000000,7.9224,7.95971,7.89004,7.9224,30778434.252777,0
F.US,D,20130211,000000,7.89765,7.98137,7.87441,7.92647,29254640.493883,0
F.US,D,20130212,000000,7.93326,7.98137,7.89004,7.90914,43379671.207748,0
F.US,D,20130213,000000,7.92647,7.94646,7.85611,7.8844,40521720.135627,0
F.US,D,20130214,000000,7.869,7.96474,7.83728,7.92647,55387165.077653,0
F.US,D,20130215,000000,7.94646,7.94646,7.869,7.87441,53649071.931984,0
F.US,D,20130219,000000,7.8844,7.91745,7.80058,7.85611,51412082.203378,0
F.US,D,20130220,000000,7.83091,7.84947,7.60265,7.6189,83296508.47736,0
F.US,D,20130221,000000,7.5641,7.5641,7.43733,7.49302,72280793.332294,0
F.US,D,20130222,000000,7.52936,7.55844,7.44369,7.54678,39473507.244304,0
F.US,D,20130225,000000,7.57737,7.60265,7.31745,7.33345,63867399.113406,0
F.US,D,20130226,000000,7.4002,7.46863,7.32365,7.46305,48275859.448404,0
F.US,D,20130227,000000,7.46863,7.77044,7.46863,7.71597,85270884.204662,0
F.US,D,20130228,000000,7.72879,7.78413,7.6189,7.62378,62335001.660981,0
F.US,D,20130301,000000,7.59629,7.70961,7.48692,7.62378,64172955.793849,0
F.US,D,20130304,000000,7.5893,7.70961,7.57737,7.70961,40245248.14728,0
F.US,D,20130305,000000,7.78413,7.84947,7.73517,7.78413,44422733.873376,0
F.US,D,20130306,000000,7.84143,7.86184,7.77044,7.79414,47870353.549352,0
F.US,D,20130307,000000,7.79414,7.80791,7.72225,7.75813,45818465.398236,0
F.US,D,20130308,000000,7.82419,7.85611,7.74073,7.84947,40873944.444302,0
F.US,D,20130311,000000,7.84143,8.10292,7.80058,8.06677,80528233.320579,0
F.US,D,20130312,000000,8.08613,8.14536,7.96474,8.09788,76147133.25755,0
F.US,D,20130313,000000,8.08613,8.1351,8.07429,8.10292,43768648.422882,0
F.US,D,20130314,000000,8.1222,8.1351,8.08613,8.1222,52352053.254837,0
F.US,D,20130315,000000,8.04247,8.1351,8.01877,8.1351,104214751.36178,0
F.US,D,20130318,000000,7.95971,8.09788,7.74073,8.01877,60983212.771225,0
F.US,D,20130319,000000,8.02548,8.07429,7.91745,7.95971,62243743.23614,0
F.US,D,20130320,000000,7.99348,8.10292,7.9705,8.0802,54064795.706879,0
F.US,D,20130321,000000,8.01372,8.1147,8.00038,8.01877,49176395.58481,0
F.US,D,20130322,000000,8.0071,8.04742,7.98137,8.01877,35427848.292353,0
F.US,D,20130325,000000,8.04742,8.10292,8.01877,8.03653,45053223.077871,0
F.US,D,20130326,000000,8.07429,8.08613,8.0071,8.04742,40086863.719083,0
F.US,D,20130327,000000,8.00038,8.01372,7.9224,7.99348,43393090.300092,0
F.US,D,20130328,000000,8.0071,8.0071,7.9224,7.95229,42126614.39563,0
F.US,D,20130401,000000,7.869,7.95229,7.80058,7.80058,54508794.254782,0
F.US,D,20130402,000000,7.85611,7.97632,7.83728,7.869,58193185.178657,0
F.US,D,20130403,000000,7.89004,7.89004,7.61282,7.66868,74731512.337034,0
F.US,D,20130404,000000,7.66868,7.72879,7.52936,7.651,49290642.816334,0
F.US,D,20130405,000000,7.51673,7.55844,7.34673,7.52309,70463684.435344,0
F.US,D,20130408,000000,7.53482,7.75813,7.4971,7.72879,39500776.405489,0
F.US,D,20130409,000000,7.77044,7.83728,7.70961,7.74073,49307318.552599,0
F.US,D,20130410,000000,7.78413,7.93981,7.75081,7.93326,51421102.168172,0
F.US,D,20130411,000000,7.95229,8.21192,7.93981,8.19486,85139427.323732,0
F.US,D,20130412,000000,8.1222,8.19486,8.01877,8.18284,62765840.154908,0
F.US,D,20130415,000000,8.0802,8.14014,7.80791,7.83091,92384130.924905,0
F.US,D,20130416,000000,7.96474,8.0071,7.86184,7.93326,60098289.069492,0
F.US,D,20130417,000000,7.84143,7.89004,7.74073,7.81844,73708282.508469,0
F.US,D,20130418,000000,7.82419,7.84947,7.651,7.70961,57681683.94715,0
F.US,D,20130419,000000,7.78997,7.84143,7.70961,7.81844,44602884.311423,0
F.US,D,20130422,000000,7.84143,7.90914,7.74073,7.89765,43139527.936395,0
F.US,D,20130423,000000,7.93326,8.1351,7.92647,8.0802,66189113.617912,0
F.US,D,20130424,000000,8.1513,8.18806,7.93326,8.06076,76119614.107375,0
F.US,D,20130425,000000,8.10292,8.1991,8.07429,8.14536,69492586.926497,0
F.US,D,20130426,000000,8.17692,8.32031,8.1351,8.26559,72456571.790919,0
F.US,D,20130429,000000,8.309,8.32031,8.20512,8.26029,34177976.860326,0
F.US,D,20130430,000000,8.26029,8.309,8.17692,8.29166,41089266.410481,0
F.US,D,20130501,000000,8.309,8.39378,8.13423,8.14961,64596779.890775,0
F.US,D,20130502,000000,8.24959,8.25471,8.14961,8.16747,55769701.399943,0
F.US,D,20130503,000000,8.27158,8.424,8.2647,8.424,75376125.353971,0
F.US,D,20130506,000000,8.44346,8.61938,8.424,8.58312,88344992.047831,0
F.US,D,20130507,000000,8.65473,8.68126,8.58312,8.64324,69070349.863757,0
F.US,D,20130508,000000,8.61938,8.67418,8.59021,8.65473,54729985.871991,0
F.US,D,20130509,000000,8.64324,8.68659,8.62557,8.65032,50191830.507758,0
F.US,D,20130510,000000,8.65473,8.668,8.54248,8.59464,50699308.160788,0
F.US,D,20130513,000000,8.59021,8.59993,8.4797,8.53628,37362541.377954,0
F.US,D,20130514,000000,8.5301,8.70955,8.51594,8.69276,53150699.08164,0
F.US,D,20130515,000000,8.69983,8.99865,8.69276,8.93767,93330648.068194,0
F.US,D,20130516,000000,8.99865,9.04553,8.89344,8.91907,67192618.070748,0
F.US,D,20130517,000000,9.00839,9.22852,8.98445,9.18427,98076956.031055,0
F.US,D,20130520,000000,9.14094,9.27801,9.13737,9.1684,56767949.296924,0
F.US,D,20130521,000000,9.17817,9.27091,8.98445,9.10741,101510059.37794,0
F.US,D,20130522,000000,9.18427,9.33198,9.05256,9.11805,110214195.31879,0
F.US,D,20130523,000000,8.83155,9.10201,8.75641,9.0198,80651310.480015,0
F.US,D,20130524,000000,8.9606,9.06413,8.9332,9.00839,41513480.761716,0
F.US,D,20130528,000000,9.27091,9.3497,9.19842,9.30804,97256986.482616,0
F.US,D,20130529,000000,9.30185,9.57675,9.28329,9.52194,106965220.74156,0
F.US,D,20130530,000000,9.60247,9.75796,9.58737,9.6855,101436963.04925,0
F.US,D,20130531,000000,9.67311,9.77389,9.55125,9.55125,85528444.129882,0
F.US,D,20130603,000000,9.70508,9.79507,9.44858,9.67763,96885206.473999,0
F.US,D,20130604,000000,9.73416,9.80304,9.52194,9.61216,82507369.019269,0
F.US,D,20130605,000000,9.56537,9.57143,9.24707,9.28855,106426498.98926,0
F.US,D,20130606,000000,9.28855,9.43102,9.17269,9.4044,89972590.059196,0
F.US,D,20130607,000000,9.48931,9.60247,9.41674,9.58216,60910908.262874,0
F.US,D,20130610,000000,9.66084,9.6855,9.50258,9.57143,48561320.859903,0
F.US,D,20130611,000000,9.45651,9.55029,9.38144,9.44858,58056882.357273,0
F.US,D,20130612,000000,9.52194,9.57143,9.32578,9.36286,59436330.662518,0
F.US,D,20130613,000000,9.32578,9.50258,9.24707,9.48931,56343155.78567,0
F.US,D,20130614,000000,9.45651,9.48401,9.3497,9.36286,44628464.632948,0
F.US,D,20130617,000000,9.46193,9.57675,9.4044,9.47333,51478134.724594,0
F.US,D,20130618,000000,9.46538,9.57143,9.4044,9.53265,42606618.14536,0
F.US,D,20130619,000000,9.50258,9.51663,9.32578,9.33198,59088769.044449,0
F.US,D,20130620,000000,9.25326,9.30804,8.98445,9.02693,94070208.261563,0
F.US,D,20130621,000000,9.14978,9.17269,8.88636,9.13737,79192240.115345,0
F.US,D,20130624,000000,8.93767,9.03578,8.70955,8.93767,96197396.264244,0
F.US,D,20130625,000000,9.04553,9.13737,9.03931,9.11805,55858673.726356,0
F.US,D,20130626,000000,9.23464,9.32578,9.19842,9.31515,65013370.143352,0
F.US,D,20130627,000000,9.39909,9.56537,9.37611,9.53265,58839407.853218,0
F.US,D,20130628,000000,9.47863,9.53265,9.4044,9.42561,73986331.350456,0
F.US,D,20130701,000000,9.50781,9.61917,9.47863,9.58737,59106601.969577,0
F.US,D,20130702,000000,9.60247,9.87463,9.5574,9.85433,115344585.91594,0
F.US,D,20130703,000000,9.8384,10.0224,9.8315,10.0074,62568740.236992,0
F.US,D,20130705,000000,10.0682,10.1973,10.0384,10.1717,73421950.094601,0
F.US,D,20130708,000000,10.2644,10.3141,10.2019,10.2397,68965930.25377,0
F.US,D,20130709,000000,10.2716,10.3203,10.1833,10.2566,55430645.063448,0
F.US,D,20130710,000000,10.2089,10.2848,10.146,10.1833,62768897.712574,0
F.US,D,20130711,000000,10.3246,10.3495,10.2716,10.3415,56794252.437297,0
F.US,D,20130712,000000,10.3415,10.4237,10.3361,10.4237,44816281.023016,0
F.US,D,20130715,000000,10.5033,10.5325,10.4183,10.43,43721304.35385,0
F.US,D,20130716,000000,10.3246,10.3246,9.99401,10.1117,103874362.50478,0
F.US,D,20130717,000000,10.1373,10.2521,10.1248,10.2211,45760004.171694,0
F.US,D,20130718,000000,10.2469,10.3415,10.2211,10.3141,40384858.515321,0
F.US,D,20130719,000000,10.2895,10.2895,10.146,10.2089,48530353.897753,0
F.US,D,20130722,000000,10.2778,10.3795,10.2521,10.3795,47157387.207538,0
F.US,D,20130723,000000,10.4529,10.4591,10.2469,10.3203,57426497.220594,0
F.US,D,20130724,000000,10.65,10.7703,10.5066,10.5794,129032707.13625,0
F.US,D,20130725,000000,10.5113,10.5183,10.2848,10.3308,84675230.570242,0
F.US,D,20130726,000000,10.307,10.4351,10.2955,10.3679,49818996.246923,0
F.US,D,20130729,000000,10.4042,10.4698,10.3857,10.4042,45682609.389756,0
F.US,D,20130730,000000,10.4698,10.5066,10.3909,10.4042,42467010.039662,0
F.US,D,20130731,000000,10.4704,10.5076,10.3193,10.3415,68793924.253459,0
F.US,D,20130801,000000,10.4414,10.5475,10.3857,10.5334,64484899.070883,0
F.US,D,20130802,000000,10.5076,10.7234,10.4926,10.7234,52592468.007448,0
F.US,D,20130805,000000,10.6862,10.7234,10.4873,10.5334,87818658.890269,0
F.US,D,20130806,000000,10.5262,10.558,10.4183,10.436,47326813.004728,0
F.US,D,20130807,000000,10.3857,10.3909,10.2469,10.2768,53939975.411532,0
F.US,D,20130808,000000,10.3741,10.436,10.3361,10.4042,43407904.127398,0
F.US,D,20130809,000000,10.3857,10.4873,10.3795,10.43,41841113.393114,0
F.US,D,20130812,000000,10.3609,10.5043,10.3495,10.4591,37799155.635644,0
F.US,D,20130813,000000,10.5076,10.5475,10.3909,10.4529,36485764.376301,0
F.US,D,20130814,000000,10.4414,10.4529,10.3246,10.3495,47737314.158924,0
F.US,D,20130815,000000,10.239,10.2521,9.94014,10.0674,91221840.477845,0
F.US,D,20130816,000000,10.0808,10.1699,9.94014,9.98602,49734238.667038,0
F.US,D,20130819,000000,9.98257,9.99224,9.87108,9.87819,45640396.316499,0
F.US,D,20130820,000000,9.84034,10.0266,9.69174,9.99224,69518748.670382,0
F.US,D,20130821,000000,9.99224,10.0603,9.87108,9.9579,56988122.859415,0
F.US,D,20130822,000000,9.98602,10.1047,9.9579,10.0533,26875551.819037,0
F.US,D,20130823,000000,10.0932,10.1231,10.0187,10.0808,35164198.137581,0
F.US,D,20130826,000000,10.0737,10.1815,10.0364,10.0533,40447345.582685,0
F.US,D,20130827,000000,9.90029,9.91439,9.71401,9.72891,71797106.486831,0
F.US,D,20130828,000000,9.72425,9.89515,9.62886,9.81557,60437917.778972,0
F.US,D,20130829,000000,9.93215,10.208,9.89515,10.1109,77881462.994283,0
F.US,D,20130830,000000,10.1585,10.1647,9.87819,9.92091,65740420.706591,0
F.US,D,20130903,000000,10.0603,10.1357,9.93215,10.0117,54589981.856126,0
F.US,D,20130904,000000,10.0364,10.43,10.0329,10.3609,113455122.73908,0
F.US,D,20130905,000000,10.4793,10.6297,10.436,10.6022,91335016.489572,0
F.US,D,20130906,000000,10.619,10.6236,10.307,10.4183,100749780.63991,0
F.US,D,20130909,000000,10.4873,10.6703,10.4793,10.6076,62818491.682532,0
F.US,D,20130910,000000,10.7162,10.834,10.6429,10.7535,74825202.781476,0
F.US,D,20130911,000000,10.7234,10.7728,10.6579,10.7481,53679510.636853,0
F.US,D,20130912,000000,10.7535,10.7596,10.6076,10.6579,43809834.392047,0
F.US,D,20130913,000000,10.6915,10.7162,10.589,10.6297,35219830.303183,0
F.US,D,20130916,000000,10.7419,10.779,10.6022,10.6297,44178090.800172,0
F.US,D,20130917,000000,10.6297,10.6915,10.6022,10.6862,37814498.851402,0
F.US,D,20130918,000000,10.6359,10.888,10.6236,10.8046,73695546.643959,0
F.US,D,20130919,000000,10.8745,10.888,10.7296,10.8216,50163321.582164,0
F.US,D,20130920,000000,10.8454,10.8508,10.6022,10.6579,78259862.620904,0
F.US,D,20130923,000000,10.5801,10.6297,10.4042,10.5405,69747853.966259,0
F.US,D,20130924,000000,10.558,10.6633,10.4643,10.5739,55130544.025116,0
F.US,D,20130925,000000,10.567,10.6633,10.5122,10.5334,51631831.576404,0
F.US,D,20130926,000000,10.5739,10.6508,10.4926,10.5801,52769824.450884,0
F.US,D,20130927,000000,10.5183,10.5405,10.4183,10.4467,55523577.622712,0
F.US,D,20130930,000000,10.2768,10.4237,10.2273,10.3361,59571937.81318,0
F.US,D,20131001,000000,10.3741,10.6236,10.3679,10.5334,68233567.707251,0
F.US,D,20131002,000000,10.4704,10.5537,10.3857,10.5475,48180611.380245,0
F.US,D,20131003,000000,10.4873,10.5183,10.2699,10.3857,59758744.066733,0
F.US,D,20131004,000000,10.3972,10.5043,10.3795,10.4704,40791911.857542,0
F.US,D,20131007,000000,10.3308,10.3857,10.3,10.3,49509722.53559,0
F.US,D,20131008,000000,10.3133,10.3246,10.0808,10.1109,74239311.16062,0
F.US,D,20131009,000000,10.1151,10.2557,10.0187,10.1815,82948570.179044,0
F.US,D,20131010,000000,10.3361,10.4183,10.3133,10.3741,76619231.246818,0
F.US,D,20131011,000000,10.43,10.4926,10.3415,10.4873,50273032.814336,0
F.US,D,20131014,000000,10.3741,10.567,10.3679,10.5262,50954520.904299,0
F.US,D,20131015,000000,10.5262,10.5475,10.3857,10.3972,64046500.955095,0
F.US,D,20131016,000000,10.4643,10.597,10.436,10.597,53996053.258864,0
F.US,D,20131017,000000,10.5624,10.7162,10.5624,10.696,43842629.328001,0
F.US,D,20131018,000000,10.7358,10.7535,10.6802,10.7419,37567309.510234,0
F.US,D,20131021,000000,10.779,10.7844,10.6703,10.7234,36145971.646896,0
F.US,D,20131022,000000,10.7535,10.834,10.6862,10.7844,49279757.549064,0
F.US,D,20131023,000000,10.8216,10.8508,10.6579,10.7358,74148333.266414,0
F.US,D,20131024,000000,11.0338,11.0426,10.81,10.8825,116502823.37406,0
F.US,D,20131025,000000,10.9321,10.9383,10.6758,10.7844,77490809.382382,0
F.US,D,20131028,000000,10.8216,10.8578,10.7358,10.7657,60910778.178105,0
F.US,D,20131029,000000,10.7657,10.7966,10.6703,10.7916,60271906.989771,0
F.US,D,20131030,000000,10.8508,10.8702,10.6297,10.6862,64744245.116546,0
F.US,D,20131031,000000,10.6572,10.6792,10.5385,10.5457,62838564.328037,0
F.US,D,20131101,000000,10.6226,10.6226,10.3291,10.4088,85181545.378549,0
F.US,D,20131104,000000,10.4573,10.4847,10.3388,10.4768,55118937.070171,0
F.US,D,20131105,000000,10.4088,10.5616,10.3725,10.5325,70618740.955788,0
F.US,D,20131106,000000,10.5724,10.6022,10.3821,10.422,60111386.909014,0
F.US,D,20131107,000000,10.422,10.4272,10.1859,10.1982,77087246.83667,0
F.US,D,20131108,000000,10.2681,10.3955,10.2363,10.3821,63261809.264946,0
F.US,D,20131111,000000,10.3955,10.5616,10.3105,10.4088,47962158.330225,0
F.US,D,20131112,000000,10.3529,10.3821,10.2681,10.3034,50998494.081046,0
F.US,D,20131113,000000,10.2681,10.5385,10.2541,10.5385,63492234.63844,0
F.US,D,20131114,000000,10.5457,10.6022,10.4847,10.5325,57667924.372062,0
F.US,D,20131115,000000,10.5573,10.566,10.4768,10.5166,53716136.852058,0
F.US,D,20131118,000000,10.5166,10.5872,10.4272,10.4625,50670725.70902,0
F.US,D,20131119,000000,10.4698,10.4971,10.3655,10.3955,43552948.645286,0
F.US,D,20131120,000000,10.4088,10.5236,10.3769,10.4272,50433930.706513,0
F.US,D,20131121,000000,10.4847,10.566,10.4625,10.5325,53632093.041646,0
F.US,D,20131122,000000,10.5573,10.5616,10.4768,10.4847,48345237.61503,0
F.US,D,20131125,000000,10.5385,10.5616,10.4326,10.4404,40775024.59213,0
F.US,D,20131126,000000,10.5059,10.5059,10.3821,10.3955,42891932.504511,0
F.US,D,20131127,000000,10.3901,10.5325,10.3584,10.4971,51205021.185642,0
F.US,D,20131129,000000,10.5095,10.5872,10.5033,10.5236,24209135.299045,0
F.US,D,20131202,000000,10.5527,10.6022,10.4971,10.5095,45025802.339651,0
F.US,D,20131203,000000,10.5059,10.6022,10.117,10.2035,121464132.05028,0
F.US,D,20131204,000000,10.2363,10.3291,10.162,10.2424,65056677.059844,0
F.US,D,20131205,000000,10.2681,10.3901,10.1797,10.3176,72621103.007263,0
F.US,D,20131206,000000,10.4272,10.445,10.2424,10.292,53967752.468902,0
F.US,D,20131209,000000,10.2796,10.3449,10.1664,10.2035,55784179.269192,0
F.US,D,20131210,000000,10.193,10.2857,10.1726,10.1859,49517524.228239,0
F.US,D,20131211,000000,10.193,10.2363,10.0622,10.1125,61415310.259486,0
F.US,D,20131212,000000,10.0824,10.1469,9.98355,10.1001,50212895.191026,0
F.US,D,20131213,000000,10.1506,10.3449,10.1469,10.2231,78757056.79012,0
F.US,D,20131216,000000,10.3034,10.4404,10.2974,10.3901,61649408.548165,0
F.US,D,20131217,000000,10.3901,10.4698,10.2681,10.292,65791076.846969,0
F.US,D,20131218,000000,9.85345,9.85977,9.34782,9.6449,357561831.5527,0
F.US,D,20131219,000000,9.52733,9.55029,9.39816,9.42926,137374051.36047,0
F.US,D,20131220,000000,9.46193,9.55029,9.44139,9.50164,99501620.670976,0
F.US,D,20131223,000000,9.54573,9.55029,9.31949,9.33538,96089608.024314,0
F.US,D,20131224,000000,9.36726,9.38498,9.30453,9.36014,36741996.305702,0
F.US,D,20131226,000000,9.38498,9.45493,9.38051,9.4469,40505680.117973,0
F.US,D,20131227,000000,9.46193,9.46193,9.39816,9.42926,35425686.622837,0
F.US,D,20131230,000000,9.46538,9.50164,9.39816,9.41497,53281228.401607,0
F.US,D,20131231,000000,9.42383,9.50781,9.40357,9.50781,45165167.24339,0
F.US,D,20140102,000000,9.50164,9.52194,9.41497,9.51568,51174028.206537,0
F.US,D,20140103,000000,9.56622,9.63615,9.42926,9.5574,74849849.886176,0
F.US,D,20140106,000000,9.68732,9.71401,9.56622,9.60247,69231592.763365,0
F.US,D,20140107,000000,9.69174,9.6997,9.46193,9.47863,88803617.779676,0
F.US,D,20140108,000000,9.61284,9.68022,9.5574,9.57675,78713020.267746,0
F.US,D,20140109,000000,9.75447,9.87296,9.71911,9.76165,110342369.53885,0
F.US,D,20140110,000000,9.86674,9.92791,9.82072,9.90226,73243462.479257,0
F.US,D,20140113,000000,10.0895,10.1859,9.90926,9.92791,93657302.235891,0
F.US,D,20140114,000000,10.049,10.1258,9.96757,10.1071,71632119.408208,0
F.US,D,20140115,000000,10.0895,10.3105,10.0762,10.292,104110956.15868,0
F.US,D,20140116,000000,10.2743,10.3291,10.2035,10.3105,62422072.487417,0
F.US,D,20140117,000000,10.3388,10.3388,10.138,10.1797,60497850.660167,0
F.US,D,20140121,000000,10.2541,10.2796,10.0824,10.1125,57919802.420789,0
F.US,D,20140122,000000,10.1318,10.2424,10.0895,10.1982,46843042.452544,0
F.US,D,20140123,000000,10.162,10.1859,10.049,10.1258,61593063.744261,0
F.US,D,20140124,000000,9.97803,9.98789,9.72522,9.75447,107498132.79494,0
F.US,D,20140127,000000,9.79963,9.80488,9.56622,9.68022,83335426.446851,0
F.US,D,20140128,000000,9.84122,9.86674,9.5574,9.68732,93858316.008608,0
F.US,D,20140129,000000,9.61668,9.64835,9.44232,9.47958,84278330.627066,0
F.US,D,20140130,000000,9.58472,9.59989,9.43102,9.47426,52637140.248435,0
F.US,D,20140131,000000,9.37528,9.38144,9.25595,9.29215,103384457.60734,0
F.US,D,20140203,000000,9.31949,9.31949,8.94472,9.0384,148823618.44143,0
F.US,D,20140204,000000,9.04372,9.27443,8.97561,9.23646,89252259.78826,0
F.US,D,20140205,000000,9.24967,9.27443,9.00749,9.1507,73327126.215907,0
F.US,D,20140206,000000,9.05076,9.22578,9.02513,9.22578,76718051.555861,0
F.US,D,20140207,000000,9.28152,9.39909,9.28152,9.29834,62213520.585106,0
F.US,D,20140210,000000,9.34782,9.35221,9.17991,9.21966,58400900.013756,0
F.US,D,20140211,000000,9.26296,9.32393,9.20544,9.29215,70158488.59874,0
F.US,D,20140212,000000,9.37528,9.39199,9.31154,9.31949,49244734.204452,0
F.US,D,20140213,000000,9.25595,9.37528,9.2444,9.36726,43672597.222669,0
F.US,D,20140214,000000,9.39199,9.53967,9.33538,9.46538,55368620.645395,0
F.US,D,20140218,000000,9.552,9.59989,9.49103,9.55997,52029249.596314,0
F.US,D,20140219,000000,9.5095,9.62273,9.44858,9.47426,42406830.562992,0
F.US,D,20140220,000000,9.48401,9.50334,9.40973,9.48401,33249934.016637,0
F.US,D,20140221,000000,9.48401,9.5095,9.38592,9.4159,48436799.193939,0
F.US,D,20140224,000000,9.43102,9.53967,9.39199,9.43102,49305600.302471,0
F.US,D,20140225,000000,9.44858,9.49642,9.38592,9.40973,42570778.094631,0
F.US,D,20140226,000000,9.4044,9.60592,9.36099,9.47958,56287953.465394,0
F.US,D,20140227,000000,9.45651,9.58472,9.4159,9.55997,41421829.820225,0
F.US,D,20140228,000000,9.52459,9.57334,9.46193,9.55997,57458383.825505,0
F.US,D,20140303,000000,9.44232,9.51842,9.33538,9.44232,69055917.241386,0
F.US,D,20140304,000000,9.52459,9.55997,9.47958,9.54573,53300588.408809,0
F.US,D,20140305,000000,9.552,9.73319,9.53967,9.71113,53117658.681383,0
F.US,D,20140306,000000,9.76593,9.83238,9.72707,9.73319,42911868.278217,0
F.US,D,20140307,000000,9.76593,9.81362,9.65373,9.70411,38193957.25493,0
F.US,D,20140310,000000,9.63069,9.71629,9.59989,9.63338,49146928.556609,0
F.US,D,20140311,000000,9.62273,9.63952,9.42467,9.50334,55831715.637448,0
F.US,D,20140312,000000,9.46538,9.57847,9.40973,9.56793,50352646.955557,0
F.US,D,20140313,000000,9.60592,9.60592,9.38144,9.43102,55287761.083905,0
F.US,D,20140314,000000,9.43102,9.47426,9.35221,9.36726,43373769.883906,0
F.US,D,20140317,000000,9.43102,9.52459,9.4159,9.49103,43350936.047774,0
F.US,D,20140318,000000,9.49642,9.66783,9.49103,9.62273,45595760.273013,0
F.US,D,20140319,000000,9.63338,9.66084,9.53351,9.61668,39228768.021489,0
F.US,D,20140320,000000,9.59989,9.66084,9.54573,9.66084,34133117.975976,0
F.US,D,20140321,000000,9.77127,9.77836,9.59989,9.60872,51133198.556522,0
F.US,D,20140324,000000,9.61668,9.65373,9.50334,9.55997,43519116.424692,0
F.US,D,20140325,000000,9.58472,9.60592,9.49642,9.52459,39692797.361537,0
F.US,D,20140326,000000,9.552,9.59192,9.46193,9.47426,39350415.379634,0
F.US,D,20140327,000000,9.46538,9.552,9.42467,9.47426,45469003.411361,0
F.US,D,20140328,000000,9.51842,9.67667,9.5095,9.59989,58943609.147027,0
F.US,D,20140331,000000,9.69097,9.71113,9.61668,9.69097,43525883.095046,0
F.US,D,20140401,000000,9.73319,10.2249,9.73319,10.1388,136713247.88001,0
F.US,D,20140402,000000,10.0957,10.2443,10.0337,10.2249,64245285.187982,0
F.US,D,20140403,000000,10.2249,10.2443,10.1515,10.1806,42029077.9667,0
F.US,D,20140404,000000,10.2443,10.2443,10.0056,10.0206,49131346.663578,0
F.US,D,20140407,000000,9.98691,10.0434,9.8518,9.90029,45227613.588564,0
F.US,D,20140408,000000,9.93215,10.0374,9.88983,9.99934,43179223.020987,0
F.US,D,20140409,000000,9.94014,9.99322,9.78632,9.83937,59372482.795351,0
F.US,D,20140410,000000,9.87749,9.8845,9.68464,9.71113,50301971.585256,0
F.US,D,20140411,000000,9.80391,9.89427,9.69097,9.71113,63317959.507282,0
F.US,D,20140414,000000,9.77127,9.79594,9.64835,9.75271,32859709.118889,0
F.US,D,20140415,000000,9.78973,9.86405,9.72707,9.83937,46146948.670907,0
F.US,D,20140416,000000,9.90029,9.98257,9.87749,9.98257,35182930.344375,0
F.US,D,20140417,000000,9.93215,9.99934,9.93215,9.94014,28413444.504591,0
F.US,D,20140421,000000,9.9437,9.98691,9.87749,9.92604,40082531.330676,0
F.US,D,20140422,000000,9.91439,10.049,9.89427,9.99934,30449328.835556,0
F.US,D,20140423,000000,9.98691,10.1388,9.98691,10.0824,31868808.18345,0
F.US,D,20140424,000000,10.194,10.2124,10.0622,10.1388,44153942.542282,0
F.US,D,20140425,000000,9.81975,9.87749,9.75796,9.80391,86709274.484511,0
F.US,D,20140428,000000,9.90029,9.97359,9.78632,9.92091,53132126.370086,0
F.US,D,20140429,000000,9.94014,10.0337,9.8845,10.0127,43719401.722701,0
F.US,D,20140430,000000,10.0355,10.131,9.96935,10.1109,42350959.720118,0
F.US,D,20140501,000000,10.1109,10.1453,9.92229,9.96214,49064787.377347,0
F.US,D,20140502,000000,9.97902,10.002,9.8915,9.95346,35424802.046405,0
F.US,D,20140505,000000,9.8915,9.93491,9.8349,9.85345,40132491.800331,0
F.US,D,20140506,000000,9.85345,9.86674,9.7227,9.74106,37186792.3298,0
F.US,D,20140507,000000,9.7872,9.7872,9.66084,9.67667,51396645.100351,0
F.US,D,20140508,000000,9.72804,9.98434,9.71208,9.89772,58773002.406367,0
F.US,D,20140509,000000,9.84637,9.95346,9.84637,9.87296,40205111.905645,0
F.US,D,20140512,000000,9.89772,9.95346,9.87996,9.91804,28193545.816872,0
F.US,D,20140513,000000,9.92229,9.95346,9.85977,9.9288,26370281.082399,0
F.US,D,20140514,000000,9.92229,9.94636,9.85977,9.85977,24100383.300649,0
F.US,D,20140515,000000,9.85345,9.85977,9.73503,9.82072,43517214.924715,0
F.US,D,20140516,000000,9.82869,9.9288,9.74106,9.86674,40937431.467631,0
F.US,D,20140519,000000,9.84122,9.97902,9.84122,9.96935,27741440.159906,0
F.US,D,20140520,000000,9.95346,9.97458,9.85345,9.87296,32503471.412285,0
F.US,D,20140521,000000,9.90394,10.002,9.8915,9.96214,28450023.210576,0
F.US,D,20140522,000000,9.92229,10.0355,9.92229,9.96214,39686535.193855,0
F.US,D,20140523,000000,9.96214,10.0355,9.95346,10.0313,27161663.654384,0
F.US,D,20140527,000000,10.0737,10.1453,10.0453,10.1151,33597532.963378,0
F.US,D,20140528,000000,10.1231,10.2424,10.1109,10.2099,37122116.444796,0
F.US,D,20140529,000000,10.2681,10.3669,10.2487,10.3546,68405251.323568,0
F.US,D,20140530,000000,10.2806,10.3546,10.2487,10.2928,36842688.704253,0
F.US,D,20140602,000000,10.3354,10.3354,10.2541,10.2928,28705868.279185,0
F.US,D,20140603,000000,10.3044,10.467,10.2983,10.36,52043248.979846,0
F.US,D,20140604,000000,10.36,10.5518,10.3044,10.5076,53828241.643987,0
F.US,D,20140605,000000,10.5299,10.5704,10.3909,10.4422,55627341.152993,0
F.US,D,20140606,000000,10.437,10.6915,10.437,10.6915,61613764.190176,0
F.US,D,20140609,000000,10.6508,10.7172,10.6429,10.6429,36692711.145675,0
F.US,D,20140610,000000,10.6508,10.6915,10.6359,10.6508,35108590.857762,0
F.US,D,20140611,000000,10.6359,10.6508,10.5643,10.5784,34192245.462772,0
F.US,D,20140612,000000,10.5704,10.6015,10.3299,10.3398,45574710.29498,0
F.US,D,20140613,000000,10.3477,10.4247,10.3299,10.3669,32459491.448507,0
F.US,D,20140616,000000,10.3114,10.4422,10.2541,10.4122,35484018.895782,0
F.US,D,20140617,000000,10.3795,10.5138,10.3477,10.5076,28394874.05538,0
F.US,D,20140618,000000,10.5051,10.5518,10.4051,10.5368,36618726.847041,0
F.US,D,20140619,000000,10.5518,10.5607,10.4962,10.5051,26721031.474078,0
F.US,D,20140620,000000,10.5607,10.5607,10.4247,10.437,47888190.999168,0
F.US,D,20140623,000000,10.4539,10.595,10.4422,10.5643,36866805.289329,0
F.US,D,20140624,000000,10.5447,10.7676,10.5368,10.6226,60270318.824414,0
F.US,D,20140625,000000,10.612,10.8075,10.595,10.7676,59885998.644025,0
F.US,D,20140626,000000,10.8075,10.8126,10.6758,10.7676,35449509.103217,0
F.US,D,20140627,000000,10.7553,10.8251,10.7377,10.8196,50180651.135793,0
F.US,D,20140630,000000,10.8302,10.8621,10.7676,10.7933,38488757.621701,0
F.US,D,20140701,000000,10.855,10.893,10.6862,10.7746,57773113.178948,0
F.US,D,20140702,000000,10.7616,10.8302,10.7491,10.7817,27159343.620799,0
F.US,D,20140703,000000,10.7862,10.855,10.7817,10.8437,21693775.47563,0
F.US,D,20140707,000000,10.7616,10.893,10.7616,10.8437,32375361.669031,0
F.US,D,20140708,000000,10.7817,10.7933,10.6758,10.7101,37268364.529594,0
F.US,D,20140709,000000,10.7428,10.925,10.7314,10.9108,43182676.488821,0
F.US,D,20140710,000000,10.7676,10.885,10.7491,10.8302,32209340.699284,0
F.US,D,20140711,000000,10.8374,10.9514,10.8251,10.9374,32160997.805457,0
F.US,D,20140714,000000,10.9622,11.017,10.925,10.9876,32660907.918424,0
F.US,D,20140715,000000,10.9876,11.0505,10.925,10.9798,36149245.258397,0
F.US,D,20140716,000000,11.0567,11.1857,11.0284,11.1415,57608361.384081,0
F.US,D,20140717,000000,11.0505,11.3194,11.0433,11.1089,75512204.203317,0
F.US,D,20140718,000000,11.1415,11.1716,11.0505,11.093,39666158.263107,0
F.US,D,20140721,000000,11.0505,11.2062,11.0505,11.0796,30666295.525689,0
F.US,D,20140722,000000,11.1247,11.1822,11.0637,11.1574,39208552.848323,0
F.US,D,20140723,000000,11.1653,11.2361,11.13,11.13,49400691.137734,0
F.US,D,20140724,000000,11.2751,11.3441,11.0673,11.1716,85983394.684198,0
F.US,D,20140725,000000,11.2062,11.2203,10.9622,11.0284,55092882.787615,0
F.US,D,20140728,000000,11.0284,11.0876,10.9374,11.0433,47380373.994566,0
F.US,D,20140729,000000,11.0505,11.1762,10.9798,11.0001,52665655.96106,0
F.US,D,20140730,000000,11.0479,11.0965,10.9205,11.0098,47832915.152717,0
F.US,D,20140731,000000,10.9073,10.9266,10.7261,10.7322,54188243.8907,0
F.US,D,20140801,000000,10.7499,10.8321,10.5447,10.6015,53399284.288943,0
F.US,D,20140804,000000,10.6924,10.8092,10.6811,10.7322,39431121.101745,0
F.US,D,20140805,000000,10.6924,10.8092,10.5784,10.6359,39408915.066022,0
F.US,D,20140806,000000,10.5563,10.7695,10.5563,10.704,34688426.101957,0
F.US,D,20140807,000000,10.7428,10.7827,10.5704,10.6067,31710626.235024,0
F.US,D,20140808,000000,10.595,10.795,10.5607,10.7756,46580538.174914,0
F.US,D,20140811,000000,10.827,10.8745,10.7887,10.827,28253557.8801,0
F.US,D,20140812,000000,10.8092,10.9762,10.8092,10.8498,40460592.736898,0
F.US,D,20140813,000000,11.0204,11.0204,10.9205,10.9843,41514992.007385,0
F.US,D,20140814,000000,10.9638,11.0204,10.864,10.9914,31291070.049706,0
F.US,D,20140815,000000,11.0257,11.0257,10.827,10.9136,33239539.677974,0
F.US,D,20140818,000000,10.9604,11.0479,10.9604,10.9914,27234256.611571,0
F.US,D,20140819,000000,11.0409,11.0479,10.9205,10.9471,25214945.080228,0
F.US,D,20140820,000000,10.9409,10.9914,10.8745,10.9762,22528050.955188,0
F.US,D,20140821,000000,10.9914,11.0257,10.9542,10.9692,23870931.866168,0
F.US,D,20140822,000000,10.9266,10.9638,10.8135,10.827,32186773.819722,0
F.US,D,20140825,000000,10.8498,10.9029,10.8454,10.864,17080685.628359,0
F.US,D,20140826,000000,10.8825,10.9409,10.8383,10.8383,19294469.365275,0
F.US,D,20140827,000000,10.864,10.9692,10.8498,10.9471,28898153.929459,0
F.US,D,20140828,000000,10.8889,11.0046,10.8498,10.9843,26728068.494516,0
F.US,D,20140829,000000,11.0161,11.0257,10.9638,10.9762,24382388.98197,0
F.US,D,20140902,000000,11.0204,11.1125,11.0204,11.0965,29400364.846086,0
F.US,D,20140903,000000,11.1697,11.267,10.9993,11.0161,40795777.071952,0
F.US,D,20140904,000000,11.0098,11.1177,10.8383,10.8889,32880219.527922,0
F.US,D,20140905,000000,10.9073,10.9073,10.6811,10.8092,47261719.717289,0
F.US,D,20140908,000000,10.5643,10.6359,10.5368,10.595,75436842.137298,0
F.US,D,20140909,000000,10.595,10.6067,10.4601,10.4882,42273538.921227,0
F.US,D,20140910,000000,10.4996,10.5447,10.4723,10.4882,26394999.450931,0
F.US,D,20140911,000000,10.4601,10.5076,10.4103,10.5051,23261707.562369,0
F.US,D,20140912,000000,10.4953,10.5138,10.4034,10.4601,26183276.873763,0
F.US,D,20140915,000000,10.4414,10.4802,10.3538,10.384,37562500.898454,0
F.US,D,20140916,000000,10.3282,10.4237,10.1894,10.4175,37701132.802795,0
F.US,D,20140917,000000,10.4601,10.5299,10.4175,10.4237,40221797.822459,0
F.US,D,20140918,000000,10.43,10.4996,10.4034,10.4539,30844164.389999,0
F.US,D,20140919,000000,10.5138,10.5704,10.4539,10.4996,55521867.290787,0
F.US,D,20140922,000000,10.4539,10.4723,10.3025,10.3167,37746148.920041,0
F.US,D,20140923,000000,10.2848,10.3096,10.1753,10.1955,44847533.040487,0
F.US,D,20140924,000000,10.2397,10.3733,10.2397,10.3459,34906835.036273,0
F.US,D,20140925,000000,10.3388,10.3388,10.1955,10.215,30219828.760683,0
F.US,D,20140926,000000,10.215,10.2974,10.201,10.2974,32403536.898912,0
F.US,D,20140929,000000,10.1815,10.3388,9.3497,9.52733,131436334.32329,0
F.US,D,20140930,000000,9.46371,9.55125,9.13574,9.32578,182443075.77872,0
F.US,D,20141001,000000,9.31339,9.3497,9.17899,9.19924,88719748.169739,0
F.US,D,20141002,000000,9.2444,9.24967,9.10471,9.17899,59929062.358558,0
F.US,D,20141003,000000,9.2444,9.26296,9.14003,9.19924,60544359.924331,0
F.US,D,20141006,000000,9.2444,9.27007,9.14003,9.15601,37981517.514772,0
F.US,D,20141007,000000,9.12331,9.13574,8.8784,8.88989,67943547.672963,0
F.US,D,20141008,000000,8.87309,8.9774,8.58932,8.95971,79795865.118201,0
F.US,D,20141009,000000,8.95971,8.96507,8.70336,8.72546,50361570.770737,0
F.US,D,20141010,000000,8.64324,8.77496,8.52479,8.69542,65149349.449569,0
F.US,D,20141013,000000,8.68834,8.75376,8.52479,8.53805,59765008.496759,0
F.US,D,20141014,000000,8.57519,8.85276,8.53805,8.68834,68824319.973795,0
F.US,D,20141015,000000,8.56899,8.68392,8.36045,8.58932,73737816.275812,0
F.US,D,20141016,000000,8.43638,8.86603,8.424,8.81741,65628078.368561,0
F.US,D,20141017,000000,8.95267,8.98445,8.81122,8.83774,50005413.377341,0
F.US,D,20141020,000000,8.85276,8.94204,8.79531,8.93679,30072475.520932,0
F.US,D,20141021,000000,8.9907,9.00302,8.88989,8.9907,47459474.58374,0
F.US,D,20141022,000000,9.01456,9.03669,8.8784,8.91023,38511674.033383,0
F.US,D,20141023,000000,9.00839,9.13574,9.00302,9.07999,48217040.771538,0
F.US,D,20141024,000000,9.08702,9.10471,8.60613,8.68834,145784280.56036,0
F.US,D,20141027,000000,8.74757,8.75994,8.62557,8.71308,97493137.848307,0
F.US,D,20141028,000000,8.75994,8.93053,8.73872,8.93053,58398317.54829,0
F.US,D,20141029,000000,8.97561,9.019,8.75641,8.84745,49145893.534314,0
F.US,D,20141030,000000,8.82802,8.88459,8.70336,8.87576,40094634.870091,0
F.US,D,20141031,000000,8.98891,9.00132,8.9332,8.96239,58599660.492032,0
F.US,D,20141103,000000,8.96855,9.01187,8.86867,8.89961,49706825.847022,0
F.US,D,20141104,000000,8.86867,8.9067,8.8183,8.87576,30959383.298192,0
F.US,D,20141105,000000,8.92614,8.93936,8.82182,8.86867,40934774.34482,0
F.US,D,20141106,000000,8.85541,9.04553,8.85541,9.02604,57266929.586581,0
F.US,D,20141107,000000,9.04553,9.07728,8.98891,9.01187,47556516.690545,0
F.US,D,20141110,000000,9.02604,9.03488,8.87576,8.9067,57228166.587641,0
F.US,D,20141111,000000,8.93936,9.17817,8.9067,9.13921,55559559.069929,0
F.US,D,20141112,000000,9.10994,9.30628,9.07115,9.27534,56935741.681876,0
F.US,D,20141113,000000,9.35575,9.65114,9.3497,9.49642,79055315.149413,0
F.US,D,20141114,000000,9.54763,9.71401,9.53436,9.63156,58309389.33758,0
F.US,D,20141117,000000,9.75271,9.92317,9.66515,9.88637,73090823.27318,0
F.US,D,20141118,000000,9.98602,10.0197,9.70134,9.85977,68617586.995912,0
F.US,D,20141119,000000,9.84637,9.84637,9.7093,9.82072,35566619.330839,0
F.US,D,20141120,000000,9.77836,9.95504,9.72007,9.8349,33266983.039631,0
F.US,D,20141121,000000,9.94715,9.95504,9.77836,9.81557,40256826.822929,0
F.US,D,20141124,000000,9.86674,9.98158,9.85977,9.97201,51553516.020536,0
F.US,D,20141125,000000,10.0127,10.077,9.92949,9.97645,50699941.617056,0
F.US,D,20141126,000000,9.95504,9.97645,9.87296,9.92949,31449652.432987,0
F.US,D,20141128,000000,9.94715,10.0046,9.84122,10.0046,29270535.721531,0
F.US,D,20141201,000000,10.0374,10.1081,9.98602,10.0329,47182347.646857,0
F.US,D,20141202,000000,10.077,10.1487,9.92949,10.1141,50787946.791489,0
F.US,D,20141203,000000,10.101,10.2601,10.101,10.1833,59044604.699651,0
F.US,D,20141204,000000,10.1771,10.1973,10.0197,10.0561,36720893.162588,0
F.US,D,20141205,000000,10.1141,10.1427,9.94281,9.98602,46680434.228443,0
F.US,D,20141208,000000,9.97645,10.0197,9.78632,9.81557,40111376.214327,0
F.US,D,20141209,000000,9.57504,9.81557,9.38322,9.81557,36757117.811766,0
F.US,D,20141210,000000,9.81557,9.81557,9.63521,9.64404,38690534.935457,0
F.US,D,20141211,000000,9.65114,9.85345,9.56176,9.72007,47721684.756672,0
F.US,D,20141212,000000,9.66515,9.67311,9.53436,9.53436,35657522.567701,0
F.US,D,20141215,000000,9.46099,9.49017,9.07728,9.08432,74621663.101888,0
F.US,D,20141216,000000,9.02604,9.19842,8.8616,8.96239,68902728.285761,0
F.US,D,20141217,000000,9.01187,9.23555,8.97561,9.1922,46373991.840396,0
F.US,D,20141218,000000,9.3497,9.42214,9.23026,9.42214,55851172.925436,0
F.US,D,20141219,000000,9.40703,9.57504,9.37873,9.56176,64182772.103666,0
F.US,D,20141222,000000,9.60075,9.69337,9.54051,9.68194,39875816.451544,0
F.US,D,20141223,000000,9.69337,9.82869,9.67311,9.75271,32741988.058436,0
F.US,D,20141224,000000,9.77836,9.78632,9.70134,9.73232,11206331.185605,0
F.US,D,20141226,000000,9.73232,9.85345,9.7093,9.82869,18334486.751594,0
F.US,D,20141229,000000,9.77836,9.97645,9.75796,9.87296,30079472.950354,0
F.US,D,20141230,000000,9.84637,9.92317,9.82869,9.85977,23255426.164765,0
F.US,D,20141231,000000,9.86674,9.94715,9.84122,9.85977,28185703.402035,0
F.US,D,20150102,000000,9.91992,9.95504,9.6591,9.77127,38947965.907078,0
F.US,D,20150105,000000,9.61917,9.62638,9.34605,9.38928,69291878.570195,0
F.US,D,20150106,000000,9.46538,9.47863,9.14715,9.3001,51838337.188735,0
F.US,D,20150107,000000,9.40179,9.60075,9.39553,9.56888,40967499.148114,0
F.US,D,20150108,000000,9.79594,9.84637,9.68914,9.80847,53348044.463861,0
F.US,D,20150109,000000,9.8349,9.84122,9.58035,9.67311,36815844.863708,0
F.US,D,20150112,000000,9.73863,9.74737,9.61121,9.68194,35751827.238487,0
F.US,D,20150113,000000,9.78632,9.84637,9.59447,9.67311,41307962.662463,0
F.US,D,20150114,000000,9.58643,9.64404,9.43532,9.61121,57839231.308135,0
F.US,D,20150115,000000,9.61917,9.64404,9.41412,9.45399,39266794.627516,0
F.US,D,20150116,000000,9.42214,9.56888,9.38322,9.5538,50439571.860817,0
F.US,D,20150120,000000,9.59447,9.62638,9.38322,9.54763,44734422.636731,0
F.US,D,20150121,000000,9.52914,9.61121,9.46538,9.52459,36583567.761801,0
F.US,D,20150122,000000,9.54763,9.58643,9.47863,9.56176,37198385.710684,0
F.US,D,20150123,000000,9.5538,9.59447,9.47333,9.48401,33983443.571469,0
F.US,D,20150126,000000,9.52914,9.63521,9.52459,9.59447,39656431.315871,0
F.US,D,20150127,000000,9.5095,9.53436,9.3637,9.44606,54401962.986287,0
F.US,D,20150128,000000,9.5298,9.5298,9.26831,9.29215,61778157.403547,0
F.US,D,20150129,000000,9.39553,9.6138,9.18957,9.54233,63357928.335475,0
F.US,D,20150130,000000,9.47333,9.56973,9.40086,9.45399,47361763.954338,0
F.US,D,20150202,000000,9.47958,9.83238,9.46538,9.81188,62817524.53055,0
F.US,D,20150203,000000,9.94281,10.1497,9.92229,10.0561,75212121.263736,0
F.US,D,20150204,000000,10.077,10.2955,10.0561,10.1982,64078720.124548,0
F.US,D,20150205,000000,10.2885,10.2955,10.1214,10.185,40006556.169484,0
F.US,D,20150206,000000,10.1787,10.284,10.1357,10.193,43859997.341474,0
F.US,D,20150209,000000,10.1294,10.3016,10.101,10.2301,31566302.273643,0
F.US,D,20150210,000000,10.315,10.3733,10.2239,10.3379,43450660.163171,0
F.US,D,20150211,000000,10.3336,10.4829,10.2885,10.4431,53350061.343372,0
F.US,D,20150212,000000,10.49,10.567,10.475,10.5095,36934503.665671,0
F.US,D,20150213,000000,10.4962,10.5095,10.4042,10.475,31049915.510667,0
F.US,D,20150217,000000,10.4112,10.475,10.284,10.3529,69024825.850324,0
F.US,D,20150218,000000,10.384,10.4962,10.3212,10.4183,35496010.449177,0
F.US,D,20150219,000000,10.4042,10.5918,10.3909,10.559,38689593.800428,0
F.US,D,20150220,000000,10.5325,10.5758,10.4431,10.5414,33481042.617962,0
F.US,D,20150223,000000,10.4962,10.567,10.469,10.5245,29590298.789965,0
F.US,D,20150224,000000,10.5095,10.5546,10.4617,10.5095,27500068.435858,0
F.US,D,20150225,000000,10.5024,10.6811,10.5024,10.6111,36288347.730252,0
F.US,D,20150226,000000,10.5414,10.65,10.5175,10.5245,32364044.294093,0
F.US,D,20150227,000000,10.5245,10.5414,10.4247,10.5024,31646200.339012,0
F.US,D,20150302,000000,10.5475,10.6624,10.5475,10.65,40989198.418823,0
F.US,D,20150303,000000,10.3336,10.475,10.3212,10.3909,58647427.619357,0
F.US,D,20150304,000000,10.3379,10.3733,10.2372,10.3016,39928411.420573,0
F.US,D,20150305,000000,10.3449,10.4307,10.3379,10.3529,25750380.778133,0
F.US,D,20150306,000000,10.3086,10.4112,10.2239,10.2372,38000567.580873,0
F.US,D,20150309,000000,10.2699,10.3449,10.2372,10.3016,26659452.737756,0
F.US,D,20150310,000000,10.2443,10.2504,10.0843,10.101,49309003.998741,0
F.US,D,20150311,000000,10.1357,10.185,10.0904,10.1214,32115576.728669,0
F.US,D,20150312,000000,10.1982,10.4307,10.193,10.3733,48541540.05675,0
F.US,D,20150313,000000,10.3787,10.4431,10.284,10.4112,43380287.69644,0
F.US,D,20150316,000000,10.4483,10.604,10.438,10.5987,58713874.91957,0
F.US,D,20150317,000000,10.5325,10.5987,10.5095,10.5325,32549728.425114,0
F.US,D,20150318,000000,10.4829,10.6111,10.3529,10.5758,52515023.453948,0
F.US,D,20150319,000000,10.5546,10.5758,10.4617,10.5024,28043127.101252,0
F.US,D,20150320,000000,10.5059,10.6288,10.5024,10.5918,65506532.815887,0
F.US,D,20150323,000000,10.5828,10.7569,10.5758,10.65,47785901.385884,0
F.US,D,20150324,000000,10.6563,10.7261,10.5828,10.6429,25927307.376245,0
F.US,D,20150325,000000,10.6218,10.6349,10.3972,10.3972,34227974.658654,0
F.US,D,20150326,000000,10.3529,10.3909,10.2557,10.2885,51861148.401429,0
F.US,D,20150327,000000,10.3212,10.3449,10.185,10.2699,82893536.403383,0
F.US,D,20150330,000000,10.3584,10.4617,10.315,10.384,31958415.097305,0
F.US,D,20150331,000000,10.3584,10.469,10.3336,10.3733,33911311.001247,0
F.US,D,20150401,000000,10.3787,10.384,10.185,10.2239,42583730.012976,0
F.US,D,20150402,000000,10.2372,10.3086,10.185,10.3016,24781403.085441,0
F.US,D,20150406,000000,10.2504,10.3529,10.2169,10.284,28822107.504437,0
F.US,D,20150407,000000,10.2504,10.263,10.1437,10.2169,41417137.719152,0
F.US,D,20150408,000000,10.263,10.3379,10.2504,10.2699,39131065.31029,0
F.US,D,20150409,000000,10.284,10.3273,10.2035,10.2504,36489724.609152,0
F.US,D,20150410,000000,10.263,10.315,10.2504,10.3016,27477016.283548,0
F.US,D,20150413,000000,10.284,10.3336,10.1982,10.1982,35044769.007547,0
F.US,D,20150414,000000,10.2169,10.315,10.2106,10.263,33838639.993198,0
F.US,D,20150415,000000,10.2885,10.3336,10.284,10.3273,39642632.149766,0
F.US,D,20150416,000000,10.3086,10.3379,10.2372,10.2443,36559528.096414,0
F.US,D,20150417,000000,10.2035,10.2035,10.0957,10.1294,50026678.278036,0
F.US,D,20150420,000000,10.2106,10.2301,10.1647,10.2239,23731580.536494,0
F.US,D,20150421,000000,10.2301,10.2699,10.1294,10.1647,28795319.091315,0
F.US,D,20150422,000000,10.1717,10.2372,10.101,10.2239,31604678.411789,0
F.US,D,20150423,000000,10.1787,10.2169,10.0904,10.1294,44283288.656432,0
F.US,D,20150424,000000,10.109,10.1982,10.0904,10.1357,31578327.762195,0
F.US,D,20150427,000000,10.1585,10.284,10.1357,10.2169,54190619.351706,0
F.US,D,20150428,000000,10.2372,10.3336,10.1357,10.3212,88128036.669416,0
F.US,D,20150429,000000,10.2885,10.4441,10.2621,10.3909,54150187.874204,0
F.US,D,20150430,000000,10.3592,10.4051,10.2089,10.2495,46661757.449071,0
F.US,D,20150501,000000,10.315,10.3379,10.1833,10.2557,31759505.304336,0
F.US,D,20150504,000000,10.2557,10.3016,10.2159,10.2363,23244555.602731,0
F.US,D,20150505,000000,10.2292,10.2621,10.0674,10.0737,49713427.366276,0
F.US,D,20150506,000000,10.1277,10.1576,9.98967,10.041,40667329.108297,0
F.US,D,20150507,000000,10.0304,10.0957,9.82072,10.0603,41616897.022222,0
F.US,D,20150508,000000,10.1338,10.1912,10.1125,10.1647,32891933.9442,0
F.US,D,20150511,000000,10.1515,10.276,10.1487,10.1515,26591582.423285,0
F.US,D,20150512,000000,10.1125,10.1515,10.0533,10.0957,27239293.720077,0
F.US,D,20150513,000000,10.0815,10.1338,9.97359,9.99401,32203839.810296,0
F.US,D,20150514,000000,10.0533,10.0815,9.85977,9.9064,44388727.452309,0
F.US,D,20150515,000000,9.9064,10.0463,9.9064,10.041,29192353.643948,0
F.US,D,20150518,000000,10.0355,10.1487,10.0242,10.1062,30047953.976313,0
F.US,D,20150519,000000,10.1187,10.1408,10.0242,10.0533,23347320.308217,0
F.US,D,20150520,000000,10.0815,10.0957,9.8915,9.92505,34517743.572777,0
F.US,D,20150521,000000,9.91193,10.0887,9.89841,10.0603,36938834.922906,0
F.US,D,20150522,000000,10.0533,10.0533,9.9064,9.9064,38224187.824168,0
F.US,D,20150526,000000,9.9064,9.94991,9.82771,9.85345,38441344.551183,0
F.US,D,20150527,000000,9.87996,9.97359,9.85977,9.93827,28925658.374399,0
F.US,D,20150528,000000,9.91193,9.94991,9.88697,9.92091,21505038.311629,0
F.US,D,20150529,000000,9.93117,9.98967,9.83412,9.84034,29382577.167835,0
F.US,D,20150601,000000,9.94281,10.0242,9.85345,9.96658,41136898.92835,0
F.US,D,20150602,000000,10.0163,10.0533,9.86674,9.89841,53902543.801929,0
F.US,D,20150603,000000,9.92091,9.93827,9.80751,9.85977,37477609.840284,0
F.US,D,20150604,000000,9.8146,9.84034,9.73688,9.76331,36116262.547907,0
F.US,D,20150605,000000,9.74475,9.74475,9.58737,9.58737,68964570.585137,0
F.US,D,20150608,000000,9.62081,9.73688,9.60247,9.66341,46617516.184583,0
F.US,D,20150609,000000,9.6687,9.73688,9.62081,9.65286,31526736.14265,0
F.US,D,20150610,000000,9.73688,9.78361,9.69711,9.75,32312769.402681,0
F.US,D,20150611,000000,9.80216,9.9579,9.78361,9.91193,41910475.723332,0
F.US,D,20150612,000000,9.86674,9.9579,9.84637,9.87996,30595476.246052,0
F.US,D,20150615,000000,9.76864,9.80216,9.71304,9.76331,36728107.777017,0
F.US,D,20150616,000000,9.73688,9.75631,9.6855,9.72891,36010044.374585,0
F.US,D,20150617,000000,9.73688,9.78361,9.63769,9.74475,39836964.090024,0
F.US,D,20150618,000000,9.75,9.88697,9.72891,9.82072,32928470.796824,0
F.US,D,20150619,000000,9.78905,9.8915,9.76864,9.80216,38037970.911178,0
F.US,D,20150622,000000,9.82072,9.8915,9.7943,9.8146,29079507.934418,0
F.US,D,20150623,000000,9.88697,9.99401,9.87296,9.92091,32646874.599734,0
F.US,D,20150624,000000,10.0674,10.1576,10.0012,10.0533,54572573.120464,0
F.US,D,20150625,000000,10.0674,10.0957,9.98355,10.0163,36988629.110292,0
F.US,D,20150626,000000,10.0082,10.0463,9.9579,9.98967,31491272.772165,0
F.US,D,20150629,000000,9.87996,9.92505,9.67763,9.74475,58760219.032636,0
F.US,D,20150630,000000,9.84034,9.84637,9.66341,9.73688,43948709.498349,0
F.US,D,20150701,000000,9.82072,9.84034,9.60247,9.72348,48935866.583835,0
F.US,D,20150702,000000,9.73688,9.78361,9.60775,9.64652,28491710.288897,0
F.US,D,20150706,000000,9.56888,9.66341,9.53436,9.59525,34854339.610373,0
F.US,D,20150707,000000,9.5813,9.66341,9.41945,9.63338,43396891.037703,0
F.US,D,20150708,000000,9.51758,9.54849,9.25761,9.3231,65174801.948668,0
F.US,D,20150709,000000,9.47164,9.48313,9.25761,9.29474,45723719.570404,0
F.US,D,20150710,000000,9.39292,9.43261,9.29474,9.39292,30975314.723342,0
F.US,D,20150713,000000,9.49548,9.50258,9.35221,9.49548,30621524.872749,0
F.US,D,20150714,000000,9.53436,9.63769,9.46455,9.60775,32110996.613614,0
F.US,D,20150715,000000,9.62081,9.63769,9.47863,9.56888,33747890.595717,0
F.US,D,20150716,000000,9.56262,9.59525,9.37528,9.45212,52318816.030667,0
F.US,D,20150717,000000,9.41151,9.52914,9.39292,9.52914,48895169.280933,0
F.US,D,20150720,000000,9.54147,9.56888,9.42645,9.45212,39198915.263667,0
F.US,D,20150721,000000,9.42645,9.43896,9.37528,9.41151,29805429.588092,0
F.US,D,20150722,000000,9.39992,9.41151,9.30887,9.35221,47648970.764091,0
F.US,D,20150723,000000,9.56888,9.64652,9.46455,9.47863,45383958.51381,0
F.US,D,20150724,000000,9.54849,9.55465,9.28855,9.33454,40158999.68282,0
F.US,D,20150727,000000,9.30887,9.47164,9.23108,9.43896,67608460.618693,0
F.US,D,20150728,000000,9.70508,9.72891,9.47164,9.62081,86941616.063218,0
F.US,D,20150729,000000,9.71813,10.0276,9.70594,9.97014,79541676.085266,0
F.US,D,20150730,000000,9.97014,10.0276,9.80391,9.89427,53378771.617565,0
F.US,D,20150731,000000,9.94636,9.95346,9.65373,9.71813,49829372.486834,0
F.US,D,20150803,000000,9.80935,9.85433,9.73066,9.78973,40745262.328062,0
F.US,D,20150804,000000,9.78973,9.83053,9.72522,9.77049,28756841.147696,0
F.US,D,20150805,000000,9.82159,9.85433,9.64652,9.69788,34318838.304497,0
F.US,D,20150806,000000,9.69788,9.75184,9.58035,9.71813,40884514.114609,0
F.US,D,20150807,000000,9.73066,9.77748,9.66418,9.69788,21789586.867398,0
F.US,D,20150810,000000,9.73775,9.83053,9.70594,9.82159,25643718.054252,0
F.US,D,20150811,000000,9.69788,9.69788,9.57504,9.63338,41155763.482257,0
F.US,D,20150812,000000,9.53351,9.63769,9.41674,9.62081,32212546.440471,0
F.US,D,20150813,000000,9.59525,9.73066,9.56176,9.63769,31374945.315504,0
F.US,D,20150814,000000,9.65373,9.71813,9.62081,9.68636,28075955.972361,0
F.US,D,20150817,000000,9.66966,9.67849,9.54763,9.62081,24458498.75262,0
F.US,D,20150818,000000,9.62886,9.72522,9.60775,9.71813,25718183.100947,0
F.US,D,20150819,000000,9.68636,9.81741,9.66966,9.67849,34367517.156381,0
F.US,D,20150820,000000,9.63769,9.63769,9.43803,9.45745,36788769.13292,0
F.US,D,20150821,000000,9.36463,9.42561,9.06934,9.08261,64248385.730181,0
F.US,D,20150824,000000,8.0222,8.83243,6.84246,8.64324,91253695.409942,0
F.US,D,20150825,000000,9.06413,9.08261,8.45319,8.45319,73187958.136081,0
F.US,D,20150826,000000,8.63618,8.75112,8.36743,8.65473,73822912.076097,0
F.US,D,20150827,000000,8.82095,8.95704,8.66977,8.88371,64194062.330478,0
F.US,D,20150828,000000,8.87486,9.06934,8.86781,9.00302,39215817.234315,0
F.US,D,20150831,000000,9.01543,9.1339,8.85365,9.08974,58307646.201669,0
F.US,D,20150901,000000,9.1339,9.27266,8.91288,8.9907,77035223.109454,0
F.US,D,20150902,000000,9.1684,9.17361,8.93409,9.08974,45172885.229317,0
F.US,D,20150903,000000,9.1339,9.22059,9.03046,9.06934,42056254.371787,0
F.US,D,20150904,000000,8.96418,8.9774,8.7794,8.88371,47516166.657419,0
F.US,D,20150908,000000,9.02252,9.03046,8.87486,8.95704,45824779.599825,0
F.US,D,20150909,000000,9.05076,9.06934,8.82536,8.86781,47070275.658913,0
F.US,D,20150910,000000,8.85984,9.06413,8.75112,8.99865,59049334.129397,0
F.US,D,20150911,000000,9.00839,9.05076,8.86781,8.98445,34798906.531028,0
F.US,D,20150914,000000,8.9907,9.03751,8.93409,9.03046,39817811.08728,0
F.US,D,20150915,000000,9.04372,9.41674,9.03751,9.37966,71211829.092322,0
F.US,D,20150916,000000,9.38322,9.66966,9.33801,9.59525,63594510.677662,0
F.US,D,20150917,000000,9.57504,9.75184,9.47688,9.56888,57542747.757566,0
F.US,D,20150918,000000,9.46371,9.4875,9.31154,9.3567,62125462.245594,0
F.US,D,20150921,000000,9.30453,9.45745,9.27266,9.38322,31685172.604753,0
F.US,D,20150922,000000,9.17991,9.20809,8.99865,9.1224,67265984.74952,0
F.US,D,20150923,000000,9.12689,9.14003,8.85365,8.96418,48218079.187349,0
F.US,D,20150924,000000,8.89255,8.9774,8.69716,8.94472,49531600.531461,0
F.US,D,20150925,000000,9.08974,9.08974,8.85365,8.86781,54885052.572982,0
F.US,D,20150928,000000,8.82095,8.85365,8.55837,8.59728,62750056.913277,0
F.US,D,20150929,000000,8.61056,8.65473,8.52567,8.61761,67779319.610689,0
F.US,D,20150930,000000,8.76259,8.89874,8.69716,8.89255,61351793.825687,0
F.US,D,20151001,000000,9.01543,9.03046,8.82536,8.95704,50855589.740408,0
F.US,D,20151002,000000,8.84658,9.17991,8.79441,9.1684,45926866.733339,0
F.US,D,20151005,000000,9.25326,9.3497,9.10994,9.29834,58919295.738039,0
F.US,D,20151006,000000,9.29834,9.46371,9.27266,9.37966,41270992.570997,0
F.US,D,20151007,000000,9.49452,9.66418,9.47688,9.66418,51316119.234573,0
F.US,D,20151008,000000,9.64652,9.83665,9.62081,9.82159,39667046.233054,0
F.US,D,20151009,000000,9.84918,9.89427,9.71304,9.80935,44580662.439294,0
F.US,D,20151012,000000,9.81741,9.83053,9.73066,9.81741,21929879.3321,0
F.US,D,20151013,000000,9.75184,9.89427,9.71813,9.78973,46717924.658986,0
F.US,D,20151014,000000,9.78973,9.85433,9.73775,9.83665,34051132.898436,0
F.US,D,20151015,000000,9.96214,9.98089,9.82159,9.97556,41868861.040013,0
F.US,D,20151016,000000,9.99224,10.0206,9.90127,10.0127,36990043.075177,0
F.US,D,20151019,000000,9.98089,10.0649,9.9288,10.0649,27258350.573209,0
F.US,D,20151020,000000,10.0046,10.2231,10.0046,10.079,44945572.840914,0
F.US,D,20151021,000000,10.2231,10.2832,10.0577,10.0976,52204083.526396,0
F.US,D,20151022,000000,10.1515,10.2434,10.0932,10.208,35836261.303207,0
F.US,D,20151023,000000,10.2964,10.322,10.1515,10.2699,43631661.242495,0
F.US,D,20151026,000000,10.3086,10.3803,10.2019,10.276,58081650.497368,0
F.US,D,20151027,000000,9.83665,9.9288,9.69788,9.75718,98546470.423686,0
F.US,D,20151028,000000,9.78632,9.92949,9.71304,9.91015,45042974.660385,0
F.US,D,20151029,000000,9.88983,9.90315,9.6687,9.75184,48711983.908657,0
F.US,D,20151030,000000,9.75718,9.89594,9.6855,9.80488,44148327.404931,0
F.US,D,20151102,000000,9.79069,9.86405,9.73775,9.76505,45748173.244709,0
F.US,D,20151103,000000,9.78632,9.84364,9.74649,9.80488,39092360.001119,0
F.US,D,20151104,000000,9.81741,9.83762,9.69174,9.69711,41002988.535552,0
F.US,D,20151105,000000,9.73066,9.73775,9.60075,9.6449,33048326.378668,0
F.US,D,20151106,000000,9.60775,9.63251,9.52032,9.61216,36383575.437316,0
F.US,D,20151109,000000,9.61216,9.62004,9.44054,9.48494,38153661.518056,0
F.US,D,20151110,000000,9.48494,9.49273,9.36014,9.45399,33530962.365428,0
F.US,D,20151111,000000,9.45399,9.52032,9.38592,9.47426,25518469.044753,0
F.US,D,20151112,000000,9.40619,9.44512,9.28245,9.29307,30640443.722907,0
F.US,D,20151113,000000,9.28245,9.31433,9.19403,9.21613,38493867.125208,0
F.US,D,20151116,000000,9.1684,9.32134,9.1684,9.29307,34193661.69,0
F.US,D,20151117,000000,9.28245,9.51226,9.27534,9.36726,38049753.197771,0
F.US,D,20151118,000000,9.42122,9.60075,9.38592,9.57334,39653553.614538,0
F.US,D,20151119,000000,9.56793,9.6855,9.54573,9.6449,35640586.661895,0
F.US,D,20151120,000000,9.67763,9.77049,9.62725,9.66341,28559597.570948,0
F.US,D,20151123,000000,9.66341,9.75184,9.60775,9.63251,27604449.586002,0
F.US,D,20151124,000000,9.53787,9.6855,9.48051,9.63251,32102546.759462,0
F.US,D,20151125,000000,9.62725,9.71813,9.61216,9.63251,19074126.126996,0
F.US,D,20151127,000000,9.62725,9.66084,9.60075,9.62004,11722966.806401,0
F.US,D,20151130,000000,9.62725,9.63251,9.46099,9.48494,42085460.099277,0
F.US,D,20151201,000000,9.48051,9.63615,9.46099,9.63615,44022004.913292,0
F.US,D,20151202,000000,9.66341,9.67763,9.42738,9.44054,32318929.764891,0
F.US,D,20151203,000000,9.47426,9.48494,9.22223,9.25501,45082432.198876,0
F.US,D,20151204,000000,9.32134,9.44054,9.26925,9.40086,42831387.659314,0
F.US,D,20151207,000000,9.39292,9.40086,9.28245,9.34688,21949689.545724,0
F.US,D,20151208,000000,9.28772,9.33454,9.18784,9.24707,45856918.456072,0
F.US,D,20151209,000000,9.20991,9.36014,9.1339,9.19403,38062292.238369,0
F.US,D,20151210,000000,9.20991,9.3266,9.19403,9.24172,33292441.194589,0
F.US,D,20151211,000000,9.1622,9.21613,8.9898,9.02956,44677789.383992,0
F.US,D,20151214,000000,9.04282,9.09768,8.87133,9.01456,40508880.203302,0
F.US,D,20151215,000000,9.09768,9.26925,9.08261,9.17991,66056022.193575,0
F.US,D,20151216,000000,9.26925,9.5043,9.26203,9.5043,61456566.361311,0
F.US,D,20151217,000000,9.51226,9.52032,9.23464,9.25501,39546907.858235,0
F.US,D,20151218,000000,9.18784,9.20991,9.08261,9.1339,61108071.526417,0
F.US,D,20151221,000000,9.19403,9.23464,9.04984,9.08974,47731756.71134,0
F.US,D,20151222,000000,9.22223,9.43439,9.20106,9.40086,76499981.973117,0
F.US,D,20151223,000000,9.44512,9.52032,9.44054,9.5043,33493197.060111,0
F.US,D,20151224,000000,9.49899,9.51226,9.43439,9.47426,13595465.798164,0
F.US,D,20151228,000000,9.45399,9.48846,9.37528,9.38592,20687701.00022,0
F.US,D,20151229,000000,9.45399,9.46623,9.36726,9.42122,28501275.47855,0
F.US,D,20151230,000000,9.42122,9.44054,9.34688,9.38144,20846066.198493,0
F.US,D,20151231,000000,9.36014,9.37704,9.29307,9.3266,30031951.287333,0
F.US,D,20160104,000000,9.17991,9.26925,9.10201,9.24707,58295133.178026,0
F.US,D,20160105,000000,9.24707,9.26925,8.94293,9.08261,75834035.053999,0
F.US,D,20160106,000000,8.97561,8.97561,8.63882,8.67862,92522101.09368,0
F.US,D,20160107,000000,8.5416,8.63353,8.34215,8.40987,87165275.89753,0
F.US,D,20160108,000000,8.63882,8.67152,8.27426,8.30369,69742727.495173,0
F.US,D,20160111,000000,8.47261,8.48589,8.30811,8.45319,62318391.532685,0
F.US,D,20160112,000000,8.62557,8.63353,8.32553,8.50622,76370219.587706,0
F.US,D,20160113,000000,8.42666,8.49915,7.98198,8.07597,154137507.74547,0
F.US,D,20160114,000000,8.07093,8.14783,7.82419,8.07093,94865425.506315,0
F.US,D,20160115,000000,7.81773,7.9422,7.66612,7.92498,102965649.12665,0
F.US,D,20160119,000000,8.04247,8.0491,7.82419,7.9117,62149776.785753,0
F.US,D,20160120,000000,7.80474,7.9887,7.5931,7.87688,90446416.479138,0
F.US,D,20160121,000000,7.94991,8.1307,7.85124,7.94991,73768278.73529,0
F.US,D,20160122,000000,8.11636,8.18462,7.96474,8.03653,67233120.812082,0
F.US,D,20160125,000000,8.14271,8.14783,7.89765,7.92913,146095600.56168,0
F.US,D,20160126,000000,8.03653,8.13926,7.9705,8.11636,69339997.491985,0
F.US,D,20160127,000000,8.24781,8.28035,8.02804,8.10795,61383545.821142,0
F.US,D,20160128,000000,8.23244,8.25383,7.66461,8.01372,110485804.39911,0
F.US,D,20160129,000000,8.09532,8.1701,7.97296,8.1701,76082662.114661,0
F.US,D,20160201,000000,8.15561,8.30811,8.02804,8.2594,54445171.490823,0
F.US,D,20160202,000000,8.17861,8.2647,7.8356,7.87599,81264522.16479,0
F.US,D,20160203,000000,7.98375,7.99198,7.54193,7.84143,101422512.32813,0
F.US,D,20160204,000000,7.78185,7.99949,7.70386,7.88837,58770395.055119,0
F.US,D,20160205,000000,7.88193,8.0071,7.81454,7.8356,48639372.852718,0
F.US,D,20160208,000000,7.79414,7.99949,7.69909,7.93001,66155994.035621,0
F.US,D,20160209,000000,7.84947,7.94398,7.67814,7.76558,71506368.158382,0
F.US,D,20160210,000000,7.84143,7.91993,7.75248,7.75903,55757638.582716,0
F.US,D,20160211,000000,7.64446,7.82092,7.59629,7.64446,66906502.841886,0
F.US,D,20160212,000000,7.69909,7.92568,7.651,7.9041,40950605.09567,0
F.US,D,20160216,000000,8.0398,8.13157,7.88589,8.12396,59968075.346489,0
F.US,D,20160217,000000,8.20343,8.41605,8.19831,8.3973,55174237.802402,0
F.US,D,20160218,000000,8.48501,8.5124,8.29423,8.38944,42059836.79322,0
F.US,D,20160219,000000,8.34215,8.36309,8.21794,8.28035,38677509.490936,0
F.US,D,20160222,000000,8.37451,8.59464,8.37451,8.59464,49011521.623378,0
F.US,D,20160223,000000,8.57519,8.65473,8.49915,8.49915,44026591.815379,0
F.US,D,20160224,000000,8.28724,8.28724,7.93645,8.2647,88494401.75811,0
F.US,D,20160225,000000,8.28724,8.48501,8.24781,8.47881,46789858.142952,0
F.US,D,20160226,000000,8.56899,8.61496,8.48501,8.53539,44170705.378785,0
F.US,D,20160229,000000,8.49915,8.65473,8.47881,8.56192,48207878.279084,0
F.US,D,20160301,000000,8.90227,8.9774,8.70511,8.95704,104508290.47187,0
F.US,D,20160302,000000,8.93856,9.1339,8.92437,9.04635,53469214.46746,0
F.US,D,20160303,000000,9.06582,9.31339,9.0614,9.26648,65056376.168118,0
F.US,D,20160304,000000,9.2806,9.48401,9.18957,9.29926,46489532.00141,0
F.US,D,20160307,000000,9.21348,9.40273,9.20472,9.32042,38166821.572033,0
F.US,D,20160308,000000,9.24532,9.28947,8.99865,9.05528,50799891.966836,0
F.US,D,20160309,000000,9.06582,9.11625,8.90227,9.02604,49892017.918263,0
F.US,D,20160310,000000,9.06582,9.08883,8.83949,8.99865,57101191.409811,0
F.US,D,20160311,000000,9.07376,9.10201,9.03397,9.09586,40243247.104175,0
F.US,D,20160314,000000,9.08883,9.14978,9.0181,9.08089,30113819.854164,0
F.US,D,20160315,000000,8.9774,9.0614,8.93231,9.05528,40520350.286448,0
F.US,D,20160316,000000,9.04019,9.24532,9.0181,9.23737,68698915.993743,0
F.US,D,20160317,000000,9.21876,9.36099,9.16301,9.21876,46056957.158604,0
F.US,D,20160318,000000,9.26648,9.37611,9.23108,9.33454,47021787.975081,0
F.US,D,20160321,000000,9.33454,9.4159,9.2806,9.34782,30546286.104467,0
F.US,D,20160322,000000,9.34174,9.39553,9.24532,9.29926,38205478.240812,0
F.US,D,20160323,000000,9.28679,9.30887,9.02604,9.07376,46075879.40228,0
F.US,D,20160324,000000,8.96946,8.9774,8.74669,8.93856,52901428.384162,0
F.US,D,20160328,000000,8.98535,9.01097,8.94383,8.95704,27257081.398329,0
F.US,D,20160329,000000,8.93231,9.03397,8.87663,9.03397,38082120.550742,0
F.US,D,20160330,000000,9.08883,9.19668,9.06413,9.1339,37002156.795138,0
F.US,D,20160331,000000,9.12689,9.25232,9.12689,9.23737,48111146.113382,0
F.US,D,20160401,000000,9.08883,9.11805,8.93231,8.96418,84565476.353537,0
F.US,D,20160404,000000,8.96946,8.9774,8.72987,8.7617,61872326.333706,0
F.US,D,20160405,000000,8.71044,8.79353,8.56899,8.73872,47369817.898322,0
F.US,D,20160406,000000,8.72459,8.80857,8.65473,8.77142,33006664.186128,0
F.US,D,20160407,000000,8.73872,8.75463,8.47881,8.56899,54996618.927084,0
F.US,D,20160408,000000,8.63618,8.74669,8.56192,8.58932,29235752.185365,0
F.US,D,20160411,000000,8.62999,8.7617,8.60789,8.66358,40448476.754593,0
F.US,D,20160412,000000,8.70511,8.78557,8.66358,8.76613,34175160.242275,0
F.US,D,20160413,000000,8.80857,8.9774,8.79353,8.93856,42858081.053996,0
F.US,D,20160414,000000,8.95704,9.0181,8.91023,8.95704,32792227.927553,0
F.US,D,20160415,000000,8.96418,8.9774,8.79353,8.85541,32980668.724513,0
F.US,D,20160418,000000,8.88193,9.08883,8.86249,9.06582,44003287.411732,0
F.US,D,20160419,000000,9.1339,9.23737,9.08883,9.19668,42096093.115211,0
F.US,D,20160420,000000,9.18246,9.3876,9.17022,9.33454,46985644.770282,0
F.US,D,20160421,000000,9.45026,9.49718,9.2806,9.34174,55653682.753211,0
F.US,D,20160422,000000,9.3266,9.43186,9.24532,9.31339,42144202.987624,0
F.US,D,20160425,000000,9.29926,9.34174,9.21876,9.29215,28486546.489138,0
F.US,D,20160426,000000,9.34782,9.45745,9.3266,9.40787,51433564.289081,0
F.US,D,20160427,000000,9.43803,9.48401,9.40273,9.45119,39219874.74795,0
F.US,D,20160428,000000,9.53967,9.8384,9.48401,9.75,126573843.69378,0
F.US,D,20160429,000000,9.63521,9.70757,9.36014,9.38144,100666226.62693,0
F.US,D,20160502,000000,9.45819,9.53967,9.40787,9.42467,83724681.930271,0
F.US,D,20160503,000000,9.34083,9.37528,9.10028,9.29123,65874251.917354,0
F.US,D,20160504,000000,9.19403,9.25761,9.09144,9.21083,41758963.164476,0
F.US,D,20160505,000000,9.23555,9.29123,9.14624,9.21694,34404687.465274,0
F.US,D,20160506,000000,9.17269,9.32578,9.16046,9.29742,33652925.320536,0
F.US,D,20160509,000000,9.28513,9.34083,9.18702,9.21694,31127189.257209,0
F.US,D,20160510,000000,9.25761,9.35221,9.25761,9.33371,34086636.991109,0
F.US,D,20160511,000000,9.29742,9.36726,9.20197,9.21694,29175748.04034,0
F.US,D,20160512,000000,9.27175,9.31949,9.11265,9.23555,35817990.614551,0
F.US,D,20160513,000000,9.22934,9.35221,9.11265,9.14624,39678049.142202,0
F.US,D,20160516,000000,9.14624,9.2541,9.13829,9.21694,30689047.917445,0
F.US,D,20160517,000000,9.09144,9.21083,9.04282,9.09144,49367758.198809,0
F.US,D,20160518,000000,9.07728,9.22934,9.02865,9.10471,33978722.059925,0
F.US,D,20160519,000000,9.06413,9.12761,9.00749,9.05787,34853779.680278,0
F.US,D,20160520,000000,9.10028,9.17269,9.08522,9.12415,28130898.123098,0
F.US,D,20160523,000000,9.09144,9.13128,9.07025,9.08522,23457990.774168,0
F.US,D,20160524,000000,9.10471,9.20197,9.10471,9.19403,28422103.625546,0
F.US,D,20160525,000000,9.22315,9.40787,9.22315,9.35221,37851715.538343,0
F.US,D,20160526,000000,9.40273,9.46455,9.24967,9.31154,26542494.08717,0
F.US,D,20160527,000000,9.32578,9.36726,9.27175,9.30453,24934808.0949,0
F.US,D,20160531,000000,9.33371,9.38144,9.27175,9.33371,37711371.039734,0
F.US,D,20160601,000000,9.29123,9.29742,8.97214,9.07025,84135739.621046,0
F.US,D,20160602,000000,9.05787,9.21694,9.02513,9.13829,60145083.388977,0
F.US,D,20160603,000000,9.09144,9.09144,8.92614,9.02159,57597362.999621,0
F.US,D,20160606,000000,9.04984,9.13829,9.02159,9.11805,36976677.147913,0
F.US,D,20160607,000000,9.15417,9.30453,9.11805,9.25761,39971806.568474,0
F.US,D,20160608,000000,9.30453,9.33371,9.23555,9.24347,26132560.781273,0
F.US,D,20160609,000000,9.17269,9.20197,9.09144,9.17269,28724606.141838,0
F.US,D,20160610,000000,9.11265,9.16748,9.02865,9.06413,39576731.205586,0
F.US,D,20160613,000000,9.04282,9.08522,8.96587,8.98007,29976787.426901,0
F.US,D,20160614,000000,8.98712,9.04282,8.82715,8.88283,44143843.439489,0
F.US,D,20160615,000000,8.9332,9.10471,8.91111,9.00044,37330464.736162,0
F.US,D,20160616,000000,8.94563,9.09144,8.88989,9.07728,38394790.040142,0
F.US,D,20160617,000000,9.10471,9.27175,9.10028,9.17269,53957482.55915,0
F.US,D,20160620,000000,9.26556,9.37528,9.26556,9.28513,42877008.953531,0
F.US,D,20160621,000000,9.29742,9.29742,9.11805,9.14624,53061749.378665,0
F.US,D,20160622,000000,9.15417,9.21083,9.10028,9.11805,29861604.716209,0
F.US,D,20160623,000000,9.19403,9.27885,9.18702,9.27175,35364351.088476,0
F.US,D,20160624,000000,8.84834,8.93053,8.61318,8.66181,139768359.95333,0
F.US,D,20160627,000000,8.59817,8.59817,8.30459,8.41429,76251356.043626,0
F.US,D,20160628,000000,8.59287,8.60523,8.44788,8.57252,58670278.423068,0
F.US,D,20160629,000000,8.64148,8.70425,8.55044,8.68392,46143076.669467,0
F.US,D,20160630,000000,8.6901,8.69805,8.48146,8.69805,65006016.394778,0
F.US,D,20160701,000000,8.91111,8.91907,8.77496,8.80061,65133801.491695,0
F.US,D,20160705,000000,8.69805,8.70955,8.51594,8.58047,43629162.48375,0
F.US,D,20160706,000000,8.52303,8.70425,8.44788,8.69805,50707664.127671,0
F.US,D,20160707,000000,8.69805,8.88283,8.69805,8.82182,46618371.350546,0
F.US,D,20160708,000000,8.91907,9.11265,8.91907,9.05787,66391050.426906,0
F.US,D,20160711,000000,9.11265,9.22315,9.08522,9.17899,41330346.292176,0
F.US,D,20160712,000000,9.25761,9.36726,9.25761,9.30453,45262419.748169,0
F.US,D,20160713,000000,9.33371,9.34688,9.21083,9.32578,38669917.06509,0
F.US,D,20160714,000000,9.3876,9.47958,9.37528,9.40273,45780795.111361,0
F.US,D,20160715,000000,9.43186,9.45819,9.36014,9.3876,28213702.169098,0
F.US,D,20160718,000000,9.38144,9.46455,9.28513,9.44232,32587163.428233,0
F.US,D,20160719,000000,9.38144,9.49187,9.34083,9.44232,37778948.380681,0
F.US,D,20160720,000000,9.4159,9.53265,9.38144,9.5043,32624322.425407,0
F.US,D,20160721,000000,9.59799,9.71401,9.58907,9.63156,58925423.296264,0
F.US,D,20160722,000000,9.63156,9.63521,9.48401,9.57675,36318332.835185,0
F.US,D,20160725,000000,9.58907,9.652,9.52118,9.56973,37873362.775144,0
F.US,D,20160726,000000,9.60592,9.7093,9.57675,9.69337,40698553.977642,0
F.US,D,20160727,000000,9.69337,9.78632,9.61859,9.68022,49464462.085213,0
F.US,D,20160728,000000,8.94025,8.99507,8.70867,8.88901,203062235.67953,0
F.US,D,20160729,000000,8.82095,9.00839,8.81474,8.85541,85405575.106076,0
F.US,D,20160801,000000,8.82095,8.82536,8.67242,8.72811,74274852.581965,0
F.US,D,20160802,000000,8.63795,8.64501,8.32208,8.35337,145181365.93347,0
F.US,D,20160803,000000,8.40987,8.53539,8.35337,8.48325,67624940.662218,0
F.US,D,20160804,000000,8.47793,8.55395,8.42755,8.44965,54940355.567559,0
F.US,D,20160805,000000,8.50534,8.57606,8.50534,8.52655,44627145.686504,0
F.US,D,20160808,000000,8.54688,8.62468,8.49738,8.51948,47556457.869606,0
F.US,D,20160809,000000,8.50534,8.65473,8.49738,8.60967,42954773.628682,0
F.US,D,20160810,000000,8.60172,8.64501,8.55395,8.56899,35059984.400881,0
F.US,D,20160811,000000,8.60967,8.65207,8.57872,8.60967,35704942.42525,0
F.US,D,20160812,000000,8.5955,8.65207,8.56899,8.62468,26899167.294958,0
F.US,D,20160815,000000,8.65207,8.70336,8.64501,8.69542,23396595.287695,0
F.US,D,20160816,000000,8.63795,8.69542,8.62468,8.63175,29228708.377893,0
F.US,D,20160817,000000,8.62468,8.66536,8.55395,8.66536,33498650.43988,0
F.US,D,20160818,000000,8.62468,8.64501,8.57961,8.62468,33763755.281725,0
F.US,D,20160819,000000,8.60172,8.68038,8.56899,8.66536,31293914.947054,0
F.US,D,20160822,000000,8.63795,8.65827,8.5955,8.64501,32107029.593733,0
F.US,D,20160823,000000,8.67242,8.69542,8.62026,8.68659,49510888.773827,0
F.US,D,20160824,000000,8.68038,8.70336,8.59021,8.60172,28586391.63993,0
F.US,D,20160825,000000,8.60172,8.75994,8.54248,8.7228,63914367.633366,0
F.US,D,20160826,000000,8.7228,8.77585,8.63175,8.65827,32362698.199523,0
F.US,D,20160829,000000,8.65827,8.74316,8.65827,8.7228,31794751.489813,0
F.US,D,20160830,000000,8.71485,8.7838,8.69542,8.77585,37092556.660499,0
F.US,D,20160831,000000,8.72811,8.82095,8.72811,8.81474,37214343.15279,0
F.US,D,20160901,000000,8.85541,8.89699,8.63795,8.70336,57898138.216409,0
F.US,D,20160902,000000,8.76524,8.79177,8.71485,8.74316,30131149.407793,0
F.US,D,20160906,000000,8.7352,8.86249,8.69542,8.86249,51517252.911512,0
F.US,D,20160907,000000,8.82536,8.91907,8.82536,8.88193,32700493.27934,0
F.US,D,20160908,000000,8.74316,8.91907,8.74316,8.90404,48625158.546523,0
F.US,D,20160909,000000,8.82095,8.87309,8.65827,8.65827,50998482.769327,0
F.US,D,20160912,000000,8.61672,8.9332,8.59021,8.88193,60940679.576317,0
F.US,D,20160913,000000,8.76524,8.86957,8.62468,8.65827,80767852.85934,0
F.US,D,20160914,000000,8.51948,8.60967,8.46909,8.4912,89203756.268022,0
F.US,D,20160915,000000,8.4912,8.51948,8.43549,8.46909,81997050.993579,0
F.US,D,20160916,000000,8.42755,8.48325,8.40279,8.46909,37558893.59124,0
F.US,D,20160919,000000,8.47793,8.62468,8.43373,8.46909,58793133.872811,0
F.US,D,20160920,000000,8.45583,8.52655,8.36565,8.39378,54044000.242524,0
F.US,D,20160921,000000,8.44965,8.46909,8.40279,8.45583,47072745.007188,0
F.US,D,20160922,000000,8.51151,8.5955,8.50534,8.51948,51652865.718032,0
F.US,D,20160923,000000,8.47793,8.54688,8.47793,8.51151,27101196.860048,0
F.US,D,20160926,000000,8.47793,8.47793,8.39378,8.40279,38199351.813759,0
F.US,D,20160927,000000,8.40987,8.45583,8.34461,8.37884,41396737.033792,0
F.US,D,20160928,000000,8.40987,8.45583,8.36565,8.45583,41925314.43642,0
F.US,D,20160929,000000,8.41516,8.47793,8.35955,8.37096,33435646.426955,0
F.US,D,20160930,000000,8.39378,8.4912,8.3859,8.44257,49900709.843203,0
F.US,D,20161003,000000,8.43549,8.49738,8.40987,8.46204,29564234.326864,0
F.US,D,20161004,000000,8.46909,8.56899,8.45583,8.53539,34174629.722651,0
F.US,D,20161005,000000,8.54688,8.76524,8.54688,8.72811,79308548.342085,0
F.US,D,20161006,000000,8.69542,8.74757,8.62468,8.66536,36958254.882221,0
F.US,D,20161007,000000,8.66536,8.68659,8.53539,8.5955,31556280.090539,0
F.US,D,20161010,000000,8.63795,8.65827,8.46204,8.47793,35652672.102559,0
F.US,D,20161011,000000,8.51151,8.51151,8.32898,8.3859,57176650.756612,0
F.US,D,20161012,000000,8.39378,8.40279,8.35337,8.36565,29475415.83983,0
F.US,D,20161013,000000,8.32898,8.32898,8.17692,8.32898,57010606.032256,0
F.US,D,20161014,000000,8.36565,8.39378,8.31589,8.32898,36837624.447622,0
F.US,D,20161017,000000,8.32898,8.39378,8.309,8.309,28409641.504637,0
F.US,D,20161018,000000,8.33773,8.34461,8.19141,8.31589,57021418.904523,0
F.US,D,20161019,000000,8.31589,8.42755,8.309,8.40279,37267227.701825,0
F.US,D,20161020,000000,8.40987,8.41516,8.32208,8.37096,25814139.282722,0
F.US,D,20161021,000000,8.34461,8.42136,8.28901,8.40987,34802772.876609,0
F.US,D,20161024,000000,8.43549,8.53539,8.43549,8.52655,48176954.301467,0
F.US,D,20161025,000000,8.53539,8.56988,8.32641,8.3929,59929199.230359,0
F.US,D,20161026,000000,8.35779,8.44877,8.32641,8.41429,50958248.115735,0
F.US,D,20161027,000000,8.36309,8.37629,8.21458,8.31235,68329598.546369,0
F.US,D,20161028,000000,8.31235,8.3929,8.23244,8.30103,52399945.942243,0
F.US,D,20161031,000000,8.32031,8.36309,8.27859,8.31235,45042593.455453,0
F.US,D,20161101,000000,8.34215,8.38503,8.14271,8.2214,50286481.317149,0
F.US,D,20161102,000000,8.14961,8.18806,8.04317,8.07429,51148857.369243,0
F.US,D,20161103,000000,8.06677,8.11549,7.98137,8.03733,54576049.211736,0
F.US,D,20161104,000000,8.01034,8.14271,8.00286,8.03062,34943237.279441,0
F.US,D,20161107,000000,8.15719,8.22996,8.06677,8.1991,35466100.00159,0
F.US,D,20161108,000000,8.14271,8.14961,8.03733,8.13157,40223014.963431,0
F.US,D,20161109,000000,7.89597,8.23676,7.83975,8.1991,85565130.297198,0
F.US,D,20161110,000000,8.1991,8.48235,8.1991,8.45495,74422085.917494,0
F.US,D,20161111,000000,8.41429,8.7794,8.38503,8.69805,111917093.18172,0
F.US,D,20161114,000000,8.68921,8.85276,8.51151,8.54248,79195650.598648,0
F.US,D,20161115,000000,8.54248,8.59639,8.46115,8.52655,44477522.184734,0
F.US,D,20161116,000000,8.49738,8.53539,8.44167,8.49738,35570889.504791,0
F.US,D,20161117,000000,8.42577,8.46821,8.34215,8.4081,54363031.442733,0
F.US,D,20161118,000000,8.4081,8.42577,8.30723,8.32641,43289467.035128,0
F.US,D,20161121,000000,8.33515,8.42577,8.33515,8.35082,27510883.570471,0
F.US,D,20161122,000000,8.32641,8.43373,8.30723,8.41958,34222903.61499,0
F.US,D,20161123,000000,8.42577,8.49738,8.3929,8.42577,31652187.63192,0
F.US,D,20161125,000000,8.46115,8.54248,8.44877,8.52655,16153777.350093,0
F.US,D,20161128,000000,8.51151,8.53539,8.41958,8.44167,34332976.822174,0
F.US,D,20161129,000000,8.44877,8.49738,8.4081,8.44167,33408807.111097,0
F.US,D,20161130,000000,8.47704,8.59639,8.44167,8.46821,67279581.435853,0
F.US,D,20161201,000000,8.66006,9.06413,8.62557,8.80326,134280737.34948,0
F.US,D,20161202,000000,8.90933,8.90933,8.60172,8.66712,54530969.748863,0
F.US,D,20161205,000000,8.71662,8.85276,8.70336,8.81122,51050317.590833,0
F.US,D,20161206,000000,8.7794,8.91641,8.76259,8.89432,33772457.387212,0
F.US,D,20161207,000000,8.91641,9.31154,8.88017,9.248,82721737.407531,0
F.US,D,20161208,000000,9.25668,9.31154,9.18336,9.22671,58541935.658401,0
F.US,D,20161209,000000,9.20728,9.34782,9.14094,9.32578,63881608.894913,0
F.US,D,20161212,000000,9.26379,9.27801,9.07115,9.07908,55850534.944479,0
F.US,D,20161213,000000,9.09407,9.12058,9.02956,9.04372,55388060.965804,0
F.US,D,20161214,000000,8.95793,9.05869,8.85276,8.87399,60282804.699932,0
F.US,D,20161215,000000,8.88017,9.00749,8.86692,8.90933,33483757.43054,0
F.US,D,20161216,000000,8.96507,8.99328,8.89521,8.94383,40031022.286679,0
F.US,D,20161219,000000,8.91641,9.0614,8.91641,8.96507,32236616.647499,0
F.US,D,20161220,000000,8.99328,9.07908,8.97919,9.05076,25099260.129211,0
F.US,D,20161221,000000,9.01276,9.04372,8.95087,8.95087,25504568.073178,0
F.US,D,20161222,000000,8.94383,8.95087,8.7794,8.7794,38981109.243979,0
F.US,D,20161223,000000,8.80326,8.82271,8.75552,8.82271,22006385.012918,0
F.US,D,20161227,000000,8.80326,8.85895,8.75552,8.77231,27408460.478899,0
F.US,D,20161228,000000,8.76259,8.8183,8.65296,8.67508,37719672.710365,0
F.US,D,20161229,000000,8.67508,8.71662,8.65296,8.66006,27965025.336872,0
F.US,D,20161230,000000,8.66712,8.69805,8.55395,8.59021,38693934.107039,0
F.US,D,20170103,000000,8.63971,8.92349,8.59021,8.91641,57170221.175488,0
F.US,D,20170104,000000,9.04372,9.39732,9.02159,9.32578,109502816.01117,0
F.US,D,20170105,000000,9.35305,9.36191,8.94383,9.04372,106761971.77315,0
F.US,D,20170106,000000,9.06413,9.09407,8.95087,9.03669,56897307.853964,0
F.US,D,20170109,000000,9.05869,9.10741,8.94383,8.94383,55439495.352456,0
F.US,D,20170110,000000,8.99328,9.22059,8.96507,9.10201,82781377.315201,0
F.US,D,20170111,000000,9.00044,9.00749,8.85895,8.97124,70097978.819873,0
F.US,D,20170112,000000,8.96507,8.97919,8.74669,8.91641,51514443.080493,0
F.US,D,20170113,000000,8.93767,8.97124,8.85276,8.94383,41016213.066326,0
F.US,D,20170117,000000,8.95793,9.01276,8.88017,8.93231,69220673.560938,0
F.US,D,20170118,000000,8.94383,8.95882,8.85099,8.93231,46998436.062216,0
F.US,D,20170119,000000,8.92349,9.0384,8.88017,8.94383,41862648.643896,0
F.US,D,20170120,000000,8.95882,8.98007,8.85808,8.89344,40361729.443322,0
F.US,D,20170123,000000,8.88459,8.90933,8.79353,8.85808,43993956.374664,0
F.US,D,20170124,000000,8.88459,9.07376,8.87663,9.07376,48079450.676523,0
F.US,D,20170125,000000,9.14531,9.21266,9.09768,9.2038,64858435.789475,0
F.US,D,20170126,000000,9.10291,9.12415,8.88459,8.90227,77227594.728794,0
F.US,D,20170127,000000,8.98007,9.02252,8.90933,8.98712,48014503.310261,0
F.US,D,20170130,000000,8.96587,8.96587,8.83508,8.90227,54545290.385218,0
F.US,D,20170131,000000,8.85808,8.91641,8.76967,8.89344,65257952.133272,0
F.US,D,20170201,000000,8.95882,9.05346,8.79353,8.86603,61686931.782692,0
F.US,D,20170202,000000,8.85099,8.90227,8.80061,8.83508,40333683.167039,0
F.US,D,20170203,000000,8.93767,9.08089,8.91641,9.0384,53136992.671632,0
F.US,D,20170206,000000,9.03137,9.07728,8.96587,9.00839,37396435.813003,0
F.US,D,20170207,000000,8.99418,9.00839,8.85808,8.88017,45796664.322056,0
F.US,D,20170208,000000,8.88017,8.95882,8.82715,8.90933,36679563.53459,0
F.US,D,20170209,000000,8.92349,8.97214,8.88459,8.90933,45751395.953475,0
F.US,D,20170210,000000,8.95087,9.00132,8.90227,9.00132,45800871.15038,0
F.US,D,20170213,000000,9.02252,9.08089,8.98007,9.0384,33987375.525021,0
F.US,D,20170214,000000,9.09768,9.13829,9.0596,9.10291,39394210.962391,0
F.US,D,20170215,000000,9.08089,9.09768,9.03137,9.08974,34892793.799381,0
F.US,D,20170216,000000,9.07376,9.09768,8.98007,9.02252,31794937.002006,0
F.US,D,20170217,000000,8.99418,9.05346,8.93767,9.05346,36690454.457719,0
F.US,D,20170221,000000,9.07376,9.15335,9.07376,9.13037,40513589.271954,0
F.US,D,20170222,000000,9.10994,9.18427,9.10291,9.11625,34430955.539319,0
F.US,D,20170223,000000,9.13829,9.14978,9.03137,9.0384,31221904.5434,0
F.US,D,20170224,000000,9.00132,9.00132,8.90933,8.97214,56721694.546437,0
F.US,D,20170227,000000,8.98712,9.12415,8.94383,9.10994,57907325.594645,0
F.US,D,20170228,000000,9.08974,9.10994,8.95882,9.01456,50144029.445275,0
F.US,D,20170301,000000,9.10994,9.17269,9.10291,9.13037,50269805.580883,0
F.US,D,20170302,000000,9.15335,9.17105,9.05346,9.10994,46158976.421804,0
F.US,D,20170303,000000,9.10994,9.14531,9.01456,9.10291,42322864.803442,0
F.US,D,20170306,000000,9.05346,9.06582,8.99418,9.00839,39907769.795597,0
F.US,D,20170307,000000,9.00132,9.01097,8.93767,8.96587,35958232.176517,0
F.US,D,20170308,000000,8.99418,9.09768,8.96587,9.01456,37966780.607156,0
F.US,D,20170309,000000,9.02252,9.02252,8.92349,8.99418,40500749.339628,0
F.US,D,20170310,000000,9.03137,9.08974,8.97214,9.01456,48275723.707774,0
F.US,D,20170313,000000,9.0384,9.08974,8.99418,9.02252,31426569.739035,0
F.US,D,20170314,000000,9.00132,9.0384,8.95882,9.03137,37450495.649651,0
F.US,D,20170315,000000,9.0384,9.10291,9.00839,9.10291,47638475.75113,0
F.US,D,20170316,000000,9.10291,9.15335,9.0596,9.13829,40230055.377385,0
F.US,D,20170317,000000,9.16748,9.16748,8.95882,8.98007,76320193.51008,0
F.US,D,20170320,000000,8.98007,8.98712,8.81652,8.83508,62971083.379389,0
F.US,D,20170321,000000,8.85099,8.86603,8.4187,8.43285,141114073.31877,0
F.US,D,20170322,000000,8.47704,8.5124,8.36132,8.46821,98809040.309286,0
F.US,D,20170323,000000,8.32384,8.45495,8.27512,8.39925,98954016.956858,0
F.US,D,20170324,000000,8.39111,8.46468,8.31067,8.36132,60827193.623487,0
F.US,D,20170327,000000,8.28211,8.31067,8.20935,8.24781,80160531.18669,0
F.US,D,20170328,000000,8.28211,8.49031,8.26029,8.38326,80066951.597095,0
F.US,D,20170329,000000,8.4408,8.46115,8.37451,8.40632,49723791.163296,0
F.US,D,20170330,000000,8.39925,8.44788,8.35603,8.40632,38896799.608169,0
F.US,D,20170331,000000,8.39111,8.40632,8.34816,8.37451,37034339.767088,0
F.US,D,20170403,000000,8.37451,8.37451,8.11726,8.23244,91253474.831422,0
F.US,D,20170404,000000,8.18894,8.26029,8.11726,8.18284,55664643.808999,0
F.US,D,20170405,000000,8.26029,8.27079,8.09453,8.10124,60109372.291846,0
F.US,D,20170406,000000,8.10885,8.17436,8.07517,8.10885,50247934.372045,0
F.US,D,20170407,000000,8.10124,8.13846,8.06765,8.08099,40125849.558888,0
F.US,D,20170410,000000,8.10124,8.16747,8.08781,8.09453,35919714.641882,0
F.US,D,20170411,000000,8.10885,8.11726,8.03733,8.11726,50531516.907005,0
F.US,D,20170412,000000,8.10885,8.1291,8.05915,8.08099,78586626.512275,0
F.US,D,20170413,000000,8.07517,8.09453,7.99348,7.99348,45457493.737198,0
F.US,D,20170417,000000,8.07517,8.13246,8.01638,8.11726,61392391.585462,0
F.US,D,20170418,000000,8.13246,8.15209,8.08099,8.12485,48883284.057698,0
F.US,D,20170419,000000,8.15985,8.22652,8.14536,8.15985,51436734.963938,0
F.US,D,20170420,000000,8.20343,8.38678,8.19742,8.36478,68530380.428845,0
F.US,D,20170421,000000,8.35779,8.37096,8.25559,8.26905,35661632.115241,0
F.US,D,20170424,000000,8.37096,8.38678,8.28467,8.33604,52086202.970703,0
F.US,D,20170425,000000,8.36478,8.38678,8.33604,8.37096,49165778.405282,0
F.US,D,20170426,000000,8.36478,8.53452,8.35161,8.45849,70863234.714299,0
F.US,D,20170427,000000,8.50268,8.51771,8.26905,8.36478,68744320.102953,0
F.US,D,20170428,000000,8.39467,8.39467,8.31235,8.36478,56787012.937086,0
F.US,D,20170501,000000,8.37884,8.41605,8.31235,8.32721,44029100.75467,0
F.US,D,20170502,000000,8.24111,8.29256,7.94991,7.96474,129633356.02582,0
F.US,D,20170503,000000,7.96474,8.08692,7.95715,8.07429,78535403.654772,0
F.US,D,20170504,000000,8.08692,8.10124,7.99198,8.02299,47379053.91695,0
F.US,D,20170505,000000,8.02974,8.13846,8.0086,8.12485,39661220.697729,0
F.US,D,20170508,000000,8.15209,8.19742,8.08692,8.11726,48604124.404897,0
F.US,D,20170509,000000,8.12485,8.20679,8.09453,8.13846,60515080.670667,0
F.US,D,20170510,000000,8.13846,8.16747,8.04247,8.05076,47963571.163937,0
F.US,D,20170511,000000,8.05076,8.07429,8.00038,8.02974,40088348.947798,0
F.US,D,20170512,000000,8.02299,8.04247,7.94991,7.96474,46959311.088267,0
F.US,D,20170515,000000,7.99198,8.04247,7.96474,7.9796,37439131.896666,0
F.US,D,20170516,000000,8.06677,8.07429,7.94991,7.9796,57718256.997276,0
F.US,D,20170517,000000,7.93405,7.98375,7.78255,7.84708,74910803.084432,0
F.US,D,20170518,000000,7.82588,7.89004,7.80218,7.869,51955933.820278,0
F.US,D,20170519,000000,7.88352,7.9796,7.869,7.92647,44359666.514823,0
F.US,D,20170522,000000,8.10124,8.11726,8.0086,8.09453,100370438.74709,0
F.US,D,20170523,000000,8.13846,8.14271,8.00038,8.05845,55949813.378146,0
F.US,D,20170524,000000,8.06677,8.06677,7.92647,7.99198,64018027.095831,0
F.US,D,20170525,000000,7.99198,8.00038,7.84708,7.91993,63370883.647335,0
F.US,D,20170526,000000,7.91338,7.98137,7.88352,7.97138,38567748.487201,0
F.US,D,20170530,000000,8.02299,8.10885,8.01549,8.08099,49419346.424838,0
F.US,D,20170531,000000,8.10885,8.11726,8.02299,8.10885,49982228.877916,0
F.US,D,20170601,000000,8.20343,8.41605,8.09453,8.32031,105155920.32429,0
F.US,D,20170602,000000,8.32721,8.33604,8.19742,8.27682,62958270.595188,0
F.US,D,20170605,000000,8.28467,8.28467,8.18717,8.20343,58271274.500144,0
F.US,D,20170606,000000,8.15985,8.16747,8.05845,8.10885,61072181.704124,0
F.US,D,20170607,000000,8.13846,8.15985,8.03653,8.07429,51204143.396241,0
F.US,D,20170608,000000,7.9796,8.09453,7.95715,8.09453,55793607.587043,0
F.US,D,20170609,000000,8.08692,8.13246,8.02974,8.11726,41511470.669237,0
F.US,D,20170612,000000,8.11726,8.28467,8.11726,8.22652,52752387.435925,0
F.US,D,20170613,000000,8.25294,8.27682,8.13246,8.21873,40981938.557518,0
F.US,D,20170614,000000,8.22652,8.23332,8.06677,8.18373,60828230.908128,0
F.US,D,20170615,000000,8.13246,8.23332,8.12485,8.19742,38980153.403717,0
F.US,D,20170616,000000,8.19742,8.19742,8.07429,8.18373,70566936.675923,0
F.US,D,20170619,000000,8.16747,8.22652,8.15209,8.19742,41837283.245033,0
F.US,D,20170620,000000,8.17523,8.18373,8.08692,8.10885,43830032.597634,0
F.US,D,20170621,000000,8.13246,8.13246,8.02299,8.05076,50733125.676145,0
F.US,D,20170622,000000,8.03653,8.15209,8.02299,8.11726,36976524.439705,0
F.US,D,20170623,000000,8.09453,8.11726,8.02299,8.05076,61963713.712143,0
F.US,D,20170626,000000,8.06677,8.16747,8.06253,8.15209,42936527.825808,0
F.US,D,20170627,000000,8.14536,8.16747,8.06677,8.08099,39045665.224761,0
F.US,D,20170628,000000,8.10124,8.14536,8.07429,8.08692,43628412.516775,0
F.US,D,20170629,000000,8.11726,8.16747,8.07429,8.14536,45132038.611724,0
F.US,D,20170630,000000,8.15209,8.22652,8.13846,8.15985,56314662.696483,0
F.US,D,20170703,000000,8.28467,8.52126,8.20343,8.4302,60264635.816749,0
F.US,D,20170705,000000,8.39467,8.4302,8.21113,8.24111,54025484.089563,0
F.US,D,20170706,000000,8.23332,8.28467,8.14536,8.15209,43787212.085061,0
F.US,D,20170707,000000,8.17523,8.22652,8.13846,8.21113,28139195.269043,0
F.US,D,20170710,000000,8.19742,8.27682,8.18983,8.26905,25873599.334058,0
F.US,D,20170711,000000,8.24871,8.33604,8.24111,8.30015,35532818.783059,0
F.US,D,20170712,000000,8.32031,8.4744,8.31235,8.36478,45366159.523841,0
F.US,D,20170713,000000,8.35779,8.52567,8.35161,8.45849,46121571.960326,0
F.US,D,20170714,000000,8.49209,8.55395,8.45849,8.51771,54561875.627732,0
F.US,D,20170717,000000,8.5416,8.56988,8.49649,8.56279,33433043.600395,0
F.US,D,20170718,000000,8.54601,8.56988,8.51064,8.56988,33763360.502729,0
F.US,D,20170719,000000,8.57696,8.62733,8.56279,8.62733,35936711.630969,0
F.US,D,20170720,000000,8.63441,8.70336,8.6123,8.64236,40497722.323602,0
F.US,D,20170721,000000,8.56192,8.58401,8.4629,8.51594,37397905.205311,0
F.US,D,20170724,000000,8.50093,8.53277,8.32298,8.34038,65117983.183735,0
F.US,D,20170725,000000,8.34728,8.40368,8.28814,8.32298,71496443.256062,0
F.US,D,20170726,000000,8.22909,8.24357,8.08781,8.16835,97731849.056026,0
F.US,D,20170727,000000,8.1855,8.27247,8.14696,8.25806,52336999.619086,0
F.US,D,20170728,000000,8.23587,8.28814,8.16835,8.25126,33210930.07808,0
F.US,D,20170731,000000,8.24357,8.2951,8.21707,8.28814,53527257.160396,0
F.US,D,20170801,000000,8.20512,8.23587,8.02974,8.08781,88115122.079744,0
F.US,D,20170802,000000,8.10963,8.14271,8.07429,8.12556,41787327.300066,0
F.US,D,20170803,000000,8.13334,8.16154,8.06677,8.07429,27481822.632985,0
F.US,D,20170804,000000,8.05076,8.11804,7.96307,8.08781,39611373.345265,0
F.US,D,20170807,000000,8.08099,8.10963,8.05076,8.06677,47399050.773938,0
F.US,D,20170808,000000,8.08781,8.12556,8.03653,8.04247,35316281.938251,0
F.US,D,20170809,000000,8.03653,8.08781,7.99949,8.06677,43508515.081571,0
F.US,D,20170810,000000,8.03653,8.05845,7.95563,7.95563,43138343.599408,0
F.US,D,20170811,000000,7.9705,8.00781,7.94814,7.95563,43724879.988251,0
F.US,D,20170814,000000,7.9911,8.08781,7.9705,8.05845,35731912.957049,0
F.US,D,20170815,000000,8.06677,8.12556,8.00365,8.00781,39558908.461006,0
F.US,D,20170816,000000,8.0222,8.05076,7.96307,7.97879,38292146.37005,0
F.US,D,20170817,000000,7.9705,7.97879,7.83001,7.8593,47715224.633907,0
F.US,D,20170818,000000,7.8439,7.85187,7.7335,7.799,59551582.374696,0
F.US,D,20170821,000000,7.77874,7.8698,7.77044,7.80703,40765534.059822,0
F.US,D,20170822,000000,7.83728,7.92568,7.83728,7.86672,38738909.502096,0
F.US,D,20170823,000000,7.83728,7.96307,7.8226,7.9117,47921979.104056,0
F.US,D,20170824,000000,7.93981,7.97879,7.89597,7.9117,45425499.670956,0
F.US,D,20170825,000000,7.95563,8.03653,7.94814,7.9911,48446360.990077,0
F.US,D,20170828,000000,8.0222,8.03653,7.92568,7.9705,30104519.358738,0
F.US,D,20170829,000000,7.93981,8.04247,7.92568,8.00781,40305670.82591,0
F.US,D,20170830,000000,7.9911,8.08099,7.95563,8.08099,31852372.255628,0
F.US,D,20170831,000000,8.10204,8.27247,8.08781,8.14696,73207885.991582,0
F.US,D,20170901,000000,8.25806,8.44346,8.22909,8.38414,87328474.593366,0
F.US,D,20170905,000000,8.39201,8.4134,8.30369,8.39201,59755772.478131,0
F.US,D,20170906,000000,8.4134,8.51594,8.41251,8.49471,58578013.25523,0
F.US,D,20170907,000000,8.50976,8.50976,8.36743,8.42047,40968016.093676,0
F.US,D,20170908,000000,8.37539,8.4134,8.34038,8.39201,36048558.515704,0
F.US,D,20170911,000000,8.42047,8.45673,8.40722,8.42755,58639107.849974,0
F.US,D,20170912,000000,8.44346,8.61938,8.4134,8.56192,55946332.762186,0
F.US,D,20170913,000000,8.56899,8.59021,8.50976,8.58401,31389804.389686,0
F.US,D,20170914,000000,8.56899,8.62733,8.47881,8.53982,42803672.8164,0
F.US,D,20170915,000000,8.5239,8.59021,8.48589,8.58401,41157420.649103,0
F.US,D,20170918,000000,8.59021,8.66448,8.56545,8.59021,33714993.854292,0
F.US,D,20170919,000000,8.59021,8.67152,8.58401,8.65563,35627741.07371,0
F.US,D,20170920,000000,8.62733,8.71133,8.59375,8.64944,35519559.185956,0
F.US,D,20170921,000000,8.64944,8.72987,8.63441,8.65563,54509129.081667,0
F.US,D,20170922,000000,8.67152,8.76701,8.65563,8.74669,40876811.965088,0
F.US,D,20170925,000000,8.77409,8.90933,8.74669,8.82006,55186294.963769,0
F.US,D,20170926,000000,8.82448,8.86426,8.78999,8.81299,41480215.258249,0
F.US,D,20170927,000000,8.84922,8.8784,8.76259,8.82448,37652225.454186,0
F.US,D,20170928,000000,8.82448,8.85718,8.78999,8.83243,30684876.155448,0
F.US,D,20170929,000000,8.84039,8.8784,8.80591,8.84039,42271381.776399,0
F.US,D,20171002,000000,8.86426,8.93231,8.84039,8.93231,48732659.468789,0
F.US,D,20171003,000000,9.10201,9.18063,9.02604,9.11536,88819432.69412,0
F.US,D,20171004,000000,9.10741,9.2038,9.07025,9.08613,71549973.704259,0
F.US,D,20171005,000000,9.11536,9.12853,8.97391,9.04814,65167868.996045,0
F.US,D,20171006,000000,9.01097,9.10741,9.00572,9.09407,47412804.693164,0
F.US,D,20171009,000000,9.10741,9.16656,9.04814,9.11536,39156192.031879,0
F.US,D,20171010,000000,9.11536,9.17269,9.04814,9.15161,54939110.147288,0
F.US,D,20171011,000000,9.14368,9.18063,9.09407,9.14368,47017389.978705,0
F.US,D,20171012,000000,9.08613,9.10201,8.94472,8.95177,62440274.174588,0
F.US,D,20171013,000000,8.90933,8.98891,8.76701,8.90139,60339467.363142,0
F.US,D,20171016,000000,8.85718,8.97391,8.83243,8.95177,43788967.663863,0
F.US,D,20171017,000000,8.9606,9.09407,8.95177,9.06413,74749699.31897,0
F.US,D,20171018,000000,9.07025,9.1224,8.98891,9.00302,41556655.331096,0
F.US,D,20171019,000000,8.96767,9.04814,8.90139,9.03488,40132895.628703,0
F.US,D,20171020,000000,9.05697,9.07908,8.97302,9.04814,37664676.263376,0
F.US,D,20171023,000000,9.05697,9.11536,9.00302,9.00302,28722455.784041,0
F.US,D,20171024,000000,9.05697,9.16748,9.04192,9.11536,45634748.375162,0
F.US,D,20171025,000000,9.08702,9.08702,8.95087,9.00302,63703019.474097,0
F.US,D,20171026,000000,9.12331,9.2276,9.0181,9.17451,65444416.77291,0
F.US,D,20171027,000000,9.14531,9.15335,8.98098,9.0181,45344166.148435,0
F.US,D,20171030,000000,8.97302,9.08702,8.93679,9.04814,48749455.109277,0
F.US,D,20171031,000000,9.08702,9.19842,9.07025,9.17451,56174310.27967,0
F.US,D,20171101,000000,9.27266,9.32578,9.17817,9.23464,58155664.206471,0
F.US,D,20171102,000000,9.22059,9.29474,9.16748,9.28772,54720484.027966,0
F.US,D,20171103,000000,9.2806,9.31857,9.2143,9.24347,44415505.684884,0
F.US,D,20171106,000000,9.24347,9.29474,9.19842,9.22059,26977482.850828,0
F.US,D,20171107,000000,9.23464,9.25852,9.05697,9.09498,55530942.683005,0
F.US,D,20171108,000000,9.07908,9.09498,8.98098,9.0181,45624125.539775,0
F.US,D,20171109,000000,9.00302,9.01097,9.00302,9.00302,35099246.246632,0
F.US,D,20171110,000000,8.97302,9.04101,8.95971,8.98098,47187726.36928,0
F.US,D,20171113,000000,8.98098,9.13829,8.95087,9.09498,40670704.52527,0
F.US,D,20171114,000000,9.04814,9.09498,8.96677,8.98801,34601101.893014,0
F.US,D,20171115,000000,8.97302,8.99507,8.97302,8.97302,37935774.053989,0
F.US,D,20171116,000000,8.97302,9.01097,8.92172,9.00302,37763428.702105,0
F.US,D,20171117,000000,8.98801,9.0181,8.9633,8.98098,41581796.757919,0
F.US,D,20171120,000000,8.99507,9.08702,8.98801,9.07115,43181417.494487,0
F.US,D,20171121,000000,9.06413,9.14094,9.06413,9.06413,38042160.771925,0
F.US,D,20171122,000000,9.05697,9.08702,9.01097,9.02604,48379901.246974,0
F.US,D,20171124,000000,9.04814,9.08702,8.99507,9.04814,12770055.312848,0
F.US,D,20171127,000000,9.04101,9.11536,9.0181,9.05697,38138025.328773,0
F.US,D,20171128,000000,9.08702,9.15335,9.03488,9.13037,44388394.887768,0
F.US,D,20171129,000000,9.15335,9.39992,9.14531,9.39199,86635093.361965,0
F.US,D,20171130,000000,9.37079,9.46007,9.28772,9.36286,62890738.501116,0
F.US,D,20171201,000000,9.43803,9.49642,9.23464,9.40703,70130013.608304,0
F.US,D,20171204,000000,9.46007,9.5794,9.41497,9.44419,52894719.403577,0
F.US,D,20171205,000000,9.43186,9.43803,9.27266,9.29474,60800145.040828,0
F.US,D,20171206,000000,9.27266,9.29474,9.18246,9.25852,35929580.723263,0
F.US,D,20171207,000000,9.27007,9.41497,9.22059,9.37079,33978533.154217,0
F.US,D,20171208,000000,9.37079,9.43186,9.29474,9.43186,28586770.58252,0
F.US,D,20171211,000000,9.42383,9.44419,9.35398,9.40703,57024486.642738,0
F.US,D,20171212,000000,9.39199,9.44858,9.35398,9.42383,72670883.620586,0
F.US,D,20171213,000000,9.43186,9.51568,9.41497,9.44419,42597923.958077,0
F.US,D,20171214,000000,9.46007,9.48931,9.2806,9.31857,49044168.375811,0
F.US,D,20171215,000000,9.35398,9.46801,9.34782,9.40703,65047796.229196,0
F.US,D,20171218,000000,9.46801,9.53351,9.43186,9.46801,33457019.920154,0
F.US,D,20171219,000000,9.5043,9.5574,9.46801,9.48931,29909057.377746,0
F.US,D,20171220,000000,9.5114,9.53351,9.46007,9.5114,25387689.735796,0
F.US,D,20171221,000000,9.5264,9.55029,9.44419,9.44419,28038373.916894,0
F.US,D,20171222,000000,9.46801,9.46801,9.39199,9.40703,23899172.704021,0
F.US,D,20171226,000000,9.39992,9.46007,9.38405,9.42383,15279253.64288,0
F.US,D,20171227,000000,9.39992,9.40703,9.30979,9.34782,22735768.052631,0
F.US,D,20171228,000000,9.33198,9.40703,9.32578,9.40703,19677660.636099,0
F.US,D,20171229,000000,9.40703,9.43186,9.33989,9.33989,24516929.437522,0
F.US,D,20180102,000000,9.36286,9.46801,9.34782,9.46801,27763636.015081,0
F.US,D,20180103,000000,9.48126,9.57238,9.47604,9.54147,39801668.132982,0
F.US,D,20180104,000000,9.5574,9.75271,9.55029,9.7068,50110207.40523,0
F.US,D,20180105,000000,9.76593,9.88697,9.75271,9.87108,61674572.598428,0
F.US,D,20180108,000000,9.87996,9.88697,9.80391,9.83325,44437074.870824,0
F.US,D,20180109,000000,9.85521,9.88697,9.78185,9.78185,37335036.933016,0
F.US,D,20180110,000000,9.76593,9.82548,9.69174,9.74475,75556407.007961,0
F.US,D,20180111,000000,9.73688,9.87108,9.72104,9.83937,37892975.033683,0
F.US,D,20180112,000000,9.79594,9.94014,9.79594,9.89239,76182869.240464,0
F.US,D,20180116,000000,9.95257,10.0808,9.72891,9.79594,71849264.823503,0
F.US,D,20180117,000000,9.40703,9.40703,9.04814,9.10832,177005243.96874,0
F.US,D,20180118,000000,9.10832,9.12331,8.98801,9.02604,88820951.857992,0
F.US,D,20180119,000000,9.06413,9.06413,8.90757,8.97302,68441008.798749,0
F.US,D,20180122,000000,8.98801,9.03488,8.89961,8.98801,70450591.120511,0
F.US,D,20180123,000000,8.99507,8.99507,8.89961,8.94383,69232337.07448,0
F.US,D,20180124,000000,8.97302,9.04101,8.91552,9.01097,85650075.65162,0
F.US,D,20180125,000000,8.92172,8.92172,8.55484,8.65207,153364950.13638,0
F.US,D,20180126,000000,8.66624,8.75112,8.59906,8.71133,70063762.000831,0
F.US,D,20180129,000000,8.75199,8.78823,8.5124,8.52037,71847832.759868,0
F.US,D,20180130,000000,8.49649,8.59639,8.46556,8.4744,67932016.506534,0
F.US,D,20180131,000000,8.49649,8.51594,8.35337,8.40722,75155778.722176,0
F.US,D,20180201,000000,8.39111,8.42842,8.31235,8.36654,53949780.409629,0
F.US,D,20180202,000000,8.33694,8.33694,8.13766,8.20512,94303736.4396,0
F.US,D,20180205,000000,8.2594,8.26647,7.84556,7.84556,125765491.28084,0
F.US,D,20180206,000000,7.8698,8.26647,7.80791,8.24525,182632008.63547,0
F.US,D,20180207,000000,8.23756,8.45849,8.1991,8.24525,88774472.004297,0
F.US,D,20180208,000000,8.26647,8.32031,7.98287,7.9911,96491609.552795,0
F.US,D,20180209,000000,8.06933,8.1513,8.06933,8.06933,93929922.583892,0
F.US,D,20180212,000000,8.17613,8.29077,8.07932,8.1991,63936566.882057,0
F.US,D,20180213,000000,8.14447,8.19062,8.06933,8.1147,48038962.640425,0
F.US,D,20180214,000000,8.08365,8.23756,8.04485,8.22996,36261311.590482,0
F.US,D,20180215,000000,8.27512,8.27512,8.1513,8.24525,36804711.869789,0
F.US,D,20180216,000000,8.1991,8.29077,8.06076,8.1307,53554352.121107,0
F.US,D,20180220,000000,8.10629,8.17613,8.08365,8.14447,35992791.740646,0
F.US,D,20180221,000000,8.15985,8.23756,8.1147,8.1222,47005071.516628,0
F.US,D,20180222,000000,8.1222,8.2214,8.09118,8.14447,33130752.61325,0
F.US,D,20180223,000000,8.17613,8.20512,8.13766,8.1991,28417287.095563,0
F.US,D,20180226,000000,8.22996,8.39111,8.1991,8.34461,35359587.723573,0
F.US,D,20180227,000000,8.37362,8.42136,8.1222,8.1307,56774089.298039,0
F.US,D,20180228,000000,8.18462,8.26647,8.09788,8.1307,53928231.584784,0
F.US,D,20180301,000000,8.15985,8.19062,7.81534,7.8844,98979955.859877,0
F.US,D,20180302,000000,7.84556,7.98287,7.76955,7.96883,78947395.693541,0
F.US,D,20180305,000000,7.89995,8.14447,7.89174,8.10629,57451846.783048,0
F.US,D,20180306,000000,8.15985,8.18462,8.02299,8.14447,40430346.331254,0
F.US,D,20180307,000000,8.05341,8.1513,7.9911,8.14447,39213549.234641,0
F.US,D,20180308,000000,8.15985,8.18462,8.02974,8.1307,35169541.793675,0
F.US,D,20180309,000000,8.14447,8.2214,8.09788,8.2214,34825541.10477,0
F.US,D,20180312,000000,8.19062,8.31235,8.18462,8.283,44113276.912194,0
F.US,D,20180313,000000,8.30635,8.4134,8.2214,8.2594,58020191.665269,0
F.US,D,20180314,000000,8.61938,8.76613,8.43638,8.44433,120049223.76807,0
F.US,D,20180315,000000,8.46556,8.61938,8.39111,8.48146,62181428.106908,0
F.US,D,20180316,000000,8.52037,8.59639,8.4744,8.54335,105300265.77794,0
F.US,D,20180319,000000,8.54335,8.55927,8.3281,8.43638,82380664.191524,0
F.US,D,20180320,000000,8.46556,8.5292,8.40722,8.42136,59528877.492162,0
F.US,D,20180321,000000,8.42842,8.56988,8.37362,8.50444,50312514.107437,0
F.US,D,20180322,000000,8.42842,8.4744,8.2214,8.23756,66926255.365741,0
F.US,D,20180323,000000,8.26647,8.31235,8.05341,8.09118,52139521.889753,0
F.US,D,20180326,000000,8.22996,8.3281,8.18462,8.29944,68289561.847862,0
F.US,D,20180327,000000,8.31235,8.36654,8.21368,8.29944,53087607.968478,0
F.US,D,20180328,000000,8.29944,8.39111,8.2214,8.32031,55157929.697007,0
F.US,D,20180329,000000,8.37362,8.5292,8.36309,8.48943,52026102.676066,0
F.US,D,20180402,000000,8.4744,8.49649,8.1991,8.32031,56899485.359886,0
F.US,D,20180403,000000,8.43638,8.56722,8.35337,8.54335,55497585.554612,0
F.US,D,20180404,000000,8.3281,8.70511,8.27512,8.68126,58513289.861006,0
F.US,D,20180405,000000,8.68921,8.71929,8.60346,8.69805,37528686.776612,0
F.US,D,20180406,000000,8.64324,8.69805,8.48146,8.56722,41659404.200176,0
F.US,D,20180409,000000,8.61938,8.71929,8.58312,8.61938,47587093.398386,0
F.US,D,20180410,000000,8.76613,8.8501,8.74316,8.77231,57430553.603055,0
F.US,D,20180411,000000,8.71929,8.80504,8.65739,8.75994,43040651.068756,0
F.US,D,20180412,000000,8.81299,8.84126,8.61938,8.66536,61513816.10274,0
F.US,D,20180413,000000,8.69805,8.72634,8.60346,8.64324,45154567.031441,0
F.US,D,20180416,000000,8.70511,8.77231,8.63529,8.71929,42811253.930526,0
F.US,D,20180417,000000,8.75994,8.77231,8.65739,8.71929,40336197.762189,0
F.US,D,20180418,000000,8.71929,8.79707,8.65739,8.68126,60329249.487299,0
F.US,D,20180419,000000,8.68126,8.7343,8.42489,8.51064,63301374.264768,0
F.US,D,20180420,000000,8.54865,8.56545,8.37007,8.40368,57861463.360812,0
F.US,D,20180423,000000,8.41693,8.57252,8.41073,8.57252,41128262.430834,0
F.US,D,20180424,000000,8.58136,8.67331,8.48676,8.51064,51029561.717496,0
F.US,D,20180425,000000,8.51064,8.66536,8.4408,8.62646,51971072.29392,0
F.US,D,20180426,000000,8.86867,8.95357,8.76613,8.87486,103896557.22878,0
F.US,D,20180427,000000,8.85276,8.97561,8.83598,8.92261,42981968.132519,0
F.US,D,20180430,000000,8.95357,9.10471,8.71221,8.72722,85112701.125065,0
F.US,D,20180501,000000,8.7352,8.81387,8.61938,8.74403,79110914.511029,0
F.US,D,20180502,000000,8.74403,8.74846,8.63441,8.70511,53958669.158482,0
F.US,D,20180503,000000,8.67331,8.70511,8.51771,8.69805,50105451.958529,0
F.US,D,20180504,000000,8.66536,8.85984,8.61143,8.82095,41265988.266476,0
F.US,D,20180507,000000,8.82095,8.88193,8.78115,8.80679,35428089.231969,0
F.US,D,20180508,000000,8.78999,8.82802,8.7237,8.75288,33166471.628585,0
F.US,D,20180509,000000,8.70511,8.76083,8.55749,8.58932,56318575.420113,0
F.US,D,20180510,000000,8.57252,8.7352,8.55749,8.70511,41240705.443164,0
F.US,D,20180511,000000,8.71221,8.73076,8.66536,8.68921,25547209.860589,0
F.US,D,20180514,000000,8.72018,8.76613,8.67331,8.68126,35933995.687219,0
F.US,D,20180515,000000,8.61938,8.7352,8.58932,8.71221,34706702.446473,0
F.US,D,20180516,000000,8.70511,8.85276,8.69805,8.85276,37316552.452869,0
F.US,D,20180517,000000,8.85276,8.91552,8.83598,8.89961,26710637.135416,0
F.US,D,20180518,000000,8.88193,8.90757,8.77409,8.79795,30770652.921223,0
F.US,D,20180521,000000,8.86867,8.96855,8.84392,8.93679,39937542.240213,0
F.US,D,20180522,000000,8.9898,9.03578,8.93679,8.94563,28796632.3819,0
F.US,D,20180523,000000,8.9314,8.96855,8.79795,8.88193,30385949.273557,0
F.US,D,20180524,000000,8.89078,9.04553,8.88193,9.02252,44914190.738675,0
F.US,D,20180525,000000,8.97561,9.01097,8.90757,8.93679,24903039.131867,0
F.US,D,20180529,000000,9.00749,9.02252,8.82095,8.88193,40339800.544715,0
F.US,D,20180530,000000,8.95357,9.01456,8.90757,8.96855,32909531.58557,0
F.US,D,20180531,000000,9.04553,9.11174,8.82095,8.96855,79281940.916469,0
F.US,D,20180601,000000,9.06231,9.13921,9.01456,9.09407,45596545.306318,0
F.US,D,20180604,000000,9.11625,9.15161,9.07819,9.11625,32377348.006902,0
F.US,D,20180605,000000,9.11625,9.2152,9.07025,9.18611,39969463.911452,0
F.US,D,20180606,000000,9.21694,9.31857,9.17726,9.29474,40064446.154214,0
F.US,D,20180607,000000,9.29474,9.43532,9.28679,9.34083,60931668.660899,0
F.US,D,20180608,000000,9.34876,9.41151,9.31857,9.39479,36537671.592811,0
F.US,D,20180611,000000,9.39479,9.43532,9.33288,9.34083,39147031.801769,0
F.US,D,20180612,000000,9.3735,9.43532,9.34083,9.40273,66187715.489434,0
F.US,D,20180613,000000,9.39479,9.39479,9.28679,9.33288,36582553.100599,0
F.US,D,20180614,000000,9.31857,9.32578,9.19403,9.2329,44459184.756935,0
F.US,D,20180615,000000,9.19403,9.34083,9.1622,9.22496,72538418.865486,0
F.US,D,20180618,000000,9.17726,9.34876,9.16932,9.30979,42119885.053949,0
F.US,D,20180619,000000,9.17726,9.2329,9.06231,9.2329,51595942.885283,0
F.US,D,20180620,000000,9.29474,9.3567,9.18611,9.21694,41164666.936344,0
F.US,D,20180621,000000,9.1622,9.18611,9.0384,9.09407,42905673.980849,0
F.US,D,20180622,000000,9.12415,9.21694,9.02252,9.04553,49203853.651702,0
F.US,D,20180625,000000,9.03137,9.06231,8.83598,8.9314,46492477.573059,0
F.US,D,20180626,000000,8.97561,9.03137,8.92261,8.94563,47169584.634222,0
F.US,D,20180627,000000,8.96239,9.0384,8.85276,8.86867,35082589.740288,0
F.US,D,20180628,000000,8.82802,8.85276,8.65739,8.76083,56453131.71207,0
F.US,D,20180629,000000,8.78999,8.82802,8.56545,8.5955,57589021.737973,0
F.US,D,20180702,000000,8.55749,8.6229,8.47085,8.61938,48798770.810944,0
F.US,D,20180703,000000,8.61938,8.65739,8.4956,8.53539,21306574.200393,0
F.US,D,20180705,000000,8.61938,8.65032,8.55749,8.58136,41221012.871419,0
F.US,D,20180706,000000,8.57252,8.61938,8.4797,8.58932,33060566.789883,0
F.US,D,20180709,000000,8.61938,8.74403,8.56545,8.69805,30800363.151382,0
F.US,D,20180710,000000,8.69805,8.74403,8.67331,8.7352,27342245.068928,0
F.US,D,20180711,000000,8.65739,8.67331,8.58136,8.5955,38673172.577842,0
F.US,D,20180712,000000,8.61938,8.65032,8.54335,8.58136,34803445.923893,0
F.US,D,20180713,000000,8.55749,8.58136,8.47085,8.52655,47091693.267817,0
F.US,D,20180716,000000,8.50181,8.51771,8.35691,8.42489,59441360.983993,0
F.US,D,20180717,000000,8.38678,8.4629,8.38678,8.43285,48401498.71221,0
F.US,D,20180718,000000,8.42489,8.45849,8.39467,8.4408,46902165.414652,0
F.US,D,20180719,000000,8.45495,8.4629,8.36309,8.40368,51910153.030821,0
F.US,D,20180720,000000,8.41073,8.44167,8.27594,8.31413,52923347.102221,0
F.US,D,20180723,000000,8.31413,8.32208,8.20433,8.24447,44374904.531596,0
F.US,D,20180724,000000,8.27594,8.45583,8.26737,8.32208,60072834.308049,0
F.US,D,20180725,000000,8.12645,8.32208,7.96883,8.28388,117611633.14449,0
F.US,D,20180726,000000,7.98375,8.00038,7.74754,7.7876,131939958.07363,0
F.US,D,20180727,000000,7.84223,7.91418,7.80297,7.81934,58645084.962337,0
F.US,D,20180730,000000,7.84223,7.95309,7.81934,7.92913,45562351.110714,0
F.US,D,20180731,000000,7.9614,7.9614,7.87511,7.90577,48292588.349749,0
F.US,D,20180801,000000,7.92152,7.93574,7.7327,7.79493,56039116.006756,0
F.US,D,20180802,000000,7.79493,7.85859,7.74754,7.81129,51203328.952467,0
F.US,D,20180803,000000,7.81934,7.92152,7.81934,7.90577,32923859.008956,0
F.US,D,20180806,000000,7.87511,7.91418,7.85037,7.89765,28253910.805736,0
F.US,D,20180807,000000,7.90577,7.95309,7.88925,7.93645,35509632.021293,0
F.US,D,20180808,000000,7.91418,7.95309,7.90577,7.91418,28703121.793792,0
F.US,D,20180809,000000,7.92152,7.92913,7.79493,7.80297,45315480.760024,0
F.US,D,20180810,000000,7.80297,7.80297,7.65348,7.66956,49757618.859202,0
F.US,D,20180813,000000,7.66956,7.67754,7.41772,7.44917,84561759.322647,0
F.US,D,20180814,000000,7.48835,7.57109,7.44095,7.48065,47823312.634392,0
F.US,D,20180815,000000,7.44917,7.48065,7.36245,7.44095,46097749.479946,0
F.US,D,20180816,000000,7.48065,7.55914,7.47269,7.48835,36648070.577502,0
F.US,D,20180817,000000,7.50417,7.55914,7.44917,7.51999,41582203.979807,0
F.US,D,20180820,000000,7.52776,7.66956,7.52776,7.65348,32069635.312802,0
F.US,D,20180821,000000,7.69361,7.79493,7.63014,7.7639,58943770.904611,0
F.US,D,20180822,000000,7.70881,7.7327,7.62219,7.63014,39119419.895498,0
F.US,D,20180823,000000,7.6144,7.63014,7.54351,7.58292,40018768.301402,0
F.US,D,20180824,000000,7.59858,7.63818,7.56712,7.62219,23341907.650637,0
F.US,D,20180827,000000,7.67754,7.90577,7.66125,7.86672,63204945.253138,0
F.US,D,20180828,000000,7.93645,7.94485,7.83479,7.88193,42982407.027219,0
F.US,D,20180829,000000,7.88193,7.88925,7.79493,7.85037,47415757.051845,0
F.US,D,20180830,000000,7.7721,7.80703,7.6144,7.63818,61643007.246338,0
F.US,D,20180831,000000,7.59088,7.62219,7.40179,7.46483,97056512.278899,0
F.US,D,20180904,000000,7.50417,7.54351,7.37032,7.45687,68718920.768934,0
F.US,D,20180905,000000,7.45687,7.51999,7.33876,7.47269,56591785.108678,0
F.US,D,20180906,000000,7.46483,7.51999,7.40179,7.42529,37488072.04926,0
F.US,D,20180907,000000,7.40948,7.47269,7.28377,7.29959,65059918.998533,0
F.US,D,20180910,000000,7.33107,7.47269,7.32301,7.38607,38634298.724057,0
F.US,D,20180911,000000,7.36245,7.37032,7.26018,7.33107,34490045.697442,0
F.US,D,20180912,000000,7.33107,7.41772,7.30721,7.3545,32320488.51978,0
F.US,D,20180913,000000,7.38607,7.40948,7.33107,7.37826,37229718.041361,0
F.US,D,20180914,000000,7.38607,7.46483,7.37032,7.44095,38115722.012266,0
F.US,D,20180917,000000,7.42946,7.55537,7.42529,7.51999,37520227.873084,0
F.US,D,20180918,000000,7.51203,7.56712,7.46483,7.54351,72458047.970259,0
F.US,D,20180919,000000,7.56712,7.74073,7.56712,7.70058,50939964.984188,0
F.US,D,20180920,000000,7.74073,7.81934,7.64623,7.72481,58817363.575077,0
F.US,D,20180921,000000,7.74754,7.82764,7.70058,7.75576,94597556.080327,0
F.US,D,20180924,000000,7.70058,7.75576,7.4964,7.55157,54825205.660853,0
F.US,D,20180925,000000,7.50417,7.52776,7.37826,7.39393,56393970.290117,0
F.US,D,20180926,000000,7.38607,7.40948,7.29959,7.29959,74416437.976158,0
F.US,D,20180927,000000,7.32301,7.34681,7.24426,7.26794,72733367.294432,0
F.US,D,20180928,000000,7.26018,7.30721,7.1577,7.28377,39352532.933445,0
F.US,D,20181001,000000,7.42529,7.43343,7.32301,7.33876,56976375.639152,0
F.US,D,20181002,000000,7.29959,7.3545,7.22854,7.24426,53092384.907446,0
F.US,D,20181003,000000,7.29959,7.33107,7.18927,7.18927,59717383.897095,0
F.US,D,20181004,000000,7.18927,7.26018,7.1577,7.20492,49388244.853232,0
F.US,D,20181005,000000,7.20492,7.26018,7.16549,7.18138,46927841.885789,0
F.US,D,20181008,000000,7.16549,7.30721,7.1577,7.29155,55443491.782806,0
F.US,D,20181009,000000,7.26794,7.33107,7.04757,7.04757,74110918.624389,0
F.US,D,20181010,000000,7.04757,7.07097,6.93723,6.945,68709982.248518,0
F.US,D,20181011,000000,6.945,7.07904,6.89789,6.93723,84034299.517864,0
F.US,D,20181012,000000,7.04757,7.04757,6.73251,6.80347,75319402.738651,0
F.US,D,20181015,000000,6.8269,6.9687,6.81921,6.93723,51031072.963164,0
F.US,D,20181016,000000,6.98443,7.00035,6.87427,6.92928,46698905.134527,0
F.US,D,20181017,000000,6.92928,6.97665,6.80347,6.89789,61967850.40781,0
F.US,D,20181018,000000,6.88223,6.89789,6.69305,6.7011,75777495.688527,0
F.US,D,20181019,000000,6.55127,6.71286,6.44889,6.69305,75983109.937394,0
F.US,D,20181022,000000,6.7172,6.77332,6.62905,6.74125,49656804.294084,0
F.US,D,20181023,000000,6.65301,6.92565,6.59696,6.88551,69168203.020819,0
F.US,D,20181024,000000,6.81339,6.8894,6.54896,6.55683,73474502.079097,0
F.US,D,20181025,000000,6.82938,7.2142,6.78128,7.20617,112777350.54884,0
F.US,D,20181026,000000,7.18203,7.2622,7.10193,7.19812,125553060.59005,0
F.US,D,20181029,000000,7.50266,7.68708,7.35043,7.43865,115117719.20928,0
F.US,D,20181030,000000,7.46262,7.66294,7.43053,7.58283,72435157.575531,0
F.US,D,20181031,000000,7.71121,7.75081,7.55881,7.65497,85465925.389705,0
F.US,D,20181101,000000,7.64684,7.65497,7.42247,7.44651,74596362.179825,0
F.US,D,20181102,000000,7.50266,7.57489,7.42247,7.51874,60505061.88108,0
F.US,D,20181105,000000,7.51874,7.67107,7.4947,7.63897,51491649.96655,0
F.US,D,20181106,000000,7.58283,7.67107,7.54272,7.64684,51060474.383393,0
F.US,D,20181107,000000,7.69512,7.69512,7.57489,7.69512,46592717.502847,0
F.US,D,20181108,000000,7.67902,7.73517,7.56694,7.58283,69625832.190214,0
F.US,D,20181109,000000,7.51874,7.85523,7.43053,7.51874,65126514.482264,0
F.US,D,20181112,000000,7.51874,7.67902,7.5108,7.60697,45307450.57065,0
F.US,D,20181113,000000,7.63897,7.75081,7.59097,7.64684,41291353.665338,0
F.US,D,20181114,000000,7.71916,7.74754,7.55881,7.64684,58232562.403941,0
F.US,D,20181115,000000,7.61494,7.63897,7.31037,7.46262,71322496.164757,0
F.US,D,20181116,000000,7.43865,7.46262,7.19812,7.25426,68094338.544142,0
F.US,D,20181119,000000,7.2302,7.50266,7.18203,7.41443,70227577.185358,0
F.US,D,20181120,000000,7.29439,7.39039,7.22207,7.2622,43864187.20222,0
F.US,D,20181121,000000,7.25426,7.37437,7.19812,7.30216,32289974.026394,0
F.US,D,20181123,000000,7.27025,7.39039,7.23815,7.31834,16867913.32366,0
F.US,D,20181126,000000,7.39869,7.63897,7.35043,7.53476,57767016.162364,0
F.US,D,20181127,000000,7.5108,7.55881,7.41443,7.43865,42769959.368858,0
F.US,D,20181128,000000,7.43053,7.56694,7.35043,7.54272,41417965.736988,0
F.US,D,20181129,000000,7.5108,7.56694,7.42247,7.5108,36437931.641005,0
F.US,D,20181130,000000,7.5108,7.59886,7.50266,7.54272,45247904.550249,0
F.US,D,20181203,000000,7.78345,7.89509,7.69512,7.69512,80645301.694841,0
F.US,D,20181204,000000,7.65497,7.69512,7.35831,7.35831,72270879.741695,0
F.US,D,20181206,000000,7.31037,7.31037,7.15003,7.2302,67322191.550452,0
F.US,D,20181207,000000,7.2302,7.31834,7.05374,7.06993,54311787.092964,0
F.US,D,20181210,000000,7.07788,7.09396,6.7172,6.82938,70486166.477014,0
F.US,D,20181211,000000,6.98982,7.05374,6.81339,6.84545,52764469.483072,0
F.US,D,20181212,000000,6.92565,6.99762,6.88551,6.92565,50653878.034624,0
F.US,D,20181213,000000,6.94962,6.97365,6.77723,6.81339,42666712.784139,0
F.US,D,20181214,000000,6.82938,6.95765,6.78128,6.82938,44429272.047002,0
F.US,D,20181217,000000,6.79728,6.98982,6.74125,6.81339,55478417.846634,0
F.US,D,20181218,000000,6.85342,6.95765,6.74125,6.78942,47734901.369244,0
F.US,D,20181219,000000,6.78128,6.93359,6.62905,6.6691,93906594.425636,0
F.US,D,20181220,000000,6.67706,6.74691,6.55683,6.62102,73513232.274049,0
F.US,D,20181221,000000,6.58883,6.7332,6.44464,6.4527,71786755.132702,0
F.US,D,20181224,000000,6.42059,6.42059,6.09995,6.11613,48291993.353325,0
F.US,D,20181226,000000,6.19604,6.30027,5.93967,6.29233,73368272.594055,0
F.US,D,20181227,000000,6.26837,6.29233,6.03588,6.29233,62144089.253401,0
F.US,D,20181228,000000,6.27633,6.44464,6.22029,6.26022,59048575.113048,0
F.US,D,20181231,000000,6.29233,6.30027,6.0119,6.13204,72128317.014973,0
F.US,D,20190102,000000,6.03588,6.42864,5.99573,6.33229,59251519.796211,0
F.US,D,20190103,000000,6.38841,6.40453,6.23636,6.23636,48869462.268156,0
F.US,D,20190104,000000,6.34059,6.50882,6.29233,6.47682,53694245.282125,0
F.US,D,20190107,000000,6.50062,6.70517,6.43263,6.64496,50811843.929215,0
F.US,D,20190108,000000,6.7492,6.84545,6.69305,6.70906,56943064.888809,0
F.US,D,20190109,000000,6.77332,7.0297,6.70119,6.98982,60387440.363755,0
F.US,D,20190110,000000,6.98179,7.0297,6.77332,6.94962,49266216.290154,0
F.US,D,20190111,000000,7.0297,7.15808,6.97365,7.06993,51847961.199327,0
F.US,D,20190114,000000,7.05374,7.2622,7.02182,7.20617,55932391.068421,0
F.US,D,20190115,000000,7.2302,7.23815,7.01371,7.08593,81479516.091116,0
F.US,D,20190116,000000,6.95765,7.0297,6.62102,6.64496,92156233.720626,0
F.US,D,20190117,000000,6.62905,6.7653,6.58105,6.70119,70764200.613766,0
F.US,D,20190118,000000,6.87748,6.89339,6.67706,6.87748,63784485.34373,0
F.US,D,20190122,000000,6.84545,6.89762,6.78128,6.81339,58862609.320221,0
F.US,D,20190123,000000,6.84545,6.84545,6.63701,6.68518,56385276.102833,0
F.US,D,20190124,000000,6.6691,6.95765,6.58883,6.89339,99200526.463709,0
F.US,D,20190125,000000,7.00574,7.18203,6.99762,7.10193,66282436.431483,0
F.US,D,20190128,000000,7.05374,7.05374,6.87748,6.94165,52542131.98872,0
F.US,D,20190129,000000,6.98179,7.04587,6.90947,7.02182,38031536.805366,0
F.US,D,20190130,000000,7.06664,7.11156,6.94845,7.10326,36670496.060576,0
F.US,D,20190131,000000,7.02988,7.19298,7.01352,7.1767,48298370.900543,0
F.US,D,20190201,000000,7.15231,7.18484,7.02988,7.11156,41842390.486196,0
F.US,D,20190204,000000,7.0952,7.0952,7.00549,7.0952,35382305.048998,0
F.US,D,20190205,000000,7.07885,7.144,7.05437,7.13596,32085432.128496,0
F.US,D,20190206,000000,7.16857,7.2583,7.07885,7.11156,40027995.270654,0
F.US,D,20190207,000000,7.02988,7.02988,6.76068,6.77704,67638692.319102,0
F.US,D,20190208,000000,6.76068,6.85865,6.65469,6.84227,47392215.102098,0
F.US,D,20190211,000000,6.85865,6.88295,6.76068,6.79341,33601855.171238,0
F.US,D,20190212,000000,6.83423,6.90771,6.83423,6.89938,32169109.439209,0
F.US,D,20190213,000000,6.89136,7.06259,6.84227,6.85865,33331285.637907,0
F.US,D,20190214,000000,6.83423,6.90771,6.78526,6.86687,28901056.516575,0
F.US,D,20190215,000000,6.92389,6.98099,6.85865,6.96472,71217310.751387,0
F.US,D,20190219,000000,6.95641,7.2134,6.95641,7.20111,46508235.928907,0
F.US,D,20190220,000000,7.20111,7.32348,7.19298,7.29084,67828788.020565,0
F.US,D,20190221,000000,7.29084,7.30304,7.0952,7.10326,54847748.785804,0
F.US,D,20190222,000000,7.11961,7.13596,6.98099,7.10326,50209270.916234,0
F.US,D,20190225,000000,7.15231,7.21747,7.13596,7.144,69421066.320278,0
F.US,D,20190226,000000,7.13596,7.29084,7.11156,7.24204,47022822.997378,0
F.US,D,20190227,000000,7.20111,7.26634,7.16037,7.16037,41804765.446197,0
F.US,D,20190228,000000,7.15231,7.16857,7.01352,7.15231,53903817.501496,0
F.US,D,20190301,000000,7.21747,7.25009,7.10326,7.16857,46226620.501894,0
F.US,D,20190304,000000,7.20111,7.31534,7.144,7.18484,56645960.324862,0
F.US,D,20190305,000000,7.1767,7.18484,7.0952,7.15231,50092960.42715,0
F.US,D,20190306,000000,7.13596,7.16037,6.98099,6.99726,61773537.697475,0
F.US,D,20190307,000000,6.98099,6.98921,6.80567,6.91574,66564746.398048,0
F.US,D,20190308,000000,6.8505,6.90771,6.80154,6.86687,53666253.302093,0
F.US,D,20190311,000000,6.89938,7.03801,6.89136,7.02182,45215977.223148,0
F.US,D,20190312,000000,7.05437,7.0952,6.97285,6.98921,46356007.338232,0
F.US,D,20190313,000000,7.00549,7.05437,6.93201,6.95641,60106055.695811,0
F.US,D,20190314,000000,6.94845,6.97285,6.8505,6.85865,44520213.743708,0
F.US,D,20190315,000000,6.86687,6.90771,6.82603,6.87508,81609470.775752,0
F.US,D,20190318,000000,6.89136,6.98921,6.86687,6.98921,45612084.214816,0
F.US,D,20190319,000000,7.02182,7.23381,7.02182,7.0952,70252641.692492,0
F.US,D,20190320,000000,7.07072,7.07072,6.91574,6.94024,66875869.575449,0
F.US,D,20190321,000000,6.93201,7.08708,6.92389,7.08708,57438353.03336,0
F.US,D,20190322,000000,7.03801,7.07072,6.94845,6.96472,51455674.175192,0
F.US,D,20190325,000000,6.98099,7.05437,6.90771,6.94024,56220011.887093,0
F.US,D,20190326,000000,6.96472,7.144,6.96472,7.144,58675610.767442,0
F.US,D,20190327,000000,7.13596,7.22569,7.02988,7.02988,48919641.053988,0
F.US,D,20190328,000000,7.05437,7.20111,7.04623,7.15231,47716669.140433,0
F.US,D,20190329,000000,7.1767,7.25009,7.10326,7.16037,41644667.292559,0
F.US,D,20190401,000000,7.22569,7.33982,7.22569,7.32348,55979204.617828,0
F.US,D,20190402,000000,7.29916,7.36432,7.26634,7.34803,37643202.095877,0
F.US,D,20190403,000000,7.39693,7.55993,7.38872,7.44582,69480082.952229,0
F.US,D,20190404,000000,7.51114,7.58453,7.48676,7.53564,48413664.466081,0
F.US,D,20190405,000000,7.47843,7.55993,7.40497,7.5436,46416916.420784,0
F.US,D,20190408,000000,7.48676,7.6008,7.47843,7.58453,32151998.201759,0
F.US,D,20190409,000000,7.55993,7.63341,7.47843,7.51114,36637333.493754,0
F.US,D,20190410,000000,7.52734,7.62535,7.50286,7.60893,34908892.637974,0
F.US,D,20190411,000000,7.62535,7.67426,7.60893,7.658,32479353.696038,0
F.US,D,20190412,000000,7.72315,7.82921,7.69865,7.7068,47387223.240468,0
F.US,D,20190415,000000,7.73127,7.74754,7.55198,7.60893,50527152.845784,0
F.US,D,20190416,000000,7.6008,7.66595,7.53564,7.63341,50212321.686869,0
F.US,D,20190417,000000,7.66595,7.81287,7.658,7.74754,37629595.228998,0
F.US,D,20190418,000000,7.7639,7.84556,7.73127,7.78838,36593130.68911,0
F.US,D,20190422,000000,7.81287,7.81287,7.71491,7.74754,47476105.073129,0
F.US,D,20190423,000000,7.75594,7.88015,7.70609,7.87192,47661993.946267,0
F.US,D,20190424,000000,7.83055,7.96307,7.78908,7.93001,48027196.190238,0
F.US,D,20190425,000000,7.88837,7.89685,7.73932,7.78908,63475096.252865,0
F.US,D,20190426,000000,8.31067,8.65917,8.24525,8.62557,188429755.59192,0
F.US,D,20190429,000000,8.58489,8.60967,8.34461,8.5522,75427227.176082,0
F.US,D,20190430,000000,8.52655,8.70159,8.51064,8.65917,55609686.953027,0
F.US,D,20190501,000000,8.68392,8.70159,8.52655,8.53539,50451950.275006,0
F.US,D,20190502,000000,8.53539,8.57606,8.45231,8.56899,41645674.035557,0
F.US,D,20190503,000000,8.59287,8.65917,8.53539,8.62557,43797198.070664,0
F.US,D,20190506,000000,8.3859,8.63353,8.3859,8.59287,34564181.573113,0
F.US,D,20190507,000000,8.56104,8.62557,8.53539,8.60083,49666282.383501,0
F.US,D,20190508,000000,8.60083,8.65917,8.54335,8.56899,40395105.801636,0
F.US,D,20190509,000000,8.50181,8.53539,8.34461,8.45231,52643297.217129,0
F.US,D,20190510,000000,8.5522,8.62557,8.45231,8.60083,45412274.009009,0
F.US,D,20190513,000000,8.42666,8.50181,8.31856,8.35337,61671262.789426,0
F.US,D,20190514,000000,8.41163,8.52655,8.39467,8.48413,37770286.997383,0
F.US,D,20190515,000000,8.45937,8.61761,8.31856,8.58489,53160907.908109,0
F.US,D,20190516,000000,8.53539,8.65032,8.53539,8.61761,39459550.845305,0
F.US,D,20190517,000000,8.5522,8.65032,8.48413,8.52655,41714397.253649,0
F.US,D,20190520,000000,8.53539,8.53539,8.45231,8.51771,35644721.095219,0
F.US,D,20190521,000000,8.54335,8.54335,8.41163,8.48413,36324633.462713,0
F.US,D,20190522,000000,8.42666,8.45937,8.22819,8.26029,62039501.098799,0
F.US,D,20190523,000000,8.16154,8.16154,8.01292,8.16154,52079075.456512,0
F.US,D,20190524,000000,8.2196,8.24525,8.12051,8.14536,26708806.899269,0
F.US,D,20190528,000000,8.17861,8.20343,8.09532,8.10381,33376186.375617,0
F.US,D,20190529,000000,8.02974,8.07932,7.91338,8.04564,38935271.895928,0
F.US,D,20190530,000000,8.07093,8.15297,8.02131,8.07093,29880482.84418,0
F.US,D,20190531,000000,7.8553,7.905,7.72686,7.88837,58229795.557454,0
F.US,D,20190603,000000,7.97138,7.99615,7.83869,7.96307,47605405.940402,0
F.US,D,20190604,000000,8.06253,8.24525,8.05411,8.2196,45043714.446814,0
F.US,D,20190605,000000,8.17861,8.2196,7.99615,8.10381,51247622.250863,0
F.US,D,20190606,000000,8.05411,8.13766,8.00453,8.07932,34142377.749213,0
F.US,D,20190607,000000,8.08692,8.13766,8.03733,8.08692,22747096.73929,0
F.US,D,20190610,000000,8.19575,8.31067,8.08692,8.13766,40891353.179964,0
F.US,D,20190611,000000,8.17861,8.26905,8.11212,8.2196,31901449.280023,0
F.US,D,20190612,000000,8.20343,8.22819,8.15297,8.16154,26244499.290932,0
F.US,D,20190613,000000,8.17861,8.33604,8.12051,8.33604,30841455.23328,0
F.US,D,20190614,000000,8.2951,8.31856,8.23676,8.26905,26011009.572739,0
F.US,D,20190617,000000,8.2777,8.36045,8.23676,8.32721,23392900.880244,0
F.US,D,20190618,000000,8.35337,8.45231,8.32553,8.3683,39332465.9438,0
F.US,D,20190619,000000,8.41163,8.43549,8.31067,8.31856,35059798.888688,0
F.US,D,20190620,000000,8.39467,8.41163,8.24525,8.31856,38722775.597174,0
F.US,D,20190621,000000,8.31067,8.32721,8.21113,8.2777,57811820.750463,0
F.US,D,20190624,000000,8.24525,8.30369,8.22819,8.24525,33901214.160798,0
F.US,D,20190625,000000,8.26029,8.2777,8.14536,8.15297,34614194.076675,0
F.US,D,20190626,000000,8.17861,8.25294,8.13766,8.21113,40717148.181462,0
F.US,D,20190627,000000,8.31856,8.48413,8.28636,8.45231,51838700.294918,0
F.US,D,20190628,000000,8.45231,8.54335,8.45231,8.47617,45322682.931562,0
F.US,D,20190701,000000,8.56899,8.64236,8.34461,8.41163,46507452.026774,0
F.US,D,20190702,000000,8.41075,8.46049,8.31961,8.3859,35861403.861203,0
F.US,D,20190703,000000,8.43549,8.53539,8.39467,8.45231,23323857.540504,0
F.US,D,20190705,000000,8.43549,8.51064,8.36045,8.45231,25823554.026511,0
F.US,D,20190708,000000,8.45231,8.50181,8.43549,8.45231,28051627.858139,0
F.US,D,20190709,000000,8.42666,8.44346,8.3683,8.40368,30340335.897545,0
F.US,D,20190710,000000,8.44346,8.50181,8.37714,8.37714,35097087.970632,0
F.US,D,20190711,000000,8.41163,8.45231,8.37714,8.44346,33389902.966173,0
F.US,D,20190712,000000,8.48413,8.70159,8.48413,8.69276,49192095.119719,0
F.US,D,20190715,000000,8.69276,8.75112,8.56899,8.63353,40734594.245798,0
F.US,D,20190716,000000,8.59287,8.70867,8.52214,8.70867,35638152.379949,0
F.US,D,20190717,000000,8.68392,8.70159,8.54335,8.56104,30417299.702984,0
F.US,D,20190718,000000,8.53539,8.54335,8.43549,8.50181,31170927.150198,0
F.US,D,20190719,000000,8.53539,8.5522,8.45231,8.45231,46469590.571847,0
F.US,D,20190722,000000,8.51861,8.55395,8.41073,8.42666,43090580.99677,0
F.US,D,20190723,000000,8.51861,8.59464,8.45937,8.55395,88734764.476815,0
F.US,D,20190724,000000,8.56279,8.70425,8.52744,8.68745,72661529.960079,0
F.US,D,20190725,000000,8.2,8.22474,7.90517,8.0398,159215857.64782,0
F.US,D,20190726,000000,8.0483,8.11549,7.99772,8.0483,56731116.077259,0
F.US,D,20190729,000000,8.07351,8.14094,8.00621,8.07351,43386794.197253,0
F.US,D,20190730,000000,8.0398,8.05667,7.97253,8.03151,43930089.277574,0
F.US,D,20190731,000000,8.0483,8.05667,7.90517,8.01462,67439175.08682,0
F.US,D,20190801,000000,8.01462,8.06509,7.80438,7.82968,69038772.068777,0
F.US,D,20190802,000000,7.7876,7.85477,7.7456,7.80438,49340990.146781,0
F.US,D,20190805,000000,7.7203,7.79599,7.61936,7.76239,57032282.679527,0
F.US,D,20190806,000000,7.92205,7.99772,7.87166,7.97253,61660954.419829,0
F.US,D,20190807,000000,7.93054,8.0398,7.83806,8.01462,51180734.92478,0
F.US,D,20190808,000000,8.0398,8.09028,7.99348,8.0398,30284575.909518,0
F.US,D,20190809,000000,8.02299,8.05667,7.89693,7.94735,46064489.632339,0
F.US,D,20190812,000000,7.89693,7.93054,7.80438,7.80438,26074022.63504,0
F.US,D,20190813,000000,7.81287,7.92205,7.7203,7.7876,33668704.037478,0
F.US,D,20190814,000000,7.67814,7.69512,7.53529,7.56886,54658786.518594,0
F.US,D,20190815,000000,7.61936,7.61936,7.38377,7.45112,48374990.829722,0
F.US,D,20190816,000000,7.5016,7.56886,7.40913,7.53529,32544891.534036,0
F.US,D,20190819,000000,7.61086,7.65303,7.58577,7.59399,25974226.124638,0
F.US,D,20190820,000000,7.56886,7.62775,7.51,7.53529,29868995.793456,0
F.US,D,20190821,000000,7.58577,7.61086,7.5436,7.60256,24309420.475709,0
F.US,D,20190822,000000,7.61086,7.68663,7.58577,7.60256,24944102.934468,0
F.US,D,20190823,000000,7.48489,7.5604,7.34177,7.37545,53493871.752707,0
F.US,D,20190826,000000,7.468,7.49064,7.39235,7.41762,37920063.207361,0
F.US,D,20190827,000000,7.47633,7.49312,7.35856,7.36713,27387205.75875,0
F.US,D,20190828,000000,7.33336,7.60256,7.31656,7.56886,41793272.739614,0
F.US,D,20190829,000000,7.65303,7.68663,7.59399,7.66984,26179632.237874,0
F.US,D,20190830,000000,7.70343,7.76239,7.65303,7.71191,38122727.359891,0
F.US,D,20190903,000000,7.7203,7.73712,7.60256,7.65303,31310473.041442,0
F.US,D,20190904,000000,7.71191,7.76239,7.62775,7.73712,32592901.863322,0
F.US,D,20190905,000000,7.77919,7.90517,7.77919,7.85477,43568377.830108,0
F.US,D,20190906,000000,7.88005,7.91374,7.73712,7.85477,34733295.166856,0
F.US,D,20190909,000000,7.89693,8.11549,7.89693,8.02299,57146337.611826,0
F.US,D,20190910,000000,7.63616,7.92205,7.60256,7.92205,83910015.398003,0
F.US,D,20190911,000000,7.81287,7.93054,7.81287,7.92205,40654902.053717,0
F.US,D,20190912,000000,7.87166,7.97253,7.83798,7.91374,42435475.229215,0
F.US,D,20190913,000000,7.96422,8.06509,7.93892,7.94735,32296859.469796,0
F.US,D,20190916,000000,7.87166,7.94735,7.77071,7.8211,59516460.618129,0
F.US,D,20190917,000000,7.79599,7.82968,7.7203,7.80438,32712707.673601,0
F.US,D,20190918,000000,7.7876,7.87166,7.75381,7.77919,29101342.945755,0
F.US,D,20190919,000000,7.82968,7.84636,7.65303,7.65303,34642585.360391,0
F.US,D,20190920,000000,7.67814,7.8211,7.66125,7.71191,45324207.751294,0
F.US,D,20190923,000000,7.67814,7.76239,7.63616,7.70343,28052516.959258,0
F.US,D,20190924,000000,7.7287,7.75804,7.61086,7.66125,39438988.402364,0
F.US,D,20190925,000000,7.65303,7.76239,7.64446,7.73712,24442217.795351,0
F.US,D,20190926,000000,7.76239,7.76239,7.62775,7.68663,31621519.299155,0
F.US,D,20190927,000000,7.67814,8.07351,7.61936,7.63616,38600135.070094,0
F.US,D,20190930,000000,7.66125,7.7456,7.65303,7.70343,26746299.592157,0
F.US,D,20191001,000000,7.7287,7.77071,7.45961,7.48489,47195401.370675,0
F.US,D,20191002,000000,7.44273,7.45112,7.09787,7.24091,81202635.749709,0
F.US,D,20191003,000000,7.19042,7.32505,7.10636,7.32505,49050180.554501,0
F.US,D,20191004,000000,7.33336,7.36713,7.28298,7.35026,33409161.167904,0
F.US,D,20191007,000000,7.31656,7.39235,7.24091,7.29976,35070940.93198,0
F.US,D,20191008,000000,7.27458,7.28298,7.14844,7.18203,37572948.402194,0
F.US,D,20191009,000000,7.23249,7.26618,7.1989,7.1989,20189606.418164,0
F.US,D,20191010,000000,7.20729,7.27458,7.16523,7.24929,33559768.789234,0
F.US,D,20191011,000000,7.34177,7.45961,7.34177,7.38377,40678722.271752,0
F.US,D,20191014,000000,7.41762,7.43442,7.36289,7.41762,30255845.27423,0
F.US,D,20191015,000000,7.43442,7.65295,7.38377,7.62775,36909823.756985,0
F.US,D,20191016,000000,7.66125,7.7287,7.61936,7.62775,32564512.84195,0
F.US,D,20191017,000000,7.66984,7.68663,7.59399,7.66125,34069931.844373,0
F.US,D,20191018,000000,7.64446,7.83798,7.64446,7.81287,50455701.241052,0
F.US,D,20191021,000000,7.85548,7.90252,7.70157,7.71874,39556959.451807,0
F.US,D,20191022,000000,7.70157,7.81287,7.65905,7.75294,42112604.83155,0
F.US,D,20191023,000000,7.70157,7.87264,7.66744,7.87264,54607124.76639,0
F.US,D,20191024,000000,7.58197,7.59902,7.30842,7.35123,141700371.03034,0
F.US,D,20191025,000000,7.41099,7.47941,7.36829,7.45378,60100911.125975,0
F.US,D,20191028,000000,7.48789,7.48789,7.33408,7.35971,46368483.033205,0
F.US,D,20191029,000000,7.34264,7.44521,7.34264,7.38534,43018498.198111,0
F.US,D,20191030,000000,7.38534,7.38534,7.28281,7.29996,33558340.119114,0
F.US,D,20191031,000000,7.33408,7.35123,7.26574,7.34264,34071643.307469,0
F.US,D,20191101,000000,7.38534,7.63332,7.38534,7.59902,64758557.834696,0
F.US,D,20191104,000000,7.6419,7.73587,7.6419,7.69318,54652678.190292,0
F.US,D,20191105,000000,7.71032,7.82126,7.69318,7.71032,43951963.879928,0
F.US,D,20191106,000000,7.73587,7.73587,7.59902,7.62475,46207521.795402,0
F.US,D,20191107,000000,7.65905,7.70157,7.59063,7.59902,38185308.314522,0
F.US,D,20191108,000000,7.60769,7.72729,7.53935,7.72729,34499554.328499,0
F.US,D,20191111,000000,7.6503,7.77865,7.6419,7.7616,29074569.237868,0
F.US,D,20191112,000000,7.74444,7.8042,7.72729,7.72729,33588320.699361,0
F.US,D,20191113,000000,7.69318,7.69318,7.5221,7.53069,40736107.753812,0
F.US,D,20191114,000000,7.5649,7.61264,7.50505,7.51363,31051079.48656,0
F.US,D,20191115,000000,7.5649,7.65905,7.5649,7.6503,30920944.945589,0
F.US,D,20191118,000000,7.73587,7.73587,7.59902,7.6503,44802131.193621,0
F.US,D,20191119,000000,7.6846,7.69318,7.58197,7.60769,36491753.931554,0
F.US,D,20191120,000000,7.59063,7.59902,7.41956,7.46226,44796704.961979,0
F.US,D,20191121,000000,7.49648,7.51363,7.41099,7.44521,38794783.738485,0
F.US,D,20191122,000000,7.5221,7.60769,7.49648,7.59902,40906855.890961,0
F.US,D,20191125,000000,7.60769,7.70157,7.58197,7.69318,35818633.120194,0
F.US,D,20191126,000000,7.67601,7.71032,7.61619,7.70157,35221355.122915,0
F.US,D,20191127,000000,7.71874,7.82126,7.71032,7.77865,43748738.666131,0
F.US,D,20191129,000000,7.72729,7.77865,7.71874,7.74444,15320907.917216,0
F.US,D,20191202,000000,7.7616,7.81287,7.69318,7.70157,43601980.422803,0
F.US,D,20191203,000000,7.6503,7.6503,7.5221,7.59902,48107351.031631,0
F.US,D,20191204,000000,7.6503,7.71874,7.6419,7.6503,35090131.263398,0
F.US,D,20191205,000000,7.66744,7.69318,7.59063,7.63332,30148614.702052,0
F.US,D,20191206,000000,7.65905,7.75294,7.64604,7.71032,36396945.889267,0
F.US,D,20191209,000000,7.66744,7.75294,7.65905,7.70157,25618206.734214,0
F.US,D,20191210,000000,7.71032,7.77865,7.65905,7.75294,40048624.452738,0
F.US,D,20191211,000000,7.74444,7.81287,7.74012,7.78714,38846219.256309,0
F.US,D,20191212,000000,7.78714,8.0009,7.78274,7.9666,56620641.304048,0
F.US,D,20191213,000000,7.9666,8.02645,7.85548,7.88969,41337072.24034,0
F.US,D,20191216,000000,7.89836,8.02645,7.88122,8.02645,49532608.405631,0
F.US,D,20191217,000000,8.01797,8.04351,7.95803,8.02645,41550191.814814,0
F.US,D,20191218,000000,8.02645,8.18462,8.0009,8.15473,53731831.86228,0
F.US,D,20191219,000000,8.16332,8.18035,8.01797,8.04351,49412605.77144,0
F.US,D,20191220,000000,8.12051,8.15473,8.06923,8.10345,58727057.596984,0
F.US,D,20191223,000000,8.12051,8.18035,8.03502,8.06923,64104669.208114,0
F.US,D,20191224,000000,8.06923,8.11193,8.06057,8.09479,13900036.096702,0
F.US,D,20191226,000000,8.09479,8.11193,8.06057,8.07774,33905790.882337,0
F.US,D,20191227,000000,8.07774,8.08631,7.98801,8.0009,33076689.383086,0
F.US,D,20191230,000000,7.98375,7.99215,7.88969,7.90676,42215565.229777,0
F.US,D,20191231,000000,7.90676,7.97519,7.89836,7.94962,37840169.66668,0
F.US,D,20200102,000000,7.94089,8.0522,7.85548,8.0522,50810454.850111,0
F.US,D,20200103,000000,7.95803,8.0093,7.82126,7.87264,52714637.967015,0
F.US,D,20200106,000000,7.77865,7.83842,7.74444,7.82994,50750133.976952,0
F.US,D,20200107,000000,7.86416,7.90676,7.79572,7.90676,53035930.379868,0
F.US,D,20200108,000000,7.88969,7.94962,7.83842,7.90676,53817990.964159,0
F.US,D,20200109,000000,7.94962,7.95803,7.84699,7.91542,60722693.700294,0
F.US,D,20200110,000000,7.92391,8.0009,7.90676,7.90676,46583688.488678,0
F.US,D,20200113,000000,7.90676,7.91542,7.78714,7.89836,56811830.848746,0
F.US,D,20200114,000000,7.88122,7.97519,7.87264,7.94089,50229975.886835,0
F.US,D,20200115,000000,7.92391,7.94962,7.84699,7.85548,65424147.303493,0
F.US,D,20200116,000000,7.88969,7.93247,7.82126,7.83842,51837782.9145,0
F.US,D,20200117,000000,7.85548,7.88969,7.8042,7.82994,48719450.774421,0
F.US,D,20200121,000000,7.82126,7.88122,7.77865,7.87264,57975008.134581,0
F.US,D,20200122,000000,7.88122,7.90676,7.82126,7.82994,46695429.043254,0
F.US,D,20200123,000000,7.81287,7.82994,7.63332,7.81287,88733748.684442,0
F.US,D,20200124,000000,7.78714,7.79572,7.65905,7.69318,79669854.830008,0
F.US,D,20200127,000000,7.59063,7.65905,7.50505,7.59902,71092755.150268,0
F.US,D,20200128,000000,7.6419,7.69318,7.57347,7.66744,99630860.454966,0
F.US,D,20200129,000000,7.69361,7.78474,7.68487,7.70217,67949958.024165,0
F.US,D,20200130,000000,7.65887,7.68487,7.5893,7.68487,49265488.946617,0
F.US,D,20200131,000000,7.6327,7.68487,7.59788,7.66744,68804666.993067,0
F.US,D,20200203,000000,7.69361,7.94566,7.69361,7.80651,82170101.065561,0
F.US,D,20200204,000000,7.89349,8.03253,7.88481,7.9804,99153082.851549,0
F.US,D,20200205,000000,7.31107,7.37182,7.18069,7.22411,167707416.97672,0
F.US,D,20200206,000000,7.27626,7.285,7.17194,7.17194,79168591.83544,0
F.US,D,20200207,000000,7.13721,7.13721,6.97197,7.05021,113025956.11724,0
F.US,D,20200210,000000,7.08505,7.08505,6.99806,7.00681,82632811.459164,0
F.US,D,20200211,000000,7.04154,7.08505,7.02413,7.04154,92214510.566148,0
F.US,D,20200212,000000,7.07629,7.24152,7.06763,7.16327,128302463.27472,0
F.US,D,20200213,000000,7.13721,7.26762,7.13721,7.17194,77817512.190471,0
F.US,D,20200214,000000,7.18934,7.18934,7.02413,7.04154,53328247.824301,0
F.US,D,20200218,000000,7.05897,7.08496,6.97197,7.00681,75009178.842917,0
F.US,D,20200219,000000,7.00681,7.04154,6.95465,6.95465,80140391.802041,0
F.US,D,20200220,000000,6.95465,7.01547,6.9459,6.9807,60182492.375141,0
F.US,D,20200221,000000,6.97197,6.9807,6.85899,6.85899,67093684.644513,0
F.US,D,20200224,000000,6.69375,6.71093,6.56346,6.58088,126590109.94581,0
F.US,D,20200225,000000,6.67644,6.67644,6.2766,6.28526,125255906.25453,0
F.US,D,20200226,000000,6.34598,6.48513,6.26784,6.26784,106432767.94397,0
F.US,D,20200227,000000,6.19834,6.32866,6.0157,6.05921,136476196.10148,0
F.US,D,20200228,000000,5.93315,6.05053,5.7985,6.05053,134065518.31994,0
F.US,D,20200302,000000,6.18094,6.28526,5.98096,6.25918,111311476.18514,0
F.US,D,20200303,000000,6.3374,6.38082,5.98963,6.05921,112107197.93255,0
F.US,D,20200304,000000,6.16352,6.16352,6.0157,6.15485,81198551.087951,0
F.US,D,20200305,000000,6.05053,6.05921,5.83316,5.85922,89806159.605218,0
F.US,D,20200306,000000,5.7375,5.80708,5.56361,5.64194,126456719.89209,0
F.US,D,20200309,000000,5.18984,5.33766,5.10294,5.12901,119519693.91869,0
F.US,D,20200310,000000,5.44187,5.46807,5.04212,5.44187,117186822.66565,0
F.US,D,20200311,000000,5.26816,5.31157,5.11161,5.12901,113466091.71307,0
F.US,D,20200312,000000,4.67691,4.94648,4.52045,4.65093,102899297.97605,0
F.US,D,20200313,000000,5.10294,5.12901,4.45087,4.89431,144221149.16719,0
F.US,D,20200316,000000,4.3813,4.53778,4.34665,4.3553,126892388.49006,0
F.US,D,20200317,000000,4.41613,4.46828,4.08586,4.3553,119901379.5997,0
F.US,D,20200318,000000,4.12927,4.20757,3.56427,3.91205,144887706.91914,0
F.US,D,20200319,000000,3.76425,3.98155,3.56427,3.88598,145634284.90303,0
F.US,D,20200320,000000,3.9468,4.12927,3.69466,3.76425,148826205.43157,0
F.US,D,20200323,000000,3.71208,3.92936,3.44254,3.48604,155206352.08122,0
F.US,D,20200324,000000,3.88598,4.33798,3.70332,4.30314,168167099.22313,0
F.US,D,20200325,000000,5.01595,5.10294,4.45087,4.68568,228912166.37257,0
F.US,D,20200326,000000,4.65949,4.91163,4.48561,4.56403,159086344.12024,0
F.US,D,20200327,000000,4.40748,4.60735,4.26841,4.51179,122306193.38607,0
F.US,D,20200330,000000,4.44231,4.45069,4.28573,4.37273,112592505.74736,0
F.US,D,20200331,000000,4.37273,4.51179,4.12927,4.19882,266644020.67323,0
F.US,D,20200401,000000,4.02493,4.14667,3.79031,3.82506,137088293.58192,0
F.US,D,20200402,000000,3.8164,3.97278,3.69466,3.79031,104554127.81992,0
F.US,D,20200403,000000,3.82506,3.84248,3.62511,3.68601,98535880.392285,0
F.US,D,20200406,000000,3.9468,4.05969,3.83372,3.93802,117568372.60603,0
F.US,D,20200407,000000,4.21624,4.37273,4.02493,4.09453,132459356.01624,0
F.US,D,20200408,000000,4.22501,4.42488,4.17284,4.37273,134612448.98677,0
F.US,D,20200409,000000,4.78998,4.99859,4.55519,4.66833,202264205.21024,0
F.US,D,20200413,000000,4.72049,4.72049,4.36406,4.48561,114249347.94607,0
F.US,D,20200414,000000,4.58136,4.72909,4.48561,4.59877,86132217.316256,0
F.US,D,20200415,000000,4.39872,4.46828,4.30314,4.37273,85960491.846579,0
F.US,D,20200416,000000,4.39872,4.4072,4.25101,4.29458,67812499.145091,0
F.US,D,20200417,000000,4.49446,4.59002,4.37273,4.45087,105816746.42818,0
F.US,D,20200420,000000,4.3553,4.42488,4.26841,4.32931,81763790.903284,0
F.US,D,20200421,000000,4.25101,4.27715,4.10328,4.14667,94786245.735107,0
F.US,D,20200422,000000,4.23358,4.25101,4.12927,4.14667,71778091.48706,0
F.US,D,20200423,000000,4.17284,4.32931,4.14667,4.25101,71273277.743874,0
F.US,D,20200424,000000,4.28573,4.3119,4.17284,4.23358,62522503.585258,0
F.US,D,20200427,000000,4.26841,4.51179,4.24242,4.49446,104774018.58944,0
F.US,D,20200428,000000,4.77266,4.81606,4.53361,4.67691,122189760.73043,0
F.US,D,20200429,000000,4.63352,4.78122,4.52956,4.5726,145391856.66443,0
F.US,D,20200430,000000,4.48561,4.55519,4.39872,4.42488,107483121.01255,0
F.US,D,20200501,000000,4.36406,4.39012,4.25974,4.27715,95085152.255903,0
F.US,D,20200504,000000,4.24242,4.32056,4.14667,4.22501,96873537.304597,0
F.US,D,20200505,000000,4.33798,4.42488,4.29458,4.32056,110776870.76741,0
F.US,D,20200506,000000,4.39012,4.42488,4.19024,4.23358,102827193.68512,0
F.US,D,20200507,000000,4.25974,4.32931,4.21624,4.23358,77327590.325452,0
F.US,D,20200508,000000,4.3119,4.56403,4.30314,4.55519,116565830.7805,0
F.US,D,20200511,000000,4.50304,4.51179,4.39012,4.45087,87118000.829984,0
F.US,D,20200512,000000,4.47705,4.53778,4.32056,4.32931,81632367.957512,0
F.US,D,20200513,000000,4.34665,4.3553,4.05111,4.10328,115252753.98694,0
F.US,D,20200514,000000,4.03802,4.27715,3.92936,4.25101,124304381.41321,0
F.US,D,20200515,000000,4.17284,4.29458,4.12927,4.25974,92651766.198309,0
F.US,D,20200518,000000,4.45087,4.63352,4.45087,4.61621,156720633.81554,0
F.US,D,20200519,000000,4.58136,4.73784,4.47705,4.60735,109091654.25258,0
F.US,D,20200520,000000,4.67691,4.81606,4.66833,4.77266,100865850.18937,0
F.US,D,20200521,000000,4.73784,4.94648,4.72909,4.89431,100190439.88607,0
F.US,D,20200522,000000,4.9377,4.98121,4.78122,4.91163,88179127.179808,0
F.US,D,20200526,000000,5.14644,5.20725,5.05943,5.07688,98980401.541609,0
F.US,D,20200527,000000,5.22467,5.29424,5.07688,5.24199,127010810.8771,0
F.US,D,20200528,000000,5.25941,5.27683,5.05078,5.08552,88719455.196213,0
F.US,D,20200529,000000,4.99859,5.04212,4.84223,4.9638,107024471.52609,0
F.US,D,20200601,000000,4.98121,5.11161,4.92905,5.10294,71249192.83161,0
F.US,D,20200602,000000,5.18117,5.21592,5.0682,5.12901,92078161.366717,0
F.US,D,20200603,000000,5.20725,5.45071,5.14644,5.38113,113739274.25351,0
F.US,D,20200604,000000,5.38972,5.72009,5.32031,5.71152,133204923.8636,0
F.US,D,20200605,000000,6.29392,6.51987,6.1027,6.38082,240011239.83789,0
F.US,D,20200608,000000,6.54604,6.7286,6.40699,6.54604,130180409.99038,0
F.US,D,20200609,000000,6.2766,6.46771,6.12877,6.29392,133148576.79735,0
F.US,D,20200610,000000,6.37214,6.38082,5.88531,5.92005,169472617.52599,0
F.US,D,20200611,000000,5.27683,5.61578,5.25076,5.32899,133649104.53018,0
F.US,D,20200612,000000,5.70276,5.76366,5.47671,5.61578,102122748.46129,0
F.US,D,20200615,000000,5.37239,5.72009,5.31157,5.6506,120487040.46149,0
F.US,D,20200616,000000,5.97229,5.97229,5.59844,5.69409,126000028.46421,0
F.US,D,20200617,000000,5.70276,5.70276,5.48546,5.50287,78027465.614776,0
F.US,D,20200618,000000,5.44187,5.60721,5.38113,5.50287,70516389.128048,0
F.US,D,20200619,000000,5.77233,5.81583,5.41588,5.41588,145086778.46969,0
F.US,D,20200622,000000,5.45071,5.45929,5.32899,5.45929,82505527.471404,0
F.US,D,20200623,000000,5.50287,5.54629,5.33766,5.34642,99701099.443414,0
F.US,D,20200624,000000,5.26816,5.32236,5.09427,5.1725,86890554.963296,0
F.US,D,20200625,000000,5.09427,5.25941,5.04212,5.24199,84677877.512506,0
F.US,D,20200626,000000,5.25076,5.27683,5.05078,5.13768,136238070.84081,0
F.US,D,20200629,000000,5.13768,5.27683,5.05078,5.22467,66958068.444478,0
F.US,D,20200630,000000,5.19859,5.30291,5.12901,5.28551,71215231.657421,0
F.US,D,20200701,000000,5.30291,5.37239,5.1725,5.19859,71842605.614481,0
F.US,D,20200702,000000,5.30291,5.36372,5.21592,5.25941,77382311.897666,0
F.US,D,20200706,000000,5.33766,5.38972,5.31157,5.38113,73530223.607277,0
F.US,D,20200707,000000,5.33766,5.38972,5.29424,5.32031,65167657.466899,0
F.US,D,20200708,000000,5.32899,5.37239,5.25941,5.29424,70087172.734637,0
F.US,D,20200709,000000,5.29424,5.30291,5.05943,5.07688,95123058.957708,0
F.US,D,20200710,000000,5.04212,5.30291,4.98986,5.30291,84790602.186641,0
F.US,D,20200713,000000,5.34642,5.40714,5.25941,5.26816,92244582.771318,0
F.US,D,20200714,000000,5.37239,5.55503,5.28551,5.52887,122085120.54192,0
F.US,D,20200715,000000,5.68533,5.89398,5.66793,5.85922,116928105.55158,0
F.US,D,20200716,000000,5.78966,5.99839,5.76366,5.96355,107552798.93973,0
F.US,D,20200717,000000,5.99839,6.00703,5.85057,5.91139,92987748.009558,0
F.US,D,20200720,000000,5.91139,5.95488,5.72009,5.78966,82088430.453813,0
F.US,D,20200721,000000,5.83316,5.92005,5.77233,5.80708,72865418.040614,0
F.US,D,20200722,000000,5.77233,5.98096,5.74634,5.94612,86997873.766883,0
F.US,D,20200723,000000,5.97229,6.13744,5.91139,6.06788,101978452.77921,0
F.US,D,20200724,000000,5.99839,6.09393,5.96355,5.98096,71655510.912091,0
F.US,D,20200727,000000,6.0157,6.03312,5.88531,6.02447,69444728.174246,0
F.US,D,20200728,000000,5.99839,6.12877,5.99839,6.09393,64777162.219065,0
F.US,D,20200729,000000,6.12877,6.13744,5.93749,6.0157,68371491.497978,0
F.US,D,20200730,000000,5.85922,5.93749,5.7985,5.85922,67858258.44228,0
F.US,D,20200731,000000,5.98963,5.99839,5.66793,5.74634,132739657.02148,0
F.US,D,20200803,000000,5.78108,5.84182,5.67677,5.81583,61939764.54051,0
F.US,D,20200804,000000,6.00703,6.00703,5.85057,5.96355,79806095.436935,0
F.US,D,20200805,000000,5.96355,6.11057,5.96355,6.05053,95149932.208723,0
F.US,D,20200806,000000,6.02447,6.08529,5.98963,6.02447,55984155.757269,0
F.US,D,20200807,000000,5.97229,6.0157,5.90274,5.96355,54617053.062225,0
F.US,D,20200810,000000,6.00703,6.19834,6.00271,6.16352,65831456.290565,0
F.US,D,20200811,000000,6.26784,6.41131,6.25051,6.28526,85142171.54678,0
F.US,D,20200812,000000,6.37214,6.40699,6.13744,6.18094,68091924.623291,0
F.US,D,20200813,000000,6.11136,6.24176,6.08529,6.11136,57592572.486592,0
F.US,D,20200814,000000,6.05921,6.18094,6.02447,6.12003,50059045.631009,0
F.US,D,20200817,000000,6.12877,6.13744,5.97229,6.06788,74258800.121421,0
F.US,D,20200818,000000,6.06788,6.09393,5.98538,5.98963,46523589.325213,0
F.US,D,20200819,000000,5.98963,6.1027,5.96355,5.97229,50795776.763435,0
F.US,D,20200820,000000,5.88531,5.98963,5.85057,5.94612,48111401.758234,0
F.US,D,20200821,000000,5.89398,5.95488,5.78108,5.78966,45045087.689509,0
F.US,D,20200824,000000,5.85057,6.08529,5.81583,6.06788,74741419.140603,0
F.US,D,20200825,000000,6.09393,6.17219,5.96355,6.03312,56998108.845019,0
F.US,D,20200826,000000,6.03312,6.05921,5.88531,5.92882,55905446.553575,0
F.US,D,20200827,000000,5.93749,6.06788,5.93749,6.00703,52616436.409004,0
F.US,D,20200828,000000,6.02447,6.04178,5.96355,6.03312,45940061.853645,0
F.US,D,20200831,000000,5.99839,6.02447,5.90274,5.92882,57618756.853916,0
F.US,D,20200901,000000,5.88531,5.97229,5.84182,5.93749,55461518.13833,0
F.US,D,20200902,000000,5.92005,6.05921,5.88531,6.04178,67878906.854287,0
F.US,D,20200903,000000,6.0157,6.16352,5.87664,5.92882,89875172.403317,0
F.US,D,20200904,000000,5.96355,6.04178,5.86789,5.99839,80542268.901612,0
F.US,D,20200908,000000,5.93749,6.23309,5.92005,6.11136,97488412.943248,0
F.US,D,20200909,000000,6.14611,6.17219,6.02447,6.05921,64994477.310146,0
F.US,D,20200910,000000,6.07662,6.11579,5.97229,6.00703,79634738.729298,0
F.US,D,20200911,000000,6.03312,6.08529,5.95488,6.08529,63360028.921708,0
F.US,D,20200914,000000,6.09393,6.24176,6.06788,6.18959,67528490.158322,0
F.US,D,20200915,000000,6.22442,6.24176,6.08529,6.12003,74998850.112225,0
F.US,D,20200916,000000,6.12877,6.18959,6.07662,6.1027,53224898.302937,0
F.US,D,20200917,000000,6.12003,6.38082,6.06788,6.32866,97604446.295214,0
F.US,D,20200918,000000,6.35483,6.43298,6.2766,6.28526,82741505.767793,0
F.US,D,20200921,000000,6.16352,6.16352,5.92005,5.97229,83800792.832094,0
F.US,D,20200922,000000,5.98963,6.07662,5.88531,5.89398,64262999.340059,0
F.US,D,20200923,000000,5.92005,6.02447,5.76366,5.77233,60493439.089726,0
F.US,D,20200924,000000,5.7375,5.87664,5.57245,5.78966,68815227.613999,0
F.US,D,20200925,000000,5.74634,5.83007,5.6506,5.65935,61843085.539887,0
F.US,D,20200928,000000,5.72892,5.88531,5.72009,5.81583,54735045.603936,0
F.US,D,20200929,000000,5.81583,5.82017,5.68533,5.7375,44878713.794127,0
F.US,D,20200930,000000,5.74634,5.86789,5.72892,5.78966,64353954.610828,0
F.US,D,20201001,000000,5.83316,5.88531,5.76366,5.86789,67110109.260617,0
F.US,D,20201002,000000,5.75492,6.02447,5.7375,5.98963,69937354.671298,0
F.US,D,20201005,000000,6.04178,6.12877,6.03756,6.1027,48726685.749943,0
F.US,D,20201006,000000,6.13744,6.30267,6.05053,6.06788,89959056.71849,0
F.US,D,20201007,000000,6.18094,6.30267,6.13744,6.28526,58279754.895939,0
F.US,D,20201008,000000,6.3374,6.38957,6.25918,6.38957,62707510.144306,0
F.US,D,20201009,000000,6.39815,6.46771,6.28526,6.30267,58640653.030802,0
F.US,D,20201012,000000,6.39815,6.83724,6.37214,6.66779,112377702.98909,0
F.US,D,20201013,000000,6.79807,6.85024,6.63305,6.74593,85770484.376525,0
F.US,D,20201014,000000,6.71993,6.73736,6.56346,6.58088,66498477.822996,0
F.US,D,20201015,000000,6.45039,6.62421,6.40699,6.62421,56752153.612401,0
F.US,D,20201016,000000,6.70261,6.73736,6.61561,6.66779,54650816.281331,0
F.US,D,20201019,000000,6.67644,6.71118,6.58088,6.59821,44817148.63187,0
F.US,D,20201020,000000,6.62421,6.82415,6.58947,6.7286,72984079.104921,0
F.US,D,20201021,000000,6.75478,6.85024,6.71993,6.82415,59794638.413714,0
F.US,D,20201022,000000,6.89374,7.14587,6.85899,7.13721,85133093.892221,0
F.US,D,20201023,000000,7.21542,7.25893,7.03289,7.09371,71605972.369558,0
F.US,D,20201026,000000,6.98497,7.01547,6.9025,6.9807,71470201.19897,0
F.US,D,20201027,000000,6.96331,7.03289,6.86765,6.88507,73797902.996386,0
F.US,D,20201028,000000,6.67644,6.85024,6.63305,6.69375,95405200.379659,0
F.US,D,20201029,000000,7.10236,7.16327,6.82415,6.86765,136887438.17328,0
F.US,D,20201030,000000,6.82415,6.87633,6.61561,6.71993,91326402.615493,0
F.US,D,20201102,000000,6.80684,6.8329,6.67644,6.70261,68976272.558522,0
F.US,D,20201103,000000,6.74593,6.89374,6.71993,6.85024,74895715.513525,0
F.US,D,20201104,000000,6.8329,6.84158,6.63305,6.6416,77447112.211581,0
F.US,D,20201105,000000,6.74593,6.9459,6.70261,6.9459,70678392.175178,0
F.US,D,20201106,000000,6.96331,6.97197,6.73736,6.77209,58565003.647118,0
F.US,D,20201109,000000,7.05021,7.285,7.02413,7.12853,127122883.99622,0
F.US,D,20201110,000000,7.15461,7.46757,7.11112,7.285,100616217.51688,0
F.US,D,20201111,000000,7.47615,7.47615,7.20678,7.24152,87014962.380895,0
F.US,D,20201112,000000,7.18069,7.20678,7.04154,7.13721,94693776.956327,0
F.US,D,20201113,000000,7.15461,7.45016,7.15461,7.42398,91489376.208121,0
F.US,D,20201116,000000,7.59788,7.69361,7.48499,7.65003,97608720.993854,0
F.US,D,20201117,000000,7.52829,7.69361,7.50231,7.60673,53782439.362267,0
F.US,D,20201118,000000,7.66744,7.86743,7.6327,7.66744,89447700.276988,0
F.US,D,20201119,000000,7.71961,7.71961,7.59788,7.66744,65191482.209621,0
F.US,D,20201120,000000,7.65887,7.66744,7.54572,7.59788,65595905.577156,0
F.US,D,20201123,000000,7.66744,7.80651,7.6327,7.70217,82290251.883272,0
F.US,D,20201124,000000,7.95432,8.2586,7.94566,8.21519,114479956.56941,0
F.US,D,20201125,000000,7.99781,8.04129,7.82392,7.89349,109530534.2476,0
F.US,D,20201127,000000,7.92825,7.94566,7.84999,7.90215,32040721.427666,0
F.US,D,20201130,000000,8.02388,8.02388,7.80651,7.89349,89690202.041769,0
F.US,D,20201201,000000,7.96307,8.17169,7.96307,8.03253,79337646.608244,0
F.US,D,20201202,000000,7.96307,8.03253,7.89349,7.99781,55611954.952703,0
F.US,D,20201203,000000,8.04998,8.10213,7.95432,8.00649,57863238.169535,0
F.US,D,20201204,000000,8.04998,8.20645,8.03253,8.11956,56107272.507722,0
F.US,D,20201207,000000,8.09346,8.11088,7.95432,8.01522,67040284.281086,0
F.US,D,20201208,000000,7.98915,8.11088,7.97173,8.04129,64703139.460585,0
F.US,D,20201209,000000,8.09346,8.24994,8.07605,8.21519,69886916.847098,0
F.US,D,20201210,000000,8.09346,8.10213,7.9109,7.92825,95904979.276683,0
F.US,D,20201211,000000,7.98915,7.98915,7.83268,7.84133,84477140.876906,0
F.US,D,20201214,000000,7.937,7.97624,7.71961,7.74579,88374172.889538,0
F.US,D,20201215,000000,7.84999,7.95432,7.77176,7.95432,80137748.253294,0
F.US,D,20201216,000000,7.97173,7.9804,7.79785,7.85876,63583154.842881,0
F.US,D,20201217,000000,7.90215,7.937,7.82392,7.89349,56712396.313356,0
F.US,D,20201218,000000,7.90215,7.90215,7.74579,7.78042,90604169.71341,0
F.US,D,20201221,000000,7.71103,7.83268,7.64145,7.76319,73514515.022993,0
F.US,D,20201222,000000,7.80651,7.81525,7.60673,7.64145,68050054.295121,0
F.US,D,20201223,000000,7.66744,7.84999,7.65003,7.81525,62216737.638013,0
F.US,D,20201224,000000,7.83268,7.84133,7.65003,7.70217,32124856.863001,0
F.US,D,20201228,000000,7.75434,7.80651,7.70281,7.72837,43790694.963366,0
F.US,D,20201229,000000,7.76319,7.76319,7.6327,7.66744,43180377.947503,0
F.US,D,20201230,000000,7.6762,7.75434,7.65887,7.70217,44243327.746443,0
F.US,D,20201231,000000,7.68487,7.70217,7.6327,7.64145,46215687.725405,0
F.US,D,20210104,000000,7.65887,7.68487,7.32842,7.40666,97826379.961195,0
F.US,D,20210105,000000,7.36324,7.58045,7.35441,7.51971,80669087.977719,0
F.US,D,20210106,000000,7.64145,7.77176,7.54572,7.68487,83501648.765197,0
F.US,D,20210107,000000,7.77176,7.89349,7.71961,7.87608,88709004.298958,0
F.US,D,20210108,000000,7.9109,7.94566,7.72837,7.82392,68055162.667456,0
F.US,D,20210111,000000,7.71103,8.10213,7.66744,8.08481,110579305.93784,0
F.US,D,20210112,000000,8.08481,8.53717,8.07632,8.50181,143569211.81216,0
F.US,D,20210113,000000,8.61496,8.6238,8.38061,8.50181,103009899.44051,0
F.US,D,20210114,000000,8.52833,8.86692,8.51064,8.84039,129635105.94876,0
F.US,D,20210115,000000,8.72811,8.73696,8.53717,8.54601,115014252.04603,0
F.US,D,20210119,000000,8.7458,8.87576,8.66712,8.71044,90567519.743595,0
F.US,D,20210120,000000,8.89344,9.45026,8.85808,9.44139,143827602.01756,0
F.US,D,20210121,000000,9.80576,10.5624,9.66611,10.0234,325265024.11682,0
F.US,D,20210122,000000,10.1373,10.1628,9.85802,10.0144,150537910.59898,0
F.US,D,20210125,000000,9.98878,10.0144,9.45819,9.8146,136835219.8845,0
F.US,D,20210126,000000,9.8315,10.0234,9.66611,9.72804,76228488.272337,0
F.US,D,20210127,000000,9.58035,9.71017,9.30185,9.37966,95318639.711752,0
F.US,D,20210128,000000,9.42383,9.60679,9.30979,9.31857,89021377.421316,0
F.US,D,20210129,000000,9.20635,9.41945,9.08522,9.15335,85038024.549222,0
F.US,D,20210201,000000,9.25852,9.94557,9.00572,9.41497,180731145.50811,0
F.US,D,20210202,000000,9.68377,9.73688,9.30979,9.44139,92532195.671787,0
F.US,D,20210203,000000,9.49273,9.87562,9.42383,9.73688,95440016.719812,0
F.US,D,20210204,000000,9.91015,10.101,9.71017,9.8845,122905521.06686,0
F.US,D,20210205,000000,10.2582,10.3441,9.82256,10.0056,130448207.02138,0
F.US,D,20210208,000000,10.0144,10.0666,9.8315,10.049,87144100.359415,0
F.US,D,20210209,000000,10.0323,10.467,9.98878,10.3707,117620645.19108,0
F.US,D,20210210,000000,10.4317,10.4493,10.0234,10.2231,87748906.305741,0
F.US,D,20210211,000000,10.1373,10.2053,9.8315,9.95415,64144949.108581,0
F.US,D,20210212,000000,9.92791,10.1019,9.8845,9.95415,51075377.57328,0
F.US,D,20210216,000000,9.99668,10.1699,9.89328,10.0323,55666164.104043,0
F.US,D,20210217,000000,10.0932,10.0932,9.8845,9.9799,57148827.321196,0
F.US,D,20210218,000000,9.8845,9.9799,9.82256,9.93659,43455529.858235,0
F.US,D,20210219,000000,10.0144,10.0753,9.96313,10.0666,55923227.444795,0
F.US,D,20210222,000000,10.0144,10.3795,9.99668,10.1699,71530087.702119,0
F.US,D,20210223,000000,10.0753,10.1285,9.67494,10.1019,83863217.685002,0
F.US,D,20210224,000000,10.146,10.7798,10.1197,10.6677,109455730.9805,0
F.US,D,20210225,000000,10.6236,10.7798,10.1877,10.2231,86560568.363159,0
F.US,D,20210226,000000,10.3354,10.4149,10.0323,10.1699,80078672.800404,0
F.US,D,20210301,000000,10.3193,10.5015,10.2406,10.4149,49662360.610496,0
F.US,D,20210302,000000,10.467,11.1274,10.3795,10.9099,120540374.08577,0
F.US,D,20210303,000000,10.9622,10.9622,10.5537,10.5794,92220457.136867,0
F.US,D,20210304,000000,10.6368,10.8321,10.1109,10.3707,101618467.50007,0
F.US,D,20210305,000000,10.4847,10.6835,10.146,10.6677,91272600.686038,0
F.US,D,20210308,000000,10.7711,11.1963,10.6924,10.9976,99076378.084477,0
F.US,D,20210309,000000,11.093,11.093,10.7578,10.9276,70823383.527986,0
F.US,D,20210310,000000,11.0576,11.2839,10.9709,11.223,71447460.118935,0
F.US,D,20210311,000000,11.2487,11.3536,11.0841,11.1363,65034771.915848,0
F.US,D,20210312,000000,11.1098,11.6755,11.1009,11.6233,100261595.12376,0
F.US,D,20210315,000000,11.64,11.8409,11.3457,11.4756,75033935.671292,0
F.US,D,20210316,000000,11.3545,11.4314,10.8065,10.8569,144278646.63526,0
F.US,D,20210317,000000,10.727,11.0399,10.6236,11.031,125757544.79817,0
F.US,D,20210318,000000,11.0399,11.3105,10.8154,10.8569,88267459.262921,0
F.US,D,20210319,000000,11.1716,11.2575,10.9099,11.1539,104546611.1826,0
F.US,D,20210322,000000,11.1716,11.2398,10.8745,11.1716,93592145.602825,0
F.US,D,20210323,000000,10.9276,11.0223,10.5359,10.6147,83996229.927304,0
F.US,D,20210324,000000,10.7446,10.8921,10.5359,10.5537,62731777.175246,0
F.US,D,20210325,000000,10.3795,10.7358,10.1877,10.7092,62349211.442487,0
F.US,D,20210326,000000,10.8065,10.8569,10.4847,10.6924,56641323.651211,0
F.US,D,20210329,000000,10.6058,10.7446,10.4891,10.5624,51474236.706199,0
F.US,D,20210330,000000,10.5704,10.8479,10.5272,10.8321,57242358.270397,0
F.US,D,20210331,000000,10.8321,10.901,10.6147,10.65,69544500.930037,0
F.US,D,20210401,000000,10.6758,10.6835,10.4493,10.5794,71213115.234782,0
F.US,D,20210405,000000,10.7711,11.1098,10.7182,11.0399,94708621.325273,0
F.US,D,20210406,000000,11.0399,11.2928,10.9886,11.2308,77645641.930788,0
F.US,D,20210407,000000,11.1884,11.2398,11.0063,11.0663,48616983.567145,0
F.US,D,20210408,000000,11.0152,11.093,10.8065,10.8745,60531868.392952,0
F.US,D,20210409,000000,10.8569,10.9709,10.7711,10.8745,46651521.474478,0
F.US,D,20210412,000000,10.8658,10.9099,10.7092,10.7623,46498934.302309,0
F.US,D,20210413,000000,10.7711,10.8196,10.5183,10.6058,59305631.666768,0
F.US,D,20210414,000000,10.6058,10.8569,10.6058,10.6411,57374856.960656,0
F.US,D,20210415,000000,10.6924,10.7092,10.5405,10.6411,43952765.880811,0
F.US,D,20210416,000000,10.7092,10.7446,10.597,10.6323,38113259.451024,0
F.US,D,20210419,000000,10.6236,10.65,10.4493,10.5272,44935331.21046,0
F.US,D,20210420,000000,10.4847,10.4847,9.86674,9.95415,95672672.764307,0
F.US,D,20210421,000000,9.87562,10.2053,9.71911,10.1965,57102967.349706,0
F.US,D,20210422,000000,10.4847,10.5624,10.2848,10.3795,84047090.809798,0
F.US,D,20210423,000000,10.406,10.6411,10.3193,10.6236,59700165.198312,0
F.US,D,20210426,000000,10.6758,10.8163,10.6323,10.6677,47006219.656114,0
F.US,D,20210427,000000,10.6835,10.8658,10.6677,10.8569,48356681.681221,0
F.US,D,20210428,000000,10.9364,10.9542,10.7667,10.8065,78248395.931275,0
F.US,D,20210429,000000,10.3529,10.3529,9.68377,9.78905,265067946.41109,0
F.US,D,20210430,000000,9.87562,10.0323,9.84918,10.0323,104433083.3764,0
F.US,D,20210503,000000,10.049,10.154,9.93659,10.1109,71304953.950809,0
F.US,D,20210504,000000,10.0234,10.0402,9.76331,9.91903,81681247.026822,0
F.US,D,20210505,000000,9.99668,10.1197,9.99668,10.0932,47601573.52998,0
F.US,D,20210506,000000,10.0402,10.2231,9.9799,10.2053,57553536.875223,0
F.US,D,20210507,000000,10.1285,10.2848,10.0144,10.276,47767820.734107,0
F.US,D,20210510,000000,10.2406,10.3707,10.1699,10.1787,59475351.568653,0
F.US,D,20210511,000000,9.95415,10.2231,9.92791,10.0666,65432969.313202,0
F.US,D,20210512,000000,10.0323,10.154,9.80576,9.84918,64030115.93001,0
F.US,D,20210513,000000,9.87562,10.154,9.86674,10.0402,65106104.747531,0
F.US,D,20210514,000000,10.1285,10.3193,10.1019,10.2937,55927448.978356,0
F.US,D,20210517,000000,10.276,10.588,10.2495,10.5624,60048481.308044,0
F.US,D,20210518,000000,10.6835,10.8921,10.5447,10.5537,83366693.169556,0
F.US,D,20210519,000000,10.4581,10.6147,10.3016,10.5272,80776034.62575,0
F.US,D,20210520,000000,10.8833,11.031,10.6924,10.8569,122214020.97433,0
F.US,D,20210521,000000,11.0399,11.71,10.9276,11.588,231165768.49184,0
F.US,D,20210524,000000,11.6313,11.6313,11.2308,11.3545,128115599.3314,0
F.US,D,20210525,000000,11.4138,11.6755,11.1274,11.1363,130426649.14716,0
F.US,D,20210526,000000,11.4403,12.1271,11.3874,12.0828,261741262.58613,0
F.US,D,20210527,000000,12.5013,13.0837,12.2748,12.9352,320868023.17029,0
F.US,D,20210528,000000,13.0494,13.0837,12.5278,12.6312,174969149.23979,0
F.US,D,20210601,000000,12.7965,12.8965,12.5701,12.8751,102459743.80257,0
F.US,D,20210602,000000,12.953,13.0581,12.7611,12.961,89169236.29491,0
F.US,D,20210603,000000,13.1705,13.9614,13.0271,13.9005,206678852.43854,0
F.US,D,20210604,000000,14.1958,14.3047,13.7317,13.8839,174604053.32598,0
F.US,D,20210607,000000,13.9184,14.0835,13.6053,13.8044,104581330.24196,0
F.US,D,20210608,000000,13.7009,13.7363,13.3268,13.5877,108004387.65113,0
F.US,D,20210609,000000,13.5619,13.5797,13.379,13.4568,69109870.747874,0
F.US,D,20210610,000000,13.5533,13.7185,13.1085,13.135,89894255.273403,0
F.US,D,20210611,000000,13.3004,13.4136,13.1882,13.2826,58221459.951666,0
F.US,D,20210614,000000,13.2394,13.3004,12.8797,12.9274,95092028.649932,0
F.US,D,20210615,000000,12.961,13.1792,12.8309,13.0405,72024420.006406,0
F.US,D,20210616,000000,13.1263,13.2916,12.9352,13.0581,79501625.812696,0
F.US,D,20210617,000000,13.3004,13.3879,12.6753,12.8398,145691065.20812,0
F.US,D,20210618,000000,12.6401,12.8355,12.5543,12.6223,87791758.491128,0
F.US,D,20210621,000000,12.7185,12.953,12.6487,12.8485,72912747.404411,0
F.US,D,20210622,000000,13.0581,13.135,12.8797,12.961,75398487.491418,0
F.US,D,20210623,000000,13.1616,13.5002,13.067,13.4057,109263491.70827,0
F.US,D,20210624,000000,13.509,13.5178,13.1705,13.2659,91863978.490649,0
F.US,D,20210625,000000,13.2483,13.4913,13.1969,13.2058,128559801.49024,0
F.US,D,20210628,000000,13.2147,13.2225,12.8927,13.0051,91424129.081302,0
F.US,D,20210629,000000,13.0837,13.2147,12.9309,13.0494,78460915.984638,0
F.US,D,20210630,000000,12.9961,13.135,12.8751,12.9184,83068346.578853,0
F.US,D,20210701,000000,12.961,13.0138,12.9007,12.961,58795193.736855,0
F.US,D,20210702,000000,13.0051,13.0749,12.8927,12.9785,50412475.768937,0
F.US,D,20210706,000000,12.9274,12.9352,12.5102,12.6047,85112569.909123,0
F.US,D,20210707,000000,12.5278,12.5701,12.1883,12.3712,83964374.995207,0
F.US,D,20210708,000000,12.1361,12.3712,11.9398,12.2227,72132652.796896,0
F.US,D,20210709,000000,12.5568,12.671,12.4057,12.587,75899227.884565,0
F.US,D,20210712,000000,12.4835,12.8141,12.38,12.701,56601452.103803,0
F.US,D,20210713,000000,12.6047,12.7144,12.426,12.5367,52179006.57637,0
F.US,D,20210714,000000,12.5454,12.7185,12.3448,12.388,44926908.504434,0
F.US,D,20210715,000000,12.3006,12.4304,12.1183,12.1793,51709345.131393,0
F.US,D,20210716,000000,12.2748,12.2916,11.8054,11.832,55290145.594288,0
F.US,D,20210719,000000,11.5189,11.5791,11.1187,11.5438,114973158.83297,0
F.US,D,20210720,000000,11.6233,12.1361,11.5438,12.0918,81363872.993458,0
F.US,D,20210721,000000,12.214,12.4658,12.1972,12.336,61907097.426982,0
F.US,D,20210722,000000,12.2396,12.2916,11.9796,12.0918,46518905.142342,0
F.US,D,20210723,000000,12.145,12.2061,11.9355,12.015,43629016.562574,0
F.US,D,20210726,000000,12.0828,12.2413,12.0575,12.1972,50427574.651562,0
F.US,D,20210727,000000,12.1096,12.1317,11.8673,11.9883,48270965.99873,0
F.US,D,20210728,000000,12.0486,12.1617,11.7923,12.0486,81273779.675683,0
F.US,D,20210729,000000,12.6136,12.8574,12.4304,12.5102,127863074.25234,0
F.US,D,20210730,000000,12.3712,12.4304,12.0575,12.1271,86222725.774122,0
F.US,D,20210802,000000,12.1883,12.4571,12.0655,12.0918,74395185.518354,0
F.US,D,20210803,000000,12.145,12.2396,11.8585,12.1883,61263157.45733,0
F.US,D,20210804,000000,12.0406,12.1096,11.5615,11.5791,93753826.265963,0
F.US,D,20210805,000000,11.7701,12.015,11.6931,11.9177,69622155.881513,0
F.US,D,20210806,000000,12.015,12.0918,11.9355,11.9972,51132259.683839,0
F.US,D,20210809,000000,11.9266,12.015,11.7788,11.9533,44586667.830952,0
F.US,D,20210810,000000,11.9708,12.0918,11.8753,12.015,36949085.602736,0
F.US,D,20210811,000000,12.0486,12.1271,11.8841,12.1096,49228428.361399,0
F.US,D,20210812,000000,12.1007,12.214,11.9883,12.0828,44412134.792598,0
F.US,D,20210813,000000,12.0655,12.1271,11.7701,11.8144,51900482.642182,0
F.US,D,20210816,000000,11.7355,11.7877,11.5791,11.7011,44583675.881256,0
F.US,D,20210817,000000,11.5791,11.588,11.1363,11.2928,85842672.37417,0
F.US,D,20210818,000000,11.2575,11.4846,11.2141,11.3017,58627840.246601,0
F.US,D,20210819,000000,11.1274,11.2308,10.9276,11.0152,79416372.779516,0
F.US,D,20210820,000000,10.9622,11.0152,10.7623,10.9276,61674831.636794,0
F.US,D,20210823,000000,11.0488,11.1716,10.841,11.0663,74279964.347816,0
F.US,D,20210824,000000,11.1363,11.4228,11.093,11.3697,61740317.440885,0
F.US,D,20210825,000000,11.4049,11.5438,11.3194,11.4491,58890930.471278,0
F.US,D,20210826,000000,11.3962,11.4138,11.1363,11.2141,66211957.634592,0
F.US,D,20210827,000000,11.2053,11.6233,11.1884,11.5703,66243535.429573,0
F.US,D,20210830,000000,11.6057,11.6233,11.328,11.3457,49141589.425204,0
F.US,D,20210831,000000,11.3194,11.4183,11.2398,11.328,48557930.737695,0
F.US,D,20210901,000000,11.328,11.4932,11.2141,11.3962,67725620.617879,0
F.US,D,20210902,000000,11.3786,11.4846,11.2751,11.3105,56736945.0061,0
F.US,D,20210903,000000,11.2928,11.3457,11.1884,11.2053,48021760.909222,0
F.US,D,20210907,000000,11.1539,11.3369,11.1363,11.2575,73630410.371986,0
F.US,D,20210908,000000,11.2751,11.4932,11.223,11.328,66696311.871481,0
F.US,D,20210909,000000,11.2575,11.2575,11.0576,11.093,79149082.513545,0
F.US,D,20210910,000000,11.1628,11.2398,11.0063,11.0223,56126741.107428,0
F.US,D,20210913,000000,11.093,11.2928,10.9709,11.2928,71631034.614349,0
F.US,D,20210914,000000,11.2398,11.3545,11.1187,11.1805,54801965.734005,0
F.US,D,20210915,000000,11.2053,11.5189,11.1363,11.4932,69343423.811693,0
F.US,D,20210916,000000,11.4579,11.7612,11.3874,11.649,87914092.47062,0
F.US,D,20210917,000000,11.6577,11.9089,11.64,11.7788,87812078.86328,0
F.US,D,20210920,000000,11.3617,11.4669,10.9798,11.1451,145114812.30309,0
F.US,D,20210921,000000,11.2008,11.2751,11.0063,11.1009,69563121.150813,0
F.US,D,20210922,000000,11.2308,11.64,11.2183,11.5012,87175560.512516,0
F.US,D,20210923,000000,11.5925,11.9443,11.5791,11.9177,79035993.602055,0
F.US,D,20210924,000000,11.8753,12.1183,11.8585,11.9796,66074378.851297,0
F.US,D,20210927,000000,12.0741,12.4226,12.0655,12.3095,79106800.438799,0
F.US,D,20210928,000000,12.7185,12.8053,12.3712,12.4394,123188388.70117,0
F.US,D,20210929,000000,12.5701,12.6047,12.3182,12.4304,65344257.156327,0
F.US,D,20210930,000000,12.397,12.4483,12.2484,12.3095,90668492.672779,0
F.US,D,20211001,000000,12.397,12.4925,12.1793,12.3095,59679426.292554,0
F.US,D,20211004,000000,12.4057,12.8574,12.3622,12.4747,90107093.186073,0
F.US,D,20211005,000000,12.5543,12.5543,12.2659,12.4226,64320813.536271,0
F.US,D,20211006,000000,12.2916,12.4658,12.0741,12.2748,70192577.595356,0
F.US,D,20211007,000000,12.4658,12.9961,12.4347,12.9441,111071655.29778,0
F.US,D,20211008,000000,12.9697,13.4655,12.9096,13.144,114420610.76644,0
F.US,D,20211011,000000,13.2147,13.3533,13.0138,13.1173,52111954.099186,0
F.US,D,20211012,000000,13.135,13.6301,13.0494,13.5965,102532240.61015,0
F.US,D,20211013,000000,13.5533,13.639,13.2738,13.4833,72888006.412442,0
F.US,D,20211014,000000,13.5797,13.5797,13.3614,13.4313,58522433.123537,0
F.US,D,20211015,000000,13.509,13.9352,13.5047,13.6479,88817957.645951,0
F.US,D,20211018,000000,13.5356,13.6053,13.4613,13.5267,55955732.80074,0
F.US,D,20211019,000000,13.5619,13.639,13.3614,13.4057,51382653.635023,0
F.US,D,20211020,000000,13.4136,14.0483,13.3614,13.9439,121028979.26668,0
F.US,D,20211021,000000,14.0483,14.5177,14.0217,14.3877,110263444.28132,0
F.US,D,20211022,000000,14.2745,14.3789,14.1091,14.1517,69762906.470838,0
F.US,D,20211025,000000,14.2577,14.3436,13.7451,13.9094,78000644.397668,0
F.US,D,20211026,000000,13.9873,14.1004,13.6479,13.8572,74635116.129389,0
F.US,D,20211027,000000,13.7275,13.8397,13.4745,13.4833,110538721.75213,0
F.US,D,20211028,000000,14.6573,15.2831,14.5267,14.6573,247591142.47935,0
F.US,D,20211029,000000,14.6573,15.087,14.3877,14.8475,115676567.90332,0
F.US,D,20211101,000000,15.2135,15.6219,14.8385,15.6051,144072984.87719,0
F.US,D,20211102,000000,15.7784,15.8129,15.4132,15.6563,132454464.82891,0
F.US,D,20211103,000000,15.5785,16.3698,15.5431,16.1956,120501837.32121,0
F.US,D,20211104,000000,16.4476,16.9515,16.2743,16.8824,181181087.23321,0
F.US,D,20211105,000000,17.1345,17.1433,16.5086,16.7693,140605575.34868,0
F.US,D,20211108,000000,16.8647,17.7515,16.726,17.5164,176562434.2825,0
F.US,D,20211109,000000,17.8258,17.8301,16.8736,17.4906,189719780.23317,0
F.US,D,20211110,000000,17.2822,17.7948,16.5695,16.8295,263548328.93887,0
F.US,D,20211111,000000,17.0744,17.2476,16.7464,16.9958,110932366.18256,0
F.US,D,20211112,000000,16.8471,17.0568,16.6994,16.9515,89538122.765787,0
F.US,D,20211115,000000,16.9178,17.3423,16.6393,17.2652,97591176.517563,0
F.US,D,20211116,000000,17.2998,17.4387,16.978,17.2042,76561762.058038,0
F.US,D,20211117,000000,17.1609,17.3953,16.9002,17.3512,93008954.089315,0
F.US,D,20211118,000000,17.6136,17.7012,16.9152,17.0893,127467471.76333,0
F.US,D,20211119,000000,17.1602,17.1831,16.8098,16.9408,73949967.567134,0
F.US,D,20211122,000000,16.9408,18.1643,16.8665,17.893,157790005.2774,0
F.US,D,20211123,000000,17.8496,17.9371,17.4483,17.649,104136557.97248,0
F.US,D,20211124,000000,17.4483,17.7708,17.2822,17.6923,88501728.358558,0
F.US,D,20211126,000000,17.1769,17.3352,17.0106,17.2556,56579841.064504,0
F.US,D,20211129,000000,17.535,17.6403,17.0284,17.1857,78720820.829223,0
F.US,D,20211130,000000,17.1424,17.4306,16.6271,16.7667,118161771.81485,0
F.US,D,20211201,000000,17.1513,17.8841,17.0638,17.1071,143616541.17595,0
F.US,D,20211202,000000,17.0371,17.5701,16.8443,17.3599,107750772.12236,0
F.US,D,20211203,000000,17.7975,17.8239,16.5397,16.7225,137661236.67795,0
F.US,D,20211206,000000,16.8018,17.0284,16.2646,16.793,100889335.58052,0
F.US,D,20211207,000000,17.1602,17.526,17.0549,17.4395,86855073.494062,0
F.US,D,20211208,000000,17.6313,17.6403,17.2556,17.3086,72389310.046933,0
F.US,D,20211209,000000,17.2644,17.4129,17.0726,17.0983,72516073.695617,0
F.US,D,20211210,000000,17.2733,18.7762,17.2619,18.7408,194181567.91956,0
F.US,D,20211213,000000,18.5569,18.6098,17.5878,17.8496,144937331.43075,0
F.US,D,20211214,000000,17.2998,17.6313,16.933,17.5172,142565157.60977,0
F.US,D,20211215,000000,17.4658,17.7621,17.0805,17.6403,91197626.611985,0
F.US,D,20211216,000000,17.9725,18.4348,17.7012,17.7798,122491030.26934,0
F.US,D,20211217,000000,17.5004,17.6835,17.1246,17.2733,113268264.45161,0
F.US,D,20211220,000000,17.0019,17.1424,16.6447,16.9674,85344246.358747,0
F.US,D,20211221,000000,17.2556,17.291,16.8886,17.1335,67449559.244934,0
F.US,D,20211222,000000,17.1602,17.7708,17.1602,17.5968,86764414.590332,0
F.US,D,20211223,000000,17.5437,17.8328,17.4737,17.6923,57926325.889182,0
F.US,D,20211227,000000,17.7012,18.2517,17.5614,18.1732,68274615.673444,0
F.US,D,20211228,000000,18.0503,18.4004,17.9903,18.138,60684789.260834,0
F.US,D,20211229,000000,18.0946,18.1465,17.8672,17.9636,43359060.124417,0
F.US,D,20211230,000000,17.9903,18.3128,17.8841,17.8841,58910246.362777,0
F.US,D,20211231,000000,17.8752,18.3571,17.8752,18.1465,59401829.919329,0
F.US,D,20220103,000000,18.5835,19.1166,18.4004,19.0211,127004866.56873,0
F.US,D,20220104,000000,19.6761,21.4565,19.5885,21.2398,356694318.84898,0
F.US,D,20220105,000000,21.0216,21.7986,20.5061,20.6714,290189872.963,0
F.US,D,20220106,000000,21.0479,21.5104,20.4098,21.3707,177472968.8474,0
F.US,D,20220107,000000,21.5546,21.7642,21.0039,21.3531,145378175.14019,0
F.US,D,20220110,000000,21.0569,21.3531,20.401,20.8378,140551852.60126,0
F.US,D,20220111,000000,20.7767,21.2744,20.34,21.2744,121335872.99233,0
F.US,D,20220112,000000,21.5017,21.7032,20.9775,21.3797,119090680.00505,0
F.US,D,20220113,000000,21.528,22.6031,21.2921,21.8596,212635567.5079,0
F.US,D,20220114,000000,21.3797,22.0877,21.2309,22.008,167118657.83508,0
F.US,D,20220118,000000,21.7287,21.956,21.2309,21.3011,126839441.72658,0
F.US,D,20220119,000000,21.537,21.773,19.5798,19.6142,175343334.11989,0
F.US,D,20220120,000000,19.1166,19.9909,18.8459,18.9158,173988142.66502,0
F.US,D,20220121,000000,18.5321,18.7849,17.946,18.0416,166570023.62334,0
F.US,D,20220124,000000,17.4129,17.8841,16.4254,17.8151,213959564.63505,0
F.US,D,20220125,000000,17.4737,17.7444,17.0893,17.4571,133656073.6803,0
F.US,D,20220126,000000,18.3571,18.3828,17.0983,17.3953,155414643.81398,0
F.US,D,20220127,000000,17.7444,18.0416,16.9586,17.0805,120949905.82564,0
F.US,D,20220128,000000,16.9664,17.1689,16.6191,17.1602,99837737.091681,0
F.US,D,20220131,000000,17.1955,17.8541,17.0106,17.8276,104033668.83808,0
F.US,D,20220201,000000,18.0998,18.3102,17.4934,18.1432,133969825.70122,0
F.US,D,20220202,000000,18.275,18.4862,17.7223,18.1174,108606302.32206,0
F.US,D,20220203,000000,17.7134,18.1088,17.45,17.4677,117304078.81445,0
F.US,D,20220204,000000,16.2689,16.3256,15.3857,15.7721,240379713.43101,0
F.US,D,20220207,000000,15.5706,15.9128,15.5441,15.7113,96345207.628618,0
F.US,D,20220208,000000,15.4344,15.7288,14.9473,15.5617,162485715.92082,0
F.US,D,20220209,000000,16.0445,16.185,15.8339,16.1151,99201761.703433,0
F.US,D,20220210,000000,15.7766,16.3609,15.7375,15.8781,86763459.881242,0
F.US,D,20220211,000000,15.895,16.1239,15.2984,15.4122,107645781.27056,0
F.US,D,20220214,000000,15.3769,15.5706,15.1844,15.3337,89530155.92204,0
F.US,D,20220215,000000,15.6315,15.9215,15.5617,15.8781,75203763.034509,0
F.US,D,20220216,000000,15.7067,15.9924,15.5794,15.8164,65409213.571966,0
F.US,D,20220217,000000,15.6847,15.7544,15.3682,15.4033,63048119.57983,0
F.US,D,20220218,000000,15.4566,16.2293,15.43,15.8427,121162264.12142,0
F.US,D,20220222,000000,15.5176,15.5973,14.9906,15.1844,112219464.48207,0
F.US,D,20220223,000000,15.3682,15.5706,14.8237,14.8854,90931171.150882,0
F.US,D,20220224,000000,14.0419,15.0959,14.012,15.0615,125762287.80199,0
F.US,D,20220225,000000,15.1489,15.72,15.0348,15.6582,89829555.633789,0
F.US,D,20220228,000000,15.2275,15.5219,15.1136,15.421,93792093.811606,0
F.US,D,20220301,000000,15.2896,15.2896,14.4461,14.6662,107970790.7143,0
F.US,D,20220302,000000,15.3682,16.0259,15.1885,15.895,157867048.26488,0
F.US,D,20220303,000000,16.0268,16.0268,15.3159,15.4566,108626689.43336,0
F.US,D,20220304,000000,15.2364,15.2719,14.6133,14.7978,104122679.62434,0
F.US,D,20220307,000000,14.7891,14.8412,14.0245,14.0245,100204529.76336,0
F.US,D,20220308,000000,14.113,14.683,13.8492,14.0774,115031612.1413,0
F.US,D,20220309,000000,14.622,14.7803,14.2968,14.3762,71563434.649962,0
F.US,D,20220310,000000,14.1482,14.4072,13.8405,14.3409,83116576.355489,0
F.US,D,20220311,000000,14.4027,14.4725,14.0596,14.0863,62612320.897087,0
F.US,D,20220314,000000,14.126,14.2533,13.6204,13.8228,75543164.378436,0
F.US,D,20220315,000000,13.8492,14.1739,13.6382,14.1041,74315667.526745,0
F.US,D,20220316,000000,14.4637,14.6044,14.1041,14.5601,94144861.082795,0
F.US,D,20220317,000000,14.2533,14.5601,14.1916,14.5601,66614101.690732,0
F.US,D,20220318,000000,14.4194,14.8369,14.2968,14.8067,101508134.12335,0
F.US,D,20220321,000000,14.8147,15.0216,14.3409,14.4725,82650799.354845,0
F.US,D,20220322,000000,14.683,15.1974,14.6662,15.0083,88416643.869991,0
F.US,D,20220323,000000,14.7714,14.973,14.5476,14.6486,72075893.984074,0
F.US,D,20220324,000000,14.7007,14.912,14.6133,14.7803,64124879.856593,0
F.US,D,20220325,000000,14.7007,14.7361,14.3496,14.4637,70625554.004189,0
F.US,D,20220328,000000,14.5345,14.6486,14.2968,14.6398,62212044.405766,0
F.US,D,20220329,000000,14.9385,15.6315,14.9385,15.5883,103253567.44353,0
F.US,D,20220330,000000,15.3857,15.5087,15.1048,15.1666,65877525.528857,0
F.US,D,20220331,000000,15.1048,15.2364,14.4902,14.8499,59815105.838215,0
F.US,D,20220401,000000,14.9385,15.0615,14.3496,14.622,73668887.184433,0
F.US,D,20220404,000000,14.6309,14.6918,14.3674,14.6309,58383343.094573,0
F.US,D,20220405,000000,14.4549,14.5956,13.8846,13.8926,104427730.67094,0
F.US,D,20220406,000000,13.7,13.8732,13.3312,13.5152,117151114.96203,0
F.US,D,20220407,000000,13.2341,13.3533,12.7867,13.1378,115269377.68931,0
F.US,D,20220408,000000,13.1201,13.5594,13.006,13.2173,85500084.518979,0
F.US,D,20220411,000000,13.0766,13.8492,13.0766,13.4188,75287413.197096,0
F.US,D,20220412,000000,13.6123,13.8051,13.4188,13.4886,55954174.045851,0
F.US,D,20220413,000000,13.4453,13.6512,13.3658,13.6204,59066306.232702,0
F.US,D,20220414,000000,13.6123,13.8405,13.577,13.5947,44765535.520058,0
F.US,D,20220418,000000,13.4974,13.867,13.4974,13.7609,45782302.963513,0
F.US,D,20220419,000000,13.8228,14.2533,13.8228,14.1827,63081974.423862,0
F.US,D,20220420,000000,14.2533,14.5345,14.0555,14.0952,53919089.453425,0
F.US,D,20220421,000000,14.4725,14.5515,13.7088,13.7876,56819350.879588,0
F.US,D,20220422,000000,13.6559,13.7354,13.173,13.2871,63987690.196433,0
F.US,D,20220425,000000,13.181,13.4374,12.9204,13.4285,66016825.955795,0
F.US,D,20220426,000000,13.3489,13.3842,12.9689,13.0041,68260963.559687,0
F.US,D,20220427,000000,13.0749,13.3473,12.9069,13.1281,74485346.706443,0
F.US,D,20220428,000000,13.181,13.2517,12.2883,12.9245,148813035.19706,0
F.US,D,20220429,000000,12.8981,13.2341,12.4604,12.5181,94096402.809434,0
F.US,D,20220502,000000,12.3941,12.633,12.2173,12.6151,73225265.316774,0
F.US,D,20220503,000000,12.6506,13.0395,12.5534,12.8718,63044951.167316,0
F.US,D,20220504,000000,12.8231,13.2606,12.6063,13.2429,67615715.95531,0
F.US,D,20220505,000000,13.1016,13.1016,12.6727,12.8451,65482614.185894,0
F.US,D,20220506,000000,12.7832,12.9069,12.3766,12.5623,75361146.375567,0
F.US,D,20220509,000000,12.2439,12.5268,11.7665,11.8197,80586911.732128,0
F.US,D,20220510,000000,12.1997,12.235,11.5102,11.8019,85411053.371625,0
F.US,D,20220511,000000,11.6693,12.0406,11.3068,11.3422,81042655.237951,0
F.US,D,20220512,000000,10.7941,11.3156,10.7411,10.9976,128053077.1977,0
F.US,D,20220513,000000,11.3864,12.0496,11.3777,11.9345,89299431.919164,0
F.US,D,20220516,000000,11.8549,11.9523,11.4747,11.5367,73588796.819839,0
F.US,D,20220517,000000,11.7932,11.9612,11.6338,11.9612,57566884.703736,0
F.US,D,20220518,000000,11.7136,11.8107,11.2361,11.2979,77329756.519656,0
F.US,D,20220519,000000,11.1743,11.5985,11.1653,11.36,66127834.642146,0
F.US,D,20220520,000000,11.5367,11.5985,10.6703,11.0505,88438861.217434,0
F.US,D,20220523,000000,11.1743,11.4484,11.046,11.3422,58741285.477241,0
F.US,D,20220524,000000,11.1389,11.2095,10.8471,10.9798,57783426.073231,0
F.US,D,20220525,000000,10.9001,11.3245,10.8912,11.2361,46596503.535223,0
F.US,D,20220526,000000,11.3156,11.6693,11.3068,11.5985,51705001.431265,0
F.US,D,20220527,000000,11.7223,12.0496,11.7048,12.0496,61304638.662364,0
F.US,D,20220531,000000,12.0937,12.2173,11.8019,12.0937,90142962.647272,0
F.US,D,20220601,000000,12.2706,12.3499,11.846,11.9786,57380061.482603,0
F.US,D,20220602,000000,12.0582,12.3411,12.0228,12.2794,48617479.02044,0
F.US,D,20220603,000000,12.0496,12.1774,11.8107,11.9345,49347653.88049,0
F.US,D,20220606,000000,12.1467,12.1467,11.8285,11.8991,42657718.836299,0
F.US,D,20220607,000000,11.7223,12.1732,11.6561,12.1467,44048189.280616,0
F.US,D,20220608,000000,12.0496,12.2439,11.8816,11.9612,44615518.370463,0
F.US,D,20220609,000000,11.9433,12.0141,11.7401,11.7401,34519153.012975,0
F.US,D,20220610,000000,11.4925,11.6782,11.1653,11.2716,62988334.882155,0
F.US,D,20220613,000000,10.8737,10.9444,10.3787,10.4404,91258707.632667,0
F.US,D,20220614,000000,10.5997,10.9798,10.5289,10.7854,93173855.198872,0
F.US,D,20220615,000000,10.8029,10.9798,10.6086,10.8471,79626832.968836,0
F.US,D,20220616,000000,10.4317,10.5289,9.83053,9.94557,90923715.596838,0
F.US,D,20220617,000000,9.93659,10.1134,9.63615,9.92791,90775199.512365,0
F.US,D,20220621,000000,10.2106,10.3034,10.0337,10.131,74977909.857867,0
F.US,D,20220622,000000,9.95415,10.3256,9.91015,10.1487,52228213.685533,0
F.US,D,20220623,000000,10.1664,10.2372,9.94557,10.2194,60693000.437713,0
F.US,D,20220624,000000,10.2991,10.7144,10.2282,10.6172,62732115.395647,0
F.US,D,20220627,000000,10.7144,10.7676,10.5201,10.6439,49782796.483528,0
F.US,D,20220628,000000,10.7322,10.9931,10.4317,10.4404,51944120.992044,0
F.US,D,20220629,000000,10.3787,10.3963,10.0603,10.1841,44652071.059494,0
F.US,D,20220630,000000,9.93659,10.0425,9.66256,9.83937,67008550.384383,0
F.US,D,20220701,000000,9.81285,10.1664,9.71551,10.0074,61485944.02693,0
F.US,D,20220705,000000,9.76864,9.91015,9.37966,9.90127,98931204.612992,0
F.US,D,20220706,000000,9.85705,9.96313,9.58301,9.77748,80633220.778864,0
F.US,D,20220707,000000,10.0163,10.3609,10.0163,10.2991,71264330.174083,0
F.US,D,20220708,000000,10.2991,10.414,10.1487,10.2725,62480907.000689,0
F.US,D,20220711,000000,10.2019,10.3079,9.96313,9.98089,55301978.783615,0
F.US,D,20220712,000000,9.98089,10.3609,9.96313,10.2194,66076842.543712,0
F.US,D,20220713,000000,9.99845,10.2372,9.87463,10.1753,54606494.703637,0
F.US,D,20220714,000000,9.91903,10.078,9.84821,10.0691,54495711.120495,0
F.US,D,20220715,000000,10.2372,10.5201,10.1576,10.5024,55774632.178289,0
F.US,D,20220718,000000,10.7411,10.8294,10.5201,10.5731,51890746.645571,0
F.US,D,20220719,000000,10.8029,11.2183,10.7941,11.13,70868830.621728,0
F.US,D,20220720,000000,11.1345,11.3335,11.0594,11.2538,58744242.360608,0
F.US,D,20220721,000000,11.3864,11.4925,11.1653,11.4925,75731040.720614,0
F.US,D,20220722,000000,11.581,11.6162,11.245,11.3335,52853683.880275,0
F.US,D,20220725,000000,11.36,11.4836,11.1389,11.3512,41661615.641255,0
F.US,D,20220726,000000,11.2095,11.2803,11.0152,11.086,55735467.613322,0
F.US,D,20220727,000000,11.2716,11.6605,11.1653,11.6605,73042400.066148,0
F.US,D,20220728,000000,12.3234,12.4562,11.8285,12.3766,162997911.69187,0
F.US,D,20220729,000000,12.4738,13.0705,12.381,12.9865,106954082.09178,0
F.US,D,20220801,000000,12.96,13.6408,12.8628,13.5611,123887844.32571,0
F.US,D,20220802,000000,13.4374,13.6584,13.3668,13.4019,84415715.979966,0
F.US,D,20220803,000000,13.6849,14.2773,13.6672,13.8705,108418317.38738,0
F.US,D,20220804,000000,13.8352,13.8529,13.5347,13.5877,96194676.926977,0
F.US,D,20220805,000000,13.4639,13.676,13.3756,13.5258,77025476.932296,0
F.US,D,20220808,000000,13.7645,14.1799,13.7468,13.9503,86103378.088466,0
F.US,D,20220809,000000,13.8441,13.8794,13.3931,13.4285,76554072.351408,0
F.US,D,20220810,000000,13.8125,13.9107,13.5981,13.8394,80199961.299463,0
F.US,D,20220811,000000,14.1071,14.2143,13.9374,14.1339,68955143.329129,0
F.US,D,20220812,000000,14.2411,14.4821,14.1428,14.4465,59564522.857305,0
F.US,D,20220815,000000,14.2857,14.6874,14.2322,14.5713,57993257.942768,0
F.US,D,20220816,000000,14.5534,14.8928,14.5179,14.6697,60512441.87776,0
F.US,D,20220817,000000,14.4286,14.5269,14.1964,14.3126,63972642.262861,0
F.US,D,20220818,000000,14.2768,14.4731,14.1607,14.4195,44144018.309713,0
F.US,D,20220819,000000,14.2411,14.4107,14.0805,14.1786,54428924.281622,0
F.US,D,20220822,000000,13.4643,13.5804,13.3125,13.4643,79880530.100796,0
F.US,D,20220823,000000,13.4731,13.7677,13.4731,13.6785,57443738.079313,0
F.US,D,20220824,000000,13.6785,13.9821,13.6072,13.8571,44249803.588232,0
F.US,D,20220825,000000,13.9286,14.3214,13.9107,14.2232,63169511.459373,0
F.US,D,20220826,000000,14.2947,14.3661,13.759,13.759,61059417.0974,0
F.US,D,20220829,000000,13.5714,14.0267,13.5624,13.9016,56466611.655091,0
F.US,D,20220830,000000,14.0178,14.1071,13.5448,13.7947,73958589.546781,0
F.US,D,20220831,000000,13.8571,13.8571,13.6071,13.6071,58305222.090246,0
F.US,D,20220901,000000,13.4819,13.5847,13.1965,13.5624,73135850.87391,0
F.US,D,20220902,000000,13.866,13.9016,13.4465,13.5357,72313364.201415,0
F.US,D,20220906,000000,13.5895,13.6071,13.2498,13.4197,65718038.318334,0
F.US,D,20220907,000000,13.3125,13.8303,13.2054,13.7768,61697771.013973,0
F.US,D,20220908,000000,13.5357,13.8214,13.4107,13.8125,67285112.186591,0
F.US,D,20220909,000000,13.9286,14.0178,13.6785,13.7677,71031028.359838,0
F.US,D,20220912,000000,13.884,14.0536,13.7947,13.875,58975324.694393,0
F.US,D,20220913,000000,13.3928,13.5089,13.1249,13.1608,90543679.679502,0
F.US,D,20220914,000000,13.1784,13.2589,12.8974,13.0893,66720519.34055,0
F.US,D,20220915,000000,13.1159,13.5804,13.1071,13.2946,68742397.89033,0
F.US,D,20220916,000000,13.0535,13.1608,12.9197,13.1428,76669470.729031,0
F.US,D,20220919,000000,12.9464,13.3571,12.9374,13.3303,54539822.367803,0
F.US,D,20220920,000000,12.5803,12.7054,11.616,11.6876,219901099.28131,0
F.US,D,20220921,000000,11.8214,12.1339,11.6518,11.6518,105584398.37799,0
F.US,D,20220922,000000,11.7142,11.8214,11.3839,11.4017,91845095.869671,0
F.US,D,20220923,000000,11.009,11.107,10.6695,10.9912,116529104.05861,0
F.US,D,20220926,000000,10.9018,11.0535,10.6518,10.7055,100016562.0346,0
F.US,D,20220927,000000,10.9018,10.9107,10.4106,10.6338,97489913.288418,0
F.US,D,20220928,000000,10.6338,10.9286,10.4999,10.8749,81425874.816492,0
F.US,D,20220929,000000,10.5803,10.6071,10.143,10.241,94679218.676599,0
F.US,D,20220930,000000,10.1696,10.2946,9.99105,10,80290897.595731,0
F.US,D,20221003,000000,10.1607,10.3483,9.93758,10.241,74142259.742011,0
F.US,D,20221004,000000,10.6785,11.0445,10.6607,11.0358,98144891.389901,0
F.US,D,20221005,000000,11.0535,11.2143,10.8302,11.1697,98469527.236367,0
F.US,D,20221006,000000,11.0358,11.2766,10.8838,11.0358,72275879.985245,0
F.US,D,20221007,000000,10.8749,10.9821,10.7141,10.8927,63273886.655778,0
F.US,D,20221010,000000,10.241,10.3125,10,10.143,129414966.40804,0
F.US,D,20221011,000000,10.0893,10.5982,9.98207,10.3214,84194092.24466,0
F.US,D,20221012,000000,10.2499,10.4464,10.134,10.3035,66784074.955788,0
F.US,D,20221013,000000,10.0356,10.6162,10,10.5089,78946037.660462,0
F.US,D,20221014,000000,10.5357,10.5803,10.3214,10.4196,61772631.926152,0
F.US,D,20221017,000000,10.6965,10.7055,10.4106,10.5624,66709216.283611,0
F.US,D,20221018,000000,10.9107,10.9376,10.6338,10.7411,60035854.283594,0
F.US,D,20221019,000000,10.6338,10.8392,10.5892,10.8302,60625737.887533,0
F.US,D,20221020,000000,10.8302,10.8885,10.4732,10.5089,62236321.580989,0
F.US,D,20221021,000000,10.4822,10.9376,10.4241,10.8838,61748764.690386,0
F.US,D,20221024,000000,10.9821,11.2946,10.8749,11.1429,72483978.537081,0
F.US,D,20221025,000000,11.2323,11.6338,11.125,11.4554,74358744.866413,0
F.US,D,20221026,000000,11.4286,11.6608,11.1785,11.4465,97424539.910456,0
F.US,D,20221027,000000,11.4017,11.8034,11.0893,11.6071,99032274.319642,0
F.US,D,20221028,000000,11.6071,11.8838,11.5804,11.8392,62471347.213174,0
F.US,D,20221031,000000,11.7411,12.0625,11.7322,11.9375,61237957.684943,0
F.US,D,20221101,000000,12.1161,12.1831,11.7456,11.9641,53149345.884176,0
F.US,D,20221102,000000,11.7992,12.2054,11.6608,11.6608,82514444.767712,0
F.US,D,20221103,000000,11.4375,12.0179,11.4017,11.8392,65836600.576,0
F.US,D,20221104,000000,12.1161,12.2949,11.8482,12.0625,68867891.838383,0
F.US,D,20221107,000000,12.1517,12.2858,11.9375,12.2322,53958220.056272,0
F.US,D,20221108,000000,12.3036,12.3214,12.0625,12.25,59059815.381001,0
F.US,D,20221109,000000,12.1161,12.2322,11.8572,11.8838,83103259.89005,0
F.US,D,20221110,000000,12.2232,12.8213,12.2054,12.6607,84715237.985596,0
F.US,D,20221111,000000,12.7323,13.0947,12.6784,12.9464,67410236.534089,0
F.US,D,20221114,000000,12.8381,12.9464,12.6848,12.6848,63946292.043427,0
F.US,D,20221115,000000,12.8922,13.1539,12.8111,12.9013,68539676.526479,0
F.US,D,20221116,000000,12.7209,12.7795,12.4863,12.5403,52632200.042421,0
F.US,D,20221117,000000,12.3239,12.5495,12.2247,12.5495,60206819.742007,0
F.US,D,20221118,000000,12.7027,12.7479,12.4684,12.6216,41124281.6478,0
F.US,D,20221121,000000,12.5043,12.6665,12.3239,12.5855,37782637.387479,0
F.US,D,20221122,000000,12.6712,12.766,12.6158,12.6938,31854540.026055,0
F.US,D,20221123,000000,12.6306,12.6848,12.4953,12.6577,28790219.095502,0
F.US,D,20221125,000000,12.5946,12.7298,12.5403,12.7027,14388188.047448,0
F.US,D,20221128,000000,12.5765,12.5946,12.3601,12.3869,39126100.097446,0
F.US,D,20221129,000000,12.4953,12.5403,12.369,12.4051,31457731.727174,0
F.US,D,20221130,000000,12.4322,12.5855,12.1343,12.5403,68208924.24658,0
F.US,D,20221201,000000,12.7118,12.9554,12.6306,12.7027,50250169.786674,0
F.US,D,20221202,000000,12.4863,12.6011,12.4051,12.5043,47016080.619935,0
F.US,D,20221205,000000,12.4051,12.4231,12.0623,12.0713,44020201.018422,0
F.US,D,20221206,000000,12.1073,12.2382,11.7826,11.9809,44332134.620742,0
F.US,D,20221207,000000,11.9089,12.1073,11.8096,11.8186,40578860.330088,0
F.US,D,20221208,000000,11.9089,11.9629,11.7916,11.8367,35886335.843582,0
F.US,D,20221209,000000,11.7646,12.0531,11.7646,11.8908,46058604.748772,0
F.US,D,20221212,000000,11.9089,12.1525,11.8186,12.1434,39319760.228743,0
F.US,D,20221213,000000,12.4322,12.5584,12.0623,12.2427,64146373.22545,0
F.US,D,20221214,000000,12.2427,12.4276,12.0531,12.1615,56750760.404859,0
F.US,D,20221215,000000,11.9361,11.9629,11.6833,11.7556,61766814.736165,0
F.US,D,20221216,000000,11.521,11.566,10.8984,10.9345,131176248.24319,0
F.US,D,20221219,000000,10.9345,10.9796,10.4111,10.5466,97609850.330036,0
F.US,D,20221220,000000,10.5106,10.5375,10.0324,10.3482,90954273.30416,0
F.US,D,20221221,000000,10.4744,10.6368,10.4203,10.6278,54596148.181478,0
F.US,D,20221222,000000,10.4067,10.4111,10.0143,10.2037,83307111.138354,0
F.US,D,20221223,000000,10.1678,10.2849,10.1225,10.2488,42342193.030873,0
F.US,D,20221227,000000,10.1767,10.276,10.0413,10.1047,49698503.656295,0
F.US,D,20221228,000000,10.0866,10.1497,9.83393,9.87888,54728458.62581,0
F.US,D,20221229,000000,9.99618,10.4203,9.96925,10.4111,59355937.968227,0
F.US,D,20221230,000000,10.2849,10.5015,10.276,10.4924,43485594.510296,0
F.US,D,20230103,000000,10.6639,10.7541,10.4383,10.5375,50775411.29263,0
F.US,D,20230104,000000,10.7181,10.8984,10.5872,10.8352,59222312.943167,0
F.US,D,20230105,000000,10.9255,11.1691,10.7181,11.0518,56291538.340177,0
F.US,D,20230106,000000,10.9345,11.3586,10.9165,11.3495,58844829.867726,0
F.US,D,20230109,000000,11.4938,11.6653,11.3224,11.4487,56380066.374075,0
F.US,D,20230110,000000,11.4397,11.6111,11.2774,11.5841,52168144.177944,0
F.US,D,20230111,000000,11.6653,11.9629,11.6293,11.9269,57539570.913213,0
F.US,D,20230112,000000,11.9719,12.2067,11.8277,12.1165,64414147.556081,0
F.US,D,20230113,000000,11.3947,11.566,11.2502,11.4758,106900024.48226,0
F.US,D,20230117,000000,11.4669,11.5933,11.2142,11.4307,67363802.907915,0
F.US,D,20230118,000000,11.539,11.5933,11.1871,11.1961,54062290.962198,0
F.US,D,20230119,000000,11.0878,11.1511,10.8623,10.9886,58655659.927433,0
F.US,D,20230120,000000,11.0158,11.2053,10.8984,11.1871,49157349.738081,0
F.US,D,20230123,000000,11.2592,11.6472,11.2142,11.5481,55074995.850189,0
F.US,D,20230124,000000,11.4397,11.6382,11.3856,11.4938,46040750.392639,0
F.US,D,20230125,000000,11.3675,11.5933,11.264,11.539,41830525.180568,0
F.US,D,20230126,000000,11.7195,11.787,11.4669,11.6563,54280071.322191,0
F.US,D,20230127,000000,11.6201,12.0577,11.6111,11.9719,68848784.777806,0
F.US,D,20230130,000000,11.7375,11.9089,11.6021,11.6293,71506762.819742,0
F.US,D,20230131,000000,12.0805,12.2427,11.9541,12.1886,92101863.485583,0
F.US,D,20230201,000000,12.1976,12.6216,12.1704,12.4413,78299537.293687,0
F.US,D,20230202,000000,12.784,13.1719,12.6577,12.9194,113701034.48303,0
F.US,D,20230203,000000,11.7735,12.2788,11.5299,11.9361,183442946.07281,0
F.US,D,20230206,000000,11.873,11.9179,11.5299,11.8547,85639283.758564,0
F.US,D,20230207,000000,11.8007,12.1886,11.7105,12.1343,78332933.851317,0
F.US,D,20230208,000000,11.9992,12.351,11.9992,12.1073,68753187.270142,0
F.US,D,20230209,000000,12.3194,12.5675,12.0893,12.1704,87195854.857384,0
F.US,D,20230210,000000,11.7143,11.7692,11.4133,11.6139,74759042.232757,0
F.US,D,20230213,000000,11.5957,11.9516,11.5866,11.9424,70371097.819674,0
F.US,D,20230214,000000,11.8512,12.0336,11.6915,11.833,82593611.742274,0
F.US,D,20230215,000000,11.6323,11.8056,11.4954,11.7964,72396870.539705,0
F.US,D,20230216,000000,11.6139,11.988,11.4133,11.7781,70309253.099905,0
F.US,D,20230217,000000,11.6962,11.8056,11.5411,11.7599,59628428.965512,0
F.US,D,20230221,000000,11.6049,11.687,11.1031,11.1304,85192814.123073,0
F.US,D,20230222,000000,11.167,11.2308,11.0756,11.1394,57922616.051726,0
F.US,D,20230223,000000,11.24,11.2764,10.8386,11.0117,63521554.239371,0
F.US,D,20230224,000000,10.7838,10.9261,10.7199,10.8386,55496800.954234,0
F.US,D,20230227,000000,10.9252,11.3311,10.9115,11.0026,66179847.960359,0
F.US,D,20230228,000000,11.0117,11.1124,10.9571,11.0117,65542747.492887,0
F.US,D,20230301,000000,11.2673,11.4407,11.1031,11.24,93528083.297868,0
F.US,D,20230302,000000,11.2947,11.4496,11.1577,11.4496,85924750.541201,0
F.US,D,20230303,000000,11.6049,11.956,11.5411,11.9334,87775163.014849,0
F.US,D,20230306,000000,11.9334,12.0246,11.7964,11.8421,55430606.946976,0
F.US,D,20230307,000000,11.8056,11.8421,11.6597,11.7052,51012544.156461,0
F.US,D,20230308,000000,11.6597,11.8693,11.5957,11.8421,50881631.479888,0
F.US,D,20230309,000000,11.8786,11.9334,11.3494,11.3586,71710104.01509,0
F.US,D,20230310,000000,11.3403,11.4133,10.948,11.0392,80998242.013158,0
F.US,D,20230313,000000,10.884,11.2262,10.3276,10.9754,130618475.99237,0
F.US,D,20230314,000000,11.1394,11.2308,10.7381,10.884,102861709.05572,0
F.US,D,20230315,000000,10.4872,10.7015,10.3276,10.6834,119374423.51239,0
F.US,D,20230316,000000,10.5192,10.8475,10.4187,10.7838,81184080.88565,0
F.US,D,20230317,000000,10.6744,10.6972,10.1451,10.3093,273896737.00193,0
F.US,D,20230320,000000,10.3367,10.4736,10.1725,10.2,82179451.717921,0
F.US,D,20230321,000000,10.4007,10.7473,10.3824,10.6925,81981987.708554,0
F.US,D,20230322,000000,10.729,10.8932,10.4644,10.4736,76429455.804615,0
F.US,D,20230323,000000,10.6287,10.7473,10.2819,10.4187,81357692.86753,0
F.US,D,20230324,000000,10.3276,10.5009,10.2,10.5009,79559247.145188,0
F.US,D,20230327,000000,10.6103,10.6744,10.4099,10.5101,61316556.457512,0
F.US,D,20230328,000000,10.5374,10.6287,10.4552,10.583,45362704.61757,0
F.US,D,20230329,000000,10.7473,11.0026,10.6834,10.9936,53330735.214299,0
F.US,D,20230330,000000,11.2034,11.3037,11.1304,11.2126,63300649.236492,0
F.US,D,20230331,000000,11.3219,11.5227,11.3037,11.4954,73293604.179129,0
F.US,D,20230403,000000,11.4269,11.6139,11.3859,11.5684,61333160.037879,0
F.US,D,20230404,000000,11.6505,11.7234,11.4133,11.6049,59907555.012646,0
F.US,D,20230405,000000,11.4772,11.5411,11.1487,11.3403,58457684.733771,0
F.US,D,20230406,000000,11.3268,11.3859,11.2126,11.2491,39849227.517701,0
F.US,D,20230410,000000,11.1304,11.6049,11.094,11.6049,67219038.302527,0
F.US,D,20230411,000000,11.6688,11.9241,11.6641,11.7416,69748244.337785,0
F.US,D,20230412,000000,11.9151,11.9334,11.5411,11.5592,59019525.428654,0
F.US,D,20230413,000000,11.5319,11.5319,11.1487,11.3676,82739137.49869,0
F.US,D,20230414,000000,11.3586,11.5501,11.3311,11.4225,47725927.461505,0
F.US,D,20230417,000000,11.4043,11.5684,11.3631,11.5684,44053102.148516,0
F.US,D,20230418,000000,11.5866,11.6414,11.5137,11.6139,42600513.564959,0
F.US,D,20230419,000000,11.4954,11.4954,11.1031,11.1487,76125518.650722,0
F.US,D,20230420,000000,10.7746,10.884,10.5374,10.8294,87208313.185936,0
F.US,D,20230421,000000,10.8568,10.8723,10.6379,10.7746,51435649.376179,0
F.US,D,20230424,000000,10.8475,11.1124,10.8386,11.094,63348221.760594,0
F.US,D,20230425,000000,11.0571,11.0662,10.8077,10.8723,68326074.292373,0
F.US,D,20230426,000000,10.8999,10.9554,10.6321,10.6598,62903054.835374,0
F.US,D,20230427,000000,10.7245,10.8169,10.5675,10.7245,57679664.486666,0
F.US,D,20230428,000000,10.706,11.0293,10.6876,10.9739,59590075.311879,0
F.US,D,20230501,000000,11.0893,11.3527,11.0754,11.14,64774693.425247,0
F.US,D,20230502,000000,11.1309,11.168,10.7707,10.8999,98611669.766729,0
F.US,D,20230503,000000,10.8446,11.168,10.8352,10.8907,101816417.21504,0
F.US,D,20230504,000000,10.8999,10.9277,10.5951,10.6782,86381416.041868,0
F.US,D,20230505,000000,10.8907,11.1217,10.8261,11.0754,69472034.989089,0
F.US,D,20230508,000000,11.1032,11.1356,10.9462,11.1032,54067660.79651,0
F.US,D,20230509,000000,10.9832,11.02,10.8817,10.9554,46418782.682067,0
F.US,D,20230510,000000,11.1032,11.1217,10.8352,10.9832,53254936.718039,0
F.US,D,20230511,000000,10.9277,10.9739,10.8585,10.9646,46583835.595341,0
F.US,D,20230512,000000,11.02,11.0293,10.7616,10.7798,48883919.564634,0
F.US,D,20230515,000000,10.8077,10.8261,10.706,10.7522,57589426.885751,0
F.US,D,20230516,000000,10.669,10.6968,10.3827,10.3919,65511641.951996,0
F.US,D,20230517,000000,10.4843,10.7522,10.4566,10.6229,54212378.719734,0
F.US,D,20230518,000000,10.5859,10.7707,10.5767,10.7522,41334051.113733,0
F.US,D,20230519,000000,10.7707,10.8723,10.6598,10.7616,47063844.854183,0
F.US,D,20230522,000000,10.8169,10.8352,10.5028,10.743,62158077.971411,0
F.US,D,20230523,000000,10.6505,11.0017,10.6505,10.8352,61537398.517614,0
F.US,D,20230524,000000,10.7522,10.7616,10.3919,10.4659,77285757.080845,0
F.US,D,20230525,000000,10.4659,10.6414,10.4659,10.5121,55567064.27572,0
F.US,D,20230526,000000,10.706,11.3527,10.6598,11.168,133434848.74026,0
F.US,D,20230530,000000,11.6851,11.8052,11.5586,11.6297,93346623.216886,0
F.US,D,20230531,000000,11.5282,11.5373,11.0479,11.0847,93399003.353894,0
F.US,D,20230601,000000,11.1449,11.2509,10.937,11.1863,69725960.382833,0
F.US,D,20230602,000000,11.3249,11.5559,11.2141,11.445,70649789.676582,0
F.US,D,20230605,000000,11.6944,11.713,11.5466,11.6297,54009628.562874,0
F.US,D,20230606,000000,11.5929,11.9438,11.5559,11.9438,61986264.410093,0
F.US,D,20230607,000000,12.0269,12.5627,11.99,12.5534,107544622.82568,0
F.US,D,20230608,000000,12.498,12.692,12.4335,12.5443,69560201.634086,0
F.US,D,20230609,000000,12.7752,12.9599,12.6551,12.692,76136610.381377,0
F.US,D,20230612,000000,12.7474,12.8256,12.6089,12.729,48313219.108154,0
F.US,D,20230613,000000,12.8398,13.0893,12.8305,13.0522,66882396.090676,0
F.US,D,20230614,000000,13.1632,13.3478,12.9046,13.1169,75507656.847034,0
F.US,D,20230615,000000,13.043,13.394,13.043,13.3478,66538438.784267,0
F.US,D,20230616,000000,13.4125,13.4956,13.2278,13.3202,81623661.673526,0
F.US,D,20230620,000000,13.2093,13.3202,12.9137,13.1354,61323002.07546,0
F.US,D,20230621,000000,13.1539,13.1908,12.8767,12.9506,54111464.816015,0
F.US,D,20230622,000000,12.849,13.2093,12.8305,13.1077,50731906.170764,0
F.US,D,20230623,000000,12.8675,13.0707,12.8583,12.9506,52245081.019674,0
F.US,D,20230626,000000,12.9414,13.1448,12.923,13.0338,48668301.98381,0
F.US,D,20230627,000000,13.1077,13.3525,12.9876,13.3108,53926152.692572,0
F.US,D,20230628,000000,13.2923,13.662,13.2739,13.662,63201263.827019,0
F.US,D,20230629,000000,13.7359,13.976,13.662,13.8097,63317963.762729,0
F.US,D,20230630,000000,13.902,14.0684,13.8189,13.976,58498731.34126,0
F.US,D,20230703,000000,13.9946,14.2254,13.9946,14.0775,31841351.038961,0
F.US,D,20230705,000000,14.0499,14.2439,13.9668,14.1791,56297838.907227,0
F.US,D,20230706,000000,14.0129,14.0869,13.7451,13.8374,70274409.700818,0
F.US,D,20230707,000000,13.8467,14.0775,13.8005,13.8374,57782690.483954,0
F.US,D,20230710,000000,13.8189,13.939,13.6989,13.9206,56165856.334457,0
F.US,D,20230711,000000,13.9206,14.0869,13.8282,14.0684,49635516.342574,0
F.US,D,20230712,000000,14.1977,14.2439,14.0406,14.0591,51570124.766679,0
F.US,D,20230713,000000,14.1054,14.1146,13.9299,14.0315,53765025.177186,0
F.US,D,20230714,000000,14.0684,14.1054,13.7729,13.8374,52772969.090533,0
F.US,D,20230717,000000,13.468,13.5141,13.0154,13.0154,107609704.75348,0
F.US,D,20230718,000000,12.886,13.0893,12.8583,13.0893,77701538.559413,0
F.US,D,20230719,000000,13.0614,13.1722,12.9876,13.0247,63093045.825245,0
F.US,D,20230720,000000,12.9599,13.0062,12.8398,12.9599,49746900.860846,0
F.US,D,20230721,000000,13.0522,13.08,12.7013,12.8675,60407891.79842,0
F.US,D,20230724,000000,12.9702,13.0915,12.9329,13.0356,49997655.245659,0
F.US,D,20230725,000000,12.9423,12.9423,12.6621,12.6808,62940429.507308,0
F.US,D,20230726,000000,12.6528,12.8395,12.6248,12.7649,44999408.917558,0
F.US,D,20230727,000000,12.9142,13.0543,12.7929,12.8208,72086835.037671,0
F.US,D,20230728,000000,12.6808,12.7461,12.1533,12.382,124971789.24129,0
F.US,D,20230731,000000,12.1485,12.3446,12.0552,12.3353,69082049.482617,0
F.US,D,20230801,000000,12.2793,12.5502,12.2418,12.5314,63421378.450662,0
F.US,D,20230802,000000,12.3259,12.3539,12.1205,12.1767,62110093.220616,0
F.US,D,20230803,000000,12.1298,12.27,12.0085,12.2327,55765738.800868,0
F.US,D,20230804,000000,12.2327,12.2327,11.9525,12.0365,51845974.177338,0
F.US,D,20230807,000000,12.0739,12.1018,11.9338,12.083,47044330.24873,0
F.US,D,20230808,000000,11.9243,12.0457,11.8591,12.0271,48302239.058198,0
F.US,D,20230809,000000,11.9243,11.9804,11.8217,11.8871,45977105.976307,0
F.US,D,20230810,000000,11.9338,11.9338,11.28,11.3547,111443289.02868,0
F.US,D,20230811,000000,11.3174,11.3921,11.2055,11.3361,68936497.481764,0
F.US,D,20230814,000000,11.2334,11.4201,11.2242,11.3921,51510427.307087,0
F.US,D,20230815,000000,11.2614,11.3408,11.1773,11.1867,45638443.821608,0
F.US,D,20230816,000000,11.1121,11.2334,11.0185,11.028,48018495.438071,0
F.US,D,20230817,000000,11.0934,11.1773,10.9999,11.0467,38665177.833626,0
F.US,D,20230818,000000,10.9534,11.2242,10.944,11.1682,47676927.897772,0
F.US,D,20230821,000000,11.2426,11.2614,11.084,11.1773,35829160.591406,0
F.US,D,20230822,000000,11.2147,11.2334,11.056,11.084,34317667.199496,0
F.US,D,20230823,000000,11.0372,11.1773,11.0185,11.1682,32596115.392594,0
F.US,D,20230824,000000,11.1027,11.1399,10.9719,10.9719,35702259.602566,0
F.US,D,20230825,000000,11.0467,11.196,10.8132,11.1213,50986158.882395,0
F.US,D,20230828,000000,11.1587,11.2614,11.0655,11.1121,31799105.902748,0
F.US,D,20230829,000000,11.1587,11.2614,11.1027,11.2521,34278864.827063,0
F.US,D,20230830,000000,11.2709,11.3455,11.2147,11.2334,32789102.391503,0
F.US,D,20230831,000000,11.3269,11.4575,11.2895,11.3269,41793157.949373,0
F.US,D,20230901,000000,11.3547,11.4575,11.2426,11.3361,37178714.879463,0
F.US,D,20230905,000000,11.3174,11.3735,11.2381,11.2895,37698303.416552,0
F.US,D,20230906,000000,11.2055,11.3082,11.0419,11.2709,44851374.541542,0
F.US,D,20230907,000000,11.1587,11.2521,11.1121,11.1682,41293925.31699,0
F.US,D,20230908,000000,11.1773,11.5416,11.1773,11.4856,53051808.795822,0
F.US,D,20230911,000000,11.5416,11.5789,11.3642,11.4108,37132439.679639,0
F.US,D,20230912,000000,11.4201,11.7564,11.4108,11.6256,53018413.460576,0
F.US,D,20230913,000000,11.8497,12.0552,11.7937,11.803,67017386.950511,0
F.US,D,20230914,000000,11.775,11.8591,11.5883,11.7843,46543620.828017,0
F.US,D,20230915,000000,11.5789,11.943,11.5789,11.775,68519516.283564,0
F.US,D,20230918,000000,11.6723,11.691,11.4388,11.5228,50808492.35764,0
F.US,D,20230919,000000,11.5228,11.8123,11.4948,11.7283,43800291.062244,0
F.US,D,20230920,000000,11.8123,11.8311,11.5322,11.5416,40105233.865727,0
F.US,D,20230921,000000,11.3921,11.5322,11.3547,11.3921,42987002.631561,0
F.US,D,20230922,000000,11.6723,11.9197,11.5883,11.6069,69829380.41273,0
F.US,D,20230925,000000,11.5322,11.8591,11.5228,11.747,44142412.264302,0
F.US,D,20230926,000000,11.6629,11.817,11.5509,11.6069,44186964.365921,0
F.US,D,20230927,000000,11.691,11.691,11.4388,11.5696,44567683.396126,0
F.US,D,20230928,000000,11.5042,11.8217,11.3642,11.7283,52592311.300655,0
F.US,D,20230929,000000,11.775,11.8217,11.5322,11.5975,66787302.471861,0
F.US,D,20231002,000000,11.5602,11.6163,11.4201,11.4948,54835007.680502,0
F.US,D,20231003,000000,11.3547,11.4201,11.2242,11.2709,58980153.335003,0
F.US,D,20231004,000000,11.2242,11.28,11.0934,11.196,48424364.848222,0
F.US,D,20231005,000000,11.1494,11.2054,10.9159,11.1121,50787972.603323,0
F.US,D,20231006,000000,11.0372,11.3455,10.9112,11.2055,61640123.272161,0
F.US,D,20231009,000000,11.0185,11.3455,10.9999,11.2709,35691333.082379,0
F.US,D,20231010,000000,11.2987,11.4856,11.2895,11.3921,43269815.628731,0
F.US,D,20231011,000000,11.4762,11.5696,11.3455,11.4388,33542597.493937,0
F.US,D,20231012,000000,11.0934,11.2709,11.056,11.2055,55306229.525664,0
F.US,D,20231013,000000,11.1773,11.2055,11.0185,11.028,50642559.821094,0
F.US,D,20231016,000000,11.1213,11.1682,11.0372,11.1399,31252452.194172,0
F.US,D,20231017,000000,11.0655,11.3642,11.0655,11.2426,43389597.191303,0
F.US,D,20231018,000000,11.1399,11.1399,10.9719,10.9719,48019865.135152,0
F.US,D,20231019,000000,10.8226,10.9812,10.7479,10.7665,52536299.364426,0
F.US,D,20231020,000000,10.8132,10.9812,10.7759,10.8692,57087692.46119,0
F.US,D,20231023,000000,10.7853,10.9159,10.6638,10.7198,52553714.543421,0
F.US,D,20231024,000000,10.7385,10.8041,10.6264,10.6358,51163469.864202,0
F.US,D,20231025,000000,10.5984,10.8692,10.4677,10.7759,79476466.449168,0
F.US,D,20231026,000000,11.1213,11.1399,10.5798,10.5984,90734008.901185,0
F.US,D,20231027,000000,10.2063,10.2436,9.24445,9.30047,200292291.67793,0
F.US,D,20231030,000000,9.41254,9.46856,9.03902,9.12307,114025071.64457,0
F.US,D,20231031,000000,9.2179,9.39808,9.13255,9.24635,86718424.738858,0
F.US,D,20231101,000000,9.32696,9.41704,9.25583,9.39808,79580629.639177,0
F.US,D,20231102,000000,9.5024,9.6257,9.45499,9.6162,70558821.328181,0
F.US,D,20231103,000000,9.72998,10.0903,9.72056,10.0145,64230360.919301,0
F.US,D,20231106,000000,10.0145,10.0524,9.71103,9.77748,51073782.349787,0
F.US,D,20231107,000000,9.72056,9.75844,9.53085,9.64461,53177833.005081,0
F.US,D,20231108,000000,9.66361,9.68261,9.51188,9.53085,40808652.973538,0
F.US,D,20231109,000000,9.52137,9.54982,9.18945,9.19893,62590080.161829,0
F.US,D,20231110,000000,9.30325,9.36014,9.17048,9.35066,47579856.081105,0
F.US,D,20231113,000000,9.32221,9.35541,9.23687,9.31273,36335242.630766,0
F.US,D,20231114,000000,9.47395,9.91972,9.46447,9.86278,71370777.433005,0
F.US,D,20231115,000000,9.87227,10.024,9.85326,9.92919,47655402.576001,0
F.US,D,20231116,000000,9.86278,9.89111,9.57827,9.63521,47881487.409128,0
F.US,D,20231117,000000,9.72998,9.78682,9.66361,9.7394,38605671.882323,0
F.US,D,20231120,000000,9.75844,9.89111,9.73008,9.80586,49556941.089438,0
F.US,D,20231121,000000,9.74892,9.78691,9.57827,9.66361,49859874.688708,0
F.US,D,20231122,000000,9.71103,9.84374,9.64461,9.72998,43393223.79285,0
F.US,D,20231124,000000,9.74892,9.98592,9.74892,9.86278,23227944.746849,0
F.US,D,20231127,000000,9.83432,9.88184,9.76796,9.80586,34004151.79194,0
F.US,D,20231128,000000,9.79634,9.86278,9.71103,9.83432,40608344.675329,0
F.US,D,20231129,000000,10.3133,10.3939,10.0145,10.0428,81454442.955944,0
F.US,D,20231130,000000,10.1284,10.1472,9.65411,9.72998,84912037.438549,0
F.US,D,20231201,000000,9.75844,10.0524,9.69202,10.0335,64976307.161744,0
F.US,D,20231204,000000,9.97665,10.2326,9.95761,10.1472,57148195.472972,0
F.US,D,20231205,000000,10.0903,10.1284,9.99549,10.0524,43814423.65626,0
F.US,D,20231206,000000,10.1946,10.318,10.1212,10.1378,49795801.888901,0
F.US,D,20231207,000000,10.1567,10.318,10.1284,10.2611,42730501.64607,0
F.US,D,20231208,000000,10.2515,10.4982,10.2326,10.4413,51628135.493903,0
F.US,D,20231211,000000,10.4507,10.574,10.4129,10.4982,41863390.399684,0
F.US,D,20231212,000000,10.5172,10.6214,10.4792,10.5835,42396298.774291,0
F.US,D,20231213,000000,10.4603,10.7068,10.242,10.6594,71774377.126878,0
F.US,D,20231214,000000,10.8775,11.4987,10.8775,11.4559,116811762.12917,0
F.US,D,20231215,000000,11.4466,11.5508,11.3137,11.399,89944464.8491,0
F.US,D,20231218,000000,11.3706,11.4559,11.2948,11.3137,45789752.970969,0
F.US,D,20231219,000000,11.3517,11.4466,11.2758,11.399,37668801.075941,0
F.US,D,20231220,000000,11.3517,11.5129,11.181,11.1905,57975928.567589,0
F.US,D,20231221,000000,11.3137,11.7167,11.2853,11.7025,70042828.771662,0
F.US,D,20231222,000000,11.6836,11.8164,11.6456,11.7121,46148498.647011,0
F.US,D,20231226,000000,11.75,11.8542,11.731,11.8069,27725900.002826,0
F.US,D,20231227,000000,11.7879,11.8069,11.5982,11.75,42064178.482036,0
F.US,D,20231228,000000,11.7404,11.7879,11.6456,11.7025,28142248.246797,0
F.US,D,20231229,000000,11.7121,11.75,11.5318,11.5603,43196110.540696,0
F.US,D,20240102,000000,11.418,11.7404,11.3232,11.5318,50081915.626912,0
F.US,D,20240103,000000,11.399,11.4086,11.0387,11.1052,73939629.258412,0
F.US,D,20240104,000000,11.1526,11.2094,11.0292,11.0766,57911865.258018,0
F.US,D,20240105,000000,11.0434,11.418,11.0292,11.2379,46864665.583967,0
F.US,D,20240108,000000,11.2379,11.4275,11.181,11.3517,43775681.350289,0
F.US,D,20240109,000000,11.2,11.2853,11.1619,11.2283,52234966.478612,0
F.US,D,20240110,000000,11.2189,11.2474,11.1052,11.2189,39584024.50941,0
F.US,D,20240111,000000,11.1431,11.1619,10.9723,11.1052,51344238.253188,0
F.US,D,20240112,000000,11.0483,11.1619,10.8206,10.8679,58027608.173904,0
F.US,D,20240116,000000,10.7162,10.9059,10.6024,10.8679,47670205.234916,0
F.US,D,20240117,000000,10.5931,10.7258,10.5361,10.6879,55540358.668307,0
F.US,D,20240118,000000,10.6688,10.7258,10.3939,10.4223,75570926.980459,0
F.US,D,20240119,000000,10.3748,10.6404,10.2658,10.6214,64473864.553015,0
F.US,D,20240122,000000,10.6499,10.8111,10.5646,10.6214,47956917.912253,0
F.US,D,20240123,000000,10.7731,10.8679,10.6594,10.7827,47941691.356138,0
F.US,D,20240124,000000,10.8443,10.8586,10.4318,10.4603,62281906.897923,0
F.US,D,20240125,000000,10.5172,10.7731,10.4554,10.7542,52045220.812855,0
F.US,D,20240126,000000,10.8111,10.9059,10.7162,10.8017,37789102.468426,0
F.US,D,20240129,000000,10.7922,10.9627,10.7162,10.9535,61422465.87101,0
F.US,D,20240130,000000,11.1619,11.2569,11.0197,11.1714,74037909.085945,0
F.US,D,20240131,000000,11.1526,11.3673,11.1145,11.1145,78620121.818816,0
F.US,D,20240201,000000,11.2094,11.5129,11.0197,11.4749,85481518.018539,0
F.US,D,20240202,000000,11.4086,11.5603,11.3232,11.5129,77114422.095303,0
F.US,D,20240205,000000,11.3896,11.4559,10.9439,10.9914,85440331.449613,0
F.US,D,20240206,000000,11.0387,11.4749,11.0197,11.4466,104670898.19064,0
F.US,D,20240207,000000,12.0725,12.3096,11.5697,12.1388,144698679.7995,0
F.US,D,20240208,000000,12.2052,12.2336,11.8921,12.1673,72393569.670959,0
F.US,D,20240209,000000,12.1482,12.2526,11.9869,12.025,50245155.064063,0
F.US,D,20240212,000000,12.025,12.3948,11.9869,12.3096,56979904.06696,0
F.US,D,20240213,000000,12.1104,12.2336,11.8353,12.025,71606680.442309,0
F.US,D,20240214,000000,12.063,12.1292,11.8733,11.9112,55864541.960017,0
F.US,D,20240215,000000,11.8536,12.0455,11.8153,12.0168,60232783.367838,0
F.US,D,20240216,000000,11.9208,12.0072,11.7672,11.8056,45038868.923363,0
F.US,D,20240220,000000,11.6953,11.8344,11.6136,11.7576,46458408.187952,0
F.US,D,20240221,000000,11.7193,11.8248,11.5657,11.652,43665357.720524,0
F.US,D,20240222,000000,11.6424,11.748,11.5657,11.6328,38529117.586857,0
F.US,D,20240223,000000,11.6136,11.7672,11.604,11.652,33498510.281675,0
F.US,D,20240226,000000,11.6424,11.7769,11.4697,11.4697,41926502.81481,0
F.US,D,20240227,000000,11.5369,11.6809,11.4793,11.5177,38037702.545665,0
F.US,D,20240228,000000,11.4889,11.9016,11.4744,11.8056,53602406.586419,0
F.US,D,20240229,000000,11.8729,11.9688,11.8248,11.94,44903344.63099,0
F.US,D,20240301,000000,12.0263,12.132,11.8248,11.9495,50803440.338861,0
F.US,D,20240304,000000,12.0648,12.5063,12.0648,12.2279,85300308.844356,0
F.US,D,20240305,000000,12.1415,12.2257,11.9976,12.0743,49901984.010538,0
F.US,D,20240306,000000,12.0168,12.0648,11.8344,11.8824,50879523.439259,0
F.US,D,20240307,000000,11.9112,11.9688,11.7672,11.9112,40603022.566866,0
F.US,D,20240308,000000,11.9303,12.012,11.652,11.6904,57015468.944282,0
F.US,D,20240311,000000,11.6424,11.748,11.5896,11.6233,36606742.220527,0
F.US,D,20240312,000000,11.652,11.6712,11.5464,11.6233,32553712.89353,0
F.US,D,20240313,000000,11.6328,11.9784,11.6233,11.8729,52714076.872022,0
F.US,D,20240314,000000,11.844,11.8729,11.5273,11.5944,54823448.402125,0
F.US,D,20240315,000000,11.5657,11.7769,11.5369,11.5752,91949889.510835,0
F.US,D,20240318,000000,11.652,11.7,11.4985,11.6904,38131900.769194,0
F.US,D,20240319,000000,11.6233,11.8536,11.6233,11.8056,34036737.918334,0
F.US,D,20240320,000000,11.7672,12.4007,11.7624,12.3815,70557514.8309,0
F.US,D,20240321,000000,12.4007,12.5351,12.2759,12.4007,58160225.535366,0
F.US,D,20240322,000000,12.3528,12.4391,12.3335,12.3911,34525179.4413,0
F.US,D,20240325,000000,12.4007,12.5351,12.2279,12.3815,40699394.146744,0
F.US,D,20240326,000000,12.4391,12.4391,11.9303,11.94,69951889.184221,0
F.US,D,20240327,000000,12.0263,12.5447,12.0168,12.5351,55798573.800807,0
F.US,D,20240328,000000,12.5447,12.7655,12.5254,12.7462,64436333.771145,0
F.US,D,20240401,000000,12.7942,12.8421,12.6118,12.7558,37401664.496376,0
F.US,D,20240402,000000,12.6311,12.8326,12.5638,12.7462,44439618.524768,0
F.US,D,20240403,000000,12.7174,13.1301,12.6982,13.1014,59906776.789764,0
F.US,D,20240404,000000,13.3413,13.3893,12.6407,12.679,70652188.150544,0
F.US,D,20240405,000000,12.7366,12.8566,12.5638,12.7462,48902978.780824,0
F.US,D,20240408,000000,12.8087,12.9957,12.8087,12.871,31152705.50305,0
F.US,D,20240409,000000,12.9286,13.0438,12.8038,12.9957,37031136.411335,0
F.US,D,20240410,000000,12.7271,12.7558,12.4295,12.5351,53547269.390169,0
F.US,D,20240411,000000,12.583,12.6118,12.3911,12.5158,39990503.859013,0
F.US,D,20240412,000000,12.4007,12.4007,11.9976,12.1032,54548881.39725,0
F.US,D,20240415,000000,12.2279,12.2999,11.6904,11.7384,61975450.503122,0
F.US,D,20240416,000000,11.652,11.7576,11.4613,11.604,58753717.477324,0
F.US,D,20240417,000000,11.6472,11.7567,11.5369,11.5561,45474389.323403,0
F.US,D,20240418,000000,11.5944,11.6809,11.4985,11.5752,41573095.901818,0
F.US,D,20240419,000000,11.5369,11.7384,11.5369,11.652,41239522.167863,0
F.US,D,20240422,000000,11.8153,12.3815,11.7576,12.3622,90083523.392176,0
F.US,D,20240423,000000,12.5254,12.5254,12.3047,12.4199,65437263.348499,0
F.US,D,20240424,000000,12.4199,12.5253,12.2662,12.4295,77630724.950143,0
F.US,D,20240425,000000,12.3335,12.6502,12.1223,12.5158,90585119.659758,0
F.US,D,20240426,000000,12.2471,12.4967,12.1032,12.2759,59655606.184786,0
F.US,D,20240429,000000,12.2951,12.3239,12.0455,12.2375,52495496.193514,0
F.US,D,20240430,000000,12.0936,12.0936,11.6424,11.6617,79068595.006494,0
F.US,D,20240501,000000,11.6712,11.9303,11.6617,11.7096,50827956.757011,0
F.US,D,20240502,000000,11.9016,12.0455,11.8632,11.9879,48831374.71156,0
F.US,D,20240503,000000,12.132,12.2471,11.8919,11.9303,49450959.432243,0
F.US,D,20240506,000000,12.036,12.1128,11.9567,11.9976,31027431.200978,0
F.US,D,20240507,000000,12.0461,12.0947,11.7401,11.8227,49515940.231819,0
F.US,D,20240508,000000,11.7353,11.9004,11.6769,11.8033,39298600.549043,0
F.US,D,20240509,000000,11.7936,11.8713,11.7158,11.7839,29958765.924095,0
F.US,D,20240510,000000,11.7984,11.8227,11.5723,11.6478,52959086.092379,0
F.US,D,20240513,000000,11.7061,12.0947,11.7061,11.9782,62753041.813727,0
F.US,D,20240514,000000,12.085,12.2793,12.0073,12.085,41154827.041374,0
F.US,D,20240515,000000,12.1335,12.2016,11.8324,11.9587,52230344.238566,0
F.US,D,20240516,000000,11.9198,12.1239,11.9102,12.0267,42721358.610031,0
F.US,D,20240517,000000,12.017,12.0267,11.9004,11.9296,24716614.463998,0
F.US,D,20240520,000000,11.9198,11.9782,11.7936,11.8033,27812762.158098,0
F.US,D,20240521,000000,11.813,11.8547,11.6867,11.8033,33815971.6681,0
F.US,D,20240522,000000,11.7158,11.7353,11.6284,11.6867,36442960.127662,0
F.US,D,20240523,000000,11.7547,11.8713,11.6673,11.7645,44870514.322018,0
F.US,D,20240524,000000,11.813,11.9198,11.6964,11.813,42040132.70231,0
F.US,D,20240528,000000,11.7645,11.7839,11.3273,11.3467,59147947.485862,0
F.US,D,20240529,000000,11.2398,11.3175,11.1718,11.2301,47103652.615848,0
F.US,D,20240530,000000,11.2496,11.4438,11.1524,11.4341,43490587.838013,0
F.US,D,20240531,000000,11.4341,11.8033,11.3273,11.7839,58886164.063018,0
F.US,D,20240603,000000,11.9004,11.9684,11.6769,11.8421,55363972.502709,0
F.US,D,20240604,000000,11.7353,11.7839,11.6187,11.6867,42753125.119918,0
F.US,D,20240605,000000,11.7061,11.7741,11.4827,11.7256,46846649.610111,0
F.US,D,20240606,000000,11.6382,11.7547,11.6187,11.7256,29120884.594884,0
F.US,D,20240607,000000,11.6576,11.813,11.609,11.8033,32872054.42886,0
F.US,D,20240610,000000,11.7839,12.1627,11.7547,12.0267,70354851.009123,0
F.US,D,20240611,000000,11.9684,12.0024,11.7061,11.7645,49617692.912825,0
F.US,D,20240612,000000,11.9296,12.017,11.6867,11.7353,58794015.449972,0
F.US,D,20240613,000000,11.7353,11.7401,11.5119,11.5993,42639073.467423,0
F.US,D,20240614,000000,11.4632,11.4925,11.2204,11.3758,50832681.62477,0
F.US,D,20240617,000000,11.3273,11.5507,11.3273,11.5119,32909255.008925,0
F.US,D,20240618,000000,11.473,11.5944,11.4341,11.4438,29875914.625285,0
F.US,D,20240620,000000,11.3758,11.6284,11.3175,11.5993,55038589.150721,0
F.US,D,20240621,000000,11.5604,11.5701,11.4244,11.5021,51676600.23786,0
F.US,D,20240624,000000,11.5895,11.9004,11.5799,11.881,60153491.342533,0
F.US,D,20240625,000000,11.8227,11.8615,11.6867,11.745,40479071.231953,0
F.US,D,20240626,000000,11.6673,11.7839,11.6086,11.7645,42643512.132058,0
F.US,D,20240627,000000,11.7353,12.0267,11.7013,11.881,49492590.920614,0
F.US,D,20240628,000000,11.9102,12.2598,11.9102,12.1822,67850932.555689,0
F.US,D,20240701,000000,12.2016,12.5027,12.1724,12.3959,57802131.398427,0
F.US,D,20240702,000000,12.4639,12.5805,12.357,12.5027,48370718.434136,0
F.US,D,20240703,000000,12.5222,12.5901,12.4347,12.5027,27684335.284911,0
F.US,D,20240705,000000,12.5027,12.5901,12.3861,12.4736,32517217.572419,0
F.US,D,20240708,000000,12.5999,12.8233,12.5464,12.6096,45648816.460505,0
F.US,D,20240709,000000,12.5901,12.697,12.5125,12.5318,41931463.651247,0
F.US,D,20240710,000000,12.5805,12.833,12.5416,12.7942,37371996.723126,0
F.US,D,20240711,000000,12.8719,13.1536,12.8719,13.0856,52954585.665249,0
F.US,D,20240712,000000,13.1439,13.8045,13.1439,13.6296,88124473.571994,0
F.US,D,20240715,000000,13.8045,14.0182,13.717,13.8239,67571554.027417,0
F.US,D,20240716,000000,13.8627,14.0571,13.7851,13.9794,53568810.589106,0
F.US,D,20240717,000000,13.8822,14.2125,13.8725,14.0668,59793400.556525,0
F.US,D,20240718,000000,14.096,14.4262,14.0377,14.1348,59783011.075504,0
F.US,D,20240719,000000,14.0765,14.0862,13.5616,13.5811,78138360.3177,0
F.US,D,20240722,000000,13.62,13.7753,13.3965,13.717,60853350.994972,0
F.US,D,20240723,000000,13.6588,13.6685,13.1828,13.4354,88420904.725113,0
F.US,D,20240724,000000,13.3382,13.4791,13.2022,13.2799,84170633.199062,0
F.US,D,20240725,000000,11.4632,11.6382,10.8318,10.8415,267106274.20934,0
F.US,D,20240726,000000,10.8852,11.0359,10.7346,10.8707,81938118.70643,0
F.US,D,20240729,000000,10.8609,10.8609,10.4918,10.6958,94360263.138491,0
F.US,D,20240730,000000,10.7152,10.793,10.4724,10.5306,71373802.474067,0
F.US,D,20240731,000000,10.5501,10.6958,10.4141,10.5112,77695135.154779,0
F.US,D,20240801,000000,10.5501,10.6084,10.3023,10.3849,62294123.830222,0
F.US,D,20240802,000000,10.2489,10.2489,9.71464,9.74378,113954896.39938,0
F.US,D,20240805,000000,9.28719,9.61749,9.21919,9.43291,118989757.48591,0
F.US,D,20240806,000000,9.51063,9.57863,9.39891,9.50091,115102280.91376,0
F.US,D,20240807,000000,9.71796,9.84622,9.6193,9.63903,70426484.753924,0
F.US,D,20240808,000000,9.66863,10.1126,9.66863,9.99421,73999575.411456,0
F.US,D,20240809,000000,9.94488,10.0337,9.83635,9.96461,49524715.175568,0
F.US,D,20240812,000000,9.96461,9.96856,9.7081,9.72783,56881199.566715,0
F.US,D,20240813,000000,9.78702,10.0139,9.63903,10.0041,45374322.890331,0
F.US,D,20240814,000000,10.0238,10.1027,9.91528,10.0435,37529501.425826,0
F.US,D,20240815,000000,10.231,10.3592,10.231,10.3198,42163096.966487,0
F.US,D,20240816,000000,10.2606,10.374,10.231,10.3691,34606524.428606,0
F.US,D,20240819,000000,10.4184,10.6059,10.3987,10.5763,41624271.099651,0
F.US,D,20240820,000000,10.5566,10.6454,10.4678,10.5368,32909141.303642,0
F.US,D,20240821,000000,10.6898,10.8229,10.6059,10.7046,49608886.477197,0
F.US,D,20240822,000000,10.7046,10.8624,10.6947,10.7736,51576775.689111,0
F.US,D,20240823,000000,10.8328,11.1288,10.7934,11.1189,65490554.468704,0
F.US,D,20240826,000000,11.1683,11.2176,10.9216,10.9611,53791395.278738,0
F.US,D,20240827,000000,10.9709,11.0696,10.8427,10.9907,45450248.662069,0
F.US,D,20240828,000000,10.9512,11.0351,10.8328,10.892,35923711.086186,0
F.US,D,20240829,000000,10.8723,11.0499,10.8427,10.9611,45600435.895761,0
F.US,D,20240830,000000,11.0005,11.0795,10.9068,11.04,45588156.289783,0
F.US,D,20240903,000000,10.9315,10.9907,10.7934,10.8328,50287642.077726,0
F.US,D,20240904,000000,10.8427,11.0055,10.7046,10.8032,48551478.10222,0
F.US,D,20240905,000000,10.9315,10.9857,10.5763,10.6256,51238788.023358,0
F.US,D,20240906,000000,10.6355,10.7243,10.3888,10.4382,48154384.126685,0
F.US,D,20240909,000000,10.4678,10.6158,10.3938,10.5171,39756265.814365,0
F.US,D,20240910,000000,10.3494,10.3494,10.0337,10.1817,63875458.387217,0
F.US,D,20240911,000000,10.1718,10.3198,9.99421,10.3099,56598925.735199,0
F.US,D,20240912,000000,10.2606,10.5069,10.1718,10.4776,44402554.504482,0
F.US,D,20240913,000000,10.5368,10.6454,10.4826,10.5467,35662871.578039,0
F.US,D,20240916,000000,10.596,10.7736,10.5664,10.6552,35275220.178591,0
F.US,D,20240917,000000,10.744,10.9857,10.675,10.7539,52776059.884738,0
F.US,D,20240918,000000,10.7835,11.1041,10.7687,10.8328,55764837.933587,0
F.US,D,20240919,000000,11.0696,11.1584,10.7194,10.7736,53148882.507012,0
F.US,D,20240920,000000,10.7144,10.7342,10.5467,10.7342,69744054.900678,0
F.US,D,20240923,000000,10.6947,10.7736,10.5664,10.7638,40970473.050752,0
F.US,D,20240924,000000,10.8229,10.8525,10.6651,10.7243,38259137.064397,0
F.US,D,20240925,000000,10.448,10.448,10.1817,10.2803,75116542.155998,0
F.US,D,20240926,000000,10.4184,10.6059,10.4184,10.5368,52106967.822252,0
F.US,D,20240927,000000,10.6947,10.8427,10.6158,10.6355,46087404.626729,0
F.US,D,20240930,000000,10.3395,10.4678,10.2902,10.4184,60520985.259572,0
F.US,D,20241001,000000,10.5763,10.67,10.4382,10.6059,64832027.023066,0
F.US,D,20241002,000000,10.5862,10.5862,10.2902,10.3395,52156598.107577,0
F.US,D,20241003,000000,10.2705,10.3297,10.1915,10.3099,45062365.151207,0
F.US,D,20241004,000000,10.448,10.4678,10.3001,10.4283,46592364.526175,0
F.US,D,20241007,000000,10.4086,10.4678,10.3099,10.3494,38525544.205695,0
F.US,D,20241008,000000,10.3592,10.4382,10.2409,10.3494,46985559.232688,0
F.US,D,20241009,000000,10.3494,10.5368,10.3001,10.4776,40956000.0426,0
F.US,D,20241010,000000,10.4382,10.5566,10.3987,10.5368,39994456.721968,0
F.US,D,20241011,000000,10.4974,10.6552,10.4875,10.5763,32349355.472132,0
F.US,D,20241014,000000,10.5664,10.8131,10.5122,10.7736,42509990.00724,0
F.US,D,20241015,000000,10.749,10.8723,10.675,10.6947,53818500.621128,0
F.US,D,20241016,000000,10.744,11.0301,10.744,10.8821,47634947.164739,0
F.US,D,20241017,000000,10.892,10.9808,10.7884,10.9216,38128288.056247,0
F.US,D,20241018,000000,11.0104,11.0203,10.892,10.9512,26429162.314651,0
F.US,D,20241021,000000,10.9315,11.0104,10.7144,10.7342,41565731.384978,0
F.US,D,20241022,000000,10.7736,11.0005,10.7736,10.9611,52298653.333117,0
F.US,D,20241023,000000,10.9611,11.0893,10.8723,10.9117,37842708.917667,0
F.US,D,20241024,000000,11.0893,11.0992,10.9216,11.0893,45344276.118593,0
F.US,D,20241025,000000,11.1288,11.1781,10.8673,10.9216,39652273.819802,0
F.US,D,20241028,000000,11.0153,11.2373,10.9721,11.2176,99298081.476131,0
F.US,D,20241029,000000,10.3888,10.4086,10.0435,10.2705,158350645.8091,0
F.US,D,20241030,000000,10.2557,10.3888,10.1915,10.3297,49517515.667416,0
F.US,D,20241031,000000,10.2902,10.3395,10.1027,10.1521,73078306.968541,0
F.US,D,20241101,000000,10.1915,10.2705,10.0633,10.083,44062933.950142,0
F.US,D,20241104,000000,10.0929,10.4283,10.0929,10.2211,56075531.729776,0
F.US,D,20241105,000000,10.1914,10.4974,10.1619,10.4579,49978926.803276,0
F.US,D,20241106,000000,10.8032,11.0795,10.6898,11.04,102151089.55216,0
F.US,D,20241107,000000,11.005,11.11,10.83,10.96,55407938,0
F.US,D,20241108,000000,10.93,10.97,10.86,10.97,45463442,0
F.US,D,20241111,000000,11.07,11.32,11.02,11.23,56630455,0
F.US,D,20241112,000000,11.14,11.3,10.95,11.1,44921390,0
F.US,D,20241113,000000,11.12,11.17,11.02,11.1,55150861,0
F.US,D,20241114,000000,11.13,11.23,11.02,11.07,56780890,0
F.US,D,20241115,000000,11.05,11.15,10.98,11.01,58895435,0
F.US,D,20241118,000000,11.05,11.27,11.03,11.21,47807637,0
F.US,D,20241119,000000,11.06,11.32,11.01,11.05,53227720,0
F.US,D,20241120,000000,11.01,11.049,10.61,10.73,68633296,0
F.US,D,20241121,000000,10.71,10.85,10.61,10.8,53409527,0
F.US,D,20241122,000000,10.81,11.38,10.8,11.18,82556658,0
F.US,D,20241125,000000,11.3,11.52,11.2799,11.4,63469313,0
F.US,D,20241126,000000,11.175,11.23,11.04,11.1,47458773,0
F.US,D,20241127,000000,11.13,11.255,11.06,11.1,28474186,0
F.US,D,20241129,000000,11.16,11.27,11.12,11.13,28935163,0
F.US,D,20241202,000000,11.21,11.245,10.96,10.98,50034381,0
F.US,D,20241203,000000,10.99,11.01,10.82,10.82,43904253,0
F.US,D,20241204,000000,10.85,10.87,10.59,10.74,66780705,0
F.US,D,20241205,000000,10.64,10.69,10.39,10.44,68162049,0
F.US,D,20241206,000000,10.505,10.6,10.42,10.51,56227007,0
F.US,D,20241209,000000,10.555,10.8,10.53,10.6,53230053,0
F.US,D,20241210,000000,10.72,10.74,10.55,10.56,45084301,0
F.US,D,20241211,000000,10.59,10.61,10.28,10.41,60487100,0
F.US,D,20241212,000000,10.4,10.505,10.35,10.39,38432619,0
F.US,D,20241213,000000,10.4,10.44,10.32,10.39,40560679,0
F.US,D,20241216,000000,10.07,10.12,9.88,9.99,96264420,0
F.US,D,20241217,000000,9.96,10.04,9.88,9.97,76208551,0
F.US,D,20241218,000000,9.94,10.09,9.66,9.69,84199505,0
F.US,D,20241219,000000,9.79,9.945,9.7,9.74,81659031,0
F.US,D,20241220,000000,9.7,9.96,9.68,9.88,87705543,0
F.US,D,20241223,000000,9.87,9.92,9.75,9.9,50646626,0
F.US,D,20241224,000000,9.895,10.06,9.89,10.02,29083142,0
F.US,D,20241226,000000,9.99,10.12,9.98,10.07,35956110,0
F.US,D,20241227,000000,10.025,10.2,9.98,10.03,52899918,0
F.US,D,20241230,000000,9.975,9.975,9.82,9.88,47116735,0
F.US,D,20241231,000000,9.91,10.01,9.84,9.9,54104154,0
F.US,D,20250102,000000,9.91,9.955,9.635,9.65,67156220,0
F.US,D,20250103,000000,9.69,9.95,9.53,9.88,77245879,0
F.US,D,20250106,000000,10.0601,10.19,9.9,9.92,63840827,0
F.US,D,20250107,000000,9.95,10.01,9.72,9.76,62404019,0
F.US,D,20250108,000000,9.74,9.75,9.58,9.74,61678835,0
F.US,D,20250110,000000,9.67,9.84,9.59,9.65,73373449,0
F.US,D,20250113,000000,9.6599,9.72,9.57,9.71,66023040,0
F.US,D,20250114,000000,9.775,9.82,9.68,9.78,45419942,0
F.US,D,20250115,000000,9.97,10.06,9.89,9.95,68674379,0
F.US,D,20250116,000000,9.91,10.06,9.89,10.01,45770032,0
F.US,D,20250117,000000,10.08,10.21,10.04,10.18,60802749,0
F.US,D,20250121,000000,10.3,10.45,10.24,10.43,65670776,0
F.US,D,20250122,000000,10.25,10.25,10.02,10.03,64949161,0
F.US,D,20250123,000000,10.05,10.17,9.97,10.16,56241104,0
F.US,D,20250124,000000,10.16,10.31,10.09,10.12,42909105,0
F.US,D,20250127,000000,10.11,10.42,10.1,10.38,73082579,0
F.US,D,20250128,000000,10.23,10.23,9.92,10.08,92177598,0
F.US,D,20250129,000000,10.1,10.29,10.03,10.21,69986892,0
F.US,D,20250130,000000,10.26,10.39,10.06,10.16,69663121,0
F.US,D,20250131,000000,10.17,10.35,9.99,10.08,103726234,0
F.US,D,20250203,000000,9.72,10.06,9.6,9.89,131430275,0
F.US,D,20250204,000000,9.94,10.16,9.905,10.16,68716480,0
F.US,D,20250205,000000,10.16,10.315,9.96,10.01,124187814,0
F.US,D,20250206,000000,9.49,9.64,9.26,9.26,222758349,0
F.US,D,20250207,000000,9.33,9.35,9.18,9.24,140852731,0
F.US,D,20250210,000000,9.25,9.3,9.12,9.24,72168013,0
F.US,D,20250211,000000,9.21,9.26,9.17,9.21,54844582,0
F.US,D,20250212,000000,9.17,9.29,9.1,9.23,67339559,0
F.US,D,20250213,000000,9.29,9.41,9.24,9.35,72059816,0
F.US,D,20250214,000000,9.43,9.51,9.39,9.48,53778335,0
F.US,D,20250218,000000,9.32,9.35,9.23,9.29,62175764,0
F.US,D,20250219,000000,9.27,9.39,9.21,9.34,50191726,0
F.US,D,20250220,000000,9.33,9.395,9.28,9.39,39787792,0
F.US,D,20250221,000000,9.38,9.41,9.23,9.28,58437662,0
F.US,D,20250224,000000,9.305,9.4,9.21,9.35,72562637,0
F.US,D,20250225,000000,9.365,9.49,9.31,9.42,88876827,0
F.US,D,20250226,000000,9.46,9.62,9.44,9.47,87948083,0
F.US,D,20250227,000000,9.44,9.53,9.29,9.29,70518755,0
F.US,D,20250228,000000,9.315,9.69,9.31,9.55,137992574,0
F.US,D,20250303,000000,9.71,9.82,9.32,9.39,154435905,0
F.US,D,20250304,000000,9.23,9.27,9.06,9.12,167499954,0
F.US,D,20250305,000000,9.26,9.67,9.2,9.65,157774904,0
F.US,D,20250306,000000,9.515,9.72,9.42,9.61,136680746,0
F.US,D,20250307,000000,9.54,9.96,9.51,9.9,150644884,0
F.US,D,20250310,000000,9.77,10.14,9.77,9.96,167183809,0
F.US,D,20250311,000000,9.92,9.96,9.49,9.69,210126974,0
F.US,D,20250312,000000,9.59,9.71,9.46,9.59,129994592,0
F.US,D,20250313,000000,9.57,9.95,9.5,9.53,137747632,0
F.US,D,20250314,000000,9.66,9.79,9.64,9.73,91313759,0
F.US,D,20250317,000000,9.74,9.98,9.74,9.92,98583068,0
F.US,D,20250318,000000,9.95,10.04,9.88,9.95,102730930,0
F.US,D,20250319,000000,9.96,10.28,9.945,10.17,124697379,0
F.US,D,20250320,000000,10.07,10.15,9.99,10.01,109103733,0
F.US,D,20250321,000000,9.915,10.12,9.83,10,240638631,0
F.US,D,20250324,000000,10.04,10.25,10.01,10.25,102847191,0
F.US,D,20250325,000000,10.3,10.35,10.17,10.29,83674856,0
F.US,D,20250326,000000,10.27,10.35,10.09,10.3,140975582,0
F.US,D,20250327,000000,10.26,10.4,9.82,9.9,229032469,0
F.US,D,20250328,000000,9.84,9.89,9.62,9.72,136868327,0
F.US,D,20250331,000000,9.575,10.11,9.545,10.03,139951868,0
F.US,D,20250401,000000,10.1,10.17,9.81,9.94,135388684,0
F.US,D,20250402,000000,9.835,10.27,9.82,10.15,136908485,0
F.US,D,20250403,000000,9.995,10.2,9.53,9.54,220270980,0
F.US,D,20250404,000000,9.315,9.73,9.2,9.58,177466228,0
F.US,D,20250407,000000,9.27,9.64,9,9.24,274938497,0
F.US,D,20250408,000000,9.52,9.52,8.55,8.69,199286778,0
F.US,D,20250409,000000,8.5,9.54,8.4406,9.5,199662988,0
F.US,D,20250410,000000,9.1,9.28,8.88,9.14,163535434,0
F.US,D,20250411,000000,9.11,9.35,9.04,9.33,146073701,0
F.US,D,20250414,000000,9.38,9.81,9.2,9.71,189955001,0
F.US,D,20250415,000000,9.59,9.63,9.38,9.45,125469023,0
F.US,D,20250416,000000,9.47,9.62,9.29,9.4,133804943,0
F.US,D,20250417,000000,9.41,9.69,9.405,9.63,129204565,0
F.US,D,20250421,000000,9.58,9.63,9.35,9.47,94138882,0
F.US,D,20250422,000000,9.55,9.72,9.53,9.65,121387081,0
F.US,D,20250423,000000,9.835,10.0054,9.71,9.78,158691527,0
F.US,D,20250424,000000,9.87,10.09,9.815,10.06,87031042,0
F.US,D,20250425,000000,10.045,10.1,9.97,10.04,88682432,0
F.US,D,20250428,000000,10.06,10.18,9.9701,10.02,77051524,0
F.US,D,20250429,000000,10.07,10.19,9.925,10.15,141980313,0
F.US,D,20250430,000000,10.11,10.13,9.86,10.01,136406235,0
F.US,D,20250501,000000,10.14,10.32,10.02,10.18,126532486,0
F.US,D,20250502,000000,10.3,10.39,10.215,10.28,82228655,0
F.US,D,20250505,000000,10.23,10.24,10.095,10.17,105766259,0
F.US,D,20250506,000000,10.09,10.62,10.055,10.44,131814035,0
F.US,D,20250507,000000,10.46,10.505,10.12,10.28,116936644,0
F.US,D,20250508,000000,10.34,10.464,10.26,10.28,107173416,0
F.US,D,20250509,000000,10.355,10.49,10.35,10.43,76350701,0
F.US,D,20250512,000000,10.55,10.73,10.48,10.55,102035764,0
F.US,D,20250513,000000,10.595,10.63,10.42,10.6,83671012,0
F.US,D,20250514,000000,10.57,10.7,10.48,10.65,84453089,0
F.US,D,20250515,000000,10.59,10.78,10.55,10.75,71096528,0
F.US,D,20250516,000000,10.77,10.81,10.64,10.8,64913005,0
F.US,D,20250519,000000,10.69,10.785,10.63,10.75,60195734,0
F.US,D,20250520,000000,10.79,10.84,10.66,10.72,61063828,0
F.US,D,20250521,000000,10.66,10.69,10.45,10.48,89090498,0
F.US,D,20250522,000000,10.48,10.5,10.34,10.44,94081143,0
F.US,D,20250523,000000,10.3,10.41,10.29,10.36,80519024,0
F.US,D,20250527,000000,10.45,10.4897,10.21,10.31,89066847,0
F.US,D,20250528,000000,10.31,10.335,10.15,10.17,102335584,0
F.US,D,20250529,000000,10.21,10.28,10.11,10.22,101688883,0
F.US,D,20250530,000000,10.18,10.46,10.12,10.38,152191621,0
F.US,D,20250602,000000,10.27,10.28,9.88,9.98,170340783,0
F.US,D,20250603,000000,9.97,10.225,9.89,10.19,121584328,0
F.US,D,20250604,000000,10.19,10.365,10.18,10.24,123191229,0
F.US,D,20250605,000000,10.2,10.25,10.03,10.1,133269444,0
F.US,D,20250606,000000,10.16,10.35,10.1501,10.26,105916694,0
F.US,D,20250609,000000,10.29,10.45,10.29,10.34,63638928,0
F.US,D,20250610,000000,10.38,10.65,10.36,10.6,87955501,0
F.US,D,20250611,000000,10.64,10.77,10.6101,10.66,93094876,0
F.US,D,20250612,000000,10.58,10.59,10.43,10.53,76393291,0
F.US,D,20250613,000000,10.47,10.51,10.38,10.43,90106172,0
F.US,D,20250616,000000,10.5,10.67,10.5,10.62,75195179,0
F.US,D,20250617,000000,10.59,10.63,10.38,10.42,100969375,0
F.US,D,20250618,000000,10.43,10.53,10.395,10.43,82770168,0
F.US,D,20250620,000000,10.49,10.6,10.46,10.59,116743402,0
F.US,D,20250623,000000,10.55,10.75,10.535,10.75,77576511,0
F.US,D,20250624,000000,10.79,10.87,10.72,10.73,77244413,0
F.US,D,20250625,000000,10.76,10.765,10.42,10.48,91927326,0
F.US,D,20250626,000000,10.4999,10.65,10.47,10.63,88416356,0
F.US,D,20250627,000000,10.7,10.92,10.68,10.8,182008244,0
F.US,D,20250630,000000,10.72,10.86,10.685,10.85,88472231,0
F.US,D,20250701,000000,10.81,11.38,10.7901,11.35,140150738,0
F.US,D,20250702,000000,11.38,11.78,11.37,11.77,122331588,0
F.US,D,20250703,000000,11.75,11.96,11.75,11.81,60311463,0
F.US,D,20250707,000000,11.6,11.79,11.48,11.59,73842100,0
F.US,D,20250708,000000,11.65,11.85,11.64,11.68,74190215,0
F.US,D,20250709,000000,11.78,11.9,11.76,11.83,63886882,0
F.US,D,20250710,000000,11.86,11.97,11.78,11.91,67263023,0
F.US,D,20250711,000000,11.85,11.86,11.71,11.78,65340737,0
F.US,D,20250714,000000,11.76,11.895,11.67,11.88,62098074,0
F.US,D,20250715,000000,11.9,11.93,11.5247,11.57,65101902,0
F.US,D,20250716,000000,11.35,11.45,11.15,11.24,107978145,0
F.US,D,20250717,000000,11.19,11.3465,11.11,11.15,70345257,0
F.US,D,20250718,000000,11.17,11.24,11.05,11.16,68812553,0
F.US,D,20250721,000000,11.26,11.45,11.21,11.31,65515630,0
F.US,D,20250722,000000,11.24,11.29,11.08,11.19,79403755,0
F.US,D,20250723,000000,11.28,11.46,11.28,11.38,76163207,0
F.US,D,20250724,000000,11.31,11.429,11.23,11.26,63557796,0
F.US,D,20250725,000000,11.335,11.49,11.2401,11.47,52312257,0
F.US,D,20250728,000000,11.48,11.49,11.25,11.28,54173647,0
F.US,D,20250729,000000,11.29,11.29,11.06,11.08,58371483,0
F.US,D,20250730,000000,11.125,11.125,10.82,10.87,79866858,0
F.US,D,20250731,000000,10.773,11.15,10.6801,11.07,101090884,0
F.US,D,20250801,000000,10.92,10.92,10.68,10.82,73541489,0
F.US,D,20250804,000000,10.88,11.02,10.86,10.95,56696828,0
F.US,D,20250805,000000,10.98,11.1,10.9,11.06,58864252,0
F.US,D,20250806,000000,11.11,11.26,11.08,11.21,59519843,0
F.US,D,20250807,000000,11.3,11.385,11.1,11.28,71774972,0
F.US,D,20250808,000000,11.305,11.37,11.21,11.32,48465317,0
F.US,D,20250811,000000,11.3,11.57,11.06,11.14,84332966,0
F.US,D,20250812,000000,11.1658,11.32,11.13,11.25,64021039,0
F.US,D,20250813,000000,11.27,11.49,11.19,11.44,63823345,0
F.US,D,20250814,000000,11.3,11.45,11.215,11.44,52469244,0
F.US,D,20250815,000000,11.45,11.52,11.41,11.44,46141355,0
F.US,D,20250818,000000,11.4,11.48,11.37,11.46,37113805,0
F.US,D,20250819,000000,11.52,11.73,11.49,11.58,58020177,0
F.US,D,20250820,000000,11.52,11.6,11.47,11.49,46469853,0
F.US,D,20250821,000000,11.42,11.43,11.195,11.33,51779301,0
F.US,D,20250822,000000,11.39,11.77,11.39,11.74,58538704,0
F.US,D,20250825,000000,11.72,11.85,11.68,11.82,45038754,0
F.US,D,20250826,000000,11.81,11.87,11.77,11.84,48613273,0
F.US,D,20250827,000000,11.82,11.98,11.81,11.91,40381477,0
F.US,D,20250828,000000,11.985,11.99,11.63,11.71,47723668,0
F.US,D,20250829,000000,11.74,11.83,11.72,11.77,44069734,0
F.US,D,20250902,000000,11.755,11.89,11.64,11.72,57704182,0
F.US,D,20250903,000000,11.67,11.725,11.57,11.62,47728660,0
F.US,D,20250904,000000,11.65,11.7,11.57,11.68,33136650,0
F.US,D,20250905,000000,11.71,11.91,11.66,11.74,47547831,0
F.US,D,20250908,000000,11.75,11.75,11.58,11.69,39734522,0
F.US,D,20250909,000000,11.67,11.68,11.45,11.49,41262743,0
F.US,D,20250910,000000,11.49,11.52,11.31,11.42,47021328,0
F.US,D,20250911,000000,11.46,11.79,11.43,11.76,64196118,0
F.US,D,20250912,000000,11.754,11.81,11.66,11.68,50100809,0
F.US,D,20250915,000000,11.74,11.755,11.61,11.68,47942431,0
F.US,D,20250916,000000,11.685,11.78,11.51,11.61,58064970,0
F.US,D,20250917,000000,11.63,11.88,11.55,11.66,68585945,0
F.US,D,20250918,000000,11.69,11.78,11.62,11.74,55040063,0
F.US,D,20250919,000000,11.77,11.8,11.585,11.62,71676341,0
F.US,D,20250922,000000,11.6,11.7,11.565,11.66,58432710,0
F.US,D,20250923,000000,11.7,11.93,11.695,11.73,55667552,0
F.US,D,20250924,000000,11.73,11.83,11.59,11.63,60193780,0
F.US,D,20250925,000000,11.54,11.65,11.37,11.62,67656337,0
F.US,D,20250926,000000,11.66,12.315,11.65,12.01,117681848,0
F.US,D,20250929,000000,12.1,12.12,11.89,12.09,83325012,0
F.US,D,20250930,000000,12.11,12.2,11.91,11.96,70765048,0
F.US,D,20251001,000000,12.12,12.28,12.04,12.27,73578427,0
F.US,D,20251002,000000,12.28,12.43,12.12,12.22,74530532,0
F.US,D,20251003,000000,12.245,12.67,12.2,12.67,100778558,0
F.US,D,20251006,000000,12.63,12.8,12.48,12.7,90544937,0
F.US,D,20251007,000000,12.5,12.53,11.74,11.92,154390154,0
F.US,D,20251008,000000,11.98,12.014,11.68,11.74,78469653,0
F.US,D,20251009,000000,11.745,11.77,11.48,11.5,70320483,0
F.US,D,20251010,000000,11.55,11.59,11.35,11.41,84595402,0
F.US,D,20251013,000000,11.49,11.63,11.46,11.54,73939384,0
F.US,D,20251014,000000,11.38,11.76,11.34,11.65,89117946,0
F.US,D,20251015,000000,11.675,11.78,11.64,11.76,88960726,0
F.US,D,20251016,000000,11.74,11.79,11.64,11.74,108701202,0
F.US,D,20251017,000000,11.74,12.01,11.72,11.92,107633522,0
F.US,D,20251020,000000,11.93,12.08,11.91,11.99,77878936,0
F.US,D,20251021,000000,12.255,12.63,12.07,12.56,297153158,0
F.US,D,20251022,000000,12.255,12.595,12.255,12.43,415062173,0
F.US,D,20251023,000000,12.47,12.49,12.19,12.34,479840312,0
F.US,D,20251024,000000,12.73,13.97,12.71,13.84,298366862,0
F.US,D,20251027,000000,13.8,13.8,13.21,13.26,140859004,0
F.US,D,20251028,000000,13.24,13.28,13.04,13.13,96738451,0
F.US,D,20251029,000000,13.1,13.39,13.07,13.24,127512240,0
F.US,D,20251030,000000,13.14,13.29,13.06,13.06,80766301,0
F.US,D,20251031,000000,13.04,13.17,12.99,13.13,68861988,0
F.US,D,20251103,000000,13.1,13.1,12.9,13.01,80419403,0
F.US,D,20251104,000000,12.91,12.93,12.75,12.79,70360611,0
F.US,D,20251105,000000,12.92,13.305,12.88,13.11,79134307,0
F.US,D,20251106,000000,13.14,13.26,12.98,13.12,82291049,0
F.US,D,20251107,000000,12.96,13.24,12.95,13.21,80011318,0
F.US,D,20251110,000000,13.23,13.235,13,13.16,62051157,0
F.US,D,20251111,000000,13.19,13.44,13.19,13.3,79742405,0
F.US,D,20251112,000000,13.3,13.5,13.3,13.45,61840461,0
F.US,D,20251113,000000,13.4,13.5,13.25,13.28,71481613,0
F.US,D,20251114,000000,13.18,13.31,13.1,13.19,67932422,0
F.US,D,20251117,000000,13.1751,13.1751,12.78,12.88,73404381,0
F.US,D,20251118,000000,12.87,13.09,12.76,13.02,70215400,0
F.US,D,20251119,000000,13.03,13.15,12.8649,12.9,49619260,0
F.US,D,20251120,000000,12.91,13.01,12.38,12.41,95861863,0
F.US,D,20251121,000000,12.51,12.94,12.49,12.83,74048860,0
F.US,D,20251124,000000,12.84,12.98,12.825,12.96,52936240,0
F.US,D,20251125,000000,12.99,13.26,12.975,13.17,52884970,0
F.US,D,20251126,000000,13.17,13.26,13.12,13.19,44942203,0
F.US,D,20251128,000000,13.205,13.34,13.18,13.28,29536180,0
F.US,D,20251201,000000,13.195,13.385,13.13,13.16,51593955,0
F.US,D,20251202,000000,13.19,13.19,12.87,12.96,57641703,0
F.US,D,20251203,000000,12.99,13.14,12.96,13.09,45364666,0
F.US,D,20251204,000000,13.19,13.24,13.06,13.14,47554803,0
F.US,D,20251205,000000,13.15,13.28,13,13.03,54099362,0
F.US,D,20251208,000000,13.07,13.16,12.945,13.14,45580830,0
F.US,D,20251209,000000,13.13,13.2202,13.06,13.08,33349986,0
F.US,D,20251210,000000,13.08,13.42,13.07,13.41,72210701,0
F.US,D,20251211,000000,13.385,13.68,13.3,13.63,59012304,0
F.US,D,20251212,000000,13.67,13.84,13.67,13.76,48337280,0
F.US,D,20251215,000000,13.8,13.81,13.49,13.65,53577255,0
F.US,D,20251216,000000,13.72,13.99,13.5701,13.67,69408875,0
F.US,D,20251217,000000,13.63,13.66,13.29,13.31,58320635,0
F.US,D,20251218,000000,13.38,13.4656,13.25,13.32,52604828,0
F.US,D,20251219,000000,13.31,13.475,13.28,13.47,61640571,0
F.US,D,20251222,000000,13.51,13.6095,13.42,13.46,31106109,0
F.US,D,20251223,000000,13.43,13.45,13.28,13.29,25440833,0
F.US,D,20251224,000000,13.3,13.38,13.25,13.36,14227582,0
F.US,D,20251226,000000,13.335,13.375,13.26,13.31,22471423,0
F.US,D,20251229,000000,13.27,13.31,13.24,13.28,24398306,0
F.US,D,20251230,000000,13.28,13.29,13.2,13.23,23002807,0
F.US,D,20251231,000000,13.21,13.22,13.12,13.12,26302260,0
F.US,D,20260102,000000,13.18,13.39,13.06,13.34,46366861,0
F.US,D,20260105,000000,13.25,13.48,13.2001,13.47,50135246,0
F.US,D,20260106,000000,13.51,13.86,13.32,13.8,84534703,0
F.US,D,20260107,000000,13.8,13.82,13.59,13.74,50608950,0
F.US,D,20260108,000000,13.89,14.5,13.89,14.4,154276839,0
F.US,D,20260109,000000,14.3499,14.41,14.085,14.2,68436178,0
F.US,D,20260112,000000,14.15,14.185,13.955,14.03,53443964,0
F.US,D,20260113,000000,14.055,14.13,13.96,13.98,58867535,0
F.US,D,20260114,000000,14,14.12,13.79,13.84,65318552,0
F.US,D,20260115,000000,13.915,14.13,13.79,13.81,44241477,0
F.US,D,20260116,000000,13.76,13.795,13.59,13.6,60750836,0
F.US,D,20260120,000000,13.47,13.61,13.23,13.28,67018098,0
F.US,D,20260121,000000,13.405,13.77,13.405,13.77,58160147,0
F.US,D,20260122,000000,13.78,13.84,13.7,13.71,38170250,0
F.US,D,20260123,000000,13.7,13.7,13.55,13.56,39702051,0
F.US,D,20260126,000000,13.56,13.655,13.3448,13.44,59170963,0
F.US,D,20260127,000000,13.64,13.945,13.51,13.93,100003667,0
F.US,D,20260128,000000,13.88,13.89,13.76,13.82,48751764,0
F.US,D,20260129,000000,13.89,14.09,13.795,14,84803904,0
F.US,D,20260130,000000,13.91,13.98,13.79,13.88,66996343,0
F.US,D,20260202,000000,13.86,13.895,13.745,13.81,54218120,0
F.US,D,20260203,000000,13.82,14.0351,13.61,13.73,76637980,0
F.US,D,20260204,000000,13.72,14,13.69,13.82,70488674,0
F.US,D,20260205,000000,13.75,13.82,13.53,13.72,79719943,0
F.US,D,20260206,000000,13.78,13.88,13.665,13.8,55588190,0
F.US,D,20260209,000000,13.75,13.775,13.53,13.59,59777960,0
F.US,D,20260210,000000,13.635,13.74,13.57,13.57,80827666,0
F.US,D,20260211,000000,13.62,13.88,13.515,13.85,129595007,0
F.US,D,20260212,000000,13.9,14.36,13.85,14,133257187,0
F.US,D,20260213,000000,13.88,14.335,13.85,14.12,87400202,0
F.US,D,20260217,000000,14.09,14.17,13.933,14.13,57684793,0
F.US,D,20260218,000000,14.11,14.14,13.805,13.85,64199313,0
F.US,D,20260219,000000,13.77,13.945,13.69,13.78,58268473,0
F.US,D,20260220,000000,13.775,14.035,13.72,14.01,67701102,0
F.US,D,20260223,000000,13.98,14.04,13.57,13.64,59134400,0
F.US,D,20260224,000000,13.76,14.325,13.73,14.2,73560800,0
F.US,D,20260225,000000,14.25,14.49,14.15,14.43,58968700,0
F.US,D,20260226,000000,14.45,14.795,14.3044,14.41,61412791,0
F.US,D,20260227,000000,14.32,14.57,14.03,14.09,73126240,0
F.US,D,20260302,000000,13.93,13.93,13.22,13.39,110305523,0
F.US,D,20260303,000000,13.07,13.18,12.68,12.7,102354711,0
F.US,D,20260304,000000,12.945,13.15,12.81,12.81,73976741,0
F.US,D,20260305,000000,12.7,12.745,12.24,12.34,71941057,0
F.US,D,20260306,000000,12.17,12.32,12.03,12.15,59877681,0
F.US,D,20260309,000000,11.94,12.2,11.8,12.19,69611163,0
F.US,D,20260310,000000,12.19,12.51,12.19,12.24,56746283,0
F.US,D,20260311,000000,12.27,12.49,12.031,12.11,50074537,0
F.US,D,20260312,000000,11.93,12.19,11.85,12.04,51733909,0
F.US,D,20260313,000000,12.11,12.13,11.65,11.67,48546476,0
F.US,D,20260316,000000,11.815,11.875,11.64,11.71,49441381,0
F.US,D,20260317,000000,11.86,12.03,11.84,11.94,59520140,0
F.US,D,20260318,000000,11.865,12.01,11.7,11.79,55564771,0
F.US,D,20260319,000000,11.68,11.75,11.48,11.64,47423416,0
F.US,D,20260320,000000,11.635,11.68,11.37,11.52,147725055,0
F.US,D,20260323,000000,11.93,12.01,11.72,11.76,44442151,0
F.US,D,20260324,000000,11.69,11.88,11.67,11.84,31903851,0
F.US,D,20260325,000000,11.945,12.01,11.66,11.67,37746080,0
F.US,D,20260326,000000,11.56,11.72,11.49,11.6,28517572,0
F.US,D,20260327,000000,11.54,11.55,11.29,11.37,33064553,0
F.US,D,20260330,000000,11.41,11.45,11.11,11.21,41459901,0
F.US,D,20260331,000000,11.36,11.59,11.27,11.54,38287892,0
F.US,D,20260401,000000,11.62,11.69,11.575,11.68,33991682,0
F.US,D,20260402,000000,11.47,11.62,11.36,11.6,31109069,0
F.US,D,20260406,000000,11.6,11.63,11.5,11.61,24374590,0
F.US,D,20260407,000000,11.54,11.605,11.35,11.52,41991577,0
F.US,D,20260408,000000,11.96,12.24,11.96,12.18,58139980,0
F.US,D,20260409,000000,12.065,12.27,11.96,12.24,32576248,0
F.US,D,20260410,000000,12.34,12.42,12.07,12.13,28362740,0
F.US,D,20260413,000000,12.03,12.165,11.92,12.16,32688630,0
F.US,D,20260414,000000,12.51,12.75,12.45,12.71,50232181,0
F.US,D,20260415,000000,12.7,12.755,12.49,12.71,39926529,0
F.US,D,20260416,000000,12.67,12.75,12.42,12.44,37407678,0
F.US,D,20260417,000000,12.64,13.04,12.62,12.87,45734996,0
F.US,D,20260420,000000,12.81,12.915,12.75,12.87,26028970,0
F.US,D,20260421,000000,12.87,13.03,12.775,12.78,32209969,0
F.US,D,20260422,000000,12.84,12.8797,12.575,12.63,23958292,0
F.US,D,20260423,000000,12.61,12.695,12.37,12.48,30844543,0
F.US,D,20260424,000000,12.45,12.455,12.29,12.38,35004697,0
