<TICKER>,<PER>,<DATE>,<TIME>,<OPEN>,<HIGH>,<LOW>,<CLOSE>,<VOL>,<OPENINT>
HPQ.US,D,20000103,000000,18.6165,19.3935,18.4916,19.1895,25543476.625614,0
HPQ.US,D,20000104,000000,18.6165,18.8626,17.5946,17.7196,22596851.672891,0
HPQ.US,D,20000105,000000,17.5136,18.0455,17.0226,17.617,31153194.097881,0
HPQ.US,D,20000106,000000,17.4541,17.5946,16.4955,16.4955,22197610.115485,0
HPQ.US,D,20000107,000000,17.1466,17.3096,16.4955,16.9632,22669109.9412,0
HPQ.US,D,20000110,000000,17.5566,18.2515,17.5136,18.1295,21210495.720114,0
HPQ.US,D,20000111,000000,17.5741,18.2515,17.5741,17.7196,14537747.028453,0
HPQ.US,D,20000112,000000,17.6991,18.4731,17.3506,18.3511,20282181.517475,0
HPQ.US,D,20000113,000000,18.4536,18.4916,17.9225,18.4154,16276806.808348,0
HPQ.US,D,20000114,000000,18.7805,18.7805,18.1295,18.3705,17523549.570254,0
HPQ.US,D,20000118,000000,18.1295,19.0265,18.1295,18.5375,19763524.127749,0
HPQ.US,D,20000119,000000,18.635,19.0079,18.1861,18.9425,21310927.223834,0
HPQ.US,D,20000120,000000,19.1476,19.25,18.4359,18.9611,18830913.094341,0
HPQ.US,D,20000121,000000,19.0265,19.0265,18.4536,18.4731,17971183.236515,0
HPQ.US,D,20000124,000000,18.6985,18.7424,18.2515,18.4536,17463542.49468,0
HPQ.US,D,20000125,000000,18.4154,18.4916,17.617,18.3901,22240465.726132,0
HPQ.US,D,20000126,000000,18.1295,18.1676,17.4726,17.7625,22690543.893635,0
HPQ.US,D,20000127,000000,18.2906,18.6165,17.4726,17.7196,27706896.084031,0
HPQ.US,D,20000128,000000,17.6747,18.273,17.5136,17.7625,18079563.979608,0
HPQ.US,D,20000131,000000,17.8005,17.9225,16.9632,17.6747,17026327.157483,0
HPQ.US,D,20000201,000000,17.863,17.863,16.9836,17.2735,20086225.953858,0
HPQ.US,D,20000202,000000,17.5136,18.4154,17.3907,18.0455,20952705.339844,0
HPQ.US,D,20000203,000000,18.1295,19.0265,18.1295,18.5375,24313267.543953,0
HPQ.US,D,20000204,000000,18.6985,19.535,18.679,19.2695,28239015.647411,0
HPQ.US,D,20000207,000000,19.4326,21.0675,19.1476,20.9845,38530141.511896,0
HPQ.US,D,20000208,000000,20.7805,20.8195,20.0045,20.2886,28914445.889082,0
HPQ.US,D,20000209,000000,20.0865,20.7396,19.9625,20.2495,25322412.161549,0
HPQ.US,D,20000210,000000,20.4115,20.6615,20.107,20.5764,15500356.989314,0
HPQ.US,D,20000211,000000,20.5764,20.5764,19.5769,19.8229,17094907.404223,0
HPQ.US,D,20000214,000000,19.7995,20.2886,19.6795,20.0865,20102140.824902,0
HPQ.US,D,20000215,000000,20.312,20.6146,19.9255,20.3754,25315679.025686,0
HPQ.US,D,20000216,000000,20.6146,21.5565,20.4955,21.3934,30986625.824147,0
HPQ.US,D,20000217,000000,20.9025,20.9845,20.1861,20.9025,32341761.623369,0
HPQ.US,D,20000218,000000,20.9025,21.2909,20.8195,21.0675,34325761.247451,0
HPQ.US,D,20000222,000000,21.1075,21.1075,20.4115,20.9025,23429030.178064,0
HPQ.US,D,20000223,000000,20.7396,21.3934,20.476,21.3535,21243558.982529,0
HPQ.US,D,20000224,000000,21.0889,21.3134,20.7396,21.1464,23094080.232776,0
HPQ.US,D,20000225,000000,21.0675,21.1464,20.3305,20.351,23430256.526759,0
HPQ.US,D,20000228,000000,20.8195,21.1075,20.0045,21.046,30404291.533428,0
HPQ.US,D,20000229,000000,20.8644,22.5765,20.8644,21.9654,33041667.613029,0
HPQ.US,D,20000301,000000,21.5974,22.4955,21.5974,21.822,23356162.321222,0
HPQ.US,D,20000302,000000,22.0474,22.0474,21.5974,21.8825,15058860.189126,0
HPQ.US,D,20000303,000000,21.9654,22.8449,21.8825,22.638,27207218.924832,0
HPQ.US,D,20000306,000000,22.3735,24.8224,22.3344,23.9263,37317685.287545,0
HPQ.US,D,20000307,000000,24.6584,24.678,23.1884,23.3515,36978449.781193,0
HPQ.US,D,20000308,000000,23.3515,23.5554,22.8225,23.0069,24580862.566679,0
HPQ.US,D,20000309,000000,23.3515,25.1084,23.088,24.8048,28055318.448159,0
HPQ.US,D,20000310,000000,24.8048,25.3934,23.8444,24.0044,20232580.476742,0
HPQ.US,D,20000313,000000,23.1884,24.3939,23.1494,23.9263,19994990.52858,0
HPQ.US,D,20000314,000000,24.0855,24.4953,22.8225,22.8225,20126024.401173,0
HPQ.US,D,20000315,000000,22.9464,23.0069,21.1943,21.5565,32458097.752946,0
HPQ.US,D,20000316,000000,21.3134,21.7204,20.2495,21.7204,46986045.261538,0
HPQ.US,D,20000317,000000,21.7204,23.372,21.7204,22.6995,42582046.779683,0
HPQ.US,D,20000320,000000,22.6155,23.9645,22.5765,23.5174,22624413.270731,0
HPQ.US,D,20000321,000000,23.2715,23.4763,22.6613,23.1699,22481117.960218,0
HPQ.US,D,20000322,000000,23.372,23.9645,23.1494,23.8785,16338043.306173,0
HPQ.US,D,20000323,000000,23.4344,24.4125,23.2919,24.0473,16497868.198858,0
HPQ.US,D,20000324,000000,23.8444,24.4349,22.8654,23.2509,17963829.242415,0
HPQ.US,D,20000327,000000,23.4519,24.3138,23.4519,23.8785,14157478.529941,0
HPQ.US,D,20000328,000000,23.8785,23.9645,22.8654,22.9854,16228439.287941,0
HPQ.US,D,20000329,000000,22.9854,22.9854,21.8609,22.0474,23530685.981441,0
HPQ.US,D,20000330,000000,21.8444,22.0474,21.248,21.3535,20538754.769716,0
HPQ.US,D,20000331,000000,21.7204,22.4535,21.2275,21.6375,23856455.216067,0
HPQ.US,D,20000403,000000,21.8015,22.2904,21.2695,21.6375,21909799.292871,0
HPQ.US,D,20000404,000000,21.8609,22.8225,21.0675,22.5569,29887472.129968,0
HPQ.US,D,20000405,000000,22.5354,24.2094,22.3735,23.1884,32769173.342631,0
HPQ.US,D,20000406,000000,23.7419,24.2504,23.3515,24.1889,21559538.942479,0
HPQ.US,D,20000407,000000,24.2094,25.4764,23.9468,25.4764,19896399.060164,0
HPQ.US,D,20000410,000000,25.0254,25.0489,23.8248,24.0473,23611522.543508,0
HPQ.US,D,20000411,000000,23.5174,24.4953,23.0069,23.8043,20867583.216712,0
HPQ.US,D,20000412,000000,23.9645,24.0678,21.7576,22.0474,28598471.051725,0
HPQ.US,D,20000413,000000,21.8444,22.638,21.495,21.5565,28436200.63328,0
HPQ.US,D,20000414,000000,21.3134,22.1704,19.7605,20.0865,38299287.773154,0
HPQ.US,D,20000417,000000,20.0865,21.8444,20.0865,21.8444,34301271.156203,0
HPQ.US,D,20000418,000000,21.9869,23.0264,21.6805,22.6995,32663233.002707,0
HPQ.US,D,20000419,000000,22.638,22.7823,21.9654,22.1704,20702250.512341,0
HPQ.US,D,20000420,000000,22.2113,22.8654,22.0865,22.7823,18341657.337758,0
HPQ.US,D,20000424,000000,22.1265,22.5765,21.2695,21.5974,24947654.548279,0
HPQ.US,D,20000425,000000,21.9654,22.8654,21.822,22.7375,23820318.398024,0
HPQ.US,D,20000426,000000,22.6995,23.5174,22.5765,22.9464,24694143.581961,0
HPQ.US,D,20000427,000000,22.2485,22.8829,22.0865,22.517,23049377.415195,0
HPQ.US,D,20000428,000000,22.5354,22.6613,21.9235,22.0474,15164181.719849,0
HPQ.US,D,20000501,000000,22.2113,23.1084,21.6375,22.6995,23486598.899505,0
HPQ.US,D,20000502,000000,22.9464,23.1884,22.5354,22.5354,15572004.644572,0
HPQ.US,D,20000503,000000,22.1265,22.272,21.0675,21.6375,21117418.210497,0
HPQ.US,D,20000504,000000,21.6375,21.7204,20.8195,21.5731,17737255.942145,0
HPQ.US,D,20000505,000000,21.5565,22.6613,21.3535,22.3344,14843925.419502,0
HPQ.US,D,20000508,000000,22.3099,22.3344,21.8015,22.1704,10111697.834002,0
HPQ.US,D,20000509,000000,22.1265,22.1265,21.4315,21.6805,12234709.256571,0
HPQ.US,D,20000510,000000,21.3934,21.5565,20.0045,20.6146,22675242.709198,0
HPQ.US,D,20000511,000000,20.6146,21.4559,20.2125,21.372,19841898.771759,0
HPQ.US,D,20000512,000000,21.6375,22.6155,21.4129,21.4754,19326308.790551,0
HPQ.US,D,20000515,000000,21.8015,21.9654,20.8195,21.8825,17351482.705501,0
HPQ.US,D,20000516,000000,22.0474,23.1084,21.9654,22.6155,27891203.896336,0
HPQ.US,D,20000517,000000,22.1265,22.1265,20.9425,21.2275,33988969.217823,0
HPQ.US,D,20000518,000000,21.4754,21.6551,21.2118,21.5165,20348308.042304,0
HPQ.US,D,20000519,000000,21.5165,21.5165,20.3754,20.6146,20224005.256538,0
HPQ.US,D,20000522,000000,20.6146,20.7396,19.3525,20.0456,22675242.709198,0
HPQ.US,D,20000523,000000,19.5966,20.4115,19.5966,19.7195,16170876.71361,0
HPQ.US,D,20000524,000000,19.5966,19.6795,18.4916,19.372,31930875.388203,0
HPQ.US,D,20000525,000000,18.8001,19.9255,18.7805,18.9845,23027328.751634,0
HPQ.US,D,20000526,000000,18.7161,19.5966,18.6985,19.2881,14120129.70646,0
HPQ.US,D,20000530,000000,19.5565,20.3754,19.535,20.3305,15097430.238709,0
HPQ.US,D,20000531,000000,20.0865,20.312,19.5145,19.6385,22389881.510422,0
HPQ.US,D,20000601,000000,20.4115,22.0474,20.312,21.9235,43842255.813317,0
HPQ.US,D,20000602,000000,22.2904,23.7419,21.8825,23.209,35543714.013785,0
HPQ.US,D,20000605,000000,18.6985,22.5354,18.6575,19.6385,34296984.570619,0
HPQ.US,D,20000606,000000,19.3935,19.5769,18.9425,19.2695,28783391.526117,0
HPQ.US,D,20000607,000000,19.2695,20.3305,19.1065,20.0045,32131105.24318,0
HPQ.US,D,20000608,000000,20.0045,20.8644,19.6795,20.557,31666325.234587,0
HPQ.US,D,20000609,000000,20.8195,21.3134,20.804,20.9025,25291792.375859,0
HPQ.US,D,20000612,000000,20.7396,20.8644,20.3305,20.5764,19989472.471708,0
HPQ.US,D,20000613,000000,19.6795,19.6795,19.1065,19.4326,53723100.933096,0
HPQ.US,D,20000614,000000,19.5145,19.5145,18.6165,18.6165,30753931.025584,0
HPQ.US,D,20000615,000000,18.7805,19.5966,18.6985,19.1065,25923128.363965,0
HPQ.US,D,20000616,000000,19.0675,19.1065,18.6165,18.6165,24112407.610071,0
HPQ.US,D,20000619,000000,18.9611,19.5145,18.6575,19.2315,17540696.937107,0
HPQ.US,D,20000620,000000,19.3525,19.6795,18.9425,19.0265,15749576.247455,0
HPQ.US,D,20000621,000000,18.8001,19.5966,18.8001,19.5145,15763055.837925,0
HPQ.US,D,20000622,000000,19.5565,19.8601,19.2695,19.3525,21884085.926483,0
HPQ.US,D,20000623,000000,19.5966,19.5966,19.0675,19.1279,14584275.538077,0
HPQ.US,D,20000626,000000,19.372,19.8844,19.2695,19.5966,13114650.81621,0
HPQ.US,D,20000627,000000,19.5145,19.9625,19.0441,19.0441,17464156.181288,0
HPQ.US,D,20000628,000000,19.7195,20.3939,19.6161,20.2125,27894273.353889,0
HPQ.US,D,20000629,000000,20.2125,20.2495,19.4326,19.5565,28319248.768057,0
HPQ.US,D,20000630,000000,19.5966,20.4115,19.5966,20.3939,26138673.746639,0
HPQ.US,D,20000703,000000,20.2495,20.4115,20.107,20.2886,6160833.6584665,0
HPQ.US,D,20000705,000000,20.312,20.312,19.535,19.535,16994488.194726,0
HPQ.US,D,20000706,000000,19.8844,19.8844,18.8626,19.3349,26493833.344703,0
HPQ.US,D,20000707,000000,19.4736,20.4115,19.3525,20.3754,22168207.457823,0
HPQ.US,D,20000710,000000,20.1666,20.3754,19.9255,20.2125,13199150.032069,0
HPQ.US,D,20000711,000000,20.0865,20.7396,20.0456,20.681,21249689.70149,0
HPQ.US,D,20000712,000000,20.7805,21.2695,20.5764,20.9689,22787297.375785,0
HPQ.US,D,20000713,000000,20.9845,22.0865,20.9025,22.024,22976508.533835,0
HPQ.US,D,20000714,000000,22.024,22.2485,21.7204,21.8444,20067862.483496,0
HPQ.US,D,20000717,000000,21.8825,22.1704,21.5565,22.0045,14759414.93394,0
HPQ.US,D,20000718,000000,21.8444,21.8444,21.3134,21.3934,14181366.204286,0
HPQ.US,D,20000719,000000,21.3535,21.6209,21.1464,21.1943,14459363.163777,0
HPQ.US,D,20000720,000000,21.372,21.6209,20.9025,21.2275,15382171.603768,0
HPQ.US,D,20000721,000000,20.8195,21.1464,19.6795,20.2495,45915666.195153,0
HPQ.US,D,20000724,000000,20.1461,20.312,19.1681,19.3935,21235002.20366,0
HPQ.US,D,20000725,000000,19.3935,19.5145,18.7424,18.842,36091156.276489,0
HPQ.US,D,20000726,000000,18.9231,19.1476,17.8806,17.9655,47714134.731792,0
HPQ.US,D,20000727,000000,17.9225,17.9225,17.0226,17.3096,29795615.846454,0
HPQ.US,D,20000728,000000,17.3096,17.8005,16.8197,17.5136,29942572.786241,0
HPQ.US,D,20000731,000000,17.7196,18.2906,17.2735,17.8406,31265857.328483,0
HPQ.US,D,20000801,000000,18.1676,18.1676,17.4726,17.617,14602665.645921,0
HPQ.US,D,20000802,000000,17.6385,18.7805,17.5136,18.3705,31028883.115966,0
HPQ.US,D,20000803,000000,17.9225,18.4154,17.6747,18.2906,19753718.460776,0
HPQ.US,D,20000804,000000,18.3901,18.7424,17.822,18.2515,12524347.820265,0
HPQ.US,D,20000807,000000,18.2066,18.9045,18.1295,18.8186,18559643.123601,0
HPQ.US,D,20000808,000000,18.8186,19.0675,18.4916,18.9045,15971862.962143,0
HPQ.US,D,20000809,000000,18.9845,19.1065,18.2906,18.5784,13704948.689563,0
HPQ.US,D,20000810,000000,18.7161,18.7424,18.3091,18.3306,11117791.435379,0
HPQ.US,D,20000811,000000,18.1089,18.1089,17.8005,17.9655,13829262.745034,0
HPQ.US,D,20000814,000000,18.2906,18.6985,17.9655,18.6985,13982350.403782,0
HPQ.US,D,20000815,000000,18.4154,18.515,17.9225,18.1295,16553590.737885,0
HPQ.US,D,20000816,000000,18.2066,18.3705,17.6747,18.2291,27235381.915055,0
HPQ.US,D,20000817,000000,17.4726,18.1295,17.4726,17.7781,75934782.810767,0
HPQ.US,D,20000818,000000,17.944,18.4536,17.7196,18.2906,44914470.816931,0
HPQ.US,D,20000821,000000,18.2906,18.4536,18.065,18.1295,18965631.135615,0
HPQ.US,D,20000822,000000,18.2066,18.6985,18.1676,18.4536,22150450.502438,0
HPQ.US,D,20000823,000000,18.2906,18.9045,18.1295,18.7805,19300585.178976,0
HPQ.US,D,20000824,000000,18.8626,19.5769,18.8186,19.5769,18996857.436281,0
HPQ.US,D,20000825,000000,19.4326,19.4951,19.1476,19.3935,13682303.756211,0
HPQ.US,D,20000828,000000,19.3935,19.8386,19.1681,19.5966,18448195.99651,0
HPQ.US,D,20000829,000000,19.7605,19.8386,19.4326,19.5966,16067389.071078,0
HPQ.US,D,20000830,000000,19.6795,19.697,19.208,19.2695,12275733.028064,0
HPQ.US,D,20000831,000000,19.5966,19.8386,19.5145,19.697,18865207.828044,0
HPQ.US,D,20000901,000000,19.9255,20.6615,19.7995,20.4115,19901296.258799,0
HPQ.US,D,20000905,000000,20.476,20.516,19.983,20.0865,15494238.564577,0
HPQ.US,D,20000906,000000,20.1666,20.1666,19.5145,19.5966,14995165.871317,0
HPQ.US,D,20000907,000000,19.782,20.4525,19.6795,20.2125,18794175.908432,0
HPQ.US,D,20000908,000000,20.312,20.312,19.7605,19.7605,14131756.967404,0
HPQ.US,D,20000911,000000,19.1476,19.3096,18.5375,18.6165,31182584.46132,0
HPQ.US,D,20000912,000000,18.1295,18.3705,17.6385,18.1295,36563897.81868,0
HPQ.US,D,20000913,000000,17.7381,17.7625,17.1281,17.1466,45480897.408236,0
HPQ.US,D,20000914,000000,17.4726,17.6747,17.168,17.6747,29081616.579718,0
HPQ.US,D,20000915,000000,17.4346,17.4726,16.6585,16.8197,42462634.020922,0
HPQ.US,D,20000918,000000,16.9026,17.2491,16.5951,16.8197,27895501.751622,0
HPQ.US,D,20000919,000000,17.1466,17.3907,16.8596,17.3907,27458889.855846,0
HPQ.US,D,20000920,000000,17.3096,17.3096,16.3707,16.7181,33025748.643909,0
HPQ.US,D,20000921,000000,16.9026,16.9445,15.3506,15.5146,26629782.857265,0
HPQ.US,D,20000922,000000,15.9665,17.046,15.6796,17.0226,51095517.20173,0
HPQ.US,D,20000925,000000,17.3096,17.3907,15.8796,16.15,26701421.291856,0
HPQ.US,D,20000926,000000,16.3101,16.8197,16.0017,16.0222,34005498.799993,0
HPQ.US,D,20000927,000000,16.3276,16.9836,16.0222,16.9026,49918592.304962,0
HPQ.US,D,20000928,000000,17.0226,17.5566,16.8811,16.9445,25597350.93319,0
HPQ.US,D,20000929,000000,16.8197,16.8197,15.6376,15.8396,54043358.257962,0
HPQ.US,D,20001002,000000,16.0856,16.1666,15.2881,15.3116,33451336.720165,0
HPQ.US,D,20001003,000000,15.8005,15.9665,15.1876,15.2686,30335091.452969,0
HPQ.US,D,20001004,000000,15.6171,16.0017,15.2686,15.6171,30411632.208788,0
HPQ.US,D,20001005,000000,15.1876,15.1876,14.0857,14.4107,60251948.823784,0
HPQ.US,D,20001006,000000,14.7796,14.8245,14.1266,14.2467,42822087.3762,0
HPQ.US,D,20001009,000000,14.6996,15.1466,14.4516,14.8596,24274685.200147,0
HPQ.US,D,20001010,000000,14.8391,15.1466,14.3707,14.6147,30358978.102796,0
HPQ.US,D,20001011,000000,14.5746,14.5746,13.6961,13.9627,37748169.537917,0
HPQ.US,D,20001012,000000,14.4516,14.6147,13.4727,13.6786,38161504.372402,0
HPQ.US,D,20001013,000000,13.9627,14.9397,13.8622,14.8012,37601823.211183,0
HPQ.US,D,20001016,000000,14.9602,15.5146,14.8245,15.1466,23073262.015985,0
HPQ.US,D,20001017,000000,15.4512,15.4512,14.4341,14.7796,25143606.013822,0
HPQ.US,D,20001018,000000,14.4946,14.6996,13.9187,13.9627,39911598.217003,0
HPQ.US,D,20001019,000000,14.5141,15.0266,14.0437,14.8596,42498152.029765,0
HPQ.US,D,20001020,000000,14.5746,15.8005,14.5542,15.6796,28659713.696661,0
HPQ.US,D,20001023,000000,15.5331,16.2916,15.5331,16.0661,22076353.223345,0
HPQ.US,D,20001024,000000,16.0856,16.2486,14.8012,15.1076,34162263.45579,0
HPQ.US,D,20001025,000000,15.0051,15.0422,14.0437,14.1676,30696983.16238,0
HPQ.US,D,20001026,000000,14.4341,14.6996,13.4531,14.0437,36835781.476026,0
HPQ.US,D,20001027,000000,14.3707,15.3506,14.2467,14.2467,42828209.899011,0
HPQ.US,D,20001030,000000,14.2272,15.1876,14.2272,14.9602,15266750.369248,0
HPQ.US,D,20001031,000000,14.9856,15.5956,14.6996,15.1876,21354707.974725,0
HPQ.US,D,20001101,000000,15.0266,15.087,14.1676,14.5141,20937396.983777,0
HPQ.US,D,20001102,000000,14.7796,15.2881,14.5337,14.7201,19912320.07832,0
HPQ.US,D,20001103,000000,14.8596,15.6796,14.3512,15.1076,22225769.007635,0
HPQ.US,D,20001106,000000,15.2881,15.3506,14.7796,15.0051,12440765.548502,0
HPQ.US,D,20001107,000000,15.0051,15.6376,14.8812,15.4941,12396364.963892,0
HPQ.US,D,20001108,000000,15.5146,15.5762,14.8812,14.9241,15270423.268224,0
HPQ.US,D,20001109,000000,14.5337,14.6147,13.5928,14.0251,27744254.128178,0
HPQ.US,D,20001110,000000,13.3917,13.4092,12.3297,12.7787,35409615.806229,0
HPQ.US,D,20001113,000000,11.3497,11.5948,10.6538,11.1448,115916802.33434,0
HPQ.US,D,20001114,000000,11.3293,12.2272,11.2687,12.0827,47679536.7406,0
HPQ.US,D,20001115,000000,12.1033,12.1033,11.3058,11.5323,30433681.896867,0
HPQ.US,D,20001116,000000,11.4298,11.6571,11.2872,11.4523,27787118.959493,0
HPQ.US,D,20001117,000000,11.4708,11.9851,11.4523,11.6337,30709854.188833,0
HPQ.US,D,20001120,000000,11.6337,11.8407,11.2053,11.2872,24779561.790953,0
HPQ.US,D,20001121,000000,11.5137,11.5556,11.0657,11.0862,18851737.458243,0
HPQ.US,D,20001122,000000,11.0042,11.2492,10.8421,11.0042,21046694.670965,0
HPQ.US,D,20001124,000000,11.7587,11.7587,11.4708,11.6142,14025521.566141,0
HPQ.US,D,20001127,000000,11.9197,12.0642,11.6337,11.6571,19913849.684505,0
HPQ.US,D,20001128,000000,11.5762,11.6571,11.2297,11.3293,17931681.899577,0
HPQ.US,D,20001129,000000,11.2492,11.6962,11.2492,11.2872,20392099.038382,0
HPQ.US,D,20001130,000000,10.9808,11.0042,9.96273,10.3258,51772462.706325,0
HPQ.US,D,20001201,000000,10.8177,11.2053,10.4332,10.5152,23858589.288192,0
HPQ.US,D,20001204,000000,10.8598,10.9612,10.4879,10.7787,18918790.147835,0
HPQ.US,D,20001205,000000,10.8598,11.6337,10.7962,11.4298,23727861.746642,0
HPQ.US,D,20001206,000000,10.5337,11.0402,10.1638,10.4518,44651772.99284,0
HPQ.US,D,20001207,000000,10.4518,10.7573,10.1638,10.2048,26740613.224194,0
HPQ.US,D,20001208,000000,10.5337,11.1877,10.5337,10.9222,26773983.842172,0
HPQ.US,D,20001211,000000,10.9612,11.2872,10.5757,10.8177,19707488.086048,0
HPQ.US,D,20001212,000000,10.7787,11.5323,10.7573,11.5137,20496803.808942,0
HPQ.US,D,20001213,000000,11.4708,11.5137,10.7406,10.8421,24574428.59023,0
HPQ.US,D,20001214,000000,10.6762,11.1662,10.6762,10.9417,21197329.63232,0
HPQ.US,D,20001215,000000,10.1638,10.5757,10.0613,10.3258,39941910.647129,0
HPQ.US,D,20001218,000000,10.3258,10.4879,10.0867,10.1638,17794518.332542,0
HPQ.US,D,20001219,000000,10.4722,10.9808,10.2048,10.2252,31455080.780755,0
HPQ.US,D,20001220,000000,9.81729,10.1638,9.61427,9.94133,37853184.737597,0
HPQ.US,D,20001221,000000,9.86319,10.4332,9.51178,9.59768,28876173.974395,0
HPQ.US,D,20001222,000000,9.88077,10.5523,9.83873,10.5152,23313299.538945,0
HPQ.US,D,20001226,000000,10.5152,10.6157,10.0418,10.3707,19454901.235457,0
HPQ.US,D,20001227,000000,10.3707,10.7573,10.3093,10.5942,16718933.687441,0
HPQ.US,D,20001228,000000,10.6762,10.7162,10.4722,10.5942,13482057.508937,0
HPQ.US,D,20001229,000000,10.6157,10.6958,10.1873,10.3093,15071408.492239,0
HPQ.US,D,20010102,000000,10.3707,10.7406,9.71677,9.88077,20885956.932259,0
HPQ.US,D,20010103,000000,9.86319,11.3497,9.81729,11.1252,43658855.724443,0
HPQ.US,D,20010104,000000,11.3058,11.9003,11.1877,11.3058,30021264.006479,0
HPQ.US,D,20010105,000000,11.3937,11.3937,10.0028,10.0028,29310936.614203,0
HPQ.US,D,20010108,000000,10.2878,10.3492,9.98325,10.2497,19993152.542314,0
HPQ.US,D,20010109,000000,10.4332,10.6157,10.1638,10.3093,19359676.334973,0
HPQ.US,D,20010110,000000,10.0867,10.4518,9.96273,10.3707,33106880.267317,0
HPQ.US,D,20010111,000000,10.3707,10.7573,10.2252,10.5757,51550180.089712,0
HPQ.US,D,20010112,000000,10.1638,10.3707,9.77727,10.0232,65523039.353712,0
HPQ.US,D,20010116,000000,9.96273,10.0867,9.77727,9.92072,33053001.861668,0
HPQ.US,D,20010117,000000,10.2497,10.5152,10.1452,10.3258,30459094.054803,0
HPQ.US,D,20010118,000000,10.6157,11.4298,10.5337,11.3293,35955833.769275,0
HPQ.US,D,20010119,000000,11.9003,11.9003,11.3712,11.6786,39866284.786371,0
HPQ.US,D,20010122,000000,11.5323,11.6337,11.0228,11.2687,18287757.417219,0
HPQ.US,D,20010123,000000,11.0402,11.3058,10.7162,11.2053,18866131.94377,0
HPQ.US,D,20010124,000000,11.4298,11.5556,11.3058,11.4298,19845269.437766,0
HPQ.US,D,20010125,000000,11.4298,11.5323,11.1448,11.2492,18876235.74564,0
HPQ.US,D,20010126,000000,10.9612,11.3293,10.7962,11.2492,16330090.993243,0
HPQ.US,D,20010129,000000,10.9808,12.3297,10.9808,12.2496,24216508.939211,0
HPQ.US,D,20010130,000000,12.1257,12.3922,11.9197,12.3512,23065608.86247,0
HPQ.US,D,20010131,000000,12.1257,12.3922,11.8836,12.0466,15737335.299906,0
HPQ.US,D,20010201,000000,11.7773,12.0827,11.6786,12.0466,12917169.744484,0
HPQ.US,D,20010202,000000,12.0213,12.1658,11.6786,11.6786,14067154.926166,0
HPQ.US,D,20010205,000000,11.5323,11.6571,11.2297,11.5323,13865387.268855,0
HPQ.US,D,20010206,000000,11.5323,12.2077,11.5137,12.0213,16263339.512103,0
HPQ.US,D,20010207,000000,11.8592,12.0213,11.6142,11.7587,14883112.229248,0
HPQ.US,D,20010208,000000,11.7977,11.7977,11.3293,11.3712,17679092.999949,0
HPQ.US,D,20010209,000000,11.1252,11.3712,10.7406,10.9417,18767535.352763,0
HPQ.US,D,20010212,000000,10.9417,11.0228,10.4879,10.6538,19025334.953699,0
HPQ.US,D,20010213,000000,11.0228,11.1662,10.7962,10.8421,20618973.547103,0
HPQ.US,D,20010214,000000,10.9008,11.2687,10.6538,11.2297,19939263.89148,0
HPQ.US,D,20010215,000000,11.3712,12.0827,11.2053,11.8836,30845178.745084,0
HPQ.US,D,20010216,000000,10.7787,10.9417,10.2252,10.8177,37651423.227398,0
HPQ.US,D,20010220,000000,10.6157,10.6362,9.7968,9.96273,34274934.882541,0
HPQ.US,D,20010221,000000,9.83873,10.4518,9.7968,9.7968,25847497.380613,0
HPQ.US,D,20010222,000000,9.7968,10.0867,9.63671,9.71677,32139682.512421,0
HPQ.US,D,20010223,000000,9.7968,9.88077,9.28924,9.7968,27341939.015143,0
HPQ.US,D,20010226,000000,10.0232,10.0418,9.61427,9.7968,26093666.647053,0
HPQ.US,D,20010227,000000,9.76166,9.77727,9.28924,9.34683,26872881.641632,0
HPQ.US,D,20010228,000000,9.46982,9.59768,9.14624,9.43174,29031711.256978,0
HPQ.US,D,20010301,000000,9.16548,9.63671,9.02101,9.46982,29666406.641385,0
HPQ.US,D,20010302,000000,9.3273,10.0418,9.20501,9.63671,26377484.920903,0
HPQ.US,D,20010305,000000,9.67284,10.0867,9.67284,9.92072,12818890.754223,0
HPQ.US,D,20010306,000000,10.2497,10.7787,10.2252,10.4879,21358688.229264,0
HPQ.US,D,20010307,000000,10.7162,10.7406,10.4518,10.5757,18182433.837459,0
HPQ.US,D,20010308,000000,10.4879,10.5757,10.1638,10.3492,15800107.551026,0
HPQ.US,D,20010309,000000,10.3492,10.3492,9.76166,9.88077,18678441.171238,0
HPQ.US,D,20010312,000000,9.7968,10.4879,9.71677,9.76166,22867816.337105,0
HPQ.US,D,20010313,000000,10.1248,10.3492,9.86319,10.3258,19150863.063643,0
HPQ.US,D,20010314,000000,10.0418,10.4879,9.88077,10.1042,22491529.11765,0
HPQ.US,D,20010315,000000,10.1042,10.3492,10.0028,10.0232,15494536.699473,0
HPQ.US,D,20010316,000000,9.86319,10.1248,9.18285,9.18285,42914857.530254,0
HPQ.US,D,20010319,000000,9.22218,9.96273,9.22218,9.96273,20965255.691994,0
HPQ.US,D,20010320,000000,9.96273,10.1589,9.56937,9.5723,17999961.962384,0
HPQ.US,D,20010321,000000,9.24346,9.93053,9.14624,9.54594,17878101.628823,0
HPQ.US,D,20010322,000000,9.5518,10.2048,9.5518,10.0906,23865941.233255,0
HPQ.US,D,20010323,000000,10.2878,10.4458,9.9666,10.1813,20961881.952432,0
HPQ.US,D,20010326,000000,10.4351,10.481,10.2048,10.3355,14768600.767196,0
HPQ.US,D,20010327,000000,10.3355,10.6762,10.2878,10.5435,18619964.726368,0
HPQ.US,D,20010328,000000,10.1248,10.3931,9.74994,9.90219,20192777.931352,0
HPQ.US,D,20010329,000000,9.90219,10.36,9.67284,10.0076,12301453.566082,0
HPQ.US,D,20010330,000000,10.1589,10.3258,9.84561,10.2116,13471042.910082,0
HPQ.US,D,20010402,000000,10.1414,10.2664,9.25997,9.44541,21161816.746069,0
HPQ.US,D,20010403,000000,9.3234,9.3234,8.78646,8.95474,29749687.704696,0
HPQ.US,D,20010404,000000,8.97387,9.14624,8.55045,8.96509,23675806.983998,0
HPQ.US,D,20010405,000000,9.50397,10.1706,9.46982,10.0487,20196149.621876,0
HPQ.US,D,20010406,000000,9.79094,9.79094,9.31365,9.38977,23726642.569577,0
HPQ.US,D,20010409,000000,9.46982,9.89541,9.26875,9.30973,18976963.335217,0
HPQ.US,D,20010410,000000,9.46982,9.88077,9.44541,9.74507,28587146.023752,0
HPQ.US,D,20010411,000000,9.88077,10.2741,9.6416,9.88077,22285476.923793,0
HPQ.US,D,20010412,000000,9.7968,10.0252,9.68357,10.0028,15388295.151098,0
HPQ.US,D,20010416,000000,9.80265,9.92072,9.63868,9.79387,13300808.909002,0
HPQ.US,D,20010417,000000,9.71677,9.9442,9.12604,9.5518,23475259.528274,0
HPQ.US,D,20010418,000000,9.89541,11.1067,9.75775,10.4206,46337570.102729,0
HPQ.US,D,20010419,000000,10.1902,10.6802,9.7968,10.6157,41793648.000885,0
HPQ.US,D,20010420,000000,10.6157,10.647,10.1355,10.3522,24832227.166649,0
HPQ.US,D,20010423,000000,10.1248,10.1325,9.88363,10.1101,15611809.238998,0
HPQ.US,D,20010424,000000,9.96273,10.2048,9.46982,9.60842,20661533.071892,0
HPQ.US,D,20010425,000000,9.60842,9.7109,9.3273,9.53813,20226450.782299,0
HPQ.US,D,20010426,000000,9.53813,9.60257,9.12995,9.12995,22774131.287992,0
HPQ.US,D,20010427,000000,9.24346,9.38977,9.17036,9.27157,16189548.564054,0
HPQ.US,D,20010430,000000,9.35366,9.58401,9.17904,9.28534,18214587.327407,0
HPQ.US,D,20010501,000000,9.1117,9.33902,9.04903,9.29217,21599335.340756,0
HPQ.US,D,20010502,000000,9.53813,9.5518,9.23087,9.35562,23446487.974034,0
HPQ.US,D,20010503,000000,9.19534,9.25703,8.94167,9.00316,26010071.056548,0
HPQ.US,D,20010504,000000,8.8828,9.09638,8.81594,9.06152,21189066.890272,0
HPQ.US,D,20010507,000000,9.17611,9.30973,8.90126,9.03761,17915450.452302,0
HPQ.US,D,20010508,000000,9.14624,9.16264,8.77554,8.92663,19390294.071625,0
HPQ.US,D,20010509,000000,8.80218,8.93034,8.69043,8.81594,18920925.244478,0
HPQ.US,D,20010510,000000,9.0302,9.04542,8.66944,8.68047,15856138.470136,0
HPQ.US,D,20010511,000000,8.6548,8.81594,8.45831,8.5528,16945807.171644,0
HPQ.US,D,20010514,000000,8.49385,8.5162,8.1649,8.45831,20234117.254556,0
HPQ.US,D,20010515,000000,8.20444,8.45831,8.19761,8.29532,21752428.122096,0
HPQ.US,D,20010516,000000,8.2468,8.81594,8.20444,8.73796,26964416.226324,0
HPQ.US,D,20010517,000000,9.37417,10.1248,9.09256,10.0926,92563696.151922,0
HPQ.US,D,20010518,000000,9.7968,9.83196,9.41027,9.74994,31792481.374398,0
HPQ.US,D,20010521,000000,9.6992,10.1082,9.50397,10.0418,24480438.23459,0
HPQ.US,D,20010522,000000,10.1248,10.2458,9.89541,10.0594,21862641.728863,0
HPQ.US,D,20010523,000000,10.1209,10.1209,9.63671,9.66014,19870078.15428,0
HPQ.US,D,20010524,000000,9.6992,9.89541,9.6172,9.82802,12560785.84676,0
HPQ.US,D,20010525,000000,9.84757,9.86713,9.76459,9.81339,12747548.405492,0
HPQ.US,D,20010529,000000,9.81729,9.9442,9.63868,9.87095,19298436.763593,0
HPQ.US,D,20010530,000000,9.65136,9.65429,9.41223,9.41711,20494359.307699,0
HPQ.US,D,20010531,000000,9.42101,9.7968,9.38977,9.57621,14064702.228774,0
HPQ.US,D,20010601,000000,9.63671,9.73335,9.50397,9.5518,12472302.278288,0
HPQ.US,D,20010604,000000,9.49519,9.79094,9.47372,9.66894,12698245.499654,0
HPQ.US,D,20010605,000000,9.66894,9.88755,9.51178,9.81339,21036292.7342,0
HPQ.US,D,20010606,000000,9.81729,9.87783,9.34683,9.37709,28446922.21983,0
HPQ.US,D,20010607,000000,9.24346,9.66894,9.24346,9.5518,20168594.171147,0
HPQ.US,D,20010608,000000,9.33902,9.4542,9.20861,9.32146,12102436.74106,0
HPQ.US,D,20010611,000000,9.15689,9.17611,8.89218,9.07949,19159752.811039,0
HPQ.US,D,20010612,000000,8.85323,9.41711,8.82717,9.24346,13345498.407841,0
HPQ.US,D,20010613,000000,9.07949,9.33902,9.0302,9.1117,10660977.058455,0
HPQ.US,D,20010614,000000,8.84571,8.89315,8.69043,8.75445,29372479.443072,0
HPQ.US,D,20010615,000000,8.79662,9.16548,8.79662,8.81594,29748462.380519,0
HPQ.US,D,20010618,000000,8.81331,8.86798,8.71669,8.7241,14097469.40533,0
HPQ.US,D,20010619,000000,8.7692,8.86533,8.35827,8.49385,17706652.548751,0
HPQ.US,D,20010620,000000,8.40483,8.85587,8.30498,8.79662,17028478.646422,0
HPQ.US,D,20010621,000000,8.63371,8.98627,8.5162,8.70399,15131728.045968,0
HPQ.US,D,20010622,000000,8.70399,8.75445,8.5162,8.61362,13269272.179216,0
HPQ.US,D,20010625,000000,8.57251,8.80775,8.52595,8.77192,9379941.6118825,0
HPQ.US,D,20010626,000000,8.55642,8.8096,8.55642,8.65851,13159657.915799,0
HPQ.US,D,20010627,000000,8.57593,8.8828,8.5403,8.63986,12714791.474121,0
HPQ.US,D,20010628,000000,8.75445,8.98237,8.6548,8.89754,16293345.611185,0
HPQ.US,D,20010629,000000,8.81594,9.38977,8.77935,9.33902,22158720.416117,0
HPQ.US,D,20010702,000000,9.43468,9.52447,9.17611,9.37417,16980706.371288,0
HPQ.US,D,20010703,000000,9.42393,9.45127,9.19534,9.27557,5157809.514645,0
HPQ.US,D,20010705,000000,9.25997,9.29217,8.98237,9.02287,17830948.162889,0
HPQ.US,D,20010706,000000,8.83468,8.84289,8.49385,8.63371,14736153.240424,0
HPQ.US,D,20010709,000000,8.56988,8.8505,8.50556,8.71951,10633419.55869,0
HPQ.US,D,20010710,000000,8.71951,8.81594,8.23128,8.31278,22302005.481445,0
HPQ.US,D,20010711,000000,8.2468,8.4831,8.16822,8.42239,12520056.112089,0
HPQ.US,D,20010712,000000,8.58579,8.91912,8.34509,8.82355,13686883.354097,0
HPQ.US,D,20010713,000000,8.82717,9.17611,8.78646,9.13942,13042396.645976,0
HPQ.US,D,20010716,000000,9.07949,9.07949,8.59223,8.62464,20337604.897088,0
HPQ.US,D,20010717,000000,8.68671,8.71951,8.5403,8.62464,15548423.301272,0
HPQ.US,D,20010718,000000,8.62464,8.71669,8.41361,8.56988,18356353.031736,0
HPQ.US,D,20010719,000000,8.71951,8.74713,8.52245,8.65851,18477289.249571,0
HPQ.US,D,20010720,000000,8.73796,8.80775,8.43294,8.63001,23469449.483617,0
HPQ.US,D,20010723,000000,8.55642,8.6548,8.21566,8.55642,21460646.265612,0
HPQ.US,D,20010724,000000,8.49385,8.55045,8.36432,8.41019,11695537.932063,0
HPQ.US,D,20010725,000000,8.6548,8.6548,8.32957,8.38629,20439547.565657,0
HPQ.US,D,20010726,000000,8.0184,8.32957,7.65881,7.83792,50540421.785509,0
HPQ.US,D,20010727,000000,7.83792,8.06769,7.72362,7.95544,17973324.48027,0
HPQ.US,D,20010730,000000,7.95544,7.99653,7.77409,7.90752,16979780.206525,0
HPQ.US,D,20010731,000000,7.90752,8.23128,7.83792,8.05422,21680170.878306,0
HPQ.US,D,20010801,000000,8.1649,8.4261,8.10693,8.33298,17164410.74217,0
HPQ.US,D,20010802,000000,8.52245,8.63625,8.41634,8.46193,18119980.211604,0
HPQ.US,D,20010803,000000,8.47628,8.47628,8.19761,8.25939,14090735.244947,0
HPQ.US,D,20010806,000000,8.29532,8.3162,8.13192,8.24074,10253452.268628,0
HPQ.US,D,20010807,000000,8.25939,8.29532,8.0838,8.20444,9674472.2516183,0
HPQ.US,D,20010808,000000,8.20444,8.31278,8.0513,8.0838,16504607.481832,0
HPQ.US,D,20010809,000000,8.0838,8.16822,8.0184,8.06769,10973886.536331,0
HPQ.US,D,20010810,000000,8.14861,8.19761,8.00337,8.19761,10955510.771747,0
HPQ.US,D,20010813,000000,8.14861,8.27873,8.08712,8.12322,9047133.9348673,0
HPQ.US,D,20010814,000000,8.21566,8.28574,8.0838,8.1207,8536128.6741385,0
HPQ.US,D,20010815,000000,8.11728,8.1649,7.84134,7.87043,16685851.983693,0
HPQ.US,D,20010816,000000,7.75691,7.88029,7.53817,7.88029,22660232.488027,0
HPQ.US,D,20010817,000000,7.88029,8.04036,7.67502,7.85511,27072810.288158,0
HPQ.US,D,20010820,000000,7.93622,8.11728,7.87043,8.08038,14398131.788546,0
HPQ.US,D,20010821,000000,8.06769,8.28887,7.95202,8.06769,16305896.987854,0
HPQ.US,D,20010822,000000,7.93953,8.06525,7.83539,8.00337,14905159.86829,0
HPQ.US,D,20010823,000000,8.00337,8.04788,7.80943,7.84134,11322922.587066,0
HPQ.US,D,20010824,000000,7.9042,8.27247,7.85872,8.20785,11815861.487809,0
HPQ.US,D,20010827,000000,8.27873,8.28574,8.11025,8.17271,8266696.6896655,0
HPQ.US,D,20010828,000000,8.18219,8.19761,7.93622,8.03704,7929906.7090742,0
HPQ.US,D,20010829,000000,8.0184,8.0184,7.80582,7.82309,9219820.633339,0
HPQ.US,D,20010830,000000,7.70869,7.89093,7.51845,7.64271,16756894.14849,0
HPQ.US,D,20010831,000000,7.56121,7.67502,7.51553,7.58014,15786939.414195,0
HPQ.US,D,20010904,000000,6.90802,6.94053,6.12365,6.16348,106669440.59352,0
HPQ.US,D,20010905,000000,6.16348,6.20516,5.55275,5.94748,121881989.83378,0
HPQ.US,D,20010906,000000,5.87916,5.9834,5.61786,5.78076,57020893.959641,0
HPQ.US,D,20010907,000000,5.69946,5.90551,5.6896,5.90551,51893709.353278,0
HPQ.US,D,20010910,000000,5.87916,5.93781,5.71859,5.84284,40765513.932098,0
HPQ.US,D,20010917,000000,5.24217,5.46793,5.06218,5.23251,55717517.861723,0
HPQ.US,D,20010918,000000,5.23251,5.29136,5.19346,5.29136,41286621.970178,0
HPQ.US,D,20010919,000000,5.29136,5.29468,4.87312,5.02978,55923876.386624,0
HPQ.US,D,20010920,000000,4.86599,4.99727,4.69312,4.73598,35816219.553886,0
HPQ.US,D,20010921,000000,4.32779,5.06218,4.08289,4.88619,61732907.79429,0
HPQ.US,D,20010924,000000,5.15071,5.25818,5.06218,5.25818,53010935.554553,0
HPQ.US,D,20010925,000000,5.19346,5.29136,5.14388,5.22929,39247501.199453,0
HPQ.US,D,20010926,000000,5.30776,5.3634,5.12768,5.22607,40237976.015642,0
HPQ.US,D,20010927,000000,5.25818,5.30434,5.07214,5.29136,33751692.772336,0
HPQ.US,D,20010928,000000,5.29136,5.31059,5.1473,5.24217,26934421.396945,0
HPQ.US,D,20011001,000000,5.19346,5.28462,4.89957,5.09478,24423184.040341,0
HPQ.US,D,20011002,000000,4.99727,5.0984,4.88619,4.98078,39821885.22628,0
HPQ.US,D,20011003,000000,4.89957,5.27789,4.85018,5.22607,42416714.075313,0
HPQ.US,D,20011004,000000,5.22929,5.46071,5.16047,5.22607,45465591.101204,0
HPQ.US,D,20011005,000000,5.09478,5.37306,5.09478,5.37306,33909061.894073,0
HPQ.US,D,20011008,000000,5.32338,5.63094,5.22607,5.53606,25484069.917908,0
HPQ.US,D,20011009,000000,5.53606,5.54914,5.41561,5.46071,27838859.194944,0
HPQ.US,D,20011010,000000,5.46071,5.63445,5.42206,5.55275,28253420.378123,0
HPQ.US,D,20011011,000000,5.69946,5.91176,5.68287,5.91176,37273912.732802,0
HPQ.US,D,20011012,000000,5.84596,6.02586,5.79726,5.99364,47174963.407284,0
HPQ.US,D,20011015,000000,5.94397,5.99042,5.87916,5.91819,20705616.055753,0
HPQ.US,D,20011016,000000,6.02586,6.10776,5.90551,6.04255,20393939.073685,0
HPQ.US,D,20011017,000000,6.10776,6.12365,5.86578,5.88248,24519310.517143,0
HPQ.US,D,20011018,000000,5.78076,5.8365,5.71537,5.74845,36290174.126031,0
HPQ.US,D,20011019,000000,5.79385,5.99364,5.68619,5.96748,24530038.250805,0
HPQ.US,D,20011022,000000,5.87916,5.99042,5.86247,5.97744,21961239.344389,0
HPQ.US,D,20011023,000000,5.97744,6.10776,5.81385,5.8526,31849428.213083,0
HPQ.US,D,20011024,000000,5.84596,5.92473,5.71859,5.8854,25671141.881239,0
HPQ.US,D,20011025,000000,5.81385,5.96095,5.70941,5.92473,27520128.402707,0
HPQ.US,D,20011026,000000,5.82987,5.90551,5.78076,5.82987,22470098.23877,0
HPQ.US,D,20011029,000000,5.79726,5.82655,5.67007,5.68287,22791581.912332,0
HPQ.US,D,20011030,000000,5.63445,5.63445,5.49341,5.5425,24198138.297219,0
HPQ.US,D,20011031,000000,5.58545,5.74543,5.45769,5.49692,20134297.388406,0
HPQ.US,D,20011101,000000,5.49692,5.69623,5.42791,5.65026,18049254.623035,0
HPQ.US,D,20011102,000000,5.48736,5.55275,5.45417,5.5263,28896376.455541,0
HPQ.US,D,20011105,000000,5.50356,5.61786,5.47057,5.51606,26890636.54798,0
HPQ.US,D,20011106,000000,5.51976,6.54492,5.50678,6.46987,105614361.68706,0
HPQ.US,D,20011107,000000,6.53175,6.53175,6.20886,6.26431,64962123.64765,0
HPQ.US,D,20011108,000000,6.22253,6.23795,5.98017,5.99364,41474918.233168,0
HPQ.US,D,20011109,000000,5.99364,6.30393,5.97744,6.20222,24182831.990188,0
HPQ.US,D,20011112,000000,6.17256,6.33663,6.02586,6.30393,21054963.560125,0
HPQ.US,D,20011113,000000,6.36894,6.66323,6.35899,6.60721,35938081.936484,0
HPQ.US,D,20011114,000000,7.46282,7.62349,7.00261,7.21158,74770404.168077,0
HPQ.US,D,20011115,000000,7.13028,7.30694,7.00573,7.2149,40593445.018306,0
HPQ.US,D,20011116,000000,7.17898,7.18825,6.97654,7.02242,31121346.938977,0
HPQ.US,D,20011119,000000,7.02242,7.13632,6.95702,7.03891,20988520.459064,0
HPQ.US,D,20011120,000000,7.02242,7.02242,6.80964,6.84263,20791660.245575,0
HPQ.US,D,20011121,000000,6.69534,6.79646,6.58114,6.70197,16900487.593901,0
HPQ.US,D,20011123,000000,6.74463,6.91476,6.74181,6.83912,7789984.1136029,0
HPQ.US,D,20011126,000000,6.83912,6.95702,6.82975,6.90148,22788824.932933,0
HPQ.US,D,20011127,000000,6.95702,6.95702,6.53175,6.63004,29056814.010315,0
HPQ.US,D,20011128,000000,6.63004,6.80964,6.57177,6.58758,18403497.277004,0
HPQ.US,D,20011129,000000,6.63004,7.03891,6.61003,6.98933,24795488.95622,0
HPQ.US,D,20011130,000000,6.98933,7.21852,6.954,7.18239,34135012.287069,0
HPQ.US,D,20011203,000000,7.15311,7.18239,7.01881,7.01881,30126894.941802,0
HPQ.US,D,20011204,000000,7.05443,7.37527,7.04809,7.34842,27092709.511815,0
HPQ.US,D,20011205,000000,7.38191,7.62631,7.35174,7.61596,35835190.563744,0
HPQ.US,D,20011206,000000,7.51231,7.70518,7.51231,7.61997,26180005.898214,0
HPQ.US,D,20011207,000000,7.62349,7.70869,7.47971,7.68234,23066835.211165,0
HPQ.US,D,20011210,000000,7.47971,7.85189,7.39743,7.51231,46556788.38438,0
HPQ.US,D,20011211,000000,7.49522,7.5086,7.13964,7.18239,34009178.870599,0
HPQ.US,D,20011212,000000,7.14325,7.20163,6.94053,7.12334,34246156.156672,0
HPQ.US,D,20011213,000000,7.02564,7.02564,6.80964,6.88158,28243004.098098,0
HPQ.US,D,20011214,000000,6.78113,6.85942,6.69534,6.85942,25587253.278432,0
HPQ.US,D,20011217,000000,6.85942,6.94053,6.69534,6.78113,21599335.340756,0
HPQ.US,D,20011218,000000,6.78113,6.80964,6.58416,6.69534,29747553.632572,0
HPQ.US,D,20011219,000000,6.66636,6.76738,6.56211,6.76102,22636353.00983,0
HPQ.US,D,20011220,000000,6.66938,6.76102,6.58416,6.76102,26361569.02534,0
HPQ.US,D,20011221,000000,6.72843,6.95702,6.69856,6.85942,30667905.277096,0
HPQ.US,D,20011224,000000,6.85581,6.87153,6.76416,6.78358,8622463.827226,0
HPQ.US,D,20011226,000000,6.73858,6.87153,6.71203,6.82633,14421403.727246,0
HPQ.US,D,20011227,000000,6.82633,6.85239,6.74463,6.79353,12971664.910297,0
HPQ.US,D,20011228,000000,6.73477,6.84263,6.69856,6.79998,16510118.367074,0
HPQ.US,D,20011231,000000,6.67914,6.85942,6.67914,6.70871,17077759.012852,0
HPQ.US,D,20020102,000000,6.72843,7.1006,6.69534,7.07142,18725903.017254,0
HPQ.US,D,20020103,000000,7.02242,7.50206,7.02242,7.49864,32544750.506782,0
HPQ.US,D,20020104,000000,7.49864,7.56442,7.3166,7.56442,21190911.02365,0
HPQ.US,D,20020107,000000,7.62631,7.75379,7.35174,7.51845,21783963.827364,0
HPQ.US,D,20020108,000000,7.51231,7.56442,7.38191,7.44018,13800171.541009,0
HPQ.US,D,20020109,000000,7.44682,7.87697,7.44682,7.66213,37666110.725228,0
HPQ.US,D,20020110,000000,7.66213,7.66213,7.51553,7.61997,13764658.654759,0
HPQ.US,D,20020111,000000,7.67502,7.67502,7.34842,7.47318,16283547.115841,0
HPQ.US,D,20020114,000000,7.4762,7.51231,7.31866,7.35546,18161008.081171,0
HPQ.US,D,20020115,000000,7.49522,7.54501,7.40093,7.53817,24661083.393103,0
HPQ.US,D,20020116,000000,7.47971,7.48312,7.28352,7.32246,23586103.213942,0
HPQ.US,D,20020117,000000,7.41363,7.70869,7.3453,7.68526,28724305.492714,0
HPQ.US,D,20020118,000000,7.47971,7.54501,7.36561,7.38484,19776373.639314,0
HPQ.US,D,20020122,000000,7.44018,7.44369,7.07455,7.12334,17026019.801919,0
HPQ.US,D,20020123,000000,7.12334,7.32568,6.95702,7.23784,21087417.234006,0
HPQ.US,D,20020124,000000,7.30051,7.55116,7.26342,7.39098,24412162.269857,0
HPQ.US,D,20020125,000000,7.22125,7.44018,7.15311,7.33847,17456804.236224,0
HPQ.US,D,20020128,000000,7.27024,7.34842,7.10714,7.20846,13015452.832818,0
HPQ.US,D,20020129,000000,7.29025,7.3166,6.82633,6.83912,23191131.849821,0
HPQ.US,D,20020130,000000,7.01881,7.18552,6.59773,7.17225,24504326.933454,0
HPQ.US,D,20020131,000000,7.18552,7.23111,6.97654,7.22125,24829780.616367,0
HPQ.US,D,20020201,000000,7.16893,7.32871,7.12334,7.18552,26043452.94423,0
HPQ.US,D,20020204,000000,7.44682,7.52529,7.07142,7.19851,35576486.312933,0
HPQ.US,D,20020205,000000,7.18552,7.21852,6.9827,6.9861,19995602.16615,0
HPQ.US,D,20020206,000000,7.14647,7.14647,6.79353,6.80964,32919506.071016,0
HPQ.US,D,20020207,000000,6.97333,6.9861,6.78358,6.79353,18847141.468059,0
HPQ.US,D,20020208,000000,6.78113,6.84263,6.50267,6.66323,29739283.718893,0
HPQ.US,D,20020211,000000,6.66323,6.82633,6.57792,6.80964,16319065.124686,0
HPQ.US,D,20020212,000000,6.77752,6.84263,6.66323,6.78358,20192157.073115,0
HPQ.US,D,20020213,000000,6.78358,6.92706,6.74756,6.85239,20006012.299064,0
HPQ.US,D,20020214,000000,6.90802,6.90802,6.79353,6.81939,29345230.323387,0
HPQ.US,D,20020215,000000,6.90148,6.90148,6.58114,6.64946,28858728.472647,0
HPQ.US,D,20020219,000000,6.56835,6.70519,6.45035,6.45366,21146204.107995,0
HPQ.US,D,20020220,000000,6.53175,6.54492,6.31028,6.47348,16281710.154095,0
HPQ.US,D,20020221,000000,6.49983,6.53175,6.31028,6.35498,17627960.303994,0
HPQ.US,D,20020222,000000,6.3136,6.41501,6.18242,6.30062,18267558.009628,0
HPQ.US,D,20020225,000000,6.30393,6.53175,6.30393,6.52491,23212569.90033,0
HPQ.US,D,20020226,000000,6.66323,6.74463,6.45679,6.53487,30080358.236031,0
HPQ.US,D,20020227,000000,6.65962,6.69534,6.48333,6.542,18304300.31813,0
HPQ.US,D,20020228,000000,6.66323,6.66323,6.53175,6.57177,23615796.834869,0
HPQ.US,D,20020301,000000,6.5747,6.7214,6.51594,6.60085,20798697.663446,0
HPQ.US,D,20020304,000000,6.66323,6.94053,6.63004,6.71203,31184109.96943,0
HPQ.US,D,20020305,000000,6.76102,6.97333,6.71818,6.72843,41355201.192398,0
HPQ.US,D,20020306,000000,6.64293,6.70197,6.48011,6.59071,49215000.097586,0
HPQ.US,D,20020307,000000,6.63004,6.67914,6.48011,6.53175,50740353.50559,0
HPQ.US,D,20020308,000000,6.59773,6.82633,6.58114,6.72492,58934490.718496,0
HPQ.US,D,20020311,000000,6.69534,6.93087,6.6889,6.85239,34431382.962108,0
HPQ.US,D,20020312,000000,6.71203,6.79011,6.63004,6.71555,37878297.73612,0
HPQ.US,D,20020313,000000,6.69534,6.83912,6.56543,6.56835,54355046.509734,0
HPQ.US,D,20020314,000000,6.56835,6.5747,6.33,6.33663,40082748.137659,0
HPQ.US,D,20020315,000000,6.45035,6.46352,6.15705,6.22253,50344776.651009,0
HPQ.US,D,20020318,000000,6.33663,6.57792,6.26099,6.28734,60703552.499399,0
HPQ.US,D,20020319,000000,6.46674,6.53175,5.97744,6.14044,107151348.50312,0
HPQ.US,D,20020320,000000,6.06529,6.09789,5.94397,5.94397,68968716.509324,0
HPQ.US,D,20020321,000000,5.96095,6.10776,5.93107,6.04255,44944479.989569,0
HPQ.US,D,20020322,000000,6.02586,6.02586,5.71537,5.92776,60265420.218104,0
HPQ.US,D,20020325,000000,5.92776,6.00907,5.80058,5.91819,40932071.960646,0
HPQ.US,D,20020326,000000,5.87916,5.96436,5.84596,5.90551,27310095.954312,0
HPQ.US,D,20020327,000000,5.84958,5.90551,5.7383,5.80389,27311323.327526,0
HPQ.US,D,20020328,000000,5.7222,5.99364,5.7222,5.85972,59845970.032438,0
HPQ.US,D,20020401,000000,5.84596,5.91176,5.76114,5.84596,33793629.389851,0
HPQ.US,D,20020402,000000,5.84596,5.84596,5.66648,5.69946,31038369.133153,0
HPQ.US,D,20020403,000000,5.74212,5.76798,5.58545,5.67311,31098991.944372,0
HPQ.US,D,20020404,000000,5.69946,5.69946,5.61073,5.63445,34910863.787272,0
HPQ.US,D,20020405,000000,5.63445,5.67311,5.52952,5.54914,27544624.641067,0
HPQ.US,D,20020408,000000,5.51284,5.68287,5.42206,5.59141,40935135.271089,0
HPQ.US,D,20020409,000000,5.84596,5.84596,5.65642,5.68619,62712974.526604,0
HPQ.US,D,20020410,000000,5.77773,5.79726,5.07946,5.78721,44570330.940312,0
HPQ.US,D,20020411,000000,5.74845,5.87252,5.71859,5.84596,48785740.146872,0
HPQ.US,D,20020412,000000,5.869,5.87252,5.79726,5.81385,28533867.985969,0
HPQ.US,D,20020415,000000,5.84596,5.87252,5.78389,5.83962,26253486.417144,0
HPQ.US,D,20020416,000000,5.87574,6.07847,5.86247,6.07553,28310055.763171,0
HPQ.US,D,20020417,000000,6.09087,6.14044,6.02946,6.09087,24908464.664978,0
HPQ.US,D,20020418,000000,6.00907,6.09438,5.91176,5.94397,46828063.477712,0
HPQ.US,D,20020419,000000,6.09789,6.10776,6.03249,6.10452,30343975.053254,0
HPQ.US,D,20020422,000000,6.05827,6.05827,5.92093,5.96748,22774435.569999,0
HPQ.US,D,20020423,000000,5.96748,6.02244,5.81385,5.89243,46795615.950941,0
HPQ.US,D,20020424,000000,5.79726,5.89243,5.58848,5.62098,43134071.713831,0
HPQ.US,D,20020425,000000,5.49692,5.71283,5.49341,5.67613,56166980.293582,0
HPQ.US,D,20020426,000000,5.67613,5.71537,5.53606,5.53909,33935696.302632,0
HPQ.US,D,20020429,000000,5.48355,5.60761,5.40917,5.5425,24823353.81155,0
HPQ.US,D,20020430,000000,5.49341,5.69946,5.48736,5.58545,37720620.234301,0
HPQ.US,D,20020501,000000,5.53606,5.56857,5.31059,5.50678,59735434.726851,0
HPQ.US,D,20020502,000000,5.54914,5.69946,5.53294,5.58155,47448680.952822,0
HPQ.US,D,20020503,000000,5.58155,5.70941,5.56857,5.69623,60029058.667676,0
HPQ.US,D,20020506,000000,5.69623,6.00907,5.68619,5.9507,59061240.054543,0
HPQ.US,D,20020507,000000,6.15705,6.20516,5.99364,6.01238,84616652.321181,0
HPQ.US,D,20020508,000000,6.20516,6.53175,6.18925,6.53175,75766997.409003,0
HPQ.US,D,20020509,000000,6.53175,6.58114,6.45035,6.53487,64758526.200222,0
HPQ.US,D,20020510,000000,6.53175,6.53487,6.20516,6.29037,43796943.407205,0
HPQ.US,D,20020513,000000,6.44429,6.55839,6.29037,6.52491,52073436.543176,0
HPQ.US,D,20020514,000000,6.67591,6.73858,6.63004,6.69534,53142284.978858,0
HPQ.US,D,20020515,000000,6.41804,6.45035,6.23795,6.32004,68528449.131387,0
HPQ.US,D,20020516,000000,6.12365,6.45679,6.12043,6.40164,41720470.739444,0
HPQ.US,D,20020517,000000,6.36894,6.50999,6.33966,6.4276,37124801.23052,0
HPQ.US,D,20020520,000000,6.32004,6.43092,6.29349,6.36544,30721175.118732,0
HPQ.US,D,20020521,000000,6.36894,6.43092,6.19237,6.20516,27540951.742091,0
HPQ.US,D,20020522,000000,6.17256,6.30393,6.16017,6.28402,27483381.996131,0
HPQ.US,D,20020523,000000,6.27055,6.33351,6.17032,6.30393,33227521.423813,0
HPQ.US,D,20020524,000000,6.33351,6.35235,6.10452,6.10452,25080841.958849,0
HPQ.US,D,20020528,000000,6.1991,6.21901,6.04597,6.10776,25276179.737785,0
HPQ.US,D,20020529,000000,6.10776,6.14044,6.06529,6.06529,21420529.193029,0
HPQ.US,D,20020530,000000,6.04255,6.27749,6.03249,6.27055,34502116.746825,0
HPQ.US,D,20020531,000000,6.25445,6.30062,6.21248,6.23512,34474254.965051,0
HPQ.US,D,20020603,000000,6.24527,6.26753,6.13713,6.15705,31731549.158579,0
HPQ.US,D,20020604,000000,6.10092,6.23795,6.09789,6.1955,35430130.765532,0
HPQ.US,D,20020605,000000,6.1991,6.1991,5.96095,6.13713,29939514.59839,0
HPQ.US,D,20020606,000000,5.9998,6.33351,5.96095,5.99364,29113761.873519,0
HPQ.US,D,20020607,000000,5.87916,6.12737,5.85972,6.10452,41080262.420758,0
HPQ.US,D,20020610,000000,6.04255,6.18925,5.94748,5.97412,20844314.351566,0
HPQ.US,D,20020611,000000,6.10452,6.10776,5.97412,5.99364,25719215.364825,0
HPQ.US,D,20020612,000000,5.89575,5.94397,5.79385,5.86578,26419438.955234,0
HPQ.US,D,20020613,000000,5.80389,5.84596,5.6896,5.71537,22672794.109881,0
HPQ.US,D,20020614,000000,5.65026,5.72542,5.55275,5.66648,30394800.393648,0
HPQ.US,D,20020617,000000,5.73226,5.85972,5.62782,5.79385,20768385.233319,0
HPQ.US,D,20020618,000000,5.79053,5.87252,5.68287,5.8365,21174374.269849,0
HPQ.US,D,20020619,000000,5.73226,5.74543,5.50356,5.53606,29041197.274166,0
HPQ.US,D,20020620,000000,5.51976,5.57218,5.37306,5.43845,20923615.160339,0
HPQ.US,D,20020621,000000,5.32338,5.54602,5.30776,5.37647,33751067.816024,0
HPQ.US,D,20020624,000000,5.22607,5.31342,5.06218,5.19346,37544866.127311,0
HPQ.US,D,20020625,000000,5.22607,5.25525,4.78791,4.89645,40647633.853075,0
HPQ.US,D,20020626,000000,4.57219,4.89957,4.57219,4.84082,44951521.505514,0
HPQ.US,D,20020627,000000,4.88951,4.95804,4.76887,4.95804,40632024.288557,0
HPQ.US,D,20020628,000000,4.84082,4.99395,4.8374,4.99093,43952782.922757,0
HPQ.US,D,20020701,000000,4.98078,5.05262,4.89323,4.93188,29151110.696999,0
HPQ.US,D,20020702,000000,4.96477,4.96477,4.69654,4.77492,35376246.21277,0
HPQ.US,D,20020703,000000,4.70368,5.01671,4.68649,4.97082,28197081.078933,0
HPQ.US,D,20020705,000000,5.14388,5.35646,5.11147,5.32338,22739844.750436,0
HPQ.US,D,20020708,000000,5.26833,5.32338,5.15071,5.23251,38162121.132563,0
HPQ.US,D,20020709,000000,5.17698,5.32338,5.15071,5.1673,27627292.017771,0
HPQ.US,D,20020710,000000,5.20879,5.20879,4.96779,4.98078,27071882.074358,0
HPQ.US,D,20020711,000000,4.86599,5.01329,4.77834,4.97453,34264225.590212,0
HPQ.US,D,20020712,000000,4.93188,5.02978,4.82773,4.98703,24673935.978223,0
HPQ.US,D,20020715,000000,4.81788,4.89957,4.53989,4.89957,42785965.925934,0
HPQ.US,D,20020716,000000,4.89645,4.95452,4.63837,4.6575,39118909.779065,0
HPQ.US,D,20020717,000000,4.78479,4.85018,4.41925,4.43174,42861274.185945,0
HPQ.US,D,20020718,000000,4.4291,4.56937,4.2456,4.3603,32974916.131887,0
HPQ.US,D,20020719,000000,4.148,4.2456,4.0991,4.1805,38538095.873863,0
HPQ.US,D,20020722,000000,4.1151,4.27518,3.8215,3.9194,44622688.960444,0
HPQ.US,D,20020723,000000,3.75631,4.00071,3.67763,3.76274,46557708.402031,0
HPQ.US,D,20020724,000000,3.51111,3.92955,3.51111,3.9194,59076244.128602,0
HPQ.US,D,20020725,000000,3.9194,3.9194,3.70076,3.85391,38839063.563603,0
HPQ.US,D,20020726,000000,3.72262,3.94234,3.65791,3.80842,42679099.421248,0
HPQ.US,D,20020729,000000,3.90291,4.29168,3.90291,4.23964,34676940.590977,0
HPQ.US,D,20020730,000000,4.23964,4.61846,4.18685,4.52681,44781607.154219,0
HPQ.US,D,20020731,000000,4.49128,4.62139,4.2784,4.62139,37404643.347908,0
HPQ.US,D,20020801,000000,4.53989,4.61846,4.38323,4.47146,42351185.869312,0
HPQ.US,D,20020802,000000,4.31119,4.40939,4.08621,4.1805,32975231.683598,0
HPQ.US,D,20020805,000000,4.1805,4.18381,3.8869,3.9522,33159847.875983,0
HPQ.US,D,20020806,000000,3.95513,4.24296,3.9522,4.1314,23121943.039067,0
HPQ.US,D,20020807,000000,4.2948,4.33413,3.98471,4.21964,31915255.578498,0
HPQ.US,D,20020808,000000,4.2622,4.45165,4.0991,4.42559,31957506.723206,0
HPQ.US,D,20020809,000000,4.2948,4.40655,4.24296,4.37981,19388151.803353,0
HPQ.US,D,20020812,000000,4.37981,4.37981,4.2622,4.34712,17452213.368634,0
HPQ.US,D,20020813,000000,4.2948,4.62139,4.26863,4.31754,23408828.721436,0
HPQ.US,D,20020814,000000,4.3603,4.80098,4.32779,4.77834,24743439.31617,0
HPQ.US,D,20020815,000000,4.88951,4.98078,4.73598,4.89957,35316850.774767,0
HPQ.US,D,20020816,000000,4.89957,5.02665,4.78791,4.9186,23334733.491379,0
HPQ.US,D,20020819,000000,4.84082,5.02978,4.81788,4.89957,27149969.853177,0
HPQ.US,D,20020820,000000,4.89645,4.89645,4.68649,4.7391,22890475.613717,0
HPQ.US,D,20020821,000000,4.80098,4.86287,4.61475,4.80098,22766471.987365,0
HPQ.US,D,20020822,000000,4.89323,5.02978,4.81788,4.99727,24555455.531334,0
HPQ.US,D,20020823,000000,4.89957,4.91206,4.69312,4.80098,21764060.505632,0
HPQ.US,D,20020826,000000,4.86599,4.89957,4.7065,4.85018,19730152.485253,0
HPQ.US,D,20020827,000000,4.76887,4.84676,4.55648,4.64131,25484069.917908,0
HPQ.US,D,20020828,000000,4.65419,4.76517,4.51032,4.66062,33593082.958643,0
HPQ.US,D,20020829,000000,4.40939,4.62139,4.40939,4.51636,34115726.750018,0
HPQ.US,D,20020830,000000,4.44179,4.49128,4.3603,4.38625,31642145.572456,0
HPQ.US,D,20020903,000000,4.25194,4.25586,4.08289,4.0991,28538160.718663,0
HPQ.US,D,20020904,000000,4.1805,4.29811,4.08289,4.27195,31562546.628788,0
HPQ.US,D,20020905,000000,4.1151,4.2948,4.1151,4.1968,20849524.028357,0
HPQ.US,D,20020906,000000,4.32779,4.54262,4.31754,4.40939,29531688.600112,0
HPQ.US,D,20020909,000000,4.30193,4.53989,4.27195,4.40939,21514526.720298,0
HPQ.US,D,20020910,000000,4.44179,4.63837,4.43174,4.62462,25158608.038844,0
HPQ.US,D,20020911,000000,4.76887,4.77834,4.65419,4.68971,18948783.952696,0
HPQ.US,D,20020912,000000,4.60499,4.60841,4.43174,4.44179,22804440.644563,0
HPQ.US,D,20020913,000000,4.40939,4.53989,4.3766,4.40939,19242408.91804,0
HPQ.US,D,20020916,000000,4.37348,4.46445,4.31481,4.45809,25776468.534555,0
HPQ.US,D,20020917,000000,4.58908,4.58908,4.3438,4.3603,18868876.628946,0
HPQ.US,D,20020918,000000,4.2456,4.41603,4.21964,4.37348,20531401.800135,0
HPQ.US,D,20020919,000000,4.1805,4.26863,4.10212,4.1968,25444575.752598,0
HPQ.US,D,20020920,000000,4.1968,4.24296,4.07596,4.22677,52548927.893136,0
HPQ.US,D,20020923,000000,4.08289,4.27195,4.0662,4.20686,27927032.334297,0
HPQ.US,D,20020924,000000,4.0173,4.10886,3.96869,4.01447,31475901.046583,0
HPQ.US,D,20020925,000000,3.93522,4.22677,3.9194,4.19348,37171952.647418,0
HPQ.US,D,20020926,000000,4.21329,4.21329,3.89364,3.94234,39762495.935387,0
HPQ.US,D,20020927,000000,3.90642,4.14176,3.90642,3.92955,22241690.025791,0
HPQ.US,D,20020930,000000,3.89598,3.94234,3.72624,3.81136,29076409.976484,0
HPQ.US,D,20021001,000000,3.8215,4.16439,3.78217,4.05976,28496527.358638,0
HPQ.US,D,20021002,000000,4.05976,4.0991,3.67441,3.8869,24757524.397097,0
HPQ.US,D,20021003,000000,3.9194,4.07596,3.89012,3.90964,22674925.10845,0
HPQ.US,D,20021004,000000,3.92955,3.99436,3.68446,3.73971,30613402.939654,0
HPQ.US,D,20021007,000000,3.83771,3.85391,3.6908,3.7723,26745500.177644,0
HPQ.US,D,20021008,000000,3.8215,3.86739,3.63889,3.76908,32051197.919431,0
HPQ.US,D,20021009,000000,3.61545,3.68749,3.56694,3.64513,41248346.981935,0
HPQ.US,D,20021010,000000,3.64513,3.89364,3.63889,3.85742,40825221.848256,0
HPQ.US,D,20021011,000000,3.9194,3.98471,3.82765,3.92574,38643119.269691,0
HPQ.US,D,20021014,000000,3.8215,4.01447,3.81136,3.99046,21026494.238856,0
HPQ.US,D,20021015,000000,4.23964,4.42227,4.1151,4.40939,50432035.919824,0
HPQ.US,D,20021016,000000,4.3438,4.3438,4.15161,4.22677,25843212.844066,0
HPQ.US,D,20021017,000000,4.40939,4.40939,4.1805,4.2456,30873039.502338,0
HPQ.US,D,20021018,000000,4.1151,4.27518,4.10212,4.27518,27992249.086662,0
HPQ.US,D,20021021,000000,4.2456,4.60499,4.16127,4.56625,26188267.615743,0
HPQ.US,D,20021022,000000,4.56625,4.56625,4.41603,4.53315,26400749.687974,0
HPQ.US,D,20021023,000000,4.52973,4.69986,4.44179,4.69986,26025695.988845,0
HPQ.US,D,20021024,000000,4.66756,4.72622,4.44501,4.50758,25517443.609441,0
HPQ.US,D,20021025,000000,4.53989,4.77834,4.52973,4.77492,22944668.54656,0
HPQ.US,D,20021028,000000,5.02978,5.22265,4.96116,4.98703,63235610.121831,0
HPQ.US,D,20021029,000000,5.04598,5.04598,4.81436,4.89957,34261766.745709,0
HPQ.US,D,20021030,000000,4.93188,5.20283,4.86599,5.11147,38621991.6483,0
HPQ.US,D,20021031,000000,5.10162,5.38849,5.09478,5.16047,49372065.961834,0
HPQ.US,D,20021101,000000,5.09478,5.37647,5.05262,5.3269,31858918.328346,0
HPQ.US,D,20021104,000000,5.58545,5.8854,5.50678,5.78076,63997680.823116,0
HPQ.US,D,20021105,000000,5.68287,5.71283,5.45417,5.59795,50546544.30832,0
HPQ.US,D,20021106,000000,5.67965,5.72874,5.50356,5.71859,41137208.234926,0
HPQ.US,D,20021107,000000,5.60107,5.71283,5.41913,5.46071,35838261.045817,0
HPQ.US,D,20021108,000000,5.45417,5.55275,5.35325,5.44773,36211176.574747,0
HPQ.US,D,20021111,000000,5.14388,5.21894,4.71938,4.85018,115255763.50463,0
HPQ.US,D,20021112,000000,4.91206,5.12113,4.9062,5.06218,65824003.969898,0
HPQ.US,D,20021113,000000,5.04598,5.38849,5.01329,5.2615,53163719.955811,0
HPQ.US,D,20021114,000000,5.34065,5.55891,5.32338,5.51976,45258309.485096,0
HPQ.US,D,20021115,000000,5.51976,5.62782,5.39864,5.51976,45288923.123674,0
HPQ.US,D,20021118,000000,5.55275,5.68287,5.45417,5.50678,30990301.796679,0
HPQ.US,D,20021119,000000,5.37306,5.64421,5.3634,5.40566,22707694.334044,0
HPQ.US,D,20021120,000000,5.34631,5.65026,5.32338,5.50356,64178323.932591,0
HPQ.US,D,20021121,000000,5.9834,6.36259,5.9834,6.20222,163912920.42726,0
HPQ.US,D,20021122,000000,6.07553,6.25445,6.07553,6.25445,54798074.965144,0
HPQ.US,D,20021125,000000,6.25142,6.34561,6.12365,6.30062,39997019.499549,0
HPQ.US,D,20021126,000000,6.23795,6.29037,6.12365,6.12365,59015311.912785,0
HPQ.US,D,20021127,000000,6.20516,6.43736,6.12365,6.39832,49772535.916975,0
HPQ.US,D,20021129,000000,6.38485,6.48011,6.33966,6.36259,17771863.154004,0
HPQ.US,D,20021202,000000,6.52491,6.74463,6.27055,6.47679,53517655.254217,0
HPQ.US,D,20021203,000000,6.46674,6.46674,6.22253,6.2808,35768448.30327,0
HPQ.US,D,20021204,000000,5.92776,6.12043,5.83962,5.9998,55573606.815564,0
HPQ.US,D,20021205,000000,6.02586,6.08227,5.94748,5.96436,22175251.022805,0
HPQ.US,D,20021206,000000,5.8526,6.23795,5.81385,6.15031,33385504.232157,0
HPQ.US,D,20021209,000000,5.82655,6.05827,5.82655,5.88881,25312308.35968,0
HPQ.US,D,20021210,000000,5.96095,6.14044,5.87916,6.10092,24276831.566495,0
HPQ.US,D,20021211,000000,5.9507,6.03953,5.89575,5.95402,34684294.585078,0
HPQ.US,D,20021212,000000,6.00907,6.21901,5.97744,6.12737,32085491.628616,0
HPQ.US,D,20021213,000000,6.07553,6.13713,5.96095,6.06841,24613009.909516,0
HPQ.US,D,20021216,000000,6.17569,6.20516,6.09087,6.18925,27282233.148021,0
HPQ.US,D,20021217,000000,6.22253,6.38485,6.18925,6.20222,46971966.327721,0
HPQ.US,D,20021218,000000,6.20222,6.20222,5.9998,6.15705,41552695.582867,0
HPQ.US,D,20021219,000000,6.09087,6.25445,6.08227,6.18925,35568823.938751,0
HPQ.US,D,20021220,000000,6.20516,6.20886,6.10092,6.17569,56435801.665004,0
HPQ.US,D,20021223,000000,6.10776,6.2156,6.08755,6.10092,32061612.150419,0
HPQ.US,D,20021224,000000,6.07553,6.12043,5.9871,6.0157,12095092.992144,0
HPQ.US,D,20021226,000000,5.99364,6.12365,5.91176,5.97412,18249492.674162,0
HPQ.US,D,20021227,000000,5.91819,6.02244,5.79726,5.85972,17651534.475665,0
HPQ.US,D,20021230,000000,5.76506,5.77773,5.60761,5.69623,30802315.962808,0
HPQ.US,D,20021231,000000,5.64089,5.70941,5.61073,5.67007,19653608.655879,0
HPQ.US,D,20030102,000000,5.75782,6.05827,5.74212,5.94397,32016591.73209,0
HPQ.US,D,20030103,000000,5.99364,6.12365,5.96436,6.06529,18870411.357723,0
HPQ.US,D,20030106,000000,6.18925,6.50627,6.17569,6.41804,36307627.823927,0
HPQ.US,D,20030107,000000,6.42438,6.59421,6.40808,6.51594,47659623.173683,0
HPQ.US,D,20030108,000000,6.51272,6.62379,6.36894,6.36894,47225786.698639,0
HPQ.US,D,20030109,000000,6.43736,6.74756,6.43424,6.6889,53352627.856371,0
HPQ.US,D,20030110,000000,6.61403,6.8847,6.53175,6.80964,51594582.723359,0
HPQ.US,D,20030113,000000,6.80964,6.92384,6.63346,6.64946,48575702.575883,0
HPQ.US,D,20030114,000000,6.61403,6.75059,6.58114,6.72843,30691173.117723,0
HPQ.US,D,20030115,000000,6.72843,6.72843,6.54854,6.61403,22869350.041364,0
HPQ.US,D,20030116,000000,6.59773,6.66636,6.51594,6.52843,23136947.113126,0
HPQ.US,D,20030117,000000,6.26753,6.44429,6.18242,6.2808,32376050.209961,0
HPQ.US,D,20030121,000000,6.18925,6.36894,6.14044,6.18242,23794295.627035,0
HPQ.US,D,20030122,000000,6.18583,6.36894,6.14044,6.18925,27310403.309875,0
HPQ.US,D,20030123,000000,6.25445,6.51272,6.25142,6.40164,24641489.47597,0
HPQ.US,D,20030124,000000,6.46674,6.46674,6.07202,6.12365,33408460.619147,0
HPQ.US,D,20030127,000000,6.04255,6.17569,5.89575,5.9998,33706061.740955,0
HPQ.US,D,20030128,000000,6.05827,6.1991,5.92473,6.13322,24524220.01,0
HPQ.US,D,20030129,000000,6.1301,6.31652,5.93459,6.30062,30620143.247147,0
HPQ.US,D,20030130,000000,6.27427,6.29037,5.86247,5.94397,31580915.221743,0
HPQ.US,D,20030131,000000,5.70941,5.70941,5.4775,5.68619,81349471.908698,0
HPQ.US,D,20030203,000000,5.69623,5.84596,5.68287,5.70941,36686664.851151,0
HPQ.US,D,20030204,000000,5.56857,5.7222,5.51284,5.71537,41021790.073961,0
HPQ.US,D,20030205,000000,5.71537,5.74845,5.56555,5.58848,33887936.32172,0
HPQ.US,D,20030206,000000,5.59141,5.63094,5.50356,5.56223,20046733.837587,0
HPQ.US,D,20030207,000000,5.56223,5.60107,5.30434,5.38243,36586550.948181,0
HPQ.US,D,20030210,000000,5.32338,5.44773,5.24217,5.43485,30316715.688385,0
HPQ.US,D,20030211,000000,5.5102,5.65026,5.412,5.50356,29315842.008985,0
HPQ.US,D,20030212,000000,5.50678,5.57853,5.42469,5.42791,26041001.271357,0
HPQ.US,D,20030213,000000,5.43143,5.62782,5.43143,5.53606,26253174.963506,0
HPQ.US,D,20030214,000000,5.63445,5.86247,5.63445,5.81073,42216170.717662,0
HPQ.US,D,20030218,000000,5.84958,6.04255,5.82987,6.02244,25972734.527291,0
HPQ.US,D,20030219,000000,5.95402,5.99364,5.7383,5.81767,26554162.1191,0
HPQ.US,D,20030220,000000,5.89575,5.89887,5.79385,5.8365,22417439.010187,0
HPQ.US,D,20030221,000000,5.87916,6.02244,5.81767,5.93459,23605390.80003,0
HPQ.US,D,20030224,000000,5.93459,5.97744,5.78389,5.79726,25747387.575717,0
HPQ.US,D,20030225,000000,5.79726,5.94397,5.63787,5.93781,34426803.364222,0
HPQ.US,D,20030226,000000,5.51976,5.5425,4.95804,5.0204,170202952.02109,0
HPQ.US,D,20030227,000000,5.05866,5.17698,4.86287,5.07595,85222267.771268,0
HPQ.US,D,20030228,000000,5.07595,5.23573,5.07595,5.17698,35936845.342603,0
HPQ.US,D,20030303,000000,5.25818,5.29136,5.14388,5.1799,28655121.804553,0
HPQ.US,D,20030304,000000,5.21894,5.21894,5.07595,5.07595,26822666.914292,0
HPQ.US,D,20030305,000000,5.07595,5.09478,4.94798,5.08209,31489365.269273,0
HPQ.US,D,20030306,000000,5.00421,5.10484,4.95452,5.07946,29068144.16088,0
HPQ.US,D,20030307,000000,4.94798,5.1799,4.93851,5.16047,32965427.041143,0
HPQ.US,D,20030310,000000,5.02978,5.10162,4.98703,5.05866,23093782.097879,0
HPQ.US,D,20030311,000000,5.02978,5.11841,5.0204,5.033,19866395.010118,0
HPQ.US,D,20030312,000000,5.02978,5.12113,4.99727,5.08531,25730241.233383,0
HPQ.US,D,20030313,000000,5.12768,5.12768,4.63125,4.89957,122910431.25813,0
HPQ.US,D,20030314,000000,5.01671,5.18332,4.94798,5.11509,50659825.323603,0
HPQ.US,D,20030317,000000,5.06218,5.42206,5.06218,5.35646,44139239.150445,0
HPQ.US,D,20030318,000000,5.40917,5.48736,5.34339,5.46793,27351732.387894,0
HPQ.US,D,20030319,000000,5.46793,5.60107,5.42206,5.53909,36791073.535854,0
HPQ.US,D,20030320,000000,5.53909,5.66344,5.45769,5.60761,29045179.577742,0
HPQ.US,D,20030321,000000,5.81385,5.81385,5.64421,5.71859,40625897.667671,0
HPQ.US,D,20030324,000000,5.63094,5.63094,5.34065,5.40566,29689059.770887,0
HPQ.US,D,20030325,000000,5.33343,5.45417,5.17384,5.392,51748585.277165,0
HPQ.US,D,20030326,000000,5.392,5.45135,5.32055,5.41561,28968635.748369,0
HPQ.US,D,20030327,000000,5.32338,5.47057,5.29136,5.36925,29330231.37192,0
HPQ.US,D,20030328,000000,5.28121,5.39864,5.28121,5.30776,21790389.607664,0
HPQ.US,D,20030331,000000,5.14388,5.50014,5.06218,5.07946,41623411.950769,0
HPQ.US,D,20030401,000000,5.12768,5.18985,5.05603,5.10162,26461379.670822,0
HPQ.US,D,20030402,000000,5.1673,5.27789,5.1673,5.22265,38766510.233955,0
HPQ.US,D,20030403,000000,5.29136,5.40566,5.24548,5.34339,25859445.31586,0
HPQ.US,D,20030404,000000,5.41913,5.42791,5.27789,5.3269,34142058.925606,0
HPQ.US,D,20030407,000000,5.46071,5.53294,5.28462,5.29468,30724239.453693,0
HPQ.US,D,20030408,000000,5.22607,5.2615,5.09478,5.14388,31768298.638711,0
HPQ.US,D,20030409,000000,5.14388,5.1473,4.99395,5.01671,37332383.030561,0
HPQ.US,D,20030410,000000,5.01671,5.12768,4.97746,5.08531,26868287.700486,0
HPQ.US,D,20030411,000000,5.20879,5.22607,4.96477,4.99727,37626924.940001,0
HPQ.US,D,20030414,000000,4.99727,5.19932,4.99727,5.18985,24688943.125838,0
HPQ.US,D,20030415,000000,4.98371,5.11509,4.98371,5.08531,41293358.179596,0
HPQ.US,D,20030416,000000,5.066,5.22929,5.05603,5.09195,37855941.716996,0
HPQ.US,D,20030417,000000,5.08209,5.12768,4.96477,4.99727,48399656.481111,0
HPQ.US,D,20030421,000000,5.02978,5.05866,4.98078,5.02978,25592152.526104,0
HPQ.US,D,20030422,000000,5.02978,5.22929,4.98371,5.17062,42086353.973097,0
HPQ.US,D,20030423,000000,5.17062,5.29136,5.12768,5.24861,42375994.585827,0
HPQ.US,D,20030424,000000,5.20879,5.21894,5.11509,5.16047,36248534.618894,0
HPQ.US,D,20030425,000000,5.16047,5.22607,5.09478,5.17698,38113739.268895,0
HPQ.US,D,20030428,000000,5.14388,5.30434,5.09478,5.2615,35711196.158058,0
HPQ.US,D,20030429,000000,5.34339,5.42791,5.2615,5.38849,34218603.779499,0
HPQ.US,D,20030430,000000,5.30776,5.37306,5.28121,5.32338,32004962.42211,0
HPQ.US,D,20030501,000000,5.32338,5.43485,5.29468,5.38849,27876519.472061,0
HPQ.US,D,20030502,000000,5.37647,5.51284,5.34339,5.43845,33380603.959967,0
HPQ.US,D,20030505,000000,5.46793,5.58155,5.45417,5.48736,32191723.956324,0
HPQ.US,D,20030506,000000,5.50356,5.74543,5.49049,5.66012,42790239.192777,0
HPQ.US,D,20030507,000000,5.57853,5.72542,5.56857,5.6242,27492580.123609,0
HPQ.US,D,20030508,000000,5.61786,5.61786,5.51606,5.58155,25268518.388122,0
HPQ.US,D,20030509,000000,5.61786,5.67007,5.58848,5.66344,23936979.299979,0
HPQ.US,D,20030512,000000,5.66344,5.73226,5.63445,5.68619,34222887.291527,0
HPQ.US,D,20030513,000000,5.68619,5.68619,5.60107,5.64421,25603172.247551,0
HPQ.US,D,20030514,000000,5.66012,5.71537,5.63787,5.6896,26097957.330709,0
HPQ.US,D,20030515,000000,5.76506,5.83962,5.67613,5.75782,31419865.004881,0
HPQ.US,D,20030516,000000,5.96095,5.96095,5.71537,5.86247,51749510.417409,0
HPQ.US,D,20030519,000000,5.78076,5.78076,5.46403,5.51284,44167417.508447,0
HPQ.US,D,20030520,000000,5.5425,5.69623,5.50356,5.56857,47557979.664527,0
HPQ.US,D,20030521,000000,5.99364,6.04255,5.82361,5.85972,104113497.34578,0
HPQ.US,D,20030522,000000,5.87252,6.03953,5.8365,6.02946,64693613.729866,0
HPQ.US,D,20030523,000000,6.00907,6.04255,5.96095,6.03953,28325975.75681,0
HPQ.US,D,20030527,000000,6.00301,6.13713,5.91819,6.10092,38953883.405738,0
HPQ.US,D,20030528,000000,6.13713,6.44761,6.08227,6.33,56489676.997098,0
HPQ.US,D,20030529,000000,6.26753,6.40164,6.18583,6.22565,32930227.657567,0
HPQ.US,D,20030530,000000,6.22839,6.38485,6.22839,6.36894,34076838.075169,0
HPQ.US,D,20030602,000000,6.46674,6.72843,6.44049,6.54854,64858335.821185,0
HPQ.US,D,20030603,000000,6.46674,6.61003,6.46674,6.55547,45282495.294338,0
HPQ.US,D,20030604,000000,6.55206,6.94365,6.55206,6.87153,71603958.516799,0
HPQ.US,D,20030605,000000,6.85581,7.15311,6.76102,7.15311,63377985.414694,0
HPQ.US,D,20030606,000000,7.25052,7.44682,7.15614,7.19529,67578080.118074,0
HPQ.US,D,20030609,000000,7.02242,7.20163,6.97947,7.03199,35518613.309484,0
HPQ.US,D,20030610,000000,7.08753,7.13632,6.97333,7.06117,30290076.157234,0
HPQ.US,D,20030611,000000,6.87494,6.95068,6.84263,6.92384,57241951.252076,0
HPQ.US,D,20030612,000000,7.00573,7.02242,6.83248,6.93721,35187943.802668,0
HPQ.US,D,20030613,000000,6.85942,6.98933,6.71555,6.85581,24258150.495384,0
HPQ.US,D,20030616,000000,6.85942,6.98933,6.79646,6.9827,24666282.824707,0
HPQ.US,D,20030617,000000,7.03891,7.08119,6.69232,7.0681,31780539.586261,0
HPQ.US,D,20030618,000000,7.08753,7.20163,7.03891,7.17557,35307656.745363,0
HPQ.US,D,20030619,000000,7.20163,7.26614,7.01881,7.05443,28298122.171185,0
HPQ.US,D,20030620,000000,7.1495,7.17898,7.02242,7.08753,42368021.782527,0
HPQ.US,D,20030623,000000,7.08753,7.11085,6.87153,6.97947,23587937.102134,0
HPQ.US,D,20030624,000000,6.77752,6.94053,6.77752,6.89446,34662862.68168,0
HPQ.US,D,20030625,000000,6.87494,7.02242,6.78113,6.79353,53303028.864675,0
HPQ.US,D,20030626,000000,6.79353,7.18552,6.63004,6.95702,30068717.656347,0
HPQ.US,D,20030627,000000,6.9861,7.03492,6.79353,6.82252,32513826.439084,0
HPQ.US,D,20030630,000000,6.91476,7.01881,6.8886,6.95702,57939110.507523,0
HPQ.US,D,20030701,000000,6.95702,6.95702,6.81315,6.9169,34144198.120324,0
HPQ.US,D,20030702,000000,6.95702,7.06449,6.91144,7.04175,39659921.138877,0
HPQ.US,D,20030703,000000,6.98933,7.03199,6.85942,6.95702,16310181.524401,0
HPQ.US,D,20030707,000000,7.11651,7.21852,7.02242,7.20163,42562760.218115,0
HPQ.US,D,20030708,000000,7.20163,7.28352,7.14325,7.22125,44062085.732538,0
HPQ.US,D,20030709,000000,7.22125,7.56121,7.22125,7.48917,59799116.750438,0
HPQ.US,D,20030710,000000,7.36561,7.39098,7.0681,7.20163,48787269.753057,0
HPQ.US,D,20030711,000000,7.08753,7.46624,7.08753,7.46624,46308787.278786,0
HPQ.US,D,20030714,000000,7.54501,7.74101,7.54159,7.68234,47576966.042164,0
HPQ.US,D,20030715,000000,7.67902,7.74101,7.42037,7.47971,39630219.321802,0
HPQ.US,D,20030716,000000,7.63891,7.63891,7.35878,7.41363,30976835.524952,0
HPQ.US,D,20030717,000000,7.26342,7.32871,7.07142,7.12334,30623809.999013,0
HPQ.US,D,20030718,000000,7.21852,7.44682,7.11651,7.36561,40855528.131273,0
HPQ.US,D,20030721,000000,7.20163,7.24438,7.04175,7.13028,36119326.438344,0
HPQ.US,D,20030722,000000,7.18552,7.21852,7.09035,7.17557,35241219.791415,0
HPQ.US,D,20030723,000000,7.18552,7.22837,6.98933,7.22837,25992629.652875,0
HPQ.US,D,20030724,000000,7.18552,7.20846,6.66323,6.89182,34984951.8457,0
HPQ.US,D,20030725,000000,6.89446,7.00934,6.45679,6.98933,34547737.533018,0
HPQ.US,D,20030728,000000,6.98933,7.07455,6.89446,6.9827,26559051.121587,0
HPQ.US,D,20030729,000000,6.9827,7.11085,6.94053,6.94697,30906714.402324,0
HPQ.US,D,20030730,000000,6.96015,6.9861,6.85942,6.86489,29301446.49894,0
HPQ.US,D,20030731,000000,6.86489,7.10714,6.85942,6.91476,35471159.659617,0
HPQ.US,D,20030801,000000,6.85942,7.02242,6.84897,6.84897,29118056.655251,0
HPQ.US,D,20030804,000000,6.90802,6.92101,6.71203,6.79353,24565858.492619,0
HPQ.US,D,20030805,000000,6.79646,6.80964,6.49983,6.52189,41544118.313627,0
HPQ.US,D,20030806,000000,6.51272,6.53878,6.23795,6.4967,47145568.945771,0
HPQ.US,D,20030807,000000,6.35235,6.46674,6.25757,6.30677,52794167.921257,0
HPQ.US,D,20030808,000000,6.41804,6.56211,6.34561,6.55839,31226667.445182,0
HPQ.US,D,20030811,000000,6.49983,6.54492,6.47348,6.51916,24995724.95831,0
HPQ.US,D,20030812,000000,6.53175,6.85581,6.52491,6.84263,39509891.66798,0
HPQ.US,D,20030813,000000,6.93087,6.97333,6.83248,6.87494,29615283.166097,0
HPQ.US,D,20030814,000000,6.92384,6.97333,6.84897,6.90802,24609331.887947,0
HPQ.US,D,20030815,000000,6.9861,7.11651,6.90802,6.98933,19249451.458504,0
HPQ.US,D,20030818,000000,7.00261,7.28352,6.99909,7.22837,35798768.929546,0
HPQ.US,D,20030819,000000,7.34842,7.80582,7.12334,7.22125,35048327.538241,0
HPQ.US,D,20030820,000000,6.40808,6.58114,6.36894,6.46674,157059821.63842,0
HPQ.US,D,20030821,000000,6.53175,6.53175,6.36894,6.48011,86338269.672884,0
HPQ.US,D,20030822,000000,6.59421,6.61403,6.33966,6.35235,56740748.584765,0
HPQ.US,D,20030825,000000,6.35235,6.43424,6.30393,6.33663,31329849.781188,0
HPQ.US,D,20030826,000000,6.30393,6.40164,6.30393,6.3951,32064666.240196,0
HPQ.US,D,20030827,000000,6.39832,6.4116,6.35235,6.37559,24619743.045379,0
HPQ.US,D,20030828,000000,6.41804,6.46674,6.35235,6.45679,25635324.712981,0
HPQ.US,D,20030829,000000,6.4276,6.55839,6.4116,6.50999,29763771.761105,0
HPQ.US,D,20030902,000000,6.56543,6.63346,6.54854,6.59773,32282967.577749,0
HPQ.US,D,20030903,000000,6.63004,6.79353,6.60721,6.74181,45537539.964913,0
HPQ.US,D,20030904,000000,6.77752,6.81939,6.72492,6.78699,25074110.872022,0
HPQ.US,D,20030905,000000,6.76102,6.77421,6.59773,6.60721,41544728.926678,0
HPQ.US,D,20030908,000000,6.62741,6.74463,6.60408,6.69534,34176953.002657,0
HPQ.US,D,20030909,000000,6.66938,6.79353,6.64664,6.68246,32771310.488311,0
HPQ.US,D,20030910,000000,6.60085,6.62741,6.50627,6.55206,31249947.58003,0
HPQ.US,D,20030911,000000,6.58114,6.66323,6.49983,6.59071,36264758.894539,0
HPQ.US,D,20030912,000000,6.52843,6.57792,6.49983,6.55839,18952466.072339,0
HPQ.US,D,20030915,000000,6.46987,6.52491,6.46352,6.47679,33698409.611959,0
HPQ.US,D,20030916,000000,6.49983,6.69534,6.48333,6.66323,36899464.524132,0
HPQ.US,D,20030917,000000,6.66323,6.77421,6.59071,6.64946,36677477.993378,0
HPQ.US,D,20030918,000000,6.66323,6.86215,6.65962,6.84897,46896647.822525,0
HPQ.US,D,20030919,000000,6.84897,6.9861,6.82975,6.90802,48554581.101604,0
HPQ.US,D,20030922,000000,6.90802,6.90802,6.60721,6.63004,36034816.9773,0
HPQ.US,D,20030923,000000,6.6889,6.69856,6.56835,6.66323,29919009.884272,0
HPQ.US,D,20030924,000000,6.59071,6.60408,6.50267,6.51916,55091384.378778,0
HPQ.US,D,20030925,000000,6.50627,6.51594,6.29037,6.29037,49674566.331315,0
HPQ.US,D,20030926,000000,6.32004,6.3951,6.28734,6.33663,43558435.490428,0
HPQ.US,D,20030929,000000,6.33966,6.4276,6.29037,6.40808,33738521.561948,0
HPQ.US,D,20030930,000000,6.40808,6.40808,6.23795,6.32336,39437941.779752,0
HPQ.US,D,20031001,000000,6.34298,6.50627,6.34298,6.40164,36982738.415813,0
HPQ.US,D,20031002,000000,6.45035,6.48685,6.34893,6.37559,32081198.895921,0
HPQ.US,D,20031003,000000,6.53878,6.76416,6.4967,6.63004,47961833.604416,0
HPQ.US,D,20031006,000000,6.63004,6.74181,6.63004,6.6889,18006391.840758,0
HPQ.US,D,20031007,000000,6.6889,6.74181,6.58114,6.64946,32718043.720232,0
HPQ.US,D,20031008,000000,6.67914,6.72843,6.57792,6.61403,47222111.750625,0
HPQ.US,D,20031009,000000,6.70197,7.02564,6.70197,6.87153,68687956.423323,0
HPQ.US,D,20031010,000000,6.89446,6.93721,6.82975,6.87494,27888154.929152,0
HPQ.US,D,20031013,000000,6.90148,6.98933,6.89182,6.93721,23338407.414875,0
HPQ.US,D,20031014,000000,6.93721,6.98933,6.89182,6.9861,21652919.709585,0
HPQ.US,D,20031015,000000,7.07142,7.18552,7.01558,7.15975,51864623.271847,0
HPQ.US,D,20031016,000000,6.98933,7.13632,6.87494,6.94697,47750254.13302,0
HPQ.US,D,20031017,000000,7.02242,7.04175,6.82252,6.84263,34904728.970238,0
HPQ.US,D,20031020,000000,6.90148,7.01881,6.90148,7.01266,29244809.064853,0
HPQ.US,D,20031021,000000,7.02242,7.14325,7.02242,7.09035,39148002.007608,0
HPQ.US,D,20031022,000000,6.97947,7.01266,6.93087,6.95068,23767965.500484,0
HPQ.US,D,20031023,000000,6.87816,6.93389,6.80964,6.85942,22963953.059093,0
HPQ.US,D,20031024,000000,6.71555,6.79353,6.59773,6.68568,35485243.716025,0
HPQ.US,D,20031027,000000,6.68568,6.90802,6.68568,6.85942,33477663.773161,0
HPQ.US,D,20031028,000000,6.93721,7.11983,6.87494,7.07142,44194661.50554,0
HPQ.US,D,20031029,000000,7.07142,7.16551,7.00573,7.12676,32293374.637108,0
HPQ.US,D,20031030,000000,7.17898,7.30353,7.14647,7.21158,46844898.366407,0
HPQ.US,D,20031031,000000,7.20163,7.33847,7.18552,7.28664,30497357.773342,0
HPQ.US,D,20031103,000000,7.28664,7.44985,7.28352,7.41363,36371237.106698,0
HPQ.US,D,20031104,000000,7.51553,7.53817,7.43666,7.50548,42909368.159902,0
HPQ.US,D,20031105,000000,7.50206,7.56121,7.41715,7.54501,36150245.383448,0
HPQ.US,D,20031106,000000,7.49864,7.67502,7.46282,7.66848,34068883.713202,0
HPQ.US,D,20031107,000000,7.69181,7.74101,7.48585,7.51231,33918549.960299,0
HPQ.US,D,20031110,000000,7.51231,7.51231,7.15975,7.18825,46078856.631251,0
HPQ.US,D,20031111,000000,7.18825,7.25052,7.09718,7.23491,29115294.553259,0
HPQ.US,D,20031112,000000,7.16893,7.28664,7.15311,7.27366,26689164.976528,0
HPQ.US,D,20031113,000000,7.21852,7.3414,7.18239,7.30051,28895769.940565,0
HPQ.US,D,20031114,000000,7.3166,7.35174,7.16893,7.2149,35193761.018954,0
HPQ.US,D,20031117,000000,7.11085,7.20163,7.07142,7.18552,21508712.577568,0
HPQ.US,D,20031118,000000,7.18552,7.27366,7.05443,7.07142,27769354.832479,0
HPQ.US,D,20031119,000000,7.07455,7.28664,7.07455,7.25375,48606625.619062,0
HPQ.US,D,20031120,000000,7.42379,7.43042,7.05121,7.05121,78982433.487963,0
HPQ.US,D,20031121,000000,7.0681,7.11651,6.86489,6.95068,46545159.0744,0
HPQ.US,D,20031124,000000,7.03891,7.17225,7.01881,7.15311,33669630.88609,0
HPQ.US,D,20031125,000000,7.11983,7.20163,7.02915,7.07455,41185891.307044,0
HPQ.US,D,20031126,000000,7.15311,7.18825,7.05443,7.13964,23068663.976765,0
HPQ.US,D,20031128,000000,7.14647,7.18825,7.07455,7.1006,18654552.472375,0
HPQ.US,D,20031201,000000,7.11983,7.19157,7.08119,7.1331,40489951.228664,0
HPQ.US,D,20031202,000000,7.14647,7.38191,7.1331,7.33193,48393529.860224,0
HPQ.US,D,20031203,000000,7.36561,7.41363,7.27024,7.31866,36599714.986939,0
HPQ.US,D,20031204,000000,7.30051,7.42037,7.30051,7.38191,28066650.647762,0
HPQ.US,D,20031205,000000,7.26614,7.30996,7.15311,7.22125,33993562.134451,0
HPQ.US,D,20031208,000000,7.19529,7.34842,7.19157,7.3414,28580717.169896,0
HPQ.US,D,20031209,000000,7.48585,7.48585,7.14647,7.17225,49364711.967734,0
HPQ.US,D,20031210,000000,7.23491,7.26614,7.13028,7.18552,45680212.368153,0
HPQ.US,D,20031211,000000,7.18552,7.29669,7.16893,7.25052,41239775.859805,0
HPQ.US,D,20031212,000000,7.3166,7.32871,7.2477,7.28664,30302634.705533,0
HPQ.US,D,20031215,000000,7.34842,7.38191,7.18552,7.18825,31612752.135462,0
HPQ.US,D,20031216,000000,7.27024,7.3166,7.19851,7.22125,29990949.527315,0
HPQ.US,D,20031217,000000,7.22125,7.23111,7.15311,7.17225,31108484.108672,0
HPQ.US,D,20031218,000000,7.20163,7.27024,7.20163,7.26087,32097431.367714,0
HPQ.US,D,20031219,000000,7.19529,7.25375,7.17557,7.24438,38682611.385962,0
HPQ.US,D,20031222,000000,7.21852,7.25052,7.18239,7.25052,22536842.548281,0
HPQ.US,D,20031223,000000,7.25052,7.41363,7.25052,7.40093,32718043.720232,0
HPQ.US,D,20031224,000000,7.40425,7.44369,7.3453,7.41363,11438650.152628,0
HPQ.US,D,20031226,000000,7.41363,7.41363,7.31866,7.38191,8736665.884679,0
HPQ.US,D,20031229,000000,7.38766,7.49522,7.38484,7.48917,23974629.33191,0
HPQ.US,D,20031230,000000,7.38766,7.49522,7.38766,7.48917,21399098.31415,0
HPQ.US,D,20031231,000000,7.44682,7.5086,7.44682,7.50206,19086568.377968,0
HPQ.US,D,20040102,000000,7.5086,7.59683,7.46624,7.56442,28981189.174075,0
HPQ.US,D,20040105,000000,7.63275,7.74101,7.59683,7.73016,34003052.249713,0
HPQ.US,D,20040106,000000,7.67502,7.79946,7.64271,7.76354,33972127.157497,0
HPQ.US,D,20040107,000000,7.76354,7.79527,7.60982,7.63021,56154725.002772,0
HPQ.US,D,20040108,000000,7.69181,8.0838,7.65247,8.06525,69266323.778244,0
HPQ.US,D,20040109,000000,7.98619,8.06076,7.85189,7.89093,42398345.482358,0
HPQ.US,D,20040112,000000,7.9042,8.09727,7.89425,8.06076,30292229.695211,0
HPQ.US,D,20040113,000000,8.06769,8.08038,7.80582,7.92353,32887968.316711,0
HPQ.US,D,20040114,000000,8.00912,8.08712,7.9653,8.06769,32174577.613991,0
HPQ.US,D,20040115,000000,8.1649,8.4261,8.15486,8.26115,69747939.700053,0
HPQ.US,D,20040116,000000,8.38297,8.39438,8.25022,8.3365,46158159.48906,0
HPQ.US,D,20040120,000000,8.38629,8.39438,8.18638,8.18638,29313693.593601,0
HPQ.US,D,20040121,000000,8.14285,8.27432,8.09971,8.24338,33554817.191067,0
HPQ.US,D,20040122,000000,8.29532,8.41966,8.25304,8.32606,36716363.594671,0
HPQ.US,D,20040123,000000,8.34509,8.3731,8.19078,8.26115,22921087.203259,0
HPQ.US,D,20040126,000000,8.26115,8.54304,8.26115,8.53064,36655444.697595,0
HPQ.US,D,20040127,000000,8.4831,8.58208,8.34167,8.36881,34446696.440767,0
HPQ.US,D,20040128,000000,8.37945,8.47247,7.85189,7.92978,68041626.606343,0
HPQ.US,D,20040129,000000,8.0513,8.08038,7.80582,7.92978,61995601.520307,0
HPQ.US,D,20040130,000000,7.85511,7.88781,7.74373,7.77087,41230589.002032,0
HPQ.US,D,20040202,000000,7.80943,8.00669,7.71435,7.87043,37759199.50455,0
HPQ.US,D,20040203,000000,7.87043,7.87043,7.77409,7.80943,29085296.650325,0
HPQ.US,D,20040204,000000,7.71142,7.72109,7.53183,7.5738,45375575.87751,0
HPQ.US,D,20040205,000000,7.5738,7.65881,7.4922,7.61274,27478184.613564,0
HPQ.US,D,20040206,000000,7.59683,7.77087,7.59683,7.76677,32286650.721911,0
HPQ.US,D,20040209,000000,7.80582,7.87043,7.72109,7.76004,24559426.565206,0
HPQ.US,D,20040210,000000,7.75691,7.9042,7.75691,7.87697,26687033.977959,0
HPQ.US,D,20040211,000000,7.97965,8.1649,7.73739,7.78629,69010354.991943,0
HPQ.US,D,20040212,000000,7.83792,7.83792,7.48312,7.48312,87029910.871459,0
HPQ.US,D,20040213,000000,7.62631,7.64271,7.51231,7.51553,47974997.643173,0
HPQ.US,D,20040217,000000,7.62631,7.70225,7.58425,7.63891,30266819.586312,0
HPQ.US,D,20040218,000000,7.72109,7.74705,7.65881,7.67902,32288177.254541,0
HPQ.US,D,20040219,000000,7.79527,7.933,7.7774,7.79185,62056854.410428,0
HPQ.US,D,20040220,000000,7.74101,7.79185,7.49522,7.55457,66353990.485669,0
HPQ.US,D,20040223,000000,7.62631,7.62631,7.41079,7.48312,37348307.122273,0
HPQ.US,D,20040224,000000,7.43042,7.44369,7.27024,7.34842,57342681.915209,0
HPQ.US,D,20040225,000000,7.41363,7.47318,7.3618,7.43042,39427226.340314,0
HPQ.US,D,20040226,000000,7.43042,7.63607,7.40777,7.58425,34045309.541532,0
HPQ.US,D,20040227,000000,7.61274,7.63891,7.36561,7.41715,38906126.498382,0
HPQ.US,D,20040301,000000,7.47971,7.53183,7.38766,7.51231,27286818.893019,0
HPQ.US,D,20040302,000000,7.57712,7.57712,7.45317,7.46282,29267770.574436,0
HPQ.US,D,20040303,000000,7.44985,7.5086,7.37215,7.50206,24011685.143087,0
HPQ.US,D,20040304,000000,7.47971,7.49864,7.41363,7.45677,21881933.413024,0
HPQ.US,D,20040305,000000,7.39098,7.47971,7.33193,7.4271,29563843.114579,0
HPQ.US,D,20040308,000000,7.43042,7.50206,7.39498,7.40093,28337000.600849,0
HPQ.US,D,20040309,000000,7.4271,7.4271,7.25052,7.29669,36908638.063164,0
HPQ.US,D,20040310,000000,7.23784,7.37527,7.21852,7.28664,33340492.009977,0
HPQ.US,D,20040311,000000,7.21852,7.39498,7.18825,7.19157,40838076.482414,0
HPQ.US,D,20040312,000000,7.3166,7.34842,7.22837,7.30353,29331145.24246,0
HPQ.US,D,20040315,000000,7.27024,7.27024,7.05443,7.09035,34644186.733161,0
HPQ.US,D,20040316,000000,7.13028,7.16893,7.00573,7.11651,31090415.699649,0
HPQ.US,D,20040317,000000,7.11983,7.25052,7.11651,7.22457,35194982.245058,0
HPQ.US,D,20040318,000000,7.15975,7.25375,7.12676,7.20846,28743602.299469,0
HPQ.US,D,20040319,000000,7.21158,7.25707,7.04487,7.06449,31924744.669242,0
HPQ.US,D,20040322,000000,6.93087,7.00261,6.87816,6.9827,35428300.975414,0
HPQ.US,D,20040323,000000,7.00573,7.11085,6.9861,6.9861,28294132.695979,0
HPQ.US,D,20040324,000000,6.99909,7.15311,6.96367,7.06117,25053292.655232,0
HPQ.US,D,20040325,000000,7.15311,7.35878,7.14325,7.31299,28486114.152169,0
HPQ.US,D,20040326,000000,7.25707,7.35546,7.21852,7.30353,23234005.901803,0
HPQ.US,D,20040329,000000,7.49522,7.65559,7.48917,7.56824,42781978.499766,0
HPQ.US,D,20040330,000000,7.56824,7.56824,7.43344,7.55457,44890904.841408,0
HPQ.US,D,20040331,000000,7.54501,7.54843,7.44985,7.4595,53821385.045949,0
HPQ.US,D,20040401,000000,7.49522,7.56121,7.46624,7.48917,30741383.74699,0
HPQ.US,D,20040402,000000,7.5941,7.64271,7.49522,7.53817,38560151.709055,0
HPQ.US,D,20040405,000000,7.56442,7.75691,7.56442,7.72109,30157518.825568,0
HPQ.US,D,20040406,000000,7.67502,7.71435,7.58728,7.62631,23516601.925032,0
HPQ.US,D,20040407,000000,7.56121,7.60669,7.37839,7.55116,40079684.827217,0
HPQ.US,D,20040408,000000,7.62349,7.64271,7.44369,7.47024,26761735.722992,0
HPQ.US,D,20040412,000000,7.47024,7.51231,7.35546,7.39098,25559086.190133,0
HPQ.US,D,20040413,000000,7.39098,7.39743,7.23784,7.26614,39509891.66798,0
HPQ.US,D,20040414,000000,7.19157,7.25052,7.16551,7.18239,31982613.574617,0
HPQ.US,D,20040415,000000,7.20163,7.22837,7.07455,7.1495,31415882.701305,0
HPQ.US,D,20040416,000000,7.1495,7.18552,7.00573,7.18552,39174635.391647,0
HPQ.US,D,20040419,000000,7.13028,7.15311,7.02915,7.09358,25914546.996649,0
HPQ.US,D,20040420,000000,7.08753,7.11651,6.90802,6.91144,32825200.163664,0
HPQ.US,D,20040421,000000,6.8847,6.9861,6.78358,6.96367,42345988.486745,0
HPQ.US,D,20040422,000000,6.95702,7.17557,6.9169,7.12334,35168963.572143,0
HPQ.US,D,20040423,000000,7.13632,7.18552,6.93087,7.07796,35424313.549245,0
HPQ.US,D,20040426,000000,7.07796,7.11397,6.9827,7.07796,27019234.115478,0
HPQ.US,D,20040427,000000,7.05443,7.08753,6.93087,6.94365,31118285.677571,0
HPQ.US,D,20040428,000000,6.87494,6.90148,6.74756,6.76102,37507217.119898,0
HPQ.US,D,20040429,000000,6.80652,6.83912,6.53175,6.61003,42038589.89411,0
HPQ.US,D,20040430,000000,6.58758,6.61706,6.4276,6.43424,40559155.407196,0
HPQ.US,D,20040503,000000,6.51594,6.54854,6.40808,6.41804,41346324.763743,0
HPQ.US,D,20040504,000000,6.48685,6.55839,6.46674,6.49349,48585809.451309,0
HPQ.US,D,20040505,000000,6.49349,6.64293,6.49349,6.53175,38348274.102762,0
HPQ.US,D,20040506,000000,6.46352,6.52843,6.45035,6.45981,40605380.659331,0
HPQ.US,D,20040507,000000,6.46674,6.61003,6.45366,6.53175,50816897.334964,0
HPQ.US,D,20040510,000000,6.48333,6.51272,6.38485,6.50627,43263583.15187,0
HPQ.US,D,20040511,000000,6.54854,6.60408,6.49983,6.56835,34428938.460865,0
HPQ.US,D,20040512,000000,6.48333,6.59071,6.45035,6.56835,33738826.868474,0
HPQ.US,D,20040513,000000,6.50627,6.67914,6.48685,6.542,33150663.067247,0
HPQ.US,D,20040514,000000,6.52843,6.53878,6.36894,6.40496,46557406.169061,0
HPQ.US,D,20040517,000000,6.29701,6.43424,6.27427,6.36894,26909308.398424,0
HPQ.US,D,20040518,000000,6.43092,6.52491,6.40164,6.47679,29579451.65458,0
HPQ.US,D,20040519,000000,6.92384,6.96971,6.71203,6.71203,100660158.84051,0
HPQ.US,D,20040520,000000,6.75411,6.83248,6.72843,6.77099,31512022.496847,0
HPQ.US,D,20040521,000000,6.82252,6.85581,6.7214,6.79998,26729280.000073,0
HPQ.US,D,20040524,000000,6.82633,6.85581,6.70197,6.77421,30284268.161615,0
HPQ.US,D,20040525,000000,6.78699,6.88158,6.72492,6.86489,24921022.188757,0
HPQ.US,D,20040526,000000,6.85942,6.96367,6.84263,6.94053,21546984.492255,0
HPQ.US,D,20040527,000000,7.01266,7.02242,6.87494,6.9047,23907274.409348,0
HPQ.US,D,20040528,000000,6.97333,6.98933,6.8847,6.93721,30147712.134075,0
HPQ.US,D,20040601,000000,6.93721,6.95702,6.87816,6.91476,30625650.034315,0
HPQ.US,D,20040602,000000,6.93087,6.97333,6.8847,6.96015,20561708.08315,0
HPQ.US,D,20040603,000000,6.90148,6.95068,6.87494,6.89787,20204101.934806,0
HPQ.US,D,20040604,000000,6.91476,6.99636,6.91144,6.94365,26757147.928957,0
HPQ.US,D,20040607,000000,7.01266,7.08441,6.99275,7.07455,24904487.483995,0
HPQ.US,D,20040608,000000,7.02242,7.18552,7.01881,7.18552,32684664.906105,0
HPQ.US,D,20040609,000000,7.18552,7.24438,7.12676,7.15975,44469303.166803,0
HPQ.US,D,20040610,000000,7.15975,7.16893,7.02564,7.10372,25607774.384845,0
HPQ.US,D,20040614,000000,6.98933,7.10372,6.98933,7.05121,27295093.92929,0
HPQ.US,D,20040615,000000,7.08441,7.18552,7.03199,7.08753,21938579.043259,0
HPQ.US,D,20040616,000000,7.06117,7.06117,6.99636,7.02242,23286051.443779,0
HPQ.US,D,20040617,000000,6.95702,6.9861,6.81315,6.8886,28370071.034894,0
HPQ.US,D,20040618,000000,6.85942,6.87153,6.76416,6.83248,29711725.194609,0
HPQ.US,D,20040621,000000,6.80652,6.87153,6.78699,6.79011,29747553.632572,0
HPQ.US,D,20040622,000000,6.77752,6.84897,6.77421,6.82252,28618373.348939,0
HPQ.US,D,20040623,000000,6.80652,6.94697,6.75411,6.90148,34094292.797583,0
HPQ.US,D,20040624,000000,6.8886,6.95068,6.84614,6.86489,32608438.677481,0
HPQ.US,D,20040625,000000,6.84614,6.89787,6.76738,6.79646,33710959.964108,0
HPQ.US,D,20040628,000000,6.81939,6.94053,6.81939,6.85239,34061230.559687,0
HPQ.US,D,20040629,000000,6.83248,6.90802,6.82633,6.89182,24763341.613383,0
HPQ.US,D,20040630,000000,6.84263,6.92384,6.83912,6.89182,25849028.011316,0
HPQ.US,D,20040701,000000,6.80964,6.81315,6.64664,6.7214,33241902.590599,0
HPQ.US,D,20040702,000000,6.7214,6.72843,6.60408,6.66636,18433808.682613,0
HPQ.US,D,20040706,000000,6.59773,6.61403,6.50627,6.54492,29623238.552582,0
HPQ.US,D,20040707,000000,6.53487,6.7214,6.53175,6.61706,26737240.509151,0
HPQ.US,D,20040708,000000,6.56543,6.63004,6.50627,6.52843,21648331.915551,0
HPQ.US,D,20040709,000000,6.54854,6.61403,6.53878,6.5747,23710715.404309,0
HPQ.US,D,20040712,000000,6.53175,6.59071,6.51594,6.56835,22519084.568379,0
HPQ.US,D,20040713,000000,6.60085,6.69232,6.58758,6.61403,19464697.681763,0
HPQ.US,D,20040714,000000,6.51594,6.54854,6.45679,6.49983,35162536.767324,0
HPQ.US,D,20040715,000000,6.48685,6.53487,6.37899,6.41804,33736070.913595,0
HPQ.US,D,20040716,000000,6.44049,6.51916,6.3951,6.41501,25134421.205084,0
HPQ.US,D,20040719,000000,6.36894,6.50267,6.35899,6.45035,24189265.966637,0
HPQ.US,D,20040720,000000,6.4276,6.61403,6.41804,6.53175,25641751.5178,0
HPQ.US,D,20040721,000000,6.60721,6.60721,6.42438,6.43092,22823731.304206,0
HPQ.US,D,20040722,000000,6.37255,6.53175,6.37255,6.51916,22353445.532963,0
HPQ.US,D,20040723,000000,6.52189,6.52189,6.37899,6.3951,19764748.427408,0
HPQ.US,D,20040726,000000,6.39832,6.46674,6.34893,6.44429,22589505.87494,0
HPQ.US,D,20040727,000000,6.44049,6.56835,6.41501,6.53175,22467950.847905,0
HPQ.US,D,20040728,000000,6.45366,6.52843,6.37559,6.50999,19791998.571611,0
HPQ.US,D,20040729,000000,6.59071,6.66636,6.56543,6.60085,21405228.008592,0
HPQ.US,D,20040730,000000,6.60408,6.64946,6.53175,6.58114,21465232.01061,0
HPQ.US,D,20040802,000000,6.45035,6.65678,6.45035,6.65278,21924800.293375,0
HPQ.US,D,20040803,000000,6.62741,6.64028,6.58416,6.61403,22741371.283065,0
HPQ.US,D,20040804,000000,6.56543,6.71203,6.56211,6.67591,21393888.637359,0
HPQ.US,D,20040805,000000,6.69856,6.75059,6.66323,6.69534,28611334.906549,0
HPQ.US,D,20040806,000000,6.62009,6.62009,6.45679,6.49983,27784055.649051,0
HPQ.US,D,20040809,000000,6.46987,6.56543,6.46674,6.49349,18368592.954768,0
HPQ.US,D,20040810,000000,6.54492,6.59773,6.47348,6.51594,20449964.870201,0
HPQ.US,D,20040811,000000,6.51272,6.51272,6.25142,6.37559,33129542.617486,0
HPQ.US,D,20040812,000000,5.58848,5.58848,5.25222,5.53606,248547026.44634,0
HPQ.US,D,20040813,000000,5.52952,5.53294,5.34973,5.38849,83700888.470692,0
HPQ.US,D,20040816,000000,5.39864,5.52327,5.392,5.51976,56409468.464897,0
HPQ.US,D,20040817,000000,5.51976,5.56857,5.49049,5.51976,43083556.802557,0
HPQ.US,D,20040818,000000,5.46403,5.81767,5.46403,5.72542,54856855.692023,0
HPQ.US,D,20040819,000000,5.71859,5.84284,5.71537,5.78389,40718673.968836,0
HPQ.US,D,20040820,000000,5.78389,5.92776,5.78076,5.91478,41921624.710147,0
HPQ.US,D,20040823,000000,5.78076,5.93781,5.78076,5.83962,29527703.222979,0
HPQ.US,D,20040824,000000,5.83962,5.89243,5.73528,5.77471,37665512.406399,0
HPQ.US,D,20040825,000000,5.79385,5.9507,5.78076,5.91176,33944878.037812,0
HPQ.US,D,20040826,000000,5.90219,5.97744,5.90219,5.94065,21893876.225678,0
HPQ.US,D,20040827,000000,5.94065,5.99042,5.94065,5.96436,18942980.055151,0
HPQ.US,D,20040830,000000,5.91819,5.96436,5.84284,5.8526,26397388.242635,0
HPQ.US,D,20040831,000000,5.8365,5.85972,5.76798,5.84284,21889284.33357,0
HPQ.US,D,20040901,000000,5.82987,5.869,5.79726,5.8526,24826726.526592,0
HPQ.US,D,20040902,000000,5.8365,5.89243,5.81385,5.88248,19720039.462717,0
HPQ.US,D,20040903,000000,5.79726,5.81385,5.74212,5.78076,38834161.242376,0
HPQ.US,D,20040907,000000,5.81385,5.88248,5.81385,5.87574,25610220.935126,0
HPQ.US,D,20040908,000000,5.81767,5.88881,5.81767,5.85972,32418604.612156,0
HPQ.US,D,20040909,000000,5.85573,5.99042,5.84596,5.91819,28898212.392769,0
HPQ.US,D,20040910,000000,5.91819,6.02946,5.91819,5.97412,22472842.923947,0
HPQ.US,D,20040913,000000,5.99687,6.12043,5.98017,6.07847,28608583.049743,0
HPQ.US,D,20040914,000000,6.02946,6.05827,6.00907,6.00907,30646774.582149,0
HPQ.US,D,20040915,000000,6.01238,6.02244,5.91819,5.9707,29906749.470871,0
HPQ.US,D,20040916,000000,5.94748,5.99687,5.94397,5.9507,20673163.406391,0
HPQ.US,D,20040917,000000,5.96436,5.97744,5.89575,5.91478,37872481.544352,0
HPQ.US,D,20040920,000000,5.92473,6.10452,5.92473,6.01238,33455913.244495,0
HPQ.US,D,20040921,000000,6.05827,6.1301,6.05221,6.10776,27413577.449733,0
HPQ.US,D,20040922,000000,6.10776,6.13713,6.07553,6.08227,29666102.359377,0
HPQ.US,D,20040923,000000,6.08755,6.1991,6.08755,6.15382,27714553.335622,0
HPQ.US,D,20040924,000000,6.15382,6.18242,6.05221,6.06841,35301534.222552,0
HPQ.US,D,20040927,000000,5.99364,6.07202,5.96095,6.00907,30535017.025941,0
HPQ.US,D,20040928,000000,5.99687,6.02946,5.90551,5.95753,27890910.884032,0
HPQ.US,D,20040929,000000,5.95753,6.04909,5.91478,6.04909,26081416.478835,0
HPQ.US,D,20040930,000000,6.04909,6.20516,6.04255,6.12365,33587884.551556,0
HPQ.US,D,20041001,000000,6.16017,6.31028,6.16017,6.24527,26203276.812396,0
HPQ.US,D,20041004,000000,6.24527,6.35235,6.20886,6.22565,29882259.379623,0
HPQ.US,D,20041005,000000,6.10092,6.20886,6.08462,6.1991,33124946.627303,0
HPQ.US,D,20041006,000000,6.17256,6.26753,6.15382,6.26431,20874014.119605,0
HPQ.US,D,20041007,000000,6.20516,6.25445,6.16348,6.2156,24488391.572038,0
HPQ.US,D,20041008,000000,6.18242,6.20516,6.00301,6.06196,27147512.033192,0
HPQ.US,D,20041011,000000,6.03611,6.11721,6.00301,6.08755,15700594.015922,0
HPQ.US,D,20041012,000000,6.02586,6.10452,5.94397,6.05221,25972424.098172,0
HPQ.US,D,20041013,000000,6.12365,6.20222,6.09087,6.17256,34530894.448174,0
HPQ.US,D,20041014,000000,6.01238,6.12365,5.94748,6.00301,36224963.520779,0
HPQ.US,D,20041015,000000,6.00301,6.05221,5.94397,5.94748,30620143.247147,0
HPQ.US,D,20041018,000000,5.94397,5.9871,5.89575,5.96095,36819239.599634,0
HPQ.US,D,20041019,000000,5.98017,6.03953,5.94397,5.95753,30853441.487133,0
HPQ.US,D,20041020,000000,5.91176,5.96436,5.869,5.95402,29745708.474676,0
HPQ.US,D,20041021,000000,5.94065,6.03953,5.92093,5.99687,23031319.251359,0
HPQ.US,D,20041022,000000,5.95402,5.99687,5.85573,5.85972,24679142.581457,0
HPQ.US,D,20041025,000000,5.78076,5.89243,5.77471,5.84958,21826519.254079,0
HPQ.US,D,20041026,000000,5.87916,5.90844,5.74543,5.83309,39816071.083548,0
HPQ.US,D,20041027,000000,5.84596,6.06196,5.8365,6.02586,35767536.481766,0
HPQ.US,D,20041028,000000,5.97744,6.06196,5.9707,6.03953,24385511.469003,0
HPQ.US,D,20041029,000000,5.98017,6.10092,5.98017,6.09438,32012926.004744,0
HPQ.US,D,20041101,000000,6.06529,6.17569,6.04255,6.12737,26420046.494729,0
HPQ.US,D,20041102,000000,6.1301,6.30677,6.06196,6.20516,29409525.009063,0
HPQ.US,D,20041103,000000,6.33,6.36259,6.19237,6.20516,31629286.840225,0
HPQ.US,D,20041104,000000,6.20516,6.39832,6.18925,6.37899,28111657.747348,0
HPQ.US,D,20041105,000000,6.45679,6.51916,6.40808,6.43092,31982918.881142,0
HPQ.US,D,20041108,000000,6.40164,6.50267,6.40164,6.46987,24697819.554494,0
HPQ.US,D,20041109,000000,6.48685,6.53175,6.43424,6.43424,28659713.696661,0
HPQ.US,D,20041110,000000,6.37559,6.3951,6.18242,6.1955,49218057.260917,0
HPQ.US,D,20041111,000000,6.17569,6.36544,6.15705,6.28734,37215429.116302,0
HPQ.US,D,20041112,000000,6.29037,6.35235,6.20516,6.31652,46152334.076626,0
HPQ.US,D,20041115,000000,6.30393,6.36894,6.28734,6.34298,38806306.632234,0
HPQ.US,D,20041116,000000,6.32004,6.46674,6.26431,6.4276,51414548.177898,0
HPQ.US,D,20041117,000000,6.94365,6.96367,6.53878,6.59773,119467812.29037,0
HPQ.US,D,20041118,000000,6.59421,6.65278,6.55547,6.61706,37847684.09754,0
HPQ.US,D,20041119,000000,6.61403,6.64293,6.55839,6.55839,31549688.921075,0
HPQ.US,D,20041122,000000,6.53487,6.60721,6.51594,6.59773,30717189.7416,0
HPQ.US,D,20041123,000000,6.56835,6.61403,6.52843,6.58416,24947352.315308,0
HPQ.US,D,20041124,000000,6.5747,6.61403,6.542,6.57792,17826054.03781,0
HPQ.US,D,20041126,000000,6.55547,6.58758,6.55547,6.58758,7303775.2751666,0
HPQ.US,D,20041129,000000,6.57177,6.61403,6.4967,6.56543,24946130.064687,0
HPQ.US,D,20041130,000000,6.52491,6.55547,6.49349,6.53175,23919527.65112,0
HPQ.US,D,20041201,000000,6.56211,6.70519,6.53175,6.70197,30080358.236031,0
HPQ.US,D,20041202,000000,6.66323,6.76102,6.65678,6.71818,23900234.94244,0
HPQ.US,D,20041203,000000,6.78113,6.86215,6.76738,6.85581,42264541.311624,0
HPQ.US,D,20041206,000000,6.80652,7.00934,6.78113,6.96699,38235294.295932,0
HPQ.US,D,20041207,000000,6.92384,7.04809,6.86831,6.8847,38829580.619971,0
HPQ.US,D,20041208,000000,6.91144,6.92384,6.83912,6.86489,32653436.5564,0
HPQ.US,D,20041209,000000,6.92384,6.92384,6.66938,6.81677,35481262.436968,0
HPQ.US,D,20041210,000000,6.83248,6.86831,6.69534,6.79646,24132310.931803,0
HPQ.US,D,20041213,000000,6.81939,6.83599,6.64293,6.76102,22517551.888638,0
HPQ.US,D,20041214,000000,6.77752,6.79353,6.71203,6.72843,23603552.813764,0
HPQ.US,D,20041215,000000,6.70519,6.77099,6.69534,6.76416,33818742.388372,0
HPQ.US,D,20041216,000000,6.71555,6.87816,6.70519,6.87494,38775389.736165,0
HPQ.US,D,20041217,000000,6.87494,6.8886,6.78699,6.84614,48010194.977712,0
HPQ.US,D,20041220,000000,6.84614,6.91476,6.82975,6.85239,22600835.000987,0
HPQ.US,D,20041221,000000,6.85239,6.93721,6.84897,6.92706,26896146.408703,0
HPQ.US,D,20041222,000000,6.91476,6.93721,6.85942,6.92706,20715112.318127,0
HPQ.US,D,20041223,000000,6.89787,6.93087,6.85942,6.87816,13100571.882395,0
HPQ.US,D,20041227,000000,6.82975,6.92706,6.79646,6.8886,19120554.73159,0
HPQ.US,D,20041228,000000,6.87153,6.94053,6.83599,6.93389,16911209.180452,0
HPQ.US,D,20041229,000000,6.8886,6.94365,6.87153,6.92384,16966937.86659,0
HPQ.US,D,20041230,000000,6.9047,6.93087,6.89446,6.90148,12548232.421055,0
HPQ.US,D,20041231,000000,6.90148,6.92384,6.83599,6.84897,16520525.426432,0
HPQ.US,D,20050103,000000,6.89787,6.94053,6.85581,6.87494,25290262.769674,0
HPQ.US,D,20050104,000000,6.87494,6.91144,6.7214,6.82975,28432221.403259,0
HPQ.US,D,20050105,000000,6.80964,6.90802,6.79646,6.85942,34855134.076617,0
HPQ.US,D,20050106,000000,6.87153,6.91144,6.79998,6.84614,27646891.057496,0
HPQ.US,D,20050107,000000,6.84263,6.85942,6.78358,6.80652,42033988.781334,0
HPQ.US,D,20050110,000000,6.75733,6.81315,6.72492,6.79646,25503974.264158,0
HPQ.US,D,20050111,000000,6.63004,6.63346,6.36894,6.54854,64169439.307787,0
HPQ.US,D,20050112,000000,6.54854,6.58114,6.4116,6.54492,37967392.94216,0
HPQ.US,D,20050113,000000,6.55206,6.62741,6.50267,6.51594,30310289.908085,0
HPQ.US,D,20050114,000000,6.50999,6.5747,6.46352,6.55547,29363597.891823,0
HPQ.US,D,20050118,000000,6.542,6.71818,6.52189,6.67221,44296311.161805,0
HPQ.US,D,20050119,000000,6.67221,6.69232,6.61403,6.62379,25844133.886237,0
HPQ.US,D,20050120,000000,6.50627,6.63346,6.50267,6.53878,27806703.655959,0
HPQ.US,D,20050121,000000,6.50999,6.59773,6.50999,6.52843,33746483.095545,0
HPQ.US,D,20050124,000000,6.51594,6.59421,6.47679,6.4967,34629178.561028,0
HPQ.US,D,20050125,000000,6.51594,6.52491,6.4116,6.42126,35054148.852602,0
HPQ.US,D,20050126,000000,6.43092,6.46987,6.36544,6.39832,35273675.514334,0
HPQ.US,D,20050127,000000,6.3951,6.43736,6.29349,6.36544,32804998.707037,0
HPQ.US,D,20050128,000000,6.33663,6.36259,6.17032,6.31652,55884081.012863,0
HPQ.US,D,20050131,000000,6.34298,6.45679,6.33966,6.39832,29053755.822464,0
HPQ.US,D,20050201,000000,6.43424,6.57792,6.42438,6.47348,28268422.403146,0
HPQ.US,D,20050202,000000,6.46352,6.47679,6.38876,6.39207,24062812.71645,0
HPQ.US,D,20050203,000000,6.45035,6.63004,6.43424,6.49983,29092633.22761,0
HPQ.US,D,20050204,000000,6.47348,6.69856,6.46987,6.67914,28430382.392475,0
HPQ.US,D,20050207,000000,6.67914,6.70197,6.63004,6.65278,17052965.664115,0
HPQ.US,D,20050208,000000,6.63687,6.67591,6.57177,6.57792,24940915.265304,0
HPQ.US,D,20050209,000000,7.27024,7.27024,6.86489,7.03199,313483433.65405,0
HPQ.US,D,20050210,000000,6.92384,7.03492,6.87153,7.01558,79982095.161927,0
HPQ.US,D,20050211,000000,6.94053,7.02242,6.92384,6.95702,52687617.992801,0
HPQ.US,D,20050214,000000,6.84263,6.89182,6.71203,6.78358,57589460.770181,0
HPQ.US,D,20050215,000000,6.75411,6.91144,6.74463,6.89787,49587916.651035,0
HPQ.US,D,20050216,000000,6.82633,6.94053,6.8033,6.87816,53240872.349199,0
HPQ.US,D,20050217,000000,6.91476,7.01558,6.79353,6.81315,70399167.740187,0
HPQ.US,D,20050218,000000,6.81677,6.92706,6.78113,6.85942,29055286.453167,0
HPQ.US,D,20050222,000000,6.77752,6.89446,6.71818,6.71818,30026773.867202,0
HPQ.US,D,20050223,000000,6.71555,6.72843,6.61003,6.64946,30653824.294244,0
HPQ.US,D,20050224,000000,6.58114,6.71555,6.49983,6.67591,36441731.154076,0
HPQ.US,D,20050225,000000,6.62009,6.77421,6.61706,6.74756,21763148.684129,0
HPQ.US,D,20050228,000000,6.67914,6.81939,6.67914,6.79353,27686071.720131,0
HPQ.US,D,20050301,000000,6.77752,6.82252,6.64664,6.76738,27103727.184226,0
HPQ.US,D,20050302,000000,6.66323,6.80652,6.63687,6.76102,22110965.557797,0
HPQ.US,D,20050303,000000,6.74756,6.82633,6.71203,6.79646,23803183.325394,0
HPQ.US,D,20050304,000000,6.82633,6.83912,6.70871,6.71555,34195629.975695,0
HPQ.US,D,20050307,000000,6.69856,6.86489,6.69534,6.81677,41793344.743397,0
HPQ.US,D,20050308,000000,6.78699,6.84614,6.77421,6.83248,24929591.26185,0
HPQ.US,D,20050309,000000,6.79353,6.87153,6.69232,6.74181,30350094.502511,0
HPQ.US,D,20050310,000000,6.74181,6.74463,6.62379,6.72492,21320715.473991,0
HPQ.US,D,20050311,000000,6.70197,6.74463,6.48333,6.51272,43778574.814249,0
HPQ.US,D,20050314,000000,6.54854,6.62741,6.52843,6.59773,27714553.335622,0
HPQ.US,D,20050315,000000,6.60408,6.64028,6.50267,6.57792,26457086.938127,0
HPQ.US,D,20050316,000000,6.53175,6.61706,6.49983,6.60408,35477590.562511,0
HPQ.US,D,20050317,000000,6.58114,6.69534,6.57177,6.65678,30047594.13303,0
HPQ.US,D,20050318,000000,6.65678,6.65962,6.55547,6.56543,60019565.478858,0
HPQ.US,D,20050321,000000,6.54854,6.62379,6.542,6.58114,30396640.42895,0
HPQ.US,D,20050322,000000,6.58114,6.62741,6.51272,6.53487,30090449.743678,0
HPQ.US,D,20050323,000000,6.45035,6.49983,6.39207,6.45366,39016652.583303,0
HPQ.US,D,20050324,000000,6.44429,6.53487,6.4276,6.46987,19659117.492084,0
HPQ.US,D,20050328,000000,6.47348,6.52189,6.40164,6.46352,23560070.197769,0
HPQ.US,D,20050329,000000,6.46352,7.13632,6.45366,7.11397,138134002.26887,0
HPQ.US,D,20050330,000000,7.02242,7.23111,6.95068,7.18552,135367409.81257,0
HPQ.US,D,20050331,000000,7.16893,7.19851,7.11651,7.16551,62310049.825035,0
HPQ.US,D,20050401,000000,7.16893,7.19851,6.99636,7.09035,50122190.776909,0
HPQ.US,D,20050404,000000,7.09035,7.15975,7.03891,7.15614,47602069.82002,0
HPQ.US,D,20050405,000000,7.13632,7.22125,7.03891,7.04175,38835706.216338,0
HPQ.US,D,20050406,000000,7.08441,7.17557,7.04175,7.11085,31375161.162783,0
HPQ.US,D,20050407,000000,7.11085,7.16551,7.04175,7.11983,22763721.155077,0
HPQ.US,D,20050408,000000,7.10372,7.1495,7.05805,7.0681,20756747.72719,0
HPQ.US,D,20050411,000000,7.07142,7.12334,7.01558,7.04487,21836010.393859,0
HPQ.US,D,20050412,000000,7.00573,7.11983,6.97654,7.09035,21693946.554633,0
HPQ.US,D,20050413,000000,7.03891,7.20485,7.03492,7.16893,38610661.497735,0
HPQ.US,D,20050414,000000,7.14325,7.14325,7.07455,7.10372,43394940.772323,0
HPQ.US,D,20050415,000000,7.02242,7.02564,6.78113,6.80652,61849863.757587,0
HPQ.US,D,20050418,000000,6.74463,6.78699,6.59421,6.67591,50678512.541824,0
HPQ.US,D,20050419,000000,6.67591,6.78113,6.67591,6.74463,26779184.298296,0
HPQ.US,D,20050420,000000,6.71203,6.78358,6.70519,6.72492,26021406.329706,0
HPQ.US,D,20050421,000000,6.76102,6.93389,6.74463,6.8847,31872387.673627,0
HPQ.US,D,20050422,000000,6.84263,6.8886,6.74463,6.78699,31046943.328839,0
HPQ.US,D,20050425,000000,6.85942,6.89787,6.82975,6.89182,18951244.846236,0
HPQ.US,D,20050426,000000,6.74463,6.74463,6.61403,6.68568,49525147.47347,0
HPQ.US,D,20050427,000000,6.61403,6.62379,6.50999,6.58758,54668869.858151,0
HPQ.US,D,20050428,000000,6.51594,6.67591,6.46987,6.63004,44693107.193451,0
HPQ.US,D,20050429,000000,6.63004,6.71818,6.61003,6.68568,36240873.269231,0
HPQ.US,D,20050502,000000,6.71818,6.85942,6.71203,6.84897,38094763.136445,0
HPQ.US,D,20050503,000000,6.84897,6.94697,6.79646,6.85942,27600349.229131,0
HPQ.US,D,20050504,000000,6.85942,6.90802,6.78358,6.86831,26568535.089737,0
HPQ.US,D,20050505,000000,6.85239,6.88158,6.75733,6.83599,20814010.117587,0
HPQ.US,D,20050506,000000,6.84263,6.8886,6.79998,6.85239,19981517.085223,0
HPQ.US,D,20050509,000000,6.67914,6.79353,6.67221,6.77421,27739965.493558,0
HPQ.US,D,20050510,000000,6.69534,6.72492,6.63004,6.67914,28573371.371945,0
HPQ.US,D,20050511,000000,6.6889,6.71555,6.60721,6.71555,26448209.484954,0
HPQ.US,D,20050512,000000,6.67914,6.70871,6.58114,6.58114,29292258.616647,0
HPQ.US,D,20050513,000000,6.61706,6.77752,6.57177,6.73477,40585790.840274,0
HPQ.US,D,20050516,000000,6.71555,6.87494,6.67221,6.86215,29029568.988705,0
HPQ.US,D,20050517,000000,6.78699,7.03891,6.77752,7.03891,49909397.25104,0
HPQ.US,D,20050518,000000,7.23784,7.44985,7.13632,7.36561,104825962.90825,0
HPQ.US,D,20050519,000000,7.30051,7.36561,7.26087,7.35174,39152586.728088,0
HPQ.US,D,20050520,000000,7.35174,7.43042,7.32871,7.34842,31992722.499079,0
HPQ.US,D,20050523,000000,7.31866,7.42379,7.31866,7.36561,32581785.827588,0
HPQ.US,D,20050524,000000,7.32246,7.42379,7.30051,7.42037,21990629.707828,0
HPQ.US,D,20050525,000000,7.35174,7.45677,7.33847,7.45317,26673252.15452,0
HPQ.US,D,20050526,000000,7.45317,7.5941,7.43666,7.51231,36541844.032527,0
HPQ.US,D,20050527,000000,7.44682,7.4922,7.41363,7.43666,17058785.953958,0
HPQ.US,D,20050531,000000,7.36561,7.38766,7.33515,7.35174,28881377.504075,0
HPQ.US,D,20050601,000000,7.33193,7.44369,7.33193,7.41079,25385484.596603,0
HPQ.US,D,20050602,000000,7.35878,7.41715,7.33193,7.40777,21280920.100232,0
HPQ.US,D,20050603,000000,7.36561,7.43666,7.35174,7.42037,20985154.915652,0
HPQ.US,D,20050606,000000,7.49522,7.49522,7.34842,7.37527,35624854.857859,0
HPQ.US,D,20050607,000000,7.35878,7.44018,7.34842,7.35174,16294882.389,0
HPQ.US,D,20050608,000000,7.38191,7.39498,7.31299,7.32568,18178457.680993,0
HPQ.US,D,20050609,000000,7.31299,7.4922,7.30996,7.43344,29479034.494121,0
HPQ.US,D,20050610,000000,7.46282,7.67502,7.46282,7.67502,40763682.092943,0
HPQ.US,D,20050613,000000,7.60982,7.80582,7.5941,7.80269,58516552.722199,0
HPQ.US,D,20050614,000000,7.76677,7.79946,7.72362,7.78951,30772918.427738,0
HPQ.US,D,20050615,000000,7.75691,7.84134,7.62349,7.79946,33158925.809294,0
HPQ.US,D,20050616,000000,7.74101,7.83792,7.73329,7.80582,35613222.474324,0
HPQ.US,D,20050617,000000,7.86437,7.88781,7.7774,7.80943,42263928.649537,0
HPQ.US,D,20050620,000000,7.75047,7.81645,7.70869,7.78951,26280741.683939,0
HPQ.US,D,20050621,000000,7.78629,8.06769,7.75047,8.03704,53802396.619276,0
HPQ.US,D,20050622,000000,8.02689,8.06769,7.97634,8.00337,38154772.261056,0
HPQ.US,D,20050623,000000,7.98619,8.02689,7.89425,7.9653,36106464.632558,0
HPQ.US,D,20050624,000000,7.9207,7.92353,7.72109,7.77409,31089199.596139,0
HPQ.US,D,20050627,000000,7.74101,7.75691,7.61997,7.67902,22480503.249092,0
HPQ.US,D,20050628,000000,7.72362,7.77409,7.65881,7.72694,23222363.273081,0
HPQ.US,D,20050629,000000,7.75691,7.9042,7.73739,7.86155,23692957.424405,0
HPQ.US,D,20050630,000000,7.78053,7.86437,7.67502,7.67902,34151236.562714,0
HPQ.US,D,20050701,000000,7.78951,7.79946,7.66213,7.66848,24779874.269109,0
HPQ.US,D,20050705,000000,7.54501,7.77409,7.52831,7.74373,51508229.128939,0
HPQ.US,D,20050706,000000,7.77409,7.97965,7.74373,7.82651,33422245.51614,0
HPQ.US,D,20050707,000000,7.70869,7.89425,7.67502,7.88781,43985551.123832,0
HPQ.US,D,20050708,000000,7.80582,7.93953,7.80582,7.92978,36053808.477529,0
HPQ.US,D,20050711,000000,7.95202,7.98326,7.86711,7.88029,30737094.08785,0
HPQ.US,D,20050712,000000,7.88781,7.9207,7.83792,7.87355,29551896.203851,0
HPQ.US,D,20050713,000000,7.85511,8.02689,7.85189,7.97634,37799307.356465,0
HPQ.US,D,20050714,000000,8.06076,8.07696,8.00669,8.04036,45681441.790405,0
HPQ.US,D,20050715,000000,8.04446,8.16158,8.04446,8.14539,54205321.320845,0
HPQ.US,D,20050718,000000,8.14539,8.18638,8.09727,8.13944,46522196.540299,0
HPQ.US,D,20050719,000000,8.14285,8.17613,7.9696,8.00912,54125723.401696,0
HPQ.US,D,20050720,000000,7.95202,8.14539,7.91104,8.07696,41047812.84495,0
HPQ.US,D,20050721,000000,8.03362,8.06769,7.9207,7.933,28338228.998582,0
HPQ.US,D,20050722,000000,7.9207,7.95202,7.82651,7.89776,26871036.483736,0
HPQ.US,D,20050725,000000,7.86155,8.00337,7.85872,7.93622,19252526.038651,0
HPQ.US,D,20050726,000000,7.9207,7.99653,7.84847,7.95544,22375182.742887,0
HPQ.US,D,20050727,000000,7.94275,8.12322,7.90098,8.09404,29825929.3011,0
HPQ.US,D,20050728,000000,8.03362,8.05422,7.95544,7.99995,23211658.078827,0
HPQ.US,D,20050729,000000,7.9653,8.09044,7.94275,8.04036,28171353.369285,0
HPQ.US,D,20050801,000000,8.04446,8.06076,7.9696,8.00337,22883432.048736,0
HPQ.US,D,20050802,000000,8.00337,8.03362,7.91104,7.94275,20813079.854749,0
HPQ.US,D,20050803,000000,7.9042,8.05422,7.88781,8.03704,24512887.810398,0
HPQ.US,D,20050804,000000,8.04036,8.14285,7.95544,7.9898,25836477.659166,0
HPQ.US,D,20050805,000000,7.9653,8.09971,7.92978,8.06076,27796908.23417,0
HPQ.US,D,20050808,000000,8.0838,8.13944,8.00337,8.03704,15726608.590762,0
HPQ.US,D,20050809,000000,8.06769,8.09971,7.98326,8.0184,21201008.678408,0
HPQ.US,D,20050810,000000,8.03011,8.06769,7.86711,7.88439,20697962.902239,0
HPQ.US,D,20050811,000000,7.83792,7.98326,7.81987,7.89776,26939309.374914,0
HPQ.US,D,20050812,000000,7.74101,7.91835,7.73329,7.84847,32239793.341836,0
HPQ.US,D,20050815,000000,7.84134,7.933,7.80269,7.86711,23352487.373209,0
HPQ.US,D,20050816,000000,7.9207,8.2468,7.72694,7.74101,40505268.805398,0
HPQ.US,D,20050817,000000,8.38989,8.89315,8.38989,8.76002,190281516.62529,0
HPQ.US,D,20050818,000000,8.63986,8.75085,8.62464,8.70399,71737749.368791,0
HPQ.US,D,20050819,000000,8.70761,8.71404,8.62464,8.65225,33515928.516218,0
HPQ.US,D,20050822,000000,8.65225,8.76363,8.61741,8.66318,40473118.389005,0
HPQ.US,D,20050823,000000,8.68671,8.73151,8.6548,8.7241,38601479.762554,0
HPQ.US,D,20050824,000000,8.78646,8.8505,8.69755,8.72762,50923139.907857,0
HPQ.US,D,20050825,000000,8.64933,8.83079,8.62805,8.78646,41728430.224004,0
HPQ.US,D,20050826,000000,8.81594,8.89754,8.73513,8.81887,43004877.876541,0
HPQ.US,D,20050829,000000,8.78646,8.8096,8.6548,8.71669,37812773.628192,0
HPQ.US,D,20050830,000000,8.72762,8.87549,8.70761,8.85323,42663790.040662,0
HPQ.US,D,20050831,000000,8.80218,9.10409,8.80218,9.06709,61782816.190586,0
HPQ.US,D,20050901,000000,9.0302,9.1117,8.94167,9.1117,34232986.995322,0
HPQ.US,D,20050902,000000,9.06328,9.11843,9.01262,9.01262,27215497.034658,0
HPQ.US,D,20050906,000000,9.0302,9.09638,8.89023,8.89754,57212555.766044,0
HPQ.US,D,20050907,000000,8.98237,9.03761,8.96031,8.9687,37471394.829048,0
HPQ.US,D,20050908,000000,9.01262,9.10222,8.98237,9.09638,52123031.436799,0
HPQ.US,D,20050909,000000,9.09638,9.13942,9.0425,9.08426,48752977.06839,0
HPQ.US,D,20050912,000000,9.07949,9.0869,9.0339,9.06152,21746913.13878,0
HPQ.US,D,20050913,000000,9.04903,9.06152,8.9687,8.989,24488391.572038,0
HPQ.US,D,20050914,000000,8.9687,9.06904,8.95748,8.98237,23169712.240645,0
HPQ.US,D,20050915,000000,8.96509,9.10222,8.95474,9.10222,29654769.135256,0
HPQ.US,D,20050916,000000,9.14332,9.25997,9.10409,9.25703,53080752.395174,0
HPQ.US,D,20050919,000000,9.26289,9.43858,9.24063,9.43174,43739687.163919,0
HPQ.US,D,20050920,000000,9.43174,9.63868,9.20207,9.2377,54698572.699746,0
HPQ.US,D,20050921,000000,9.14624,9.26289,9.02287,9.17416,34360974.974287,0
HPQ.US,D,20050922,000000,9.17416,9.25518,9.02287,9.15016,36728300.260214,0
HPQ.US,D,20050923,000000,9.1117,9.34293,8.9687,9.30095,35266627.851278,0
HPQ.US,D,20050926,000000,9.38392,9.50397,9.35562,9.45127,45351997.607767,0
HPQ.US,D,20050927,000000,9.44834,9.44834,9.25518,9.26581,33809555.530599,0
HPQ.US,D,20050928,000000,9.3234,9.40442,9.20861,9.31462,27356629.586529,0
HPQ.US,D,20050929,000000,9.25997,9.52252,9.19828,9.45127,33950381.751425,0
HPQ.US,D,20050930,000000,9.51472,9.61427,9.35952,9.53813,39005314.236589,0
HPQ.US,D,20051003,000000,9.53813,9.57914,9.37025,9.43858,37788898.24807,0
HPQ.US,D,20051004,000000,9.20861,9.48445,9.19534,9.3234,68429542.11126,0
HPQ.US,D,20051005,000000,9.3234,9.3234,8.96509,8.97202,48589476.203174,0
HPQ.US,D,20051006,000000,8.99183,9.0425,8.71669,8.78295,48873613.102292,0
HPQ.US,D,20051007,000000,8.75445,8.86798,8.69755,8.85323,40880947.460839,0
HPQ.US,D,20051010,000000,8.90506,8.94167,8.70146,8.71043,35383898.341767,0
HPQ.US,D,20051011,000000,8.71043,8.92292,8.71043,8.89315,32945841.32016,0
HPQ.US,D,20051012,000000,8.80218,8.98237,8.76363,8.91531,48203398.684524,0
HPQ.US,D,20051013,000000,8.71951,8.95474,8.68671,8.89315,36709632.507845,0
HPQ.US,D,20051014,000000,8.89315,9.00872,8.78646,8.99183,24248969.784722,0
HPQ.US,D,20051017,000000,8.99652,9.09638,8.90126,8.94528,18533620.352614,0
HPQ.US,D,20051018,000000,8.91531,9.11843,8.89218,9.05869,26593342.781734,0
HPQ.US,D,20051019,000000,8.9528,9.03761,8.83079,9.02678,28769314.641339,0
HPQ.US,D,20051020,000000,9.03761,9.21155,8.90506,8.95748,27578915.276696,0
HPQ.US,D,20051021,000000,8.99652,9.12604,8.90126,9.00316,25459579.826659,0
HPQ.US,D,20051024,000000,9.0302,9.24063,8.98237,9.2261,25880568.839176,0
HPQ.US,D,20051025,000000,9.07949,9.20501,8.9528,8.97387,31509576.971086,0
HPQ.US,D,20051026,000000,8.33932,9.04542,8.33932,8.80599,47209862.606927,0
HPQ.US,D,20051027,000000,8.76002,8.81331,8.6548,8.75445,36238433.890579,0
HPQ.US,D,20051028,000000,8.83468,9.17416,8.75621,9.13278,41708532.024864,0
HPQ.US,D,20051031,000000,9.13278,9.20861,9.0869,9.16069,40650390.832474,0
HPQ.US,D,20051101,000000,9.08426,9.3234,9.08426,9.2377,56207706.954698,0
HPQ.US,D,20051102,000000,9.2261,9.50104,9.14624,9.40442,42015312.832818,0
HPQ.US,D,20051103,000000,9.40442,9.48445,9.3273,9.38684,31243198.051871,0
HPQ.US,D,20051104,000000,9.38977,9.38977,9.20861,9.31754,27140167.259758,0
HPQ.US,D,20051107,000000,9.31365,9.42101,9.28241,9.38392,26270940.11504,0
HPQ.US,D,20051108,000000,9.24063,9.38684,9.21535,9.32146,25360077.561259,0
HPQ.US,D,20051109,000000,9.27557,9.35074,9.21155,9.21926,22172497.116962,0
HPQ.US,D,20051110,000000,9.18763,9.27948,9.05869,9.23478,30049742.548414,0
HPQ.US,D,20051111,000000,9.22218,9.38977,9.15395,9.31462,31946178.621678,0
HPQ.US,D,20051114,000000,9.19154,9.23478,9.0425,9.20861,36237199.345736,0
HPQ.US,D,20051115,000000,9.1117,9.37417,9.1117,9.18285,40185013.52957,0
HPQ.US,D,20051116,000000,9.19534,9.33024,9.13942,9.23478,40546295.650447,0
HPQ.US,D,20051117,000000,9.30973,9.56937,9.30291,9.46982,64741685.164415,0
HPQ.US,D,20051118,000000,9.83588,9.85435,9.47372,9.60257,126510108.91851,0
HPQ.US,D,20051121,000000,9.56937,9.64649,9.51178,9.56254,29897571.833764,0
HPQ.US,D,20051122,000000,9.42589,9.7275,9.40832,9.58597,42072574.198695,0
HPQ.US,D,20051123,000000,9.50885,9.67967,9.50885,9.59768,28211779.846468,0
HPQ.US,D,20051125,000000,9.59768,9.74507,9.52935,9.7109,12708357.497672,0
HPQ.US,D,20051128,000000,9.68357,9.79094,9.63868,9.78508,36840372.343616,0
HPQ.US,D,20051129,000000,9.78899,9.82312,9.74116,9.78508,33464486.415663,0
HPQ.US,D,20051130,000000,9.7968,9.84266,9.66894,9.69041,46519142.450522,0
HPQ.US,D,20051201,000000,9.6416,9.76459,9.6416,9.65429,60099174.667712,0
HPQ.US,D,20051202,000000,9.63868,9.67284,9.50885,9.54594,45055310.356497,0
HPQ.US,D,20051205,000000,9.53521,9.74702,9.46982,9.73043,49789992.688427,0
HPQ.US,D,20051206,000000,9.77337,9.88077,9.6582,9.67284,62401292.421943,0
HPQ.US,D,20051207,000000,9.63868,9.76459,9.59768,9.6416,33111174.02453,0
HPQ.US,D,20051208,000000,9.63671,9.70602,9.50104,9.54594,25206675.37532,0
HPQ.US,D,20051209,000000,9.54302,9.7968,9.54302,9.77142,27965610.580029,0
HPQ.US,D,20051212,000000,9.7968,9.83873,9.70602,9.78899,31008366.107626,0
HPQ.US,D,20051213,000000,9.68357,9.6992,9.3644,9.49519,53225869.299657,0
HPQ.US,D,20051214,000000,9.4991,9.70602,9.43858,9.66991,49255411.20699,0
HPQ.US,D,20051215,000000,9.69041,9.73335,9.53813,9.53813,27040661.920801,0
HPQ.US,D,20051216,000000,9.55864,9.60257,9.44541,9.44541,42350585.501446,0
HPQ.US,D,20051219,000000,9.41027,9.52935,9.38977,9.4298,50755052.273124,0
HPQ.US,D,20051220,000000,9.40832,9.43858,9.38198,9.42393,49479218.307194,0
HPQ.US,D,20051221,000000,9.42393,9.52252,9.3644,9.39758,37467408.427398,0
HPQ.US,D,20051222,000000,9.39758,9.53521,9.37709,9.43858,37493435.29646,0
HPQ.US,D,20051223,000000,9.39368,9.48445,9.33902,9.39758,24995724.95831,0
HPQ.US,D,20051227,000000,9.43174,9.46982,9.38684,9.38684,22568681.511038,0
HPQ.US,D,20051228,000000,9.37025,9.43858,9.36733,9.40832,20537829.629473,0
HPQ.US,D,20051229,000000,9.37417,9.44834,9.37417,9.38684,24840498.104845,0
HPQ.US,D,20051230,000000,9.31754,9.40149,9.25997,9.35074,19990088.207352,0
HPQ.US,D,20060103,000000,9.56254,9.56254,9.26581,9.39758,48800127.460769,0
HPQ.US,D,20060104,000000,9.40149,9.68357,9.39368,9.66991,35528710.964244,0
HPQ.US,D,20060105,000000,9.63671,9.6582,9.54594,9.60257,33749848.638959,0
HPQ.US,D,20060106,000000,9.63671,9.89246,9.63671,9.87783,49975833.18047,0
HPQ.US,D,20060109,000000,9.8007,10.0252,9.7968,10.0028,38118035.075147,0
HPQ.US,D,20060110,000000,9.88363,10.074,9.84757,10.0525,40970651.230895,0
HPQ.US,D,20060111,000000,10.1248,10.2497,10.0457,10.2351,64326199.865511,0
HPQ.US,D,20060112,000000,10.1589,10.2028,10.0926,10.1325,26519243.453604,0
HPQ.US,D,20060113,000000,10.2048,10.4206,10.2048,10.4206,47287324.404915,0
HPQ.US,D,20060117,000000,10.2565,10.3522,10.1589,10.3385,31391082.180937,0
HPQ.US,D,20060118,000000,10.1902,10.3971,10.1248,10.3425,43944214.874184,0
HPQ.US,D,20060119,000000,10.3794,10.5591,10.3229,10.5318,56504990.475758,0
HPQ.US,D,20060120,000000,10.5318,10.608,10.318,10.3639,47913449.69171,0
HPQ.US,D,20060123,000000,10.3492,10.3834,10.193,10.2351,32672729.265081,0
HPQ.US,D,20060124,000000,10.2741,10.3639,10.2292,10.2458,44623921.456251,0
HPQ.US,D,20060125,000000,10.2458,10.5396,10.1706,10.4849,58369288.426849,0
HPQ.US,D,20060126,000000,10.4957,10.5152,10.2809,10.32,49002517.000835,0
HPQ.US,D,20060127,000000,10.2878,10.442,10.1452,10.2195,36243028.856245,0
HPQ.US,D,20060130,000000,10.2028,10.2809,10.1042,10.2145,21707111.617909,0
HPQ.US,D,20060131,000000,10.1746,10.2809,10.1101,10.1843,26073767.423394,0
HPQ.US,D,20060201,000000,10.1248,10.2145,10.0487,10.1999,27952754.921353,0
HPQ.US,D,20060202,000000,10.1902,10.2624,10.0418,10.0965,26741226.910802,0
HPQ.US,D,20060203,000000,10.0028,10.1149,9.90219,9.98325,31859229.781983,0
HPQ.US,D,20060206,000000,9.93737,9.94807,9.74702,9.88755,30704946.745013,0
HPQ.US,D,20060207,000000,9.86713,10.0038,9.84266,9.91685,23086422.981186,0
HPQ.US,D,20060208,000000,9.98909,10.4605,9.9666,10.4547,46627526.26717,0
HPQ.US,D,20060209,000000,10.4996,10.5113,10.2624,10.32,31570799.125651,0
HPQ.US,D,20060210,000000,10.318,10.32,10.1101,10.2916,30250895.4946,0
HPQ.US,D,20060213,000000,10.1902,10.4049,10.1813,10.3677,27366416.812168,0
HPQ.US,D,20060214,000000,10.3864,10.6157,10.3355,10.6118,48773192.868278,0
HPQ.US,D,20060215,000000,10.5337,10.6274,10.3385,10.3425,61344375.529211,0
HPQ.US,D,20060216,000000,10.7895,11.2716,10.7758,11.1126,156908278.95365,0
HPQ.US,D,20060217,000000,10.9906,11.1301,10.9544,11.1262,50084527.426237,0
HPQ.US,D,20060221,000000,11.054,11.0959,10.5825,10.6196,58224777.012825,0
HPQ.US,D,20060222,000000,10.5191,10.7845,10.4206,10.7573,45871277.904766,0
HPQ.US,D,20060223,000000,10.6859,10.7758,10.5337,10.5738,33145760.746019,0
HPQ.US,D,20060224,000000,10.6001,10.6001,10.3864,10.4575,30672795.304102,0
HPQ.US,D,20060227,000000,10.5669,10.9417,10.5552,10.9115,40587938.231139,0
HPQ.US,D,20060228,000000,10.7787,10.8783,10.5874,10.7162,41865292.582587,0
HPQ.US,D,20060301,000000,10.8626,11.1252,10.8099,11.1213,44155166.315712,0
HPQ.US,D,20060302,000000,11.1067,11.1691,10.9906,11.1662,36208121.460453,0
HPQ.US,D,20060303,000000,11.0228,11.0862,10.8626,10.8626,40630493.657853,0
HPQ.US,D,20060306,000000,10.8773,10.9544,10.643,10.7338,34048059.3493,0
HPQ.US,D,20060307,000000,10.6859,10.8207,10.6616,10.764,32167235.914113,0
HPQ.US,D,20060308,000000,10.7144,10.7807,10.6616,10.6733,31809310.115982,0
HPQ.US,D,20060309,000000,10.7144,10.8061,10.6841,10.7006,30430930.040061,0
HPQ.US,D,20060310,000000,10.7006,10.8364,10.6235,10.7758,24601059.925232,0
HPQ.US,D,20060313,000000,10.7494,10.8705,10.6958,10.85,21276327.183603,0
HPQ.US,D,20060314,000000,10.8275,10.9612,10.8139,10.9075,31391692.79399,0
HPQ.US,D,20060315,000000,10.891,11.093,10.8823,11.0696,43171125.475971,0
HPQ.US,D,20060316,000000,11.0696,11.1213,11.0355,11.0579,39851896.447955,0
HPQ.US,D,20060317,000000,11.1067,11.1691,11.0657,11.1565,44827839.577984,0
HPQ.US,D,20060320,000000,11.0891,11.1633,11.0579,11.093,22737392.053044,0
HPQ.US,D,20060321,000000,11.0579,11.1691,10.9447,10.9544,29784890.161829,0
HPQ.US,D,20060322,000000,10.6596,10.9417,10.6596,10.8948,43044665.054153,0
HPQ.US,D,20060323,000000,10.8177,10.8733,10.7758,10.7787,29092020.565521,0
HPQ.US,D,20060324,000000,10.7144,10.8823,10.7006,10.8364,25386407.68781,0
HPQ.US,D,20060327,000000,10.7612,10.8666,10.7466,10.8139,25799120.639538,0
HPQ.US,D,20060328,000000,10.7612,10.764,10.4518,10.4732,42736354.640016,0
HPQ.US,D,20060329,000000,10.4996,10.8022,10.481,10.6859,29132135.589066,0
HPQ.US,D,20060330,000000,10.647,10.8568,10.5904,10.6391,30150469.113474,0
HPQ.US,D,20060331,000000,10.643,10.8481,10.6362,10.7466,35969920.89924,0
HPQ.US,D,20060403,000000,10.7787,11.0003,10.7436,10.9504,31098078.073831,0
HPQ.US,D,20060404,000000,10.9397,11.0228,10.8364,11.0042,30012999.215395,0
HPQ.US,D,20060405,000000,10.9749,11.2462,10.9651,11.2219,46149277.937812,0
HPQ.US,D,20060406,000000,11.1604,11.2531,11.1126,11.1369,20655101.14448,0
HPQ.US,D,20060407,000000,11.1408,11.1604,10.886,10.8978,22371814.125918,0
HPQ.US,D,20060410,000000,10.8705,10.9808,10.7787,10.8099,17553867.122974,0
HPQ.US,D,20060411,000000,10.8207,10.8666,10.6157,10.6304,35187943.802668,0
HPQ.US,D,20060412,000000,10.6733,10.7201,10.5552,10.5591,20370656.889798,0
HPQ.US,D,20060413,000000,10.5904,10.7543,10.5366,10.6538,21435843.696207,0
HPQ.US,D,20060417,000000,10.6567,10.7612,10.4351,10.4605,22085543.154674,0
HPQ.US,D,20060418,000000,10.4518,10.9906,10.4518,10.9369,35493808.691043,0
HPQ.US,D,20060419,000000,10.9417,10.9836,10.7573,10.7758,19915391.584912,0
HPQ.US,D,20060420,000000,10.7144,11.0794,10.6538,11.0402,33905691.228067,0
HPQ.US,D,20060421,000000,11.0355,11.0999,10.647,10.764,31723278.220384,0
HPQ.US,D,20060424,000000,10.726,10.8773,10.6538,10.7466,20207477.723405,0
HPQ.US,D,20060425,000000,10.7787,10.7895,10.5669,10.7807,24663834.22539,0
HPQ.US,D,20060426,000000,10.7787,10.7787,10.5366,10.7144,27512474.224674,0
HPQ.US,D,20060427,000000,10.6802,10.9037,10.6157,10.8626,34684294.585078,0
HPQ.US,D,20060428,000000,10.7925,10.8451,10.5337,10.604,23457814.026525,0
HPQ.US,D,20060501,000000,10.6616,10.7787,10.6391,10.6596,24391645.261518,0
HPQ.US,D,20060502,000000,10.6958,10.7074,10.5259,10.5552,20111645.283425,0
HPQ.US,D,20060503,000000,10.5757,10.7787,10.5757,10.726,20330559.283069,0
HPQ.US,D,20060504,000000,10.7466,10.9075,10.7338,10.8733,23716834.853566,0
HPQ.US,D,20060505,000000,10.9329,11.0725,10.8481,11.0618,37057446.307958,0
HPQ.US,D,20060508,000000,10.971,11.0891,10.891,11.0355,23500676.808803,0
HPQ.US,D,20060509,000000,10.7992,10.9115,10.7406,10.8177,29267770.574436,0
HPQ.US,D,20060510,000000,10.7573,10.891,10.7406,10.8022,17565498.481992,0
HPQ.US,D,20060511,000000,10.7406,10.7612,10.4957,10.6274,27616269.222769,0
HPQ.US,D,20060512,000000,10.647,10.6762,10.4518,10.4927,27059030.513757,0
HPQ.US,D,20060515,000000,10.4879,10.7144,10.3288,10.3288,37028968.790541,0
HPQ.US,D,20060516,000000,10.3288,10.4098,9.96273,10.1618,58299169.353258,0
HPQ.US,D,20060517,000000,10.481,10.6859,10.4049,10.5034,103633725.55736,0
HPQ.US,D,20060518,000000,10.5669,10.7925,10.5669,10.608,67700858.42025,0
HPQ.US,D,20060519,000000,10.6499,10.7368,10.2195,10.4575,61004835.74085,0
HPQ.US,D,20060522,000000,10.401,10.6274,10.3639,10.5113,40144596.273055,0
HPQ.US,D,20060523,000000,10.6391,10.7925,10.4849,10.4849,45261676.053029,0
HPQ.US,D,20060524,000000,10.5191,10.6841,10.4575,10.5738,36828123.199919,0
HPQ.US,D,20060525,000000,10.5757,10.6304,10.4605,10.5396,28581638.212067,0
HPQ.US,D,20060526,000000,10.5289,10.6538,10.481,10.6304,24556977.965889,0
HPQ.US,D,20060530,000000,10.5503,10.608,10.4243,10.4253,24026990.425598,0
HPQ.US,D,20060531,000000,10.4351,10.5904,10.3747,10.5757,36328133.562563,0
HPQ.US,D,20060601,000000,10.4927,10.6157,10.4166,10.5904,31879743.716766,0
HPQ.US,D,20060602,000000,10.5825,10.6001,10.4575,10.5805,27570649.461094,0
HPQ.US,D,20060605,000000,10.4996,10.5874,10.3113,10.318,27121495.409315,0
HPQ.US,D,20060606,000000,10.3864,10.3864,9.98909,10.0926,50387026.771199,0
HPQ.US,D,20060607,000000,10.1248,10.2458,10.0965,10.1013,38584038.358881,0
HPQ.US,D,20060608,000000,10.0926,10.0965,9.46982,9.81729,71524353.426019,0
HPQ.US,D,20060609,000000,9.7968,9.83873,9.70309,9.77727,56459376.861193,0
HPQ.US,D,20060612,000000,9.77727,9.85435,9.69626,9.75775,40639068.878057,0
HPQ.US,D,20060613,000000,9.75775,9.85927,9.60257,9.73043,52739669.681888,0
HPQ.US,D,20060614,000000,9.76166,9.84757,9.71677,9.84561,38657206.399656,0
HPQ.US,D,20060615,000000,9.88077,10.4253,9.86713,10.4126,73206166.183296,0
HPQ.US,D,20060616,000000,10.4206,10.8598,10.4206,10.7895,110743381.20613,0
HPQ.US,D,20060619,000000,10.7962,11.1067,10.7962,10.9651,98812091.312172,0
HPQ.US,D,20060620,000000,10.8773,10.9329,10.6567,10.7338,45885651.899921,0
HPQ.US,D,20060621,000000,10.7612,11.1174,10.7523,11.0208,70456421.934435,0
HPQ.US,D,20060622,000000,10.9808,11.0862,10.7573,10.768,61282840.896491,0
HPQ.US,D,20060623,000000,10.7494,10.8246,10.6538,10.6645,31705523.314036,0
HPQ.US,D,20060626,000000,10.7466,10.8451,10.5503,10.6118,33313861.699493,0
HPQ.US,D,20060627,000000,10.6235,10.644,10.4206,10.4332,39923841.213589,0
HPQ.US,D,20060628,000000,10.481,10.5152,10.1384,10.318,48815130.510311,0
HPQ.US,D,20060629,000000,10.3522,10.4683,10.2497,10.4605,40594055.631358,0
HPQ.US,D,20060630,000000,10.4791,10.5523,10.3113,10.3453,65498847.39736,0
HPQ.US,D,20060703,000000,10.3063,10.6762,10.2878,10.6196,29539963.636382,0
HPQ.US,D,20060705,000000,10.6802,10.8568,10.6733,10.7035,50375700.718707,0
HPQ.US,D,20060706,000000,10.644,10.9182,10.6343,10.8099,38799577.594444,0
HPQ.US,D,20060707,000000,10.7612,10.8783,10.6919,10.7299,48812686.009067,0
HPQ.US,D,20060710,000000,10.7299,10.7612,10.3113,10.4293,42678483.685604,0
HPQ.US,D,20060711,000000,10.3864,10.6762,10.3385,10.6304,42116963.513601,0
HPQ.US,D,20060712,000000,10.5552,10.6235,10.3093,10.3425,38905809.922152,0
HPQ.US,D,20060713,000000,10.3425,10.3834,10.0594,10.196,43123977.132629,0
HPQ.US,D,20060714,000000,10.1248,10.2116,10.0291,10.0457,48235237.647279,0
HPQ.US,D,20060717,000000,10.0525,10.2809,9.99881,10.1902,33274357.288999,0
HPQ.US,D,20060718,000000,10.0594,10.2145,9.94133,10.1082,41972450.050539,0
HPQ.US,D,20060719,000000,10.1746,10.5552,10.1082,10.5337,54514246.446108,0
HPQ.US,D,20060720,000000,10.4996,10.7006,10.3785,10.3864,31418025.994097,0
HPQ.US,D,20060721,000000,10.1355,10.1589,9.79094,9.96957,69685774.988428,0
HPQ.US,D,20060724,000000,9.9559,10.2594,9.9559,10.1491,39453874.067613,0
HPQ.US,D,20060725,000000,10.1746,10.3113,10.0926,10.2312,40853080.556473,0
HPQ.US,D,20060726,000000,9.98711,10.5152,9.98711,10.3707,64376723.997451,0
HPQ.US,D,20060727,000000,10.3747,10.643,10.3355,10.5152,48062247.69132,0
HPQ.US,D,20060728,000000,10.5435,10.5825,10.4253,10.4849,32550880.201224,0
HPQ.US,D,20060731,000000,10.4049,10.4791,10.3794,10.4243,27336418.909234,0
HPQ.US,D,20060801,000000,10.3113,10.3785,10.2223,10.3425,29766527.715985,0
HPQ.US,D,20060802,000000,10.3113,10.6919,10.3063,10.6157,40288499.123064,0
HPQ.US,D,20060803,000000,10.5962,10.7436,10.4752,10.644,22489998.486947,0
HPQ.US,D,20060804,000000,10.7787,10.7962,10.5289,10.5942,37254316.766634,0
HPQ.US,D,20060807,000000,10.5366,10.8022,10.4957,10.6919,31473442.202079,0
HPQ.US,D,20060808,000000,10.7807,10.9252,10.7406,10.7436,40361674.335469,0
HPQ.US,D,20060809,000000,10.8626,10.9574,10.768,10.7962,30629014.55321,0
HPQ.US,D,20060810,000000,10.7466,10.8451,10.6616,10.7807,31206761.049895,0
HPQ.US,D,20060811,000000,10.7144,10.8022,10.6733,10.7925,26884202.571531,0
HPQ.US,D,20060814,000000,10.8598,11.054,10.85,10.8733,31163291.75264,0
HPQ.US,D,20060815,000000,11.0071,11.1496,10.9612,11.1027,51614171.517899,0
HPQ.US,D,20060816,000000,11.1691,11.8329,11.1301,11.2462,76254737.902661,0
HPQ.US,D,20060817,000000,11.9559,11.9968,11.3497,11.4825,176394398.29363,0
HPQ.US,D,20060818,000000,11.5186,11.6533,11.462,11.6015,82860438.002805,0
HPQ.US,D,20060821,000000,11.5186,11.5459,11.3917,11.3956,39148617.743252,0
HPQ.US,D,20060822,000000,11.3994,11.5616,11.3742,11.4376,29419935.141976,0
HPQ.US,D,20060823,000000,11.4962,11.5898,11.4326,11.5157,27527167.869615,0
HPQ.US,D,20060824,000000,11.5186,11.5791,11.4882,11.5556,25968749.150159,0
HPQ.US,D,20060825,000000,11.4962,11.5791,11.4747,11.5069,19769645.626043,0
HPQ.US,D,20060828,000000,11.3994,11.5948,11.3672,11.5234,30136993.62108,0
HPQ.US,D,20060829,000000,11.5391,11.6992,11.5137,11.6816,23494551.212434,0
HPQ.US,D,20060830,000000,11.6337,11.787,11.6337,11.7587,37863907.348666,0
HPQ.US,D,20060831,000000,11.6923,11.9871,11.6923,11.9422,43687646.744534,0
HPQ.US,D,20060901,000000,11.9559,11.9968,11.8924,11.9295,22477450.183834,0
HPQ.US,D,20060905,000000,11.9197,11.9335,11.8222,11.905,27735977.042871,0
HPQ.US,D,20060906,000000,11.7265,11.8095,11.705,11.705,31911586.777597,0
HPQ.US,D,20060907,000000,11.5791,11.6786,11.5,11.5673,37069386.047055,0
HPQ.US,D,20060908,000000,11.5039,11.8162,11.4962,11.8133,40548134.66123,0
HPQ.US,D,20060911,000000,11.6786,11.9627,11.664,11.8758,37054693.426633,0
HPQ.US,D,20060912,000000,11.8261,12.1658,11.8261,12.0592,62054094.357474,0
HPQ.US,D,20060913,000000,12.0018,12.0018,11.7158,11.8797,47469799.353545,0
HPQ.US,D,20060914,000000,11.7753,11.9148,11.7753,11.8407,30708618.619471,0
HPQ.US,D,20060915,000000,11.912,12.0466,11.7939,11.8162,43742441.069762,0
HPQ.US,D,20060918,000000,11.7587,11.9519,11.6893,11.8905,27232333.972391,0
HPQ.US,D,20060919,000000,11.8162,11.9148,11.7626,11.8729,29786736.344244,0
HPQ.US,D,20060920,000000,11.8729,12.032,11.8436,12.0106,39734624.932947,0
HPQ.US,D,20060921,000000,11.7753,11.8407,11.2834,11.3917,127131028.6266,0
HPQ.US,D,20060922,000000,11.2355,11.5039,11.1535,11.4688,70214849.682697,0
HPQ.US,D,20060925,000000,11.4962,11.7158,11.4074,11.664,63018531.034898,0
HPQ.US,D,20060926,000000,11.6992,11.7508,11.6015,11.6611,43357884.961147,0
HPQ.US,D,20060927,000000,11.5616,11.6786,11.4825,11.5586,48218091.304946,0
HPQ.US,D,20060928,000000,11.4962,11.7636,11.4326,11.748,45672875.790868,0
HPQ.US,D,20060929,000000,11.9197,12.1218,11.9197,11.9851,70728301.493706,0
HPQ.US,D,20061002,000000,12.032,12.3258,11.9871,12.2975,66023636.530564,0
HPQ.US,D,20061003,000000,12.1501,12.2496,12.0359,12.2204,51848084.46901,0
HPQ.US,D,20061004,000000,12.1179,12.4566,12.1179,12.4166,46468314.036575,0
HPQ.US,D,20061005,000000,12.2878,12.359,12.2389,12.359,37354127.412114,0
HPQ.US,D,20061006,000000,12.2653,12.4264,12.2429,12.318,41609939.53193,0
HPQ.US,D,20061009,000000,12.2721,12.4097,12.2272,12.4097,34217374.357247,0
HPQ.US,D,20061010,000000,12.4264,12.4605,12.2848,12.3882,32257253.186843,0
HPQ.US,D,20061011,000000,12.3882,12.5182,12.3404,12.3697,50151882.348799,0
HPQ.US,D,20061012,000000,12.4244,12.599,12.4097,12.5474,47780870.845155,0
HPQ.US,D,20061013,000000,12.4858,12.7377,12.4858,12.6938,38461559.21612,0
HPQ.US,D,20061016,000000,12.6938,12.7758,12.6362,12.6557,26874408.174261,0
HPQ.US,D,20061017,000000,12.5835,12.7884,12.5015,12.7562,35938375.973306,0
HPQ.US,D,20061018,000000,12.7787,12.8988,12.6147,12.7406,29283988.70297,0
HPQ.US,D,20061019,000000,12.726,12.9582,12.6557,12.9222,43635281.552772,0
HPQ.US,D,20061020,000000,12.9729,12.9729,12.7406,12.8626,35388496.380987,0
HPQ.US,D,20061023,000000,12.8011,13.0949,12.8011,13.0236,45042159.636482,0
HPQ.US,D,20061024,000000,12.9475,13.054,12.7562,12.8802,35460442.17114,0
HPQ.US,D,20061025,000000,12.9222,12.9582,12.7123,12.7924,45171352.449253,0
HPQ.US,D,20061026,000000,12.7991,12.8948,12.7485,12.7924,37145923.729319,0
HPQ.US,D,20061027,000000,12.7064,12.809,12.4957,12.5601,41264278.245276,0
HPQ.US,D,20061030,000000,12.478,12.7718,12.4566,12.7123,31259734.805671,0
HPQ.US,D,20061031,000000,12.7064,12.7718,12.5766,12.6499,38530141.511896,0
HPQ.US,D,20061101,000000,12.7406,12.7826,12.5728,12.5913,30505322.380493,0
HPQ.US,D,20061102,000000,12.5962,12.6831,12.5571,12.606,22805054.33117,0
HPQ.US,D,20061103,000000,12.606,12.6967,12.4605,12.4858,29488523.584864,0
HPQ.US,D,20061106,000000,12.4858,12.6704,12.4858,12.6479,29167648.475317,0
HPQ.US,D,20061107,000000,12.6831,12.7338,12.6176,12.6401,32613943.415611,0
HPQ.US,D,20061108,000000,12.6401,12.7377,12.5796,12.6996,37566305.202339,0
HPQ.US,D,20061109,000000,12.7787,13.0393,12.7758,12.9222,69161308.578564,0
HPQ.US,D,20061110,000000,12.9797,13.0647,12.9124,13.0608,37649589.339206,0
HPQ.US,D,20061113,000000,13.0647,13.1526,13.0423,13.1027,41442773.963885,0
HPQ.US,D,20061114,000000,13.1076,13.3096,13.0325,13.2843,40099891.406437,0
HPQ.US,D,20061115,000000,13.2872,13.3418,12.9866,12.9964,54489456.170926,0
HPQ.US,D,20061116,000000,13.0647,13.1466,12.9729,13.1174,87176872.933837,0
HPQ.US,D,20061117,000000,13.0832,13.0832,12.7406,12.9895,92873246.233495,0
HPQ.US,D,20061120,000000,12.9612,13.0812,12.8802,12.9681,63256740.816778,0
HPQ.US,D,20061121,000000,12.9553,13.0647,12.9553,13.0608,37166139.529206,0
HPQ.US,D,20061122,000000,13.0393,13.051,12.8831,12.9729,42570717.653638,0
HPQ.US,D,20061124,000000,12.8509,12.9964,12.8363,12.9222,11990687.380998,0
HPQ.US,D,20061127,000000,12.8655,12.8831,12.6147,12.6215,47875785.31652,0
HPQ.US,D,20061128,000000,12.5639,12.726,12.5289,12.6967,37756440.476114,0
HPQ.US,D,20061129,000000,12.7884,12.8831,12.7524,12.8655,35221925.033698,0
HPQ.US,D,20061130,000000,12.8216,12.9994,12.7524,12.8871,38289182.946767,0
HPQ.US,D,20061201,000000,12.8871,12.9994,12.806,12.8802,41714961.903239,0
HPQ.US,D,20061204,000000,12.8802,13.0393,12.8256,13.0198,29119881.322776,0
HPQ.US,D,20061205,000000,12.9827,13.0685,12.9759,13.0353,39971607.341613,0
HPQ.US,D,20061206,000000,13.0353,13.1496,13.0286,13.1115,51911156.904063,0
HPQ.US,D,20061207,000000,13.0812,13.1379,12.9895,13.0198,40266142.079423,0
HPQ.US,D,20061208,000000,13.0423,13.1271,12.8871,12.9446,34671130.54632,0
HPQ.US,D,20061211,000000,12.9222,13.1241,12.8772,13.0685,56769829.543603,0
HPQ.US,D,20061212,000000,13.1466,13.1583,12.9193,13.0111,62356892.861851,0
HPQ.US,D,20061213,000000,13.0325,13.047,12.891,12.9553,47762813.705837,0
HPQ.US,D,20061214,000000,12.9553,13.051,12.8988,13.0353,45268116.176588,0
HPQ.US,D,20061215,000000,13.051,13.1526,13.0198,13.047,47929982.347437,0
HPQ.US,D,20061218,000000,13.0423,13.1438,13.0325,13.0755,29773261.876367,0
HPQ.US,D,20061219,000000,13.0812,13.2307,13.0647,13.2052,43630073.925019,0
HPQ.US,D,20061220,000000,13.176,13.5429,13.176,13.502,61688212.14834,0
HPQ.US,D,20061221,000000,13.4239,13.4668,13.2307,13.3243,40622230.915806,0
HPQ.US,D,20061222,000000,13.2307,13.4316,13.2307,13.2687,21579443.288729,0
HPQ.US,D,20061226,000000,13.2501,13.4024,13.2463,13.3693,19327830.200587,0
HPQ.US,D,20061227,000000,13.3721,13.619,13.3693,13.5858,29751829.972969,0
HPQ.US,D,20061228,000000,13.5292,13.6025,13.4805,13.5097,22905475.589704,0
HPQ.US,D,20061229,000000,13.5097,13.6025,13.4434,13.4531,18970833.640775,0
HPQ.US,D,20070103,000000,13.4082,13.6357,13.4082,13.5928,63338793.482355,0
HPQ.US,D,20070104,000000,13.5225,13.661,13.4727,13.6133,35657309.55626,0
HPQ.US,D,20070105,000000,13.5986,13.8064,13.5469,13.784,51076532.87313,0
HPQ.US,D,20070108,000000,13.7987,13.8173,13.6961,13.7069,35191309.346082,0
HPQ.US,D,20070109,000000,13.742,13.8456,13.6825,13.784,35353280.605114,0
HPQ.US,D,20070110,000000,13.7069,13.8084,13.6961,13.784,26566091.613012,0
HPQ.US,D,20070111,000000,13.7323,13.9773,13.7001,13.9265,35802137.546514,0
HPQ.US,D,20070112,000000,13.9071,14.2818,13.9071,14.2165,70503570.277777,0
HPQ.US,D,20070116,000000,14.1588,14.2047,14.0593,14.1101,30072093.444946,0
HPQ.US,D,20070117,000000,14.0348,14.1072,13.8173,13.8768,37312184.647489,0
HPQ.US,D,20070118,000000,13.948,13.948,13.6669,13.828,44971725.011179,0
HPQ.US,D,20070119,000000,13.828,13.868,13.5469,13.7186,43345952.393679,0
HPQ.US,D,20070122,000000,13.7323,13.7752,13.5292,13.7236,34229625.549983,0
HPQ.US,D,20070123,000000,13.7148,13.9227,13.6542,13.8201,32436973.205111,0
HPQ.US,D,20070124,000000,13.8064,13.9734,13.7987,13.8456,28664920.299896,0
HPQ.US,D,20070125,000000,13.7732,13.9148,13.5986,13.621,39253634.991969,0
HPQ.US,D,20070126,000000,13.6357,13.7499,13.5097,13.617,28083789.818465,0
HPQ.US,D,20070129,000000,13.6864,14.0076,13.6465,13.8563,47860176.77652,0
HPQ.US,D,20070130,000000,13.8796,14.1169,13.828,14.0817,41675772.019938,0
HPQ.US,D,20070131,000000,14.0437,14.195,13.9968,14.1354,33060953.150079,0
HPQ.US,D,20070201,000000,13.9148,14.0857,13.7928,13.8357,50280787.271861,0
HPQ.US,D,20070202,000000,13.868,13.9431,13.6961,13.7382,35171714.404432,0
HPQ.US,D,20070205,000000,13.7323,14.0437,13.7216,13.9832,30654437.98085,0
HPQ.US,D,20070206,000000,13.9695,13.9695,13.6425,13.7216,52268464.917512,0
HPQ.US,D,20070207,000000,13.7186,13.9431,13.7186,13.8173,30025850.775996,0
HPQ.US,D,20070208,000000,13.8796,13.9802,13.8201,13.8719,28866379.577126,0
HPQ.US,D,20070209,000000,13.9295,13.9597,13.7499,13.7928,24522994.685823,0
HPQ.US,D,20070212,000000,13.8719,13.8796,13.7343,13.7499,24889126.877481,0
HPQ.US,D,20070213,000000,13.7928,13.9695,13.7343,13.9109,25641834.503802,0
HPQ.US,D,20070214,000000,13.9109,14.0398,13.8397,13.9899,25328432.232507,0
HPQ.US,D,20070215,000000,13.9539,14.0348,13.9031,13.9393,38469819.909131,0
HPQ.US,D,20070216,000000,13.8953,13.9802,13.8738,13.9695,31391692.79399,0
HPQ.US,D,20070220,000000,13.8992,14.1227,13.8796,14.0885,52129162.155759,0
HPQ.US,D,20070221,000000,13.7538,13.7538,13.4161,13.4239,112481534.28712,0
HPQ.US,D,20070222,000000,13.4628,13.4873,13.134,13.3195,77585978.855908,0
HPQ.US,D,20070223,000000,13.3565,13.4161,13.257,13.3311,44239984.156837,0
HPQ.US,D,20070226,000000,13.3634,13.3693,13.1438,13.1583,40736858.148454,0
HPQ.US,D,20070227,000000,12.9193,12.9994,12.5639,12.7123,78213639.896,0
HPQ.US,D,20070228,000000,12.6275,12.9339,12.5796,12.8509,80659354.169196,0
HPQ.US,D,20070301,000000,12.6245,12.8685,12.4605,12.7153,68914448.786627,0
HPQ.US,D,20070302,000000,12.7153,12.8011,12.5913,12.6302,45138899.799889,0
HPQ.US,D,20070305,000000,12.5639,12.8802,12.4605,12.6537,55007694.532568,0
HPQ.US,D,20070306,000000,12.7718,13.0031,12.7445,12.8772,56907000.282269,0
HPQ.US,D,20070307,000000,12.9124,13.1945,12.9027,13.1204,65377300.566474,0
HPQ.US,D,20070308,000000,13.2307,13.2354,13.1144,13.1526,41126189.537997,0
HPQ.US,D,20070309,000000,13.2032,13.2354,12.9104,13.0989,53307307.25411,0
HPQ.US,D,20070312,000000,13.0393,13.2238,13.0325,13.1828,34454357.790431,0
HPQ.US,D,20070313,000000,13.0812,13.1828,12.8831,12.9193,42718289.304549,0
HPQ.US,D,20070314,000000,12.9652,13.0578,12.8295,12.9964,53834819.557601,0
HPQ.US,D,20070315,000000,12.9582,13.0198,12.8871,12.9652,39096868.287134,0
HPQ.US,D,20070316,000000,13.1311,13.1623,13.0158,13.0353,73836576.006638,0
HPQ.US,D,20070319,000000,13.0647,13.1681,13.0393,13.134,33898347.479152,0
HPQ.US,D,20070320,000000,13.0852,13.1466,12.9222,12.9368,67457134.679573,0
HPQ.US,D,20070321,000000,12.9759,13.2159,12.926,13.1271,47716275.975548,0
HPQ.US,D,20070322,000000,13.2307,13.2433,13.0236,13.213,40686345.286217,0
HPQ.US,D,20070323,000000,13.1496,13.2609,13.0812,13.2052,42740521.356929,0
HPQ.US,D,20070326,000000,13.2052,13.2433,13.0647,13.2092,32107069.013647,0
HPQ.US,D,20070327,000000,13.1311,13.1828,13.0949,13.1408,36437754.99761,0
HPQ.US,D,20070328,000000,13.0647,13.1241,12.9124,12.9964,39546020.289874,0
HPQ.US,D,20070329,000000,13.047,13.1115,12.9515,13.0647,34020411.691903,0
HPQ.US,D,20070330,000000,13.0949,13.1828,12.8988,13.1115,43338041.061491,0
HPQ.US,D,20070402,000000,13.1828,13.2032,13.0812,13.1643,34838817.594303,0
HPQ.US,D,20070403,000000,13.176,13.3887,13.174,13.3565,36481307.280867,0
HPQ.US,D,20070404,000000,13.3917,13.4316,13.3096,13.4239,38157127.629186,0
HPQ.US,D,20070405,000000,13.3839,13.6786,13.3311,13.6542,45746932.08922,0
HPQ.US,D,20070409,000000,13.621,13.6425,13.4805,13.502,25902587.791699,0
HPQ.US,D,20070410,000000,13.5195,13.6786,13.176,13.2999,46714272.252194,0
HPQ.US,D,20070411,000000,13.3243,13.3565,13.1681,13.3028,32151390.71033,0
HPQ.US,D,20070412,000000,13.2648,13.46,13.2092,13.4316,31026999.026366,0
HPQ.US,D,20070413,000000,13.4316,13.5195,13.3028,13.4502,32093369.151692,0
HPQ.US,D,20070416,000000,13.4502,13.4756,13.3224,13.4531,31808967.92679,0
HPQ.US,D,20070417,000000,13.4161,13.46,13.2921,13.46,37645886.729192,0
HPQ.US,D,20070418,000000,13.3917,13.4316,13.2159,13.3839,37989791.991064,0
HPQ.US,D,20070419,000000,13.3839,13.5704,13.3663,13.4395,36512891.138506,0
HPQ.US,D,20070420,000000,13.5399,13.5888,13.4239,13.5127,35502520.172214,0
HPQ.US,D,20070423,000000,13.4561,13.619,13.3917,13.5254,32755797.228535,0
HPQ.US,D,20070424,000000,13.5986,13.7186,13.4395,13.6025,37933760.047436,0
HPQ.US,D,20070425,000000,13.6542,13.7148,13.6025,13.6747,31685032.943179,0
HPQ.US,D,20070426,000000,13.6025,13.7987,13.5674,13.7303,43878025.853722,0
HPQ.US,D,20070427,000000,13.7186,13.8436,13.7001,13.8134,30483848.471836,0
HPQ.US,D,20070430,000000,13.8134,13.9109,13.7499,13.7635,32541189.280328,0
HPQ.US,D,20070501,000000,13.7635,14.0437,13.7635,14.0046,52236012.268149,0
HPQ.US,D,20070502,000000,13.9734,14.073,13.9734,14.0222,32343203.120958,0
HPQ.US,D,20070503,000000,14.0398,14.1101,13.9734,13.9899,27691646.125522,0
HPQ.US,D,20070504,000000,14.1656,14.3228,14.0817,14.3023,50383416.367854,0
HPQ.US,D,20070507,000000,14.275,14.3521,14.2409,14.3053,31086054.324213,0
HPQ.US,D,20070508,000000,14.6333,14.7376,14.3628,14.7026,121887693.32851,0
HPQ.US,D,20070509,000000,14.641,14.764,14.5337,14.6742,50609610.596263,0
HPQ.US,D,20070510,000000,14.5844,14.644,14.4946,14.5903,42079804.226053,0
HPQ.US,D,20070511,000000,14.5502,14.7904,14.5337,14.7757,30982742.898869,0
HPQ.US,D,20070514,000000,14.7962,14.7962,14.6333,14.7074,28828614.799116,0
HPQ.US,D,20070515,000000,14.6333,14.8147,14.5903,14.6147,36453778.46762,0
HPQ.US,D,20070516,000000,14.7553,14.7708,14.4702,14.764,57104085.889839,0
HPQ.US,D,20070517,000000,14.8528,14.8977,14.5044,14.6547,70683063.877447,0
HPQ.US,D,20070518,000000,14.7151,14.7151,14.4214,14.5609,54363859.41824,0
HPQ.US,D,20070521,000000,14.5141,14.8646,14.4838,14.767,58859997.975244,0
HPQ.US,D,20070522,000000,14.7523,14.9427,14.6996,14.889,45821144.114389,0
HPQ.US,D,20070523,000000,14.9563,15.0578,14.889,14.9045,60092790.892672,0
HPQ.US,D,20070524,000000,14.8489,14.9836,14.7796,14.8304,58820026.384295,0
HPQ.US,D,20070525,000000,14.8596,14.9836,14.8031,14.9006,49703678.02571,0
HPQ.US,D,20070529,000000,14.8626,14.9797,14.7708,14.8812,43538484.016326,0
HPQ.US,D,20070530,000000,14.759,14.9261,14.7426,14.9172,34500362.77108,0
HPQ.US,D,20070531,000000,14.8977,14.9797,14.8626,14.9289,46519961.040839,0
HPQ.US,D,20070601,000000,14.9427,15.0266,14.9261,14.9602,47635556.208592,0
HPQ.US,D,20070604,000000,14.9427,15.0266,14.7865,15.0188,34534431.086185,0
HPQ.US,D,20070605,000000,14.9358,15.0451,14.8646,15.0002,42895698.008986,0
HPQ.US,D,20070606,000000,14.9563,15.087,14.8694,15.0363,47636354.308537,0
HPQ.US,D,20070607,000000,14.9397,15.0823,14.8177,14.8334,53867020.175404,0
HPQ.US,D,20070608,000000,14.8031,14.9563,14.7151,14.9485,41555415.679597,0
HPQ.US,D,20070611,000000,14.9563,15.1202,14.8451,14.9895,39203669.222634,0
HPQ.US,D,20070612,000000,14.889,14.9963,14.7114,14.7201,51866800.37375,0
HPQ.US,D,20070613,000000,14.7493,14.8596,14.6333,14.8596,49151610.061784,0
HPQ.US,D,20070614,000000,14.9261,14.9934,14.8031,14.9172,34654871.437046,0
HPQ.US,D,20070615,000000,14.9602,15.0363,14.9289,14.9289,57271192.035807,0
HPQ.US,D,20070618,000000,14.9075,15.008,14.8773,14.9895,36925915.543872,0
HPQ.US,D,20070619,000000,14.9563,15.0451,14.8694,14.9934,37189428.884722,0
HPQ.US,D,20070620,000000,15.0266,15.0266,14.7114,14.7151,42547317.650119,0
HPQ.US,D,20070621,000000,14.7465,14.8977,14.6645,14.8596,45858563.629649,0
HPQ.US,D,20070622,000000,14.8596,14.9563,14.7231,14.7523,70273512.589943,0
HPQ.US,D,20070625,000000,14.7318,14.8773,14.6166,14.6782,42784976.241022,0
HPQ.US,D,20070626,000000,14.7406,14.8109,14.518,14.5815,47568592.652113,0
HPQ.US,D,20070627,000000,14.5542,14.7932,14.5502,14.7553,35046393.247232,0
HPQ.US,D,20070628,000000,14.681,14.8109,14.518,14.5717,34777782.92663,0
HPQ.US,D,20070629,000000,14.6303,14.8362,14.4556,14.5746,42545898.691937,0
HPQ.US,D,20070702,000000,14.7796,14.8177,14.638,14.7553,28868306.696504,0
HPQ.US,D,20070703,000000,14.7796,14.9045,14.7493,14.889,16346515.050003,0
HPQ.US,D,20070705,000000,14.8177,15.0149,14.7426,14.9934,26927112.48166,0
HPQ.US,D,20070706,000000,14.9602,15.0266,14.8626,15.0188,25622890.131426,0
HPQ.US,D,20070709,000000,14.971,14.971,14.8069,14.8177,32043533.496212,0
HPQ.US,D,20070710,000000,14.7962,14.8812,14.6645,14.6782,37207092.608919,0
HPQ.US,D,20070711,000000,14.6303,14.9114,14.5981,14.9114,55742017.173638,0
HPQ.US,D,20070712,000000,14.9563,15.5556,14.8596,15.4658,77006101.360655,0
HPQ.US,D,20070713,000000,15.3662,15.4619,15.2217,15.4316,41908404.32287,0
HPQ.US,D,20070716,000000,15.3506,15.5117,15.3145,15.4941,36370726.896463,0
HPQ.US,D,20070717,000000,15.4746,15.6376,15.3565,15.5175,36424324.584032,0
HPQ.US,D,20070718,000000,15.5175,15.5312,15.2267,15.3974,31065621.326394,0
HPQ.US,D,20070719,000000,15.5214,16.0339,15.5214,15.8084,52557328.945188,0
HPQ.US,D,20070720,000000,15.8396,15.9801,15.7166,15.8534,46133048.539575,0
HPQ.US,D,20070723,000000,15.8436,16.0017,15.78,15.8192,32786023.599105,0
HPQ.US,D,20070724,000000,15.8084,15.8963,15.5214,15.5497,31859229.781983,0
HPQ.US,D,20070725,000000,15.6435,15.8534,15.4004,15.5283,34956785.781919,0
HPQ.US,D,20070726,000000,15.4971,15.7166,15.1408,15.3829,66522361.912039,0
HPQ.US,D,20070727,000000,15.4151,15.4882,15.1758,15.1758,40376065.747441,0
HPQ.US,D,20070730,000000,15.1778,15.2502,14.9427,15.0675,39539285.104975,0
HPQ.US,D,20070731,000000,15.1847,15.3799,15.0149,15.0363,44967746.805677,0
HPQ.US,D,20070801,000000,15.0383,15.3273,14.8958,15.2609,46699836.785924,0
HPQ.US,D,20070802,000000,15.3662,15.8152,15.3662,15.7538,56645529.831392,0
HPQ.US,D,20070803,000000,15.6992,15.9558,15.0266,15.4853,52733243.901587,0
HPQ.US,D,20070806,000000,15.5331,15.8474,15.5312,15.8279,56107581.782024,0
HPQ.US,D,20070807,000000,15.7898,15.9987,15.665,15.8329,48136032.492257,0
HPQ.US,D,20070808,000000,15.9675,16.2789,15.906,16.1364,72328974.431426,0
HPQ.US,D,20070809,000000,15.8222,16.07,15.3565,15.3565,73418037.642475,0
HPQ.US,D,20070810,000000,15.208,15.7391,15.1808,15.419,55880091.537658,0
HPQ.US,D,20070813,000000,15.6727,15.9665,15.6093,15.8192,55005043.078579,0
HPQ.US,D,20070814,000000,15.903,15.9275,15.3273,15.4238,56110025.258749,0
HPQ.US,D,20070815,000000,15.3506,15.5439,15.008,15.0715,62383992.401828,0
HPQ.US,D,20070816,000000,15.1037,15.1272,14.2544,15.0402,107662051.53088,0
HPQ.US,D,20070817,000000,15.6132,15.7615,15.13,15.4004,90718387.652022,0
HPQ.US,D,20070820,000000,15.456,15.4971,14.9934,15.214,50625541.859604,0
HPQ.US,D,20070821,000000,15.2237,15.3018,14.967,15.0305,46373701.798179,0
HPQ.US,D,20070822,000000,15.2003,15.2335,14.9641,15.1603,47255788.699647,0
HPQ.US,D,20070823,000000,15.1896,15.6248,15.1242,15.5624,44839771.120934,0
HPQ.US,D,20070824,000000,15.5146,15.7323,15.4824,15.7089,34179098.344486,0
HPQ.US,D,20070827,000000,15.6796,15.7498,15.6025,15.6093,27767126.504647,0
HPQ.US,D,20070828,000000,15.5468,15.6727,15.2911,15.3116,34944232.356213,0
HPQ.US,D,20070829,000000,15.337,15.9275,15.337,15.8152,42820862.052023,0
HPQ.US,D,20070830,000000,15.6922,15.9987,15.665,15.8222,33666574.747278,0
HPQ.US,D,20070831,000000,15.9919,16.2407,15.903,16.1168,53073848.164714,0
HPQ.US,D,20070904,000000,16.0222,16.4867,16.0193,16.3785,65558657.765373,0
HPQ.US,D,20070905,000000,16.2486,16.3814,16.1998,16.3637,50865240.266927,0
HPQ.US,D,20070906,000000,16.3814,16.4673,16.2789,16.394,37504578.984651,0
HPQ.US,D,20070907,000000,16.1842,16.2828,15.8259,15.9558,46030092.622167,0
HPQ.US,D,20070910,000000,15.9305,16.1364,15.788,16.0017,26695916.553725,0
HPQ.US,D,20070911,000000,16.1003,16.3463,16.0525,16.2886,34466297.52953,0
HPQ.US,D,20070912,000000,16.272,16.2916,15.8534,15.9275,43573435.466415,0
HPQ.US,D,20070913,000000,15.906,16.0807,15.8045,15.9305,43023230.077199,0
HPQ.US,D,20070914,000000,15.8396,15.9245,15.579,15.8005,50857130.178141,0
HPQ.US,D,20070917,000000,15.7683,16.1735,15.7468,16.0525,43675377.110465,0
HPQ.US,D,20070918,000000,16.1519,16.4458,15.7235,16.3872,44060250.819828,0
HPQ.US,D,20070919,000000,16.4136,16.5062,16.1364,16.2594,62483348.161075,0
HPQ.US,D,20070920,000000,16.1842,16.4262,16.1842,16.3637,34754360.383704,0
HPQ.US,D,20070921,000000,16.4673,16.6439,16.3637,16.5062,72138684.45535,0
HPQ.US,D,20070924,000000,16.5668,16.6508,16.3872,16.4096,33523229.235354,0
HPQ.US,D,20070925,000000,16.3433,16.6585,16.3433,16.6508,41040157.642397,0
HPQ.US,D,20070926,000000,16.6547,16.6869,16.4829,16.5336,42186454.557326,0
HPQ.US,D,20070927,000000,16.5824,16.6741,16.3872,16.4174,34673882.403127,0
HPQ.US,D,20070928,000000,16.4019,16.4331,16.1842,16.2632,32488424.526333,0
HPQ.US,D,20071001,000000,16.2692,16.7074,16.2594,16.6508,34838298.163402,0
HPQ.US,D,20071002,000000,16.6176,16.685,16.4331,16.6713,25891878.49937,0
HPQ.US,D,20071003,000000,16.5697,16.6039,16.3745,16.4458,30026220.627191,0
HPQ.US,D,20071004,000000,16.4633,16.5179,16.3316,16.4867,19445398.825972,0
HPQ.US,D,20071005,000000,16.5464,16.7318,16.5122,16.6254,35677822.466524,0
HPQ.US,D,20071008,000000,16.6322,17.0421,16.6283,16.9934,38444224.362375,0
HPQ.US,D,20071009,000000,17.05,17.1427,16.8958,17.1348,29713558.058283,0
HPQ.US,D,20071010,000000,17.1037,17.2149,16.9836,17.0665,27765986.21551,0
HPQ.US,D,20071011,000000,17.1407,17.1935,16.7083,16.8557,33679119.976834,0
HPQ.US,D,20071012,000000,16.7972,16.9739,16.7542,16.8362,28314450.947721,0
HPQ.US,D,20071015,000000,16.8362,16.9514,16.5951,16.7346,22704318.545445,0
HPQ.US,D,20071016,000000,16.685,16.9485,16.682,16.8215,24572288.370994,0
HPQ.US,D,20071017,000000,17.1066,17.2275,17.0128,17.1613,37807251.473247,0
HPQ.US,D,20071018,000000,17.1427,17.3096,16.9894,17.2696,26367696.670745,0
HPQ.US,D,20071019,000000,17.1466,17.2784,16.7542,16.7893,43540525.881781,0
HPQ.US,D,20071022,000000,16.6019,16.806,16.4136,16.7523,34304688.950061,0
HPQ.US,D,20071023,000000,16.9133,16.9836,16.6683,16.9377,29701004.632578,0
HPQ.US,D,20071024,000000,16.8811,16.9357,16.4712,16.8529,38912857.585208,0
HPQ.US,D,20071025,000000,16.8147,16.9739,16.6409,16.7855,36310384.803325,0
HPQ.US,D,20071026,000000,17.046,17.1935,16.9709,17.1368,36480993.778193,0
HPQ.US,D,20071029,000000,17.1007,17.1368,16.8362,16.9093,37028779.25461,0
HPQ.US,D,20071030,000000,16.8636,16.9739,16.8197,16.8509,26284410.484841,0
HPQ.US,D,20071031,000000,16.8918,16.9659,16.6713,16.8791,38234075.118865,0
HPQ.US,D,20071101,000000,16.7279,17.0802,16.7083,16.8197,48547213.788763,0
HPQ.US,D,20071102,000000,16.9514,17.1368,16.8197,17.1144,42954660.075645,0
HPQ.US,D,20071105,000000,16.9377,17.2607,16.9163,17.1613,36637582.216801,0
HPQ.US,D,20071106,000000,17.1496,17.4678,17.1496,17.4443,41707529.02121,0
HPQ.US,D,20071107,000000,17.2667,17.4414,16.9026,16.9338,43933139.828735,0
HPQ.US,D,20071108,000000,16.9445,17.0168,15.8396,16.3101,76025932.176488,0
HPQ.US,D,20071109,000000,16.0632,16.1452,15.6337,15.8045,61895167.967551,0
HPQ.US,D,20071112,000000,15.6551,15.9841,15.4971,15.5283,47128932.813672,0
HPQ.US,D,20071113,000000,15.7615,16.1842,15.7019,16.1666,51022832.733706,0
HPQ.US,D,20071114,000000,16.4019,16.4019,15.9626,16.027,40468739.596753,0
HPQ.US,D,20071115,000000,15.9392,16.1998,15.8601,15.9714,41772577.752534,0
HPQ.US,D,20071116,000000,16.3707,16.5736,16.1598,16.5736,67514642.95442,0
HPQ.US,D,20071119,000000,16.6146,16.8215,16.0856,16.15,82149980.496673,0
HPQ.US,D,20071120,000000,16.5209,16.5571,15.8796,16.1871,94797589.167347,0
HPQ.US,D,20071121,000000,15.8279,16.3043,15.8279,15.9665,44004131.792125,0
HPQ.US,D,20071123,000000,16.15,16.1598,15.9714,16.0612,14276133.144981,0
HPQ.US,D,20071126,000000,16.0563,16.1998,15.6912,15.7284,48804428.389612,0
HPQ.US,D,20071127,000000,15.78,16.0085,15.7118,15.91,48119849.197354,0
HPQ.US,D,20071128,000000,16.0612,16.6585,15.9665,16.5668,51935255.629228,0
HPQ.US,D,20071129,000000,16.4516,16.8197,16.4428,16.6741,33766816.715064,0
HPQ.US,D,20071130,000000,16.8402,16.9093,16.3902,16.7083,62387441.955761,0
HPQ.US,D,20071203,000000,16.5024,16.7239,16.4174,16.475,30636983.258435,0
HPQ.US,D,20071204,000000,16.3433,16.808,16.3316,16.562,37022958.964769,0
HPQ.US,D,20071205,000000,16.685,16.9065,16.6713,16.8704,35691670.883669,0
HPQ.US,D,20071206,000000,16.8636,17.0646,16.7142,17.0539,31839287.528546,0
HPQ.US,D,20071207,000000,17.1174,17.2012,16.8791,16.9338,27076574.369285,0
HPQ.US,D,20071210,000000,17.0128,17.05,16.7318,16.9739,38777915.174374,0
HPQ.US,D,20071211,000000,16.8529,17.0715,16.5375,16.5863,41596909.705102,0
HPQ.US,D,20071212,000000,16.926,17.05,16.6927,16.8294,44244748.168062,0
HPQ.US,D,20071213,000000,16.722,17.131,16.722,17.1037,37143105.278807,0
HPQ.US,D,20071214,000000,16.9602,17.2637,16.9602,17.0304,40391134.366169,0
HPQ.US,D,20071217,000000,16.923,16.9982,16.5883,16.6351,34295765.393553,0
HPQ.US,D,20071218,000000,16.722,16.9026,16.6176,16.6644,36887295.29288,0
HPQ.US,D,20071219,000000,16.6547,16.8362,16.5697,16.7074,30619232.450162,0
HPQ.US,D,20071220,000000,16.7972,16.9514,16.5863,16.7083,27825416.487144,0
HPQ.US,D,20071221,000000,16.8197,17.0393,16.8147,16.9934,52660973.339056,0
HPQ.US,D,20071224,000000,16.9767,17.1407,16.931,17.0881,11835299.678123,0
HPQ.US,D,20071226,000000,17.0802,17.2784,16.9739,17.2344,18433030.048521,0
HPQ.US,D,20071227,000000,17.0333,17.1915,16.8215,16.8557,24607495.950718,0
HPQ.US,D,20071228,000000,16.8294,16.9836,16.7386,16.7748,21243971.863502,0
HPQ.US,D,20071231,000000,16.7523,16.7542,16.4594,16.4897,25766093.235272,0
HPQ.US,D,20080102,000000,16.4897,16.6508,16.0807,16.2154,42861609.203509,0
HPQ.US,D,20080103,000000,16.1549,16.2749,16.0309,16.2154,32728253.04751,0
HPQ.US,D,20080104,000000,15.9392,16.0661,15.208,15.3076,75690774.253934,0
HPQ.US,D,20080107,000000,15.3712,15.4004,14.4409,14.8147,96408483.726567,0
HPQ.US,D,20080108,000000,14.8626,15.0324,14.0486,14.1072,130795833.90622,0
HPQ.US,D,20080109,000000,14.0857,14.5746,13.9656,14.5141,93706890.824702,0
HPQ.US,D,20080110,000000,14.3784,15.008,14.3784,14.8109,75540580.860072,0
HPQ.US,D,20080111,000000,14.8596,14.9114,14.6469,14.6996,55811546.124548,0
HPQ.US,D,20080114,000000,15.2422,15.3184,14.9856,15.0647,57798077.33395,0
HPQ.US,D,20080115,000000,14.8958,14.9387,14.6996,14.7191,49129860.557638,0
HPQ.US,D,20080116,000000,14.3053,14.759,14.2544,14.48,85703982.046857,0
HPQ.US,D,20080117,000000,14.518,14.6303,13.8796,14.0437,74729233.890431,0
HPQ.US,D,20080118,000000,14.3053,14.4634,14.0456,14.2916,76802542.844932,0
HPQ.US,D,20080122,000000,13.2307,14.2057,13.2307,13.9539,99312245.897013,0
HPQ.US,D,20080123,000000,13.5858,14.1169,13.0608,14.1072,103663789.02948,0
HPQ.US,D,20080124,000000,14.1354,14.7523,13.8738,14.6615,68224596.397429,0
HPQ.US,D,20080125,000000,14.9427,14.9455,14.2409,14.2886,64761374.361771,0
HPQ.US,D,20080128,000000,14.2916,14.6303,14.1763,14.3053,43488803.063146,0
HPQ.US,D,20080129,000000,14.3882,14.3882,13.9968,14.1676,64795530.785471,0
HPQ.US,D,20080130,000000,14.0885,14.4634,13.9929,14.2203,60420202.430521,0
HPQ.US,D,20080131,000000,14.0251,14.4478,13.8173,14.2818,67695454.084936,0
HPQ.US,D,20080201,000000,14.2993,14.518,14.195,14.5083,56095260.922027,0
HPQ.US,D,20080204,000000,14.4516,14.5981,14.3228,14.3911,38088904.939418,0
HPQ.US,D,20080205,000000,14.3521,14.3521,13.9832,14.0348,55627010.869129,0
HPQ.US,D,20080206,000000,14.1072,14.193,13.7343,13.7695,57080151.08764,0
HPQ.US,D,20080207,000000,13.6542,13.6542,13.1174,13.2307,149061172.80869,0
HPQ.US,D,20080208,000000,13.3068,13.784,13.2463,13.6786,68892132.723728,0
HPQ.US,D,20080211,000000,13.7967,13.9227,13.6942,13.9227,41368536.325752,0
HPQ.US,D,20080212,000000,13.9734,14.1763,13.825,14.0046,60578922.892217,0
HPQ.US,D,20080213,000000,14.0857,14.5277,14.0857,14.3882,53558067.38814,0
HPQ.US,D,20080214,000000,14.2242,14.2467,13.9773,14.1296,60774601.835827,0
HPQ.US,D,20080215,000000,14.0945,14.4634,13.9832,14.3277,58031430.897937,0
HPQ.US,D,20080219,000000,14.5044,14.7493,14.3521,14.3521,97303964.158946,0
HPQ.US,D,20080220,000000,14.9797,15.5888,14.8596,15.4941,123147714.87525,0
HPQ.US,D,20080221,000000,15.4971,15.6248,15.2003,15.2951,58574260.778162,0
HPQ.US,D,20080222,000000,15.331,15.5117,15.1389,15.4824,43303227.921404,0
HPQ.US,D,20080225,000000,15.4619,15.784,15.4004,15.7166,51657609.055079,0
HPQ.US,D,20080226,000000,15.6435,16.229,15.5576,16.07,62558130.843074,0
HPQ.US,D,20080227,000000,16.0017,16.1627,15.8884,15.9841,44374982.916191,0
HPQ.US,D,20080228,000000,15.8758,15.9392,15.7284,15.8562,48312896.152828,0
HPQ.US,D,20080229,000000,15.7118,15.8796,15.5497,15.6025,41905847.124587,0
HPQ.US,D,20080303,000000,15.5527,15.6376,15.3974,15.5468,37283003.285833,0
HPQ.US,D,20080304,000000,15.4483,15.8474,15.3457,15.8259,49568014.353821,0
HPQ.US,D,20080305,000000,15.8698,15.9558,15.6132,15.78,38187723.850949,0
HPQ.US,D,20080306,000000,15.6835,15.9392,15.5762,15.6054,49183041.26616,0
HPQ.US,D,20080307,000000,15.6054,15.7323,15.2657,15.4512,38539110.147221,0
HPQ.US,D,20080310,000000,15.4356,15.4882,15.2237,15.2559,35015544.993908,0
HPQ.US,D,20080311,000000,15.5702,15.6796,15.2237,15.6513,44496786.901232,0
HPQ.US,D,20080312,000000,15.5663,15.6767,15.3858,15.4404,37516298.452262,0
HPQ.US,D,20080313,000000,15.2179,15.5214,15.051,15.3565,47953536.028738,0
HPQ.US,D,20080314,000000,15.4619,15.4658,14.7318,15.0002,56193416.970063,0
HPQ.US,D,20080317,000000,14.6712,15.3428,14.5337,15.1603,53725155.092774,0
HPQ.US,D,20080318,000000,15.3741,15.6551,15.2881,15.6551,45991933.40452,0
HPQ.US,D,20080319,000000,15.5146,15.6248,15.2043,15.2179,63486314.931859,0
HPQ.US,D,20080320,000000,15.2365,15.4619,15.089,15.1876,86499598.558789,0
HPQ.US,D,20080324,000000,15.2559,15.8329,15.1202,15.6551,50687268.077293,0
HPQ.US,D,20080325,000000,15.6288,15.8299,15.5468,15.7665,32039359.607668,0
HPQ.US,D,20080326,000000,15.6825,15.7576,15.2422,15.4619,42050305.263648,0
HPQ.US,D,20080327,000000,15.3897,15.4619,15.1641,15.2335,37415162.079786,0
HPQ.US,D,20080328,000000,15.337,15.4151,15.0022,15.051,31182238.174052,0
HPQ.US,D,20080331,000000,15.0266,15.2217,14.9143,14.9143,68350675.69835,0
HPQ.US,D,20080401,000000,15.0578,15.6318,15.0578,15.5439,53772004.276703,0
HPQ.US,D,20080402,000000,15.5312,15.6796,15.2814,15.4268,40075519.134821,0
HPQ.US,D,20080403,000000,15.3048,15.4404,15.1437,15.338,46517552.397744,0
HPQ.US,D,20080404,000000,15.333,15.4316,15.087,15.1525,37847671.803318,0
HPQ.US,D,20080407,000000,15.1721,15.331,14.9358,15.0002,43207752.013878,0
HPQ.US,D,20080408,000000,14.8773,15.089,14.7553,15.0451,37944742.886216,0
HPQ.US,D,20080409,000000,15.0422,15.0997,14.7815,15.051,36373783.035276,0
HPQ.US,D,20080410,000000,14.9934,15.2951,14.9934,15.211,33212495.834863,0
HPQ.US,D,20080411,000000,15.1144,15.1389,14.8147,14.8489,31465346.456554,0
HPQ.US,D,20080414,000000,14.8216,15.1076,14.767,14.9641,26682535.317038,0
HPQ.US,D,20080415,000000,15.0383,15.0647,14.7932,14.9641,26186372.256439,0
HPQ.US,D,20080416,000000,15.1876,15.4287,15.1359,15.3829,39485453.827177,0
HPQ.US,D,20080417,000000,15.4687,15.5146,15.2579,15.4512,28705582.416343,0
HPQ.US,D,20080418,000000,15.6201,15.8396,15.5888,15.7351,51249325.097012,0
HPQ.US,D,20080421,000000,15.662,15.8504,15.5468,15.8259,24800581.837897,0
HPQ.US,D,20080422,000000,15.7898,15.8279,15.5859,15.7323,30085459.313855,0
HPQ.US,D,20080423,000000,15.7898,15.867,15.5926,15.6835,32131879.779198,0
HPQ.US,D,20080424,000000,15.6835,15.987,15.6288,15.7898,32149330.403539,0
HPQ.US,D,20080425,000000,15.7763,15.7763,15.2764,15.4971,37777992.248182,0
HPQ.US,D,20080428,000000,15.4971,15.6435,15.4316,15.5439,24850295.575671,0
HPQ.US,D,20080429,000000,15.5439,15.6864,15.456,15.6248,28956168.382221,0
HPQ.US,D,20080430,000000,15.6864,15.6864,15.0578,15.1389,49586123.743585,0
HPQ.US,D,20080501,000000,15.1389,15.7351,15.1076,15.6864,50721174.518468,0
HPQ.US,D,20080502,000000,15.7743,15.8718,15.5956,15.7947,35696234.089258,0
HPQ.US,D,20080505,000000,15.7019,15.8698,15.6132,15.7538,26535865.242443,0
HPQ.US,D,20080506,000000,15.7576,15.9597,15.5283,15.8855,35384998.674681,0
HPQ.US,D,20080507,000000,15.8631,16.2866,15.8504,16.0085,39171963.447288,0
HPQ.US,D,20080508,000000,15.9626,16.1519,15.8279,16.0222,32373149.797966,0
HPQ.US,D,20080509,000000,15.9558,16.1168,15.8718,16.0495,29426018.733083,0
HPQ.US,D,20080512,000000,16.1315,16.3208,14.9748,15.2951,122922940.62954,0
HPQ.US,D,20080513,000000,14.4995,14.9748,14.1324,14.4585,433789784.6607,0
HPQ.US,D,20080514,000000,14.6712,15.1808,14.4585,14.9075,168393637.93116,0
HPQ.US,D,20080515,000000,14.9836,15.3741,14.7904,15.2609,87767681.017425,0
HPQ.US,D,20080516,000000,15.3741,15.5214,15.1272,15.4443,76064958.136822,0
HPQ.US,D,20080519,000000,15.456,15.6922,15.1681,15.2559,63772302.111466,0
HPQ.US,D,20080520,000000,15.2462,15.2951,14.9856,15.1758,66124890.722673,0
HPQ.US,D,20080521,000000,15.089,15.1389,14.5014,14.6303,105639862.97811,0
HPQ.US,D,20080522,000000,14.764,14.8031,14.6011,14.6645,89627295.894258,0
HPQ.US,D,20080523,000000,14.6273,14.7426,14.604,14.6849,51377382.743238,0
HPQ.US,D,20080527,000000,14.7114,15.0119,14.7026,14.9261,47881535.939101,0
HPQ.US,D,20080528,000000,15.0266,15.2365,15.0051,15.1925,54809444.047415,0
HPQ.US,D,20080529,000000,15.1808,15.3799,15.0715,15.3223,44620204.502978,0
HPQ.US,D,20080530,000000,15.3662,15.5468,15.3273,15.3712,53729920.128518,0
HPQ.US,D,20080602,000000,15.3048,15.3545,14.9397,15.1076,44666065.026512,0
HPQ.US,D,20080603,000000,15.211,15.3399,15.0402,15.1037,44647480.260145,0
HPQ.US,D,20080604,000000,15.0324,15.4053,15.0324,15.2881,40329580.267596,0
HPQ.US,D,20080605,000000,15.3897,15.9197,15.333,15.8436,69564742.46585,0
HPQ.US,D,20080606,000000,15.7059,15.8259,15.5146,15.5556,51344906.529948,0
HPQ.US,D,20080609,000000,15.5722,15.6318,15.4082,15.5556,33027722.891141,0
HPQ.US,D,20080610,000000,15.4151,15.7323,15.4151,15.5361,38565192.340285,0
HPQ.US,D,20080611,000000,15.4004,15.5214,15.1272,15.1808,42586992.130691,0
HPQ.US,D,20080612,000000,15.2726,15.4746,15.2462,15.3399,34030174.329097,0
HPQ.US,D,20080613,000000,15.3974,15.7019,15.3799,15.4971,42825717.245396,0
HPQ.US,D,20080616,000000,15.3662,15.6864,15.3506,15.54,31151902.179999,0
HPQ.US,D,20080617,000000,15.6405,15.6796,15.3799,15.4619,37954138.745773,0
HPQ.US,D,20080618,000000,15.2911,15.3662,15.0422,15.2179,48133283.709006,0
HPQ.US,D,20080619,000000,15.0715,15.333,14.9524,15.2179,43387324.501475,0
HPQ.US,D,20080620,000000,15.0305,15.214,14.7406,14.9075,61619736.402491,0
HPQ.US,D,20080623,000000,14.9836,15.0188,14.8109,14.8626,33887409.719188,0
HPQ.US,D,20080624,000000,14.6849,14.8489,14.6498,14.7151,52173904.929562,0
HPQ.US,D,20080625,000000,14.7406,15.089,14.7406,14.8958,35949340.370751,0
HPQ.US,D,20080626,000000,14.7796,14.7796,14.4556,14.5903,53907571.643848,0
HPQ.US,D,20080627,000000,14.5688,14.641,14.3824,14.5609,44331987.971023,0
HPQ.US,D,20080630,000000,14.6615,14.8371,14.3199,14.4409,47168781.462396,0
HPQ.US,D,20080701,000000,14.2614,14.4917,14.1022,14.3707,58867065.104153,0
HPQ.US,D,20080702,000000,14.4516,14.518,14.2087,14.2437,32024114.77175,0
HPQ.US,D,20080703,000000,14.2409,14.3023,13.9334,14.189,41685828.693954,0
HPQ.US,D,20080707,000000,14.2437,14.681,14.1706,14.3707,45470628.65888,0
HPQ.US,D,20080708,000000,14.3082,14.3512,13.9567,14.193,55172037.552027,0
HPQ.US,D,20080709,000000,14.2437,14.2437,13.7635,13.7869,50272631.079741,0
HPQ.US,D,20080710,000000,13.7635,13.8738,13.4082,13.5399,81331232.405079,0
HPQ.US,D,20080711,000000,13.4531,13.7303,13.4033,13.583,57284450.33027,0
HPQ.US,D,20080714,000000,13.6904,13.7577,13.4132,13.6502,51944658.660415,0
HPQ.US,D,20080715,000000,13.4132,13.742,13.336,13.6025,67004220.644742,0
HPQ.US,D,20080716,000000,13.4278,13.865,13.3917,13.828,57476393.879273,0
HPQ.US,D,20080717,000000,13.9802,14.2574,13.8173,14.1189,58025772.482024,0
HPQ.US,D,20080718,000000,14.0398,14.3521,14.0222,14.1813,43365855.715411,0
HPQ.US,D,20080721,000000,14.2409,14.275,13.9773,14.1588,33504032.831416,0
HPQ.US,D,20080722,000000,14.0105,14.2272,13.9227,14.2165,46317967.989448,0
HPQ.US,D,20080723,000000,14.2671,14.5941,14.1763,14.4595,49971625.482815,0
HPQ.US,D,20080724,000000,14.5083,14.5083,14.1521,14.1676,23514211.723272,0
HPQ.US,D,20080725,000000,14.1813,14.3707,14.0593,14.2779,36021341.484906,0
HPQ.US,D,20080728,000000,14.197,14.312,13.9431,14.0437,33729751.683222,0
HPQ.US,D,20080729,000000,14.1169,14.5337,14.0486,14.4146,51837833.136469,0
HPQ.US,D,20080730,000000,14.5103,14.7493,14.4516,14.7201,49120858.113201,0
HPQ.US,D,20080731,000000,14.6469,14.8274,14.5376,14.6303,44561429.923213,0
HPQ.US,D,20080801,000000,14.6303,14.6996,14.275,14.3551,33750029.97874,0
HPQ.US,D,20080804,000000,14.2779,14.518,14.2544,14.3512,29008723.109913,0
HPQ.US,D,20080805,000000,14.4595,14.7553,14.3579,14.6996,40770321.997619,0
HPQ.US,D,20080806,000000,14.641,14.8528,14.5776,14.7426,37415402.841644,0
HPQ.US,D,20080807,000000,14.6333,14.9797,14.5688,14.8626,39399214.978833,0
HPQ.US,D,20080808,000000,14.8109,15.008,14.6303,14.9641,45200509.222465,0
HPQ.US,D,20080811,000000,14.967,15.1339,14.7962,14.9358,32341979.845819,0
HPQ.US,D,20080812,000000,14.8304,15.0226,14.7259,14.9202,25965772.923792,0
HPQ.US,D,20080813,000000,14.9524,15.0422,14.7815,14.8977,27687783.690615,0
HPQ.US,D,20080814,000000,14.7962,14.9427,14.7406,14.8596,33844469.073502,0
HPQ.US,D,20080815,000000,14.9006,14.971,14.7348,14.8919,37532915.11851,0
HPQ.US,D,20080818,000000,14.9172,14.9397,14.3199,14.5688,55368863.956406,0
HPQ.US,D,20080819,000000,14.5014,14.5014,14.1521,14.2721,69261822.043766,0
HPQ.US,D,20080820,000000,14.6996,15.1408,14.6303,15.0744,101531256.75609,0
HPQ.US,D,20080821,000000,14.9261,15.2043,14.8977,15.1721,44086810.438533,0
HPQ.US,D,20080822,000000,15.1847,15.4238,15.1242,15.3712,40961456.176973,0
HPQ.US,D,20080825,000000,15.2365,15.4287,15.1896,15.2881,36993071.709836,0
HPQ.US,D,20080826,000000,15.2539,15.3506,15.208,15.3048,30995906.937627,0
HPQ.US,D,20080827,000000,15.2365,15.4238,15.2043,15.2851,41503257.440581,0
HPQ.US,D,20080828,000000,15.2881,15.459,15.208,15.459,41694884.413355,0
HPQ.US,D,20080829,000000,15.2686,15.4619,15.2422,15.3273,43068879.549913,0
HPQ.US,D,20080902,000000,15.4082,15.6093,14.9261,15.0266,61077167.774494,0
HPQ.US,D,20080903,000000,14.9602,15.1115,14.5473,14.7278,58151166.38004,0
HPQ.US,D,20080904,000000,14.6957,14.7278,14.4048,14.521,47991802.82083,0
HPQ.US,D,20080905,000000,14.4077,14.7406,14.3628,14.6849,53807458.765396,0
HPQ.US,D,20080908,000000,14.8812,14.9748,14.644,14.9387,57759259.350881,0
HPQ.US,D,20080909,000000,15.1896,15.4433,15.0305,15.0305,79928779.216957,0
HPQ.US,D,20080910,000000,15.0823,15.3897,15.0324,15.2726,68005820.707789,0
HPQ.US,D,20080911,000000,15.2726,15.4941,15.0744,15.4121,78004195.521249,0
HPQ.US,D,20080912,000000,15.2686,15.4082,15.1202,15.3399,51499670.301032,0
HPQ.US,D,20080915,000000,14.9455,15.214,14.8069,14.8069,78070303.604744,0
HPQ.US,D,20080916,000000,14.6235,16.0017,14.3844,15.8114,163710370.03778,0
HPQ.US,D,20080917,000000,15.5497,15.6435,14.9241,14.9397,97019594.694119,0
HPQ.US,D,20080918,000000,15.1808,15.5762,15.0383,15.3974,111333001.87273,0
HPQ.US,D,20080919,000000,15.9626,16.07,15.5819,15.7665,92889436.700028,0
HPQ.US,D,20080922,000000,15.906,15.9626,15.3223,15.4024,67736898.933551,0
HPQ.US,D,20080923,000000,15.5254,15.8279,15.2365,15.3116,59897741.003446,0
HPQ.US,D,20080924,000000,15.338,15.4746,15.0617,15.2764,61550707.41663,0
HPQ.US,D,20080925,000000,15.2403,15.8259,15.0744,15.579,67848910.570358,0
HPQ.US,D,20080926,000000,15.331,15.867,15.331,15.6171,60030475.576821,0
HPQ.US,D,20080929,000000,15.4024,15.4824,14.4595,14.5502,84175317.394922,0
HPQ.US,D,20080930,000000,14.7708,15.1847,14.6918,15.1037,68236239.026151,0
HPQ.US,D,20081001,000000,15.0744,15.2579,14.5141,14.6889,67402612.876279,0
HPQ.US,D,20081002,000000,14.4585,14.4673,13.7001,14.1296,86860558.980844,0
HPQ.US,D,20081003,000000,14.073,14.7338,13.9187,14.0437,78003836.939758,0
HPQ.US,D,20081006,000000,13.8035,14.0437,12.8402,13.3731,90596709.682762,0
HPQ.US,D,20081007,000000,13.3135,13.6542,12.931,12.9582,83947485.985881,0
HPQ.US,D,20081008,000000,12.3336,13.7186,12.1326,13.0647,126378860.92155,0
HPQ.US,D,20081009,000000,13.336,13.4316,12.5766,12.5766,103759784.3679,0
HPQ.US,D,20081010,000000,11.8329,13.2756,11.5948,12.0827,151697635.01775,0
HPQ.US,D,20081013,000000,12.5766,13.6864,12.3629,13.5225,82292589.379764,0
HPQ.US,D,20081014,000000,13.7303,14.0437,13.0256,13.2189,84987500.371693,0
HPQ.US,D,20081015,000000,12.8626,13.2609,12.5229,12.6128,88496313.482508,0
HPQ.US,D,20081016,000000,12.6176,13.012,12.1033,12.9515,89150805.638718,0
HPQ.US,D,20081017,000000,12.8831,13.4873,12.4858,12.9681,67478728.4569,0
HPQ.US,D,20081020,000000,13.1623,13.4795,12.7718,13.3946,66342114.266721,0
HPQ.US,D,20081021,000000,13.134,13.2921,12.3697,12.4264,85752341.371116,0
HPQ.US,D,20081022,000000,12.2028,12.2028,11.1974,11.5069,94025837.790352,0
HPQ.US,D,20081023,000000,11.5039,11.5976,10.3707,10.8275,116005455.97289,0
HPQ.US,D,20081024,000000,9.88077,10.8823,9.80656,10.5942,84392725.352308,0
HPQ.US,D,20081027,000000,10.357,10.7006,10.1287,10.1843,73372101.30457,0
HPQ.US,D,20081028,000000,10.3707,11.4932,10.0525,11.462,84944578.167339,0
HPQ.US,D,20081029,000000,11.4376,11.9871,11.3331,11.5616,85919534.601161,0
HPQ.US,D,20081030,000000,11.949,12.5045,11.8309,12.3072,89958080.14715,0
HPQ.US,D,20081031,000000,12.1326,12.8216,12.1326,12.5045,88105000.674103,0
HPQ.US,D,20081103,000000,12.4264,12.8655,12.4264,12.6128,66524420.169792,0
HPQ.US,D,20081104,000000,12.7855,12.7855,12.2155,12.4927,82894977.59644,0
HPQ.US,D,20081105,000000,12.3746,12.3942,11.748,11.8407,68471146.784766,0
HPQ.US,D,20081106,000000,11.4882,11.5673,10.9008,10.9876,90806531.080338,0
HPQ.US,D,20081107,000000,11.051,11.4258,10.9574,11.3136,55676018.713625,0
HPQ.US,D,20081110,000000,11.5361,11.6816,10.9612,11.1604,48123235.231137,0
HPQ.US,D,20081111,000000,10.9651,11.1027,10.522,10.8598,49247543.929099,0
HPQ.US,D,20081112,000000,10.5113,10.6596,10.1248,10.1706,62267619.389582,0
HPQ.US,D,20081113,000000,10.0105,10.4049,9.21926,10.357,116975973.16786,0
HPQ.US,D,20081114,000000,10.033,10.4518,9.7968,9.94807,67707874.323231,0
HPQ.US,D,20081117,000000,9.73043,9.99593,9.52935,9.58401,48368891.213787,0
HPQ.US,D,20081118,000000,10.9612,11.051,10.3707,10.971,207986038.17547,0
HPQ.US,D,20081119,000000,10.8451,11.379,10.7612,10.7875,110879334.81676,0
HPQ.US,D,20081120,000000,10.7035,11.2531,10.2664,10.3971,123908079.75315,0
HPQ.US,D,20081121,000000,10.6362,11.3742,10.5523,11.3136,117837317.66691,0
HPQ.US,D,20081124,000000,11.4649,11.7587,10.93,11.6611,102747582.58697,0
HPQ.US,D,20081125,000000,11.6211,11.6337,10.7406,10.9749,115259181.29849,0
HPQ.US,D,20081126,000000,10.8978,11.5137,10.7845,11.5,67715291.837481,0
HPQ.US,D,20081128,000000,11.377,11.5459,11.2834,11.5234,22638629.490033,0
HPQ.US,D,20081201,000000,11.1301,11.3742,10.9222,10.9222,64461885.052288,0
HPQ.US,D,20081202,000000,11.054,11.2794,10.8022,11.1916,66309427.002612,0
HPQ.US,D,20081203,000000,10.8705,11.3994,10.7925,11.3742,66776322.641996,0
HPQ.US,D,20081204,000000,11.336,11.4258,10.7241,10.9037,57019897.103098,0
HPQ.US,D,20081205,000000,10.7436,11.1916,10.3931,10.9504,65507809.885573,0
HPQ.US,D,20081208,000000,11.2355,11.705,11.0959,11.5069,60891704.305275,0
HPQ.US,D,20081209,000000,11.2794,11.7802,11.2297,11.2707,56136186.339739,0
HPQ.US,D,20081210,000000,11.1369,11.5976,11.1369,11.4649,43448694.186711,0
HPQ.US,D,20081211,000000,11.217,11.8436,11.1848,11.3605,52562692.299759,0
HPQ.US,D,20081212,000000,11.1252,11.7909,11.1067,11.748,53811260.753709,0
HPQ.US,D,20081215,000000,11.7773,11.7909,11.2395,11.3742,46515633.474513,0
HPQ.US,D,20081216,000000,11.5391,11.9372,11.4102,11.8621,59644037.427644,0
HPQ.US,D,20081217,000000,11.7773,12.1462,11.5323,11.908,50628996.53613,0
HPQ.US,D,20081218,000000,11.9811,11.9811,11.3293,11.5527,55820622.33432,0
HPQ.US,D,20081219,000000,11.5274,11.7636,11.3917,11.5616,67713229.481654,0
HPQ.US,D,20081222,000000,11.5791,11.583,11.1174,11.3497,40447451.12595,0
HPQ.US,D,20081223,000000,11.4376,11.5713,11.2219,11.2834,31697152.997541,0
HPQ.US,D,20081224,000000,11.2716,11.4024,11.2189,11.3263,13872428.784801,0
HPQ.US,D,20081226,000000,11.336,11.4708,11.336,11.4181,13713946.011407,0
HPQ.US,D,20081229,000000,11.5556,11.6367,11.4181,11.6211,32633231.001698,0
HPQ.US,D,20081230,000000,11.6737,11.8436,11.5244,11.8202,32968499.572254,0
HPQ.US,D,20081231,000000,11.8026,12.0701,11.7392,11.8544,39246508.440985,0
HPQ.US,D,20090102,000000,11.8407,12.0642,11.583,12.0213,44681889.739925,0
HPQ.US,D,20090105,000000,12.0173,12.0173,11.7753,11.8661,44510188.628292,0
HPQ.US,D,20090106,000000,12.1101,12.9124,12.0798,12.8402,93773730.414437,0
HPQ.US,D,20090107,000000,12.5601,12.644,12.1658,12.359,76268482.843432,0
HPQ.US,D,20090108,000000,12.3111,12.3297,12.0398,12.2936,47468047.426836,0
HPQ.US,D,20090109,000000,12.3512,12.4858,12.0642,12.2447,52142376.395926,0
HPQ.US,D,20090112,000000,12.2321,12.2819,11.9265,12.0779,45785408.907615,0
HPQ.US,D,20090113,000000,11.9197,11.9968,11.6669,11.7031,60619887.241634,0
HPQ.US,D,20090114,000000,11.5976,11.6923,11.3956,11.5586,58502971.704395,0
HPQ.US,D,20090115,000000,11.5918,11.7939,11.4161,11.6786,72565831.848829,0
HPQ.US,D,20090116,000000,11.8222,11.8222,11.1633,11.3575,88293146.332868,0
HPQ.US,D,20090120,000000,11.2462,11.3263,10.8392,10.89,53790583.920477,0
HPQ.US,D,20090121,000000,11.1633,11.4825,10.9222,11.4688,55144532.302707,0
HPQ.US,D,20090122,000000,11.2433,11.748,11.1067,11.5918,65153100.051149,0
HPQ.US,D,20090123,000000,11.3839,11.9811,11.2834,11.6737,47128640.825887,0
HPQ.US,D,20090126,000000,11.6855,11.748,11.4453,11.6182,53299622.340521,0
HPQ.US,D,20090127,000000,11.7031,11.787,11.5274,11.7226,36325684.963245,0
HPQ.US,D,20090128,000000,11.905,12.318,11.8329,12.2155,53999956.578931,0
HPQ.US,D,20090129,000000,11.9265,12.0827,11.6992,11.7352,44693510.853757,0
HPQ.US,D,20090130,000000,11.7987,11.8661,11.2687,11.3497,53150669.638612,0
HPQ.US,D,20090202,000000,11.1535,11.5244,11.1067,11.3204,47957102.377784,0
HPQ.US,D,20090203,000000,11.4229,11.8407,11.2462,11.7909,44059962.930118,0
HPQ.US,D,20090204,000000,11.7753,12.0827,11.7158,11.7684,44468772.466197,0
HPQ.US,D,20090205,000000,11.5791,11.5869,11.3536,11.462,84178168.630027,0
HPQ.US,D,20090206,000000,11.5069,12.1501,11.4483,12.0359,71299412.183789,0
HPQ.US,D,20090209,000000,11.9013,12.0046,11.7909,11.8661,43116388.523781,0
HPQ.US,D,20090210,000000,11.748,11.9851,11.4298,11.5,52755280.270925,0
HPQ.US,D,20090211,000000,11.583,11.6104,11.2834,11.459,52412270.438261,0
HPQ.US,D,20090212,000000,11.1887,11.5234,11.0257,11.5107,60353258.339895,0
HPQ.US,D,20090213,000000,11.4541,11.8368,11.3937,11.7158,63585700.402146,0
HPQ.US,D,20090217,000000,11.4541,11.5,11.2092,11.217,63670241.623265,0
HPQ.US,D,20090218,000000,11.3038,11.4181,10.9504,11.1301,86580119.569146,0
HPQ.US,D,20090219,000000,10.7104,10.7523,10.0155,10.2527,174636827.5127,0
HPQ.US,D,20090220,000000,10.0809,10.4001,10.0232,10.2028,79404015.696716,0
HPQ.US,D,20090223,000000,10.2195,10.2839,9.52935,9.56254,99517382.171292,0
HPQ.US,D,20090224,000000,9.52252,9.77337,9.38977,9.67284,125291418.49882,0
HPQ.US,D,20090225,000000,9.65429,10.0105,9.53813,9.83873,85903560.308041,0
HPQ.US,D,20090226,000000,9.91685,10.155,9.82312,9.87783,65071631.361141,0
HPQ.US,D,20090227,000000,9.70602,9.78508,9.4542,9.48056,120274929.02294,0
HPQ.US,D,20090302,000000,9.38977,9.49129,9.1117,9.1684,85616331.41196,0
HPQ.US,D,20090303,000000,9.05284,9.38684,9.05284,9.20022,83519382.716604,0
HPQ.US,D,20090304,000000,9.46883,9.53229,9.2261,9.35562,81654210.851194,0
HPQ.US,D,20090305,000000,9.17904,9.24063,8.75621,8.84571,92420484.851928,0
HPQ.US,D,20090306,000000,8.5528,8.94528,8.39438,8.8096,102591860.89105,0
HPQ.US,D,20090309,000000,8.6463,8.82717,8.29345,8.33932,93783424.40889,0
HPQ.US,D,20090310,000000,8.51346,8.85587,8.35827,8.83079,109198369.33633,0
HPQ.US,D,20090311,000000,9.10222,9.44151,9.01262,9.34293,85542727.950805,0
HPQ.US,D,20090312,000000,9.30973,9.6172,9.16548,9.58401,73570083.365865,0
HPQ.US,D,20090313,000000,9.66894,9.7968,9.51472,9.6172,72486042.344712,0
HPQ.US,D,20090316,000000,9.67967,9.76166,9.43858,9.47762,54087238.387152,0
HPQ.US,D,20090317,000000,9.55571,9.73043,9.43858,9.71677,60005144.355849,0
HPQ.US,D,20090318,000000,9.58597,9.74702,9.25703,9.46883,98174419.701398,0
HPQ.US,D,20090319,000000,9.63868,9.71677,9.46883,9.50397,58766031.183531,0
HPQ.US,D,20090320,000000,9.5723,9.79387,9.37417,9.42393,86504005.013043,0
HPQ.US,D,20090323,000000,9.68357,10.1873,9.56449,10.1873,82270481.294127,0
HPQ.US,D,20090324,000000,10.0926,10.196,9.96273,10.0028,56319252.43557,0
HPQ.US,D,20090325,000000,10.1209,10.2878,9.84561,10.1287,76344024.693671,0
HPQ.US,D,20090326,000000,10.3834,10.8823,10.318,10.8451,108511954.20683,0
HPQ.US,D,20090327,000000,10.7144,10.9876,10.6157,10.886,87135517.218337,0
HPQ.US,D,20090330,000000,10.5366,10.5805,10.2839,10.4879,87124707.523192,0
HPQ.US,D,20090331,000000,10.6157,10.7162,10.4575,10.4722,58759072.653589,0
HPQ.US,D,20090401,000000,10.2419,10.7925,10.1169,10.7406,64105798.264943,0
HPQ.US,D,20090402,000000,10.9612,11.4054,10.9417,11.0042,70522414.247336,0
HPQ.US,D,20090403,000000,10.9935,11.4024,10.9935,11.1535,61480722.554968,0
HPQ.US,D,20090406,000000,11.1126,11.134,10.7523,11.0257,48735646.312719,0
HPQ.US,D,20090407,000000,10.8207,10.9651,10.7104,10.8783,42556594.665524,0
HPQ.US,D,20090408,000000,10.9417,11.0402,10.6567,10.7962,43898643.264878,0
HPQ.US,D,20090409,000000,11.0725,11.3166,10.9691,11.2462,48559890.156694,0
HPQ.US,D,20090413,000000,11.0402,11.3672,10.9329,11.2716,39990637.773545,0
HPQ.US,D,20090414,000000,11.051,11.2189,11.0228,11.1448,42341461.139304,0
HPQ.US,D,20090415,000000,11.0355,11.4161,11.0295,11.3839,57139652.051053,0
HPQ.US,D,20090416,000000,11.5948,12.0437,11.583,11.9559,64768163.846154,0
HPQ.US,D,20090417,000000,11.9003,11.949,11.5244,11.8564,65018822.552848,0
HPQ.US,D,20090420,000000,11.5498,11.6211,11.2971,11.3263,49665786.207402,0
HPQ.US,D,20090421,000000,11.2687,11.5948,11.1955,11.5713,43678695.526026,0
HPQ.US,D,20090422,000000,11.3458,11.6065,11.3009,11.3263,46967322.185167,0
HPQ.US,D,20090423,000000,11.3497,11.4024,11.093,11.3536,45106572.141788,0
HPQ.US,D,20090424,000000,11.4181,11.7587,11.377,11.6923,54563764.50084,0
HPQ.US,D,20090427,000000,11.4747,11.8202,11.4523,11.5791,43303650.023044,0
HPQ.US,D,20090428,000000,11.459,11.7177,11.4102,11.5673,33758683.062353,0
HPQ.US,D,20090429,000000,11.6211,12.0827,11.5918,11.9013,42956558.508505,0
HPQ.US,D,20090430,000000,12.0106,12.2135,11.6669,11.7508,59414414.135671,0
HPQ.US,D,20090501,000000,11.7431,11.949,11.6045,11.9265,40163720.960694,0
HPQ.US,D,20090504,000000,12.0018,12.1628,11.8544,12.1326,39488370.631469,0
HPQ.US,D,20090505,000000,11.949,12.0749,11.905,12.0173,39360669.517695,0
HPQ.US,D,20090506,000000,11.9784,12.0173,11.7226,11.8661,47187145.957276,0
HPQ.US,D,20090507,000000,11.905,11.905,11.1887,11.2765,83975331.375358,0
HPQ.US,D,20090508,000000,11.379,11.3839,10.9075,11.3263,73329280.527553,0
HPQ.US,D,20090511,000000,11.1174,11.5459,11.1145,11.4415,43489269.219083,0
HPQ.US,D,20090512,000000,11.4688,11.5107,11.3263,11.4258,42269608.580337,0
HPQ.US,D,20090513,000000,11.3038,11.3742,11.0833,11.1731,43314335.751446,0
HPQ.US,D,20090514,000000,11.2395,11.4541,11.1369,11.4074,45001548.745962,0
HPQ.US,D,20090515,000000,11.4141,11.6425,11.379,11.4326,51948757.759104,0
HPQ.US,D,20090518,000000,11.4962,11.6816,11.3058,11.6709,53947632.36791,0
HPQ.US,D,20090519,000000,11.748,12.0779,11.6308,11.949,79417290.383476,0
HPQ.US,D,20090520,000000,11.5107,11.5948,11.2462,11.3233,145314047.46414,0
HPQ.US,D,20090521,000000,11.2053,11.2306,10.9574,11.177,77782509.174427,0
HPQ.US,D,20090522,000000,11.2092,11.3204,11.054,11.1496,36755590.36064,0
HPQ.US,D,20090526,000000,11.0579,11.4541,11.0228,11.2609,61416599.988408,0
HPQ.US,D,20090527,000000,11.2687,11.5137,11.1877,11.217,51565308.130515,0
HPQ.US,D,20090528,000000,11.2189,11.459,11.1662,11.3331,50833647.18862,0
HPQ.US,D,20090529,000000,11.217,11.3878,11.054,11.2189,59713440.362773,0
HPQ.US,D,20090601,000000,11.3672,11.7987,11.3331,11.7587,54437645.243696,0
HPQ.US,D,20090602,000000,11.746,11.9372,11.6337,11.705,50720631.523639,0
HPQ.US,D,20090603,000000,11.6669,11.7069,11.4845,11.6367,42689412.224901,0
HPQ.US,D,20090604,000000,11.6709,11.8514,11.5898,11.787,57904639.556629,0
HPQ.US,D,20090605,000000,11.905,12.2496,11.9013,12.1989,79467761.240452,0
HPQ.US,D,20090608,000000,12.0398,12.2906,11.9197,12.2155,53512306.242905,0
HPQ.US,D,20090609,000000,12.2155,12.2429,11.9695,12.032,47366492.026276,0
HPQ.US,D,20090610,000000,12.1296,12.1628,11.8592,12.0143,42653074.601222,0
HPQ.US,D,20090611,000000,12.0086,12.3218,12.0086,12.1589,47979076.251492,0
HPQ.US,D,20090612,000000,12.1296,12.3473,12.1004,12.3336,41298401.884383,0
HPQ.US,D,20090615,000000,12.1892,12.2653,11.9949,12.1101,39863220.451409,0
HPQ.US,D,20090616,000000,12.1628,12.194,11.9784,12.032,42944712.000594,0
HPQ.US,D,20090617,000000,11.9734,12.2496,11.9587,12.2204,51757133.859887,0
HPQ.US,D,20090618,000000,12.2135,12.2936,11.9968,12.2653,55469536.221981,0
HPQ.US,D,20090619,000000,12.355,12.5531,12.3404,12.5229,80150275.003328,0
HPQ.US,D,20090622,000000,12.3824,12.602,12.2653,12.3258,59608663.875914,0
HPQ.US,D,20090623,000000,12.3979,12.3979,12.1822,12.2028,38637752.841564,0
HPQ.US,D,20090624,000000,12.2906,12.3979,12.0798,12.1569,53128856.614317,0
HPQ.US,D,20090625,000000,12.0827,12.5132,12.0827,12.4508,48920440.771331,0
HPQ.US,D,20090626,000000,12.4468,12.5162,12.2575,12.2848,70642183.53855,0
HPQ.US,D,20090629,000000,12.3629,12.7455,12.3512,12.7309,75903791.124846,0
HPQ.US,D,20090630,000000,12.6909,12.8148,12.5229,12.6245,50605336.304902,0
HPQ.US,D,20090701,000000,12.6704,12.9378,12.5873,12.6332,59684710.813795,0
HPQ.US,D,20090702,000000,12.4985,12.6332,12.3629,12.3629,36710470.564014,0
HPQ.US,D,20090706,000000,12.2653,12.478,12.2155,12.3218,37248066.179003,0
HPQ.US,D,20090707,000000,12.2848,12.3473,12.0106,12.032,43089389.386623,0
HPQ.US,D,20090708,000000,12.0398,12.2155,12.0173,12.154,46250452.217475,0
HPQ.US,D,20090709,000000,12.2233,12.2496,12.0827,12.1822,30139495.495361,0
HPQ.US,D,20090710,000000,12.154,12.3218,12.0106,12.1628,34876953.248024,0
HPQ.US,D,20090713,000000,12.1725,12.2204,11.9919,12.1822,40864439.393559,0
HPQ.US,D,20090714,000000,12.0592,12.1755,11.9784,12.1326,42393490.288983,0
HPQ.US,D,20090715,000000,12.4097,12.6909,12.3473,12.6791,53504854.919543,0
HPQ.US,D,20090716,000000,12.5796,13.0286,12.5396,12.9553,61565210.501122,0
HPQ.US,D,20090717,000000,13.0111,13.0647,12.9446,13.0578,44704010.119784,0
HPQ.US,D,20090720,000000,13.1174,13.2307,13.012,13.2052,36565560.612275,0
HPQ.US,D,20090721,000000,13.092,13.2531,12.9827,13.2501,43301423.744251,0
HPQ.US,D,20090722,000000,13.1643,13.3917,13.1583,13.3243,45299654.955412,0
HPQ.US,D,20090723,000000,13.2803,13.6942,13.2687,13.5986,58223222.818195,0
HPQ.US,D,20090724,000000,13.4628,13.6465,13.3604,13.625,34501170.091692,0
HPQ.US,D,20090727,000000,13.5986,13.6825,13.4395,13.6669,32719439.114487,0
HPQ.US,D,20090728,000000,13.6133,13.7098,13.4561,13.7098,35533270.071758,0
HPQ.US,D,20090729,000000,13.5644,13.7967,13.4698,13.7802,41207447.177185,0
HPQ.US,D,20090730,000000,13.8523,14.1394,13.8436,13.952,58201532.736124,0
HPQ.US,D,20090731,000000,13.8953,14.2242,13.8592,14.1431,64570803.667615,0
HPQ.US,D,20090803,000000,14.1656,14.2409,14.0301,14.1676,40851786.589554,0
HPQ.US,D,20090804,000000,14.0857,14.2057,14.0437,14.1813,43992832.377115,0
HPQ.US,D,20090805,000000,14.1763,14.1813,13.9597,14.1296,41302263.294771,0
HPQ.US,D,20090806,000000,14.0905,14.1706,13.7635,13.7869,52085348.620274,0
HPQ.US,D,20090807,000000,13.9968,14.2857,13.8719,14.2203,59002468.548332,0
HPQ.US,D,20090810,000000,14.1656,14.2916,14.1042,14.2643,37269822.854778,0
HPQ.US,D,20090811,000000,14.1853,14.275,14.1431,14.1706,32973233.87244,0
HPQ.US,D,20090812,000000,14.1101,14.5337,14.1022,14.4322,42221180.613337,0
HPQ.US,D,20090813,000000,14.4409,14.5317,14.2993,14.4838,35429235.336325,0
HPQ.US,D,20090814,000000,14.4761,14.5239,14.2574,14.4009,35600899.565291,0
HPQ.US,D,20090817,000000,14.2506,14.2818,14.0076,14.0817,38294043.262734,0
HPQ.US,D,20090818,000000,14.1501,14.4077,14.032,14.3551,74620254.828509,0
HPQ.US,D,20090819,000000,13.9071,14.3707,13.8855,14.312,77508782.408223,0
HPQ.US,D,20090820,000000,14.2008,14.398,14.1763,14.3628,38418186.223608,0
HPQ.US,D,20090821,000000,14.437,14.644,14.312,14.6235,57962102.752661,0
HPQ.US,D,20090824,000000,14.641,14.7348,14.5463,14.6273,46295109.956239,0
HPQ.US,D,20090825,000000,14.681,14.7465,14.5337,14.5941,55391215.877455,0
HPQ.US,D,20090826,000000,14.5609,14.6147,14.4048,14.5277,43672811.716034,0
HPQ.US,D,20090827,000000,14.5103,14.6586,14.4341,14.6333,45968134.863288,0
HPQ.US,D,20090828,000000,14.7815,14.8773,14.5609,14.6166,59964018.132502,0
HPQ.US,D,20090831,000000,14.4077,14.681,14.3452,14.6615,39377704.187508,0
HPQ.US,D,20090901,000000,14.5815,14.7318,14.2574,14.3277,50570798.760305,0
HPQ.US,D,20090902,000000,14.2574,14.5337,14.2409,14.4516,49500121.559024,0
HPQ.US,D,20090903,000000,14.4731,14.6273,14.4243,14.518,34384464.110919,0
HPQ.US,D,20090904,000000,14.5337,14.7426,14.5239,14.7318,26900875.586297,0
HPQ.US,D,20090908,000000,14.7338,14.8528,14.6918,14.8489,32116702.561504,0
HPQ.US,D,20090909,000000,14.7932,15.0188,14.7026,15.0188,50461452.920743,0
HPQ.US,D,20090910,000000,14.9836,15.1876,14.9455,15.1876,45436849.258004,0
HPQ.US,D,20090911,000000,15.1808,15.1964,14.9836,15.0539,39314177.89074,0
HPQ.US,D,20090914,000000,14.8069,15.0266,14.8031,14.9261,39540491.987818,0
HPQ.US,D,20090915,000000,14.9329,14.9748,14.7815,14.9075,33948064.290481,0
HPQ.US,D,20090916,000000,14.9397,15.0119,14.8371,14.9075,42399623.05698,0
HPQ.US,D,20090917,000000,14.8733,15.1037,14.8274,14.9289,37256353.509497,0
HPQ.US,D,20090918,000000,15.008,15.1876,14.9358,15.0715,60982192.856534,0
HPQ.US,D,20090921,000000,14.9045,15.1808,14.8626,15.1389,35205307.342934,0
HPQ.US,D,20090922,000000,15.337,15.4053,15.2851,15.3545,43874348.856672,0
HPQ.US,D,20090923,000000,15.3145,15.6318,15.2911,15.331,48938881.080583,0
HPQ.US,D,20090924,000000,15.3633,15.5078,15.1896,15.3076,40492852.665177,0
HPQ.US,D,20090925,000000,15.1564,15.4268,15.1408,15.3565,61168550.730442,0
HPQ.US,D,20090928,000000,15.3399,15.6796,15.3018,15.6376,51060131.355778,0
HPQ.US,D,20090929,000000,15.5663,15.662,15.4356,15.4941,60164580.956006,0
HPQ.US,D,20090930,000000,15.4356,15.5556,15.2422,15.419,65495820.969584,0
HPQ.US,D,20091001,000000,15.3565,15.456,14.9602,15.0119,61563113.311665,0
HPQ.US,D,20091002,000000,14.8919,15.0119,14.759,14.7904,55574309.635284,0
HPQ.US,D,20091005,000000,14.8528,15.1681,14.8069,15.0451,44689014.241872,0
HPQ.US,D,20091006,000000,15.1525,15.3829,15.0578,15.3545,48078813.131638,0
HPQ.US,D,20091007,000000,15.2814,15.3076,15.1115,15.208,33440013.74123,0
HPQ.US,D,20091008,000000,15.3145,15.4024,15.1389,15.1758,45940150.13929,0
HPQ.US,D,20091009,000000,15.1525,15.5078,15.1466,15.4746,43773782.116506,0
HPQ.US,D,20091012,000000,15.4941,15.5146,15.3018,15.3633,26057953.979686,0
HPQ.US,D,20091013,000000,15.2726,15.338,15.2043,15.2502,38362669.612809,0
HPQ.US,D,20091014,000000,15.5146,15.6727,15.4716,15.6405,44548679.789946,0
HPQ.US,D,20091015,000000,15.5702,15.6796,15.5556,15.6796,36496414.8313,0
HPQ.US,D,20091016,000000,15.622,15.8114,15.4971,15.7977,59669969.016481,0
HPQ.US,D,20091019,000000,15.7538,15.8534,15.7206,15.8299,34343171.915569,0
HPQ.US,D,20091020,000000,15.8504,15.9714,15.7898,15.9197,37697610.572346,0
HPQ.US,D,20091021,000000,15.8718,16.0193,15.7284,15.7498,37906128.782336,0
HPQ.US,D,20091022,000000,15.6992,15.8357,15.5888,15.781,28131535.456118,0
HPQ.US,D,20091023,000000,16.0309,16.07,15.7615,15.8601,41492064.575501,0
HPQ.US,D,20091026,000000,15.8299,15.9714,15.5361,15.6318,34341538.833011,0
HPQ.US,D,20091027,000000,15.5888,15.6796,15.3897,15.4483,30849770.637193,0
HPQ.US,D,20091028,000000,15.4121,15.5331,15.3018,15.331,36140302.43099,0
HPQ.US,D,20091029,000000,15.3457,15.8045,15.3457,15.7898,47746951.085239,0
HPQ.US,D,20091030,000000,15.7538,16.0017,15.4433,15.4999,51225722.23882,0
HPQ.US,D,20091102,000000,15.4902,15.7723,15.4024,15.7284,47199553.901348,0
HPQ.US,D,20091103,000000,15.6093,15.6796,15.4483,15.5175,45066934.543885,0
HPQ.US,D,20091104,000000,15.665,15.8855,15.5762,15.5995,47664583.892467,0
HPQ.US,D,20091105,000000,15.7977,15.9675,15.6825,15.9558,34850789.093476,0
HPQ.US,D,20091106,000000,15.8992,16.0592,15.8474,16.0592,33091105.755314,0
HPQ.US,D,20091109,000000,16.027,16.3276,15.946,16.3258,47647262.357464,0
HPQ.US,D,20091110,000000,16.2692,16.3208,16.2154,16.3168,32471376.53778,0
HPQ.US,D,20091111,000000,16.272,16.3276,16.237,16.3276,43369176.180008,0
HPQ.US,D,20091112,000000,16.2154,16.3168,16.1774,16.233,67313453.125567,0
HPQ.US,D,20091113,000000,16.237,16.3131,16.1364,16.3004,42431741.7133,0
HPQ.US,D,20091116,000000,16.2944,16.6176,16.2866,16.5951,63119210.472103,0
HPQ.US,D,20091117,000000,16.4458,16.8,16.4136,16.7601,48421857.797933,0
HPQ.US,D,20091118,000000,16.6683,16.6741,16.4174,16.4897,50588748.325175,0
HPQ.US,D,20091119,000000,16.394,16.4428,16.1071,16.272,46151572.859349,0
HPQ.US,D,20091120,000000,16.193,16.4174,16.1696,16.3433,44011712.204824,0
HPQ.US,D,20091123,000000,16.4712,16.6683,16.4428,16.6644,48018994.567477,0
HPQ.US,D,20091124,000000,16.5268,16.6644,16.2789,16.394,52874305.761678,0
HPQ.US,D,20091125,000000,16.4399,16.4428,16.3168,16.3463,39023549.642133,0
HPQ.US,D,20091127,000000,15.9841,16.1247,15.8718,16.027,30461038.590998,0
HPQ.US,D,20091130,000000,15.9919,16.1051,15.9422,16.0222,50083727.277255,0
HPQ.US,D,20091201,000000,16.1315,16.2662,16.1168,16.1968,56059236.801023,0
HPQ.US,D,20091202,000000,16.1247,16.1998,15.9714,15.9958,45126782.819085,0
HPQ.US,D,20091203,000000,16.0788,16.1422,15.9665,15.989,48246310.64369,0
HPQ.US,D,20091204,000000,16.0456,16.2974,16.0378,16.2632,57846106.763239,0
HPQ.US,D,20091207,000000,16.1598,16.2916,16.0563,16.0739,39916656.265048,0
HPQ.US,D,20091208,000000,16.0309,16.0563,15.946,15.9841,35444878.709956,0
HPQ.US,D,20091209,000000,16.0114,16.3276,15.9422,16.3131,53683549.39475,0
HPQ.US,D,20091210,000000,16.3208,16.4077,16.2632,16.3785,57430741.333004,0
HPQ.US,D,20091211,000000,16.36,16.4019,16.2944,16.3463,36233513.128018,0
HPQ.US,D,20091214,000000,16.3131,16.5786,16.3071,16.5521,38198905.446326,0
HPQ.US,D,20091215,000000,16.5024,16.7386,16.4371,16.6547,56695205.66198,0
HPQ.US,D,20091216,000000,16.6254,16.8332,16.6215,16.7748,47869010.175396,0
HPQ.US,D,20091217,000000,16.6381,16.6869,16.4164,16.5151,42940243.05071,0
HPQ.US,D,20091218,000000,16.6254,16.8557,16.56,16.8197,65677123.869001,0
HPQ.US,D,20091221,000000,16.8167,17.0695,16.806,16.9797,48210654.324844,0
HPQ.US,D,20091222,000000,16.9632,17.1836,16.9514,17.1348,37310672.45812,0
HPQ.US,D,20091223,000000,17.1407,17.1466,16.9894,17.1427,24673254.673391,0
HPQ.US,D,20091224,000000,17.0695,17.2901,17.0373,17.2696,12742186.075439,0
HPQ.US,D,20091228,000000,17.2735,17.2735,17.131,17.2315,34128150.061868,0
HPQ.US,D,20091229,000000,17.1876,17.2569,17.1573,17.172,21326992.699103,0
HPQ.US,D,20091230,000000,17.0743,17.2872,17.0743,17.2872,20347393.147246,0
HPQ.US,D,20091231,000000,17.253,17.293,16.8127,16.8215,42425356.91374,0
HPQ.US,D,20100104,000000,16.8332,17.1466,16.7601,17.131,38871600.223488,0
HPQ.US,D,20100105,000000,17.0304,17.2237,17.0168,17.2012,40083192.778708,0
HPQ.US,D,20100106,000000,17.1573,17.2188,16.9982,17.0421,35964877.194453,0
HPQ.US,D,20100107,000000,16.9865,17.1779,16.9836,17.05,31298484.145998,0
HPQ.US,D,20100108,000000,17.0168,17.1935,16.9934,17.1779,31351783.698672,0
HPQ.US,D,20100111,000000,17.1749,17.2149,16.9632,17.1251,31024912.082093,0
HPQ.US,D,20100112,000000,16.9934,17.168,16.9163,16.9739,37748255.597476,0
HPQ.US,D,20100113,000000,17.05,17.1174,16.8674,17.0587,36092529.131337,0
HPQ.US,D,20100114,000000,17.0617,17.2901,17.0266,17.1496,49333679.30107,0
HPQ.US,D,20100115,000000,17.1779,17.2637,17.0021,17.1368,40889530.877191,0
HPQ.US,D,20100119,000000,17.0168,17.2432,17.0168,17.2275,34831677.724578,0
HPQ.US,D,20100120,000000,17.0695,17.1251,16.8167,17.0539,42559748.133599,0
HPQ.US,D,20100121,000000,17.1174,17.1368,16.6215,16.7523,56584191.906232,0
HPQ.US,D,20100122,000000,16.6615,16.722,16.0856,16.0973,62011134.245936,0
HPQ.US,D,20100125,000000,16.1842,16.4673,16.1393,16.3492,41264009.821418,0
HPQ.US,D,20100126,000000,16.3637,16.4955,16.193,16.2457,48157642.661881,0
HPQ.US,D,20100127,000000,16.2545,16.2545,15.8436,16.1519,55138782.704644,0
HPQ.US,D,20100128,000000,16.1393,16.1452,15.5175,15.6093,81308889.704697,0
HPQ.US,D,20100129,000000,15.8259,15.8259,15.2851,15.3741,71911408.335361,0
HPQ.US,D,20100201,000000,15.4716,15.6435,15.4151,15.622,48110057.87364,0
HPQ.US,D,20100202,000000,15.7763,15.946,15.6727,15.8698,53466954.905087,0
HPQ.US,D,20100203,000000,15.8299,15.9675,15.7665,15.9177,34775734.914064,0
HPQ.US,D,20100204,000000,15.7391,15.9128,15.3428,15.3604,66299014.82066,0
HPQ.US,D,20100205,000000,15.3223,15.5117,15.1758,15.456,60411907.928398,0
HPQ.US,D,20100208,000000,15.4268,15.7166,15.3662,15.5439,53927735.19329,0
HPQ.US,D,20100209,000000,15.7089,15.9519,15.6318,15.7147,53953856.318059,0
HPQ.US,D,20100210,000000,15.8504,15.9128,15.5956,15.6835,42475407.718114,0
HPQ.US,D,20100211,000000,15.6796,15.9558,15.6201,15.8796,39359869.368713,0
HPQ.US,D,20100212,000000,15.784,15.8758,15.5527,15.8279,48268620.559479,0
HPQ.US,D,20100216,000000,15.9841,16.1998,15.9362,16.15,44962470.535181,0
HPQ.US,D,20100217,000000,16.2886,16.4136,16.233,16.3707,71509990.700568,0
HPQ.US,D,20100218,000000,16.4516,16.6439,16.2886,16.5951,71829887.394906,0
HPQ.US,D,20100219,000000,16.4673,16.6585,16.3979,16.5883,51009372.60909,0
HPQ.US,D,20100222,000000,16.562,16.6215,16.4164,16.5151,38080755.918927,0
HPQ.US,D,20100223,000000,16.4478,16.5697,16.3228,16.3707,36922882.968983,0
HPQ.US,D,20100224,000000,16.3433,16.6585,16.3355,16.5883,45974920.249598,0
HPQ.US,D,20100225,000000,16.4048,16.6439,16.3071,16.6322,39297205.716559,0
HPQ.US,D,20100226,000000,16.6322,16.6547,16.5307,16.5883,33734316.937849,0
HPQ.US,D,20100301,000000,16.5521,16.8704,16.5521,16.8332,43324382.180277,0
HPQ.US,D,20100302,000000,16.8402,16.8986,16.6351,16.6966,45966157.5425,0
HPQ.US,D,20100303,000000,16.6966,16.7718,16.6585,16.6897,35038332.335338,0
HPQ.US,D,20100304,000000,16.7074,16.8439,16.6713,16.8215,24732613.228727,0
HPQ.US,D,20100305,000000,16.8918,17.0665,16.8704,16.9934,47292047.435397,0
HPQ.US,D,20100308,000000,16.8918,16.9767,16.8479,16.8958,39446527.245142,0
HPQ.US,D,20100309,000000,16.8215,17.0617,16.8127,16.9445,31323164.797695,0
HPQ.US,D,20100310,000000,16.9377,17.0128,16.8557,16.9133,35786937.789413,0
HPQ.US,D,20100311,000000,16.8986,16.9934,16.7825,16.9894,29305068.171989,0
HPQ.US,D,20100312,000000,17.0051,17.1251,16.926,17.1007,36000556.052709,0
HPQ.US,D,20100315,000000,17.0373,17.1251,16.9552,17.1212,31466772.586365,0
HPQ.US,D,20100316,000000,17.0802,17.1348,17.0128,17.0968,34615995.056418,0
HPQ.US,D,20100317,000000,17.1174,17.2275,17.0421,17.0617,43492086.645075,0
HPQ.US,D,20100318,000000,17.0587,17.2569,17.0197,17.2188,43260395.874684,0
HPQ.US,D,20100319,000000,17.2696,17.293,17.0539,17.1427,64050104.412434,0
HPQ.US,D,20100322,000000,17.0266,17.3223,17.0266,17.293,48042069.798617,0
HPQ.US,D,20100323,000000,17.3135,17.3633,17.2119,17.3603,29553137.920325,0
HPQ.US,D,20100324,000000,17.2989,17.3827,17.2432,17.3301,46297902.793787,0
HPQ.US,D,20100325,000000,17.4229,17.5692,17.3662,17.4726,51490862.515118,0
HPQ.US,D,20100326,000000,17.499,17.5389,17.3887,17.4463,43557199.921065,0
HPQ.US,D,20100329,000000,17.4463,17.5165,17.2784,17.2989,31336434.361863,0
HPQ.US,D,20100330,000000,17.2872,17.4326,17.2872,17.3955,31055712.183048,0
HPQ.US,D,20100331,000000,17.2764,17.4364,17.253,17.3603,39360883.642071,0
HPQ.US,D,20100401,000000,17.4364,17.5566,17.2872,17.3887,32711473.482817,0
HPQ.US,D,20100405,000000,17.4023,17.621,17.372,17.5917,30253471.134217,0
HPQ.US,D,20100406,000000,17.5351,17.6268,17.4316,17.5897,29651286.796729,0
HPQ.US,D,20100407,000000,17.5664,17.5838,17.2969,17.4062,36974016.689458,0
HPQ.US,D,20100408,000000,17.3662,17.5566,17.2344,17.5165,27521033.052581,0
HPQ.US,D,20100409,000000,17.5195,17.5917,17.4414,17.5917,22905649.757856,0
HPQ.US,D,20100412,000000,17.5692,17.6385,17.5624,17.5946,25884703.796014,0
HPQ.US,D,20100413,000000,17.5976,17.6307,17.4902,17.5664,24835393.953465,0
HPQ.US,D,20100414,000000,17.6453,17.8464,17.621,17.8084,36796365.174127,0
HPQ.US,D,20100415,000000,17.703,17.7381,17.4883,17.7117,43289770.870344,0
HPQ.US,D,20100416,000000,17.6561,17.8806,17.4823,17.5566,47849814.795977,0
HPQ.US,D,20100419,000000,17.4726,17.5497,17.3223,17.5195,32846885.123142,0
HPQ.US,D,20100420,000000,17.5868,17.6346,17.4316,17.4902,37512038.504162,0
HPQ.US,D,20100421,000000,17.4414,17.6492,17.3907,17.5419,35308974.276209,0
HPQ.US,D,20100422,000000,17.4159,17.4795,17.1496,17.4122,37935080.651839,0
HPQ.US,D,20100423,000000,17.4316,17.6063,17.3203,17.6034,29955500.161213,0
HPQ.US,D,20100426,000000,17.5946,17.8337,17.5868,17.7214,0,0
HPQ.US,D,20100427,000000,17.6453,17.7196,17.3477,17.3907,44556561.411097,0
HPQ.US,D,20100428,000000,17.3477,17.4853,17.3438,17.4023,49190391.162186,0
HPQ.US,D,20100429,000000,17.1836,17.3096,17.1642,17.2735,59776264.864339,0
HPQ.US,D,20100430,000000,17.3096,17.4346,16.9582,16.9739,48166753.705283,0
HPQ.US,D,20100503,000000,17.008,17.293,16.9797,17.2119,35724189.102219,0
HPQ.US,D,20100504,000000,17.05,17.0665,16.4262,16.5375,61196206.583989,0
HPQ.US,D,20100505,000000,16.4262,16.6966,16.3463,16.6351,42913030.813693,0
HPQ.US,D,20100506,000000,16.5062,16.9797,13.6961,15.784,116132330.30019,0
HPQ.US,D,20100507,000000,15.7089,15.7763,14.8977,15.2609,118284357.11241,0
HPQ.US,D,20100510,000000,16.0085,16.4371,15.9392,16.0378,71947930.372376,0
HPQ.US,D,20100511,000000,15.867,16.1569,15.7498,15.8152,53019848.865875,0
HPQ.US,D,20100512,000000,15.903,16.2866,15.8796,16.1871,54138370.058588,0
HPQ.US,D,20100513,000000,16.1812,16.3276,15.8758,15.9128,47294820.807092,0
HPQ.US,D,20100514,000000,15.7235,15.7431,15.2179,15.4902,79473579.481257,0
HPQ.US,D,20100517,000000,15.4971,15.5762,15.2335,15.5214,51860528.271232,0
HPQ.US,D,20100518,000000,15.7538,15.7723,15.2403,15.2814,65117899.643054,0
HPQ.US,D,20100519,000000,15.6473,15.7235,15.1359,15.3506,98953917.463096,0
HPQ.US,D,20100520,000000,14.971,15.2726,14.7338,15.008,101538288.02684,0
HPQ.US,D,20100521,000000,14.6849,15.2881,14.6303,15.214,85187912.59097,0
HPQ.US,D,20100524,000000,15.1173,15.3428,14.9075,14.9241,55343705.879067,0
HPQ.US,D,20100525,000000,14.5337,14.9934,14.4283,14.9748,69553625.415142,0
HPQ.US,D,20100526,000000,15.1115,15.2686,14.8919,14.9329,66014700.679833,0
HPQ.US,D,20100527,000000,15.1437,15.3799,15.1389,15.333,54922682.032919,0
HPQ.US,D,20100528,000000,15.3712,15.3741,14.9427,15.0305,58588390.937906,0
HPQ.US,D,20100601,000000,14.9748,15.211,14.8596,14.889,54397584.519634,0
HPQ.US,D,20100602,000000,15.0744,15.4619,15.0266,15.4404,75756791.15528,0
HPQ.US,D,20100603,000000,15.4971,15.5859,15.3741,15.5078,51554785.300563,0
HPQ.US,D,20100604,000000,15.2502,15.3829,14.9524,15.0402,57024505.387504,0
HPQ.US,D,20100607,000000,15.0823,15.1721,14.764,14.7757,47434930.889457,0
HPQ.US,D,20100608,000000,14.8109,15.0149,14.7114,14.9856,61000648.533566,0
HPQ.US,D,20100609,000000,15.0422,15.1847,14.764,14.8334,58420284.861839,0
HPQ.US,D,20100610,000000,15.0324,15.2267,15.0002,15.1876,48591743.46271,0
HPQ.US,D,20100611,000000,15.092,15.4433,15.0617,15.4121,35201812.710183,0
HPQ.US,D,20100614,000000,15.6337,15.7498,15.2951,15.3116,43987090.975202,0
HPQ.US,D,20100615,000000,15.3858,15.6992,15.3565,15.6727,48389732.994504,0
HPQ.US,D,20100616,000000,15.5702,15.7323,15.4082,15.6825,55464607.263272,0
HPQ.US,D,20100617,000000,15.7391,15.8152,15.4121,15.7576,50039822.55962,0
HPQ.US,D,20100618,000000,15.7615,15.8796,15.659,15.6727,57755562.887978,0
HPQ.US,D,20100621,000000,15.7898,15.8396,15.419,15.5175,38834795.419354,0
HPQ.US,D,20100622,000000,15.5214,15.6796,15.2539,15.2764,40557380.941081,0
HPQ.US,D,20100623,000000,15.3018,15.4824,15.1876,15.3145,39237699.630552,0
HPQ.US,D,20100624,000000,15.214,15.2814,14.9427,14.9895,46155042.903653,0
HPQ.US,D,20100625,000000,14.9485,15.1466,14.8147,15.0002,73548060.315268,0
HPQ.US,D,20100628,000000,14.9895,15.1758,14.8977,15.0451,40095602.771817,0
HPQ.US,D,20100629,000000,14.8147,14.9202,14.3784,14.4673,67833293.83421,0
HPQ.US,D,20100630,000000,14.4458,14.4458,14.0885,14.1354,72578155.782381,0
HPQ.US,D,20100701,000000,14.0945,14.2242,13.8563,14.0076,65499233.640852,0
HPQ.US,D,20100702,000000,14.0398,14.0983,13.8201,13.9832,51252192.724412,0
HPQ.US,D,20100706,000000,14.1431,14.3951,13.9773,14.1022,52619197.570953,0
HPQ.US,D,20100707,000000,14.1189,14.7201,14.0945,14.6849,56082172.697643,0
HPQ.US,D,20100708,000000,14.8362,14.8919,14.6615,14.8528,40479285.990633,0
HPQ.US,D,20100709,000000,14.8391,14.8596,14.6957,14.7796,39035317.262117,0
HPQ.US,D,20100712,000000,14.7074,14.9485,14.7074,14.9202,32253881.496319,0
HPQ.US,D,20100713,000000,15.0647,15.3565,14.9963,15.2764,44317017.706074,0
HPQ.US,D,20100714,000000,15.3712,15.6697,15.3565,15.4619,42140746.687055,0
HPQ.US,D,20100715,000000,15.4238,15.5254,15.2365,15.4882,36630044.833881,0
HPQ.US,D,20100716,000000,15.3858,15.4785,15.0539,15.089,40907716.081326,0
HPQ.US,D,20100719,000000,15.1525,15.337,15.0647,15.2462,32481183.229273,0
HPQ.US,D,20100720,000000,14.9563,15.2422,14.889,15.2237,48616298.098625,0
HPQ.US,D,20100721,000000,15.2237,15.2686,14.7865,14.8528,54178831.369402,0
HPQ.US,D,20100722,000000,14.967,15.0744,14.9358,15.0451,52512369.997971,0
HPQ.US,D,20100723,000000,15.0188,15.1681,14.9329,15.0715,57970893.121758,0
HPQ.US,D,20100726,000000,15.0539,15.214,15.0324,15.211,49621285.219975,0
HPQ.US,D,20100727,000000,15.3858,15.622,15.2764,15.5361,50462199.794762,0
HPQ.US,D,20100728,000000,15.459,15.579,15.331,15.3936,34305459.388006,0
HPQ.US,D,20100729,000000,15.5497,15.5702,15.13,15.1564,53419195.948694,0
HPQ.US,D,20100730,000000,15.0188,15.2267,14.9289,15.0383,38599484.000432,0
HPQ.US,D,20100802,000000,15.2179,15.6132,15.1525,15.5331,39110271.038712,0
HPQ.US,D,20100803,000000,15.4999,15.5576,15.3779,15.4687,29554796.615846,0
HPQ.US,D,20100804,000000,15.4882,15.579,15.2365,15.2764,48200860.952093,0
HPQ.US,D,20100805,000000,15.2502,15.2502,15.0324,15.1389,41289829.737735,0
HPQ.US,D,20100806,000000,15.0149,15.13,13.6699,13.6699,73973775.431823,0
HPQ.US,D,20100809,000000,14.197,14.316,13.8592,13.9148,614042113.05284,0
HPQ.US,D,20100810,000000,13.9968,14.0348,13.7695,13.825,224405317.60595,0
HPQ.US,D,20100811,000000,13.742,13.7665,13.2803,13.3175,176575236.06162,0
HPQ.US,D,20100812,000000,13.1408,13.2189,13.047,13.1115,161146098.47882,0
HPQ.US,D,20100813,000000,13.1466,13.3839,13.1466,13.213,90210777.645744,0
HPQ.US,D,20100816,000000,13.2335,13.4199,13.176,13.2433,70020637.84964,0
HPQ.US,D,20100817,000000,13.3887,13.5059,13.2999,13.3311,72216891.078319,0
HPQ.US,D,20100818,000000,13.4395,13.5888,13.3565,13.5097,67786404.69406,0
HPQ.US,D,20100819,000000,13.6025,13.619,13.172,13.3135,77302180.04791,0
HPQ.US,D,20100820,000000,13.2277,13.257,12.8451,13.0158,118922016.42897,0
HPQ.US,D,20100823,000000,13.0433,13.0647,12.6128,12.7485,114522922.31737,0
HPQ.US,D,20100824,000000,12.5796,12.6938,12.52,12.5357,92417743.240307,0
HPQ.US,D,20100825,000000,12.4566,12.599,12.4204,12.4927,80269801.483649,0
HPQ.US,D,20100826,000000,12.5873,12.6245,12.44,12.4858,56085920.386472,0
HPQ.US,D,20100827,000000,12.5092,12.5913,12.1892,12.4097,113695550.8532,0
HPQ.US,D,20100830,000000,12.6996,12.8988,12.5913,12.5962,89906147.302214,0
HPQ.US,D,20100831,000000,12.5142,12.7328,12.4214,12.5581,92462016.784618,0
HPQ.US,D,20100901,000000,12.7309,12.8187,12.6479,12.806,68200287.645964,0
HPQ.US,D,20100902,000000,12.7904,12.9582,12.7718,12.9582,54394459.738078,0
HPQ.US,D,20100903,000000,13.0892,13.2277,13.0892,13.174,55408061.011335,0
HPQ.US,D,20100907,000000,12.9827,13.1174,12.9681,13.0393,63377686.255279,0
HPQ.US,D,20100908,000000,12.8295,12.9339,12.4957,12.6743,100210352.17042,0
HPQ.US,D,20100909,000000,12.8363,12.8479,12.602,12.6791,54667953.938574,0
HPQ.US,D,20100910,000000,12.6635,12.6831,12.4361,12.5045,69721776.570024,0
HPQ.US,D,20100913,000000,12.5639,12.5873,12.4019,12.5045,103528596.63611,0
HPQ.US,D,20100914,000000,12.4605,13.0832,12.4605,12.8323,125250168.30874,0
HPQ.US,D,20100915,000000,12.8363,13.0783,12.7855,12.9378,73701961.441739,0
HPQ.US,D,20100916,000000,12.9681,13.2277,12.9427,13.176,71350678.067154,0
HPQ.US,D,20100917,000000,13.1867,13.2648,12.7718,12.7855,108299130.96993,0
HPQ.US,D,20100920,000000,12.8187,12.9222,12.7904,12.8655,67858244.958803,0
HPQ.US,D,20100921,000000,12.9173,13.2354,12.8685,13.0393,79481433.440406,0
HPQ.US,D,20100922,000000,12.9612,13.0111,12.7377,12.9193,65695051.918983,0
HPQ.US,D,20100923,000000,12.7758,13.2843,12.7689,13.1144,70132142.349771,0
HPQ.US,D,20100924,000000,13.4434,13.619,13.3487,13.3839,75109050.576267,0
HPQ.US,D,20100927,000000,13.4434,13.6385,13.3634,13.4756,70550142.841697,0
HPQ.US,D,20100928,000000,13.5175,13.6669,13.3917,13.5928,81229867.564968,0
HPQ.US,D,20100929,000000,13.7069,13.9597,13.6864,13.8895,95820013.594296,0
HPQ.US,D,20100930,000000,14.031,14.0954,13.625,13.7392,85220478.961893,0
HPQ.US,D,20101001,000000,13.46,13.4844,13.1466,13.3175,192743057.66093,0
HPQ.US,D,20101004,000000,13.3458,13.4698,13.1945,13.2726,70368818.427391,0
HPQ.US,D,20101005,000000,13.4033,13.4132,13.1798,13.3282,92761314.509134,0
HPQ.US,D,20101006,000000,13.4082,13.4628,13.2092,13.3068,79230420.250296,0
HPQ.US,D,20101007,000000,13.3527,13.3839,13.2159,13.3282,58048615.147456,0
HPQ.US,D,20101008,000000,13.3243,13.4873,13.2872,13.4395,57613360.738749,0
HPQ.US,D,20101011,000000,13.4727,13.5195,13.3311,13.4561,39471301.128027,0
HPQ.US,D,20101012,000000,13.4502,13.5704,13.3565,13.5059,45813668.202583,0
HPQ.US,D,20101013,000000,13.5704,13.8924,13.5704,13.7869,75338425.934752,0
HPQ.US,D,20101014,000000,13.784,13.828,13.6542,13.7616,45771427.30306,0
HPQ.US,D,20101015,000000,13.8456,13.9929,13.7577,13.9861,72328084.124812,0
HPQ.US,D,20101018,000000,13.9431,14.197,13.8796,14.1501,56519844.970111,0
HPQ.US,D,20101019,000000,14.0154,14.0945,13.8924,13.9899,63640878.921826,0
HPQ.US,D,20101020,000000,14.0437,14.1266,13.9656,13.9861,56210195.510238,0
HPQ.US,D,20101021,000000,14.0076,14.032,13.6933,13.8494,60933271.071595,0
HPQ.US,D,20101022,000000,13.8397,14.0301,13.8134,14.0017,31540210.075517,0
HPQ.US,D,20101025,000000,14.0301,14.1189,13.8992,14.0046,40339377.73842,0
HPQ.US,D,20101026,000000,13.8397,14.0623,13.7695,14.0261,44329675.632671,0
HPQ.US,D,20101027,000000,13.8953,13.9929,13.704,13.8456,57336897.483516,0
HPQ.US,D,20101028,000000,13.9031,13.9802,13.7695,13.9334,46353567.959776,0
HPQ.US,D,20101029,000000,13.8622,13.9403,13.6796,13.7313,55650638.315763,0
HPQ.US,D,20101101,000000,13.7732,13.9627,13.7382,13.8768,39489728.118538,0
HPQ.US,D,20101102,000000,13.9656,14.0398,13.9227,14.0154,35369563.278315,0
HPQ.US,D,20101103,000000,14.0183,14.3707,13.9899,14.3082,68066392.29308,0
HPQ.US,D,20101104,000000,14.4146,14.5542,14.3082,14.3951,66167027.121304,0
HPQ.US,D,20101105,000000,14.3482,14.4048,14.1618,14.2818,47725734.330734,0
HPQ.US,D,20101108,000000,14.2369,14.5317,14.2087,14.4516,48081035.312358,0
HPQ.US,D,20101109,000000,14.558,14.5844,14.3512,14.4107,46565355.408434,0
HPQ.US,D,20101110,000000,14.5376,14.5415,14.2886,14.4243,40547139.853725,0
HPQ.US,D,20101111,000000,14.3023,14.3579,13.9567,14.0769,74745051.432215,0
HPQ.US,D,20101112,000000,13.9539,14.0348,13.7236,13.7869,55763642.71104,0
HPQ.US,D,20101115,000000,13.8241,14.0456,13.7967,13.8924,44259931.532866,0
HPQ.US,D,20101116,000000,13.7889,13.8456,13.5362,13.6542,68462678.114491,0
HPQ.US,D,20101117,000000,13.6465,13.7577,13.3175,13.38,87706793.880424,0
HPQ.US,D,20101118,000000,13.4356,13.6718,13.4024,13.617,60833127.457587,0
HPQ.US,D,20101119,000000,13.6425,13.8924,13.619,13.8768,62044658.541694,0
HPQ.US,D,20101122,000000,14.0261,14.1394,13.7665,14.1266,100310315.46916,0
HPQ.US,D,20101123,000000,14.3628,14.5141,14.0817,14.4341,157688661.89937,0
HPQ.US,D,20101124,000000,14.3521,14.4838,14.2008,14.2886,85402697.780887,0
HPQ.US,D,20101126,000000,14.0623,14.1725,14.0534,14.1101,30303344.696883,0
HPQ.US,D,20101129,000000,13.9071,13.9656,13.742,13.9148,63133526.069703,0
HPQ.US,D,20101130,000000,13.661,13.8602,13.6542,13.6942,71533352.7969,0
HPQ.US,D,20101201,000000,13.8796,14.0251,13.825,13.9031,63292992.380897,0
HPQ.US,D,20101202,000000,13.865,14.1022,13.8563,14.0817,50857941.596828,0
HPQ.US,D,20101203,000000,13.8855,14.1324,13.8855,14.0534,54044432.977913,0
HPQ.US,D,20101206,000000,13.8924,14.1266,13.8826,13.9968,36649478.92612,0
HPQ.US,D,20101207,000000,14.0945,14.1139,13.747,13.7802,67324814.011689,0
HPQ.US,D,20101208,000000,13.8173,13.9539,13.7695,13.9334,37461805.335487,0
HPQ.US,D,20101209,000000,13.9734,13.9734,13.784,13.8924,50973994.959287,0
HPQ.US,D,20101210,000000,13.8622,13.9334,13.7802,13.9187,51551055.028547,0
HPQ.US,D,20101213,000000,13.7343,13.7752,13.5644,13.6025,79465949.891668,0
HPQ.US,D,20101214,000000,13.617,13.6718,13.4795,13.5674,43320482.862704,0
HPQ.US,D,20101215,000000,13.5469,13.5888,13.4628,13.4668,40682639.602648,0
HPQ.US,D,20101216,000000,13.4336,13.7226,13.3917,13.7011,69402162.642804,0
HPQ.US,D,20101217,000000,13.7069,13.7802,13.6133,13.704,74177412.835474,0
HPQ.US,D,20101220,000000,13.6288,13.7499,13.625,13.6825,47166510.104786,0
HPQ.US,D,20101221,000000,13.6385,13.7499,13.6318,13.6904,45928966.494876,0
HPQ.US,D,20101222,000000,13.625,13.661,13.5225,13.5469,44998641.162337,0
HPQ.US,D,20101223,000000,13.5059,13.6933,13.4844,13.6318,26028894.535736,0
HPQ.US,D,20101227,000000,13.5507,13.7098,13.5449,13.661,20064941.581131,0
HPQ.US,D,20101228,000000,13.7148,13.8768,13.6961,13.7987,31843675.541465,0
HPQ.US,D,20101229,000000,13.8153,13.9178,13.8017,13.8241,26482869.971777,0
HPQ.US,D,20101230,000000,13.8377,13.866,13.7713,13.8055,20737522.636734,0
HPQ.US,D,20101231,000000,13.7879,13.8426,13.6669,13.7518,22875481.784843,0
HPQ.US,D,20110103,000000,13.7889,14.2047,13.7889,13.9597,59286348.293297,0
HPQ.US,D,20110104,000000,14.1324,14.2965,14.0456,14.2506,59433477.352197,0
HPQ.US,D,20110105,000000,14.2165,14.4439,14.1725,14.437,60452663.276033,0
HPQ.US,D,20110106,000000,14.4439,14.6849,14.4322,14.6586,58771225.492544,0
HPQ.US,D,20110107,000000,14.604,14.8274,14.604,14.7278,68180665.042313,0
HPQ.US,D,20110110,000000,14.6674,14.7191,14.558,14.6498,39713772.907045,0
HPQ.US,D,20110111,000000,14.764,15.0422,14.759,14.8371,76478903.584356,0
HPQ.US,D,20110112,000000,14.8558,14.9289,14.7865,14.9075,44023611.987698,0
HPQ.US,D,20110113,000000,14.8489,14.971,14.8012,14.9114,40158605.539609,0
HPQ.US,D,20110114,000000,14.9329,15.1525,14.8958,15.1076,46959323.768903,0
HPQ.US,D,20110118,000000,15.0675,15.1603,15.0471,15.1359,45115956.731642,0
HPQ.US,D,20110119,000000,15.0997,15.1808,15.0471,15.13,50569773.217243,0
HPQ.US,D,20110120,000000,15.0471,15.2814,14.9427,15.2764,65914150.331964,0
HPQ.US,D,20110121,000000,15.337,15.5576,15.2951,15.4268,91249808.493755,0
HPQ.US,D,20110124,000000,15.2502,15.5439,15.2403,15.5312,51674368.129402,0
HPQ.US,D,20110125,000000,15.5995,15.622,15.3116,15.3779,54087232.24004,0
HPQ.US,D,20110126,000000,15.338,15.4433,15.211,15.3116,44099632.288097,0
HPQ.US,D,20110127,000000,15.3428,15.3428,15.214,15.2657,44069093.439371,0
HPQ.US,D,20110128,000000,15.2403,15.2502,14.8177,14.8626,63214324.724585,0
HPQ.US,D,20110131,000000,14.8344,14.9319,14.7376,14.9231,65551300.697718,0
HPQ.US,D,20110201,000000,15.0471,15.2217,14.9934,15.1925,44343831.405378,0
HPQ.US,D,20110202,000000,15.1721,15.3662,15.1641,15.3145,35946148.99549,0
HPQ.US,D,20110203,000000,15.2764,15.5078,15.1778,15.456,47818754.467313,0
HPQ.US,D,20110204,000000,15.4433,15.5214,15.3779,15.4902,34329819.365399,0
HPQ.US,D,20110207,000000,15.5819,15.8152,15.5497,15.7206,53233814.440958,0
HPQ.US,D,20110208,000000,15.7059,15.7576,15.5995,15.7206,30306191.833914,0
HPQ.US,D,20110209,000000,15.6952,15.9841,15.6767,15.9841,59081041.948938,0
HPQ.US,D,20110210,000000,15.8289,16.1334,15.7244,15.8543,70866835.866552,0
HPQ.US,D,20110211,000000,15.8045,15.9422,15.7576,15.8855,43931698.331145,0
HPQ.US,D,20110214,000000,15.8259,15.8992,15.6952,15.78,36712171.264794,0
HPQ.US,D,20110215,000000,15.5527,15.7323,15.5283,15.6767,38478988.325571,0
HPQ.US,D,20110216,000000,15.8357,16.0456,15.7947,15.9987,45935352.318954,0
HPQ.US,D,20110217,000000,15.8963,15.9362,15.7683,15.8796,30098225.839418,0
HPQ.US,D,20110218,000000,15.9392,15.9392,15.7898,15.8963,41419239.748438,0
HPQ.US,D,20110222,000000,15.5361,15.8562,15.4404,15.7538,90947678.999986,0
HPQ.US,D,20110223,000000,14.2671,14.2818,13.9031,14.2369,295941655.84988,0
HPQ.US,D,20110224,000000,14.0983,14.1266,13.742,13.7732,173926926.32013,0
HPQ.US,D,20110225,000000,13.8563,13.9812,13.8173,13.9403,81991483.380019,0
HPQ.US,D,20110228,000000,14.0623,14.314,14.0261,14.2516,84771979.577463,0
HPQ.US,D,20110301,000000,14.2544,14.318,13.9939,14.0164,59884481.684465,0
HPQ.US,D,20110302,000000,13.9978,14.2145,13.9744,14.1247,44783541.445229,0
HPQ.US,D,20110303,000000,14.2624,14.3209,14.0866,14.1109,64495406.274492,0
HPQ.US,D,20110304,000000,14.1306,14.194,13.7343,13.9178,84940312.072128,0
HPQ.US,D,20110307,000000,14.0114,14.0603,13.6961,13.7108,54491338.21149,0
HPQ.US,D,20110308,000000,13.7869,13.9529,13.7011,13.8494,47945014.083497,0
HPQ.US,D,20110309,000000,13.8494,13.8494,13.6385,13.7323,46730438.130281,0
HPQ.US,D,20110310,000000,13.6357,13.6864,13.4746,13.5469,60939837.210936,0
HPQ.US,D,20110311,000000,13.5292,13.6747,13.5097,13.6288,50445001.201982,0
HPQ.US,D,20110314,000000,13.5195,13.7928,13.5097,13.5771,53387794.455355,0
HPQ.US,D,20110315,000000,13.2921,13.4785,13.2022,13.3946,67977030.712216,0
HPQ.US,D,20110316,000000,13.3555,13.5225,13.1231,13.1369,78834065.786143,0
HPQ.US,D,20110317,000000,13.3272,13.6914,13.3224,13.5586,81341550.331324,0
HPQ.US,D,20110318,000000,13.7226,13.7869,13.5097,13.5225,88419990.949139,0
HPQ.US,D,20110321,000000,13.6942,13.7762,13.6288,13.6699,44085798.214214,0
HPQ.US,D,20110322,000000,13.6582,13.6933,13.5332,13.661,43868413.820754,0
HPQ.US,D,20110323,000000,13.5928,13.8367,13.583,13.7665,46431698.768371,0
HPQ.US,D,20110324,000000,13.8466,14.1179,13.8289,14.1042,56780529.615265,0
HPQ.US,D,20110325,000000,14.0193,14.1638,13.8523,13.9178,47459507.040263,0
HPQ.US,D,20110328,000000,13.8796,14.0164,13.7802,13.7889,34756375.611678,0
HPQ.US,D,20110329,000000,13.7011,13.747,12.3014,13.4521,79793120.667661,0
HPQ.US,D,20110330,000000,13.5049,13.5741,13.3527,13.5166,53056428.27593,0
HPQ.US,D,20110331,000000,13.5185,13.5722,13.4033,13.4082,48802500.245714,0
HPQ.US,D,20110401,000000,13.4385,13.4424,13.2521,13.4092,58718193.33921,0
HPQ.US,D,20110404,000000,13.3019,13.377,13.1545,13.2022,66741192.925681,0
HPQ.US,D,20110405,000000,13.2121,13.3448,13.1583,13.1818,49363527.624298,0
HPQ.US,D,20110406,000000,13.215,13.5332,13.1975,13.4746,60159274.974473,0
HPQ.US,D,20110407,000000,13.5332,13.6786,13.4356,13.4424,51039335.678394,0
HPQ.US,D,20110408,000000,13.4161,13.4316,13.2589,13.3185,40530284.474658,0
HPQ.US,D,20110411,000000,13.3214,13.5097,13.3058,13.4336,39136712.837785,0
HPQ.US,D,20110412,000000,13.3135,13.4746,13.2618,13.4424,40279123.753879,0
HPQ.US,D,20110413,000000,13.4189,13.5966,13.3693,13.4591,38826540.873455,0
HPQ.US,D,20110414,000000,13.2521,13.3272,13.1301,13.2082,51670401.193604,0
HPQ.US,D,20110415,000000,13.215,13.3087,13.1545,13.173,44889981.7502,0
HPQ.US,D,20110418,000000,13.0774,13.1017,12.8129,13.0091,56631468.314391,0
HPQ.US,D,20110419,000000,13.0344,13.1057,12.8763,13.0852,41270401.792607,0
HPQ.US,D,20110420,000000,13.3058,13.4785,13.3019,13.38,43403201.465335,0
HPQ.US,D,20110421,000000,13.4746,13.4805,13.3234,13.4132,29107711.067005,0
HPQ.US,D,20110425,000000,13.4356,13.4717,13.2354,13.2618,42541589.566946,0
HPQ.US,D,20110426,000000,13.2354,13.4033,13.1106,13.3165,64957289.969164,0
HPQ.US,D,20110427,000000,13.3653,13.4785,13.3214,13.4316,40098655.837075,0
HPQ.US,D,20110428,000000,13.4873,13.5166,13.215,13.2618,59975019.412615,0
HPQ.US,D,20110429,000000,13.297,13.3048,13.0852,13.213,44147935.263836,0
HPQ.US,D,20110502,000000,13.3165,13.3448,13.0802,13.1164,43592525.320423,0
HPQ.US,D,20110503,000000,13.0423,13.215,13.0246,13.1965,45457410.32064,0
HPQ.US,D,20110504,000000,13.215,13.4561,13.1583,13.3975,46879867.233311,0
HPQ.US,D,20110505,000000,13.3009,13.5254,13.2882,13.3517,39418531.25144,0
HPQ.US,D,20110506,000000,13.4336,13.5858,13.3087,13.3555,39240331.618689,0
HPQ.US,D,20110509,000000,13.3477,13.5362,13.3351,13.4229,28523377.940608,0
HPQ.US,D,20110510,000000,13.4424,13.661,13.4161,13.6025,27524890.364895,0
HPQ.US,D,20110511,000000,13.5097,13.5986,13.338,13.4356,51820369.193388,0
HPQ.US,D,20110512,000000,13.4356,13.4746,13.3214,13.377,43316864.26321,0
HPQ.US,D,20110513,000000,13.3527,13.3721,13.1613,13.2267,42996924.539093,0
HPQ.US,D,20110516,000000,13.1545,13.2022,12.9778,13.0256,55016324.052255,0
HPQ.US,D,20110517,000000,12.2936,12.3218,11.7939,12.0779,306914072.2021,0
HPQ.US,D,20110518,000000,11.9881,11.9919,11.7773,11.9422,136488936.94269,0
HPQ.US,D,20110519,000000,11.9197,11.9998,11.7802,11.8212,95125132.868089,0
HPQ.US,D,20110520,000000,11.784,11.8973,11.7508,11.7763,70304941.745282,0
HPQ.US,D,20110523,000000,11.6416,11.7802,11.5976,11.7177,80963018.391742,0
HPQ.US,D,20110524,000000,11.6562,11.8329,11.6416,11.7753,83512949.764672,0
HPQ.US,D,20110525,000000,11.6777,11.8299,11.6777,11.7831,77862735.123445,0
HPQ.US,D,20110526,000000,11.7773,12.0213,11.7684,11.9627,83064956.492402,0
HPQ.US,D,20110527,000000,12.0193,12.1208,12.0153,12.0934,62994098.316688,0
HPQ.US,D,20110531,000000,12.2008,12.2779,12.1686,12.234,83632571.525217,0
HPQ.US,D,20110601,000000,12.1822,12.2077,11.9462,11.9881,58959702.070798,0
HPQ.US,D,20110602,000000,11.9714,11.9978,11.8846,11.9168,50886044.140457,0
HPQ.US,D,20110603,000000,11.7977,11.9022,11.7811,11.8172,48773222.579316,0
HPQ.US,D,20110606,000000,11.7783,11.8601,11.7508,11.7684,47109128.870238,0
HPQ.US,D,20110607,000000,11.8232,11.8309,11.6387,11.6387,51847970.747451,0
HPQ.US,D,20110608,000000,11.5264,11.7002,11.5177,11.5713,48922640.412642,0
HPQ.US,D,20110609,000000,11.6211,11.6923,11.5713,11.6035,35358995.369546,0
HPQ.US,D,20110610,000000,11.6211,11.6269,11.499,11.5351,43744743.162928,0
HPQ.US,D,20110613,000000,11.5351,11.5518,11.3625,11.377,66182902.036125,0
HPQ.US,D,20110614,000000,11.4443,11.5859,11.3752,11.4044,61211100.010046,0
HPQ.US,D,20110615,000000,11.338,11.3468,11.1477,11.2502,75966441.458259,0
HPQ.US,D,20110616,000000,11.1926,11.5264,11.1848,11.4825,85726309.379461,0
HPQ.US,D,20110617,000000,11.5654,11.5976,11.4737,11.4922,119874823.7964,0
HPQ.US,D,20110620,000000,11.4209,11.5976,11.4209,11.4882,50641371.69561,0
HPQ.US,D,20110621,000000,11.5351,11.705,11.5029,11.5908,51591505.069656,0
HPQ.US,D,20110622,000000,11.5976,11.6571,11.5264,11.5304,39052600.889935,0
HPQ.US,D,20110623,000000,11.4317,11.5888,11.3439,11.5673,59377358.324495,0
HPQ.US,D,20110624,000000,11.5518,11.5616,11.4533,11.461,112216992.32965,0
HPQ.US,D,20110627,000000,11.5098,11.6065,11.464,11.4874,46409294.596876,0
HPQ.US,D,20110628,000000,11.5147,11.5576,11.4775,11.5214,43349172.455459,0
HPQ.US,D,20110629,000000,11.5489,11.6893,11.5214,11.6737,41127241.71854,0
HPQ.US,D,20110630,000000,11.9158,12.2253,11.8963,11.9529,83338861.524834,0
HPQ.US,D,20110701,000000,11.9998,12.1931,11.9315,12.1658,45153314.775788,0
HPQ.US,D,20110705,000000,12.0769,12.1501,11.906,11.9764,49922875.816991,0
HPQ.US,D,20110706,000000,11.9734,12.0143,11.8554,11.8886,49938805.031295,0
HPQ.US,D,20110707,000000,11.9764,12.0125,11.9275,11.9676,48823107.411685,0
HPQ.US,D,20110708,000000,11.8631,11.9657,11.7558,11.9627,45897671.551467,0
HPQ.US,D,20110711,000000,11.8202,11.8202,11.5489,11.5888,55511100.939265,0
HPQ.US,D,20110712,000000,11.5449,11.7265,11.5244,11.583,46203788.471404,0
HPQ.US,D,20110713,000000,11.623,11.7558,11.5908,11.6367,33695442.606259,0
HPQ.US,D,20110714,000000,11.6709,11.7187,11.4962,11.5351,47003541.989212,0
HPQ.US,D,20110715,000000,11.5859,11.6211,11.4835,11.5214,46185726.209493,0
HPQ.US,D,20110718,000000,11.4874,11.5244,11.4239,11.499,46671359.268508,0
HPQ.US,D,20110719,000000,11.5703,11.7265,11.4688,11.6923,48554289.11382,0
HPQ.US,D,20110720,000000,11.748,11.7636,11.5264,11.5859,45687149.383207,0
HPQ.US,D,20110721,000000,11.6035,11.9432,11.4668,11.8973,55167567.577624,0
HPQ.US,D,20110722,000000,11.9607,12.1892,11.9392,12.0535,48802345.543415,0
HPQ.US,D,20110725,000000,11.906,12.2819,11.8943,12.1775,58255868.077045,0
HPQ.US,D,20110726,000000,12.1765,12.3795,12.1608,12.3004,44506119.240639,0
HPQ.US,D,20110727,000000,12.1286,12.2155,11.9676,12.0817,57679171.711867,0
HPQ.US,D,20110728,000000,12.0437,12.1081,11.8601,11.8983,44738942.104021,0
HPQ.US,D,20110729,000000,11.7548,11.7811,11.5234,11.5479,62230415.023217,0
HPQ.US,D,20110801,000000,11.623,11.6571,11.3859,11.5576,47943952.682287,0
HPQ.US,D,20110802,000000,11.4415,11.5264,11.2746,11.2775,48879890.327405,0
HPQ.US,D,20110803,000000,11.2638,11.3312,11.0734,11.2589,64268848.342,0
HPQ.US,D,20110804,000000,11.0754,11.0794,10.6713,10.6851,76242183.452438,0
HPQ.US,D,20110805,000000,10.7797,10.8344,10.3492,10.7144,96128786.066296,0
HPQ.US,D,20110808,000000,10.2215,10.4732,10.0916,10.1159,102912775.95683,0
HPQ.US,D,20110809,000000,10.1736,10.36,9.76752,10.3522,100382374.98087,0
HPQ.US,D,20110810,000000,10.1462,10.1863,9.77727,9.80265,84329900.850742,0
HPQ.US,D,20110811,000000,9.76752,10.319,9.76752,10.195,81759738.310145,0
HPQ.US,D,20110812,000000,10.4458,10.6284,10.3629,10.6128,72198741.732333,0
HPQ.US,D,20110815,000000,10.6245,10.7593,10.5805,10.6479,52641593.5463,0
HPQ.US,D,20110816,000000,10.481,10.8304,10.4732,10.7084,55262060.971869,0
HPQ.US,D,20110817,000000,10.4888,10.5738,10.1687,10.3083,72771248.841189,0
HPQ.US,D,20110818,000000,9.80265,11.1642,9.40637,9.68942,287512461.29865,0
HPQ.US,D,20110819,000000,7.88272,7.88272,7.47053,7.75047,392841873.64338,0
HPQ.US,D,20110822,000000,7.933,8.28389,7.92255,8.02689,186085172.6843,0
HPQ.US,D,20110823,000000,8.05422,8.12157,7.89776,8.05744,103957077.95274,0
HPQ.US,D,20110824,000000,8.05744,8.30781,7.96218,8.27618,88010085.178219,0
HPQ.US,D,20110825,000000,8.25383,8.29083,8.03783,8.22016,77822666.203232,0
HPQ.US,D,20110826,000000,8.0838,8.31913,8.0184,8.14958,69525915.262113,0
HPQ.US,D,20110829,000000,8.19165,8.58579,8.1771,8.57593,70231087.277083,0
HPQ.US,D,20110830,000000,8.52976,8.60024,8.44406,8.55212,71298002.446273,0
HPQ.US,D,20110831,000000,8.62904,8.67129,8.51805,8.54665,68943323.817239,0
HPQ.US,D,20110901,000000,8.60384,8.6876,8.42435,8.42767,49815433.532882,0
HPQ.US,D,20110902,000000,8.22689,8.24163,7.98717,7.9942,57026114.906134,0
HPQ.US,D,20110906,000000,7.64505,7.77487,7.51992,7.7575,85710482.617011,0
HPQ.US,D,20110907,000000,7.86896,7.98531,7.78132,7.92596,62263588.933635,0
HPQ.US,D,20110908,000000,7.99566,8.10069,7.83061,7.83627,65340247.828853,0
HPQ.US,D,20110909,000000,7.73417,7.76736,7.38737,7.43705,112311160.95152,0
HPQ.US,D,20110912,000000,7.30617,7.46008,7.30617,7.45354,85413398.877067,0
HPQ.US,D,20110913,000000,7.47053,7.51992,7.40425,7.49289,73727457.610195,0
HPQ.US,D,20110914,000000,7.49025,7.6351,7.38737,7.5698,68219453.314345,0
HPQ.US,D,20110915,000000,7.66458,7.7045,7.50323,7.68137,47909290.146427,0
HPQ.US,D,20110916,000000,7.72694,7.78716,7.64193,7.76736,70894099.329496,0
HPQ.US,D,20110919,000000,7.62564,7.66126,7.46712,7.56287,51105187.632255,0
HPQ.US,D,20110920,000000,7.54959,7.61909,7.40777,7.41715,78236293.025501,0
HPQ.US,D,20110921,000000,7.45354,8.28477,7.33135,7.9166,267568704.89336,0
HPQ.US,D,20110922,000000,7.60894,7.82729,7.34794,7.52646,194326029.99179,0
HPQ.US,D,20110923,000000,7.43383,7.46712,7.09718,7.36824,208615671.41376,0
HPQ.US,D,20110926,000000,7.45766,7.61509,7.40425,7.4963,96672703.985214,0
HPQ.US,D,20110927,000000,7.71142,8.0879,7.65881,7.78716,119635290.33657,0
HPQ.US,D,20110928,000000,7.90352,7.9166,7.62866,7.65482,72043898.048803,0
HPQ.US,D,20110929,000000,7.86008,8.07374,7.7045,7.85022,81229478.247922,0
HPQ.US,D,20110930,000000,7.78053,7.83978,7.39996,7.41002,121524710.50685,0
HPQ.US,D,20111003,000000,7.48693,7.66458,7.32149,7.32833,86319630.607034,0
HPQ.US,D,20111004,000000,7.23921,7.61509,7.20924,7.59938,93674737.334753,0
HPQ.US,D,20111005,000000,7.59224,7.9653,7.54315,7.87521,93972166.337447,0
HPQ.US,D,20111006,000000,7.96901,8.27169,7.87873,8.26837,86210687.403261,0
HPQ.US,D,20111007,000000,8.28477,8.4591,8.10069,8.21382,91456879.059043,0
HPQ.US,D,20111010,000000,8.36246,8.57593,8.34968,8.49902,65772129.522517,0
HPQ.US,D,20111011,000000,8.44591,8.59223,8.41098,8.55552,53459309.94772,0
HPQ.US,D,20111012,000000,8.62464,8.67666,8.47442,8.53943,62549065.903007,0
HPQ.US,D,20111013,000000,8.55552,8.56637,8.29883,8.4591,46905684.076073,0
HPQ.US,D,20111014,000000,8.58862,8.69482,8.55212,8.62103,36280686.059805,0
HPQ.US,D,20111017,000000,8.52878,8.56188,8.15407,8.20708,50654093.142356,0
HPQ.US,D,20111018,000000,8.16335,8.5199,8.1041,8.45315,62312984.04614,0
HPQ.US,D,20111019,000000,8.37144,8.41722,8.20014,8.24523,41718672.709402,0
HPQ.US,D,20111020,000000,8.21751,8.25862,8.00669,8.16657,56647033.824612,0
HPQ.US,D,20111021,000000,8.26837,8.44319,8.24523,8.37564,45347031.766389,0
HPQ.US,D,20111024,000000,8.4503,8.63537,8.40746,8.58862,38240845.137396,0
HPQ.US,D,20111025,000000,8.55552,8.56275,8.25109,8.2676,45698377.081918,0
HPQ.US,D,20111026,000000,8.29258,8.54216,8.20014,8.50166,61548775.174658,0
HPQ.US,D,20111027,000000,8.74147,9.05966,8.72487,8.90701,79237984.270699,0
HPQ.US,D,20111028,000000,9.15201,9.43077,9.09735,9.22218,83203007.292496,0
HPQ.US,D,20111031,000000,9.09832,9.09832,8.78393,8.78393,50348191.371314,0
HPQ.US,D,20111101,000000,8.54948,8.60843,8.36881,8.4628,58254019.845593,0
HPQ.US,D,20111102,000000,8.55924,8.70146,8.51531,8.55212,49519998.243274,0
HPQ.US,D,20111103,000000,8.65031,8.90223,8.52878,8.85957,48780537.641712,0
HPQ.US,D,20111104,000000,8.8142,8.90223,8.69667,8.8993,38274028.268481,0
HPQ.US,D,20111107,000000,8.93034,9.20764,8.8587,9.20207,54190514.978863,0
HPQ.US,D,20111108,000000,9.27948,9.27948,9.0425,9.19057,52735891.257503,0
HPQ.US,D,20111109,000000,8.96772,8.98139,8.66485,8.69237,56493260.76296,0
HPQ.US,D,20111110,000000,8.76266,8.88377,8.68476,8.83176,45570477.211548,0
HPQ.US,D,20111111,000000,8.98627,9.17319,8.96314,9.10321,39873762.747215,0
HPQ.US,D,20111114,000000,9.09735,9.14527,8.94908,9.01731,34417659.536226,0
HPQ.US,D,20111115,000000,8.97387,9.38295,8.94908,9.32146,60851492.976986,0
HPQ.US,D,20111116,000000,9.27157,9.43663,9.12409,9.21926,61111626.431165,0
HPQ.US,D,20111117,000000,9.19057,9.20022,8.85489,9.00598,55493148.300838,0
HPQ.US,D,20111118,000000,9.17036,9.37611,9.12409,9.24063,88675570.418395,0
HPQ.US,D,20111121,000000,8.92663,9.0425,8.67403,8.86699,103952551.62981,0
HPQ.US,D,20111122,000000,8.6667,8.83742,8.3365,8.79759,151112225.12236,0
HPQ.US,D,20111123,000000,8.67666,8.80696,8.4628,8.51152,74164977.2294,0
HPQ.US,D,20111125,000000,8.4503,8.53688,8.3731,8.37945,27321474.257248,0
HPQ.US,D,20111128,000000,8.57866,8.78744,8.45656,8.75718,60118664.083953,0
HPQ.US,D,20111129,000000,8.91531,9.07753,8.78559,8.87821,82384885.181733,0
HPQ.US,D,20111130,000000,9.06152,9.29119,9.06152,9.22707,109537548.49416,0
HPQ.US,D,20111201,000000,9.05966,9.38782,9.05966,9.3156,67142975.289075,0
HPQ.US,D,20111202,000000,9.40734,9.41027,9.11559,9.13746,61943247.598249,0
HPQ.US,D,20111205,000000,9.2377,9.37611,9.20022,9.28241,56058577.011082,0
HPQ.US,D,20111206,000000,9.15884,9.3888,9.1482,9.30388,52246989.984335,0
HPQ.US,D,20111207,000000,9.20022,9.4337,9.13746,9.38001,54271331.050561,0
HPQ.US,D,20111208,000000,9.30192,9.46494,9.09638,9.1318,65673491.950767,0
HPQ.US,D,20111209,000000,9.11267,9.38587,9.08426,9.20764,58500997.457163,0
HPQ.US,D,20111212,000000,8.9729,9.0993,8.9729,9.06425,59096316.495894,0
HPQ.US,D,20111213,000000,9.0869,9.23381,8.83566,8.88377,54919766.253146,0
HPQ.US,D,20111214,000000,8.83176,8.87266,8.60384,8.74713,67276940.309218,0
HPQ.US,D,20111215,000000,8.83176,8.85411,8.65851,8.67129,54020403.920009,0
HPQ.US,D,20111216,000000,8.73425,8.84289,8.56275,8.56637,99856355.400898,0
HPQ.US,D,20111219,000000,8.60384,8.64357,8.29443,8.33298,50765325.120553,0
HPQ.US,D,20111220,000000,8.4628,8.67491,8.4628,8.58959,44515792.744721,0
HPQ.US,D,20111221,000000,8.53943,8.57955,8.30039,8.43333,59391002.862449,0
HPQ.US,D,20111222,000000,8.4628,8.61741,8.43333,8.57251,39046551.10794,0
HPQ.US,D,20111223,000000,8.58959,8.61205,8.53688,8.57955,31984542.743033,0
HPQ.US,D,20111227,000000,8.51152,8.61459,8.4956,8.50468,36037045.305131,0
HPQ.US,D,20111228,000000,8.46642,8.52878,8.33553,8.35475,31555744.850182,0
HPQ.US,D,20111229,000000,8.33298,8.51152,8.33298,8.4956,27610904.843678,0
HPQ.US,D,20111230,000000,8.4591,8.61459,8.45315,8.53943,34675212.228194,0
HPQ.US,D,20120103,000000,8.73054,8.89315,8.72683,8.82355,40392276.704345,0
HPQ.US,D,20120104,000000,8.79409,8.88377,8.76636,8.81594,33530199.035001,0
HPQ.US,D,20120105,000000,8.72683,8.8142,8.70321,8.78559,41767805.54516,0
HPQ.US,D,20120106,000000,8.80218,8.81976,8.71951,8.75348,35307726.412624,0
HPQ.US,D,20120109,000000,8.74996,8.81976,8.73054,8.76636,33355455.103296,0
HPQ.US,D,20120110,000000,8.8505,8.91814,8.8096,8.8505,38001272.745855,0
HPQ.US,D,20120111,000000,8.78559,8.84289,8.73054,8.83176,41021643.56781,0
HPQ.US,D,20120112,000000,8.85411,8.95181,8.83566,8.93601,31453255.088712,0
HPQ.US,D,20120113,000000,8.85675,8.91345,8.74342,8.78295,35610592.535225,0
HPQ.US,D,20120117,000000,8.86621,8.91062,8.75348,8.77192,33767555.392935,0
HPQ.US,D,20120118,000000,8.75533,8.95377,8.75348,8.95377,34591894.282216,0
HPQ.US,D,20120119,000000,8.95933,9.0339,8.90985,8.99944,33729699.432776,0
HPQ.US,D,20120120,000000,8.98802,9.34097,8.96772,9.32438,67840771.795054,0
HPQ.US,D,20120123,000000,9.26289,9.57425,9.26289,9.50984,67068124.988852,0
HPQ.US,D,20120124,000000,9.35756,9.56059,9.34878,9.4542,44905517.549384,0
HPQ.US,D,20120125,000000,9.42004,9.46103,9.29803,9.3888,40171433.536284,0
HPQ.US,D,20120126,000000,9.35269,9.43858,9.23381,9.27948,34410669.246209,0
HPQ.US,D,20120127,000000,9.17036,9.31071,9.15201,9.24346,35904167.29916,0
HPQ.US,D,20120130,000000,9.03761,9.29803,9.02678,9.24346,36564725.629663,0
HPQ.US,D,20120131,000000,9.33707,9.35855,9.10409,9.27557,41478958.934301,0
HPQ.US,D,20120201,000000,9.33707,9.58597,9.33707,9.53619,45126855.5599,0
HPQ.US,D,20120202,000000,9.52252,9.56352,9.41027,9.44834,38332967.795732,0
HPQ.US,D,20120203,000000,9.57425,9.68357,9.54692,9.6377,35080310.958112,0
HPQ.US,D,20120206,000000,9.60743,9.65039,9.52935,9.53619,38620599.3276,0
HPQ.US,D,20120207,000000,9.5274,9.67088,9.4786,9.59962,43995646.729553,0
HPQ.US,D,20120208,000000,9.60549,9.79778,9.57914,9.76459,39786637.690331,0
HPQ.US,D,20120209,000000,9.74116,9.77337,9.62501,9.65233,48363730.713887,0
HPQ.US,D,20120210,000000,9.58889,9.61037,9.44541,9.51569,26737393.162415,0
HPQ.US,D,20120213,000000,9.57035,9.61427,9.42296,9.53326,27629698.611828,0
HPQ.US,D,20120214,000000,9.51569,9.6416,9.49226,9.6416,33093083.0761,0
HPQ.US,D,20120215,000000,9.76264,9.79484,9.60451,9.65331,33880010.646272,0
HPQ.US,D,20120216,000000,9.59279,9.93836,9.59279,9.90808,62211953.199075,0
HPQ.US,D,20120217,000000,9.92765,9.9451,9.78996,9.80754,55893612.108867,0
HPQ.US,D,20120221,000000,9.77533,9.85435,9.66991,9.73043,43252014.288484,0
HPQ.US,D,20120222,000000,9.66406,9.68748,9.54302,9.59573,86179491.83815,0
HPQ.US,D,20120223,000000,9.14136,9.24063,8.8993,8.96772,215256022.78005,0
HPQ.US,D,20120224,000000,8.95377,8.98237,8.80863,8.83273,84068704.970835,0
HPQ.US,D,20120227,000000,8.72683,8.81976,8.65577,8.70321,85164810.722349,0
HPQ.US,D,20120228,000000,8.68222,8.74713,8.62532,8.67763,69663734.521016,0
HPQ.US,D,20120229,000000,8.69755,8.70399,8.3812,8.39253,117150868.7283,0
HPQ.US,D,20120301,000000,8.4057,8.50468,8.35143,8.37144,76040629.919503,0
HPQ.US,D,20120302,000000,8.36003,8.47706,8.34685,8.39253,68206850.711749,0
HPQ.US,D,20120305,000000,8.35055,8.36335,8.19575,8.29345,74550351.928331,0
HPQ.US,D,20120306,000000,8.14539,8.22103,7.96218,8.01264,97375768.565541,0
HPQ.US,D,20120307,000000,8.03959,8.12909,8.02005,8.07618,50608033.862225,0
HPQ.US,D,20120308,000000,8.09971,8.20268,8.06916,8.16999,42178637.480844,0
HPQ.US,D,20120309,000000,8.15554,8.18022,7.9696,8.01673,70653043.435105,0
HPQ.US,D,20120312,000000,7.98619,8.09307,7.97965,8.0101,49863707.822104,0
HPQ.US,D,20120313,000000,8.01673,8.21059,7.9653,8.18541,70038945.996001,0
HPQ.US,D,20120314,000000,8.09649,8.1778,8.05657,8.11025,65027263.561122,0
HPQ.US,D,20120315,000000,8.03959,8.19243,8.02192,8.12909,61353099.304603,0
HPQ.US,D,20120316,000000,8.06916,8.18022,8.06692,8.15905,62498907.524187,0
HPQ.US,D,20120319,000000,8.17341,8.19575,8.09971,8.11025,35307459.013285,0
HPQ.US,D,20120320,000000,8.10331,8.1207,7.98619,7.99058,72469967.648775,0
HPQ.US,D,20120321,000000,8.02856,8.04271,7.78385,7.81645,136600323.62319,0
HPQ.US,D,20120322,000000,7.7166,7.75623,7.63335,7.67316,102921249.74968,0
HPQ.US,D,20120323,000000,7.69347,7.87521,7.63686,7.87209,62102940.328041,0
HPQ.US,D,20120326,000000,7.94949,7.97301,7.847,7.95963,71590324.224031,0
HPQ.US,D,20120327,000000,7.98395,7.98619,7.86896,7.86896,55122923.157601,0
HPQ.US,D,20120328,000000,7.89688,7.933,7.81333,7.85608,61531825.539885,0
HPQ.US,D,20120329,000000,7.81001,7.86711,7.78716,7.83286,52058898.625053,0
HPQ.US,D,20120330,000000,7.87209,7.9696,7.847,7.93885,50731976.017465,0
HPQ.US,D,20120402,000000,7.95963,7.9942,7.89337,7.95631,41773696.526782,0
HPQ.US,D,20120403,000000,7.93885,8.01673,7.78053,7.81333,47587310.605891,0
HPQ.US,D,20120404,000000,7.73652,7.78951,7.71358,7.75379,46102784.261819,0
HPQ.US,D,20120405,000000,7.71358,7.78716,7.69025,7.70078,44219174.136195,0
HPQ.US,D,20120409,000000,7.62709,7.76999,7.61997,7.70967,48287973.714754,0
HPQ.US,D,20120410,000000,7.72012,7.86711,7.69669,7.75379,77579397.348789,0
HPQ.US,D,20120411,000000,7.83286,7.85608,7.74326,7.79946,49852407.382575,0
HPQ.US,D,20120412,000000,7.9942,8.37476,7.98395,8.36335,130278912.0509,0
HPQ.US,D,20120413,000000,8.30585,8.34685,8.10596,8.18541,73479490.313713,0
HPQ.US,D,20120416,000000,8.25617,8.26837,8.05256,8.09971,45422830.770782,0
HPQ.US,D,20120417,000000,8.13103,8.35222,8.11883,8.23635,47775041.334647,0
HPQ.US,D,20120418,000000,8.18374,8.35661,8.16999,8.30585,54333138.205215,0
HPQ.US,D,20120419,000000,8.28222,8.37848,8.15554,8.2349,54254652.913202,0
HPQ.US,D,20120420,000000,8.25207,8.30957,8.14539,8.16657,58963695.644077,0
HPQ.US,D,20120423,000000,8.08291,8.1531,8.01673,8.08643,50410334.568049,0
HPQ.US,D,20120424,000000,8.09307,8.16999,8.06916,8.14383,35911608.377338,0
HPQ.US,D,20120425,000000,8.20268,8.27873,8.12909,8.27247,53629075.743826,0
HPQ.US,D,20120426,000000,8.24602,8.31991,8.22777,8.28574,29596132.865494,0
HPQ.US,D,20120427,000000,8.29619,8.32694,8.21831,8.24602,26592117.457557,0
HPQ.US,D,20120430,000000,8.21831,8.26115,8.17341,8.24925,27759913.894106,0
HPQ.US,D,20120501,000000,8.23987,8.46193,8.23987,8.38462,46756495.7349,0
HPQ.US,D,20120502,000000,8.35055,8.41546,8.28574,8.41274,40846309.513423,0
HPQ.US,D,20120503,000000,8.41274,8.4389,8.14715,8.15719,44302329.183726,0
HPQ.US,D,20120504,000000,8.12322,8.19243,8.0635,8.08643,42113660.465819,0
HPQ.US,D,20120507,000000,8.05988,8.07276,7.92685,7.95202,39597933.66896,0
HPQ.US,D,20120508,000000,7.87521,7.89337,7.66292,7.76999,73848958.337748,0
HPQ.US,D,20120509,000000,7.69571,7.83978,7.6351,7.77311,42126485.388939,0
HPQ.US,D,20120510,000000,7.75935,7.86614,7.69571,7.83286,48372610.216098,0
HPQ.US,D,20120511,000000,7.7774,7.83286,7.70703,7.71358,48928432.015965,0
HPQ.US,D,20120514,000000,7.66292,7.72216,7.59683,7.65316,50487501.304695,0
HPQ.US,D,20120515,000000,7.65316,7.6798,7.45317,7.46331,48222159.668079,0
HPQ.US,D,20120516,000000,7.48342,7.58014,7.33291,7.33954,48803340.35092,0
HPQ.US,D,20120517,000000,7.33954,7.41958,7.26985,7.3499,37655614.532756,0
HPQ.US,D,20120518,000000,7.36726,7.39001,7.08957,7.15009,76715470.038493,0
HPQ.US,D,20120521,000000,7.13672,7.31954,7.13028,7.29377,48443062.258215,0
HPQ.US,D,20120522,000000,7.29377,7.30051,7.17664,7.25678,47401630.963259,0
HPQ.US,D,20120523,000000,7.04653,7.06341,6.85366,7.02369,161158323.03406,0
HPQ.US,D,20120524,000000,7.53671,7.54979,7.10343,7.25296,148899427.96826,0
HPQ.US,D,20120525,000000,7.15263,7.45062,7.12901,7.44067,70861021.723821,0
HPQ.US,D,20120529,000000,7.45716,7.61997,7.45716,7.59683,68363835.639033,0
HPQ.US,D,20120530,000000,7.517,7.59683,7.48039,7.57712,62685937.482258,0
HPQ.US,D,20120531,000000,7.60005,7.62349,7.44369,7.55671,65736755.970789,0
HPQ.US,D,20120601,000000,7.28664,7.32969,7.06185,7.07922,94068824.539372,0
HPQ.US,D,20120604,000000,7.09202,7.13886,6.95478,7.01852,54646490.2751,0
HPQ.US,D,20120605,000000,7.03199,7.24623,7.01852,7.22291,60587513.480199,0
HPQ.US,D,20120606,000000,7.23325,7.45062,7.22632,7.4475,34323505.25762,0
HPQ.US,D,20120607,000000,7.49757,7.58092,7.3332,7.3499,43011789.278631,0
HPQ.US,D,20120608,000000,7.37098,7.4475,7.31016,7.43383,34382051.36975,0
HPQ.US,D,20120611,000000,7.49366,7.51768,7.16551,7.17595,42963734.236379,0
HPQ.US,D,20120612,000000,7.19596,7.30724,7.16893,7.27337,33427368.108855,0
HPQ.US,D,20120613,000000,7.20924,7.2761,7.15263,7.19928,34481378.44248,0
HPQ.US,D,20120614,000000,7.19928,7.28664,7.16893,7.23647,32446643.635637,0
HPQ.US,D,20120615,000000,7.28323,7.37098,7.22973,7.25268,52061826.69905,0
HPQ.US,D,20120618,000000,7.20622,7.2436,7.02876,7.05503,63686468.972465,0
HPQ.US,D,20120619,000000,7.09514,7.1092,6.95478,6.9746,64796570.671792,0
HPQ.US,D,20120620,000000,6.98835,7.11251,6.92129,7.09202,51741238.454695,0
HPQ.US,D,20120621,000000,7.06507,7.0887,6.77752,6.80359,58604574.232808,0
HPQ.US,D,20120622,000000,6.83121,6.94482,6.79685,6.8275,48032208.807643,0
HPQ.US,D,20120625,000000,6.76386,6.79363,6.52531,6.55273,56606760.000694,0
HPQ.US,D,20120626,000000,6.55273,6.5995,6.44869,6.48949,63409611.277593,0
HPQ.US,D,20120627,000000,6.48949,6.56972,6.47904,6.53898,32448388.390717,0
HPQ.US,D,20120628,000000,6.47904,6.50247,6.40848,6.48949,47561687.397134,0
HPQ.US,D,20120629,000000,6.65278,6.75341,6.62312,6.74053,56230740.180578,0
HPQ.US,D,20120702,000000,6.74053,6.78358,6.66001,6.75673,44303792.196204,0
HPQ.US,D,20120703,000000,6.67631,6.8275,6.66323,6.82388,21901452.540303,0
HPQ.US,D,20120705,000000,6.79363,6.8478,6.74677,6.79685,31404986.946601,0
HPQ.US,D,20120706,000000,6.68665,6.7499,6.51877,6.55947,49332605.605639,0
HPQ.US,D,20120709,000000,6.54581,6.56289,6.45152,6.51242,37063823.935887,0
HPQ.US,D,20120710,000000,6.49593,6.56972,6.37509,6.40535,50114164.698644,0
HPQ.US,D,20120711,000000,6.40164,6.64634,6.38455,6.5995,73291883.551702,0
HPQ.US,D,20120712,000000,6.46851,6.53224,6.38143,6.48578,70162424.044342,0
HPQ.US,D,20120713,000000,6.43219,6.43541,6.29106,6.36133,91193521.44501,0
HPQ.US,D,20120716,000000,6.32453,6.40164,6.28764,6.30442,44377685.596109,0
HPQ.US,D,20120717,000000,6.35401,6.36826,6.20067,6.32453,61632203.76864,0
HPQ.US,D,20120718,000000,6.31126,6.53526,6.3013,6.46851,84470413.568894,0
HPQ.US,D,20120719,000000,6.45796,6.49271,6.37509,6.40164,45527274.289114,0
HPQ.US,D,20120720,000000,6.35791,6.38143,6.22458,6.23737,44193048.913353,0
HPQ.US,D,20120723,000000,6.16046,6.1833,6.03288,6.13322,51944719.107009,0
HPQ.US,D,20120724,000000,6.1136,6.13322,5.96973,6.02976,61987360.293148,0
HPQ.US,D,20120725,000000,6.05592,6.09691,5.94182,5.95959,51417079.763218,0
HPQ.US,D,20120726,000000,6.04966,6.09975,5.96583,6.03679,49727148.721008,0
HPQ.US,D,20120727,000000,6.08618,6.26391,6.02273,6.22458,55228227.271509,0
HPQ.US,D,20120730,000000,6.1833,6.24782,6.09301,6.12005,37303394.278391,0
HPQ.US,D,20120731,000000,6.08032,6.17686,6.03288,6.1136,48027626.1362,0
HPQ.US,D,20120801,000000,6.13713,6.1833,5.90249,5.91898,86001935.603045,0
HPQ.US,D,20120802,000000,5.90249,6.09301,5.83533,5.88248,92969711.825935,0
HPQ.US,D,20120803,000000,5.97617,6.14396,5.93918,6.12005,56655524.009778,0
HPQ.US,D,20120806,000000,6.12971,6.30784,6.11028,6.26391,45702300.987937,0
HPQ.US,D,20120807,000000,6.22097,6.38455,6.20389,6.35401,58687830.707674,0
HPQ.US,D,20120808,000000,6.52843,6.6194,6.44869,6.50569,134234108.91536,0
HPQ.US,D,20120809,000000,6.50247,6.55645,6.38837,6.50569,60246038.376311,0
HPQ.US,D,20120810,000000,6.46851,6.61286,6.46167,6.60232,54216014.220877,0
HPQ.US,D,20120813,000000,6.5995,6.72686,6.52843,6.57626,41364332.72617,0
HPQ.US,D,20120814,000000,6.62312,6.65678,6.45796,6.48949,53936288.898604,0
HPQ.US,D,20120815,000000,6.46538,6.50247,6.42868,6.46538,32786711.051047,0
HPQ.US,D,20120816,000000,6.51242,6.56972,6.44205,6.5423,53213064.866909,0
HPQ.US,D,20120817,000000,6.5423,6.54581,6.45522,6.5423,43640096.789924,0
HPQ.US,D,20120820,000000,6.55273,6.74677,6.49925,6.7337,53449240.979481,0
HPQ.US,D,20120821,000000,6.77752,6.79041,6.62312,6.67963,62725011.594964,0
HPQ.US,D,20120822,000000,6.52189,6.57929,6.40164,6.43541,113261306.61978,0
HPQ.US,D,20120823,000000,6.04966,6.10686,5.8854,5.91263,217186151.17012,0
HPQ.US,D,20120824,000000,5.91556,5.94543,5.86529,5.89243,65987165.719476,0
HPQ.US,D,20120827,000000,5.91556,5.94543,5.75187,5.76828,81278354.954046,0
HPQ.US,D,20120828,000000,5.74133,5.79179,5.63494,5.66441,102242492.89631,0
HPQ.US,D,20120829,000000,5.65076,5.72797,5.63787,5.6774,70167223.913714,0
HPQ.US,D,20120830,000000,5.65338,5.69438,5.61981,5.62333,47204283.078943,0
HPQ.US,D,20120831,000000,5.65739,5.73156,5.63094,5.65739,58442093.788059,0
HPQ.US,D,20120904,000000,5.63787,5.72474,5.63494,5.69467,50906668.723243,0
HPQ.US,D,20120905,000000,5.67427,5.80849,5.64451,5.78769,62648035.418766,0
HPQ.US,D,20120906,000000,5.82243,5.94943,5.77501,5.89594,69009540.499701,0
HPQ.US,D,20120907,000000,5.80155,5.86168,5.73801,5.83815,49996303.060957,0
HPQ.US,D,20120910,000000,5.8729,5.96797,5.85573,5.88677,57861233.779524,0
HPQ.US,D,20120911,000000,5.92356,6.069,5.9101,6.06196,54704527.201516,0
HPQ.US,D,20120912,000000,6.08891,6.14689,6.05221,6.07612,71126659.916131,0
HPQ.US,D,20120913,000000,6.08891,6.19012,6.02497,6.16046,64984342.381289,0
HPQ.US,D,20120914,000000,6.17686,6.26821,6.11624,6.13634,82705357.655493,0
HPQ.US,D,20120917,000000,6.16046,6.1833,6.08891,6.15031,48700493.032477,0
HPQ.US,D,20120918,000000,6.10257,6.17314,6.09214,6.16387,49993662.876671,0
HPQ.US,D,20120919,000000,6.22126,6.23444,6.08891,6.11331,56303509.68364,0
HPQ.US,D,20120920,000000,6.05864,6.069,5.91332,5.99813,58013897.287594,0
HPQ.US,D,20120921,000000,6.05221,6.05864,5.8936,5.94025,60942987.605456,0
HPQ.US,D,20120924,000000,5.89711,5.89711,5.78507,5.81258,47127200.352816,0
HPQ.US,D,20120925,000000,5.8161,5.83249,5.64021,5.64372,83111566.96351,0
HPQ.US,D,20120926,000000,5.63719,5.82575,5.4816,5.77843,109988847.88776,0
HPQ.US,D,20120927,000000,5.67691,5.84596,5.6568,5.81941,85678293.268913,0
HPQ.US,D,20120928,000000,5.79892,5.84918,5.72797,5.76164,67244353.447927,0
HPQ.US,D,20121001,000000,5.80926,5.9507,5.79198,5.81258,64454375.331369,0
HPQ.US,D,20121002,000000,5.8526,5.8936,5.72073,5.78507,57904384.451512,0
HPQ.US,D,20121003,000000,5.81941,5.85972,5.01514,5.03544,417475220.24597,0
HPQ.US,D,20121004,000000,4.96477,5.05866,4.80909,5.04529,267675755.81139,0
HPQ.US,D,20121005,000000,5.03544,5.10669,4.95452,4.97493,120347909.57683,0
HPQ.US,D,20121008,000000,4.92055,5.00538,4.86599,4.88376,97152588.470685,0
HPQ.US,D,20121009,000000,4.86287,4.8939,4.78195,4.85302,87749722.231888,0
HPQ.US,D,20121010,000000,4.82666,4.86287,4.7351,4.78878,114769928.61546,0
HPQ.US,D,20121011,000000,4.80206,4.88044,4.77531,4.81241,107189243.39498,0
HPQ.US,D,20121012,000000,4.81241,4.89732,4.81241,4.86599,75075360.308504,0
HPQ.US,D,20121015,000000,4.87615,4.89732,4.81241,4.88688,79746503.024924,0
HPQ.US,D,20121016,000000,4.90104,4.99181,4.89732,4.92055,70572951.698017,0
HPQ.US,D,20121017,000000,4.9307,4.97493,4.83993,4.97111,53126293.268922,0
HPQ.US,D,20121018,000000,4.97493,5.01514,4.9307,4.99845,65652813.068498,0
HPQ.US,D,20121019,000000,4.99181,4.99845,4.88376,4.89049,61671460.245645,0
HPQ.US,D,20121022,000000,4.86599,4.97111,4.82969,4.96819,51786611.307401,0
HPQ.US,D,20121023,000000,4.88044,4.89049,4.81241,4.81631,56339260.258192,0
HPQ.US,D,20121024,000000,4.84364,4.8497,4.73822,4.74184,54202000.856248,0
HPQ.US,D,20121025,000000,4.77863,4.85644,4.74887,4.7925,63590119.150621,0
HPQ.US,D,20121026,000000,4.77531,4.8332,4.70787,4.75873,57057824.779555,0
HPQ.US,D,20121031,000000,4.78878,4.80567,4.66062,4.6779,57584505.173989,0
HPQ.US,D,20121101,000000,4.68718,4.76195,4.66062,4.72837,74014601.471237,0
HPQ.US,D,20121102,000000,4.76887,4.79512,4.62023,4.64677,96316069.080448,0
HPQ.US,D,20121105,000000,4.62023,4.74526,4.62023,4.73168,42421398.174092,0
HPQ.US,D,20121106,000000,4.7351,4.89049,4.7351,4.86287,67309257.722135,0
HPQ.US,D,20121107,000000,4.83671,4.84638,4.62315,4.62315,80072763.003932,0
HPQ.US,D,20121108,000000,4.65399,4.6907,4.6333,4.66795,57227155.15528,0
HPQ.US,D,20121109,000000,4.66062,4.69761,4.59337,4.59631,62425705.674301,0
HPQ.US,D,20121112,000000,4.60646,4.6333,4.49577,4.52856,55377657.399058,0
HPQ.US,D,20121113,000000,4.50593,4.52524,4.41486,4.43799,78191398.622954,0
HPQ.US,D,20121114,000000,4.44424,4.51197,4.41758,4.43799,74448798.576808,0
HPQ.US,D,20121115,000000,4.43418,4.48201,4.36694,4.41758,72766370.083888,0
HPQ.US,D,20121116,000000,4.41758,4.42394,4.17416,4.3396,103627313.09579,0
HPQ.US,D,20121119,000000,4.3802,4.52524,4.37053,4.49187,96586413.910941,0
HPQ.US,D,20121120,000000,3.9318,4.07274,3.83312,3.95484,458095460.52225,0
HPQ.US,D,20121121,000000,3.93414,4.10944,3.90076,4.03243,191990112.34631,0
HPQ.US,D,20121123,000000,4.05585,4.21808,4.05585,4.2009,77748164.239315,0
HPQ.US,D,20121126,000000,4.18763,4.35629,4.14428,4.3032,120709568.72053,0
HPQ.US,D,20121127,000000,4.30632,4.33004,4.16127,4.17416,92913412.482968,0
HPQ.US,D,20121128,000000,4.18128,4.31638,4.12681,4.29939,98316485.58966,0
HPQ.US,D,20121129,000000,4.3195,4.42072,4.31638,4.35258,92792157.639866,0
HPQ.US,D,20121130,000000,4.36332,4.40051,4.30954,4.38704,69952924.345588,0
HPQ.US,D,20121203,000000,4.44774,4.50593,4.33004,4.34623,75268318.130864,0
HPQ.US,D,20121204,000000,4.39046,4.58626,4.3603,4.56937,108290879.49759,0
HPQ.US,D,20121205,000000,4.56312,4.79512,4.54193,4.66795,164499596.62757,0
HPQ.US,D,20121206,000000,4.69411,4.74184,4.60646,4.67127,92019780.282041,0
HPQ.US,D,20121207,000000,4.69411,4.74526,4.6333,4.70787,74781589.861527,0
HPQ.US,D,20121210,000000,4.72213,4.97493,4.67527,4.82822,150427383.65336,0
HPQ.US,D,20121211,000000,4.87526,4.93354,4.80752,4.8612,93756771.558997,0
HPQ.US,D,20121212,000000,4.89645,5.00538,4.88239,4.95432,97663488.206003,0
HPQ.US,D,20121213,000000,4.96779,5.04949,4.89645,4.94369,77137557.334888,0
HPQ.US,D,20121214,000000,4.94369,5.0289,4.90318,5.0289,76471216.62173,0
HPQ.US,D,20121217,000000,5.01885,5.05632,4.80752,4.84521,90547817.60886,0
HPQ.US,D,20121218,000000,4.83174,4.98439,4.78634,4.95432,110985272.08314,0
HPQ.US,D,20121219,000000,4.97082,4.99181,4.86502,4.90318,70154455.339115,0
HPQ.US,D,20121220,000000,4.90972,4.93032,4.8248,4.91977,51007054.123628,0
HPQ.US,D,20121221,000000,4.84813,4.88951,4.79015,4.88951,77480659.374222,0
HPQ.US,D,20121224,000000,4.87185,4.87185,4.74281,4.77678,27731526.534321,0
HPQ.US,D,20121226,000000,4.80021,4.8859,4.79015,4.81436,44318339.334995,0
HPQ.US,D,20121227,000000,4.81806,4.83827,4.72924,4.78634,47160882.42443,0
HPQ.US,D,20121228,000000,4.7391,4.74985,4.64677,4.66473,53376202.028042,0
HPQ.US,D,20121231,000000,4.65399,4.87526,4.63749,4.85808,83431324.323327,0
HPQ.US,D,20130102,000000,5.05632,5.28121,5.02587,5.12113,145961240.95025,0
HPQ.US,D,20130103,000000,5.16213,5.35988,5.08678,5.16213,125763603.72745,0
HPQ.US,D,20130104,000000,5.20283,5.24451,5.13782,5.16213,64568852.98431,0
HPQ.US,D,20130107,000000,5.17893,5.27439,5.16555,5.17249,56284951.554755,0
HPQ.US,D,20130108,000000,5.196,5.27107,5.05945,5.24724,96474615.373991,0
HPQ.US,D,20130109,000000,5.32914,5.42762,5.30191,5.40411,100810013.11873,0
HPQ.US,D,20130110,000000,5.45876,5.57129,5.35285,5.55071,106515003.64385,0
HPQ.US,D,20130111,000000,5.61883,5.70434,5.40411,5.5099,114791038.82004,0
HPQ.US,D,20130114,000000,5.60829,5.90599,5.58116,5.77911,182079655.56708,0
HPQ.US,D,20130115,000000,5.73498,5.74875,5.58506,5.6365,114205749.81785,0
HPQ.US,D,20130116,000000,5.62587,5.90599,5.62255,5.86793,137818565.30374,0
HPQ.US,D,20130117,000000,5.88178,5.94972,5.80995,5.83376,84183215.408369,0
HPQ.US,D,20130118,000000,5.76183,5.85397,5.74875,5.83376,69063611.514837,0
HPQ.US,D,20130122,000000,5.86421,5.92571,5.7996,5.88178,81770470.141881,0
HPQ.US,D,20130123,000000,5.90863,5.94591,5.76583,5.7996,58865448.413893,0
HPQ.US,D,20130124,000000,5.78272,5.89887,5.73801,5.7996,50043526.194152,0
HPQ.US,D,20130125,000000,5.82655,5.87457,5.77569,5.79277,45253104.9309,0
HPQ.US,D,20130128,000000,5.80312,5.85397,5.76183,5.80312,46702903.169923,0
HPQ.US,D,20130129,000000,5.75187,5.76865,5.55764,5.61883,91998158.842713,0
HPQ.US,D,20130130,000000,5.64636,5.64949,5.55071,5.5918,60132541.187616,0
HPQ.US,D,20130131,000000,5.58506,5.68354,5.5099,5.62938,60146385.506685,0
HPQ.US,D,20130201,000000,5.68354,5.71175,5.59824,5.6119,49138092.56413,0
HPQ.US,D,20130204,000000,5.56116,5.69409,5.50678,5.51644,48574669.861192,0
HPQ.US,D,20130205,000000,5.47936,5.70815,5.4656,5.66344,68194249.133671,0
HPQ.US,D,20130206,000000,5.80312,5.81717,5.65974,5.69028,67644986.301516,0
HPQ.US,D,20130207,000000,5.67349,5.68354,5.54729,5.60516,47777946.869234,0
HPQ.US,D,20130208,000000,5.60829,5.75851,5.59824,5.75187,43934789.30359,0
HPQ.US,D,20130211,000000,5.74875,5.77569,5.68696,5.73801,32654341.206274,0
HPQ.US,D,20130212,000000,5.74172,5.87105,5.70815,5.83034,43719228.553136,0
HPQ.US,D,20130213,000000,5.81717,5.85075,5.75187,5.7996,33715972.93334,0
HPQ.US,D,20130214,000000,5.80693,5.83718,5.72113,5.80693,41836367.350566,0
HPQ.US,D,20130215,000000,5.83376,5.8404,5.70122,5.72474,44950370.97119,0
HPQ.US,D,20130219,000000,5.74543,5.84694,5.71175,5.75851,51171345.917159,0
HPQ.US,D,20130220,000000,5.7996,5.85397,5.67349,5.69409,52834942.734744,0
HPQ.US,D,20130221,000000,5.66344,5.86099,5.64949,5.83034,110728659.89919,0
HPQ.US,D,20130222,000000,6.20838,6.76132,6.17412,6.54619,390809220.65822,0
HPQ.US,D,20130225,000000,6.54961,6.6315,6.48871,6.50208,121669319.25013,0
HPQ.US,D,20130226,000000,6.52189,6.79158,6.49563,6.74756,114271248.3128,0
HPQ.US,D,20130227,000000,6.76132,6.76806,6.68636,6.74092,86550011.018209,0
HPQ.US,D,20130228,000000,6.71008,6.90802,6.70335,6.86654,79713475.620659,0
HPQ.US,D,20130301,000000,6.83599,6.9414,6.77186,6.87006,59649147.726134,0
HPQ.US,D,20130304,000000,6.84341,6.86654,6.74756,6.80886,56288005.644531,0
HPQ.US,D,20130305,000000,6.84653,7.02037,6.8396,6.94522,54302149.592849,0
HPQ.US,D,20130306,000000,7.01032,7.27269,6.98933,7.13584,98870924.289495,0
HPQ.US,D,20130307,000000,7.13584,7.20085,7.07835,7.1092,52517581.723799,0
HPQ.US,D,20130308,000000,7.20085,7.2149,7.11905,7.16024,56694351.213514,0
HPQ.US,D,20130311,000000,7.14033,7.22261,7.12646,7.21577,42907625.453861,0
HPQ.US,D,20130312,000000,7.20514,7.35975,7.18503,7.34209,51534006.015476,0
HPQ.US,D,20130313,000000,7.33515,7.33887,7.22583,7.31543,40387585.433937,0
HPQ.US,D,20130314,000000,7.31543,7.52812,7.30215,7.52451,70787610.872153,0
HPQ.US,D,20130315,000000,7.53486,7.60982,7.45911,7.60982,92703405.647536,0
HPQ.US,D,20130318,000000,7.63422,7.86067,7.61676,7.83286,114569671.09849,0
HPQ.US,D,20130319,000000,7.82729,7.93885,7.7653,7.92889,98726239.731836,0
HPQ.US,D,20130320,000000,7.93622,8.09044,7.8511,7.86437,103550764.14382,0
HPQ.US,D,20130321,000000,7.80191,7.90927,7.64116,7.65794,106187786.76452,0
HPQ.US,D,20130322,000000,7.65794,7.93885,7.65794,7.90567,81404741.610528,0
HPQ.US,D,20130325,000000,7.91904,8.04192,7.86067,7.92596,86224649.541964,0
HPQ.US,D,20130326,000000,7.953,8.13426,7.92596,8.1121,79667016.778295,0
HPQ.US,D,20130327,000000,8.03548,8.15486,8.00239,8.09044,69872635.90094,0
HPQ.US,D,20130328,000000,8.0635,8.21147,8.02777,8.18022,71064930.624887,0
HPQ.US,D,20130401,000000,8.14197,8.25109,7.98131,7.99898,73560439.572821,0
HPQ.US,D,20130402,000000,7.66779,7.71358,7.48664,7.58259,141407823.61054,0
HPQ.US,D,20130403,000000,7.51738,7.70001,7.49328,7.51738,87809587.923902,0
HPQ.US,D,20130404,000000,7.50724,7.66126,7.47658,7.65189,60032171.155009,0
HPQ.US,D,20130405,000000,7.54501,7.57947,7.47658,7.53817,55014289.358429,0
HPQ.US,D,20130408,000000,7.5658,7.6311,7.43197,7.52451,44439478.407501,0
HPQ.US,D,20130409,000000,7.54178,7.65794,7.51064,7.62407,48055117.042261,0
HPQ.US,D,20130410,000000,7.60669,7.70313,7.60669,7.65794,46415032.925235,0
HPQ.US,D,20130411,000000,7.20202,7.29836,7.07171,7.16385,139077246.78024,0
HPQ.US,D,20130412,000000,7.12978,7.18503,7.0887,7.17117,57002826.575137,0
HPQ.US,D,20130415,000000,7.12646,7.25678,7.09563,7.09563,46400967.31016,0
HPQ.US,D,20130416,000000,7.12978,7.25296,7.09202,7.21577,40580822.949858,0
HPQ.US,D,20130417,000000,7.16092,7.17117,7.00993,7.0309,45738758.480284,0
HPQ.US,D,20130418,000000,7.04419,7.06117,6.88265,6.93429,54448606.567586,0
HPQ.US,D,20130419,000000,6.7214,6.83794,6.54307,6.71135,82858389.990238,0
HPQ.US,D,20130422,000000,6.75605,6.79353,6.62575,6.78036,66605752.598834,0
HPQ.US,D,20130423,000000,6.77674,6.86254,6.70813,6.74238,58334167.931201,0
HPQ.US,D,20130424,000000,6.701,6.98231,6.68753,6.80719,75141310.616144,0
HPQ.US,D,20130425,000000,6.83179,6.86254,6.71799,6.7214,65591086.850811,0
HPQ.US,D,20130426,000000,6.74844,6.98231,6.71135,6.85209,79254682.898428,0
HPQ.US,D,20130429,000000,6.87582,7.07171,6.83462,7.03364,46395383.684102,0
HPQ.US,D,20130430,000000,7.05034,7.10246,6.94443,7.0681,43975056.980398,0
HPQ.US,D,20130501,000000,7.02721,7.06117,6.91408,6.98231,44093925.719813,0
HPQ.US,D,20130502,000000,7.00993,7.07542,6.96552,7.01665,27416355.944022,0
HPQ.US,D,20130503,000000,7.07884,7.18503,7.06117,7.07884,31857069.072376,0
HPQ.US,D,20130506,000000,7.0887,7.13672,7.05034,7.08186,22143262.480342,0
HPQ.US,D,20130507,000000,7.1129,7.1577,7.01997,7.03364,39145774.704296,0
HPQ.US,D,20130508,000000,7.02369,7.22973,7.01305,7.22973,37438614.333751,0
HPQ.US,D,20130509,000000,7.21959,7.43852,7.20514,7.26614,45142724.327611,0
HPQ.US,D,20130510,000000,7.30215,7.42486,7.27024,7.3903,37125328.85757,0
HPQ.US,D,20130513,000000,7.35975,7.38717,7.27376,7.32539,24451459.727605,0
HPQ.US,D,20130514,000000,7.31847,7.44925,7.22973,7.38415,53905584.077876,0
HPQ.US,D,20130515,000000,7.35272,7.35663,7.12646,7.19509,61360276.056996,0
HPQ.US,D,20130516,000000,7.17429,7.3903,7.17429,7.32833,50716896.129033,0
HPQ.US,D,20130517,000000,7.33515,7.3741,7.22583,7.29836,42636117.79482,0
HPQ.US,D,20130520,000000,7.28791,7.32833,7.21577,7.26614,32834719.989965,0
HPQ.US,D,20130521,000000,7.2843,7.33193,7.21959,7.2436,31859244.125242,0
HPQ.US,D,20130522,000000,7.26342,7.3943,7.2436,7.2843,101924381.93779,0
HPQ.US,D,20130523,000000,7.96315,8.56021,7.85696,8.52878,255504045.22452,0
HPQ.US,D,20130524,000000,8.43333,8.50371,8.28887,8.30682,85432930.298568,0
HPQ.US,D,20130528,000000,8.38462,8.47539,8.30682,8.45656,57275989.856144,0
HPQ.US,D,20130529,000000,8.38462,8.69482,8.37389,8.65851,65604908.630472,0
HPQ.US,D,20130530,000000,8.63986,8.73883,8.59477,8.66573,69090419.06703,0
HPQ.US,D,20130531,000000,8.63001,8.69482,8.37144,8.3775,65191921.107774,0
HPQ.US,D,20130603,000000,8.39253,8.59837,8.36246,8.54216,60284675.019599,0
HPQ.US,D,20130604,000000,8.52088,8.6463,8.3775,8.44591,49469451.571925,0
HPQ.US,D,20130605,000000,8.42239,8.46007,8.27432,8.29883,46246657.400791,0
HPQ.US,D,20130606,000000,8.30283,8.42952,8.13426,8.32078,44153170.55359,0
HPQ.US,D,20130607,000000,8.3488,8.51434,8.3243,8.51434,37435313.335006,0
HPQ.US,D,20130610,000000,8.51249,8.56637,8.40121,8.45217,41040332.835069,0
HPQ.US,D,20130611,000000,8.37476,8.49999,8.31552,8.36617,36246518.366402,0
HPQ.US,D,20130612,000000,8.52088,8.79759,8.52088,8.59653,64296966.253408,0
HPQ.US,D,20130613,000000,8.55212,8.72487,8.49198,8.60571,39748920.040176,0
HPQ.US,D,20130614,000000,8.60571,8.65851,8.47344,8.53767,28247765.035766,0
HPQ.US,D,20130617,000000,8.58667,8.74342,8.57593,8.68222,38366837.35424,0
HPQ.US,D,20130618,000000,8.68574,8.81594,8.67129,8.78023,33303968.948443,0
HPQ.US,D,20130619,000000,8.7692,8.92937,8.73328,8.77651,50208096.656727,0
HPQ.US,D,20130620,000000,8.84386,8.84386,8.48135,8.53064,51613317.069433,0
HPQ.US,D,20130621,000000,8.6093,8.6463,8.32167,8.3365,68513688.89274,0
HPQ.US,D,20130624,000000,8.26115,8.28222,8.00503,8.08643,46345038.842906,0
HPQ.US,D,20130625,000000,8.18638,8.37848,8.18374,8.23313,41836234.163156,0
HPQ.US,D,20130626,000000,8.34968,8.45831,8.2548,8.28653,41988870.009227,0
HPQ.US,D,20130627,000000,8.32167,8.54851,8.31552,8.54851,44985551.913433,0
HPQ.US,D,20130628,000000,8.51805,8.6463,8.4956,8.60571,45781725.763453,0
HPQ.US,D,20130701,000000,8.61292,8.66134,8.55924,8.60571,28920203.683293,0
HPQ.US,D,20130702,000000,8.58959,8.70047,8.55455,8.63537,29828232.418783,0
HPQ.US,D,20130703,000000,8.58667,8.72146,8.54479,8.69043,21691475.415908,0
HPQ.US,D,20130705,000000,8.72956,8.88652,8.69755,8.82717,37107969.41538,0
HPQ.US,D,20130708,000000,8.87451,8.92937,8.66485,8.68574,32293915.582899,0
HPQ.US,D,20130709,000000,8.81594,8.84386,8.72487,8.79125,28512430.959978,0
HPQ.US,D,20130710,000000,8.99944,9.21731,8.86973,8.9528,96239018.114395,0
HPQ.US,D,20130711,000000,9.0548,9.16166,8.96968,9.10409,58357814.843688,0
HPQ.US,D,20130712,000000,9.10691,9.14722,9.00511,9.03956,32865623.567291,0
HPQ.US,D,20130715,000000,9.0869,9.12507,9.00872,9.10409,23963802.21995,0
HPQ.US,D,20130716,000000,9.11364,9.15395,9.03956,9.12995,31518254.643144,0
HPQ.US,D,20130717,000000,9.07002,9.1443,8.98432,9.08036,48104401.506765,0
HPQ.US,D,20130718,000000,9.05772,9.12125,8.9528,9.0869,30970946.592368,0
HPQ.US,D,20130719,000000,8.98335,9.00872,8.64933,8.67491,72119419.408671,0
HPQ.US,D,20130722,000000,8.71492,8.86699,8.67851,8.80511,41234773.135761,0
HPQ.US,D,20130723,000000,8.84386,8.98432,8.84386,8.8792,32465140.293409,0
HPQ.US,D,20130724,000000,8.91345,9.022,8.89413,9.00872,32632281.273009,0
HPQ.US,D,20130725,000000,8.98432,9.07002,8.89852,9.05772,31731404.701466,0
HPQ.US,D,20130726,000000,8.97583,8.98802,8.89315,8.96968,21608151.322818,0
HPQ.US,D,20130729,000000,8.96128,9.03956,8.84015,8.85957,26260735.910353,0
HPQ.US,D,20130730,000000,8.89315,8.98802,8.85957,8.89413,37991065.467612,0
HPQ.US,D,20130731,000000,8.90223,9.03576,8.82717,8.86349,52308258.242234,0
HPQ.US,D,20130801,000000,8.89852,9.09735,8.86973,9.0548,27594938.746706,0
HPQ.US,D,20130802,000000,9.06709,9.58889,9.05772,9.31852,87438916.090579,0
HPQ.US,D,20130805,000000,9.23381,9.37025,9.23381,9.3273,25010713.664591,0
HPQ.US,D,20130806,000000,9.34878,9.35952,9.11364,9.12507,31561781.313436,0
HPQ.US,D,20130807,000000,9.09735,9.21731,9.0548,9.20861,23268376.449877,0
HPQ.US,D,20130808,000000,9.28729,9.2951,9.13278,9.27362,28858372.964713,0
HPQ.US,D,20130809,000000,9.22511,9.35269,9.14722,9.24063,32306736.407943,0
HPQ.US,D,20130812,000000,9.20305,9.26289,9.15103,9.22892,25341848.302826,0
HPQ.US,D,20130813,000000,9.32438,9.51959,9.30973,9.42296,52140983.050707,0
HPQ.US,D,20130814,000000,9.41223,9.4298,9.30291,9.38198,30101642.608759,0
HPQ.US,D,20130815,000000,9.23673,9.26289,8.91345,8.95748,43624482.102812,0
HPQ.US,D,20130816,000000,8.95748,9.17036,8.94908,9.11755,43718117.975036,0
HPQ.US,D,20130819,000000,9.07753,9.15787,8.90604,8.93229,34159670.399358,0
HPQ.US,D,20130820,000000,8.92937,8.98041,8.82355,8.91814,30963213.526406,0
HPQ.US,D,20130821,000000,8.9528,8.98432,8.71043,8.75904,73917113.409292,0
HPQ.US,D,20130822,000000,8.00825,8.02192,7.52734,7.66848,196102875.04006,0
HPQ.US,D,20130823,000000,7.66848,7.74802,7.61676,7.73016,63943906.918356,0
HPQ.US,D,20130826,000000,7.71748,7.81421,7.67902,7.68616,50593271.574542,0
HPQ.US,D,20130827,000000,7.61373,7.72362,7.56512,7.58883,48433480.960803,0
HPQ.US,D,20130828,000000,7.60328,7.81724,7.60005,7.80338,53234494.72127,0
HPQ.US,D,20130829,000000,7.77653,7.83187,7.72109,7.77311,32415323.079264,0
HPQ.US,D,20130830,000000,7.78219,7.79527,7.70313,7.75047,34950209.397393,0
HPQ.US,D,20130903,000000,7.76101,7.83286,7.69845,7.72168,39785900.03698,0
HPQ.US,D,20130904,000000,7.71826,7.80484,7.68781,7.68781,40181432.837262,0
HPQ.US,D,20130905,000000,7.68781,7.68781,7.59683,7.6351,44155731.849948,0
HPQ.US,D,20130906,000000,7.69112,7.7943,7.61109,7.73572,41236210.535276,0
HPQ.US,D,20130909,000000,7.73572,7.79781,7.72529,7.76736,30356292.839696,0
HPQ.US,D,20130910,000000,7.66614,7.78873,7.61109,7.73572,49951647.371228,0
HPQ.US,D,20130911,000000,7.74969,7.77155,7.70518,7.73572,32524327.754149,0
HPQ.US,D,20130912,000000,7.71221,7.74628,7.57625,7.62866,57254447.304742,0
HPQ.US,D,20130913,000000,7.62866,7.68781,7.54178,7.66614,37057626.623221,0
HPQ.US,D,20130916,000000,7.74326,7.76101,7.53486,7.55232,42819532.226954,0
HPQ.US,D,20130917,000000,7.58326,7.64271,7.44828,7.52773,44277499.97684,0
HPQ.US,D,20130918,000000,7.4758,7.62162,7.4758,7.57303,37757134.075168,0
HPQ.US,D,20130919,000000,7.61109,7.63188,7.38854,7.4028,49019480.978868,0
HPQ.US,D,20130920,000000,7.44105,7.50323,7.37215,7.37215,81132480.930359,0
HPQ.US,D,20130923,000000,7.36824,7.4271,7.28088,7.36482,40375940.756178,0
HPQ.US,D,20130924,000000,7.37869,7.45863,7.30265,7.37869,37569126.726406,0
HPQ.US,D,20130925,000000,7.38854,7.44105,7.30265,7.43383,49771457.098949,0
HPQ.US,D,20130926,000000,7.38854,7.49971,7.37869,7.39909,30066519.039555,0
HPQ.US,D,20130927,000000,7.37215,7.45101,7.32246,7.35389,28913786.099139,0
HPQ.US,D,20130930,000000,7.31261,7.3616,7.27024,7.32969,39089302.217695,0
HPQ.US,D,20131001,000000,7.27718,7.40612,7.27718,7.4028,29515698.939214,0
HPQ.US,D,20131002,000000,7.39909,7.51017,7.36482,7.43383,46716692.164992,0
HPQ.US,D,20131003,000000,7.43042,7.44105,7.22554,7.26654,36675150.287249,0
HPQ.US,D,20131004,000000,7.27396,7.4028,7.25296,7.38513,29076358.750556,0
HPQ.US,D,20131007,000000,7.29542,7.36122,7.23608,7.27063,40262760.143713,0
HPQ.US,D,20131008,000000,7.25678,7.27396,7.03423,7.20806,51119650.760524,0
HPQ.US,D,20131009,000000,7.2151,7.90665,7.06576,7.8511,161108520.16318,0
HPQ.US,D,20131010,000000,7.9942,8.16657,7.66292,7.75379,97871652.957095,0
HPQ.US,D,20131011,000000,7.77809,7.99058,7.72861,7.9207,52246693.898477,0
HPQ.US,D,20131014,000000,7.85783,7.98619,7.78132,7.95467,31697097.673539,0
HPQ.US,D,20131015,000000,7.94461,7.97634,7.85413,7.91738,38725833.774247,0
HPQ.US,D,20131016,000000,7.9653,8.1121,7.92353,8.08712,50085027.391286,0
HPQ.US,D,20131017,000000,8.03451,8.13944,7.97965,8.12489,28230594.104988,0
HPQ.US,D,20131018,000000,8.17526,8.20971,8.06916,8.15554,41338932.862456,0
HPQ.US,D,20131021,000000,8.17096,8.26027,8.14539,8.18121,27095953.137523,0
HPQ.US,D,20131022,000000,8.18999,8.47247,8.15905,8.35475,47076243.87405,0
HPQ.US,D,20131023,000000,8.28047,8.32782,8.20971,8.25304,26326052.041016,0
HPQ.US,D,20131024,000000,8.26027,8.35143,8.25022,8.29443,26075407.677582,0
HPQ.US,D,20131025,000000,8.3652,8.37144,8.26681,8.33845,24067021.438624,0
HPQ.US,D,20131028,000000,8.33455,8.36881,8.24074,8.28828,35613226.572398,0
HPQ.US,D,20131029,000000,8.32333,8.37144,8.21303,8.28047,32492883.231032,0
HPQ.US,D,20131030,000000,8.28828,8.44055,8.28828,8.40658,33437842.786437,0
HPQ.US,D,20131031,000000,8.42239,8.57955,8.41274,8.51152,39528018.474558,0
HPQ.US,D,20131101,000000,8.51249,9.08426,8.51249,9.00316,98388258.23618,0
HPQ.US,D,20131104,000000,9.00872,9.00872,8.85675,8.95474,43502295.972354,0
HPQ.US,D,20131105,000000,8.93229,8.93229,8.73698,8.84953,37696942.586256,0
HPQ.US,D,20131106,000000,8.88193,8.94439,8.83371,8.89315,36393406.663446,0
HPQ.US,D,20131107,000000,8.91248,9.12995,8.90126,8.92468,42711592.026834,0
HPQ.US,D,20131108,000000,8.88467,9.01262,8.85957,9.00872,43519601.115062,0
HPQ.US,D,20131111,000000,8.97953,9.23868,8.95181,9.15493,35213078.316081,0
HPQ.US,D,20131112,000000,9.09735,9.23868,9.0869,9.10691,28605130.422254,0
HPQ.US,D,20131113,000000,9.08133,9.20764,9.05098,9.2011,26754798.707939,0
HPQ.US,D,20131114,000000,8.94811,9.00872,8.63001,8.70858,75973014.76923,0
HPQ.US,D,20131115,000000,8.73698,8.79409,8.64357,8.75718,55597734.227248,0
HPQ.US,D,20131118,000000,8.79759,8.81507,8.66847,8.68398,33372559.440368,0
HPQ.US,D,20131119,000000,8.76461,8.81507,8.6463,8.6795,37489669.166296,0
HPQ.US,D,20131120,000000,8.67226,8.77369,8.60571,8.66221,50975419.040062,0
HPQ.US,D,20131121,000000,8.75533,8.76822,8.67226,8.69482,32430485.953697,0
HPQ.US,D,20131122,000000,8.68398,8.80316,8.63625,8.77369,30936126.280652,0
HPQ.US,D,20131125,000000,8.79945,8.85675,8.74069,8.79759,40173761.242413,0
HPQ.US,D,20131126,000000,8.75718,8.84192,8.71589,8.71589,73232965.53934,0
HPQ.US,D,20131127,000000,9.31754,9.61427,8.71589,9.50397,150230636.13691,0
HPQ.US,D,20131129,000000,9.44248,9.61623,9.43174,9.54986,34328534.619147,0
HPQ.US,D,20131202,000000,9.46201,9.55083,9.43077,9.49129,41477663.942862,0
HPQ.US,D,20131203,000000,9.5313,9.69626,9.49226,9.60354,51223452.930249,0
HPQ.US,D,20131204,000000,9.79387,10.0222,9.77337,9.82217,97553259.23146,0
HPQ.US,D,20131205,000000,9.83097,9.84266,9.43858,9.51666,63125234.641135,0
HPQ.US,D,20131206,000000,9.59279,9.76459,9.58499,9.62208,49442443.214098,0
HPQ.US,D,20131209,000000,9.64258,9.66698,9.4991,9.51666,44339807.096542,0
HPQ.US,D,20131210,000000,9.4298,9.5235,9.35756,9.44248,42274383.861266,0
HPQ.US,D,20131211,000000,9.37709,9.49226,9.37709,9.42589,45103077.50904,0
HPQ.US,D,20131212,000000,9.44639,9.46688,9.2261,9.29022,38434748.590372,0
HPQ.US,D,20131213,000000,9.31462,9.38684,9.17904,9.34781,33670435.133147,0
HPQ.US,D,20131216,000000,9.33512,9.44248,9.31754,9.39465,35583938.660814,0
HPQ.US,D,20131217,000000,9.61623,9.73043,9.544,9.58597,54778812.992021,0
HPQ.US,D,20131218,000000,9.55668,9.60939,9.30779,9.60646,43395910.991384,0
HPQ.US,D,20131219,000000,9.62013,9.86025,9.60646,9.79192,45633732.010901,0
HPQ.US,D,20131220,000000,9.80362,9.84561,9.70407,9.70407,58647837.601835,0
HPQ.US,D,20131223,000000,9.77337,9.81143,9.69041,9.79387,26997211.064881,0
HPQ.US,D,20131224,000000,9.77727,9.84855,9.73237,9.8349,14270459.361291,0
HPQ.US,D,20131226,000000,9.84855,10.0174,9.84561,9.88657,22317415.264849,0
HPQ.US,D,20131227,000000,9.92666,9.93053,9.8349,9.84561,19610951.801829,0
HPQ.US,D,20131230,000000,9.86417,9.87193,9.76166,9.8007,20911795.28991,0
HPQ.US,D,20131231,000000,9.75091,9.88363,9.71969,9.76947,28528122.485981,0
HPQ.US,D,20140102,000000,9.73726,9.85631,9.58597,9.6582,37593824.794918,0
HPQ.US,D,20140103,000000,9.67479,9.95203,9.67088,9.89541,36301429.486742,0
HPQ.US,D,20140106,000000,9.88363,9.95203,9.74507,9.87979,29340067.774449,0
HPQ.US,D,20140107,000000,9.92666,9.97155,9.73237,9.84266,41010477.340212,0
HPQ.US,D,20140108,000000,9.84266,9.84855,9.55278,9.58597,43569585.32573,0
HPQ.US,D,20140109,000000,9.62793,9.73726,9.54986,9.64258,51633144.576793,0
HPQ.US,D,20140110,000000,9.68357,9.69626,9.5235,9.67088,41049969.456483,0
HPQ.US,D,20140113,000000,9.67479,10.0535,9.67088,9.81924,56501722.261606,0
HPQ.US,D,20140114,000000,9.81924,10.076,9.80754,10.076,42537938.182858,0
HPQ.US,D,20140115,000000,10.0926,10.1531,9.96759,10.072,46905567.28096,0
HPQ.US,D,20140116,000000,10.3033,10.4136,10.1687,10.321,63194652.944044,0
HPQ.US,D,20140117,000000,10.3902,10.4917,10.3619,10.4059,46005969.308557,0
HPQ.US,D,20140121,000000,10.4059,10.4625,10.2858,10.441,34610604.039845,0
HPQ.US,D,20140122,000000,10.3345,10.5249,10.2878,10.4225,29316387.052849,0
HPQ.US,D,20140123,000000,10.2761,10.3824,10.1491,10.2565,28376485.54549,0
HPQ.US,D,20140124,000000,10.1345,10.196,9.91299,9.94906,48861518.660895,0
HPQ.US,D,20140127,000000,9.96373,10.1608,9.90808,9.98909,45607808.618213,0
HPQ.US,D,20140128,000000,9.97928,10.156,9.94906,10.1277,35529892.234123,0
HPQ.US,D,20140129,000000,10.0993,10.1804,10.0398,10.1345,39870398.22832,0
HPQ.US,D,20140130,000000,10.1804,10.2761,10.156,10.2135,26085490.98908,0
HPQ.US,D,20140131,000000,10.1052,10.193,10.036,10.1277,37066144.470386,0
HPQ.US,D,20140203,000000,10.1384,10.2272,9.76361,9.79192,41971865.050451,0
HPQ.US,D,20140204,000000,9.82606,9.91883,9.74116,9.89246,27436758.206283,0
HPQ.US,D,20140205,000000,9.83775,9.93053,9.74507,9.7802,29432825.634283,0
HPQ.US,D,20140206,000000,9.86025,10.0076,9.84855,9.94906,19177427.804941,0
HPQ.US,D,20140207,000000,10.0222,10.1843,10.0174,10.1531,21698862.194602,0
HPQ.US,D,20140210,000000,10.1316,10.2028,10.0028,10.0603,22384292.76177,0
HPQ.US,D,20140211,000000,10.0867,10.2995,10.0564,10.2527,24674202.353044,0
HPQ.US,D,20140212,000000,10.2527,10.4019,10.2527,10.2761,27851608.303692,0
HPQ.US,D,20140213,000000,10.2341,10.4488,10.1892,10.4186,28718441.148575,0
HPQ.US,D,20140214,000000,10.4283,10.5201,10.3794,10.481,27279359.373508,0
HPQ.US,D,20140218,000000,10.4742,10.4917,10.3238,10.3278,32251537.397892,0
HPQ.US,D,20140219,000000,10.2799,10.3971,10.2165,10.2858,42636901.551506,0
HPQ.US,D,20140220,000000,10.2379,10.5748,10.1618,10.5435,77332586.733742,0
HPQ.US,D,20140221,000000,10.7006,10.7251,10.3033,10.4019,85391270.30106,0
HPQ.US,D,20140224,000000,10.357,10.5356,10.2858,10.4488,41286988.747815,0
HPQ.US,D,20140225,000000,10.4136,10.4742,10.321,10.4342,26390772.926405,0
HPQ.US,D,20140226,000000,10.4488,10.5464,10.4098,10.441,25817720.773684,0
HPQ.US,D,20140227,000000,10.3794,10.4381,10.3453,10.3902,31850184.307768,0
HPQ.US,D,20140228,000000,10.4225,10.6001,10.3532,10.4342,37663854.735397,0
HPQ.US,D,20140303,000000,10.2165,10.4243,10.0633,10.3824,35668840.51246,0
HPQ.US,D,20140304,000000,10.4518,10.5601,10.4283,10.5201,38190830.191171,0
HPQ.US,D,20140305,000000,10.5201,10.5308,10.4243,10.4556,18637941.95324,0
HPQ.US,D,20140306,000000,10.4732,10.5464,10.4243,10.5074,20432334.955115,0
HPQ.US,D,20140307,000000,10.5748,10.643,10.484,10.5942,26591064.252494,0
HPQ.US,D,20140310,000000,10.5455,10.6196,10.4732,10.4888,21176190.741226,0
HPQ.US,D,20140311,000000,10.5289,10.6196,10.4508,10.4937,20157759.887557,0
HPQ.US,D,20140312,000000,10.4595,10.4712,10.318,10.3834,21179165.943074,0
HPQ.US,D,20140313,000000,10.401,10.4732,10.0896,10.1443,37658571.293271,0
HPQ.US,D,20140314,000000,10.1306,10.3103,10.1159,10.1999,23132424.888279,0
HPQ.US,D,20140317,000000,10.2644,10.4196,10.2565,10.3435,20160388.802138,0
HPQ.US,D,20140318,000000,10.5376,10.7484,10.4888,10.7251,54593545.205843,0
HPQ.US,D,20140319,000000,10.7377,11.1369,10.727,11.0959,66018459.638368,0
HPQ.US,D,20140320,000000,11.052,11.3742,11.0384,11.0452,68163044.347894,0
HPQ.US,D,20140321,000000,11.1691,11.3028,11.1076,11.2121,67467340.933297,0
HPQ.US,D,20140324,000000,11.2355,11.3028,11.0891,11.0999,37996022.088323,0
HPQ.US,D,20140325,000000,11.1652,11.4229,11.1408,11.4229,49103377.777824,0
HPQ.US,D,20140326,000000,11.4981,11.622,11.3429,11.3507,49127895.531072,0
HPQ.US,D,20140327,000000,11.2844,11.3293,11.1076,11.2033,35265515.22414,0
HPQ.US,D,20140328,000000,11.2951,11.4181,11.2073,11.2433,31698296.360234,0
HPQ.US,D,20140331,000000,11.3293,11.4346,11.3156,11.3555,25088695.917999,0
HPQ.US,D,20140401,000000,11.334,11.7382,11.3293,11.6611,46913584.138557,0
HPQ.US,D,20140402,000000,11.6992,11.8105,11.585,11.7929,40436782.814364,0
HPQ.US,D,20140403,000000,11.7967,11.8026,11.5234,11.58,44121241.433203,0
HPQ.US,D,20140404,000000,11.6611,11.748,11.3742,11.4533,38942752.01177,0
HPQ.US,D,20140407,000000,11.5439,11.6142,11.4064,11.4747,34769569.361473,0
HPQ.US,D,20140408,000000,11.4708,11.5029,11.2073,11.3878,38751185.485591,0
HPQ.US,D,20140409,000000,11.4533,11.5371,11.3263,11.4825,35874036.208815,0
HPQ.US,D,20140410,000000,11.6845,11.8963,11.5059,11.5098,73012534.227734,0
HPQ.US,D,20140411,000000,11.4268,11.5586,11.3293,11.3878,53395495.761241,0
HPQ.US,D,20140414,000000,11.457,11.6816,11.4229,11.5439,39473034.613401,0
HPQ.US,D,20140415,000000,11.5762,11.58,11.1877,11.3672,37503336.243659,0
HPQ.US,D,20140416,000000,11.4473,11.6142,11.3293,11.4004,32922162.647598,0
HPQ.US,D,20140417,000000,11.3293,11.4004,11.0345,11.2033,60517264.292752,0
HPQ.US,D,20140421,000000,11.2433,11.3839,11.1877,11.2073,43573997.927094,0
HPQ.US,D,20140422,000000,11.1897,11.2551,11.0999,11.1477,38590574.787184,0
HPQ.US,D,20140423,000000,11.1711,11.216,11.0862,11.1369,25051739.48512,0
HPQ.US,D,20140424,000000,11.2073,11.2589,11.1408,11.2287,33160222.84977,0
HPQ.US,D,20140425,000000,11.1691,11.2033,11.0285,11.0823,25900389.174906,0
HPQ.US,D,20140428,000000,11.1076,11.3429,11.052,11.2951,30298847.060479,0
HPQ.US,D,20140429,000000,11.4825,11.6104,11.4473,11.5663,34944084.825544,0
HPQ.US,D,20140430,000000,11.5029,11.6757,11.4533,11.6005,32312759.552457,0
HPQ.US,D,20140501,000000,11.622,11.6796,11.4093,11.4533,25525893.838382,0
HPQ.US,D,20140502,000000,11.4688,11.5059,11.3672,11.4004,18292041.953766,0
HPQ.US,D,20140505,000000,11.3293,11.4298,11.2395,11.4044,20026171.750432,0
HPQ.US,D,20140506,000000,11.3976,11.4386,11.2648,11.2716,20097435.211235,0
HPQ.US,D,20140507,000000,11.3468,11.3927,11.176,11.34,24111923.0128,0
HPQ.US,D,20140508,000000,11.3293,11.5127,11.2619,11.3087,19066117.963334,0
HPQ.US,D,20140509,000000,11.3087,11.3702,11.2287,11.3555,15967723.90723,0
HPQ.US,D,20140512,000000,11.3702,11.5401,11.3635,11.5157,17051135.873998,0
HPQ.US,D,20140513,000000,11.5518,11.6992,11.5127,11.6796,20934354.163705,0
HPQ.US,D,20140514,000000,11.624,11.6992,11.5439,11.5683,19356490.082304,0
HPQ.US,D,20140515,000000,11.5683,11.6104,11.3507,11.3742,20565144.318342,0
HPQ.US,D,20140516,000000,11.3595,11.4093,11.2951,11.4093,22887167.443342,0
HPQ.US,D,20140519,000000,11.4181,11.6377,11.3976,11.6182,28901321.806547,0
HPQ.US,D,20140520,000000,11.6289,11.664,11.4708,11.5098,24981745.402792,0
HPQ.US,D,20140521,000000,11.5723,11.6104,11.3635,11.4093,29244360.325731,0
HPQ.US,D,20140522,000000,11.3878,11.705,10.9504,11.1506,92419945.955174,0
HPQ.US,D,20140523,000000,11.337,11.9627,11.3126,11.8319,116158532.36193,0
HPQ.US,D,20140527,000000,11.7548,11.8065,11.5098,11.6142,59699881.884378,0
HPQ.US,D,20140528,000000,11.5966,11.7821,11.58,11.7031,27081382.434806,0
HPQ.US,D,20140529,000000,11.7275,11.8709,11.6953,11.8026,28093960.214039,0
HPQ.US,D,20140530,000000,11.7773,11.8601,11.705,11.7548,35415909.423638,0
HPQ.US,D,20140602,000000,11.7069,11.8026,11.5966,11.7314,29086380.590943,0
HPQ.US,D,20140603,000000,11.7275,11.8631,11.6611,11.8202,23021841.430318,0
HPQ.US,D,20140604,000000,11.7723,11.8866,11.7421,11.8485,16143031.324134,0
HPQ.US,D,20140605,000000,11.8289,11.8963,11.7773,11.8866,17740885.811341,0
HPQ.US,D,20140606,000000,11.8748,11.9256,11.8514,11.8748,17057181.557919,0
HPQ.US,D,20140609,000000,11.8788,11.9607,11.7929,11.8963,19241615.940688,0
HPQ.US,D,20140610,000000,11.8573,11.9285,11.8026,11.8514,13315412.396312,0
HPQ.US,D,20140611,000000,11.7967,11.8573,11.6836,11.7226,16210047.131059,0
HPQ.US,D,20140612,000000,11.8963,12.0925,11.7372,11.7723,35634090.892523,0
HPQ.US,D,20140613,000000,11.9881,12.4078,11.9178,12.3961,62929535.207154,0
HPQ.US,D,20140616,000000,12.3483,12.361,12.2077,12.3024,28435709.888896,0
HPQ.US,D,20140617,000000,12.3024,12.3658,12.2419,12.3053,19699103.426294,0
HPQ.US,D,20140618,000000,12.317,12.3326,12.1326,12.238,18020347.832349,0
HPQ.US,D,20140619,000000,12.2301,12.2702,12.1061,12.1569,16922656.126132,0
HPQ.US,D,20140620,000000,12.1706,12.1804,12.0612,12.0632,31144161.942408,0
HPQ.US,D,20140623,000000,12.1228,12.1765,11.9929,12.1706,23285469.517246,0
HPQ.US,D,20140624,000000,12.1706,12.1882,11.9627,11.9686,28039333.909854,0
HPQ.US,D,20140625,000000,11.9335,11.9335,11.7929,11.8436,28708922.346792,0
HPQ.US,D,20140626,000000,11.9013,11.9686,11.8397,11.9579,18657208.024437,0
HPQ.US,D,20140627,000000,11.9422,11.9949,11.8709,11.9579,25856521.339938,0
HPQ.US,D,20140630,000000,11.95,11.9949,11.8601,11.8748,20114625.607866,0
HPQ.US,D,20140701,000000,11.9627,12.1364,11.8748,12.0525,24492206.879092,0
HPQ.US,D,20140702,000000,12.0612,12.0701,11.9372,11.9462,25417574.566402,0
HPQ.US,D,20140703,000000,11.9998,12.028,11.9607,11.9881,13786396.889202,0
HPQ.US,D,20140707,000000,11.9579,11.9881,11.8709,11.9422,19591257.48188,0
HPQ.US,D,20140708,000000,11.9462,11.9627,11.786,11.8105,20364678.8241,0
HPQ.US,D,20140709,000000,11.8143,11.91,11.8143,11.8631,16119793.194544,0
HPQ.US,D,20140710,000000,11.79,11.9929,11.7187,11.9335,24479352.244934,0
HPQ.US,D,20140711,000000,11.9627,12.0525,11.95,11.9774,18319984.672503,0
HPQ.US,D,20140714,000000,12.0592,12.1061,11.9929,12.0408,30853429.19291,0
HPQ.US,D,20140715,000000,12.1101,12.153,11.9881,12.0408,21892037.214894,0
HPQ.US,D,20140716,000000,12.1364,12.3824,12.1364,12.2779,54625392.364748,0
HPQ.US,D,20140717,000000,12.2301,12.2301,12.1023,12.1383,38661077.03071,0
HPQ.US,D,20140718,000000,12.1979,12.2838,12.1423,12.2731,29443148.68312,0
HPQ.US,D,20140721,000000,12.2623,12.2838,12.1266,12.1706,20709138.350504,0
HPQ.US,D,20140722,000000,12.1804,12.441,12.1706,12.3932,23167170.410141,0
HPQ.US,D,20140723,000000,12.3989,12.4624,12.3326,12.3326,18227739.071942,0
HPQ.US,D,20140724,000000,12.3863,12.4029,12.2936,12.355,21513429.46094,0
HPQ.US,D,20140725,000000,12.2575,12.5376,12.2223,12.4947,23302275.719423,0
HPQ.US,D,20140728,000000,12.483,12.5531,12.4264,12.5494,19251977.92123,0
HPQ.US,D,20140729,000000,12.5903,12.768,12.5494,12.6684,34641719.69251,0
HPQ.US,D,20140730,000000,12.6938,12.7592,12.6352,12.7309,27581883.306915,0
HPQ.US,D,20140731,000000,12.599,12.644,12.4995,12.5531,30375700.294453,0
HPQ.US,D,20140801,000000,12.4556,12.4947,12.153,12.4049,33672403.233268,0
HPQ.US,D,20140804,000000,12.4371,12.4995,12.3404,12.4556,18401790.429112,0
HPQ.US,D,20140805,000000,12.3785,12.4556,12.2779,12.3658,16000312.817559,0
HPQ.US,D,20140806,000000,12.2223,12.4371,12.1453,12.355,17336483.754034,0
HPQ.US,D,20140807,000000,12.4156,12.4733,12.2174,12.2779,18288550.394571,0
HPQ.US,D,20140808,000000,12.2585,12.4117,12.2077,12.3989,16022709.817424,0
HPQ.US,D,20140811,000000,12.4947,12.5249,12.3824,12.4078,16950201.331674,0
HPQ.US,D,20140812,000000,12.4371,12.4556,12.2906,12.3824,13741169.518127,0
HPQ.US,D,20140813,000000,12.441,12.4947,12.358,12.4448,19251383.700475,0
HPQ.US,D,20140814,000000,12.4448,12.5561,12.3248,12.5464,27865247.719052,0
HPQ.US,D,20140815,000000,12.599,12.606,12.3053,12.3658,32651538.123541,0
HPQ.US,D,20140818,000000,12.5182,12.5279,12.4156,12.4605,27174368.762274,0
HPQ.US,D,20140819,000000,12.5182,12.6138,12.441,12.5092,24922487.250274,0
HPQ.US,D,20140820,000000,12.5953,12.5953,12.2936,12.3824,53072710.949131,0
HPQ.US,D,20140821,000000,12.478,13.1798,12.4341,13.0433,112045343.46846,0
HPQ.US,D,20140822,000000,12.9924,13.0695,12.9231,12.9886,40840440.046692,0
HPQ.US,D,20140825,000000,13.0413,13.171,12.9652,13.0959,31073448.648061,0
HPQ.US,D,20140826,000000,13.1311,13.4424,13.0832,13.338,39489226.104453,0
HPQ.US,D,20140827,000000,13.3252,13.4678,13.2364,13.4531,27557022.339954,0
HPQ.US,D,20140828,000000,13.3634,13.4307,13.257,13.3936,19774306.160895,0
HPQ.US,D,20140829,000000,13.4082,13.461,13.3341,13.3975,17619585.889424,0
HPQ.US,D,20140902,000000,13.3975,13.4219,13.2765,13.4142,20491602.328301,0
HPQ.US,D,20140903,000000,13.4424,13.4834,13.4102,13.4219,19442094.753671,0
HPQ.US,D,20140904,000000,13.4142,13.4834,13.215,13.2765,24492675.084066,0
HPQ.US,D,20140905,000000,13.2521,13.2765,13.1047,13.2491,31942309.015141,0
HPQ.US,D,20140908,000000,13.1877,13.2648,13.1408,13.2003,20806049.608509,0
HPQ.US,D,20140909,000000,13.1438,13.1545,12.9681,13.0276,29076508.330264,0
HPQ.US,D,20140910,000000,13.0774,13.1261,13.012,13.1124,22193412.663015,0
HPQ.US,D,20140911,000000,13.0989,13.1124,12.931,13.0149,22693395.12874,0
HPQ.US,D,20140912,000000,13.0149,13.047,12.925,12.9427,21561134.117849,0
HPQ.US,D,20140915,000000,12.9368,12.9387,12.7924,12.8353,20545303.492242,0
HPQ.US,D,20140916,000000,12.8314,12.8626,12.7475,12.8392,21626820.099706,0
HPQ.US,D,20140917,000000,12.8626,13.054,12.8431,12.9837,24656489.451956,0
HPQ.US,D,20140918,000000,12.9681,13.1408,12.9534,13.1037,22144126.149474,0
HPQ.US,D,20140919,000000,13.1633,13.2364,13.0021,13.0276,33177257.519582,0
HPQ.US,D,20140922,000000,13.1633,13.1662,12.8831,12.9153,18988187.960373,0
HPQ.US,D,20140923,000000,12.8509,12.9485,12.6664,12.6704,30859150.104453,0
HPQ.US,D,20140924,000000,12.6625,12.7445,12.5035,12.7289,33114083.657192,0
HPQ.US,D,20140925,000000,12.7396,12.7425,12.4527,12.4907,23537003.162776,0
HPQ.US,D,20140926,000000,12.4742,12.5698,12.4029,12.521,27473251.556779,0
HPQ.US,D,20140929,000000,12.4078,12.441,12.2613,12.3824,25855650.499177,0
HPQ.US,D,20140930,000000,12.4605,12.6235,12.4117,12.5571,30329935.051144,0
HPQ.US,D,20141001,000000,12.5279,12.5297,12.1784,12.2331,38210825.719573,0
HPQ.US,D,20141002,000000,12.2565,12.3161,12.0116,12.2164,26619021.314492,0
HPQ.US,D,20141003,000000,12.2731,12.4947,12.2731,12.4634,26148318.564202,0
HPQ.US,D,20141006,000000,13.1379,13.2882,12.9339,13.054,157410510.23757,0
HPQ.US,D,20141007,000000,12.929,13.051,12.441,12.4713,64264574.050639,0
HPQ.US,D,20141008,000000,12.355,12.7562,12.2858,12.7182,48331579.272975,0
HPQ.US,D,20141009,000000,12.6704,12.6976,12.1354,12.152,39502744.626625,0
HPQ.US,D,20141010,000000,12.1091,12.2164,11.8554,11.8611,40621136.730002,0
HPQ.US,D,20141013,000000,11.7636,11.8182,11.4102,11.5752,56559329.914752,0
HPQ.US,D,20141014,000000,11.5752,11.6786,11.3839,11.4141,36941017.97171,0
HPQ.US,D,20141015,000000,11.543,11.7275,11.1955,11.6132,56266362.690313,0
HPQ.US,D,20141016,000000,11.2423,12.0984,11.2287,12.0388,66148979.202653,0
HPQ.US,D,20141017,000000,12.1316,12.2067,11.9637,12.0954,43604184.34144,0
HPQ.US,D,20141020,000000,11.6913,12.0223,11.6786,11.9754,40132160.666982,0
HPQ.US,D,20141021,000000,12.1354,12.3278,12.1014,12.2985,34033621.833994,0
HPQ.US,D,20141022,000000,12.2945,12.357,12.197,12.2107,37793155.122616,0
HPQ.US,D,20141023,000000,12.2945,12.4673,12.2897,12.3726,28376679.179496,0
HPQ.US,D,20141024,000000,12.3932,12.5386,12.2985,12.3687,35785531.125453,0
HPQ.US,D,20141027,000000,12.3746,12.5337,12.32,12.5005,28503850.617181,0
HPQ.US,D,20141028,000000,12.5386,12.6625,12.5249,12.5853,35348624.168337,0
HPQ.US,D,20141029,000000,12.5816,12.7445,12.4049,12.5249,39415934.096934,0
HPQ.US,D,20141030,000000,12.5913,12.6625,12.4673,12.5064,39921354.707087,0
HPQ.US,D,20141031,000000,12.6547,12.7289,12.5611,12.7055,56622667.700109,0
HPQ.US,D,20141103,000000,12.7562,12.7982,12.6625,12.6976,35295999.773383,0
HPQ.US,D,20141104,000000,12.7425,12.8871,12.6664,12.7113,28838862.033584,0
HPQ.US,D,20141105,000000,12.806,12.8626,12.6976,12.8099,21016550.26188,0
HPQ.US,D,20141106,000000,12.7562,12.8948,12.7425,12.7982,19750918.451599,0
HPQ.US,D,20141107,000000,12.8392,12.8997,12.7514,12.8802,25410942.857874,0
HPQ.US,D,20141110,000000,12.931,13.1194,12.925,13.0647,27052449.006638,0
HPQ.US,D,20141111,000000,13.0647,13.1194,12.9368,13.0149,20176637.666227,0
HPQ.US,D,20141112,000000,12.9797,13.054,12.9193,12.929,17814808.922283,0
HPQ.US,D,20141113,000000,12.9573,13.0198,12.8236,12.8734,21687896.772638,0
HPQ.US,D,20141114,000000,12.9046,13.1223,12.8997,13.0725,17894304.389578,0
HPQ.US,D,20141117,000000,13.0021,13.2765,13.0021,13.2443,23717277.445576,0
HPQ.US,D,20141118,000000,13.3224,13.3829,13.2618,13.2765,16904527.270515,0
HPQ.US,D,20141119,000000,13.2803,13.2853,13.1331,13.1633,15589320.032466,0
HPQ.US,D,20141120,000000,13.1076,13.1877,13.0413,13.0774,20761981.992425,0
HPQ.US,D,20141121,000000,13.1965,13.2599,13.0685,13.1915,36888621.019874,0
HPQ.US,D,20141124,000000,13.2921,13.3829,13.2189,13.2765,30718035.993917,0
HPQ.US,D,20141125,000000,13.2765,13.5439,13.2765,13.3224,53800342.459597,0
HPQ.US,D,20141126,000000,13.2364,13.908,13.1877,13.865,72946635.14602,0
HPQ.US,D,20141128,000000,13.7303,14.0134,13.6854,13.8299,21751643.340893,0
HPQ.US,D,20141201,000000,13.8064,13.8689,13.6103,13.6552,39837777.557915,0
HPQ.US,D,20141202,000000,13.5878,13.9217,13.4844,13.7909,27315597.618887,0
HPQ.US,D,20141203,000000,13.7303,13.9285,13.7264,13.826,31283545.641125,0
HPQ.US,D,20141204,000000,13.826,13.8944,13.6951,13.8328,21144809.738258,0
HPQ.US,D,20141205,000000,13.8494,14.0368,13.8173,14.0036,25326305.332012,0
HPQ.US,D,20141208,000000,13.7742,13.8289,13.5479,13.6727,33962093.022888,0
HPQ.US,D,20141209,000000,13.3458,13.6395,13.2736,13.5791,29678849.419088,0
HPQ.US,D,20141210,000000,13.3497,13.5771,13.2521,13.2813,38698859.225532,0
HPQ.US,D,20141211,000000,13.2609,13.8289,13.2609,13.6757,34697823.352436,0
HPQ.US,D,20141212,000000,13.5888,13.7118,13.4628,13.5137,37486001.389914,0
HPQ.US,D,20141215,000000,13.5283,13.5937,13.2999,13.3711,34995960.297442,0
HPQ.US,D,20141216,000000,13.2335,13.619,13.1925,13.2648,32059915.547712,0
HPQ.US,D,20141217,000000,13.5429,13.7792,13.4776,13.7382,32438611.410261,0
HPQ.US,D,20141218,000000,13.8885,14.1638,13.8513,14.1559,35128621.105482,0
HPQ.US,D,20141219,000000,14.1431,14.311,14.1072,14.1843,52310309.328358,0
HPQ.US,D,20141222,000000,14.2115,14.3648,14.0486,14.1501,30442471.241445,0
HPQ.US,D,20141223,000000,14.2194,14.4341,14.195,14.3482,27186785.927014,0
HPQ.US,D,20141224,000000,14.3882,14.5141,14.3775,14.4136,15572746.395998,0
HPQ.US,D,20141226,000000,14.4097,14.559,14.399,14.4673,13770317.070672,0
HPQ.US,D,20141229,000000,14.4283,14.5415,14.3599,14.4712,20812047.140059,0
HPQ.US,D,20141230,000000,14.4283,14.5297,14.4175,14.4731,16202217.760354,0
HPQ.US,D,20141231,000000,14.4848,14.5113,14.2564,14.2671,20286222.218608,0
HPQ.US,D,20150102,000000,14.2428,14.3911,14.071,14.3053,27599829.79823,0
HPQ.US,D,20150105,000000,14.1501,14.2535,13.9607,14.0661,30472022.454296,0
HPQ.US,D,20150106,000000,14.1725,14.2993,13.8367,13.9607,33722478.626086,0
HPQ.US,D,20150107,000000,14.0563,14.1315,13.948,14.1247,29558127.325629,0
HPQ.US,D,20150108,000000,14.2643,14.5366,14.2496,14.4595,27649889.823271,0
HPQ.US,D,20150109,000000,14.5141,14.6118,14.2993,14.4585,27297542.528606,0
HPQ.US,D,20150112,000000,14.4595,14.5044,14.1394,14.193,25196124.883364,0
HPQ.US,D,20150113,000000,14.2057,14.4585,14.0251,14.1531,32458252.455246,0
HPQ.US,D,20150114,000000,14.0368,14.0515,13.7899,14.0261,29188397.024847,0
HPQ.US,D,20150115,000000,14.0261,14.0935,13.5684,13.5771,38753176.125119,0
HPQ.US,D,20150116,000000,13.4863,13.705,13.3604,13.6298,36504036.22474,0
HPQ.US,D,20150120,000000,13.6669,13.8289,13.5479,13.7293,28804740.443514,0
HPQ.US,D,20150121,000000,13.661,13.8553,13.6161,13.7118,23604400.090599,0
HPQ.US,D,20150122,000000,13.8367,14.2535,13.7157,14.2428,32859821.718784,0
HPQ.US,D,20150123,000000,14.2057,14.3082,14.1354,14.2496,20089129.439408,0
HPQ.US,D,20150126,000000,14.1276,14.1276,13.7548,13.8084,31687719.230799,0
HPQ.US,D,20150127,000000,13.3175,13.4551,13.054,13.2813,48390383.563778,0
HPQ.US,D,20150128,000000,13.4492,13.5479,13.1925,13.2121,29552400.266974,0
HPQ.US,D,20150129,000000,13.2609,13.4698,13.0647,13.4161,28556002.709087,0
HPQ.US,D,20150130,000000,13.3028,13.3224,12.8187,12.8451,49217279.651343,0
HPQ.US,D,20150202,000000,12.891,12.9974,12.601,12.9652,43485671.10996,0
HPQ.US,D,20150203,000000,13.047,13.4375,13.047,13.4278,41097317.580941,0
HPQ.US,D,20150204,000000,13.3731,13.6123,13.3711,13.4727,29478402.36618,0
HPQ.US,D,20150205,000000,13.498,13.5731,13.4375,13.4903,17758252.425162,0
HPQ.US,D,20150206,000000,13.4863,13.7382,13.4492,13.4903,23576714.526016,0
HPQ.US,D,20150209,000000,13.4492,13.4521,13.2628,13.38,22413835.778471,0
HPQ.US,D,20150210,000000,13.4698,13.619,13.3887,13.4698,21888439.105772,0
HPQ.US,D,20150211,000000,13.4698,13.6669,13.4668,13.5731,22372370.439487,0
HPQ.US,D,20150212,000000,13.6669,13.8124,13.5888,13.6395,25860604.046331,0
HPQ.US,D,20150213,000000,13.6123,13.7157,13.5596,13.7079,18650721.797543,0
HPQ.US,D,20150217,000000,13.7079,13.8163,13.6161,13.6961,21293443.8149,0
HPQ.US,D,20150218,000000,13.7157,13.7157,13.4776,13.5624,23196769.775362,0
HPQ.US,D,20150219,000000,13.5624,13.6532,13.4551,13.6445,16124244.727614,0
HPQ.US,D,20150220,000000,13.6298,13.6834,13.4492,13.6484,21148867.856207,0
HPQ.US,D,20150223,000000,13.6796,13.6874,13.4795,13.5771,27982498.743689,0
HPQ.US,D,20150224,000000,13.5937,13.7625,13.5137,13.6834,45608351.61304,0
HPQ.US,D,20150225,000000,12.5581,12.6889,12.237,12.3248,177155136.09628,0
HPQ.US,D,20150226,000000,12.2653,12.317,11.9784,12.0905,91489168.809958,0
HPQ.US,D,20150227,000000,12.0789,12.4381,12.0592,12.3872,83087789.937168,0
HPQ.US,D,20150302,000000,12.4419,12.4917,12.2653,12.4117,44217392.498449,0
HPQ.US,D,20150303,000000,12.3999,12.4566,12.2487,12.2897,38498478.76633,0
HPQ.US,D,20150304,000000,12.2438,12.2613,12.0905,12.156,44029768.319622,0
HPQ.US,D,20150305,000000,12.1872,12.2028,12.029,12.0857,51264271.798034,0
HPQ.US,D,20150306,000000,11.9959,12.0691,11.7714,11.7958,48980752.128911,0
HPQ.US,D,20150309,000000,11.7987,11.8202,11.6523,11.7714,39575613.507986,0
HPQ.US,D,20150310,000000,11.8564,11.8631,11.6065,11.6709,46563037.947492,0
HPQ.US,D,20150311,000000,11.7636,11.7811,11.5781,11.6484,38526142.816025,0
HPQ.US,D,20150312,000000,11.299,11.7168,11.2589,11.5137,73510568.059192,0
HPQ.US,D,20150313,000000,11.6377,11.6406,11.4298,11.5167,41569740.497864,0
HPQ.US,D,20150316,000000,11.5752,11.6845,11.499,11.5663,34988622.695639,0
HPQ.US,D,20150317,000000,11.5304,11.5986,11.5029,11.5859,29136329.967981,0
HPQ.US,D,20150318,000000,11.5606,11.8475,11.4882,11.7987,38880817.816819,0
HPQ.US,D,20150319,000000,11.7675,11.8016,11.6562,11.7314,32978699.678866,0
HPQ.US,D,20150320,000000,11.7431,11.9998,11.7392,11.8905,70376986.913733,0
HPQ.US,D,20150323,000000,11.8973,12.0555,11.8748,11.9509,35618471.082819,0
HPQ.US,D,20150324,000000,11.9382,11.9676,11.827,11.8993,31089145.296656,0
HPQ.US,D,20150325,000000,11.9382,11.9676,11.5029,11.5029,31668609.910936,0
HPQ.US,D,20150326,000000,11.3994,11.6444,11.2755,11.4336,38376100.026386,0
HPQ.US,D,20150327,000000,11.5107,11.5498,11.0862,11.2502,54995758.891544,0
HPQ.US,D,20150330,000000,11.3907,11.4219,11.2472,11.2755,31124420.494605,0
HPQ.US,D,20150331,000000,11.178,11.2336,11.0891,11.1301,38412750.128219,0
HPQ.US,D,20150401,000000,11.377,11.3819,11.1515,11.178,43466693.95299,0
HPQ.US,D,20150402,000000,11.1916,11.342,11.1515,11.218,23871899.8331,0
HPQ.US,D,20150406,000000,11.0999,11.3907,11.0744,11.3722,25841510.094248,0
HPQ.US,D,20150407,000000,11.334,11.3653,11.2248,11.2248,23639858.677367,0
HPQ.US,D,20150408,000000,11.2551,11.4181,11.1165,11.2619,32653138.421504,0
HPQ.US,D,20150409,000000,11.2707,11.3487,11.2014,11.2707,21118751.109121,0
HPQ.US,D,20150410,000000,11.3048,11.5069,11.1877,11.4708,43444858.389287,0
HPQ.US,D,20150413,000000,11.4708,11.7352,11.3966,11.6816,55155319.458444,0
HPQ.US,D,20150414,000000,11.6796,11.6816,11.4425,11.6182,31703322.648206,0
HPQ.US,D,20150415,000000,11.6923,11.8866,11.6562,11.8016,31313587.598357,0
HPQ.US,D,20150416,000000,11.7714,11.8514,11.7168,11.7206,21162291.098156,0
HPQ.US,D,20150417,000000,11.6182,11.7128,11.5498,11.6211,29851003.367917,0
HPQ.US,D,20150420,000000,11.6562,11.9509,11.6523,11.9345,29947374.70465,0
HPQ.US,D,20150421,000000,11.9637,12.0086,11.7607,11.8631,26212921.629959,0
HPQ.US,D,20150422,000000,11.8973,12.0183,11.7987,11.9704,25385311.452969,0
HPQ.US,D,20150423,000000,11.8601,12.0388,11.8349,11.9227,24110121.909203,0
HPQ.US,D,20150424,000000,12.0153,12.0592,11.8436,11.8826,21334061.877049,0
HPQ.US,D,20150427,000000,11.9265,11.9265,11.788,11.8133,23545774.066021,0
HPQ.US,D,20150428,000000,11.8564,11.8748,11.6923,11.8748,25014555.609127,0
HPQ.US,D,20150429,000000,11.8397,11.9901,11.748,11.9013,24191303.73402,0
HPQ.US,D,20150430,000000,11.8993,11.9549,11.7314,11.7783,29447338.96396,0
HPQ.US,D,20150501,000000,11.8601,12.1218,11.8601,12.0739,32441506.699663,0
HPQ.US,D,20150504,000000,12.0739,12.1061,11.9968,12.0183,14256459.315403,0
HPQ.US,D,20150505,000000,11.9462,12.0271,11.7636,11.8475,24425610.100251,0
HPQ.US,D,20150506,000000,11.8748,11.9227,11.5196,11.6094,23683889.410782,0
HPQ.US,D,20150507,000000,11.5918,11.788,11.5264,11.7255,21707994.752893,0
HPQ.US,D,20150508,000000,11.8397,11.9676,11.7753,11.9345,21155137.909689,0
HPQ.US,D,20150511,000000,11.9295,12.0798,11.9022,12.0388,27910223.058564,0
HPQ.US,D,20150512,000000,11.9013,11.9188,11.7518,11.7607,25275412.373396,0
HPQ.US,D,20150513,000000,11.7919,11.9617,11.7783,11.8973,17513593.299055,0
HPQ.US,D,20150514,000000,11.9704,12.0515,11.9295,12.0388,17109266.0316,0
HPQ.US,D,20150515,000000,12.0018,12.0515,11.8924,12.0018,27225134.68059,0
HPQ.US,D,20150518,000000,11.9637,11.9744,11.7919,11.8788,24538485.40619,0
HPQ.US,D,20150519,000000,11.8748,11.9676,11.8631,11.9295,21484062.661427,0
HPQ.US,D,20150520,000000,11.9345,11.9509,11.705,11.8133,33596125.778715,0
HPQ.US,D,20150521,000000,11.8232,12.1257,11.7958,12.0827,37609081.925059,0
HPQ.US,D,20150522,000000,12.2506,12.7172,12.2399,12.4156,80075849.878301,0
HPQ.US,D,20150526,000000,12.3121,12.3677,11.8826,11.9227,47489776.440612,0
HPQ.US,D,20150527,000000,12.0116,12.0798,11.8671,12.0672,38769126.854313,0
HPQ.US,D,20150528,000000,12.0437,12.113,11.9587,12.0183,19204031.477944,0
HPQ.US,D,20150529,000000,12.0086,12.0388,11.8826,11.9295,34704213.274588,0
HPQ.US,D,20150601,000000,11.9345,12.1423,11.8993,12.0602,25899833.885856,0
HPQ.US,D,20150602,000000,12.0223,12.2467,11.9022,12.1014,27576829.356943,0
HPQ.US,D,20150603,000000,12.1501,12.2399,12.0915,12.1336,29570508.632219,0
HPQ.US,D,20150604,000000,11.9901,12.0827,11.8544,11.8973,36070844.171859,0
HPQ.US,D,20150605,000000,11.911,11.9462,11.7255,11.7607,33962946.446834,0
HPQ.US,D,20150608,000000,11.7694,11.8261,11.6367,11.7411,26427010.147265,0
HPQ.US,D,20150609,000000,11.7304,11.7977,11.5966,11.7021,22840719.870685,0
HPQ.US,D,20150610,000000,11.7304,11.9013,11.7304,11.8192,18533210.545196,0
HPQ.US,D,20150611,000000,11.8124,11.8895,11.6621,11.6806,24771701.684693,0
HPQ.US,D,20150612,000000,11.665,11.7372,11.5654,11.6387,14507961.200857,0
HPQ.US,D,20150615,000000,11.5898,11.5898,11.3682,11.3907,33979895.057088,0
HPQ.US,D,20150616,000000,11.3937,11.4054,11.3048,11.3682,36228829.029242,0
HPQ.US,D,20150617,000000,11.3859,11.6035,11.3859,11.5673,30615818.754378,0
HPQ.US,D,20150618,000000,11.584,11.6943,11.499,11.5205,42511762.758608,0
HPQ.US,D,20150619,000000,11.4765,11.5264,11.4181,11.4181,41668377.045096,0
HPQ.US,D,20150622,000000,11.4795,11.4922,11.3819,11.3859,31709798.629915,0
HPQ.US,D,20150623,000000,11.4523,11.457,11.3233,11.3605,33127159.587354,0
HPQ.US,D,20150624,000000,11.3303,11.4084,11.3204,11.3273,28521415.987599,0
HPQ.US,D,20150625,000000,11.3907,11.3907,11.1584,11.2092,26623028.206513,0
HPQ.US,D,20150626,000000,10.9827,11.2092,10.8723,10.9661,56621555.072971,0
HPQ.US,D,20150629,000000,10.8753,10.9222,10.7406,10.7622,45964941.438989,0
HPQ.US,D,20150630,000000,10.7972,10.85,10.6001,10.7777,53884296.631591,0
HPQ.US,D,20150701,000000,10.892,10.972,10.7553,10.9612,51095695.467955,0
HPQ.US,D,20150702,000000,11.0257,11.1369,11.0042,11.0218,43716282.037807,0
HPQ.US,D,20150706,000000,10.9017,11.0013,10.6733,10.9788,32246067.493392,0
HPQ.US,D,20150707,000000,10.9612,11.1691,10.85,11.0618,50482021.15501,0
HPQ.US,D,20150708,000000,10.9504,11.0208,10.89,10.9369,43061677.184556,0
HPQ.US,D,20150709,000000,11.0355,11.0774,10.8948,10.9145,36279506.838963,0
HPQ.US,D,20150710,000000,11.0618,11.0911,10.8948,11.0081,25832829.348635,0
HPQ.US,D,20150713,000000,11.1126,11.1252,10.9612,11.0384,18735748.640451,0
HPQ.US,D,20150714,000000,11.0169,11.0355,10.9397,10.9574,24233083.600198,0
HPQ.US,D,20150715,000000,10.972,11.0218,10.9172,10.9534,33088257.593764,0
HPQ.US,D,20150716,000000,11.0013,11.0412,10.8948,10.8988,29826174.161031,0
HPQ.US,D,20150717,000000,10.8948,10.9369,10.7553,10.9017,34340750.978252,0
HPQ.US,D,20150720,000000,10.9172,10.9691,10.8051,10.9369,33310814.781346,0
HPQ.US,D,20150721,000000,10.8294,11.0218,10.8051,11.013,47459033.712696,0
HPQ.US,D,20150722,000000,10.9252,11.0569,10.8988,11.0501,34005232.425172,0
HPQ.US,D,20150723,000000,11.1408,11.299,11.0618,11.217,42397605.77997,0
HPQ.US,D,20150724,000000,11.1897,11.2794,10.9691,11.0647,64915638.167804,0
HPQ.US,D,20150727,000000,10.9504,10.9504,10.8022,10.8636,27766852.958197,0
HPQ.US,D,20150728,000000,10.9574,10.9661,10.7777,10.8723,22365451.865767,0
HPQ.US,D,20150729,000000,10.8529,10.9369,10.8051,10.8823,23865324.473092,0
HPQ.US,D,20150730,000000,10.8529,11.0169,10.8022,10.9973,19651805.503245,0
HPQ.US,D,20150731,000000,11.0295,11.0696,10.9467,10.9612,33205005.579796,0
HPQ.US,D,20150803,000000,10.9866,11.013,10.7144,10.7807,32130149.36738,0
HPQ.US,D,20150804,000000,10.7905,10.8471,10.6001,10.6879,35230081.225817,0
HPQ.US,D,20150805,000000,10.7807,10.9095,10.7622,10.8823,28869462.353421,0
HPQ.US,D,20150806,000000,10.9172,11.053,10.8149,10.8256,29589050.368807,0
HPQ.US,D,20150807,000000,10.7807,10.85,10.5591,10.563,28897024.975779,0
HPQ.US,D,20150810,000000,10.5815,10.8783,10.5796,10.8598,27539367.836424,0
HPQ.US,D,20150811,000000,10.7523,10.7622,10.5259,10.5318,26092199.536498,0
HPQ.US,D,20150812,000000,10.4478,10.4615,10.1912,10.4518,37032400.927659,0
HPQ.US,D,20150813,000000,10.4166,10.563,10.2135,10.2165,23721998.427022,0
HPQ.US,D,20150814,000000,10.2165,10.3532,10.2028,10.3113,21148681.393832,0
HPQ.US,D,20150817,000000,10.2351,10.3415,10.158,10.2771,22900886.77115,0
HPQ.US,D,20150818,000000,10.1823,10.2654,10.1287,10.195,29952026.018834,0
HPQ.US,D,20150819,000000,10.1238,10.1882,9.91388,9.96373,45246569.527114,0
HPQ.US,D,20150820,000000,9.88077,10.0057,9.77239,9.8212,46260080.64274,0
HPQ.US,D,20150821,000000,9.67772,10.5708,9.67479,9.86997,104087832.13177,0
HPQ.US,D,20150824,000000,9.19828,9.97155,8.92565,9.5518,98255636.359845,0
HPQ.US,D,20150825,000000,9.76166,9.82999,9.2096,9.2261,65648207.857648,0
HPQ.US,D,20150826,000000,9.46688,9.74507,9.32633,9.73335,63579974.368009,0
HPQ.US,D,20150827,000000,9.83775,10.0057,9.76166,9.98226,49324001.698915,0
HPQ.US,D,20150828,000000,9.94807,10.1013,9.9334,10.0672,41459270.761463,0
HPQ.US,D,20150831,000000,9.98909,10.0993,9.95203,10.0789,41321719.926418,0
HPQ.US,D,20150901,000000,9.83775,10.1092,9.80948,9.98909,50025663.713357,0
HPQ.US,D,20150902,000000,10.076,10.1121,9.84561,10.0554,31482873.919785,0
HPQ.US,D,20150903,000000,10.0672,10.3093,10.034,10.1013,30329862.310327,0
HPQ.US,D,20150904,000000,9.90808,9.96858,9.74799,9.7558,41150899.900732,0
HPQ.US,D,20150908,000000,9.912,9.9881,9.84266,9.97354,28447557.421327,0
HPQ.US,D,20150909,000000,10.0818,10.1218,9.8349,9.85435,32384373.398603,0
HPQ.US,D,20150910,000000,9.82606,9.93836,9.70309,9.87783,28584614.438434,0
HPQ.US,D,20150911,000000,9.8212,9.87193,9.72945,9.81046,31709788.38473,0
HPQ.US,D,20150914,000000,9.82606,9.94133,9.74507,9.77239,35930770.972163,0
HPQ.US,D,20150915,000000,9.74507,9.8573,9.707,9.7968,44222490.502718,0
HPQ.US,D,20150916,000000,10.0271,10.318,9.94906,10.2897,89265658.265446,0
HPQ.US,D,20150917,000000,10.0398,10.2155,9.94133,9.96462,47231786.279225,0
HPQ.US,D,20150918,000000,9.88755,9.94906,9.55766,9.59378,81569111.267469,0
HPQ.US,D,20150921,000000,9.46005,9.64941,9.46005,9.55375,44299688.999441,0
HPQ.US,D,20150922,000000,9.35463,9.50203,9.17231,9.2706,88363080.993122,0
HPQ.US,D,20150923,000000,9.2706,9.30973,9.14039,9.2096,30854213.974114,0
HPQ.US,D,20150924,000000,9.0993,9.15591,9.01165,9.12995,38371135.209527,0
HPQ.US,D,20150925,000000,9.18285,9.19828,8.95181,9.03956,35123100.999573,0
HPQ.US,D,20150928,000000,8.85323,8.9975,8.81594,8.87821,41682245.95261,0
HPQ.US,D,20150929,000000,8.84855,9.01652,8.78197,8.90701,47044504.289591,0
HPQ.US,D,20150930,000000,9.06152,9.29217,9.01165,9.25703,53414847.891998,0
HPQ.US,D,20151001,000000,9.22218,9.29217,9.06425,9.16264,34588803.309773,0
HPQ.US,D,20151002,000000,9.03956,9.42296,9.03479,9.42296,43096895.009467,0
HPQ.US,D,20151005,000000,9.5235,9.84561,9.4825,9.8212,43973398.284877,0
HPQ.US,D,20151006,000000,9.81046,10.1628,9.7968,10.1179,58287999.027586,0
HPQ.US,D,20151007,000000,10.1618,10.2126,10.0271,10.1218,47521984.230044,0
HPQ.US,D,20151008,000000,10.1149,10.5533,10.0837,10.5464,55522709.758874,0
HPQ.US,D,20151009,000000,10.5327,10.7583,10.4977,10.5874,65881337.052073,0
HPQ.US,D,20151012,000000,10.5562,10.6108,10.4126,10.5874,23531548.626054,0
HPQ.US,D,20151013,000000,10.4859,10.6967,10.4547,10.5649,24350261.884017,0
HPQ.US,D,20151014,000000,10.5299,10.6499,10.4585,10.6353,23815809.491916,0
HPQ.US,D,20151015,000000,10.4937,10.5757,10.3834,10.3991,32716131.96863,0
HPQ.US,D,20151016,000000,10.4381,10.4674,10.3093,10.4313,33335375.564374,0
HPQ.US,D,20151019,000000,10.3337,10.5015,10.3053,10.4732,34565459.654774,0
HPQ.US,D,20151020,000000,10.4166,10.4625,10.2868,10.32,22841266.963586,0
HPQ.US,D,20151021,000000,10.3298,10.401,10.194,10.2019,22936900.646968,0
HPQ.US,D,20151022,000000,10.2497,10.4518,10.2497,10.3991,22041243.9974,0
HPQ.US,D,20151023,000000,10.4732,10.5718,10.3834,10.4888,23033469.71578,0
HPQ.US,D,20151026,000000,10.4585,10.4859,10.1267,10.1462,27705740.427115,0
HPQ.US,D,20151027,000000,10.0916,10.1306,9.88461,9.91883,41999247.357546,0
HPQ.US,D,20151028,000000,9.9451,10.1179,9.9012,10.1111,23069161.892775,0
HPQ.US,D,20151029,000000,9.9881,10.036,9.8573,9.8905,27646804.997939,0
HPQ.US,D,20151030,000000,9.8007,9.89826,9.65625,9.74507,73043583.286693,0
HPQ.US,D,20151102,000000,9.92171,11.1418,9.87685,11.0061,64863597.748421,0
HPQ.US,D,20151103,000000,10.9271,11.5391,10.7826,11.3742,49733912.592428,0
HPQ.US,D,20151104,000000,11.34,11.4845,11.0706,11.2551,36858772.696647,0
HPQ.US,D,20151105,000000,11.3078,11.34,11.1106,11.1828,20923767.813602,0
HPQ.US,D,20151106,000000,11.1106,11.1887,11.0061,11.1486,27283349.873232,0
HPQ.US,D,20151109,000000,11.34,11.4181,11.0159,11.0374,24668294.979125,0
HPQ.US,D,20151110,000000,11.0374,11.2551,11.0061,11.2365,19778535.37344,0
HPQ.US,D,20151111,000000,11.2462,11.3078,11.0618,11.0794,12261531.152023,0
HPQ.US,D,20151112,000000,10.9749,10.9818,10.5767,10.5914,25674325.060351,0
HPQ.US,D,20151113,000000,10.6343,10.7035,10.3707,10.4332,21981919.251177,0
HPQ.US,D,20151116,000000,10.4655,10.6869,10.4332,10.6264,15964869.598569,0
HPQ.US,D,20151117,000000,10.6713,10.8626,10.5523,10.5689,18563065.015535,0
HPQ.US,D,20151118,000000,10.6869,10.8939,10.647,10.8539,16119806.513286,0
HPQ.US,D,20151119,000000,10.8783,11.0159,10.8411,10.9749,19293878.680596,0
HPQ.US,D,20151120,000000,11.0159,11.214,10.9906,11.1887,25271089.929664,0
HPQ.US,D,20151123,000000,11.3897,11.4044,11.133,11.3233,18242762.611854,0
HPQ.US,D,20151124,000000,11.1955,11.7939,11.1565,11.6494,36292021.332965,0
HPQ.US,D,20151125,000000,10.48,10.5611,9.75872,10.0584,90357478.455896,0
HPQ.US,D,20151127,000000,9.98226,10.2507,9.9559,10.035,21630707.123058,0
HPQ.US,D,20151130,000000,10.0115,10.0993,9.86319,9.98226,36254823.113711,0
HPQ.US,D,20151201,000000,10.0496,10.1628,9.96462,10.1394,22369052.023926,0
HPQ.US,D,20151202,000000,10.035,10.035,9.46883,9.51081,65679386.005944,0
HPQ.US,D,20151203,000000,9.5274,9.84561,9.4376,9.66894,59495549.857154,0
HPQ.US,D,20151204,000000,9.66894,9.99781,9.64649,9.80265,27412277.335702,0
HPQ.US,D,20151207,000000,9.81437,10.0232,9.70309,9.76752,26888832.370826,0
HPQ.US,D,20151208,000000,9.58303,9.93637,9.55668,9.79875,25619054.334002,0
HPQ.US,D,20151209,000000,9.71188,10.0086,9.67772,9.73628,29360615.518345,0
HPQ.US,D,20151210,000000,9.74507,9.95203,9.74507,9.93637,18907255.093561,0
HPQ.US,D,20151211,000000,9.76166,9.8739,9.67772,9.81437,25984756.227872,0
HPQ.US,D,20151214,000000,9.88755,10.0232,9.65429,9.77434,24118480.955994,0
HPQ.US,D,20151215,000000,9.82217,10.0232,9.80559,9.81437,23346411.97825,0
HPQ.US,D,20151216,000000,9.86801,9.96957,9.79192,9.85828,22690494.716746,0
HPQ.US,D,20151217,000000,9.8739,9.92765,9.55668,9.56547,32023586.120182,0
HPQ.US,D,20151218,000000,9.51081,9.57425,9.20305,9.25518,47843942.25569,0
HPQ.US,D,20151221,000000,9.32438,9.34878,9.09159,9.18861,22808542.816808,0
HPQ.US,D,20151222,000000,9.16548,9.4542,9.08426,9.37417,24477907.673789,0
HPQ.US,D,20151223,000000,9.44541,9.47762,9.37417,9.44541,14869381.631737,0
HPQ.US,D,20151224,000000,9.44541,9.55668,9.42296,9.4298,5755136.6097202,0
HPQ.US,D,20151228,000000,9.40832,9.42296,9.30973,9.34878,10016210.656772,0
HPQ.US,D,20151229,000000,9.38295,9.59182,9.38295,9.53619,12024098.979717,0
HPQ.US,D,20151230,000000,9.57425,9.61427,9.49421,9.51862,10435585.028065,0
HPQ.US,D,20151231,000000,9.51081,9.63966,9.4542,9.51862,12914592.05583,0
HPQ.US,D,20160104,000000,9.30973,9.37417,9.20305,9.32438,18837209.785305,0
HPQ.US,D,20160105,000000,9.36538,9.46883,9.30973,9.41418,16865497.212107,0
HPQ.US,D,20160106,000000,9.26094,9.26094,9.00316,9.07655,20339227.734459,0
HPQ.US,D,20160107,000000,8.88193,8.88193,8.61917,8.65851,31704007.026592,0
HPQ.US,D,20160108,000000,8.70575,8.77837,8.48223,8.50653,21679419.906214,0
HPQ.US,D,20160111,000000,8.56792,8.6427,8.44055,8.56109,21151526.481825,0
HPQ.US,D,20160112,000000,8.65031,8.75348,8.49902,8.69755,20682792.856174,0
HPQ.US,D,20160113,000000,8.70575,8.78295,8.39253,8.50653,37054049.00447,0
HPQ.US,D,20160114,000000,8.52088,8.69755,8.47344,8.53767,36094109.963448,0
HPQ.US,D,20160115,000000,8.18374,8.34509,8.03011,8.12724,30115266.656342,0
HPQ.US,D,20160119,000000,8.25559,8.26301,7.79781,7.84603,34120951.794586,0
HPQ.US,D,20160120,000000,7.67745,7.74179,7.42827,7.67745,33590824.919774,0
HPQ.US,D,20160121,000000,7.72529,8.0471,7.64125,7.99136,31991183.672227,0
HPQ.US,D,20160122,000000,8.14383,8.23313,7.8223,7.87784,21511229.819627,0
HPQ.US,D,20160125,000000,7.86985,7.88272,7.59683,7.62914,18031584.751727,0
HPQ.US,D,20160126,000000,7.66936,7.87784,7.64505,7.74969,12278067.905824,0
HPQ.US,D,20160127,000000,7.74969,7.95037,7.68956,7.73329,12102392.686762,0
HPQ.US,D,20160128,000000,7.83792,7.85413,7.57293,7.62115,16648150.725834,0
HPQ.US,D,20160129,000000,7.70138,7.81421,7.55681,7.80582,59046540.26249,0
HPQ.US,D,20160201,000000,7.7575,8.0471,7.70967,8.01518,27008285.085812,0
HPQ.US,D,20160202,000000,7.90273,8.01518,7.8223,7.94207,26821370.898334,0
HPQ.US,D,20160203,000000,7.88614,7.91904,7.5005,7.7575,18987416.49791,0
HPQ.US,D,20160204,000000,7.71748,7.98717,7.71748,7.92685,14609244.079484,0
HPQ.US,D,20160205,000000,7.90273,8.13505,7.84603,7.96627,21164211.045904,0
HPQ.US,D,20160208,000000,7.84603,7.88527,7.40406,7.5328,19800608.625445,0
HPQ.US,D,20160209,000000,7.46869,7.57293,7.35576,7.38766,25486725.469971,0
HPQ.US,D,20160210,000000,7.42827,7.60914,7.38766,7.46008,15234061.056102,0
HPQ.US,D,20160211,000000,7.34794,7.39616,7.16288,7.25121,18332226.644571,0
HPQ.US,D,20160212,000000,7.30744,7.58883,7.2595,7.57293,12023023.235247,0
HPQ.US,D,20160216,000000,7.68526,7.91503,7.59683,7.88614,14965914.842399,0
HPQ.US,D,20160217,000000,7.94207,8.1207,7.93466,8.10331,14911773.135485,0
HPQ.US,D,20160218,000000,8.14383,8.5768,8.1207,8.45656,23334255.041221,0
HPQ.US,D,20160219,000000,8.43294,8.43528,8.0795,8.29619,17331904.156148,0
HPQ.US,D,20160222,000000,8.39253,8.6427,8.37476,8.58579,13496339.297423,0
HPQ.US,D,20160223,000000,8.52878,8.54479,8.24074,8.28828,16193162.040954,0
HPQ.US,D,20160224,000000,8.26301,8.73054,8.1207,8.69755,26990351.913237,0
HPQ.US,D,20160225,000000,8.16745,8.40843,7.99995,8.31278,44229282.036139,0
HPQ.US,D,20160226,000000,8.39253,8.83566,8.34509,8.55212,28319681.114882,0
HPQ.US,D,20160229,000000,8.55212,8.72235,8.52088,8.59389,21626461.518216,0
HPQ.US,D,20160301,000000,8.71404,8.85957,8.5768,8.78646,21451163.321979,0
HPQ.US,D,20160302,000000,8.78646,8.89023,8.65851,8.76363,15557601.962896,0
HPQ.US,D,20160303,000000,8.81692,9.08036,8.80863,8.93229,22525980.602691,0
HPQ.US,D,20160304,000000,8.96314,9.0993,8.9238,8.98627,18849480.443893,0
HPQ.US,D,20160307,000000,8.93503,9.26679,8.8993,9.19534,15252436.820686,0
HPQ.US,D,20160308,000000,9.10409,9.16264,8.90799,8.98335,16058990.068065,0
HPQ.US,D,20160309,000000,9.0136,9.30876,9.0136,9.23575,14831302.326536,0
HPQ.US,D,20160310,000000,9.25997,9.39954,9.06152,9.28338,19560465.577074,0
HPQ.US,D,20160311,000000,9.3644,9.51178,9.30876,9.51178,15927553.559683,0
HPQ.US,D,20160314,000000,9.4542,9.51959,9.23575,9.3234,16711939.299349,0
HPQ.US,D,20160315,000000,9.29217,9.30876,9.10409,9.26679,13909738.676576,0
HPQ.US,D,20160316,000000,9.27557,9.48739,9.2261,9.44541,14381706.707266,0
HPQ.US,D,20160317,000000,9.44541,9.95788,9.42296,9.52838,22332728.743508,0
HPQ.US,D,20160318,000000,9.57621,9.9334,9.57621,9.90022,43592842.921172,0
HPQ.US,D,20160321,000000,9.87193,9.95005,9.74018,9.92468,17769847.92603,0
HPQ.US,D,20160322,000000,9.82802,10.0008,9.80168,9.96759,13499491.74098,0
HPQ.US,D,20160323,000000,9.95005,9.98523,9.73043,9.77142,14747889.100333,0
HPQ.US,D,20160324,000000,9.74018,9.83677,9.5235,9.80948,14866997.577088,0
HPQ.US,D,20160328,000000,9.80168,9.87193,9.72262,9.80948,12988149.413651,0
HPQ.US,D,20160329,000000,9.77923,10.0398,9.69041,9.98523,13188334.189812,0
HPQ.US,D,20160330,000000,10.0301,10.073,9.88461,10.0008,13273077.241084,0
HPQ.US,D,20160331,000000,10.0008,10.0467,9.91487,10.0145,16983717.431285,0
HPQ.US,D,20160401,000000,9.92468,9.99197,9.77923,9.96759,14662174.805483,0
HPQ.US,D,20160404,000000,9.95005,10.0008,9.82802,9.83677,13652358.103722,0
HPQ.US,D,20160405,000000,9.83677,9.87193,9.69821,9.71481,19015111.283159,0
HPQ.US,D,20160406,000000,9.77923,9.99197,9.66503,9.98523,16131932.714759,0
HPQ.US,D,20160407,000000,9.92468,9.99197,9.69821,9.74702,17490637.936584,0
HPQ.US,D,20160408,000000,9.82802,9.98523,9.79387,9.80168,10156150.669058,0
HPQ.US,D,20160411,000000,9.83677,10.1121,9.83294,9.86417,19643468.995861,0
HPQ.US,D,20160412,000000,9.91487,10.0076,9.57621,9.9334,34817298.606829,0
HPQ.US,D,20160413,000000,10.0301,10.3562,9.96759,10.278,19714490.670288,0
HPQ.US,D,20160414,000000,10.2097,10.315,10.0301,10.2019,17393871.135693,0
HPQ.US,D,20160415,000000,10.2175,10.3298,10.1618,10.1774,15362050.059586,0
HPQ.US,D,20160418,000000,10.1462,10.5347,10.1199,10.3004,19168093.416497,0
HPQ.US,D,20160419,000000,10.3229,10.4977,10.2331,10.3893,22485352.295355,0
HPQ.US,D,20160420,000000,10.4243,10.5347,10.3435,10.4059,20999811.677926,0
HPQ.US,D,20160421,000000,10.3893,10.4381,10.2252,10.2331,13531730.265968,0
HPQ.US,D,20160422,000000,10.1774,10.3472,10.1774,10.2507,14282878.575066,0
HPQ.US,D,20160425,000000,10.2019,10.278,10.0554,10.2175,17168991.364575,0
HPQ.US,D,20160426,000000,10.2331,10.3931,10.2252,10.3472,19282463.494991,0
HPQ.US,D,20160427,000000,10.2926,10.3981,10.1511,10.3747,12954059.583656,0
HPQ.US,D,20160428,000000,10.3562,10.4059,10.1774,10.2175,9849101.4372472,0
HPQ.US,D,20160429,000000,10.155,10.1696,9.86417,9.97631,16596606.173425,0
HPQ.US,D,20160502,000000,9.96759,10.0232,9.77142,9.85435,15110789.960508,0
HPQ.US,D,20160503,000000,9.79387,9.84561,9.43663,9.51959,20071242.370169,0
HPQ.US,D,20160504,000000,9.46982,9.59378,9.3644,9.42296,10669591.210363,0
HPQ.US,D,20160505,000000,9.48739,9.544,9.26679,9.30876,11040394.182059,0
HPQ.US,D,20160506,000000,9.26679,9.46201,9.24444,9.42296,10380971.018102,0
HPQ.US,D,20160509,000000,9.41418,9.4542,9.25323,9.29217,11745689.139254,0
HPQ.US,D,20160510,000000,9.33219,9.52838,9.27557,9.43663,18359994.170638,0
HPQ.US,D,20160511,000000,9.44541,9.55864,9.37319,9.503,17503206.730067,0
HPQ.US,D,20160512,000000,9.57621,9.59378,9.30876,9.39954,14882962.649542,0
HPQ.US,D,20160513,000000,9.37319,9.503,9.29217,9.34781,9355653.3507871,0
HPQ.US,D,20160516,000000,9.37319,9.49519,9.33902,9.46201,7513042.4082107,0
HPQ.US,D,20160517,000000,9.42296,9.58499,9.33219,9.37319,11722628.251372,0
HPQ.US,D,20160518,000000,9.41418,9.49519,9.3234,9.40832,8623091.8570927,0
HPQ.US,D,20160519,000000,9.3234,9.38977,9.19534,9.30192,13242690.021104,0
HPQ.US,D,20160520,000000,9.33219,9.49129,9.26679,9.4786,12804481.925437,0
HPQ.US,D,20160523,000000,9.4786,9.64941,9.44541,9.48739,11553375.739057,0
HPQ.US,D,20160524,000000,9.49519,9.69821,9.44541,9.68162,10937381.91613,0
HPQ.US,D,20160525,000000,9.95005,10.0301,9.84561,9.91487,18746796.023898,0
HPQ.US,D,20160526,000000,10.1618,10.6879,10.1199,10.5981,36687054.168198,0
HPQ.US,D,20160527,000000,10.5815,10.8168,10.5327,10.7065,23223225.917694,0
HPQ.US,D,20160531,000000,10.6635,10.8783,10.6274,10.8783,27072581.820523,0
HPQ.US,D,20160601,000000,10.8294,10.9671,10.7406,10.9262,18736593.868249,0
HPQ.US,D,20160602,000000,10.886,11.093,10.8783,11.0071,16802379.698238,0
HPQ.US,D,20160603,000000,10.9495,10.9993,10.8294,10.9262,13383626.889932,0
HPQ.US,D,20160606,000000,10.9172,11.1369,10.9172,11.1135,10694471.643176,0
HPQ.US,D,20160607,000000,11.1369,11.218,11.0637,11.1291,11748493.246505,0
HPQ.US,D,20160608,000000,11.1291,11.299,11.1057,11.2736,11416350.482024,0
HPQ.US,D,20160609,000000,11.2014,11.2872,11.0734,11.2522,11577108.711102,0
HPQ.US,D,20160610,000000,11.1458,11.1525,10.886,10.9749,12455034.018249,0
HPQ.US,D,20160613,000000,10.888,10.9017,10.6821,10.6889,16546146.586152,0
HPQ.US,D,20160614,000000,10.6733,10.8314,10.5757,10.7074,14062592.745094,0
HPQ.US,D,20160615,000000,10.7416,10.8314,10.643,10.6645,11960215.125978,0
HPQ.US,D,20160616,000000,10.6177,10.6821,10.4293,10.6489,10460884.488962,0
HPQ.US,D,20160617,000000,10.6489,10.8139,10.6353,10.764,17596891.779181,0
HPQ.US,D,20160620,000000,10.8948,10.9769,10.7153,10.7251,15154025.667534,0
HPQ.US,D,20160621,000000,10.7729,10.9622,10.7153,10.9379,16050314.445044,0
HPQ.US,D,20160622,000000,10.5113,10.643,10.3355,10.3453,22211452.385517,0
HPQ.US,D,20160623,000000,10.5289,10.643,10.4927,10.6274,16275154.259938,0
HPQ.US,D,20160624,000000,10.1823,10.3629,9.97056,10.0584,24159778.273937,0
HPQ.US,D,20160627,000000,9.93538,9.94222,9.42004,9.47567,18364191.623108,0
HPQ.US,D,20160628,000000,9.57425,9.68064,9.44248,9.67088,17725292.63912,0
HPQ.US,D,20160629,000000,9.82022,10.033,9.71481,9.99494,17301833.512396,0
HPQ.US,D,20160630,000000,10.0672,10.2986,9.96075,10.2986,17625000.469924,0
HPQ.US,D,20160701,000000,10.2986,10.4692,10.2654,10.4449,13271132.704889,0
HPQ.US,D,20160705,000000,10.3532,10.4293,10.0544,10.1414,11307623.451665,0
HPQ.US,D,20160706,000000,10.0584,10.3532,9.87881,10.3355,14631770.168687,0
HPQ.US,D,20160707,000000,10.3864,10.5649,10.3288,10.5426,16575703.946113,0
HPQ.US,D,20160708,000000,10.7074,10.7915,10.6274,10.7338,10486234.151268,0
HPQ.US,D,20160711,000000,10.8042,10.9115,10.6869,10.7952,11859276.485582,0
HPQ.US,D,20160712,000000,11.051,11.3468,11.011,11.2589,20890721.968002,0
HPQ.US,D,20160713,000000,11.2658,11.3653,11.1838,11.3293,11955964.398544,0
HPQ.US,D,20160714,000000,11.3976,11.4366,11.2804,11.3223,11429139.546994,0
HPQ.US,D,20160715,000000,11.3976,11.4278,11.298,11.3653,12167979.29032,0
HPQ.US,D,20160718,000000,11.3653,11.4874,11.3653,11.4366,8079237.4583244,0
HPQ.US,D,20160719,000000,11.4278,11.5772,11.4151,11.5264,13771127.464839,0
HPQ.US,D,20160720,000000,11.6084,11.6923,11.5186,11.6182,20963178.992908,0
HPQ.US,D,20160721,000000,11.5938,11.6337,11.4278,11.4874,22745231.668934,0
HPQ.US,D,20160722,000000,11.4942,11.6015,11.4074,11.5772,12538292.542152,0
HPQ.US,D,20160725,000000,11.5683,11.6494,11.5606,11.6182,8496756.4265367,0
HPQ.US,D,20160726,000000,11.6182,11.706,11.582,11.6337,11411026.059157,0
HPQ.US,D,20160727,000000,11.7002,11.7002,11.4044,11.4795,21475986.381754,0
HPQ.US,D,20160728,000000,11.4463,11.4678,11.338,11.4366,19672883.947745,0
HPQ.US,D,20160729,000000,11.4111,11.5938,11.3136,11.4942,19206585.602671,0
HPQ.US,D,20160801,000000,11.5351,11.6836,11.5029,11.6337,16877614.192913,0
HPQ.US,D,20160802,000000,11.4181,11.6337,11.3653,11.5351,13013020.625797,0
HPQ.US,D,20160803,000000,11.5264,11.7743,11.5186,11.7421,12362742.314353,0
HPQ.US,D,20160804,000000,11.7577,11.7977,11.5654,11.6084,18081566.913358,0
HPQ.US,D,20160805,000000,11.6836,11.7811,11.6416,11.7158,12414326.822986,0
HPQ.US,D,20160808,000000,11.7334,11.7655,11.6494,11.7002,14121683.90109,0
HPQ.US,D,20160809,000000,11.7245,11.7655,11.6836,11.6923,15127764.183725,0
HPQ.US,D,20160810,000000,11.7158,11.7334,11.6015,11.6416,14454736.438037,0
HPQ.US,D,20160811,000000,11.6494,11.7577,11.6084,11.7334,9962368.1092705,0
HPQ.US,D,20160812,000000,11.7245,11.7977,11.6875,11.7158,12178004.204262,0
HPQ.US,D,20160815,000000,11.7421,11.9695,11.7421,11.911,15538633.002076,0
HPQ.US,D,20160816,000000,11.8641,11.906,11.7977,11.8222,11415517.54845,0
HPQ.US,D,20160817,000000,11.8143,11.8993,11.7577,11.8973,12640896.025181,0
HPQ.US,D,20160818,000000,11.911,11.9794,11.8641,11.9013,11035918.060545,0
HPQ.US,D,20160819,000000,11.8641,11.8993,11.8046,11.8309,11583232.258432,0
HPQ.US,D,20160822,000000,11.7811,11.8046,11.7002,11.79,15968838.583404,0
HPQ.US,D,20160823,000000,11.8407,12.0173,11.8407,11.9559,17149550.100705,0
HPQ.US,D,20160824,000000,12.0359,12.0847,11.8046,11.8143,23934254.080655,0
HPQ.US,D,20160825,000000,11.1897,11.8807,11.1174,11.79,44049581.483723,0
HPQ.US,D,20160826,000000,11.79,12.0545,11.79,11.8046,18974280.121153,0
HPQ.US,D,20160829,000000,11.8222,11.9627,11.8046,11.8407,9778427.0746057,0
HPQ.US,D,20160830,000000,11.8407,11.8641,11.7158,11.7977,12716981.894766,0
HPQ.US,D,20160831,000000,11.7655,11.8309,11.6591,11.79,13751539.694818,0
HPQ.US,D,20160901,000000,11.8046,11.8973,11.7158,11.8973,13185391.772558,0
HPQ.US,D,20160902,000000,11.9881,12.0612,11.8564,11.8895,10058597.037926,0
HPQ.US,D,20160906,000000,11.9285,12.0359,11.9197,12.0036,9009726.7138307,0
HPQ.US,D,20160907,000000,12.0036,12.1014,11.9013,12.0545,8298895.2584301,0
HPQ.US,D,20160908,000000,11.9794,12.0545,11.9382,12.0036,12508895.007083,0
HPQ.US,D,20160909,000000,11.911,11.9197,11.5439,11.5439,20232233.164955,0
HPQ.US,D,20160912,000000,11.4658,12.0612,11.4054,11.9959,19033919.394569,0
HPQ.US,D,20160913,000000,11.8797,11.9539,11.6377,11.7382,18137850.888547,0
HPQ.US,D,20160914,000000,11.7382,11.8797,11.664,11.8115,10349398.430166,0
HPQ.US,D,20160915,000000,11.747,12.0847,11.704,12.0027,14284404.083177,0
HPQ.US,D,20160916,000000,12.2008,12.2526,11.9959,12.0261,22300469.728149,0
HPQ.US,D,20160919,000000,12.0691,12.2008,12.03,12.0535,9641548.3237253,0
HPQ.US,D,20160920,000000,12.1179,12.1443,12.0163,12.035,9933108.8842053,0
HPQ.US,D,20160921,000000,12.1101,12.4136,12.1014,12.4059,16591387.275967,0
HPQ.US,D,20160922,000000,12.3999,12.5551,12.359,12.5162,12006451.647817,0
HPQ.US,D,20160923,000000,12.5005,12.5698,12.441,12.4937,9777948.6244461,0
HPQ.US,D,20160926,000000,12.4136,12.5162,12.359,12.4321,9041657.8832558,0
HPQ.US,D,20160927,000000,12.4136,12.724,12.3756,12.6976,10946671.225759,0
HPQ.US,D,20160928,000000,12.7455,12.8216,12.5551,12.8216,11768979.519288,0
HPQ.US,D,20160929,000000,12.7963,12.9153,12.6899,12.7396,11827616.81357,0
HPQ.US,D,20160930,000000,12.806,13.0227,12.7826,12.8539,13841187.116355,0
HPQ.US,D,20161003,000000,12.7963,12.9876,12.7924,12.9525,8796439.3700245,0
HPQ.US,D,20161004,000000,12.9788,13.0296,12.6401,12.7153,14852425.849853,0
HPQ.US,D,20161005,000000,12.7738,12.9788,12.7689,12.9368,10971436.912496,0
HPQ.US,D,20161006,000000,12.9368,12.9368,12.7592,12.9153,6385488.0355057,0
HPQ.US,D,20161007,000000,12.931,12.9788,12.8167,12.8978,6469621.4982446,0
HPQ.US,D,20161010,000000,12.9876,13.1456,12.9075,12.9075,9333741.9727113,0
HPQ.US,D,20161011,000000,12.9153,12.9153,12.6811,12.7826,12866036.02401,0
HPQ.US,D,20161012,000000,12.8129,12.8802,12.6714,12.7074,12158234.06994,0
HPQ.US,D,20161013,000000,12.5835,12.6245,12.3677,12.5386,17415139.116124,0
HPQ.US,D,20161014,000000,12.1101,12.4136,11.9871,11.9871,27915206.316757,0
HPQ.US,D,20161017,000000,12.0027,12.0535,11.5976,11.6132,26647659.681321,0
HPQ.US,D,20161018,000000,11.747,11.9363,11.664,11.7636,15407773.297635,0
HPQ.US,D,20161019,000000,11.7382,11.8115,11.6182,11.6884,11981398.07137,0
HPQ.US,D,20161020,000000,11.6543,11.7255,11.5723,11.6719,8242062.1413026,0
HPQ.US,D,20161021,000000,11.5976,11.622,11.3994,11.4209,17650073.512222,0
HPQ.US,D,20161024,000000,11.4737,11.5645,11.4473,11.5645,11793491.125426,0
HPQ.US,D,20161025,000000,11.5645,11.581,11.4698,11.5069,13373282.326205,0
HPQ.US,D,20161026,000000,11.4658,11.6454,11.4561,11.5147,20933719.986727,0
HPQ.US,D,20161027,000000,11.5556,11.6679,11.4825,11.581,17041136.573019,0
HPQ.US,D,20161028,000000,11.5381,11.747,11.5381,11.664,18420557.55978,0
HPQ.US,D,20161031,000000,11.6972,11.9959,11.6132,11.9959,19767605.809623,0
HPQ.US,D,20161101,000000,12.0096,12.0485,11.6884,11.8797,30638668.591439,0
HPQ.US,D,20161102,000000,11.8202,12.277,11.8202,12.1276,26921960.177909,0
HPQ.US,D,20161103,000000,12.1443,12.3161,12.0096,12.035,12755925.893617,0
HPQ.US,D,20161104,000000,12.0027,12.359,11.9462,12.1755,14292771.326117,0
HPQ.US,D,20161107,000000,12.3336,12.5337,12.3238,12.4586,11815943.449293,0
HPQ.US,D,20161108,000000,12.441,12.6811,12.3092,12.6479,14064101.860908,0
HPQ.US,D,20161109,000000,12.475,13.0051,12.4059,12.888,20376489.473863,0
HPQ.US,D,20161110,000000,12.931,13.1603,12.7826,12.8216,19549151.818807,0
HPQ.US,D,20161111,000000,12.7455,13.1037,12.7153,13.0939,12451353.947642,0
HPQ.US,D,20161114,000000,13.1204,13.4024,13.0783,13.3262,17551220.791578,0
HPQ.US,D,20161115,000000,13.2121,13.3019,13.0939,13.1379,17250678.277033,0
HPQ.US,D,20161116,000000,13.1291,13.1603,13.0129,13.0783,12279078.081107,0
HPQ.US,D,20161117,000000,13.1291,13.2121,13.0939,13.1526,11625528.481955,0
HPQ.US,D,20161118,000000,13.1456,13.2121,13.0832,13.1379,9517423.8041847,0
HPQ.US,D,20161121,000000,13.1945,13.3019,13.1847,13.2443,12827674.97621,0
HPQ.US,D,20161122,000000,13.293,13.4024,13.1603,13.2032,23664188.943723,0
HPQ.US,D,20161123,000000,12.7074,13.0129,12.235,12.3062,28289589.98076,0
HPQ.US,D,20161125,000000,12.2838,12.6118,12.277,12.5649,10721912.347828,0
HPQ.US,D,20161128,000000,12.4673,12.5835,12.4136,12.4849,15305781.452175,0
HPQ.US,D,20161129,000000,12.4673,12.6811,12.441,12.5386,11794178.577368,0
HPQ.US,D,20161130,000000,12.5551,12.8539,12.5045,12.7455,19248640.039818,0
HPQ.US,D,20161201,000000,12.7542,12.8129,12.4321,12.4673,15489652.81958,0
HPQ.US,D,20161202,000000,12.441,12.6625,12.4321,12.5162,10120181.872056,0
HPQ.US,D,20161205,000000,12.6312,12.8714,12.6284,12.8714,13939432.297503,0
HPQ.US,D,20161206,000000,12.8392,12.9446,12.7963,12.9153,8319897.8885586,0
HPQ.US,D,20161207,000000,12.931,13.3849,12.9124,13.3693,14109331.281019,0
HPQ.US,D,20161208,000000,13.3614,13.4502,13.3262,13.376,11575629.306326,0
HPQ.US,D,20161209,000000,13.3106,13.3693,13.0296,13.0617,11917568.517113,0
HPQ.US,D,20161212,000000,12.8636,13.2238,12.8636,13.215,15214754.004163,0
HPQ.US,D,20161213,000000,13.1144,13.3145,13.0969,13.2062,13005545.738508,0
HPQ.US,D,20161214,000000,13.1633,13.2726,12.9632,13.0315,12743205.471389,0
HPQ.US,D,20161215,000000,12.9719,13.0647,12.8548,12.9456,12125566.271683,0
HPQ.US,D,20161216,000000,12.9163,12.9719,12.5629,12.5629,23672507.009773,0
HPQ.US,D,20161219,000000,12.5454,12.6537,12.4458,12.6235,12391023.12421,0
HPQ.US,D,20161220,000000,12.6537,12.7064,12.519,12.5883,14553032.845113,0
HPQ.US,D,20161221,000000,12.5981,12.8216,12.5981,12.6382,9737487.3136334,0
HPQ.US,D,20161222,000000,12.7064,12.7455,12.4723,12.6382,9094263.8368756,0
HPQ.US,D,20161223,000000,12.6157,12.6704,12.5357,12.6069,7538219.9514012,0
HPQ.US,D,20161227,000000,12.6382,12.723,12.6302,12.6976,5281077.5366837,0
HPQ.US,D,20161228,000000,12.6704,12.7826,12.4643,12.4723,6118713.6521328,0
HPQ.US,D,20161229,000000,12.4624,12.5541,12.4107,12.4723,5875658.922064,0
HPQ.US,D,20161230,000000,12.519,12.6069,12.3287,12.3882,11005388.432486,0
HPQ.US,D,20170103,000000,12.482,12.6382,12.2028,12.3971,14976640.527025,0
HPQ.US,D,20170104,000000,12.4556,12.6976,12.3971,12.5883,10907811.237428,0
HPQ.US,D,20170105,000000,12.6069,12.6537,12.4381,12.5826,14748775.308872,0
HPQ.US,D,20170106,000000,12.6459,12.6537,12.4985,12.519,8948843.6749034,0
HPQ.US,D,20170109,000000,12.5055,12.5981,12.2467,12.2565,15463972.237784,0
HPQ.US,D,20170110,000000,12.2291,12.4985,12.0183,12.2643,19032906.14573,0
HPQ.US,D,20170111,000000,12.2809,12.4985,12.2028,12.4723,17979130.426852,0
HPQ.US,D,20170112,000000,12.4284,12.4907,12.151,12.3473,13785519.901329,0
HPQ.US,D,20170113,000000,12.3473,12.4723,12.2643,12.3287,11184004.019766,0
HPQ.US,D,20170117,000000,12.2565,12.4284,12.156,12.1715,14347232.682818,0
HPQ.US,D,20170118,000000,12.196,12.2741,12.1033,12.1715,16368908.976313,0
HPQ.US,D,20170119,000000,12.3648,12.5357,12.3111,12.4039,18066760.571378,0
HPQ.US,D,20170120,000000,12.4907,12.5102,12.1882,12.2955,17593814.125478,0
HPQ.US,D,20170123,000000,12.2809,12.2926,12.0271,12.2467,18268694.200693,0
HPQ.US,D,20170124,000000,12.2721,12.727,12.2467,12.6615,14792666.707767,0
HPQ.US,D,20170125,000000,12.7396,12.8129,12.6235,12.6801,19434233.622892,0
HPQ.US,D,20170126,000000,12.7064,12.7826,12.3287,12.3473,17222851.328891,0
HPQ.US,D,20170127,000000,12.3815,12.6147,12.3385,12.356,17874773.992595,0
HPQ.US,D,20170130,000000,12.3815,12.3971,12.2028,12.3882,13464170.439697,0
HPQ.US,D,20170131,000000,12.3287,12.6147,12.1638,12.5629,17807829.901969,0
HPQ.US,D,20170201,000000,12.6235,12.6537,12.3882,12.5132,14894548.929742,0
HPQ.US,D,20170202,000000,12.4284,12.7064,12.4107,12.6976,18687004.09722,0
HPQ.US,D,20170203,000000,12.7064,12.7884,12.6235,12.7455,13964729.709363,0
HPQ.US,D,20170206,000000,12.6615,12.7738,12.5981,12.7396,9553897.6888288,0
HPQ.US,D,20170207,000000,12.7396,12.889,12.6537,12.8802,14770708.201838,0
HPQ.US,D,20170208,000000,12.8636,13.055,12.846,12.9456,15817564.322478,0
HPQ.US,D,20170209,000000,12.9456,13.1633,12.8988,13.055,9234691.5199884,0
HPQ.US,D,20170210,000000,13.0647,13.1398,12.9797,13.1231,9288953.0955734,0
HPQ.US,D,20170213,000000,13.1476,13.4482,13.1067,13.3897,19337468.871038,0
HPQ.US,D,20170214,000000,13.3224,13.6971,13.3145,13.4073,20467879.601441,0
HPQ.US,D,20170215,000000,13.3897,13.4727,13.2638,13.3409,17307808.504537,0
HPQ.US,D,20170216,000000,13.3487,13.3809,13.2638,13.2892,15046579.285353,0
HPQ.US,D,20170217,000000,13.257,13.3145,13.1231,13.3145,20803916.560902,0
HPQ.US,D,20170221,000000,13.297,13.5429,13.297,13.4658,20745485.194849,0
HPQ.US,D,20170222,000000,13.4316,13.5576,13.4316,13.5235,19921273.345867,0
HPQ.US,D,20170223,000000,13.7821,14.8587,13.7577,14.6937,44224089.776163,0
HPQ.US,D,20170224,000000,14.4731,14.7563,14.4498,14.7338,23735615.302975,0
HPQ.US,D,20170227,000000,14.7338,14.8656,14.5931,14.7338,14719298.885877,0
HPQ.US,D,20170228,000000,14.7269,14.7473,14.4995,14.4995,16587684.665954,0
HPQ.US,D,20170301,000000,14.7338,14.7845,14.5688,14.7123,11762005.621568,0
HPQ.US,D,20170302,000000,14.7406,14.765,14.4498,14.4585,14649556.835109,0
HPQ.US,D,20170303,000000,14.4429,14.5249,14.2926,14.4819,20711242.71159,0
HPQ.US,D,20170306,000000,14.6712,14.6712,14.4107,14.5522,13270136.872866,0
HPQ.US,D,20170307,000000,14.5277,14.6517,14.3433,14.5277,13703370.931008,0
HPQ.US,D,20170308,000000,14.5522,14.6352,14.4848,14.5717,8018958.8853372,0
HPQ.US,D,20170309,000000,14.5103,14.6469,14.4478,14.6048,10110714.296201,0
HPQ.US,D,20170310,000000,14.5103,14.8059,14.5103,14.6273,9320653.7483263,0
HPQ.US,D,20170313,000000,14.644,14.7171,14.5961,14.7171,8281588.0666858,0
HPQ.US,D,20170314,000000,14.6889,14.7894,14.644,14.6976,7529774.8450526,0
HPQ.US,D,20170315,000000,14.6712,14.8451,14.5366,14.7796,15950807.05705,0
HPQ.US,D,20170316,000000,14.8059,14.8987,14.7074,14.8451,10869967.571493,0
HPQ.US,D,20170317,000000,14.8451,14.8899,14.7698,14.7698,16976865.451271,0
HPQ.US,D,20170320,000000,14.7796,14.8713,14.7357,14.7698,10231596.214553,0
HPQ.US,D,20170321,000000,14.8245,14.8812,14.4283,14.4283,13376260.601609,0
HPQ.US,D,20170322,000000,14.4848,14.5522,14.3863,14.4946,12665696.545547,0
HPQ.US,D,20170323,000000,14.4946,14.6186,14.4194,14.4751,10885591.479271,0
HPQ.US,D,20170324,000000,14.5366,14.6352,14.4107,14.4946,7885992.770772,0
HPQ.US,D,20170327,000000,14.3765,14.5619,14.3248,14.4673,6773643.2777613,0
HPQ.US,D,20170328,000000,14.4946,14.644,14.4673,14.519,10391767.394505,0
HPQ.US,D,20170329,000000,14.4673,14.6186,14.4449,14.519,6511283.5447895,0
HPQ.US,D,20170330,000000,14.5103,14.8812,14.4848,14.8451,12845702.40449,0
HPQ.US,D,20170331,000000,14.8157,15.1095,14.7698,15.0402,22872267.870175,0
HPQ.US,D,20170403,000000,15.0823,15.0997,14.6615,14.7982,12527495.141229,0
HPQ.US,D,20170404,000000,14.7357,14.9241,14.7241,14.9075,8061148.5589318,0
HPQ.US,D,20170405,000000,14.9729,15.09,14.8059,14.8812,12256919.794062,0
HPQ.US,D,20170406,000000,14.8812,14.9075,14.6615,14.7698,9947323.0544688,0
HPQ.US,D,20170407,000000,14.7523,14.8334,14.5366,14.6128,16006479.394668,0
HPQ.US,D,20170410,000000,14.6352,14.7523,14.5463,14.6048,7957684.4803265,0
HPQ.US,D,20170411,000000,14.6352,14.761,14.5463,14.7523,17118884.211681,0
HPQ.US,D,20170412,000000,15.4531,15.4531,15.0178,15.1574,23018911.307286,0
HPQ.US,D,20170413,000000,15.1359,15.4356,15.09,15.3096,15099174.993787,0
HPQ.US,D,20170417,000000,15.2843,15.4111,15.2003,15.3096,9764266.1793065,0
HPQ.US,D,20170418,000000,15.3193,15.4443,15.209,15.3292,12098068.193993,0
HPQ.US,D,20170419,000000,15.4941,15.6551,15.3936,15.4619,14683320.868208,0
HPQ.US,D,20170420,000000,15.5127,15.6181,15.3848,15.578,8067256.7384843,0
HPQ.US,D,20170421,000000,15.5702,15.578,15.3642,15.3848,11831602.190702,0
HPQ.US,D,20170424,000000,15.578,15.6454,15.4443,15.5956,9421846.4693222,0
HPQ.US,D,20170425,000000,15.6229,15.7391,15.5546,15.6551,12370178.269937,0
HPQ.US,D,20170426,000000,15.5624,15.7615,15.4941,15.6737,9450913.0849014,0
HPQ.US,D,20170427,000000,15.7294,15.8386,15.6776,15.789,10929050.53134,0
HPQ.US,D,20170428,000000,15.7665,15.8386,15.5819,15.8309,9458788.5589403,0
HPQ.US,D,20170501,000000,15.8553,15.9821,15.8162,15.9265,9460865.2580267,0
HPQ.US,D,20170502,000000,15.9734,16.0076,15.8249,15.8992,12983049.360344,0
HPQ.US,D,20170503,000000,15.8474,15.908,15.7665,15.8249,8316824.33293,0
HPQ.US,D,20170504,000000,15.8474,15.8816,15.7206,15.8075,8564739.3789661,0
HPQ.US,D,20170505,000000,15.8386,15.9177,15.7391,15.908,14143749.981466,0
HPQ.US,D,20170508,000000,15.908,16.3101,15.8903,16.2447,11950868.443312,0
HPQ.US,D,20170509,000000,16.2692,16.2692,16.1256,16.1851,7933290.6938213,0
HPQ.US,D,20170510,000000,16.193,16.2944,16.1168,16.2876,8621020.2805991,0
HPQ.US,D,20170511,000000,16.2447,16.2739,16.1256,16.2008,9786912.1371777,0
HPQ.US,D,20170512,000000,16.193,16.3355,16.0915,16.236,7628485.1576192,0
HPQ.US,D,20170515,000000,16.2789,16.3306,16.2447,16.2876,8468505.3277177,0
HPQ.US,D,20170516,000000,16.3355,16.3922,16.1764,16.3804,8737797.9776688,0
HPQ.US,D,20170517,000000,16.2525,16.3306,15.9343,15.9499,13170876.393842,0
HPQ.US,D,20170518,000000,15.8718,15.8855,15.6874,15.7977,16976331.67711,0
HPQ.US,D,20170519,000000,15.8641,16.0525,15.8249,15.9821,9549374.4394621,0
HPQ.US,D,20170522,000000,16.0525,16.109,15.8641,16.0758,11601332.427529,0
HPQ.US,D,20170523,000000,16.1003,16.1003,15.8249,15.9499,9286820.0479672,0
HPQ.US,D,20170524,000000,15.9987,16.1432,15.903,15.99,15881006.608726,0
HPQ.US,D,20170525,000000,16.4604,16.4702,15.3604,15.4531,25264380.357727,0
HPQ.US,D,20170526,000000,15.3692,15.5956,15.3193,15.537,17234580.01717,0
HPQ.US,D,20170530,000000,15.5029,16.0076,15.4941,15.9343,19523429.231751,0
HPQ.US,D,20170531,000000,15.9412,15.9665,15.7468,15.781,14579323.015441,0
HPQ.US,D,20170601,000000,15.7665,15.9412,15.6385,15.9412,9913297.7691423,0
HPQ.US,D,20170602,000000,15.9577,16.1168,15.9265,15.9665,11010363.494531,0
HPQ.US,D,20170605,000000,15.9343,15.9499,15.7566,15.8162,9835287.8537339,0
HPQ.US,D,20170606,000000,15.8075,15.8162,15.3399,15.3604,20955179.552126,0
HPQ.US,D,20170607,000000,15.4356,15.4941,15.2677,15.3428,14798629.405685,0
HPQ.US,D,20170608,000000,15.3692,15.4014,15.2267,15.3779,14548590.532711,0
HPQ.US,D,20170609,000000,15.3848,15.4199,14.8059,14.9729,19291154.485789,0
HPQ.US,D,20170612,000000,14.9261,15.1389,14.7708,15.0491,14780858.107042,0
HPQ.US,D,20170613,000000,15.1037,15.2053,14.9856,15.0373,10662007.724109,0
HPQ.US,D,20170614,000000,14.9758,15.0431,14.644,14.7435,10312271.92721,0
HPQ.US,D,20170615,000000,14.644,14.7366,14.5454,14.6352,10265801.815143,0
HPQ.US,D,20170616,000000,14.6118,14.7904,14.5269,14.7074,17267543.901285,0
HPQ.US,D,20170619,000000,14.762,15.0431,14.7366,14.9943,12158017.896528,0
HPQ.US,D,20170620,000000,14.9856,15.2227,14.9475,15.1134,19211969.447613,0
HPQ.US,D,20170621,000000,15.1134,15.1222,14.8636,15.0109,17350146.733322,0
HPQ.US,D,20170622,000000,14.9943,15.0763,14.9095,15.0109,13055034.082202,0
HPQ.US,D,20170623,000000,15.0109,15.1446,14.883,15.0861,16593252.924234,0
HPQ.US,D,20170626,000000,15.1613,15.4639,15.1613,15.3897,16723515.334365,0
HPQ.US,D,20170627,000000,15.3399,15.4082,15.0578,15.0578,9797710.5626193,0
HPQ.US,D,20170628,000000,15.1515,15.3477,15.0763,15.2794,7261194.2354888,0
HPQ.US,D,20170629,000000,15.1886,15.2472,14.766,14.8919,10639639.410763,0
HPQ.US,D,20170630,000000,14.9661,15.0109,14.7904,14.8167,10542744.545054,0
HPQ.US,D,20170703,000000,14.9095,15.0402,14.8636,14.883,5088412.7266264,0
HPQ.US,D,20170705,000000,14.8919,15.0198,14.7992,14.9573,16509346.904612,0
HPQ.US,D,20170706,000000,14.8997,14.9338,14.4927,14.5708,13904298.483112,0
HPQ.US,D,20170707,000000,14.6186,14.7308,14.5473,14.7074,9546830.5599201,0
HPQ.US,D,20170710,000000,14.8567,15.1613,14.7904,15.1446,11566468.061516,0
HPQ.US,D,20170711,000000,15.1134,15.3575,15.0675,15.2053,14206485.34992,0
HPQ.US,D,20170712,000000,15.3253,15.4473,15.1486,15.2881,11970901.878898,0
HPQ.US,D,20170713,000000,15.2726,15.3897,15.213,15.3253,11087496.422067,0
HPQ.US,D,20170714,000000,15.334,15.6727,15.334,15.6112,9645287.8164067,0
HPQ.US,D,20170717,000000,15.6112,15.6805,15.4678,15.6542,10702468.010404,0
HPQ.US,D,20170718,000000,15.6376,15.6825,15.4853,15.5849,6401027.9327638,0
HPQ.US,D,20170719,000000,15.6112,15.8474,15.5605,15.8474,12752450.726719,0
HPQ.US,D,20170720,000000,16.0534,16.1549,15.8913,16.0534,13080439.068509,0
HPQ.US,D,20170721,000000,16.0534,16.3014,15.9714,16.23,10897166.489768,0
HPQ.US,D,20170724,000000,16.2047,16.4331,16.1871,16.3052,9610047.4520882,0
HPQ.US,D,20170725,000000,16.3306,16.5951,16.1921,16.4478,10930830.120049,0
HPQ.US,D,20170726,000000,16.476,16.5033,16.2554,16.3208,9471918.7885855,0
HPQ.US,D,20170727,000000,16.3832,16.4858,15.9499,16.2819,17382064.584005,0
HPQ.US,D,20170728,000000,16.1793,16.2819,15.9499,16.2477,6959376.1953577,0
HPQ.US,D,20170731,000000,16.2729,16.3755,16.1422,16.1871,15069122.791369,0
HPQ.US,D,20170801,000000,16.2213,16.2554,16.07,16.2213,7703565.9745135,0
HPQ.US,D,20170802,000000,16.2652,16.2819,15.9919,16.1871,12718989.95111,0
HPQ.US,D,20170803,000000,16.1871,16.4087,16.1031,16.4087,17691893.334623,0
HPQ.US,D,20170804,000000,16.3832,16.5951,16.3306,16.4164,10764195.25261,0
HPQ.US,D,20170807,000000,16.4164,16.4408,16.3131,16.3755,10845309.459203,0
HPQ.US,D,20170808,000000,16.358,16.5122,16.2729,16.3755,13637485.168035,0
HPQ.US,D,20170809,000000,16.2896,16.3922,16.1793,16.3755,9254864.2900972,0
HPQ.US,D,20170810,000000,16.2896,16.3306,16.0007,16.0173,15674397.076782,0
HPQ.US,D,20170811,000000,16.0534,16.1871,15.9744,16.0173,7799027.5387806,0
HPQ.US,D,20170814,000000,16.1608,16.2729,16.1187,16.1871,8985750.930891,0
HPQ.US,D,20170815,000000,16.111,16.2047,15.9841,16.1383,10909242.489834,0
HPQ.US,D,20170816,000000,16.0856,16.1579,15.9919,16.0768,11307085.57943,0
HPQ.US,D,20170817,000000,16.0007,16.1705,15.789,15.7977,10810778.061717,0
HPQ.US,D,20170818,000000,15.7665,15.8075,15.5605,15.6864,13789267.590158,0
HPQ.US,D,20170821,000000,15.663,15.8162,15.5986,15.7381,8158253.4509418,0
HPQ.US,D,20170822,000000,15.789,16.1842,15.7566,16.1187,9948065.8304125,0
HPQ.US,D,20170823,000000,16.1383,16.1462,15.9343,15.9841,11380701.334807,0
HPQ.US,D,20170824,000000,15.9587,16.7631,15.9587,16.4478,32278922.778543,0
HPQ.US,D,20170825,000000,16.561,16.6458,16.3677,16.3677,15883114.043368,0
HPQ.US,D,20170828,000000,16.4009,16.5268,16.1705,16.2554,15390070.641734,0
HPQ.US,D,20170829,000000,16.1383,16.3131,16.07,16.2819,11271431.30962,0
HPQ.US,D,20170830,000000,16.2729,16.3131,16.1549,16.2477,9391579.1180108,0
HPQ.US,D,20170831,000000,16.3208,16.358,16.111,16.1705,12312651.553756,0
HPQ.US,D,20170901,000000,16.1705,16.5189,16.1608,16.4087,8908942.7757334,0
HPQ.US,D,20170905,000000,16.3403,16.3922,16.1871,16.3052,14415144.943467,0
HPQ.US,D,20170906,000000,16.3922,16.5082,16.3306,16.4164,13739945.218468,0
HPQ.US,D,20170907,000000,16.4009,16.4214,16.2729,16.3403,6744743.6587046,0
HPQ.US,D,20170908,000000,16.2974,16.3208,16.1705,16.2047,7665358.6044949,0
HPQ.US,D,20170911,000000,16.3238,16.4408,16.2935,16.3755,8654904.1823668,0
HPQ.US,D,20170912,000000,16.4575,16.6391,16.4331,16.6215,8712023.1401678,0
HPQ.US,D,20170913,000000,16.5278,16.5278,16.2964,16.4487,9334577.9798421,0
HPQ.US,D,20170914,000000,16.3832,16.6312,16.3131,16.6039,11327651.764658,0
HPQ.US,D,20170915,000000,16.597,16.683,16.4867,16.6127,14990103.725196,0
HPQ.US,D,20170918,000000,16.6575,16.8187,16.5786,16.7142,7517861.7434363,0
HPQ.US,D,20170919,000000,16.7318,16.7406,16.5132,16.6312,6478219.2578562,0
HPQ.US,D,20170920,000000,16.6215,16.7229,16.5688,16.7229,8212750.6657917,0
HPQ.US,D,20170921,000000,16.683,16.8771,16.6693,16.8674,8834630.3477463,0
HPQ.US,D,20170922,000000,16.7953,17.0226,16.7659,17.0138,7943718.2435503,0
HPQ.US,D,20170925,000000,16.931,17.0403,16.7972,16.9367,10910681.938385,0
HPQ.US,D,20170926,000000,16.8674,17.172,16.8674,16.9632,19409069.398442,0
HPQ.US,D,20170927,000000,16.9709,17.0871,16.8596,16.9552,12832700.239663,0
HPQ.US,D,20170928,000000,16.9552,17.0998,16.9552,17.0403,9487156.4528733,0
HPQ.US,D,20170929,000000,17.0656,17.1593,17.0138,17.0324,7857448.6596496,0
HPQ.US,D,20171002,000000,17.0138,17.2637,17.0138,17.168,9735436.2275107,0
HPQ.US,D,20171003,000000,17.1075,17.2461,17.0822,17.1427,7726429.1303156,0
HPQ.US,D,20171004,000000,17.1164,17.3555,17.0909,17.2872,8206487.7839392,0
HPQ.US,D,20171005,000000,17.2101,17.4248,17.2101,17.3653,13202404.92748,0
HPQ.US,D,20171006,000000,17.2364,17.5848,17.2364,17.5614,12439373.227803,0
HPQ.US,D,20171009,000000,17.6103,17.6884,17.5369,17.5536,6542627.6650896,0
HPQ.US,D,20171010,000000,17.5907,17.5907,17.4239,17.5536,7807281.0601618,0
HPQ.US,D,20171011,000000,17.5536,17.6795,17.3126,17.4159,9787145.7274053,0
HPQ.US,D,20171012,000000,17.3653,17.4668,17.2793,17.4072,10713129.150361,0
HPQ.US,D,20171013,000000,17.8766,18.7717,17.8728,18.5247,31603123.710197,0
HPQ.US,D,20171016,000000,18.5766,18.6615,18.4975,18.5931,11303465.955418,0
HPQ.US,D,20171017,000000,18.5766,18.643,18.311,18.3872,8364201.1439071,0
HPQ.US,D,20171018,000000,18.5522,18.841,18.4888,18.5336,8911951.7866938,0
HPQ.US,D,20171019,000000,18.4653,18.7464,18.3531,18.7386,12009898.128195,0
HPQ.US,D,20171020,000000,18.7971,18.9084,18.6839,18.7873,10103433.042917,0
HPQ.US,D,20171023,000000,18.9006,19.0324,18.8586,18.8752,10170612.772809,0
HPQ.US,D,20171024,000000,18.8674,18.9504,18.7161,18.7298,9600577.8271967,0
HPQ.US,D,20171025,000000,18.6615,18.7161,18.4741,18.4888,14335042.961195,0
HPQ.US,D,20171026,000000,18.5853,18.6966,18.3199,18.3628,19934996.771748,0
HPQ.US,D,20171027,000000,18.4399,18.4808,18.19,18.3452,23931666.146816,0
HPQ.US,D,20171030,000000,18.3199,18.3695,18.19,18.2525,8742513.8365216,0
HPQ.US,D,20171031,000000,18.2847,18.52,18.2847,18.3872,11406082.757187,0
HPQ.US,D,20171101,000000,18.4311,18.4653,18.2525,18.3199,10329217.463908,0
HPQ.US,D,20171102,000000,18.2427,18.397,17.9802,18.2934,17303846.691333,0
HPQ.US,D,20171103,000000,18.3452,18.3872,18.1988,18.3199,9035655.2291132,0
HPQ.US,D,20171106,000000,18.3199,18.3695,18.2427,18.2934,15598106.303488,0
HPQ.US,D,20171107,000000,18.3199,18.3199,18.19,18.2427,7319484.2179843,0
HPQ.US,D,20171108,000000,18.2076,18.3199,18.1256,18.2778,7104236.9702055,0
HPQ.US,D,20171109,000000,18.1491,18.2612,18.0455,18.2076,6850002.6937971,0
HPQ.US,D,20171110,000000,18.1324,18.1813,18.0378,18.1168,7355949.9064799,0
HPQ.US,D,20171113,000000,18.1168,18.1988,18.0455,18.0631,5767991.2438773,0
HPQ.US,D,20171114,000000,18.0036,18.2974,17.9088,18.2271,13625798.485018,0
HPQ.US,D,20171115,000000,18.1813,18.3695,18.1256,18.2271,14814846.509701,0
HPQ.US,D,20171116,000000,18.2847,18.5599,18.271,18.4057,10967188.234098,0
HPQ.US,D,20171117,000000,18.3531,18.6615,18.3013,18.5599,12467515.727656,0
HPQ.US,D,20171120,000000,18.6098,19.0089,18.5766,18.8752,13884428.970493,0
HPQ.US,D,20171121,000000,19.0616,19.3535,19.0284,19.1631,20157882.829782,0
HPQ.US,D,20171122,000000,17.9177,18.3695,17.5692,18.2076,33302223.168846,0
HPQ.US,D,20171124,000000,18.2934,18.3628,17.9088,18.1256,11318682.104816,0
HPQ.US,D,20171127,000000,18.0631,18.1988,17.8796,18.1324,17871273.212735,0
HPQ.US,D,20171128,000000,18.1491,18.4975,18.0455,18.4808,12161054.569488,0
HPQ.US,D,20171129,000000,18.5522,18.7464,18.2173,18.2847,14177443.322785,0
HPQ.US,D,20171130,000000,18.3364,18.5814,18.1813,18.3013,16137139.317993,0
HPQ.US,D,20171201,000000,18.2427,18.4223,17.8874,18.271,11613962.692125,0
HPQ.US,D,20171204,000000,18.311,18.5424,17.9547,17.9859,15206754.563379,0
HPQ.US,D,20171205,000000,18.072,18.1324,17.9353,17.9802,10792699.407509,0
HPQ.US,D,20171206,000000,17.9859,18.0455,17.8162,17.9353,11757134.035896,0
HPQ.US,D,20171207,000000,17.9547,18.0378,17.8513,17.8913,9904036.1215148,0
HPQ.US,D,20171208,000000,17.9635,18.0221,17.7947,17.9802,15841868.975871,0
HPQ.US,D,20171211,000000,17.8913,18.2271,17.8601,18.1753,9059768.2975378,0
HPQ.US,D,20171212,000000,18.1256,18.2076,17.9235,18.0211,8353281.8252774,0
HPQ.US,D,20171213,000000,17.9849,18.0211,17.8317,17.9079,10660629.746669,0
HPQ.US,D,20171214,000000,17.8826,17.948,17.8005,17.8133,9501441.3149163,0
HPQ.US,D,20171215,000000,17.9333,18.0368,17.7459,17.9704,22147452.761182,0
HPQ.US,D,20171218,000000,18.0368,18.3296,18.0298,18.2857,14152068.047516,0
HPQ.US,D,20171219,000000,18.354,18.5706,18.2437,18.399,11378310.108528,0
HPQ.US,D,20171220,000000,18.4663,18.5551,18.2857,18.433,8554164.2985668,0
HPQ.US,D,20171221,000000,18.4741,18.5317,18.2359,18.2535,10178378.623364,0
HPQ.US,D,20171222,000000,18.2535,18.3276,18.1627,18.2622,4658604.6584926,0
HPQ.US,D,20171226,000000,18.1491,18.2984,18.1491,18.2359,3506741.5343213,0
HPQ.US,D,20171227,000000,18.1676,18.2857,18.1256,18.271,8854518.3017001,0
HPQ.US,D,20171228,000000,18.2271,18.2944,18.0972,18.1676,6070547.9618778,0
HPQ.US,D,20171229,000000,18.1813,18.275,18.0455,18.0455,6059032.3734561,0
HPQ.US,D,20180102,000000,18.19,18.3208,18.0368,18.312,7517936.53329,0
HPQ.US,D,20180103,000000,18.3023,18.4663,18.2437,18.354,6936112.4528052,0
HPQ.US,D,20180104,000000,18.3803,18.5873,18.3208,18.4906,8911010.2541529,0
HPQ.US,D,20180105,000000,18.5629,18.6985,18.2857,18.6829,7859547.8981439,0
HPQ.US,D,20180108,000000,18.7074,18.7922,18.5452,18.76,6717208.698347,0
HPQ.US,D,20180109,000000,18.7161,18.8547,18.6575,18.7327,9150400.2813939,0
HPQ.US,D,20180110,000000,18.6205,19.0167,18.6205,18.9368,9830129.4028707,0
HPQ.US,D,20180111,000000,18.965,19.2569,18.9465,19.2481,9728927.4612079,0
HPQ.US,D,20180112,000000,19.3076,19.7293,19.2861,19.6863,10270749.215187,0
HPQ.US,D,20180116,000000,19.7995,19.8484,19.536,19.6522,10841037.21688,0
HPQ.US,D,20180117,000000,19.4979,20.1753,19.4638,20.1479,12982982.766639,0
HPQ.US,D,20180118,000000,20.1246,20.2457,19.9694,20.0036,14293805.065327,0
HPQ.US,D,20180119,000000,20.1246,20.4311,20.1167,20.3579,13430368.499412,0
HPQ.US,D,20180122,000000,20.3393,20.5794,20.2115,20.4857,10653800.306062,0
HPQ.US,D,20180123,000000,20.1246,20.4955,20.0641,20.4506,8746625.229434,0
HPQ.US,D,20180124,000000,20.5199,20.6116,20.2212,20.3227,7831155.4157658,0
HPQ.US,D,20180125,000000,20.4155,20.473,20.0133,20.0309,8467849.6358502,0
HPQ.US,D,20180126,000000,20.2212,20.5443,20.2212,20.5355,9445885.7724116,0
HPQ.US,D,20180129,000000,20.6994,20.6994,20.3666,20.4506,8177956.9915579,0
HPQ.US,D,20180130,000000,20.3041,20.4057,19.9997,20.1314,9250995.7080793,0
HPQ.US,D,20180131,000000,20.2377,20.392,20.0036,20.0309,15955112.083967,0
HPQ.US,D,20180201,000000,19.9459,20.1626,19.8747,20.0133,8519299.9325536,0
HPQ.US,D,20180202,000000,19.8249,19.9196,19.2988,19.3076,10558176.867865,0
HPQ.US,D,20180205,000000,19.171,19.3769,18.2788,18.2857,15383645.88595,0
HPQ.US,D,20180206,000000,17.7371,18.4584,17.1866,18.4077,23797165.303474,0
HPQ.US,D,20180207,000000,18.3452,18.4868,18.0767,18.2173,13748783.739938,0
HPQ.US,D,20180208,000000,18.271,18.3296,17.1017,17.1095,19337777.25112,0
HPQ.US,D,20180209,000000,17.2735,17.4443,17.2735,17.2735,15361695.576171,0
HPQ.US,D,20180212,000000,17.4286,17.7088,17.2969,17.5322,14562310.885036,0
HPQ.US,D,20180213,000000,17.4356,17.7459,17.4356,17.6766,13562066.260022,0
HPQ.US,D,20180214,000000,17.5575,18.3374,17.4795,18.2857,14118969.95147,0
HPQ.US,D,20180215,000000,18.4496,18.4906,17.9939,18.4242,9201031.9877816,0
HPQ.US,D,20180216,000000,18.3803,18.6467,18.3179,18.3803,7062211.2195777,0
HPQ.US,D,20180220,000000,18.271,18.5404,18.2359,18.3715,9413455.6624563,0
HPQ.US,D,20180221,000000,18.4242,18.6682,18.1813,18.1813,8684550.6754412,0
HPQ.US,D,20180222,000000,18.2622,18.5873,18.2535,18.3715,12435207.535407,0
HPQ.US,D,20180223,000000,19.54,19.9459,18.8976,19.0089,25958362.581172,0
HPQ.US,D,20180226,000000,19.3691,20.23,19.3691,20.1479,24904747.711704,0
HPQ.US,D,20180227,000000,20.0738,20.4691,19.9772,20.2027,17586844.325831,0
HPQ.US,D,20180228,000000,20.3305,20.5277,20.0914,20.0914,15631132.683235,0
HPQ.US,D,20180301,000000,20.1579,20.4311,19.7723,20.0563,14020394.875352,0
HPQ.US,D,20180302,000000,19.9528,20.2944,19.8249,20.2457,11773570.386879,0
HPQ.US,D,20180305,000000,20.349,20.5082,20.349,20.349,11682245.828488,0
HPQ.US,D,20180306,000000,20.4408,20.7424,20.3754,20.5717,11500652.990323,0
HPQ.US,D,20180307,000000,20.3949,20.7326,20.353,20.6488,9803674.2850572,0
HPQ.US,D,20180308,000000,20.7424,20.8186,20.3989,20.5717,8281660.8075023,0
HPQ.US,D,20180309,000000,20.6682,21.2587,20.6136,21.1739,15010293.912121,0
HPQ.US,D,20180312,000000,21.209,21.209,20.4604,20.4691,22850392.350247,0
HPQ.US,D,20180313,000000,20.554,20.7444,20.3481,20.4057,19624607.609488,0
HPQ.US,D,20180314,000000,20.554,20.5726,20.1157,20.2856,10770211.225493,0
HPQ.US,D,20180315,000000,20.3481,20.4232,20.191,20.2856,11944732.601759,0
HPQ.US,D,20180316,000000,20.3657,20.5804,20.2934,20.312,23209514.786035,0
HPQ.US,D,20180319,000000,20.2612,20.2856,19.8806,20.0436,11493970.055869,0
HPQ.US,D,20180320,000000,20.0885,20.352,20.0611,20.1157,9725838.5378013,0
HPQ.US,D,20180321,000000,20.0972,20.3657,20.0279,20.1157,7335206.4795427,0
HPQ.US,D,20180322,000000,19.9069,19.9577,19.3788,19.413,15571189.127813,0
HPQ.US,D,20180323,000000,19.4491,19.6131,18.8626,18.8791,19485821.20508,0
HPQ.US,D,20180326,000000,19.2237,19.3876,18.9368,19.1817,11306293.626596,0
HPQ.US,D,20180327,000000,19.206,19.3008,18.7317,18.8079,17463951.277579,0
HPQ.US,D,20180328,000000,18.7405,18.8928,18.7405,18.7405,15448913.864242,0
HPQ.US,D,20180329,000000,18.8537,19.0773,18.8079,18.9368,9754938.9624923,0
HPQ.US,D,20180402,000000,18.8713,18.9045,18.0739,18.2671,11665550.274313,0
HPQ.US,D,20180403,000000,18.4389,18.6263,18.152,18.4214,9394719.2673446,0
HPQ.US,D,20180404,000000,18.0328,18.6712,17.9802,18.6098,9500482.3655602,0
HPQ.US,D,20180405,000000,18.6976,18.8626,18.5766,18.6185,8320856.8379146,0
HPQ.US,D,20180406,000000,18.3852,18.6809,17.7985,17.9557,12219525.891766,0
HPQ.US,D,20180409,000000,18.0914,18.4214,17.9313,18.0475,9501110.3954269,0
HPQ.US,D,20180410,000000,18.3072,18.9318,18.3072,18.7913,13605382.904014,0
HPQ.US,D,20180411,000000,18.6185,18.8596,18.5784,18.6546,11269107.701565,0
HPQ.US,D,20180412,000000,18.8352,19.093,18.8011,18.9553,9301332.3531268,0
HPQ.US,D,20180413,000000,19.0411,19.1124,18.7005,18.8079,6791095.9511388,0
HPQ.US,D,20180416,000000,18.9836,19.0324,18.7698,18.8791,9544543.8345325,0
HPQ.US,D,20180417,000000,19.086,19.1075,18.9747,19.0498,6619382.5452829,0
HPQ.US,D,20180418,000000,19.1027,19.1299,18.9836,19.0324,9207233.3985215,0
HPQ.US,D,20180419,000000,18.9279,18.9465,18.5649,18.7151,8135384.1480283,0
HPQ.US,D,20180420,000000,18.7151,18.8079,18.515,18.6,8593866.4411394,0
HPQ.US,D,20180423,000000,18.6263,18.7005,18.3501,18.4721,7377924.8047054,0
HPQ.US,D,20180424,000000,18.4798,18.6976,18.1714,18.3169,8485729.53346,0
HPQ.US,D,20180425,000000,18.2906,18.4555,18.2125,18.4135,8425316.7485437,0
HPQ.US,D,20180426,000000,18.5766,18.6,18.4302,18.5599,6518686.7157803,0
HPQ.US,D,20180427,000000,18.5931,18.7151,18.5424,18.6712,8376756.6186498,0
HPQ.US,D,20180430,000000,18.7151,18.8879,18.4721,18.5687,8722905.5761299,0
HPQ.US,D,20180501,000000,18.5336,18.9123,18.4868,18.8537,9576102.0792079,0
HPQ.US,D,20180502,000000,18.9279,18.9279,18.5766,18.6185,9810653.3053711,0
HPQ.US,D,20180503,000000,18.5424,18.5766,18.1109,18.4214,6896218.725265,0
HPQ.US,D,20180504,000000,18.3256,18.8118,18.3256,18.7317,7578381.0782811,0
HPQ.US,D,20180507,000000,18.758,18.8879,18.7151,18.8254,7929504.0732868,0
HPQ.US,D,20180508,000000,18.7913,18.9962,18.7054,18.9747,7376009.9795489,0
HPQ.US,D,20180509,000000,19.0167,19.5437,19.0002,19.5097,7278433.8090093,0
HPQ.US,D,20180510,000000,19.5868,19.6814,19.4491,19.656,5729641.4657813,0
HPQ.US,D,20180511,000000,19.6316,19.7341,19.5527,19.6218,6417107.7512937,0
HPQ.US,D,20180514,000000,19.7166,19.9303,19.4569,19.5008,8860252.5319845,0
HPQ.US,D,20180515,000000,19.3545,19.3613,18.8215,19.0411,9889819.9022143,0
HPQ.US,D,20180516,000000,19.0588,19.25,19.0002,19.206,7127644.1453539,0
HPQ.US,D,20180517,000000,19.1476,19.413,19.1124,19.2676,8433716.7760766,0
HPQ.US,D,20180518,000000,19.2676,19.292,19.1027,19.1299,7286602.2953514,0
HPQ.US,D,20180521,000000,19.3008,19.3008,19.0089,19.086,7349377.6200275,0
HPQ.US,D,20180522,000000,19.1124,19.2325,19.0167,19.0675,10042513.121322,0
HPQ.US,D,20180523,000000,18.8966,18.9191,18.6185,18.9191,11413921.348559,0
HPQ.US,D,20180524,000000,18.8352,18.9874,18.5247,18.9368,9593646.9592543,0
HPQ.US,D,20180525,000000,18.8879,18.9914,18.8352,18.9279,8950365.0849395,0
HPQ.US,D,20180529,000000,18.7825,18.8118,18.3169,18.4037,15693253.340563,0
HPQ.US,D,20180530,000000,19.3496,19.4227,18.1783,19.1476,21044027.849198,0
HPQ.US,D,20180531,000000,19.1027,19.2841,18.9747,19.0324,17572366.854302,0
HPQ.US,D,20180601,000000,19.1299,19.6218,19.1027,19.5966,10683404.793876,0
HPQ.US,D,20180604,000000,19.6131,19.7244,19.5263,19.6483,9460156.2911951,0
HPQ.US,D,20180605,000000,19.7341,20.3032,19.6814,20.2359,16525478.973587,0
HPQ.US,D,20180606,000000,20.3218,20.391,20.0279,20.312,11723669.162212,0
HPQ.US,D,20180607,000000,20.3295,20.4779,20.191,20.3481,10755109.822171,0
HPQ.US,D,20180608,000000,20.2193,20.516,20.2193,20.4857,7845901.3111531,0
HPQ.US,D,20180611,000000,20.4604,20.9084,20.4311,20.7444,10589243.343641,0
HPQ.US,D,20180612,000000,20.8489,20.8489,20.4672,20.5268,7005701.8503098,0
HPQ.US,D,20180613,000000,20.5268,20.639,20.4584,20.4584,9289557.5615137,0
HPQ.US,D,20180614,000000,20.5355,20.8489,20.5355,20.6839,9484873.8255599,0
HPQ.US,D,20180615,000000,20.597,20.597,20.3725,20.5023,14984894.048406,0
HPQ.US,D,20180618,000000,20.3091,20.639,20.2505,20.5531,6391131.0836398,0
HPQ.US,D,20180619,000000,20.2583,20.4789,20.1237,20.4388,10189689.308076,0
HPQ.US,D,20180620,000000,20.5111,20.5872,20.2505,20.2505,7864058.853288,0
HPQ.US,D,20180621,000000,20.4584,20.5268,20.2583,20.4222,10254494.203986,0
HPQ.US,D,20180622,000000,20.5531,20.7718,20.5023,20.6839,17387590.837026,0
HPQ.US,D,20180625,000000,20.5355,20.6488,19.9382,20.0661,10108922.41327,0
HPQ.US,D,20180626,000000,20.1021,20.1841,19.9782,20.0329,7897196.9055566,0
HPQ.US,D,20180627,000000,19.9714,20.1354,19.8249,19.8249,8653973.91953,0
HPQ.US,D,20180628,000000,19.8386,19.8561,19.4188,19.7009,11277471.870948,0
HPQ.US,D,20180629,000000,19.8162,20.0329,19.7009,19.7186,8728765.822195,0
HPQ.US,D,20180702,000000,19.5886,19.8659,19.4491,19.8659,6738166.2496594,0
HPQ.US,D,20180703,000000,19.9196,19.9293,19.5966,19.6336,4164503.9537209,0
HPQ.US,D,20180705,000000,19.8328,19.9782,19.5106,19.7703,8237129.0845187,0
HPQ.US,D,20180706,000000,19.7995,20.1793,19.6415,19.9967,6184904.7216308,0
HPQ.US,D,20180709,000000,20.112,20.3725,19.9967,20.3091,8120394.4172278,0
HPQ.US,D,20180710,000000,20.3003,20.8302,20.3003,20.7444,12060814.650738,0
HPQ.US,D,20180711,000000,20.5531,20.6059,20.0279,20.0406,7863078.3890425,0
HPQ.US,D,20180712,000000,20.233,20.5228,20.1753,20.4487,7301408.6373327,0
HPQ.US,D,20180713,000000,20.2583,20.6585,20.2505,20.6059,5958557.8399588,0
HPQ.US,D,20180716,000000,20.5872,20.6311,20.4262,20.4837,4362718.5807247,0
HPQ.US,D,20180717,000000,20.3188,20.6096,20.3188,20.5023,4711581.4878248,0
HPQ.US,D,20180718,000000,20.5111,20.5754,20.2662,20.4487,7442033.0280059,0
HPQ.US,D,20180719,000000,20.3354,20.4487,20.1354,20.1519,6968837.6241008,0
HPQ.US,D,20180720,000000,20.1519,20.1616,19.8933,19.9382,7963469.9365379,0
HPQ.US,D,20180723,000000,19.8747,20.1207,19.6932,20.0231,6439455.5742689,0
HPQ.US,D,20180724,000000,20.2055,20.3813,19.901,19.9782,8275829.2479565,0
HPQ.US,D,20180725,000000,19.9099,20.2583,19.9099,20.2417,6775942.2973714,0
HPQ.US,D,20180726,000000,20.1793,20.5482,20.1793,20.3813,7424386.7206237,0
HPQ.US,D,20180727,000000,20.3813,20.4623,20.0845,20.1871,5456889.0167109,0
HPQ.US,D,20180730,000000,20.2055,20.3266,19.9625,20.0758,4911401.5353854,0
HPQ.US,D,20180731,000000,20.0943,20.1753,20.0329,20.0582,7010570.3624253,0
HPQ.US,D,20180801,000000,20.112,20.2505,19.9538,19.9967,4999054.2193189,0
HPQ.US,D,20180802,000000,19.8933,20.2153,19.8933,20.1704,6045959.5168494,0
HPQ.US,D,20180803,000000,20.2153,20.4086,20.1793,20.2826,5860123.1228803,0
HPQ.US,D,20180806,000000,20.233,20.7092,20.233,20.6311,6500903.1229135,0
HPQ.US,D,20180807,000000,20.7092,20.92,20.6839,20.8489,7262657.2479678,0
HPQ.US,D,20180808,000000,20.839,21.0763,20.797,20.9796,6406716.0597136,0
HPQ.US,D,20180809,000000,20.9728,21.1328,20.8967,20.925,5565749.2344815,0
HPQ.US,D,20180810,000000,20.7805,20.9347,20.7805,20.8489,6139819.7586341,0
HPQ.US,D,20180813,000000,20.9005,20.9981,20.677,20.6839,5329241.1779016,0
HPQ.US,D,20180814,000000,20.797,21.0713,20.797,20.9884,5835500.8687399,0
HPQ.US,D,20180815,000000,20.7805,20.9347,20.7531,20.8849,7270644.394528,0
HPQ.US,D,20180816,000000,21.0128,21.1104,20.9044,20.9796,7048595.3681431,0
HPQ.US,D,20180817,000000,20.925,21.3974,20.9171,21.3261,8658010.5225887,0
HPQ.US,D,20180820,000000,21.3261,21.5516,21.248,21.3261,7002477.6904554,0
HPQ.US,D,20180821,000000,21.3778,21.4891,21.1621,21.2832,9411560.303152,0
HPQ.US,D,20180822,000000,21.2567,21.4052,21.0763,21.2832,6068347.2960478,0
HPQ.US,D,20180823,000000,21.2929,21.4754,21.2734,21.4052,9391781.9726823,0
HPQ.US,D,20180824,000000,20.8586,21.1846,20.5794,20.9884,14795082.522492,0
HPQ.US,D,20180827,000000,21.1983,21.3437,21.0928,21.1427,7594352.2978456,0
HPQ.US,D,20180828,000000,21.2383,21.369,21.124,21.2832,6466369.6763897,0
HPQ.US,D,20180829,000000,21.3358,21.9693,21.3026,21.7965,12906077.282219,0
HPQ.US,D,20180830,000000,21.7614,21.9527,21.4569,21.494,11055453.580119,0
HPQ.US,D,20180831,000000,21.3437,21.494,21.2218,21.4218,10285989.953031,0
HPQ.US,D,20180904,000000,21.3193,21.6239,21.1943,21.5604,10248550.971918,0
HPQ.US,D,20180905,000000,21.578,21.6638,21.2754,21.4481,14666342.546915,0
HPQ.US,D,20180906,000000,21.4754,21.6551,21.4149,21.4481,8844585.5944273,0
HPQ.US,D,20180907,000000,21.5184,21.6902,21.4306,21.4754,16567619.470292,0
HPQ.US,D,20180910,000000,21.535,21.6326,21.3525,21.4218,13331289.360171,0
HPQ.US,D,20180911,000000,21.369,21.6843,21.2774,21.5692,15695686.572102,0
HPQ.US,D,20180912,000000,21.5018,21.5789,21.3388,21.5018,7952323.1747917,0
HPQ.US,D,20180913,000000,21.5984,21.9293,21.5614,21.86,7797165.9885884,0
HPQ.US,D,20180914,000000,21.86,21.982,21.8112,21.8864,6303944.5556431,0
HPQ.US,D,20180917,000000,21.8864,22.065,21.8337,21.86,6793119.3752609,0
HPQ.US,D,20180918,000000,21.8337,22.0875,21.816,21.9909,8692412.8307391,0
HPQ.US,D,20180919,000000,21.982,22.1382,21.8903,22.0777,8162491.8841535,0
HPQ.US,D,20180920,000000,22.2338,22.5326,22.2006,22.4544,11597113.460169,0
HPQ.US,D,20180921,000000,22.5394,22.8468,22.4886,22.5765,25074524.777514,0
HPQ.US,D,20180924,000000,22.4886,22.6809,22.4808,22.6087,11033676.413974,0
HPQ.US,D,20180925,000000,22.6008,22.674,22.3051,22.3403,7218023.0731301,0
HPQ.US,D,20180926,000000,22.4711,22.9161,22.4711,22.6975,11862102.107723,0
HPQ.US,D,20180927,000000,22.7337,22.7424,22.3588,22.3997,9076940.2528345,0
HPQ.US,D,20180928,000000,22.3236,22.6233,22.27,22.5237,10496782.594184,0
HPQ.US,D,20181001,000000,22.5502,22.7052,22.3149,22.3754,9808525.3803576,0
HPQ.US,D,20181002,000000,22.3754,22.8557,22.3754,22.7951,16452440.022149,0
HPQ.US,D,20181003,000000,22.8986,23.0206,22.6975,22.7776,9970424.9230916,0
HPQ.US,D,20181004,000000,23.5028,23.6677,22.9161,23.0937,14822751.694778,0
HPQ.US,D,20181005,000000,22.963,23.1016,22.0387,22.148,17942687.277764,0
HPQ.US,D,20181008,000000,22.0162,22.1528,21.7975,21.86,13180588.829629,0
HPQ.US,D,20181009,000000,21.738,21.9557,21.6326,21.825,11012780.333773,0
HPQ.US,D,20181010,000000,21.6843,21.8464,21.1699,21.2061,16280934.593557,0
HPQ.US,D,20181011,000000,21.0362,21.1006,19.9625,20.1129,20600575.243111,0
HPQ.US,D,20181012,000000,20.5062,20.7678,20.3383,20.6887,14055045.116989,0
HPQ.US,D,20181015,000000,20.6438,20.84,20.5754,20.5921,10420547.144893,0
HPQ.US,D,20181016,000000,20.7765,20.9601,20.5921,20.9416,9268986.2536918,0
HPQ.US,D,20181017,000000,21.0031,21.0909,20.6223,20.8635,8969016.445012,0
HPQ.US,D,20181018,000000,20.8107,21.0557,20.5754,20.7765,8244036.3885347,0
HPQ.US,D,20181019,000000,20.8635,21.1973,20.6682,20.8352,13531606.299225,0
HPQ.US,D,20181022,000000,20.9766,21.3525,20.9317,21.0743,11938843.669174,0
HPQ.US,D,20181023,000000,20.6341,21.0909,20.3295,20.922,11008695.578343,0
HPQ.US,D,20181024,000000,20.9503,21.0118,20.1217,20.1539,13066613.190773,0
HPQ.US,D,20181025,000000,20.3481,21.0264,20.3383,20.7942,12844195.337713,0
HPQ.US,D,20181026,000000,20.3754,20.6535,19.9675,20.2173,14152222.749815,0
HPQ.US,D,20181029,000000,20.5218,20.7269,19.8386,20.1217,11323805.722049,0
HPQ.US,D,20181030,000000,20.1636,20.7132,20.0855,20.6887,10801812.499947,0
HPQ.US,D,20181031,000000,20.8352,21.3016,20.7863,21.1006,11432313.505441,0
HPQ.US,D,20181101,000000,21.1876,21.4149,20.9601,21.4052,8422440.9249939,0
HPQ.US,D,20181102,000000,21.2919,21.7019,21.2373,21.5272,13491801.704797,0
HPQ.US,D,20181105,000000,21.5272,21.6502,21.3437,21.5359,8053461.5963048,0
HPQ.US,D,20181106,000000,21.494,21.7459,21.4394,21.7459,7373340.0842262,0
HPQ.US,D,20181107,000000,21.9176,22.2964,21.5525,22.2602,9414344.9445515,0
HPQ.US,D,20181108,000000,22.2202,22.4808,22.1743,22.2866,8633286.8411127,0
HPQ.US,D,20181109,000000,22.1655,22.2787,21.6403,21.8502,8152860.3853322,0
HPQ.US,D,20181112,000000,21.6502,21.7292,20.922,20.9699,8918116.3147661,0
HPQ.US,D,20181113,000000,20.9699,21.2647,20.7863,20.9317,8947726.9496915,0
HPQ.US,D,20181114,000000,21.2061,21.3428,20.7054,20.7404,11383762.596213,0
HPQ.US,D,20181115,000000,20.5834,21.3525,20.4662,21.124,12111485.28883,0
HPQ.US,D,20181116,000000,20.9699,21.3016,20.9416,21.1162,9922038.9613498,0
HPQ.US,D,20181119,000000,21.0557,21.124,20.3706,20.5834,11444564.698176,0
HPQ.US,D,20181120,000000,20.1636,20.2075,19.6415,19.7615,12341548.099256,0
HPQ.US,D,20181121,000000,19.901,20.1676,19.8054,19.8054,9402612.1581987,0
HPQ.US,D,20181123,000000,19.5682,19.8933,19.4647,19.6747,4472442.4676269,0
HPQ.US,D,20181126,000000,19.9723,20.0339,19.6443,19.9382,12408873.310782,0
HPQ.US,D,20181127,000000,19.779,19.8971,19.6415,19.8659,11640254.911491,0
HPQ.US,D,20181128,000000,19.9293,20.4876,19.7615,20.4789,10301102.626056,0
HPQ.US,D,20181129,000000,20.3569,20.3569,19.8054,19.9791,19842012.493317,0
HPQ.US,D,20181130,000000,20.2934,20.312,19.5966,20.1031,21924151.773138,0
HPQ.US,D,20181203,000000,20.4525,20.9904,20.4525,20.9317,15074466.680089,0
HPQ.US,D,20181204,000000,20.8811,21.124,20.1324,20.312,17414271.348918,0
HPQ.US,D,20181206,000000,19.8933,21.0557,19.8386,20.9952,22737947.342094,0
HPQ.US,D,20181207,000000,20.8908,20.8986,19.779,20.0416,19902404.787863,0
HPQ.US,D,20181210,000000,19.9293,20.1539,19.4951,20.0416,15001367.282056,0
HPQ.US,D,20181211,000000,20.1891,20.4525,19.5643,19.7088,14948267.5105,0
HPQ.US,D,20181212,000000,19.9801,20.234,19.8259,19.8494,11589613.984436,0
HPQ.US,D,20181213,000000,19.9216,20.1666,19.5956,19.6208,12901458.752629,0
HPQ.US,D,20181214,000000,19.4364,19.7478,19.3125,19.3759,13586193.671706,0
HPQ.US,D,20181217,000000,19.2784,19.6073,18.7356,18.8567,13269507.818481,0
HPQ.US,D,20181218,000000,19.0149,19.2949,18.8098,18.847,13506506.619443,0
HPQ.US,D,20181219,000000,18.8909,19.0391,17.9031,18.0885,20634539.057324,0
HPQ.US,D,20181220,000000,18.0533,18.1656,17.4463,17.6688,18511199.788822,0
HPQ.US,D,20181221,000000,17.5868,17.9401,17.2793,17.2959,24030994.244064,0
HPQ.US,D,20181224,000000,17.0773,17.5077,17.0061,17.0607,7186759.889795,0
HPQ.US,D,20181226,000000,17.1925,17.9128,16.9153,17.8943,16010707.582695,0
HPQ.US,D,20181227,000000,17.6229,17.95,17.2959,17.9401,13567284.13296,0
HPQ.US,D,20181228,000000,18.0982,18.3052,17.8532,17.9031,11080536.867605,0
HPQ.US,D,20181231,000000,18.0358,18.1783,17.8162,18.0104,9667829.2733865,0
HPQ.US,D,20190102,000000,17.6317,18.2867,17.6034,18.1607,10755022.738096,0
HPQ.US,D,20190103,000000,17.9128,17.9587,17.3467,17.5458,15289541.808753,0
HPQ.US,D,20190104,000000,17.9401,18.3881,17.8444,18.2398,10474766.715217,0
HPQ.US,D,20190107,000000,18.2671,18.6214,18.2535,18.4429,9278443.5843609,0
HPQ.US,D,20190108,000000,18.6809,18.8518,18.3442,18.6712,7220339.5095554,0
HPQ.US,D,20190109,000000,18.7845,18.8909,18.4878,18.6712,9459209.6360614,0
HPQ.US,D,20190110,000000,18.5911,18.9475,18.5394,18.9006,9105143.1992821,0
HPQ.US,D,20190111,000000,18.6976,18.7405,18.31,18.6341,14228416.193848,0
HPQ.US,D,20190114,000000,18.433,18.5659,18.2027,18.3003,10935290.873785,0
HPQ.US,D,20190115,000000,18.31,18.5492,18.1744,18.4925,10041593.103671,0
HPQ.US,D,20190116,000000,18.4429,18.6439,18.2319,18.5297,9807441.4397393,0
HPQ.US,D,20190117,000000,18.4429,18.882,18.4154,18.6898,12831731.045121,0
HPQ.US,D,20190118,000000,18.8039,19.1817,18.7405,19.1466,12299892.199824,0
HPQ.US,D,20190122,000000,19.0304,19.0578,18.6439,18.7679,17320263.576464,0
HPQ.US,D,20190123,000000,18.847,18.9924,18.6537,18.8733,11402194.709318,0
HPQ.US,D,20190124,000000,18.9708,19.3223,18.9328,19.1621,6388070.8467522,0
HPQ.US,D,20190125,000000,19.3125,19.4716,19.2217,19.453,8282192.5326261,0
HPQ.US,D,20190128,000000,19.2169,19.3662,19.085,19.3486,6853728.8677374,0
HPQ.US,D,20190129,000000,19.4716,19.5653,19.2344,19.2608,7738049.2196287,0
HPQ.US,D,20190130,000000,19.4452,19.5769,19.2861,19.5428,8587366.8955036,0
HPQ.US,D,20190131,000000,19.5428,19.5956,19.3759,19.3925,12726907.430409,0
HPQ.US,D,20190201,000000,19.5068,19.6208,19.3027,19.5956,9027576.9004028,0
HPQ.US,D,20190204,000000,19.6034,19.8903,19.5068,19.8494,7368571.9749279,0
HPQ.US,D,20190205,000000,19.8668,20.0835,19.862,20.0699,7891299.7768239,0
HPQ.US,D,20190206,000000,20.0699,20.3257,20.0699,20.3071,6630753.6765899,0
HPQ.US,D,20190207,000000,20.1753,20.2592,19.9742,20.1237,8642409.1542182,0
HPQ.US,D,20190208,000000,19.9391,20.1841,19.8943,20.1753,7804841.6815113,0
HPQ.US,D,20190211,000000,20.2466,20.4213,20.0611,20.1237,8057977.6740418,0
HPQ.US,D,20190212,000000,20.2554,20.5989,20.2466,20.554,7889941.2652361,0
HPQ.US,D,20190213,000000,20.6331,20.7199,20.4388,20.5277,11145626.579668,0
HPQ.US,D,20190214,000000,20.4487,20.6517,20.4125,20.4487,8743400.0450611,0
HPQ.US,D,20190215,000000,20.5355,20.5989,20.3706,20.4936,12343333.835077,0
HPQ.US,D,20190219,000000,20.4584,20.5892,20.4008,20.4672,8153301.9528242,0
HPQ.US,D,20190220,000000,20.4936,20.7112,20.4672,20.5804,8701993.1036333,0
HPQ.US,D,20190221,000000,20.4291,20.7932,20.4291,20.5892,10918030.809893,0
HPQ.US,D,20190222,000000,20.7288,20.9699,20.7044,20.8986,7645003.4700855,0
HPQ.US,D,20190225,000000,20.9766,21.2081,20.9552,21.047,14803409.809207,0
HPQ.US,D,20190226,000000,20.9317,21.1172,20.9143,21.0372,10794584.521628,0
HPQ.US,D,20190227,000000,20.9064,21.0274,20.7853,20.9952,12367946.86855,0
HPQ.US,D,20190228,000000,17.6512,17.9031,17.0236,17.3682,60785955.55032,0
HPQ.US,D,20190301,000000,17.5369,17.5624,17.1554,17.254,33746075.337166,0
HPQ.US,D,20190304,000000,17.2637,17.5272,17.0333,17.1925,24321911.4069,0
HPQ.US,D,20190305,000000,17.2003,17.377,17.0333,17.0412,17638766.925583,0
HPQ.US,D,20190306,000000,17.0148,17.0333,16.7786,16.7972,16370827.899544,0
HPQ.US,D,20190307,000000,16.7239,16.7425,16.4897,16.5658,16218068.086731,0
HPQ.US,D,20190308,000000,16.3101,16.5072,16.2505,16.4985,11631519.866394,0
HPQ.US,D,20190311,000000,16.5317,16.9113,16.5317,16.7601,13444647.214345,0
HPQ.US,D,20190312,000000,16.7972,16.9689,16.7425,16.921,21415112.563493,0
HPQ.US,D,20190313,000000,16.9562,17.4267,16.9123,17.4082,28472909.13267,0
HPQ.US,D,20190314,000000,17.4179,17.495,17.2999,17.4346,20869806.421949,0
HPQ.US,D,20190315,000000,17.4443,17.7283,17.4346,17.702,25410533.050457,0
HPQ.US,D,20190318,000000,17.6747,17.8162,17.6113,17.7088,14905866.786085,0
HPQ.US,D,20190319,000000,17.7791,18.0036,17.6747,17.7556,14644012.140755,0
HPQ.US,D,20190320,000000,17.7654,17.8952,17.5781,17.7459,13039183.755826,0
HPQ.US,D,20190321,000000,17.7088,18.0603,17.7088,17.951,13340451.6295,0
HPQ.US,D,20190322,000000,17.8532,17.9041,17.1593,17.168,17759323.047039,0
HPQ.US,D,20190325,000000,17.1154,17.1505,16.7425,16.8402,17890943.968758,0
HPQ.US,D,20190326,000000,16.9562,17.1866,16.8646,16.9826,12381793.236658,0
HPQ.US,D,20190327,000000,16.9641,17.2042,16.7425,16.806,15249882.695959,0
HPQ.US,D,20190328,000000,16.8313,17.0899,16.7835,16.8646,17661188.513893,0
HPQ.US,D,20190329,000000,17.0636,17.292,17.0363,17.2491,13697631.578131,0
HPQ.US,D,20190401,000000,17.5145,17.8357,17.3477,17.7985,15723782.968621,0
HPQ.US,D,20190402,000000,17.8786,17.9265,17.4618,17.5048,18696191.979512,0
HPQ.US,D,20190403,000000,17.5614,17.7791,17.4531,17.5342,15831550.025108,0
HPQ.US,D,20190404,000000,17.5614,17.6259,17.4443,17.5429,10536940.64751,0
HPQ.US,D,20190405,000000,17.5692,17.702,17.5342,17.5692,7120021.7273951,0
HPQ.US,D,20190408,000000,17.5243,17.7654,17.5243,17.702,8218848.6001587,0
HPQ.US,D,20190409,000000,17.5848,17.6492,17.3096,17.3897,14136755.593374,0
HPQ.US,D,20190410,000000,17.3827,17.7556,17.373,17.7283,14375776.79394,0
HPQ.US,D,20190411,000000,17.7186,17.8357,17.6395,17.702,13490384.795653,0
HPQ.US,D,20190412,000000,17.7888,17.9742,17.7722,17.941,9656642.5554171,0
HPQ.US,D,20190415,000000,17.9597,18.0036,17.7654,17.9313,10003585.514768,0
HPQ.US,D,20190416,000000,17.9772,18.2964,17.9313,18.2612,12110920.779113,0
HPQ.US,D,20190417,000000,18.2867,18.3316,18.1364,18.1969,9767582.5458297,0
HPQ.US,D,20190418,000000,18.188,18.3052,18.1491,18.2163,8376431.8462716,0
HPQ.US,D,20190422,000000,18.1295,18.1803,17.6014,17.6492,10651399.859116,0
HPQ.US,D,20190423,000000,17.7186,17.9138,17.5614,17.8357,9012527.7475269,0
HPQ.US,D,20190424,000000,17.7791,17.9849,17.6395,17.6395,13384518.221064,0
HPQ.US,D,20190425,000000,17.6113,17.6591,17.3984,17.3984,15206611.130784,0
HPQ.US,D,20190426,000000,17.2667,17.378,17.1251,17.2315,8893033.0272815,0
HPQ.US,D,20190429,000000,17.1593,17.5614,17.1593,17.4531,10179499.44665,0
HPQ.US,D,20190430,000000,17.3984,17.7186,17.3857,17.7088,9348763.4635866,0
HPQ.US,D,20190501,000000,17.7088,17.9138,17.5614,17.6922,10442194.197184,0
HPQ.US,D,20190502,000000,17.7459,17.8719,17.6395,17.7888,9718525.5244423,0
HPQ.US,D,20190503,000000,17.9225,18.065,17.8357,18.0124,7683923.9050099,0
HPQ.US,D,20190506,000000,17.6014,17.8532,17.4706,17.8357,12982888.510933,0
HPQ.US,D,20190507,000000,17.6297,17.7137,17.2842,17.4082,10444655.090724,0
HPQ.US,D,20190508,000000,17.3281,17.5644,17.3096,17.3378,7064377.0517773,0
HPQ.US,D,20190509,000000,17.168,17.168,16.7786,17.1251,9916586.4736647,0
HPQ.US,D,20190510,000000,17.0363,17.1427,16.6664,16.9739,11467527.232277,0
HPQ.US,D,20190513,000000,16.4673,16.5824,16.0865,16.2193,13109132.759339,0
HPQ.US,D,20190514,000000,16.271,16.5346,16.1296,16.2457,9420915.1819668,0
HPQ.US,D,20190515,000000,16.0944,16.7239,16.0329,16.6283,14584408.725488,0
HPQ.US,D,20190516,000000,16.681,16.931,16.6361,16.8147,8369926.1535245,0
HPQ.US,D,20190517,000000,16.6098,16.9865,16.601,16.8841,12857853.194408,0
HPQ.US,D,20190520,000000,16.6449,17.0539,16.5727,16.8313,16336099.794497,0
HPQ.US,D,20190521,000000,16.9377,17.3827,16.9377,17.2588,13015885.179643,0
HPQ.US,D,20190522,000000,17.0978,17.2364,16.8567,17.044,18075341.938693,0
HPQ.US,D,20190523,000000,16.7972,17.1251,16.6361,17.0363,16504971.185915,0
HPQ.US,D,20190524,000000,17.3281,17.9577,17.2218,17.7791,15264699.283126,0
HPQ.US,D,20190528,000000,17.7371,17.8719,17.4531,17.4531,19536716.212733,0
HPQ.US,D,20190529,000000,17.3378,17.3897,16.7083,16.8646,21836275.744162,0
HPQ.US,D,20190530,000000,17.008,17.1427,16.8499,16.9914,10574892.91241,0
HPQ.US,D,20190531,000000,16.7328,16.7425,16.2886,16.5824,14737156.244078,0
HPQ.US,D,20190603,000000,16.6449,16.9026,16.5171,16.5638,11049615.873463,0
HPQ.US,D,20190604,000000,16.8646,17.2413,16.7152,17.2119,11602144.870734,0
HPQ.US,D,20190605,000000,17.3653,17.4443,17.0363,17.3653,9339856.2993749,0
HPQ.US,D,20190606,000000,17.4443,17.5516,17.2842,17.4531,8809000.9918784,0
HPQ.US,D,20190607,000000,17.4706,17.7371,17.4521,17.495,9523651.8524067,0
HPQ.US,D,20190610,000000,17.6014,17.7888,17.5926,17.6492,8624782.3126884,0
HPQ.US,D,20190611,000000,17.8367,17.8884,17.6492,17.7722,8592198.5249516,0
HPQ.US,D,20190612,000000,17.7722,17.9061,17.6297,17.8279,12066237.427386,0
HPQ.US,D,20190613,000000,17.864,17.9802,17.8279,17.8884,7492879.8832875,0
HPQ.US,D,20190614,000000,17.8738,17.8884,17.6629,17.8181,7807806.6381743,0
HPQ.US,D,20190617,000000,17.7801,17.9196,17.7098,17.8093,8032786.8121101,0
HPQ.US,D,20190618,000000,17.9343,18.4008,17.8971,18.3638,10511363.542086,0
HPQ.US,D,20190619,000000,18.4097,18.5873,18.311,18.4623,10024723.381344,0
HPQ.US,D,20190620,000000,18.6869,18.7044,18.5063,18.6682,10889763.318778,0
HPQ.US,D,20190621,000000,18.6224,18.6313,18.3638,18.5257,17007510.849925,0
HPQ.US,D,20190624,000000,18.5257,18.678,18.4097,18.4878,10868168.516931,0
HPQ.US,D,20190625,000000,18.5542,18.7141,18.4184,18.4359,10321248.758684,0
HPQ.US,D,20190626,000000,18.5619,18.6507,18.516,18.6058,9420829.1224091,0
HPQ.US,D,20190627,000000,18.6507,18.8733,18.5444,18.5619,8823606.5282253,0
HPQ.US,D,20190628,000000,18.641,18.759,18.5542,18.6058,12042501.381785,0
HPQ.US,D,20190701,000000,18.9016,19.1349,18.6869,18.7845,7889079.6451416,0
HPQ.US,D,20190702,000000,18.883,18.9152,18.7141,18.8478,7886563.4276003,0
HPQ.US,D,20190703,000000,18.8391,19.0265,18.759,18.9358,5625382.3607868,0
HPQ.US,D,20190705,000000,18.8029,18.9737,18.721,18.9358,7145486.1357777,0
HPQ.US,D,20190708,000000,18.7932,18.9103,18.5257,18.5619,10904819.643283,0
HPQ.US,D,20190709,000000,18.4272,18.5784,18.354,18.4623,9652141.8454583,0
HPQ.US,D,20190710,000000,18.641,18.6869,18.4184,18.4272,6309502.5687381,0
HPQ.US,D,20190711,000000,18.4623,18.6682,18.3199,18.6605,11502113.953765,0
HPQ.US,D,20190712,000000,18.7932,19.0343,18.7679,18.9992,7649721.3779754,0
HPQ.US,D,20190715,000000,19.0167,19.1738,19.0167,19.1065,9407332.1151256,0
HPQ.US,D,20190716,000000,19.1592,19.3457,19.0441,19.0714,7004981.6137741,0
HPQ.US,D,20190717,000000,19.0343,19.1476,18.9553,18.9553,6361152.6465574,0
HPQ.US,D,20190718,000000,18.883,19.1885,18.8654,19.1349,6407290.8146161,0
HPQ.US,D,20190719,000000,19.1953,19.3115,19.1349,19.1436,8631509.3014407,0
HPQ.US,D,20190722,000000,19.2412,19.2774,19.1504,19.1885,10898657.164248,0
HPQ.US,D,20190723,000000,19.294,19.4287,19.1788,19.3583,9381333.9325823,0
HPQ.US,D,20190724,000000,19.3213,19.455,19.1953,19.3027,7694609.6334119,0
HPQ.US,D,20190725,000000,19.2325,19.2325,18.9358,19.089,5958045.5806874,0
HPQ.US,D,20190726,000000,19.1349,19.3066,18.9952,19.2598,5656185.535296,0
HPQ.US,D,20190729,000000,19.214,19.331,19.1299,19.2412,6555769.1644387,0
HPQ.US,D,20190730,000000,19.2051,19.3066,19.089,19.2774,5057114.7096609,0
HPQ.US,D,20190731,000000,19.2237,19.3115,18.6956,18.8294,14249255.925527,0
HPQ.US,D,20190801,000000,18.8205,19.2861,18.6058,18.7845,13670352.747408,0
HPQ.US,D,20190802,000000,18.4008,18.516,17.8367,18.0241,12227264.080321,0
HPQ.US,D,20190805,000000,17.864,17.8971,16.9944,17.1466,10781054.729752,0
HPQ.US,D,20190806,000000,17.2901,17.4326,17.0753,17.2275,9247484.683033,0
HPQ.US,D,20190807,000000,16.9767,17.1642,16.8342,17.0851,9651014.8750613,0
HPQ.US,D,20190808,000000,17.2003,17.5332,17.1925,17.4785,6764675.6669557,0
HPQ.US,D,20190809,000000,17.4062,17.4336,17.1154,17.255,5867623.6231324,0
HPQ.US,D,20190812,000000,17.1378,17.1642,16.8255,16.9552,5081084.3454895,0
HPQ.US,D,20190813,000000,16.8968,17.7098,16.843,17.4863,13407631.359391,0
HPQ.US,D,20190814,000000,17.1925,17.3623,17.0665,17.255,21136128.992645,0
HPQ.US,D,20190815,000000,17.1554,17.2647,16.5053,16.6722,11337057.869401,0
HPQ.US,D,20190816,000000,16.8674,17.1729,16.8519,17.0753,12260861.116896,0
HPQ.US,D,20190819,000000,17.4159,17.5682,17.1925,17.1925,8502359.5184475,0
HPQ.US,D,20190820,000000,16.8968,17.0899,16.8167,16.924,9097087.4099796,0
HPQ.US,D,20190821,000000,17.1378,17.1827,16.9465,16.9679,8386716.9879234,0
HPQ.US,D,20190822,000000,17.0109,17.0978,16.8479,16.9417,13120897.305767,0
HPQ.US,D,20190823,000000,15.6171,16.2515,15.3038,15.9392,29499252.343045,0
HPQ.US,D,20190826,000000,16.0915,16.1715,15.867,15.9665,16915887.132119,0
HPQ.US,D,20190827,000000,16.0641,16.1949,15.7508,15.867,15411141.914604,0
HPQ.US,D,20190828,000000,15.903,16.0378,15.7703,15.9216,11929727.503181,0
HPQ.US,D,20190829,000000,16.1715,16.351,16.1529,16.1901,8498197.9241266,0
HPQ.US,D,20190830,000000,16.3872,16.5638,16.2964,16.3687,9017532.5206087,0
HPQ.US,D,20190903,000000,16.1715,16.3785,16.0827,16.2437,8803542.3570821,0
HPQ.US,D,20190904,000000,16.3785,16.56,16.2964,16.4291,7677368.0108543,0
HPQ.US,D,20190905,000000,16.6371,17.0802,16.5922,16.924,10226163.192721,0
HPQ.US,D,20190906,000000,17.0021,17.1466,16.9816,17.0939,7348272.1645198,0
HPQ.US,D,20190909,000000,16.8167,17.1378,16.7805,17.0109,13559846.12834,0
HPQ.US,D,20190910,000000,16.9865,17.1613,16.9407,17.1388,10495461.989783,0
HPQ.US,D,20190911,000000,17.131,17.254,17.0021,17.2022,9681325.2561515,0
HPQ.US,D,20190912,000000,17.1388,17.1895,16.6644,16.923,27820522.362064,0
HPQ.US,D,20190913,000000,17.0109,17.3281,17.0109,17.2198,15575546.405175,0
HPQ.US,D,20190916,000000,16.7503,17.0636,16.6605,17.0304,8697186.0626302,0
HPQ.US,D,20190917,000000,17.0207,17.1114,16.7688,17.0304,9605074.4390812,0
HPQ.US,D,20190918,000000,17.049,17.1388,16.6878,16.8861,6974846.4253547,0
HPQ.US,D,20190919,000000,16.923,17.1846,16.8996,16.923,11246923.801555,0
HPQ.US,D,20190920,000000,16.9767,17.0207,16.6605,16.6693,16084229.082367,0
HPQ.US,D,20190923,000000,16.598,16.8099,16.5786,16.7142,8363265.7584775,0
HPQ.US,D,20190924,000000,16.7688,16.8322,16.355,16.3823,11652707.934379,0
HPQ.US,D,20190925,000000,16.4428,16.7142,16.4077,16.6166,19215050.174872,0
HPQ.US,D,20190926,000000,16.6069,16.6878,16.4663,16.6254,12575140.376064,0
HPQ.US,D,20190927,000000,16.7318,16.923,16.6332,16.7229,22056597.432283,0
HPQ.US,D,20190930,000000,16.7883,17.17,16.7883,17.0763,27229166.161057,0
HPQ.US,D,20191001,000000,17.1935,17.3096,16.7688,16.7786,11604641.622422,0
HPQ.US,D,20191002,000000,16.6429,16.8811,16.4526,16.7786,22633033.569751,0
HPQ.US,D,20191003,000000,16.7064,16.7415,16.3725,16.6069,17959517.043868,0
HPQ.US,D,20191004,000000,15.3418,15.3789,14.8558,15.0198,45718861.305664,0
HPQ.US,D,20191007,000000,14.9192,15.3604,14.9006,15.1613,17121823.55538,0
HPQ.US,D,20191008,000000,14.9924,15.0373,14.6937,14.7133,18736765.987365,0
HPQ.US,D,20191009,000000,14.8636,14.8968,14.7308,14.8021,15015807.870919,0
HPQ.US,D,20191010,000000,14.523,14.603,14.3765,14.4654,22052506.529741,0
HPQ.US,D,20191011,000000,14.7034,14.9777,14.6303,14.6557,23512242.598632,0
HPQ.US,D,20191014,000000,14.7376,14.9631,14.7034,14.928,16870516.328448,0
HPQ.US,D,20191015,000000,14.928,15.2529,14.8109,15.1711,14716845.163966,0
HPQ.US,D,20191016,000000,15.1282,15.4882,15.0997,15.3789,20525687.035702,0
HPQ.US,D,20191017,000000,15.3877,15.3877,15.2033,15.3067,10640610.654342,0
HPQ.US,D,20191018,000000,15.217,15.3263,15.1232,15.208,13500249.884702,0
HPQ.US,D,20191021,000000,15.335,15.5869,15.331,15.3418,9775562.52076,0
HPQ.US,D,20191022,000000,15.3516,15.5097,15.2569,15.4512,11321764.881111,0
HPQ.US,D,20191023,000000,15.4795,15.4882,15.3263,15.4512,8026477.8269233,0
HPQ.US,D,20191024,000000,15.5048,15.6327,15.335,15.4512,7211136.259485,0
HPQ.US,D,20191025,000000,15.542,15.7538,15.5244,15.6405,19143144.340942,0
HPQ.US,D,20191028,000000,15.7586,15.9479,15.7586,15.9128,15400548.39287,0
HPQ.US,D,20191029,000000,15.9128,16.029,15.8222,15.8846,10484549.842783,0
HPQ.US,D,20191030,000000,15.8562,15.9128,15.6239,15.903,9598111.811064,0
HPQ.US,D,20191031,000000,15.8222,15.903,15.4882,15.6776,12647566.665414,0
HPQ.US,D,20191101,000000,15.7401,16.0485,15.6005,16.0485,9777938.3792608,0
HPQ.US,D,20191104,000000,16.11,16.3775,16.0837,16.2457,13572022.531222,0
HPQ.US,D,20191105,000000,16.4613,16.679,16.4244,16.6069,13910066.522509,0
HPQ.US,D,20191106,000000,19.5311,19.5574,17.5888,17.6639,70012225.527885,0
HPQ.US,D,20191107,000000,17.8864,18.2222,17.4726,17.499,31305461.117275,0
HPQ.US,D,20191108,000000,17.4199,17.6405,17.1114,17.617,23835883.908245,0
HPQ.US,D,20191111,000000,17.6268,17.9714,17.581,17.7264,14076734.174541,0
HPQ.US,D,20191112,000000,17.6981,17.7352,17.4286,17.6268,17459291.767247,0
HPQ.US,D,20191113,000000,17.4893,17.7166,17.374,17.6268,11414753.257616,0
HPQ.US,D,20191114,000000,17.943,18.1803,17.8064,18.1695,16877979.946033,0
HPQ.US,D,20191115,000000,18.2593,18.276,18.1099,18.2125,11775841.744489,0
HPQ.US,D,20191118,000000,17.9617,18.2593,17.8786,18.0593,13657458.157029,0
HPQ.US,D,20191119,000000,18.1412,18.2125,17.9869,18.15,16153003.98763,0
HPQ.US,D,20191120,000000,17.8864,17.9617,17.6356,17.7781,15430634.404399,0
HPQ.US,D,20191121,000000,17.8786,17.9617,17.6268,17.7352,13325180.156099,0
HPQ.US,D,20191122,000000,17.863,18.1149,17.7869,17.9958,11447080.915718,0
HPQ.US,D,20191125,000000,18.0046,18.2544,17.9792,18.1841,14293042.82353,0
HPQ.US,D,20191126,000000,18.1412,18.1412,17.7869,18.1052,19252892.816289,0
HPQ.US,D,20191127,000000,18.4126,18.4486,17.8005,17.863,19390071.751102,0
HPQ.US,D,20191129,000000,17.826,18.2125,17.8162,18.1236,11691277.983961,0
HPQ.US,D,20191202,000000,18.0328,18.0953,17.863,17.8952,15327465.387135,0
HPQ.US,D,20191203,000000,17.6453,17.7635,17.5282,17.7166,18450309.578265,0
HPQ.US,D,20191204,000000,17.7967,18.1841,17.7781,18.0865,16613696.167238,0
HPQ.US,D,20191205,000000,18.1783,18.3471,18.0143,18.3383,14366186.27586,0
HPQ.US,D,20191206,000000,18.4389,18.636,18.4214,18.5013,11896407.086612,0
HPQ.US,D,20191209,000000,18.4916,18.7268,18.4486,18.4741,8356616.6331344,0
HPQ.US,D,20191210,000000,18.1803,18.4546,18.1803,18.3891,12415568.539459,0
HPQ.US,D,20191211,000000,18.3891,18.4174,18.1529,18.272,16630080.267776,0
HPQ.US,D,20191212,000000,18.1529,18.6624,18.1529,18.5981,16256413.766753,0
HPQ.US,D,20191213,000000,18.5452,18.6907,18.4448,18.5257,9549851.8651031,0
HPQ.US,D,20191216,000000,18.5716,18.8361,18.5551,18.6819,9579468.6471398,0
HPQ.US,D,20191217,000000,18.6995,18.6995,18.5073,18.5452,8363448.1227781,0
HPQ.US,D,20191218,000000,18.5073,18.6439,18.4798,18.5073,12396569.8676,0
HPQ.US,D,20191219,000000,18.5551,18.5716,18.4087,18.4798,9081532.1449435,0
HPQ.US,D,20191220,000000,18.5073,18.8039,18.4262,18.7161,17666214.801865,0
HPQ.US,D,20191223,000000,18.7084,18.8166,18.5716,18.7161,8363368.2103317,0
HPQ.US,D,20191224,000000,18.7161,18.881,18.7161,18.7444,3366601.740919,0
HPQ.US,D,20191226,000000,18.7717,18.9308,18.763,18.8361,4096927.7351529,0
HPQ.US,D,20191227,000000,18.8361,18.8713,18.6722,18.6907,5251206.6740483,0
HPQ.US,D,20191230,000000,18.6624,18.7893,18.5639,18.6537,4896959.9220054,0
HPQ.US,D,20191231,000000,18.5804,18.7258,18.5073,18.7084,6900606.738184,0
HPQ.US,D,20200102,000000,18.8264,18.963,18.7991,18.9259,7903016.17088,0
HPQ.US,D,20200103,000000,18.6439,18.8264,18.6175,18.6907,5957391.9378571,0
HPQ.US,D,20200106,000000,18.8079,18.9259,18.6722,18.763,10230560.426307,0
HPQ.US,D,20200107,000000,18.7161,18.9133,18.6722,18.8079,7206043.3778086,0
HPQ.US,D,20200108,000000,18.6907,19.1085,18.6907,19.0538,8547982.3536793,0
HPQ.US,D,20200109,000000,19.1182,19.3506,19.09,19.3369,10302280.82238,0
HPQ.US,D,20200110,000000,19.3555,19.6083,19.3555,19.4638,10997947.354311,0
HPQ.US,D,20200113,000000,19.5457,19.6131,19.4267,19.537,7862390.9371002,0
HPQ.US,D,20200114,000000,19.5819,19.6083,19.3555,19.4823,13178900.42307,0
HPQ.US,D,20200115,000000,19.4364,19.6737,19.3994,19.4998,15332426.105919,0
HPQ.US,D,20200116,000000,19.4911,19.7273,19.3808,19.7273,8635749.7836896,0
HPQ.US,D,20200117,000000,19.6922,20.0094,19.5994,19.9997,14803172.120905,0
HPQ.US,D,20200121,000000,19.9548,19.9997,19.82,19.9908,11327458.130654,0
HPQ.US,D,20200122,000000,19.9908,19.9908,19.5994,19.9645,10738569.994816,0
HPQ.US,D,20200123,000000,19.9742,20.1831,19.9099,20.1197,11879261.768796,0
HPQ.US,D,20200124,000000,20.1918,20.2105,19.8444,20.0094,11314011.32478,0
HPQ.US,D,20200127,000000,19.6922,19.8376,19.5634,19.6463,11593569.65053,0
HPQ.US,D,20200128,000000,19.8005,19.9469,19.6415,19.6999,9458722.9897536,0
HPQ.US,D,20200129,000000,19.8005,19.8396,19.4823,19.5087,9389656.0967058,0
HPQ.US,D,20200130,000000,19.3739,19.6737,19.2988,19.5994,9126286.1884508,0
HPQ.US,D,20200131,000000,19.5282,19.5994,19.2637,19.4091,12544936.544902,0
HPQ.US,D,20200203,000000,19.4823,19.7498,19.3369,19.3905,9013079.9630214,0
HPQ.US,D,20200204,000000,19.7176,19.7927,19.4998,19.6181,11187891.043118,0
HPQ.US,D,20200205,000000,19.8103,19.8376,19.6181,19.8298,9729210.2283257,0
HPQ.US,D,20200206,000000,19.9001,19.9645,19.7927,19.8825,6265008.7529407,0
HPQ.US,D,20200207,000000,19.7371,19.8152,19.6131,19.783,8066123.620976,0
HPQ.US,D,20200210,000000,20.6663,20.8195,19.8874,19.9382,14403137.586146,0
HPQ.US,D,20200211,000000,20.0456,20.3012,19.9908,20.2377,10084909.747662,0
HPQ.US,D,20200212,000000,20.3012,20.5082,20.3012,20.4653,14272745.062159,0
HPQ.US,D,20200213,000000,20.3461,20.3852,20.1549,20.23,10108850.696972,0
HPQ.US,D,20200214,000000,20.2554,20.4028,20.2466,20.3657,9863315.6075107,0
HPQ.US,D,20200218,000000,20.0933,20.2915,20.0289,20.2466,9299614.2355303,0
HPQ.US,D,20200219,000000,20.3461,20.6029,20.2466,20.4194,14591445.11884,0
HPQ.US,D,20200220,000000,20.3852,20.7746,20.3754,20.6106,22472439.263641,0
HPQ.US,D,20200221,000000,20.5365,20.7326,20.4936,20.6663,18659702.72709,0
HPQ.US,D,20200224,000000,20.2826,20.4271,19.9908,20.1197,24154390.330921,0
HPQ.US,D,20200225,000000,20.9191,21.7848,20.6663,21.2577,48353184.320006,0
HPQ.US,D,20200226,000000,21.3944,21.3944,20.675,20.675,18315254.47039,0
HPQ.US,D,20200227,000000,20.2642,20.3559,19.783,19.9196,26307810.48836,0
HPQ.US,D,20200228,000000,19.0987,19.454,18.3618,18.9259,28953409.353785,0
HPQ.US,D,20200302,000000,19.0265,19.9196,18.9084,19.9001,16947091.917896,0
HPQ.US,D,20200303,000000,19.8444,19.8825,18.5804,18.8899,21922390.625763,0
HPQ.US,D,20200304,000000,19.127,19.6999,18.8899,19.664,20172235.310049,0
HPQ.US,D,20200305,000000,19.1905,19.7546,19.09,19.6083,18192911.588595,0
HPQ.US,D,20200306,000000,19.0167,19.5634,19.0167,19.4911,14124924.453241,0
HPQ.US,D,20200309,000000,18.1724,18.4711,17.2237,17.2617,16460719.156493,0
HPQ.US,D,20200310,000000,17.9177,18.6829,17.2852,18.1832,10142138.328947,0
HPQ.US,D,20200311,000000,17.6336,17.8894,17.0646,17.7888,15447755.13377,0
HPQ.US,D,20200312,000000,15.988,17.0646,15.0246,16.0895,14057057.271407,0
HPQ.US,D,20200313,000000,17.0363,17.1095,15.0979,15.787,18070435.51939,0
HPQ.US,D,20200316,000000,14.4458,14.4458,13.1583,13.2882,17526382.364026,0
HPQ.US,D,20200317,000000,13.4521,13.9109,12.5073,13.2316,22553563.71542,0
HPQ.US,D,20200318,000000,12.4508,12.8646,11.6982,12.0466,12229665.551785,0
HPQ.US,D,20200319,000000,11.9559,13.5127,11.5234,13.2316,14731080.849119,0
HPQ.US,D,20200320,000000,13.2501,13.5956,12.4888,12.8187,18847196.792061,0
HPQ.US,D,20200323,000000,12.6615,12.8285,11.9178,12.5883,16439636.613919,0
HPQ.US,D,20200324,000000,13.1311,14.3707,12.8734,14.2155,15502896.770783,0
HPQ.US,D,20200325,000000,14.2252,15.4375,13.6639,14.1334,15355827.133957,0
HPQ.US,D,20200326,000000,14.2711,16.7328,14.068,16.4858,22435921.324699,0
HPQ.US,D,20200327,000000,15.622,15.907,14.8128,15.4922,12268044.0164,0
HPQ.US,D,20200330,000000,15.5566,16.6244,15.208,16.3932,12942244.83582,0
HPQ.US,D,20200331,000000,16.3932,16.5151,15.5566,15.9519,18251954.59222,0
HPQ.US,D,20200401,000000,14.9319,15.3184,13.4258,13.6357,20334285.457008,0
HPQ.US,D,20200402,000000,13.6093,14.5376,13.5537,14.233,17229392.879787,0
HPQ.US,D,20200403,000000,14.1431,14.4292,13.053,13.3068,13110649.046782,0
HPQ.US,D,20200406,000000,13.987,14.2057,13.7206,13.7831,23066473.55612,0
HPQ.US,D,20200407,000000,14.4292,14.7855,13.8582,13.8934,25150644.456211,0
HPQ.US,D,20200408,000000,14.1872,14.8314,14.0769,14.4458,23360597.461994,0
HPQ.US,D,20200409,000000,14.7308,15.1515,14.5463,14.6752,16076818.739747,0
HPQ.US,D,20200413,000000,14.6557,14.6557,14.1608,14.2808,10668284.949222,0
HPQ.US,D,20200414,000000,14.6196,14.8401,14.2711,14.6293,19137937.737707,0
HPQ.US,D,20200415,000000,14.2428,14.2906,13.7206,13.7831,10324504.678612,0
HPQ.US,D,20200416,000000,13.8299,14.0964,13.3701,14.0046,13186711.352441,0
HPQ.US,D,20200417,000000,14.197,14.4536,14.1159,14.2614,19282316.98884,0
HPQ.US,D,20200420,000000,13.987,14.233,13.6933,14.1159,18034582.492983,0
HPQ.US,D,20200421,000000,13.8397,13.9783,13.2316,13.2501,13311808.140078,0
HPQ.US,D,20200422,000000,13.5996,13.6933,13.3321,13.5908,13981297.19872,0
HPQ.US,D,20200423,000000,13.6834,13.8758,13.4082,13.4336,12359519.179017,0
HPQ.US,D,20200424,000000,13.5996,13.827,13.5634,13.7831,12248904.985501,0
HPQ.US,D,20200427,000000,13.8934,14.0222,13.7645,13.8114,12358353.276916,0
HPQ.US,D,20200428,000000,14.1431,14.5834,14.1247,14.2614,17373203.523129,0
HPQ.US,D,20200429,000000,14.6098,15.2901,14.5708,14.9592,19841260.496706,0
HPQ.US,D,20200430,000000,14.8596,14.8674,14.233,14.2526,13009721.676089,0
HPQ.US,D,20200501,000000,13.8846,13.987,13.4336,13.5175,10236057.992807,0
HPQ.US,D,20200504,000000,13.4424,13.7236,13.2414,13.6933,10735467.752669,0
HPQ.US,D,20200505,000000,13.8758,14.0183,13.5811,13.6093,11626199.541602,0
HPQ.US,D,20200506,000000,13.7645,13.8758,13.3555,13.4707,9166116.3958413,0
HPQ.US,D,20200507,000000,13.6933,14.0046,13.6737,13.7372,10509938.436795,0
HPQ.US,D,20200508,000000,13.987,14.4614,13.987,14.3901,13060124.914842,0
HPQ.US,D,20200511,000000,14.1686,14.3258,13.6786,14.1686,10840752.400725,0
HPQ.US,D,20200512,000000,14.2428,14.3258,13.6552,13.6639,9969380.9386964,0
HPQ.US,D,20200513,000000,13.618,13.6737,12.7728,12.9203,13925344.14302,0
HPQ.US,D,20200514,000000,12.6909,13.3409,12.3034,13.3321,16253273.617419,0
HPQ.US,D,20200515,000000,13.1398,13.6933,13.0383,13.6552,14399835.562882,0
HPQ.US,D,20200518,000000,14.1159,14.969,14.0769,14.8128,19609860.689582,0
HPQ.US,D,20200519,000000,14.8226,15.7908,14.8128,15.3741,21246606.925195,0
HPQ.US,D,20200520,000000,15.6942,16.1178,15.658,15.8973,18022783.112926,0
HPQ.US,D,20200521,000000,15.7957,15.9441,15.5204,15.787,9502069.3447831,0
HPQ.US,D,20200522,000000,15.7137,15.7137,15.3595,15.622,9228847.66622,0
HPQ.US,D,20200526,000000,15.988,16.0505,15.6483,15.6776,9823933.1147235,0
HPQ.US,D,20200527,000000,15.988,16.0622,15.4287,15.7313,16372224.318318,0
HPQ.US,D,20200528,000000,14.4292,14.4292,13.7274,13.7918,54604536.240771,0
HPQ.US,D,20200529,000000,13.8017,13.9393,13.6552,13.9109,31614825.760993,0
HPQ.US,D,20200601,000000,13.8299,14.316,13.7372,13.9021,21343216.974748,0
HPQ.US,D,20200602,000000,14.0046,14.5834,13.7918,14.5093,30761113.925087,0
HPQ.US,D,20200603,000000,14.8401,15.5986,14.7473,15.4922,21102794.232817,0
HPQ.US,D,20200604,000000,15.1437,15.5009,14.9983,15.1359,22715144.632887,0
HPQ.US,D,20200605,000000,15.8055,16.2105,15.7361,15.9978,21188970.585529,0
HPQ.US,D,20200608,000000,16.2105,16.8392,16.1812,16.6966,20601456.329057,0
HPQ.US,D,20200609,000000,16.2749,16.3872,15.987,16.2389,16563309.320782,0
HPQ.US,D,20200610,000000,16.108,16.1636,15.5839,15.6727,26123241.423828,0
HPQ.US,D,20200611,000000,14.9202,15.1955,14.4312,14.5317,24730590.829123,0
HPQ.US,D,20200612,000000,15.088,15.2452,14.7435,15.1066,14669494.990472,0
HPQ.US,D,20200615,000000,14.6889,15.7753,14.5405,15.6533,16868992.869376,0
HPQ.US,D,20200616,000000,16.1452,16.3413,15.5517,16.0056,16438187.944699,0
HPQ.US,D,20200617,000000,16.0895,16.1266,15.5605,15.6073,13393084.220602,0
HPQ.US,D,20200618,000000,15.4307,15.8661,15.375,15.7,11114374.666037,0
HPQ.US,D,20200619,000000,15.9968,16.0993,15.4999,15.5702,31711365.118767,0
HPQ.US,D,20200622,000000,15.4687,15.7274,15.213,15.7099,11741532.667525,0
HPQ.US,D,20200623,000000,15.8953,16.0944,15.7468,15.784,13489919.664235,0
HPQ.US,D,20200624,000000,15.5986,15.6357,15.0139,15.0324,19042577.600775,0
HPQ.US,D,20200625,000000,14.9387,15.213,14.8334,15.1896,14561783.257987,0
HPQ.US,D,20200626,000000,15.1164,15.5517,14.9162,15.4131,32575853.865225,0
HPQ.US,D,20200629,000000,15.4951,16.0349,15.2911,15.8953,13208084.858281,0
HPQ.US,D,20200630,000000,15.8758,16.2115,15.7557,16.1735,13263299.236112,0
HPQ.US,D,20200701,000000,16.1539,16.3218,15.6952,15.7753,12675566.75719,0
HPQ.US,D,20200702,000000,15.9968,16.3268,15.7606,15.8386,10957369.248383,0
HPQ.US,D,20200706,000000,16.0993,16.359,16.0807,16.2018,12446002.887292,0
HPQ.US,D,20200707,000000,16.0446,16.1315,15.3614,15.4307,15483591.76788,0
HPQ.US,D,20200708,000000,15.6533,15.6776,15.2412,15.5429,17671561.76414,0
HPQ.US,D,20200709,000000,15.4951,15.5331,14.8646,15.2277,13465831.184256,0
HPQ.US,D,20200710,000000,15.2637,15.8386,15.2277,15.7655,12102703.115881,0
HPQ.US,D,20200713,000000,15.9333,16.3413,15.7371,15.8474,11487399.818453,0
HPQ.US,D,20200714,000000,15.7557,16.5444,15.7099,16.5092,16055982.081622,0
HPQ.US,D,20200715,000000,16.684,17.0383,16.3785,16.5092,16032354.634987,0
HPQ.US,D,20200716,000000,16.4604,16.6741,16.3872,16.5444,8965700.0784888,0
HPQ.US,D,20200717,000000,16.6566,16.7025,16.1452,16.2837,15170843.139415,0
HPQ.US,D,20200720,000000,16.1539,16.4321,16.025,16.3785,9021818.0816734,0
HPQ.US,D,20200721,000000,16.4897,16.7299,16.2018,16.2213,10818323.640784,0
HPQ.US,D,20200722,000000,16.1452,16.5179,16.0622,16.4516,9142493.0472802,0
HPQ.US,D,20200723,000000,16.4234,16.6381,16.2662,16.3872,7846987.3008085,0
HPQ.US,D,20200724,000000,16.2926,16.3785,16.0807,16.2389,8642524.9248135,0
HPQ.US,D,20200727,000000,16.3218,16.5756,16.2018,16.5258,10159788.734404,0
HPQ.US,D,20200728,000000,16.4897,16.5804,15.454,15.4951,21452539.250382,0
HPQ.US,D,20200729,000000,15.5986,15.9684,15.5605,15.8474,13283596.997482,0
HPQ.US,D,20200730,000000,15.6444,16.0534,15.5244,15.9968,9633208.7427864,0
HPQ.US,D,20200731,000000,16.0349,16.36,15.9148,16.3121,15743552.078425,0
HPQ.US,D,20200803,000000,16.3218,16.5903,16.1266,16.4897,8205900.7348141,0
HPQ.US,D,20200804,000000,16.5092,16.7249,16.4126,16.6,9372852.9680845,0
HPQ.US,D,20200805,000000,16.7484,16.9065,16.5853,16.6741,10591166.364945,0
HPQ.US,D,20200806,000000,16.562,17.0363,16.5492,16.9542,8909534.9474512,0
HPQ.US,D,20200807,000000,16.926,17.1378,16.8509,17.1378,7444406.8374695,0
HPQ.US,D,20200810,000000,17.1652,17.6678,17.1563,17.6113,9091814.2130395,0
HPQ.US,D,20200811,000000,17.6297,18.0298,17.1476,17.2315,11417110.674783,0
HPQ.US,D,20200812,000000,17.4531,17.5,17.0743,17.4443,9841941.0771512,0
HPQ.US,D,20200813,000000,17.2119,17.3701,17.0266,17.0558,9982861.5536833,0
HPQ.US,D,20200814,000000,16.9632,17.0266,16.7346,16.8674,12418297.856857,0
HPQ.US,D,20200817,000000,16.926,17.0021,16.6098,16.6575,13920567.837573,0
HPQ.US,D,20200818,000000,16.6478,16.9542,16.5258,16.926,8922267.6639017,0
HPQ.US,D,20200819,000000,16.9806,17.1563,16.7864,16.8332,6678461.4070563,0
HPQ.US,D,20200820,000000,16.7025,16.9016,16.6741,16.8421,6321209.7421273,0
HPQ.US,D,20200821,000000,16.805,16.9806,16.6575,16.9163,8054559.8801828,0
HPQ.US,D,20200824,000000,17.0919,17.4716,17.0919,17.3046,6110519.5528271,0
HPQ.US,D,20200825,000000,17.3701,17.4394,16.9806,17.1105,8045107.6721065,0
HPQ.US,D,20200826,000000,17.1652,17.2413,16.9806,17.0071,11273731.353749,0
HPQ.US,D,20200827,000000,17.1652,17.5048,17.0266,17.3515,15673292.645793,0
HPQ.US,D,20200828,000000,17.8884,18.7248,17.4902,18.4194,24364267.052498,0
HPQ.US,D,20200831,000000,18.3725,18.7161,18.1402,18.1402,19977872.872766,0
HPQ.US,D,20200901,000000,18.1226,18.1402,17.6815,17.8728,13850732.555619,0
HPQ.US,D,20200902,000000,17.9832,18.4653,17.9382,18.4106,11128114.484216,0
HPQ.US,D,20200903,000000,18.2525,18.5991,17.7332,17.9069,13538463.401831,0
HPQ.US,D,20200904,000000,17.863,18.0944,17.5566,17.8444,11142673.917229,0
HPQ.US,D,20200908,000000,17.6717,18.7112,17.5419,18.2145,18776835.932093,0
HPQ.US,D,20200909,000000,18.272,18.5706,18.2145,18.4496,10788615.676598,0
HPQ.US,D,20200910,000000,18.5237,18.5794,17.7693,17.8025,11114578.545228,0
HPQ.US,D,20200911,000000,17.9724,18.2291,17.827,18.064,10918108.673303,0
HPQ.US,D,20200914,000000,18.2622,18.3833,18.0543,18.1032,13537955.240634,0
HPQ.US,D,20200915,000000,18.1949,18.4995,18.0231,18.0358,9324920.8680572,0
HPQ.US,D,20200916,000000,18.1949,18.4995,18.1392,18.1783,10363076.777231,0
HPQ.US,D,20200917,000000,17.9235,18.0358,17.6864,17.9235,9006109.138856,0
HPQ.US,D,20200918,000000,17.8786,18.0281,17.6766,17.7459,23203309.277222,0
HPQ.US,D,20200921,000000,17.3438,17.4004,16.9417,17.1749,12141879.680441,0
HPQ.US,D,20200922,000000,17.25,17.4102,17.1095,17.2696,8721455.8823918,0
HPQ.US,D,20200923,000000,17.5224,17.7459,17.1007,17.1554,10406155.732922,0
HPQ.US,D,20200924,000000,16.9699,17.2461,16.6976,16.9963,9557658.6963996,0
HPQ.US,D,20200925,000000,16.8557,17.2872,16.8294,17.1368,8370824.6562866,0
HPQ.US,D,20200928,000000,17.4199,17.741,17.3817,17.6619,12356971.201401,0
HPQ.US,D,20200929,000000,17.6532,17.9333,17.6385,17.7186,8807547.200066,0
HPQ.US,D,20200930,000000,17.6815,18.0934,17.6435,17.783,12734191.757249,0
HPQ.US,D,20201001,000000,17.8864,18.0543,17.7283,17.7928,11355541.208433,0
HPQ.US,D,20201002,000000,17.3525,18.0787,17.3242,17.8786,8960329.5522872,0
HPQ.US,D,20201005,000000,18.0934,18.3452,17.8864,18.0836,10006892.660624,0
HPQ.US,D,20201006,000000,18.2622,18.354,17.741,17.7556,12705898.65317,0
HPQ.US,D,20201007,000000,17.943,18.0836,17.8317,18.0084,12653722.997338,0
HPQ.US,D,20201008,000000,18.1304,18.272,18.0495,18.1685,8962806.8381238,0
HPQ.US,D,20201009,000000,18.3638,18.4302,18.0182,18.1392,8730452.1797166,0
HPQ.US,D,20201012,000000,18.3266,18.5844,18.1079,18.5706,8362570.1103868,0
HPQ.US,D,20201013,000000,18.6927,18.7015,18.3091,18.4302,7593910.7303536,0
HPQ.US,D,20201014,000000,18.4302,18.6644,18.2329,18.2622,6442635.6798259,0
HPQ.US,D,20201015,000000,18.0446,18.3355,17.8952,18.3179,8219891.5600353,0
HPQ.US,D,20201016,000000,18.3735,18.5619,18.3403,18.354,7911716.3823458,0
HPQ.US,D,20201019,000000,18.4214,18.514,18.0885,18.1304,5350343.1863286,0
HPQ.US,D,20201020,000000,18.272,18.5043,18.1304,18.1392,6559211.5467427,0
HPQ.US,D,20201021,000000,18.0836,18.2329,17.9899,17.9996,6211596.5032277,0
HPQ.US,D,20201022,000000,17.9527,18.2095,17.7742,18.1217,6567389.2537517,0
HPQ.US,D,20201023,000000,18.0739,18.2145,17.8494,17.9041,6655098.2862051,0
HPQ.US,D,20201026,000000,17.6815,17.7928,16.9183,17.0909,13240723.97002,0
HPQ.US,D,20201027,000000,17.1192,17.2119,16.8197,16.8382,9511376.0712264,0
HPQ.US,D,20201028,000000,16.3423,16.6235,16.2018,16.2477,13052911.279781,0
HPQ.US,D,20201029,000000,16.1822,16.7728,16.1539,16.6517,8245704.3047224,0
HPQ.US,D,20201030,000000,16.5122,16.8294,16.4067,16.8197,8418388.9541569,0
HPQ.US,D,20201102,000000,17.0246,17.3154,16.8743,17.2413,8007633.8573646,0
HPQ.US,D,20201103,000000,17.493,17.5956,17.377,17.4364,6770187.5767164,0
HPQ.US,D,20201104,000000,17.4551,17.4795,17.0909,17.1192,9090060.2372943,0
HPQ.US,D,20201105,000000,17.4199,17.9772,17.4102,17.9138,9531787.5541555,0
HPQ.US,D,20201106,000000,17.8864,18.1129,17.7654,18.0281,6957618.1215381,0
HPQ.US,D,20201109,000000,18.6546,19.291,18.393,18.4761,14893026.495187,0
HPQ.US,D,20201110,000000,18.514,18.8001,18.4126,18.6078,11988653.71169,0
HPQ.US,D,20201111,000000,18.6546,18.6839,17.9822,18.1304,10397078.498632,0
HPQ.US,D,20201112,000000,17.9899,18.1295,17.5029,17.7283,9481209.122732,0
HPQ.US,D,20201113,000000,17.8494,18.4077,17.822,18.3638,6970040.4088702,0
HPQ.US,D,20201116,000000,18.6263,19.09,18.4808,19.0099,11895764.713484,0
HPQ.US,D,20201117,000000,18.758,19.5722,18.5892,19.1983,13157156.041516,0
HPQ.US,D,20201118,000000,19.3008,19.619,19.1426,19.1504,9728168.2929676,0
HPQ.US,D,20201119,000000,19.0665,19.2686,18.8518,19.1983,6120629.5018079,0
HPQ.US,D,20201120,000000,19.2169,19.372,19.0333,19.1504,7748035.2018659,0
HPQ.US,D,20201123,000000,19.3848,19.9196,19.2725,19.8425,9504272.0596501,0
HPQ.US,D,20201124,000000,19.9665,20.5462,19.9099,20.3696,18713896.68445,0
HPQ.US,D,20201125,000000,21.4266,21.8669,20.472,20.8362,20034733.651894,0
HPQ.US,D,20201127,000000,20.6498,20.964,20.6223,20.8556,7143964.7257416,0
HPQ.US,D,20201130,000000,20.6867,20.8693,20.4145,20.5365,15797561.622447,0
HPQ.US,D,20201201,000000,20.8087,21.1553,20.678,20.9592,12350373.301985,0
HPQ.US,D,20201202,000000,20.9357,21.5203,20.841,21.37,9300735.0588162,0
HPQ.US,D,20201203,000000,21.3525,21.942,21.3154,21.7653,9322687.4176339,0
HPQ.US,D,20201204,000000,21.782,22.3638,21.7741,22.269,9312115.4107902,0
HPQ.US,D,20201207,000000,22.0737,22.3735,21.8766,22.1763,8949097.755502,0
HPQ.US,D,20201208,000000,22.0288,22.4349,22.0006,22.2085,8407339.5216723,0
HPQ.US,D,20201209,000000,21.8591,22.4632,21.8493,21.8971,11163509.550834,0
HPQ.US,D,20201210,000000,21.6141,22.1324,21.575,21.8776,11019613.872455,0
HPQ.US,D,20201211,000000,21.7263,22.0435,21.6296,21.821,8174851.6758544,0
HPQ.US,D,20201214,000000,21.8297,22.2036,21.8297,21.9157,6897279.1019569,0
HPQ.US,D,20201215,000000,22.1889,22.4535,22.147,22.387,7385692.7042974,0
HPQ.US,D,20201216,000000,22.7277,22.9455,22.511,22.6429,11819303.870113,0
HPQ.US,D,20201217,000000,22.8302,22.9357,22.6233,22.8692,11559678.577133,0
HPQ.US,D,20201218,000000,22.7551,23.1611,22.718,23.0967,19008287.989665,0
HPQ.US,D,20201221,000000,22.6233,22.8497,22.392,22.6623,11004011.479565,0
HPQ.US,D,20201222,000000,22.7454,23.0059,22.718,22.8136,7572677.5835531,0
HPQ.US,D,20201223,000000,22.8136,23.0967,22.8038,22.8594,4806727.5003809,0
HPQ.US,D,20201224,000000,22.9727,23.087,22.8088,22.9063,2446234.728616,0
HPQ.US,D,20201228,000000,22.9552,23.2568,22.8966,22.9161,5923290.8381583,0
HPQ.US,D,20201229,000000,22.9161,23.0674,22.6331,22.7082,6175652.2946702,0
HPQ.US,D,20201230,000000,22.8497,23.3075,22.8497,22.965,8002736.6587298,0
HPQ.US,D,20201231,000000,22.9815,23.3124,22.8791,23.2187,6744563.3434411,0
HPQ.US,D,20210104,000000,23.3221,23.5497,22.5208,22.7649,8516664.8708613,0
HPQ.US,D,20210105,000000,22.7375,23.3407,22.7375,23.0967,8320644.7625763,0
HPQ.US,D,20210106,000000,23.248,23.9645,23.248,23.5682,8972463.9499087,0
HPQ.US,D,20210107,000000,23.86,24.3568,23.6628,24.3138,9837331.768227,0
HPQ.US,D,20210108,000000,24.2573,24.4935,23.9742,24.106,7957989.7868523,0
HPQ.US,D,20210111,000000,24.0777,24.4789,23.9263,24.3421,9433294.4395199,0
HPQ.US,D,20210112,000000,24.389,24.6857,24.3138,24.4651,7710831.8600194,0
HPQ.US,D,20210113,000000,24.5393,24.5881,24.266,24.2758,6986531.0593359,0
HPQ.US,D,20210114,000000,24.1529,24.4836,24.1343,24.1908,8780199.7266018,0
HPQ.US,D,20210115,000000,24.0396,24.144,23.5955,23.7663,8858721.9012815,0
HPQ.US,D,20210119,000000,23.8512,23.9645,23.5906,23.737,7195653.7352655,0
HPQ.US,D,20210120,000000,23.8141,23.9079,23.655,23.7946,6640911.7779424,0
HPQ.US,D,20210121,000000,23.9927,24.0201,23.5857,23.9458,7583022.1472802,0
HPQ.US,D,20210122,000000,23.7096,23.9361,23.572,23.86,7079355.5128737,0
HPQ.US,D,20210125,000000,23.8141,23.86,23.0431,23.6248,10541300.998428,0
HPQ.US,D,20210126,000000,23.7849,23.9458,23.0293,23.248,12230525.122843,0
HPQ.US,D,20210127,000000,22.8302,23.8326,22.8136,23.4636,13713463.463172,0
HPQ.US,D,20210128,000000,23.5857,23.9361,23.4636,23.4823,9841848.8704824,0
HPQ.US,D,20210129,000000,23.3895,23.5955,22.7277,22.9815,15533337.265728,0
HPQ.US,D,20210201,000000,23.1152,23.205,22.757,23.1152,9905444.8345113,0
HPQ.US,D,20210202,000000,23.3983,23.6052,23.2939,23.5018,6304454.7658775,0
HPQ.US,D,20210203,000000,23.4735,23.9263,23.3895,23.8229,6672805.0401813,0
HPQ.US,D,20210204,000000,23.8043,24.512,23.7096,24.5033,7374696.5467769,0
HPQ.US,D,20210205,000000,24.549,25.0976,24.5033,24.6907,7696835.9122054,0
HPQ.US,D,20210208,000000,24.8995,25.8336,24.8419,25.7779,8924021.6396472,0
HPQ.US,D,20210209,000000,25.8062,26.0132,25.5789,25.5789,7483053.725943,0
HPQ.US,D,20210210,000000,25.6911,25.9937,25.4373,25.6363,6638047.2240965,0
HPQ.US,D,20210211,000000,25.7779,25.9478,25.4275,25.8522,6635783.0381168,0
HPQ.US,D,20210212,000000,25.8522,25.9653,25.7107,25.9566,4174043.2458733,0
HPQ.US,D,20210216,000000,25.9937,26.1352,25.4901,25.6453,6757749.9216061,0
HPQ.US,D,20210217,000000,25.4949,25.5691,24.7628,24.8146,9960140.8059583,0
HPQ.US,D,20210218,000000,24.635,24.9737,24.512,24.9376,7779589.3484671,0
HPQ.US,D,20210219,000000,25.2118,25.6218,25.1591,25.5887,9509987.8486008,0
HPQ.US,D,20210222,000000,25.4851,25.8238,25.3056,25.6081,10087456.70076,0
HPQ.US,D,20210223,000000,25.5223,25.9058,25.0127,25.8522,12545191.650019,0
HPQ.US,D,20210224,000000,25.7779,26.6838,25.6911,26.4104,8764796.09031,0
HPQ.US,D,20210225,000000,26.3441,28.3274,25.7009,26.6174,19450862.583361,0
HPQ.US,D,20210226,000000,27.7789,28.5617,27.2226,27.3543,27618707.5769,0
HPQ.US,D,20210301,000000,27.732,28.7422,27.533,27.9302,18357484.100208,0
HPQ.US,D,20210302,000000,27.7789,28.6007,27.694,28.3646,11574169.367402,0
HPQ.US,D,20210303,000000,28.2698,28.591,27.8737,28.1566,10653919.150213,0
HPQ.US,D,20210304,000000,27.817,28.1859,26.3001,26.5041,15301854.472601,0
HPQ.US,D,20210305,000000,26.7209,28.1186,26.552,28.0902,14497502.915572,0
HPQ.US,D,20210308,000000,27.9585,28.9678,27.9106,28.4787,13919235.963467,0
HPQ.US,D,20210309,000000,28.5481,29.0429,28.3676,28.6056,10877196.574331,0
HPQ.US,D,20210310,000000,28.5666,29.0526,28.5188,28.7579,12438254.453554,0
HPQ.US,D,20210311,000000,28.8614,28.9648,28.4826,28.832,10651466.452822,0
HPQ.US,D,20210312,000000,28.7579,29.2987,28.6252,28.7774,9973663.4262055,0
HPQ.US,D,20210315,000000,28.7579,29.2791,28.5861,29.2596,13484011.265797,0
HPQ.US,D,20210316,000000,29.2791,29.4412,28.876,28.9199,11159441.1877,0
HPQ.US,D,20210317,000000,28.7861,29.2557,28.753,29.2147,13248042.105972,0
HPQ.US,D,20210318,000000,29.0429,29.5642,28.7189,28.8048,11598763.959543,0
HPQ.US,D,20210319,000000,28.5481,28.8136,28.2064,28.5861,52413682.224813,0
HPQ.US,D,20210322,000000,28.6154,29.1952,28.3713,28.957,15736546.420629,0
HPQ.US,D,20210323,000000,28.832,29.0478,27.978,28.1108,10852336.631889,0
HPQ.US,D,20210324,000000,28.2533,28.753,27.9019,27.9106,9548092.766765,0
HPQ.US,D,20210325,000000,27.6637,28.5285,27.531,28.4055,10060966.749316,0
HPQ.US,D,20210326,000000,28.5285,30.1156,28.5285,30.0873,13885319.277106,0
HPQ.US,D,20210329,000000,30.0209,30.3538,29.4704,29.526,10166615.101455,0
HPQ.US,D,20210330,000000,29.4607,30.0824,29.4217,29.9927,7597109.2772443,0
HPQ.US,D,20210331,000000,30.0307,30.5246,30.0307,30.1731,9385145.1415617,0
HPQ.US,D,20210401,000000,30.4865,30.544,30.0404,30.4582,8278319.8525342,0
HPQ.US,D,20210405,000000,30.7149,30.995,30.1684,30.8477,7276570.2097798,0
HPQ.US,D,20210406,000000,30.7247,30.9521,30.4542,30.6866,9442265.1238812,0
HPQ.US,D,20210407,000000,30.6017,31.0477,30.5529,30.6768,7194175.3550081,0
HPQ.US,D,20210408,000000,30.9042,31.0664,30.4495,30.7716,7435950.461417,0
HPQ.US,D,20210409,000000,30.7716,31.3523,30.7344,31.3426,6982064.1584891,0
HPQ.US,D,20210412,000000,31.3426,31.5318,30.9424,31.114,8272560.0092862,0
HPQ.US,D,20210413,000000,31.1425,31.447,30.7344,31.3991,10080496.12178,0
HPQ.US,D,20210414,000000,31.3133,31.9409,31.2762,31.5514,8206198.8697101,0
HPQ.US,D,20210415,000000,31.8266,32.136,31.6374,31.9506,7789476.9769241,0
HPQ.US,D,20210416,000000,32.1595,32.5675,32.1116,32.2922,7662080.1451577,0
HPQ.US,D,20210419,000000,32.1215,32.3498,31.9312,32.0257,8216756.5332942,0
HPQ.US,D,20210420,000000,32.178,32.3401,31.5982,31.7135,8649095.1622289,0
HPQ.US,D,20210421,000000,31.6177,32.3205,31.5514,32.2161,6726167.0884856,0
HPQ.US,D,20210422,000000,32.3304,32.592,32.0649,32.0931,7976132.9857275,0
HPQ.US,D,20210423,000000,32.1879,32.8896,32.0649,32.71,6516849.7540329,0
HPQ.US,D,20210426,000000,32.7861,33.1141,32.5401,32.6252,5588996.5847373,0
HPQ.US,D,20210427,000000,32.6728,32.9726,32.5773,32.7197,6922671.7940415,0
HPQ.US,D,20210428,000000,32.7197,32.7774,32.3782,32.6153,6572103.0635674,0
HPQ.US,D,20210429,000000,32.9014,33.1385,32.5109,32.9765,7927080.0624144,0
HPQ.US,D,20210430,000000,32.8525,32.8915,32.221,32.4162,9268189.1782655,0
HPQ.US,D,20210503,000000,32.6252,32.9198,32.4162,32.7676,6560783.1581874,0
HPQ.US,D,20210504,000000,32.5499,32.6728,31.9594,32.2737,9348341.3619469,0
HPQ.US,D,20210505,000000,32.5401,32.9676,32.5401,32.7392,3863854.8892471,0
HPQ.US,D,20210506,000000,32.71,33.2615,32.5012,33.2429,5875932.4685149,0
HPQ.US,D,20210507,000000,33.2518,33.8218,33.0809,33.8021,7151806.3906685,0
HPQ.US,D,20210510,000000,34.1068,34.2122,33.4811,33.4987,8150712.9944665,0
HPQ.US,D,20210511,000000,32.8056,32.8818,31.5845,31.9223,11983950.147061,0
HPQ.US,D,20210512,000000,31.5982,31.7135,30.1879,30.3626,13342509.887252,0
HPQ.US,D,20210513,000000,30.4103,31.0292,30.3538,30.7813,10819972.09112,0
HPQ.US,D,20210514,000000,31.0379,31.5416,30.7247,31.2849,7670601.0658787,0
HPQ.US,D,20210517,000000,31.114,31.4802,30.7716,31.3991,8883542.9120191,0
HPQ.US,D,20210518,000000,31.4284,31.4284,30.7052,30.7344,7963570.3393551,0
HPQ.US,D,20210519,000000,30.1731,30.2874,29.6685,30.22,11548704.95902,0
HPQ.US,D,20210520,000000,30.3918,30.6104,30.0025,30.4495,7886993.7253883,0
HPQ.US,D,20210521,000000,30.6573,30.8291,30.06,30.0873,9133662.7219594,0
HPQ.US,D,20210524,000000,31.2566,31.2566,30.5197,30.7052,9040546.2806368,0
HPQ.US,D,20210525,000000,30.8867,31.1717,30.2298,30.2777,9855493.408436,0
HPQ.US,D,20210526,000000,30.3626,30.5919,30.1927,30.5725,10877734.446567,0
HPQ.US,D,20210527,000000,30.8194,30.9042,30.2581,30.5051,25747753.328836,0
HPQ.US,D,20210528,000000,28.9473,29.0722,27.6208,27.7779,38806702.096391,0
HPQ.US,D,20210601,000000,28.2436,28.4826,27.9204,28.3763,16245470.884197,0
HPQ.US,D,20210602,000000,28.3391,28.6808,28.225,28.3012,11770667.925848,0
HPQ.US,D,20210603,000000,28.1303,28.5959,28.101,28.4437,9452714.1884997,0
HPQ.US,D,20210604,000000,28.5568,29.2791,28.5568,29.1074,11820735.122518,0
HPQ.US,D,20210607,000000,29.2693,29.3524,28.7189,29.0331,9545555.0343344,0
HPQ.US,D,20210608,000000,29.1513,29.2557,28.6163,29.0936,10544502.618874,0
HPQ.US,D,20210609,000000,29.2654,29.2654,28.5773,28.7403,13041237.915504,0
HPQ.US,D,20210610,000000,29.0175,29.122,28.6262,28.6632,8310226.4335141,0
HPQ.US,D,20210611,000000,28.549,28.8839,28.549,28.7696,11942806.506899,0
HPQ.US,D,20210614,000000,28.7306,28.8067,27.8794,28.1088,13185711.422343,0
HPQ.US,D,20210615,000000,28.1762,28.429,28.1566,28.3002,8789452.1535622,0
HPQ.US,D,20210616,000000,28.0327,28.2718,27.6735,27.7643,12998721.420494,0
HPQ.US,D,20210617,000000,27.8218,27.9702,26.8936,27.3914,13117283.828866,0
HPQ.US,D,20210618,000000,26.9033,27.4871,26.7989,27.4207,26146784.859943,0
HPQ.US,D,20210621,000000,27.6404,28.1947,27.5827,27.937,9743149.8276198,0
HPQ.US,D,20210622,000000,27.9555,27.9947,27.5251,27.8697,9025308.6163489,0
HPQ.US,D,20210623,000000,27.9077,28.2191,27.6979,27.9273,8274743.258301,0
HPQ.US,D,20210624,000000,28.2142,28.224,27.8415,28.1859,6556642.0542372,0
HPQ.US,D,20210625,000000,28.1186,28.6115,28.0902,28.4142,17827275.263912,0
HPQ.US,D,20210628,000000,28.4631,28.7208,28.3479,28.511,6869613.0032258,0
HPQ.US,D,20210629,000000,28.6447,28.9932,28.4905,28.8253,8133941.6259199,0
HPQ.US,D,20210630,000000,28.8165,28.96,28.5773,28.874,7454144.8862193,0
HPQ.US,D,20210701,000000,28.9403,29.1415,28.8165,29.0273,7953215.5304425,0
HPQ.US,D,20210702,000000,29.1903,29.4636,29.0273,29.3631,6581694.6061656,0
HPQ.US,D,20210706,000000,29.246,29.3142,28.6115,28.8642,7877033.3561147,0
HPQ.US,D,20210707,000000,28.9688,29.1707,28.7208,28.96,7684915.6389595,0
HPQ.US,D,20210708,000000,28.4437,28.8692,28.1762,28.6163,7315885.0843432,0
HPQ.US,D,20210709,000000,28.9316,29.1415,28.7013,28.7306,11458699.980512,0
HPQ.US,D,20210712,000000,28.5969,28.6212,27.3816,27.937,15303703.728571,0
HPQ.US,D,20210713,000000,27.7741,27.8013,26.9326,26.961,13896189.418846,0
HPQ.US,D,20210714,000000,27.2099,27.5925,27.0713,27.3436,7342032.8465938,0
HPQ.US,D,20210715,000000,27.162,27.248,26.6164,26.8751,10668470.387077,0
HPQ.US,D,20210716,000000,26.9804,27.1337,26.2582,26.3206,7468880.5364212,0
HPQ.US,D,20210719,000000,25.9381,26.5832,25.7369,26.387,13196418.665635,0
HPQ.US,D,20210720,000000,26.5306,27.4207,26.5306,26.9804,13761112.796082,0
HPQ.US,D,20210721,000000,27.2099,27.3914,26.8467,27.2772,11687374.568313,0
HPQ.US,D,20210722,000000,27.3436,27.3914,26.5071,26.5881,9239454.5066941,0
HPQ.US,D,20210723,000000,26.7511,27.1708,26.6935,26.9707,8777393.5703128,0
HPQ.US,D,20210726,000000,27.1143,27.5544,27.1143,27.2381,5946814.8084207,0
HPQ.US,D,20210727,000000,26.918,27.1708,26.6359,27.162,9438455.9639389,0
HPQ.US,D,20210728,000000,27.2293,27.4207,26.9326,27.2293,6203521.248073,0
HPQ.US,D,20210729,000000,27.4207,27.7125,27.3533,27.5251,6792449.3401339,0
HPQ.US,D,20210730,000000,27.2381,27.7175,27.0947,27.611,7125569.4953047,0
HPQ.US,D,20210802,000000,27.7838,28.1908,27.6549,27.8697,8381955.0257361,0
HPQ.US,D,20210803,000000,28.0229,28.3577,27.8415,28.2426,8488240.6284085,0
HPQ.US,D,20210804,000000,27.9751,28.2904,27.7838,27.8023,6338883.7115101,0
HPQ.US,D,20210805,000000,28.0034,28.0805,27.7544,27.9555,5076559.0470856,0
HPQ.US,D,20210806,000000,27.9947,28.3958,27.9555,28.0425,5991985.830975,0
HPQ.US,D,20210809,000000,28.0229,28.267,27.9458,28.0425,6094045.294658,0
HPQ.US,D,20210810,000000,28.1186,28.6349,28.0756,28.4339,7798906.6455926,0
HPQ.US,D,20210811,000000,28.4241,29.0566,28.2904,28.7881,5902036.1764683,0
HPQ.US,D,20210812,000000,28.8253,29.1464,28.716,29.0751,5573029.4632471,0
HPQ.US,D,20210813,000000,28.8165,28.8399,27.7175,27.7457,11912549.400773,0
HPQ.US,D,20210816,000000,27.6588,28.2426,27.3816,28.1566,8022548.7983115,0
HPQ.US,D,20210817,000000,28.0034,28.0229,27.1806,27.4304,9354046.905712,0
HPQ.US,D,20210818,000000,27.0097,27.5447,26.8985,26.9903,8563585.7710868,0
HPQ.US,D,20210819,000000,26.713,26.8936,26.3441,26.5695,9554270.6135783,0
HPQ.US,D,20210820,000000,26.6456,27.1143,26.6214,26.9903,8237941.5277233,0
HPQ.US,D,20210823,000000,27.2001,27.4207,27.0049,27.3144,7040544.7014335,0
HPQ.US,D,20210824,000000,27.4109,27.7262,27.2577,27.6404,7291860.1245133,0
HPQ.US,D,20210825,000000,27.6686,28.4387,27.6012,28.1088,11982661.302734,0
HPQ.US,D,20210826,000000,28.3099,28.3381,27.6979,27.8315,13073965.135837,0
HPQ.US,D,20210827,000000,26.5783,27.8268,26.3109,27.6588,24538696.457011,0
HPQ.US,D,20210830,000000,27.8697,28.9131,27.7175,28.4437,14042469.151875,0
HPQ.US,D,20210831,000000,28.5392,29.0371,28.3676,28.4437,14927197.262147,0
HPQ.US,D,20210901,000000,28.3958,28.5012,27.8599,27.9458,12379371.274822,0
HPQ.US,D,20210902,000000,28.0991,28.4534,28.0034,28.3099,8658548.3948238,0
HPQ.US,D,20210903,000000,28.224,28.7208,28.1665,28.5578,8489958.7460049,0
HPQ.US,D,20210907,000000,28.3987,28.4709,27.571,27.5807,11786614.556967,0
HPQ.US,D,20210908,000000,27.4841,27.5514,26.9737,27.1376,10273860.678001,0
HPQ.US,D,20210909,000000,27.0801,27.4549,26.839,27.1572,8214447.2684986,0
HPQ.US,D,20210910,000000,27.3299,27.5134,26.9355,26.9541,7631251.3576849,0
HPQ.US,D,20210913,000000,27.1572,27.407,27.0703,27.3201,8529754.1197648,0
HPQ.US,D,20210914,000000,27.407,27.407,26.4592,26.5306,6846966.020836,0
HPQ.US,D,20210915,000000,26.5207,27.0312,26.3578,26.9063,7380284.2709097,0
HPQ.US,D,20210916,000000,26.9161,27.1376,26.7911,26.9932,6344279.8506752,0
HPQ.US,D,20210917,000000,26.8008,26.9015,26.4349,26.6466,13788620.094439,0
HPQ.US,D,20210920,000000,26.0503,26.2807,25.8043,26.223,8788819.0011027,0
HPQ.US,D,20210921,000000,26.4642,26.4827,25.7663,25.8277,9057296.1342938,0
HPQ.US,D,20210922,000000,26.2328,26.7334,26.1752,26.5598,8148531.7944887,0
HPQ.US,D,20210923,000000,26.7334,27.1708,26.675,26.9355,6568534.6654826,0
HPQ.US,D,20210924,000000,26.8008,27.1376,26.7619,26.8487,4459699.5059909,0
HPQ.US,D,20210927,000000,26.8097,27.898,26.8097,27.6384,9139014.8068273,0
HPQ.US,D,20210928,000000,27.5222,28.4319,27.3875,27.5134,12184720.947829,0
HPQ.US,D,20210929,000000,26.5403,26.9541,26.1567,26.2904,11959797.122413,0
HPQ.US,D,20210930,000000,26.6086,27.0312,26.1849,26.3382,10704865.383794,0
HPQ.US,D,20211001,000000,26.4974,27.2049,26.3295,27.0225,7763276.9642279,0
HPQ.US,D,20211004,000000,26.9161,27.4743,26.9063,27.0312,8187329.287188,0
HPQ.US,D,20211005,000000,27.2246,27.4363,26.8966,27.243,7237348.5664039,0
HPQ.US,D,20211006,000000,26.8682,27.0898,26.3675,26.714,9104993.6195748,0
HPQ.US,D,20211007,000000,26.9161,27.3251,26.8682,27.0029,8014076.0299621,0
HPQ.US,D,20211008,000000,27.243,27.3201,26.7716,26.8487,7491466.0476984,0
HPQ.US,D,20211011,000000,26.9258,27.0508,26.5598,26.6466,7603304.540873,0
HPQ.US,D,20211012,000000,26.6466,26.7813,25.4627,25.5584,15853619.179038,0
HPQ.US,D,20211013,000000,25.4627,25.6735,25.1347,25.492,13319545.304114,0
HPQ.US,D,20211014,000000,25.7809,26.5792,25.693,26.4642,7848529.2012156,0
HPQ.US,D,20211015,000000,26.5891,27.5514,26.5792,27.2246,14614070.586341,0
HPQ.US,D,20211018,000000,27.0409,27.8502,27.0409,27.532,9320185.5433522,0
HPQ.US,D,20211019,000000,27.6286,27.9848,27.5514,27.7828,9033724.01166,0
HPQ.US,D,20211020,000000,27.898,28.2064,27.4314,27.5222,11672313.121215,0
HPQ.US,D,20211021,000000,28.3538,29.65,28.2259,29.4285,22010227.723034,0
HPQ.US,D,20211022,000000,29.3426,29.8374,29.1786,29.3328,11593859.589278,0
HPQ.US,D,20211025,000000,29.6978,29.8228,29.12,29.4871,7936660.3353087,0
HPQ.US,D,20211026,000000,29.6021,29.6266,28.8652,29.0147,9017346.0582339,0
HPQ.US,D,20211027,000000,29.0634,29.1786,28.5432,28.591,7796087.1705627,0
HPQ.US,D,20211028,000000,28.8126,29.3993,28.7355,29.3132,7295411.1057828,0
HPQ.US,D,20211029,000000,29.1395,29.5339,28.9755,29.1981,8073942.7464949,0
HPQ.US,D,20211101,000000,29.284,30.0922,29.2264,30.0824,8635169.9061943,0
HPQ.US,D,20211102,000000,30.0824,30.4495,29.6021,29.852,8816680.7828756,0
HPQ.US,D,20211103,000000,29.7467,30.2083,29.6021,30.0824,6495769.2604953,0
HPQ.US,D,20211104,000000,30.1215,30.4689,29.9478,30.1605,5471347.0223877,0
HPQ.US,D,20211105,000000,30.4103,30.8438,30.3245,30.7579,8833915.2338034,0
HPQ.US,D,20211108,000000,30.7091,31.0741,30.344,30.4201,7959121.8798422,0
HPQ.US,D,20211109,000000,30.4006,30.9112,30.3528,30.5842,4712835.4985214,0
HPQ.US,D,20211110,000000,30.5061,30.9394,30.2181,30.344,7006435.4055863,0
HPQ.US,D,20211111,000000,30.4201,30.8681,30.3616,30.5061,4768039.6311658,0
HPQ.US,D,20211112,000000,30.4874,30.7334,30.2464,30.6319,6250196.2638481,0
HPQ.US,D,20211115,000000,30.7285,30.834,30.06,30.18,7366282.1759845,0
HPQ.US,D,20211116,000000,30.2083,30.4924,30.0454,30.0454,6204921.7649211,0
HPQ.US,D,20211117,000000,30.0454,30.1507,29.693,29.7759,7268588.1858125,0
HPQ.US,D,20211118,000000,29.938,30.2953,29.4968,30.2366,7250083.3318915,0
HPQ.US,D,20211119,000000,30.2854,30.6037,30.0501,30.2757,8240665.7225287,0
HPQ.US,D,20211122,000000,30.4201,31.3542,30.2415,30.7384,11364605.123981,0
HPQ.US,D,20211123,000000,30.8535,31.3151,30.6506,30.9883,13548509.830664,0
HPQ.US,D,20211124,000000,32.7305,34.8583,32.7305,34.1165,35319813.682393,0
HPQ.US,D,20211126,000000,33.3561,33.9242,33.1151,33.2888,9650091.7838541,0
HPQ.US,D,20211129,000000,33.4674,34.7431,33.3659,34.5889,17317262.761651,0
HPQ.US,D,20211130,000000,34.2414,34.6134,33.6265,33.9623,21273442.139387,0
HPQ.US,D,20211201,000000,34.6456,36.9471,34.3391,35.0984,25465333.522796,0
HPQ.US,D,20211202,000000,35.0887,36.8417,34.9541,36.2346,19042140.131358,0
HPQ.US,D,20211203,000000,36.4464,37.0525,35.7534,36.1487,16848081.421398,0
HPQ.US,D,20211206,000000,36.3889,36.7928,35.5416,35.5513,12693379.036576,0
HPQ.US,D,20211207,000000,36.1526,36.5401,35.8373,36.1429,11038970.101284,0
HPQ.US,D,20211208,000000,36.3068,36.3946,35.5123,35.5806,11329267.430401,0
HPQ.US,D,20211209,000000,34.8925,35.3619,34.7031,35.0379,14911720.885039,0
HPQ.US,D,20211210,000000,35.3474,35.7163,34.873,35.3093,9956965.8229941,0
HPQ.US,D,20211213,000000,35.1834,35.28,34.1555,34.1946,10951856.314104,0
HPQ.US,D,20211214,000000,33.9613,34.7617,33.7582,34.5041,11542292.497461,0
HPQ.US,D,20211215,000000,34.6397,35.1921,34.2521,35.1443,9416833.5000921,0
HPQ.US,D,20211216,000000,35.2409,35.895,35.0467,35.5709,12773077.358543,0
HPQ.US,D,20211217,000000,35.3766,36.1429,35.3522,35.445,30993965.474989,0
HPQ.US,D,20211220,000000,34.9793,35.076,34.4854,35.0184,9593674.6212549,0
HPQ.US,D,20211221,000000,35.4352,35.9193,35.1834,35.8803,9403133.6381371,0
HPQ.US,D,20211222,000000,35.7738,36.2004,35.3376,36.133,7168489.6506203,0
HPQ.US,D,20211223,000000,35.9974,36.8691,35.9778,36.4912,6831096.2286073,0
HPQ.US,D,20211227,000000,36.3752,37.0145,36.3752,36.9276,5990017.730854,0
HPQ.US,D,20211228,000000,36.9764,37.1989,36.5782,36.7821,5385806.8956895,0
HPQ.US,D,20211229,000000,36.6661,37.2282,36.6465,36.8114,4773723.6600414,0
HPQ.US,D,20211230,000000,36.9276,37.034,36.5303,36.588,4420701.2076572,0
HPQ.US,D,20211231,000000,36.6269,36.9178,36.4717,36.5109,5033318.2174661,0
HPQ.US,D,20220103,000000,36.5498,36.9901,36.4328,36.8495,7283708.0304679,0
HPQ.US,D,20220104,000000,37.2663,38.2745,37.2039,37.9935,9939559.2529511,0
HPQ.US,D,20220105,000000,38.0228,38.4249,37.6646,37.6733,11304080.666543,0
HPQ.US,D,20220106,000000,37.4117,37.7562,36.9949,37.4897,8229662.3933785,0
HPQ.US,D,20220107,000000,37.7025,37.8188,37.2184,37.4605,7450401.2954638,0
HPQ.US,D,20220110,000000,37.4019,37.7758,36.8066,37.7612,10598527.530676,0
HPQ.US,D,20220111,000000,37.7904,37.9935,37.4664,37.9836,8342216.0004961,0
HPQ.US,D,20220112,000000,38.1585,38.4297,37.7075,37.7904,9380521.4893778,0
HPQ.US,D,20220113,000000,37.9457,38.1243,37.4556,37.5094,9609668.3802274,0
HPQ.US,D,20220114,000000,36.9901,37.3346,36.792,37.238,8806927.3663476,0
HPQ.US,D,20220118,000000,36.8407,37.16,36.3849,36.4717,8437231.8991971,0
HPQ.US,D,20220119,000000,36.6172,36.8593,35.4255,35.4732,7475939.4691814,0
HPQ.US,D,20220120,000000,35.5709,36.0941,34.9209,34.9989,10259663.924553,0
HPQ.US,D,20220121,000000,34.8925,34.9891,33.7193,33.7876,10571881.852414,0
HPQ.US,D,20220124,000000,33.2401,34.5528,33.0946,34.5236,13453751.086116,0
HPQ.US,D,20220125,000000,33.8842,34.301,32.5753,33.9037,12475560.247255,0
HPQ.US,D,20220126,000000,34.5869,35.0808,33.7632,34.1458,11166834.113505,0
HPQ.US,D,20220127,000000,34.8925,35.3376,33.9164,34.1263,9956224.0715692,0
HPQ.US,D,20220128,000000,34.1068,35.2067,33.8354,35.1834,9767162.4932271,0
HPQ.US,D,20220131,000000,35.0087,35.6773,34.8144,35.5992,11439529.189538,0
HPQ.US,D,20220201,000000,35.7261,36.3263,35.5992,36.3068,11114452.529447,0
HPQ.US,D,20220202,000000,36.3752,37.0487,36.3752,36.9851,11479878.82783,0
HPQ.US,D,20220203,000000,36.705,37.2575,36.5059,36.5596,6982844.8416187,0
HPQ.US,D,20220204,000000,36.3361,36.8212,35.8665,36.4425,7310732.7805912,0
HPQ.US,D,20220207,000000,36.3849,36.5782,36.0072,36.3361,7963182.0468274,0
HPQ.US,D,20220208,000000,36.3458,36.9276,36.1038,36.831,6090725.8545792,0
HPQ.US,D,20220209,000000,36.9949,37.3151,36.6367,37.2184,8842443.3261541,0
HPQ.US,D,20220210,000000,36.831,37.8676,36.7333,36.9374,9079706.4529002,0
HPQ.US,D,20220211,000000,36.9374,37.2184,35.9778,36.1809,7036987.5730527,0
HPQ.US,D,20220214,000000,36.1135,36.1614,34.9404,35.3864,9812316.0989662,0
HPQ.US,D,20220215,000000,35.7641,36.2493,35.5992,36.22,8421895.8811292,0
HPQ.US,D,20220216,000000,35.9291,36.8788,35.9291,36.7236,6977485.5851211,0
HPQ.US,D,20220217,000000,36.2785,36.588,35.2653,35.2995,7876059.0389805,0
HPQ.US,D,20220218,000000,35.319,35.6334,34.8778,35.0858,9906453.9852759,0
HPQ.US,D,20220222,000000,34.9404,35.1053,33.5572,34.1068,10344124.208708,0
HPQ.US,D,20220223,000000,34.427,34.5723,33.3269,33.4771,10009209.09705,0
HPQ.US,D,20220224,000000,32.3234,33.5113,32.0229,33.4674,13272113.169135,0
HPQ.US,D,20220225,000000,32.954,33.6227,32.2024,33.3893,13831408.086863,0
HPQ.US,D,20220228,000000,33.2351,33.6031,32.4982,33.3025,19771316.615787,0
HPQ.US,D,20220301,000000,33.157,34.2142,32.6728,33.0214,22648618.545825,0
HPQ.US,D,20220302,000000,33.7681,35.4605,33.7143,35.1921,21884796.942351,0
HPQ.US,D,20220303,000000,35.2117,35.6577,34.8974,35.4928,17261564.811069,0
HPQ.US,D,20220304,000000,35.202,35.3815,34.5303,35.2312,14826440.986051,0
HPQ.US,D,20220307,000000,34.9404,35.0662,34.0394,34.5626,18172338.231737,0
HPQ.US,D,20220308,000000,34.6992,35.7338,34.4602,34.7773,24380401.170511,0
HPQ.US,D,20220309,000000,35.5288,35.7241,34.7383,35.1873,18114299.256285,0
HPQ.US,D,20220310,000000,34.8456,35.3044,34.2502,35.2848,16377455.509998,0
HPQ.US,D,20220311,000000,35.3434,35.8706,34.6114,35.4215,13563018.037748,0
HPQ.US,D,20220314,000000,35.1092,35.685,32.9423,33.284,19904466.119171,0
HPQ.US,D,20220315,000000,33.1962,34.3479,33.0497,34.0258,16102414.286503,0
HPQ.US,D,20220316,000000,34.426,34.9628,33.9378,34.9531,17195222.112827,0
HPQ.US,D,20220317,000000,34.5528,34.5821,32.9326,33.6646,20949625.637105,0
HPQ.US,D,20220318,000000,33.9378,36.6904,33.3425,36.2024,62403748.19289,0
HPQ.US,D,20220321,000000,36.017,36.8466,35.8412,36.6416,23332203.955097,0
HPQ.US,D,20220322,000000,37.0614,37.603,36.4952,37.3151,17548424.880474,0
HPQ.US,D,20220323,000000,36.993,37.8666,36.8173,36.827,15633197.088099,0
HPQ.US,D,20220324,000000,36.9442,37.8227,36.8856,37.608,10932363.824307,0
HPQ.US,D,20220325,000000,37.4907,38.8866,37.4907,38.8866,13714749.233944,0
HPQ.US,D,20220328,000000,37.442,38.1545,36.6904,37.8227,19795381.531839,0
HPQ.US,D,20220329,000000,38.2326,38.9159,37.7543,38.7694,10495570.588749,0
HPQ.US,D,20220330,000000,38.7792,39.3991,37.8128,37.9105,12494848.857861,0
HPQ.US,D,20220331,000000,36.0852,36.2024,34.9531,35.4313,27704079.682558,0
HPQ.US,D,20220401,000000,35.2653,35.7241,34.1575,34.748,21343221.072822,0
HPQ.US,D,20220404,000000,34.9237,35.8022,34.87,35.7631,18906854.506812,0
HPQ.US,D,20220405,000000,35.3726,35.8705,34.9725,35.1385,10869814.91823,0
HPQ.US,D,20220406,000000,34.6992,34.8847,33.6402,34.0746,18044714.981373,0
HPQ.US,D,20220407,000000,38.0959,40.4776,37.7739,39.1013,96771143.824885,0
HPQ.US,D,20220408,000000,38.174,39.2037,37.359,37.7055,34104185.548633,0
HPQ.US,D,20220411,000000,37.5201,38.2814,37.1101,37.276,15810376.300382,0
HPQ.US,D,20220412,000000,37.608,38.5938,36.8466,36.9833,14198276.907354,0
HPQ.US,D,20220413,000000,36.8173,37.2858,36.788,37.032,10271897.700474,0
HPQ.US,D,20220414,000000,37.0417,37.1784,36.5538,36.5733,9790411.89252,0
HPQ.US,D,20220418,000000,36.6416,37.7543,36.6319,37.5103,12954627.166928,0
HPQ.US,D,20220419,000000,37.5493,37.9397,37.3249,37.7641,8830022.0633406,0
HPQ.US,D,20220420,000000,38.057,38.8281,38.052,38.4376,11346692.441777,0
HPQ.US,D,20220421,000000,38.301,38.5645,37.3053,37.3737,9732495.8592926,0
HPQ.US,D,20220422,000000,37.2077,37.2077,35.8705,35.9095,9474165.5577499,0
HPQ.US,D,20220425,000000,35.7241,36.1633,35.3532,36.1145,10156183.453651,0
HPQ.US,D,20220426,000000,35.8997,36.3586,35.4605,35.4703,10848279.538459,0
HPQ.US,D,20220427,000000,35.5288,36.2718,35.2263,35.5777,9617829.6949398,0
HPQ.US,D,20220428,000000,36.0852,37.0174,35.7436,36.6807,7809184.6156145,0
HPQ.US,D,20220429,000000,36.466,37.2907,35.685,35.7534,10212427.472617,0
HPQ.US,D,20220502,000000,35.7436,36.1829,35.1482,36.1731,9657597.4066989,0
HPQ.US,D,20220503,000000,36.0657,37.2468,35.9974,37.0125,7896967.413403,0
HPQ.US,D,20220504,000000,37.2077,38.5742,36.7392,38.4473,10407160.785612,0
HPQ.US,D,20220505,000000,37.9983,38.1643,36.6074,37.0028,8476719.9173943,0
HPQ.US,D,20220506,000000,36.4562,36.7489,35.4507,36.2024,10358819.902686,0
HPQ.US,D,20220509,000000,35.2946,36.3292,35.2653,36.1243,10220790.617482,0
HPQ.US,D,20220510,000000,36.9539,37.847,36.5244,36.6416,14871913.217056,0
HPQ.US,D,20220511,000000,36.2805,36.827,34.9334,35.0018,10351669.787776,0
HPQ.US,D,20220512,000000,34.7285,35.4996,34.1624,34.9823,11801060.26842,0
HPQ.US,D,20220513,000000,35.2751,36.1096,35.1092,35.8997,9044075.747017,0
HPQ.US,D,20220516,000000,36.0559,36.9491,35.5581,36.6123,8648965.0483738,0
HPQ.US,D,20220517,000000,37.4615,38.7563,37.2858,38.6719,13916609.097924,0
HPQ.US,D,20220518,000000,38.0667,38.0862,35.8315,35.9681,13558523.4749,0
HPQ.US,D,20220519,000000,35.4996,35.7534,34.2307,34.875,14188109.585335,0
HPQ.US,D,20220520,000000,34.9042,34.9725,32.6494,33.8208,14877644.373785,0
HPQ.US,D,20220523,000000,33.9378,34.2893,33.3479,34.2209,13053415.342904,0
HPQ.US,D,20220524,000000,33.9378,34.0306,33.0789,33.9378,9850995.7720329,0
HPQ.US,D,20220525,000000,33.7036,35.202,33.567,34.7188,11749251.390227,0
HPQ.US,D,20220526,000000,34.875,36.0706,34.6699,35.89,11070102.146245,0
HPQ.US,D,20220527,000000,37.0906,38.2033,37.0906,37.8227,15204092.864205,0
HPQ.US,D,20220531,000000,37.7641,38.5596,37.3444,37.9105,27559052.935707,0
HPQ.US,D,20220601,000000,38.8085,39.8139,38.1106,39.3746,19803991.585674,0
HPQ.US,D,20220602,000000,38.9548,39.2379,38.2716,38.9354,12632861.750768,0
HPQ.US,D,20220603,000000,38.4083,39.316,38.3302,38.8573,7053586.8224839,0
HPQ.US,D,20220606,000000,39.1111,39.6186,38.3449,38.5742,8238367.7274371,0
HPQ.US,D,20220607,000000,38.1912,38.7707,37.8915,38.6627,6678714.0680387,0
HPQ.US,D,20220608,000000,38.3188,38.3188,37.1843,37.2776,11081791.538992,0
HPQ.US,D,20220609,000000,37.1696,37.4436,36.0056,36.0202,8193066.2724614,0
HPQ.US,D,20220610,000000,35.2541,35.5881,34.6254,34.6549,9695222.3872766,0
HPQ.US,D,20220613,000000,33.7906,34.0655,33.0047,33.1619,12333440.176877,0
HPQ.US,D,20220614,000000,33.2993,33.5253,32.769,33.1521,10963562.768501,0
HPQ.US,D,20220615,000000,33.653,34.3209,33.2699,33.8004,12912329.911581,0
HPQ.US,D,20220616,000000,33.0538,33.0735,31.7326,32.1305,13639659.698512,0
HPQ.US,D,20220617,000000,32.2975,33.2109,32.0519,32.9556,20912854.746025,0
HPQ.US,D,20220621,000000,33.8592,34.2719,33.4614,33.6824,11480606.723269,0
HPQ.US,D,20220622,000000,33.0833,33.5155,32.8132,33.1422,10894878.830476,0
HPQ.US,D,20220623,000000,33.3091,33.4497,32.823,33.2699,7466598.7633189,0
HPQ.US,D,20220624,000000,33.653,34.6353,33.6039,34.6058,10722989.301788,0
HPQ.US,D,20220627,000000,34.812,35.1166,34.5272,34.7335,5909255.8520486,0
HPQ.US,D,20220628,000000,34.7826,35.0675,33.5744,33.8298,7356801.3796507,0
HPQ.US,D,20220629,000000,33.7316,33.761,32.8475,33.0145,6097047.1269527,0
HPQ.US,D,20220630,000000,32.3662,32.8082,32.0322,32.1992,11074880.082201,0
HPQ.US,D,20220701,000000,32.0911,32.2876,30.9223,31.3053,12413491.521961,0
HPQ.US,D,20220705,000000,30.3624,31.0009,29.4782,30.9811,14223186.594165,0
HPQ.US,D,20220706,000000,30.9713,31.1383,30.2168,30.6178,8455815.6506875,0
HPQ.US,D,20220707,000000,31.0893,31.433,30.9026,31.2169,7148824.4566049,0
HPQ.US,D,20220708,000000,31.3544,31.8505,31.0009,31.541,6703498.1917026,0
HPQ.US,D,20220711,000000,31.0009,31.2661,30.7258,30.8437,5969533.8541903,0
HPQ.US,D,20220712,000000,30.8928,31.3741,30.5048,30.7749,9945574.1044643,0
HPQ.US,D,20220713,000000,30.215,30.8387,29.9695,30.5096,7444884.0228074,0
HPQ.US,D,20220714,000000,29.9793,30.7258,29.7239,30.6276,7606519.8774948,0
HPQ.US,D,20220715,000000,31.0499,31.1678,30.7651,31.0991,7231734.4510725,0
HPQ.US,D,20220718,000000,31.4232,31.8259,30.8142,30.9419,7675586.5976317,0
HPQ.US,D,20220719,000000,31.3937,32.3073,31.3643,32.2483,8911732.5600128,0
HPQ.US,D,20220720,000000,32.3171,32.877,31.9929,32.3564,5646896.3821964,0
HPQ.US,D,20220721,000000,32.2385,32.9212,31.9635,32.8672,7052687.1005122,0
HPQ.US,D,20220722,000000,32.6118,32.9752,31.7326,31.8947,7695285.6238341,0
HPQ.US,D,20220725,000000,32.0617,32.1451,31.6246,32.0224,4563285.0189861,0
HPQ.US,D,20220726,000000,31.9536,32.0715,31.3151,31.3839,6014749.9910781,0
HPQ.US,D,20220727,000000,31.6196,32.2483,31.2857,32.0421,7117215.409341,0
HPQ.US,D,20220728,000000,32.0911,32.6314,31.7277,32.3073,4798550.4380191,0
HPQ.US,D,20220729,000000,32.4153,32.8278,31.934,32.7984,8611867.5695239,0
HPQ.US,D,20220801,000000,32.4644,33.2306,32.4251,33.0735,6516186.4124751,0
HPQ.US,D,20220802,000000,32.7198,32.7198,31.8652,32.1599,5880261.1251613,0
HPQ.US,D,20220803,000000,32.5332,32.6806,31.7277,32.376,7201509.9348492,0
HPQ.US,D,20220804,000000,32.2975,32.6904,32.0322,32.6707,6678278.3479759,0
HPQ.US,D,20220805,000000,32.1795,33.3877,32.1403,32.985,6641526.1751112,0
HPQ.US,D,20220808,000000,33.2011,33.4467,32.7542,32.8574,5753540.9036346,0
HPQ.US,D,20220809,000000,32.5921,32.651,31.4822,31.9143,9341040.0043831,0
HPQ.US,D,20220810,000000,32.5234,33.7316,32.4644,33.3779,7560920.9584959,0
HPQ.US,D,20220811,000000,33.2306,34.1638,33.2306,33.6137,7211948.8916802,0
HPQ.US,D,20220812,000000,33.8004,34.0655,33.4467,34.0361,5588217.7170141,0
HPQ.US,D,20220815,000000,33.761,34.1245,33.5351,33.7906,4607301.9076637,0
HPQ.US,D,20220816,000000,33.6922,34.2079,33.6235,33.8888,6724684.5707361,0
HPQ.US,D,20220817,000000,33.7708,34.0508,33.4173,33.7021,7160558.3571739,0
HPQ.US,D,20220818,000000,34.0164,34.6942,33.6726,34.6058,6097786.2221993,0
HPQ.US,D,20220819,000000,33.9378,34.0115,33.0636,33.6235,9814382.6621067,0
HPQ.US,D,20220822,000000,33.1177,33.2109,32.7002,32.818,6553137.1026581,0
HPQ.US,D,20220823,000000,32.8082,33.3731,32.7492,32.8082,5914903.9242641,0
HPQ.US,D,20220824,000000,32.6118,32.8655,32.339,32.6314,6584213.7162939,0
HPQ.US,D,20220825,000000,32.9261,33.9084,32.877,33.8592,7585307.0294857,0
HPQ.US,D,20220826,000000,32.818,32.985,30.8142,30.8338,14367320.347639,0
HPQ.US,D,20220829,000000,30.4998,31.4183,30.4802,30.9713,10797948.423147,0
HPQ.US,D,20220830,000000,31.2071,31.2562,30.3967,30.549,15807201.070679,0
HPQ.US,D,20220831,000000,28.9773,29.6846,28.162,28.2013,28723817.9383,0
HPQ.US,D,20220901,000000,27.7593,28.0049,27.0717,27.6709,17014943.785978,0
HPQ.US,D,20220902,000000,28.0736,28.162,27.0422,27.1502,12603843.161252,0
HPQ.US,D,20220906,000000,27.1208,27.4253,26.6689,26.8457,13673108.339593,0
HPQ.US,D,20220907,000000,26.7279,27.1061,26.389,26.9833,10220448.309671,0
HPQ.US,D,20220908,000000,26.7279,27.1328,26.4627,27.0128,12037967.000292,0
HPQ.US,D,20220909,000000,27.2288,27.8575,27.2092,27.7593,9128932.9030789,0
HPQ.US,D,20220912,000000,27.9459,28.388,27.9017,28.0049,9555372.5357276,0
HPQ.US,D,20220913,000000,27.1427,27.4499,26.568,26.7166,10472622.521242,0
HPQ.US,D,20220914,000000,26.8256,27.0634,26.4887,26.7959,9162119.968188,0
HPQ.US,D,20220915,000000,26.6274,27.1625,26.3797,26.6968,11630212.540738,0
HPQ.US,D,20220916,000000,26.5085,27.1229,26.2806,26.9842,39898670.426401,0
HPQ.US,D,20220919,000000,26.7364,27.0684,26.3499,26.7067,9857724.0602803,0
HPQ.US,D,20220920,000000,26.2905,26.3797,25.8545,26.2112,9943362.2235757,0
HPQ.US,D,20220921,000000,26.3797,26.6968,25.7653,25.7653,8965080.0412073,0
HPQ.US,D,20220922,000000,25.7256,25.9882,25.4581,25.4779,8855919.5119611,0
HPQ.US,D,20220923,000000,25.0617,25.2401,24.695,25.1211,8725906.7231694,0
HPQ.US,D,20220926,000000,24.8437,25.2698,24.586,24.7347,8953577.190522,0
HPQ.US,D,20220927,000000,25.1509,25.3391,24.6108,24.7545,6005481.0224416,0
HPQ.US,D,20220928,000000,24.6653,25.4581,24.6356,25.3788,7645166.5235516,0
HPQ.US,D,20220929,000000,24.9328,24.9328,24.5117,24.8139,8340871.5266948,0
HPQ.US,D,20220930,000000,24.7842,25.4432,24.6455,24.695,8939219.5662085,0
HPQ.US,D,20221003,000000,25.1112,25.8743,24.8585,25.6563,9004310.2213318,0
HPQ.US,D,20221004,000000,26.1418,26.6175,26.0576,26.3995,8925612.7201133,0
HPQ.US,D,20221005,000000,25.9337,26.7067,25.8842,26.5382,7525029.8993056,0
HPQ.US,D,20221006,000000,26.34,26.7959,26.2112,26.2409,8492617.5285059,0
HPQ.US,D,20221007,000000,25.5373,25.6166,24.6752,24.8139,10412160.656021,0
HPQ.US,D,20221010,000000,25.0518,25.2252,24.3779,24.7644,6617378.3887516,0
HPQ.US,D,20221011,000000,24.7842,25.0964,24.3813,24.5563,7353752.5636043,0
HPQ.US,D,20221012,000000,24.6356,24.7941,24.3977,24.4671,7968866.9742151,0
HPQ.US,D,20221013,000000,23.9716,26.0873,23.8576,25.7851,11899378.641306,0
HPQ.US,D,20221014,000000,25.8743,26.1121,25.1657,25.2103,10798214.044999,0
HPQ.US,D,20221017,000000,25.6364,26.0626,25.1725,25.4581,8922151.4710694,0
HPQ.US,D,20221018,000000,26.0923,26.2608,24.9774,25.3193,7569899.9980616,0
HPQ.US,D,20221019,000000,25.0319,25.5175,25.025,25.2599,6110248.8936447,0
HPQ.US,D,20221020,000000,25.3986,26.1022,25.2549,25.3391,5883865.0421903,0
HPQ.US,D,20221021,000000,25.4878,26.5927,25.3391,26.5481,7966231.1775672,0
HPQ.US,D,20221024,000000,26.7562,27.004,26.4936,26.8157,5691691.0460811,0
HPQ.US,D,20221025,000000,26.667,27.3459,26.6026,27.331,7201821.8945701,0
HPQ.US,D,20221026,000000,26.8058,27.8562,26.7959,27.2319,6999670.8228644,0
HPQ.US,D,20221027,000000,27.5094,27.658,26.8652,26.9743,6454062.9349617,0
HPQ.US,D,20221028,000000,27.0337,27.8661,27.0337,27.7968,8106498.5473453,0
HPQ.US,D,20221031,000000,27.5391,27.6382,27.2815,27.3706,5452368.3796879,0
HPQ.US,D,20221101,000000,27.6878,27.8166,27.1229,27.5986,5159631.4758641,0
HPQ.US,D,20221102,000000,27.5292,27.8166,26.7364,26.7364,5842813.417598,0
HPQ.US,D,20221103,000000,26.4589,26.667,25.9635,26.4193,5473023.8626843,0
HPQ.US,D,20221104,000000,27.1229,28.0544,26.9743,28.0346,13620785.947829,0
HPQ.US,D,20221107,000000,28.094,28.6589,28.0098,28.4904,8906106.6139859,0
HPQ.US,D,20221108,000000,28.7382,29.1048,28.426,28.5895,8800807.9506554,0
HPQ.US,D,20221109,000000,28.2427,28.3963,27.4697,27.549,7643406.634825,0
HPQ.US,D,20221110,000000,28.6886,29.0355,28.3666,29.0355,11969673.279322,0
HPQ.US,D,20221111,000000,29.0553,30.408,29.0256,30.2742,11527354.915727,0
HPQ.US,D,20221114,000000,29.8976,30.6309,29.8035,30.1553,8253427.0555894,0
HPQ.US,D,20221115,000000,30.621,30.8044,30.0661,30.2841,8570152.5344188,0
HPQ.US,D,20221116,000000,29.9273,29.9967,28.7233,29.0256,9230827.2753734,0
HPQ.US,D,20221117,000000,28.5994,29.194,28.0495,29.1643,10075409.379152,0
HPQ.US,D,20221118,000000,28.7877,29.3476,28.6292,29.2138,9302066.4408244,0
HPQ.US,D,20221121,000000,28.8967,29.0355,28.4211,28.8967,10794549.964743,0
HPQ.US,D,20221122,000000,28.9661,29.1544,28.3814,29.1147,15252598.368752,0
HPQ.US,D,20221123,000000,28.8571,29.8976,28.0544,29.64,17902928.226235,0
HPQ.US,D,20221125,000000,29.531,30.4625,29.4418,29.8778,6013598.3073712,0
HPQ.US,D,20221128,000000,29.4814,29.521,28.8571,28.9463,6737873.2472282,0
HPQ.US,D,20221129,000000,29.085,29.3427,28.5697,28.6193,7823680.1907086,0
HPQ.US,D,20221130,000000,28.7382,29.7886,28.4607,29.7688,10380660.262391,0
HPQ.US,D,20221201,000000,29.8382,29.9571,29.5111,29.5904,5809816.5130839,0
HPQ.US,D,20221202,000000,29.1742,29.531,28.9859,29.3724,5307459.1015712,0
HPQ.US,D,20221205,000000,29.1445,29.3526,28.867,28.9463,4981337.794798,0
HPQ.US,D,20221206,000000,28.9066,28.9909,27.8711,28.0544,6452349.4653184,0
HPQ.US,D,20221207,000000,27.7472,27.995,27.3756,27.5787,7173167.1925736,0
HPQ.US,D,20221208,000000,27.7571,28.5449,27.658,28.2229,7056707.7670202,0
HPQ.US,D,20221209,000000,28.1337,28.4706,27.9454,27.9553,5481319.7601739,0
HPQ.US,D,20221212,000000,27.9256,28.7778,27.8152,28.758,7506998.103631,0
HPQ.US,D,20221213,000000,29.52,29.73,28.71,28.87,7512879,0
HPQ.US,D,20221214,000000,28.59,29.05,28.12,28.36,6799441,0
HPQ.US,D,20221215,000000,27.71,27.87,26.7,26.84,10422314,0
HPQ.US,D,20221216,000000,26.63,26.88,26.41,26.72,17947150,0
HPQ.US,D,20221219,000000,26.76,26.94,26.28,26.56,5210303,0
HPQ.US,D,20221220,000000,26.5,26.805,26.36,26.61,5336241,0
HPQ.US,D,20221221,000000,26.78,27,26.645,26.69,4856493,0
HPQ.US,D,20221222,000000,26.26,26.67,26.085,26.66,5460857,0
HPQ.US,D,20221223,000000,26.66,26.8,26.36,26.76,4085078,0
HPQ.US,D,20221227,000000,26.77,27.17,26.6116,27.07,5324996,0
HPQ.US,D,20221228,000000,27.07,27.23,26.42,26.54,5358457,0
HPQ.US,D,20221229,000000,26.86,27.3,26.85,27.04,4703386,0
HPQ.US,D,20221230,000000,26.73,26.89,26.52,26.87,4245305,0
HPQ.US,D,20230103,000000,27,27.25,26.575,26.75,6467297,0
HPQ.US,D,20230104,000000,27.26,27.69,26.93,27.22,5823877,0
HPQ.US,D,20230105,000000,27.04,27.415,26.86,27.21,4778679,0
HPQ.US,D,20230106,000000,27.52,28.57,27.32,28.36,5501663,0
HPQ.US,D,20230109,000000,28.63,29.175,28.48,28.64,5792006,0
HPQ.US,D,20230110,000000,28.62,29.1,28.515,29.09,4372774,0
HPQ.US,D,20230111,000000,29.06,29.09,28.535,28.83,6013733,0
HPQ.US,D,20230112,000000,28.92,28.96,28.42,28.55,6110936,0
HPQ.US,D,20230113,000000,28.3,28.31,27.62,27.91,7330082,0
HPQ.US,D,20230117,000000,27.86,27.91,27.31,27.59,6452115,0
HPQ.US,D,20230118,000000,27.66,28.025,27.46,27.53,5376259,0
HPQ.US,D,20230119,000000,27.24,27.31,26.76,26.96,5430961,0
HPQ.US,D,20230120,000000,27.02,27.94,26.88,27.91,6692433,0
HPQ.US,D,20230123,000000,28.05,28.785,28.05,28.6,4780899,0
HPQ.US,D,20230124,000000,28.5,28.61,28.27,28.4,4295793,0
HPQ.US,D,20230125,000000,28,28.84,27.9,28.69,4646332,0
HPQ.US,D,20230126,000000,28.98,29.01,28.41,29.01,4220437,0
HPQ.US,D,20230127,000000,28.7,29.54,28.63,29.23,6954612,0
HPQ.US,D,20230130,000000,28.9,29.13,28.775,28.82,4727800,0
HPQ.US,D,20230131,000000,28.76,29.14,28.6,29.14,5884150,0
HPQ.US,D,20230201,000000,29.04,29.925,28.9,29.87,5698738,0
HPQ.US,D,20230202,000000,30.09,31.02,30,30.79,6461353,0
HPQ.US,D,20230203,000000,30.36,30.9066,30.325,30.51,4339343,0
HPQ.US,D,20230206,000000,30.22,30.32,29.54,29.77,5145694,0
HPQ.US,D,20230207,000000,29.66,30.06,29.34,30,5472269,0
HPQ.US,D,20230208,000000,29.79,29.979,29.5812,29.61,4341925,0
HPQ.US,D,20230209,000000,30,30.15,29.43,29.66,3726458,0
HPQ.US,D,20230210,000000,29.51,30.22,29.51,29.97,4136810,0
HPQ.US,D,20230213,000000,29.86,30.35,29.8,30.34,4280906,0
HPQ.US,D,20230214,000000,30.33,30.45,30.015,30.4,5647969,0
HPQ.US,D,20230215,000000,30.07,30.55,30.05,30.53,4269659,0
HPQ.US,D,20230216,000000,30.22,30.57,30.1,30.27,3514197,0
HPQ.US,D,20230217,000000,30.08,30.24,29.7447,30.16,5758266,0
HPQ.US,D,20230221,000000,29.63,29.73,28.965,29,5779502,0
HPQ.US,D,20230222,000000,29.03,29.39,28.915,29.08,5496815,0
HPQ.US,D,20230223,000000,29.5,29.675,28.955,29.55,5787029,0
HPQ.US,D,20230224,000000,29.1,29.375,28.94,29.22,6133754,0
HPQ.US,D,20230227,000000,29.57,29.63,29.24,29.39,7270582,0
HPQ.US,D,20230228,000000,29.36,30.26,29.22,29.52,15390880,0
HPQ.US,D,20230301,000000,29.96,29.97,28.715,28.86,10330675,0
HPQ.US,D,20230302,000000,28.68,28.885,28.15,28.81,7307422,0
HPQ.US,D,20230303,000000,28.85,28.99,28.57,28.61,6968175,0
HPQ.US,D,20230306,000000,28.87,29.085,28.5,28.57,7506449,0
HPQ.US,D,20230307,000000,28.3,28.35,27.48,27.66,8361228,0
HPQ.US,D,20230308,000000,27.8,28.28,27.6,28.27,5565028,0
HPQ.US,D,20230309,000000,28.3,28.52,27.87,27.89,6341874,0
HPQ.US,D,20230310,000000,27.83,27.84,27.05,27.45,6869211,0
HPQ.US,D,20230313,000000,27.11,27.595,26.93,27.34,7435257,0
HPQ.US,D,20230314,000000,27.87,28.28,27.58,27.81,6083129,0
HPQ.US,D,20230315,000000,27.26,28.02,27.25,27.96,8857804,0
HPQ.US,D,20230316,000000,27.6,28.4,27.51,28.31,8315422,0
HPQ.US,D,20230317,000000,28.25,28.4249,27.8,28.04,23967277,0
HPQ.US,D,20230320,000000,28.18,28.66,28.035,28.19,7153274,0
HPQ.US,D,20230321,000000,28.53,28.79,28.285,28.61,6421230,0
HPQ.US,D,20230322,000000,28.6,28.66,27.83,27.85,5558054,0
HPQ.US,D,20230323,000000,27.87,28.21,27.48,27.72,5651353,0
HPQ.US,D,20230324,000000,27.56,27.76,27.24,27.72,5796401,0
HPQ.US,D,20230327,000000,27.97,28.085,27.745,27.89,4041666,0
HPQ.US,D,20230328,000000,27.77,27.8,27.42,27.63,4300871,0
HPQ.US,D,20230329,000000,28.05,28.34,27.97,28.31,4755553,0
HPQ.US,D,20230330,000000,28.63,28.95,28.535,28.9,4914024,0
HPQ.US,D,20230331,000000,28.95,29.39,28.95,29.35,7653500,0
HPQ.US,D,20230403,000000,29.34,29.97,29.27,29.89,6518949,0
HPQ.US,D,20230404,000000,29.94,30.08,29.395,29.55,5134959,0
HPQ.US,D,20230405,000000,29.36,29.705,29.19,29.41,5529789,0
HPQ.US,D,20230406,000000,29.34,29.525,29.18,29.29,3968232,0
HPQ.US,D,20230410,000000,29.17,29.75,29.12,29.74,5938062,0
HPQ.US,D,20230411,000000,30,30.3,29.84,29.94,4717667,0
HPQ.US,D,20230412,000000,30.15,30.15,29.565,29.66,6313708,0
HPQ.US,D,20230413,000000,29.75,30.03,29.415,29.9,4606912,0
HPQ.US,D,20230414,000000,29.87,30.63,29.68,29.82,6511228,0
HPQ.US,D,20230417,000000,30.7,31.13,30.47,30.93,9530627,0
HPQ.US,D,20230418,000000,31.09,31.47,30.995,31.22,7040267,0
HPQ.US,D,20230419,000000,30.53,30.7599,30.0242,30.21,6095527,0
HPQ.US,D,20230420,000000,29.79,30.06,29.52,29.63,5299994,0
HPQ.US,D,20230421,000000,29.58,29.69,29.16,29.48,4776780,0
HPQ.US,D,20230424,000000,29.44,29.72,29.25,29.47,4656841,0
HPQ.US,D,20230425,000000,29.3,29.61,29.19,29.26,5337122,0
HPQ.US,D,20230426,000000,29.08,29.21,28.72,28.96,5694600,0
HPQ.US,D,20230427,000000,29.01,29.73,29.01,29.72,6091688,0
HPQ.US,D,20230428,000000,29.79,30.07,29.505,29.71,6710522,0
HPQ.US,D,20230501,000000,29.86,30.24,29.81,29.96,4737956,0
HPQ.US,D,20230502,000000,30.37,30.48,29.52,30.12,6896028,0
HPQ.US,D,20230503,000000,30.21,30.47,29.86,29.86,5708497,0
HPQ.US,D,20230504,000000,29.64,29.755,29.27,29.4,4771705,0
HPQ.US,D,20230505,000000,29.75,30.22,29.655,30.13,4592240,0
HPQ.US,D,20230508,000000,30.25,30.34,29.94,30.19,4672579,0
HPQ.US,D,20230509,000000,30.08,30.4,29.995,30.29,5547106,0
HPQ.US,D,20230510,000000,30.6,30.6801,29.495,29.86,5733196,0
HPQ.US,D,20230511,000000,29.68,29.78,29.17,29.39,5564630,0
HPQ.US,D,20230512,000000,29.35,29.35,28.53,28.9,7327976,0
HPQ.US,D,20230515,000000,28.87,29.59,28.8,29.57,5953555,0
HPQ.US,D,20230516,000000,29.67,30.01,29.53,29.66,6264117,0
HPQ.US,D,20230517,000000,30,30.43,29.76,30.27,5741907,0
HPQ.US,D,20230518,000000,30.25,30.77,30.1,30.74,4763994,0
HPQ.US,D,20230519,000000,30.96,30.98,30.45,30.54,5223847,0
HPQ.US,D,20230522,000000,30.49,30.795,30.29,30.71,5832326,0
HPQ.US,D,20230523,000000,30.49,30.83,30.405,30.56,5110715,0
HPQ.US,D,20230524,000000,30.42,30.42,29.83,30,5980144,0
HPQ.US,D,20230525,000000,30.52,30.96,30.34,30.9,7596920,0
HPQ.US,D,20230526,000000,31,31.4,30.865,31.3,8371229,0
HPQ.US,D,20230530,000000,31.62,31.71,30.855,30.93,10566785,0
HPQ.US,D,20230531,000000,29.77,30.27,28.73,29.06,30735518,0
HPQ.US,D,20230601,000000,29.27,29.95,28.81,29.42,15653090,0
HPQ.US,D,20230602,000000,29.52,30.79,29.52,30.55,10255704,0
HPQ.US,D,20230605,000000,30.46,30.46,29.26,29.29,9679749,0
HPQ.US,D,20230606,000000,29.12,29.91,29.06,29.65,6805672,0
HPQ.US,D,20230607,000000,29.61,30.05,29.485,29.93,7268213,0
HPQ.US,D,20230608,000000,30.03,30.195,29.56,30.04,5075058,0
HPQ.US,D,20230609,000000,30.23,30.446,29.74,29.8,6441713,0
HPQ.US,D,20230612,000000,29.95,30.54,29.89,30.44,8827214,0
HPQ.US,D,20230613,000000,30.34,30.947,30.34,30.89,8963978,0
HPQ.US,D,20230614,000000,30.91,31.11,30.755,30.95,14345403,0
HPQ.US,D,20230615,000000,30.95,31.38,30.81,31.1,11344678,0
HPQ.US,D,20230616,000000,31.205,31.27,30.77,31,13963264,0
HPQ.US,D,20230620,000000,30.81,30.875,30.1,30.16,11900670,0
HPQ.US,D,20230621,000000,29.99,30.12,29.645,29.85,10344912,0
HPQ.US,D,20230622,000000,29.79,29.97,29.39,29.8,7169796,0
HPQ.US,D,20230623,000000,29.46,29.77,29.32,29.61,14813912,0
HPQ.US,D,20230626,000000,29.78,29.92,29.7,29.77,4905467,0
HPQ.US,D,20230627,000000,29.8,29.96,29.54,29.84,6004350,0
HPQ.US,D,20230628,000000,29.69,29.96,29.565,29.94,5646869,0
HPQ.US,D,20230629,000000,30,30.445,29.94,30.32,7262926,0
HPQ.US,D,20230630,000000,30.5,30.78,30.44,30.71,8796906,0
HPQ.US,D,20230703,000000,30.7,30.865,30.57,30.75,3743141,0
HPQ.US,D,20230705,000000,30.52,30.71,30.405,30.68,5289021,0
HPQ.US,D,20230706,000000,30.31,30.91,30.24,30.9,6384754,0
HPQ.US,D,20230707,000000,30.99,31.41,30.945,31.13,7796162,0
HPQ.US,D,20230710,000000,31.13,31.54,31.03,31.54,5394623,0
HPQ.US,D,20230711,000000,32.47,33.745,32.29,33.45,13731668,0
HPQ.US,D,20230712,000000,33.78,33.9,32.89,32.9,7828254,0
HPQ.US,D,20230713,000000,33.09,33.59,33.085,33.56,4335616,0
HPQ.US,D,20230714,000000,33.4,33.405,32.7,32.79,4676590,0
HPQ.US,D,20230717,000000,32.67,32.94,32.49,32.82,3861776,0
HPQ.US,D,20230718,000000,32.79,32.9,32.46,32.78,5029465,0
HPQ.US,D,20230719,000000,33.05,33.25,32.92,32.93,4690370,0
HPQ.US,D,20230720,000000,32.76,32.825,32.235,32.56,5111101,0
HPQ.US,D,20230721,000000,32.63,32.7101,32.23,32.24,3482338,0
HPQ.US,D,20230724,000000,32.37,32.695,32.245,32.43,3661746,0
HPQ.US,D,20230725,000000,32.56,33.27,32.52,33.1,4693818,0
HPQ.US,D,20230726,000000,32.9,33.225,32.86,33.04,4722744,0
HPQ.US,D,20230727,000000,33.39,33.5,32.79,32.88,3881668,0
HPQ.US,D,20230728,000000,33.19,33.24,32.56,32.63,3753079,0
HPQ.US,D,20230731,000000,32.74,33.01,32.67,32.83,3739630,0
HPQ.US,D,20230801,000000,32.57,33.05,32.545,32.95,3947246,0
HPQ.US,D,20230802,000000,32.67,32.86,32.4701,32.5,5172731,0
HPQ.US,D,20230803,000000,32.28,32.89,32.15,32.7,4149929,0
HPQ.US,D,20230804,000000,32.75,32.88,32.405,32.43,3685914,0
HPQ.US,D,20230807,000000,32.65,33.027,32.61,32.75,4017370,0
HPQ.US,D,20230808,000000,32.69,33.1,32.415,33.07,5331727,0
HPQ.US,D,20230809,000000,32.98,33.125,32.745,32.81,4711986,0
HPQ.US,D,20230810,000000,33.06,33.245,32.71,32.97,4483717,0
HPQ.US,D,20230811,000000,32.86,33.23,32.75,32.77,4356914,0
HPQ.US,D,20230814,000000,32.74,32.75,31.94,32.07,8870745,0
HPQ.US,D,20230815,000000,31.82,32.14,31.72,31.84,5895666,0
HPQ.US,D,20230816,000000,31.72,31.82,31.22,31.3,4525525,0
HPQ.US,D,20230817,000000,31.4,31.47,30.87,30.96,6148696,0
HPQ.US,D,20230818,000000,30.83,31.22,30.67,31.06,4850435,0
HPQ.US,D,20230821,000000,31.07,31.35,31.04,31.29,3214474,0
HPQ.US,D,20230822,000000,31.44,31.53,30.67,31.02,5082028,0
HPQ.US,D,20230823,000000,31.22,31.365,30.895,31.15,5059085,0
HPQ.US,D,20230824,000000,31.28,31.37,30.72,30.75,5164782,0
HPQ.US,D,20230825,000000,31.08,31.08,30.355,30.84,5027015,0
HPQ.US,D,20230828,000000,30.94,31.49,30.9203,31.33,4288095,0
HPQ.US,D,20230829,000000,31.36,31.86,31.26,31.37,9725960,0
HPQ.US,D,20230830,000000,29.02,29.36,27.85,29.29,22465516,0
HPQ.US,D,20230831,000000,29.3,29.82,29.169,29.71,9962553,0
HPQ.US,D,20230901,000000,29.95,30.665,29.84,30.37,9619782,0
HPQ.US,D,20230905,000000,30.17,30.38,29.875,30.14,8392209,0
HPQ.US,D,20230906,000000,29.96,30.31,29.84,30.13,6534710,0
HPQ.US,D,20230907,000000,29.79,30.02,29.25,29.32,9542463,0
HPQ.US,D,20230908,000000,29.4,29.77,29.33,29.45,5942453,0
HPQ.US,D,20230911,000000,29.7,29.91,29.53,29.56,7198687,0
HPQ.US,D,20230912,000000,29.13,29.46,28.915,28.94,8773498,0
HPQ.US,D,20230913,000000,28.92,29.08,28.32,28.33,12336506,0
HPQ.US,D,20230914,000000,26.875,27.88,26.8001,27.82,16424146,0
HPQ.US,D,20230915,000000,27.88,27.88,27.1,27.34,14900388,0
HPQ.US,D,20230918,000000,27.26,27.48,27.12,27.32,10290111,0
HPQ.US,D,20230919,000000,27.345,27.655,27.29,27.57,8444767,0
HPQ.US,D,20230920,000000,27.7,27.74,27.05,27.06,8057338,0
HPQ.US,D,20230921,000000,27.06,27.24,26.78,26.8,7151780,0
HPQ.US,D,20230922,000000,26.92,27.06,26.745,26.77,7017279,0
HPQ.US,D,20230925,000000,26.18,26.92,26.1,26.3,9512077,0
HPQ.US,D,20230926,000000,26.12,26.21,25.7,25.72,8797250,0
HPQ.US,D,20230927,000000,25.85,25.98,25.57,25.64,6670779,0
HPQ.US,D,20230928,000000,25.3,25.825,25.22,25.57,8527689,0
HPQ.US,D,20230929,000000,25.74,26.165,25.67,25.7,12472635,0
HPQ.US,D,20231002,000000,25.64,26.035,25.56,25.67,8547429,0
HPQ.US,D,20231003,000000,26.14,26.61,26.025,26.13,14637266,0
HPQ.US,D,20231004,000000,26.215,26.215,25.825,26.04,8431257,0
HPQ.US,D,20231005,000000,25.86,26.38,25.86,26.23,11943882,0
HPQ.US,D,20231006,000000,26.09,26.175,25.74,25.9,8406405,0
HPQ.US,D,20231009,000000,25.86,26.23,25.59,26.08,7324050,0
HPQ.US,D,20231010,000000,26.28,26.6,26.21,26.43,9998584,0
HPQ.US,D,20231011,000000,26.6,27.045,26.465,26.83,11313986,0
HPQ.US,D,20231012,000000,26.83,26.88,26.58,26.75,7050388,0
HPQ.US,D,20231013,000000,26.72,26.79,26.4,26.5,6098066,0
HPQ.US,D,20231016,000000,26.7,27,26.65,26.88,6655305,0
HPQ.US,D,20231017,000000,26.71,27.24,26.67,27.1,7043462,0
HPQ.US,D,20231018,000000,26.88,27.24,26.82,27.04,9127092,0
HPQ.US,D,20231019,000000,27,27.1,26.35,26.45,7085496,0
HPQ.US,D,20231020,000000,26.46,26.545,26,26.01,6037126,0
HPQ.US,D,20231023,000000,25.94,26.21,25.69,25.88,4582827,0
HPQ.US,D,20231024,000000,26.07,26.25,25.925,26.16,6426724,0
HPQ.US,D,20231025,000000,26,26.26,25.9,26.03,4249844,0
HPQ.US,D,20231026,000000,26,26.35,25.87,26.17,9205913,0
HPQ.US,D,20231027,000000,26.26,26.29,25.67,25.84,5464121,0
HPQ.US,D,20231030,000000,26,26.325,25.9,26.16,5454892,0
HPQ.US,D,20231031,000000,26.01,26.4,25.955,26.33,8402696,0
HPQ.US,D,20231101,000000,26.41,26.59,26.22,26.48,5966498,0
HPQ.US,D,20231102,000000,26.84,27,26.67,26.84,5276033,0
HPQ.US,D,20231103,000000,26.99,27.535,26.96,27.42,4662655,0
HPQ.US,D,20231106,000000,27.5,27.57,27.25,27.33,5944343,0
HPQ.US,D,20231107,000000,27.43,27.68,27.225,27.33,6699255,0
HPQ.US,D,20231108,000000,27.37,27.48,27.0948,27.21,5493392,0
HPQ.US,D,20231109,000000,27.31,27.3785,27.01,27.02,6569510,0
HPQ.US,D,20231110,000000,27.17,27.62,27.025,27.62,10387254,0
HPQ.US,D,20231113,000000,27.76,27.985,27.62,27.78,8606197,0
HPQ.US,D,20231114,000000,28.24,28.52,28.16,28.28,7056107,0
HPQ.US,D,20231115,000000,28.29,28.855,28.255,28.47,8461075,0
HPQ.US,D,20231116,000000,28.47,28.585,27.93,28.21,8823249,0
HPQ.US,D,20231117,000000,28.35,28.39,28.1,28.31,7957886,0
HPQ.US,D,20231120,000000,28.08,28.25,27.855,27.99,8485612,0
HPQ.US,D,20231121,000000,28.06,28.11,27.66,27.87,12903074,0
HPQ.US,D,20231122,000000,28.46,29.2922,27.89,28.66,15778816,0
HPQ.US,D,20231124,000000,28.54,28.825,28.44,28.64,4762084,0
HPQ.US,D,20231127,000000,28.41,28.665,28.255,28.52,7704914,0
HPQ.US,D,20231128,000000,28.44,28.675,28.32,28.64,5762269,0
HPQ.US,D,20231129,000000,28.9,29.305,28.86,29.07,7267132,0
HPQ.US,D,20231130,000000,29.32,29.38,29.02,29.34,12883061,0
HPQ.US,D,20231201,000000,29.11,29.58,28.55,29.5,9599723,0
HPQ.US,D,20231204,000000,29.24,29.4667,28.94,29.04,6105400,0
HPQ.US,D,20231205,000000,28.92,29.156,28.8,28.86,13911919,0
HPQ.US,D,20231206,000000,29.09,29.14,28.45,28.49,5372413,0
HPQ.US,D,20231207,000000,28.71,29.52,28.71,29.41,13674207,0
HPQ.US,D,20231208,000000,29.4,29.59,29.31,29.46,7563303,0
HPQ.US,D,20231211,000000,29.9,30.56,29.8,30.37,14358782,0
HPQ.US,D,20231212,000000,30.22,30.475,30.15,30.23,8908977,0
HPQ.US,D,20231213,000000,30.23,30.335,29.78,30.15,10303352,0
HPQ.US,D,20231214,000000,30.47,31.17,30.47,30.93,12597104,0
HPQ.US,D,20231215,000000,30.93,30.95,30.335,30.78,28405253,0
HPQ.US,D,20231218,000000,30.68,30.81,30.26,30.26,15426423,0
HPQ.US,D,20231219,000000,30.46,30.68,30.22,30.28,7826957,0
HPQ.US,D,20231220,000000,30.17,30.37,29.79,29.79,8750442,0
HPQ.US,D,20231221,000000,30.08,30.221,29.91,30.14,6529314,0
HPQ.US,D,20231222,000000,30.22,30.475,30.07,30.18,4476845,0
HPQ.US,D,20231226,000000,30.14,30.55,30.06,30.41,4853637,0
HPQ.US,D,20231227,000000,30.4,30.515,30.205,30.24,5127944,0
HPQ.US,D,20231228,000000,30.15,30.24,29.95,30.18,5704912,0
HPQ.US,D,20231229,000000,30.17,30.33,30.02,30.09,5201826,0
HPQ.US,D,20240102,000000,29.82,30.065,29.6576,29.83,8773687,0
HPQ.US,D,20240103,000000,29.66,30.1,29.48,29.9,8026413,0
HPQ.US,D,20240104,000000,29.82,30.125,29.65,29.68,7727331,0
HPQ.US,D,20240105,000000,29.6,30.22,29.54,29.95,6926162,0
HPQ.US,D,20240108,000000,30.14,31.09,30.08,31,11378046,0
HPQ.US,D,20240109,000000,30.7,30.815,30.14,30.16,8504517,0
HPQ.US,D,20240110,000000,30.16,30.41,30.1,30.34,8686445,0
HPQ.US,D,20240111,000000,30.46,30.6,29.82,30,8835630,0
HPQ.US,D,20240112,000000,30.04,30.175,29.71,29.81,6883605,0
HPQ.US,D,20240116,000000,29.5,29.56,29.01,29.09,6694918,0
HPQ.US,D,20240117,000000,28.81,28.92,28.45,28.65,8072478,0
HPQ.US,D,20240118,000000,28.91,28.91,28.45,28.65,8246657,0
HPQ.US,D,20240119,000000,28.74,29.34,28.4,29.12,9815634,0
HPQ.US,D,20240122,000000,29.3,29.555,29.14,29.18,8926275,0
HPQ.US,D,20240123,000000,29.17,29.66,29.115,29.57,7559833,0
HPQ.US,D,20240124,000000,29.77,29.915,29.5419,29.56,6920129,0
HPQ.US,D,20240125,000000,29.66,30.01,29.5,29.71,8338221,0
HPQ.US,D,20240126,000000,29.64,30.16,29.64,30,9325979,0
HPQ.US,D,20240129,000000,30,30.01,29.14,29.24,8002644,0
HPQ.US,D,20240130,000000,29.2,29.35,29.09,29.15,6618121,0
HPQ.US,D,20240131,000000,28.94,29.155,28.685,28.71,10409588,0
HPQ.US,D,20240201,000000,28.66,28.94,28.38,28.94,11987926,0
HPQ.US,D,20240202,000000,28.77,28.82,28.445,28.68,7193061,0
HPQ.US,D,20240205,000000,28.57,28.59,28.165,28.33,10526226,0
HPQ.US,D,20240206,000000,28.35,28.55,28.145,28.29,7927423,0
HPQ.US,D,20240207,000000,28.25,28.25,27.86,27.95,7357961,0
HPQ.US,D,20240208,000000,28,28.3,27.93,28.29,4639233,0
HPQ.US,D,20240209,000000,28.28,28.52,28.19,28.42,4852209,0
HPQ.US,D,20240212,000000,28.42,28.8,28.39,28.69,4896452,0
HPQ.US,D,20240213,000000,28.32,28.4,27.89,28.14,6505897,0
HPQ.US,D,20240214,000000,29.01,29.08,28.335,28.58,6547433,0
HPQ.US,D,20240215,000000,28.58,29.09,28.58,29.03,7071789,0
HPQ.US,D,20240216,000000,28.99,29.095,28.525,28.58,5681541,0
HPQ.US,D,20240220,000000,28.38,28.75,28.34,28.63,5677893,0
HPQ.US,D,20240221,000000,28.54,28.65,28.2625,28.43,7580415,0
HPQ.US,D,20240222,000000,28.49,29.1,28.49,28.95,6276183,0
HPQ.US,D,20240223,000000,29.13,29.33,28.985,29.27,5547355,0
HPQ.US,D,20240226,000000,29.31,29.49,28.78,28.8,9431050,0
HPQ.US,D,20240227,000000,28.96,28.9799,28.66,28.83,6683652,0
HPQ.US,D,20240228,000000,28.72,29.09,28.68,28.72,10811290,0
HPQ.US,D,20240229,000000,27.86,29.07,27.6582,28.33,22925540,0
HPQ.US,D,20240301,000000,29,29.63,28.89,29.41,13170691,0
HPQ.US,D,20240304,000000,29.35,29.595,28.99,29.06,10322183,0
HPQ.US,D,20240305,000000,28.98,29.45,28.87,29.13,10274353,0
HPQ.US,D,20240306,000000,29.48,30.5,29.41,30.23,14187961,0
HPQ.US,D,20240307,000000,30.36,30.95,30.1455,30.56,14006846,0
HPQ.US,D,20240308,000000,30.74,31.05,30.55,30.74,11435706,0
HPQ.US,D,20240311,000000,30.61,30.93,30.385,30.86,7029007,0
HPQ.US,D,20240312,000000,30.61,30.79,30.19,30.5,13376925,0
HPQ.US,D,20240313,000000,30.5,30.945,30.3,30.75,8006371,0
HPQ.US,D,20240314,000000,30.8,30.92,30.355,30.61,9767208,0
HPQ.US,D,20240315,000000,30.45,30.9559,30.4,30.42,15269825,0
HPQ.US,D,20240318,000000,30.39,30.47,29.61,29.94,9223772,0
HPQ.US,D,20240319,000000,29.81,29.89,29.5,29.82,6113604,0
HPQ.US,D,20240320,000000,29.7,29.77,29.33,29.68,5292794,0
HPQ.US,D,20240321,000000,29.85,30.385,29.7,30.08,6699348,0
HPQ.US,D,20240322,000000,30.11,30.24,29.95,30.05,4796907,0
HPQ.US,D,20240325,000000,29.89,30.06,29.81,29.88,6904862,0
HPQ.US,D,20240326,000000,30.05,30.14,29.98,29.99,6167110,0
HPQ.US,D,20240327,000000,30.19,30.2,29.725,30.12,6441024,0
HPQ.US,D,20240328,000000,30.12,30.365,30.025,30.22,5954070,0
HPQ.US,D,20240401,000000,30.25,30.56,30.22,30.38,6811865,0
HPQ.US,D,20240402,000000,30.16,30.35,29.535,29.56,6127599,0
HPQ.US,D,20240403,000000,29.47,30.09,29.42,29.66,6862822,0
HPQ.US,D,20240404,000000,30.05,30.4,29.59,29.64,5402082,0
HPQ.US,D,20240405,000000,29.53,29.6,29.045,29.11,5160763,0
HPQ.US,D,20240408,000000,29.28,29.43,29.115,29.31,5210303,0
HPQ.US,D,20240409,000000,29.44,29.98,29.37,29.97,6593714,0
HPQ.US,D,20240410,000000,29.5,29.85,28.92,28.95,6664821,0
HPQ.US,D,20240411,000000,29.06,29.28,28.6814,29.23,5519864,0
HPQ.US,D,20240412,000000,28.99,29.18,28.36,28.53,7626113,0
HPQ.US,D,20240415,000000,28.77,28.9,27.905,27.96,6224193,0
HPQ.US,D,20240416,000000,27.98,28.04,27.55,27.79,7086643,0
HPQ.US,D,20240417,000000,27.95,28.205,27.625,27.69,6144063,0
HPQ.US,D,20240418,000000,27.69,28.02,27.5101,27.62,4525451,0
HPQ.US,D,20240419,000000,27.66,27.94,27.57,27.82,4768882,0
HPQ.US,D,20240422,000000,28,28.1,27.5,27.7,5156331,0
HPQ.US,D,20240423,000000,27.69,27.85,27.58,27.67,6116240,0
HPQ.US,D,20240424,000000,27.81,28.59,27.425,28.1,14491946,0
HPQ.US,D,20240425,000000,27.97,28.3,27.755,28.13,5032707,0
HPQ.US,D,20240426,000000,28.13,28.39,27.96,28,5356232,0
HPQ.US,D,20240429,000000,28.12,28.45,28.12,28.27,5807143,0
HPQ.US,D,20240430,000000,28.05,28.435,28.03,28.09,5557719,0
HPQ.US,D,20240501,000000,28,28.075,27.605,27.75,6137292,0
HPQ.US,D,20240502,000000,27.98,28.03,27.52,27.94,4828792,0
HPQ.US,D,20240503,000000,28.28,28.5,28.01,28.18,6648423,0
HPQ.US,D,20240506,000000,28.33,28.44,28.22,28.42,4354692,0
HPQ.US,D,20240507,000000,28.57,28.8,28.245,28.41,3953052,0
HPQ.US,D,20240508,000000,28.38,29.58,28.38,29.44,8796653,0
HPQ.US,D,20240509,000000,29.39,29.68,29.33,29.65,6431722,0
HPQ.US,D,20240510,000000,29.84,29.88,29.62,29.72,4973216,0
HPQ.US,D,20240513,000000,29.84,30.23,29.81,29.94,5568284,0
HPQ.US,D,20240514,000000,30.14,30.915,30.02,30.76,8018168,0
HPQ.US,D,20240515,000000,31,31.395,30.99,31.36,6480610,0
HPQ.US,D,20240516,000000,31.26,31.345,31,31.07,5737465,0
HPQ.US,D,20240517,000000,31.23,31.28,31.01,31.19,4618189,0
HPQ.US,D,20240520,000000,31.38,31.9295,31.26,31.82,5591044,0
HPQ.US,D,20240521,000000,31.95,32.85,31.89,32.69,8201359,0
HPQ.US,D,20240522,000000,32.76,33.27,32.75,33.01,7717629,0
HPQ.US,D,20240523,000000,33.18,33.38,32.585,32.65,6822730,0
HPQ.US,D,20240524,000000,32.78,32.92,32.53,32.75,6503898,0
HPQ.US,D,20240528,000000,32.89,33.4499,32.85,33.14,8019542,0
HPQ.US,D,20240529,000000,32.78,33.33,32.41,32.8,12481280,0
HPQ.US,D,20240530,000000,34.4,39.52,34.4,38.36,38267181,0
HPQ.US,D,20240531,000000,37.59,37.62,34.91,36.5,29952123,0
HPQ.US,D,20240603,000000,36.5,36.75,34.84,35.32,12390673,0
HPQ.US,D,20240604,000000,35.21,35.88,35.16,35.35,9633562,0
HPQ.US,D,20240605,000000,35.76,36.035,35.24,35.63,8143815,0
HPQ.US,D,20240606,000000,35.63,36.4999,35.58,36.18,9319515,0
HPQ.US,D,20240607,000000,36.09,36.79,36.04,36.45,8718813,0
HPQ.US,D,20240610,000000,36.3,36.35,35.49,36.18,8796540,0
HPQ.US,D,20240611,000000,36.15,36.47,35.88,36.32,7708849,0
HPQ.US,D,20240612,000000,36.61,36.975,36.235,36.3,7372513,0
HPQ.US,D,20240613,000000,36.28,36.78,36.095,36.45,6847453,0
HPQ.US,D,20240614,000000,36.22,36.63,35.435,35.51,8582423,0
HPQ.US,D,20240617,000000,35.61,36.09,35.22,35.93,7500303,0
HPQ.US,D,20240618,000000,36.11,36.8,35.925,36.75,9607530,0
HPQ.US,D,20240620,000000,36.86,37.18,36.105,36.24,9202372,0
HPQ.US,D,20240621,000000,36.1,36.64,35.85,36.37,17244553,0
HPQ.US,D,20240624,000000,36.35,36.9,36.15,36.3,5496072,0
HPQ.US,D,20240625,000000,36.14,36.46,36.02,36.27,6003042,0
HPQ.US,D,20240626,000000,36.12,36.15,34.77,35.09,9658302,0
HPQ.US,D,20240627,000000,35.19,35.3,34.645,34.71,5716774,0
HPQ.US,D,20240628,000000,34.9,35.38,34.77,35.02,14543019,0
HPQ.US,D,20240701,000000,35.2,35.23,34.71,34.97,4952926,0
HPQ.US,D,20240702,000000,34.75,35.13,34.4,34.8,5834530,0
HPQ.US,D,20240703,000000,34.9,35.09,34.715,34.85,3985175,0
HPQ.US,D,20240705,000000,34.89,34.9,34.39,34.63,4365509,0
HPQ.US,D,20240708,000000,34.85,35.5,34.8,35.32,6511282,0
HPQ.US,D,20240709,000000,35.27,35.62,35.15,35.42,5153020,0
HPQ.US,D,20240710,000000,35.72,36.1,35.515,36.07,5344689,0
HPQ.US,D,20240711,000000,36.2,36.55,36.025,36.1,6723524,0
HPQ.US,D,20240712,000000,36.23,36.91,35.93,36.73,6599877,0
HPQ.US,D,20240715,000000,36.43,37.35,36.41,37.34,5720720,0
HPQ.US,D,20240716,000000,37.6,38.13,37.49,38,8571108,0
HPQ.US,D,20240717,000000,37.6,38.42,37.37,38.11,8906753,0
HPQ.US,D,20240718,000000,38.07,38.185,37.22,37.38,5895456,0
HPQ.US,D,20240719,000000,37.41,37.44,36.875,37.15,4773663,0
HPQ.US,D,20240722,000000,37.62,38.04,37.4229,38.02,4520058,0
HPQ.US,D,20240723,000000,37.78,38.14,37.6501,37.71,4472835,0
HPQ.US,D,20240724,000000,37.58,38.12,37.5,37.82,6310453,0
HPQ.US,D,20240725,000000,37.61,37.79,36.2,36.25,8589665,0
HPQ.US,D,20240726,000000,36.54,36.75,36.195,36.34,7299563,0
HPQ.US,D,20240729,000000,36.4,36.425,35.75,36.13,4788397,0
HPQ.US,D,20240730,000000,36.13,36.3,35.14,35.52,6915689,0
HPQ.US,D,20240731,000000,35.97,36.36,35.74,36.09,8189940,0
HPQ.US,D,20240801,000000,35.975,36.29,34.99,35.17,5437490,0
HPQ.US,D,20240802,000000,34.41,34.56,33.555,33.72,6489106,0
HPQ.US,D,20240805,000000,32.58,32.98,32.16,32.75,7339280,0
HPQ.US,D,20240806,000000,32.85,33.1952,32.52,32.72,6154408,0
HPQ.US,D,20240807,000000,32.91,33.08,31.951,32.02,7603692,0
HPQ.US,D,20240808,000000,32.29,33.09,32.29,33.02,5909040,0
HPQ.US,D,20240809,000000,32.86,33.89,32.86,33.54,6605502,0
HPQ.US,D,20240812,000000,33.63,34.17,33.58,33.78,5609232,0
HPQ.US,D,20240813,000000,34.01,34.78,33.97,34.76,6477398,0
HPQ.US,D,20240814,000000,34.76,35.015,34.54,34.75,5158590,0
HPQ.US,D,20240815,000000,35.2,35.559,35.15,35.49,4847785,0
HPQ.US,D,20240816,000000,35.48,36.03,35.405,35.91,5580370,0
HPQ.US,D,20240819,000000,34.62,35.29,34.28,34.6,9622314,0
HPQ.US,D,20240820,000000,34.6,35.0499,34.59,34.81,6885405,0
HPQ.US,D,20240821,000000,35,35.325,34.815,35.27,4676966,0
HPQ.US,D,20240822,000000,35.31,35.6789,35,35.08,4955466,0
HPQ.US,D,20240823,000000,35.33,36.17,35.32,35.66,6319665,0
HPQ.US,D,20240826,000000,35.85,36.16,35.34,35.57,5415212,0
HPQ.US,D,20240827,000000,35.5,35.68,35.34,35.6,6473819,0
HPQ.US,D,20240828,000000,35.52,35.7,34.64,34.76,12074196,0
HPQ.US,D,20240829,000000,34.11,36.8699,33.8,35.46,18740425,0
HPQ.US,D,20240830,000000,35.65,36.25,35.46,36.18,12068586,0
HPQ.US,D,20240903,000000,35.99,36.17,35.14,35.38,9151741,0
HPQ.US,D,20240904,000000,35.35,35.64,35.145,35.33,6514274,0
HPQ.US,D,20240905,000000,34.84,35.03,34.34,34.4,6862109,0
HPQ.US,D,20240906,000000,34.27,34.635,33.765,33.82,7995956,0
HPQ.US,D,20240909,000000,34.28,34.83,34.02,34.18,9803668,0
HPQ.US,D,20240910,000000,34.02,34.18,33.37,33.47,7862963,0
HPQ.US,D,20240911,000000,33.18,33.43,32.685,33.37,7186832,0
HPQ.US,D,20240912,000000,33.24,33.4,32.95,33.1,6508797,0
HPQ.US,D,20240913,000000,33.2,33.5475,33.135,33.32,5924173,0
HPQ.US,D,20240916,000000,33.19,33.85,33.14,33.76,7775915,0
HPQ.US,D,20240917,000000,34.05,34.905,33.99,34.43,10054403,0
HPQ.US,D,20240918,000000,34.6,34.98,34.3,34.53,7077894,0
HPQ.US,D,20240919,000000,35.1,35.216,34.8,34.82,7466653,0
HPQ.US,D,20240920,000000,34.71,34.92,34.385,34.76,37215904,0
HPQ.US,D,20240923,000000,34.79,35.245,34.63,35.11,7951741,0
HPQ.US,D,20240924,000000,35.26,35.88,35.25,35.84,6576949,0
HPQ.US,D,20240925,000000,36,36.41,35.93,36.05,6621992,0
HPQ.US,D,20240926,000000,36.48,36.93,36.07,36.85,6278208,0
HPQ.US,D,20240927,000000,35.76,36.08,35.1054,35.41,9961863,0
HPQ.US,D,20240930,000000,35.5,35.99,35.5,35.87,8304171,0
HPQ.US,D,20241001,000000,35.04,35.19,34.15,34.76,10361189,0
HPQ.US,D,20241002,000000,34.79,35.475,34.46,35.18,8804148,0
HPQ.US,D,20241003,000000,35.065,35.61,34.98,35.6,7227119,0
HPQ.US,D,20241004,000000,36,36.11,35.5601,35.99,5116933,0
HPQ.US,D,20241007,000000,35.97,36.23,35.715,35.91,4302070,0
HPQ.US,D,20241008,000000,35.8,36.155,35.21,36,8667217,0
HPQ.US,D,20241009,000000,35.98,36.815,35.8558,36.58,5376459,0
HPQ.US,D,20241010,000000,36.56,36.86,36.415,36.75,4763434,0
HPQ.US,D,20241011,000000,36.94,37.48,36.86,37.01,5832183,0
HPQ.US,D,20241014,000000,37,37.465,36.91,37.44,5060210,0
HPQ.US,D,20241015,000000,37.55,37.97,36.845,36.97,6502102,0
HPQ.US,D,20241016,000000,37.04,37.29,37.04,37.18,3413851,0
HPQ.US,D,20241017,000000,37.29,37.87,37.06,37.58,7099552,0
HPQ.US,D,20241018,000000,37.7,37.805,37.155,37.28,4726696,0
HPQ.US,D,20241021,000000,37.34,37.545,36.45,36.46,5593930,0
HPQ.US,D,20241022,000000,36.32,36.37,35.9,36.23,4919246,0
HPQ.US,D,20241023,000000,36.01,36.275,35.565,35.85,4665084,0
HPQ.US,D,20241024,000000,35.95,36.53,35.65,36.47,5931408,0
HPQ.US,D,20241025,000000,36.48,37.255,36.48,36.88,5018356,0
HPQ.US,D,20241028,000000,37,37.635,36.965,37.42,5286243,0
HPQ.US,D,20241029,000000,37.43,37.43,37.04,37.06,4937628,0
HPQ.US,D,20241030,000000,37.04,37.26,36.53,36.54,5687553,0
HPQ.US,D,20241031,000000,36.36,36.41,35.39,35.52,6620907,0
HPQ.US,D,20241101,000000,35.49,36.575,35.485,36.28,6360782,0
HPQ.US,D,20241104,000000,36.27,36.457613,35.8,35.99,9533898,0
HPQ.US,D,20241105,000000,36,36.655,35.94,36.64,4162772,0
HPQ.US,D,20241106,000000,37.44,37.53,35.8917,36.91,9571136,0
HPQ.US,D,20241107,000000,36.81,37.6,36.72,37.34,5801718,0
HPQ.US,D,20241108,000000,37.2,37.32,36.68,36.82,5489610,0
HPQ.US,D,20241111,000000,36.87,38.6699,36.8,37.67,10160550,0
HPQ.US,D,20241112,000000,37.45,37.93,37.1,37.11,6793970,0
HPQ.US,D,20241113,000000,37.13,37.24,36.73,36.81,6087807,0
HPQ.US,D,20241114,000000,36.81,37.1,36.47,36.49,6044524,0
HPQ.US,D,20241115,000000,36.38,36.935,36.33,36.72,7278754,0
HPQ.US,D,20241118,000000,36.896,37.725,36.845,37.43,7624786,0
HPQ.US,D,20241119,000000,37.1,37.24,36.703,36.87,4665433,0
HPQ.US,D,20241120,000000,36.87,36.98,36.425,36.68,4928961,0
HPQ.US,D,20241121,000000,36.735,37.96,36.73,37.91,5969606,0
HPQ.US,D,20241122,000000,37.93,38.65,37.88,38.13,6961129,0
HPQ.US,D,20241125,000000,38.22,39.795,38.22,39.3,14160241,0
HPQ.US,D,20241126,000000,39.25,39.62,38.94,39.1,12112424,0
HPQ.US,D,20241127,000000,36.56,37.5,33.535,34.66,27423793,0
HPQ.US,D,20241129,000000,34.25,35.88,34.25,35.43,8300944,0
HPQ.US,D,20241202,000000,35.79,36.6,35.22,36.45,11320889,0
HPQ.US,D,20241203,000000,36.375,36.92,35.89,36.79,7311620,0
HPQ.US,D,20241204,000000,36.85,36.93,35.955,36.36,8736016,0
HPQ.US,D,20241205,000000,36.575,36.62,36.03,36.17,8251449,0
HPQ.US,D,20241206,000000,36.45,36.6,35.895,36.2,6583550,0
HPQ.US,D,20241209,000000,36.3,36.81,36.12,36.45,6308444,0
HPQ.US,D,20241210,000000,36.265,36.265,34.9,34.94,8015777,0
HPQ.US,D,20241211,000000,34.85,34.9,34.35,34.55,8183462,0
HPQ.US,D,20241212,000000,34.47,35.14,34.26,34.98,5143653,0
HPQ.US,D,20241213,000000,35.05,35.08,34.345,34.55,5101544,0
HPQ.US,D,20241216,000000,34.31,34.78,34.05,34.19,8182425,0
HPQ.US,D,20241217,000000,33.52,34.36,33.3278,33.84,8290814,0
HPQ.US,D,20241218,000000,33.98,34.067,32.44,32.49,10393079,0
HPQ.US,D,20241219,000000,32.555,33.14,32.27,32.46,7615740,0
HPQ.US,D,20241220,000000,32.21,33.1901,32.14,32.94,17752861,0
HPQ.US,D,20241223,000000,32.84,33.26,32.65,33.23,5241816,0
HPQ.US,D,20241224,000000,33.33,33.47,33.17,33.44,2128103,0
HPQ.US,D,20241226,000000,33.3,33.65,33.27,33.43,3062800,0
HPQ.US,D,20241227,000000,33.28,33.39,32.97,33.28,4423616,0
HPQ.US,D,20241230,000000,32.77,32.8677,32.205,32.63,4243009,0
HPQ.US,D,20241231,000000,32.825,32.915,32.435,32.63,4126665,0
HPQ.US,D,20250102,000000,32.7,32.83,32.285,32.47,4660687,0
HPQ.US,D,20250103,000000,32.695,33.15,32.58,33.14,5451673,0
HPQ.US,D,20250106,000000,33.53,34.17,33.41,33.87,7757631,0
HPQ.US,D,20250107,000000,34.04,34.45,33.445,33.67,5343720,0
HPQ.US,D,20250108,000000,33.48,33.55,33.002,33.45,4891883,0
HPQ.US,D,20250110,000000,33.1,33.445,32.89,33.2,6222542,0
HPQ.US,D,20250113,000000,33.05,33.09,32.47,32.62,7063090,0
HPQ.US,D,20250114,000000,32.9,33.15,32.37,32.67,5518025,0
HPQ.US,D,20250115,000000,33.33,33.545,32.695,32.79,7227053,0
HPQ.US,D,20250116,000000,32.7,32.73,32.34,32.35,7973542,0
HPQ.US,D,20250117,000000,32.6,33,32.5,32.51,8455700,0
HPQ.US,D,20250121,000000,32.42,32.98,32.22,32.95,7758207,0
HPQ.US,D,20250122,000000,33.015,33.57,32.835,33.13,5184557,0
HPQ.US,D,20250123,000000,33.075,33.53,32.76,33.38,4623490,0
HPQ.US,D,20250124,000000,33.48,33.5197,32.63,32.73,4048921,0
HPQ.US,D,20250127,000000,32.61,33.36,32.31,33.33,10176994,0
HPQ.US,D,20250128,000000,33.15,33.2,32.29,32.74,5955856,0
HPQ.US,D,20250129,000000,32.875,33.055,32.555,32.61,4039533,0
HPQ.US,D,20250130,000000,32.72,33.08,32.685,32.8,3611791,0
HPQ.US,D,20250131,000000,32.95,33.325,32.425,32.5,6179231,0
HPQ.US,D,20250203,000000,31.71,32.38,31.05,32,8205701,0
HPQ.US,D,20250204,000000,31.835,32.36,31.78,32.01,5050626,0
HPQ.US,D,20250205,000000,32.01,32.58,32.01,32.57,5518113,0
HPQ.US,D,20250206,000000,32.6,32.74,32.385,32.6,6197100,0
HPQ.US,D,20250207,000000,32.9,32.97,32.14,32.27,4382860,0
HPQ.US,D,20250210,000000,32.43,33.095,32.38,32.82,5424190,0
HPQ.US,D,20250211,000000,32.655,33.29,32.52,33.15,4384534,0
HPQ.US,D,20250212,000000,32.885,33.25,32.505,33.04,4312332,0
HPQ.US,D,20250213,000000,33.135,33.34,32.9108,33.3,5393558,0
HPQ.US,D,20250214,000000,33.38,33.81,33.34,33.64,4183372,0
HPQ.US,D,20250218,000000,33.87,34.23,33.605,34.2,5309527,0
HPQ.US,D,20250219,000000,34.185,34.86,34.087352,34.68,5665966,0
HPQ.US,D,20250220,000000,34.9,34.9,34.38,34.72,5007041,0
HPQ.US,D,20250221,000000,34.9,34.95,34.4753,34.63,7214145,0
HPQ.US,D,20250224,000000,34.76,35.275,34.67,34.67,7142784,0
HPQ.US,D,20250225,000000,34.77,35.01,34.01,34.1,7036118,0
HPQ.US,D,20250226,000000,34,34.0706,33.59,33.83,7037824,0
HPQ.US,D,20250227,000000,33.695,33.9,33.11,33.13,10360143,0
HPQ.US,D,20250228,000000,31.43,31.43,29.98,30.87,23233205,0
HPQ.US,D,20250303,000000,31.045,31.43,29.91,30.04,8299717,0
HPQ.US,D,20250304,000000,29.92,30.13,29.175,29.29,9602523,0
HPQ.US,D,20250305,000000,29.46,29.81,29.18,29.52,8940080,0
HPQ.US,D,20250306,000000,29.285,30.02,29.24,29.97,10136799,0
HPQ.US,D,20250307,000000,29.88,30.61,29.63,30.54,10995470,0
HPQ.US,D,20250310,000000,30.305,30.5,29.6,29.98,8851054,0
HPQ.US,D,20250311,000000,29.83,29.89,28.565,28.62,10783605,0
HPQ.US,D,20250312,000000,28.51,28.59,27.82,28.47,9173463,0
HPQ.US,D,20250313,000000,28.535,28.85,27.67,27.91,6882651,0
HPQ.US,D,20250314,000000,28.27,28.535,28.115,28.41,5385836,0
HPQ.US,D,20250317,000000,28.395,28.96,28.38,28.91,6395601,0
HPQ.US,D,20250318,000000,28.76,28.8691,28.54,28.7,5001509,0
HPQ.US,D,20250319,000000,28.785,29.01,28.49,28.76,7905890,0
HPQ.US,D,20250320,000000,28.585,28.89,28.48,28.51,5525522,0
HPQ.US,D,20250321,000000,28.1818,28.68,27.95,28.68,23907656,0
HPQ.US,D,20250324,000000,28.99,29.175,28.67,29,5804715,0
HPQ.US,D,20250325,000000,29.01,29.13,28.6,28.81,6053797,0
HPQ.US,D,20250326,000000,28.805,29.01,28.53,28.71,6371473,0
HPQ.US,D,20250327,000000,28.49,28.78,28.285,28.65,6106493,0
HPQ.US,D,20250328,000000,28.44,28.6505,27.79,27.9,5452124,0
HPQ.US,D,20250331,000000,27.455,27.79,27.3,27.69,8946808,0
HPQ.US,D,20250401,000000,27.88,27.9599,27.455,27.79,6494574,0
HPQ.US,D,20250402,000000,27.49,28.065,27.49,27.88,6050269,0
HPQ.US,D,20250403,000000,25.88,25.94,22.945,23.78,23089339,0
HPQ.US,D,20250404,000000,23.3,23.46,21.96,22.61,22865133,0
HPQ.US,D,20250407,000000,21.7178,24.06,21.59,23.38,21901376,0
HPQ.US,D,20250408,000000,23.7,23.82,21.51,21.88,17963463,0
HPQ.US,D,20250409,000000,21.6,24.335,21.21,24.28,19749472,0
HPQ.US,D,20250410,000000,23.43,23.66,22.32,22.87,11304389,0
HPQ.US,D,20250411,000000,22.99,23.47,22.4,23.44,10168108,0
HPQ.US,D,20250414,000000,24.7,25.1092,23.65,24.04,10638513,0
HPQ.US,D,20250415,000000,24.085,24.27,23.51,23.74,9162388,0
HPQ.US,D,20250416,000000,23.4,23.7899,23.0711,23.47,7280726,0
HPQ.US,D,20250417,000000,23.66,23.9997,23.55,23.83,6785873,0
HPQ.US,D,20250421,000000,23.52,23.825,23.105,23.75,8812652,0
HPQ.US,D,20250422,000000,24.06,24.25,23.775,24.18,6415606,0
HPQ.US,D,20250423,000000,24.935,25.58,24.49,24.63,7288074,0
HPQ.US,D,20250424,000000,24.76,25.35,24.55,25.33,6542699,0
HPQ.US,D,20250425,000000,25.35,25.52,25.06,25.28,5023445,0
HPQ.US,D,20250428,000000,25.265,25.54,25.0244,25.39,5255952,0
HPQ.US,D,20250429,000000,25.21,25.625,25.06,25.52,5320926,0
HPQ.US,D,20250430,000000,24.97,25.67,24.92,25.57,6202813,0
HPQ.US,D,20250501,000000,25.735,25.88,25.36,25.39,6525760,0
HPQ.US,D,20250502,000000,25.84,26.075,25.79,25.95,5669265,0
HPQ.US,D,20250505,000000,25.84,26.2,25.755,25.9,4577666,0
HPQ.US,D,20250506,000000,25.745,25.935,25.49,25.63,5308491,0
HPQ.US,D,20250507,000000,25.62,25.9,25.43,25.85,5702915,0
HPQ.US,D,20250508,000000,26.05,26.65,25.98,26.33,5941818,0
HPQ.US,D,20250509,000000,26.67,26.92,26.405,26.46,7595730,0
HPQ.US,D,20250512,000000,28.18,29.055,28.13,28.26,10453168,0
HPQ.US,D,20250513,000000,28.245,28.95,28.14,28.78,7115815,0
HPQ.US,D,20250514,000000,28.8,28.94,28.535,28.65,7216634,0
HPQ.US,D,20250515,000000,28.35,28.97,28.35,28.78,7929205,0
HPQ.US,D,20250516,000000,28.905,29.37,28.8804,29.32,7803067,0
HPQ.US,D,20250519,000000,28.895,29.125,28.775,29.1,6836503,0
HPQ.US,D,20250520,000000,29.1,29.48,28.8,28.98,7766981,0
HPQ.US,D,20250521,000000,28.895,29.24,28.5537,28.61,7584751,0
HPQ.US,D,20250522,000000,28.595,28.745,28.38,28.5,5729385,0
HPQ.US,D,20250523,000000,27.68,28.13,27.56,27.98,7663119,0
HPQ.US,D,20250527,000000,28.445,28.47,28.14,28.34,10305970,0
HPQ.US,D,20250528,000000,28.275,28.35,27.2,27.2,17503383,0
HPQ.US,D,20250529,000000,23.815,25.9,23.59,24.95,26469233,0
HPQ.US,D,20250530,000000,24.76,25.03,24.4,24.9,16298104,0
HPQ.US,D,20250602,000000,24.9,24.98,24.45,24.91,9587830,0
HPQ.US,D,20250603,000000,24.81,25.47,24.51,25.38,8393505,0
HPQ.US,D,20250604,000000,25.435,25.71,25.11,25.18,12721322,0
HPQ.US,D,20250605,000000,25.22,25.38,24.61,24.7,12252719,0
HPQ.US,D,20250606,000000,24.995,25.295,24.84,25.18,12430179,0
HPQ.US,D,20250609,000000,25.5,25.58,25,25.12,11835726,0
HPQ.US,D,20250610,000000,25.19,25.69,25.07,25.56,9364385,0
HPQ.US,D,20250611,000000,25.46,25.46,24.71,24.82,6240419,0
HPQ.US,D,20250612,000000,24.75,24.905,24.64,24.74,5665362,0
HPQ.US,D,20250613,000000,24.4,24.59,23.76,23.84,7084708,0
HPQ.US,D,20250616,000000,24.09,24.555,23.98,24.52,8030104,0
HPQ.US,D,20250617,000000,24.36,24.705,24.2,24.29,5796913,0
HPQ.US,D,20250618,000000,24.29,24.41,24.1,24.18,8659400,0
HPQ.US,D,20250620,000000,24.44,24.75,24.085,24.11,19507251,0
HPQ.US,D,20250623,000000,23.98,24.01,23.45,23.91,9454439,0
HPQ.US,D,20250624,000000,24.25,24.595,24.15,24.54,7644277,0
HPQ.US,D,20250625,000000,24.59,24.6,24.305,24.53,8128402,0
HPQ.US,D,20250626,000000,24.71,24.84,24.47,24.71,6869102,0
HPQ.US,D,20250627,000000,24.75,24.97,24.43,24.77,13832116,0
HPQ.US,D,20250630,000000,24.94,24.95,24.3533,24.46,11117068,0
HPQ.US,D,20250701,000000,24.4,25.82,24.3,25.5,13488137,0
HPQ.US,D,20250702,000000,25.525,25.96,25.25,25.85,8496232,0
HPQ.US,D,20250703,000000,26.08,26.255,25.98,26,4740176,0
HPQ.US,D,20250707,000000,25.86,25.96,25.22,25.34,6716145,0
HPQ.US,D,20250708,000000,25.56,26.015,25.2602,25.8,7987016,0
HPQ.US,D,20250709,000000,25.94,25.95,25.275,25.62,6354204,0
HPQ.US,D,20250710,000000,25.68,26.265,25.5904,25.73,7608216,0
HPQ.US,D,20250711,000000,25.54,25.625,25.31,25.42,6169451,0
HPQ.US,D,20250714,000000,25.18,25.38,24.655,24.83,9451834,0
HPQ.US,D,20250715,000000,25.06,25.225,24.485,24.52,6753283,0
HPQ.US,D,20250716,000000,24.54,24.63,24.105,24.56,5919412,0
HPQ.US,D,20250717,000000,24.555,24.81,24.31,24.75,6757978,0
HPQ.US,D,20250718,000000,24.935,25.11,24.72,25.06,7173831,0
HPQ.US,D,20250721,000000,25.19,25.19,24.8,24.83,5068931,0
HPQ.US,D,20250722,000000,24.925,25.415,24.83,25.41,7841342,0
HPQ.US,D,20250723,000000,25.68,26.05,25.5,25.88,7219996,0
HPQ.US,D,20250724,000000,25.75,25.92,25.56,25.69,6055301,0
HPQ.US,D,20250725,000000,25.75,25.8,25.43,25.68,6327586,0
HPQ.US,D,20250728,000000,25.745,25.945,25.485,25.85,5896511,0
HPQ.US,D,20250729,000000,25.97,26.03,25.585,25.67,6551303,0
HPQ.US,D,20250730,000000,25.75,25.8,24.93,25.1,7181369,0
HPQ.US,D,20250731,000000,24.97,25.355,24.76,24.8,12646035,0
HPQ.US,D,20250801,000000,24.52,24.635,24.105,24.45,7929495,0
HPQ.US,D,20250804,000000,24.55,25,24.45,24.97,6201311,0
HPQ.US,D,20250805,000000,25.23,25.36,24.915,25.05,6281175,0
HPQ.US,D,20250806,000000,25.08,25.24,24.79,25.01,8133177,0
HPQ.US,D,20250807,000000,25.42,25.525,25.03,25.35,8419455,0
HPQ.US,D,20250808,000000,25.43,26.15,25.32,26.11,7075394,0
HPQ.US,D,20250811,000000,26.16,26.365,25.46,25.51,7540216,0
HPQ.US,D,20250812,000000,25.98,26.695,25.78,26.6,8844354,0
HPQ.US,D,20250813,000000,26.57,27.325,26.57,27.14,9407784,0
HPQ.US,D,20250814,000000,26.625,27.01,26.619,26.93,6544629,0
HPQ.US,D,20250815,000000,27.05,27.1573,26.57,26.74,6974435,0
HPQ.US,D,20250818,000000,26.72,27.02,26.69,26.83,5769826,0
HPQ.US,D,20250819,000000,26.905,27.36,26.905,27,7144299,0
HPQ.US,D,20250820,000000,26.8,26.9,26.355,26.47,6458925,0
HPQ.US,D,20250821,000000,26.4,26.585,26.3,26.58,7326466,0
HPQ.US,D,20250822,000000,26.7,27.75,26.67,27.74,6574155,0
HPQ.US,D,20250825,000000,27.62,27.785,27.445,27.5,8250012,0
HPQ.US,D,20250826,000000,27.3412,27.52,26.925,27.01,11927922,0
HPQ.US,D,20250827,000000,27.02,27.26,26.895,27.11,11705188,0
HPQ.US,D,20250828,000000,28.38,28.92,27,28.35,20139860,0
HPQ.US,D,20250829,000000,28.08,28.745,28.01,28.54,12745715,0
HPQ.US,D,20250902,000000,28.07,28.97,27.7946,28.94,13262309,0
HPQ.US,D,20250903,000000,29,29.2,28.51,28.7,8245497,0
HPQ.US,D,20250904,000000,28.705,28.96,28.47,28.92,11584159,0
HPQ.US,D,20250905,000000,29.05,29.45,28.895,29.34,8677808,0
HPQ.US,D,20250908,000000,29.28,29.39,28.83,29.35,8064860,0
HPQ.US,D,20250909,000000,29.35,29.55,28.915,29.04,9901720,0
HPQ.US,D,20250910,000000,28.41,28.57,27.5901,28.37,9094835,0
HPQ.US,D,20250911,000000,28.5,28.8,28.245,28.34,8055503,0
HPQ.US,D,20250912,000000,28.325,28.485,27.93,27.97,8101374,0
HPQ.US,D,20250915,000000,28.07,28.1,27.7,27.75,8790304,0
HPQ.US,D,20250916,000000,27.83,28.17,27.62,27.72,6606566,0
HPQ.US,D,20250917,000000,27.78,28.5,27.691,27.9,12909273,0
HPQ.US,D,20250918,000000,28.125,28.3,27.85,28.24,7021548,0
HPQ.US,D,20250919,000000,28.27,28.3,27.985,28.16,12697936,0
HPQ.US,D,20250922,000000,28.1,28.3665,27.73,28.26,7248503,0
HPQ.US,D,20250923,000000,28.36,28.855,28.36,28.53,7382767,0
HPQ.US,D,20250924,000000,28.47,28.74,27.465,27.5,10197511,0
HPQ.US,D,20250925,000000,27.14,27.14,26.73,26.85,10496619,0
HPQ.US,D,20250926,000000,26.71,26.9,26.315,26.71,7872350,0
HPQ.US,D,20250929,000000,26.89,27.045,26.68,26.89,9098433,0
HPQ.US,D,20250930,000000,26.8925,27.25,26.845,27.23,7986780,0
HPQ.US,D,20251001,000000,27.19,27.22,26.4,26.7,14390508,0
HPQ.US,D,20251002,000000,26.78,27.15,26.42,26.48,10975405,0
HPQ.US,D,20251003,000000,26.63,27.29,26.505,26.64,10520683,0
HPQ.US,D,20251006,000000,26.87,26.913,26.44,26.61,7705761,0
HPQ.US,D,20251007,000000,26.79,26.84,26.2,26.55,14473011,0
HPQ.US,D,20251008,000000,26.58,27.175,26.44,27.03,20463660,0
HPQ.US,D,20251009,000000,27.15,27.34,26.73,26.97,10128342,0
HPQ.US,D,20251010,000000,27.03,27.18,25.455,25.55,15792435,0
HPQ.US,D,20251013,000000,26.03,27.38,26.01,27.35,14137521,0
HPQ.US,D,20251014,000000,27.49,28.74,27.4,28.54,21556959,0
HPQ.US,D,20251015,000000,28.84,28.985,28.39,28.61,18360292,0
HPQ.US,D,20251016,000000,28.7,28.73,27.085,27.2,24747271,0
HPQ.US,D,20251017,000000,27,27.61,27,27.37,10955846,0
HPQ.US,D,20251020,000000,27.6,28.09,27.5,27.66,7049727,0
HPQ.US,D,20251021,000000,27.7,28.5,27.6725,28.16,8330462,0
HPQ.US,D,20251022,000000,27.42,27.965,26.97,27.66,8976844,0
HPQ.US,D,20251023,000000,27.78,28.14,27.665,27.83,11798880,0
HPQ.US,D,20251024,000000,28.26,28.43,27.635,27.66,8626493,0
HPQ.US,D,20251027,000000,27.91,28.095,27.705,27.92,10867718,0
HPQ.US,D,20251028,000000,27.85,28.1855,27.513,28.07,7421220,0
HPQ.US,D,20251029,000000,27.88,28.25,27.57,27.7,8931507,0
HPQ.US,D,20251030,000000,27.42,27.825,27.18,27.51,10356361,0
HPQ.US,D,20251031,000000,27.38,27.88,27.29,27.67,14271801,0
HPQ.US,D,20251103,000000,27.625,27.8,26.7,27.01,10354798,0
HPQ.US,D,20251104,000000,26.53,26.715,25.91,25.94,10081520,0
HPQ.US,D,20251105,000000,26,26.71,25.76,26.64,12247744,0
HPQ.US,D,20251106,000000,26.54,26.69,26.1,26.17,9075827,0
HPQ.US,D,20251107,000000,26.09,26.33,25.82,26.28,8710942,0
HPQ.US,D,20251110,000000,26.52,26.58,25.18,25.29,16143198,0
HPQ.US,D,20251111,000000,25.21,25.265,24.625,24.73,14505695,0
HPQ.US,D,20251112,000000,24.87,25.32,24.85,25.21,10318411,0
HPQ.US,D,20251113,000000,25.155,25.435,24.935,24.98,12224924,0
HPQ.US,D,20251114,000000,24.7,25,24.47,24.53,9788745,0
HPQ.US,D,20251117,000000,23.56,23.99,22.775,22.87,19877396,0
HPQ.US,D,20251118,000000,22.735,23.0051,22.395,22.71,11853452,0
HPQ.US,D,20251119,000000,22.725,22.785,22.44,22.47,9138793,0
HPQ.US,D,20251120,000000,22.7,22.94,22.265,22.61,15566234,0
HPQ.US,D,20251121,000000,22.8,24.26,22.765,23.96,19349532,0
HPQ.US,D,20251124,000000,24.075,24.5,23.97,24.38,19135902,0
HPQ.US,D,20251125,000000,24.47,25.05,24.195,24.32,22657486,0
HPQ.US,D,20251126,000000,24.095,24.58,23.495,23.98,22163257,0
HPQ.US,D,20251128,000000,24.15,24.43,23.835,24.42,6873063,0
HPQ.US,D,20251201,000000,24,24.72,23.98,24.39,14182841,0
HPQ.US,D,20251202,000000,24.625,25.45,24.43,25.15,15550889,0
HPQ.US,D,20251203,000000,25.15,25.47,24.97,25.19,11971042,0
HPQ.US,D,20251204,000000,25.195,25.93,25.11,25.9,11666133,0
HPQ.US,D,20251205,000000,25.9,26.04,25.64,25.91,10225377,0
HPQ.US,D,20251208,000000,25.765,25.765,24.91,25.07,15600427,0
HPQ.US,D,20251209,000000,24.79,25.52,24.745,25.38,10451985,0
HPQ.US,D,20251210,000000,25.34,25.58,25.13,25.49,11980376,0
HPQ.US,D,20251211,000000,25.14,25.49,25.105,25.41,10515789,0
HPQ.US,D,20251212,000000,25.35,25.47,24.67,24.74,9407456,0
HPQ.US,D,20251215,000000,24.95,25.03,24.3824,24.49,12812122,0
HPQ.US,D,20251216,000000,24.46,24.925,24.415,24.83,9995651,0
HPQ.US,D,20251217,000000,24.76,24.89,24.215,24.43,12453987,0
HPQ.US,D,20251218,000000,23.87,24.11,22.98,23.45,20895150,0
HPQ.US,D,20251219,000000,23.385,23.53,23.065,23.26,28443646,0
HPQ.US,D,20251222,000000,23.48,23.645,23.085,23.17,11198490,0
HPQ.US,D,20251223,000000,23.13,23.39,22.78,22.93,10546644,0
HPQ.US,D,20251224,000000,22.965,23.265,22.965,23.16,4190948,0
HPQ.US,D,20251226,000000,23.19,23.305,23.13,23.26,6309412,0
HPQ.US,D,20251229,000000,23.15,23.275,22.66,22.73,11566376,0
HPQ.US,D,20251230,000000,22.68,22.975,22.66,22.9,10809260,0
HPQ.US,D,20251231,000000,22.88,22.9,22.27,22.28,9723921,0
HPQ.US,D,20260102,000000,22.555,22.6,22.01,22.12,19045388,0
HPQ.US,D,20260105,000000,22.11,22.295,21.61,21.66,18710526,0
HPQ.US,D,20260106,000000,21.62,22.37,21.3553,22.15,18039315,0
HPQ.US,D,20260107,000000,22.155,22.16,20.9346,21.09,18867434,0
HPQ.US,D,20260108,000000,20.91,21.895,20.65,21.39,24546270,0
HPQ.US,D,20260109,000000,21.61,21.64,20.92,21.47,19442889,0
HPQ.US,D,20260112,000000,21.47,21.62,21.13,21.18,12773864,0
HPQ.US,D,20260113,000000,20.93,21.42,20.745,21.08,20012451,0
HPQ.US,D,20260114,000000,21.028,21.59,20.7046,20.77,14343211,0
HPQ.US,D,20260115,000000,20.87,21.02,20.505,20.61,14123903,0
HPQ.US,D,20260116,000000,20.1,20.74,19.98,20.37,20501944,0
HPQ.US,D,20260120,000000,20.01,20.28,19.5814,19.8,19624957,0
HPQ.US,D,20260121,000000,19.88,19.99,19.275,19.53,18332535,0
HPQ.US,D,20260122,000000,19.68,20.2,19.65,19.83,13934871,0
HPQ.US,D,20260123,000000,19.7,19.71,19.2,19.43,17425142,0
HPQ.US,D,20260126,000000,19.43,19.595,19.3,19.46,14451766,0
HPQ.US,D,20260127,000000,19.5,19.52,19.15,19.37,15257180,0
HPQ.US,D,20260128,000000,19.42,19.655,19.01,19.05,16930357,0
HPQ.US,D,20260129,000000,19.06,19.625,18.935,19.39,18153930,0
HPQ.US,D,20260130,000000,19.38,19.45,18.96,19.44,21546187,0
HPQ.US,D,20260202,000000,19.5,19.93,19.4,19.81,28367051,0
HPQ.US,D,20260203,000000,19.06,19.15,18.315,19,33138568,0
HPQ.US,D,20260204,000000,19.33,20.545,19.31,19.82,31604998,0
HPQ.US,D,20260205,000000,19.8,19.94,18.78,19.15,24443393,0
HPQ.US,D,20260206,000000,19.15,19.9,19.14,19.65,14950584,0
HPQ.US,D,20260209,000000,19.39,19.62,19.14,19.43,16673103,0
HPQ.US,D,20260210,000000,19.6,20.42,19.6,19.81,16196407,0
HPQ.US,D,20260211,000000,19.83,19.91,19.5,19.76,14736553,0
HPQ.US,D,20260212,000000,18.96,19.26,18.26,18.87,26313953,0
HPQ.US,D,20260213,000000,19.11,19.74,19.06,19.26,20576940,0
HPQ.US,D,20260217,000000,19.17,19.37,18.49,18.49,20393566,0
HPQ.US,D,20260218,000000,18.44,18.715,18.245,18.35,17989724,0
HPQ.US,D,20260219,000000,18.31,18.62,18.255,18.34,10709753,0
HPQ.US,D,20260220,000000,18.39,18.92,18.12,18.59,19197867,0
HPQ.US,D,20260223,000000,18.45,18.66,18.13,18.35,17355300,0
HPQ.US,D,20260224,000000,18.39,18.81,18,18.2,27599409,0
HPQ.US,D,20260225,000000,18.77,19.2,17.56,18.21,48394435,0
HPQ.US,D,20260226,000000,18.6,19.175,18.56,18.81,26594609,0
HPQ.US,D,20260227,000000,18.6,19.04,18.41,18.99,23562308,0
HPQ.US,D,20260302,000000,18.72,18.965,18.54,18.7,18215050,0
HPQ.US,D,20260303,000000,18.475,19.055,18.46,19.01,14308930,0
HPQ.US,D,20260304,000000,18.99,19.32,18.67,19.18,13774212,0
HPQ.US,D,20260305,000000,19.22,19.575,19.105,19.34,16166708,0
HPQ.US,D,20260306,000000,19.145,19.49,18.885,19.46,14749902,0
HPQ.US,D,20260309,000000,19.17,19.19,18.495,18.93,21087637,0
HPQ.US,D,20260310,000000,18.91,19.185,18.47,18.79,18327404,0
HPQ.US,D,20260311,000000,18.72,19.035,18.255,18.46,13783440,0
HPQ.US,D,20260312,000000,18.51,19.18,18.445,18.95,26132044,0
HPQ.US,D,20260313,000000,19.1,19.16,18.615,18.93,12918911,0
HPQ.US,D,20260316,000000,18.99,19.13,18.4,18.68,18240363,0
HPQ.US,D,20260317,000000,18.82,19.0075,18.7,18.75,12691288,0
HPQ.US,D,20260318,000000,18.65,18.875,18.21,18.22,15764083,0
HPQ.US,D,20260319,000000,18.15,18.89,18.0092,18.48,17067372,0
HPQ.US,D,20260320,000000,18.48,18.535,18.085,18.27,49081961,0
HPQ.US,D,20260323,000000,18.43,18.67,18.02,18.53,14237140,0
HPQ.US,D,20260324,000000,18.34,19.01,18.18,18.89,13790522,0
HPQ.US,D,20260325,000000,19.13,20.14,19.0907,19.46,21397450,0
HPQ.US,D,20260326,000000,19.34,20.135,19.27,19.32,22004383,0
HPQ.US,D,20260327,000000,19.29,19.525,18.92,19.44,23557228,0
HPQ.US,D,20260330,000000,19.58,19.69,18.83,19.05,24821419,0
HPQ.US,D,20260331,000000,19.11,19.33,18.665,19.21,24181428,0
HPQ.US,D,20260401,000000,19.2,19.31,18.635,18.95,17760734,0
HPQ.US,D,20260402,000000,19,19.52,18.64,19.51,15191388,0
HPQ.US,D,20260406,000000,19.51,19.52,18.93,18.94,13348531,0
HPQ.US,D,20260407,000000,18.77,18.99,18.53,18.61,14315298,0
HPQ.US,D,20260408,000000,19.065,19.145,18.52,18.89,18862616,0
HPQ.US,D,20260409,000000,18.83,18.97,18.125,18.38,19533915,0
HPQ.US,D,20260410,000000,18.75,18.93,18.13,18.26,13557970,0
HPQ.US,D,20260413,000000,18.29,19.415,18.15,19.23,32994216,0
HPQ.US,D,20260414,000000,18.77,19.11,18.52,18.99,16728327,0
HPQ.US,D,20260415,000000,19.18,19.34,18.85,19.23,12139637,0
HPQ.US,D,20260416,000000,19.42,19.85,19.27,19.72,12372089,0
HPQ.US,D,20260417,000000,19.8,20.035,19.66,19.88,15876366,0
HPQ.US,D,20260420,000000,19.79,20,19.59,19.59,12694453,0
HPQ.US,D,20260421,000000,19.68,21.415,19.63,21.09,25665692,0
HPQ.US,D,20260422,000000,21.03,21.38,20.39,20.44,17632903,0
HPQ.US,D,20260423,000000,20.28,20.315,19.8641,20.14,12813190,0
HPQ.US,D,20260424,000000,20.34,20.615,19.65,19.785,17242067,0
