<TICKER>,<PER>,<DATE>,<TIME>,<OPEN>,<HIGH>,<LOW>,<CLOSE>,<VOL>,<OPENINT>
JPM.US,D,20000103,000000,34.7892,35.1046,33.5681,33.9267,16670457.880013,0
JPM.US,D,20000104,000000,33.0779,33.348,32.4019,33.1682,16260181.268354,0
JPM.US,D,20000105,000000,32.8921,33.9758,32.3047,32.9825,12086951.963424,0
JPM.US,D,20000106,000000,32.8479,34.1605,32.6672,33.4374,11608030.082323,0
JPM.US,D,20000107,000000,34.0239,34.4277,33.2527,34.0672,9115200.1263997,0
JPM.US,D,20000110,000000,34.0672,34.3344,33.4807,33.4807,6551429.6002838,0
JPM.US,D,20000111,000000,32.7605,32.9825,31.9481,32.6672,11658377.071683,0
JPM.US,D,20000112,000000,32.6249,33.1682,32.5297,32.8921,10085953.555748,0
JPM.US,D,20000113,000000,33.3028,33.9267,33.0287,33.3883,9596413.236764,0
JPM.US,D,20000114,000000,34.6056,35.4662,34.0672,34.6056,13497933.897945,0
JPM.US,D,20000118,000000,34.6056,34.8806,32.8921,33.2527,7346372.1530116,0
JPM.US,D,20000119,000000,33.8441,35.2864,33.8441,34.694,21823800.962718,0
JPM.US,D,20000120,000000,35.2864,35.6018,34.0672,34.6527,10777295.088096,0
JPM.US,D,20000121,000000,34.6056,34.6527,34.0239,34.1605,7157676.0381665,0
JPM.US,D,20000124,000000,34.8325,34.9248,33.7999,34.1605,8958743.0628456,0
JPM.US,D,20000125,000000,34.1605,35.4662,34.1605,34.9248,10513281.55462,0
JPM.US,D,20000126,000000,35.2864,36.9919,35.1046,36.7276,11632159.749543,0
JPM.US,D,20000127,000000,37.1736,38.1689,36.7688,37.7621,11325915.73588,0
JPM.US,D,20000128,000000,37.269,37.269,35.868,35.9122,10402390.536913,0
JPM.US,D,20000131,000000,35.9642,38.1689,35.9642,37.7621,9931163.7660869,0
JPM.US,D,20000201,000000,38.5707,39.5669,38.0765,39.2093,13385794.969496,0
JPM.US,D,20000202,000000,38.8477,39.4313,38.0765,38.5707,9883934.5178343,0
JPM.US,D,20000203,000000,39.1149,39.7407,37.5774,38.9342,12760614.0817,0
JPM.US,D,20000204,000000,38.6178,39.0187,38.1689,38.2543,7094637.20621,0
JPM.US,D,20000207,000000,38.4852,39.0187,38.2543,38.4852,6496914.4261908,0
JPM.US,D,20000208,000000,39.337,40.3331,39.337,39.8351,8763803.3228112,0
JPM.US,D,20000209,000000,39.7407,40.4167,38.5707,38.7976,13618186.281949,0
JPM.US,D,20000210,000000,38.9342,39.2093,38.0765,38.9342,9543152.0806418,0
JPM.US,D,20000211,000000,38.9784,39.7919,38.3919,38.6591,9781783.9646686,0
JPM.US,D,20000214,000000,38.5294,39.0707,36.9919,36.9919,8189802.04345,0
JPM.US,D,20000215,000000,37.492,38.6178,37.269,37.938,12435016.25497,0
JPM.US,D,20000216,000000,37.938,38.4852,36.9919,37.2178,6698720.7289131,0
JPM.US,D,20000217,000000,37.7621,38.1689,36.4074,36.6834,7928286.3671988,0
JPM.US,D,20000218,000000,36.5448,36.7688,34.9248,35.0093,11264126.850408,0
JPM.US,D,20000222,000000,35.6018,36.9084,35.193,36.1882,9804047.8730097,0
JPM.US,D,20000223,000000,36.2296,37.0872,35.8258,36.2296,6176108.7395632,0
JPM.US,D,20000224,000000,36.1882,36.3228,34.9248,35.6018,7212181.0335422,0
JPM.US,D,20000225,000000,35.868,36.8534,35.0565,35.5094,6441571.7223817,0
JPM.US,D,20000228,000000,35.9122,37.5774,35.7314,36.4978,8392651.6646949,0
JPM.US,D,20000229,000000,36.367,37.938,36.367,37.269,8553471.326482,0
JPM.US,D,20000301,000000,37.4055,38.3919,36.9084,38.3919,6749487.0814259,0
JPM.US,D,20000302,000000,37.6688,37.9891,37.3554,37.7169,4970676.8399859,0
JPM.US,D,20000303,000000,38.3919,38.5707,37.1736,37.9891,8296112.6383745,0
JPM.US,D,20000306,000000,38.8477,39.5158,38.5294,39.0707,7893955.5895034,0
JPM.US,D,20000307,000000,39.0707,39.4313,37.938,38.2995,6334219.8446779,0
JPM.US,D,20000308,000000,37.8112,38.1256,36.816,36.9919,7278555.4311565,0
JPM.US,D,20000309,000000,36.8534,38.0323,36.5448,37.9891,5519508.1872181,0
JPM.US,D,20000310,000000,37.4487,38.1689,36.4074,36.8534,7366762.1594986,0
JPM.US,D,20000313,000000,36.3228,37.9891,36.094,37.492,6551221.9544509,0
JPM.US,D,20000314,000000,37.6688,37.8928,36.7688,36.9919,5727766.7788341,0
JPM.US,D,20000315,000000,36.4545,39.4313,36.1342,38.9342,12291053.566896,0
JPM.US,D,20000316,000000,39.7407,42.3167,39.4313,42.1782,21685448.783618,0
JPM.US,D,20000317,000000,41.7715,43.1734,41.4119,42.581,16490076.759327,0
JPM.US,D,20000320,000000,42.132,42.358,39.5669,40.5091,11201500.256501,0
JPM.US,D,20000321,000000,40.4639,43.3031,40.0139,43.0811,11575153.843328,0
JPM.US,D,20000322,000000,42.4513,43.1223,41.5435,42.8571,11933835.554885,0
JPM.US,D,20000323,000000,42.581,46.4184,42.581,46.1011,14468272.035627,0
JPM.US,D,20000324,000000,45.4212,47.1808,44.926,45.0194,13161104.87455,0
JPM.US,D,20000327,000000,44.926,45.3338,43.8002,44.3406,6697677.4103902,0
JPM.US,D,20000328,000000,43.8916,44.8366,43.6194,44.1176,10160640.911778,0
JPM.US,D,20000329,000000,44.1176,44.2532,41.8167,42.3167,12605412.053988,0
JPM.US,D,20000330,000000,41.8619,42.4945,40.2399,40.7359,11119742.763438,0
JPM.US,D,20000331,000000,41.182,41.3697,40.2399,40.8225,9438507.7417387,0
JPM.US,D,20000403,000000,41.182,43.533,41.0995,43.3031,11802550.459205,0
JPM.US,D,20000404,000000,43.0811,43.2599,39.0707,40.8225,17529691.246925,0
JPM.US,D,20000405,000000,39.6543,40.9167,39.6543,40.6485,10139835.613625,0
JPM.US,D,20000406,000000,40.9589,41.5435,40.8725,41.1369,6731591.8785482,0
JPM.US,D,20000407,000000,41.5435,41.5435,40.4639,40.6485,6815852.3181947,0
JPM.US,D,20000410,000000,40.2399,41.9031,40.0581,41.4591,10908573.058675,0
JPM.US,D,20000411,000000,40.9589,41.3697,40.0139,40.4639,11397065.987649,0
JPM.US,D,20000412,000000,41.3697,42.8129,40.6947,40.8725,12667822.859087,0
JPM.US,D,20000413,000000,40.4639,40.8225,39.6543,39.7407,9405221.3004379,0
JPM.US,D,20000414,000000,38.5707,38.7534,35.645,37.1304,18148010.661392,0
JPM.US,D,20000417,000000,36.4545,37.4055,35.2864,36.9919,12078839.525739,0
JPM.US,D,20000418,000000,36.816,38.0765,36.7276,37.8928,9477823.0372938,0
JPM.US,D,20000419,000000,37.9891,38.1256,35.6018,36.7276,12562135.201661,0
JPM.US,D,20000420,000000,36.7688,36.816,35.868,36.367,6297812.6086542,0
JPM.US,D,20000424,000000,35.7746,35.9642,35.0093,35.193,10808503.035324,0
JPM.US,D,20000425,000000,35.645,36.9516,35.416,36.7276,8775667.6356912,0
JPM.US,D,20000426,000000,37.045,37.045,35.868,35.9642,7629118.5977986,0
JPM.US,D,20000427,000000,35.3718,35.5094,34.5201,34.7892,12896474.510806,0
JPM.US,D,20000428,000000,34.9248,35.1468,33.7498,33.9267,11932582.554786,0
JPM.US,D,20000501,000000,34.1104,35.4662,33.6644,34.694,11705808.87641,0
JPM.US,D,20000502,000000,34.7411,36.2296,34.5201,35.8258,11666285.935022,0
JPM.US,D,20000503,000000,35.3718,36.1342,34.9248,34.9248,12927464.633485,0
JPM.US,D,20000504,000000,35.3718,35.5094,34.2902,34.471,8560749.1093485,0
JPM.US,D,20000505,000000,33.8864,34.246,33.1682,33.9758,20118436.273798,0
JPM.US,D,20000508,000000,33.7046,34.4277,33.5681,33.8864,7625160.0946422,0
JPM.US,D,20000509,000000,34.0239,34.2037,33.348,33.348,8846191.8963471,0
JPM.US,D,20000510,000000,33.2527,33.2527,32.3567,32.3567,9176363.0207586,0
JPM.US,D,20000511,000000,32.9825,33.2527,32.2241,32.9433,10892135.448114,0
JPM.US,D,20000512,000000,32.5297,34.2902,32.0394,33.7046,16951527.890061,0
JPM.US,D,20000515,000000,34.246,35.3718,33.9267,35.1046,9297240.3780051,0
JPM.US,D,20000516,000000,36.0468,36.094,34.694,34.9248,10991996.807759,0
JPM.US,D,20000517,000000,34.471,35.2864,34.3816,34.8325,6034218.4383311,0
JPM.US,D,20000518,000000,34.694,35.9642,34.694,35.3718,7151642.0945535,0
JPM.US,D,20000519,000000,35.1046,35.2864,34.0239,34.1104,7093801.53352,0
JPM.US,D,20000522,000000,34.471,34.471,33.1682,33.9758,5776237.8305967,0
JPM.US,D,20000523,000000,33.8441,35.1046,33.8441,34.4277,7224458.6023444,0
JPM.US,D,20000524,000000,34.1104,34.5652,33.1682,33.7046,11890765.33052,0
JPM.US,D,20000525,000000,33.8864,34.694,32.8037,33.0779,10709470.223267,0
JPM.US,D,20000526,000000,33.1211,33.5268,32.6672,33.1682,8549312.302595,0
JPM.US,D,20000530,000000,33.7046,34.6056,33.4807,34.6056,5822218.1502372,0
JPM.US,D,20000531,000000,34.3344,35.4662,34.3344,35.1468,6911554.6539535,0
JPM.US,D,20000601,000000,35.6912,36.816,35.5094,36.2728,12177248.382426,0
JPM.US,D,20000602,000000,38.7534,38.7534,37.6295,37.9891,12298951.233646,0
JPM.US,D,20000605,000000,37.8928,38.1689,37.3092,37.3554,6782983.204303,0
JPM.US,D,20000606,000000,37.3554,37.3554,36.0074,36.2296,7693400.2511368,0
JPM.US,D,20000607,000000,36.4545,36.9084,36.0468,36.1882,8184808.3647446,0
JPM.US,D,20000608,000000,36.5448,36.5448,35.4662,36.0074,5513475.2614768,0
JPM.US,D,20000609,000000,36.2296,36.9919,33.5681,34.5201,14278942.804566,0
JPM.US,D,20000612,000000,34.8325,35.1046,34.0239,34.2902,7132713.7518702,0
JPM.US,D,20000613,000000,34.1605,34.246,33.6093,34.0239,7836327.7636613,0
JPM.US,D,20000614,000000,34.5201,35.5506,34.0672,35.3256,8211789.0906806,0
JPM.US,D,20000615,000000,35.1468,35.193,32.8921,34.471,13747526.224755,0
JPM.US,D,20000616,000000,32.9825,33.1211,31.1385,32.0855,23051556.825068,0
JPM.US,D,20000619,000000,32.0394,33.4374,31.8606,33.0779,10722785.003361,0
JPM.US,D,20000620,000000,33.8864,34.2902,33.5268,33.8441,7827590.3527346,0
JPM.US,D,20000621,000000,33.6644,33.8441,32.7212,33.1682,5630191.5590929,0
JPM.US,D,20000622,000000,33.348,33.3883,32.4855,32.7212,4533499.9142585,0
JPM.US,D,20000623,000000,32.8921,33.9267,32.7605,33.0779,5079832.3863946,0
JPM.US,D,20000626,000000,32.8479,34.2037,32.8479,33.5681,4431415.5227553,0
JPM.US,D,20000627,000000,34.1605,34.4277,33.7498,33.8441,7137562.8927899,0
JPM.US,D,20000628,000000,33.9758,34.5652,32.9433,33.2105,6794011.8444931,0
JPM.US,D,20000629,000000,33.4807,34.5201,32.8921,33.6093,6490400.0471215,0
JPM.US,D,20000630,000000,33.6644,34.0672,32.2241,32.5297,9702379.7910439,0
JPM.US,D,20000703,000000,32.6249,34.1104,32.6249,33.7999,3808799.6717174,0
JPM.US,D,20000705,000000,34.4277,35.3256,33.6644,33.9267,7051293.1743492,0
JPM.US,D,20000706,000000,33.9758,34.246,33.1682,34.1104,4851117.6266292,0
JPM.US,D,20000707,000000,34.2902,36.0468,34.2902,35.6018,8661724.0206665,0
JPM.US,D,20000710,000000,35.6912,36.2728,35.3256,35.3718,4706868.9165996,0
JPM.US,D,20000711,000000,35.8258,36.9084,35.416,36.0468,6438249.3890564,0
JPM.US,D,20000712,000000,36.7276,37.0872,35.9122,35.9642,6284983.3533745,0
JPM.US,D,20000713,000000,36.4978,36.816,36.0074,36.094,6364181.9169098,0
JPM.US,D,20000714,000000,36.5448,37.492,36.2728,37.3092,6286235.3356019,0
JPM.US,D,20000717,000000,38.214,38.214,36.816,36.9919,7031879.3068509,0
JPM.US,D,20000718,000000,36.4074,36.592,35.645,36.2296,4539884.0057465,0
JPM.US,D,20000719,000000,36.2728,36.592,35.645,36.0468,5946148.1048008,0
JPM.US,D,20000720,000000,36.094,37.8535,35.9122,36.4545,8484741.5736855,0
JPM.US,D,20000721,000000,37.6688,38.214,36.6834,37.492,7586950.2077853,0
JPM.US,D,20000724,000000,37.269,37.4055,36.094,36.6333,4483569.2344356,0
JPM.US,D,20000725,000000,36.6834,36.7688,36.1882,36.4074,3740839.4299484,0
JPM.US,D,20000726,000000,36.2728,36.2728,34.5652,35.1046,6455030.0223902,0
JPM.US,D,20000727,000000,35.1046,35.8258,34.3816,35.4662,4932258.2894245,0
JPM.US,D,20000728,000000,35.6018,35.645,34.1605,34.3816,3995632.0634257,0
JPM.US,D,20000731,000000,34.8325,35.416,34.2902,35.416,5063470.0983415,0
JPM.US,D,20000801,000000,35.4662,37.938,35.2864,36.6834,14642126.562783,0
JPM.US,D,20000802,000000,36.9084,37.2178,36.0468,36.5448,9282954.5482805,0
JPM.US,D,20000803,000000,36.2728,36.9084,35.5506,35.7314,8202912.2313269,0
JPM.US,D,20000804,000000,36.8534,37.492,36.0074,37.269,11853874.605425,0
JPM.US,D,20000807,000000,37.7169,38.4852,37.3554,38.0765,9603488.4631563,0
JPM.US,D,20000808,000000,38.2543,38.2995,37.4055,38.0323,4796891.5281074,0
JPM.US,D,20000809,000000,37.9891,38.1256,37.045,37.1736,8745773.7608651,0
JPM.US,D,20000810,000000,37.1736,37.8112,36.7688,36.8534,6906076.4683049,0
JPM.US,D,20000811,000000,36.6333,37.269,36.4545,36.9516,6230617.8064258,0
JPM.US,D,20000814,000000,37.492,37.6688,36.6333,37.492,6893456.8946016,0
JPM.US,D,20000815,000000,37.6688,37.938,36.6834,36.816,10036503.311381,0
JPM.US,D,20000816,000000,36.4074,36.816,35.6018,35.8258,7358788.1523692,0
JPM.US,D,20000817,000000,35.6018,36.3228,35.6018,36.0468,6261408.4262457,0
JPM.US,D,20000818,000000,36.1342,36.4074,35.7314,36.094,5123668.0503008,0
JPM.US,D,20000821,000000,36.2728,36.6834,36.0074,36.2296,4857643.2022875,0
JPM.US,D,20000822,000000,36.5448,38.0323,36.2728,37.492,10342476.571166,0
JPM.US,D,20000823,000000,37.6295,38.6591,37.492,38.6178,9526093.5683258,0
JPM.US,D,20000824,000000,37.938,39.0187,37.6688,37.8535,6252809.4458741,0
JPM.US,D,20000825,000000,37.7621,38.1689,36.8534,36.9919,6583462.0236137,0
JPM.US,D,20000828,000000,36.9516,37.8928,36.9516,37.4487,7297763.6885655,0
JPM.US,D,20000829,000000,37.7169,37.8112,36.6834,36.8534,9737050.5378969,0
JPM.US,D,20000830,000000,37.3092,38.2995,37.1736,37.8535,11605042.628796,0
JPM.US,D,20000831,000000,38.1689,40.1947,38.0323,39.6965,11720863.19929,0
JPM.US,D,20000901,000000,40.2879,40.3745,39.2093,40.0139,7598601.7854739,0
JPM.US,D,20000905,000000,40.1033,40.9167,39.9294,40.5985,6728545.3884616,0
JPM.US,D,20000906,000000,40.6947,41.4119,39.6111,39.7919,9461878.0766499,0
JPM.US,D,20000907,000000,40.1947,40.7359,39.7407,40.6947,4848626.8945068,0
JPM.US,D,20000908,000000,40.4167,41.4591,40.3331,41.0995,6236575.409659,0
JPM.US,D,20000911,000000,40.8725,41.4983,40.1485,40.8725,7239370.4231828,0
JPM.US,D,20000912,000000,41.0523,41.182,36.9516,37.5352,10145243.566125,0
JPM.US,D,20000913,000000,35.8258,36.367,35.2864,36.0468,59065192.029657,0
JPM.US,D,20000914,000000,36.9516,36.9516,35.5094,35.5506,28240828.744084,0
JPM.US,D,20000915,000000,35.7746,35.7746,34.4277,34.9248,20558311.57748,0
JPM.US,D,20000918,000000,34.9248,34.9248,33.1211,33.1211,20971775.145523,0
JPM.US,D,20000919,000000,33.1682,33.9267,33.0287,33.3028,21695225.44158,0
JPM.US,D,20000920,000000,33.2527,33.4374,32.4471,33.0779,17327607.065221,0
JPM.US,D,20000921,000000,33.0779,33.1211,31.7251,31.7251,16875170.206523,0
JPM.US,D,20000922,000000,31.8075,33.7999,31.6779,33.5681,24169057.839542,0
JPM.US,D,20000925,000000,33.7498,34.6056,33.3883,33.3883,16241460.571504,0
JPM.US,D,20000926,000000,33.6644,34.0672,32.5297,32.7605,11340687.090419,0
JPM.US,D,20000927,000000,33.0287,33.348,32.1681,32.3567,10928336.056176,0
JPM.US,D,20000928,000000,32.2241,33.4374,32.0855,33.3028,12909922.632097,0
JPM.US,D,20000929,000000,32.9825,33.8441,32.8479,32.8479,11895478.076628,0
JPM.US,D,20001002,000000,33.1682,33.7498,32.9433,33.7498,9900576.720613,0
JPM.US,D,20001003,000000,33.8441,34.2037,33.1211,33.2105,13512432.462861,0
JPM.US,D,20001004,000000,33.2105,33.4374,32.5297,32.6249,8826641.634037,0
JPM.US,D,20001005,000000,32.6672,33.2527,31.6779,31.8075,12745285.951324,0
JPM.US,D,20001006,000000,31.8606,32.2241,29.878,30.6837,18586574.946287,0
JPM.US,D,20001009,000000,30.8644,30.9617,30.0087,30.103,9014710.7398967,0
JPM.US,D,20001010,000000,30.103,30.4183,28.7974,29.1992,16541466.049338,0
JPM.US,D,20001011,000000,28.703,29.2846,27.8012,29.1117,23420496.647916,0
JPM.US,D,20001012,000000,28.703,28.7974,26.8158,27.082,20592850.001008,0
JPM.US,D,20001013,000000,27.1242,28.703,27.0378,28.3906,19617110.018057,0
JPM.US,D,20001016,000000,28.7522,29.1117,27.7196,28.2992,11658447.304832,0
JPM.US,D,20001017,000000,28.6166,28.9771,27.0378,27.1724,11537913.98823,0
JPM.US,D,20001018,000000,23.9745,27.31,23.1591,26.4022,41112330.789877,0
JPM.US,D,20001019,000000,27.31,28.703,27.31,27.8444,20778565.787429,0
JPM.US,D,20001020,000000,27.6714,28.1646,27.31,27.4838,10484636.608406,0
JPM.US,D,20001023,000000,27.3552,27.7196,27.1724,27.4838,7267945.1362474,0
JPM.US,D,20001024,000000,27.3552,28.8406,27.31,28.6598,14696356.732791,0
JPM.US,D,20001025,000000,28.6598,29.6481,28.4338,28.6166,12838076.156065,0
JPM.US,D,20001026,000000,29.1117,29.2846,27.8012,28.6166,14422845.438207,0
JPM.US,D,20001030,000000,30.6423,31.4509,30.6423,31.3193,10936242.883772,0
JPM.US,D,20001031,000000,32.0855,32.8921,31.5885,32.5827,18290040.41105,0
JPM.US,D,20001101,000000,32.5827,32.8037,31.8606,32.7212,12190768.77261,0
JPM.US,D,20001102,000000,32.7212,33.3028,32.4855,32.5827,8926226.1325724,0
JPM.US,D,20001103,000000,32.6249,32.6249,31.5885,31.8075,8155201.5297463,0
JPM.US,D,20001106,000000,32.1288,32.7212,31.9039,32.5827,6335890.1721861,0
JPM.US,D,20001107,000000,32.3047,32.4855,31.9481,32.1681,5689138.5466964,0
JPM.US,D,20001108,000000,32.1681,32.1681,30.9617,31.1827,7981275.751569,0
JPM.US,D,20001109,000000,30.8211,31.7251,30.4635,31.5885,8747024.7252208,0
JPM.US,D,20001110,000000,31.2269,31.9039,30.6423,30.6423,6193720.9741002,0
JPM.US,D,20001113,000000,29.9655,30.5049,29.1579,30.1443,8379888.5710777,0
JPM.US,D,20001114,000000,30.6423,30.9155,29.878,30.4635,9024146.4108299,0
JPM.US,D,20001115,000000,30.103,30.6423,29.0646,29.1579,11512675.858696,0
JPM.US,D,20001116,000000,29.2434,29.878,29.0204,29.2434,9626231.7890822,0
JPM.US,D,20001117,000000,29.2846,29.3387,27.98,28.3444,11593673.001577,0
JPM.US,D,20001120,000000,28.4338,28.5626,27.31,27.6204,10293234.990503,0
JPM.US,D,20001121,000000,27.6204,28.1165,27.0378,27.6714,8602224.3287138,0
JPM.US,D,20001122,000000,27.4406,27.4838,26.4954,26.8158,9154242.6323313,0
JPM.US,D,20001124,000000,27.1724,28.032,27.082,27.98,5319783.4321829,0
JPM.US,D,20001127,000000,28.2059,28.7522,28.032,28.1646,14496218.721835,0
JPM.US,D,20001128,000000,28.2059,28.703,26.8158,27.2186,18264241.434193,0
JPM.US,D,20001129,000000,26.7636,27.6204,26.634,27.1724,13685663.034646,0
JPM.US,D,20001130,000000,26.634,27.3984,25.3726,26.4022,21459992.231259,0
JPM.US,D,20001201,000000,26.5908,27.6714,26.5378,26.7204,13104652.690555,0
JPM.US,D,20001204,000000,26.7636,27.4838,26.4022,27.1724,9458128.2371981,0
JPM.US,D,20001205,000000,27.6714,29.6481,27.2608,29.5587,19166195.895467,0
JPM.US,D,20001206,000000,29.5165,30.9617,27.9387,28.6598,27430274.074767,0
JPM.US,D,20001207,000000,28.2059,28.926,27.4406,28.032,13384827.991353,0
JPM.US,D,20001208,000000,28.8406,29.2434,28.3444,28.6166,11666908.87252,0
JPM.US,D,20001211,000000,28.7974,30.5049,28.6598,30.4183,12664564.651681,0
JPM.US,D,20001212,000000,30.4183,31.2771,30.0087,30.7789,10878679.183849,0
JPM.US,D,20001213,000000,31.4509,31.9961,31.2269,31.8606,14270553.505771,0
JPM.US,D,20001214,000000,30.2818,31.4509,29.6049,30.6837,22361813.351336,0
JPM.US,D,20001215,000000,30.0559,31.4509,29.9655,31.4509,15828279.971802,0
JPM.US,D,20001218,000000,31.4981,32.4855,31.3615,32.4855,18406684.439774,0
JPM.US,D,20001219,000000,32.0394,32.8921,31.4509,32.0855,18138996.389355,0
JPM.US,D,20001220,000000,32.0855,32.0855,30.9617,31.1385,9505424.6649849,0
JPM.US,D,20001221,000000,31.0913,32.7605,31.0913,32.3567,12200481.304654,0
JPM.US,D,20001222,000000,32.5297,33.2105,32.2241,32.6672,9845656.4335716,0
JPM.US,D,20001226,000000,32.6672,33.1211,32.3567,32.7605,6702188.6178957,0
JPM.US,D,20001227,000000,32.2624,33.3028,32.0855,33.2105,10336091.461806,0
JPM.US,D,20001228,000000,33.0779,33.9267,32.8921,33.6093,8873101.371262,0
JPM.US,D,20001229,000000,33.6093,34.0239,31.7251,32.5297,13394120.142372,0
JPM.US,D,20010102,000000,31.9481,32.0855,31.0049,31.4981,10822927.295605,0
JPM.US,D,20010103,000000,31.3193,36.6834,31.1385,36.4978,29547225.376262,0
JPM.US,D,20010104,000000,37.1304,38.9342,36.6333,37.492,36630011.501925,0
JPM.US,D,20010105,000000,36.592,37.1304,34.8325,35.2864,22490939.541079,0
JPM.US,D,20010108,000000,35.3256,36.1342,34.8325,35.5094,13784276.483552,0
JPM.US,D,20010109,000000,35.9642,36.0468,34.5201,35.1046,10104324.104724,0
JPM.US,D,20010110,000000,35.6912,37.269,35.2864,36.7276,15058503.279716,0
JPM.US,D,20010111,000000,36.8534,39.1149,36.8534,39.0187,22299535.887433,0
JPM.US,D,20010112,000000,38.9342,38.9784,37.7621,38.4361,12409079.865427,0
JPM.US,D,20010116,000000,38.5707,39.4313,37.8535,38.3496,14575136.352773,0
JPM.US,D,20010117,000000,38.1689,38.9784,37.5774,38.214,14309947.177449,0
JPM.US,D,20010118,000000,37.1304,37.4055,36.4545,37.0872,18815290.723923,0
JPM.US,D,20010119,000000,36.592,37.269,35.9122,36.4545,14964330.805167,0
JPM.US,D,20010122,000000,36.4545,37.6295,36.094,36.6834,14676384.053714,0
JPM.US,D,20010123,000000,36.1342,37.5352,36.1342,37.269,12197985.483173,0
JPM.US,D,20010124,000000,37.9891,38.5707,37.6688,38.3919,12921845.981537,0
JPM.US,D,20010125,000000,38.214,38.8477,37.3092,38.2543,11577303.588421,0
JPM.US,D,20010126,000000,38.5294,39.2927,38.0323,39.0707,11051223.710089,0
JPM.US,D,20010129,000000,39.0707,40.3745,39.0707,39.7407,13168597.428351,0
JPM.US,D,20010130,000000,39.7407,40.5091,39.3792,40.3745,13110896.315745,0
JPM.US,D,20010131,000000,40.7359,41.3185,39.2927,39.6543,18212226.153068,0
JPM.US,D,20010201,000000,39.6543,40.2879,38.5707,40.2879,12724343.240487,0
JPM.US,D,20010202,000000,39.6543,39.8773,39.1562,39.3792,9813202.6113456,0
JPM.US,D,20010205,000000,39.2927,39.6111,38.7072,39.3792,7314545.3397711,0
JPM.US,D,20010206,000000,38.9342,39.2495,37.492,37.6688,10485889.608505,0
JPM.US,D,20010207,000000,37.7621,38.5707,37.4055,37.7169,11080347.056016,0
JPM.US,D,20010208,000000,37.7169,38.2543,37.1304,37.269,7948531.8359001,0
JPM.US,D,20010209,000000,37.269,37.938,36.816,37.4487,7615245.0061244,0
JPM.US,D,20010212,000000,37.8535,38.2995,37.269,37.8928,7276541.0630037,0
JPM.US,D,20010213,000000,37.8928,38.7072,36.8534,36.8534,10173123.072797,0
JPM.US,D,20010214,000000,37.3092,37.4055,36.6834,36.9084,9480186.5354499,0
JPM.US,D,20010215,000000,37.045,38.0323,36.6834,36.8534,10275344.876984,0
JPM.US,D,20010216,000000,36.3228,37.492,36.2296,37.492,10214868.028172,0
JPM.US,D,20010220,000000,37.492,37.938,35.7746,36.0074,12587172.810466,0
JPM.US,D,20010221,000000,35.2864,36.1342,33.8864,34.1605,13589819.214717,0
JPM.US,D,20010222,000000,34.4277,34.8325,32.7212,34.8325,17196955.085754,0
JPM.US,D,20010223,000000,33.9267,34.7892,33.3028,33.9267,13464022.483402,0
JPM.US,D,20010226,000000,34.6056,35.5506,33.7498,35.0093,12160815.861224,0
JPM.US,D,20010227,000000,35.2864,35.868,33.7999,34.3344,16239932.746038,0
JPM.US,D,20010228,000000,34.5201,34.6056,32.6672,33.6644,14473328.82238,0
JPM.US,D,20010301,000000,32.8921,33.348,32.2624,33.2527,14582069.077122,0
JPM.US,D,20010302,000000,32.8921,34.3344,32.5827,33.0287,10485201.527216,0
JPM.US,D,20010305,000000,33.0779,33.8441,32.6672,33.7046,8297642.499584,0
JPM.US,D,20010306,000000,34.7892,35.2864,34.246,34.5652,9493223.4365624,0
JPM.US,D,20010307,000000,34.8806,36.2728,34.3816,36.2296,10113345.501863,0
JPM.US,D,20010308,000000,36.2296,36.9084,35.9122,36.2296,9788927.3884668,0
JPM.US,D,20010309,000000,35.7746,35.9122,34.471,35.2864,8774206.9897592,0
JPM.US,D,20010312,000000,34.246,34.5201,32.8037,32.8037,11856925.166998,0
JPM.US,D,20010313,000000,33.7046,34.471,32.8921,34.1605,9749950.0263259,0
JPM.US,D,20010314,000000,32.4471,33.1682,31.2771,31.5423,22475956.46922,0
JPM.US,D,20010315,000000,32.3567,33.1211,32.2624,32.6249,11832788.374675,0
JPM.US,D,20010316,000000,32.6249,33.0779,31.8075,32.1288,14860994.431436,0
JPM.US,D,20010319,000000,32.0119,32.5513,30.7868,32.5513,13511873.651281,0
JPM.US,D,20010320,000000,32.5513,32.5758,30.6423,30.7063,14165558.001121,0
JPM.US,D,20010321,000000,30.8507,31.1011,28.875,28.982,16684602.225567,0
JPM.US,D,20010322,000000,28.875,28.8799,27.0958,28.0566,21744324.5202,0
JPM.US,D,20010323,000000,29.0547,30.2121,28.703,30.0735,14885963.842835,0
JPM.US,D,20010326,000000,30.3889,30.9971,30.0264,30.3594,11539582.279995,0
JPM.US,D,20010327,000000,30.3594,31.2898,29.6324,31.2633,16996535.124328,0
JPM.US,D,20010328,000000,31.2564,31.2564,30.2455,30.6777,10059255.798153,0
JPM.US,D,20010329,000000,30.8555,31.1827,30.2965,31.0049,9276435.0798525,0
JPM.US,D,20010330,000000,31.1149,32.4471,30.9303,32.3695,11738056.070674,0
JPM.US,D,20010402,000000,32.0855,32.7349,31.4735,32.1543,12124892.114272,0
JPM.US,D,20010403,000000,31.8075,31.8695,29.9213,29.9949,12524895.346563,0
JPM.US,D,20010404,000000,29.8485,30.103,28.2688,29.1942,16098047.534165,0
JPM.US,D,20010405,000000,29.7768,30.9813,29.7474,30.6423,11947353.909327,0
JPM.US,D,20010406,000000,29.9949,30.1727,28.481,29.1206,13578027.17073,0
JPM.US,D,20010409,000000,28.7659,29.9792,28.7659,29.1432,10233040.09216,0
JPM.US,D,20010410,000000,29.8485,31.2269,29.7257,31.2201,11043594.761476,0
JPM.US,D,20010411,000000,31.9039,33.0209,31.7613,32.2575,13728380.057522,0
JPM.US,D,20010412,000000,31.9039,32.9825,31.7251,32.7123,9349252.6055151,0
JPM.US,D,20010416,000000,32.7123,33.4374,32.4589,32.8037,8844803.5193079,0
JPM.US,D,20010417,000000,32.4805,33.1495,32.2801,32.7123,7093183.6853802,0
JPM.US,D,20010418,000000,33.852,36.1342,33.5268,35.4023,21101873.402768,0
JPM.US,D,20010419,000000,35.3256,35.6823,34.751,35.1852,16079877.50592,0
JPM.US,D,20010420,000000,35.1773,35.1773,34.1025,34.4631,11735559.231322,0
JPM.US,D,20010423,000000,34.5712,34.751,33.6987,34.1025,7095535.9869473,0
JPM.US,D,20010424,000000,34.4631,34.8964,34.1379,34.1762,8515816.1797179,0
JPM.US,D,20010425,000000,34.2528,34.3206,33.181,34.2332,11091168.050373,0
JPM.US,D,20010426,000000,34.4277,35.255,34.0672,34.968,9648425.4642739,0
JPM.US,D,20010427,000000,35.6656,36.1018,35.365,35.9416,8952849.5855313,0
JPM.US,D,20010430,000000,36.0792,36.3386,34.4277,34.5928,10732078.172253,0
JPM.US,D,20010501,000000,34.9612,35.1331,34.2813,35.1331,11166896.689182,0
JPM.US,D,20010502,000000,35.5094,35.9554,34.8266,35.7383,9366311.1178311,0
JPM.US,D,20010503,000000,35.0428,35.4278,34.8325,35.3256,10394070.453395,0
JPM.US,D,20010504,000000,34.7892,36.483,34.7411,36.483,11405460.375803,0
JPM.US,D,20010507,000000,35.365,36.0074,35.0496,35.472,14052938.637216,0
JPM.US,D,20010508,000000,35.1468,35.3148,34.246,34.4277,11979669.300997,0
JPM.US,D,20010509,000000,34.0672,34.3285,33.8864,34.0672,9002646.9241577,0
JPM.US,D,20010510,000000,34.6056,35.2706,34.075,34.2528,8052555.2730483,0
JPM.US,D,20010511,000000,34.2597,34.4631,33.4197,33.4807,7871976.6852465,0
JPM.US,D,20010514,000000,33.4521,34.4513,33.4197,34.3491,7586532.8803762,0
JPM.US,D,20010515,000000,34.1762,34.5574,33.8982,34.0878,8074472.0871296,0
JPM.US,D,20010516,000000,34.1674,35.0742,33.5966,34.8502,12684122.039094,0
JPM.US,D,20010517,000000,34.6527,35.1331,34.5063,34.7411,10818345.854949,0
JPM.US,D,20010518,000000,35.1852,35.1852,34.5279,34.7214,7621208.7165879,0
JPM.US,D,20010521,000000,34.9533,35.6912,34.3894,35.639,9576303.1450026,0
JPM.US,D,20010522,000000,35.9416,36.483,35.8414,36.0625,12018645.645266,0
JPM.US,D,20010523,000000,35.9054,35.9122,34.8885,35.2706,8695567.2378035,0
JPM.US,D,20010524,000000,35.2952,35.978,35.2952,35.5732,7391942.270345,0
JPM.US,D,20010525,000000,35.5094,35.8188,35.0428,35.1115,5325192.4025538,0
JPM.US,D,20010529,000000,35.3256,35.6528,34.6822,35.5674,7478346.3478541,0
JPM.US,D,20010530,000000,35.5674,35.978,34.8885,35.0565,7456429.5337728,0
JPM.US,D,20010531,000000,35.0034,35.4574,34.4975,35.4348,7990978.1048954,0
JPM.US,D,20010601,000000,35.5094,35.5094,34.8964,35.247,8318167.883011,0
JPM.US,D,20010604,000000,35.1468,35.6912,34.8885,35.6912,5894825.9943234,0
JPM.US,D,20010605,000000,35.6912,35.984,34.968,34.968,9361730.6950481,0
JPM.US,D,20010606,000000,34.2813,34.3206,33.3598,33.7724,17541070.034989,0
JPM.US,D,20010607,000000,33.1682,33.2281,32.0945,32.9,16580024.048327,0
JPM.US,D,20010608,000000,32.5513,32.5513,31.5815,31.8695,10178114.715759,0
JPM.US,D,20010611,000000,31.9039,32.2713,31.7339,31.8537,8665190.8917775,0
JPM.US,D,20010612,000000,31.4371,31.4735,30.6423,31.3547,11255108.506883,0
JPM.US,D,20010613,000000,31.6159,32.1681,31.1827,31.6503,10149959.365847,0
JPM.US,D,20010614,000000,31.4735,31.9697,31.2269,31.4293,9203760.056232,0
JPM.US,D,20010615,000000,31.6503,32.4805,31.2564,32.3695,21228647.290944,0
JPM.US,D,20010618,000000,32.0855,32.3695,31.6159,31.9481,9844131.6617207,0
JPM.US,D,20010619,000000,32.3695,32.7349,31.8311,32.1003,7927589.125064,0
JPM.US,D,20010620,000000,32.1209,33.1682,32.0855,32.8755,10597678.389078,0
JPM.US,D,20010621,000000,32.9501,34.0514,32.6043,33.9758,9918610.354046,0
JPM.US,D,20010622,000000,33.5966,33.6025,32.9825,33.0945,10116534.493992,0
JPM.US,D,20010625,000000,33.1682,33.4197,32.4805,33.0356,6431871.4047988,0
JPM.US,D,20010626,000000,31.7613,32.4933,31.7251,32.2153,9405283.3906134,0
JPM.US,D,20010627,000000,31.8695,32.3371,31.7251,31.7417,9112490.5518556,0
JPM.US,D,20010628,000000,32.0119,32.6809,31.9481,32.4471,6779444.0642993,0
JPM.US,D,20010629,000000,32.2624,32.4393,31.7251,32.0629,8572539.1175923,0
JPM.US,D,20010702,000000,32.2977,33.0945,31.7869,33.0209,7089572.2764836,0
JPM.US,D,20010703,000000,32.9825,33.1741,32.6888,32.9138,4241258.7619781,0
JPM.US,D,20010705,000000,33.0209,33.1682,32.4078,32.8273,6073611.0921377,0
JPM.US,D,20010706,000000,32.6446,32.6446,31.6503,32.0945,6986521.924709,0
JPM.US,D,20010709,000000,32.0119,32.0119,31.2633,31.7171,6785409.8105063,0
JPM.US,D,20010710,000000,31.3615,31.3989,30.2455,30.2897,11697001.232333,0
JPM.US,D,20010711,000000,30.2533,30.4183,29.3524,30.3191,11420854.667841,0
JPM.US,D,20010712,000000,30.606,31.2338,30.3967,30.6699,9970622.5815559,0
JPM.US,D,20010713,000000,30.4901,30.9303,30.4321,30.6777,7945761.1890522,0
JPM.US,D,20010716,000000,30.9303,30.9971,29.4909,29.7041,10058556.520275,0
JPM.US,D,20010717,000000,29.8437,30.8025,29.2719,30.4969,8926636.3348794,0
JPM.US,D,20010718,000000,29.5587,31.4215,29.3789,31.4215,14097043.019259,0
JPM.US,D,20010719,000000,31.6023,31.9039,30.9675,31.5059,11255523.798549,0
JPM.US,D,20010720,000000,31.3271,31.6159,30.9675,31.2898,5679289.6198409,0
JPM.US,D,20010723,000000,31.2898,31.5059,31.0049,31.0098,5716599.7080888,0
JPM.US,D,20010724,000000,30.8271,31.2505,30.6777,30.7721,7989175.4540623,0
JPM.US,D,20010725,000000,31.1149,31.1149,30.0647,30.9303,10316397.679582,0
JPM.US,D,20010726,000000,30.7868,31.3547,30.4635,31.1739,7648668.8601086,0
JPM.US,D,20010727,000000,30.8555,31.8891,30.8437,31.8763,8398197.0298777,0
JPM.US,D,20010730,000000,31.8017,31.8017,31.3989,31.5885,8604166.4279738,0
JPM.US,D,20010731,000000,31.3615,31.7957,31.0343,31.2201,11686738.031684,0
JPM.US,D,20010801,000000,31.1453,31.6159,31.0049,31.3615,12266359.998736,0
JPM.US,D,20010802,000000,31.3989,31.9039,31.3615,31.3615,6852262.6078336,0
JPM.US,D,20010803,000000,31.3693,31.5423,31.0295,31.2338,8171282.8852019,0
JPM.US,D,20010806,000000,31.2338,31.4126,30.6905,30.8271,6964055.4598937,0
JPM.US,D,20010807,000000,30.7279,31.0225,30.5049,30.8349,6500248.9739769,0
JPM.US,D,20010808,000000,30.5323,30.8153,30.1501,30.3398,7607338.178529,0
JPM.US,D,20010809,000000,30.3191,30.382,29.712,30.2121,7590138.1820424,0
JPM.US,D,20010810,000000,30.2121,30.5549,29.656,30.4183,6500666.3013861,0
JPM.US,D,20010813,000000,30.1443,30.5549,29.9586,30.3663,4798001.0082926,0
JPM.US,D,20010814,000000,30.3663,30.6983,30.2818,30.4635,6393309.3343235,0
JPM.US,D,20010815,000000,30.3339,30.5323,30.2897,30.3889,6669875.2619684,0
JPM.US,D,20010816,000000,30.4233,30.4635,29.7621,30.4115,8783917.4860595,0
JPM.US,D,20010817,000000,30.1727,30.2395,29.5735,29.8849,6868074.2272809,0
JPM.US,D,20010820,000000,29.7768,30.0352,29.4291,29.6255,8097218.4666706,0
JPM.US,D,20010821,000000,29.4909,29.8849,29.1274,29.1353,9834557.5602323,0
JPM.US,D,20010822,000000,29.3475,29.7768,29.2719,29.7041,7356709.6582973,0
JPM.US,D,20010823,000000,29.4968,29.7041,29.2719,29.3593,6317992.9335649,0
JPM.US,D,20010824,000000,29.0547,29.6707,28.7286,29.5116,16477113.144979,0
JPM.US,D,20010827,000000,29.3996,29.9213,29.2267,29.6324,7535630.1330516,0
JPM.US,D,20010828,000000,29.4909,29.7041,28.9506,29.1942,8927746.8329363,0
JPM.US,D,20010829,000000,29.1432,29.1432,28.4201,28.5301,8539808.4342558,0
JPM.US,D,20010830,000000,28.2992,28.481,28.2059,28.2934,10250238.052903,0
JPM.US,D,20010831,000000,28.198,28.8406,28.198,28.4063,6803716.2335629,0
JPM.US,D,20010904,000000,28.481,29.3318,28.1646,28.7148,8845918.0888518,0
JPM.US,D,20010905,000000,28.8406,28.8406,27.4612,27.6478,14477770.814607,0
JPM.US,D,20010906,000000,27.3984,27.3984,26.3138,26.634,15634377.44306,0
JPM.US,D,20010907,000000,25.9552,26.8216,25.9286,26.6762,12173432.381312,0
JPM.US,D,20010910,000000,26.1703,26.9376,25.8766,26.862,12841680.439859,0
JPM.US,D,20010917,000000,25.233,25.8264,24.5119,25.4158,28381191.21985,0
JPM.US,D,20010918,000000,25.4158,25.7764,24.8037,25.1191,18263823.088912,0
JPM.US,D,20010919,000000,25.233,25.5936,23.7997,24.5945,18860501.532537,0
JPM.US,D,20010920,000000,23.8979,24.3263,22.5667,22.7513,17312490.652164,0
JPM.US,D,20010921,000000,21.0901,22.9645,20.9398,22.2209,26788094.729088,0
JPM.US,D,20010924,000000,22.8211,23.5767,22.7848,23.4892,18692820.39742,0
JPM.US,D,20010925,000000,23.4676,24.2467,23.1659,23.9745,15296650.6568,0
JPM.US,D,20010926,000000,24.3213,24.3321,23.1071,23.4961,11539582.279995,0
JPM.US,D,20010927,000000,23.4361,24.0816,22.8545,23.8802,9082533.5689822,0
JPM.US,D,20010928,000000,24.2221,25.2409,24.0001,24.622,14276522.305593,0
JPM.US,D,20011001,000000,24.7281,24.9668,24.2221,24.5119,11647623.25686,0
JPM.US,D,20011002,000000,24.8037,25.4158,24.3813,25.2272,14000232.221186,0
JPM.US,D,20011003,000000,24.8872,25.4364,24.7281,24.9933,21848490.459391,0
JPM.US,D,20011004,000000,25.3401,25.3814,24.5483,24.6298,16448258.517188,0
JPM.US,D,20011005,000000,24.8715,24.9039,23.836,24.0885,12683425.81483,0
JPM.US,D,20011008,000000,23.4361,23.8645,23.1071,23.388,10833049.012083,0
JPM.US,D,20011009,000000,23.2151,23.9362,23.1227,23.7545,10633596.0288,0
JPM.US,D,20011010,000000,23.5767,24.4206,23.4676,24.0737,11808788.995035,0
JPM.US,D,20011011,000000,24.1897,24.8381,23.7476,24.0954,14776663.75864,0
JPM.US,D,20011012,000000,23.7879,23.8567,23.0815,23.7122,11451369.444423,0
JPM.US,D,20011015,000000,23.1434,24.4039,22.9645,24.1897,11611845.065564,0
JPM.US,D,20011016,000000,24.5119,24.8715,24.116,24.4726,12293266.420036,0
JPM.US,D,20011017,000000,25.5936,26.135,24.9285,24.9501,19665372.406115,0
JPM.US,D,20011018,000000,24.9806,25.233,24.5119,24.6151,9649673.3750144,0
JPM.US,D,20011019,000000,24.622,24.6377,23.7937,24.4206,9950231.5571972,0
JPM.US,D,20011022,000000,24.4284,25.7233,24.4284,25.46,10481590.11832,0
JPM.US,D,20011023,000000,25.8844,26.247,25.6103,25.7842,11524048.539529,0
JPM.US,D,20011024,000000,25.9198,26.247,25.7626,26.1152,10682007.026131,0
JPM.US,D,20011025,000000,26.0632,27.0456,25.6663,27.0202,10511962.392858,0
JPM.US,D,20011026,000000,27.0202,27.4544,26.6762,27.0742,9164368.4202972,0
JPM.US,D,20011029,000000,26.75,26.9524,25.7036,25.7468,10714878.175766,0
JPM.US,D,20011030,000000,25.4521,26.0052,24.9118,25.6024,12848207.033389,0
JPM.US,D,20011031,000000,25.963,26.2155,25.4158,25.4954,8843421.2494991,0
JPM.US,D,20011101,000000,26.021,26.3825,25.346,26.2008,11345819.19968,0
JPM.US,D,20011102,000000,26.021,26.299,25.8127,25.9816,8348124.8658844,0
JPM.US,D,20011105,000000,26.3138,26.7332,26.1477,26.2155,9170747.4224265,0
JPM.US,D,20011106,000000,26.3943,27.3236,26.2686,27.0662,13783309.505408,0
JPM.US,D,20011107,000000,27.194,28.0802,27.0662,27.8248,12214071.927987,0
JPM.US,D,20011108,000000,27.865,28.5792,27.8336,27.974,9391834.2514504,0
JPM.US,D,20011109,000000,27.974,28.3376,27.4112,28.1568,6253225.7554115,0
JPM.US,D,20011112,000000,27.9466,28.1165,26.855,27.974,7366557.567281,0
JPM.US,D,20011113,000000,28.7286,28.8347,28.0959,28.371,9692392.4336332,0
JPM.US,D,20011114,000000,28.7659,28.8406,27.9387,28.5871,7809557.7371734,0
JPM.US,D,20011115,000000,28.5556,28.6893,28.2246,28.536,4112131.5543633,0
JPM.US,D,20011116,000000,28.5164,28.5164,27.98,28.4132,7790142.8518032,0
JPM.US,D,20011119,000000,28.5498,29.0125,28.5301,28.9093,6600387.1947333,0
JPM.US,D,20011120,000000,28.7286,28.8268,28.3208,28.4063,7534241.7560124,0
JPM.US,D,20011121,000000,28.4063,28.5409,27.7264,28.0036,6803997.1661603,0
JPM.US,D,20011123,000000,27.8336,28.3965,27.8336,28.3965,4340849.3677439,0
JPM.US,D,20011126,000000,28.3965,28.4958,28.088,28.4722,9453967.1775676,0
JPM.US,D,20011127,000000,28.5871,29.0547,28.3071,28.6971,10551631.907775,0
JPM.US,D,20011128,000000,28.4722,28.5792,26.8216,27.0378,25043137.883501,0
JPM.US,D,20011129,000000,26.966,27.4612,26.3138,27.4406,16618438.527401,0
JPM.US,D,20011130,000000,27.6204,27.6478,27.1164,27.194,10021524.311009,0
JPM.US,D,20011203,000000,26.6026,26.7332,26.0484,26.352,15282639.652442,0
JPM.US,D,20011204,000000,26.6762,27.0074,26.1418,26.8354,11345401.872271,0
JPM.US,D,20011205,000000,27.1782,28.4888,27.1282,28.1312,13209649.213077,0
JPM.US,D,20011206,000000,28.2992,29.5234,28.2246,29.1117,15084718.566111,0
JPM.US,D,20011207,000000,29.0204,29.0204,28.6244,28.6755,7872113.0800582,0
JPM.US,D,20011210,000000,28.6755,28.6755,27.693,27.8906,9190578.617334,0
JPM.US,D,20011211,000000,27.9466,28.4427,27.586,27.755,9107224.0835267,0
JPM.US,D,20011212,000000,27.9387,27.9387,27.1596,27.6646,9390582.2692231,0
JPM.US,D,20011213,000000,26.966,27.3236,26.5328,26.742,12235430.948361,0
JPM.US,D,20011214,000000,26.3894,26.6674,25.5228,25.9816,19497545.715341,0
JPM.US,D,20011217,000000,26.0278,26.75,25.8196,26.4611,11142211.263996,0
JPM.US,D,20011218,000000,26.6408,26.9298,26.4738,26.8158,11187288.731412,0
JPM.US,D,20011219,000000,26.8216,28.0802,26.5702,27.3984,14378882.540335,0
JPM.US,D,20011220,000000,26.5702,27.0074,26.0632,26.3304,26708483.927502,0
JPM.US,D,20011221,000000,26.3304,26.3736,25.2488,25.7764,25175313.616946,0
JPM.US,D,20011224,000000,25.7842,25.9895,25.6663,25.9816,4866378.5774708,0
JPM.US,D,20011226,000000,25.9816,26.4954,25.9552,26.1772,7371129.8470903,0
JPM.US,D,20011227,000000,26.135,26.5642,25.9492,26.186,9275326.617539,0
JPM.US,D,20011228,000000,26.352,26.5544,26.2076,26.352,8217473.9042904,0
JPM.US,D,20011231,000000,26.2774,26.3392,26.072,26.2076,8747024.7252208,0
JPM.US,D,20020102,000000,26.3068,26.3068,25.7233,26.2076,10881590.296995,0
JPM.US,D,20020103,000000,26.3138,27.0378,26.2008,26.91,14333383.674022,0
JPM.US,D,20020104,000000,27.4112,28.1922,27.4112,28.1165,14470138.812379,0
JPM.US,D,20020107,000000,28.1568,28.6087,28.0497,28.0497,13106177.462406,0
JPM.US,D,20020108,000000,28.1165,28.1568,27.5998,27.8336,10546642.300557,0
JPM.US,D,20020109,000000,28.0104,28.5498,27.6774,27.9072,8584884.8838004,0
JPM.US,D,20020110,000000,27.6842,28.253,27.6568,28.2196,9513614.4609211,0
JPM.US,D,20020111,000000,28.2992,28.3297,27.194,27.641,10789080.00698,0
JPM.US,D,20020114,000000,27.1448,27.253,26.7126,26.9012,10153566.703257,0
JPM.US,D,20020115,000000,26.9012,27.6066,26.9012,27.303,11618499.910933,0
JPM.US,D,20020116,000000,27.0378,27.0456,26.0278,26.1035,20580921.562209,0
JPM.US,D,20020117,000000,26.6762,26.8216,26.3138,26.5702,15954217.169416,0
JPM.US,D,20020118,000000,26.0632,26.3138,25.5936,25.8922,15651853.282786,0
JPM.US,D,20020122,000000,25.9552,26.0888,25.6791,25.7842,10851631.278378,0
JPM.US,D,20020123,000000,25.4865,26.2076,25.2272,25.7764,12019753.089709,0
JPM.US,D,20020124,000000,26.135,26.3068,25.8844,25.8844,10600452.089541,0
JPM.US,D,20020125,000000,25.5592,25.9689,25.0562,25.2272,19062171.440447,0
JPM.US,D,20020128,000000,25.3401,25.402,24.116,24.7359,19023894.374056,0
JPM.US,D,20020129,000000,24.5561,24.9806,22.8545,23.1071,24652971.363605,0
JPM.US,D,20020130,000000,22.7259,24.1543,21.9193,23.836,31684575.845089,0
JPM.US,D,20020131,000000,23.8714,24.5876,23.8065,24.5483,16726352.270299,0
JPM.US,D,20020201,000000,24.5483,24.5483,23.1071,23.1867,19009052.786367,0
JPM.US,D,20020204,000000,23.1945,23.3271,22.0273,22.0333,17530527.937486,0
JPM.US,D,20020205,000000,22.0421,22.0421,20.4053,20.9231,39703984.125263,0
JPM.US,D,20020206,000000,21.1019,21.6658,20.8347,21.2276,27129570.336928,0
JPM.US,D,20020207,000000,21.6314,22.2591,21.3043,21.6776,23704410.591577,0
JPM.US,D,20020208,000000,21.8033,22.6385,21.8033,22.4389,21555422.795266,0
JPM.US,D,20020211,000000,22.5087,23.0333,22.1619,22.9577,17965204.970246,0
JPM.US,D,20020212,000000,22.7848,22.8487,22.3839,22.7033,10822785.811434,0
JPM.US,D,20020213,000000,22.7121,23.2102,21.6314,21.8083,28076747.821275,0
JPM.US,D,20020214,000000,21.6314,22.2003,21.1981,21.7827,23816203.443637,0
JPM.US,D,20020215,000000,21.7827,21.9193,21.1235,21.6658,23132563.128795,0
JPM.US,D,20020219,000000,21.1235,21.4507,20.8739,20.9309,18555644.87804,0
JPM.US,D,20020220,000000,21.4851,21.5557,20.4682,21.205,19888261.885972,0
JPM.US,D,20020221,000000,21.1107,21.7395,20.8347,21.0085,13398139.717833,0
JPM.US,D,20020222,000000,20.5134,20.5134,19.252,20.3238,35724170.806387,0
JPM.US,D,20020225,000000,20.0448,20.9437,20.0094,20.9083,15968359.479227,0
JPM.US,D,20020226,000000,20.9083,21.0763,20.5537,20.8799,13908826.321998,0
JPM.US,D,20020227,000000,21.0449,21.3043,20.5468,20.8799,14041146.593229,0
JPM.US,D,20020228,000000,20.9142,21.2699,20.816,21.0901,11174661.014735,0
JPM.US,D,20020301,000000,21.3425,21.4507,20.9437,21.3868,13218388.659747,0
JPM.US,D,20020304,000000,21.8083,23.5393,21.6314,23.4361,22645727.294997,0
JPM.US,D,20020305,000000,23.4479,24.4284,23.2957,23.4411,23257946.604189,0
JPM.US,D,20020306,000000,24.1543,24.8165,23.9127,24.5483,20867059.555599,0
JPM.US,D,20020307,000000,24.8381,25.126,24.2997,24.5483,16771707.616698,0
JPM.US,D,20020308,000000,25.0562,25.2212,24.6377,25.0474,16256858.935029,0
JPM.US,D,20020311,000000,25.5936,26.3068,25.2537,26.1703,22862095.270682,0
JPM.US,D,20020312,000000,25.9552,26.2774,25.4954,26.135,18496837.338863,0
JPM.US,D,20020313,000000,25.9552,26.2076,25.1918,25.5012,14048220.80175,0
JPM.US,D,20020314,000000,25.2409,25.5504,25.0169,25.3156,11188395.157983,0
JPM.US,D,20020315,000000,25.3215,26.0052,25.126,25.963,16127592.278987,0
JPM.US,D,20020318,000000,25.963,26.247,25.2871,25.4777,11977034.031089,0
JPM.US,D,20020319,000000,25.7764,26.021,25.6378,26.021,10558704.080552,0
JPM.US,D,20020320,000000,25.739,25.7468,25.3401,25.3726,11622663.006307,0
JPM.US,D,20020321,000000,25.3726,25.4226,24.6583,25.0847,9952870.898592,0
JPM.US,D,20020322,000000,25.0906,25.625,24.8715,25.3814,9953980.3787773,0
JPM.US,D,20020325,000000,25.3814,26.0406,25.1996,25.1996,11602548.843058,0
JPM.US,D,20020326,000000,25.3814,26.0141,25.3077,25.3401,13564716.462123,0
JPM.US,D,20020327,000000,25.3814,25.9492,25.3401,25.5936,9072550.2830585,0
JPM.US,D,20020328,000000,25.8451,26.1152,25.4226,25.7036,8911377.4197813,0
JPM.US,D,20020401,000000,25.7036,25.9198,25.233,25.6732,6364181.9169098,0
JPM.US,D,20020402,000000,25.5091,25.739,25.3814,25.46,7110795.9199171,0
JPM.US,D,20020403,000000,25.3726,25.4954,24.9354,25.2409,8283355.6519876,0
JPM.US,D,20020404,000000,25.126,25.3814,24.6013,24.8312,9467421.4060892,0
JPM.US,D,20020405,000000,24.9619,25.4305,24.9619,25.1328,8321217.4267129,0
JPM.US,D,20020408,000000,24.9039,25.3726,24.6937,25.2212,7954777.4968328,0
JPM.US,D,20020409,000000,25.233,25.5592,25.126,25.3726,7680568.9601138,0
JPM.US,D,20020410,000000,25.3726,25.516,24.8715,25.2625,13384827.991353,0
JPM.US,D,20020411,000000,25.0906,25.2212,23.8645,24.1249,16789181.420679,0
JPM.US,D,20020412,000000,24.2997,24.7742,24.2221,24.7153,9113467.7087159,0
JPM.US,D,20020415,000000,25.5936,25.6663,24.6937,24.8037,15356008.864582,0
JPM.US,D,20020416,000000,25.1996,25.5936,24.7526,25.5091,19809346.290778,0
JPM.US,D,20020417,000000,25.9198,27.0958,25.7842,26.8698,26845519.998455,0
JPM.US,D,20020418,000000,26.6832,27.1596,26.2224,26.862,14097184.50343,0
JPM.US,D,20020419,000000,27.0378,27.362,26.8934,27.2274,9261316.631053,0
JPM.US,D,20020422,000000,26.8698,26.9592,26.2597,26.3894,11142487.107235,0
JPM.US,D,20020423,000000,26.4444,26.5702,26.1035,26.3894,10230685.754849,0
JPM.US,D,20020424,000000,26.4611,26.4611,25.8588,25.8766,10200861.0953,0
JPM.US,D,20020425,000000,25.5228,25.63,24.7959,25.2537,15154897.768252,0
JPM.US,D,20020426,000000,25.7764,25.8451,25.0719,25.2272,10438173.817566,0
JPM.US,D,20020429,000000,25.5228,25.5592,24.5119,24.7595,11885080.51691,0
JPM.US,D,20020430,000000,25.0169,25.9198,24.7674,25.3077,13720739.91232,0
JPM.US,D,20020501,000000,25.5504,25.8451,24.8037,25.5936,9076015.118426,0
JPM.US,D,20020502,000000,25.5936,26.1546,25.5887,26.135,10652325.886496,0
JPM.US,D,20020503,000000,26.1703,26.2538,25.2488,25.7233,9861329.6224637,0
JPM.US,D,20020506,000000,25.9198,25.9198,24.6868,24.8037,8767547.0550326,0
JPM.US,D,20020507,000000,25.1918,25.625,24.9668,24.9668,12030434.635638,0
JPM.US,D,20020508,000000,26.3138,26.7844,25.9552,26.6104,14146279.510563,0
JPM.US,D,20020509,000000,26.135,26.3736,25.5936,25.7891,11383404.113295,0
JPM.US,D,20020510,000000,25.9129,25.9552,25.233,25.294,7589028.7018572,0
JPM.US,D,20020513,000000,25.4865,26.2744,25.3077,26.2008,8059775.0372262,0
JPM.US,D,20020514,000000,26.6026,27.2018,26.4798,27.1026,11656636.511025,0
JPM.US,D,20020515,000000,26.8482,27.3552,26.6026,26.6488,12089521.071669,0
JPM.US,D,20020516,000000,26.7126,27.3984,26.5544,27.2756,8042713.4712949,0
JPM.US,D,20020517,000000,27.3984,27.9387,27.1076,27.4672,10309599.3143,0
JPM.US,D,20020520,000000,27.253,27.3472,26.8776,27.0074,5754601.9491128,0
JPM.US,D,20020521,000000,27.3404,27.865,26.8934,27.0526,8724832.0679006,0
JPM.US,D,20020522,000000,27.0526,27.1724,26.5642,27.082,7213850.3431787,0
JPM.US,D,20020523,000000,27.082,27.8728,27.0662,27.6646,8550488.9623144,0
JPM.US,D,20020524,000000,27.3984,27.9072,27.0456,27.253,6859890.5385751,0
JPM.US,D,20020528,000000,27.2186,27.3236,26.6408,26.8216,6783191.8680076,0
JPM.US,D,20020529,000000,26.75,27.0378,26.4611,26.6536,7413298.2371034,0
JPM.US,D,20020530,000000,26.3138,26.5171,25.2704,25.963,12943622.32932,0
JPM.US,D,20020531,000000,25.963,26.4954,25.8588,25.9198,10768555.641426,0
JPM.US,D,20020603,000000,25.9552,26.135,24.9285,24.9874,10143442.951035,0
JPM.US,D,20020604,000000,25.1702,25.7036,24.5719,24.9806,13017133.025631,0
JPM.US,D,20020605,000000,24.9806,25.3401,24.6691,25.0169,9946627.2734027,0
JPM.US,D,20020606,000000,25.1387,25.1623,24.0816,24.2909,10265771.793368,0
JPM.US,D,20020607,000000,23.6101,24.5051,23.4361,24.2909,12833776.665878,0
JPM.US,D,20020610,000000,24.2604,24.5876,23.9205,24.4284,7662261.5191855,0
JPM.US,D,20020611,000000,24.4972,24.9354,23.6415,23.7407,9037734.9984198,0
JPM.US,D,20020612,000000,23.6857,24.0148,22.8751,23.9127,13285517.300313,0
JPM.US,D,20020613,000000,23.8802,24.116,23.4361,23.5481,8378776.0372773,0
JPM.US,D,20020614,000000,23.3271,24.1475,22.5313,23.7937,13586494.845648,0
JPM.US,D,20020617,000000,24.2221,25.5887,24.2035,25.5838,14209667.472523,0
JPM.US,D,20020618,000000,25.5838,25.7312,25.0788,25.2488,10422363.21599,0
JPM.US,D,20020619,000000,25.0169,25.3401,24.6937,24.957,8786832.670693,0
JPM.US,D,20020620,000000,24.9501,24.9501,23.7997,24.0659,11830844.239671,0
JPM.US,D,20020621,000000,23.6513,24.2604,23.6415,23.7879,17134401.778613,0
JPM.US,D,20020624,000000,23.2495,24.4432,22.8211,23.9205,13932268.925803,0
JPM.US,D,20020625,000000,24.0069,24.7674,23.5767,23.7407,9520269.3062891,0
JPM.US,D,20020626,000000,22.1669,23.0589,21.7395,22.7033,26529424.004321,0
JPM.US,D,20020627,000000,23.1071,23.7937,22.6385,23.5923,13433929.105717,0
JPM.US,D,20020628,000000,23.5393,24.4569,23.4676,24.4569,10823756.861064,0
JPM.US,D,20020701,000000,24.2152,24.283,22.6021,22.6099,14002173.302575,0
JPM.US,D,20020702,000000,22.3673,22.7377,21.6314,22.5165,16892930.032461,0
JPM.US,D,20020703,000000,22.1423,22.4587,21.6314,22.3143,12341953.260605,0
JPM.US,D,20020705,000000,22.7121,23.5767,22.4587,23.4961,6397331.9633988,0
JPM.US,D,20020708,000000,23.4961,23.7545,22.9283,23.2741,10521251.490263,0
JPM.US,D,20020709,000000,23.2583,23.6101,22.5313,22.5481,9819026.8733823,0
JPM.US,D,20020710,000000,22.7848,22.8909,21.6717,21.7395,12284804.852348,0
JPM.US,D,20020711,000000,21.6314,22.2769,21.0901,22.0421,16074190.656567,0
JPM.US,D,20020712,000000,22.1669,22.3143,21.3976,21.7827,10439421.728306,0
JPM.US,D,20020715,000000,21.3425,21.6923,20.5055,21.6845,16030774.355813,0
JPM.US,D,20020716,000000,20.8347,21.2905,19.6096,20.5468,20537232.471832,0
JPM.US,D,20020717,000000,20.9142,21.5223,19.8483,20.2874,22180395.019357,0
JPM.US,D,20020718,000000,19.9033,20.3316,19.4032,19.6096,13578725.430736,0
JPM.US,D,20020719,000000,19.1438,19.6096,18.636,18.8186,17019419.934424,0
JPM.US,D,20020722,000000,18.7146,19.2136,17.6083,17.679,23170836.1237,0
JPM.US,D,20020723,000000,17.0512,17.3194,14.2749,14.4773,62228069.641345,0
JPM.US,D,20020724,000000,13.7071,17.0886,13.1333,16.8008,64861819.866742,0
JPM.US,D,20020725,000000,17.125,18.3854,15.1394,16.113,45980922.220487,0
JPM.US,D,20020726,000000,16.728,16.8008,15.1768,16.0403,25025240.644881,0
JPM.US,D,20020729,000000,17.125,18.183,16.7654,18.0956,25456865.080322,0
JPM.US,D,20020730,000000,17.738,18.3854,17.1603,17.9462,22213267.186864,0
JPM.US,D,20020731,000000,17.8804,18.0956,17.3824,17.9924,18997399.172935,0
JPM.US,D,20020801,000000,17.9924,18.2243,17.4846,18.0396,17375738.147825,0
JPM.US,D,20020802,000000,17.685,17.9542,16.786,17.1957,18648852.41019,0
JPM.US,D,20020805,000000,16.4952,16.8705,15.9342,16.113,20084103.460359,0
JPM.US,D,20020806,000000,16.9452,17.7566,16.7654,17.0512,20111707.123794,0
JPM.US,D,20020807,000000,17.6083,17.7006,16.7104,17.3293,14740187.307339,0
JPM.US,D,20020808,000000,18.24,19.0348,17.8972,19.0191,23572366.163585,0
JPM.US,D,20020809,000000,18.4591,19.3207,18.2194,18.9965,16655058.498616,0
JPM.US,D,20020812,000000,18.6036,18.6094,18.0328,18.355,13437946.645433,0
JPM.US,D,20020813,000000,17.9856,18.5878,17.5199,17.5916,15027154.866188,0
JPM.US,D,20020814,000000,17.5916,18.126,16.8479,18.126,20902011.235049,0
JPM.US,D,20020815,000000,18.1094,18.5269,17.3824,17.8716,18220689.756499,0
JPM.US,D,20020816,000000,17.8716,18.068,17.6702,17.9256,13345293.853376,0
JPM.US,D,20020819,000000,18.0092,19.7196,17.91,19.6174,18082546.241104,0
JPM.US,D,20020820,000000,19.472,19.5457,18.9621,19.136,13064290.00499,0
JPM.US,D,20020821,000000,19.1075,19.472,18.7302,19.3816,12577876.58796,0
JPM.US,D,20020822,000000,19.0348,19.4298,18.5014,19.2431,16515391.229242,0
JPM.US,D,20020823,000000,18.9621,19.0564,18.3128,18.5328,12600620.931757,0
JPM.US,D,20020826,000000,18.5672,19.2854,18.4954,19.0986,11950544.937199,0
JPM.US,D,20020827,000000,19.4661,19.7638,18.8894,19.2854,13289673.270585,0
JPM.US,D,20020828,000000,19.0348,19.2854,18.7764,18.9513,11071754.182874,0
JPM.US,D,20020829,000000,18.6762,19.3128,18.5014,19.1763,9484344.5414652,0
JPM.US,D,20020830,000000,18.9268,19.64,18.8186,19.0348,10531106.524348,0
JPM.US,D,20020903,000000,18.4954,18.5014,17.8412,17.8412,14945738.360155,0
JPM.US,D,20020904,000000,17.849,18.5672,17.4846,18.3058,13771518.479293,0
JPM.US,D,20020905,000000,17.7566,17.9786,17.2959,17.3754,14949207.267009,0
JPM.US,D,20020906,000000,18.0554,18.1172,17.232,17.2408,14589694.972121,0
JPM.US,D,20020909,000000,16.728,17.232,15.9195,17.006,32440065.689578,0
JPM.US,D,20020910,000000,17.232,17.2546,16.394,16.6878,15485276.538496,0
JPM.US,D,20020911,000000,17.3116,17.3116,16.51,16.5689,9622624.4516725,0
JPM.US,D,20020912,000000,16.4952,16.51,15.7623,15.8674,16180849.363623,0
JPM.US,D,20020913,000000,15.8674,16.2211,15.6827,15.89,15014392.790443,0
JPM.US,D,20020916,000000,15.5737,15.7888,15.3281,15.6552,13655837.357226,0
JPM.US,D,20020917,000000,16.006,16.1514,15.386,15.5383,13663194.534088,0
JPM.US,D,20020918,000000,13.7433,14.8457,13.5567,14.7357,63794533.518303,0
JPM.US,D,20020919,000000,14.4193,14.6629,14.0637,14.3269,25864359.848544,0
JPM.US,D,20020920,000000,14.5087,14.7789,14.3485,14.5509,22991364.98034,0
JPM.US,D,20020923,000000,14.101,14.2749,13.7071,13.8799,19131805.063339,0
JPM.US,D,20020924,000000,13.8878,13.9143,13.3377,13.4399,26067557.58192,0
JPM.US,D,20020925,000000,13.7179,13.9143,13.2089,13.6167,22572909.769335,0
JPM.US,D,20020926,000000,13.6167,14.2189,13.5567,13.8957,22831999.857254,0
JPM.US,D,20020927,000000,13.8957,14.2375,13.1657,13.2227,19536799.938593,0
JPM.US,D,20020930,000000,13.2305,14.0637,12.8779,13.6923,27514457.156163,0
JPM.US,D,20021001,000000,13.8063,14.491,13.5409,14.2337,21985659.87154,0
JPM.US,D,20021002,000000,13.7993,14.268,13.0497,13.1579,20965947.829871,0
JPM.US,D,20021003,000000,13.1657,13.4525,12.6883,12.702,29305615.199555,0
JPM.US,D,20021004,000000,12.7099,13.0753,11.9249,11.9249,29826291.196875,0
JPM.US,D,20021007,000000,11.9327,12.4387,11.6459,12.0919,27482011.476911,0
JPM.US,D,20021008,000000,12.4387,12.5527,11.4238,11.9681,31940746.676888,0
JPM.US,D,20021009,000000,11.5722,11.974,11.0004,11.1409,37912970.619658,0
JPM.US,D,20021010,000000,11.1468,11.7903,11.0603,11.4975,31123393.64229,0
JPM.US,D,20021011,000000,11.8522,12.87,11.8227,12.3925,26375605.264289,0
JPM.US,D,20021014,000000,12.2658,12.6381,12.1135,12.1675,14198430.168627,0
JPM.US,D,20021015,000000,13.1961,13.4967,12.9849,13.4201,27660097.296847,0
JPM.US,D,20021016,000000,13.0891,13.3239,12.9781,13.1883,21142235.070461,0
JPM.US,D,20021017,000000,14.1295,14.2375,13.3513,13.5489,19032907.628221,0
JPM.US,D,20021018,000000,13.5409,14.0549,13.1883,13.6785,14596081.099352,0
JPM.US,D,20021021,000000,13.4663,14.8811,13.3739,14.6148,25560893.606829,0
JPM.US,D,20021022,000000,14.4036,14.6865,14.2897,14.3565,15465997.030066,0
JPM.US,D,20021023,000000,14.2061,14.3191,13.6313,14.2523,18463274.036452,0
JPM.US,D,20021024,000000,14.5942,15.053,14.1668,14.2061,21615894.55472,0
JPM.US,D,20021025,000000,14.0745,14.7111,14.0705,14.6865,13630879.142417,0
JPM.US,D,20021028,000000,15.1394,15.5815,15.1031,15.3212,21452783.66367,0
JPM.US,D,20021029,000000,14.995,15.1394,14.3485,14.7504,18369095.454672,0
JPM.US,D,20021030,000000,14.7789,15.2858,14.6629,15.1768,13827965.573929,0
JPM.US,D,20021031,000000,15.1768,15.2711,14.7239,14.9587,13038497.135363,0
JPM.US,D,20021101,000000,14.9587,15.7034,14.7867,15.5187,12673855.784829,0
JPM.US,D,20021104,000000,16.113,16.6278,15.8596,15.8674,18793656.878183,0
JPM.US,D,20021105,000000,15.7318,16.2879,15.7093,16.2014,15121609.291207,0
JPM.US,D,20021106,000000,16.5473,16.5689,15.3143,15.9087,23619671.752217,0
JPM.US,D,20021107,000000,15.2858,15.3644,14.4261,14.8535,27320842.685121,0
JPM.US,D,20021108,000000,14.8535,15.2347,14.4193,14.5637,17931921.58256,0
JPM.US,D,20021111,000000,14.5775,14.995,14.4193,14.7239,11328479.754767,0
JPM.US,D,20021112,000000,14.6413,15.0687,14.6345,14.8093,12935440.676358,0
JPM.US,D,20021113,000000,14.7789,15.2121,14.491,15.1031,14128941.083521,0
JPM.US,D,20021114,000000,15.441,15.8262,15.441,15.8036,14698436.244735,0
JPM.US,D,20021115,000000,15.8095,16.118,15.4715,15.9264,15523836.573227,0
JPM.US,D,20021118,000000,16.0344,16.1514,15.6464,15.7819,13850856.491256,0
JPM.US,D,20021119,000000,15.6149,15.9342,15.5953,15.8262,11383404.113295,0
JPM.US,D,20021120,000000,16.0806,17.1603,15.9686,17.1014,27352599.265211,0
JPM.US,D,20021121,000000,17.3372,17.9462,17.1318,17.9462,28543047.075058,0
JPM.US,D,20021122,000000,17.5258,18.2243,17.5258,18.017,20326271.430774,0
JPM.US,D,20021125,000000,18.0258,18.183,17.6702,17.9856,14014932.324706,0
JPM.US,D,20021126,000000,17.9542,17.9924,17.3754,17.4442,12835578.29884,0
JPM.US,D,20021127,000000,17.7006,18.1702,17.5916,18.1624,16276970.044662,0
JPM.US,D,20021129,000000,18.3128,18.5269,18.1024,18.1466,6432145.212294,0
JPM.US,D,20021202,000000,18.7372,18.8442,17.8804,18.183,17183778.736215,0
JPM.US,D,20021203,000000,18.0956,18.1024,17.5916,17.7429,17463258.830622,0
JPM.US,D,20021204,000000,17.7498,18.1702,17.3372,17.8106,12759850.677902,0
JPM.US,D,20021205,000000,17.8106,17.8156,16.9726,17.0218,15805112.193365,0
JPM.US,D,20021206,000000,16.5561,17.8106,16.4422,17.6152,18063267.750545,0
JPM.US,D,20021209,000000,17.2026,17.3028,16.6544,16.7712,13058191.935458,0
JPM.US,D,20021210,000000,16.7782,17.4482,16.7782,17.4108,12435297.187566,0
JPM.US,D,20021211,000000,17.2026,17.5199,17.0886,17.3696,9433304.3814571,0
JPM.US,D,20021212,000000,17.3696,17.8412,17.2094,17.4108,11645826.713257,0
JPM.US,D,20021213,000000,17.2704,17.3372,16.953,17.0296,11398248.754599,0
JPM.US,D,20021216,000000,17.1603,17.904,16.9776,17.8804,11018488.955266,0
JPM.US,D,20021217,000000,17.8804,18.4512,17.7812,18.0396,15863094.238568,0
JPM.US,D,20021218,000000,17.63,17.7222,17.232,17.3028,18737480.537428,0
JPM.US,D,20021219,000000,17.3116,17.4442,16.4814,16.8194,18678398.172884,0
JPM.US,D,20021220,000000,17.1603,17.9335,17.0601,17.9335,21022263.619054,0
JPM.US,D,20021223,000000,17.5916,18.017,17.5199,17.8156,12879130.994405,0
JPM.US,D,20021224,000000,17.738,17.7429,17.3254,17.4482,5232265.8030016,0
JPM.US,D,20021226,000000,17.4482,17.9394,17.4442,17.63,8097782.3676088,0
JPM.US,D,20021227,000000,17.63,17.6358,17.067,17.1603,10014315.74342,0
JPM.US,D,20021230,000000,17.3116,17.3754,17.0218,17.2959,10249409.505315,0
JPM.US,D,20021231,000000,17.2959,17.4108,17.0817,17.3028,8620805.5771373,0
JPM.US,D,20030102,000000,18.2066,18.3854,17.8804,18.3442,23215915.626859,0
JPM.US,D,20030103,000000,18.3854,18.7372,18.1702,18.7018,17201252.540197,0
JPM.US,D,20030106,000000,18.743,20.2599,18.7146,20.1725,31803853.107977,0
JPM.US,D,20030107,000000,20.1725,20.3994,19.9131,20.0733,24600958.118224,0
JPM.US,D,20030108,000000,19.6478,19.6478,19.1134,19.2991,21994121.439229,0
JPM.US,D,20030109,000000,19.36,19.752,19.36,19.6822,15542005.583601,0
JPM.US,D,20030110,000000,19.36,19.9613,19.2854,19.53,12115872.752876,0
JPM.US,D,20030113,000000,19.7579,19.9613,19.6174,19.6675,12885928.341816,0
JPM.US,D,20030114,000000,19.8257,20.0094,19.5673,19.8944,11396719.911261,0
JPM.US,D,20030115,000000,19.865,19.9288,19.3344,19.525,11300881.180691,0
JPM.US,D,20030116,000000,19.525,19.697,19.1134,19.308,10727641.269383,0
JPM.US,D,20030117,000000,18.9965,19.3512,18.7676,18.8826,13605638.977138,0
JPM.US,D,20030121,000000,19.1203,19.1763,18.2194,18.3274,14328530.461616,0
JPM.US,D,20030122,000000,18.3274,18.3274,17.738,17.8106,22082060.467306,0
JPM.US,D,20030123,000000,18.0956,18.2134,17.6634,18.1172,10954266.338487,0
JPM.US,D,20030124,000000,17.9178,18.1172,16.9854,17.1642,16240906.849283,0
JPM.US,D,20030127,000000,17.125,17.3754,16.6278,16.7938,11889934.747189,0
JPM.US,D,20030128,000000,17.014,17.2704,16.7575,16.953,14505927.182391,0
JPM.US,D,20030129,000000,16.728,17.0601,16.4107,16.9452,13854184.931811,0
JPM.US,D,20030130,000000,16.9452,17.1957,16.4608,16.6121,12502568.330175,0
JPM.US,D,20030131,000000,16.4019,16.9392,16.3646,16.8272,13260969.28781,0
JPM.US,D,20030203,000000,16.9452,17.2094,16.8272,16.9992,10864253.905697,0
JPM.US,D,20030204,000000,17.006,17.006,16.4019,16.62,11260240.616144,0
JPM.US,D,20030205,000000,16.7654,17.0817,16.4245,16.5384,11670926.412237,0
JPM.US,D,20030206,000000,16.3439,16.3862,16.006,16.0885,12237373.047621,0
JPM.US,D,20030207,000000,16.2968,16.3262,15.7171,15.8478,13215056.147704,0
JPM.US,D,20030210,000000,15.8596,16.0806,15.6896,15.9342,12595079.638061,0
JPM.US,D,20030211,000000,16.1877,16.1877,15.8173,15.8596,17451605.217189,0
JPM.US,D,20030212,000000,15.8596,16.0207,15.5108,15.5108,13266240.845498,0
JPM.US,D,20030213,000000,15.501,15.5255,15.0422,15.3497,15079861.282218,0
JPM.US,D,20030214,000000,15.3575,15.8262,15.2622,15.7554,12317815.45041,0
JPM.US,D,20030218,000000,15.9195,16.4814,15.9126,16.2211,12784260.25985,0
JPM.US,D,20030219,000000,16.2211,16.3331,16.0806,16.2211,11205593.118725,0
JPM.US,D,20030220,000000,16.2968,16.4422,16.1356,16.3567,9903075.5957091,0
JPM.US,D,20030221,000000,16.2879,16.6544,16.113,16.4952,11844853.208286,0
JPM.US,D,20030224,000000,16.5021,16.5021,15.9991,16.0806,10673829.444656,0
JPM.US,D,20030225,000000,15.8596,16.2574,15.6621,16.2574,14777634.80827,0
JPM.US,D,20030226,000000,16.113,16.2968,15.9342,16.1071,9148973.1103872,0
JPM.US,D,20030227,000000,16.1514,16.5826,16.0128,16.338,12062337.789259,0
JPM.US,D,20030228,000000,16.3262,16.5826,16.229,16.3508,10605030.476581,0
JPM.US,D,20030303,000000,16.6878,16.8194,16.338,16.4736,11211280.98595,0
JPM.US,D,20030304,000000,16.4736,16.51,16.1514,16.1514,10654128.537329,0
JPM.US,D,20030305,000000,16.1563,16.449,16.113,16.449,10636793.163902,0
JPM.US,D,20030306,000000,16.1641,16.2417,15.835,15.8596,14720906.781038,0
JPM.US,D,20030307,000000,15.6385,16.4422,15.5501,16.0718,12846816.620606,0
JPM.US,D,20030310,000000,15.7682,15.9991,15.3959,15.4558,11907412.622658,0
JPM.US,D,20030311,000000,15.5383,15.7171,14.9027,14.9587,17433435.188945,0
JPM.US,D,20030312,000000,14.7789,15.1394,14.5136,14.9587,22683315.262227,0
JPM.US,D,20030313,000000,15.3212,15.6975,15.1925,15.6621,18014304.048865,0
JPM.US,D,20030314,000000,15.6975,15.9342,15.2553,15.3281,19208359.196122,0
JPM.US,D,20030317,000000,15.3212,16.3439,15.1463,16.2653,21178297.247969,0
JPM.US,D,20030318,000000,16.4952,16.5826,16.1877,16.449,12690640.48965,0
JPM.US,D,20030319,000000,16.4736,16.8332,16.3646,16.8194,15809836.136062,0
JPM.US,D,20030320,000000,16.4245,17.0601,16.4019,16.9668,14838250.087638,0
JPM.US,D,20030321,000000,17.2232,17.9542,17.1318,17.7744,25536758.850249,0
JPM.US,D,20030324,000000,17.125,17.3293,16.9088,17.0356,15207184.821129,0
JPM.US,D,20030325,000000,16.9923,17.6358,16.9923,17.404,13033915.694708,0
JPM.US,D,20030326,000000,17.232,17.511,17.2163,17.4286,8961731.5342437,0
JPM.US,D,20030327,000000,17.3116,17.6083,17.0738,17.3892,10463141.19322,0
JPM.US,D,20030328,000000,17.3892,17.7292,17.2163,17.63,10730688.777341,0
JPM.US,D,20030331,000000,17.125,17.3754,17.0512,17.0954,12751944.868179,0
JPM.US,D,20030401,000000,17.4108,17.5916,17.125,17.4698,13438360.919227,0
JPM.US,D,20030402,000000,17.8804,18.2568,17.7498,18.1024,19257184.467246,0
JPM.US,D,20030403,000000,18.3128,18.3796,17.9542,17.9786,14287759.609488,0
JPM.US,D,20030404,000000,18.2714,18.4954,18.0906,18.4434,14000232.221186,0
JPM.US,D,20030407,000000,19.079,19.2755,18.4591,18.4866,17746897.948915,0
JPM.US,D,20030408,000000,18.636,18.8186,18.35,18.7372,12413104.530247,0
JPM.US,D,20030409,000000,18.7843,19.0417,18.4434,18.5504,14061948.837767,0
JPM.US,D,20030410,000000,18.5504,18.6762,18.3196,18.5416,10008346.943598,0
JPM.US,D,20030411,000000,18.743,18.9356,18.3274,18.4512,11091863.256764,0
JPM.US,D,20030414,000000,18.7302,19.1763,18.6596,19.136,13999537.014796,0
JPM.US,D,20030415,000000,19.1134,19.7579,18.9513,19.3757,18491565.781176,0
JPM.US,D,20030416,000000,19.8571,19.9691,18.9268,19.1075,25849386.955401,0
JPM.US,D,20030417,000000,19.1075,19.805,19.1075,19.6891,15331874.108002,0
JPM.US,D,20030421,000000,19.6891,20.0015,19.583,19.7893,11564546.602034,0
JPM.US,D,20030422,000000,19.697,20.7659,19.5909,20.6735,19291860.303457,0
JPM.US,D,20030423,000000,20.7295,21.4055,20.6549,21.2276,20954853.028019,0
JPM.US,D,20030424,000000,20.7158,20.7983,20.4122,20.593,16838145.122359,0
JPM.US,D,20030425,000000,20.7295,20.7374,19.9347,20.1568,15673905.473807,0
JPM.US,D,20030428,000000,20.1882,20.8415,20.1882,20.7718,13154721.800933,0
JPM.US,D,20030429,000000,20.6824,21.0901,20.6441,21.0085,16981832.985066,0
JPM.US,D,20030430,000000,21.0085,21.3789,20.7718,21.1589,20455814.947926,0
JPM.US,D,20030501,000000,21.1589,21.3111,20.6824,21.1107,14232416.905679,0
JPM.US,D,20030502,000000,21.0164,21.6658,20.9722,21.5302,14750454.579475,0
JPM.US,D,20030505,000000,21.6314,22.3143,21.6314,21.8888,19410447.449312,0
JPM.US,D,20030506,000000,21.8083,22.3839,21.6079,22.1423,16932459.081079,0
JPM.US,D,20030507,000000,21.9547,22.3447,21.7473,22.2209,14870564.461438,0
JPM.US,D,20030508,000000,21.9547,22.0126,21.4988,21.599,15104410.312592,0
JPM.US,D,20030509,000000,21.6845,21.7611,21.3249,21.6845,12233905.158639,0
JPM.US,D,20030512,000000,21.6845,22.3447,21.4634,22.3063,12208112.28901,0
JPM.US,D,20030513,000000,22.3063,22.3839,21.8888,22.1481,10371321.020238,0
JPM.US,D,20030514,000000,22.1551,22.3309,21.8289,21.9811,10423614.180346,0
JPM.US,D,20030515,000000,22.2071,22.6021,22.1845,22.3781,14769593.621607,0
JPM.US,D,20030516,000000,22.3781,22.7121,22.2769,22.5313,12863315.303471,0
JPM.US,D,20030519,000000,22.5313,22.5313,21.7975,21.9311,11521965.973971,0
JPM.US,D,20030520,000000,21.9311,22.2003,21.6658,21.9389,12050682.140083,0
JPM.US,D,20030521,000000,21.9389,22.0273,21.5793,22.0273,11635974.732786,0
JPM.US,D,20030522,000000,21.9193,22.1275,21.8211,21.9811,12000063.378971,0
JPM.US,D,20030523,000000,22.0273,22.3603,21.8977,22.2769,7980298.5947087,0
JPM.US,D,20030527,000000,22.1345,23.1739,21.99,23.1071,15568636.161662,0
JPM.US,D,20030528,000000,23.2151,23.6719,23.1227,23.4676,16673091.114178,0
JPM.US,D,20030529,000000,23.6101,23.7122,23.2102,23.2652,13243345.856685,0
JPM.US,D,20030530,000000,23.4961,23.8439,23.3723,23.6916,14857108.197173,0
JPM.US,D,20030602,000000,24.0433,24.9354,24.0227,24.4569,18498363.128586,0
JPM.US,D,20030603,000000,24.4569,24.788,24.3263,24.3813,16064616.555078,0
JPM.US,D,20030604,000000,24.2604,25.0631,24.0816,25.009,18268676.301319,0
JPM.US,D,20030605,000000,25.009,25.4443,24.8116,25.3077,14397879.080424,0
JPM.US,D,20030606,000000,25.7891,26.3304,25.2409,25.3284,16416361.470799,0
JPM.US,D,20030609,000000,24.9501,25.0788,24.2221,24.338,14250168.588642,0
JPM.US,D,20030610,000000,24.5119,24.7595,24.4206,24.5719,15089426.222861,0
JPM.US,D,20030611,000000,24.7281,25.0847,24.451,24.9039,12832806.63412,0
JPM.US,D,20030612,000000,25.2272,25.3215,24.677,25.0169,13360139.512552,0
JPM.US,D,20030613,000000,25.126,25.2704,24.7595,25.0169,9357293.7921788,0
JPM.US,D,20030616,000000,25.1996,25.9198,25.126,25.9198,13062212.52879,0
JPM.US,D,20030617,000000,25.9492,26.1035,25.6869,26.021,13197860.222705,0
JPM.US,D,20030618,000000,25.6663,25.8324,25.0906,25.2871,15724116.068355,0
JPM.US,D,20030619,000000,25.4158,25.4521,24.5483,24.8381,15083046.20286,0
JPM.US,D,20030620,000000,25.126,25.3549,24.9354,25.0906,21903136.938936,0
JPM.US,D,20030623,000000,24.9118,25.0562,24.23,24.4039,13681641.423443,0
JPM.US,D,20030624,000000,24.3321,24.8224,24.1543,24.7281,11423352.525065,0
JPM.US,D,20030625,000000,24.7281,25.1053,24.3606,24.5051,12452634.596737,0
JPM.US,D,20030626,000000,24.5051,24.8037,24.1543,24.8037,8758812.697721,0
JPM.US,D,20030627,000000,24.8037,24.8312,24.3685,24.4432,9256741.2976285,0
JPM.US,D,20030630,000000,24.6937,24.8509,24.2535,24.6446,10858292.230977,0
JPM.US,D,20030701,000000,24.397,24.6642,23.8291,24.6642,14475968.163774,0
JPM.US,D,20030702,000000,24.6868,24.8794,24.5404,24.7811,10160501.463351,0
JPM.US,D,20030703,000000,24.7595,24.7595,24.2997,24.6092,6070281.6337102,0
JPM.US,D,20030707,000000,24.8568,25.4079,24.8037,25.2871,13406187.011727,0
JPM.US,D,20030708,000000,25.2871,25.5504,25.1623,25.5228,8551452.8868423,0
JPM.US,D,20030709,000000,25.5838,26.0406,25.5228,25.7125,13370953.381807,0
JPM.US,D,20030710,000000,25.5592,25.6869,25.0326,25.2409,10572296.73963,0
JPM.US,D,20030711,000000,25.3863,25.9286,25.3637,25.7842,9672281.3240001,0
JPM.US,D,20030714,000000,26.299,27.082,25.796,26.8934,16765879.283174,0
JPM.US,D,20030715,000000,27.0662,27.31,26.6832,26.8846,16023982.097762,0
JPM.US,D,20030716,000000,27.586,27.586,25.9552,26.135,20017667.990441,0
JPM.US,D,20030717,000000,26.135,26.135,25.1053,25.2625,16242573.105305,0
JPM.US,D,20030718,000000,25.402,25.5936,25.126,25.4698,10536647.818044,0
JPM.US,D,20030721,000000,25.3077,25.3156,24.1543,24.8224,16427459.326266,0
JPM.US,D,20030722,000000,24.8715,25.2792,24.7006,25.1918,13224214.957527,0
JPM.US,D,20030723,000000,25.3077,25.3284,24.9501,25.1328,10768416.192999,0
JPM.US,D,20030724,000000,25.4865,25.4954,24.8872,24.9354,11922531.071457,0
JPM.US,D,20030725,000000,25.0562,25.5838,24.8509,25.5749,12056367.971565,0
JPM.US,D,20030728,000000,25.5749,25.8264,25.346,25.5887,11397830.409318,0
JPM.US,D,20030729,000000,25.6526,25.6594,25.0562,25.4079,12676353.642053,0
JPM.US,D,20030730,000000,25.5936,25.6526,25.2537,25.2792,8128287.9833444,0
JPM.US,D,20030731,000000,25.7036,25.8196,25.2212,25.2704,12151935.948255,0
JPM.US,D,20030801,000000,25.294,25.2989,23.9608,24.0511,28347898.671319,0
JPM.US,D,20030804,000000,24.0511,24.3685,23.3565,24.3213,21835033.177254,0
JPM.US,D,20030805,000000,24.2604,24.2997,23.5953,23.6189,17066717.380083,0
JPM.US,D,20030806,000000,23.7937,23.9893,23.4361,23.7879,16965469.679141,0
JPM.US,D,20030807,000000,23.6189,23.8497,23.4479,23.7731,12734332.633642,0
JPM.US,D,20030808,000000,23.9539,23.9677,23.5481,23.7879,8754794.1401327,0
JPM.US,D,20030811,000000,23.7879,24.283,23.7476,23.9539,9684073.3679874,0
JPM.US,D,20030812,000000,24.1337,24.3537,24.0069,24.2535,11816146.171896,0
JPM.US,D,20030813,000000,24.2535,24.3901,23.8881,24.1032,9314993.0788408,0
JPM.US,D,20030814,000000,24.1032,24.4785,23.9461,24.4432,9699192.8346585,0
JPM.US,D,20030815,000000,24.5119,24.5119,24.1406,24.2683,4913117.2115497,0
JPM.US,D,20030818,000000,24.5876,24.5876,24.2683,24.5483,9883382.8313569,0
JPM.US,D,20030819,000000,24.622,24.8116,24.3901,24.6505,11406705.232929,0
JPM.US,D,20030820,000000,25.0002,25.2537,24.5483,25.1112,12925595.820989,0
JPM.US,D,20030821,000000,25.2704,25.5425,24.788,24.9501,12032931.474991,0
JPM.US,D,20030822,000000,25.1112,25.3401,24.3813,24.4569,11278135.819021,0
JPM.US,D,20030825,000000,24.3155,24.4284,23.9893,24.3263,8493203.1413735,0
JPM.US,D,20030826,000000,24.1543,24.9196,23.7937,24.0659,13648770.273808,0
JPM.US,D,20030827,000000,23.8979,24.0816,23.836,23.9814,8216223.9578064,0
JPM.US,D,20030828,000000,23.9814,24.564,23.8802,24.451,7767123.6826388,0
JPM.US,D,20030829,000000,24.4854,24.7281,24.3537,24.6691,8131475.9576014,0
JPM.US,D,20030902,000000,24.8165,25.2537,24.5719,25.0169,11671341.703902,0
JPM.US,D,20030903,000000,25.0169,25.2625,24.9118,25.1328,10372429.482552,0
JPM.US,D,20030904,000000,25.1387,25.1996,24.9285,25.0002,8675037.7828895,0
JPM.US,D,20030905,000000,24.8224,25.009,24.6298,24.6505,9366175.7408911,0
JPM.US,D,20030908,000000,24.7595,25.0906,24.7006,24.9806,7972946.5072059,0
JPM.US,D,20030909,000000,24.8715,24.9874,24.6642,24.7006,7292493.1487497,0
JPM.US,D,20030910,000000,24.4569,24.7094,23.9057,24.0659,13627825.527228,0
JPM.US,D,20030911,000000,24.3321,24.622,24.1671,24.283,9317075.6443995,0
JPM.US,D,20030912,000000,24.1671,24.6092,24.1081,24.5119,8670465.5030802,0
JPM.US,D,20030915,000000,24.5119,24.6642,24.3155,24.4923,7015651.3778662,0
JPM.US,D,20030916,000000,24.4353,25.0002,24.4206,24.9501,9496554.9307334,0
JPM.US,D,20030917,000000,24.9501,25.1191,24.8872,24.9874,10669383.380941,0
JPM.US,D,20030918,000000,25.1387,25.8588,24.9619,25.7694,20460809.644503,0
JPM.US,D,20030919,000000,25.5936,25.8127,25.3156,25.5887,16937446.652554,0
JPM.US,D,20030922,000000,25.2409,25.2792,24.9196,25.2272,12757628.663917,0
JPM.US,D,20030923,000000,25.2272,25.5671,24.957,25.5592,11905463.398295,0
JPM.US,D,20030924,000000,25.5936,25.7764,25.0847,25.1387,15874742.762643,0
JPM.US,D,20030925,000000,25.233,25.4079,24.8312,24.8568,12041671.939533,0
JPM.US,D,20030926,000000,24.8872,25.0238,24.4726,24.6505,14334222.400327,0
JPM.US,D,20030929,000000,24.8037,25.0906,24.6013,24.9806,8989743.3642417,0
JPM.US,D,20030930,000000,24.9501,25.0169,24.4117,24.7526,13273451.44883,0
JPM.US,D,20031001,000000,25.0169,25.5838,24.9196,25.5091,15556015.570087,0
JPM.US,D,20031002,000000,25.3401,25.4158,25.0788,25.2488,10165214.209458,0
JPM.US,D,20031003,000000,25.7233,25.796,25.233,25.3549,15285826.608827,0
JPM.US,D,20031006,000000,25.3814,25.7468,25.3215,25.63,10367436.821719,0
JPM.US,D,20031007,000000,25.63,26.072,25.3549,26.021,15735765.6103,0
JPM.US,D,20031008,000000,26.1035,26.1094,25.6378,25.6732,12652915.109736,0
JPM.US,D,20031009,000000,25.9895,26.0632,25.5887,25.739,12674274.13011,0
JPM.US,D,20031010,000000,25.739,25.8382,25.5425,25.6103,7835219.3013478,0
JPM.US,D,20031013,000000,25.6378,26.2931,25.6378,26.2744,10519452.910917,0
JPM.US,D,20031014,000000,26.3138,26.5171,26.0632,26.5171,10041220.128976,0
JPM.US,D,20031015,000000,26.634,26.6606,26.1418,26.3894,10306826.631709,0
JPM.US,D,20031016,000000,26.352,26.6674,26.3138,26.5642,9571724.7579629,0
JPM.US,D,20031017,000000,26.4022,26.6182,26.072,26.2008,8173777.6888111,0
JPM.US,D,20031020,000000,26.0632,26.3894,25.9374,26.3894,10268407.063276,0
JPM.US,D,20031021,000000,26.3894,26.6026,26.2076,26.4385,10438041.494241,0
JPM.US,D,20031022,000000,25.3077,25.5288,25.009,25.2212,26902663.317354,0
JPM.US,D,20031023,000000,25.0169,25.5228,25.0169,25.233,13910075.250611,0
JPM.US,D,20031024,000000,25.233,25.2488,24.9668,25.0719,10570631.50148,0
JPM.US,D,20031027,000000,25.4158,25.4364,25.0847,25.1996,13630879.142417,0
JPM.US,D,20031028,000000,25.233,25.7312,25.2272,25.63,16289866.479476,0
JPM.US,D,20031029,000000,25.63,25.9895,25.4954,25.906,10552599.90379,0
JPM.US,D,20031030,000000,26.0632,26.1035,25.7694,25.8382,9494195.5040641,0
JPM.US,D,20031031,000000,25.8382,26.0799,25.8196,25.8844,8720813.5103123,0
JPM.US,D,20031103,000000,26.1152,26.4954,25.9984,26.468,11291198.166927,0
JPM.US,D,20031104,000000,26.1703,26.5024,26.1624,26.3894,8995283.6400659,0
JPM.US,D,20031105,000000,26.359,26.4886,26.1703,26.3392,8200276.961419,0
JPM.US,D,20031106,000000,26.3452,26.3452,26.0328,26.1772,12551662.319436,0
JPM.US,D,20031107,000000,26.2008,26.299,25.9689,25.9816,8804027.5778208,0
JPM.US,D,20031110,000000,25.963,26.0278,25.7036,25.8766,6434643.0695185,0
JPM.US,D,20031111,000000,25.63,26.0799,25.6192,25.9816,5718815.6148441,0
JPM.US,D,20031112,000000,26.0278,26.1477,25.7842,25.8766,9904598.3318166,0
JPM.US,D,20031113,000000,25.8196,25.9552,25.6732,25.852,6326318.1064411,0
JPM.US,D,20031114,000000,25.739,25.9374,25.3077,25.5671,10020690.674062,0
JPM.US,D,20031117,000000,25.3814,25.63,25.2871,25.5288,7991530.8092446,0
JPM.US,D,20031118,000000,25.5366,25.5671,25.0984,25.1525,9646760.2261244,0
JPM.US,D,20031119,000000,25.1525,25.3342,25.0474,25.0631,13589269.563983,0
JPM.US,D,20031120,000000,25.0474,25.3863,24.8381,24.9668,10426247.41451,0
JPM.US,D,20031121,000000,25.126,25.3342,25.0562,25.233,9478934.5532225,0
JPM.US,D,20031124,000000,25.233,25.4954,25.2272,25.4305,10067710.240739,0
JPM.US,D,20031125,000000,25.3401,25.6958,25.3077,25.6192,7682512.0772455,0
JPM.US,D,20031126,000000,25.4521,25.7036,25.3814,25.6024,5440313.6951696,0
JPM.US,D,20031128,000000,25.4521,25.5887,25.4158,25.5228,3394784.4171967,0
JPM.US,D,20031201,000000,25.6732,25.7312,25.4954,25.7125,9649256.0476052,0
JPM.US,D,20031202,000000,25.739,25.8844,25.6526,25.8196,8739673.6555897,0
JPM.US,D,20031203,000000,25.8196,25.9492,25.6869,25.8264,10558982.977407,0
JPM.US,D,20031204,000000,25.7036,25.739,25.402,25.516,8446326.0767392,0
JPM.US,D,20031205,000000,25.3549,25.4698,25.126,25.2085,9389059.5331156,0
JPM.US,D,20031208,000000,25.0405,25.5749,25.0405,25.5671,8419559.1038664,0
JPM.US,D,20031209,000000,25.5671,25.5936,25.0169,25.1112,10658013.753721,0
JPM.US,D,20031210,000000,25.0631,25.2704,24.8715,24.9933,8884886.2901471,0
JPM.US,D,20031211,000000,25.1053,25.3284,24.9118,25.2212,10611687.357692,0
JPM.US,D,20031212,000000,25.346,25.3549,25.1623,25.2989,7569473.3501885,0
JPM.US,D,20031215,000000,25.5936,25.6378,25.3156,25.4226,11275499.531241,0
JPM.US,D,20031216,000000,25.5228,25.7694,25.4629,25.7557,10088376.090464,0
JPM.US,D,20031217,000000,25.7626,25.7764,25.4364,25.7125,10091706.566764,0
JPM.US,D,20031218,000000,25.7694,25.7694,25.3726,25.7036,10721395.60845,0
JPM.US,D,20031219,000000,25.7764,25.796,25.4777,25.796,16623019.968056,0
JPM.US,D,20031222,000000,25.7891,26.0328,25.7036,26.0278,12298817.892449,0
JPM.US,D,20031223,000000,25.9984,26.1624,25.9492,26.0799,9789339.6265173,0
JPM.US,D,20031224,000000,26.0888,26.135,25.9758,26.0484,2783677.6418053,0
JPM.US,D,20031226,000000,26.1477,26.1772,26.0406,26.1152,1868685.261547,0
JPM.US,D,20031229,000000,26.1477,26.3452,26.1202,26.3392,7673223.9977131,0
JPM.US,D,20031230,000000,26.3452,26.4444,26.3304,26.3894,7432442.3685935,0
JPM.US,D,20031231,000000,26.5328,26.5642,26.3894,26.4798,8517614.759064,0
JPM.US,D,20040102,000000,26.359,26.7254,26.3392,26.4022,12871916.319586,0
JPM.US,D,20040105,000000,26.4326,26.577,26.1703,26.352,13474152.342854,0
JPM.US,D,20040106,000000,26.7844,27.0888,26.742,27.0142,29417683.894854,0
JPM.US,D,20040107,000000,27.0378,27.4612,27.029,27.4112,20073280.430258,0
JPM.US,D,20040108,000000,27.4672,27.9544,27.4406,27.8817,16631342.087317,0
JPM.US,D,20040109,000000,27.6842,28.2196,27.6478,27.9466,14659047.662415,0
JPM.US,D,20040112,000000,27.755,28.2246,27.7029,27.9672,9770483.5527268,0
JPM.US,D,20040113,000000,27.974,28.0802,27.7264,28.0497,9993506.3737804,0
JPM.US,D,20040114,000000,28.0497,28.3572,28.0497,28.2776,12012543.504248,0
JPM.US,D,20040115,000000,28.7286,28.8032,27.9014,28.0624,69806558.281442,0
JPM.US,D,20040116,000000,28.1165,28.3208,28.0802,28.315,26029970.632562,0
JPM.US,D,20040120,000000,28.4063,28.4958,28.032,28.1853,26233578.568246,0
JPM.US,D,20040121,000000,28.1853,28.9093,28.0959,28.9093,28682304.142126,0
JPM.US,D,20040122,000000,28.8681,29.2198,28.6598,28.7974,21752926.554187,0
JPM.US,D,20040123,000000,28.7974,29.0469,28.3847,28.5498,14568343.076849,0
JPM.US,D,20040126,000000,28.4427,29.04,28.3572,29.0282,17044525.740634,0
JPM.US,D,20040127,000000,28.9506,28.9978,28.76,28.8622,12678434.171869,0
JPM.US,D,20040128,000000,28.8406,28.9702,28.0752,28.2059,20225298.555199,0
JPM.US,D,20040129,000000,28.2384,28.4063,27.6842,28.1568,17873946.662458,0
JPM.US,D,20040130,000000,28.1568,28.2128,27.9308,28.0408,11957892.953214,0
JPM.US,D,20040202,000000,28.1922,28.4063,28.0182,28.1244,12219620.346786,0
JPM.US,D,20040203,000000,28.1922,28.2314,27.9466,28.2128,9600436.8837111,0
JPM.US,D,20040204,000000,28.2059,28.2855,28.0104,28.0624,10884785.396354,0
JPM.US,D,20040205,000000,28.198,28.2619,27.8394,28.088,8997512.7791537,0
JPM.US,D,20040206,000000,28.1165,28.7089,28.0566,28.6441,10142054.573996,0
JPM.US,D,20040209,000000,28.7286,28.7659,28.4888,28.4888,8446737.296918,0
JPM.US,D,20040210,000000,28.427,28.6323,28.3513,28.4662,9968958.3612781,0
JPM.US,D,20040211,000000,28.536,29.1206,28.4958,29.0351,16210946.812795,0
JPM.US,D,20040212,000000,28.9978,29.1274,28.8268,29.097,11261072.217346,0
JPM.US,D,20040213,000000,29.1795,29.3092,28.8406,28.9594,9580182.2541641,0
JPM.US,D,20040217,000000,29.1432,29.4232,29.0204,29.3161,11523770.660548,0
JPM.US,D,20040218,000000,29.3229,29.374,29.0911,29.1874,9945657.2416445,0
JPM.US,D,20040219,000000,29.3662,29.6481,29.1795,29.4291,20634596.992125,0
JPM.US,D,20040220,000000,29.4291,29.4703,29.0862,29.2512,13276364.59772,0
JPM.US,D,20040223,000000,29.2581,29.3229,28.9634,29.0646,11580216.737312,0
JPM.US,D,20040224,000000,28.9093,29.265,28.8622,28.982,14920776.073859,0
JPM.US,D,20040225,000000,29.1274,29.1638,28.8032,29.0911,13389815.562828,0
JPM.US,D,20040226,000000,29.0911,29.3161,28.9506,29.2434,9170747.4224265,0
JPM.US,D,20040227,000000,29.3161,29.7041,29.2434,29.5735,12889117.333944,0
JPM.US,D,20040301,000000,29.7257,30.0018,29.6481,29.9439,14740881.495859,0
JPM.US,D,20040302,000000,29.8603,30.2641,29.8485,30.0421,12207554.495303,0
JPM.US,D,20040303,000000,30.048,30.3889,29.9213,30.3525,11083263.258521,0
JPM.US,D,20040304,000000,30.2818,30.7505,30.2818,30.7141,12915055.759229,0
JPM.US,D,20040305,000000,30.7141,31.6111,30.5323,31.0098,22527555.440808,0
JPM.US,D,20040308,000000,31.0295,31.3547,30.9459,30.9617,12191047.669464,0
JPM.US,D,20040309,000000,30.9617,30.9617,30.4901,30.6227,12534188.515454,0
JPM.US,D,20040310,000000,30.6355,30.6355,30.1384,30.3034,14374993.252456,0
JPM.US,D,20040311,000000,30.103,30.5245,29.7041,29.7837,16537862.783415,0
JPM.US,D,20040312,000000,29.8151,30.0185,29.656,29.936,15002053.131465,0
JPM.US,D,20040315,000000,29.7621,29.7906,29.3789,29.5116,11047060.614715,0
JPM.US,D,20040316,000000,29.6707,29.9213,29.5587,29.7985,10387830.899692,0
JPM.US,D,20040317,000000,30.0559,30.606,30.0559,30.4852,12128632.792878,0
JPM.US,D,20040318,000000,30.1384,30.3663,30.0647,30.2965,14175825.273258,0
JPM.US,D,20040319,000000,30.2965,30.5323,29.6707,29.7985,13133228.421491,0
JPM.US,D,20040322,000000,29.7395,29.7395,29.1579,29.4153,13440026.157376,0
JPM.US,D,20040323,000000,29.6707,29.8485,29.4526,29.544,15021053.743041,0
JPM.US,D,20040324,000000,29.5519,29.6049,29.2267,29.374,10867174.179689,0
JPM.US,D,20040325,000000,29.4526,30.0087,29.3475,29.9213,11337076.699395,0
JPM.US,D,20040326,000000,29.7768,30.0264,29.7041,29.7395,8348819.0544039,0
JPM.US,D,20040329,000000,29.8967,30.4046,29.8967,30.3251,10435124.273864,0
JPM.US,D,20040330,000000,30.3251,30.4321,30.1727,30.2641,10794627.407907,0
JPM.US,D,20040331,000000,30.3467,30.4557,30.0981,30.2455,10754545.65494,0
JPM.US,D,20040401,000000,30.2455,30.5707,30.2395,30.4714,14273191.829294,0
JPM.US,D,20040402,000000,30.6423,30.6905,29.6324,29.9439,17785036.584751,0
JPM.US,D,20040405,000000,29.7621,30.103,29.656,30.103,13820478.109487,0
JPM.US,D,20040406,000000,29.9949,29.9949,29.8151,29.9213,10874245.334595,0
JPM.US,D,20040407,000000,29.9213,29.9713,29.7189,29.8279,10020556.314994,0
JPM.US,D,20040408,000000,30.103,30.1167,29.5587,29.6707,6880832.2315395,0
JPM.US,D,20040412,000000,29.6766,29.9713,29.6403,29.9655,6920785.7326691,0
JPM.US,D,20040413,000000,30.0185,30.0185,28.8406,28.8681,16077380.666568,0
JPM.US,D,20040414,000000,28.594,28.8622,28.1244,28.315,17871306.303192,0
JPM.US,D,20040415,000000,28.3641,28.5301,27.5712,27.9544,21962912.474128,0
JPM.US,D,20040416,000000,28.1312,28.5232,28.0566,28.3071,13510902.60165,0
JPM.US,D,20040419,000000,28.2992,28.4427,28.0252,28.3788,10257033.36457,0
JPM.US,D,20040420,000000,28.4201,28.4722,27.755,27.7854,12518376.896007,0
JPM.US,D,20040421,000000,27.7854,27.7854,27.0004,27.1674,25799730.083074,0
JPM.US,D,20040422,000000,27.1782,27.8906,27.0526,27.6714,19547896.776189,0
JPM.US,D,20040423,000000,27.6842,27.7264,27.3404,27.6135,10006406.880081,0
JPM.US,D,20040426,000000,27.6204,28.536,27.586,27.7933,9807788.551616,0
JPM.US,D,20040427,000000,27.8012,28.0802,27.6646,27.8444,12127243.397967,0
JPM.US,D,20040428,000000,27.7933,27.7933,27.3158,27.3472,9774781.0071691,0
JPM.US,D,20040429,000000,27.3758,27.7029,27.0074,27.1448,14496079.273408,0
JPM.US,D,20040430,000000,27.253,27.3984,27.0742,27.1076,10707945.451416,0
JPM.US,D,20040503,000000,27.4052,27.4052,27.0142,27.2962,11262046.320592,0
JPM.US,D,20040504,000000,27.3472,27.9387,27.2608,27.6204,13509515.242483,0
JPM.US,D,20040505,000000,27.6204,27.7264,27.3236,27.4338,12439180.368215,0
JPM.US,D,20040506,000000,27.253,27.4338,26.91,27.1076,10704194.594093,0
JPM.US,D,20040507,000000,27.029,27.1872,26.2931,26.299,16634254.218335,0
JPM.US,D,20040510,000000,25.9198,25.9552,24.9619,25.5288,29811167.658717,0
JPM.US,D,20040511,000000,25.8844,25.8844,25.1849,25.3726,23042959.88044,0
JPM.US,D,20040512,000000,25.4521,25.796,25.0631,25.7891,23413151.685516,0
JPM.US,D,20040513,000000,25.63,26.239,25.5838,25.7764,16499717.022477,0
JPM.US,D,20040514,000000,25.7626,26.127,25.4698,25.7125,12831556.687637,0
JPM.US,D,20040517,000000,25.2792,25.5749,25.0562,25.46,14301483.574018,0
JPM.US,D,20040518,000000,25.7233,25.9374,25.5887,25.6466,12236818.307528,0
JPM.US,D,20040519,000000,25.9552,26.1703,25.7468,25.7694,15181524.274825,0
JPM.US,D,20040520,000000,25.7764,26.1703,25.7764,25.8922,10240388.108175,0
JPM.US,D,20040521,000000,25.8687,26.127,25.8588,26.0141,9764518.8243914,0
JPM.US,D,20040524,000000,26.1477,26.2931,25.8844,26.0141,8431206.6100681,0
JPM.US,D,20040525,000000,26.021,26.6026,25.8127,26.5642,11413225.719228,0
JPM.US,D,20040526,000000,26.5702,26.692,26.3138,26.5544,9298350.8760622,0
JPM.US,D,20040527,000000,26.6674,26.75,26.3216,26.6408,11321961.304211,0
JPM.US,D,20040528,000000,26.5858,26.6488,26.4326,26.5642,5974578.2800797,0
JPM.US,D,20040601,000000,26.5642,26.7126,26.3138,26.5702,7729394.2312384,0
JPM.US,D,20040602,000000,26.7126,26.9592,26.4954,26.8934,8693070.3984508,0
JPM.US,D,20040603,000000,26.7844,26.8216,26.5642,26.6488,10098223.999448,0
JPM.US,D,20040604,000000,26.8934,27.029,26.7844,26.8776,8089038.8494516,0
JPM.US,D,20040607,000000,27.0594,27.5054,27.0526,27.4976,10219865.778363,0
JPM.US,D,20040608,000000,27.4338,27.5358,27.2412,27.4406,9768260.5208694,0
JPM.US,D,20040609,000000,27.3924,27.4278,27.1076,27.1674,8395419.2579277,0
JPM.US,D,20040610,000000,27.1872,27.253,27.0202,27.253,7210379.4005808,0
JPM.US,D,20040614,000000,27.2018,27.2018,26.692,26.7912,8762420.0351307,0
JPM.US,D,20040615,000000,27.1076,27.1538,26.8158,26.855,11326540.709122,0
JPM.US,D,20040616,000000,26.8776,27.0202,26.742,26.91,8176555.4607612,0
JPM.US,D,20040617,000000,26.8776,27.1026,26.7696,26.91,7971283.3047997,0
JPM.US,D,20040618,000000,26.971,27.1538,26.7696,26.8404,17966039.625064,0
JPM.US,D,20040621,000000,26.8216,26.9592,26.6026,26.6762,7644650.3025202,0
JPM.US,D,20040622,000000,26.6762,26.692,26.4611,26.6488,13354176.81996,0
JPM.US,D,20040623,000000,26.75,27.1242,26.7254,27.1242,12903957.903762,0
JPM.US,D,20040624,000000,27.1242,27.3472,27.0958,27.2342,13997459.538595,0
JPM.US,D,20040625,000000,27.2412,27.7628,27.2342,27.3924,17335934.27384,0
JPM.US,D,20040628,000000,27.4612,27.8168,27.2884,27.362,16350200.826247,0
JPM.US,D,20040629,000000,27.362,27.6714,27.253,27.6066,13568879.557497,0
JPM.US,D,20040630,000000,27.6714,28.0104,27.5438,27.9544,23063351.922671,0
JPM.US,D,20040701,000000,27.8168,27.8591,27.1782,27.5182,21262766.35132,0
JPM.US,D,20040702,000000,27.527,27.7481,27.362,27.4544,11613509.285843,0
JPM.US,D,20040706,000000,27.3984,27.4112,26.8354,26.855,20927252.4182,0
JPM.US,D,20040707,000000,26.862,26.9444,26.4248,26.577,18923752.081813,0
JPM.US,D,20040708,000000,26.6182,26.8404,26.4326,26.4954,13348623.311803,0
JPM.US,D,20040709,000000,26.7058,26.7204,26.41,26.5544,9985740.0124837,0
JPM.US,D,20040712,000000,26.6762,26.7844,26.4738,26.6026,13103270.420747,0
JPM.US,D,20040713,000000,26.4611,26.8698,26.4611,26.7774,13309788.451705,0
JPM.US,D,20040714,000000,26.5858,26.8776,26.1624,26.2774,15125076.162318,0
JPM.US,D,20040715,000000,26.3452,26.4178,25.8922,25.9552,16840505.5669,0
JPM.US,D,20040716,000000,26.135,26.1703,25.7842,25.8588,14111191.4363,0
JPM.US,D,20040719,000000,25.9198,26.1202,25.7468,25.9552,12638216.02409,0
JPM.US,D,20040720,000000,25.906,26.4022,25.5936,26.247,16034383.728967,0
JPM.US,D,20040721,000000,26.855,27.253,26.4611,26.5466,25167683.650462,0
JPM.US,D,20040722,000000,26.3392,26.6674,26.0406,26.5171,17848976.233188,0
JPM.US,D,20040723,000000,26.3894,26.6252,26.2224,26.3392,14184838.527423,0
JPM.US,D,20040726,000000,26.2744,26.41,26.072,26.2931,11219325.22623,0
JPM.US,D,20040727,000000,26.41,26.7774,26.299,26.6104,11777173.899114,0
JPM.US,D,20040728,000000,26.6762,26.9298,26.2155,26.7254,11839170.43042,0
JPM.US,D,20040729,000000,26.855,27.029,26.5328,26.7774,11867465.228758,0
JPM.US,D,20040730,000000,26.6762,26.9592,26.5908,26.917,10969942.580995,0
JPM.US,D,20040802,000000,26.8404,27.0202,26.6104,26.971,11200874.265387,0
JPM.US,D,20040803,000000,27.0004,27.0456,26.6182,26.7254,12581204.010644,0
JPM.US,D,20040804,000000,26.6762,26.9444,26.4178,26.8276,9443704.9947899,0
JPM.US,D,20040805,000000,26.8482,26.8846,26.0632,26.1546,11704911.113544,0
JPM.US,D,20040806,000000,26.0632,26.4326,25.8844,26.021,13406321.370795,0
JPM.US,D,20040809,000000,25.9984,26.1418,25.9198,26.0052,10202250.490212,0
JPM.US,D,20040810,000000,26.1035,26.6762,26.1035,26.6674,12525172.207673,0
JPM.US,D,20040811,000000,26.5466,26.692,26.3138,26.6026,10054395.460644,0
JPM.US,D,20040812,000000,26.6026,26.6606,26.4954,26.577,10034284.351011,0
JPM.US,D,20040813,000000,26.5466,26.6252,26.3138,26.5858,8550764.805553,0
JPM.US,D,20040816,000000,26.6408,27.253,26.6252,27.2107,12580928.167405,0
JPM.US,D,20040817,000000,27.362,27.5772,27.2962,27.3472,14565147.97749,0
JPM.US,D,20040818,000000,27.3236,27.6646,27.2756,27.6272,13395507.501539,0
JPM.US,D,20040819,000000,27.6272,27.6272,27.2884,27.3984,10901153.791638,0
JPM.US,D,20040820,000000,27.3758,27.974,27.3404,27.865,12890087.365703,0
JPM.US,D,20040823,000000,27.9387,28.032,27.7373,27.7933,11097129.725093,0
JPM.US,D,20040824,000000,27.9387,28.0104,27.641,27.8248,8375312.2197815,0
JPM.US,D,20040825,000000,27.8336,28.5714,27.8336,28.4338,16579331.89555,0
JPM.US,D,20040826,000000,28.3513,28.5871,28.1922,28.4427,11789793.472818,0
JPM.US,D,20040827,000000,28.5164,28.6971,28.481,28.6372,9141345.1796457,0
JPM.US,D,20040830,000000,28.6028,28.6166,28.1922,28.1922,8209290.2155845,0
JPM.US,D,20040831,000000,28.198,28.536,28.0566,28.536,9164503.7972372,0
JPM.US,D,20040901,000000,28.4958,28.5871,28.1086,28.3071,11447342.74386,0
JPM.US,D,20040902,000000,28.4427,28.8347,28.315,28.7207,10931384.582006,0
JPM.US,D,20040903,000000,28.6598,28.8406,28.6244,28.7286,9308889.9199503,0
JPM.US,D,20040907,000000,28.7286,28.9093,28.6323,28.7453,14552948.784811,0
JPM.US,D,20040908,000000,28.5626,28.76,28.371,28.3847,15759209.231976,0
JPM.US,D,20040909,000000,28.4888,28.7089,28.371,28.652,10629718.955382,0
JPM.US,D,20040910,000000,28.5626,28.7846,28.4584,28.6971,9066585.5547232,0
JPM.US,D,20040913,000000,28.6166,28.7522,28.2314,28.2314,11539996.553789,0
JPM.US,D,20040914,000000,28.3376,28.6028,28.3297,28.4722,10748162.581323,0
JPM.US,D,20040915,000000,28.3847,28.4427,28.1774,28.1774,9905430.9508914,0
JPM.US,D,20040916,000000,28.3444,28.7207,28.2246,28.536,15183888.790853,0
JPM.US,D,20040917,000000,28.6087,28.6971,28.4888,28.5871,13522415.748784,0
JPM.US,D,20040920,000000,28.594,28.594,28.3376,28.3906,10827778.472267,0
JPM.US,D,20040921,000000,28.481,29.0204,28.481,28.9093,14281371.446513,0
JPM.US,D,20040922,000000,28.481,28.7974,28.371,28.7286,17708330.789082,0
JPM.US,D,20040923,000000,28.6598,28.6676,28.4132,28.4496,12971223.957011,0
JPM.US,D,20040924,000000,28.4584,28.7905,28.4201,28.6598,12177174.07779,0
JPM.US,D,20040927,000000,28.5626,28.5714,28.1646,28.2128,14389695.391719,0
JPM.US,D,20040928,000000,28.2196,28.4584,28.0802,28.3906,11098796.998986,0
JPM.US,D,20040929,000000,28.3906,28.6087,28.147,28.6087,10715300.592534,0
JPM.US,D,20040930,000000,28.5871,28.6893,28.4201,28.6441,11682165.751874,0
JPM.US,D,20041001,000000,28.7659,29.1274,28.7374,29.0862,15777927.893083,0
JPM.US,D,20041004,000000,29.0783,29.1638,28.6598,28.6676,17506809.490444,0
JPM.US,D,20041005,000000,28.6244,28.703,28.1646,28.4496,16661577.967044,0
JPM.US,D,20041006,000000,28.3444,28.5026,28.2314,28.4722,10577985.624726,0
JPM.US,D,20041007,000000,28.4958,28.76,28.4132,28.5026,9780743.699761,0
JPM.US,D,20041008,000000,28.5095,28.6755,28.3071,28.5871,9074767.2076855,0
JPM.US,D,20041011,000000,28.481,28.6166,28.3906,28.3906,4665403.8759517,0
JPM.US,D,20041012,000000,28.1568,28.5792,28.1244,28.4888,11665660.96178,0
JPM.US,D,20041013,000000,28.5498,28.6166,28.0802,28.2934,10548304.485092,0
JPM.US,D,20041014,000000,28.2934,28.2934,27.5438,27.7776,16314279.115039,0
JPM.US,D,20041015,000000,27.7776,28.1922,27.7688,27.9308,11180074.056593,0
JPM.US,D,20041018,000000,27.7933,28.198,27.7776,28.1165,8204435.9853062,0
JPM.US,D,20041019,000000,27.9387,28.3906,27.248,27.3846,22983731.960239,0
JPM.US,D,20041020,000000,26.4611,27.0004,26.186,26.855,32096369.085624,0
JPM.US,D,20041021,000000,26.7332,27.2884,26.7126,27.1782,16043817.364156,0
JPM.US,D,20041022,000000,27.253,27.31,26.966,27.0142,12459709.823129,0
JPM.US,D,20041025,000000,27.0142,27.0594,26.6026,26.692,16600408.965455,0
JPM.US,D,20041026,000000,26.692,27.1076,26.6408,27.029,14655305.965938,0
JPM.US,D,20041027,000000,26.9298,27.527,26.6988,27.4112,15976402.701634,0
JPM.US,D,20041028,000000,27.2884,27.7933,27.1596,27.7422,12158589.775751,0
JPM.US,D,20041029,000000,27.7029,27.8444,27.4112,27.8336,15556290.395454,0
JPM.US,D,20041101,000000,27.9544,28.0752,27.7108,27.755,14084146.584445,0
JPM.US,D,20041102,000000,27.755,28.2384,27.693,27.7933,13687325.219181,0
JPM.US,D,20041103,000000,28.371,28.427,27.8522,28.0104,15401363.193108,0
JPM.US,D,20041104,000000,27.9387,28.594,27.755,28.5792,16863942.063474,0
JPM.US,D,20041105,000000,28.5792,28.7748,28.1165,28.371,18611541.30407,0
JPM.US,D,20041108,000000,28.3513,28.4427,28.198,28.3208,10468824.988959,0
JPM.US,D,20041109,000000,28.3572,28.4722,28.1646,28.198,9715276.2258577,0
JPM.US,D,20041110,000000,28.2452,28.253,28.0104,28.0802,10587415.188428,0
JPM.US,D,20041111,000000,28.2619,28.4201,28.0252,28.2452,11101847.560559,0
JPM.US,D,20041112,000000,28.0674,28.3297,28.0497,28.2384,15490686.526739,0
JPM.US,D,20041115,000000,28.1165,28.2314,28.0802,28.2314,12197566.12002,0
JPM.US,D,20041116,000000,27.755,27.9466,27.6842,27.7373,19613776.488142,0
JPM.US,D,20041117,000000,27.755,27.9947,27.4838,27.5938,20026264.935069,0
JPM.US,D,20041118,000000,27.5438,27.641,27.248,27.2686,20725444.079734,0
JPM.US,D,20041119,000000,27.3236,27.3846,26.8698,26.9758,19898108.777084,0
JPM.US,D,20041122,000000,26.9758,27.2884,26.7844,27.0742,18135667.948799,0
JPM.US,D,20041123,000000,27.1448,27.1782,26.862,27.082,15083046.20286,0
JPM.US,D,20041124,000000,27.2412,27.253,27.0742,27.1782,9507371.8536036,0
JPM.US,D,20041126,000000,27.1782,27.248,27.1076,27.1724,4359986.3741318,0
JPM.US,D,20041129,000000,27.1724,27.2962,26.7578,26.9012,14906764.051629,0
JPM.US,D,20041130,000000,26.807,27.1782,26.7204,27.1448,18075472.032583,0
JPM.US,D,20041201,000000,27.253,27.5998,27.2342,27.5998,15427161.152095,0
JPM.US,D,20041202,000000,27.5772,27.8444,27.5438,27.7196,11424460.987379,0
JPM.US,D,20041203,000000,27.6714,27.7688,27.3924,27.4406,15143106.742135,0
JPM.US,D,20041206,000000,27.362,27.7029,27.2342,27.4838,14834918.593468,0
JPM.US,D,20041207,000000,27.5438,27.6135,27.253,27.2608,12176338.4051,0
JPM.US,D,20041208,000000,27.2608,27.2756,27.0594,27.0742,15841592.716153,0
JPM.US,D,20041209,000000,26.855,27.3158,26.855,27.1724,14370419.954776,0
JPM.US,D,20041210,000000,27.1724,27.2962,27.029,27.1282,11898950.037098,0
JPM.US,D,20041213,000000,27.3984,27.6842,27.3404,27.5772,20638483.226388,0
JPM.US,D,20041214,000000,27.6272,27.974,27.6135,27.9308,16761161.447708,0
JPM.US,D,20041215,000000,27.974,28.2992,27.9466,28.1391,18614591.865643,0
JPM.US,D,20041216,000000,27.974,28.1165,27.8522,28.0674,16075575.979991,0
JPM.US,D,20041217,000000,27.5438,27.9878,27.5358,27.7688,19667595.437973,0
JPM.US,D,20041220,000000,27.7688,28.032,27.7688,27.8336,12285087.820689,0
JPM.US,D,20041221,000000,27.865,28.2992,27.8591,28.1735,12056230.558881,0
JPM.US,D,20041222,000000,28.0802,28.2855,27.974,28.1391,12870944.252085,0
JPM.US,D,20041223,000000,28.2059,28.4662,28.1922,28.2314,11862607.944865,0
JPM.US,D,20041227,000000,28.2619,28.3297,28.0624,28.1244,7822325.9201492,0
JPM.US,D,20041228,000000,28.0959,28.3376,28.0802,28.2688,7517459.0869351,0
JPM.US,D,20041229,000000,28.1244,28.2314,28.0752,28.2314,8333287.3496823,0
JPM.US,D,20041230,000000,28.2314,28.3513,28.1568,28.1774,6582216.1486168,0
JPM.US,D,20041231,000000,28.1774,28.2384,28.0802,28.1244,7980713.8863743,0
JPM.US,D,20050103,000000,28.4662,28.6166,28.1244,28.2246,20755406.151966,0
JPM.US,D,20050104,000000,28.1018,28.1646,27.6272,27.693,15757398.438169,0
JPM.US,D,20050105,000000,27.8336,28.0624,27.6774,27.7481,13551125.838789,0
JPM.US,D,20050106,000000,27.9544,28.1018,27.8591,27.8974,12643486.563905,0
JPM.US,D,20050107,000000,27.8974,28.0252,27.6774,27.6842,13829907.673189,0
JPM.US,D,20050110,000000,27.6842,27.7628,27.4338,27.5938,12877467.791999,0
JPM.US,D,20050111,000000,27.4672,27.5772,27.3236,27.3236,12415184.042191,0
JPM.US,D,20050112,000000,27.3984,27.42,27.0888,27.3924,12580369.355825,0
JPM.US,D,20050113,000000,27.3984,27.6714,27.1872,27.2342,13379688.756991,0
JPM.US,D,20050114,000000,27.2412,27.3846,27.1448,27.2608,10189491.468081,0
JPM.US,D,20050118,000000,27.1872,27.7481,27.0526,27.6842,13494121.968317,0
JPM.US,D,20050119,000000,27.4052,27.7264,27.2756,27.2814,21977891.4745,0
JPM.US,D,20050120,000000,27.253,27.2756,26.7578,26.855,21138076.046574,0
JPM.US,D,20050121,000000,26.855,27.029,26.5702,26.5702,19660519.193708,0
JPM.US,D,20050124,000000,26.577,26.8354,26.5024,26.5908,17851473.07254,0
JPM.US,D,20050125,000000,26.6674,26.8276,26.5544,26.577,13850579.630145,0
JPM.US,D,20050126,000000,26.5328,26.6762,26.5024,26.5544,19060786.117023,0
JPM.US,D,20050127,000000,26.4022,26.6026,26.3216,26.4954,13580114.825648,0
JPM.US,D,20050128,000000,26.5908,26.6762,26.41,26.6762,21195774.105565,0
JPM.US,D,20050131,000000,26.8776,26.966,26.8482,26.917,19574110.02684,0
JPM.US,D,20050201,000000,26.917,27.137,26.8934,27.0378,19439152.449959,0
JPM.US,D,20050202,000000,27.0378,27.0662,26.9524,27.0526,18235254.483078,0
JPM.US,D,20050203,000000,27.0594,27.0594,26.9298,26.9592,14893028.89051,0
JPM.US,D,20050204,000000,26.9916,27.2107,26.966,27.1724,14788597.286798,0
JPM.US,D,20050207,000000,27.1782,27.4484,27.1076,27.3758,13090365.842958,0
JPM.US,D,20050208,000000,27.3404,27.3924,27.1724,27.2274,10512242.307584,0
JPM.US,D,20050209,000000,27.1164,27.2107,27.0004,27.0378,9840802.2032933,0
JPM.US,D,20050210,000000,27.082,27.1538,26.9592,27.0004,12306721.666429,0
JPM.US,D,20050211,000000,26.8934,27.0958,26.7774,27.0202,14808430.517449,0
JPM.US,D,20050214,000000,27.0888,27.0888,26.8698,27.0378,9273384.5182789,0
JPM.US,D,20050215,000000,27.0378,27.2186,27.0004,27.0742,11309339.694763,0
JPM.US,D,20050216,000000,26.9228,26.9838,26.807,26.917,13291757.871887,0
JPM.US,D,20050217,000000,26.8776,26.9444,26.5171,26.5171,16859919.434399,0
JPM.US,D,20050218,000000,26.4248,26.5024,26.1703,26.3216,24779603.767611,0
JPM.US,D,20050222,000000,26.3216,26.41,25.8844,25.906,20662060.189261,0
JPM.US,D,20050223,000000,26.0888,26.3736,25.9552,26.299,17406949.14867,0
JPM.US,D,20050224,000000,26.3304,26.5976,26.2774,26.4444,12654019.500563,0
JPM.US,D,20050225,000000,26.4444,26.7332,26.4248,26.6536,12180366.123534,0
JPM.US,D,20050228,000000,26.6536,26.692,26.3304,26.352,15817039.614293,0
JPM.US,D,20050301,000000,26.6762,26.9228,26.5908,26.742,14119930.882971,0
JPM.US,D,20050302,000000,26.6762,26.9758,26.5858,26.6674,13138913.235101,0
JPM.US,D,20050303,000000,26.7844,26.807,26.4611,26.6832,11612397.769914,0
JPM.US,D,20050304,000000,26.855,27.248,26.7636,27.0456,17612360.753057,0
JPM.US,D,20050307,000000,27.0456,27.0742,26.9012,26.9228,15633408.429174,0
JPM.US,D,20050308,000000,26.8404,26.8776,26.6104,26.634,13778870.566796,0
JPM.US,D,20050309,000000,26.4798,26.5466,26.2008,26.2931,24477516.74209,0
JPM.US,D,20050310,000000,26.299,26.3894,26.1624,26.2155,16509427.518777,0
JPM.US,D,20050311,000000,26.1418,26.2302,25.9552,26.0328,12895217.439219,0
JPM.US,D,20050314,000000,26.0328,26.3068,25.852,26.2774,18166043.276953,0
JPM.US,D,20050315,000000,26.3216,26.4385,26.0956,26.135,11937783.879324,0
JPM.US,D,20050316,000000,26.135,26.247,25.9895,26.135,18630960.260926,0
JPM.US,D,20050317,000000,26.1152,26.1546,25.8844,26.0632,12530861.09277,0
JPM.US,D,20050318,000000,26.072,26.135,25.8264,25.963,25120109.343693,0
JPM.US,D,20050321,000000,25.8687,25.9198,25.5936,25.8038,15878351.117924,0
JPM.US,D,20050322,000000,25.9552,25.9552,25.2085,25.2792,20574128.286286,0
JPM.US,D,20050323,000000,25.2792,25.4443,25.1446,25.1849,24255462.934923,0
JPM.US,D,20050324,000000,25.3077,25.3401,25.1387,25.1849,16635364.716392,0
JPM.US,D,20050328,000000,25.1849,25.294,25.0405,25.126,12199366.735111,0
JPM.US,D,20050329,000000,24.9806,25.3077,24.7438,24.9354,20412266.323848,0
JPM.US,D,20050330,000000,24.8872,25.2212,24.8509,25.1996,14927014.609689,0
JPM.US,D,20050331,000000,25.1623,25.1849,24.8951,24.9501,18463827.758673,0
JPM.US,D,20050401,000000,25.0847,25.3156,24.397,24.6937,27823902.376417,0
JPM.US,D,20050404,000000,24.2761,24.4785,24.0433,24.3459,21691897.001025,0
JPM.US,D,20050405,000000,24.5876,25.0631,24.4923,24.9354,21224070.939648,0
JPM.US,D,20050406,000000,25.0562,25.1702,24.9619,25.0002,14807457.432075,0
JPM.US,D,20050407,000000,25.0562,25.3077,24.9933,25.0906,11548452.014246,0
JPM.US,D,20050408,000000,25.1328,25.1996,24.8715,24.8715,8823864.8799586,0
JPM.US,D,20050411,000000,24.9933,25.0984,24.9285,24.9619,9950510.4540511,0
JPM.US,D,20050412,000000,24.9619,25.3814,24.6937,25.2625,20234593.759834,0
JPM.US,D,20050413,000000,25.2704,25.2989,24.8715,24.9285,15957826.542569,0
JPM.US,D,20050414,000000,24.9285,24.957,24.6505,24.6505,15288742.811333,0
JPM.US,D,20050415,000000,24.6937,25.0169,24.4353,24.4667,20824892.183457,0
JPM.US,D,20050418,000000,24.6937,25.1761,24.6642,24.9737,22207439.871213,0
JPM.US,D,20050419,000000,25.0405,25.346,25.0002,25.1996,15236590.117524,0
JPM.US,D,20050420,000000,25.6466,25.8687,25.0405,25.0631,35326520.893534,0
JPM.US,D,20050421,000000,25.2488,25.3549,24.7438,25.2625,23037412.479514,0
JPM.US,D,20050422,000000,25.0719,25.3637,24.9196,25.1387,18691844.258431,0
JPM.US,D,20050425,000000,25.2212,25.3814,25.1525,25.3549,12726011.532252,0
JPM.US,D,20050426,000000,25.3637,25.5425,25.2625,25.294,11694645.877151,0
JPM.US,D,20050427,000000,25.294,25.7764,25.2144,25.5936,15904562.332832,0
JPM.US,D,20050428,000000,25.4521,25.6024,25.233,25.2488,18047591.508038,0
JPM.US,D,20050429,000000,25.2537,25.5936,25.1761,25.5887,19703237.234455,0
JPM.US,D,20050502,000000,25.6526,25.6663,25.3215,25.6466,14218121.915109,0
JPM.US,D,20050503,000000,25.6526,25.8264,25.4305,25.5936,17683233.125845,0
JPM.US,D,20050504,000000,25.6024,26.0799,25.5592,26.0278,17882678.984027,0
JPM.US,D,20050505,000000,26.0632,26.0956,25.6103,25.8844,11495195.947483,0
JPM.US,D,20050506,000000,25.9552,25.9895,25.5936,25.6732,10149823.988908,0
JPM.US,D,20050509,000000,25.6378,25.9552,25.625,25.9286,9512084.5997115,0
JPM.US,D,20050510,000000,25.6663,25.6791,25.233,25.3342,19136515.773704,0
JPM.US,D,20050511,000000,25.3342,25.5504,25.1328,25.4521,12622816.642692,0
JPM.US,D,20050512,000000,25.9198,25.9198,24.9668,25.1112,15643808.024634,0
JPM.US,D,20050513,000000,25.1112,25.1112,24.5945,24.844,19298797.099295,0
JPM.US,D,20050516,000000,24.9403,25.1761,24.8951,25.0474,14489980.186004,0
JPM.US,D,20050517,000000,24.8794,25.4226,24.8715,25.3863,16183758.441026,0
JPM.US,D,20050518,000000,25.6663,26.0278,25.5671,25.9895,20556651.428689,0
JPM.US,D,20050519,000000,25.8324,26.1703,25.8196,26.0956,14283872.357352,0
JPM.US,D,20050520,000000,26.0956,26.1418,25.4954,25.9984,10438312.248121,0
JPM.US,D,20050523,000000,25.8844,25.9552,25.7557,25.8922,11014468.361934,0
JPM.US,D,20050524,000000,25.9374,25.9552,25.7125,25.8766,8732599.4470691,0
JPM.US,D,20050525,000000,25.8038,25.9552,25.739,25.8922,7035483.5906453,0
JPM.US,D,20050526,000000,25.9816,26.021,25.7557,25.9129,8155750.1626085,0
JPM.US,D,20050527,000000,25.9198,25.9816,25.7468,25.8127,8331758.5063444,0
JPM.US,D,20050531,000000,25.8324,25.9552,25.6958,25.7764,10537623.957033,0
JPM.US,D,20050601,000000,25.6378,26.3138,25.6378,25.7764,16981560.195442,0
JPM.US,D,20050602,000000,25.4158,25.796,25.2409,25.7694,21607427.897674,0
JPM.US,D,20050603,000000,25.6791,25.8451,25.5288,25.63,11950823.834052,0
JPM.US,D,20050606,000000,25.5749,25.6594,25.3814,25.6024,8234532.4166065,0
JPM.US,D,20050607,000000,25.6103,25.9129,25.5592,25.5838,11898254.830706,0
JPM.US,D,20050608,000000,25.63,25.8196,25.5838,25.7184,10712244.941601,0
JPM.US,D,20050609,000000,25.6103,25.739,25.46,25.5936,9834279.6812501,0
JPM.US,D,20050610,000000,25.6663,25.6958,25.4079,25.5425,9021925.414716,0
JPM.US,D,20050613,000000,25.4443,25.7842,25.4305,25.5936,9885877.634966,0
JPM.US,D,20050614,000000,25.5592,25.7626,25.516,25.6663,8700840.8312344,0
JPM.US,D,20050615,000000,25.7694,25.8844,25.6732,25.7468,12660681.471032,0
JPM.US,D,20050616,000000,25.7125,25.9895,25.6732,25.8844,13567075.888791,0
JPM.US,D,20050617,000000,26.0956,26.1035,25.8687,26.0141,21411173.067365,0
JPM.US,D,20050620,000000,25.8844,26.0956,25.8127,25.9895,11624049.347603,0
JPM.US,D,20050621,000000,25.9895,26.0554,25.8844,25.9816,8047431.3067615,0
JPM.US,D,20050622,000000,25.9984,26.2686,25.9984,26.1418,12924901.63247,0
JPM.US,D,20050623,000000,26.1703,26.2686,25.9001,25.906,14844486.587726,0
JPM.US,D,20050624,000000,25.5936,25.9758,25.5228,25.6466,17123997.093793,0
JPM.US,D,20050627,000000,25.6526,25.7891,25.6103,25.6594,11954430.15359,0
JPM.US,D,20050628,000000,25.7891,25.9001,25.6791,25.9001,8262272.4748528,0
JPM.US,D,20050629,000000,25.9414,26.0278,25.8687,25.9286,8606102.4200036,0
JPM.US,D,20050630,000000,25.7468,25.9552,25.4629,25.4629,14965156.29914,0
JPM.US,D,20050701,000000,25.3942,25.4521,25.2409,25.2792,14934784.0246,0
JPM.US,D,20050705,000000,25.233,25.4364,25.0984,25.2144,10986592.926747,0
JPM.US,D,20050706,000000,25.233,25.3401,24.8224,24.9501,14941436.834225,0
JPM.US,D,20050707,000000,24.9501,24.9501,24.7281,24.844,14771813.599849,0
JPM.US,D,20050708,000000,24.957,25.2537,24.8715,25.0984,13300495.282814,0
JPM.US,D,20050711,000000,25.0984,25.4698,25.0562,25.2085,11727100.717249,0
JPM.US,D,20050712,000000,25.2085,25.4865,25.1328,25.4158,19828068.0055,0
JPM.US,D,20050713,000000,25.4158,25.6466,25.3549,25.5887,15407879.607922,0
JPM.US,D,20050714,000000,25.7036,25.852,25.5838,25.7312,12168577.133162,0
JPM.US,D,20050715,000000,25.7312,25.9198,25.6663,25.852,10584501.021667,0
JPM.US,D,20050718,000000,25.7184,25.7312,25.5091,25.6024,11630149.452878,0
JPM.US,D,20050719,000000,25.6024,25.7468,25.3077,25.3863,17439815.208946,0
JPM.US,D,20050720,000000,25.3942,25.6192,25.1191,25.346,18458836.115711,0
JPM.US,D,20050721,000000,25.739,25.739,25.2792,25.5228,12929479.001638,0
JPM.US,D,20050722,000000,25.5228,25.6663,25.4629,25.6663,9855783.2394092,0
JPM.US,D,20050725,000000,25.63,25.6663,25.4079,25.5504,8292510.3903234,0
JPM.US,D,20050726,000000,25.6958,25.7036,25.46,25.5012,8978647.5445176,0
JPM.US,D,20050727,000000,25.6103,25.6192,25.2871,25.4865,11670926.412237,0
JPM.US,D,20050728,000000,25.4954,25.5887,25.3637,25.5671,10427909.599045,0
JPM.US,D,20050729,000000,25.5592,25.5592,25.3156,25.3342,11782302.954759,0
JPM.US,D,20050801,000000,25.4629,25.5504,25.3401,25.4521,10073674.969074,0
JPM.US,D,20050802,000000,25.5749,25.6958,25.4521,25.63,9218737.0208611,0
JPM.US,D,20050803,000000,25.6378,25.7036,25.5366,25.6732,13576089.142956,0
JPM.US,D,20050804,000000,25.5366,25.6103,25.4865,25.5671,13266934.016146,0
JPM.US,D,20050805,000000,25.4865,25.5936,25.3863,25.4158,12882877.780242,0
JPM.US,D,20050808,000000,25.46,25.5425,25.1918,25.2272,8003317.7638731,0
JPM.US,D,20050809,000000,25.2871,25.4629,25.1702,25.2537,8215804.5946538,0
JPM.US,D,20050810,000000,25.4226,25.4954,24.9668,25.0906,13490789.456274,0
JPM.US,D,20050811,000000,25.0906,25.2144,24.844,25.0984,13322412.096895,0
JPM.US,D,20050812,000000,24.9737,25.0169,24.7222,24.7359,12020445.242484,0
JPM.US,D,20050815,000000,24.7094,25.0847,24.6937,24.9806,10546642.300557,0
JPM.US,D,20050816,000000,24.9874,25.2272,24.8872,24.9354,12006023.017947,0
JPM.US,D,20050817,000000,24.9806,25.0238,24.8037,24.844,15257955.245128,0
JPM.US,D,20050818,000000,24.844,25.0719,24.788,24.9874,9259929.2718856,0
JPM.US,D,20050819,000000,25.0906,25.0906,24.8872,24.9039,8580447.9809312,0
JPM.US,D,20050822,000000,24.9403,25.0788,24.8116,24.8794,9144533.1539029,0
JPM.US,D,20050823,000000,24.8794,24.9874,24.7359,24.7674,10957320.971548,0
JPM.US,D,20050824,000000,24.7359,24.9403,24.3813,24.4039,18753015.295765,0
JPM.US,D,20050825,000000,24.5051,24.6446,24.4117,24.6013,9683932.9016887,0
JPM.US,D,20050826,000000,24.6151,24.6505,24.2467,24.2604,13376366.423665,0
JPM.US,D,20050829,000000,24.1032,24.5797,24.0659,24.451,10379092.470893,0
JPM.US,D,20050830,000000,24.3155,24.3213,24.0148,24.2103,12354991.17959,0
JPM.US,D,20050831,000000,24.2152,24.4569,24.0511,24.4353,13976373.307846,0
JPM.US,D,20050901,000000,24.3321,24.7153,24.3155,24.5561,13546968.850646,0
JPM.US,D,20050902,000000,24.7153,24.8165,24.564,24.5945,9847871.3224552,0
JPM.US,D,20050906,000000,24.6937,24.9501,24.6937,24.9285,10110568.747784,0
JPM.US,D,20050907,000000,25.1623,25.1702,24.9668,25.1525,14163755.350288,0
JPM.US,D,20050908,000000,25.1918,25.1918,24.8794,24.9737,12683981.572795,0
JPM.US,D,20050909,000000,24.9668,25.1623,24.957,25.1053,12631691.466303,0
JPM.US,D,20050912,000000,25.0847,25.1525,24.8715,24.9285,13473316.670165,0
JPM.US,D,20050913,000000,24.8037,24.8656,24.622,24.622,18072282.022582,0
JPM.US,D,20050914,000000,24.8037,24.8656,24.6446,24.6868,11285626.33708,0
JPM.US,D,20050915,000000,24.7674,24.8224,24.5483,24.6092,11892429.550798,0
JPM.US,D,20050916,000000,24.677,25.233,24.6691,25.2272,27125827.622578,0
JPM.US,D,20050919,000000,25.1446,25.1996,24.8165,24.9403,14115075.634821,0
JPM.US,D,20050920,000000,24.8872,25.1996,24.8381,24.8951,17407363.422464,0
JPM.US,D,20050921,000000,24.7222,24.7674,24.4569,24.5188,14634356.129999,0
JPM.US,D,20050922,000000,24.4432,24.7959,24.3606,24.6937,11246374.149571,0
JPM.US,D,20050923,000000,24.6691,24.7153,24.451,24.564,13335866.325416,0
JPM.US,D,20050926,000000,24.6937,24.6937,24.4353,24.4569,13660001.470472,0
JPM.US,D,20050927,000000,24.5483,24.6151,24.3263,24.4284,12114766.326306,0
JPM.US,D,20050928,000000,24.4353,24.7006,24.338,24.4569,12259008.929105,0
JPM.US,D,20050929,000000,24.4039,24.788,24.1543,24.7674,14704543.475113,0
JPM.US,D,20050930,000000,24.677,24.7281,24.3537,24.4667,14610084.978607,0
JPM.US,D,20051003,000000,24.6505,24.8224,24.3321,24.6013,20276616.59419,0
JPM.US,D,20051004,000000,24.6013,24.7153,24.1966,24.2221,17755493.875671,0
JPM.US,D,20051005,000000,24.3213,24.4039,24.1081,24.116,16161152.527783,0
JPM.US,D,20051006,000000,24.1592,24.4972,24.0954,24.2683,17522064.334055,0
JPM.US,D,20051007,000000,24.4284,24.564,24.3263,24.4432,13763058.947349,0
JPM.US,D,20051010,000000,24.5119,24.5483,24.1592,24.1671,9010276.8906427,0
JPM.US,D,20051011,000000,24.1475,24.2761,23.8714,24.0148,14100098.670191,0
JPM.US,D,20051012,000000,23.8979,24.1671,23.7997,23.9893,21423790.605325,0
JPM.US,D,20051013,000000,23.781,24.3537,23.7339,24.3321,18015139.721556,0
JPM.US,D,20051014,000000,24.4972,24.6505,24.338,24.5719,15486803.34609,0
JPM.US,D,20051017,000000,24.6642,24.7526,24.3537,24.5119,11746797.553088,0
JPM.US,D,20051018,000000,24.4972,24.622,24.3263,24.3459,12170522.286037,0
JPM.US,D,20051019,000000,24.622,25.0562,24.451,25.0405,26866601.139847,0
JPM.US,D,20051020,000000,25.1525,25.3077,24.8381,25.0562,25741894.6114,0
JPM.US,D,20051021,000000,25.0719,25.3726,25.0719,25.3284,21236825.890291,0
JPM.US,D,20051024,000000,25.4226,25.8038,25.4158,25.7842,19940134.665054,0
JPM.US,D,20051025,000000,25.739,25.8922,25.6024,25.7557,15094841.300463,0
JPM.US,D,20051026,000000,25.7468,26.2302,25.6869,26.0278,22406056.163935,0
JPM.US,D,20051027,000000,26.0278,26.1772,25.9129,25.9758,14040035.077301,0
JPM.US,D,20051028,000000,26.1152,26.299,25.9552,26.2744,17129547.548335,0
JPM.US,D,20051031,000000,26.3138,26.5328,26.247,26.4022,21585098.845542,0
JPM.US,D,20051101,000000,26.525,26.6674,26.3736,26.5702,26659115.112874,0
JPM.US,D,20051102,000000,26.468,27.029,26.4611,26.8216,17968533.410801,0
JPM.US,D,20051103,000000,26.862,27.029,26.6606,26.742,14373190.601623,0
JPM.US,D,20051104,000000,26.75,26.9228,26.7204,26.9012,15641589.064265,0
JPM.US,D,20051107,000000,27.0074,27.2018,26.9524,27.1674,11903250.545155,0
JPM.US,D,20051108,000000,26.9916,27.0958,26.855,26.9228,10821815.779676,0
JPM.US,D,20051109,000000,26.9298,27.2018,26.8276,27.194,15694434.928721,0
JPM.US,D,20051110,000000,27.2186,27.693,27.1674,27.6272,23112171.086565,0
JPM.US,D,20051111,000000,27.5182,27.6714,27.3924,27.586,11367594.529591,0
JPM.US,D,20051114,000000,27.3846,27.5575,27.3846,27.4907,11217658.970208,0
JPM.US,D,20051115,000000,27.4112,27.5772,27.1448,27.2018,13908271.581906,0
JPM.US,D,20051116,000000,27.3335,27.362,27.0004,27.2608,15131594.612874,0
JPM.US,D,20051117,000000,27.1782,27.3984,27.1782,27.3472,13292592.526705,0
JPM.US,D,20051118,000000,27.3984,27.4907,27.1242,27.42,20646524.413053,0
JPM.US,D,20051121,000000,27.3984,27.4406,27.2342,27.2686,14749343.063546,0
JPM.US,D,20051122,000000,27.1596,27.586,27.0526,27.5438,15951721.347936,0
JPM.US,D,20051123,000000,27.5496,28.1086,27.4976,27.9613,16620106.819166,0
JPM.US,D,20051125,000000,28.1018,28.1086,27.9387,28.0182,5236286.3963334,0
JPM.US,D,20051128,000000,28.1165,28.2246,27.9387,28.0497,15747696.084843,0
JPM.US,D,20051129,000000,28.0182,28.2452,27.974,28.088,19924598.888847,0
JPM.US,D,20051130,000000,28.1312,28.198,27.5575,27.5772,17769086.534749,0
JPM.US,D,20051201,000000,27.7688,27.9613,27.6842,27.809,16880165.920972,0
JPM.US,D,20051202,000000,27.6774,28.1735,27.6774,28.1086,13625187.203705,0
JPM.US,D,20051205,000000,27.9947,28.032,27.809,28.0104,9008611.6524931,0
JPM.US,D,20051206,000000,28.2246,28.3208,27.9672,28.0104,17156182.197883,0
JPM.US,D,20051207,000000,28.0104,28.0408,27.6272,27.7373,13402436.154403,0
JPM.US,D,20051208,000000,27.7373,28.0408,27.7029,27.865,11917672.769692,0
JPM.US,D,20051209,000000,27.8728,28.3376,27.865,28.2059,11756782.874755,0
JPM.US,D,20051212,000000,28.2196,28.3208,28.0408,28.2246,11114751.120476,0
JPM.US,D,20051213,000000,28.1312,28.5409,28.1165,28.4132,14714808.711506,0
JPM.US,D,20051214,000000,28.4132,28.6372,28.3071,28.5164,11804911.921617,0
JPM.US,D,20051215,000000,28.5232,28.6598,28.4132,28.536,12118090.695375,0
JPM.US,D,20051216,000000,28.6441,28.7522,28.5792,28.6893,16735782.851874,0
JPM.US,D,20051219,000000,28.6323,28.7748,28.4722,28.5498,19488811.35803,0
JPM.US,D,20051220,000000,28.6166,28.6824,28.4201,28.5498,10618062.288335,0
JPM.US,D,20051221,000000,28.594,28.8268,28.5498,28.7148,16122739.066581,0
JPM.US,D,20051222,000000,28.7974,28.9182,28.7374,28.875,14074163.298522,0
JPM.US,D,20051223,000000,28.926,29.1432,28.8474,29.0646,9717081.9303059,0
JPM.US,D,20051227,000000,29.1274,29.2434,28.8199,28.9093,10752465.125124,0
JPM.US,D,20051228,000000,28.9182,29.0046,28.7089,28.7748,13213675.913639,0
JPM.US,D,20051229,000000,28.7748,28.875,28.6971,28.7374,10249822.761237,0
JPM.US,D,20051230,000000,28.6323,28.6893,28.4662,28.6166,11882994.897737,0
JPM.US,D,20060103,000000,28.7148,29.097,28.3376,28.9771,17806952.38096,0
JPM.US,D,20060104,000000,28.6824,28.9428,28.4201,28.5626,18712516.215388,0
JPM.US,D,20060105,000000,28.5556,28.703,28.481,28.652,11182709.326501,0
JPM.US,D,20060106,000000,28.7846,29.0125,28.5164,28.8543,11041513.213789,0
JPM.US,D,20060109,000000,28.7522,29.3593,28.7522,29.3229,22989421.863207,0
JPM.US,D,20060110,000000,29.1992,29.3789,28.8887,29.3662,23044487.705906,0
JPM.US,D,20060111,000000,29.3662,29.4703,29.2787,29.3475,16946743.892932,0
JPM.US,D,20060112,000000,29.0204,29.1432,28.7659,28.8032,16961304.548024,0
JPM.US,D,20060113,000000,28.6824,28.8622,28.5871,28.7846,15203028.850856,0
JPM.US,D,20060117,000000,28.4662,28.7089,28.4132,28.6323,13788022.251517,0
JPM.US,D,20060118,000000,28.198,28.6323,28.0802,28.3208,24706370.950282,0
JPM.US,D,20060119,000000,28.3641,28.4584,27.974,28.1646,16771147.787246,0
JPM.US,D,20060120,000000,27.98,27.9878,27.31,27.4338,28991323.891996,0
JPM.US,D,20060123,000000,27.4976,27.9014,27.3758,27.5938,18269787.817248,0
JPM.US,D,20060124,000000,27.5938,27.7776,27.4612,27.476,13566800.045553,0
JPM.US,D,20060125,000000,27.5123,27.8906,27.4406,27.7422,19762739.980023,0
JPM.US,D,20060126,000000,27.9072,28.703,27.9072,28.5409,22452381.542092,0
JPM.US,D,20060127,000000,28.2992,28.8681,28.2384,28.6598,17932889.578575,0
JPM.US,D,20060130,000000,28.4958,28.8199,28.4201,28.7286,12069126.993695,0
JPM.US,D,20060131,000000,28.8622,28.9771,28.652,28.6598,21610758.373973,0
JPM.US,D,20060201,000000,28.6598,28.9978,28.6028,28.7522,15847975.78977,0
JPM.US,D,20060202,000000,28.7522,28.9594,28.5409,28.8347,14298570.425127,0
JPM.US,D,20060203,000000,28.4427,28.9093,28.4063,28.5026,14481097.21942,0
JPM.US,D,20060206,000000,28.4063,28.5498,28.3444,28.4338,9142728.4673262,0
JPM.US,D,20060207,000000,28.2619,28.5498,28.1568,28.3071,11914893.97987,0
JPM.US,D,20060208,000000,28.3208,28.5626,28.2992,28.5498,13960286.863031,0
JPM.US,D,20060209,000000,28.5026,28.8622,28.4338,28.6755,11784250.143378,0
JPM.US,D,20060210,000000,28.5626,28.8268,28.3297,28.7846,12192297.615948,0
JPM.US,D,20060213,000000,28.7846,29.0646,28.5556,28.6755,10806835.761431,0
JPM.US,D,20060214,000000,28.594,29.0783,28.5871,28.9093,17897795.397082,0
JPM.US,D,20060215,000000,28.8199,29.1992,28.8199,29.0705,17565196.648596,0
JPM.US,D,20060216,000000,29.1638,29.4291,29.0125,29.4291,16048807.989246,0
JPM.US,D,20060217,000000,29.3161,29.4291,29.1274,29.3996,15974740.517099,0
JPM.US,D,20060221,000000,29.2945,29.5234,29.2345,29.3475,10158975.673628,0
JPM.US,D,20060222,000000,29.4831,29.9586,29.374,29.8545,18240803.919748,0
JPM.US,D,20060223,000000,29.7474,29.9713,29.5587,29.6403,12121558.584357,0
JPM.US,D,20060224,000000,29.5165,30.1561,29.4703,30.0352,12891059.433205,0
JPM.US,D,20060227,000000,29.9586,30.2455,29.9586,29.9792,11845409.984122,0
JPM.US,D,20060228,000000,29.9861,29.9949,29.5381,29.6639,16216077.904184,0
JPM.US,D,20060301,000000,29.6766,30.2395,29.656,30.0136,14601768.966577,0
JPM.US,D,20060302,000000,30.0136,30.1639,29.8279,30.0352,15173345.675478,0
JPM.US,D,20060303,000000,29.9213,30.3467,29.8682,29.9861,17046884.149432,0
JPM.US,D,20060306,000000,29.9036,30.1443,29.6639,29.8682,13561528.487865,0
JPM.US,D,20060307,000000,29.5735,30.0352,29.5735,29.9036,13094665.333145,0
JPM.US,D,20060308,000000,29.9114,30.0981,29.7041,29.9949,12686895.739556,0
JPM.US,D,20060309,000000,29.9213,30.0981,29.5293,29.599,13547382.106568,0
JPM.US,D,20060310,000000,29.6049,29.8485,29.4703,29.656,15499700.798776,0
JPM.US,D,20060313,000000,29.8849,29.9036,29.544,29.6049,14738247.243823,0
JPM.US,D,20060314,000000,29.7474,29.9213,29.7395,29.8358,22498985.817102,0
JPM.US,D,20060315,000000,29.6766,29.8083,29.5519,29.7189,19433333.277281,0
JPM.US,D,20060316,000000,29.8603,29.9439,29.7474,29.7906,13933099.509134,0
JPM.US,D,20060317,000000,29.8151,29.9213,29.7395,29.8485,18089485.072684,0
JPM.US,D,20060320,000000,29.7837,29.9586,29.6707,29.8849,13062626.802584,0
JPM.US,D,20060321,000000,29.7552,30.0735,29.5911,29.7041,18687685.234545,0
JPM.US,D,20060322,000000,29.6953,30.4233,29.5587,30.3191,18746635.275763,0
JPM.US,D,20060323,000000,30.3191,30.4233,30.1501,30.3113,18012505.469519,0
JPM.US,D,20060324,000000,30.272,30.5923,30.2179,30.3525,9988094.3497942,0
JPM.US,D,20060327,000000,30.1797,30.4233,30.1237,30.3594,10866612.314494,0
JPM.US,D,20060328,000000,30.2317,30.4321,29.9213,29.9655,21561244.003687,0
JPM.US,D,20060329,000000,30.0883,30.3398,29.7837,30.048,10848167.460882,0
JPM.US,D,20060330,000000,29.9527,30.3113,29.6481,29.9439,11993682.341099,0
JPM.US,D,20060331,000000,30.1237,30.2395,29.9213,30.0185,14297043.617533,0
JPM.US,D,20060403,000000,30.2455,30.6139,30.1944,30.2317,15080139.1612,0
JPM.US,D,20060404,000000,29.9949,30.6139,29.9213,30.4783,17749537.290311,0
JPM.US,D,20060405,000000,30.4046,30.7583,30.3113,30.6699,13168871.235847,0
JPM.US,D,20060406,000000,30.5628,30.6227,30.2965,30.4901,8636205.976406,0
JPM.US,D,20060407,000000,30.4635,30.5981,30.0136,30.0647,14915506.551914,0
JPM.US,D,20060410,000000,30.2317,30.4714,30.0559,30.1944,10276593.805597,0
JPM.US,D,20060411,000000,30.2818,30.5323,29.9036,30.0018,12244858.47632,0
JPM.US,D,20060412,000000,30.1561,30.2641,30.0647,30.2121,8146876.35687,0
JPM.US,D,20060413,000000,30.2533,30.5854,30.2179,30.4183,9089058.1267689,0
JPM.US,D,20060417,000000,30.4852,30.5549,30.1561,30.2818,11076741.754349,0
JPM.US,D,20060418,000000,30.4409,30.8211,30.3339,30.7141,15227994.190767,0
JPM.US,D,20060419,000000,30.5707,30.9971,30.4969,30.7279,13104377.865188,0
JPM.US,D,20060420,000000,30.6423,30.9675,30.5549,30.7141,11700472.174932,0
JPM.US,D,20060421,000000,30.9155,30.9155,30.5707,30.6423,19046080.924146,0
JPM.US,D,20060424,000000,30.6483,30.8437,30.3967,30.7721,13142935.864176,0
JPM.US,D,20060425,000000,30.664,30.8733,30.3594,30.4409,16133415.523153,0
JPM.US,D,20060426,000000,30.5628,30.8153,30.3967,30.7583,14768347.74661,0
JPM.US,D,20060427,000000,30.7583,31.7683,30.664,31.6857,24045614.427666,0
JPM.US,D,20060428,000000,31.7957,33.0945,31.7957,32.7212,39161393.349605,0
JPM.US,D,20060501,000000,32.7212,32.8666,32.2507,32.286,22298707.339845,0
JPM.US,D,20060502,000000,32.4471,32.8126,32.3773,32.8037,17891419.448569,0
JPM.US,D,20060503,000000,32.8666,32.9501,32.6043,32.7772,21616720.048693,0
JPM.US,D,20060504,000000,32.8126,33.0287,32.8037,32.9433,14633662.959351,0
JPM.US,D,20060505,000000,33.1014,33.74,32.9433,33.6339,23788599.780203,0
JPM.US,D,20060508,000000,33.5966,33.6339,33.1947,33.235,14263622.817164,0
JPM.US,D,20060509,000000,33.1211,33.4197,33.0601,33.181,10972441.456091,0
JPM.US,D,20060510,000000,32.9767,33.2527,32.8126,33.1073,9939279.2573869,0
JPM.US,D,20060511,000000,33.1073,33.1339,32.4147,32.5513,14601209.137126,0
JPM.US,D,20060512,000000,32.4078,32.4147,31.9107,31.9549,25249933.793442,0
JPM.US,D,20060515,000000,31.9637,32.2624,31.9039,32.1151,15529934.642759,0
JPM.US,D,20060516,000000,32.1543,32.2977,31.8163,31.9549,11455250.589327,0
JPM.US,D,20060517,000000,31.5815,31.7613,31.0677,31.1827,17538711.626192,0
JPM.US,D,20060518,000000,31.2121,31.2987,30.7789,30.8153,14964598.505432,0
JPM.US,D,20060519,000000,30.9303,31.0343,30.6423,30.8211,18490737.233588,0
JPM.US,D,20060522,000000,30.8211,30.9675,30.5245,30.7435,20447215.967555,0
JPM.US,D,20060523,000000,30.8153,30.9233,30.3663,30.4046,18122635.119173,0
JPM.US,D,20060524,000000,30.3525,30.6286,29.9861,30.3889,17752858.605764,0
JPM.US,D,20060525,000000,30.7505,30.9303,30.5127,30.8929,13731848.964376,0
JPM.US,D,20060526,000000,31.0757,31.2771,30.9675,31.1641,10982008.432478,0
JPM.US,D,20060530,000000,30.9303,30.9971,30.5981,30.5981,12021141.466747,0
JPM.US,D,20060531,000000,30.7583,30.9813,30.4046,30.7435,15677095.483807,0
JPM.US,D,20060601,000000,30.8211,31.4823,30.8084,31.4215,12527531.634343,0
JPM.US,D,20060602,000000,31.5815,31.8695,31.3851,31.5885,13363190.074125,0
JPM.US,D,20060605,000000,31.4785,31.6709,30.9371,30.9813,10907671.224323,0
JPM.US,D,20060606,000000,30.9813,31.1326,30.2897,30.5549,17451739.576258,0
JPM.US,D,20060607,000000,30.5481,30.8349,30.3732,30.4635,13799533.362906,0
JPM.US,D,20060608,000000,30.2818,30.6423,29.7395,30.5323,19935000.520051,0
JPM.US,D,20060609,000000,30.5323,30.7063,30.2965,30.3525,11209757.231971,0
JPM.US,D,20060612,000000,30.3525,30.4479,29.9861,29.9949,12563035.00027,0
JPM.US,D,20060613,000000,29.8151,30.1944,29.0862,29.2198,22743923.416493,0
JPM.US,D,20060614,000000,29.3004,29.4526,28.3572,28.8199,23252674.02863,0
JPM.US,D,20060615,000000,28.9093,29.4291,28.8406,29.2719,25614152.727208,0
JPM.US,D,20060616,000000,29.2719,29.3475,28.8474,28.9594,21806046.226138,0
JPM.US,D,20060619,000000,28.9634,29.1716,28.6598,28.8032,12601451.515088,0
JPM.US,D,20060620,000000,28.9428,29.3996,28.8681,29.1942,15501093.247302,0
JPM.US,D,20060621,000000,28.9339,29.8908,28.9093,29.712,21140848.729166,0
JPM.US,D,20060622,000000,29.6481,30.0421,29.5587,29.6098,14514939.418685,0
JPM.US,D,20060623,000000,29.4369,29.7768,28.7286,29.4703,13806466.087256,0
JPM.US,D,20060626,000000,29.3229,29.9213,29.2787,29.9213,15493873.483124,0
JPM.US,D,20060627,000000,29.3387,29.9713,29.3387,29.4448,19578684.342393,0
JPM.US,D,20060628,000000,29.6835,29.7837,29.5165,29.7552,11818915.800873,0
JPM.US,D,20060629,000000,30.048,30.9007,30.0018,30.7721,23901784.062917,0
JPM.US,D,20060630,000000,30.9538,30.9971,30.2818,30.2818,22535315.694874,0
JPM.US,D,20060703,000000,30.3191,30.9086,30.2818,30.9086,9470751.8823884,0
JPM.US,D,20060705,000000,30.9086,30.9086,30.3113,30.5785,14492471.935998,0
JPM.US,D,20060706,000000,30.5707,30.7642,30.4783,30.606,15002744.26637,0
JPM.US,D,20060707,000000,30.606,30.8211,30.4901,30.5785,9316654.2455035,0
JPM.US,D,20060710,000000,30.6699,30.7789,30.5923,30.6983,7388606.7046872,0
JPM.US,D,20060711,000000,30.5402,30.9971,30.3889,30.9086,12224886.815114,0
JPM.US,D,20060712,000000,30.9155,31.1641,30.4321,30.4635,9743990.3873492,0
JPM.US,D,20060713,000000,30.2455,30.2533,29.712,29.8437,15361971.557174,0
JPM.US,D,20060714,000000,29.7395,29.9301,29.2787,29.4831,14467229.734976,0
JPM.US,D,20060717,000000,29.4232,29.5165,29.1274,29.3662,14988596.8672,0
JPM.US,D,20060718,000000,29.5234,29.6403,29.2129,29.3524,14767648.468732,0
JPM.US,D,20060719,000000,30.2121,31.0403,30.0981,31.0343,37512959.244392,0
JPM.US,D,20060720,000000,31.0343,31.2701,30.8211,30.9891,22694690.996677,0
JPM.US,D,20060721,000000,31.1277,31.3409,30.8507,31.1149,21086752.918225,0
JPM.US,D,20060724,000000,31.2898,31.9735,31.2564,31.8695,17516380.538316,0
JPM.US,D,20060725,000000,31.8311,32.3459,31.7339,32.1769,17294732.861969,0
JPM.US,D,20060726,000000,32.0855,32.3312,31.9903,32.1907,19653584.433615,0
JPM.US,D,20060727,000000,32.2153,32.4215,31.8695,32.2309,19196988.55103,0
JPM.US,D,20060728,000000,32.3567,32.8342,32.2977,32.7909,19432915.949872,0
JPM.US,D,20060731,000000,32.5169,32.957,32.4727,32.8921,20275643.508817,0
JPM.US,D,20060801,000000,33.013,33.013,32.6249,32.8126,18586851.807397,0
JPM.US,D,20060802,000000,33.0945,33.1014,32.5905,32.7989,15248658.00475,0
JPM.US,D,20060803,000000,32.5513,33.0209,32.5169,32.9207,12541259.67036,0
JPM.US,D,20060804,000000,33.1339,33.235,31.8075,32.5297,19487282.514692,0
JPM.US,D,20060807,000000,32.4471,32.6809,32.3312,32.6377,8202353.4197475,0
JPM.US,D,20060808,000000,32.7909,32.9649,32.4019,32.4393,15203164.227797,0
JPM.US,D,20060809,000000,32.5297,32.7212,31.9637,31.9735,14418684.378576,0
JPM.US,D,20060810,000000,31.9039,31.9735,31.4823,31.7613,14411472.757372,0
JPM.US,D,20060811,000000,31.7613,31.8311,31.3615,31.6709,9473805.4975771,0
JPM.US,D,20060814,000000,31.9401,32.0855,31.5137,31.6435,9666315.5777931,0
JPM.US,D,20060815,000000,31.8311,32.5237,31.8311,32.4727,15300392.353277,0
JPM.US,D,20060816,000000,32.7605,32.9138,32.5297,32.7831,12225999.348915,0
JPM.US,D,20060817,000000,32.6446,32.9354,32.6249,32.7772,8548959.1011048,0
JPM.US,D,20060818,000000,32.9354,32.957,32.6377,32.957,12776626.221878,0
JPM.US,D,20060821,000000,32.7389,32.8755,32.6809,32.7772,7817046.2194879,0
JPM.US,D,20060822,000000,32.6377,32.8666,32.5237,32.6957,8655489.5563229,0
JPM.US,D,20060823,000000,32.5905,32.9069,32.5601,32.8195,12091880.498338,0
JPM.US,D,20060824,000000,32.9501,33.1407,32.9,32.9354,12018783.05795,0
JPM.US,D,20060825,000000,32.9354,32.9433,32.6613,32.8195,6173337.0748436,0
JPM.US,D,20060828,000000,32.7349,33.1947,32.6672,33.181,10155924.094183,0
JPM.US,D,20060829,000000,33.0779,33.181,32.7458,33.1407,11154827.784084,0
JPM.US,D,20060830,000000,33.0867,33.2183,32.9501,32.9707,11928909.055715,0
JPM.US,D,20060831,000000,32.9501,33.0709,32.8617,32.9207,8571710.5700044,0
JPM.US,D,20060901,000000,33.0601,33.0945,32.6741,32.9707,9254381.8709594,0
JPM.US,D,20060905,000000,32.9069,33.1211,32.7605,33.0209,8507353.5941581,0
JPM.US,D,20060906,000000,32.9138,33.2026,32.7909,33.0779,9841349.8182838,0
JPM.US,D,20060907,000000,33.0867,33.1014,32.5385,32.5905,10070209.115835,0
JPM.US,D,20060908,000000,32.4471,32.7537,32.2153,32.6328,10718901.822712,0
JPM.US,D,20060911,000000,32.8666,32.8666,32.5297,32.7291,9917637.2686725,0
JPM.US,D,20060912,000000,32.7291,33.181,32.6535,33.1741,16027585.363685,0
JPM.US,D,20060913,000000,33.1741,33.6938,32.9707,33.4521,16291114.390216,0
JPM.US,D,20060914,000000,33.462,33.5681,33.235,33.5268,10572153.219716,0
JPM.US,D,20060915,000000,33.7862,34.1379,33.7115,33.852,21371639.947259,0
JPM.US,D,20060918,000000,33.6712,33.852,33.5062,33.5838,15347133.0231,0
JPM.US,D,20060919,000000,33.6938,33.7783,33.3244,33.74,9355772.073943,0
JPM.US,D,20060920,000000,33.852,34.241,33.852,34.0436,12428499.840157,0
JPM.US,D,20060921,000000,33.9444,34.1379,33.6506,33.7498,10781869.403649,0
JPM.US,D,20060922,000000,33.6712,33.8441,33.5347,33.7577,8338693.266438,0
JPM.US,D,20060925,000000,33.967,34.1025,33.7046,33.8215,21262206.521868,0
JPM.US,D,20060926,000000,33.8215,33.852,33.4453,33.8147,17172821.347046,0
JPM.US,D,20060927,000000,33.7331,34.0387,33.6093,33.7724,12160392.426585,0
JPM.US,D,20060928,000000,33.8864,34.1173,33.8147,33.9954,8470043.5059102,0
JPM.US,D,20060929,000000,33.9954,34.2175,33.7724,33.8599,13928245.278855,0
JPM.US,D,20061002,000000,33.8599,34.1251,33.6987,33.794,10184494.735761,0
JPM.US,D,20061003,000000,33.852,34.5515,33.8441,34.4277,16258521.119564,0
JPM.US,D,20061004,000000,33.9218,34.2735,33.852,34.241,28518778.977281,0
JPM.US,D,20061005,000000,34.0956,34.2175,33.8864,34.1841,17710556.874554,0
JPM.US,D,20061006,000000,33.9601,34.0308,33.7253,33.7862,14841440.097639,0
JPM.US,D,20061009,000000,33.7862,34.0387,33.6644,33.967,10059524.516289,0
JPM.US,D,20061010,000000,34.0956,34.3619,33.9522,34.2646,19645398.709165,0
JPM.US,D,20061011,000000,34.1025,34.3894,34.0082,34.3491,12990638.842381,0
JPM.US,D,20061012,000000,34.3894,35.0172,34.2813,34.7962,20707138.674549,0
JPM.US,D,20061013,000000,34.6193,34.9416,34.4198,34.7214,10054117.581662,0
JPM.US,D,20061016,000000,34.5928,34.6822,34.246,34.411,10155094.528724,0
JPM.US,D,20061017,000000,33.9218,34.7588,33.8864,34.5996,12237514.531792,0
JPM.US,D,20061018,000000,34.4926,34.6056,33.6025,34.0387,29688978.264811,0
JPM.US,D,20061019,000000,34.0387,34.0387,33.4315,33.794,16343542.927264,0
JPM.US,D,20061020,000000,33.7999,33.9817,33.5533,33.9758,15179585.22918,0
JPM.US,D,20061023,000000,33.7636,34.2253,33.7577,34.1674,12111855.21316,0
JPM.US,D,20061024,000000,33.9355,34.0387,33.7046,33.9876,18629299.094264,0
JPM.US,D,20061025,000000,34.1025,34.246,33.8294,34.0819,12280091.088369,0
JPM.US,D,20061026,000000,34.1379,34.5712,34.1104,34.4434,10483391.751281,0
JPM.US,D,20061027,000000,34.298,34.3963,34.0023,34.0956,9729421.5892837,0
JPM.US,D,20061030,000000,34.132,34.3688,33.9444,34.2106,14144896.222882,0
JPM.US,D,20061031,000000,34.4513,34.6664,34.1978,34.2037,17281007.879569,0
JPM.US,D,20061101,000000,34.4277,34.471,33.6801,33.8363,15656571.118252,0
JPM.US,D,20061102,000000,33.8363,33.9444,33.6644,33.8147,9790729.0214281,0
JPM.US,D,20061103,000000,33.9954,34.0672,33.5268,33.8068,11037905.876379,0
JPM.US,D,20061106,000000,34.0151,34.4042,33.9218,34.355,11792702.550221,0
JPM.US,D,20061107,000000,34.246,34.6056,34.2253,34.241,11624465.65714,0
JPM.US,D,20061108,000000,34.241,34.5358,34.0308,34.3491,10380338.345891,0
JPM.US,D,20061109,000000,34.355,34.4277,34.0151,34.0583,9482404.4779486,0
JPM.US,D,20061110,000000,34.2106,34.3285,34.1104,34.3285,8100270.0461159,0
JPM.US,D,20061113,000000,34.1762,34.5279,34.1458,34.3619,10512657.59925,0
JPM.US,D,20061114,000000,34.241,34.471,33.9267,34.4277,11480079.534427,0
JPM.US,D,20061115,000000,34.298,34.3688,33.8795,34.2106,15458507.529879,0
JPM.US,D,20061116,000000,34.246,34.5928,34.1546,34.4975,11316551.315967,0
JPM.US,D,20061117,000000,34.5996,34.5996,34.3138,34.3619,17880598.454212,0
JPM.US,D,20061120,000000,34.3619,34.6438,34.2813,34.5358,11821554.124396,0
JPM.US,D,20061121,000000,34.4513,34.5652,34.1762,34.4277,10230545.288551,0
JPM.US,D,20061122,000000,34.3206,34.5279,34.1605,34.3138,8197082.8799316,0
JPM.US,D,20061124,000000,34.0436,34.2646,34.0151,34.0819,4044032.8820391,0
JPM.US,D,20061127,000000,33.9876,34.075,33.4885,33.6182,15365163.602918,0
JPM.US,D,20061128,000000,33.4973,33.5907,33.0061,33.3097,18422635.507648,0
JPM.US,D,20061129,000000,33.3175,33.794,33.3175,33.6506,13057634.14175,0
JPM.US,D,20061130,000000,33.687,33.6987,33.2026,33.3677,18068398.841934,0
JPM.US,D,20061201,000000,33.5268,33.5347,32.8126,33.1741,20374400.477636,0
JPM.US,D,20061204,000000,33.3677,33.9817,33.2783,33.7724,18236221.461221,0
JPM.US,D,20061205,000000,33.8147,34.246,33.7174,34.0308,14830620.121154,0
JPM.US,D,20061206,000000,33.9355,34.0672,33.7115,33.7636,19618630.718421,0
JPM.US,D,20061207,000000,33.9444,33.9444,33.5681,33.6182,10256202.781237,0
JPM.US,D,20061208,000000,33.6427,33.9876,33.4197,33.7115,12475793.214328,0
JPM.US,D,20061211,000000,33.6712,34.4926,33.6712,34.2813,15537427.19656,0
JPM.US,D,20061212,000000,34.2902,34.5849,34.1379,34.3422,22220895.117605,0
JPM.US,D,20061213,000000,34.4513,34.5358,34.246,34.3206,15394707.32987,0
JPM.US,D,20061214,000000,34.3285,34.636,34.1025,34.5712,13861950.275236,0
JPM.US,D,20061215,000000,34.751,35.0742,34.6056,34.8266,22430466.763753,0
JPM.US,D,20061218,000000,34.8266,35.0428,34.6282,34.7736,11676613.26159,0
JPM.US,D,20061219,000000,34.6282,34.9533,34.5712,34.803,12795081.254207,0
JPM.US,D,20061220,000000,34.8452,34.8728,34.7077,34.7657,8179192.7664125,0
JPM.US,D,20061221,000000,34.9091,35.309,34.8452,35.0742,14904268.230148,0
JPM.US,D,20061222,000000,35.0673,35.1852,34.3344,34.5279,11463991.053869,0
JPM.US,D,20061226,000000,34.5928,34.8728,34.5712,34.8325,5688299.8203912,0
JPM.US,D,20061227,000000,34.9966,35.3256,34.4768,35.2952,10675484.504088,0
JPM.US,D,20061228,000000,35.1852,35.3256,35.0673,35.2706,9017481.3867447,0
JPM.US,D,20061229,000000,35.1468,35.2618,34.803,34.8266,13316306.902261,0
JPM.US,D,20070103,000000,34.6056,34.8728,34.3138,34.6596,19464811.97839,0
JPM.US,D,20070104,000000,34.6438,35.0034,34.4277,34.7411,13084402.132495,0
JPM.US,D,20070105,000000,34.7274,34.7892,34.3422,34.4582,14513001.390912,0
JPM.US,D,20070108,000000,34.298,34.6527,34.1173,34.5712,11290198.616888,0
JPM.US,D,20070109,000000,34.5358,34.688,34.1458,34.4277,12787453.323466,0
JPM.US,D,20070110,000000,34.2253,34.694,34.2106,34.6822,21202290.520378,0
JPM.US,D,20070111,000000,34.6056,34.9091,34.5652,34.8325,10858430.661532,0
JPM.US,D,20070112,000000,34.6822,34.7962,34.5358,34.5996,14652945.521397,0
JPM.US,D,20070116,000000,34.7214,34.9416,34.6822,34.8885,11686043.843164,0
JPM.US,D,20070117,000000,35.0742,35.247,34.694,34.917,21852093.725314,0
JPM.US,D,20070118,000000,34.6438,35.026,34.5515,34.7156,17550776.459803,0
JPM.US,D,20070119,000000,34.8266,35.2068,34.7077,35.1548,20318229.226238,0
JPM.US,D,20070122,000000,35.2343,35.9496,35.1115,35.8051,25417199.636893,0
JPM.US,D,20070123,000000,35.7383,35.9496,35.532,35.927,17816246.567723,0
JPM.US,D,20070124,000000,35.8188,36.3386,35.698,36.3062,18501134.793306,0
JPM.US,D,20070125,000000,36.3062,36.4908,35.9986,36.2,20016972.78405,0
JPM.US,D,20070126,000000,36.0468,36.2296,35.6912,35.8336,18629709.296572,0
JPM.US,D,20070129,000000,35.7383,35.7972,35.4092,35.6656,16761718.223544,0
JPM.US,D,20070130,000000,35.8336,36.2296,35.5938,36.1814,17095568.954258,0
JPM.US,D,20070131,000000,36.1018,36.8828,35.9416,36.7198,25603060.978971,0
JPM.US,D,20070201,000000,36.7424,36.9457,36.6686,36.9232,18613898.694995,0
JPM.US,D,20070202,000000,36.931,37.0066,36.5764,36.7198,21419772.047736,0
JPM.US,D,20070205,000000,36.6333,36.875,36.4378,36.7424,11206705.652526,0
JPM.US,D,20070206,000000,36.6608,36.9998,36.599,36.7688,13660560.282051,0
JPM.US,D,20070207,000000,36.653,36.931,36.6274,36.9232,10454260.26238,0
JPM.US,D,20070208,000000,36.816,36.816,36.424,36.7198,14303011.399484,0
JPM.US,D,20070209,000000,36.7846,36.9084,36.1086,36.3542,13161104.87455,0
JPM.US,D,20070212,000000,36.477,36.5164,36.2296,36.367,10903740.203703,0
JPM.US,D,20070213,000000,36.3022,36.7846,36.2874,36.7364,11614768.393173,0
JPM.US,D,20070214,000000,36.8356,37.1678,36.7688,37.0734,14904504.37639,0
JPM.US,D,20070215,000000,36.8082,37.1098,36.6912,36.9232,18501832.03544,0
JPM.US,D,20070216,000000,36.8828,37.0204,36.7778,36.9516,15661700.173897,0
JPM.US,D,20070220,000000,36.875,37.3092,36.8534,37.2248,12720739.974565,0
JPM.US,D,20070221,000000,37.096,37.3819,36.9654,37.2404,12950422.730345,0
JPM.US,D,20070222,000000,37.3476,37.4546,37.045,37.2316,12637654.158894,0
JPM.US,D,20070223,000000,37.1678,37.3092,36.5684,36.7924,13928938.449503,0
JPM.US,D,20070226,000000,36.8907,37.0666,36.3602,36.6333,18506246.545131,0
JPM.US,D,20070227,000000,36.4908,36.4908,34.3206,35.4878,29220733.858153,0
JPM.US,D,20070228,000000,35.3797,35.9731,35.247,35.6106,26602939.78999,0
JPM.US,D,20070301,000000,35.3148,35.645,34.8266,35.472,31389629.189752,0
JPM.US,D,20070302,000000,35.2952,35.3256,34.688,34.7411,23470706.224593,0
JPM.US,D,20070305,000000,34.3206,34.7214,34.0308,34.2735,27971534.492075,0
JPM.US,D,20070306,000000,34.5849,35.0988,34.1978,34.9818,24621679.950894,0
JPM.US,D,20070307,000000,35.1046,35.2343,34.7962,34.8649,18952460.136074,0
JPM.US,D,20070308,000000,35.1773,35.582,35.0565,35.14,16604708.45564,0
JPM.US,D,20070309,000000,35.416,35.582,34.9877,35.199,13109781.7462,0
JPM.US,D,20070312,000000,35.0673,35.3148,35.0428,35.2127,14488034.015256,0
JPM.US,D,20070313,000000,34.9337,34.968,33.5681,33.6712,35081434.68487,0
JPM.US,D,20070314,000000,33.687,34.2813,33.1014,34.1025,34735665.694075,0
JPM.US,D,20070315,000000,33.9876,34.7411,33.9876,34.3894,21954178.116817,0
JPM.US,D,20070316,000000,34.3344,34.4847,33.8726,33.907,34323494.823128,0
JPM.US,D,20070319,000000,34.0308,34.4631,34.0023,34.3069,20039437.213122,0
JPM.US,D,20070320,000000,34.2528,34.5201,34.1251,34.4277,20121504.13919,0
JPM.US,D,20070321,000000,34.471,35.7972,34.471,35.365,28776602.83277,0
JPM.US,D,20070322,000000,35.3718,35.4023,34.8649,34.9484,26223192.205117,0
JPM.US,D,20070323,000000,35.0329,35.247,34.917,34.9818,16294581.261328,0
JPM.US,D,20070326,000000,35.0034,35.1714,34.5652,35.1115,16437166.768951,0
JPM.US,D,20070327,000000,35.0329,35.199,34.858,35.0172,15511309.625852,0
JPM.US,D,20070328,000000,34.8168,34.9533,34.4582,34.5996,18275823.796604,0
JPM.US,D,20070329,000000,34.7824,35.0673,34.6193,34.968,15030064.961463,0
JPM.US,D,20070330,000000,35.0496,35.3424,34.5712,34.8806,17522499.983155,0
JPM.US,D,20070402,000000,34.8806,34.9612,34.3894,34.7824,19188214.496721,0
JPM.US,D,20070403,000000,34.7892,35.0329,34.6733,35.0093,18783606.412726,0
JPM.US,D,20070404,000000,35.0093,35.1194,34.803,35.0093,12709678.76248,0
JPM.US,D,20070405,000000,34.858,35.247,34.8502,35.1636,11083316.187851,0
JPM.US,D,20070409,000000,35.1714,35.422,35.082,35.3256,10414820.786474,0
JPM.US,D,20070410,000000,35.3345,35.5732,35.3148,35.5025,11373415.738012,0
JPM.US,D,20070411,000000,35.4023,35.5732,35.3148,35.4348,16707790.361439,0
JPM.US,D,20070412,000000,35.7049,35.7049,35.1331,35.472,13137946.256958,0
JPM.US,D,20070413,000000,35.6528,35.6528,35.082,35.3934,15626222.254763,0
JPM.US,D,20070416,000000,35.6656,36.2296,35.5585,36.0291,21865801.403896,0
JPM.US,D,20070417,000000,36.0291,36.3542,35.8414,36.1814,16974609.149401,0
JPM.US,D,20070418,000000,37.1805,37.9773,37.0803,37.5401,54366950.593838,0
JPM.US,D,20070419,000000,37.5136,37.657,37.0204,37.5548,28722581.326465,0
JPM.US,D,20070420,000000,37.9626,38.0018,37.5627,37.88,29357931.770712,0
JPM.US,D,20070423,000000,37.7434,37.995,37.5283,37.6953,17580745.657137,0
JPM.US,D,20070424,000000,37.5352,37.6953,37.2404,37.6069,14309454.527532,0
JPM.US,D,20070425,000000,37.6609,38.1689,37.6236,38.0844,25087855.024326,0
JPM.US,D,20070426,000000,38.0451,38.214,37.8928,38.1689,20028703.755733,0
JPM.US,D,20070427,000000,38.0451,38.0686,37.5922,37.8859,20012201.001381,0
JPM.US,D,20070430,000000,37.824,38.2543,37.4851,37.5627,41470804.855601,0
JPM.US,D,20070501,000000,37.7788,37.8535,37.2022,37.657,19222116.750418,0
JPM.US,D,20070502,000000,37.492,38.0451,37.492,37.8859,17987172.677914,0
JPM.US,D,20070503,000000,38.0912,38.1551,37.7572,37.995,13530304.254688,0
JPM.US,D,20070504,000000,38.0686,38.2465,37.9154,37.9468,16608589.600546,0
JPM.US,D,20070507,000000,38.0765,38.1748,37.8859,38.0176,10229493.827054,0
JPM.US,D,20070508,000000,37.8378,37.9626,37.657,37.8172,12521907.893037,0
JPM.US,D,20070509,000000,37.8859,38.3919,37.8024,38.3555,17421854.862277,0
JPM.US,D,20070510,000000,38.0618,38.2337,37.4546,37.492,18694286.132711,0
JPM.US,D,20070511,000000,37.5774,37.7621,37.2906,37.6,17225451.422696,0
JPM.US,D,20070514,000000,37.492,37.6069,37.1678,37.3692,12938115.643263,0
JPM.US,D,20070515,000000,37.5548,38.0018,37.492,37.5136,15401784.592005,0
JPM.US,D,20070516,000000,37.7572,38.2622,37.6374,38.1993,17926801.68776,0
JPM.US,D,20070517,000000,38.052,38.214,37.8535,37.8928,12552173.291044,0
JPM.US,D,20070518,000000,37.938,38.162,37.8172,37.88,15335229.013222,0
JPM.US,D,20070521,000000,37.7621,38.0765,37.7169,37.8928,14436056.395386,0
JPM.US,D,20070522,000000,37.8928,37.9822,37.5548,37.7012,13406254.191261,0
JPM.US,D,20070523,000000,37.7317,37.9557,37.4418,37.4851,15588663.805813,0
JPM.US,D,20070524,000000,37.492,37.6609,37.096,37.1933,18177484.155194,0
JPM.US,D,20070525,000000,37.152,37.3819,36.9614,37.2316,14925235.369906,0
JPM.US,D,20070529,000000,37.2404,37.434,37.096,37.3622,13248851.52487,0
JPM.US,D,20070530,000000,37.0803,37.5352,37.0204,37.5352,14197017.362667,0
JPM.US,D,20070531,000000,37.6688,37.7169,37.2542,37.3692,15287438.917647,0
JPM.US,D,20070601,000000,37.434,37.549,37.2474,37.4182,16767327.714645,0
JPM.US,D,20070604,000000,37.1736,37.3476,37.1599,37.1805,15389265.787602,0
JPM.US,D,20070605,000000,36.9457,37.1236,36.9084,36.931,18884750.290751,0
JPM.US,D,20070606,000000,36.9398,36.9398,36.2384,36.4545,19247716.224417,0
JPM.US,D,20070607,000000,36.2658,36.5164,35.864,35.92,24151116.832436,0
JPM.US,D,20070608,000000,35.927,36.3936,35.7186,36.3474,18752009.638496,0
JPM.US,D,20070611,000000,36.3474,36.653,36.0704,36.3602,15606332.023295,0
JPM.US,D,20070612,000000,36.205,36.3386,35.5732,35.582,21343323.773614,0
JPM.US,D,20070613,000000,35.7825,36.3308,35.7049,36.259,20121827.8224,0
JPM.US,D,20070614,000000,35.9986,36.646,35.9986,36.2796,17254981.917315,0
JPM.US,D,20070615,000000,36.5105,36.762,36.3542,36.4545,25453818.590236,0
JPM.US,D,20070618,000000,36.646,36.6608,36.2874,36.3602,12885455.031462,0
JPM.US,D,20070619,000000,36.367,36.6834,36.259,36.6608,16993168.004647,0
JPM.US,D,20070620,000000,36.706,36.762,35.6312,35.6588,20694721.65732,0
JPM.US,D,20070621,000000,35.8258,35.9642,35.0988,35.9348,26948324.025271,0
JPM.US,D,20070622,000000,35.7314,35.868,35.026,35.1252,34827706.745222,0
JPM.US,D,20070625,000000,35.1252,35.4799,34.6527,34.8649,23911834.528375,0
JPM.US,D,20070626,000000,34.9337,35.365,34.8266,35.0428,26301658.918878,0
JPM.US,D,20070627,000000,34.7962,35.5438,34.6664,35.5025,22682914.220766,0
JPM.US,D,20070628,000000,35.5094,35.6744,35.0093,35.3021,20015411.368816,0
JPM.US,D,20070629,000000,35.4946,35.5438,34.6822,34.9337,30187270.244926,0
JPM.US,D,20070702,000000,35.255,35.5094,35.0172,35.4348,21801201.156706,0
JPM.US,D,20070703,000000,35.4662,35.7452,35.3571,35.5732,10324707.584382,0
JPM.US,D,20070705,000000,35.4023,35.582,35.0742,35.1773,16093084.391612,0
JPM.US,D,20070706,000000,35.0565,35.4426,34.9337,35.309,14968769.74378,0
JPM.US,D,20070709,000000,35.4799,35.532,34.9877,35.1773,14669720.047501,0
JPM.US,D,20070710,000000,34.8266,35.0172,34.2175,34.2528,30349624.857281,0
JPM.US,D,20070711,000000,34.2597,34.9248,33.9758,34.7008,37770991.763584,0
JPM.US,D,20070712,000000,35.1046,35.7825,34.7008,35.7118,26592287.762339,0
JPM.US,D,20070713,000000,35.8188,36.205,35.5242,36.086,22737769.364016,0
JPM.US,D,20070716,000000,35.984,36.3808,35.8562,35.927,17009758.295967,0
JPM.US,D,20070717,000000,36.0134,36.3936,35.927,35.9908,25331540.64149,0
JPM.US,D,20070718,000000,35.193,35.5378,34.4847,35.2402,49287354.353685,0
JPM.US,D,20070719,000000,35.6912,35.8258,34.4926,35.0565,36338877.794086,0
JPM.US,D,20070720,000000,35.193,35.193,34.1605,34.2902,42549664.405604,0
JPM.US,D,20070723,000000,34.4277,34.5122,33.9267,33.9954,28461215.277358,0
JPM.US,D,20070724,000000,33.6182,33.852,32.5297,32.6888,49523978.99466,0
JPM.US,D,20070725,000000,32.9275,33.3175,31.9333,32.6377,55721726.669323,0
JPM.US,D,20070726,000000,31.9401,32.1209,31.3615,31.7791,71014532.8246,0
JPM.US,D,20070727,000000,31.7869,32.6181,31.5059,31.8891,54964430.102513,0
JPM.US,D,20070730,000000,31.8891,32.5453,31.4441,32.2624,44821130.671393,0
JPM.US,D,20070731,000000,32.4933,33.1407,31.6779,31.7339,47256312.444039,0
JPM.US,D,20070801,000000,31.5059,32.0394,31.1453,31.9961,61684351.06381,0
JPM.US,D,20070802,000000,32.0177,32.2713,31.7251,32.1465,39246837.574073,0
JPM.US,D,20070803,000000,32.1543,32.4078,31.2829,31.4735,50740786.628688,0
JPM.US,D,20070806,000000,31.5481,32.5237,31.2043,32.5237,47434210.975577,0
JPM.US,D,20070807,000000,32.4393,33.2026,31.8311,32.6888,42378651.776317,0
JPM.US,D,20070808,000000,32.9825,34.0514,32.6377,33.5347,38004093.550505,0
JPM.US,D,20070809,000000,32.4727,33.1211,31.8469,31.8469,54189385.924227,0
JPM.US,D,20070810,000000,31.2633,32.2977,30.6483,31.9039,44932918.434094,0
JPM.US,D,20070813,000000,32.6112,32.7537,31.4903,31.6023,29576355.847292,0
JPM.US,D,20070814,000000,31.6779,31.7417,31.1011,31.1965,34825402.283626,0
JPM.US,D,20070815,000000,31.1011,32.0247,30.8644,31.0049,38415607.894186,0
JPM.US,D,20070816,000000,30.8211,33.0945,30.3967,32.7831,71134321.059096,0
JPM.US,D,20070817,000000,34.6664,34.8168,33.2724,33.8903,80264328.165546,0
JPM.US,D,20070820,000000,34.0082,34.2528,32.4933,33.5219,45340833.583339,0
JPM.US,D,20070821,000000,33.2527,33.9444,32.9825,33.3097,32420095.046244,0
JPM.US,D,20070822,000000,33.6506,33.7636,32.4657,33.1682,42692382.236553,0
JPM.US,D,20070823,000000,33.4885,33.5838,32.5513,32.9275,29787731.162143,0
JPM.US,D,20070824,000000,32.8037,33.1682,32.4657,33.1279,18374784.339769,0
JPM.US,D,20070827,000000,32.9825,33.0945,32.3636,32.3773,18759116.418912,0
JPM.US,D,20070828,000000,32.0699,32.0699,31.3349,31.4371,32578071.79229,0
JPM.US,D,20070829,000000,31.6375,31.8891,31.1149,31.8163,29965402.708286,0
JPM.US,D,20070830,000000,31.4667,31.9825,31.2505,31.7015,21525461.740905,0
JPM.US,D,20070831,000000,32.4471,32.5385,31.9185,32.1003,22231850.471031,0
JPM.US,D,20070904,000000,32.0119,32.8921,31.9107,32.6613,21271384.671255,0
JPM.US,D,20070905,000000,32.3223,32.4215,31.7751,31.8469,21576081.519889,0
JPM.US,D,20070906,000000,31.8949,32.1209,31.6023,31.8763,26313055.010763,0
JPM.US,D,20070907,000000,31.1965,31.7171,31.1453,31.3773,29833919.127616,0
JPM.US,D,20070910,000000,31.5423,32.0473,31.2564,31.6709,23821196.10447,0
JPM.US,D,20070911,000000,31.6926,32.3312,31.4823,32.1151,20995629.987378,0
JPM.US,D,20070912,000000,32.0855,32.2575,31.8311,32.0629,19283261.323086,0
JPM.US,D,20070913,000000,32.0247,33.0061,31.9961,32.8755,28104525.540776,0
JPM.US,D,20070914,000000,32.6112,32.9069,32.453,32.8342,17313003.659516,0
JPM.US,D,20070917,000000,32.7291,32.9,32.3636,32.6535,24901379.905595,0
JPM.US,D,20070918,000000,32.9354,34.5063,32.5297,34.4768,37397456.249878,0
JPM.US,D,20070919,000000,34.5849,34.6527,34.0082,34.298,43924498.661392,0
JPM.US,D,20070920,000000,34.3344,34.4277,33.6938,33.8599,27067852.702476,0
JPM.US,D,20070921,000000,34.246,34.2735,33.6182,33.9817,28481746.768015,0
JPM.US,D,20070924,000000,34.0308,34.0308,33.2871,33.4119,23702884.801855,0
JPM.US,D,20070925,000000,33.348,33.348,32.9138,33.235,22699062.755756,0
JPM.US,D,20070926,000000,33.3529,33.6644,32.9767,33.2606,24173215.845558,0
JPM.US,D,20070927,000000,33.3097,33.3677,32.9354,33.3175,17808198.255958,0
JPM.US,D,20070928,000000,33.2026,33.3175,32.8617,33.0356,20982038.346172,0
JPM.US,D,20071001,000000,32.7831,33.9149,32.7458,33.7498,23934379.369313,0
JPM.US,D,20071002,000000,33.8795,34.1379,33.7577,34.0023,22010903.090434,0
JPM.US,D,20071003,000000,33.6801,34.2175,33.6339,33.8864,17323722.8667,0
JPM.US,D,20071004,000000,34.0308,34.1978,33.8726,34.0672,15440478.985804,0
JPM.US,D,20071005,000000,34.2106,34.5201,34.0878,34.3069,18634978.818515,0
JPM.US,D,20071008,000000,34.1104,34.3069,33.9218,34.2037,11519609.600917,0
JPM.US,D,20071009,000000,34.3138,34.3894,33.8795,34.298,17985606.173322,0
JPM.US,D,20071010,000000,34.2253,34.2253,33.5622,33.8215,26111245.654426,0
JPM.US,D,20071011,000000,33.8903,34.3344,33.5465,33.6427,38509512.66847,0
JPM.US,D,20071012,000000,33.6506,33.9601,33.5533,33.7577,17332052.111064,0
JPM.US,D,20071015,000000,33.7174,33.7577,33.013,33.3598,22959320.342549,0
JPM.US,D,20071016,000000,33.1682,33.4521,32.1543,32.5237,31214114.513804,0
JPM.US,D,20071017,000000,33.9149,33.9758,32.9825,33.4315,48071390.535322,0
JPM.US,D,20071018,000000,33.235,33.2606,32.7683,33.0945,26887223.221088,0
JPM.US,D,20071019,000000,33.013,33.5966,32.4147,32.4589,40916625.610302,0
JPM.US,D,20071022,000000,32.3695,33.1142,32.1985,32.7123,24855645.910913,0
JPM.US,D,20071023,000000,33.1073,33.1584,32.5385,33.1211,18750717.95927,0
JPM.US,D,20071024,000000,32.9707,33.4807,32.2575,33.3598,37937830.100909,0
JPM.US,D,20071025,000000,33.235,33.5622,32.5513,33.2026,27845647.170176,0
JPM.US,D,20071026,000000,33.8599,34.2106,33.1142,34.1173,26146969.898519,0
JPM.US,D,20071029,000000,34.1674,34.246,33.5347,33.6506,26162563.693416,0
JPM.US,D,20071030,000000,33.4521,33.8068,33.2026,33.5681,18174502.808897,0
JPM.US,D,20071031,000000,33.852,34.2813,33.1947,33.8864,33147012.213412,0
JPM.US,D,20071101,000000,32.9138,33.3952,31.8695,31.9549,44009184.571422,0
JPM.US,D,20071102,000000,32.0473,32.0699,30.3251,31.1149,54861096.782398,0
JPM.US,D,20071105,000000,30.7789,31.1453,30.0421,30.8349,39827734.934402,0
JPM.US,D,20071106,000000,30.7789,31.9697,30.7789,31.8017,39884663.482367,0
JPM.US,D,20071107,000000,31.0049,31.5885,30.3889,30.4557,40190167.503283,0
JPM.US,D,20071108,000000,30.6483,30.9459,29.3318,30.7209,51792473.074998,0
JPM.US,D,20071109,000000,29.8485,31.2121,29.6835,30.5049,60433774.517283,0
JPM.US,D,20071112,000000,30.3594,31.4903,30.1797,30.5628,38392140.861461,0
JPM.US,D,20071113,000000,31.2201,32.8037,30.7357,32.4805,49884497.96469,0
JPM.US,D,20071114,000000,33.0945,33.181,32.0394,32.5513,35161723.389028,0
JPM.US,D,20071115,000000,32.1543,32.5827,31.0589,31.3851,32502841.910628,0
JPM.US,D,20071116,000000,31.5355,31.8017,30.6286,31.0677,40252745.239347,0
JPM.US,D,20071119,000000,30.7868,30.8879,29.6953,29.8279,41133070.944239,0
JPM.US,D,20071120,000000,29.8279,30.5323,29.04,30.0136,46087088.277626,0
JPM.US,D,20071121,000000,29.4232,30.2818,28.9506,29.3318,37114589.696227,0
JPM.US,D,20071123,000000,29.9213,30.4233,29.5293,30.2455,14991036.705736,0
JPM.US,D,20071126,000000,30.1865,30.6355,29.0783,29.1716,37585848.021076,0
JPM.US,D,20071127,000000,29.5037,30.6286,29.2512,30.5323,39527749.814003,0
JPM.US,D,20071128,000000,30.8084,31.8163,30.6837,31.6926,44463119.737305,0
JPM.US,D,20071129,000000,31.2771,31.7869,31.0098,31.4735,32668405.872547,0
JPM.US,D,20071130,000000,32.7212,33.2281,32.453,32.8921,55354091.758032,0
JPM.US,D,20071203,000000,33.0945,33.1073,32.4078,32.5984,29705207.211668,0
JPM.US,D,20071204,000000,31.9549,32.509,31.7251,31.8311,26789847.504206,0
JPM.US,D,20071205,000000,32.1151,32.5827,31.6709,32.3695,28610547.238805,0
JPM.US,D,20071206,000000,32.3567,33.348,32.1081,33.3175,26533286.827534,0
JPM.US,D,20071207,000000,33.3175,33.7498,33.0601,33.2233,21024546.705343,0
JPM.US,D,20071210,000000,33.74,34.5122,33.5622,34.19,32439358.268726,0
JPM.US,D,20071211,000000,33.967,34.6193,32.8037,33.1211,53337448.661873,0
JPM.US,D,20071212,000000,33.907,34.4582,32.5758,33.2724,61531238.726759,0
JPM.US,D,20071213,000000,33.0445,33.3529,32.2507,32.9904,57228404.832372,0
JPM.US,D,20071214,000000,32.6181,33.013,32.2153,32.5905,38352292.201119,0
JPM.US,D,20071217,000000,32.3135,32.8037,31.9825,32.1081,27516611.990614,0
JPM.US,D,20071218,000000,32.2801,32.4078,31.1011,31.6503,34986540.539265,0
JPM.US,D,20071219,000000,31.6503,32.5169,31.4785,31.7093,29534036.812262,0
JPM.US,D,20071220,000000,31.9637,32.1151,31.0343,31.2407,37597618.689757,0
JPM.US,D,20071221,000000,31.6621,31.8537,31.2407,31.8017,36564530.795689,0
JPM.US,D,20071224,000000,31.8223,32.5237,31.8223,32.3223,10651526.857188,0
JPM.US,D,20071226,000000,32.2437,32.4393,31.8949,32.4019,20220306.912238,0
JPM.US,D,20071227,000000,32.1543,32.2309,31.3693,31.4667,22926819.698223,0
JPM.US,D,20071228,000000,31.8606,31.9185,30.8733,31.1895,23338888.781997,0
JPM.US,D,20071231,000000,31.0501,31.8223,30.8507,31.4735,22350478.331755,0
JPM.US,D,20080102,000000,31.3989,31.5727,30.2818,30.4046,30683260.81706,0
JPM.US,D,20080103,000000,30.5245,30.7505,30.1109,30.1944,23787666.391827,0
JPM.US,D,20080104,000000,29.8545,30.1384,29.2945,29.5116,35886454.167721,0
JPM.US,D,20080107,000000,29.6324,29.9792,28.9594,29.8083,35567797.208315,0
JPM.US,D,20080108,000000,29.8908,29.9792,28.4201,28.6244,46666441.526542,0
JPM.US,D,20080109,000000,28.5409,29.0862,27.7854,29.0282,46527847.09397,0
JPM.US,D,20080110,000000,28.6755,30.382,28.3376,29.7985,58064153.862739,0
JPM.US,D,20080111,000000,29.4752,30.3525,29.1206,29.4615,52040287.179898,0
JPM.US,D,20080114,000000,29.7552,30.103,29.2719,29.823,31643955.637976,0
JPM.US,D,20080115,000000,29.3662,29.3662,28.0104,28.2384,62744304.664308,0
JPM.US,D,20080116,000000,29.1716,30.7505,28.9909,29.8682,87633697.094544,0
JPM.US,D,20080117,000000,29.9713,30.048,28.6971,28.8681,54981636.20623,0
JPM.US,D,20080118,000000,29.0125,29.3229,27.7688,28.5409,72010985.479377,0
JPM.US,D,20080122,000000,27.1538,30.2818,27.1538,29.4615,78919902.827679,0
JPM.US,D,20080123,000000,29.1274,33.2724,28.8406,32.9649,106973472.6918,0
JPM.US,D,20080124,000000,33.0445,33.1741,31.9107,32.4147,72210026.224609,0
JPM.US,D,20080125,000000,32.9275,33.0533,31.1503,31.4667,53016112.664074,0
JPM.US,D,20080128,000000,31.5727,32.8755,31.2898,32.8558,41136339.330362,0
JPM.US,D,20080129,000000,33.1211,34.4631,32.2624,34.2106,77825762.98727,0
JPM.US,D,20080130,000000,33.9601,35.5378,33.3952,34.1379,94787688.43705,0
JPM.US,D,20080131,000000,33.462,34.7411,33.0601,34.1762,76977046.271069,0
JPM.US,D,20080201,000000,34.075,35.1115,33.8147,34.7892,67726794.923588,0
JPM.US,D,20080204,000000,34.4847,34.7077,33.1869,33.3244,39167751.9943,0
JPM.US,D,20080205,000000,32.4805,32.7909,31.6159,31.6435,54154537.049822,0
JPM.US,D,20080206,000000,31.9185,32.2575,31.1965,31.5197,37769806.960891,0
JPM.US,D,20080207,000000,31.2829,32.8617,31.1827,32.5237,51065508.067859,0
JPM.US,D,20080208,000000,32.4147,32.4147,31.1895,31.5963,36142378.674562,0
JPM.US,D,20080211,000000,31.6435,31.7251,30.8733,31.2564,35886640.438248,0
JPM.US,D,20080212,000000,31.4785,32.0473,30.8211,31.2269,37716820.630136,0
JPM.US,D,20080213,000000,31.3989,31.8469,31.0098,31.7957,36801379.368445,0
JPM.US,D,20080214,000000,31.7613,31.7957,30.6227,30.7209,43246138.047213,0
JPM.US,D,20080215,000000,30.5785,31.1827,30.2897,31.1827,40254771.82196,0
JPM.US,D,20080219,000000,31.3919,31.7613,30.4046,30.8811,35800652.670276,0
JPM.US,D,20080220,000000,30.5481,31.2505,30.1727,31.1149,41817079.728646,0
JPM.US,D,20080221,000000,31.1081,31.4981,30.4409,31.0501,45601479.997134,0
JPM.US,D,20080222,000000,31.0403,31.7417,30.2179,31.6709,42236831.708235,0
JPM.US,D,20080225,000000,31.3105,32.0473,30.8271,31.7457,38716257.684824,0
JPM.US,D,20080226,000000,31.5275,32.1151,31.2987,31.5197,34659007.738377,0
JPM.US,D,20080227,000000,31.0501,32.0777,30.7279,32.0177,53489977.758422,0
JPM.US,D,20080228,000000,31.7251,31.7417,30.5628,30.5981,50767948.535792,0
JPM.US,D,20080229,000000,30.1944,30.2592,29.1117,29.3092,50772786.480122,0
JPM.US,D,20080303,000000,29.2345,29.2945,28.427,28.7089,43664860.958482,0
JPM.US,D,20080304,000000,28.3847,28.536,27.5575,28.253,78264385.290854,0
JPM.US,D,20080305,000000,28.3788,28.536,27.476,27.9308,50365344.641231,0
JPM.US,D,20080306,000000,27.527,27.5644,26.7844,26.9444,61522347.617201,0
JPM.US,D,20080307,000000,26.5976,28.1774,26.3943,27.082,59999125.984931,0
JPM.US,D,20080310,000000,27.2018,27.586,26.1772,26.299,57257822.343229,0
JPM.US,D,20080311,000000,27.7422,28.3071,26.7912,28.0036,81011899.985851,0
JPM.US,D,20080312,000000,28.0104,29.0046,27.6842,27.8394,61821877.748938,0
JPM.US,D,20080313,000000,27.2814,28.0802,26.41,27.476,63160946.027892,0
JPM.US,D,20080314,000000,27.974,27.974,25.963,26.3452,107874068.29431,0
JPM.US,D,20080317,000000,26.6762,29.6255,26.6762,29.0646,173797208.76329,0
JPM.US,D,20080318,000000,30.4183,30.9155,29.7395,30.7957,106678377.42719,0
JPM.US,D,20080319,000000,31.1895,32.3636,30.5981,30.6227,97911930.691497,0
JPM.US,D,20080320,000000,30.9371,33.4885,30.6227,33.1407,100933902.28392,0
JPM.US,D,20080324,000000,32.7458,34.7214,32.4589,33.5622,91556592.044174,0
JPM.US,D,20080325,000000,33.181,33.6339,32.3773,33.2105,75571176.088374,0
JPM.US,D,20080326,000000,32.6377,32.7123,31.7015,31.8017,57045438.317493,0
JPM.US,D,20080327,000000,31.8823,32.0777,30.9007,30.9007,44598221.851973,0
JPM.US,D,20080328,000000,31.1453,31.6111,30.7505,30.7957,40239075.222017,0
JPM.US,D,20080331,000000,30.7957,31.9039,30.7209,30.9675,40103124.202328,0
JPM.US,D,20080401,000000,32.5385,33.8864,32.1985,33.8864,75643822.611586,0
JPM.US,D,20080402,000000,33.9444,34.2902,33.1211,33.3392,50760704.342692,0
JPM.US,D,20080403,000000,32.7123,33.907,32.6741,33.3677,42039544.755992,0
JPM.US,D,20080404,000000,33.0601,33.4807,32.5297,32.8558,41437345.376106,0
JPM.US,D,20080407,000000,33.4738,33.6987,32.4805,32.8342,33383066.84622,0
JPM.US,D,20080408,000000,32.6181,32.8843,32.0315,32.3459,40473097.164981,0
JPM.US,D,20080409,000000,32.5758,32.5758,31.7791,31.9401,39496239.558871,0
JPM.US,D,20080410,000000,31.8695,32.3047,31.4215,31.6249,41920184.027622,0
JPM.US,D,20080411,000000,31.2338,31.6503,30.5923,30.664,58197696.597917,0
JPM.US,D,20080414,000000,30.5707,30.8555,29.6835,29.9213,44269202.958359,0
JPM.US,D,20080415,000000,30.4115,30.7868,29.7621,30.3663,49151908.198372,0
JPM.US,D,20080416,000000,31.3851,32.4147,31.0757,32.4147,72911514.92023,0
JPM.US,D,20080417,000000,31.9697,32.6741,31.8469,32.5297,42028651.492742,0
JPM.US,D,20080418,000000,33.403,33.7862,32.7458,32.9904,43545709.91169,0
JPM.US,D,20080421,000000,32.6535,32.7909,32.1543,32.6112,32612611.23369,0
JPM.US,D,20080422,000000,32.4147,33.0209,32.2624,32.9138,32876451.728972,0
JPM.US,D,20080423,000000,32.4147,33.1947,32.2241,32.5513,32262588.556937,0
JPM.US,D,20080424,000000,32.7123,34.132,32.6888,33.8658,52388568.278122,0
JPM.US,D,20080425,000000,34.0956,34.5122,33.5533,34.4582,33657395.491803,0
JPM.US,D,20080428,000000,34.3688,34.6733,33.7498,34.1762,37691179.423397,0
JPM.US,D,20080429,000000,34.132,34.4198,33.6093,33.9444,28764262.15592,0
JPM.US,D,20080430,000000,34.0672,35.0673,33.6938,34.355,50188506.732036,0
JPM.US,D,20080501,000000,34.3756,35.6744,34.3756,35.6656,44000249.693379,0
JPM.US,D,20080502,000000,35.978,36.0134,34.6282,35.082,38754402.42789,0
JPM.US,D,20080505,000000,34.8384,35.0673,34.4975,34.6056,26735273.293553,0
JPM.US,D,20080506,000000,34.132,35.1115,34.0672,34.751,35286740.430599,0
JPM.US,D,20080507,000000,34.7657,34.917,33.9817,34.0239,19211347.667519,0
JPM.US,D,20080508,000000,33.8726,33.8864,32.6672,33.2026,36208009.007942,0
JPM.US,D,20080509,000000,32.9825,33.8363,32.8195,33.5769,30126763.877832,0
JPM.US,D,20080512,000000,33.7577,34.0956,33.5347,33.9218,28149683.420059,0
JPM.US,D,20080513,000000,33.9149,34.0583,32.6043,32.7909,38121576.305533,0
JPM.US,D,20080514,000000,33.1682,33.4315,32.6613,33.1014,33479210.938309,0
JPM.US,D,20080515,000000,33.2026,33.9149,32.8617,33.8982,37848836.55772,0
JPM.US,D,20080516,000000,34.1173,34.1173,33.2026,33.5465,28948241.45317,0
JPM.US,D,20080519,000000,33.5622,34.0436,33.0709,33.1584,26910502.965415,0
JPM.US,D,20080520,000000,32.9207,32.9207,31.3615,31.5059,67955503.576123,0
JPM.US,D,20080521,000000,31.5815,31.7613,30.5166,30.5854,56325565.840565,0
JPM.US,D,20080522,000000,30.5707,31.5275,30.3525,31.0343,40060657.575898,0
JPM.US,D,20080523,000000,30.8025,30.9303,30.3663,30.5127,29738090.575763,0
JPM.US,D,20080527,000000,30.5707,31.2898,30.4969,31.0098,39470428.367552,0
JPM.US,D,20080528,000000,31.2829,31.3105,30.2121,30.9007,43951714.515698,0
JPM.US,D,20080529,000000,30.7789,31.7683,30.4901,31.4126,31607980.997438,0
JPM.US,D,20080530,000000,31.6926,31.7171,30.9086,31.0049,29669114.498008,0
JPM.US,D,20080602,000000,30.7357,30.8349,30.0352,30.3889,42470146.230346,0
JPM.US,D,20080603,000000,30.664,30.7789,29.6953,30.2023,39533268.714521,0
JPM.US,D,20080604,000000,30.0981,30.5323,29.6766,30.0136,42703828.204152,0
JPM.US,D,20080605,000000,30.2121,30.5127,29.8485,30.3525,38495364.251429,0
JPM.US,D,20080606,000000,30.1315,30.1315,28.8032,28.9025,55323828.395768,0
JPM.US,D,20080609,000000,29.0705,29.0783,26.2597,27.0456,103380289.80644,0
JPM.US,D,20080610,000000,26.855,28.2855,26.7912,27.6066,75466993.863236,0
JPM.US,D,20080611,000000,27.755,27.9387,26.7254,26.7696,70690367.143393,0
JPM.US,D,20080612,000000,27.1872,27.9387,27.1282,27.4052,73853703.81523,0
JPM.US,D,20080613,000000,27.6774,28.5409,27.253,28.536,56125132.646806,0
JPM.US,D,20080616,000000,28.4662,29.3092,28.1922,28.7974,48308348.020352,0
JPM.US,D,20080617,000000,29.0646,29.3789,28.0802,28.147,45091122.165537,0
JPM.US,D,20080618,000000,27.7776,28.2992,27.3472,27.9308,49256946.453635,0
JPM.US,D,20080619,000000,27.9672,28.1391,26.5466,27.865,83141876.991869,0
JPM.US,D,20080620,000000,27.1724,28.253,26.6408,27.2962,76792609.949412,0
JPM.US,D,20080623,000000,27.3924,27.3924,26.3216,26.5858,52342259.185913,0
JPM.US,D,20080624,000000,26.5378,27.586,26.135,27.194,60368847.533268,0
JPM.US,D,20080625,000000,27.3552,28.3513,27.0378,27.3335,58694205.266762,0
JPM.US,D,20080626,000000,26.7912,27.0958,26.1035,26.186,63394314.497205,0
JPM.US,D,20080627,000000,26.2774,26.5976,24.6583,25.2704,95682731.549279,0
JPM.US,D,20080630,000000,25.1446,25.5936,24.4854,24.7359,70423071.991461,0
JPM.US,D,20080701,000000,24.2909,24.7595,23.3114,24.5267,103496799.47608,0
JPM.US,D,20080702,000000,24.7742,25.7764,24.677,24.9501,71776699.907635,0
JPM.US,D,20080703,000000,25.3401,26.021,24.8656,25.46,45854010.919628,0
JPM.US,D,20080707,000000,25.5936,25.9198,24.1966,24.5404,67800541.76614,0
JPM.US,D,20080708,000000,24.7281,25.9895,24.0954,25.7891,86388512.214568,0
JPM.US,D,20080709,000000,25.7184,26.4886,24.5797,24.7153,70627269.274876,0
JPM.US,D,20080710,000000,24.5119,25.8127,24.1897,24.8794,63534664.75851,0
JPM.US,D,20080711,000000,24.0659,24.8381,23.1355,23.9057,98863913.54828,0
JPM.US,D,20080714,000000,24.6505,24.7674,22.8408,22.8487,69837113.772893,0
JPM.US,D,20080715,000000,22.1551,23.6661,21.0852,22.3673,123005755.53352,0
JPM.US,D,20080716,000000,23.2957,25.9129,22.7121,25.9129,110834764.00861,0
JPM.US,D,20080717,000000,27.5438,29.5519,27.253,29.4153,182926001.54877,0
JPM.US,D,20080718,000000,29.7041,29.7906,28.2619,28.8543,90722165.229184,0
JPM.US,D,20080721,000000,29.0469,29.5234,27.6478,27.865,57331905.083451,0
JPM.US,D,20080722,000000,27.4976,29.5911,27.1164,29.4615,69399999.955213,0
JPM.US,D,20080723,000000,29.4968,31.0049,28.3847,30.2533,82262951.878476,0
JPM.US,D,20080724,000000,30.3251,30.4852,28.147,28.2196,65807347.381016,0
JPM.US,D,20080725,000000,28.2384,29.1579,27.7422,28.4958,48781944.396565,0
JPM.US,D,20080728,000000,28.4722,29.3092,26.971,27.1538,57789407.889746,0
JPM.US,D,20080729,000000,27.3552,29.3789,26.807,29.3789,69945227.01865,0
JPM.US,D,20080730,000000,29.8682,30.3339,28.8199,29.9713,66414127.183685,0
JPM.US,D,20080731,000000,29.2787,30.2533,29.0547,29.2945,51862615.633756,0
JPM.US,D,20080801,000000,29.712,30.103,28.6755,29.3848,42682021.320217,0
JPM.US,D,20080804,000000,28.5792,29.4831,28.0566,28.9428,38461101.67114,0
JPM.US,D,20080805,000000,29.7041,30.2818,28.9909,30.2023,49602001.916348,0
JPM.US,D,20080806,000000,29.8151,30.4783,29.0862,29.8437,45782035.173886,0
JPM.US,D,20080807,000000,29.3318,29.9586,28.4662,28.703,59168340.097118,0
JPM.US,D,20080808,000000,28.4888,30.0264,28.4063,29.6098,51558742.243349,0
JPM.US,D,20080811,000000,29.4065,30.8929,29.1039,30.2023,47965073.833166,0
JPM.US,D,20080812,000000,29.5519,29.5656,26.692,27.3404,90315261.844438,0
JPM.US,D,20080813,000000,27.137,27.1448,26.0632,26.6104,67333596.163809,0
JPM.US,D,20080814,000000,26.3825,27.7108,26.2597,27.2608,57050246.743544,0
JPM.US,D,20080815,000000,27.4338,27.9072,26.9444,27.4484,50822215.349182,0
JPM.US,D,20080818,000000,27.3404,27.42,26.4248,26.4886,44586522.434313,0
JPM.US,D,20080819,000000,25.963,26.247,25.233,25.6526,57453054.212449,0
JPM.US,D,20080820,000000,25.6103,26.7254,25.2488,26.6762,54124328.652631,0
JPM.US,D,20080821,000000,26.0888,26.3894,25.8038,26.1418,42392439.866767,0
JPM.US,D,20080822,000000,26.8354,27.5772,26.577,27.1596,49962920.909967,0
JPM.US,D,20080825,000000,26.966,27.0004,26.0141,26.0484,37559971.685966,0
JPM.US,D,20080826,000000,26.0799,26.7636,25.8844,26.3943,39127919.619906,0
JPM.US,D,20080827,000000,26.352,26.8354,25.8588,26.7774,33025380.613214,0
JPM.US,D,20080828,000000,27.1538,28.032,26.8404,28.032,48159926.036232,0
JPM.US,D,20080829,000000,27.7628,28.0752,27.4612,27.7481,32353289.071016,0
JPM.US,D,20080902,000000,28.5232,28.8543,27.755,28.1086,46141616.684052,0
JPM.US,D,20080903,000000,28.0566,28.6598,27.7196,28.6323,39905191.919409,0
JPM.US,D,20080904,000000,28.3376,28.6824,27.2756,27.3335,57559627.41828,0
JPM.US,D,20080905,000000,27.0378,28.6598,26.9298,28.5498,58352059.899323,0
JPM.US,D,20080908,000000,30.5628,31.4785,28.8406,29.9586,117714374.79408,0
JPM.US,D,20080909,000000,29.4232,30.2395,28.4427,28.4584,78273275.38254,0
JPM.US,D,20080910,000000,28.8347,29.1579,27.9672,28.4063,63923330.935478,0
JPM.US,D,20080911,000000,28.4063,30.0559,27.3404,30.0264,79013918.549982,0
JPM.US,D,20080912,000000,29.4448,30.2533,28.9771,29.6835,71313858.364118,0
JPM.US,D,20080915,000000,27.6774,30.1727,26.6762,26.6762,128193047.69202,0
JPM.US,D,20080916,000000,25.6526,29.5234,25.2488,29.374,123898066.67803,0
JPM.US,D,20080917,000000,28.1774,29.3318,25.5936,25.7891,144639589.0596,0
JPM.US,D,20080918,000000,26.3392,29.599,24.5404,29.0547,184270048.23834,0
JPM.US,D,20080919,000000,33.8864,34.6056,30.6777,33.9218,122776341.49587,0
JPM.US,D,20080922,000000,32.9433,33.0945,29.3789,29.4153,62290104.851776,0
JPM.US,D,20080923,000000,29.2345,30.4115,28.8799,29.2434,44837673.122742,0
JPM.US,D,20080924,000000,29.9213,30.6423,28.9978,29.1992,37700579.46882,0
JPM.US,D,20080925,000000,30.4635,32.4471,29.7768,31.3349,50809773.903032,0
JPM.US,D,20080926,000000,29.2345,35.3256,29.1874,34.7824,205075782.04011,0
JPM.US,D,20080929,000000,33.5838,34.246,29.5587,29.5587,107942009.19652,0
JPM.US,D,20080930,000000,32.1769,34.1674,31.5571,33.6712,92826068.432977,0
JPM.US,D,20081001,000000,33.8215,36.0468,33.3814,35.7825,82388099.207628,0
JPM.US,D,20081002,000000,35.5094,35.9416,33.687,35.9416,74810615.206928,0
JPM.US,D,20081003,000000,36.2728,36.5056,32.6112,33.0945,95197265.770829,0
JPM.US,D,20081006,000000,31.3547,32.5513,30.0647,31.7251,87444184.646572,0
JPM.US,D,20081007,000000,32.7537,32.9767,28.3444,28.3513,86540357.301315,0
JPM.US,D,20081008,000000,28.0674,31.3989,27.755,28.3376,104955282.43061,0
JPM.US,D,20081009,000000,29.5833,30.7789,26.41,26.4444,123121544.54999,0
JPM.US,D,20081010,000000,25.2537,30.2818,25.2488,30.0185,156681256.92765,0
JPM.US,D,20081013,000000,31.6563,31.7791,28.594,30.272,113166299.97453,0
JPM.US,D,20081014,000000,31.3989,31.3989,28.594,29.3524,130389300.36209,0
JPM.US,D,20081015,000000,28.3572,30.1315,27.3984,27.7481,117491737.7464,0
JPM.US,D,20081016,000000,28.1312,29.5587,26.1772,29.1942,104140058.78367,0
JPM.US,D,20081017,000000,28.5714,29.8437,28.1646,28.3572,84589433.093377,0
JPM.US,D,20081020,000000,28.8474,29.3475,27.974,29.3161,62040238.71747,0
JPM.US,D,20081021,000000,28.7846,29.7552,28.5498,28.652,57924952.778616,0
JPM.US,D,20081022,000000,28.2246,28.875,25.963,26.799,84289182.308456,0
JPM.US,D,20081023,000000,26.9376,27.9387,25.8264,27.2884,88647302.923708,0
JPM.US,D,20081024,000000,25.3215,27.2018,24.8794,25.5425,85948048.581025,0
JPM.US,D,20081027,000000,25.3077,25.8844,24.0295,24.5119,86986444.676163,0
JPM.US,D,20081028,000000,25.1996,27.194,23.4479,27.1076,101330704.30962,0
JPM.US,D,20081029,000000,26.7578,27.6714,25.6024,25.7468,85749599.219267,0
JPM.US,D,20081030,000000,26.5976,27.3984,25.9758,27.1242,65691416.880374,0
JPM.US,D,20081031,000000,26.8846,29.7395,26.8776,29.7395,120598161.13835,0
JPM.US,D,20081103,000000,29.7395,29.7395,28.982,29.3662,62497403.590351,0
JPM.US,D,20081104,000000,29.7395,30.5854,29.4752,30.4046,67846113.919217,0
JPM.US,D,20081105,000000,30.0883,30.6423,27.8444,28.2776,74229951.957096,0
JPM.US,D,20081106,000000,28.088,28.6676,27.2962,27.586,78280312.947679,0
JPM.US,D,20081107,000000,27.5644,27.7688,26.2931,27.2186,69646551.899167,0
JPM.US,D,20081110,000000,27.5998,27.7422,25.7036,26.2538,57639583.278382,0
JPM.US,D,20081111,000000,25.8264,27.0004,25.4305,26.2076,85404910.190377,0
JPM.US,D,20081112,000000,25.5366,26.1703,24.7359,24.9285,78669237.664065,0
JPM.US,D,20081113,000000,24.9806,27.0378,24.1543,26.8158,103362440.40778,0
JPM.US,D,20081114,000000,26.1938,26.6104,24.6298,24.8509,77542149.315771,0
JPM.US,D,20081117,000000,24.3813,25.1387,23.4361,23.6248,79837480.60213,0
JPM.US,D,20081118,000000,23.6189,23.8645,21.8888,23.1739,92866440.279387,0
JPM.US,D,20081119,000000,22.8487,23.0855,20.3916,20.5291,125119648.13046,0
JPM.US,D,20081120,000000,20.0015,20.6991,16.0934,16.8568,222901607.79868,0
JPM.US,D,20081121,000000,17.1171,17.6083,14.1983,16.3783,268281864.57198,0
JPM.US,D,20081124,000000,17.2488,20.4328,16.2211,19.8856,190543751.53722,0
JPM.US,D,20081125,000000,21.3622,22.1423,20.5468,21.4634,146230963.31139,0
JPM.US,D,20081126,000000,20.7374,22.1669,20.311,22.0755,77173015.079422,0
JPM.US,D,20081128,000000,21.8888,23.0196,21.7218,22.8271,32121382.265507,0
JPM.US,D,20081201,000000,22.1147,22.1345,18.7598,18.8334,98445463.426633,0
JPM.US,D,20081202,000000,19.136,20.8347,17.7429,20.5694,112782998.99944,0
JPM.US,D,20081203,000000,19.7815,22.1619,19.4956,21.8083,90032391.2193,0
JPM.US,D,20081204,000000,21.5155,23.7191,21.4507,22.4065,111954994.95506,0
JPM.US,D,20081205,000000,21.9251,24.5119,21.4359,24.0433,102068192.0747,0
JPM.US,D,20081208,000000,24.4923,27.1782,24.2221,26.3068,117242641.12313,0
JPM.US,D,20081209,000000,25.7184,25.739,24.2683,24.4854,91300325.532432,0
JPM.US,D,20081210,000000,24.8037,25.2085,23.8497,24.1671,66461646.525379,0
JPM.US,D,20081211,000000,23.5059,23.6189,21.4418,21.5862,98119433.004417,0
JPM.US,D,20081212,000000,20.5055,22.5087,20.1961,22.3063,83133821.555001,0
JPM.US,D,20081215,000000,21.152,21.4703,20.311,20.6441,71436496.639457,0
JPM.US,D,20081216,000000,20.9142,23.6101,20.7904,23.3271,105155091.669,0
JPM.US,D,20081217,000000,22.7121,23.7122,22.3839,22.9725,64793569.53153,0
JPM.US,D,20081218,000000,23.1867,23.4961,21.7159,21.7827,79625511.86806,0
JPM.US,D,20081219,000000,21.7081,22.5313,21.4703,21.8603,77250493.439734,0
JPM.US,D,20081222,000000,22.0921,22.4891,21.2767,21.4988,50456175.442892,0
JPM.US,D,20081223,000000,21.7975,21.9193,20.9869,20.9869,37359245.34515,0
JPM.US,D,20081224,000000,20.6549,21.5439,20.6549,21.5223,17129437.618188,0
JPM.US,D,20081226,000000,21.6658,21.8151,21.0901,21.4851,17518211.689558,0
JPM.US,D,20081229,000000,21.6245,21.6461,20.7659,21.4703,30953967.875029,0
JPM.US,D,20081230,000000,21.5509,22.3839,21.5439,22.3603,41337057.528205,0
JPM.US,D,20081231,000000,22.1345,23.0265,21.9477,22.7307,35911340.113638,0
JPM.US,D,20090102,000000,22.4891,22.8153,21.9674,22.6021,45069878.164668,0
JPM.US,D,20090105,000000,22.1551,22.1845,20.9663,21.0901,61122100.095695,0
JPM.US,D,20090106,000000,21.4762,21.9311,21.2767,21.5439,61327725.453147,0
JPM.US,D,20090107,000000,21.0164,21.1981,20.1882,20.2521,58462726.98525,0
JPM.US,D,20090108,000000,20.1155,20.1518,19.3678,19.6252,72172009.733381,0
JPM.US,D,20090109,000000,19.865,19.865,18.6094,18.7224,59079559.289121,0
JPM.US,D,20090112,000000,18.689,18.8511,17.6634,17.959,82259365.916373,0
JPM.US,D,20090113,000000,18.1762,19.1684,17.7134,18.9965,101790538.04218,0
JPM.US,D,20090114,000000,18.4512,18.9513,17.849,18.6822,102504993.40575,0
JPM.US,D,20090115,000000,19.136,19.5024,17.1318,17.5484,189679405.40061,0
JPM.US,D,20090116,000000,17.904,18.0258,14.8005,16.4549,217497978.20065,0
JPM.US,D,20090120,000000,15.1394,15.3339,12.7639,13.0419,196653939.84996,0
JPM.US,D,20090121,000000,13.9095,16.4667,13.6097,16.3174,189001686.04561,0
JPM.US,D,20090122,000000,16.118,17.18,15.2927,16.6544,152882036.44677,0
JPM.US,D,20090123,000000,15.8036,17.3892,15.724,16.9992,81855663.738217,0
JPM.US,D,20090126,000000,18.0258,18.5672,17.1171,17.6634,103022005.06485,0
JPM.US,D,20090127,000000,18.1094,18.1466,17.346,18.068,70291214.851868,0
JPM.US,D,20090128,000000,19.6046,20.0241,18.9886,19.9426,126645689.26742,0
JPM.US,D,20090129,000000,19.2794,19.5988,18.2066,18.3354,80964388.787129,0
JPM.US,D,20090130,000000,18.6094,19.4514,17.738,18.3914,103084645.90896,0
JPM.US,D,20090202,000000,18.0258,18.5122,17.5562,18.1702,71163548.22794,0
JPM.US,D,20090203,000000,18.0494,18.35,17.0886,17.3372,91693920.244314,0
JPM.US,D,20090204,000000,17.4846,18.3854,17.1171,17.3293,76720553.791804,0
JPM.US,D,20090205,000000,17.1171,18.2568,16.2132,17.6928,110635860.67606,0
JPM.US,D,20090206,000000,18.3914,20.0448,18.24,19.921,106369078.78046,0
JPM.US,D,20090209,000000,19.2136,20.1656,18.9621,19.6675,75383047.945953,0
JPM.US,D,20090210,000000,19.3678,19.9062,17.5199,17.7498,127355318.90114,0
JPM.US,D,20090211,000000,18.2066,19.192,18.126,18.8108,89721137.240983,0
JPM.US,D,20090212,000000,18.2784,18.9042,17.4286,18.8826,111649923.52963,0
JPM.US,D,20090213,000000,18.2066,18.6684,17.7812,17.8028,80712788.199396,0
JPM.US,D,20090217,000000,16.4422,16.728,15.6071,15.6071,126641790.8187,0
JPM.US,D,20090218,000000,15.9922,16.0806,15.1394,15.5108,114842192.18751,0
JPM.US,D,20090219,000000,15.9126,16.0806,14.8093,14.8535,92152711.676218,0
JPM.US,D,20090220,000000,14.2139,15.1394,13.5185,14.3485,188293706.38197,0
JPM.US,D,20090223,000000,15.0687,15.5422,14.0469,14.0705,140285032.01327,0
JPM.US,D,20090224,000000,14.5136,15.2121,13.6727,15.1532,258374681.86384,0
JPM.US,D,20090225,000000,15.0205,16.7428,14.5087,15.666,188152141.7997,0
JPM.US,D,20090226,000000,16.8116,17.4354,16.4422,16.62,173307692.87322,0
JPM.US,D,20090227,000000,15.5953,17.014,15.5383,16.4736,152358212.1722,0
JPM.US,D,20090302,000000,15.6464,16.173,15.1925,15.2553,131670002.8582,0
JPM.US,D,20090303,000000,15.6307,15.7888,14.8535,15.1463,118300412.40664,0
JPM.US,D,20090304,000000,15.6729,15.6729,13.5567,13.9143,200971594.9746,0
JPM.US,D,20090305,000000,13.3377,13.7001,11.5663,11.9681,213132348.74564,0
JPM.US,D,20090306,000000,12.3925,12.7413,10.7872,11.4828,215098342.54454,0
JPM.US,D,20090309,000000,11.082,12.4653,10.8275,11.4621,184270989.76969,0
JPM.US,D,20090310,000000,12.5085,14.0637,12.3523,14.0637,206634915.20488,0
JPM.US,D,20090311,000000,14.6708,15.0775,13.7875,14.7111,215601184.41128,0
JPM.US,D,20090312,000000,14.5254,16.8194,14.4193,16.728,210716865.84458,0
JPM.US,D,20090313,000000,17.006,17.5415,16.5168,17.125,167085022.60927,0
JPM.US,D,20090316,000000,17.5258,18.2194,16.5561,16.6494,173392597.62568,0
JPM.US,D,20090317,000000,16.8008,18.183,16.056,18.126,138589339.14152,0
JPM.US,D,20090318,000000,17.8972,19.7068,17.4354,19.5457,197108456.2206,0
JPM.US,D,20090319,000000,19.6478,19.7638,17.7292,17.9856,173263711.65366,0
JPM.US,D,20090320,000000,17.7812,17.8648,16.6878,16.6878,151080633.52442,0
JPM.US,D,20090323,000000,18.24,21.0301,18.1172,20.8071,203585673.81095,0
JPM.US,D,20090324,000000,20.2246,21.1235,18.8894,19.0348,184735219.69026,0
JPM.US,D,20090325,000000,19.6046,20.6991,18.6978,20.593,207306191.43182,0
JPM.US,D,20090326,000000,20.9437,21.3425,19.9347,20.9801,185432331.53743,0
JPM.US,D,20090327,000000,20.3837,21.0527,19.6675,19.7579,150597006.02231,0
JPM.US,D,20090330,000000,18.5082,19.0122,17.8648,17.9178,145295688.81906,0
JPM.US,D,20090331,000000,18.5504,19.5378,17.9178,19.1626,116794703.25748,0
JPM.US,D,20090401,000000,18.2332,20.3916,18.2332,20.2874,146919927.09538,0
JPM.US,D,20090402,000000,21.3249,21.3917,19.7638,20.3022,182763958.40516,0
JPM.US,D,20090403,000000,20.1725,21.1107,19.8257,21.1107,112188092.6705,0
JPM.US,D,20090406,000000,20.3837,20.8347,19.9544,20.3316,100022476.5262,0
JPM.US,D,20090407,000000,19.6675,20.2246,19.472,19.6478,102074726.8112,0
JPM.US,D,20090408,000000,19.7893,20.0644,19.1134,19.7756,92227532.373445,0
JPM.US,D,20090409,000000,21.9477,23.8567,21.7768,23.6101,205014978.45447,0
JPM.US,D,20090413,000000,23.0815,24.622,22.9351,24.2997,152695588.81058,0
JPM.US,D,20090414,000000,23.8213,23.9745,22.1001,22.1345,151820789.13131,0
JPM.US,D,20090415,000000,22.0755,23.7731,21.8211,23.4735,149580841.26363,0
JPM.US,D,20090416,000000,24.5188,24.5188,23.333,23.9677,184149859.98026,0
JPM.US,D,20090417,000000,24.0433,24.4972,23.4539,23.9814,145561062.22916,0
JPM.US,D,20090420,000000,22.9125,23.3723,21.3701,21.4055,151511668.61214,0
JPM.US,D,20090421,000000,20.9594,23.7269,20.816,23.4539,160330662.97587,0
JPM.US,D,20090422,000000,22.8153,24.6151,22.5815,22.9989,172029326.39273,0
JPM.US,D,20090423,000000,23.2367,24.3321,22.8271,23.9461,123909779.32802,0
JPM.US,D,20090424,000000,24.2683,24.8715,23.2495,24.0659,162392625.79292,0
JPM.US,D,20090427,000000,23.4539,24.3459,23.3565,23.6337,94076438.351543,0
JPM.US,D,20090428,000000,23.3271,24.3155,23.2741,23.6415,91234926.255934,0
JPM.US,D,20090429,000000,24.1081,24.9196,23.9745,24.8568,117317674.55555,0
JPM.US,D,20090430,000000,25.2409,25.3863,23.6101,23.7937,131004078.60082,0
JPM.US,D,20090501,000000,23.6857,24.3459,23.1159,23.4273,94602769.644193,0
JPM.US,D,20090504,000000,23.836,25.9414,23.7191,25.8038,139972310.26392,0
JPM.US,D,20090505,000000,25.5592,25.9198,24.844,25.1053,88045867.965491,0
JPM.US,D,20090506,000000,25.8264,26.9298,25.6378,26.8354,142124932.88018,0
JPM.US,D,20090507,000000,27.755,27.9132,25.0405,25.4079,156522761.06702,0
JPM.US,D,20090508,000000,26.5328,28.0752,26.1035,28.0752,152515847.93121,0
JPM.US,D,20090511,000000,26.9298,27.527,25.8324,25.8324,120313517.38066,0
JPM.US,D,20090512,000000,26.127,26.1418,24.5561,25.4954,130554460.22894,0
JPM.US,D,20090513,000000,25.0169,25.4305,24.283,24.5483,113876441.59771,0
JPM.US,D,20090514,000000,24.6013,25.6791,24.3813,25.625,95355335.143203,0
JPM.US,D,20090515,000000,25.5592,25.7233,24.8037,25.1702,94704651.479222,0
JPM.US,D,20090518,000000,25.7468,26.9298,25.3814,26.862,99419392.615778,0
JPM.US,D,20090519,000000,26.8934,27.1674,25.7891,25.8196,82876980.963603,0
JPM.US,D,20090520,000000,26.3943,26.5024,24.7006,24.9118,106894595.77574,0
JPM.US,D,20090521,000000,24.6505,25.4954,24.2761,25.1623,90197239.617392,0
JPM.US,D,20090522,000000,25.4226,25.4521,24.8116,24.8116,54401408.605499,0
JPM.US,D,20090526,000000,24.6013,26.359,24.6013,26.3452,90737717.29134,0
JPM.US,D,20090527,000000,26.3138,26.4738,24.9874,24.9874,105907483.11195,0
JPM.US,D,20090528,000000,25.3342,26.4385,24.9501,26.4248,91604559.249431,0
JPM.US,D,20090529,000000,26.2076,26.7254,25.7233,26.6026,85853005.826147,0
JPM.US,D,20090601,000000,26.966,27.2018,25.7891,26.0328,124498411.49562,0
JPM.US,D,20090602,000000,25.2871,25.6103,24.8381,24.8715,220917362.54181,0
JPM.US,D,20090603,000000,24.8037,25.2144,24.2604,24.4972,99956780.031155,0
JPM.US,D,20090604,000000,24.8037,25.5504,24.677,25.4865,98332240.464794,0
JPM.US,D,20090605,000000,25.7557,25.7842,24.8715,24.9118,85336993.717093,0
JPM.US,D,20090608,000000,24.9118,25.7626,24.9118,25.516,85428631.691035,0
JPM.US,D,20090609,000000,25.7557,25.796,25.2989,25.4226,81744480.591322,0
JPM.US,D,20090610,000000,25.6466,25.7184,24.7811,25.1191,83375334.016021,0
JPM.US,D,20090611,000000,25.2871,25.8588,24.9039,25.1918,92256410.412285,0
JPM.US,D,20090612,000000,25.1328,25.5504,25.0906,25.3284,57067013.126673,0
JPM.US,D,20090615,000000,25.1446,25.2625,24.4667,24.5119,76762733.378406,0
JPM.US,D,20090616,000000,24.7094,24.7959,24.0659,24.1543,78097583.596912,0
JPM.US,D,20090617,000000,24.1032,24.1671,23.2023,23.5953,90742855.507831,0
JPM.US,D,20090618,000000,23.6857,24.7359,23.6769,24.6377,88369470.763631,0
JPM.US,D,20090619,000000,24.9806,25.3215,24.3606,25.233,106740078.77569,0
JPM.US,D,20090622,000000,25.009,25.233,23.6916,23.6965,97536670.90308,0
JPM.US,D,20090623,000000,23.8714,24.5797,23.7339,24.2035,80840691.925191,0
JPM.US,D,20090624,000000,24.3537,24.4667,23.8439,24.1249,69913927.462965,0
JPM.US,D,20090625,000000,24.1406,24.6446,23.6582,24.6151,79258443.911322,0
JPM.US,D,20090626,000000,24.4284,25.0474,24.1406,24.8381,64760665.809999,0
JPM.US,D,20090629,000000,24.9118,25.0169,24.5404,24.9501,48372696.853225,0
JPM.US,D,20090630,000000,24.9501,25.0847,24.4206,24.5945,54676456.886395,0
JPM.US,D,20090701,000000,24.7094,24.9285,24.2604,24.3459,50543539.373442,0
JPM.US,D,20090702,000000,24.0511,24.3459,23.2652,23.2652,53071334.241147,0
JPM.US,D,20090706,000000,23.0923,23.5059,22.7769,23.5059,84116344.635157,0
JPM.US,D,20090707,000000,23.5255,24.0816,23.1659,23.6582,78601898.324051,0
JPM.US,D,20090708,000000,23.7407,24.1475,22.9213,23.5845,99550058.845448,0
JPM.US,D,20090709,000000,23.7122,24.3321,23.6965,24.2388,57684923.356705,0
JPM.US,D,20090710,000000,24.0148,24.2761,23.221,23.3183,70680093.764026,0
JPM.US,D,20090713,000000,23.6965,25.0238,23.3801,25.0238,97546371.220663,0
JPM.US,D,20090714,000000,24.8951,25.2989,24.5561,25.0169,73228104.582153,0
JPM.US,D,20090715,000000,25.3156,26.5024,25.2409,26.1418,116171886.88571,0
JPM.US,D,20090716,000000,25.5936,26.2538,25.3942,26.0484,99036785.829217,0
JPM.US,D,20090717,000000,26.2597,26.8216,26.0888,26.5976,85611278.594191,0
JPM.US,D,20090720,000000,26.692,26.9916,26.3825,26.6606,60325189.996915,0
JPM.US,D,20090721,000000,26.8216,26.9012,26.3894,26.634,60334702.008227,0
JPM.US,D,20090722,000000,26.247,26.917,26.1094,26.5544,55669020.253293,0
JPM.US,D,20090723,000000,26.6408,27.7373,26.3668,27.5054,78249451.076838,0
JPM.US,D,20090724,000000,27.4338,27.5772,26.966,27.3404,49005203.363859,0
JPM.US,D,20090727,000000,27.3758,28.4584,27.0888,27.4907,42222819.686006,0
JPM.US,D,20090728,000000,27.2107,27.5438,27.1448,27.4544,40249537.925526,0
JPM.US,D,20090729,000000,27.248,27.5712,26.9916,27.2342,41484447.390392,0
JPM.US,D,20090730,000000,27.4907,28.3208,27.3236,27.7373,53328920.932523,0
JPM.US,D,20090731,000000,27.6714,27.865,27.3472,27.865,54205251.490876,0
JPM.US,D,20090803,000000,28.2059,28.6598,28.1086,28.5498,59455332.084889,0
JPM.US,D,20090804,000000,28.3641,29.1992,28.2384,28.9909,60015295.895228,0
JPM.US,D,20090805,000000,29.0862,30.4233,29.0282,30.1237,87707241.380622,0
JPM.US,D,20090806,000000,30.4852,30.6139,28.9978,29.3789,75079304.84313,0
JPM.US,D,20090807,000000,29.7621,31.1011,29.6894,30.5402,91026650.360499,0
JPM.US,D,20090810,000000,30.3034,31.1561,30.2897,30.7789,60577126.482318,0
JPM.US,D,20090811,000000,30.4852,30.6483,29.5165,29.7317,70182526.508583,0
JPM.US,D,20090812,000000,29.6953,30.606,29.5833,30.4321,59667647.91322,0
JPM.US,D,20090813,000000,30.8084,31.0049,30.1443,30.9303,55953638.564191,0
JPM.US,D,20090814,000000,30.7357,30.8929,30.1384,30.606,53275241.43112,0
JPM.US,D,20090817,000000,29.712,29.9792,29.3524,29.3662,54181205.289136,0
JPM.US,D,20090818,000000,29.6324,30.1944,29.6049,30.0647,40189888.60643,0
JPM.US,D,20090819,000000,29.6707,30.2121,29.5587,29.8545,40715977.645608,0
JPM.US,D,20090820,000000,29.9439,30.7357,29.9036,30.5854,41044860.144409,0
JPM.US,D,20090821,000000,30.9007,31.5885,30.664,31.4785,59373022.905348,0
JPM.US,D,20090824,000000,31.6249,31.8949,30.9675,31.0098,55785471.90426,0
JPM.US,D,20090825,000000,31.2829,31.8223,31.2201,31.4215,48251818.478107,0
JPM.US,D,20090826,000000,31.2829,31.5659,30.9459,31.2201,44224960.145761,0
JPM.US,D,20090827,000000,31.0343,31.4569,30.6699,31.3271,40155638.2406,0
JPM.US,D,20090828,000000,31.5885,31.6249,30.6483,30.9459,37770142.858563,0
JPM.US,D,20090831,000000,30.5981,31.4371,30.3251,31.3349,44294911.344633,0
JPM.US,D,20090901,000000,31.0589,31.5963,29.9655,30.0421,71239144.543424,0
JPM.US,D,20090902,000000,29.9301,30.3594,29.3789,29.4615,49672079.331314,0
JPM.US,D,20090903,000000,29.7257,30.4635,29.6403,30.3594,48508676.373323,0
JPM.US,D,20090904,000000,30.5166,30.6355,30.1315,30.5245,30329788.573015,0
JPM.US,D,20090908,000000,30.8507,31.0295,30.1727,30.6699,38937958.290501,0
JPM.US,D,20090909,000000,30.7141,31.0501,30.5628,30.9007,40247857.4193,0
JPM.US,D,20090910,000000,30.8084,31.1149,30.4233,31.0157,34806445.440535,0
JPM.US,D,20090911,000000,31.1011,31.2829,30.6286,30.6423,37824807.6598,0
JPM.US,D,20090914,000000,30.3398,31.6159,30.2897,31.5423,40064214.019721,0
JPM.US,D,20090915,000000,31.4441,31.8606,30.6777,31.1385,69302944.867925,0
JPM.US,D,20090916,000000,31.2564,32.2153,31.1503,32.1907,53423580.96763,0
JPM.US,D,20090917,000000,31.9333,32.5237,31.8695,32.4147,49444745.823487,0
JPM.US,D,20090918,000000,32.6181,32.6888,32.2309,32.4078,54765688.61157,0
JPM.US,D,20090921,000000,32.1151,32.2977,31.8823,32.1209,33304925.851411,0
JPM.US,D,20090922,000000,32.3047,33.5219,32.0699,33.5062,56931661.633432,0
JPM.US,D,20090923,000000,33.4521,33.5268,32.4304,32.4855,47673358.92057,0
JPM.US,D,20090924,000000,32.5984,33.0209,31.9107,31.9903,58476354.251966,0
JPM.US,D,20090925,000000,31.8311,31.9265,31.2505,31.4735,42978427.603615,0
JPM.US,D,20090928,000000,31.7015,32.3223,31.4981,32.3047,33560194.848857,0
JPM.US,D,20090929,000000,32.3636,32.5905,32.0315,32.3567,33138930.311879,0
JPM.US,D,20090930,000000,32.2977,32.3636,31.3105,31.5963,56588211.354436,0
JPM.US,D,20091001,000000,31.2898,31.4047,29.823,29.8279,69919797.52923,0
JPM.US,D,20091002,000000,29.4291,30.5707,29.2198,30.1797,59683744.536751,0
JPM.US,D,20091005,000000,30.6286,31.6709,30.5323,31.5815,47680063.641653,0
JPM.US,D,20091006,000000,31.9825,32.4471,31.7751,32.3773,57728777.342303,0
JPM.US,D,20091007,000000,32.1543,33.0356,32.0541,32.9501,50048226.703879,0
JPM.US,D,20091008,000000,33.1947,33.4807,32.4805,32.6613,50733884.440489,0
JPM.US,D,20091009,000000,32.7772,33.1211,32.5021,33.0601,35955719.321047,0
JPM.US,D,20091012,000000,33.4315,33.4679,32.6957,33.2233,33521217.486717,0
JPM.US,D,20091013,000000,32.9138,33.1869,32.1081,32.9207,63245493.507366,0
JPM.US,D,20091014,000000,34.0239,34.2253,33.6182,34.0023,97498103.743246,0
JPM.US,D,20091015,000000,33.4247,34.1173,33.4247,34.0023,50028677.459441,0
JPM.US,D,20091016,000000,33.6712,33.7999,33.1682,33.2105,51927673.923224,0
JPM.US,D,20091019,000000,33.4679,33.4738,32.7683,33.1495,42163249.760903,0
JPM.US,D,20091020,000000,33.0287,33.5907,32.9973,33.1869,42455416.608548,0
JPM.US,D,20091021,000000,33.181,33.4679,32.1907,32.1907,45739728.353317,0
JPM.US,D,20091022,000000,32.3862,33.0709,32.3223,32.957,44650638.174559,0
JPM.US,D,20091023,000000,32.9501,33.3028,32.4147,32.6112,38323448.769918,0
JPM.US,D,20091026,000000,32.5297,32.5984,31.3989,31.5963,58356038.759914,0
JPM.US,D,20091027,000000,31.7171,32.1985,31.4823,31.6503,52814856.012086,0
JPM.US,D,20091028,000000,31.5275,31.5885,30.6423,30.7721,63338399.749484,0
JPM.US,D,20091029,000000,31.1561,32.0119,30.8271,31.9735,49781035.374865,0
JPM.US,D,20091030,000000,31.6857,31.7015,30.0883,30.1167,81598224.638242,0
JPM.US,D,20091102,000000,30.4115,30.8929,29.936,30.6983,61814340.40878,0
JPM.US,D,20091103,000000,30.3467,30.9725,30.2641,30.7868,40736236.346641,0
JPM.US,D,20091104,000000,31.1503,31.4981,30.3663,30.4321,58973144.87128,0
JPM.US,D,20091105,000000,30.7141,31.6709,30.5707,31.6317,45575681.020275,0
JPM.US,D,20091106,000000,31.1081,31.4981,30.9371,31.3477,37608083.429008,0
JPM.US,D,20091109,000000,31.6709,32.0051,31.2201,31.9735,53818063.263661,0
JPM.US,D,20091110,000000,31.8223,31.9549,31.3989,31.8469,42936695.880574,0
JPM.US,D,20091111,000000,31.9697,32.4393,31.5659,31.9549,45294049.145032,0
JPM.US,D,20091112,000000,31.7791,32.1907,31.0049,31.2201,47793871.879738,0
JPM.US,D,20091113,000000,31.1209,31.2121,30.5402,30.9303,50816127.458368,0
JPM.US,D,20091116,000000,31.1827,31.4441,30.8271,31.0295,60278306.82505,0
JPM.US,D,20091117,000000,30.9459,31.1385,30.6699,31.1209,35809421.635227,0
JPM.US,D,20091118,000000,31.1081,31.3615,30.9617,31.2771,28317732.00687,0
JPM.US,D,20091119,000000,31.0757,31.1326,30.4714,30.6777,37237825.462271,0
JPM.US,D,20091120,000000,30.6227,30.8153,30.3889,30.6139,35126724.887478,0
JPM.US,D,20091123,000000,30.9675,31.4667,30.7868,31.2043,41297260.779322,0
JPM.US,D,20091124,000000,31.1895,31.2043,30.4557,30.6286,44176438.200412,0
JPM.US,D,20091125,000000,30.7642,30.7642,30.2395,30.3967,36232727.005023,0
JPM.US,D,20091127,000000,29.544,30.2121,29.3789,29.7985,36380665.500072,0
JPM.US,D,20091130,000000,29.9586,30.7505,29.9114,30.6355,53009791.680634,0
JPM.US,D,20091201,000000,30.7209,30.7957,30.0087,30.4409,54381741.287941,0
JPM.US,D,20091202,000000,30.3889,30.3889,29.8967,30.2317,44910790.920565,0
JPM.US,D,20091203,000000,30.4969,31.0677,29.7837,29.8485,73908688.228191,0
JPM.US,D,20091204,000000,30.4635,30.6483,29.7189,30.0981,85273234.231952,0
JPM.US,D,20091207,000000,30.0136,30.2533,29.6049,29.7395,45669164.395664,0
JPM.US,D,20091208,000000,29.5656,29.8485,29.2846,29.712,58039219.058979,0
JPM.US,D,20091209,000000,29.7395,29.9301,29.2719,29.6953,58904897.589683,0
JPM.US,D,20091210,000000,29.823,29.9655,29.3161,29.7552,50440057.444054,0
JPM.US,D,20091211,000000,29.5519,29.7395,29.3789,29.5293,64638037.713377,0
JPM.US,D,20091214,000000,29.5656,30.2317,29.3475,30.1167,48991002.017488,0
JPM.US,D,20091215,000000,29.9213,30.0647,29.2846,29.4615,55783660.092581,0
JPM.US,D,20091216,000000,29.6835,30.0647,29.4752,29.823,60403744.247645,0
JPM.US,D,20091217,000000,29.6049,29.6481,28.9771,29.0351,61357421.860857,0
JPM.US,D,20091218,000000,29.2198,29.6953,28.8681,29.5234,66749863.012841,0
JPM.US,D,20091221,000000,29.9586,30.4557,29.9213,30.2121,49690948.637438,0
JPM.US,D,20091222,000000,30.2818,30.3525,30.0559,30.2395,34208340.958617,0
JPM.US,D,20091223,000000,30.1639,30.2395,29.8849,29.9655,33922559.220333,0
JPM.US,D,20091224,000000,30.048,30.2023,29.9301,30.2023,11035450.769767,0
JPM.US,D,20091228,000000,30.2818,30.3732,29.9655,30.0804,18076822.748368,0
JPM.US,D,20091229,000000,30.0883,30.1384,29.8908,29.9114,21625144.972998,0
JPM.US,D,20091230,000000,29.7552,30.0087,29.7257,29.9439,21500752.90467,0
JPM.US,D,20091231,000000,30.0087,30.3732,29.8849,30.0421,27918990.935523,0
JPM.US,D,20100104,000000,30.1315,30.9971,30.0421,30.8929,49088744.168193,0
JPM.US,D,20100105,000000,30.8507,31.6111,30.8437,31.4903,57105226.067145,0
JPM.US,D,20100106,000000,31.3271,31.7869,31.2269,31.6621,38445671.753591,0
JPM.US,D,20100107,000000,31.5727,32.5297,31.4441,32.2909,62203174.534583,0
JPM.US,D,20100108,000000,31.9903,32.2309,31.7791,32.2153,45812901.116213,0
JPM.US,D,20100111,000000,32.5601,32.5827,31.9481,32.1081,44185082.985011,0
JPM.US,D,20100112,000000,31.7171,31.8311,30.9617,31.3547,65297868.990593,0
JPM.US,D,20100113,000000,31.3989,32.1081,30.9086,31.9039,54876524.664203,0
JPM.US,D,20100114,000000,31.8695,32.2909,31.7957,32.2241,52568493.392274,0
JPM.US,D,20100115,000000,31.9401,32.0315,31.2505,31.4903,96690078.485178,0
JPM.US,D,20100119,000000,31.2898,31.5423,30.9303,31.2043,57850666.464048,0
JPM.US,D,20100120,000000,30.9891,31.4903,30.7957,31.2898,55388079.512955,0
JPM.US,D,20100121,000000,31.0295,31.1149,29.0705,29.2267,190649804.61059,0
JPM.US,D,20100122,000000,29.3475,29.6953,27.9878,28.2314,147783117.94758,0
JPM.US,D,20100125,000000,28.6676,28.76,28.0036,28.2688,78448482.661225,0
JPM.US,D,20100126,000000,28.1165,28.7148,27.5998,27.7196,73396499.245351,0
JPM.US,D,20100127,000000,27.6478,28.4722,27.4484,28.3572,91955919.409636,0
JPM.US,D,20100128,000000,28.6087,28.8681,27.9132,28.4662,90194970.781307,0
JPM.US,D,20100129,000000,28.5871,28.7286,27.974,28.0752,74331365.57113,0
JPM.US,D,20100201,000000,28.1922,28.7905,28.0802,28.5714,51823646.414588,0
JPM.US,D,20100202,000000,28.6971,29.3318,28.6244,29.2345,63681430.665327,0
JPM.US,D,20100203,000000,29.2581,29.6324,28.9634,29.0469,51825499.959008,0
JPM.US,D,20100204,000000,28.6893,28.7846,27.6478,27.6478,79213865.201054,0
JPM.US,D,20100205,000000,27.8591,28.032,26.6988,27.6135,104297332.18036,0
JPM.US,D,20100208,000000,27.6066,27.6066,26.91,27.1782,80805524.456934,0
JPM.US,D,20100209,000000,27.5358,27.9014,27.2814,27.6774,62654918.222632,0
JPM.US,D,20100210,000000,27.8591,28.481,27.7688,28.0252,54525182.825689,0
JPM.US,D,20100211,000000,28.0036,28.3847,27.6568,28.1312,46895019.891495,0
JPM.US,D,20100212,000000,27.8817,28.2452,27.6568,28.0802,52774484.165676,0
JPM.US,D,20100216,000000,28.3572,28.9428,27.9387,28.8887,64062916.775114,0
JPM.US,D,20100217,000000,29.0282,29.1638,28.6676,28.8681,47690970.137235,0
JPM.US,D,20100218,000000,28.7974,29.2051,28.6755,29.1353,44067419.048815,0
JPM.US,D,20100219,000000,28.9182,29.3475,28.7659,28.8622,55881378.832236,0
JPM.US,D,20100222,000000,29.1274,29.7768,29.0204,29.4526,60838918.001808,0
JPM.US,D,20100223,000000,29.4752,29.7395,28.6676,28.7522,72391745.84662,0
JPM.US,D,20100224,000000,28.875,29.5381,28.8406,29.4526,61889150.927289,0
JPM.US,D,20100225,000000,28.9594,29.3387,28.6244,29.3004,64479153.025748,0
JPM.US,D,20100226,000000,29.3387,30.5049,29.2719,30.2592,93235097.133894,0
JPM.US,D,20100301,000000,30.3034,30.4115,29.8545,30.1561,47407357.483607,0
JPM.US,D,20100302,000000,30.2641,30.5707,29.823,30.0087,46986657.865438,0
JPM.US,D,20100303,000000,30.0264,30.3251,29.8083,29.9439,38202773.969146,0
JPM.US,D,20100304,000000,30.2179,30.3398,30.0352,30.2248,35290303.999524,0
JPM.US,D,20100305,000000,30.5127,30.9086,30.4183,30.8644,48056362.677106,0
JPM.US,D,20100308,000000,30.8929,31.0225,30.6227,30.7063,39409215.597479,0
JPM.US,D,20100309,000000,30.5549,30.8733,30.3191,30.5854,51289521.278106,0
JPM.US,D,20100310,000000,30.9086,31.3547,30.8644,30.9538,56652553.062206,0
JPM.US,D,20100311,000000,30.9371,31.1453,30.8555,31.1326,41765509.257466,0
JPM.US,D,20100312,000000,31.2505,31.3919,30.8929,31.1149,43499602.358082,0
JPM.US,D,20100315,000000,30.9459,31.1503,30.7141,31.0501,40419101.10547,0
JPM.US,D,20100316,000000,31.2564,31.2771,30.7789,31.1739,39589822.685689,0
JPM.US,D,20100317,000000,31.2269,31.8017,31.1895,31.5727,45658280.29326,0
JPM.US,D,20100318,000000,31.5423,31.5727,31.1149,31.4667,36060324.980825,0
JPM.US,D,20100319,000000,31.5197,31.6435,31.1011,31.3271,51330367.452742,0
JPM.US,D,20100322,000000,31.0501,31.5727,31.0295,31.5355,32174999.676734,0
JPM.US,D,20100323,000000,31.6159,32.2575,31.5659,32.1396,46791505.390212,0
JPM.US,D,20100324,000000,32.0394,32.4215,31.8695,32.4019,49991187.207898,0
JPM.US,D,20100325,000000,32.4304,33.2026,32.3636,32.4019,62443670.141746,0
JPM.US,D,20100326,000000,32.4727,33.0867,32.2909,32.4589,55101418.333495,0
JPM.US,D,20100329,000000,32.6249,32.7212,32.0541,32.3459,42445701.022888,0
JPM.US,D,20100330,000000,32.3695,32.4805,31.9825,32.1396,42017840.677101,0
JPM.US,D,20100331,000000,31.9481,32.4471,31.9039,32.2624,54147716.291362,0
JPM.US,D,20100401,000000,32.4657,32.6672,32.4393,32.5758,33140017.398887,0
JPM.US,D,20100405,000000,32.6446,32.7349,32.2909,32.6888,29599832.040862,0
JPM.US,D,20100406,000000,32.6112,33.1211,32.5513,33.0533,38788329.11051,0
JPM.US,D,20100407,000000,33.0445,33.2026,32.4589,32.6741,40046947.861572,0
JPM.US,D,20100408,000000,32.5601,33.1407,32.3047,32.9904,40034451.450348,0
JPM.US,D,20100409,000000,33.0779,33.3244,32.7683,33.1495,31666373.244949,0
JPM.US,D,20100412,000000,33.1869,33.5062,33.0945,33.2655,34154870.120919,0
JPM.US,D,20100413,000000,33.1947,33.4374,33.0601,33.0709,38697237.733685,0
JPM.US,D,20100414,000000,34.1762,34.5574,33.7253,34.411,100526214.12007,0
JPM.US,D,20100415,000000,34.355,34.751,34.241,34.471,62963828.042356,0
JPM.US,D,20100416,000000,34.3688,34.4277,32.5453,32.8411,168007071.89423,0
JPM.US,D,20100419,000000,32.6112,32.9501,32.1465,32.7291,99998038.443842,0
JPM.US,D,20100420,000000,32.9973,33.2724,32.8479,33.0779,54506493.682861,0
JPM.US,D,20100421,000000,33.1947,33.4453,32.4471,32.6957,64067202.015095,0
JPM.US,D,20100422,000000,32.3773,32.5297,31.7457,32.2575,87537305.659624,0
JPM.US,D,20100423,000000,32.2585,32.4953,31.9029,32.4039,45047284.465886,0
JPM.US,D,20100426,000000,32.2909,32.2909,31.5275,31.6435,0,0
JPM.US,D,20100427,000000,31.3477,31.9903,30.4969,30.5785,91885704.581986,0
JPM.US,D,20100428,000000,30.8879,31.5137,30.8437,31.3349,67339452.997741,0
JPM.US,D,20100429,000000,31.6435,31.9637,31.4371,31.7251,50533042.062295,0
JPM.US,D,20100430,000000,31.7417,31.7613,30.4479,30.6983,74982817.728267,0
JPM.US,D,20100503,000000,30.9813,31.5275,30.9233,31.3851,43254175.162389,0
JPM.US,D,20100504,000000,30.9813,31.2633,30.4635,30.6227,67889080.320666,0
JPM.US,D,20100505,000000,30.3594,31.2701,30.0087,30.7721,57932839.248777,0
JPM.US,D,20100506,000000,30.7435,30.8437,28.3297,29.4232,108290338.13472,0
JPM.US,D,20100507,000000,29.5833,30.1639,28.6824,29.3848,101217028.39485,0
JPM.US,D,20100510,000000,30.5127,31.2201,29.8603,30.2455,92227379.692686,0
JPM.US,D,20100511,000000,29.8908,30.6777,29.6707,29.9586,70324404.595354,0
JPM.US,D,20100512,000000,30.0981,30.1315,29.4232,30.0559,66118627.823997,0
JPM.US,D,20100513,000000,29.878,29.9949,29.3996,29.4232,48960569.688517,0
JPM.US,D,20100514,000000,28.9093,28.9093,28.2688,28.76,84133330.878581,0
JPM.US,D,20100517,000000,28.7905,28.8681,27.9544,28.7207,78280928.760075,0
JPM.US,D,20100518,000000,29.2846,29.2846,27.7933,28.1312,85601494.811127,0
JPM.US,D,20100519,000000,27.7854,28.594,27.7688,28.3906,89595313.02713,0
JPM.US,D,20100520,000000,27.7933,28.2992,26.9012,27.2756,106018385.32624,0
JPM.US,D,20100521,000000,26.692,28.9594,26.692,28.875,124095261.00394,0
JPM.US,D,20100524,000000,28.9594,29.0204,27.755,27.8444,68153555.967907,0
JPM.US,D,20100525,000000,27.137,28.1244,26.9298,28.0752,92276587.683581,0
JPM.US,D,20100526,000000,28.253,28.481,27.7373,27.9613,70319089.269182,0
JPM.US,D,20100527,000000,28.5498,29.1942,28.4063,29.1432,62131593.723072,0
JPM.US,D,20100528,000000,29.0783,29.0911,28.3788,28.536,56859186.112671,0
JPM.US,D,20100601,000000,28.3513,28.8121,27.755,27.7854,52461616.860667,0
JPM.US,D,20100602,000000,28.2384,28.5626,27.8817,28.5164,54860057.535362,0
JPM.US,D,20100603,000000,28.7374,28.7974,27.8444,28.1922,42882923.752843,0
JPM.US,D,20100604,000000,27.7481,27.9014,27.0378,27.1242,73135515.916015,0
JPM.US,D,20100607,000000,27.248,27.4907,26.4326,26.4738,61682672.593328,0
JPM.US,D,20100608,000000,26.577,27.253,26.352,27.2412,70676875.253617,0
JPM.US,D,20100609,000000,27.5054,27.5123,26.6832,26.7636,58954941.253267,0
JPM.US,D,20100610,000000,27.1674,27.6646,26.971,27.6066,61280623.438861,0
JPM.US,D,20100611,000000,27.248,27.5182,27.0526,27.4612,43104819.789892,0
JPM.US,D,20100614,000000,27.3758,27.5938,26.8404,26.917,67352276.145791,0
JPM.US,D,20100615,000000,27.0742,27.5998,26.862,27.5772,62799996.498121,0
JPM.US,D,20100616,000000,27.4112,28.032,27.3924,27.7688,51475199.403273,0
JPM.US,D,20100617,000000,27.8336,28.0497,27.3404,27.7196,48158445.032866,0
JPM.US,D,20100618,000000,27.8336,28.315,27.6714,28.2452,51306871.919608,0
JPM.US,D,20100621,000000,28.5164,28.6824,27.8728,28.0252,46294650.644979,0
JPM.US,D,20100622,000000,28.0674,28.536,27.5575,27.6342,58561454.435789,0
JPM.US,D,20100623,000000,27.6066,28.198,27.4112,28.0408,62420401.594008,0
JPM.US,D,20100624,000000,27.7933,27.9014,26.9758,27.42,102363419.66263,0
JPM.US,D,20100625,000000,27.9613,28.5498,27.5998,28.4338,97714324.127531,0
JPM.US,D,20100628,000000,28.5164,28.5792,27.7373,27.7854,55299695.674932,0
JPM.US,D,20100629,000000,27.3335,27.3335,26.5908,26.7204,78476485.330377,0
JPM.US,D,20100630,000000,26.695,27.029,26.3206,26.3943,48999106.312199,0
JPM.US,D,20100701,000000,26.3452,26.4542,25.346,26.0141,78519453.76757,0
JPM.US,D,20100702,000000,26.1772,26.4542,25.4777,25.8324,51014729.500885,0
JPM.US,D,20100706,000000,26.3736,26.5908,25.852,26.1938,49808274.640219,0
JPM.US,D,20100707,000000,26.4178,27.5712,26.2538,27.5054,61774726.876808,0
JPM.US,D,20100708,000000,27.9613,27.9878,26.7844,27.5123,57506415.120001,0
JPM.US,D,20100709,000000,27.2186,28.0408,27.1674,28.0104,42146977.045563,0
JPM.US,D,20100712,000000,28.0182,28.3641,27.8336,28.253,34580869.797184,0
JPM.US,D,20100713,000000,28.703,29.3387,28.652,29.1874,67065858.237675,0
JPM.US,D,20100714,000000,28.9506,29.1117,28.7207,29.0911,51386823.708223,0
JPM.US,D,20100715,000000,29.3593,29.4448,28.3444,29.1716,113442582.93382,0
JPM.US,D,20100716,000000,29.04,29.0911,28.0182,28.1165,81016901.80753,0
JPM.US,D,20100719,000000,28.1391,28.3788,27.4838,28.147,49083396.270126,0
JPM.US,D,20100720,000000,27.6066,28.5792,27.5998,28.5714,60347028.434873,0
JPM.US,D,20100721,000000,29.0204,29.0204,27.641,27.7029,56935406.383525,0
JPM.US,D,20100722,000000,28.088,28.5498,27.923,28.371,49174638.291965,0
JPM.US,D,20100723,000000,28.2384,28.8121,28.0959,28.7148,39116188.648223,0
JPM.US,D,20100726,000000,28.6971,29.097,28.481,29.0783,37687568.0145,0
JPM.US,D,20100727,000000,29.374,29.7317,29.2787,29.3387,62134857.019837,0
JPM.US,D,20100728,000000,29.1579,29.4909,28.9506,29.0705,33098570.679929,0
JPM.US,D,20100729,000000,29.3524,29.4369,28.7748,28.9909,40213852.360558,0
JPM.US,D,20100730,000000,28.6372,29.3387,28.6372,29.04,36625362.881736,0
JPM.US,D,20100802,000000,29.544,30.0647,29.3662,30.0185,49231201.423979,0
JPM.US,D,20100803,000000,29.9439,30.0264,29.4703,29.6187,41406281.966662,0
JPM.US,D,20100804,000000,29.6953,29.8485,29.4615,29.769,31977916.298838,0
JPM.US,D,20100805,000000,29.5381,29.8682,29.5165,29.7552,27465954.550377,0
JPM.US,D,20100806,000000,29.374,29.5234,28.8199,29.1579,48361339.440467,0
JPM.US,D,20100809,000000,29.2345,29.2434,28.594,28.7089,52368598.652659,0
JPM.US,D,20100810,000000,28.6166,28.6441,28.2314,28.2384,47342101.727023,0
JPM.US,D,20100811,000000,27.865,27.9613,27.2186,27.2342,63953034.46829,0
JPM.US,D,20100812,000000,26.91,27.3924,26.8354,27.2608,49031368.77454,0
JPM.US,D,20100813,000000,27.253,27.4278,27.0378,27.0378,34027230.023901,0
JPM.US,D,20100816,000000,26.91,27.2686,26.8776,27.1724,39268293.292262,0
JPM.US,D,20100817,000000,27.3758,27.4484,26.966,27.0202,46933144.277127,0
JPM.US,D,20100818,000000,26.9592,27.5358,26.9592,27.3158,37417174.461024,0
JPM.US,D,20100819,000000,27.1674,27.3758,26.6762,26.7254,48978057.742703,0
JPM.US,D,20100820,000000,26.7578,26.9376,26.5378,26.7774,42793306.254284,0
JPM.US,D,20100823,000000,26.8276,26.971,26.5642,26.5908,40409510.718034,0
JPM.US,D,20100824,000000,26.3216,26.4542,25.9001,26.1094,67428319.306964,0
JPM.US,D,20100825,000000,25.9198,26.2744,25.7184,26.1202,50004467.380354,0
JPM.US,D,20100826,000000,26.2155,26.4022,25.6791,25.6869,40591468.52203,0
JPM.US,D,20100827,000000,25.8588,26.4542,25.63,26.3894,53221457.088928,0
JPM.US,D,20100830,000000,26.247,26.3894,25.8324,25.8451,37715939.153219,0
JPM.US,D,20100831,000000,25.9158,26.4168,25.7646,26.2126,48241094.181564,0
JPM.US,D,20100901,000000,26.4886,27.253,26.4326,27.2107,50878336.724865,0
JPM.US,D,20100902,000000,27.2814,27.5438,27.029,27.5123,43316101.460545,0
JPM.US,D,20100903,000000,27.7373,28.2384,27.7373,28.2384,47259488.203835,0
JPM.US,D,20100907,000000,27.923,28.0036,27.5575,27.5998,44205223.612924,0
JPM.US,D,20100908,000000,27.641,28.427,27.641,28.2059,42502556.284087,0
JPM.US,D,20100909,000000,28.7905,29.0705,28.2059,28.9093,46312066.430272,0
JPM.US,D,20100910,000000,28.7846,29.0204,28.6028,28.6676,30347063.892009,0
JPM.US,D,20100913,000000,29.3004,29.8967,29.3004,29.6481,57595686.542172,0
JPM.US,D,20100914,000000,29.5293,29.7257,29.1716,29.3593,59258470.603029,0
JPM.US,D,20100915,000000,29.2051,29.6639,29.0862,29.544,35201517.084297,0
JPM.US,D,20100916,000000,29.3662,29.6324,29.2345,29.5519,34927495.835975,0
JPM.US,D,20100917,000000,29.5833,29.6187,28.8347,28.8799,63653486.014863,0
JPM.US,D,20100920,000000,29.0125,29.7837,28.8622,29.6953,46192820.721408,0
JPM.US,D,20100921,000000,29.7837,29.9213,29.1795,29.265,46487730.733364,0
JPM.US,D,20100922,000000,29.1579,29.4448,28.6598,28.7974,47815810.069125,0
JPM.US,D,20100923,000000,28.5714,28.6244,28.1086,28.1922,46307131.788128,0
JPM.US,D,20100924,000000,28.4888,28.6971,28.3376,28.6598,39959945.275486,0
JPM.US,D,20100927,000000,28.5095,28.6028,28.1244,28.1774,35545320.564782,0
JPM.US,D,20100928,000000,28.3788,28.4063,27.8394,28.0802,43529982.775596,0
JPM.US,D,20100929,000000,27.9672,28.032,27.4406,27.693,55723241.262457,0
JPM.US,D,20100930,000000,27.7471,28.0802,27.3708,27.4376,76055411.259904,0
JPM.US,D,20101001,000000,27.641,28.1853,27.6066,27.98,53985841.096591,0
JPM.US,D,20101004,000000,28.1018,28.5095,27.9072,28.0802,53852986.442702,0
JPM.US,D,20101005,000000,28.3641,28.7089,28.1735,28.5792,58661307.652462,0
JPM.US,D,20101006,000000,28.5232,28.8887,28.4201,28.7659,43739414.973315,0
JPM.US,D,20101007,000000,28.9182,29.0705,28.2619,28.4958,37299661.169843,0
JPM.US,D,20101008,000000,28.6028,28.6824,28.2128,28.3444,39050345.579652,0
JPM.US,D,20101011,000000,28.5095,28.7748,28.4063,28.6441,34068511.847637,0
JPM.US,D,20101012,000000,28.4584,29.1942,28.4584,29.1274,53646452.125797,0
JPM.US,D,20101013,000000,29.3161,29.3593,28.536,28.7207,96417496.507483,0
JPM.US,D,20101014,000000,28.2992,28.3906,27.4672,27.9132,105971625.31686,0
JPM.US,D,20101015,000000,28.0252,28.0752,26.3452,26.7844,196685715.76961,0
JPM.US,D,20101018,000000,26.7774,27.586,26.6832,27.5438,76362774.93247,0
JPM.US,D,20101019,000000,27.3236,27.865,27.0378,27.1724,97867699.075488,0
JPM.US,D,20101020,000000,27.3924,27.6135,27.0074,27.4672,60283805.368133,0
JPM.US,D,20101021,000000,27.5358,27.6842,26.1094,27.1782,53051855.229859,0
JPM.US,D,20101022,000000,27.0378,27.2412,26.91,27.1782,34470231.211665,0
JPM.US,D,20101025,000000,27.3758,27.4484,26.6762,26.7254,52488315.636134,0
JPM.US,D,20101026,000000,26.6606,26.862,26.5171,26.8216,54352118.166994,0
JPM.US,D,20101027,000000,26.7332,27.1282,26.6762,27.0662,42570070.698039,0
JPM.US,D,20101028,000000,27.1782,27.3698,26.917,27.0456,42420595.216678,0
JPM.US,D,20101029,000000,27.0034,27.2098,26.91,27.1262,27367349.244445,0
JPM.US,D,20101101,000000,27.1164,27.3984,26.75,26.9758,51220940.134581,0
JPM.US,D,20101102,000000,27.0594,27.0888,26.5544,26.6488,55301717.168187,0
JPM.US,D,20101103,000000,26.6606,27.2756,26.6488,27.194,48949043.309051,0
JPM.US,D,20101104,000000,27.4976,28.7286,27.2962,28.6971,107549172.79908,0
JPM.US,D,20101105,000000,28.7453,29.8083,28.6824,29.5165,104860646.82442,0
JPM.US,D,20101108,000000,29.5165,29.7041,28.9909,29.2051,45645565.039613,0
JPM.US,D,20101109,000000,29.151,29.3318,28.6441,28.7659,45398198.798275,0
JPM.US,D,20101110,000000,28.7453,29.3004,28.5409,29.2846,49262972.254274,0
JPM.US,D,20101111,000000,29.0351,29.1579,28.7286,28.8543,35297774.160148,0
JPM.US,D,20101112,000000,28.7374,29.0282,28.3906,28.5556,46396708.571817,0
JPM.US,D,20101115,000000,28.7148,29.3004,28.6323,28.8946,39839695.945097,0
JPM.US,D,20101116,000000,28.652,28.8199,28.147,28.5556,63247750.12899,0
JPM.US,D,20101117,000000,28.536,28.6087,28.1018,28.2452,44354418.161688,0
JPM.US,D,20101118,000000,28.5301,28.8406,28.3788,28.594,42967605.591386,0
JPM.US,D,20101119,000000,28.5792,28.5792,28.3071,28.4132,36701912.94303,0
JPM.US,D,20101122,000000,28.1646,28.1922,27.5496,27.7628,45871521.366992,0
JPM.US,D,20101123,000000,27.4052,27.5575,27.1076,27.1282,48910537.221521,0
JPM.US,D,20101124,000000,27.2756,27.5712,27.1026,27.5123,33631659.622992,0
JPM.US,D,20101126,000000,27.1872,27.3846,27.0378,27.0378,17779951.29759,0
JPM.US,D,20101129,000000,27.0142,27.4612,26.7578,27.3335,42845524.091883,0
JPM.US,D,20101130,000000,27.031,27.251,26.8492,26.966,46738816.278002,0
JPM.US,D,20101201,000000,27.362,27.5358,27.1448,27.5054,45920995.022408,0
JPM.US,D,20101202,000000,27.7324,28.3906,27.6342,28.3444,57412824.868081,0
JPM.US,D,20101203,000000,28.1735,28.6028,27.9014,28.5556,41677398.209067,0
JPM.US,D,20101206,000000,28.4662,28.875,28.3376,28.7748,35110959.072259,0
JPM.US,D,20101207,000000,29.1274,29.1716,28.2934,28.2992,56611841.246638,0
JPM.US,D,20101208,000000,28.3788,29.0783,28.1646,29.0282,52677581.759147,0
JPM.US,D,20101209,000000,29.3229,29.6324,29.2512,29.4232,59546851.985711,0
JPM.US,D,20101210,000000,29.4831,29.9213,29.3917,29.8682,39371203.177737,0
JPM.US,D,20101213,000000,29.9713,30.272,29.6766,29.9301,49528398.59371,0
JPM.US,D,20101214,000000,29.8967,29.9213,29.1795,29.4065,47094633.698511,0
JPM.US,D,20101215,000000,29.3662,29.5587,28.8799,28.9909,41853810.647879,0
JPM.US,D,20101216,000000,29.1432,29.3318,28.7089,28.8474,51442125.697163,0
JPM.US,D,20101217,000000,28.8799,28.8887,28.5026,28.6028,72034169.543762,0
JPM.US,D,20101220,000000,28.7148,29.0351,28.6166,28.8032,31808177.027084,0
JPM.US,D,20101221,000000,28.9594,29.7317,28.8268,29.5587,42563625.534247,0
JPM.US,D,20101222,000000,29.6835,30.6699,29.6766,30.3967,65496751.965707,0
JPM.US,D,20101223,000000,30.3889,30.4783,30.1501,30.3398,26251764.882438,0
JPM.US,D,20101227,000000,30.1501,30.7721,30.1384,30.7642,23841650.236876,0
JPM.US,D,20101228,000000,30.7868,31.0913,30.6227,30.7209,28250171.78869,0
JPM.US,D,20101229,000000,30.6885,30.8349,30.495,30.5383,18886540.727123,0
JPM.US,D,20101230,000000,30.5009,30.6197,30.3201,30.4517,17877625.250889,0
JPM.US,D,20101231,000000,30.3948,30.608,30.3162,30.5863,16879345.516358,0
JPM.US,D,20110103,000000,31.0049,31.7457,30.9725,31.4215,59876877.554465,0
JPM.US,D,20110104,000000,31.5659,31.9401,31.2505,31.838,55494511.234615,0
JPM.US,D,20110105,000000,31.6621,32.4078,31.6503,32.2309,69342547.203308,0
JPM.US,D,20110106,000000,32.0119,32.2977,31.9039,32.0699,43820561.743341,0
JPM.US,D,20110107,000000,32.1151,32.1465,30.7505,31.4667,96431752.818928,0
JPM.US,D,20110110,000000,31.1965,31.5571,31.0049,31.2898,41705025.283551,0
JPM.US,D,20110111,000000,31.5059,31.7417,31.3035,31.4371,38814829.400989,0
JPM.US,D,20110112,000000,32.0394,32.3695,31.9039,32.2369,54953316.97897,0
JPM.US,D,20110113,000000,32.4019,32.4215,31.8469,32.0473,58348143.128908,0
JPM.US,D,20110114,000000,32.0945,33.1211,32.0473,32.3773,120530243.6472,0
JPM.US,D,20110118,000000,32.4589,32.7458,32.0855,32.2624,63708813.450596,0
JPM.US,D,20110119,000000,32.1081,32.4215,31.4371,31.5137,62205051.490052,0
JPM.US,D,20110120,000000,31.5659,32.4393,31.4441,32.2624,64961288.3279,0
JPM.US,D,20110121,000000,32.4805,32.8342,32.3371,32.6535,62055584.151665,0
JPM.US,D,20110124,000000,32.5984,32.7909,32.3459,32.4589,38146723.844484,0
JPM.US,D,20110125,000000,32.3047,32.7537,31.9107,32.3537,49720207.360305,0
JPM.US,D,20110126,000000,32.5905,32.7909,32.3537,32.4304,35520272.777261,0
JPM.US,D,20110127,000000,32.4304,32.7212,32.2241,32.5169,37072553.629539,0
JPM.US,D,20110128,000000,32.4805,33.0779,32.0119,32.1151,53497412.293535,0
JPM.US,D,20110131,000000,32.0197,32.5139,32.0119,32.4039,32676092.839849,0
JPM.US,D,20110201,000000,32.5905,33.1682,32.5601,33.1142,39116733.209598,0
JPM.US,D,20110202,000000,33.013,33.1495,32.6888,32.7683,33415246.86095,0
JPM.US,D,20110203,000000,32.7909,32.9825,32.3312,32.7772,32309352.637809,0
JPM.US,D,20110204,000000,32.4471,32.5679,31.9401,32.1465,52801114.743737,0
JPM.US,D,20110207,000000,32.2624,32.9825,32.1907,32.8037,50929666.978316,0
JPM.US,D,20110208,000000,32.7989,33.0356,32.6672,32.9767,39697197.974442,0
JPM.US,D,20110209,000000,32.7045,32.8037,32.1907,32.5237,46414830.760091,0
JPM.US,D,20110210,000000,32.5169,32.8342,32.4078,32.8273,31447008.654891,0
JPM.US,D,20110211,000000,32.7349,33.8068,32.7349,33.5769,56509498.315716,0
JPM.US,D,20110214,000000,33.5966,33.8147,33.5062,33.5533,39783473.800113,0
JPM.US,D,20110215,000000,33.5681,34.132,33.5533,33.7577,49861345.454329,0
JPM.US,D,20110216,000000,33.9954,34.8649,33.9601,34.5652,61413779.382781,0
JPM.US,D,20110217,000000,34.4513,34.5996,34.246,34.4768,31795555.417637,0
JPM.US,D,20110218,000000,34.4768,34.7008,34.2813,34.6056,33050085.377962,0
JPM.US,D,20110222,000000,34.0308,34.0819,33.0601,33.1741,61671013.890537,0
JPM.US,D,20110223,000000,33.1947,33.5268,32.6535,33.1339,50261486.099303,0
JPM.US,D,20110224,000000,32.9,33.2105,32.5984,33.1014,44249583.480772,0
JPM.US,D,20110225,000000,33.348,33.7862,33.2527,33.6585,37102002.694419,0
JPM.US,D,20110228,000000,33.7371,34.0161,33.4698,33.6614,35995807.181245,0
JPM.US,D,20110301,000000,33.5072,33.6663,32.8657,32.8715,46633761.736792,0
JPM.US,D,20110302,000000,32.732,33.1397,32.4953,32.6003,39638230.629405,0
JPM.US,D,20110303,000000,32.9629,33.403,32.9541,33.2233,31897041.300563,0
JPM.US,D,20110304,000000,33.1495,33.1869,32.5169,32.8195,38426634.498633,0
JPM.US,D,20110307,000000,32.8921,32.9138,32.2713,32.5827,38993748.857871,0
JPM.US,D,20110308,000000,32.7212,33.6644,32.6613,33.4521,45599288.5193,0
JPM.US,D,20110309,000000,33.403,33.9601,33.181,33.5681,34913907.248385,0
JPM.US,D,20110310,000000,33.2233,33.347,32.6357,32.8243,46863609.387792,0
JPM.US,D,20110311,000000,32.6485,33.0503,32.6289,32.9747,28246386.323728,0
JPM.US,D,20110314,000000,32.7537,32.8342,32.1769,32.6613,34011254.527105,0
JPM.US,D,20110315,000000,32.1209,32.4393,31.6159,32.1622,49516018.219863,0
JPM.US,D,20110316,000000,32.1848,32.286,31.4785,31.5885,58279621.021944,0
JPM.US,D,20110317,000000,32.0531,32.1622,31.2937,32.1288,64804752.888222,0
JPM.US,D,20110318,000000,32.6201,33.2949,32.2643,32.9747,107344452.3296,0
JPM.US,D,20110321,000000,33.3598,33.3952,32.676,32.8981,40209793.088101,0
JPM.US,D,20110322,000000,32.9177,32.9541,32.6996,32.7801,27423283.331729,0
JPM.US,D,20110323,000000,32.6535,32.9433,32.2801,32.8755,37020836.58483,0
JPM.US,D,20110324,000000,32.9501,33.0533,32.509,32.9707,30183339.224306,0
JPM.US,D,20110325,000000,32.9472,33.4374,32.9265,33.0661,28750331.563429,0
JPM.US,D,20110328,000000,33.2341,33.5278,33.126,33.1319,26395762.178151,0
JPM.US,D,20110329,000000,33.0425,33.1869,32.8165,33.179,24752015.372252,0
JPM.US,D,20110330,000000,33.5475,33.7803,33.3235,33.4895,37189133.532343,0
JPM.US,D,20110331,000000,33.2016,33.4079,33.124,33.235,32376510.796655,0
JPM.US,D,20110401,000000,33.5543,33.8009,33.2949,33.4197,35041567.702838,0
JPM.US,D,20110404,000000,33.3814,33.7194,33.3814,33.5917,21649790.701187,0
JPM.US,D,20110405,000000,33.5229,33.9011,33.3814,33.7655,29074389.350233,0
JPM.US,D,20110406,000000,33.9296,34.5986,33.8009,34.5338,43001245.234177,0
JPM.US,D,20110407,000000,34.5338,34.6517,34.0396,34.3609,41193789.028652,0
JPM.US,D,20110408,000000,34.4484,34.5505,33.8009,33.9552,32796564.066276,0
JPM.US,D,20110411,000000,34.0711,34.2627,33.8884,33.9709,35354814.674002,0
JPM.US,D,20110412,000000,33.743,34.1497,33.5278,33.8098,37557331.3267,0
JPM.US,D,20110413,000000,34.2578,34.3393,33.2596,33.5278,76311887.453221,0
JPM.US,D,20110414,000000,33.1122,33.1663,32.5542,32.6003,62352212.3311,0
JPM.US,D,20110415,000000,32.7939,32.8883,32.4953,32.5405,44798946.157046,0
JPM.US,D,20110418,000000,32.0945,32.1475,31.5541,31.8685,71652788.274763,0
JPM.US,D,20110419,000000,32.0855,32.4097,31.7241,32.3646,36846330.619767,0
JPM.US,D,20110420,000000,32.5473,32.6003,31.8527,32.2987,49044498.30198,0
JPM.US,D,20110421,000000,32.2987,32.5051,31.9815,32.3881,33620725.644873,0
JPM.US,D,20110425,000000,32.3646,32.6357,32.1681,32.3391,23949357.351814,0
JPM.US,D,20110426,000000,32.5109,32.9334,32.3881,32.7085,35653093.841382,0
JPM.US,D,20110427,000000,32.8371,33.0759,32.6573,32.9806,28746934.925467,0
JPM.US,D,20110428,000000,33.0661,33.2949,32.9177,33.2341,27379346.898521,0
JPM.US,D,20110429,000000,33.2085,33.3627,32.9118,33.0739,32215164.895183,0
JPM.US,D,20110502,000000,33.3028,33.3392,32.6996,32.7497,35662251.633333,0
JPM.US,D,20110503,000000,32.5847,33.3952,32.5198,33.2861,41424819.446602,0
JPM.US,D,20110504,000000,33.3333,33.3745,32.8243,32.9806,31332171.348488,0
JPM.US,D,20110505,000000,32.7939,33.1319,32.6141,32.7429,36053037.019241,0
JPM.US,D,20110506,000000,32.9629,33.1319,32.4501,32.6485,36352297.414969,0
JPM.US,D,20110509,000000,32.4412,32.6996,32.1288,32.5935,31161190.273224,0
JPM.US,D,20110510,000000,32.6633,32.9806,32.6073,32.7369,31106557.026011,0
JPM.US,D,20110511,000000,32.6357,32.6397,31.9735,32.0629,43511372.008892,0
JPM.US,D,20110512,000000,31.9697,32.1327,31.5697,31.9627,40669416.12121,0
JPM.US,D,20110513,000000,31.9391,31.9697,31.1523,31.2789,45296460.48316,0
JPM.US,D,20110516,000000,31.1473,31.5177,30.9685,31.0865,48157649.057173,0
JPM.US,D,20110517,000000,30.9391,31.9097,30.9165,31.7603,50067805.466598,0
JPM.US,D,20110518,000000,31.6897,32.0699,31.4695,31.9539,33622681.994337,0
JPM.US,D,20110519,000000,32.1288,32.1475,31.7151,31.8949,26863811.153436,0
JPM.US,D,20110520,000000,31.7731,31.9627,31.2367,31.2663,41247954.054869,0
JPM.US,D,20110523,000000,30.7357,31.1021,30.664,30.8447,43746348.715538,0
JPM.US,D,20110524,000000,31.0059,31.1169,30.2219,30.6895,54886371.555316,0
JPM.US,D,20110525,000000,30.5618,30.9901,30.5157,30.6423,36545766.330354,0
JPM.US,D,20110526,000000,30.5313,30.8743,30.5157,30.7721,29829353.972909,0
JPM.US,D,20110527,000000,30.9547,31.2789,30.8349,31.0167,34096064.617485,0
JPM.US,D,20110531,000000,31.0187,31.4499,31.0069,31.3439,39619003.032432,0
JPM.US,D,20110601,000000,31.0776,31.1591,30.2494,30.2691,53035446.119706,0
JPM.US,D,20110602,000000,30.4223,30.5923,29.6,30.161,62709074.088005,0
JPM.US,D,20110603,000000,29.7867,30.6277,29.7336,30.1354,43910890.73424,0
JPM.US,D,20110606,000000,29.7935,29.8937,29.265,29.3789,56356077.563531,0
JPM.US,D,20110607,000000,29.6648,29.9497,29.4683,29.5155,50092033.867377,0
JPM.US,D,20110608,000000,29.4133,29.7729,29.1392,29.2758,53603046.00376,0
JPM.US,D,20110609,000000,29.4222,29.8947,29.3829,29.7051,41439877.840969,0
JPM.US,D,20110610,000000,29.4222,30.0883,29.0734,29.7582,66944333.514009,0
JPM.US,D,20110613,000000,29.9331,30.3172,29.5175,30.2081,43784440.529274,0
JPM.US,D,20110614,000000,30.5402,30.7642,30.0686,30.1531,44254135.403146,0
JPM.US,D,20110615,000000,29.7336,30.0126,29.1785,29.4919,51341090.731413,0
JPM.US,D,20110616,000000,29.4507,29.5106,28.7826,29.2532,69289888.627249,0
JPM.US,D,20110617,000000,29.6098,29.7651,29.3829,29.5745,44143002.131967,0
JPM.US,D,20110620,000000,29.3593,29.5843,29.0842,29.3475,29454031.076445,0
JPM.US,D,20110621,000000,29.49,29.8879,29.1756,29.657,46913455.584261,0
JPM.US,D,20110622,000000,29.4821,30.1099,29.3446,29.4959,37666784.091653,0
JPM.US,D,20110623,000000,29.0872,29.1756,28.7188,29.0488,66555209.294763,0
JPM.US,D,20110624,000000,29.0351,29.1235,28.59,28.6274,49743872.878017,0
JPM.US,D,20110627,000000,28.5665,29.0803,28.5105,28.9093,42203214.458622,0
JPM.US,D,20110628,000000,29.0223,29.0488,28.4446,28.6657,57186923.505777,0
JPM.US,D,20110629,000000,29.0223,29.3976,28.9428,29.32,61672190.550257,0
JPM.US,D,20110630,000000,29.5155,29.768,29.265,29.6815,38569286.167918,0
JPM.US,D,20110701,000000,29.7651,30.4272,29.7336,30.328,43937239.361832,0
JPM.US,D,20110705,000000,30.2739,30.2739,29.881,29.9262,32592095.011108,0
JPM.US,D,20110706,000000,29.6049,29.6501,29.3053,29.5833,32668896.486721,0
JPM.US,D,20110707,000000,30.0411,30.4823,29.9773,30.1384,39048548.018177,0
JPM.US,D,20110708,000000,29.6845,29.881,29.5833,29.713,28304477.281207,0
JPM.US,D,20110711,000000,29.3141,29.3357,28.6568,28.758,52364934.314433,0
JPM.US,D,20110712,000000,28.6195,29.262,28.6195,28.7256,46312578.419752,0
JPM.US,D,20110713,000000,28.9339,29.4428,28.7433,28.8946,46569368.117563,0
JPM.US,D,20110714,000000,30.0333,30.0785,29.3829,29.4281,89466269.284997,0
JPM.US,D,20110715,000000,29.6786,29.7199,28.8101,29.1599,63789380.033736,0
JPM.US,D,20110718,000000,29.0223,29.1756,28.3926,29.0488,65223524.657335,0
JPM.US,D,20110719,000000,29.1147,29.5293,28.9634,29.4605,47701204.837477,0
JPM.US,D,20110720,000000,29.6786,30.1561,29.6265,29.8731,42792527.582411,0
JPM.US,D,20110721,000000,30.3201,31.0305,30.0716,30.8437,62406206.354867,0
JPM.US,D,20110722,000000,30.8281,30.8653,30.4587,30.7711,27287340.455013,0
JPM.US,D,20110725,000000,30.2828,30.5677,30.1158,30.4066,30850455.409489,0
JPM.US,D,20110726,000000,30.2651,30.4823,30.1158,30.2258,33357211.886416,0
JPM.US,D,20110727,000000,30.047,30.1944,29.6049,29.6648,44260953.10799,0
JPM.US,D,20110728,000000,29.6786,30.0785,29.6265,29.6717,32029821.649815,0
JPM.US,D,20110729,000000,29.3505,29.7179,29.098,29.5047,51797585.844696,0
JPM.US,D,20110801,000000,30.0175,30.1727,29.1461,29.4959,46653631.610824,0
JPM.US,D,20110802,000000,29.2473,29.4536,29.0547,29.0547,60179601.767688,0
JPM.US,D,20110803,000000,28.9987,29.1903,28.6942,29.0999,56365159.015102,0
JPM.US,D,20110804,000000,28.6726,28.875,27.585,27.6568,80406449.52366,0
JPM.US,D,20110805,000000,27.9338,28.261,26.7814,27.4248,117173007.50023,0
JPM.US,D,20110808,000000,26.4248,27.5104,24.5719,24.841,147016329.72689,0
JPM.US,D,20110809,000000,25.8038,26.687,24.5719,26.5476,108133617.44238,0
JPM.US,D,20110810,000000,25.908,26.1448,24.7841,25.0709,114933398.58384,0
JPM.US,D,20110811,000000,25.2556,27.2038,25.2556,26.7618,95174515.319801,0
JPM.US,D,20110812,000000,27.082,27.6056,25.9502,26.1919,60341425.051001,0
JPM.US,D,20110815,000000,26.6438,27.0888,26.5397,26.8992,47638148.7017,0
JPM.US,D,20110816,000000,26.4542,26.6714,26.0917,26.2764,57840027.66873,0
JPM.US,D,20110817,000000,26.5928,27.1734,26.4896,26.6714,40632982.420521,0
JPM.US,D,20110818,000000,25.7233,25.8687,25.1623,25.6663,78074424.979321,0
JPM.US,D,20110819,000000,25.349,25.8942,24.9855,25.0552,72507315.002797,0
JPM.US,D,20110822,000000,25.6162,25.6584,24.3243,24.3665,69784530.519343,0
JPM.US,D,20110823,000000,24.2791,25.3814,23.5659,25.3666,76347404.051482,0
JPM.US,D,20110824,000000,25.3971,26.2666,25.2949,26.131,57439846.308886,0
JPM.US,D,20110825,000000,27.5624,28.1293,25.8324,26.0514,75819981.600338,0
JPM.US,D,20110826,000000,25.7302,26.6056,25.3971,26.41,48007068.167114,0
JPM.US,D,20110829,000000,26.853,27.4514,26.5986,27.4514,38196876.420344,0
JPM.US,D,20110830,000000,27.2784,27.5104,26.804,27.029,39493695.897418,0
JPM.US,D,20110831,000000,27.2922,27.7382,27.1448,27.3984,41182777.69228,0
JPM.US,D,20110901,000000,27.4386,27.585,26.468,26.4748,50462154.421432,0
JPM.US,D,20110902,000000,25.5759,25.7086,25.1662,25.2527,57005683.301351,0
JPM.US,D,20110906,000000,24.1268,24.4363,23.9028,24.3901,78107180.091579,0
JPM.US,D,20110907,000000,24.8676,25.5091,24.7006,25.4,49399671.409686,0
JPM.US,D,20110908,000000,25.1191,25.4629,24.3901,24.4441,61301556.988851,0
JPM.US,D,20110909,000000,24.1278,24.2133,23.2878,23.3969,91968013.761527,0
JPM.US,D,20110912,000000,22.8625,23.6474,22.7622,23.6474,73129736.440335,0
JPM.US,D,20110913,000000,23.9205,24.3665,23.4627,23.6955,68680382.964089,0
JPM.US,D,20110914,000000,23.8714,24.2064,23.2367,23.9205,60868996.111418,0
JPM.US,D,20110915,000000,24.3371,24.6642,24.1622,24.6603,49040657.871944,0
JPM.US,D,20110916,000000,24.8322,24.9904,24.0816,24.3813,72222455.456299,0
JPM.US,D,20110919,000000,23.8429,23.9903,23.4371,23.6955,45432628.309528,0
JPM.US,D,20110920,000000,23.8979,23.9205,23.5147,23.5226,45865689.979852,0
JPM.US,D,20110921,000000,23.5147,23.6709,22.0686,22.1295,78611319.74478,0
JPM.US,D,20110922,000000,21.4055,21.6117,20.8081,21.3495,118265655.14069,0
JPM.US,D,20110923,000000,21.1225,21.7355,21.0498,21.5813,70861984.388487,0
JPM.US,D,20110926,000000,21.9261,23.2003,21.8515,23.0825,80371560.952258,0
JPM.US,D,20110927,000000,23.7957,24.1622,22.7947,23.0205,79795397.713342,0
JPM.US,D,20110928,000000,23.0609,23.3399,22.1825,22.2199,52903245.95734,0
JPM.US,D,20110929,000000,23.0275,23.4205,22.1993,22.8987,69912460.709803,0
JPM.US,D,20110930,000000,22.4223,22.5707,21.9595,21.9674,58159699.446251,0
JPM.US,D,20111003,000000,21.8829,22.3869,20.8907,20.8985,69717246.144401,0
JPM.US,D,20111004,000000,20.7836,22.3869,20.4918,22.2641,94810405.29831,0
JPM.US,D,20111005,000000,22.2455,22.9351,21.6333,22.6925,69419535.967318,0
JPM.US,D,20111006,000000,22.5961,23.8851,22.3811,23.8252,72283462.616284,0
JPM.US,D,20111007,000000,23.9745,23.9951,22.5519,22.5883,67020346.13903,0
JPM.US,D,20111010,000000,23.2475,23.7839,23.2347,23.7663,50697603.42056,0
JPM.US,D,20111011,000000,23.5089,24.0433,23.1109,23.7663,51844872.093765,0
JPM.US,D,20111012,000000,24.118,24.9236,24.0511,24.4284,75269786.304988,0
JPM.US,D,20111013,000000,23.8763,23.9028,22.7475,23.2475,107089837.82367,0
JPM.US,D,20111014,000000,23.4499,23.7839,23.1021,23.4627,70529915.951172,0
JPM.US,D,20111017,000000,23.2809,23.6081,22.7887,22.8379,55519755.471381,0
JPM.US,D,20111018,000000,23.0765,24.5905,22.9105,24.1867,87479809.139236,0
JPM.US,D,20111019,000000,24.1101,25.0218,23.5668,23.7279,68108590.466381,0
JPM.US,D,20111020,000000,23.7839,24.4215,23.3035,24.3744,56610938.394414,0
JPM.US,D,20111021,000000,24.6357,25.0474,24.2889,24.5905,65814690.307673,0
JPM.US,D,20111024,000000,24.7281,25.5248,24.7006,25.4354,60700182.085066,0
JPM.US,D,20111025,000000,25.1456,25.2016,24.5443,24.6416,51155156.10257,0
JPM.US,D,20111026,000000,25.0975,25.3185,24.6485,25.1456,49368040.027816,0
JPM.US,D,20111027,000000,26.9002,27.6204,26.2696,27.2402,103503226.31819,0
JPM.US,D,20111028,000000,26.9376,27.2098,26.6272,26.9936,54201481.29399,0
JPM.US,D,20111031,000000,26.4866,26.4866,25.5553,25.5798,63105073.012912,0
JPM.US,D,20111101,000000,23.891,24.7526,23.4293,24.0669,100581149.67518,0
JPM.US,D,20111102,000000,24.8047,24.8243,24.3243,24.7526,46657203.322723,0
JPM.US,D,20111103,000000,25.1191,25.4,24.1622,25.2969,54479639.17302,0
JPM.US,D,20111104,000000,25.0081,25.065,24.6121,24.9933,41940438.657169,0
JPM.US,D,20111107,000000,25.0395,25.2655,24.8047,25.1938,35224491.467105,0
JPM.US,D,20111108,000000,25.4069,25.8854,25.0307,25.7675,41024125.079406,0
JPM.US,D,20111109,000000,24.898,24.9982,23.8252,23.9431,71992000.135876,0
JPM.US,D,20111110,000000,24.2201,24.452,23.7495,24.0895,41345833.618258,0
JPM.US,D,20111111,000000,24.2968,24.9059,24.2968,24.4864,40744395.606426,0
JPM.US,D,20111114,000000,24.2437,24.2653,23.7053,23.9509,37455597.083071,0
JPM.US,D,20111115,000000,23.6081,24.3606,23.6022,24.0581,42478172.148934,0
JPM.US,D,20111116,000000,23.7957,23.9028,23.1021,23.1551,55293477.496536,0
JPM.US,D,20111117,000000,23.1021,23.1787,22.3241,22.4351,74867580.398274,0
JPM.US,D,20111118,000000,22.5657,22.6925,22.3161,22.5303,53039123.690265,0
JPM.US,D,20111121,000000,22.0705,22.2131,21.7797,22.0077,53839126.08336,0
JPM.US,D,20111122,000000,22.0008,22.1462,21.6187,21.6413,49529452.09095,0
JPM.US,D,20111123,000000,21.4173,21.4487,20.8425,20.8818,60406012.065858,0
JPM.US,D,20111125,000000,20.8071,21.4625,20.8071,20.9545,29116599.472987,0
JPM.US,D,20111128,000000,21.8603,22.1246,21.206,21.4555,61532071.345835,0
JPM.US,D,20111129,000000,21.3209,21.4329,20.9545,21.0135,61246116.569356,0
JPM.US,D,20111130,000000,22.1825,22.8133,21.9222,22.7897,83376335.601804,0
JPM.US,D,20111201,000000,22.7053,22.7887,22.0971,22.4105,45053308.230783,0
JPM.US,D,20111202,000000,22.7199,24.4805,22.6728,23.7899,122924283.04454,0
JPM.US,D,20111205,000000,24.7526,25.0906,24.4441,24.6554,70934845.682634,0
JPM.US,D,20111206,000000,24.4726,24.7074,24.0473,24.45,52704865.810859,0
JPM.US,D,20111207,000000,24.1533,25.1584,24.0787,25.0169,60718452.882612,0
JPM.US,D,20111208,000000,24.6848,24.7968,23.6022,23.7053,64907313.643695,0
JPM.US,D,20111209,000000,23.8105,24.506,23.8105,24.4097,53141327.172761,0
JPM.US,D,20111212,000000,23.9509,23.9873,23.3655,23.5747,48874313.202408,0
JPM.US,D,20111213,000000,23.8173,24.0069,22.7141,23.0205,67207950.07751,0
JPM.US,D,20111214,000000,22.7199,23.501,22.6837,23.1837,56099966.786164,0
JPM.US,D,20111215,000000,23.6169,23.7495,23.2269,23.3655,45384263.116426,0
JPM.US,D,20111216,000000,23.6582,23.9903,23.4027,23.4627,71393884.457369,0
JPM.US,D,20111219,000000,23.4499,23.4685,22.3811,22.5883,64134448.728782,0
JPM.US,D,20111220,000000,23.1021,23.8685,22.9853,23.6965,66130403.582037,0
JPM.US,D,20111221,000000,23.5747,23.8468,23.4685,23.7839,41684834.779924,0
JPM.US,D,20111222,000000,24.0531,24.6848,23.9461,24.6121,48301431.58195,0
JPM.US,D,20111223,000000,24.7359,24.7968,24.3734,24.6996,29738248.345881,0
JPM.US,D,20111227,000000,24.4422,24.789,24.3027,24.3027,22838359.51982,0
JPM.US,D,20111228,000000,24.2545,24.342,23.9687,24.0247,26015545.354411,0
JPM.US,D,20111229,000000,24.0698,24.6622,24.0698,24.5905,26793565.789634,0
JPM.US,D,20111230,000000,24.3311,24.5905,24.3243,24.4667,24735386.401806,0
JPM.US,D,20120103,000000,25.0572,25.8942,25.0238,25.737,59940927.133049,0
JPM.US,D,20120104,000000,25.5228,26.0475,25.4413,25.9021,49350805.423692,0
JPM.US,D,20120105,000000,25.684,26.6182,25.5003,26.4424,51793336.230225,0
JPM.US,D,20120106,000000,26.4484,26.5072,26.0396,26.2037,44747515.134294,0
JPM.US,D,20120109,000000,26.2116,26.4424,25.9326,26.1566,31041983.243486,0
JPM.US,D,20120110,000000,26.7284,26.9396,26.5004,26.7156,48546494.379565,0
JPM.US,D,20120111,000000,26.5298,27.2294,26.4267,27.1674,40272626.309968,0
JPM.US,D,20120112,000000,27.2844,27.4563,26.805,27.307,53160075.352148,0
JPM.US,D,20120113,000000,26.129,26.6182,26.0318,26.6182,83086413.161323,0
JPM.US,D,20120117,000000,25.8324,26.4424,25.5671,25.8696,74376429.806214,0
JPM.US,D,20120118,000000,25.5956,27.1802,25.5906,27.08,74894903.129112,0
JPM.US,D,20120119,000000,27.2992,27.531,27.2038,27.3678,49929093.978777,0
JPM.US,D,20120120,000000,27.2568,27.7206,27.137,27.6852,46844893.780301,0
JPM.US,D,20120123,000000,27.6469,28.1146,27.6184,27.9062,37107524.648551,0
JPM.US,D,20120124,000000,27.5546,28.0772,27.2706,27.9062,34280668.887978,0
JPM.US,D,20120125,000000,27.6852,28.0281,27.5084,27.863,40293998.562674,0
JPM.US,D,20120126,000000,28.0713,28.2324,27.6046,27.7805,44916276.231316,0
JPM.US,D,20120127,000000,27.5978,27.9062,27.531,27.5752,37329736.225837,0
JPM.US,D,20120130,000000,27.1606,27.5486,26.9464,27.4278,32964875.263992,0
JPM.US,D,20120131,000000,27.8168,27.8336,27.3678,27.641,40018145.14524,0
JPM.US,D,20120201,000000,28.0772,28.1843,27.7884,27.863,56605523.316813,0
JPM.US,D,20120202,000000,27.9298,28.2796,27.7344,27.8296,36143203.150663,0
JPM.US,D,20120203,000000,28.3602,28.5311,28.198,28.369,55427416.183816,0
JPM.US,D,20120206,000000,28.2059,28.3946,28.0192,28.2629,31179643.26981,0
JPM.US,D,20120207,000000,28.0596,28.2472,27.9387,28.0664,28461452.441471,0
JPM.US,D,20120208,000000,28.198,28.4181,28.1372,28.3828,31371903.971453,0
JPM.US,D,20120209,000000,28.6048,28.6657,28.0448,28.0596,38606422.200101,0
JPM.US,D,20120210,000000,27.583,27.9888,27.5006,27.8718,30527040.917619,0
JPM.US,D,20120213,000000,28.2629,28.4122,27.9966,28.3828,33488085.761919,0
JPM.US,D,20120214,000000,28.3326,28.3542,27.7432,28.0998,36476975.505253,0
JPM.US,D,20120215,000000,28.2196,28.4584,27.6469,27.7206,35778419.298087,0
JPM.US,D,20120216,000000,27.531,28.2472,27.4563,28.1636,29875145.986279,0
JPM.US,D,20120217,000000,28.6048,28.6352,28.3326,28.5105,37802011.404544,0
JPM.US,D,20120221,000000,28.6352,28.8858,28.4662,28.5036,30772820.296931,0
JPM.US,D,20120222,000000,28.369,28.4496,28.0841,28.2138,31599648.699459,0
JPM.US,D,20120223,000000,28.2393,28.5439,27.974,28.5242,42320656.498781,0
JPM.US,D,20120224,000000,28.65,28.6657,28.3022,28.369,23734189.446897,0
JPM.US,D,20120227,000000,28.1636,29.0734,28.0055,28.9486,45923672.025057,0
JPM.US,D,20120228,000000,28.9968,29.3112,28.7914,29.0567,51144058.247103,0
JPM.US,D,20120229,000000,29.1392,29.599,28.9192,29.0783,55576140.47584,0
JPM.US,D,20120301,000000,29.2797,29.9773,29.2512,29.9163,59886948.377358,0
JPM.US,D,20120302,000000,29.934,30.2926,29.8171,30.1138,47088751.417787,0
JPM.US,D,20120305,000000,30.159,30.1679,29.6432,29.9409,41566122.435846,0
JPM.US,D,20120306,000000,29.2542,29.544,28.9928,29.1363,45782992.991183,0
JPM.US,D,20120307,000000,29.2542,29.6865,29.1815,29.6059,37848068.064564,0
JPM.US,D,20120308,000000,29.9949,30.2023,29.8093,29.9713,29760957.064168,0
JPM.US,D,20120309,000000,30.1993,30.7091,30.0136,30.4056,45197723.871775,0
JPM.US,D,20120312,000000,30.2799,30.3673,29.7906,30.0421,41512687.223658,0
JPM.US,D,20120313,000000,30.3987,32.4069,30.2504,32.1533,104278614.53712,0
JPM.US,D,20120314,000000,32.3518,32.6092,31.9175,32.2939,91798014.932483,0
JPM.US,D,20120315,000000,32.3263,33.2881,31.8125,33.124,77084384.91644,0
JPM.US,D,20120316,000000,33.2615,33.2901,32.7674,33.0287,65910778.416817,0
JPM.US,D,20120319,000000,32.9334,33.6035,32.7615,33.35,56020787.562191,0
JPM.US,D,20120320,000000,32.9904,33.794,32.8803,33.63,46956646.935363,0
JPM.US,D,20120321,000000,33.739,33.8461,33.2439,33.4355,36803133.161436,0
JPM.US,D,20120322,000000,33.1299,33.4168,32.9118,33.0896,37056046.8037,0
JPM.US,D,20120323,000000,32.9551,33.5386,32.9334,33.4689,41351049.193,0
JPM.US,D,20120326,000000,33.7007,34.2145,33.6418,34.2145,45244706.795069,0
JPM.US,D,20120327,000000,34.0288,34.4562,33.964,34.0062,44573435.657485,0
JPM.US,D,20120328,000000,33.909,34.3216,33.6172,34.2902,40143557.121042,0
JPM.US,D,20120329,000000,34.0357,34.1035,33.5504,33.8432,43538076.891589,0
JPM.US,D,20120330,000000,34.1487,34.187,33.7154,34.076,35000774.457532,0
JPM.US,D,20120402,000000,33.8992,34.3511,33.6879,34.187,37338880.785455,0
JPM.US,D,20120403,000000,34.1173,34.298,33.5435,33.8805,41580101.886179,0
JPM.US,D,20120404,000000,33.3293,33.463,32.7909,33.124,55427101.661452,0
JPM.US,D,20120405,000000,32.9177,33.3647,32.677,33.0985,26966483.874799,0
JPM.US,D,20120409,000000,32.2182,33.0287,32.1327,32.7379,44055753.220922,0
JPM.US,D,20120410,000000,32.734,32.8283,31.8193,32.0443,52075590.025094,0
JPM.US,D,20120411,000000,32.5149,32.9757,32.4992,32.8283,43086281.292081,0
JPM.US,D,20120412,000000,32.9108,33.5583,32.8214,33.4463,45067518.737998,0
JPM.US,D,20120413,000000,33.5307,33.5307,32.1199,32.2339,77999463.815795,0
JPM.US,D,20120416,000000,32.3567,32.6701,31.9559,32.3203,54140855.835904,0
JPM.US,D,20120417,000000,32.5905,32.8214,32.1937,32.7448,36045391.784681,0
JPM.US,D,20120418,000000,32.5375,32.7517,32.2761,32.2889,27138097.048407,0
JPM.US,D,20120419,000000,32.4039,32.5905,31.9029,32.2417,34805653.536329,0
JPM.US,D,20120420,000000,32.4579,32.5081,31.8587,31.8675,35101082.662867,0
JPM.US,D,20120423,000000,31.2701,32.0443,31.1787,31.9657,34235387.846215,0
JPM.US,D,20120424,000000,32.0591,32.3027,31.9343,32.2841,28702875.32978,0
JPM.US,D,20120425,000000,32.5601,32.7379,32.0591,32.1937,42473395.276907,0
JPM.US,D,20120426,000000,32.2417,32.7379,32.1199,32.6701,37652998.036949,0
JPM.US,D,20120427,000000,32.7772,32.8135,32.2477,32.3302,32557858.895484,0
JPM.US,D,20120430,000000,32.3203,32.3528,31.7349,32.0591,31530240.026219,0
JPM.US,D,20120501,000000,32.0747,32.9973,32.0443,32.6633,35343546.833955,0
JPM.US,D,20120502,000000,32.4157,32.4687,31.9559,32.2261,30113313.720798,0
JPM.US,D,20120503,000000,32.3567,32.3636,31.8281,32.0836,26189696.08224,0
JPM.US,D,20120504,000000,31.5767,31.8351,31.1159,31.1405,41938349.98438,0
JPM.US,D,20120507,000000,30.9027,31.6277,30.8565,31.1601,34735559.835415,0
JPM.US,D,20120508,000000,30.9567,31.2093,30.5441,30.8653,37604894.436879,0
JPM.US,D,20120509,000000,30.3712,30.5971,29.9271,30.3162,51979926.368462,0
JPM.US,D,20120510,000000,30.7543,30.8811,30.2405,30.3889,47837575.220319,0
JPM.US,D,20120511,000000,27.7058,28.3405,27.3138,27.5702,291205983.85651,0
JPM.US,D,20120514,000000,26.9288,27.2028,26.6724,26.6968,129336164.46644,0
JPM.US,D,20120515,000000,26.9936,27.8002,26.9434,27.0318,120501010.37113,0
JPM.US,D,20120516,000000,27.4426,27.585,26.4503,26.4503,92125225.068033,0
JPM.US,D,20120517,000000,26.1418,26.1811,25.2714,25.3097,108620957.12269,0
JPM.US,D,20120518,000000,25.3509,25.3509,24.5945,24.9786,110803457.32782,0
JPM.US,D,20120521,000000,25.0002,25.1436,24.0629,24.2496,133442987.81973,0
JPM.US,D,20120522,000000,24.8519,25.792,24.6092,25.3696,113569785.34599,0
JPM.US,D,20120523,000000,25.0808,25.6742,24.7733,25.5553,70379660.780066,0
JPM.US,D,20120524,000000,25.6791,25.7204,25.0808,25.3372,40292813.759981,0
JPM.US,D,20120525,000000,25.3598,25.46,24.8322,24.9855,38608932.271786,0
JPM.US,D,20120529,000000,25.3431,25.3598,24.8813,25.0857,48039529.114442,0
JPM.US,D,20120530,000000,24.8391,24.9462,24.5787,24.5876,45807674.344882,0
JPM.US,D,20120531,000000,24.5876,24.9648,24.5473,24.7251,56466267.267617,0
JPM.US,D,20120601,000000,24.1759,24.3528,23.6965,23.8183,67663916.915365,0
JPM.US,D,20120604,000000,23.9913,23.9971,22.9961,23.1237,81077940.521538,0
JPM.US,D,20120605,000000,23.0363,23.9657,23.0137,23.8655,62332901.268647,0
JPM.US,D,20120606,000000,24.397,24.841,24.0679,24.6672,86992917.322492,0
JPM.US,D,20120607,000000,25.1898,25.2321,24.4707,24.4756,72130168.080193,0
JPM.US,D,20120608,000000,24.4461,25.122,24.2791,25.122,45915016.043868,0
JPM.US,D,20120611,000000,25.6368,25.6879,24.453,24.4825,62203330.268958,0
JPM.US,D,20120612,000000,24.5247,25.1977,24.2496,25.1898,58083182.974723,0
JPM.US,D,20120613,000000,25.1289,26.1566,25.0857,25.5867,97123284.693288,0
JPM.US,D,20120614,000000,25.6663,26.0249,25.4148,25.8441,59556216.405623,0
JPM.US,D,20120615,000000,26.023,26.1566,25.6702,26.128,54852039.759748,0
JPM.US,D,20120618,000000,25.8932,26.3314,25.7331,25.8235,41664368.433057,0
JPM.US,D,20120619,000000,26.1035,26.579,25.907,26.3914,43532119.288356,0
JPM.US,D,20120620,000000,26.8747,27.5556,26.7254,27.1872,81960779.35173,0
JPM.US,D,20120621,000000,27.2206,27.6214,26.4277,26.4866,128187130.80366,0
JPM.US,D,20120622,000000,26.8648,27.2216,26.8216,26.8413,59248230.813429,0
JPM.US,D,20120625,000000,26.3,26.4611,25.8343,26.3472,75591833.795126,0
JPM.US,D,20120626,000000,26.8964,26.9424,26.5416,26.633,46996047.732143,0
JPM.US,D,20120627,000000,26.5888,27.4652,26.4818,27.4386,40060347.12502,0
JPM.US,D,20120628,000000,26.3472,26.799,25.9924,26.7618,93707845.622954,0
JPM.US,D,20120629,000000,27.3748,27.4504,26.2921,26.6516,75155068.089577,0
JPM.US,D,20120702,000000,27.0554,27.1232,26.5505,27.0624,45955191.441035,0
JPM.US,D,20120703,000000,27.0476,27.1802,26.7244,26.9838,35506625.15311,0
JPM.US,D,20120705,000000,26.7834,26.8216,25.738,25.855,77808829.673177,0
JPM.US,D,20120706,000000,25.513,25.6634,25.3706,25.4983,42616042.874706,0
JPM.US,D,20120709,000000,25.4305,25.6634,25.2262,25.5396,40595195.968303,0
JPM.US,D,20120710,000000,25.738,25.9119,25.4305,25.7626,44072533.854257,0
JPM.US,D,20120711,000000,25.7292,26.1732,25.6634,26.017,46709101.5486,0
JPM.US,D,20120712,000000,25.8215,26.0013,25.5278,25.6024,52227242.734085,0
JPM.US,D,20120713,000000,26.3717,27.2294,26.2204,27.1272,110336924.98142,0
JPM.US,D,20120716,000000,26.8964,26.965,26.1202,26.3933,69625830.066496,0
JPM.US,D,20120717,000000,26.6546,26.686,25.7773,26.3147,58491094.052481,0
JPM.US,D,20120718,000000,26.1359,26.4974,26.0602,26.294,38485380.965505,0
JPM.US,D,20120719,000000,26.3412,26.4532,25.8058,25.9188,45716974.848674,0
JPM.US,D,20120720,000000,25.6113,25.6702,25.4983,25.4983,48222764.347457,0
JPM.US,D,20120723,000000,24.9982,25.9492,24.8951,25.905,54805303.161413,0
JPM.US,D,20120724,000000,26.0082,26.245,25.738,26.1202,39788333.119751,0
JPM.US,D,20120725,000000,26.3078,26.6616,26.1654,26.4532,42715715.928081,0
JPM.US,D,20120726,000000,26.915,27.0318,26.583,26.9356,38428028.982902,0
JPM.US,D,20120727,000000,27.086,27.979,26.7086,27.7442,84610568.181969,0
JPM.US,D,20120730,000000,27.4514,27.4652,27.0318,27.1802,40816520.979312,0
JPM.US,D,20120731,000000,27.1596,27.3236,27.0084,27.078,26174306.87956,0
JPM.US,D,20120801,000000,27.2216,27.3778,26.9424,27.078,29491954.941346,0
JPM.US,D,20120802,000000,26.7902,26.9582,26.1418,26.4532,48761984.949819,0
JPM.US,D,20120803,000000,26.9424,27.2942,26.7018,27.1448,32582252.191484,0
JPM.US,D,20120806,000000,27.2588,27.6774,27.1596,27.301,25226211.274913,0
JPM.US,D,20120807,000000,27.5054,28.4849,27.5054,27.8394,49490621.302338,0
JPM.US,D,20120808,000000,27.7216,28.1922,27.639,27.9514,24827088.501668,0
JPM.US,D,20120809,000000,27.6174,28.0252,27.5182,27.7668,31120189.382085,0
JPM.US,D,20120810,000000,27.646,27.8326,27.3778,27.807,20593024.057074,0
JPM.US,D,20120813,000000,27.7344,27.8984,27.5674,27.8238,19216899.139933,0
JPM.US,D,20120814,000000,28.145,28.312,27.8158,27.9024,24019562.000746,0
JPM.US,D,20120815,000000,27.8836,28.1362,27.7904,27.8836,23297291.418024,0
JPM.US,D,20120816,000000,27.9662,28.091,27.6774,27.9024,21133158.708249,0
JPM.US,D,20120817,000000,27.979,27.979,27.6774,27.8158,22708649.071704,0
JPM.US,D,20120820,000000,27.7668,28.2059,27.6774,28.1047,23829212.862212,0
JPM.US,D,20120821,000000,28.3042,29.2257,28.2482,28.6116,48924825.086989,0
JPM.US,D,20120822,000000,28.4928,28.7148,28.2482,28.4535,22471479.869354,0
JPM.US,D,20120823,000000,28.4378,28.5006,27.979,28.0016,21843904.947249,0
JPM.US,D,20120824,000000,27.7824,28.1636,27.581,27.9593,26619364.168218,0
JPM.US,D,20120827,000000,28.0644,28.1636,27.75,28.0016,23424033.752176,0
JPM.US,D,20120828,000000,27.9024,28.198,27.75,27.925,23999931.32657,0
JPM.US,D,20120829,000000,28.0694,28.198,27.8738,28.0576,18193214.344903,0
JPM.US,D,20120830,000000,27.8738,27.925,27.6106,27.75,18215779.543276,0
JPM.US,D,20120831,000000,27.9338,28.1283,27.7274,27.9338,22300410.239249,0
JPM.US,D,20120904,000000,27.8158,28.0094,27.6646,27.8394,18126819.589854,0
JPM.US,D,20120905,000000,27.8916,28.0507,27.7824,27.9092,17998609.484667,0
JPM.US,D,20120906,000000,28.2639,29.2345,28.2059,29.099,54983109.066623,0
JPM.US,D,20120907,000000,29.3642,29.7297,29.3347,29.5577,37338843.124201,0
JPM.US,D,20120910,000000,29.5067,29.9203,29.1294,29.154,27728577.671069,0
JPM.US,D,20120911,000000,29.1834,29.8103,29.1294,29.7847,29753753.585938,0
JPM.US,D,20120912,000000,29.9969,30.271,29.9203,30.0215,39730922.100587,0
JPM.US,D,20120913,000000,29.9665,31.2751,29.7768,31.1375,62511068.51832,0
JPM.US,D,20120914,000000,31.5599,31.6553,31.0098,31.2681,57803107.425355,0
JPM.US,D,20120917,000000,30.8359,31.1651,30.8015,30.9813,26246479.074547,0
JPM.US,D,20120918,000000,30.8771,31.0875,30.5834,31.0305,33486570.150914,0
JPM.US,D,20120919,000000,31.0875,31.4087,30.8673,31.0973,30423463.308288,0
JPM.US,D,20120920,000000,30.8084,31.0432,30.4989,31.0245,27918486.071145,0
JPM.US,D,20120921,000000,31.2367,31.3625,30.664,30.7485,37620057.672036,0
JPM.US,D,20120924,000000,30.5431,31.1905,30.5274,31.0098,27255623.571919,0
JPM.US,D,20120925,000000,31.2545,31.2545,30.4861,30.4989,29234262.391311,0
JPM.US,D,20120926,000000,30.1983,30.5589,29.8564,30.2631,31620331.853004,0
JPM.US,D,20120927,000000,30.3869,30.8281,30.2435,30.5962,27699760.704533,0
JPM.US,D,20120928,000000,30.4017,30.5589,30.2071,30.4469,28427091.127624,0
JPM.US,D,20121001,000000,30.7485,31.2131,30.6846,30.8153,29180299.921567,0
JPM.US,D,20121002,000000,30.943,31.0167,30.5068,30.7779,35821718.543592,0
JPM.US,D,20121003,000000,30.9371,31.0649,30.6267,30.9617,29590326.13678,0
JPM.US,D,20121004,000000,31.1857,31.8145,30.999,31.6847,32105928.936908,0
JPM.US,D,20121005,000000,31.8537,32.1553,31.4135,31.6051,30058618.383409,0
JPM.US,D,20121008,000000,31.3143,31.7015,31.1473,31.5659,24590720.364367,0
JPM.US,D,20121009,000000,31.6465,31.7829,31.2917,31.3527,26327881.330376,0
JPM.US,D,20121010,000000,31.4813,31.8213,31.3143,31.6465,34050118.905484,0
JPM.US,D,20121011,000000,32.1053,32.3057,31.7093,31.8979,36599925.249341,0
JPM.US,D,20121012,000000,31.5197,32.1465,31.1778,31.5345,58820845.813741,0
JPM.US,D,20121015,000000,31.7575,32.1327,31.6199,32.1131,34671488.881525,0
JPM.US,D,20121016,000000,32.4206,32.6633,32.0267,32.454,37732038.830365,0
JPM.US,D,20121017,000000,32.5267,32.9875,32.4069,32.8243,34550791.687574,0
JPM.US,D,20121018,000000,32.6475,32.846,32.3911,32.5905,31187610.151838,0
JPM.US,D,20121019,000000,32.4295,32.4471,31.8714,32.0669,39260894.382659,0
JPM.US,D,20121022,000000,32.0119,32.2192,31.4469,31.8921,36944903.353803,0
JPM.US,D,20121023,000000,31.4391,31.6267,31.1081,31.3143,30219084.843706,0
JPM.US,D,20121024,000000,31.5825,31.7359,31.3223,31.6051,24968949.284619,0
JPM.US,D,20121025,000000,32.0051,32.0335,31.3675,31.5747,22835375.11991,0
JPM.US,D,20121026,000000,31.3841,31.5659,30.9685,31.1857,28895173.692676,0
JPM.US,D,20121031,000000,31.4047,31.6601,31.1778,31.5825,25641914.160761,0
JPM.US,D,20121101,000000,31.5973,32.5051,31.5039,32.4589,30788530.129205,0
JPM.US,D,20121102,000000,32.6121,32.6347,32.0737,32.1396,22475670.447264,0
JPM.US,D,20121105,000000,32.0737,32.0993,31.7181,32.0267,17490445.166647,0
JPM.US,D,20121106,000000,32.2555,32.6191,32.1327,32.4874,22691783.955017,0
JPM.US,D,20121107,000000,31.8291,31.8291,30.5412,30.6709,62855536.669045,0
JPM.US,D,20121108,000000,31.2789,31.4469,30.6119,30.6119,36721550.742309,0
JPM.US,D,20121109,000000,30.5412,31.2407,30.2023,30.7779,36369348.802183,0
JPM.US,D,20121112,000000,30.9529,30.999,30.5343,30.7475,16916029.613492,0
JPM.US,D,20121113,000000,30.4439,30.7003,30.3093,30.3388,26129608.060428,0
JPM.US,D,20121114,000000,30.4695,30.5893,29.6501,29.7699,40897347.119743,0
JPM.US,D,20121115,000000,29.598,30.0991,29.5263,29.8466,32809578.57421,0
JPM.US,D,20121116,000000,29.8751,30.0559,29.4212,29.9537,42843154.486497,0
JPM.US,D,20121119,000000,30.3741,30.8359,30.3741,30.7553,35347874.824549,0
JPM.US,D,20121120,000000,30.5127,31.2013,30.4969,30.8359,25572129.892852,0
JPM.US,D,20121121,000000,31.0177,31.0461,30.5726,30.8585,17199959.8431,0
JPM.US,D,20121123,000000,31.1395,31.2338,31.0383,31.1335,10976292.064844,0
JPM.US,D,20121126,000000,30.9057,30.9735,30.3741,30.9735,26876793.089475,0
JPM.US,D,20121127,000000,31.0107,31.2181,30.7947,30.8781,26232865.040163,0
JPM.US,D,20121128,000000,30.6787,30.9735,30.2179,30.9371,34460444.374984,0
JPM.US,D,20121129,000000,31.1778,31.3321,30.999,31.2338,24955686.415983,0
JPM.US,D,20121130,000000,31.0559,31.3223,30.9529,31.1287,26502529.797481,0
JPM.US,D,20121203,000000,31.2711,31.3458,30.8781,30.9223,25023656.83647,0
JPM.US,D,20121204,000000,30.9449,31.0069,30.4606,30.7397,31716126.815091,0
JPM.US,D,20121205,000000,30.8291,31.4391,30.6846,31.2181,33673190.825303,0
JPM.US,D,20121206,000000,31.2564,31.4813,31.1473,31.4235,27106109.411433,0
JPM.US,D,20121207,000000,31.7015,32.2555,31.6199,32.2497,45605136.192386,0
JPM.US,D,20121210,000000,32.2349,32.3331,31.8291,32.0571,29556015.716518,0
JPM.US,D,20121211,000000,32.2781,32.6475,32.1396,32.3057,28841893.196991,0
JPM.US,D,20121212,000000,32.5817,32.8657,32.3547,32.4069,30490981.793726,0
JPM.US,D,20121213,000000,32.3145,32.5208,32.2015,32.4127,24361092.57366,0
JPM.US,D,20121214,000000,32.4069,32.6633,32.3597,32.4383,21391982.113775,0
JPM.US,D,20121217,000000,32.5905,32.9678,32.4383,32.9452,31520953.98243,0
JPM.US,D,20121218,000000,33.2115,33.293,32.8165,33.2389,44691233.952751,0
JPM.US,D,20121219,000000,33.3333,33.6339,32.9,32.9796,45333525.264321,0
JPM.US,D,20121220,000000,33.1034,33.7469,32.8921,33.738,33010313.058,0
JPM.US,D,20121221,000000,33.2036,33.4895,32.8381,33.3392,51451842.300693,0
JPM.US,D,20121224,000000,33.124,33.3539,33.1181,33.2743,11379821.204807,0
JPM.US,D,20121226,000000,33.3019,33.4738,33.124,33.3077,15176332.111132,0
JPM.US,D,20121227,000000,33.3077,33.3539,32.5051,33.0611,25821831.131939,0
JPM.US,D,20121228,000000,32.6573,33.1034,32.6475,32.7615,20327638.432507,0
JPM.US,D,20121231,000000,32.6573,33.3392,32.6191,33.3156,31955136.329529,0
JPM.US,D,20130102,000000,34.3177,34.3324,33.7341,34.0721,41181238.670225,0
JPM.US,D,20130103,000000,34.132,34.1379,33.7164,34.0023,31758703.371668,0
JPM.US,D,20130104,000000,33.91,34.6606,33.9011,34.6036,32101233.49462,0
JPM.US,D,20130107,000000,34.4385,34.7038,34.3462,34.6429,32058302.718681,0
JPM.US,D,20130108,000000,34.635,34.7126,34.302,34.7126,25722217.115122,0
JPM.US,D,20130109,000000,34.7568,35.2442,34.4385,34.69,33978469.896566,0
JPM.US,D,20130110,000000,35.0084,35.2156,34.7313,35.2078,30695382.651488,0
JPM.US,D,20130111,000000,35.0692,35.2078,34.69,35.2009,25851582.504722,0
JPM.US,D,20130114,000000,35.0084,35.2294,34.6969,35.0005,25005228.268805,0
JPM.US,D,20130115,000000,34.7038,35.4504,34.5977,35.36,39191182.383643,0
JPM.US,D,20130116,000000,35.0329,35.7265,34.7647,35.7196,56962648.702495,0
JPM.US,D,20130117,000000,35.4004,35.756,35.3158,35.4278,53869094.262823,0
JPM.US,D,20130118,000000,35.3826,35.5486,35.2294,35.4436,37607008.556462,0
JPM.US,D,20130122,000000,35.2854,35.5134,35.194,35.5054,31798739.320408,0
JPM.US,D,20130123,000000,35.2677,35.4278,35.0329,35.2677,25049902.659016,0
JPM.US,D,20130124,000000,35.2854,35.7049,35.1528,35.3768,26228513.638519,0
JPM.US,D,20130125,000000,35.6568,35.978,35.5576,35.978,34095857.989524,0
JPM.US,D,20130128,000000,35.7344,35.8582,35.4592,35.582,25831948.776931,0
JPM.US,D,20130129,000000,35.309,35.978,35.2854,35.9486,26096174.027725,0
JPM.US,D,20130130,000000,35.866,36.1214,35.8258,35.9554,24427390.630895,0
JPM.US,D,20130131,000000,35.866,36.0272,35.7628,35.8916,25609550.929119,0
JPM.US,D,20130201,000000,36.1618,36.6225,36.0174,36.5066,32150235.875425,0
JPM.US,D,20130204,000000,36.2688,36.477,36.145,36.3759,27295337.873193,0
JPM.US,D,20130205,000000,36.5734,37.2296,36.5665,37.2218,36790907.504092,0
JPM.US,D,20130206,000000,36.9486,37.2532,36.8602,37.0842,37077123.873604,0
JPM.US,D,20130207,000000,37.1157,37.1904,36.54,36.7954,28088583.633747,0
JPM.US,D,20130208,000000,36.8691,37.1452,36.821,37.101,19948717.359478,0
JPM.US,D,20130211,000000,37.0066,37.3053,36.9104,37.1226,18269429.526398,0
JPM.US,D,20130212,000000,37.2296,37.6197,37.0774,37.49,21485859.405523,0
JPM.US,D,20130213,000000,37.6482,37.7278,36.9988,37.1382,28360862.285667,0
JPM.US,D,20130214,000000,36.926,37.604,36.9015,37.549,23617616.669196,0
JPM.US,D,20130215,000000,37.6482,37.7336,37.0548,37.2916,26237140.101427,0
JPM.US,D,20130219,000000,37.4743,37.8997,37.4743,37.7278,26801648.709039,0
JPM.US,D,20130220,000000,37.6482,37.7936,36.8916,37.0842,32492112.524727,0
JPM.US,D,20130221,000000,36.9349,36.9654,36.4908,36.8121,32036188.437484,0
JPM.US,D,20130222,000000,37.101,37.3112,36.9349,37.3112,30916531.570687,0
JPM.US,D,20130225,000000,37.4576,37.5352,36.3542,36.3896,42946014.496258,0
JPM.US,D,20130226,000000,36.7866,36.821,35.7402,36.311,51647729.679308,0
JPM.US,D,20130227,000000,36.5066,37.6874,36.4358,37.5951,41852531.183116,0
JPM.US,D,20130228,000000,37.5028,37.8034,37.1904,37.32,32389948.739229,0
JPM.US,D,20130301,000000,37.0774,37.7032,36.9015,37.3112,33981396.27779,0
JPM.US,D,20130304,000000,37.1756,37.49,36.8691,37.4576,23197182.715548,0
JPM.US,D,20130305,000000,37.7484,38.2288,37.6197,37.7552,33505129.006159,0
JPM.US,D,20130306,000000,38.052,38.2887,37.8564,38.1679,25703386.488126,0
JPM.US,D,20130307,000000,38.1816,38.8015,38.1522,38.6267,31786360.982304,0
JPM.US,D,20130308,000000,38.5952,38.7957,37.8476,38.2976,42894609.938171,0
JPM.US,D,20130311,000000,38.3202,38.7298,38.0775,38.5107,25525210.077605,0
JPM.US,D,20130312,000000,38.4105,38.6561,38.1816,38.3565,23602226.448644,0
JPM.US,D,20130313,000000,38.3663,38.4734,38.2288,38.2661,21872095.922671,0
JPM.US,D,20130314,000000,38.3369,38.9057,38.2887,38.9057,34579085.468042,0
JPM.US,D,20130315,000000,38.1217,38.3663,37.4959,38.16,79838537.152985,0
JPM.US,D,20130318,000000,37.5273,37.8849,37.3436,37.768,36725397.279576,0
JPM.US,D,20130319,000000,37.8761,38.1364,37.1382,37.5352,32007519.062348,0
JPM.US,D,20130320,000000,37.8181,37.8702,37.4134,37.4743,25414222.362084,0
JPM.US,D,20130321,000000,37.2218,37.5558,36.8828,36.8828,30860160.816431,0
JPM.US,D,20130322,000000,37.101,37.381,36.875,37.2149,29885978.177226,0
JPM.US,D,20130325,000000,37.4134,37.6275,36.7414,37.0135,30911966.415979,0
JPM.US,D,20130326,000000,37.1825,37.3593,36.8602,37.1078,21523271.280944,0
JPM.US,D,20130327,000000,36.7708,36.8524,36.2836,36.4436,34781269.401176,0
JPM.US,D,20130328,000000,36.4987,36.5665,36.0694,36.204,36072721.64062,0
JPM.US,D,20130401,000000,36.2766,36.6146,36.2296,36.4908,22870325.781487,0
JPM.US,D,20130402,000000,36.6274,36.9104,36.5242,36.8347,22642826.360568,0
JPM.US,D,20130403,000000,36.8691,36.9015,35.7196,35.9672,43604838.080461,0
JPM.US,D,20130404,000000,36.0468,36.4958,36.0056,36.4574,28026680.746641,0
JPM.US,D,20130405,000000,35.919,36.876,35.8876,36.7787,29912010.24671,0
JPM.US,D,20130408,000000,36.7552,37.2994,36.5312,37.2935,24326369.915349,0
JPM.US,D,20130409,000000,37.4163,37.5863,37.2002,37.3692,26139684.99055,0
JPM.US,D,20130410,000000,37.5774,38.0441,37.5234,37.8103,26560509.806942,0
JPM.US,D,20130411,000000,37.7749,38.0775,37.486,37.8554,29402969.54113,0
JPM.US,D,20130412,000000,37.5391,38.0618,37.1914,37.6256,49250179.642377,0
JPM.US,D,20130415,000000,37.1471,37.8751,36.7708,36.7954,41062095.766406,0
JPM.US,D,20130416,000000,37.1776,37.2474,36.5312,37.2238,31090004.395944,0
JPM.US,D,20130417,000000,36.9349,36.984,35.6037,35.919,56623081.604148,0
JPM.US,D,20130418,000000,35.927,36.3336,35.3522,35.8051,34007809.031301,0
JPM.US,D,20130419,000000,36.1962,36.3582,35.8522,36.257,25729465.379709,0
JPM.US,D,20130422,000000,36.3798,36.4574,35.979,36.3514,19841810.291721,0
JPM.US,D,20130423,000000,36.597,37.0332,36.3798,36.9762,26723005.903468,0
JPM.US,D,20130424,000000,37.1324,37.5528,36.9702,37.4026,21444374.00744,0
JPM.US,D,20130425,000000,37.6393,38.1011,37.5312,37.6177,24829056.047721,0
JPM.US,D,20130426,000000,37.5234,37.6845,37.3142,37.5234,18145364.194895,0
JPM.US,D,20130429,000000,37.654,37.6944,37.3476,37.5528,17581872.441142,0
JPM.US,D,20130430,000000,37.5863,37.8103,37.4026,37.6256,17983190.763708,0
JPM.US,D,20130501,000000,37.432,37.547,36.7345,36.8524,23020735.669097,0
JPM.US,D,20130502,000000,37.041,37.041,36.6264,36.9114,20229117.609929,0
JPM.US,D,20130503,000000,37.3142,37.3848,36.0644,36.5164,56366312.263772,0
JPM.US,D,20130506,000000,36.6264,37.1471,36.5164,36.984,27133660.145538,0
JPM.US,D,20130507,000000,37.2474,37.9134,37.0488,37.7258,31635859.48624,0
JPM.US,D,20130508,000000,37.7847,38.3742,37.7002,38.2003,30695077.289969,0
JPM.US,D,20130509,000000,38.1531,38.2376,37.5528,37.6462,23581961.64038,0
JPM.US,D,20130510,000000,37.654,37.7916,37.3387,37.5863,21102198.10385,0
JPM.US,D,20130513,000000,37.493,38.1531,37.3142,38.1286,31245516.874534,0
JPM.US,D,20130514,000000,38.2082,38.7043,38.1227,38.5579,31511735.118175,0
JPM.US,D,20130515,000000,38.5383,39.4804,38.4999,39.2201,35781105.461581,0
JPM.US,D,20130516,000000,39.0511,39.6573,39.0275,39.1277,27863333.709349,0
JPM.US,D,20130517,000000,39.3517,40.1721,39.3439,40.1465,33992191.825354,0
JPM.US,D,20130520,000000,40.1327,40.4039,39.8508,40.1387,28675868.139179,0
JPM.US,D,20130521,000000,40.3263,41.2017,40.2635,40.7045,48354828.115012,0
JPM.US,D,20130522,000000,41.0169,42.1929,40.9099,41.1683,61185403.574302,0
JPM.US,D,20130523,000000,40.5483,41.2931,40.4235,40.9541,32956737.379515,0
JPM.US,D,20130524,000000,40.6103,41.1947,40.4737,41.1947,23893392.728378,0
JPM.US,D,20130528,000000,41.8825,41.9562,41.4777,41.9129,35388651.783909,0
JPM.US,D,20130529,000000,41.5219,42.1929,41.3863,41.9699,26682863.078196,0
JPM.US,D,20130530,000000,41.9129,42.9111,41.8619,42.6989,32421121.060947,0
JPM.US,D,20130531,000000,42.7647,42.86,41.9061,41.9061,32543070.237125,0
JPM.US,D,20130603,000000,41.9129,42.1153,40.7115,41.8314,36844807.88366,0
JPM.US,D,20130604,000000,41.8707,42.5221,41.3589,41.4846,28687594.021504,0
JPM.US,D,20130605,000000,41.2841,41.6595,40.4579,40.7115,31692647.567904,0
JPM.US,D,20130606,000000,40.5651,41.0867,40.1249,41.07,31192000.232607,0
JPM.US,D,20130607,000000,41.2753,41.8235,41.0023,41.6595,28256022.515392,0
JPM.US,D,20130610,000000,41.9473,42.1025,41.4719,41.7312,20852418.488641,0
JPM.US,D,20130611,000000,41.0395,41.4925,40.7693,41.0631,22931080.509284,0
JPM.US,D,20130612,000000,41.3765,41.5298,40.6555,40.8235,24071678.051173,0
JPM.US,D,20130613,000000,40.6869,41.6359,40.6633,41.5848,22262899.630271,0
JPM.US,D,20130614,000000,41.4846,41.5553,40.6181,40.7841,22387625.560527,0
JPM.US,D,20130617,000000,41.2253,41.6526,41.1044,41.3401,21958166.138253,0
JPM.US,D,20130618,000000,41.4777,41.6595,41.2409,41.5387,17271772.729366,0
JPM.US,D,20130619,000000,41.4473,41.8471,41.0867,41.1103,27148373.481389,0
JPM.US,D,20130620,000000,40.7477,40.8235,40.1249,40.2861,41512513.167592,0
JPM.US,D,20130621,000000,40.6555,40.6701,39.6818,39.8851,57857273.469445,0
JPM.US,D,20130624,000000,39.0589,39.4941,38.4715,39.0904,40034835.187991,0
JPM.US,D,20130625,000000,39.5433,40.3489,39.5433,39.9795,27229986.436666,0
JPM.US,D,20130626,000000,40.4157,40.5327,39.8282,40.3027,25183512.573729,0
JPM.US,D,20130627,000000,40.7115,41.0631,40.5945,40.8018,22268598.694085,0
JPM.US,D,20130628,000000,40.7793,40.7841,40.3647,40.5247,23789530.114963,0
JPM.US,D,20130701,000000,40.8569,41.1683,40.2487,40.2939,30634838.62314,0
JPM.US,D,20130702,000000,40.6113,41.3913,40.3027,40.8273,30961951.043005,0
JPM.US,D,20130703,000000,40.5267,40.8361,40.3725,40.8067,13505526.203175,0
JPM.US,D,20130705,000000,41.2743,41.7547,41.0671,41.7459,22081170.847415,0
JPM.US,D,20130708,000000,42.1743,42.4602,41.7961,42.2971,28175889.545609,0
JPM.US,D,20130709,000000,42.583,42.6586,41.9021,42.4464,26524485.290688,0
JPM.US,D,20130710,000000,42.3511,42.6468,42.0996,42.3953,21917123.514373,0
JPM.US,D,20130711,000000,43.1783,43.2029,42.1831,42.6409,27565888.178915,0
JPM.US,D,20130712,000000,42.9229,43.1872,42.3393,42.5053,42092597.24841,0
JPM.US,D,20130715,000000,42.9062,42.916,42.2224,42.4464,36595026.232707,0
JPM.US,D,20130716,000000,42.4513,42.8472,42.3599,42.5397,24861122.060818,0
JPM.US,D,20130717,000000,42.5643,42.9818,42.4042,42.7392,24789610.464584,0
JPM.US,D,20130718,000000,42.9229,43.7098,42.9062,43.585,31768564.512984,0
JPM.US,D,20130719,000000,43.698,43.7266,43.2324,43.4249,22972296.171357,0
JPM.US,D,20130722,000000,43.4338,43.8228,43.2638,43.7344,20693720.071538,0
JPM.US,D,20130723,000000,43.8602,43.9918,43.6696,43.8228,13679290.139747,0
JPM.US,D,20130724,000000,44.0134,44.0212,43.5949,43.7924,21551299.396889,0
JPM.US,D,20130725,000000,43.6538,43.6892,43.2206,43.6892,17941362.342852,0
JPM.US,D,20130726,000000,43.3502,43.473,42.9936,43.3434,21682716.815895,0
JPM.US,D,20130729,000000,43.2854,43.3031,42.8237,43.0624,13005439.715201,0
JPM.US,D,20130730,000000,43.2029,43.3031,42.5928,42.7844,18375795.086397,0
JPM.US,D,20130731,000000,42.9818,43.5143,42.9229,43.0958,25096170.018484,0
JPM.US,D,20130801,000000,43.5792,43.9034,43.4574,43.7187,20664750.424243,0
JPM.US,D,20130802,000000,43.5143,43.704,43.312,43.6833,14237733.249722,0
JPM.US,D,20130805,000000,43.5585,43.7482,43.312,43.3807,12125260.583838,0
JPM.US,D,20130806,000000,43.2933,43.3807,42.7696,42.9062,13693802.954867,0
JPM.US,D,20130807,000000,42.5643,42.8924,42.3599,42.7618,16579797.062931,0
JPM.US,D,20130808,000000,42.8551,43.0958,41.8501,42.3953,24040028.347613,0
JPM.US,D,20130809,000000,42.2892,42.6468,42.0102,42.1566,16367527.038829,0
JPM.US,D,20130812,000000,41.7872,42.0013,41.5081,41.8265,19570320.490391,0
JPM.US,D,20130813,000000,41.9257,42.2971,41.4483,41.9817,19504552.744328,0
JPM.US,D,20130814,000000,42.0102,42.412,41.7547,41.8746,20420633.229465,0
JPM.US,D,20130815,000000,41.3863,41.5081,40.8991,41.2095,21886198.535485,0
JPM.US,D,20130816,000000,41.0366,41.5858,41.0366,41.2095,22167046.649495,0
JPM.US,D,20130819,000000,40.8745,40.9413,40.0541,40.0797,29463280.476852,0
JPM.US,D,20130820,000000,40.0404,40.4893,39.1729,40.3027,24184625.169774,0
JPM.US,D,20130821,000000,40.1445,40.3793,39.6523,39.9255,22162281.99193,0
JPM.US,D,20130822,000000,40.2113,40.7213,40.1524,40.3725,18956960.146991,0
JPM.US,D,20130823,000000,40.4167,40.5355,40.1317,40.4589,14389224.117108,0
JPM.US,D,20130826,000000,40.3351,40.6239,40.0483,40.0541,21397296.422075,0
JPM.US,D,20130827,000000,39.4519,39.8616,39.0884,39.1267,30499771.116112,0
JPM.US,D,20130828,000000,38.9185,39.4765,38.7662,39.113,24247604.96517,0
JPM.US,D,20130829,000000,39.1199,39.5767,39.0108,39.2063,17558864.468566,0
JPM.US,D,20130830,000000,39.2967,39.3045,38.8861,39.0747,20524295.322149,0
JPM.US,D,20130903,000000,39.6327,39.9923,39.3065,39.5403,19757628.228198,0
JPM.US,D,20130904,000000,39.5639,40.287,39.3812,40.1091,25773263.382362,0
JPM.US,D,20130905,000000,40.2349,40.6151,40.1387,40.2949,17994732.411249,0
JPM.US,D,20130906,000000,40.5267,40.7575,39.6523,40.6417,28894694.275092,0
JPM.US,D,20130909,000000,40.8145,41.1289,40.6113,40.8745,25779950.799625,0
JPM.US,D,20130910,000000,41.6271,41.7076,41.2164,41.5013,26166156.780622,0
JPM.US,D,20130911,000000,41.2685,41.5721,41.0287,41.1839,20735607.528953,0
JPM.US,D,20130912,000000,41.3697,41.5307,40.2683,40.3961,28425009.579937,0
JPM.US,D,20130913,000000,40.4333,40.8244,40.3891,40.6681,15447196.939221,0
JPM.US,D,20130916,000000,41.3303,41.3637,40.9689,41.0935,22146484.622687,0
JPM.US,D,20130917,000000,41.1289,41.2341,40.8903,41.0513,17015012.549835,0
JPM.US,D,20130918,000000,40.7458,41.6545,40.6417,41.2989,26996437.804058,0
JPM.US,D,20130919,000000,41.4728,41.5641,40.6201,40.7891,29033268.350229,0
JPM.US,D,20130920,000000,40.9403,41.351,40.8244,40.8244,39825287.970764,0
JPM.US,D,20130923,000000,40.2683,40.5001,39.7378,39.7929,36450993.311484,0
JPM.US,D,20130924,000000,39.448,39.6484,38.8919,38.9067,45119501.447229,0
JPM.US,D,20130925,000000,38.8301,40.1308,38.7053,39.9765,50653855.293623,0
JPM.US,D,20130926,000000,40.1524,40.6455,39.8537,40.1229,28843750.812898,0
JPM.US,D,20130927,000000,39.8203,40.5199,39.7349,40.3981,29774774.672897,0
JPM.US,D,20130930,000000,39.9991,40.2771,39.7771,39.9697,27606279.364888,0
JPM.US,D,20131001,000000,39.9323,40.2771,39.784,40.1789,24811021.396416,0
JPM.US,D,20131002,000000,39.9765,40.8578,39.9539,40.5787,30608842.179167,0
JPM.US,D,20131003,000000,40.5031,40.6623,40.1181,40.4609,23896172.536071,0
JPM.US,D,20131004,000000,40.5621,41.0347,40.511,41.0267,22322263.945283,0
JPM.US,D,20131007,000000,40.7321,40.7851,40.3735,40.3735,20740574.742994,0
JPM.US,D,20131008,000000,40.3735,40.4767,39.6032,39.6229,25072668.378121,0
JPM.US,D,20131009,000000,39.8597,39.9923,39.1435,39.5315,31733035.700263,0
JPM.US,D,20131010,000000,40.3813,40.9403,40.0217,40.9119,31223394.450363,0
JPM.US,D,20131011,000000,41.2459,41.5583,40.6269,40.9049,41714326.595416,0
JPM.US,D,20131014,000000,40.4609,41.1585,40.3185,41.0583,24233398.529441,0
JPM.US,D,20131015,000000,41.2164,41.3147,40.6455,40.7477,22518499.436029,0
JPM.US,D,20131016,000000,40.9825,42.1045,40.9571,42.0643,31916005.268757,0
JPM.US,D,20131017,000000,41.8982,42.2892,41.7577,42.2283,22827809.279343,0
JPM.US,D,20131018,000000,42.2637,42.5171,41.9061,42.2971,31837868.345436,0
JPM.US,D,20131021,000000,42.2715,42.7274,41.9807,42.2715,24985834.758741,0
JPM.US,D,20131022,000000,42.5673,42.5948,41.7656,41.7656,31856039.391552,0
JPM.US,D,20131023,000000,41.5259,41.5671,41.0661,41.0917,26999354.006562,0
JPM.US,D,20131024,000000,41.1585,41.2007,40.5915,40.8804,22792879.993071,0
JPM.US,D,20131025,000000,40.6269,41.2164,40.5621,41.1083,26813266.696961,0
JPM.US,D,20131028,000000,41.2007,41.3589,40.8961,41.0347,19046872.828352,0
JPM.US,D,20131029,000000,41.1505,41.2753,40.7025,41.0749,29992467.917575,0
JPM.US,D,20131030,000000,41.2841,41.4738,40.8961,40.9747,20741951.923444,0
JPM.US,D,20131031,000000,41.0121,41.0583,40.1445,40.1445,30473425.542135,0
JPM.US,D,20131101,000000,40.0787,41.0583,39.9609,40.9049,33116836.388117,0
JPM.US,D,20131104,000000,41.0827,41.1015,40.5031,40.5375,24257336.836777,0
JPM.US,D,20131105,000000,40.3891,40.6093,40.2428,40.4697,18655144.893222,0
JPM.US,D,20131106,000000,40.7105,40.7693,40.3735,40.5867,17989210.457116,0
JPM.US,D,20131107,000000,40.6093,40.7693,40.1789,40.2349,22271754.096447,0
JPM.US,D,20131108,000000,40.3735,42.0397,40.3509,42.0328,40035376.695751,0
JPM.US,D,20131111,000000,41.9935,42.1821,41.8314,42.1389,15488052.274702,0
JPM.US,D,20131112,000000,42.0083,42.1251,41.7499,42.0397,20494746.50584,0
JPM.US,D,20131113,000000,41.6899,42.2214,41.4011,42.1733,28394429.659565,0
JPM.US,D,20131114,000000,42.2637,42.4533,41.8314,42.3747,22636329.285318,0
JPM.US,D,20131115,000000,42.2715,42.8129,42.2145,42.7421,26348038.244237,0
JPM.US,D,20131118,000000,43.2245,43.6214,43.0781,43.4171,28588855.374376,0
JPM.US,D,20131119,000000,43.5968,44.1214,43.4505,43.7364,29489752.266923,0
JPM.US,D,20131120,000000,43.9574,43.9672,43.4436,43.701,22705941.532904,0
JPM.US,D,20131121,000000,43.8415,44.711,43.8415,44.5724,29324893.690113,0
JPM.US,D,20131122,000000,44.597,44.8062,44.4486,44.76,21480592.937193,0
JPM.US,D,20131125,000000,44.7924,45.2906,44.7208,44.9074,23941583.865415,0
JPM.US,D,20131126,000000,44.8918,45.1472,44.5341,44.5341,20882612.635627,0
JPM.US,D,20131127,000000,44.8524,45.0489,44.6569,44.7758,14427919.528779,0
JPM.US,D,20131129,000000,44.8524,45.0616,44.5586,44.5724,9151602.2730648,0
JPM.US,D,20131202,000000,44.481,44.985,44.3238,44.3838,16003012.92226,0
JPM.US,D,20131203,000000,44.319,44.5724,43.7295,44.2914,26234568.957439,0
JPM.US,D,20131204,000000,43.9672,44.767,43.7864,44.5498,26043883.921234,0
JPM.US,D,20131205,000000,44.1746,44.1972,43.4259,43.4829,27379252.23645,0
JPM.US,D,20131206,000000,44.0645,44.2138,43.3276,43.6705,23956392.881209,0
JPM.US,D,20131209,000000,43.8415,44.035,43.6922,44.0183,16321640.363387,0
JPM.US,D,20131210,000000,44.0026,44.4584,43.8926,44.1686,18622322.60143,0
JPM.US,D,20131211,000000,44.0409,44.2226,43.587,43.6774,22896128.829833,0
JPM.US,D,20131212,000000,43.6646,44.088,43.5516,43.8631,19670595.105959,0
JPM.US,D,20131213,000000,43.9092,44.0576,43.6558,43.7521,14714039.200478,0
JPM.US,D,20131216,000000,43.8847,44.3534,43.8778,43.9506,33861744.438105,0
JPM.US,D,20131217,000000,44.1294,44.1382,43.3571,43.4053,23540849.801222,0
JPM.US,D,20131218,000000,43.4986,44.6118,43.1548,44.5872,35546547.100216,0
JPM.US,D,20131219,000000,44.481,44.819,44.261,44.5802,21554856.858584,0
JPM.US,D,20131220,000000,44.5646,45.1786,44.5586,44.9468,28243929.181372,0
JPM.US,D,20131223,000000,45.156,45.486,45.0263,45.3672,17960044.360576,0
JPM.US,D,20131224,000000,45.2366,45.4074,45.209,45.375,5818810.3156865,0
JPM.US,D,20131226,000000,45.4517,45.5362,45.1186,45.3338,8571626.0866509,0
JPM.US,D,20131227,000000,45.3102,45.4517,45.2286,45.2906,11481893.381849,0
JPM.US,D,20131230,000000,45.2906,45.3938,44.9536,45.1402,11317370.702709,0
JPM.US,D,20131231,000000,45.3338,45.6089,45.2188,45.5538,14147420.544771,0
JPM.US,D,20140102,000000,45.7199,45.8663,45.4508,45.6384,19939979.948552,0
JPM.US,D,20140103,000000,45.7042,46.221,45.6384,45.991,18135655.734338,0
JPM.US,D,20140106,000000,46.386,46.6277,46.1237,46.2583,22399403.35431,0
JPM.US,D,20140107,000000,46.5982,46.5982,45.5628,45.7278,22789780.573655,0
JPM.US,D,20140108,000000,45.8997,46.1905,45.712,46.1571,18739945.822756,0
JPM.US,D,20140109,000000,46.2426,46.2583,45.7356,46.0736,16896911.946667,0
JPM.US,D,20140110,000000,46.0009,46.0736,45.6178,45.8604,16202979.930768,0
JPM.US,D,20140113,000000,45.8752,46.0009,45.1088,45.2404,26480427.730745,0
JPM.US,D,20140114,000000,45.712,45.9302,45.1314,45.2728,38667706.221195,0
JPM.US,D,20140115,000000,45.265,46.7672,45.265,46.6444,44924098.575557,0
JPM.US,D,20140116,000000,46.0962,46.9018,46.0578,46.2504,27664900.633539,0
JPM.US,D,20140117,000000,46.4224,46.439,45.4998,45.5628,26862898.122495,0
JPM.US,D,20140121,000000,45.5362,45.8201,45.1452,45.6098,24942465.280087,0
JPM.US,D,20140122,000000,45.7356,45.7356,45.0224,45.153,19747292.758655,0
JPM.US,D,20140123,000000,44.7306,44.7689,44.0704,44.2767,33468314.621444,0
JPM.US,D,20140124,000000,43.8965,44.1873,43.195,43.195,34577038.527993,0
JPM.US,D,20140127,000000,43.2324,43.7403,42.8777,43.195,30536102.011755,0
JPM.US,D,20140128,000000,43.4072,44.1726,43.3129,43.702,23030187.625977,0
JPM.US,D,20140129,000000,43.0938,43.8051,43.0044,43.5399,32486415.496657,0
JPM.US,D,20140130,000000,43.9643,44.2128,43.6165,43.9054,21754616.221258,0
JPM.US,D,20140131,000000,43.5163,43.9938,43.2638,43.4072,23214644.305069,0
JPM.US,D,20140203,000000,43.5163,43.8444,42.4955,42.582,36439302.036798,0
JPM.US,D,20140204,000000,42.8875,43.3974,42.8099,43.086,26497899.498984,0
JPM.US,D,20140205,000000,43.2324,43.476,42.7932,43.2854,24867978.444788,0
JPM.US,D,20140206,000000,43.3974,44.3376,43.2785,44.2826,26682766.380382,0
JPM.US,D,20140207,000000,44.4172,44.6372,44.1116,44.3906,31967794.582359,0
JPM.US,D,20140210,000000,44.5066,44.6274,44.2128,44.487,18779743.589511,0
JPM.US,D,20140211,000000,44.3838,45.1402,44.3622,45.0322,23995514.781136,0
JPM.US,D,20140212,000000,44.9576,45.2484,44.817,45.099,17150146.218527,0
JPM.US,D,20140213,000000,44.7228,45.5538,44.6598,45.4998,21179777.233463,0
JPM.US,D,20140214,000000,45.3928,45.654,45.2808,45.5932,16818257.944506,0
JPM.US,D,20140218,000000,45.491,45.9862,45.3996,45.8604,19121016.640878,0
JPM.US,D,20140219,000000,45.773,45.8997,44.8642,44.8956,23831916.329526,0
JPM.US,D,20140220,000000,45.1088,45.4508,44.9026,45.1452,15895169.412511,0
JPM.US,D,20140221,000000,45.153,45.3506,44.982,45.1698,21414711.189497,0
JPM.US,D,20140224,000000,45.1766,45.654,45.1452,45.4998,20675036.01807,0
JPM.US,D,20140225,000000,45.3996,45.4596,44.6274,44.7138,22950569.69929,0
JPM.US,D,20140226,000000,44.982,44.988,44.0772,44.4938,30192309.727858,0
JPM.US,D,20140227,000000,44.5154,44.6048,44.0154,44.4496,20761163.234469,0
JPM.US,D,20140228,000000,44.3534,45.047,44.2128,44.5518,23721685.910572,0
JPM.US,D,20140303,000000,44.144,44.2364,43.6676,44.0704,24428337.251604,0
JPM.US,D,20140304,000000,44.653,44.9732,44.4084,44.8956,21901777.062306,0
JPM.US,D,20140305,000000,45.0656,45.7042,44.9732,45.602,22653952.716444,0
JPM.US,D,20140306,000000,45.8752,46.328,45.7886,46.1836,24774873.717683,0
JPM.US,D,20140307,000000,46.5245,46.8841,46.3143,46.5736,23740722.147658,0
JPM.US,D,20140310,000000,46.3683,46.6346,46.1571,46.4174,21637867.351746,0
JPM.US,D,20140311,000000,46.6061,46.613,45.5774,45.6256,24789709.198142,0
JPM.US,D,20140312,000000,45.2404,45.4418,45.0224,45.4134,22877362.328755,0
JPM.US,D,20140313,000000,45.4762,45.7425,44.8396,45.0224,21927554.663857,0
JPM.US,D,20140314,000000,44.7788,45.1088,44.3906,44.535,23768424.54465,0
JPM.US,D,20140317,000000,44.8554,45.2404,44.7306,45.1452,17331845.483102,0
JPM.US,D,20140318,000000,45.3318,45.602,45.1766,45.5214,16012133.052958,0
JPM.US,D,20140319,000000,45.4674,46.2042,45.3928,45.712,27358349.222612,0
JPM.US,D,20140320,000000,45.7572,47.4264,45.5774,47.1297,43027985.742385,0
JPM.US,D,20140321,000000,47.7939,47.9884,47.0442,47.1769,44833334.95343,0
JPM.US,D,20140324,000000,47.3321,47.9795,47.3164,47.8813,32919032.357036,0
JPM.US,D,20140325,000000,47.9117,48.2065,47.4834,47.7703,30678141.940132,0
JPM.US,D,20140326,000000,48.0149,48.1416,46.9598,46.9676,29009557.028288,0
JPM.US,D,20140327,000000,46.9922,47.4745,46.277,46.9824,31416798.221957,0
JPM.US,D,20140328,000000,47.2093,47.5079,46.7918,47.0757,18759741.392154,0
JPM.US,D,20140331,000000,47.6956,47.8449,47.5148,47.6013,19396858.861723,0
JPM.US,D,20140401,000000,47.786,48.0542,47.3321,47.5679,18602912.805418,0
JPM.US,D,20140402,000000,47.6327,47.9471,47.4981,47.7221,17756935.18204,0
JPM.US,D,20140403,000000,47.8547,47.9736,47.561,47.8607,15112897.327074,0
JPM.US,D,20140404,000000,48.1446,48.176,47.1818,47.1906,21502098.531096,0
JPM.US,D,20140407,000000,47.1042,47.338,46.4234,46.5501,23678635.025769,0
JPM.US,D,20140408,000000,46.3378,46.5678,45.9596,46.4322,21489815.872935,0
JPM.US,D,20140409,000000,46.6286,46.9057,46.1561,46.7623,19399927.744988,0
JPM.US,D,20140410,000000,46.8281,46.8586,45.2748,45.2906,37984258.284111,0
JPM.US,D,20140411,000000,43.5438,44.2236,43.0378,43.6312,59879591.200496,0
JPM.US,D,20140414,000000,44.0645,44.1392,42.9868,43.362,39391308.18014,0
JPM.US,D,20140415,000000,43.473,43.8975,42.8806,43.2363,33829424.974947,0
JPM.US,D,20140416,000000,43.3945,43.6725,43.1518,43.5988,34284745.464254,0
JPM.US,D,20140417,000000,43.6676,43.8444,43.4043,43.5684,22757247.357433,0
JPM.US,D,20140421,000000,43.6067,43.7167,43.3886,43.4161,15695656.374796,0
JPM.US,D,20140422,000000,43.4249,44.2462,43.3483,44.035,20613325.508721,0
JPM.US,D,20140423,000000,44.0262,44.2796,43.8386,44.2236,14423066.316373,0
JPM.US,D,20140424,000000,44.2384,44.3868,43.8758,44.3346,19477533.339266,0
JPM.US,D,20140425,000000,44.43,44.4644,43.8975,43.9486,20200519.485814,0
JPM.US,D,20140428,000000,43.8906,43.9486,43.142,43.7826,27111593.704311,0
JPM.US,D,20140429,000000,43.9751,44.43,43.8444,44.264,17050947.493376,0
JPM.US,D,20140430,000000,44.373,44.4644,43.9652,44.1696,18217701.285101,0
JPM.US,D,20140501,000000,44.1214,44.3346,43.7914,43.9652,16152680.781378,0
JPM.US,D,20140502,000000,44.0498,44.4781,43.7393,43.8523,19200354.65284,0
JPM.US,D,20140505,000000,42.5122,43.1901,42.3698,42.7785,31982120.10908,0
JPM.US,D,20140506,000000,42.6409,42.6517,42.0691,42.0869,32099172.304367,0
JPM.US,D,20140507,000000,42.2725,42.7028,42.0053,42.6468,23451250.624354,0
JPM.US,D,20140508,000000,42.7637,43.0251,42.6517,42.8895,20394327.352486,0
JPM.US,D,20140509,000000,42.7785,42.8522,42.3531,42.6134,15671982.714109,0
JPM.US,D,20140512,000000,42.8197,43.1577,42.6321,43.1174,16255510.254987,0
JPM.US,D,20140513,000000,43.198,43.2608,43.0005,43.0958,15603132.852448,0
JPM.US,D,20140514,000000,43.1115,43.1577,42.8433,42.8895,13098638.086505,0
JPM.US,D,20140515,000000,42.7637,42.7637,42.0947,42.2214,25041269.071006,0
JPM.US,D,20140516,000000,42.1537,42.2214,41.7941,42.0613,25339479.023109,0
JPM.US,D,20140519,000000,41.8795,42.5368,41.8648,42.4729,15296381.938663,0
JPM.US,D,20140520,000000,42.3845,42.6409,42.1379,42.3845,21402038.686463,0
JPM.US,D,20140521,000000,42.6468,43.0811,42.5908,42.7028,16743123.742787,0
JPM.US,D,20140522,000000,42.7402,43.0811,42.6223,43.0378,14957388.919971,0
JPM.US,D,20140523,000000,43.0378,43.0722,42.7333,43.0251,13785775.80861,0
JPM.US,D,20140527,000000,43.2284,43.7324,43.1518,43.5084,18380569.92268,0
JPM.US,D,20140528,000000,43.4642,43.867,43.3945,43.7472,14416903.10305,0
JPM.US,D,20140529,000000,43.9652,44.1214,43.702,43.9652,14881090.272993,0
JPM.US,D,20140530,000000,43.8444,44.088,43.641,43.8444,15197582.219231,0
JPM.US,D,20140602,000000,43.9063,43.9063,43.4112,43.6725,11964505.04797,0
JPM.US,D,20140603,000000,43.473,43.9142,43.4642,43.867,11574441.333118,0
JPM.US,D,20140604,000000,43.8051,43.9751,43.589,43.9309,12329337.758388,0
JPM.US,D,20140605,000000,44.1126,44.704,43.7826,44.6834,21297186.701728,0
JPM.US,D,20140606,000000,44.7856,45.0734,44.6972,44.9506,19517180.461005,0
JPM.US,D,20140609,000000,44.9016,45.5028,44.8946,45.3034,15208778.808256,0
JPM.US,D,20140610,000000,45.3426,45.715,45.2828,45.6806,14713613.730095,0
JPM.US,D,20140611,000000,45.3524,45.5971,44.9576,45.1834,18037958.36999,0
JPM.US,D,20140612,000000,45.0322,45.3034,44.8701,45.0028,14800759.836095,0
JPM.US,D,20140613,000000,44.9938,45.5028,44.877,45.0028,15263154.533923,0
JPM.US,D,20140616,000000,44.8544,44.936,44.4456,44.8701,14193999.372989,0
JPM.US,D,20140617,000000,44.8082,45.435,44.7208,45.3034,14194630.453461,0
JPM.US,D,20140618,000000,45.2002,45.6138,44.936,45.5872,17409545.739451,0
JPM.US,D,20140619,000000,45.5194,45.5194,45.1402,45.208,14732667.271001,0
JPM.US,D,20140620,000000,45.5194,45.5804,45.2494,45.4084,21704578.664903,0
JPM.US,D,20140623,000000,45.4016,45.935,45.1638,45.9124,20290368.041256,0
JPM.US,D,20140624,000000,45.6658,45.8574,45.208,45.3034,15618770.415831,0
JPM.US,D,20140625,000000,45.1462,45.5568,44.8701,45.3957,18813230.551543,0
JPM.US,D,20140626,000000,45.2404,45.3594,44.6569,45.2828,15024853.458208,0
JPM.US,D,20140627,000000,45.2346,45.5254,45.1638,45.3957,12900580.605363,0
JPM.US,D,20140630,000000,45.3171,45.5872,45.2748,45.4625,14638213.863854,0
JPM.US,D,20140701,000000,45.4084,46.0756,45.3514,45.7396,18201179.191186,0
JPM.US,D,20140702,000000,45.5578,45.6678,45.1442,45.265,24164646.383466,0
JPM.US,D,20140703,000000,45.487,45.8034,45.2886,45.325,15858509.744299,0
JPM.US,D,20140707,000000,45.2326,45.2808,44.8122,45.0282,17517448.285761,0
JPM.US,D,20140708,000000,44.7708,44.8652,44.1972,44.3042,23089647.620933,0
JPM.US,D,20140709,000000,44.3956,44.5872,44.1814,44.5046,13734189.051482,0
JPM.US,D,20140710,000000,43.7432,44.3406,43.6696,44.145,15653036.049735,0
JPM.US,D,20140711,000000,43.928,44.4221,43.8484,44.3346,12884397.462734,0
JPM.US,D,20140714,000000,44.9152,45.1608,44.653,44.7228,17628688.433472,0
JPM.US,D,20140715,000000,46.0432,46.6286,45.8918,46.2976,45581106.276594,0
JPM.US,D,20140716,000000,46.4872,46.8605,46.326,46.6464,25819495.116319,0
JPM.US,D,20140717,000000,46.5255,46.7632,45.8918,45.9694,21414958.532327,0
JPM.US,D,20140718,000000,46.3438,46.4636,46.0028,46.2652,16115362.550157,0
JPM.US,D,20140721,000000,46.1787,46.4086,46.0028,46.274,11513977.716638,0
JPM.US,D,20140722,000000,46.4164,46.719,46.3752,46.6149,13060519.808104,0
JPM.US,D,20140723,000000,46.6856,47.0266,46.4931,46.8752,13997934.884693,0
JPM.US,D,20140724,000000,46.9332,47.1533,46.8664,47.0089,12390335.757527,0
JPM.US,D,20140725,000000,46.8281,47.0934,46.7485,46.8821,13216310.165675,0
JPM.US,D,20140728,000000,46.8281,47.0835,46.6149,47.0266,15586711.527835,0
JPM.US,D,20140729,000000,46.9804,46.9804,46.4312,46.5913,16989809.027939,0
JPM.US,D,20140730,000000,46.891,47.1002,46.5678,46.8065,14874379.44468,0
JPM.US,D,20140731,000000,46.5992,46.6218,45.8103,45.8192,20084307.034704,0
JPM.US,D,20140801,000000,45.598,45.6766,44.4712,44.872,30100724.683246,0
JPM.US,D,20140804,000000,45.215,45.2728,44.764,45.0086,17047460.26483,0
JPM.US,D,20140805,000000,44.8328,44.9684,44.1746,44.543,21225056.239482,0
JPM.US,D,20140806,000000,44.4044,45.043,44.3572,44.6766,15345904.451922,0
JPM.US,D,20140807,000000,44.991,45.043,44.2374,44.4221,14781035.517719,0
JPM.US,D,20140808,000000,44.4044,44.7807,44.206,44.764,15347485.206719,0
JPM.US,D,20140811,000000,44.9232,44.9536,44.6274,44.7454,11411717.233324,0
JPM.US,D,20140812,000000,44.6766,44.931,44.597,44.7708,14209540.238556,0
JPM.US,D,20140813,000000,44.9988,45.1608,44.8976,45.0636,8834661.4453943,0
JPM.US,D,20140814,000000,45.1058,45.2886,45.0498,45.2728,10415670.709368,0
JPM.US,D,20140815,000000,45.4782,45.6826,44.8042,45.0882,16019036.259028,0
JPM.US,D,20140818,000000,45.1746,45.6296,45.096,45.4704,11178402.711214,0
JPM.US,D,20140819,000000,45.7651,45.8594,45.5578,45.7336,11378604.84809,0
JPM.US,D,20140820,000000,45.6226,45.9616,45.598,45.7956,10199154.12441,0
JPM.US,D,20140821,000000,45.8103,46.6935,45.7651,46.4803,16040329.117739,0
JPM.US,D,20140822,000000,46.4312,46.9421,46.3438,46.4734,12871944.819994,0
JPM.US,D,20140825,000000,46.8821,47.5374,46.7632,47.1444,17616514.687586,0
JPM.US,D,20140826,000000,47.3203,47.6327,47.1867,47.4618,12939054.120998,0
JPM.US,D,20140827,000000,47.5502,47.6327,47.2957,47.3449,14361649.971953,0
JPM.US,D,20140828,000000,47.0757,47.169,46.7269,46.999,11436831.182508,0
JPM.US,D,20140829,000000,47.1444,47.396,47.0619,47.2368,11200098.64713,0
JPM.US,D,20140902,000000,47.2437,47.4382,46.9912,47.4107,10922651.242567,0
JPM.US,D,20140903,000000,47.6867,47.9658,47.2437,47.4303,14841747.494902,0
JPM.US,D,20140904,000000,47.3773,47.7811,47.2181,47.4382,12348147.01008,0
JPM.US,D,20140905,000000,47.3704,47.6003,47.0531,47.6003,12083824.043598,0
JPM.US,D,20140908,000000,47.5453,47.8469,47.4618,47.5816,10182295.114953,0
JPM.US,D,20140909,000000,47.3773,47.4176,46.7024,46.9264,18714010.451087,0
JPM.US,D,20140910,000000,46.9912,47.3203,46.8144,47.0531,11525875.619284,0
JPM.US,D,20140911,000000,47.0167,47.5453,46.8517,47.4814,14434664.964731,0
JPM.US,D,20140912,000000,47.5138,47.9972,47.4716,47.6966,18088935.42195,0
JPM.US,D,20140915,000000,47.4962,47.6602,47.2368,47.6229,13449230.771427,0
JPM.US,D,20140916,000000,47.4382,47.8312,47.3704,47.6602,13782371.027674,0
JPM.US,D,20140917,000000,47.6327,48.1407,47.5286,47.9147,18995008.192242,0
JPM.US,D,20140918,000000,48.1013,48.7841,48.1013,48.7183,21362485.208923,0
JPM.US,D,20140919,000000,49.0523,49.1407,48.4511,48.5562,23585900.803973,0
JPM.US,D,20140922,000000,48.4177,48.8245,48.3087,48.3931,16630125.7306,0
JPM.US,D,20140923,000000,48.3253,48.7841,48.2801,48.4177,18043170.891117,0
JPM.US,D,20140924,000000,48.6053,48.9747,48.4815,48.9679,17268385.252249,0
JPM.US,D,20140925,000000,48.8559,48.8627,47.787,47.787,20574314.556813,0
JPM.US,D,20140926,000000,47.9324,48.3685,47.9235,48.1151,15038317.865447,0
JPM.US,D,20140929,000000,47.6966,48.0699,47.4539,47.9324,13460842.652118,0
JPM.US,D,20140930,000000,47.9923,48.2585,47.7722,47.8616,18097710.494131,0
JPM.US,D,20141001,000000,47.8616,47.9923,47.4539,47.4883,23908873.539513,0
JPM.US,D,20141002,000000,47.3095,47.5826,46.8772,47.0668,30706089.644211,0
JPM.US,D,20141003,000000,47.3851,48.3067,47.2358,48.232,22904219.892211,0
JPM.US,D,20141006,000000,48.6132,48.6309,47.9943,48.1367,14475054.114961,0
JPM.US,D,20141007,000000,47.9275,47.9275,47.3439,47.4097,18173832.031428,0
JPM.US,D,20141008,000000,47.4814,48.3381,47.335,48.3145,19795926.669895,0
JPM.US,D,20141009,000000,48.2546,48.2546,47.1052,47.2574,23992546.667172,0
JPM.US,D,20141010,000000,47.2172,47.8499,46.8016,46.8104,20865302.708994,0
JPM.US,D,20141013,000000,46.7918,47.3095,46.4813,46.5196,21448162.526018,0
JPM.US,D,20141014,000000,45.2974,46.8104,44.8406,46.386,36376992.001001,0
JPM.US,D,20141015,000000,45.6089,45.8978,43.4023,44.4172,47338225.671477,0
JPM.US,D,20141016,000000,43.7953,44.7778,43.4151,44.0576,39967803.245239,0
JPM.US,D,20141017,000000,44.5842,45.4174,44.4496,44.9526,25231559.17298,0
JPM.US,D,20141020,000000,44.872,45.3957,44.8484,45.2974,13512272.656999,0
JPM.US,D,20141021,000000,45.7769,46.4008,45.656,46.3359,17528238.743966,0
JPM.US,D,20141022,000000,46.4174,46.6022,45.9439,45.9528,17191239.735993,0
JPM.US,D,20141023,000000,46.4882,46.8704,46.3438,46.44,15804912.690506,0
JPM.US,D,20141024,000000,46.5196,47.0148,46.3938,46.9853,17200274.365465,0
JPM.US,D,20141027,000000,46.7515,47.0226,46.5933,46.9038,13861280.515638,0
JPM.US,D,20141028,000000,47.0904,47.7437,47.0403,47.6985,17034022.322257,0
JPM.US,D,20141029,000000,47.671,47.8184,46.9951,47.4225,20898235.948804,0
JPM.US,D,20141030,000000,47.1415,47.7369,47.1278,47.505,18390209.167959,0
JPM.US,D,20141031,000000,48.0876,48.4245,47.8872,48.3755,22942533.601984,0
JPM.US,D,20141103,000000,48.6211,48.9109,48.2782,48.6987,14804566.676364,0
JPM.US,D,20141104,000000,48.0974,48.287,47.5286,48.1917,19121623.292428,0
JPM.US,D,20141105,000000,48.6309,48.9777,48.3067,48.9109,17582389.51998,0
JPM.US,D,20141106,000000,48.8579,49.0405,48.4943,48.9777,13027437.95902,0
JPM.US,D,20141107,000000,48.849,49.2351,48.6819,49.1663,15483182.776348,0
JPM.US,D,20141110,000000,48.9934,49.5357,48.9521,49.5357,13501008.88844,0
JPM.US,D,20141111,000000,49.3609,49.5023,49.0249,49.0867,15672481.471257,0
JPM.US,D,20141112,000000,48.3313,48.6643,48.176,48.4433,21526981.423398,0
JPM.US,D,20141113,000000,48.3921,48.4943,47.9884,48.176,15302957.390036,0
JPM.US,D,20141114,000000,48.1917,48.4875,48.1367,48.2193,8504077.0650606,0
JPM.US,D,20141117,000000,47.9943,48.4157,47.9039,48.2969,11273903.508369,0
JPM.US,D,20141118,000000,48.2693,48.6485,48.1534,48.4157,11124118.594003,0
JPM.US,D,20141119,000000,48.3509,48.6211,48.1102,48.4707,11511632.540172,0
JPM.US,D,20141120,000000,48.1534,48.1917,47.7899,48.0876,13648033.334676,0
JPM.US,D,20141121,000000,48.8254,48.849,48.232,48.3509,15428084.361754,0
JPM.US,D,20141124,000000,48.5553,49.0337,48.5553,48.7596,10420502.546468,0
JPM.US,D,20141125,000000,48.9177,48.9177,47.951,48.232,18506299.474462,0
JPM.US,D,20141126,000000,48.4491,48.4491,48.1534,48.2635,9537474.3921343,0
JPM.US,D,20141128,000000,48.3145,48.4433,48.0149,48.119,8450938.053546,0
JPM.US,D,20141201,000000,47.8872,48.1603,47.6327,47.9943,15967114.622102,0
JPM.US,D,20141202,000000,47.9982,48.9433,47.9943,48.8579,15685359.584379,0
JPM.US,D,20141203,000000,48.7596,49.2851,48.6397,49.2253,15146858.617331,0
JPM.US,D,20141204,000000,48.8715,49.2469,48.6643,49.0955,14429967.4867,0
JPM.US,D,20141205,000000,49.5995,50.4376,49.4955,50.1517,25092520.948335,0
JPM.US,D,20141208,000000,50.0711,50.5201,49.7981,50.1271,19422531.622486,0
JPM.US,D,20141209,000000,49.4061,50.2705,49.24,49.9503,24599568.723312,0
JPM.US,D,20141210,000000,49.7213,49.7843,48.287,48.5365,37031758.348489,0
JPM.US,D,20141211,000000,48.9256,49.6399,48.8814,48.9031,21108576.088108,0
JPM.US,D,20141212,000000,48.4157,48.9689,47.9599,48.0218,21758381.328786,0
JPM.US,D,20141215,000000,48.5553,48.6397,47.0226,47.3193,24016341.454594,0
JPM.US,D,20141216,000000,46.7308,47.8783,46.4813,46.7367,25842661.876885,0
JPM.US,D,20141217,000000,46.8497,47.8577,46.663,47.8096,22324199.937313,0
JPM.US,D,20141218,000000,48.5031,49.1741,48.3421,49.1741,22720413.633155,0
JPM.US,D,20141219,000000,49.1123,49.8707,49.0867,49.5357,28450167.297605,0
JPM.US,D,20141222,000000,49.6969,49.8569,49.2773,49.5445,21342788.373084,0
JPM.US,D,20141223,000000,49.6319,50.3669,49.5357,49.9759,16943538.614856,0
JPM.US,D,20141224,000000,50.2087,50.2883,49.8059,49.9759,9275697.1228485,0
JPM.US,D,20141226,000000,50.1271,50.3039,49.9209,50.0329,7609393.261551,0
JPM.US,D,20141229,000000,49.9267,50.6655,49.7931,50.359,13253627.379025,0
JPM.US,D,20141230,000000,50.1684,50.6135,50.0475,50.5113,9399109.9985735,0
JPM.US,D,20141231,000000,50.6311,50.7844,50.0555,50.0555,23164935.521283,0
JPM.US,D,20150102,000000,50.4111,50.6861,49.967,50.3059,15648522.806486,0
JPM.US,D,20150105,000000,49.9581,50.1369,48.4845,48.7429,24968335.507966,0
JPM.US,D,20150106,000000,48.8155,48.904,46.9735,47.4804,36116246.853648,0
JPM.US,D,20150107,000000,48.2143,48.2143,47.2329,47.5512,29618398.02121,0
JPM.US,D,20150108,000000,48.2753,49.0259,48.2753,48.6122,21079929.10615,0
JPM.US,D,20150109,000000,48.8824,48.9355,47.731,47.7673,19124488.601348,0
JPM.US,D,20150112,000000,47.7251,47.8194,46.9087,47.3606,19195894.338921,0
JPM.US,D,20150113,000000,47.7074,48.0591,46.9863,47.3684,26885207.835064,0
JPM.US,D,20150114,000000,45.8122,45.887,44.4918,45.7336,61615249.787832,0
JPM.US,D,20150115,000000,44.8642,45.5726,43.8729,44.2698,52738940.084879,0
JPM.US,D,20150116,000000,44.0016,45.0794,43.9888,45.0272,36481340.13923,0
JPM.US,D,20150120,000000,45.1138,45.3976,44.6146,44.8475,29018358.565134,0
JPM.US,D,20150121,000000,44.6392,45.4192,44.43,44.99,27036851.383208,0
JPM.US,D,20150122,000000,45.3898,46.4754,45.042,46.3604,39034185.848073,0
JPM.US,D,20150123,000000,46.4656,46.5864,45.6128,45.6286,19202052.462885,0
JPM.US,D,20150126,000000,45.4124,45.878,45.2414,45.7012,15618795.862624,0
JPM.US,D,20150127,000000,45.1226,45.5726,44.8878,45.2414,18906464.548358,0
JPM.US,D,20150128,000000,45.5794,45.6286,44.0724,44.0724,28662711.129203,0
JPM.US,D,20150129,000000,44.4918,44.99,44.0174,44.816,25331904.021697,0
JPM.US,D,20150130,000000,44.2698,44.6795,43.7698,43.7776,33468438.801795,0
JPM.US,D,20150202,000000,43.8946,44.8014,43.6882,44.653,25224879.89869,0
JPM.US,D,20150203,000000,45.0272,45.7091,44.9762,45.66,23368580.100349,0
JPM.US,D,20150204,000000,45.3358,45.942,45.3054,45.3898,18550561.626622,0
JPM.US,D,20150205,000000,45.774,45.9194,45.4498,45.7012,14028993.204778,0
JPM.US,D,20150206,000000,46.4882,47.28,46.3202,46.6041,31321175.280194,0
JPM.US,D,20150209,000000,46.2239,46.7702,46.0726,46.5442,17853544.441511,0
JPM.US,D,20150210,000000,47.0285,47.2633,46.7328,47.0639,20331587.774818,0
JPM.US,D,20150211,000000,46.7397,47.2152,46.5638,46.9863,16222963.806435,0
JPM.US,D,20150212,000000,47.4372,48.0689,47.1336,47.953,28833176.143499,0
JPM.US,D,20150213,000000,47.8665,48.4767,47.7673,48.0335,20470577.14162,0
JPM.US,D,20150217,000000,47.783,48.4128,47.7516,48.3813,19016751.968129,0
JPM.US,D,20150218,000000,48.1318,48.1642,47.5915,47.7919,17736470.870918,0
JPM.US,D,20150219,000000,47.618,47.8813,47.3331,47.6799,13983028.153214,0
JPM.US,D,20150220,000000,47.4608,48.2143,46.9735,48.1407,19102437.428198,0
JPM.US,D,20150223,000000,47.898,47.9215,47.3331,47.7752,20885853.539214,0
JPM.US,D,20150224,000000,48.5012,49.3077,48.3627,48.9619,28493370.863168,0
JPM.US,D,20150225,000000,48.9109,49.3255,48.904,49.2183,22742335.536595,0
JPM.US,D,20150226,000000,49.1329,49.6703,49.0347,49.5711,19185740.050547,0
JPM.US,D,20150227,000000,49.2429,49.8491,49.2105,49.3333,18913779.992478,0
JPM.US,D,20150302,000000,49.2979,49.7755,49.1329,49.7233,16207531.853142,0
JPM.US,D,20150303,000000,49.6537,49.9021,49.5063,49.8855,17027766.482607,0
JPM.US,D,20150304,000000,49.6221,50.0475,49.3854,50.0171,20653535.513525,0
JPM.US,D,20150305,000000,50.0171,50.0957,49.5877,49.911,13578883.200855,0
JPM.US,D,20150306,000000,50.0407,50.6075,48.9443,49.0179,28221970.63455,0
JPM.US,D,20150309,000000,48.9787,49.6123,48.9443,49.5063,16150513.732466,0
JPM.US,D,20150310,000000,48.9109,49.1143,48.2674,48.2674,20319757.051704,0
JPM.US,D,20150311,000000,48.4049,48.8254,48.2674,48.4933,16168029.269189,0
JPM.US,D,20150312,000000,48.904,49.4709,48.8254,48.904,22559464.701659,0
JPM.US,D,20150313,000000,49.4188,49.7981,48.6476,49.1063,20504099.729163,0
JPM.US,D,20150316,000000,49.5151,49.8491,49.3077,49.7911,18860279.636499,0
JPM.US,D,20150317,000000,49.3775,49.6369,49.0415,49.5967,14556627.373241,0
JPM.US,D,20150318,000000,49.4188,49.9503,49.1771,49.7097,19500018.125772,0
JPM.US,D,20150319,000000,49.5651,49.6301,48.9109,49.2665,14314896.069798,0
JPM.US,D,20150320,000000,49.3647,49.9915,49.2282,49.7097,22817348.611578,0
JPM.US,D,20150323,000000,49.7017,49.9759,49.2037,49.2183,18773322.854641,0
JPM.US,D,20150324,000000,49.0651,49.2979,48.6643,48.6731,15066310.355882,0
JPM.US,D,20150325,000000,48.7261,48.8155,47.9727,47.9903,18572081.470729,0
JPM.US,D,20150326,000000,47.8665,48.1318,47.394,47.9304,17440054.408802,0
JPM.US,D,20150327,000000,47.8891,48.1239,47.4962,47.9393,14603212.308689,0
JPM.US,D,20150330,000000,49.0179,49.4777,48.793,49.072,25659782.898973,0
JPM.US,D,20150331,000000,48.8824,49.0563,48.6387,48.7665,21548262.067648,0
JPM.US,D,20150401,000000,48.9453,49.0828,48.402,48.5808,22336222.020311,0
JPM.US,D,20150402,000000,48.68,49.1889,48.6201,49.0435,15669107.226474,0
JPM.US,D,20150406,000000,48.5601,49.2321,48.3401,49.0033,14839233.35173,0
JPM.US,D,20150407,000000,49.5543,49.8383,49.3107,49.3107,14197423.493487,0
JPM.US,D,20150408,000000,49.4827,49.8855,49.3805,49.4739,14479763.807454,0
JPM.US,D,20150409,000000,49.6507,49.9021,49.2921,49.8127,14471497.671138,0
JPM.US,D,20150410,000000,49.5947,50.0633,49.5947,49.9975,12179197.606789,0
JPM.US,D,20150413,000000,49.9503,50.4611,49.8383,50.2991,19088551.622062,0
JPM.US,D,20150414,000000,51.0182,51.5477,50.8414,51.087,41679226.306693,0
JPM.US,D,20150415,000000,51.1165,52.2532,51.0624,52.0311,35445723.851786,0
JPM.US,D,20150416,000000,51.8936,52.0842,51.588,51.7138,20534451.646266,0
JPM.US,D,20150417,000000,51.255,51.3768,50.6399,50.9229,24953187.540887,0
JPM.US,D,20150420,000000,51.2393,51.477,51.1656,51.2481,15740197.423811,0
JPM.US,D,20150421,000000,51.3208,51.5389,50.3482,50.4945,18491805.998904,0
JPM.US,D,20150422,000000,50.7677,51.1744,50.2667,51.0035,17874232.684414,0
JPM.US,D,20150423,000000,50.9651,51.2245,50.7284,50.8915,15858527.048118,0
JPM.US,D,20150424,000000,50.751,50.9229,50.5181,50.7284,11843455.670401,0
JPM.US,D,20150427,000000,50.8109,51.1744,50.4945,50.5181,13754783.650187,0
JPM.US,D,20150428,000000,50.6479,50.8719,50.0564,50.8541,15187996.921154,0
JPM.US,D,20150429,000000,50.6969,51.7737,50.6125,51.5389,21720080.851345,0
JPM.US,D,20150430,000000,51.5291,51.7649,50.9877,51.2629,20781741.547225,0
JPM.US,D,20150501,000000,51.6195,51.756,51.3208,51.5477,14364877.643208,0
JPM.US,D,20150504,000000,51.6028,52.5705,51.5733,52.4506,18476112.452577,0
JPM.US,D,20150505,000000,52.2787,52.934,52.1009,52.1854,21832497.658775,0
JPM.US,D,20150506,000000,52.2866,52.7306,51.3945,51.7993,22317850.453464,0
JPM.US,D,20150507,000000,51.5959,52.3475,51.255,52.2698,18557845.516719,0
JPM.US,D,20150508,000000,52.6471,53.2022,52.3475,53.0725,20734598.81807,0
JPM.US,D,20150511,000000,52.8848,53.1934,52.7394,53.0381,17028861.712587,0
JPM.US,D,20150512,000000,52.9252,53.1118,52.4762,52.9644,15748742.456981,0
JPM.US,D,20150513,000000,53.0116,53.1835,52.7238,53.097,14652987.254138,0
JPM.US,D,20150514,000000,53.3466,53.6286,53.2494,53.5224,14629820.493572,0
JPM.US,D,20150515,000000,53.5912,53.6128,53.0283,53.3869,13761729.60687,0
JPM.US,D,20150518,000000,53.324,53.9233,53.324,53.823,12970301.765224,0
JPM.US,D,20150519,000000,54.106,54.447,53.945,54.3006,17625376.278864,0
JPM.US,D,20150520,000000,54.2564,54.3182,53.8084,53.8732,15358517.918396,0
JPM.US,D,20150521,000000,53.5991,54.0334,53.493,54.0108,15961195.697994,0
JPM.US,D,20150522,000000,53.994,54.1572,53.7454,53.8644,11472478.06835,0
JPM.US,D,20150526,000000,53.6452,53.718,52.9252,53.264,19215195.222658,0
JPM.US,D,20150527,000000,53.4448,54.0108,53.3398,53.8644,13529209.024708,0
JPM.US,D,20150528,000000,53.773,53.8084,53.273,53.6452,14558171.484655,0
JPM.US,D,20150529,000000,53.6286,53.661,52.9644,53.3064,17659564.554518,0
JPM.US,D,20150601,000000,53.4763,54.0196,53.4586,53.551,14683821.642442,0
JPM.US,D,20150602,000000,53.378,53.7996,53.1422,53.5008,15775026.958653,0
JPM.US,D,20150603,000000,53.8732,54.4018,53.7032,54.052,15952309.677795,0
JPM.US,D,20150604,000000,53.7366,54.334,53.493,53.7534,17107346.748041,0
JPM.US,D,20150605,000000,54.5766,54.9726,54.3006,54.6356,25668793.099524,0
JPM.US,D,20150608,000000,54.668,54.7407,54.1424,54.2042,17965473.688383,0
JPM.US,D,20150609,000000,54.2132,54.5148,53.8644,54.4372,16367104.622061,0
JPM.US,D,20150610,000000,54.7476,55.51,54.6748,55.3134,21568208.282061,0
JPM.US,D,20150611,000000,55.51,55.6563,55.227,55.5286,16955156.602777,0
JPM.US,D,20150612,000000,55.3557,55.5434,54.999,55.3056,14540230.47755,0
JPM.US,D,20150615,000000,54.7632,55.2752,54.5383,55.0954,17377718.926211,0
JPM.US,D,20150616,000000,54.9204,55.5286,54.7967,55.4078,14429049.366399,0
JPM.US,D,20150617,000000,55.4323,55.6563,55.1386,55.2192,17920066.430525,0
JPM.US,D,20150618,000000,55.3468,55.7654,55.0256,55.7369,20681534.111191,0
JPM.US,D,20150619,000000,55.4775,55.6475,55.0433,55.17,26662418.106636,0
JPM.US,D,20150622,000000,55.8008,56.1505,55.7162,55.8813,17654504.71415,0
JPM.US,D,20150623,000000,56.2006,56.5788,56.069,56.5238,19419492.257501,0
JPM.US,D,20150624,000000,56.3293,56.5386,55.8459,55.9294,20972023.506225,0
JPM.US,D,20150625,000000,56.176,56.3038,55.6131,55.6298,16429871.682265,0
JPM.US,D,20150626,000000,55.8676,56.1505,55.729,55.8744,17879712.905807,0
JPM.US,D,20150629,000000,54.8478,55.3134,54.4224,54.4548,24599273.540511,0
JPM.US,D,20150630,000000,55.0158,55.1946,54.4224,54.9106,25516095.036268,0
JPM.US,D,20150701,000000,55.563,55.7821,55.285,55.5247,17120327.666208,0
JPM.US,D,20150702,000000,55.4225,55.5708,54.8026,55.0728,15720853.789462,0
JPM.US,D,20150706,000000,54.552,55.0266,54.275,54.9204,16584076.195682,0
JPM.US,D,20150707,000000,54.723,54.8291,53.2612,54.4872,27488598.124873,0
JPM.US,D,20150708,000000,53.8339,53.9636,53.1894,53.3662,21708998.263954,0
JPM.US,D,20150709,000000,54.2358,54.4076,53.824,53.9252,18371212.62787,0
JPM.US,D,20150710,000000,54.8291,54.9736,54.5118,54.6886,15148433.264897,0
JPM.US,D,20150713,000000,55.3793,55.5797,55.2034,55.5394,19831258.0155,0
JPM.US,D,20150714,000000,55.4451,56.3627,55.2712,56.3126,24746149.377475,0
JPM.US,D,20150715,000000,56.4678,56.6329,56.1593,56.4354,20708590.159635,0
JPM.US,D,20150716,000000,56.794,57.0553,56.6152,56.737,22111612.337231,0
JPM.US,D,20150717,000000,56.5729,56.6791,56.2114,56.4511,17213749.969293,0
JPM.US,D,20150720,000000,56.6859,56.9089,56.4275,56.4934,14114671.539744,0
JPM.US,D,20150721,000000,56.4099,56.7183,56.176,56.3627,14295019.070663,0
JPM.US,D,20150722,000000,56.5111,57.3333,56.4423,57.1634,18994390.344102,0
JPM.US,D,20150723,000000,57.2518,57.5947,56.6584,56.8009,17570761.353341,0
JPM.US,D,20150724,000000,56.6063,56.737,56.0208,56.2065,15219298.512582,0
JPM.US,D,20150727,000000,55.5866,55.6446,55.113,55.4726,20598612.17287,0
JPM.US,D,20150728,000000,55.9118,55.954,55.2781,55.507,18306971.6894,0
JPM.US,D,20150729,000000,55.7261,56.3627,55.5944,56.2291,16010545.173059,0
JPM.US,D,20150730,000000,56.2202,56.6496,55.9029,56.3126,12501624.763082,0
JPM.US,D,20150731,000000,56.291,56.3126,55.789,55.897,14603845.424905,0
JPM.US,D,20150803,000000,55.9442,56.1505,55.4638,55.897,12236150.583673,0
JPM.US,D,20150804,000000,55.8518,56.2389,55.7192,55.843,13441721.931678,0
JPM.US,D,20150805,000000,56.3224,56.624,55.9196,56.0591,13857213.100206,0
JPM.US,D,20150806,000000,56.0758,56.2291,55.4638,55.6701,13242453.183177,0
JPM.US,D,20150807,000000,55.734,56.068,55.0964,55.507,14041724.744372,0
JPM.US,D,20150810,000000,55.6446,56.291,55.6446,56.1927,15522852.291265,0
JPM.US,D,20150811,000000,55.6524,55.789,55.341,55.6524,18144962.135562,0
JPM.US,D,20150812,000000,54.9804,55.0964,53.8918,54.8468,25929860.912214,0
JPM.US,D,20150813,000000,54.8546,55.3016,54.6248,55.0964,14626895.130222,0
JPM.US,D,20150814,000000,54.9902,55.394,54.9736,55.3793,13791010.722914,0
JPM.US,D,20150817,000000,55.1553,55.6622,54.9736,55.5247,12660270.250854,0
JPM.US,D,20150818,000000,55.4451,55.7565,55.3341,55.6357,13016914.183208,0
JPM.US,D,20150819,000000,55.4107,55.7192,54.95,55.1406,18632965.468234,0
JPM.US,D,20150820,000000,54.495,54.6818,53.7838,53.7838,25712000.736573,0
JPM.US,D,20150821,000000,53.0922,53.376,51.8513,51.8749,34616551.290663,0
JPM.US,D,20150824,000000,48.3577,51.3218,40.8391,49.1447,44540893.280419,0
JPM.US,D,20150825,000000,51.4701,51.648,48.7173,48.8667,38953028.899329,0
JPM.US,D,20150826,000000,50.4091,51.3699,49.3775,51.3129,41165099.296081,0
JPM.US,D,20150827,000000,52.1834,52.7974,51.4927,52.594,35609857.703924,0
JPM.US,D,20150828,000000,52.4408,52.5774,51.8749,52.3082,20458599.844979,0
JPM.US,D,20150831,000000,51.8818,52.486,51.7698,52.2866,17437865.984583,0
JPM.US,D,20150901,000000,51.2638,51.2638,49.7469,50.1213,28979168.467802,0
JPM.US,D,20150902,000000,51.0781,51.3129,50.1949,51.0339,21771033.474384,0
JPM.US,D,20150903,000000,51.1813,51.925,50.9387,51.1253,20922024.628997,0
JPM.US,D,20150904,000000,50.4091,50.5054,49.5515,50.1635,24751557.329974,0
JPM.US,D,20150908,000000,51.2009,51.5507,50.8394,51.5143,16409986.540157,0
JPM.US,D,20150909,000000,52.1529,52.4772,50.5722,50.7176,17028380.25926,0
JPM.US,D,20150910,000000,50.4553,51.3876,50.1213,51.1086,19307892.80107,0
JPM.US,D,20150911,000000,50.8797,51.1086,50.5643,51.0261,15651828.853864,0
JPM.US,D,20150914,000000,51.0949,51.1341,50.6714,50.8797,12508490.307897,0
JPM.US,D,20150915,000000,51.1911,52.1146,50.9868,51.8602,17192790.972509,0
JPM.US,D,20150916,000000,52.1146,52.4408,51.5595,52.316,15001193.029854,0
JPM.US,D,20150917,000000,52.316,52.7247,50.8895,51.1027,26051472.154978,0
JPM.US,D,20150918,000000,50.4317,50.4317,49.5751,49.7057,38015753.271167,0
JPM.US,D,20150921,000000,50.1811,50.4965,49.8197,50.1213,16105084.081432,0
JPM.US,D,20150922,000000,49.4267,49.8197,49.2793,49.6821,18159241.858056,0
JPM.US,D,20150923,000000,49.5917,49.8767,49.2017,49.4639,14359194.865341,0
JPM.US,D,20150924,000000,48.9473,49.2489,48.4983,49.1211,21198610.914076,0
JPM.US,D,20150925,000000,49.9759,50.4553,49.6497,50.1399,22538993.265433,0
JPM.US,D,20150928,000000,49.6909,49.7637,48.6899,48.9217,21396056.654308,0
JPM.US,D,20150929,000000,48.9217,49.0455,47.9039,48.8087,23704557.165106,0
JPM.US,D,20150930,000000,49.5091,49.7547,49.0307,49.7293,22979869.137026,0
JPM.US,D,20151001,000000,49.8559,50.4651,49.3775,50.0977,20674252.256838,0
JPM.US,D,20151002,000000,48.9561,49.9975,48.0837,49.9571,24873798.635338,0
JPM.US,D,20151005,000000,50.3138,51.1331,50.2951,50.9534,16396820.369334,0
JPM.US,D,20151006,000000,51.0241,51.2324,50.6233,50.9789,14770667.476282,0
JPM.US,D,20151007,000000,51.3886,51.7816,50.7373,51.0418,15603311.997873,0
JPM.US,D,20151008,000000,50.8139,51.1401,50.4681,51.0418,16997807.46399,0
JPM.US,D,20151009,000000,51.256,51.3797,50.583,50.8767,14741086.088076,0
JPM.US,D,20151012,000000,50.806,50.9445,50.4415,50.7039,13206843.95859,0
JPM.US,D,20151013,000000,50.4327,51.0693,50.3679,50.5683,19015094.872954,0
JPM.US,D,20151014,000000,49.9169,50.0898,48.9139,49.2813,35286288.495551,0
JPM.US,D,20151015,000000,49.6791,50.9043,49.3755,50.8453,22089784.07799,0
JPM.US,D,20151016,000000,51.2245,51.4721,51.0074,51.2874,21248321.733605,0
JPM.US,D,20151019,000000,50.9357,51.5703,50.8591,51.1165,17662206.949527,0
JPM.US,D,20151020,000000,51.2324,51.5998,51.0005,51.3631,14052909.118936,0
JPM.US,D,20151021,000000,51.6578,51.7226,50.9789,50.9858,14817409.163976,0
JPM.US,D,20151022,000000,51.2805,52.2335,51.2805,51.9132,18618042.450807,0
JPM.US,D,20151023,000000,52.2767,52.7276,52.1657,52.4703,20674649.226813,0
JPM.US,D,20151026,000000,52.4506,52.5714,52.096,52.4948,16895193.779187,0
JPM.US,D,20151027,000000,52.1912,52.4624,52.0124,52.2856,10750203.414141,0
JPM.US,D,20151028,000000,52.3318,54.0088,52.3249,53.8113,21863623.158395,0
JPM.US,D,20151029,000000,53.6138,54.0844,53.3014,53.5736,15523877.288097,0
JPM.US,D,20151030,000000,53.6462,53.6796,52.6854,52.7856,19148502.231191,0
JPM.US,D,20151102,000000,52.9497,54.0176,52.9016,53.8456,18566556.462981,0
JPM.US,D,20151103,000000,53.6394,54.3026,53.5402,54.0412,14021682.850016,0
JPM.US,D,20151104,000000,54.2318,54.3438,53.9194,54.0962,13862008.293925,0
JPM.US,D,20151105,000000,54.05,54.7731,54.0176,54.5816,15477870.503791,0
JPM.US,D,20151106,000000,56.1701,56.7095,55.9452,56.2428,28315720.692331,0
JPM.US,D,20151109,000000,56.4403,56.456,55.1072,55.3655,20867735.422428,0
JPM.US,D,20151110,000000,55.1995,55.7418,54.9834,55.6003,16115567.142374,0
JPM.US,D,20151111,000000,55.9452,56.0061,55.2496,55.3302,10363249.297422,0
JPM.US,D,20151112,000000,54.9294,54.9608,54.1798,54.222,16525884.468901,0
JPM.US,D,20151113,000000,54.0904,54.3634,53.5912,53.8614,14408057.79772,0
JPM.US,D,20151116,000000,53.776,54.6974,53.5402,54.6424,13439397.112648,0
JPM.US,D,20151117,000000,54.7731,54.8301,54.1336,54.329,15038452.224516,0
JPM.US,D,20151118,000000,54.6169,55.4962,54.5266,55.4146,15715956.808571,0
JPM.US,D,20151119,000000,55.5227,55.7192,55.0767,55.5846,15628316.01691,0
JPM.US,D,20151120,000000,55.8607,55.955,55.3468,55.4883,13644498.266159,0
JPM.US,D,20151123,000000,55.2978,55.5227,54.8616,54.946,13801883.62873,0
JPM.US,D,20151124,000000,54.3634,55.1582,54.2574,54.8616,13279820.272243,0
JPM.US,D,20151125,000000,54.9834,55.1435,54.6738,54.9294,9460200.6240395,0
JPM.US,D,20151127,000000,55.0472,55.3124,54.7476,55.1838,4933131.6233685,0
JPM.US,D,20151130,000000,55.2732,55.4696,54.78,54.78,18437774.313882,0
JPM.US,D,20151201,000000,55.3213,55.7251,55.0384,55.5453,15469357.024645,0
JPM.US,D,20151202,000000,55.7251,55.7644,54.6169,54.7632,16360174.951326,0
JPM.US,D,20151203,000000,54.9048,55.0688,53.8781,54.0588,17802236.581237,0
JPM.US,D,20151204,000000,54.3026,55.8666,54.2504,55.7722,21649394.749084,0
JPM.US,D,20151207,000000,55.5846,55.6612,54.551,55.0472,14224381.826245,0
JPM.US,D,20151208,000000,54.4254,55.0098,53.9764,54.1866,15926637.934903,0
JPM.US,D,20151209,000000,53.8998,54.7072,53.435,53.776,20412825.135427,0
JPM.US,D,20151210,000000,53.8456,54.6336,53.4654,53.8998,15627708.347488,0
JPM.US,D,20151211,000000,53.2366,53.5313,52.1746,52.6353,21775009.281361,0
JPM.US,D,20151214,000000,52.7689,53.2042,52.2512,52.7994,21463231.099102,0
JPM.US,D,20151215,000000,53.4566,54.7564,53.4566,54.3026,22063857.867166,0
JPM.US,D,20151216,000000,54.9686,55.6514,54.1492,55.4795,26437918.353703,0
JPM.US,D,20151217,000000,55.7821,55.8666,54.2936,54.4498,22058378.663645,0
JPM.US,D,20151218,000000,54.1964,54.1964,52.9094,52.9094,28993582.549364,0
JPM.US,D,20151221,000000,53.4174,53.8614,53.2602,53.8456,22967877.590179,0
JPM.US,D,20151222,000000,54.1572,54.222,53.385,53.9606,14786844.51168,0
JPM.US,D,20151223,000000,54.3192,54.9204,54.2642,54.8212,15244893.915094,0
JPM.US,D,20151224,000000,54.7338,54.9529,54.4862,54.7162,5438811.3164968,0
JPM.US,D,20151228,000000,54.4588,54.5904,53.9842,54.5364,8046338.112524,0
JPM.US,D,20151229,000000,54.9126,55.2889,54.8301,55.0983,11953859.12755,0
JPM.US,D,20151230,000000,55.0767,55.0836,54.5904,54.7072,8751595.9871583,0
JPM.US,D,20151231,000000,54.3802,54.8616,54.222,54.2504,17835364.234548,0
JPM.US,D,20160104,000000,52.8918,52.9821,52.1156,52.6186,30655940.121966,0
JPM.US,D,20160105,000000,52.6844,53.0391,52.1392,52.708,19989167.582012,0
JPM.US,D,20160106,000000,51.8729,52.207,51.5605,51.9486,27761795.914965,0
JPM.US,D,20160107,000000,50.8315,51.2785,49.6899,49.8491,33374125.860946,0
JPM.US,D,20160108,000000,50.5594,50.6763,48.6731,48.7281,27026221.748736,0
JPM.US,D,20160111,000000,48.6574,48.9797,48.0021,48.6574,25299896.027288,0
JPM.US,D,20160112,000000,49.1673,49.2607,48.0522,48.7625,27735685.469357,0
JPM.US,D,20160113,000000,49.1751,49.3559,47.0698,47.4225,34767761.225452,0
JPM.US,D,20160114,000000,48.1023,49.1103,47.3832,48.1357,37826469.844334,0
JPM.US,D,20160115,000000,46.6876,47.615,46.495,47.1749,45562065.968021,0
JPM.US,D,20160119,000000,47.7447,47.9441,46.7367,47.1484,27590431.102059,0
JPM.US,D,20160120,000000,46.0088,46.4636,45.2052,45.9114,41875259.240965,0
JPM.US,D,20160121,000000,46.1001,46.7456,45.5372,45.6944,37779335.258152,0
JPM.US,D,20160122,000000,46.6788,47.2761,46.5658,47.1022,27477025.941179,0
JPM.US,D,20160125,000000,46.7132,47.0167,45.9842,46.0333,25516219.216618,0
JPM.US,D,20160126,000000,46.1924,47.2663,46.158,47.2093,21193294.570032,0
JPM.US,D,20160127,000000,47.2093,48.1917,46.777,47.1749,24837807.708851,0
JPM.US,D,20160128,000000,47.5718,47.9441,46.836,47.3763,18727560.359551,0
JPM.US,D,20160129,000000,47.8292,49.2429,47.5639,49.2095,32600803.921627,0
JPM.US,D,20160201,000000,48.9266,49.3363,48.3351,48.6829,20278709.338466,0
JPM.US,D,20160202,000000,47.8715,47.951,46.9372,47.1651,27132643.29168,0
JPM.US,D,20160203,000000,47.447,47.7997,45.5018,47.4814,38129701.97555,0
JPM.US,D,20160204,000000,47.1916,48.399,47.1916,48.3017,26178291.847381,0
JPM.US,D,20160205,000000,48.4501,48.9109,47.4903,47.7604,26600489.772737,0
JPM.US,D,20160208,000000,46.8851,47.0767,45.9312,46.7603,34178336.135772,0
JPM.US,D,20160209,000000,45.7288,46.8851,45.5952,46.4803,31795348.789676,0
JPM.US,D,20160210,000000,46.7868,47.4814,45.8771,45.9194,27039960.981342,0
JPM.US,D,20160211,000000,44.5793,44.5862,43.418,43.8906,53517908.158683,0
JPM.US,D,20160212,000000,46.0254,47.615,45.6296,47.5473,44728295.680296,0
JPM.US,D,20160216,000000,48.1603,48.4649,47.671,48.2585,28664785.551787,0
JPM.US,D,20160217,000000,48.6731,49.0033,48.2969,48.6043,26067652.243991,0
JPM.US,D,20160218,000000,48.6643,48.6829,47.3488,47.8135,20587745.374285,0
JPM.US,D,20160219,000000,47.5561,48.1082,47.2044,47.8223,18931998.878566,0
JPM.US,D,20160222,000000,48.3921,48.6997,48.3185,48.4433,17992970.475285,0
JPM.US,D,20160223,000000,47.8862,48.0443,46.2828,46.4155,38342252.93225,0
JPM.US,D,20160224,000000,45.654,46.4882,44.931,46.4312,30873807.422709,0
JPM.US,D,20160225,000000,46.4214,47.1651,46.3477,47.1484,17496360.019267,0
JPM.US,D,20160226,000000,47.671,48.0601,47.2594,47.5875,25316139.224349,0
JPM.US,D,20160229,000000,47.4814,47.6435,46.556,46.5658,23617041.571668,0
JPM.US,D,20160301,000000,46.945,48.9629,46.8684,48.9629,28955955.903009,0
JPM.US,D,20160302,000000,48.9629,49.5407,48.7625,49.4237,25305641.913202,0
JPM.US,D,20160303,000000,49.2743,49.5897,48.8833,49.5897,19071139.908257,0
JPM.US,D,20160304,000000,49.7057,50.079,49.2371,49.6645,22293806.287468,0
JPM.US,D,20160307,000000,49.2429,49.6645,49.0593,49.5721,15512573.82254,0
JPM.US,D,20160308,000000,48.9708,49.2095,48.5327,48.6122,17074693.422955,0
JPM.US,D,20160309,000000,48.9187,49.2429,48.5327,48.8961,15989010.060877,0
JPM.US,D,20160310,000000,49.2813,49.3511,47.8135,48.4717,25557937.707327,0
JPM.US,D,20160311,000000,49.1201,49.2183,48.5061,49.0759,25455252.771503,0
JPM.US,D,20160314,000000,48.9187,49.0513,48.4649,48.8961,16245454.700171,0
JPM.US,D,20160315,000000,48.4157,48.9708,48.3273,48.9629,13191533.132034,0
JPM.US,D,20160316,000000,48.7831,49.4149,48.3558,48.7281,21067372.640494,0
JPM.US,D,20160317,000000,48.6043,48.904,47.9599,48.5887,23459343.722475,0
JPM.US,D,20160318,000000,49.6645,50.4258,49.3451,50.0221,35752430.997087,0
JPM.US,D,20160321,000000,49.8039,50.3011,49.5927,50.0033,15336163.41947,0
JPM.US,D,20160322,000000,49.6153,50.1025,49.3087,49.8216,14560413.856076,0
JPM.US,D,20160323,000000,49.9041,50.0465,49.5063,49.5721,14096451.635784,0
JPM.US,D,20160324,000000,49.0455,49.2183,48.6918,49.1939,15621534.955448,0
JPM.US,D,20160328,000000,49.2361,49.4149,48.9443,49.1289,13492535.10629,0
JPM.US,D,20160329,000000,49.0691,49.0691,48.4079,48.8215,19258382.502272,0
JPM.US,D,20160330,000000,49.1751,49.8107,49.1103,49.3815,16089663.324729,0
JPM.US,D,20160331,000000,49.1673,49.5661,48.8893,48.9797,18020810.284961,0
JPM.US,D,20160401,000000,48.8117,49.6733,48.4334,49.5151,18641277.408778,0
JPM.US,D,20160404,000000,49.5239,49.6301,49.1261,49.3265,14750052.520142,0
JPM.US,D,20160405,000000,48.8155,49.0179,48.4983,48.6221,15463313.920187,0
JPM.US,D,20160406,000000,48.4727,49.0563,48.2811,48.9993,14597881.714441,0
JPM.US,D,20160407,000000,48.5425,48.6859,47.5463,47.7565,23073805.465334,0
JPM.US,D,20160408,000000,48.0807,48.8077,48.0669,48.1073,16250125.713538,0
JPM.US,D,20160411,000000,48.2487,49.0563,48.2487,48.4914,21144525.281853,0
JPM.US,D,20160412,000000,48.6053,49.4847,48.4914,49.3893,21294588.075202,0
JPM.US,D,20160413,000000,50.3915,51.7904,50.3089,51.4849,45014658.623338,0
JPM.US,D,20160414,000000,51.3984,52.4143,51.3287,52.148,29101020.946165,0
JPM.US,D,20160415,000000,52.3897,52.4094,51.2009,51.5497,23143582.60814,0
JPM.US,D,20160418,000000,51.3581,52.1421,51.2658,51.8808,16569882.992284,0
JPM.US,D,20160419,000000,52.1176,52.8878,52.1176,52.7572,23107773.880694,0
JPM.US,D,20160420,000000,52.8918,53.5824,52.6137,53.5214,17511718.685795,0
JPM.US,D,20160421,000000,53.5402,53.8742,52.7738,52.9929,18451591.922611,0
JPM.US,D,20160422,000000,53.0224,53.6394,53.0224,53.2975,14919986.205396,0
JPM.US,D,20160425,000000,52.9929,53.2798,52.6137,52.9929,12826839.870042,0
JPM.US,D,20160426,000000,53.1648,53.382,52.766,53.264,14442853.742795,0
JPM.US,D,20160427,000000,53.209,53.8604,52.9929,53.4154,18332859.221099,0
JPM.US,D,20160428,000000,53.0224,53.6668,52.7836,52.9929,15425698.470419,0
JPM.US,D,20160429,000000,52.5666,52.9998,52.2404,52.655,19654275.568519,0
JPM.US,D,20160502,000000,53.0666,53.326,52.6098,53.1462,12285840.027897,0
JPM.US,D,20160503,000000,52.4094,52.4182,51.4917,52.1254,22929938.457203,0
JPM.US,D,20160504,000000,51.4485,51.8739,51.0487,51.2982,20426682.441154,0
JPM.US,D,20160505,000000,51.3237,51.6539,50.8719,51.0221,16843622.290137,0
JPM.US,D,20160506,000000,50.5741,51.3915,50.4828,51.3237,13268685.773393,0
JPM.US,D,20160509,000000,51.1322,51.5684,50.862,50.9985,13433478.188541,0
JPM.US,D,20160510,000000,51.2825,51.8739,51.1155,51.6902,14277410.907613,0
JPM.US,D,20160511,000000,51.6313,52.1559,51.4977,51.4977,13499778.281519,0
JPM.US,D,20160512,000000,51.8808,52.1254,51.1322,51.4672,13197814.418477,0
JPM.US,D,20160513,000000,51.4073,51.9908,50.8404,50.9907,18148165.377895,0
JPM.US,D,20160516,000000,50.9985,51.646,50.8267,51.3739,13136205.696301,0
JPM.US,D,20160517,000000,51.1813,51.7904,50.9504,51.3739,14617012.613599,0
JPM.US,D,20160518,000000,51.4073,53.4645,51.3984,53.3554,28855492.981171,0
JPM.US,D,20160519,000000,52.932,53.5078,52.4094,52.8151,19286263.026817,0
JPM.US,D,20160520,000000,53.209,53.4822,52.7974,52.9163,14110177.636058,0
JPM.US,D,20160523,000000,52.8652,53.2179,52.6245,52.874,11199957.162959,0
JPM.US,D,20160524,000000,53.273,53.9656,53.1648,53.77,16583340.274421,0
JPM.US,D,20160525,000000,54.105,55.1562,54.0904,54.5884,22726367.164902,0
JPM.US,D,20160526,000000,54.6326,54.6414,54.0844,54.1798,11309060.79791,0
JPM.US,D,20160527,000000,54.332,54.5402,54.1984,54.5158,12140974.487599,0
JPM.US,D,20160531,000000,54.7642,54.8409,54.1238,54.384,18170076.084746,0
JPM.US,D,20160601,000000,53.9576,54.9234,53.5402,54.7338,16773543.857298,0
JPM.US,D,20160602,000000,54.5884,54.832,54.2878,54.832,12752683.843054,0
JPM.US,D,20160603,000000,53.5313,54.0392,52.9497,53.8604,24317800.453258,0
JPM.US,D,20160606,000000,53.8604,54.7898,53.823,54.3929,15823770.80004,0
JPM.US,D,20160607,000000,54.5334,54.7741,54.1886,54.2062,11888258.31245,0
JPM.US,D,20160608,000000,54.0962,54.557,54.0904,54.3674,11286035.521514,0
JPM.US,D,20160609,000000,53.9822,54.0746,53.55,53.9478,12967363.169541,0
JPM.US,D,20160610,000000,53.264,53.382,52.9733,53.1904,19994407.585676,0
JPM.US,D,20160613,000000,52.8918,53.607,52.706,52.7149,17232270.145412,0
JPM.US,D,20160614,000000,52.2246,52.8829,51.3915,51.7226,23396172.567195,0
JPM.US,D,20160615,000000,51.9987,52.3347,51.5821,51.6313,20373444.696082,0
JPM.US,D,20160616,000000,51.2009,51.9063,50.7402,51.8395,20138105.6271,0
JPM.US,D,20160617,000000,51.9063,52.2502,51.5988,51.8887,18897887.961164,0
JPM.US,D,20160620,000000,52.8652,53.2002,51.9407,51.9682,14656975.275574,0
JPM.US,D,20160621,000000,52.2659,52.488,51.7737,52.4516,13925582.526411,0
JPM.US,D,20160622,000000,52.4516,53.0843,52.2246,52.2502,15156344.163979,0
JPM.US,D,20160623,000000,53.0754,53.4468,52.932,53.3643,19892782.254323,0
JPM.US,D,20160624,000000,50.3915,51.4073,49.4405,49.6585,52883695.69503,0
JPM.US,D,20160627,000000,48.9139,48.9492,47.5345,47.9992,45492645.08032,0
JPM.US,D,20160628,000000,49.3167,49.6163,48.5425,49.5907,34897635.550916,0
JPM.US,D,20160629,000000,50.2922,50.9985,49.9905,50.9907,25754452.094927,0
JPM.US,D,20160630,000000,51.3493,51.8179,50.8404,51.7737,25621137.363017,0
JPM.US,D,20160701,000000,51.6568,52.0684,51.3542,51.4367,16928724.509703,0
JPM.US,D,20160705,000000,50.7559,50.8836,49.6251,50.0013,27789405.68563,0
JPM.US,D,20160706,000000,49.5485,50.6233,49.3402,50.5388,24328658.090997,0
JPM.US,D,20160707,000000,50.8178,51.3375,50.5152,50.8639,16399008.793552,0
JPM.US,D,20160708,000000,51.4957,52.2011,51.4957,51.9162,20235837.599087,0
JPM.US,D,20160711,000000,52.4152,52.8564,52.1746,52.2875,15467705.018828,0
JPM.US,D,20160712,000000,52.9242,53.3672,52.8053,53.0686,19752672.210746,0
JPM.US,D,20160713,000000,52.9654,53.2592,52.598,53.0322,21956684.117015,0
JPM.US,D,20160714,000000,54.3614,54.5618,53.7788,53.8398,34509031.464124,0
JPM.US,D,20160715,000000,54.3704,54.4106,53.4114,53.8908,20956629.214187,0
JPM.US,D,20160718,000000,53.8496,54.0756,53.6541,53.7062,12887015.428823,0
JPM.US,D,20160719,000000,53.4114,53.8221,53.2828,53.6217,11585802.817364,0
JPM.US,D,20160720,000000,53.831,53.9302,53.496,53.6796,12391081.857505,0
JPM.US,D,20160721,000000,53.7406,53.8908,53.4292,53.4802,11852961.574484,0
JPM.US,D,20160722,000000,53.6541,53.8122,53.4026,53.77,9760799.5210916,0
JPM.US,D,20160725,000000,53.721,53.881,53.4654,53.6286,9539788.0145756,0
JPM.US,D,20160726,000000,53.721,53.9576,53.496,53.8496,9601764.1884464,0
JPM.US,D,20160727,000000,53.8054,54.3134,53.7887,54.0166,14050891.697168,0
JPM.US,D,20160728,000000,53.7406,53.8958,53.5038,53.8221,11918427.012643,0
JPM.US,D,20160729,000000,53.5716,53.9822,53.5274,53.713,15725398.586734,0
JPM.US,D,20160801,000000,53.8644,54,53.4114,53.5716,13602762.47163,0
JPM.US,D,20160802,000000,53.3938,53.7484,53.2198,53.4448,16130280.478226,0
JPM.US,D,20160803,000000,53.4802,54.2986,53.4448,54.2898,15602363.341421,0
JPM.US,D,20160804,000000,54.1512,54.4224,53.9656,54.2092,11758007.374446,0
JPM.US,D,20160805,000000,54.6946,55.729,54.6386,55.671,24686119.374351,0
JPM.US,D,20160808,000000,55.4766,55.8263,55.284,55.503,13512986.185082,0
JPM.US,D,20160809,000000,55.5699,55.6534,55.1562,55.3076,11954839.338026,0
JPM.US,D,20160810,000000,55.3498,55.4766,54.7132,54.8124,13710457.372107,0
JPM.US,D,20160811,000000,54.8036,55.1562,54.5943,54.9628,11416112.403453,0
JPM.US,D,20160812,000000,54.554,54.8724,54.4598,54.8488,9134462.3310104,0
JPM.US,D,20160815,000000,55.0502,55.2742,54.9628,55.1838,9956678.7567324,0
JPM.US,D,20160816,000000,54.8802,55.3881,54.779,55.175,12057365.485859,0
JPM.US,D,20160817,000000,55.2506,55.4038,55.0334,55.3242,14132858.871808,0
JPM.US,D,20160818,000000,55.0973,55.4107,55.0246,55.3793,11091988.454987,0
JPM.US,D,20160819,000000,55.1838,55.341,54.7632,55.3007,10803116.458131,0
JPM.US,D,20160822,000000,55.2084,55.3164,54.9224,55.2506,10784775.427436,0
JPM.US,D,20160823,000000,55.4766,55.7064,55.2172,55.226,10650346.125982,0
JPM.US,D,20160824,000000,55.4107,55.6092,55.226,55.3793,12098404.038253,0
JPM.US,D,20160825,000000,55.341,55.5364,55.2408,55.4766,11861865.916374,0
JPM.US,D,20160826,000000,55.6966,56.1584,55.287,55.6003,16654488.490447,0
JPM.US,D,20160829,000000,55.8312,56.3411,55.8037,56.2124,17340741.682018,0
JPM.US,D,20160830,000000,56.2212,56.7577,56.2124,56.6771,16423312.51684,0
JPM.US,D,20160831,000000,56.6447,56.905,56.1367,56.6771,17784966.351602,0
JPM.US,D,20160901,000000,56.795,56.8618,55.9648,56.4344,14557394.848525,0
JPM.US,D,20160902,000000,56.5936,56.74,56.2399,56.6722,16272846.646287,0
JPM.US,D,20160906,000000,56.6771,56.7174,56.0139,56.627,19788074.807373,0
JPM.US,D,20160907,000000,56.3922,56.7537,56.2212,56.3922,11960844.781231,0
JPM.US,D,20160908,000000,56.4423,56.8303,56.2586,56.4678,14534436.751665,0
JPM.US,D,20160909,000000,56.2841,56.6181,55.955,55.9648,23353162.397261,0
JPM.US,D,20160912,000000,55.5364,56.5111,55.2172,56.3077,19574187.385092,0
JPM.US,D,20160913,000000,55.5109,56.1407,55.2673,55.8656,22411476.330894,0
JPM.US,D,20160914,000000,55.6446,56.4629,55.5924,55.7516,15044696.867576,0
JPM.US,D,20160915,000000,55.6622,56.2006,55.4942,55.955,15020960.098842,0
JPM.US,D,20160916,000000,55.4942,55.6357,54.949,55.2673,29963959.366173,0
JPM.US,D,20160919,000000,55.5453,55.955,55.2908,55.5777,16027703.436806,0
JPM.US,D,20160920,000000,56.0464,56.1318,55.618,55.8037,12013516.589621,0
JPM.US,D,20160921,000000,56.123,56.3666,55.6789,56.123,16803079.441275,0
JPM.US,D,20160922,000000,56.2497,56.6103,56.123,56.5847,15206061.090739,0
JPM.US,D,20160923,000000,56.5847,57.0151,56.4059,56.4678,16633982.446583,0
JPM.US,D,20160926,000000,55.9196,56.0906,55.0334,55.2338,19540737.066443,0
JPM.US,D,20160927,000000,54.9224,55.7556,54.671,55.7212,16329179.739288,0
JPM.US,D,20160928,000000,55.9029,56.064,55.4136,56.0139,13392947.55414,0
JPM.US,D,20160929,000000,56.007,56.4344,54.8724,55.1238,22234098.949682,0
JPM.US,D,20160930,000000,55.4854,56.3077,55.4854,55.9118,25808267.991142,0
JPM.US,D,20161003,000000,55.7153,56.1927,55.6357,55.8499,17691193.900642,0
JPM.US,D,20161004,000000,56.0002,56.8185,55.9029,56.3293,20313799.448472,0
JPM.US,D,20161005,000000,56.5729,57.5721,56.4983,57.2508,19214990.630439,0
JPM.US,D,20161006,000000,57.2852,57.4866,56.7075,57.4021,20670244.895839,0
JPM.US,D,20161007,000000,57.3353,57.6654,57.0072,57.6055,21777163.09794,0
JPM.US,D,20161010,000000,57.8029,58.4091,57.7077,58.0535,15390315.213356,0
JPM.US,D,20161011,000000,57.9365,58.2057,57.4552,57.7745,18350305.542544,0
JPM.US,D,20161012,000000,57.7313,58.0083,57.5544,57.6222,13909054.325266,0
JPM.US,D,20161013,000000,57.0553,57.4021,56.516,57.2931,21098530.712008,0
JPM.US,D,20161014,000000,58.1871,58.3835,56.9217,57.1054,28481299.922327,0
JPM.US,D,20161017,000000,57.0209,57.3353,56.4423,56.8097,17684783.344489,0
JPM.US,D,20161018,000000,57.3854,57.689,57.1241,57.2597,13986332.164848,0
JPM.US,D,20161019,000000,57.3501,57.9365,57.3501,57.8118,14909629.360548,0
JPM.US,D,20161020,000000,57.5809,58.0889,57.4621,57.7313,16678620.193412,0
JPM.US,D,20161021,000000,57.3501,57.9621,57.2597,57.9297,14130702.001613,0
JPM.US,D,20161024,000000,58.3315,58.3993,57.9337,58.2489,12003346.015299,0
JPM.US,D,20161025,000000,58.2579,58.2991,57.8344,58.1871,11675356.190004,0
JPM.US,D,20161026,000000,57.8275,58.5693,57.8275,58.4691,11577451.179823,0
JPM.US,D,20161027,000000,58.7755,59.0094,58.4435,58.5525,16801990.318525,0
JPM.US,D,20161028,000000,58.8051,58.8217,57.9071,58.4503,15088955.966122,0
JPM.US,D,20161031,000000,58.7215,58.8483,58.5525,58.5781,16950429.606464,0
JPM.US,D,20161101,000000,58.7657,59.0183,57.7931,58.3315,18402710.668542,0
JPM.US,D,20161102,000000,58.0623,58.2333,57.5191,58.0889,14719987.642866,0
JPM.US,D,20161103,000000,58.2421,58.5172,57.6979,57.8344,12260426.824425,0
JPM.US,D,20161104,000000,57.9297,57.9877,57.2057,57.3098,16046064.824935,0
JPM.US,D,20161107,000000,58.4278,59.1774,58.3571,59.1037,19502141.4062,0
JPM.US,D,20161108,000000,58.9505,59.6647,58.5615,59.2305,20714346.224266,0
JPM.US,D,20161109,000000,60.4389,62.7152,60.32,61.9538,60195284.117426,0
JPM.US,D,20161110,000000,62.7742,65.3353,62.7742,64.8294,66405604.543693,0
JPM.US,D,20161111,000000,64.5307,64.8903,64.0837,64.8648,32587054.510304,0
JPM.US,D,20161114,000000,65.3353,68.0331,65.3353,67.2501,54086946.295491,0
JPM.US,D,20161115,000000,66.2863,67.1627,65.7843,67.1205,33254813.99042,0
JPM.US,D,20161116,000000,66.1577,66.2687,65.021,65.4631,30577601.660043,0
JPM.US,D,20161117,000000,65.9111,66.3541,65.633,65.9867,22799613.214562,0
JPM.US,D,20161118,000000,65.9356,66.3237,65.5888,65.7254,23095093.234686,0
JPM.US,D,20161121,000000,65.969,66.1144,65.3717,66.0142,14154050.961218,0
JPM.US,D,20161122,000000,66.2589,66.4406,65.7686,66.419,17033002.414784,0
JPM.US,D,20161123,000000,66.7039,67.0183,65.8777,66.6961,15844916.06735,0
JPM.US,D,20161125,000000,66.9023,67.1951,66.3679,66.6725,7313699.4883638,0
JPM.US,D,20161128,000000,66.1243,66.7039,65.9867,66.2402,15342061.986143,0
JPM.US,D,20161129,000000,66.3001,66.9515,66.3001,66.7491,16723070.651843,0
JPM.US,D,20161130,000000,67.5949,68.1097,67.4083,67.8071,29892139.354805,0
JPM.US,D,20161201,000000,68.2109,69.5893,68.2109,69.1767,28163474.564123,0
JPM.US,D,20161202,000000,69.1845,69.2091,68.4241,69.0165,19979988.414755,0
JPM.US,D,20161205,000000,69.607,70.445,69.5982,70.4205,21898220.618483,0
JPM.US,D,20161206,000000,70.7044,70.8842,69.7161,70.782,19069211.041329,0
JPM.US,D,20161207,000000,70.6661,71.121,70.0697,71.1042,22441279.615137,0
JPM.US,D,20161208,000000,71.2388,72.3126,70.9952,71.9924,24637151.601184,0
JPM.US,D,20161209,000000,71.906,72.3126,71.1642,72.3068,17126172.285679,0
JPM.US,D,20161212,000000,72.1938,72.5582,71.29,71.6642,17145811.10283,0
JPM.US,D,20161213,000000,71.8735,72.458,70.894,71.6878,19367242.865878,0
JPM.US,D,20161214,000000,70.9431,72.8363,70.8429,71.6642,26745037.737054,0
JPM.US,D,20161215,000000,72.2272,73.1516,71.8076,72.736,22957092.221332,0
JPM.US,D,20161216,000000,72.9817,72.9817,71.7988,71.8382,27162857.796101,0
JPM.US,D,20161219,000000,71.7182,72.2654,71.2054,72.2566,25631492.172122,0
JPM.US,D,20161220,000000,72.5582,73.1929,72.35,73.184,17234685.555026,0
JPM.US,D,20161221,000000,73.1006,73.4228,72.7626,73.3678,13600867.19447,0
JPM.US,D,20161222,000000,73.1084,73.7264,72.9149,73.4886,16461401.276961,0
JPM.US,D,20161223,000000,73.5849,73.7106,73.076,73.6242,12713448.959366,0
JPM.US,D,20161227,000000,73.6242,73.7176,73.3678,73.694,8241914.0223893,0
JPM.US,D,20161228,000000,73.7176,73.9111,73.0298,73.1605,11012380.707016,0
JPM.US,D,20161229,000000,73.2263,73.3049,71.9256,72.6438,17364828.598627,0
JPM.US,D,20161230,000000,72.8206,73.0927,72.4502,72.9817,16099078.638227,0
JPM.US,D,20170103,000000,73.8698,74.2245,72.7204,73.7745,24284653.460384,0
JPM.US,D,20170104,000000,73.9553,74.142,73.4788,73.9121,17936496.915985,0
JPM.US,D,20170105,000000,73.8286,74.083,72.5082,73.2302,16810118.024285,0
JPM.US,D,20170106,000000,73.47,73.6645,73.0898,73.24,15109083.361703,0
JPM.US,D,20170109,000000,72.91,73.7932,72.7312,73.2941,15044030.161593,0
JPM.US,D,20170110,000000,73.1978,73.9032,72.9002,73.5034,16443056.174778,0
JPM.US,D,20170111,000000,73.5034,74.0584,73.0632,74.0584,17280209.868132,0
JPM.US,D,20170112,000000,73.7834,74.2176,73.1566,73.3403,25048689.355915,0
JPM.US,D,20170113,000000,74.083,74.9839,73.2224,73.7332,33220428.247651,0
JPM.US,D,20170117,000000,72.2272,72.4728,70.8252,71.0551,35287800.03507,0
JPM.US,D,20170118,000000,71.1239,71.6348,70.612,71.3862,24993996.054269,0
JPM.US,D,20170119,000000,71.4894,72.0062,70.6896,70.8518,19452553.74915,0
JPM.US,D,20170120,000000,70.953,71.2938,70.8292,71.1583,21666131.613934,0
JPM.US,D,20170123,000000,70.8429,71.4392,70.7624,71.1917,14309531.885783,0
JPM.US,D,20170124,000000,71.3695,72.291,71.064,72.0484,17831228.621711,0
JPM.US,D,20170125,000000,73.0024,73.2843,72.4344,73.1654,20605548.968706,0
JPM.US,D,20170126,000000,73.0966,73.9464,73.0966,73.7745,18766432.880903,0
JPM.US,D,20170127,000000,73.7018,73.974,73.3648,73.9298,14719513.31464,0
JPM.US,D,20170130,000000,73.303,73.5652,72.5602,73.1654,16046798.710452,0
JPM.US,D,20170131,000000,72.8,73.2676,71.513,71.9756,18389874.28816,0
JPM.US,D,20170201,000000,72.7459,73.2224,72.015,72.2468,18137260.918056,0
JPM.US,D,20170202,000000,71.7252,72.2094,71.5738,71.9403,13028413.080138,0
JPM.US,D,20170203,000000,73.303,74.252,73.023,74.142,21023104.381102,0
JPM.US,D,20170206,000000,73.8109,74.3699,73.6556,73.7932,13900755.617055,0
JPM.US,D,20170207,000000,74.1076,74.3296,73.5456,73.7519,11053018.217948,0
JPM.US,D,20170208,000000,73.2941,73.4042,72.6034,73.1045,16426778.370079,0
JPM.US,D,20170209,000000,73.4945,74.2697,73.2489,74.1596,16162889.016954,0
JPM.US,D,20170210,000000,74.3974,74.3974,73.8934,73.9887,12922788.530759,0
JPM.US,D,20170213,000000,74.364,75.4683,74.3551,74.9662,21830899.60016,0
JPM.US,D,20170214,000000,75.0949,76.2857,74.9299,76.1667,21082446.302937,0
JPM.US,D,20170215,000000,76.6079,77.2829,75.9899,77.0391,20393259.605042,0
JPM.US,D,20170216,000000,76.881,77.4253,76.3455,76.9939,20759370.762353,0
JPM.US,D,20170217,000000,76.3869,76.9361,76.2777,76.7357,18483469.629439,0
JPM.US,D,20170221,000000,76.9753,77.5177,76.9311,77.3987,16540754.556999,0
JPM.US,D,20170222,000000,76.9841,77.6443,76.8947,77.4439,13913356.869067,0
JPM.US,D,20170223,000000,77.5431,77.6797,76.9841,77.5019,13003619.760548,0
JPM.US,D,20170224,000000,76.6933,77.0029,76.3093,76.8221,17700650.946881,0
JPM.US,D,20170227,000000,76.8133,77.161,76.5568,76.9045,14519210.408462,0
JPM.US,D,20170228,000000,76.4065,77.2377,76.1865,77.0657,17849878.067541,0
JPM.US,D,20170301,000000,78.9127,79.9256,78.7604,79.6014,28749279.08406,0
JPM.US,D,20170302,000000,79.8322,79.8735,78.2663,78.3596,19781446.426669,0
JPM.US,D,20170303,000000,78.4362,79.1848,78.4038,78.9215,15074953.104738,0
JPM.US,D,20170306,000000,78.4539,78.5128,77.4744,78.1749,17699168.925644,0
JPM.US,D,20170307,000000,77.9361,78.3193,77.5687,77.7387,13110129.858332,0
JPM.US,D,20170308,000000,78.8203,78.9667,77.4744,77.5687,20429131.440535,0
JPM.US,D,20170309,000000,77.9027,78.3596,77.5177,77.8743,16131756.392233,0
JPM.US,D,20170310,000000,78.1985,78.2407,76.9939,77.6306,16127982.12386,0
JPM.US,D,20170313,000000,77.6532,78.0541,77.3329,77.6984,11762266.149763,0
JPM.US,D,20170314,000000,77.4066,77.943,77.1895,77.8261,12035913.839158,0
JPM.US,D,20170315,000000,78.0707,78.7074,77.5019,78.0118,19517037.958963,0
JPM.US,D,20170316,000000,78.2663,78.9264,77.8743,77.9361,17038872.481048,0
JPM.US,D,20170317,000000,78.0973,78.2751,77.0933,77.1207,25551089.46633,0
JPM.US,D,20170320,000000,76.7709,77.5353,76.3653,76.5657,17191785.31524,0
JPM.US,D,20170321,000000,76.8476,77.0833,74.0388,74.3217,38899614.044576,0
JPM.US,D,20170322,000000,73.8934,74.8975,73.1478,74.4396,25562617.88154,0
JPM.US,D,20170323,000000,74.1685,75.2619,74.0673,74.3217,18917607.190181,0
JPM.US,D,20170324,000000,74.6607,74.9161,73.7932,74.2363,18920388.015747,0
JPM.US,D,20170327,000000,72.738,74.3306,72.4816,74.194,19612155.018477,0
JPM.US,D,20170328,000000,74.0054,75.7079,73.974,75.3513,19106250.375697,0
JPM.US,D,20170329,000000,75.3513,75.537,74.9073,75.0694,12001655.330356,0
JPM.US,D,20170330,000000,75.0095,76.0793,74.9436,75.7168,13673642.987392,0
JPM.US,D,20170331,000000,75.4427,75.4683,74.6273,74.7029,19968763.325321,0
JPM.US,D,20170403,000000,74.8307,74.9839,73.6478,74.4308,23316254.368346,0
JPM.US,D,20170404,000000,74.3208,74.9878,74.1714,74.6784,16687007.456465,0
JPM.US,D,20170405,000000,75.6274,75.7325,73.6694,73.7224,20580812.649934,0
JPM.US,D,20170406,000000,73.5407,74.3384,72.9178,73.972,16775876.819302,0
JPM.US,D,20170407,000000,73.4975,74.251,73.3138,73.7156,15307378.006958,0
JPM.US,D,20170410,000000,73.6262,74.1498,73.0446,73.4572,17626088.789074,0
JPM.US,D,20170411,000000,73.1664,73.3776,72.5328,73.3285,17171410.576829,0
JPM.US,D,20170412,000000,73.4975,73.5152,72.7302,73.0446,17197110.820129,0
JPM.US,D,20170413,000000,73.13,74.4062,72.1888,72.1888,35667414.278746,0
JPM.US,D,20170417,000000,72.2232,73.6262,72.1634,73.4405,22291652.470887,0
JPM.US,D,20170418,000000,73.0102,73.242,72.4796,72.8392,16484505.947351,0
JPM.US,D,20170419,000000,73.13,73.4906,72.1564,72.242,20551453.157766,0
JPM.US,D,20170420,000000,72.686,73.3678,72.3166,73.1742,18248963.179532,0
JPM.US,D,20170421,000000,73.13,73.2862,72.2872,72.296,23148539.643463,0
JPM.US,D,20170424,000000,74.029,75.314,73.919,74.8434,29704723.722596,0
JPM.US,D,20170425,000000,75.7404,76.2365,75.4928,75.4928,21331167.331547,0
JPM.US,D,20170426,000000,75.5705,76.1687,75.3897,75.6353,14996409.032725,0
JPM.US,D,20170427,000000,75.5861,75.5861,74.422,74.9367,15574431.92329,0
JPM.US,D,20170428,000000,74.9269,75.1411,74.3699,74.4161,12574570.540582,0
JPM.US,D,20170501,000000,74.7236,75.0487,74.0368,74.4652,18357607.754333,0
JPM.US,D,20170502,000000,74.1665,74.3129,73.578,73.9867,16526105.347067,0
JPM.US,D,20170503,000000,73.6095,74.5005,73.578,74.4161,13484255.737642,0
JPM.US,D,20170504,000000,75.0045,75.0399,74.0457,74.5005,13488820.892349,0
JPM.US,D,20170505,000000,74.6283,74.7049,73.919,74.4161,11031530.945737,0
JPM.US,D,20170508,000000,74.4475,74.6872,74.1115,74.5005,9542131.1552971,0
JPM.US,D,20170509,000000,74.6381,75.1313,73.9867,74.1999,11992660.397881,0
JPM.US,D,20170510,000000,74.0103,74.8247,73.9622,74.7825,9733881.9032027,0
JPM.US,D,20170511,000000,74.4917,74.8247,73.86,74.5507,12743375.406088,0
JPM.US,D,20170512,000000,74.14,74.4554,73.8512,74.3463,10214556.559422,0
JPM.US,D,20170515,000000,74.5005,74.8336,74.2952,74.7049,10316579.878622,0
JPM.US,D,20170516,000000,74.7236,75.3484,74.7049,74.9367,11441607.036664,0
JPM.US,D,20170517,000000,73.6517,73.8914,71.8234,72.0788,28836779.409422,0
JPM.US,D,20170518,000000,71.9069,72.5328,71.3017,71.8166,27298316.165874,0
JPM.US,D,20170519,000000,72.0268,72.9934,71.9786,72.515,15653766.881636,0
JPM.US,D,20170522,000000,72.856,72.9532,72.0268,72.4482,13593697.306006,0
JPM.US,D,20170523,000000,72.4876,73.6193,72.2872,73.352,13736438.548005,0
JPM.US,D,20170524,000000,73.4572,73.5318,72.91,73.3138,11592760.988506,0
JPM.US,D,20170525,000000,73.5496,73.6262,72.7744,73.0024,14307465.606172,0
JPM.US,D,20170526,000000,72.799,73.1821,72.7214,73.0102,9476965.9892975,0
JPM.US,D,20170530,000000,72.8156,72.8314,71.6613,71.7634,14721524.629177,0
JPM.US,D,20170531,000000,71.617,71.6937,69.8251,70.2652,33095773.568417,0
JPM.US,D,20170601,000000,70.5305,71.062,69.8398,71.0424,20006254.594736,0
JPM.US,D,20170602,000000,70.3851,70.9844,70.1218,70.6857,17497548.893448,0
JPM.US,D,20170605,000000,70.6857,71.4294,70.6346,70.8144,10603014.072685,0
JPM.US,D,20170606,000000,70.3851,71.178,70.2476,70.9588,14248415.813524,0
JPM.US,D,20170607,000000,71.2566,71.9384,71.0797,71.7723,16018288.123306,0
JPM.US,D,20170608,000000,71.7723,73.3285,71.7536,72.6594,20912928.927221,0
JPM.US,D,20170609,000000,73.1389,74.4573,73.0348,74.3787,22309248.419478,0
JPM.US,D,20170612,000000,74.6872,75.0487,73.807,74.3974,18738305.013529,0
JPM.US,D,20170613,000000,74.8857,75.1411,74.3974,74.6469,14663004.129829,0
JPM.US,D,20170614,000000,74.2166,74.6784,73.4071,74.4917,18860890.359538,0
JPM.US,D,20170615,000000,73.7706,74.4829,73.7627,74.0457,14625426.341316,0
JPM.US,D,20170616,000000,74.2864,74.3787,73.5731,73.7156,19724190.124009,0
JPM.US,D,20170619,000000,74.3885,75.4663,74.2864,75.3307,18665369.414745,0
JPM.US,D,20170620,000000,75.0556,75.202,74.7324,74.8611,13091401.018508,0
JPM.US,D,20170621,000000,74.8247,74.8807,74.2088,74.5182,11697063.322509,0
JPM.US,D,20170622,000000,74.3551,74.7236,74.1135,74.4308,14239629.544755,0
JPM.US,D,20170623,000000,74.978,75.2679,74.082,74.2952,21983729.986741,0
JPM.US,D,20170626,000000,74.422,74.9878,74.086,74.6194,11785886.881119,0
JPM.US,D,20170627,000000,75.0222,76.0725,74.8434,75.314,18009164.814503,0
JPM.US,D,20170628,000000,75.7807,77.0382,75.7807,76.8279,20331776.081088,0
JPM.US,D,20170629,000000,78.9834,79.2467,77.2455,77.9647,32368873.705067,0
JPM.US,D,20170630,000000,78.6573,78.6907,77.9735,78.1778,19734982.617958,0
JPM.US,D,20170703,000000,78.7467,80.3972,78.618,79.7694,15357477.653488,0
JPM.US,D,20170705,000000,80.0867,80.6634,79.6486,80.57,20367562.415356,0
JPM.US,D,20170706,000000,80.4482,81.2814,79.8794,80.3107,19290563.534875,0
JPM.US,D,20170707,000000,80.8088,80.9926,80.18,80.7154,14530007.991769,0
JPM.US,D,20170710,000000,80.4138,80.57,80.0582,80.1456,16177740.78336,0
JPM.US,D,20170711,000000,80.2675,80.2675,79.3636,79.8392,15409054.231898,0
JPM.US,D,20170712,000000,79.6486,79.8392,79.1829,79.5621,15742267.774909,0
JPM.US,D,20170713,000000,79.7154,80.3107,79.4177,80.068,14878834.669241,0
JPM.US,D,20170714,000000,78.1002,79.6436,77.9027,79.3391,25851394.198452,0
JPM.US,D,20170717,000000,78.9707,79.1161,78.4814,78.6003,16660492.91578,0
JPM.US,D,20170718,000000,77.7917,78.7634,77.6797,78.3242,17110426.827894,0
JPM.US,D,20170719,000000,78.5541,78.7977,78.2653,78.4352,13537368.284492,0
JPM.US,D,20170720,000000,78.393,78.8852,78.1778,78.4352,13437646.373273,0
JPM.US,D,20170721,000000,78.3183,78.5737,77.8497,78.1709,12756007.194251,0
JPM.US,D,20170724,000000,78.2279,78.727,78.1847,78.506,12463643.897364,0
JPM.US,D,20170725,000000,79.4432,80.4326,79.3548,79.8116,19120832.406094,0
JPM.US,D,20170726,000000,80.068,80.1456,78.8469,79.063,13732270.363272,0
JPM.US,D,20170727,000000,78.9795,79.176,78.4018,78.7368,14330424.720905,0
JPM.US,D,20170728,000000,78.6523,78.9078,78.1808,78.506,10873549.110332,0
JPM.US,D,20170731,000000,78.7025,79.4344,78.6936,78.953,13386928.878603,0
JPM.US,D,20170801,000000,79.5454,80.1064,79.3636,80.011,14545083.689956,0
JPM.US,D,20170802,000000,79.8676,80.1644,79.5572,80.0778,11809632.810698,0
JPM.US,D,20170803,000000,79.7242,80.0966,79.3263,79.5523,12874307.300279,0
JPM.US,D,20170804,000000,80.4237,81.186,80.3884,80.5524,16644773.92266,0
JPM.US,D,20170807,000000,80.7498,81.0082,80.5946,80.8628,9269066.7064021,0
JPM.US,D,20170808,000000,80.8,81.8934,80.5004,80.57,15980329.650767,0
JPM.US,D,20170809,000000,79.9649,80.57,79.8392,80.4404,13036294.460939,0
JPM.US,D,20170810,000000,79.8971,80.0444,79.1829,79.288,15337430.669774,0
JPM.US,D,20170811,000000,79.2349,79.6996,78.4716,78.6258,12415868.051992,0
JPM.US,D,20170814,000000,79.4432,79.8971,79.4078,79.5454,12775896.407847,0
JPM.US,D,20170815,000000,80.2508,80.465,79.6829,79.7517,10246602.215085,0
JPM.US,D,20170816,000000,80.0199,80.18,79.0217,79.2006,12874965.863288,0
JPM.US,D,20170817,000000,78.9166,79.0886,77.8339,77.9637,15791267.102099,0
JPM.US,D,20170818,000000,77.6719,78.727,77.5667,78.0383,15041455.96399,0
JPM.US,D,20170821,000000,78.1356,78.2103,77.5403,77.944,12585831.255526,0
JPM.US,D,20170822,000000,78.3242,78.8754,78.2653,78.7467,10688650.67491,0
JPM.US,D,20170823,000000,78.1552,79.4177,78.1267,78.839,10234626.954186,0
JPM.US,D,20170824,000000,79.063,79.2271,78.618,78.7093,10026437.577848,0
JPM.US,D,20170825,000000,79.0217,79.5395,78.953,79.0296,13693609.559239,0
JPM.US,D,20170828,000000,79.2605,79.288,78.3743,78.7811,8423437.1951561,0
JPM.US,D,20170829,000000,77.7917,78.5305,77.6719,78.3488,12642272.242932,0
JPM.US,D,20170830,000000,78.4814,79.0168,78.4264,78.5305,10651023.010682,0
JPM.US,D,20170831,000000,78.9608,78.9952,78.0914,78.1709,15365636.913272,0
JPM.US,D,20170901,000000,78.4814,79.4344,78.2191,78.8665,11412029.719946,0
JPM.US,D,20170905,000000,78.282,78.3537,76.5647,76.9831,19782840.910939,0
JPM.US,D,20170906,000000,77.4027,77.8477,77.0942,77.4989,13708185.482407,0
JPM.US,D,20170907,000000,77.4989,77.5157,75.7512,76.1413,16965469.679141,0
JPM.US,D,20170908,000000,75.9497,76.9036,75.8887,76.0439,16559200.428483,0
JPM.US,D,20170911,000000,76.8801,77.6198,76.5017,77.2209,15366037.954734,0
JPM.US,D,20170912,000000,77.5491,78.4814,77.4901,78.1709,16272727.555293,0
JPM.US,D,20170913,000000,77.9293,78.6936,77.6797,78.393,14505977.058106,0
JPM.US,D,20170914,000000,78.4352,78.7182,78.0383,78.2368,12269864.531101,0
JPM.US,D,20170915,000000,78.3321,78.8754,78.057,78.7977,21114275.151922,0
JPM.US,D,20170918,000000,79.063,80.1014,78.9952,79.9148,13158953.093713,0
JPM.US,D,20170919,000000,79.733,81.1546,79.57,80.7912,14675755.008985,0
JPM.US,D,20170920,000000,80.9296,81.9524,80.5946,81.36,17798380.883125,0
JPM.US,D,20170921,000000,81.24,82.0231,81.0082,81.7314,12607731.78366,0
JPM.US,D,20170922,000000,81.4464,81.6862,81.2136,81.5604,9709209.7103494,0
JPM.US,D,20170925,000000,81.2814,81.5996,80.3696,80.9454,12158271.1819,0
JPM.US,D,20170926,000000,80.6546,80.8716,80.2783,80.5868,10867635.275583,0
JPM.US,D,20170927,000000,81.6792,82.3247,81.3422,81.859,17523236.922287,0
JPM.US,D,20170928,000000,82.2108,82.4603,81.6252,82.032,11941699.631868,0
JPM.US,D,20170929,000000,81.9612,82.1528,81.7215,82.143,13283751.292862,0
JPM.US,D,20171002,000000,82.367,83.3219,82.0988,83.2875,16036262.720179,0
JPM.US,D,20171003,000000,83.2777,83.7954,83.2266,83.7217,11192968.455664,0
JPM.US,D,20171004,000000,83.6844,83.8043,82.8042,82.8749,14139371.215134,0
JPM.US,D,20171005,000000,83.0448,84.2562,82.6568,83.9909,16455638.087228,0
JPM.US,D,20171006,000000,84.3849,84.4674,83.4526,83.8426,11822155.686588,0
JPM.US,D,20171009,000000,83.5646,83.651,83.1696,83.4015,8970482.1775029,0
JPM.US,D,20171010,000000,83.4015,84.0666,83.2531,84.0253,12281873.381766,0
JPM.US,D,20171011,000000,83.764,83.9192,83.1696,83.7738,16489433.464394,0
JPM.US,D,20171012,000000,84.1737,84.3456,82.7187,83.038,21297643.726134,0
JPM.US,D,20171013,000000,82.5968,83.6628,82.1478,82.924,15239570.445948,0
JPM.US,D,20171016,000000,83.3406,84.7327,83.3406,84.6383,14367410.108071,0
JPM.US,D,20171017,000000,84.8407,84.9321,84.1894,84.4487,11946908.081509,0
JPM.US,D,20171018,000000,84.9046,85.2505,84.4586,84.7661,11732313.238376,0
JPM.US,D,20171019,000000,84.0745,84.9517,83.9909,84.8712,10558451.648364,0
JPM.US,D,20171020,000000,85.8841,86.4107,85.4077,86.0787,17681236.061511,0
JPM.US,D,20171023,000000,86.0835,86.4971,85.8497,85.9371,10667785.322325,0
JPM.US,D,20171024,000000,86.4019,87.5405,86.2977,87.3008,14925909.200991,0
JPM.US,D,20171025,000000,87.5935,87.7596,86.6701,87.3892,16913446.255043,0
JPM.US,D,20171026,000000,87.6712,88.6035,87.6437,88.015,15086122.211227,0
JPM.US,D,20171027,000000,87.7429,88.4345,87.4157,88.0406,12021441.738907,0
JPM.US,D,20171030,000000,87.513,88.1702,87.2605,87.7252,10218196.468727,0
JPM.US,D,20171031,000000,87.6977,87.9797,87.0051,87.0316,10044904.824637,0
JPM.US,D,20171101,000000,87.4599,87.9797,87.1357,87.3008,9730049.6161408,0
JPM.US,D,20171102,000000,87.2605,88.0406,86.6415,87.8844,10093471.556343,0
JPM.US,D,20171103,000000,87.4599,87.8284,87.1357,87.7252,8209248.4828436,0
JPM.US,D,20171106,000000,87.6613,87.9698,87.0768,87.1809,9381778.6966338,0
JPM.US,D,20171107,000000,86.9962,87.1534,84.994,85.4253,21742159.507031,0
JPM.US,D,20171108,000000,85.0107,85.0971,84.042,84.4674,21406088.798076,0
JPM.US,D,20171109,000000,84.0175,84.9655,83.7463,84.4586,15828481.510404,0
JPM.US,D,20171110,000000,84.6128,85.0697,84.3456,84.3525,10764856.69556,0
JPM.US,D,20171113,000000,83.6451,84.8221,83.5822,84.6561,10745020.411294,0
JPM.US,D,20171114,000000,84.2041,84.5853,83.7836,84.1471,12762282.373465,0
JPM.US,D,20171115,000000,83.3828,85.4165,83.0036,84.9429,17765117.852875,0
JPM.US,D,20171116,000000,85.2347,85.6945,85.0441,85.1837,11302029.340002,0
JPM.US,D,20171117,000000,84.6217,85.1335,84.4045,84.8781,10410183.362874,0
JPM.US,D,20171120,000000,85.1659,85.7671,84.5686,85.6503,10954199.158954,0
JPM.US,D,20171121,000000,86.0737,86.1179,85.5639,85.5815,15471186.140143,0
JPM.US,D,20171122,000000,85.6669,86.0953,85.2887,85.3319,8486888.2651631,0
JPM.US,D,20171124,000000,85.4951,85.5549,85.0019,85.051,4254036.1057996,0
JPM.US,D,20171127,000000,85.0441,85.7545,84.714,84.714,15108745.428288,0
JPM.US,D,20171128,000000,84.9606,87.9797,84.7503,87.68,19373645.279058,0
JPM.US,D,20171129,000000,88.5946,90.1558,88.1978,89.7352,24353727.253825,0
JPM.US,D,20171130,000000,90.6086,92.269,89.9996,90.417,27663747.384869,0
JPM.US,D,20171201,000000,90.7432,91.1058,88.41,90.645,22748495.696302,0
JPM.US,D,20171204,000000,93.1915,93.78,92.3653,92.5225,27239120.817567,0
JPM.US,D,20171205,000000,92.7091,92.9037,90.0674,91.4536,19865748.599057,0
JPM.US,D,20171206,000000,91.1893,91.489,90.417,90.7698,17720573.750245,0
JPM.US,D,20171207,000000,89.917,90.9968,89.7352,90.5006,15455709.400495,0
JPM.US,D,20171208,000000,90.9054,91.6461,90.2638,91.6363,15607761.115203,0
JPM.US,D,20171211,000000,91.4536,91.7365,91.097,91.37,12238695.262998,0
JPM.US,D,20171212,000000,91.6265,92.8663,91.3062,92.4301,17914069.130295,0
JPM.US,D,20171213,000000,92.2965,92.661,91.2522,91.2796,17359158.035222,0
JPM.US,D,20171214,000000,91.7906,92.0951,90.5182,90.535,15063502.04778,0
JPM.US,D,20171215,000000,91.5164,92.16,91.0066,91.8102,33926028.127187,0
JPM.US,D,20171218,000000,92.7268,93.0982,92.1216,92.5323,14679086.503156,0
JPM.US,D,20171219,000000,92.8565,92.9685,92.0853,92.16,14040743.516025,0
JPM.US,D,20171220,000000,93.0697,93.1915,91.765,91.8102,15124439.992487,0
JPM.US,D,20171221,000000,92.214,93.4901,92.1953,93.2849,14243799.76523,0
JPM.US,D,20171222,000000,93.612,93.836,92.3918,92.94,16840288.760222,0
JPM.US,D,20171226,000000,92.7366,93.4145,92.0499,92.5863,8553764.4735401,0
JPM.US,D,20171227,000000,92.269,92.8192,92.269,92.7543,10973390.112543,0
JPM.US,D,20171228,000000,92.8938,93.2937,92.7091,93.2455,8595850.4159432,0
JPM.US,D,20171229,000000,93.5079,93.6877,92.5126,92.5126,10305696.794089,0
JPM.US,D,20180102,000000,93.0982,93.443,92.3918,93.387,15688548.576508,0
JPM.US,D,20180103,000000,93.3104,93.8655,92.9685,93.4803,13751667.944823,0
JPM.US,D,20180104,000000,94.2162,95.6731,94.0807,94.8185,14894188.24641,0
JPM.US,D,20180105,000000,95.0277,95.2557,93.724,94.1592,16269623.046519,0
JPM.US,D,20180108,000000,94.0335,94.5089,93.668,94.339,14335713.582411,0
JPM.US,D,20180109,000000,94.5473,95.3225,94.3291,94.8283,15159114.810827,0
JPM.US,D,20180110,000000,95.8755,96.2538,95.8755,95.8755,18204536.13215,0
JPM.US,D,20180111,000000,96.2341,96.465,95.7027,96.3795,15675457.728194,0
JPM.US,D,20180112,000000,97.0918,98.1263,96.3795,97.9691,21711544.979021,0
JPM.US,D,20180116,000000,96.9592,98.6274,96.5809,97.6282,26105189.317635,0
JPM.US,D,20180117,000000,97.307,98.5193,96.7853,98.2638,17178032.850302,0
JPM.US,D,20180118,000000,98.0477,98.8926,97.6282,98.4898,16758008.081089,0
JPM.US,D,20180119,000000,99.099,99.4334,98.087,98.2835,21523149.136335,0
JPM.US,D,20180122,000000,97.9593,99.4621,97.8218,99.4235,13845214.428258,0
JPM.US,D,20180123,000000,98.8435,99.6683,98.5586,99.3253,13645802.159844,0
JPM.US,D,20180124,000000,99.8754,100.858,99.6881,100.562,17060413.700462,0
JPM.US,D,20180125,000000,100.897,101.024,100.062,100.592,15365408.910005,0
JPM.US,D,20180126,000000,100.592,101.162,99.9735,101.162,15296693.407412,0
JPM.US,D,20180129,000000,100.877,102.046,100.877,101.024,13426781.610431,0
JPM.US,D,20180130,000000,100.454,101.398,99.9934,100.091,16133691.366391,0
JPM.US,D,20180131,000000,100.543,101.437,100.14,100.562,15106042.978847,0
JPM.US,D,20180201,000000,100.661,101.692,100.435,101.624,15753041.947166,0
JPM.US,D,20180202,000000,101.31,101.663,99.2173,99.3838,18894077.049408,0
JPM.US,D,20180205,000000,98.2737,99.6296,90.417,94.6033,33408414.905901,0
JPM.US,D,20180206,000000,92.9037,97.8218,92.7091,97.4828,38081560.714229,0
JPM.US,D,20180207,000000,96.9985,99.5117,96.6497,98.146,25029860.764661,0
JPM.US,D,20180208,000000,98.3621,98.3621,93.78,93.8173,31206744.10461,0
JPM.US,D,20180209,000000,94.8755,96.5613,92.3751,95.6829,32405262.619401,0
JPM.US,D,20180212,000000,96.6595,98.0182,95.7125,97.1802,20740031.19949,0
JPM.US,D,20180213,000000,96.7951,98.3228,96.3402,97.7824,18477892.710232,0
JPM.US,D,20180214,000000,97.9298,100.248,97.8414,100.042,17454529.562669,0
JPM.US,D,20180215,000000,100.632,100.858,99.3343,100.454,13655278.545646,0
JPM.US,D,20180216,000000,99.59,100.926,99.5513,99.7377,15194077.686866,0
JPM.US,D,20180220,000000,99.6782,100.366,99.6782,99.6782,15467551.320197,0
JPM.US,D,20180221,000000,100.012,102.144,99.698,100.17,16324344.848573,0
JPM.US,D,20180222,000000,100.445,101.25,99.7862,99.9934,19618469.894687,0
JPM.US,D,20180223,000000,100.288,102.086,100.288,102.007,13980372.525871,0
JPM.US,D,20180226,000000,102.724,103.382,102.017,103.284,18981211.95882,0
JPM.US,D,20180227,000000,103.392,103.776,102.046,102.056,20197583.943746,0
JPM.US,D,20180228,000000,102.459,103.028,100.317,100.445,20395716.747396,0
JPM.US,D,20180301,000000,100.435,101.428,97.9495,98.6274,21493239.993434,0
JPM.US,D,20180302,000000,97.7461,98.7452,96.6301,98.5291,21106478.254472,0
JPM.US,D,20180305,000000,97.4239,100.808,97.307,100.062,16022787.116352,0
JPM.US,D,20180306,000000,100.543,100.71,99.4235,100.14,12275352.895467,0
JPM.US,D,20180307,000000,98.922,100.082,98.3621,99.7575,14957295.275772,0
JPM.US,D,20180308,000000,100.091,100.209,98.4407,99.7674,12849614.749991,0
JPM.US,D,20180309,000000,101.358,102.694,100.562,102.656,17671339.294685,0
JPM.US,D,20180312,000000,102.616,103.264,101.958,102.322,14190004.22645,0
JPM.US,D,20180313,000000,102.783,103.009,100.72,101.094,15308992.351521,0
JPM.US,D,20180314,000000,101.368,101.398,99.6395,99.9636,14840698.069148,0
JPM.US,D,20180315,000000,100.76,100.858,99.8556,100.219,10060040.577256,0
JPM.US,D,20180316,000000,100.317,101.398,100.317,100.396,22871990.001766,0
JPM.US,D,20180319,000000,100.082,100.406,98.5291,99.5702,15196957.24599,0
JPM.US,D,20180320,000000,99.8853,100.396,99.5117,99.6683,11409203.090153,0
JPM.US,D,20180321,000000,99.8358,101.418,99.3253,99.7674,15677726.56428,0
JPM.US,D,20180322,000000,98.4308,98.7748,95.2557,95.6161,25932647.84501,0
JPM.US,D,20180323,000000,95.8883,96.4552,92.8378,93.0422,26543389.204451,0
JPM.US,D,20180326,000000,94.9609,96.6595,94.4805,95.9257,23249787.344405,0
JPM.US,D,20180327,000000,96.5809,97.1311,93.3104,94.0521,20745637.636978,0
JPM.US,D,20180328,000000,94.1494,94.9413,92.7445,93.9205,22067370.542505,0
JPM.US,D,20180329,000000,94.339,96.3206,93.7329,95.6349,15265637.123071,0
JPM.US,D,20180402,000000,95.626,96.2823,92.2425,93.7898,21645623.534326,0
JPM.US,D,20180403,000000,94.2162,95.2193,93.275,95.0847,16158134.538105,0
JPM.US,D,20180404,000000,93.1257,96.6978,93.052,96.5239,17597770.579686,0
JPM.US,D,20180405,000000,97.5702,98.5979,97.3462,97.7923,19024367.68441,0
JPM.US,D,20180406,000000,96.6202,97.4916,94.2261,95.3283,21631940.284665,0
JPM.US,D,20180409,000000,96.1477,98.7354,96.0514,96.4945,18259145.968315,0
JPM.US,D,20180410,000000,97.9888,98.6372,97.3748,98.3424,16022721.97256,0
JPM.US,D,20180411,000000,97.5899,97.7363,96.5907,96.6693,16594420.826069,0
JPM.US,D,20180412,000000,97.5015,99.9835,97.4435,99.099,18805240.258465,0
JPM.US,D,20180413,000000,100.504,100.622,95.2939,96.3982,44797911.99937,0
JPM.US,D,20180416,000000,96.9503,97.414,95.9639,96.3107,18971165.564849,0
JPM.US,D,20180417,000000,97.3266,97.8218,96.1379,96.3107,17736378.24459,0
JPM.US,D,20180418,000000,96.6006,97.0731,95.1603,95.5395,18400100.845427,0
JPM.US,D,20180419,000000,95.7321,97.7824,95.7027,97.6479,20493403.933028,0
JPM.US,D,20180420,000000,98.146,98.5291,96.9012,97.414,17831382.320342,0
JPM.US,D,20180423,000000,97.5113,97.8316,96.6792,96.9405,12913053.605537,0
JPM.US,D,20180424,000000,97.6774,98.6666,95.7783,96.5043,18825366.636175,0
JPM.US,D,20180425,000000,96.3697,96.6006,94.9225,96.1379,15501670.380572,0
JPM.US,D,20180426,000000,96.128,96.8531,95.5592,96.2253,11784495.450465,0
JPM.US,D,20180427,000000,95.7409,96.2734,95.3667,95.6161,10736975.153143,0
JPM.US,D,20180430,000000,95.9257,96.3982,95.0571,95.0847,15726633.265143,0
JPM.US,D,20180501,000000,94.7791,95.2369,93.9765,95.0847,12017757.043247,0
JPM.US,D,20180502,000000,94.4903,95.6928,94.1494,94.3095,13915646.062587,0
JPM.US,D,20180503,000000,94.0247,94.1877,91.9202,93.7329,17596489.079178,0
JPM.US,D,20180504,000000,93.0049,95.0473,92.6354,94.7635,13693472.146555,0
JPM.US,D,20180507,000000,95.066,95.8657,94.7075,95.5867,10705798.759938,0
JPM.US,D,20180508,000000,95.7321,97.3168,95.5003,96.9985,14351744.044281,0
JPM.US,D,20180509,000000,97.3846,99.3343,97.0338,99.1281,13007174.168629,0
JPM.US,D,20180510,000000,98.932,100.032,98.5291,99.8853,10480380.886704,0
JPM.US,D,20180511,000000,100.062,100.288,99.364,99.5018,11731357.456822,0
JPM.US,D,20180514,000000,99.7178,100.258,99.4235,99.5315,9966580.6129178,0
JPM.US,D,20180515,000000,99.5414,99.5414,98.3916,98.7748,13199532.585957,0
JPM.US,D,20180516,000000,98.6568,99.3739,98.4308,99.0694,8662709.3205008,0
JPM.US,D,20180517,000000,98.932,99.1281,98.0576,98.7158,9859656.2413403,0
JPM.US,D,20180518,000000,98.5291,98.5684,96.8727,97.1311,13508622.568977,0
JPM.US,D,20180521,000000,97.9298,98.3621,97.8218,98.0084,10803294.585685,0
JPM.US,D,20180522,000000,98.1951,99.8853,98.1362,98.755,13166738.794573,0
JPM.US,D,20180523,000000,98.3424,98.5488,97.1213,98.3326,13105373.343739,0
JPM.US,D,20180524,000000,97.9986,98.0084,96.2439,97.2185,16115549.838555,0
JPM.US,D,20180525,000000,96.5436,97.083,96.3009,96.7077,9477892.2525714,0
JPM.US,D,20180529,000000,95.4049,95.4236,91.7178,92.5863,35062152.122825,0
JPM.US,D,20180530,000000,94.0708,94.9225,93.2102,94.6985,20012723.169578,0
JPM.US,D,20180531,000000,94.339,94.5659,92.995,93.5275,22664202.68476,0
JPM.US,D,20180601,000000,94.6887,95.2095,94.2162,94.7359,15554233.276688,0
JPM.US,D,20180604,000000,95.2557,95.4727,94.6219,94.7791,10772981.347706,0
JPM.US,D,20180605,000000,94.2437,94.6603,93.5835,94.2437,11916925.651842,0
JPM.US,D,20180606,000000,94.9795,96.7853,94.8087,96.4552,17681700.211021,0
JPM.US,D,20180607,000000,97.1802,97.4435,96.1575,96.8334,15382878.642499,0
JPM.US,D,20180608,000000,96.6693,97.1409,96.1958,97.1114,11880243.590451,0
JPM.US,D,20180611,000000,97.1213,97.8218,96.8049,96.8629,14465786.392863,0
JPM.US,D,20180612,000000,97.1409,97.473,95.7223,96.3009,17499223.292443,0
JPM.US,D,20180613,000000,96.5436,97.3846,95.7685,96.128,17139569.513384,0
JPM.US,D,20180614,000000,96.3795,96.4552,94.1965,94.4147,23441263.266943,0
JPM.US,D,20180615,000000,94.2162,94.7173,92.8663,94.2909,29781442.750598,0
JPM.US,D,20180618,000000,93.7525,94.7359,93.2455,94.5571,11197916.330141,0
JPM.US,D,20180619,000000,93.4243,94.2722,93.163,93.9863,14539307.267891,0
JPM.US,D,20180620,000000,94.5571,94.9609,93.9107,93.9765,10156801.499614,0
JPM.US,D,20180621,000000,93.612,94.5659,93.0982,93.9667,12641773.485784,0
JPM.US,D,20180622,000000,94.5375,94.7075,92.2228,92.4213,22813617.093818,0
JPM.US,D,20180625,000000,92.3466,92.383,90.8582,91.5882,19345394.249204,0
JPM.US,D,20180626,000000,91.5164,91.9477,90.1204,91.6461,19550389.544054,0
JPM.US,D,20180627,000000,91.489,92.5794,90.2176,90.2274,18623671.281471,0
JPM.US,D,20180628,000000,90.6184,92.1776,90.4632,91.6992,16580639.860723,0
JPM.US,D,20180629,000000,93.2367,93.4243,91.033,91.0674,21707884.712282,0
JPM.US,D,20180702,000000,90.645,91.8387,90.3444,91.8288,12734801.872509,0
JPM.US,D,20180703,000000,92.1314,92.4399,90.473,90.5516,9510080.410276,0
JPM.US,D,20180705,000000,91.5066,91.7178,90.978,91.1422,12203227.52258,0
JPM.US,D,20180706,000000,90.6184,91.82,89.81,91.4438,13853652.584896,0
JPM.US,D,20180709,000000,92.0116,94.4245,92.0116,94.2633,15819081.464981,0
JPM.US,D,20180710,000000,94.9323,95.2557,93.6209,93.7063,16587320.152884,0
JPM.US,D,20180711,000000,93.4145,94.0708,93.33,93.4901,11592204.212671,0
JPM.US,D,20180712,000000,94.3861,94.5178,93.1169,93.9028,14175766.236697,0
JPM.US,D,20180713,000000,94.2722,94.7271,92.3918,93.4617,24243743.159829,0
JPM.US,D,20180716,000000,94.0609,97.3266,93.9961,97.1802,28066027.59622,0
JPM.US,D,20180717,000000,97.2677,97.473,96.4453,97.1016,16867272.539773,0
JPM.US,D,20180718,000000,97.0279,98.5291,96.8334,97.9986,16210725.93463,0
JPM.US,D,20180719,000000,97.5899,97.6184,96.4267,96.5613,19090272.843157,0
JPM.US,D,20180720,000000,96.6595,98.1951,96.4748,97.7923,15457015.329924,0
JPM.US,D,20180723,000000,97.5899,100.396,97.473,99.59,20643305.902643,0
JPM.US,D,20180724,000000,99.7773,100.858,99.6594,100.327,15932458.125453,0
JPM.US,D,20180725,000000,100.072,101.516,99.6197,101.221,15171757.79558,0
JPM.US,D,20180726,000000,101.428,101.574,100.671,100.916,13539644.245679,0
JPM.US,D,20180727,000000,101.221,102.204,100.877,101.958,14573129.109722,0
JPM.US,D,20180730,000000,102.184,103.343,101.978,102.577,15262403.344586,0
JPM.US,D,20180731,000000,102.882,102.882,100.887,101.014,18030177.758489,0
JPM.US,D,20180801,000000,101.692,102.538,101.32,101.634,15398929.461804,0
JPM.US,D,20180802,000000,100.661,102.154,100.454,102.066,12584112.070175,0
JPM.US,D,20180803,000000,101.928,102.93,101.87,102.891,12536309.760138,0
JPM.US,D,20180806,000000,102.636,103.284,102.096,102.92,11217650.827234,0
JPM.US,D,20180807,000000,103.451,103.952,103.098,103.304,12019617.712768,0
JPM.US,D,20180808,000000,103.098,103.932,103.058,103.5,10238822.621456,0
JPM.US,D,20180809,000000,103.264,103.432,102.538,102.714,11032372.725657,0
JPM.US,D,20180810,000000,101.496,101.879,100.779,101.683,14374000.827519,0
JPM.US,D,20180813,000000,101.555,101.81,100.022,100.072,11767288.328876,0
JPM.US,D,20180814,000000,100.425,101.103,99.8655,100.74,12060064.881687,0
JPM.US,D,20180815,000000,100.032,100.454,99.2758,99.9141,11553052.794464,0
JPM.US,D,20180816,000000,100.474,101.348,100.445,100.848,11515203.234199,0
JPM.US,D,20180817,000000,100.73,101.132,100.445,100.848,9678805.8817868,0
JPM.US,D,20180820,000000,100.68,101.113,100.288,100.71,9808111.2169543,0
JPM.US,D,20180821,000000,101.398,102.282,100.946,101.358,12491446.045786,0
JPM.US,D,20180822,000000,101.348,101.418,100.858,101.034,9462345.2797738,0
JPM.US,D,20180823,000000,101.024,101.192,100.534,100.818,10544232.998173,0
JPM.US,D,20180824,000000,101.044,101.26,100.553,100.769,10066415.507899,0
JPM.US,D,20180827,000000,101.26,103.058,101.211,102.557,15667989.603314,0
JPM.US,D,20180828,000000,102.812,102.832,101.899,102.056,9448369.9009266,0
JPM.US,D,20180829,000000,102.252,102.262,101.388,101.692,8218332.9880302,0
JPM.US,D,20180830,000000,101.584,101.958,101.044,101.231,10232656.354517,0
JPM.US,D,20180831,000000,100.897,100.906,100.032,100.671,14868769.953579,0
JPM.US,D,20180904,000000,100.464,101.28,99.8556,101.192,11578199.315544,0
JPM.US,D,20180905,000000,101.064,101.663,100.406,100.68,13044244.039148,0
JPM.US,D,20180906,000000,100.592,100.788,99.7277,100.278,11240734.122318,0
JPM.US,D,20180907,000000,100.592,100.848,99.8556,100.454,12467446.666145,0
JPM.US,D,20180910,000000,100.916,101.034,99.8754,99.924,9419143.7499551,0
JPM.US,D,20180911,000000,99.7674,100.671,99.4522,100.534,10621826.377991,0
JPM.US,D,20180912,000000,100.406,100.946,99.1777,99.3739,12291246.962524,0
JPM.US,D,20180913,000000,99.6098,100.308,99.0106,99.7476,14191717.304571,0
JPM.US,D,20180914,000000,100.022,100.582,99.4919,99.7277,11764571.62923,0
JPM.US,D,20180917,000000,100.002,100.534,99.5513,100.052,10880743.427716,0
JPM.US,D,20180918,000000,100.454,100.75,99.7862,100.445,9040499.5380374,0
JPM.US,D,20180919,000000,100.543,103.756,100.543,103.353,18268036.060001,0
JPM.US,D,20180920,000000,104.129,104.797,103.766,104.237,17741371.923295,0
JPM.US,D,20180921,000000,104.689,104.787,103.451,103.559,28208988.698511,0
JPM.US,D,20180924,000000,103.471,104.09,102.312,102.567,14216417.997833,0
JPM.US,D,20180925,000000,102.842,103.677,102.223,102.282,10592843.498362,0
JPM.US,D,20180926,000000,102.596,102.714,100.75,101.084,15958886.14704,0
JPM.US,D,20180927,000000,101.428,101.692,100.337,100.612,15116018.121797,0
JPM.US,D,20180928,000000,99.8655,100.396,98.873,99.1678,17997584.487835,0
JPM.US,D,20181001,000000,99.6098,100.7,99.3442,99.7277,11547396.481263,0
JPM.US,D,20181002,000000,99.5999,100.298,99.138,100.15,15650977.913098,0
JPM.US,D,20181003,000000,101.005,101.634,100.572,101.103,19507530.019137,0
JPM.US,D,20181004,000000,101.378,103.363,101.074,101.997,18485255.994324,0
JPM.US,D,20181005,000000,102.498,102.734,100.887,101.428,15569891.197504,0
JPM.US,D,20181008,000000,101.113,102.449,100.317,102.046,16240300.197733,0
JPM.US,D,20181009,000000,101.466,101.771,100.562,101.358,15899701.995323,0
JPM.US,D,20181010,000000,101.496,101.692,98.6274,98.6274,26089577.201046,0
JPM.US,D,20181011,000000,98.2049,98.6274,95.0277,95.6829,38090203.463083,0
JPM.US,D,20181012,000000,97.6675,98.0772,93.443,94.6407,36248304.513972,0
JPM.US,D,20181015,000000,94.8655,96.3107,94.0708,94.0905,21362237.866093,0
JPM.US,D,20181016,000000,94.8283,96.2538,94.4421,96.128,21813759.658106,0
JPM.US,D,20181017,000000,95.907,98.0477,95.7685,97.1999,21239356.319411,0
JPM.US,D,20181018,000000,96.4748,97.2097,95.3863,95.6535,19869677.583933,0
JPM.US,D,20181019,000000,95.2557,96.6399,94.9323,95.4815,17216331.291999,0
JPM.US,D,20181022,000000,95.7027,95.8755,93.9028,94.1111,18306398.627617,0
JPM.US,D,20181023,000000,92.214,93.9401,91.7552,93.1345,24192344.708972,0
JPM.US,D,20181024,000000,92.7091,92.9312,91.0576,91.4044,26182840.716141,0
JPM.US,D,20181025,000000,92.1953,93.7141,91.7738,92.7917,19736602.05188,0
JPM.US,D,20181026,000000,92.0302,92.5225,90.9054,91.5164,21669280.909065,0
JPM.US,D,20181029,000000,92.4301,94.3489,91.7552,92.7828,20844612.430347,0
JPM.US,D,20181030,000000,93.5471,94.6701,92.7917,94.4147,20363767.789549,0
JPM.US,D,20181031,000000,95.6437,97.7726,95.3667,96.4748,23573560.127124,0
JPM.US,D,20181101,000000,96.9985,97.531,95.8559,96.4365,14764583.656953,0
JPM.US,D,20181102,000000,97.248,98.0576,95.122,95.907,21482367.087618,0
JPM.US,D,20181105,000000,96.1192,96.7077,95.9453,96.5436,11613257.871526,0
JPM.US,D,20181106,000000,96.1575,97.0437,95.3381,96.9788,12233121.397406,0
JPM.US,D,20181107,000000,97.6675,98.8632,96.7656,98.6372,14329005.807713,0
JPM.US,D,20181108,000000,98.2442,99.9339,98.2344,99.4423,13179611.818337,0
JPM.US,D,20181109,000000,99.3253,99.4334,98.0772,98.48,11789228.554008,0
JPM.US,D,20181112,000000,98.5782,99.0596,96.1093,96.408,15007153.686703,0
JPM.US,D,20181113,000000,96.5436,98.3424,96.5436,96.969,15534211.739767,0
JPM.US,D,20181114,000000,97.5408,97.9691,93.78,94.9893,20749976.824161,0
JPM.US,D,20181115,000000,95.7783,97.3944,94.5178,97.3846,21584567.516499,0
JPM.US,D,20181116,000000,96.8531,98.0084,96.0612,97.3266,15593534.322038,0
JPM.US,D,20181119,000000,97.307,98.4112,96.911,98.0772,15806485.302328,0
JPM.US,D,20181120,000000,97.1508,97.7824,95.5493,95.9738,21399459.399501,0
JPM.US,D,20181121,000000,96.4847,96.9886,95.2458,95.2458,12001079.214957,0
JPM.US,D,20181123,000000,94.451,95.0375,93.8557,94.3665,7332447.667751,0
JPM.US,D,20181126,000000,95.3037,97.3266,95.0945,96.6792,15762745.318365,0
JPM.US,D,20181127,000000,96.2439,97.3551,96.128,97.0918,10439921.503326,0
JPM.US,D,20181128,000000,97.1704,98.5586,96.3304,98.1754,15795486.180419,0
JPM.US,D,20181129,000000,97.5801,98.0379,97.0083,97.3846,12594057.694845,0
JPM.US,D,20181130,000000,97.2097,98.5094,96.9592,98.4014,21079153.487892,0
JPM.US,D,20181203,000000,99.4423,99.8943,98.873,99.3343,18118853.725698,0
JPM.US,D,20181204,000000,98.7452,98.7452,94.4421,94.8951,26620206.96601,0
JPM.US,D,20181206,000000,92.9115,93.2367,91.042,93.0795,30754068.046057,0
JPM.US,D,20181207,000000,93.052,94.6701,91.0576,91.4044,21752541.798673,0
JPM.US,D,20181210,000000,91.033,91.5803,87.8519,89.694,26711169.073124,0
JPM.US,D,20181211,000000,91.26,91.7178,88.6772,88.8138,19053994.876843,0
JPM.US,D,20181212,000000,89.9524,91.0508,88.5426,89.3944,25564199.654208,0
JPM.US,D,20181213,000000,89.864,90.2274,89.081,89.4848,19495026.48281,0
JPM.US,D,20181214,000000,88.4797,90.201,88.3658,88.745,22465548.730785,0
JPM.US,D,20181217,000000,88.2842,88.9857,87.1053,87.6122,28380421.708822,0
JPM.US,D,20181218,000000,87.9757,89.2774,86.8253,87.1976,23547745.882189,0
JPM.US,D,20181219,000000,87.0837,89.0024,85.4823,86.0905,32510128.85434,0
JPM.US,D,20181220,000000,85.4901,86.9667,84.6757,85.3467,35965195.70685,0
JPM.US,D,20181221,000000,85.5511,87.1003,82.9004,83.3288,46688248.410476,0
JPM.US,D,20181224,000000,82.197,83.374,81.5338,81.5338,19221927.426277,0
JPM.US,D,20181226,000000,82.0202,84.9135,80.6212,84.9135,25475388.310058,0
JPM.US,D,20181227,000000,83.9035,85.9667,82.7796,85.8674,22946013.705428,0
JPM.US,D,20181228,000000,86.6749,87.0021,85.3389,85.6837,20300017.465253,0
JPM.US,D,20181231,000000,86.3567,87.4354,85.6307,86.3831,14959135.587859,0
JPM.US,D,20190102,000000,84.9037,88.293,84.8948,87.8804,17709389.37568,0
JPM.US,D,20190103,000000,87.9964,88.2174,86.2555,86.6297,18256776.362928,0
JPM.US,D,20190104,000000,88.4119,90.0368,87.6731,89.8286,18984048.767329,0
JPM.US,D,20190107,000000,89.5928,90.5182,88.9474,89.8797,17297538.116457,0
JPM.US,D,20190108,000000,90.6618,90.8326,88.802,89.7186,15221556.152078,0
JPM.US,D,20190109,000000,89.9268,90.535,89.1448,89.5653,15951936.11887,0
JPM.US,D,20190110,000000,89.2244,89.864,88.5564,89.5574,16115711.680161,0
JPM.US,D,20190111,000000,89.1085,89.36,88.2704,89.1272,17307781.977543,0
JPM.US,D,20190114,000000,88.2007,90.417,88.0131,90.0448,23830333.538987,0
JPM.US,D,20190115,000000,88.2174,91.4142,87.9571,90.7079,29711443.711754,0
JPM.US,D,20190116,000000,91.2148,92.2788,90.814,91.4339,20775092.809088,0
JPM.US,D,20190117,000000,91.0871,92.324,90.923,91.8102,15971253.288555,0
JPM.US,D,20190118,000000,92.5696,93.5835,91.7267,93.3104,18416277.880826,0
JPM.US,D,20190122,000000,91.9576,92.4114,91.1058,91.8288,19150488.098936,0
JPM.US,D,20190123,000000,92.269,92.5038,90.9594,91.598,13616198.378461,0
JPM.US,D,20190124,000000,91.1058,91.9674,90.9417,91.655,12663461.278727,0
JPM.US,D,20190125,000000,92.3368,93.052,91.655,92.2326,16156209.742664,0
JPM.US,D,20190128,000000,92.6708,92.9862,91.5164,92.6708,13769112.230524,0
JPM.US,D,20190129,000000,92.6708,93.7623,92.5323,92.9213,10922024.233582,0
JPM.US,D,20190130,000000,92.8938,93.8841,92.5794,93.1434,14041719.655013,0
JPM.US,D,20190131,000000,92.2513,92.5961,91.6461,92.324,19640210.61696,0
JPM.US,D,20190201,000000,92.774,93.5373,92.3466,92.6708,14573630.920484,0
JPM.US,D,20190204,000000,92.5863,92.995,91.8917,92.995,11065822.026435,0
JPM.US,D,20190205,000000,93.2455,93.275,92.1511,92.5863,14307063.546839,0
JPM.US,D,20190206,000000,92.5126,93.33,92.2965,92.5421,9802934.3213376,0
JPM.US,D,20190207,000000,92.1128,92.324,90.4908,91.3347,14771717.919907,0
JPM.US,D,20190208,000000,91.0576,91.2974,89.2598,90.417,14452318.932009,0
JPM.US,D,20190211,000000,90.7796,91.0066,89.8984,89.9898,12306712.505584,0
JPM.US,D,20190212,000000,91.5243,91.8102,90.8956,91.5243,14407136.623805,0
JPM.US,D,20190213,000000,91.7906,92.6443,91.7906,91.9674,12055100.721261,0
JPM.US,D,20190214,000000,91.4142,91.9752,90.4082,91.37,12912057.109114,0
JPM.US,D,20190215,000000,92.6895,94.2821,92.4674,94.1592,16497325.023913,0
JPM.US,D,20190219,000000,93.5933,93.9863,92.606,93.8271,14309201.077471,0
JPM.US,D,20190220,000000,93.8557,94.3763,93.5649,94.2722,11243808.094941,0
JPM.US,D,20190221,000000,94.0609,94.5571,93.6395,94.0807,9416326.2810077,0
JPM.US,D,20190222,000000,94.2821,94.6407,93.4705,93.6778,11935376.612685,0
JPM.US,D,20190225,000000,94.3291,95.6928,94.2722,94.6505,12589381.59212,0
JPM.US,D,20190226,000000,93.2269,94.0807,92.718,93.9303,17336415.727168,0
JPM.US,D,20190227,000000,93.8075,93.9961,93.2269,93.8075,11174863.571209,0
JPM.US,D,20190228,000000,93.6877,93.8557,92.9312,93.0982,16990545.967071,0
JPM.US,D,20190301,000000,93.7525,94.4707,92.9498,93.163,15484463.258983,0
JPM.US,D,20190304,000000,93.6031,94.4805,92.1216,92.94,13974471.923455,0
JPM.US,D,20190305,000000,92.886,93.275,92.1216,92.8663,12170096.815654,0
JPM.US,D,20190306,000000,92.6521,93.2937,92.3751,92.5225,10168177.234064,0
JPM.US,D,20190307,000000,92.1128,92.2965,91.1333,91.8554,14242895.895135,0
JPM.US,D,20190308,000000,90.9879,92.0951,90.9879,91.8917,11862641.534631,0
JPM.US,D,20190311,000000,92.7543,93.2652,92.4674,93.0893,10944404.179299,0
JPM.US,D,20190312,000000,93.3104,93.4803,92.5598,92.8103,11455419.556034,0
JPM.US,D,20190313,000000,92.94,93.6581,92.7268,93.1257,14597688.318813,0
JPM.US,D,20190314,000000,93.2269,94.4421,93.1915,93.9765,12248371.151659,0
JPM.US,D,20190315,000000,94.0247,95.2645,93.8743,95.066,27813484.459265,0
JPM.US,D,20190318,000000,95.066,96.1575,95.0179,95.626,14500467.318434,0
JPM.US,D,20190319,000000,96.5338,96.6978,95.066,95.2645,14448628.129118,0
JPM.US,D,20190320,000000,94.9511,95.1319,93.1434,93.2455,16725779.208515,0
JPM.US,D,20190321,000000,92.3152,92.3152,91.2424,91.765,22140552.466247,0
JPM.US,D,20190322,000000,90.8326,91.2796,88.7794,88.9936,34879543.898795,0
JPM.US,D,20190325,000000,88.8422,89.7186,87.5032,88.2528,23576809.173684,0
JPM.US,D,20190326,000000,89.0476,89.5653,88.1555,89.136,17921273.626397,0
JPM.US,D,20190327,000000,89.0996,89.6105,88.3884,88.8324,14296137.711693,0
JPM.US,D,20190328,000000,89.2077,89.917,88.9768,89.8463,13960780.53082,0
JPM.US,D,20190329,000000,90.5812,90.9879,89.7274,90.3012,16280454.219593,0
JPM.US,D,20190401,000000,91.1244,93.387,91.097,93.3497,19616364.935951,0
JPM.US,D,20190402,000000,93.3104,94.0521,93.0697,93.7898,11541106.033974,0
JPM.US,D,20190403,000000,94.3861,94.8853,93.4803,93.9765,12890398.834452,0
JPM.US,D,20190404,000000,93.9765,95.0571,93.8929,94.8951,13296314.883621,0
JPM.US,D,20190405,000000,95.1121,95.3667,94.3665,94.6701,11050887.812418,0
JPM.US,D,20190408,000000,94.4805,94.9795,94.2909,94.9795,8962363.6325877,0
JPM.US,D,20190409,000000,94.451,94.5659,93.7141,94.2633,10114775.611643,0
JPM.US,D,20190410,000000,94.4991,95.0375,93.9107,94.6985,12106223.328879,0
JPM.US,D,20190411,000000,95.0375,95.9453,94.8951,95.4815,12441678.225439,0
JPM.US,D,20190412,000000,98.3916,100.534,97.861,99.9735,28739603.195399,0
JPM.US,D,20190415,000000,99.698,99.7773,98.087,98.814,16869271.63985,0
JPM.US,D,20190416,000000,98.7748,100.12,98.7452,99.8655,12885984.324761,0
JPM.US,D,20190417,000000,100.406,103.078,99.7862,102.744,19792923.948293,0
JPM.US,D,20190418,000000,102.95,103.324,101.87,101.988,13908029.328435,0
JPM.US,D,20190422,000000,101.418,102.41,101.28,102.125,8872894.7433009,0
JPM.US,D,20190423,000000,101.574,102.812,101.437,102.252,10227279.956041,0
JPM.US,D,20190424,000000,101.8,102.606,101.398,102.076,10285602.988275,0
JPM.US,D,20190425,000000,101.584,102.596,101.142,102.134,10359052.612282,0
JPM.US,D,20190426,000000,102.43,102.999,102.125,102.901,8776844.2954106,0
JPM.US,D,20190429,000000,103.019,105.308,102.872,104.374,15844045.787021,0
JPM.US,D,20190430,000000,104.66,104.925,103.608,104.316,12670070.319866,0
JPM.US,D,20190501,000000,104.031,105.17,103.461,103.51,11584006.273761,0
JPM.US,D,20190502,000000,103.52,104.06,102.999,103.746,9582034.7807119,0
JPM.US,D,20190503,000000,104.266,104.905,103.982,104.374,9106012.8161686,0
JPM.US,D,20190506,000000,102.636,103.795,102.233,103.442,10442756.276092,0
JPM.US,D,20190507,000000,102.498,102.498,100.936,101.752,16706752.132274,0
JPM.US,D,20190508,000000,101.28,102.184,101.103,101.231,10653086.236678,0
JPM.US,D,20190509,000000,99.9042,101.358,99.4136,101.162,13578646.036742,0
JPM.US,D,20190510,000000,100.454,101.428,99.3739,101.152,14672774.680561,0
JPM.US,D,20190513,000000,98.9418,99.2956,97.9593,98.4014,15333883.386797,0
JPM.US,D,20190514,000000,98.48,100.425,98.4308,99.1678,11685008.667616,0
JPM.US,D,20190515,000000,98.1754,99.6782,97.6282,98.7748,11282713.188189,0
JPM.US,D,20190516,000000,99.4423,100.828,99.4235,100.062,10760609.116833,0
JPM.US,D,20190517,000000,98.873,100.454,98.706,99.5602,10646857.879565,0
JPM.US,D,20190520,000000,99.4136,100.494,99.2173,100.082,9476278.92588,0
JPM.US,D,20190521,000000,100.17,100.592,99.9735,100.435,8864124.7604789,0
JPM.US,D,20190522,000000,100.13,100.474,99.5513,99.6098,8809527.1387758,0
JPM.US,D,20190523,000000,98.5488,98.6764,96.6301,97.6577,16195287.874107,0
JPM.US,D,20190524,000000,98.4506,98.8336,98.1558,98.6077,9497427.2468055,0
JPM.US,D,20190528,000000,98.1656,98.7158,97.473,97.5506,12977592.780423,0
JPM.US,D,20190529,000000,96.6104,97.4337,96.2439,97.2873,11087271.637392,0
JPM.US,D,20190530,000000,97.6675,98.146,95.7685,96.2439,11533879.144694,0
JPM.US,D,20190531,000000,94.8951,95.8166,94.2339,95.2458,12184712.435819,0
JPM.US,D,20190603,000000,95.1121,96.0612,94.6603,95.6928,12994465.022213,0
JPM.US,D,20190604,000000,96.9405,98.7748,96.3009,98.6372,14304778.424806,0
JPM.US,D,20190605,000000,98.7452,99.2262,97.6479,98.9908,9278529.859872,0
JPM.US,D,20190606,000000,99.0106,99.6594,97.92,99.2173,9708143.9986485,0
JPM.US,D,20190607,000000,98.5979,98.8926,97.9396,98.1263,11813229.969391,0
JPM.US,D,20190610,000000,99.5513,99.9735,99.0694,99.1876,12660566.451528,0
JPM.US,D,20190611,000000,99.6098,100.298,99.2173,99.4919,10955592.625352,0
JPM.US,D,20190612,000000,99.5117,99.6782,97.8709,98.2344,10758144.849375,0
JPM.US,D,20190613,000000,98.4112,99.0204,98.0182,98.4702,9352417.1687223,0
JPM.US,D,20190614,000000,98.4996,99.1578,97.6479,98.706,10098640.308985,0
JPM.US,D,20190617,000000,98.5979,99.2173,98.028,98.1852,9042793.8209159,0
JPM.US,D,20190618,000000,97.9888,100.13,97.9593,99.5117,12300947.280107,0
JPM.US,D,20190619,000000,99.6098,100.317,98.588,98.7846,14602868.268045,0
JPM.US,D,20190620,000000,99.6683,99.8556,98.0084,99.0498,15172072.317944,0
JPM.US,D,20190621,000000,99.0498,100.376,98.0576,98.3916,30136277.924889,0
JPM.US,D,20190624,000000,98.2442,98.6666,97.5604,97.6774,14506122.613763,0
JPM.US,D,20190625,000000,97.697,97.9593,96.7853,96.8629,20758793.629082,0
JPM.US,D,20190626,000000,97.3462,98.2737,97.2284,97.5113,11485809.134392,0
JPM.US,D,20190627,000000,97.8218,98.48,97.473,97.8218,12133261.055632,0
JPM.US,D,20190628,000000,99.816,101.074,99.6782,100.484,24067911.925773,0
JPM.US,D,20190701,000000,101.771,102.94,101.654,102.194,14197859.142587,0
JPM.US,D,20190702,000000,102.036,102.656,101.762,102.292,11327852.745781,0
JPM.US,D,20190703,000000,102.596,103.098,101.624,102.144,7566225.3214993,0
JPM.US,D,20190705,000000,102.754,103.432,102.233,102.734,8759348.0982508,0
JPM.US,D,20190708,000000,102.262,102.724,101.84,102.184,7641081.6442363,0
JPM.US,D,20190709,000000,101.644,102.734,101.516,102.606,9883644.4243914,0
JPM.US,D,20190710,000000,102.626,103.058,102.066,102.312,10209439.718238,0
JPM.US,D,20190711,000000,102.626,103.52,102.41,103.304,12808584.340572,0
JPM.US,D,20190712,000000,103.314,104.424,103.146,104.374,11911857.668501,0
JPM.US,D,20190715,000000,104.591,104.62,102.773,103.117,14301438.787662,0
JPM.US,D,20190716,000000,102.724,104.552,102.233,104.218,18718263.119173,0
JPM.US,D,20190717,000000,103.588,104.04,102.96,103.196,14494006.886565,0
JPM.US,D,20190718,000000,103.146,104.168,102.793,103.805,10384418.993655,0
JPM.US,D,20190719,000000,103.874,104.218,102.656,102.783,11491402.339546,0
JPM.US,D,20190722,000000,102.223,103.608,102.096,103.432,10009756.695943,0
JPM.US,D,20190723,000000,105.338,105.396,103.942,105.338,14086660.727618,0
JPM.US,D,20190724,000000,104.63,105.809,104.571,105.76,11058671.477534,0
JPM.US,D,20190725,000000,105.819,106.153,104.394,104.758,11199330.153974,0
JPM.US,D,20190726,000000,105.21,105.455,104.581,105.21,14139901.526304,0
JPM.US,D,20190729,000000,105.406,106.094,104.836,104.896,9389919.6347271,0
JPM.US,D,20190730,000000,104.276,105.092,103.884,104.64,7866361.0869144,0
JPM.US,D,20190731,000000,105.112,105.17,103.982,105.013,15076206.104838,0
JPM.US,D,20190801,000000,104.404,105.73,101.928,102.252,17303798.027593,0
JPM.US,D,20190802,000000,102.243,102.685,100.848,102.243,12179330.947985,0
JPM.US,D,20190805,000000,100.298,100.464,97.9986,99.1975,17514561.601537,0
JPM.US,D,20190806,000000,99.6197,100.042,98.0772,99.9735,11271264.166975,0
JPM.US,D,20190807,000000,97.7726,98.0182,95.907,97.7923,19133465.212131,0
JPM.US,D,20190808,000000,98.706,99.6494,98.4308,99.4621,12044346.906438,0
JPM.US,D,20190809,000000,98.981,99.9934,98.028,99.364,11025312.767341,0
JPM.US,D,20190812,000000,98.146,98.2442,97.0535,97.5408,9227082.5511719,0
JPM.US,D,20190813,000000,97.7264,99.8754,96.8825,98.9712,13517096.351125,0
JPM.US,D,20190814,000000,96.2341,96.7853,94.5571,94.8755,21531638.18656,0
JPM.US,D,20190815,000000,95.0179,96.3009,94.451,95.2291,14764250.812898,0
JPM.US,D,20190816,000000,96.2911,97.753,95.8461,97.5113,13068597.63815,0
JPM.US,D,20190819,000000,99.3442,99.364,98.146,98.4112,9130548.6142101,0
JPM.US,D,20190820,000000,97.6282,98.1754,97.083,97.1508,9252651.489019,0
JPM.US,D,20190821,000000,97.9593,98.1656,97.2677,97.4042,9046682.0909229,0
JPM.US,D,20190822,000000,98.1066,98.9122,97.7068,98.4308,10321166.408636,0
JPM.US,D,20190823,000000,97.7726,98.48,95.1417,95.9836,16309135.80919,0
JPM.US,D,20190826,000000,96.5239,96.8531,95.9738,96.746,9071322.7297526,0
JPM.US,D,20190827,000000,97.19,97.3649,94.9137,95.7223,15836184.763654,0
JPM.US,D,20190828,000000,95.122,97.0535,95.1023,96.6792,11702380.684424,0
JPM.US,D,20190829,000000,97.8905,99.4919,97.7824,98.8632,11049178.805784,0
JPM.US,D,20190830,000000,99.4423,100.072,99.099,99.4621,11234655.392349,0
JPM.US,D,20190903,000000,98.647,98.6568,97.1508,98.2934,10901966.053278,0
JPM.US,D,20190904,000000,99.0792,99.7773,98.2934,99.472,7670739.3728212,0
JPM.US,D,20190905,000000,100.71,102.95,100.661,101.712,14610758.809692,0
JPM.US,D,20190906,000000,101.988,102.282,101.358,101.948,8656836.2006211,0
JPM.US,D,20190909,000000,102.94,105.062,102.832,104.463,15448666.745998,0
JPM.US,D,20190910,000000,105.288,106.182,104.778,105.799,15833032.414907,0
JPM.US,D,20190911,000000,105.819,106.114,104.453,106.104,10957247.684783,0
JPM.US,D,20190912,000000,105.485,107.243,104.944,106.713,13568892.789829,0
JPM.US,D,20190913,000000,107.734,109.002,107.518,108.835,17958540.964032,0
JPM.US,D,20190916,000000,107.646,108.511,107.165,107.872,13249077.492394,0
JPM.US,D,20190917,000000,107.204,107.381,106.153,107.342,11951993.36867,0
JPM.US,D,20190918,000000,107.106,108.697,106.575,108.412,11837764.749561,0
JPM.US,D,20190919,000000,108.354,108.943,107.813,108.069,10450492.101237,0
JPM.US,D,20190920,000000,108.393,108.943,107.617,107.646,24387125.661017,0
JPM.US,D,20190923,000000,106.605,107.843,106.536,107.626,10145131.600234,0
JPM.US,D,20190924,000000,107.518,107.97,105.956,106.232,13092180.708253,0
JPM.US,D,20190925,000000,106.182,107.145,106.035,106.801,11343657.240126,0
JPM.US,D,20190926,000000,106.693,106.85,105.868,105.946,10958788.742582,0
JPM.US,D,20190927,000000,106.762,107.4,106.182,106.566,11276203.898479,0
JPM.US,D,20190930,000000,107.145,107.528,106.124,106.546,10826388.059485,0
JPM.US,D,20191001,000000,107.184,107.734,104.473,104.6,12514145.603227,0
JPM.US,D,20191002,000000,103.776,104.021,102.243,102.508,13952081.799019,0
JPM.US,D,20191003,000000,102.439,103.038,100.858,102.38,14358206.511892,0
JPM.US,D,20191004,000000,102.498,104.905,102.439,104.591,10545271.227337,0
JPM.US,D,20191007,000000,104.198,105.377,104.08,104.365,7470490.4138452,0
JPM.US,D,20191008,000000,103.176,103.176,101.889,102.046,12699292.399351,0
JPM.US,D,20191009,000000,102.754,103.274,102.272,102.773,8043530.8222938,0
JPM.US,D,20191010,000000,103.254,105.298,103.127,104.218,12480749.231779,0
JPM.US,D,20191011,000000,105.878,107.676,105.73,105.986,16650389.520993,0
JPM.US,D,20191014,000000,105.701,106.634,105.524,106.271,9729720.8435722,0
JPM.US,D,20191015,000000,108.452,110.957,107.568,109.464,33448504.801843,0
JPM.US,D,20191016,000000,109.464,110.073,108.943,109.218,12747198.532304,0
JPM.US,D,20191017,000000,110.2,110.937,109.395,109.817,12125701.322297,0
JPM.US,D,20191018,000000,109.493,110.426,109.385,110.014,11417190.329614,0
JPM.US,D,20191021,000000,111.379,112.961,111.32,112.755,14545124.404826,0
JPM.US,D,20191022,000000,112.627,114.16,112.342,113.865,13870515.66584,0
JPM.US,D,20191023,000000,113.325,114.209,113.295,114.179,10298246.9909,0
JPM.US,D,20191024,000000,114.346,114.671,113.207,114.091,8829601.6050266,0
JPM.US,D,20191025,000000,114.061,115.584,113.836,114.995,9923855.4470686,0
JPM.US,D,20191028,000000,115.506,116.085,115.339,115.447,10435073.380278,0
JPM.US,D,20191029,000000,115.015,116.282,114.906,115.368,10736544.593401,0
JPM.US,D,20191030,000000,115.015,115.201,113.983,114.72,9329909.9890378,0
JPM.US,D,20191031,000000,114.533,114.72,113.03,113.983,12700113.821837,0
JPM.US,D,20191101,000000,115.241,116.783,114.985,116.616,12802654.219875,0
JPM.US,D,20191104,000000,117.795,118.089,117.313,117.559,10038024.011745,0
JPM.US,D,20191105,000000,118.06,118.895,117.579,117.815,15065617.185234,0
JPM.US,D,20191106,000000,117.431,118.473,117.333,117.981,12307846.414691,0
JPM.US,D,20191107,000000,119.023,119.789,118.551,118.62,14825937.911198,0
JPM.US,D,20191108,000000,118.512,118.993,117.942,118.974,10185257.121686,0
JPM.US,D,20191111,000000,118.257,118.718,118.021,118.551,9512688.1976472,0
JPM.US,D,20191112,000000,118.286,119.209,117.736,117.873,9974508.8158195,0
JPM.US,D,20191113,000000,116.911,117.549,116.282,117.245,8874511.1236074,0
JPM.US,D,20191114,000000,116.547,117.579,116.429,117.353,9297058.1789655,0
JPM.US,D,20191115,000000,117.932,118.197,117.166,118.197,11138054.275852,0
JPM.US,D,20191118,000000,118.227,119.229,117.716,119.209,9591602.7749699,0
JPM.US,D,20191119,000000,119.553,119.75,118.777,119.17,9670886.8397306,0
JPM.US,D,20191120,000000,118.895,119.209,117.677,118.286,12915136.171096,0
JPM.US,D,20191121,000000,118.62,119.298,118.06,118.561,8444215.0107721,0
JPM.US,D,20191122,000000,118.748,119.73,118.718,119.367,8950972.630062,0
JPM.US,D,20191125,000000,119.75,120.526,119.435,119.966,11035045.656819,0
JPM.US,D,20191126,000000,120.281,120.281,118.954,120.133,11499905.639976,0
JPM.US,D,20191127,000000,120.732,120.86,120.113,120.516,7240982.7320025,0
JPM.US,D,20191129,000000,120.329,120.841,119.937,120.221,6259645.47241,0
JPM.US,D,20191202,000000,120.752,121.135,119.848,119.947,9449559.7929785,0
JPM.US,D,20191203,000000,118.325,118.591,117.333,118.414,11670415.440629,0
JPM.US,D,20191204,000000,118.974,120.889,118.62,120.771,11308620.05945,0
JPM.US,D,20191205,000000,121.076,121.636,120.634,121.41,10507066.429839,0
JPM.US,D,20191206,000000,122.943,123.896,122.855,123.218,11146366.216396,0
JPM.US,D,20191209,000000,122.835,123.621,122.658,122.658,9398595.9733501,0
JPM.US,D,20191210,000000,121.587,122.963,121.243,122.747,8255187.0697431,0
JPM.US,D,20191211,000000,122.559,123.198,122.304,122.451,9876498.9648497,0
JPM.US,D,20191212,000000,122.737,126.342,122.481,125.959,15041619.841338,0
JPM.US,D,20191213,000000,125.89,126.667,124.318,124.829,11610682.65605,0
JPM.US,D,20191216,000000,126.283,126.676,125.301,125.321,12463093.228758,0
JPM.US,D,20191217,000000,125.684,126.519,125.222,126.097,12654077.519251,0
JPM.US,D,20191218,000000,126.087,126.853,125.674,125.979,11377477.046214,0
JPM.US,D,20191219,000000,125.713,126.135,125.104,125.33,10247527.460487,0
JPM.US,D,20191220,000000,125.959,126.715,124.917,125.232,32869472.182522,0
JPM.US,D,20191223,000000,125.556,125.861,124.898,125.193,10672154.027788,0
JPM.US,D,20191224,000000,125.311,125.585,125.065,125.537,3642988.3669685,0
JPM.US,D,20191226,000000,125.841,126.921,125.733,126.873,7422362.3848554,0
JPM.US,D,20191227,000000,127.118,127.561,126.529,126.961,8622931.9111805,0
JPM.US,D,20191230,000000,127.678,127.835,126.342,126.489,7630914.1235295,0
JPM.US,D,20191231,000000,126.381,127.285,126.205,127.217,7892272.0296626,0
JPM.US,D,20200102,000000,127.58,128.769,127.089,128.759,11847468.120759,0
JPM.US,D,20200103,000000,126.283,127.875,125.9,127.049,11310753.518596,0
JPM.US,D,20200106,000000,125.419,126.981,125.359,126.941,11179002.237662,0
JPM.US,D,20200107,000000,126.087,126.587,124.721,124.78,11516979.420368,0
JPM.US,D,20200108,000000,124.613,126.342,124.535,125.773,10559657.826363,0
JPM.US,D,20200109,000000,126.775,126.941,125.871,126.234,10312497.195114,0
JPM.US,D,20200110,000000,125.949,126.067,124.711,124.957,11097886.003788,0
JPM.US,D,20200113,000000,125.065,126.018,124.672,126.018,13482295.316691,0
JPM.US,D,20200114,000000,126.667,129.279,126.431,127.481,27159867.288959,0
JPM.US,D,20200115,000000,126.578,127.295,125.025,125.556,17741562.265309,0
JPM.US,D,20200116,000000,126.244,126.627,125.674,126.067,11742204.915844,0
JPM.US,D,20200117,000000,126.303,126.991,126.116,126.912,16003991.096993,0
JPM.US,D,20200121,000000,126.008,126.794,125.527,125.674,9227430.6633035,0
JPM.US,D,20200122,000000,126.057,126.195,125.251,125.517,8220071.5129443,0
JPM.US,D,20200123,000000,124.623,125.585,123.719,125.399,10176319.190029,0
JPM.US,D,20200124,000000,125.241,125.291,121.509,122.295,16514369.286024,0
JPM.US,D,20200127,000000,119.514,122.088,119.131,121.243,14003483.303491,0
JPM.US,D,20200128,000000,121.99,123.945,121.656,123.463,14223799.603616,0
JPM.US,D,20200129,000000,123.807,124.485,122.795,123.267,10155076.207032,0
JPM.US,D,20200130,000000,121.852,125.006,121.852,124.79,9853145.9337579,0
JPM.US,D,20200131,000000,123.523,123.827,120.752,121.548,13921584.326257,0
JPM.US,D,20200203,000000,121.823,123.277,121.823,122.501,10912059.269349,0
JPM.US,D,20200204,000000,124.495,125.458,124.053,124.259,9971004.2834545,0
JPM.US,D,20200205,000000,125.429,126.469,124.898,126.342,11052895.055468,0
JPM.US,D,20200206,000000,126.951,127.001,125.929,126.361,9791848.6803307,0
JPM.US,D,20200207,000000,125.566,126.421,125.173,125.989,6946814.748538,0
JPM.US,D,20200210,000000,125.782,126.578,125.585,126.479,6490481.4768599,0
JPM.US,D,20200211,000000,126.971,127.501,126.519,126.725,7163353.7266741,0
JPM.US,D,20200212,000000,127.295,127.904,126.539,126.725,8665284.5359767,0
JPM.US,D,20200213,000000,126.489,127.049,125.261,126.607,8109465.4993209,0
JPM.US,D,20200214,000000,126.578,126.902,125.773,126.253,7216973.173645,0
JPM.US,D,20200218,000000,126.135,126.45,124.023,124.573,9796915.6458005,0
JPM.US,D,20200219,000000,125.743,127.099,125.213,126.273,7699900.3800019,0
JPM.US,D,20200220,000000,125.989,127.069,125.389,126.273,8082533.6312279,0
JPM.US,D,20200221,000000,125.409,125.753,123.915,124.711,10641366.461583,0
JPM.US,D,20200224,000000,120.997,122.343,120.103,121.361,14828828.66691,0
JPM.US,D,20200225,000000,120.3,121.43,115.339,115.958,22645626.525695,0
JPM.US,D,20200226,000000,116.567,118.414,116.026,116.311,27043581.551084,0
JPM.US,D,20200227,000000,112.892,115.368,111.409,111.458,25050179.520127,0
JPM.US,D,20200228,000000,107.931,108.815,103.451,106.624,50025923.098541,0
JPM.US,D,20200302,000000,107.234,111.655,105.121,111.596,29786777.416332,0
JPM.US,D,20200303,000000,111.104,112.922,106.732,107.42,35440553.0634,0
JPM.US,D,20200304,000000,108.658,110.377,105.338,110.073,28088584.651618,0
JPM.US,D,20200305,000000,106.241,106.919,103.382,104.67,27249887.864723,0
JPM.US,D,20200306,000000,97.5899,101.329,96.4453,99.2659,41550983.629612,0
JPM.US,D,20200309,000000,88.689,91.1314,85.4095,85.8143,43938481.165342,0
JPM.US,D,20200310,000000,90.9192,93.0147,86.8607,92.4773,33867031.263869,0
JPM.US,D,20200311,000000,89.6891,91.8829,86.8321,88.126,41549244.086826,0
JPM.US,D,20200312,000000,82.2776,89.0456,79.2752,80.8628,54144773.624191,0
JPM.US,D,20200313,000000,88.1545,95.5003,84.492,95.4236,41969028.638309,0
JPM.US,D,20200316,000000,78.2456,86.3095,77.6483,81.1478,42019472.325484,0
JPM.US,D,20200317,000000,83.4712,89.4868,80.3559,86.1071,38371934.071885,0
JPM.US,D,20200318,000000,80.515,83.3799,73.8001,77.0411,45216329.54912,0
JPM.US,D,20200319,000000,74.9033,80.9178,70.6327,78.338,35034754.06948,0
JPM.US,D,20200320,000000,79.2556,82.1587,75.7473,76.6835,32830605.768399,0
JPM.US,D,20200323,000000,75.9309,76.9135,71.7154,72.5788,35428408.835794,0
JPM.US,D,20200324,000000,77.9705,82.7442,76.1333,81.2116,37417332.231141,0
JPM.US,D,20200325,000000,81.9563,87.3833,77.6405,84.2415,41499037.563764,0
JPM.US,D,20200326,000000,86.3999,90.5262,85.9027,90.1116,32492620.44272,0
JPM.US,D,20200327,000000,85.5835,87.0994,83.1598,83.6933,32711519.865397,0
JPM.US,D,20200330,000000,83.2512,86.4097,82.0113,85.8665,23581784.530699,0
JPM.US,D,20200331,000000,84.5352,86.4834,82.0486,82.6823,25457238.639248,0
JPM.US,D,20200401,000000,78.1543,79.4943,76.4557,77.4734,30520812.560505,0
JPM.US,D,20200402,000000,76.6923,80.7352,76.1883,80.3658,26152657.765744,0
JPM.US,D,20200403,000000,79.8018,81.1742,76.8043,77.9931,22846235.811264,0
JPM.US,D,20200406,000000,82.5752,84.4321,81.3786,83.0124,28904305.019963,0
JPM.US,D,20200407,000000,87.6417,87.6889,83.8652,84.1059,24316581.042926,0
JPM.US,D,20200408,000000,85.4617,88.0229,84.0243,87.5022,24682393.963821,0
JPM.US,D,20200409,000000,89.9338,96.8629,89.9052,95.3479,45353829.769583,0
JPM.US,D,20200413,000000,95.6731,95.6731,90.2864,91.1126,29002484.855511,0
JPM.US,D,20200414,000000,93.7427,94.6505,86.8891,88.6143,49736314.162554,0
JPM.US,D,20200415,000000,84.5785,85.3959,83.6333,84.2444,32458253.021642,0
JPM.US,D,20200416,000000,83.7247,84.0411,80.7754,81.0348,34970325.842613,0
JPM.US,D,20200417,000000,85.3673,88.802,84.4026,88.3186,32537223.58191,0
JPM.US,D,20200420,000000,85.8065,87.8844,83.9389,85.1001,25518861.611629,0
JPM.US,D,20200421,000000,82.2324,84.7975,81.9642,82.6312,24824398.266686,0
JPM.US,D,20200422,000000,84.154,85.2475,82.7511,82.9004,18003761.951363,0
JPM.US,D,20200423,000000,83.2708,84.6993,82.8268,82.9456,17931274.21614,0
JPM.US,D,20200424,000000,84.1059,84.5333,82.1106,84.1737,17043827.480628,0
JPM.US,D,20200427,000000,85.3143,88.7361,84.9459,87.7989,24646782.703489,0
JPM.US,D,20200428,000000,90.759,91.2698,88.181,88.4198,21811071.458867,0
JPM.US,D,20200429,000000,91.9379,92.2808,90.258,90.8072,22052107.55592,0
JPM.US,D,20200430,000000,88.7096,89.86,87.736,88.859,20613479.207352,0
JPM.US,D,20200501,000000,86.7615,86.9815,85.2151,86.5286,19988540.573027,0
JPM.US,D,20200504,000000,85.386,85.9893,84.2542,85.4989,16947469.635475,0
JPM.US,D,20200505,000000,86.8989,87.4197,85.2759,85.3673,19467372.943662,0
JPM.US,D,20200506,000000,85.5167,86.0737,83.4476,83.763,22607622.248928,0
JPM.US,D,20200507,000000,84.7563,86.2123,84.0499,84.6364,18074794.130011,0
JPM.US,D,20200508,000000,86.1111,87.2969,85.4715,86.0177,22086971.698401,0
JPM.US,D,20200511,000000,84.5411,84.5411,82.8916,83.486,34386186.560825,0
JPM.US,D,20200512,000000,83.652,84.2444,80.6359,80.7578,30135100.247298,0
JPM.US,D,20200513,000000,80.1526,80.6006,77.3879,77.9735,38205502.883252,0
JPM.US,D,20200514,000000,76.7581,81.7588,76.4615,81.2106,37883115.423957,0
JPM.US,D,20200515,000000,80.5907,80.9896,79.1514,79.7085,28126434.211883,0
JPM.US,D,20200518,000000,82.2962,84.5785,81.5456,83.9291,32900226.158959,0
JPM.US,D,20200519,000000,83.5587,84.6266,82.2038,82.2786,21119619.996374,0
JPM.US,D,20200520,000000,84.1737,85.7249,83.8573,84.7465,22148882.728481,0
JPM.US,D,20200521,000000,83.763,85.1473,83.207,83.6716,15757206.060412,0
JPM.US,D,20200522,000000,83.5223,83.8475,82.3257,83.0222,14611110.993311,0
JPM.US,D,20200526,000000,86.1945,90.4722,85.9351,88.913,44437027.613389,0
JPM.US,D,20200527,000000,94.7075,95.1898,91.6786,94.0609,42462815.518149,0
JPM.US,D,20200528,000000,95.5199,95.5297,92.2356,92.661,26660246.986237,0
JPM.US,D,20200529,000000,91.5488,92.0312,89.7992,90.2962,28599653.975555,0
JPM.US,D,20200601,000000,90.704,92.3378,90.361,91.4928,16388821.933283,0
JPM.US,D,20200602,000000,93.052,93.1817,90.868,91.7984,22841401.93842,0
JPM.US,D,20200603,000000,94.2633,97.3462,93.7721,96.7558,27956210.433186,0
JPM.US,D,20200604,000000,96.3304,98.922,95.3765,98.755,28865376.515664,0
JPM.US,D,20200605,000000,106.634,107.43,101.634,103.225,45511515.404315,0
JPM.US,D,20200608,000000,105.239,105.966,103.864,105.278,26814623.519975,0
JPM.US,D,20200609,000000,102.675,103.579,101.172,102.567,18354133.758119,0
JPM.US,D,20200610,000000,102.498,102.538,98.2344,98.421,26848610.257027,0
JPM.US,D,20200611,000000,92.8192,94.2633,89.58,90.203,39075862.606041,0
JPM.US,D,20200612,000000,93.4529,93.836,90.3159,92.6708,26787652.972756,0
JPM.US,D,20200615,000000,89.471,94.1199,88.9592,93.9489,23874549.88692,0
JPM.US,D,20200616,000000,97.7726,98.0674,92.1531,94.7075,23917586.521518,0
JPM.US,D,20200617,000000,95.1417,95.1515,92.0588,92.3103,16854742.538782,0
JPM.US,D,20200618,000000,91.5577,93.275,91.0566,91.8082,17880781.671122,0
JPM.US,D,20200619,000000,93.2849,93.3497,89.7569,90.759,43507224.181594,0
JPM.US,D,20200622,000000,90.2392,90.8886,89.58,89.7756,17476641.808123,0
JPM.US,D,20200623,000000,91.8367,92.7641,90.7973,90.87,16576211.100827,0
JPM.US,D,20200624,000000,89.7756,89.86,87.512,87.8362,24700206.719088,0
JPM.US,D,20200625,000000,87.5483,91.1314,87.4678,90.8985,27743418.240887,0
JPM.US,D,20200626,000000,88.2538,88.4964,85.3673,85.9155,45150854.950115,0
JPM.US,D,20200629,000000,86.6681,87.679,85.5343,86.2977,19936810.295986,0
JPM.US,D,20200630,000000,86.1395,87.8362,85.8979,87.2792,20623585.655755,0
JPM.US,D,20200701,000000,88.0504,88.8069,86.3233,86.5375,20212684.070855,0
JPM.US,D,20200702,000000,88.7666,88.9739,86.1365,86.8184,29719082.839085,0
JPM.US,D,20200706,000000,88.4768,89.2008,87.5886,89.0122,19878390.565939,0
JPM.US,D,20200707,000000,87.906,88.1683,86.1995,86.4991,27490162.593721,0
JPM.US,D,20200708,000000,86.4716,87.455,86.0128,87.4187,20024544.731846,0
JPM.US,D,20200709,000000,87.623,88.1879,85.0529,85.5255,27323194.986688,0
JPM.US,D,20200710,000000,86.1995,90.7344,86.0797,90.201,30902290.527318,0
JPM.US,D,20200713,000000,92.5067,93.0088,90.1596,91.4948,34237518.251745,0
JPM.US,D,20200714,000000,92.1688,93.6483,90.5468,92.0185,45606674.196569,0
JPM.US,D,20200715,000000,94.5277,94.9039,92.4311,93.443,24022787.636258,0
JPM.US,D,20200716,000000,92.5539,94.8361,92.3368,93.7063,18023045.531279,0
JPM.US,D,20200717,000000,93.6975,93.7721,91.9536,91.9733,17248905.223089,0
JPM.US,D,20200720,000000,91.2885,92.1865,91.1294,91.1667,15430888.598368,0
JPM.US,D,20200721,000000,91.5508,93.7427,91.485,93.1424,19010719.042388,0
JPM.US,D,20200722,000000,93.3693,93.8173,91.3818,92.4694,15231319.577709,0
JPM.US,D,20200723,000000,92.2906,93.0874,91.7935,92.7406,13736096.543103,0
JPM.US,D,20200724,000000,93.3202,93.5079,91.767,92.0843,13601584.79404,0
JPM.US,D,20200727,000000,91.3622,91.4752,90.1076,90.7924,12763666.679017,0
JPM.US,D,20200728,000000,90.4162,91.7149,90.4162,91.1854,12545107.225497,0
JPM.US,D,20200729,000000,90.9516,93.4243,90.8838,93.3959,13600909.945082,0
JPM.US,D,20200730,000000,91.3897,91.5784,89.9966,90.9034,15832876.680533,0
JPM.US,D,20200731,000000,90.3964,90.8199,89.244,90.5468,15517720.182004,0
JPM.US,D,20200803,000000,90.9034,91.4192,89.808,90.0418,13845364.055402,0
JPM.US,D,20200804,000000,89.865,89.9004,89.0407,89.528,14265435.646714,0
JPM.US,D,20200805,000000,89.8276,92.2621,89.6862,91.0812,16382428.680949,0
JPM.US,D,20200806,000000,91.429,91.9163,90.4544,91.1107,11187299.928001,0
JPM.US,D,20200807,000000,90.8199,93.219,90.473,93.1149,15735639.394205,0
JPM.US,D,20200810,000000,93.7987,95.6063,93.7279,94.2909,15998377.534404,0
JPM.US,D,20200811,000000,97.3168,99.472,96.9886,97.2775,33639196.96315,0
JPM.US,D,20200812,000000,99.472,99.7277,95.2939,96.4453,20545316.409108,0
JPM.US,D,20200813,000000,95.5681,96.8432,95.2291,95.9158,14513572.416952,0
JPM.US,D,20200814,000000,95.1023,96.7951,95.0277,95.9551,12950764.735246,0
JPM.US,D,20200817,000000,95.1023,95.5681,93.2553,93.4243,15996388.613044,0
JPM.US,D,20200818,000000,93.612,93.612,91.935,92.1216,14137736.513136,0
JPM.US,D,20200819,000000,92.6846,94.2535,92.1413,92.3368,14443522.484522,0
JPM.US,D,20200820,000000,91.1294,91.8505,90.698,91.2316,14592474.779814,0
JPM.US,D,20200821,000000,91.1382,92.3515,90.8298,91.1854,13051027.136353,0
JPM.US,D,20200824,000000,92.2444,93.8929,91.2787,93.7525,19102476.107323,0
JPM.US,D,20200825,000000,94.8853,95.5493,93.5079,94.1691,14567238.686023,0
JPM.US,D,20200826,000000,93.6395,93.9489,92.8054,92.8437,12863330.571547,0
JPM.US,D,20200827,000000,92.7592,96.1761,92.7592,95.8971,23655058.062896,0
JPM.US,D,20200828,000000,96.6399,96.746,95.3863,96.2911,14682285.674002,0
JPM.US,D,20200831,000000,95.6829,95.7409,93.7141,93.8743,15176133.626146,0
JPM.US,D,20200901,000000,93.275,94.5089,92.7966,93.8271,12382643.700868,0
JPM.US,D,20200902,000000,93.6483,95.5101,93.2849,95.2458,15449603.187989,0
JPM.US,D,20200903,000000,96.8049,98.3818,94.2909,94.9413,24847609.813607,0
JPM.US,D,20200904,000000,97.4828,98.5684,94.9795,96.9985,28096661.463793,0
JPM.US,D,20200908,000000,96.4847,97.0437,93.2092,93.6209,23596091.73573,0
JPM.US,D,20200909,000000,94.4421,95.2841,93.2849,94.5089,14337870.452607,0
JPM.US,D,20200910,000000,95.0081,95.9639,93.3595,93.5373,16994087.142819,0
JPM.US,D,20200911,000000,93.668,94.9697,93.3104,94.6985,14711759.167804,0
JPM.US,D,20200914,000000,95.1121,96.9405,94.9795,96.0131,20296871.223737,0
JPM.US,D,20200915,000000,96.2538,96.3599,92.8909,93.0215,25276376.065233,0
JPM.US,D,20200916,000000,93.162,94.7555,92.5343,93.4145,20581692.091109,0
JPM.US,D,20200917,000000,92.4783,93.0805,91.5508,92.3466,19520671.761037,0
JPM.US,D,20200918,000000,91.7178,93.219,91.2974,92.1511,21475368.201606,0
JPM.US,D,20200921,000000,89.2008,89.9966,87.906,89.302,30288105.707817,0
JPM.US,D,20200922,000000,88.9739,89.6302,87.7645,88.3274,20552626.763871,0
JPM.US,D,20200923,000000,88.8059,89.3394,86.8203,86.8931,21295092.93958,0
JPM.US,D,20200924,000000,86.4991,88.3559,85.6209,86.8184,19602231.786986,0
JPM.US,D,20200925,000000,86.2476,87.8067,86.0787,87.5788,14187441.225435,0
JPM.US,D,20200928,000000,89.0672,90.8199,88.4031,90.0978,22299871.785105,0
JPM.US,D,20200929,000000,89.977,89.977,88.3864,89.3394,13719540.859422,0
JPM.US,D,20200930,000000,89.3394,91.0694,89.2539,90.201,17504026.629135,0
JPM.US,D,20201001,000000,90.9977,91.6068,89.977,90.8572,16840263.313429,0
JPM.US,D,20201002,000000,89.244,92.3761,89.0947,91.7178,16168840.512958,0
JPM.US,D,20201005,000000,92.9773,93.8566,92.2297,93.6572,14669070.645337,0
JPM.US,D,20201006,000000,94.6307,95.3765,92.211,92.6934,20324999.091112,0
JPM.US,D,20201007,000000,93.5815,94.8951,93.3035,94.3095,17298623.16772,0
JPM.US,D,20201008,000000,95.0473,96.3795,94.4657,96.2439,16558908.299296,0
JPM.US,D,20201009,000000,96.4552,96.5534,94.6701,95.7027,14475800.214939,0
JPM.US,D,20201012,000000,95.6063,97.3944,95.3667,96.8727,16980797.809517,0
JPM.US,D,20201013,000000,97.3944,97.6096,94.8087,95.3037,22944210.036723,0
JPM.US,D,20201014,000000,95.5395,96.3893,94.6603,94.7693,16089276.533471,0
JPM.US,D,20201015,000000,93.7141,96.2439,93.6572,96.186,18157991.911572,0
JPM.US,D,20201016,000000,95.8971,96.7755,95.2458,95.9935,14039364.299831,0
JPM.US,D,20201019,000000,96.0799,96.3304,94.1494,94.3763,12399524.08563,0
JPM.US,D,20201020,000000,94.8557,96.2341,94.6789,94.9137,11903990.537902,0
JPM.US,D,20201021,000000,94.9039,95.5003,93.9323,93.9687,11347181.112055,0
JPM.US,D,20201022,000000,93.9225,97.6282,93.9127,97.2873,15689868.756142,0
JPM.US,D,20201023,000000,97.8709,98.7649,97.3266,98.1754,15954664.015106,0
JPM.US,D,20201026,000000,97.0731,97.1213,94.7987,95.7409,13123962.735137,0
JPM.US,D,20201027,000000,95.0473,95.4335,93.7721,93.9323,10988849.548372,0
JPM.US,D,20201028,000000,92.2012,92.9587,90.8504,91.2944,17331333.493622,0
JPM.US,D,20201029,000000,90.8956,92.6551,90.0624,91.8888,15025372.572791,0
JPM.US,D,20201030,000000,92.5883,93.0707,91.0006,92.7131,16074238.496538,0
JPM.US,D,20201102,000000,93.9883,95.3961,92.5421,94.7987,15874282.684621,0
JPM.US,D,20201103,000000,97.414,99.04,97.1114,97.7923,18487278.505451,0
JPM.US,D,20201104,000000,95.5101,96.5239,93.5541,94.7987,19971888.191531,0
JPM.US,D,20201105,000000,95.5681,99.3838,95.5101,98.6764,18862450.756899,0
JPM.US,D,20201106,000000,99.3253,99.3937,96.8236,97.3551,13274169.0484,0
JPM.US,D,20201109,000000,106.998,112.44,104.355,110.544,50538939.611096,0
JPM.US,D,20201110,000000,110.977,111.075,108.452,110.191,21719692.024344,0
JPM.US,D,20201111,000000,110.535,110.603,107.784,108.54,15273442.163494,0
JPM.US,D,20201112,000000,106.428,107.774,105.966,107.204,23334579.113094,0
JPM.US,D,20201113,000000,108.462,108.609,107.4,107.882,12538260.002372,0
JPM.US,D,20201116,000000,111.399,112.156,109.444,110.928,20999794.100624,0
JPM.US,D,20201117,000000,109.12,110.112,108.344,109.808,15389591.506556,0
JPM.US,D,20201118,000000,110.967,112.156,108.943,108.992,13293658.238406,0
JPM.US,D,20201119,000000,107.98,109.523,107.391,109.287,10788857.093072,0
JPM.US,D,20201120,000000,108.196,109.366,107.892,108.334,13451862.98772,0
JPM.US,D,20201123,000000,109.749,111.753,109.297,111.458,13968317.870977,0
JPM.US,D,20201124,000000,113.531,116.783,113.197,116.616,21277902.103939,0
JPM.US,D,20201125,000000,114.759,115.732,113.914,115.398,12388900.558389,0
JPM.US,D,20201127,000000,115.368,115.712,114.513,114.641,6327492.7304171,0
JPM.US,D,20201130,000000,113.462,114.17,111.379,111.468,15240066.14948,0
JPM.US,D,20201201,000000,113.796,114.965,113.118,113.226,13406813.00284,0
JPM.US,D,20201202,000000,113.187,115.673,112.804,115.407,11432556.121245,0
JPM.US,D,20201203,000000,115.221,115.25,113.816,114.651,13646003.698447,0
JPM.US,D,20201204,000000,115.83,116.586,115.064,115.702,14364279.13463,0
JPM.US,D,20201207,000000,114.572,115.535,113.669,115.25,10282297.958769,0
JPM.US,D,20201208,000000,114.474,115.692,114.209,115.368,10142329.399363,0
JPM.US,D,20201209,000000,116.469,116.596,113.895,114.484,13820550.378379,0
JPM.US,D,20201210,000000,113.452,114.219,113.069,113.727,14453915.972753,0
JPM.US,D,20201211,000000,112.48,113.482,111.93,113.069,10555267.745594,0
JPM.US,D,20201214,000000,114.73,114.808,111.684,111.861,12808423.516838,0
JPM.US,D,20201215,000000,112.824,114.346,112.165,113.777,13315021.330267,0
JPM.US,D,20201216,000000,113.757,114.513,113.335,114.12,11811246.13739,0
JPM.US,D,20201217,000000,114.671,114.838,113.079,113.158,12285663.936088,0
JPM.US,D,20201218,000000,112.676,113.364,111.831,112.617,30618734.874506,0
JPM.US,D,20201221,000000,116.469,118.207,114.523,116.832,29951343.863957,0
JPM.US,D,20201222,000000,116.675,116.803,114.995,115.044,12487512.989422,0
JPM.US,D,20201223,000000,116.115,119.642,115.712,118.266,15833706.245992,0
JPM.US,D,20201224,000000,118.286,118.718,116.852,117.765,4404299.4198792,0
JPM.US,D,20201228,000000,118.983,119.76,118.001,118.522,8536560.4055667,0
JPM.US,D,20201229,000000,119.357,119.435,118.099,118.217,8871308.8991462,0
JPM.US,D,20201230,000000,118.659,119.013,118.109,118.541,7823108.6635093,0
JPM.US,D,20201231,000000,118.286,120.408,118.031,120.153,9073301.4723949,0
JPM.US,D,20210104,000000,120.575,120.919,117.991,119.033,17786520.641732,0
JPM.US,D,20210105,000000,119.052,120.29,117.893,119.671,14416485.77564,0
JPM.US,D,20210106,000000,123.709,126.45,121.793,125.291,26152187.509004,0
JPM.US,D,20210107,000000,129.25,131.617,128.503,129.407,23035362.485851,0
JPM.US,D,20210108,000000,129.495,129.859,127.747,129.545,12635760.917478,0
JPM.US,D,20210111,000000,128.169,131.627,127.737,131.481,16745014.948461,0
JPM.US,D,20210112,000000,132.807,134.919,132.237,133.553,18933454.43514,0
JPM.US,D,20210113,000000,132.001,134.113,131.529,133.681,15556219.144433,0
JPM.US,D,20210114,000000,133.819,135.951,133.337,134.457,19492145.905816,0
JPM.US,D,20210115,000000,130.911,134.909,130.507,132.05,29272469.224553,0
JPM.US,D,20210119,000000,133.199,134.025,131.255,131.471,20834121.22643,0
JPM.US,D,20210120,000000,131.255,131.599,129.005,129.495,16828793.93478,0
JPM.US,D,20210121,000000,129.25,129.673,127.923,128.415,14084522.179114,0
JPM.US,D,20210122,000000,126.371,127.993,125.929,127.443,13578682.680124,0
JPM.US,D,20210125,000000,125.871,126.833,123.886,125.851,14922077.931801,0
JPM.US,D,20210126,000000,126.431,126.833,125.095,125.321,11872155.581688,0
JPM.US,D,20210127,000000,123.424,123.679,121.283,121.773,18482402.899866,0
JPM.US,D,20210128,000000,123.729,125.9,122.855,123.925,14448562.985327,0
JPM.US,D,20210129,000000,124.947,125.458,122.098,122.569,15547134.639245,0
JPM.US,D,20210201,000000,123.237,123.896,122.373,123.453,11633661.110345,0
JPM.US,D,20210202,000000,125.674,127.983,124.977,127.265,12865110.829202,0
JPM.US,D,20210203,000000,127.305,129.309,127.167,128.719,11129827.836534,0
JPM.US,D,20210204,000000,129.043,132.069,129.043,131.677,13039346.040385,0
JPM.US,D,20210205,000000,132.757,132.855,130.861,131.411,10552892.032977,0
JPM.US,D,20210208,000000,131.627,133.631,131.608,133.475,10642259.135091,0
JPM.US,D,20210209,000000,132.797,133.317,131.951,132.935,9044744.0631498,0
JPM.US,D,20210210,000000,133.337,134.191,132.443,133.013,10838403.017381,0
JPM.US,D,20210211,000000,133.013,133.877,131.647,132.649,9660146.25724,0
JPM.US,D,20210212,000000,132.453,134.869,132.403,134.525,8740014.6426192,0
JPM.US,D,20210216,000000,136.727,138.417,135.645,137.767,12736017.211355,0
JPM.US,D,20210217,000000,137.119,138.475,136.304,138.201,11374889.616277,0
JPM.US,D,20210218,000000,137.169,138.869,136.579,138.671,11118801.232087,0
JPM.US,D,20210219,000000,138.937,141.767,138.937,140.981,12567155.345032,0
JPM.US,D,20210222,000000,139.88,143.043,139.811,142.327,12061765.745347,0
JPM.US,D,20210223,000000,144.301,145.077,142.473,143.457,17044615.313347,0
JPM.US,D,20210224,000000,142.965,146.453,142.965,145.971,15813101.46857,0
JPM.US,D,20210225,000000,146.944,147.533,143.437,143.977,19032403.781716,0
JPM.US,D,20210226,000000,143.151,143.711,139.546,140.175,20818792.078182,0
JPM.US,D,20210301,000000,142.405,144.173,141.413,143.348,15586373.594421,0
JPM.US,D,20210302,000000,142.945,144.567,142.709,142.877,14931485.102325,0
JPM.US,D,20210303,000000,144.026,147.612,143.663,145.627,15038972.356969,0
JPM.US,D,20210304,000000,145.362,147.042,141.551,143.407,21096727.043304,0
JPM.US,D,20210305,000000,145.932,146.197,140.931,143.751,19386641.465301,0
JPM.US,D,20210308,000000,145.225,148.064,143.593,145.627,17988336.1053,0
JPM.US,D,20210309,000000,144.291,146.924,142.69,144.615,17049187.593155,0
JPM.US,D,20210310,000000,144.685,148.751,144.301,147.759,15058012.665543,0
JPM.US,D,20210311,000000,146.787,148.742,146.069,146.993,12358954.772104,0
JPM.US,D,20210312,000000,149.4,150.147,147.701,148.742,13490810.83158,0
JPM.US,D,20210315,000000,148.909,149.459,146.639,147.985,12707299.996248,0
JPM.US,D,20210316,000000,146.767,147.239,144.959,146.217,13444650.348644,0
JPM.US,D,20210317,000000,147.956,149.419,145.765,147.72,14648692.85331,0
JPM.US,D,20210318,000000,150.117,153.998,149.645,150.166,22991349.712264,0
JPM.US,D,20210319,000000,148.113,148.535,143.987,147.769,57134702.614562,0
JPM.US,D,20210322,000000,145.549,146.649,143.457,143.81,20940228.247008,0
JPM.US,D,20210323,000000,143.181,144.891,141.885,142.365,17928529.016085,0
JPM.US,D,20210324,000000,142.867,145.893,142.729,143.466,13732564.528202,0
JPM.US,D,20210325,000000,142.867,145.687,142.247,145.303,16387303.268662,0
JPM.US,D,20210326,000000,146.973,148.054,145.303,147.72,17590560.994225,0
JPM.US,D,20210329,000000,144.891,146.423,143.869,145.431,18447223.217149,0
JPM.US,D,20210330,000000,147.131,148.467,146.561,147.15,13842293.136394,0
JPM.US,D,20210331,000000,145.991,147.16,144.891,144.999,17571955.31688,0
JPM.US,D,20210401,000000,144.675,146.473,144.341,146.403,17388040.145549,0
JPM.US,D,20210405,000000,147.927,148.447,146.207,147.189,14099080.798462,0
JPM.US,D,20210406,000000,146.384,147.809,145.499,146.148,13643557.75268,0
JPM.US,D,20210407,000000,146.679,148.732,146.256,148.437,17643211.42731,0
JPM.US,D,20210408,000000,147.543,148.977,145.922,148.624,12875306.850318,0
JPM.US,D,20210409,000000,149.272,150.451,148.477,149.724,12652868.287637,0
JPM.US,D,20210412,000000,149.056,150.648,149.046,149.41,12810429.742017,0
JPM.US,D,20210413,000000,148.261,148.703,146.04,147.631,16818677.307659,0
JPM.US,D,20210414,000000,145.127,147.376,144.605,144.871,20812138.250686,0
JPM.US,D,20210415,000000,144.91,145.814,143.053,145.785,18468410.217199,0
JPM.US,D,20210416,000000,147.415,148.025,146.295,146.875,14376129.197306,0
JPM.US,D,20210419,000000,146.993,147.425,145.833,146.256,12420966.571486,0
JPM.US,D,20210420,000000,145.381,145.391,142.415,143.005,14316912.473694,0
JPM.US,D,20210421,000000,141.589,144.291,140.647,144.223,12772143.514781,0
JPM.US,D,20210422,000000,143.937,143.987,141.089,141.187,15923716.643039,0
JPM.US,D,20210423,000000,141.01,144.793,140.539,143.899,14657602.28456,0
JPM.US,D,20210426,000000,144.459,146.069,144.065,144.242,11271624.493568,0
JPM.US,D,20210427,000000,144.183,145.215,143.819,144.91,13382229.364827,0
JPM.US,D,20210428,000000,146.04,146.473,145.057,145.843,9335021.7408637,0
JPM.US,D,20210429,000000,147.111,148.781,146.777,148.693,13544726.479225,0
JPM.US,D,20210430,000000,147.641,148.005,146.59,147.357,12217271.098834,0
JPM.US,D,20210503,000000,148.359,148.958,146.708,146.934,12317518.231865,0
JPM.US,D,20210504,000000,146.463,149.105,145.755,148.958,13545569.277017,0
JPM.US,D,20210505,000000,149.459,151.65,149.459,150.913,7241808.2259752,0
JPM.US,D,20210506,000000,151.443,154.076,150.559,153.949,14135014.724131,0
JPM.US,D,20210507,000000,150.618,154.725,150.431,154.479,14881743.746644,0
JPM.US,D,20210510,000000,154.725,156.867,154.371,154.459,14627591.354485,0
JPM.US,D,20210511,000000,154.332,155.579,151.414,151.895,16127821.300127,0
JPM.US,D,20210512,000000,152.927,154.037,150.441,150.844,15011068.421374,0
JPM.US,D,20210513,000000,151.551,155.629,151.07,154.725,16071143.148608,0
JPM.US,D,20210514,000000,155.579,157.554,155.206,157.122,11047123.722762,0
JPM.US,D,20210517,000000,156.523,157.947,156.199,157.77,10319486.920281,0
JPM.US,D,20210518,000000,157.78,158.556,155.432,155.54,11583765.038161,0
JPM.US,D,20210519,000000,154.253,154.42,151.993,154.361,13859972.550466,0
JPM.US,D,20210520,000000,154.086,155.079,152.839,154.086,10882250.895748,0
JPM.US,D,20210521,000000,154.577,156.385,154.194,155.835,10697483.765779,0
JPM.US,D,20210524,000000,156.513,157.328,155.324,156.69,9853390.2229729,0
JPM.US,D,20210525,000000,156.984,158.743,154.784,155.069,13160850.406617,0
JPM.US,D,20210526,000000,156.719,156.876,154.538,155.049,13629765.590745,0
JPM.US,D,20210527,000000,157.063,157.849,155.747,157.456,16394864.01987,0
JPM.US,D,20210528,000000,157.78,158.026,156.415,157.348,10745189.378001,0
JPM.US,D,20210601,000000,158.91,159.912,158.537,159.087,9858690.281069,0
JPM.US,D,20210602,000000,160.246,160.413,158.586,159.097,10957979.534557,0
JPM.US,D,20210603,000000,158.468,160.236,157.761,159.205,13939044.897907,0
JPM.US,D,20210604,000000,159.244,159.696,158.114,159.47,8883259.7311232,0
JPM.US,D,20210607,000000,160,160.089,158.222,158.704,7585205.5756409,0
JPM.US,D,20210608,000000,157.594,158.802,156.326,158.085,10824534.515066,0
JPM.US,D,20210609,000000,157.25,157.328,155.471,156.11,12918994.922823,0
JPM.US,D,20210610,000000,157.466,158.321,153.595,153.673,12649756.65376,0
JPM.US,D,20210611,000000,153.703,154.44,152.387,153.575,14282567.445795,0
JPM.US,D,20210614,000000,153.438,153.615,150.097,150.962,20789448.871962,0
JPM.US,D,20210615,000000,150.137,150.353,147.671,148.683,25556950.371749,0
JPM.US,D,20210616,000000,148.241,151.011,146.689,149.715,26429275.604847,0
JPM.US,D,20210617,000000,150.5,150.854,144.91,145.401,31023056.936546,0
JPM.US,D,20210618,000000,143.033,143.427,141.363,141.717,45503379.55558,0
JPM.US,D,20210621,000000,142.827,144.871,142.769,144.115,19481556.986213,0
JPM.US,D,20210622,000000,144.281,144.645,142.425,143.918,14874781.504014,0
JPM.US,D,20210623,000000,143.908,145.657,143.81,144.783,13290529.300709,0
JPM.US,D,20210624,000000,145.559,146.698,144.881,146.119,14334143.006333,0
JPM.US,D,20210625,000000,146.197,148.015,145.313,147.592,16162532.761849,0
JPM.US,D,20210628,000000,147.249,147.995,145.735,147.857,14743975.825917,0
JPM.US,D,20210629,000000,148.506,149.753,147.179,147.681,15164475.941227,0
JPM.US,D,20210630,000000,147.297,149.537,147.258,149.017,13079342.292127,0
JPM.US,D,20210701,000000,149.705,150.539,148.889,150.491,10937960.033379,0
JPM.US,D,20210702,000000,150.284,150.618,149.469,150.363,11863215.614287,0
JPM.US,D,20210706,000000,150.117,150.117,146.797,147.818,15653195.855596,0
JPM.US,D,20210707,000000,146.473,148.673,146.03,147.995,12735406.488317,0
JPM.US,D,20210708,000000,146.089,146.983,144.576,145.451,18508349.468125,0
JPM.US,D,20210709,000000,147.475,150.461,147.033,150.107,14211889.486508,0
JPM.US,D,20210712,000000,148.742,153.369,148.339,152.239,20693692.589002,0
JPM.US,D,20210713,000000,150.383,151.669,147.907,149.989,23528262.799414,0
JPM.US,D,20210714,000000,150.284,151.561,147.376,149.469,15175270.470919,0
JPM.US,D,20210715,000000,148.299,150.825,148.103,149.803,11975206.951334,0
JPM.US,D,20210716,000000,150.294,150.579,145.529,146.384,14531752.623914,0
JPM.US,D,20210719,000000,143.141,144.37,140.411,141.619,23010536.594366,0
JPM.US,D,20210720,000000,141.177,145.607,141,144.252,15966396.004661,0
JPM.US,D,20210721,000000,146.511,148.054,145.843,147.287,12823510.411614,0
JPM.US,D,20210722,000000,147.307,147.847,144.507,145.441,10287839.252465,0
JPM.US,D,20210723,000000,145.961,147.268,144.783,145.156,10031277.557922,0
JPM.US,D,20210726,000000,144.723,146.433,144.704,146.129,8518080.9443162,0
JPM.US,D,20210727,000000,144.93,146.944,144.341,145.932,11642561.380748,0
JPM.US,D,20210728,000000,146.747,147.209,145.391,146.177,9565516.7582842,0
JPM.US,D,20210729,000000,147.563,148.27,146.384,147.425,9405942.9714941,0
JPM.US,D,20210730,000000,147.033,148.073,145.687,146.256,10175674.877224,0
JPM.US,D,20210802,000000,146.492,148.83,145.579,145.657,10588623.402172,0
JPM.US,D,20210803,000000,146.423,147.739,144.065,147.317,10787510.448774,0
JPM.US,D,20210804,000000,145.735,147.779,145.421,145.725,10538619.435585,0
JPM.US,D,20210805,000000,146.737,148.093,146.473,147.573,9497234.8690487,0
JPM.US,D,20210806,000000,149.537,152.072,149.459,151.768,13832298.653881,0
JPM.US,D,20210809,000000,151.787,152.779,150.235,151.611,9876406.3385223,0
JPM.US,D,20210810,000000,151.031,154.155,150.609,153.467,8994429.6456848,0
JPM.US,D,20210811,000000,154.175,155.619,153.291,155.295,9502381.2285134,0
JPM.US,D,20210812,000000,155.982,156.464,154.705,155.894,9183940.0579136,0
JPM.US,D,20210813,000000,155.894,156.257,153.752,154.155,9320193.3855072,0
JPM.US,D,20210816,000000,153.153,153.241,151.07,153.143,9090704.0253556,0
JPM.US,D,20210817,000000,151.837,153.084,149.616,151.296,9700342.0118412,0
JPM.US,D,20210818,000000,150.609,152.249,149.685,149.921,8370200.4679555,0
JPM.US,D,20210819,000000,147.583,149.901,147.435,148.673,9877308.1728747,0
JPM.US,D,20210820,000000,148.742,149.253,147.583,149.085,7237577.951067,0
JPM.US,D,20210823,000000,149.675,151.375,149.587,150.991,8234349.1996951,0
JPM.US,D,20210824,000000,151.286,152.779,151.159,151.935,7960725.9392205,0
JPM.US,D,20210825,000000,152.74,155.884,152.053,155.069,11763267.735544,0
JPM.US,D,20210826,000000,156.356,157.869,155.285,155.855,11444058.071788,0
JPM.US,D,20210827,000000,155.855,157.21,155.383,157.102,9111893.0611504,0
JPM.US,D,20210830,000000,157.259,157.535,154.057,154.597,8237434.3689075,0
JPM.US,D,20210831,000000,154.597,155.491,153.556,154.125,12807063.640207,0
JPM.US,D,20210901,000000,154.391,154.911,153.182,153.899,9059729.1707527,0
JPM.US,D,20210902,000000,154.194,155.727,153.634,154.617,9148679.9633292,0
JPM.US,D,20210903,000000,154.548,155.039,153.349,153.683,8261991.5422554,0
JPM.US,D,20210907,000000,154.165,155.501,153.173,153.418,9641973.1753801,0
JPM.US,D,20210908,000000,153.104,153.762,152.279,152.731,8149346.7315577,0
JPM.US,D,20210909,000000,152.505,154.98,152.318,153.399,8202871.5164578,0
JPM.US,D,20210910,000000,154.715,154.872,151.503,151.64,8625554.9666276,0
JPM.US,D,20210913,000000,152.76,154.224,152.308,154.037,10432592.826872,0
JPM.US,D,20210914,000000,154.607,155.462,150.559,151.355,12127077.484875,0
JPM.US,D,20210915,000000,151.011,152.917,150.765,152.397,12133179.625894,0
JPM.US,D,20210916,000000,153.615,155,151.503,152.328,11291964.62434,0
JPM.US,D,20210917,000000,151.659,153.222,151.286,151.945,26575467.432008,0
JPM.US,D,20210920,000000,148.29,148.929,145.019,147.386,16417566.630927,0
JPM.US,D,20210921,000000,147.936,148.919,147.023,147.405,9339865.7924248,0
JPM.US,D,20210922,000000,149.547,151.532,149.449,150.245,11660641.836281,0
JPM.US,D,20210923,000000,152.239,155.815,151.935,155.314,12802183.963135,0
JPM.US,D,20210924,000000,155.56,157.633,154.97,157.093,10484093.064902,0
JPM.US,D,20210927,000000,158.989,161.307,158.615,160.904,13720343.960217,0
JPM.US,D,20210928,000000,161.602,163.144,159.637,160.04,13893668.176201,0
JPM.US,D,20210929,000000,160.158,160.826,159.028,159.912,8070889.1786415,0
JPM.US,D,20210930,000000,160.845,160.914,156.867,157.731,13665491.870581,0
JPM.US,D,20211001,000000,158.036,162.172,157.643,161.042,11711312.508851,0
JPM.US,D,20211004,000000,160.894,164.235,159.706,160.875,14653487.029157,0
JPM.US,D,20211005,000000,162.093,164.942,161.572,163.508,12680877.064019,0
JPM.US,D,20211006,000000,162.85,163.92,160.924,163.842,8966972.5557793,0
JPM.US,D,20211007,000000,165.964,166.268,164.353,164.893,10517242.09352,0
JPM.US,D,20211008,000000,164.824,166.102,164.117,165.011,8448649.8778979,0
JPM.US,D,20211011,000000,165.571,166.052,161.366,161.543,12538377.057621,0
JPM.US,D,20211012,000000,160.678,161.592,159.725,160.295,13443981.606918,0
JPM.US,D,20211013,000000,159.048,160.344,155.688,156.071,23471653.863173,0
JPM.US,D,20211014,000000,156.808,158.989,155.167,158.468,15659876.147758,0
JPM.US,D,20211015,000000,160.285,162.054,159.116,161.514,14717764.611008,0
JPM.US,D,20211018,000000,161.386,163.449,160.836,161.454,13072904.253438,0
JPM.US,D,20211019,000000,162.28,163.498,161.484,163.42,8308156.0966789,0
JPM.US,D,20211020,000000,163.154,165.64,162.339,165.61,8443925.935201,0
JPM.US,D,20211021,000000,165.532,166.092,163.518,164.314,8680774.5079575,0
JPM.US,D,20211022,000000,164.834,166.818,164.51,166.524,9096214.7828995,0
JPM.US,D,20211025,000000,167.428,167.664,165.256,165.708,10479857.700635,0
JPM.US,D,20211026,000000,165.768,167.212,165.316,166.16,8268046.8611746,0
JPM.US,D,20211027,000000,165.109,165.473,162.221,162.692,10157793.92455,0
JPM.US,D,20211028,000000,163.154,165.286,162.82,165.139,7440598.5747625,0
JPM.US,D,20211029,000000,165.944,166.966,164.206,164.696,8396995.9412367,0
JPM.US,D,20211101,000000,166.77,167.054,163.832,164.608,7670193.7935741,0
JPM.US,D,20211102,000000,164.608,166.436,163.744,165.247,7400178.8883808,0
JPM.US,D,20211103,000000,164.932,165.895,163.97,165.306,8667899.4484499,0
JPM.US,D,20211104,000000,164.805,165.001,161.396,163.144,9876341.1947316,0
JPM.US,D,20211105,000000,163.724,164.893,162.29,162.908,8227303.4915829,0
JPM.US,D,20211108,000000,163.871,165.689,163.576,163.881,6616143.8491072,0
JPM.US,D,20211109,000000,162.231,163.321,161.494,162.643,8242480.9769428,0
JPM.US,D,20211110,000000,162.221,163.773,161.975,162.486,7220130.6117503,0
JPM.US,D,20211111,000000,162.388,163.518,161.798,162.476,5998813.8059611,0
JPM.US,D,20211112,000000,162.516,162.604,160.649,161.759,8369525.6189989,0
JPM.US,D,20211115,000000,162.093,162.653,160.924,161.464,6697385.2812038,0
JPM.US,D,20211116,000000,161.946,161.956,160.069,160.295,10012500.878126,0
JPM.US,D,20211117,000000,160.158,160.492,158.389,159.44,10222352.438999,0
JPM.US,D,20211118,000000,159.362,159.804,157.584,158.065,8379972.0365595,0
JPM.US,D,20211119,000000,156.365,157.142,154.568,155.992,12578501.561201,0
JPM.US,D,20211122,000000,159.136,160.904,158.006,159.323,15010967.652073,0
JPM.US,D,20211123,000000,160.433,163.4,160.305,163.134,12752536.251654,0
JPM.US,D,20211124,000000,163.311,164.254,161.346,161.857,9933734.9100759,0
JPM.US,D,20211126,000000,157.171,157.672,153.959,156.984,14049141.975665,0
JPM.US,D,20211129,000000,158.321,159.735,154.921,156.297,12486419.795185,0
JPM.US,D,20211130,000000,154.293,155.717,153.448,153.968,19519871.713858,0
JPM.US,D,20211201,000000,156.071,158.281,152.976,153.065,12645605.772846,0
JPM.US,D,20211202,000000,154.941,158.262,153.939,156.277,13379295.858502,0
JPM.US,D,20211203,000000,156.562,156.876,152.377,153.448,13082039.652211,0
JPM.US,D,20211206,000000,156.081,157.633,154.577,155.265,11539572.101277,0
JPM.US,D,20211207,000000,156.935,158.389,156.228,157.594,10162498.527684,0
JPM.US,D,20211208,000000,157.682,158.281,155.275,155.786,12075139.562002,0
JPM.US,D,20211209,000000,154.764,156.002,153.791,155.55,11542821.147838,0
JPM.US,D,20211210,000000,156.385,156.758,154.263,154.931,10733799.393347,0
JPM.US,D,20211213,000000,154.617,154.902,152.475,153.084,12449920.950705,0
JPM.US,D,20211214,000000,152.632,155.963,152.485,154.263,12960104.726237,0
JPM.US,D,20211215,000000,154.961,154.961,152.534,153.104,14456497.295459,0
JPM.US,D,20211216,000000,155.481,156.876,153.841,155.501,20159587.809953,0
JPM.US,D,20211217,000000,154.44,154.499,150.431,151.964,29026148.337481,0
JPM.US,D,20211220,000000,149.783,149.97,147.199,149.223,15626098.074411,0
JPM.US,D,20211221,000000,150.648,152.367,150.353,151.316,11647727.079776,0
JPM.US,D,20211222,000000,150.982,152.249,150.491,151.905,7502546.2482249,0
JPM.US,D,20211223,000000,152.789,154.253,152.397,152.445,8309399.9359324,0
JPM.US,D,20211227,000000,152.779,153.359,151.561,153.32,6384585.1557293,0
JPM.US,D,20211228,000000,153.359,155.255,153.241,153.782,6542938.5143156,0
JPM.US,D,20211229,000000,153.988,154.745,153.31,153.713,6600896.130598,0
JPM.US,D,20211230,000000,154.243,155.344,153.526,153.634,7167476.1071789,0
JPM.US,D,20211231,000000,153.605,154.41,153.123,153.507,5989153.1853756,0
JPM.US,D,20220103,000000,154.97,157.662,154.627,156.758,13542481.054189,0
JPM.US,D,20220104,000000,159.283,163.429,159.205,162.692,20833242.803127,0
JPM.US,D,20220105,000000,163.665,164.186,159.676,159.716,17985201.060373,0
JPM.US,D,20220106,000000,162.771,163.223,159.804,161.415,14404536.979407,0
JPM.US,D,20220107,000000,161.563,163.38,160.973,163.017,14266974.668769,0
JPM.US,D,20220110,000000,164.883,165.109,161.425,163.174,13250899.48279,0
JPM.US,D,20220111,000000,164.088,164.343,162.191,163.341,12155405.872981,0
JPM.US,D,20220112,000000,164.284,165.384,163.036,164.264,12887445.988564,0
JPM.US,D,20220113,000000,164.166,165.6,163.724,164.058,13969678.76548,0
JPM.US,D,20220114,000000,156.778,157.043,153.005,153.978,41179049.228135,0
JPM.US,D,20220118,000000,151.915,151.915,146.807,147.523,33170617.676693,0
JPM.US,D,20220119,000000,147.809,148.457,144.871,145.235,22948849.496066,0
JPM.US,D,20220120,000000,145.293,146.875,143.711,143.997,15238554.609963,0
JPM.US,D,20220121,000000,143.839,143.849,140.695,141.481,21231661.209135,0
JPM.US,D,20220124,000000,138.751,141.875,136.107,141.353,29227571.920433,0
JPM.US,D,20220125,000000,140.087,143.211,137.297,142.897,19396645.108659,0
JPM.US,D,20220126,000000,145.038,146.836,142.346,144.252,21235450.745585,0
JPM.US,D,20220127,000000,145.716,146.649,140.558,141.707,17990444.117652,0
JPM.US,D,20220128,000000,140.617,143.122,138.643,142.975,14475773.750273,0
JPM.US,D,20220131,000000,142.031,145.107,141.089,144.92,14341214.161239,0
JPM.US,D,20220201,000000,145.009,147.72,144.625,147.405,14955634.10911,0
JPM.US,D,20220202,000000,146.767,147.199,144.399,146.227,12757346.713448,0
JPM.US,D,20220203,000000,146.285,147.887,144.605,145.019,12791950.280767,0
JPM.US,D,20220204,000000,145.401,149.695,145.077,148.781,17077706.323275,0
JPM.US,D,20220207,000000,149.469,149.813,147.111,149.272,12891826.908489,0
JPM.US,D,20220208,000000,151.159,154.548,150.962,152.082,20930173.710064,0
JPM.US,D,20220209,000000,152.711,153.526,151.954,152.721,9363216.7877732,0
JPM.US,D,20220210,000000,152.779,155.088,151.375,152.082,16873880.563042,0
JPM.US,D,20220211,000000,151.758,154.273,149.174,150.107,17257765.796495,0
JPM.US,D,20220214,000000,148.948,149.871,146.59,148.712,17459245.362392,0
JPM.US,D,20220215,000000,150.677,152.072,150.039,150.883,9742346.524506,0
JPM.US,D,20220216,000000,149.931,152.229,149.931,151.159,9307219.592442,0
JPM.US,D,20220217,000000,149.203,149.921,146.934,147.681,11656378.989478,0
JPM.US,D,20220218,000000,148.359,150.323,147.386,148.369,12031534.954978,0
JPM.US,D,20220222,000000,146.865,149.439,146.679,148.103,11621533.168687,0
JPM.US,D,20220223,000000,149.321,149.498,144.301,145.009,12098922.134963,0
JPM.US,D,20220224,000000,139.399,141.393,136.313,140.971,26307164.587064,0
JPM.US,D,20220225,000000,141.649,146.403,141.315,144.301,18834522.392383,0
JPM.US,D,20220228,000000,139.989,141.461,137.385,138.289,32111271.745617,0
JPM.US,D,20220301,000000,136.569,137.001,130.271,133.071,37776804.829032,0
JPM.US,D,20220302,000000,133.887,136.569,133.219,135.833,19898803.983475,0
JPM.US,D,20220303,000000,136.373,137.483,133.661,134.859,17063755.373349,0
JPM.US,D,20220304,000000,131.599,132.059,129.123,131.067,21554948.46704,0
JPM.US,D,20220307,000000,128.897,129.397,125.753,126.008,28260533.722897,0
JPM.US,D,20220308,000000,126.431,128.523,124.112,125.124,19696012.380919,0
JPM.US,D,20220309,000000,129.603,131.883,129.161,130.135,17981911.298944,0
JPM.US,D,20220310,000000,128.591,130.144,127.099,128.591,16000852.998451,0
JPM.US,D,20220311,000000,129.201,130.753,125.241,125.693,20571690.483494,0
JPM.US,D,20220314,000000,126.253,129.623,126.027,126.941,16188146.486052,0
JPM.US,D,20220315,000000,128.533,130.243,127.885,129.201,15480307.288712,0
JPM.US,D,20220316,000000,131.529,135.057,131.097,134.967,20872247.647805,0
JPM.US,D,20220317,000000,133.465,136.717,132.551,136.677,17483817.803816,0
JPM.US,D,20220318,000000,136.717,137.355,135.027,136.629,24257785.71821,0
JPM.US,D,20220321,000000,136.873,137.267,135.293,136.187,12998232.165483,0
JPM.US,D,20220322,000000,138.741,140.361,138.21,139.085,13892945.487274,0
JPM.US,D,20220323,000000,137.483,138.073,135.753,136.313,12400585.725844,0
JPM.US,D,20220324,000000,136.825,137.217,135.665,137.198,10272238.332466,0
JPM.US,D,20220325,000000,137.591,139.635,137.307,138.407,8599569.7192431,0
JPM.US,D,20220328,000000,136.529,137.473,134.477,137.375,11093034.827125,0
JPM.US,D,20220329,000000,139.801,140.037,136.765,137.679,11604129.597855,0
JPM.US,D,20220330,000000,138.387,138.593,136.441,137.061,8993956.3353305,0
JPM.US,D,20220331,000000,136.363,136.864,132.885,132.945,17795018.852803,0
JPM.US,D,20220401,000000,133.995,134.005,130.488,131.951,16120878.397059,0
JPM.US,D,20220404,000000,130.793,133.543,129.594,132.541,17865768.063111,0
JPM.US,D,20220405,000000,131.716,133.023,130.675,130.999,12326698.416994,0
JPM.US,D,20220406,000000,129.269,130.233,128.661,129.181,13145541.615805,0
JPM.US,D,20220407,000000,128.651,129.603,126.469,128.789,13226460.382563,0
JPM.US,D,20220408,000000,129.359,131.549,129.181,131.147,13361539.086181,0
JPM.US,D,20220411,000000,130.665,132.531,130.243,130.665,10653482.188781,0
JPM.US,D,20220412,000000,129.82,132.217,128.405,129.231,13222013.300976,0
JPM.US,D,20220413,000000,124.711,126.981,123.797,125.065,31389155.879397,0
JPM.US,D,20220414,000000,124.279,126.047,122.825,123.905,19171807.422312,0
JPM.US,D,20220418,000000,123.463,126.971,123.336,126.205,12045945.982926,0
JPM.US,D,20220419,000000,126.195,129.015,125.979,128.817,15283800.026214,0
JPM.US,D,20220420,000000,130.193,131.165,129.034,129.269,13670209.706048,0
JPM.US,D,20220421,000000,129.899,130.479,127.678,128.267,12391755.68859,0
JPM.US,D,20220422,000000,127.993,128.229,124.463,124.583,14574744.472157,0
JPM.US,D,20220425,000000,123.797,124.883,120.949,124.544,17455513.844631,0
JPM.US,D,20220426,000000,122.451,124.191,120.713,120.86,17517099.155758,0
JPM.US,D,20220427,000000,120.182,121.391,119.091,119.288,17522913.239077,0
JPM.US,D,20220428,000000,120.654,121.479,119.013,121.175,13252629.86473,0
JPM.US,D,20220429,000000,120.889,121.439,116.812,117.264,15140649.599781,0
JPM.US,D,20220502,000000,117.775,118.591,116.144,118.335,18876388.474491,0
JPM.US,D,20220503,000000,119.396,121.99,118.659,120.87,16001895.299102,0
JPM.US,D,20220504,000000,120.644,125.163,120.585,124.869,17434651.545661,0
JPM.US,D,20220505,000000,123.051,123.886,120.015,121.744,15324467.055426,0
JPM.US,D,20220506,000000,121.627,122.108,119.052,121.548,14675615.560558,0
JPM.US,D,20220509,000000,119.966,121.165,118.384,119.721,14568085.555301,0
JPM.US,D,20220510,000000,120.949,121.607,115.496,116.803,16675223.555451,0
JPM.US,D,20220511,000000,117.205,120.732,115.869,116.066,14891767.747436,0
JPM.US,D,20220512,000000,114.946,116.243,113.344,115.967,16610446.19858,0
JPM.US,D,20220513,000000,117.313,118.139,115.889,116.999,10629841.099989,0
JPM.US,D,20220516,000000,116.852,117.363,115.172,116.184,10452550.237875,0
JPM.US,D,20220517,000000,118.915,120.811,118.689,120.035,11359602.20077,0
JPM.US,D,20220518,000000,119.17,119.829,117.431,117.981,12891255.882448,0
JPM.US,D,20220519,000000,116.115,117.549,115.565,116.233,12993915.371478,0
JPM.US,D,20220520,000000,117.363,117.569,113,115.28,13385114.013309,0
JPM.US,D,20220523,000000,118.345,124.347,118.335,122.412,24812379.237304,0
JPM.US,D,20220524,000000,122.177,125.251,120.949,124.141,19670291.780184,0
JPM.US,D,20220525,000000,124.063,125.615,122.972,125.006,13008792.584679,0
JPM.US,D,20220526,000000,126.116,127.908,125.959,127.167,16276729.826934,0
JPM.US,D,20220527,000000,127.875,128.965,126.873,128.965,11377524.886185,0
JPM.US,D,20220531,000000,127.895,130.813,127.433,129.909,17319130.229457,0
JPM.US,D,20220601,000000,130.537,130.537,126.411,127.629,10960466.195193,0
JPM.US,D,20220602,000000,127.619,129.693,126.411,129.683,8524466.0536758,0
JPM.US,D,20220603,000000,128.907,129.457,127.707,127.875,8749647.7806679,0
JPM.US,D,20220606,000000,128.789,130.065,127.187,127.453,11525828.797185,0
JPM.US,D,20220607,000000,126.568,128.032,126.357,127.787,6842303.7508314,0
JPM.US,D,20220608,000000,126.735,127.177,124.672,125.753,8572627.6724328,0
JPM.US,D,20220609,000000,125.133,125.851,123.071,123.11,13807916.554471,0
JPM.US,D,20220610,000000,120.349,121.233,117.225,117.451,13183230.352336,0
JPM.US,D,20220613,000000,114.808,115.879,113.04,113.953,17105908.495286,0
JPM.US,D,20220614,000000,113.521,115.26,111.232,112.057,13596640.991048,0
JPM.US,D,20220615,000000,113.59,114.897,111.181,113.384,14335245.361416,0
JPM.US,D,20220616,000000,111.861,112.253,109.906,111.438,17023757.085864,0
JPM.US,D,20220617,000000,111.546,112.617,110.191,111.045,31472456.466003,0
JPM.US,D,20220621,000000,113.963,114.975,113.02,113.796,11889235.469311,0
JPM.US,D,20220622,000000,112.863,114.16,112.382,113.158,10024583.015556,0
JPM.US,D,20220623,000000,112.991,113.158,109.523,111.92,12063348.535886,0
JPM.US,D,20220624,000000,110.957,115.751,110.849,115.26,15106325.947187,0
JPM.US,D,20220627,000000,115.987,116.419,113.612,114.337,11482086.777478,0
JPM.US,D,20220628,000000,115.604,117.195,113.57,113.786,11823108.414526,0
JPM.US,D,20220629,000000,113.963,114.769,112.716,113.276,9505325.9314271,0
JPM.US,D,20220630,000000,111.183,112.072,108.982,110.633,15443771.80085,0
JPM.US,D,20220701,000000,110.672,112.406,109.208,112.048,10762545.108862,0
JPM.US,D,20220705,000000,109.788,111.711,108.331,111.621,12627566.290366,0
JPM.US,D,20220706,000000,110.739,111.988,109.803,110.898,10751537.404206,0
JPM.US,D,20220707,000000,112.494,113.881,112.394,113.703,10439962.48035,0
JPM.US,D,20220708,000000,114.139,114.624,112.603,113.346,8886643.2565257,0
JPM.US,D,20220711,000000,112.543,113.217,111.22,111.859,8015652.6545017,0
JPM.US,D,20220712,000000,111.582,114.159,111.265,111.968,11351578.331098,0
JPM.US,D,20220713,000000,110.759,111.479,109.401,110.918,13096013.294115,0
JPM.US,D,20220714,000000,107.032,107.27,105.12,107.042,26439299.305414,0
JPM.US,D,20220715,000000,108.192,112.87,106.715,111.948,19032660.142983,0
JPM.US,D,20220718,000000,113.752,114.813,110.303,110.799,14102962.523765,0
JPM.US,D,20220719,000000,112.127,113.916,111.671,113.544,11968400.063573,0
JPM.US,D,20220720,000000,113.088,113.721,112.474,113.524,11771928.833998,0
JPM.US,D,20220721,000000,113.425,114.506,112.365,114.297,11699607.517009,0
JPM.US,D,20220722,000000,114.218,115.219,112.662,113.742,7713946.240711,0
JPM.US,D,20220725,000000,114.813,115.427,113.752,114.198,9478080.8928216,0
JPM.US,D,20220726,000000,113.564,114.555,112.028,112.414,10770628.698291,0
JPM.US,D,20220727,000000,112.999,114.714,112.295,114.218,9357432.0261332,0
JPM.US,D,20220728,000000,114.228,114.952,112.523,113.792,10477681.961874,0
JPM.US,D,20220729,000000,114.565,115.467,113.767,114.337,13060358.11804,0
JPM.US,D,20220801,000000,113.485,114.084,112.067,113.197,14872287.595864,0
JPM.US,D,20220802,000000,112.91,113.381,111.274,111.433,15076546.886904,0
JPM.US,D,20220803,000000,112.444,113.086,110.719,112.603,14523285.785098,0
JPM.US,D,20220804,000000,111.849,112.315,110.037,111.364,18195201.892662,0
JPM.US,D,20220805,000000,111.532,115.16,111.056,114.733,14301461.736699,0
JPM.US,D,20220808,000000,115.219,115.665,113.167,113.336,10432091.685235,0
JPM.US,D,20220809,000000,113.732,114.961,113.356,114.357,10325314.830088,0
JPM.US,D,20220810,000000,116.914,118.311,116.458,117.34,12962201.705588,0
JPM.US,D,20220811,000000,118.837,120.125,118.252,119.075,11789399.759291,0
JPM.US,D,20220812,000000,119.6,121.166,118.381,121.047,9995350.8392199,0
JPM.US,D,20220815,000000,120.066,121.632,119.531,121.374,8531859.1708204,0
JPM.US,D,20220816,000000,121.206,123.137,120.789,122.534,9640453.7514569,0
JPM.US,D,20220817,000000,121.215,122.068,120.616,121.503,8222246.6487718,0
JPM.US,D,20220818,000000,121.156,121.384,119.481,120.561,9617032.0570849,0
JPM.US,D,20220819,000000,119.55,119.917,117.063,117.578,13584934.858211,0
JPM.US,D,20220822,000000,115.715,116.121,114.476,115.635,9047839.6830236,0
JPM.US,D,20220823,000000,115.655,116.25,114.36,114.496,7675101.7833439,0
JPM.US,D,20220824,000000,114.268,115.378,113.435,114.773,9858686.95768,0
JPM.US,D,20220825,000000,115.13,117.687,114.654,117.499,10855129.013849,0
JPM.US,D,20220826,000000,118.401,118.926,113.584,113.653,11377099.644062,0
JPM.US,D,20220829,000000,112.989,113.841,112.454,113.376,8189920.9976138,0
JPM.US,D,20220830,000000,113.98,114.555,112.355,113.395,10841542.534293,0
JPM.US,D,20220831,000000,113.465,114.01,112.334,112.721,10834373.966251,0
JPM.US,D,20220901,000000,112.285,113.614,110.918,113.495,10069111.923499,0
JPM.US,D,20220902,000000,114.843,116.408,112.181,112.702,10762027.425589,0
JPM.US,D,20220906,000000,113.316,113.727,111.076,112.731,9839163.834302,0
JPM.US,D,20220907,000000,112.127,115.08,111.76,114.872,10743131.86721,0
JPM.US,D,20220908,000000,114.258,117.737,113.614,117.548,11537292.16835,0
JPM.US,D,20220909,000000,118.084,118.985,117.618,118.113,9385454.5185726,0
JPM.US,D,20220912,000000,119.55,120.472,118.728,119.511,8691704.6173595,0
JPM.US,D,20220913,000000,117.023,117.865,114.753,115.358,13020031.517612,0
JPM.US,D,20220914,000000,115.665,116.795,113.861,115.09,9429333.6211932,0
JPM.US,D,20220915,000000,115.09,118.321,114.729,116.825,10918256.806278,0
JPM.US,D,20220916,000000,116.349,116.359,114.347,116.042,14976945.662427,0
JPM.US,D,20220919,000000,114.971,117.677,114.486,117.112,8274681.6214827,0
JPM.US,D,20220920,000000,116.369,116.646,113.623,114.803,9705086.892728,0
JPM.US,D,20220921,000000,115.507,115.566,111.423,111.492,12719068.697719,0
JPM.US,D,20220922,000000,112.375,112.593,110.085,110.224,11789003.243142,0
JPM.US,D,20220923,000000,109.074,109.361,106.21,108.172,18300856.798807,0
JPM.US,D,20220926,000000,107.042,108.633,105.12,105.843,15894527.416459,0
JPM.US,D,20220927,000000,106.795,107.211,103.722,104.911,12908075.737798,0
JPM.US,D,20220928,000000,105.01,107.766,104.703,107.032,12876782.239364,0
JPM.US,D,20220929,000000,106.002,106.329,103.472,105.219,12827676.79157,0
JPM.US,D,20220930,000000,105.12,106.666,103.474,103.573,16116328.259078,0
JPM.US,D,20221003,000000,104.683,107.399,103.534,106.775,12357720.403192,0
JPM.US,D,20221004,000000,109.629,111.988,108.886,111.77,16156858.666789,0
JPM.US,D,20221005,000000,109.75,110.95,108.83,110.39,10943502,0
JPM.US,D,20221006,000000,109.46,110.19,107.94,108.14,11521415,0
JPM.US,D,20221007,000000,107.52,107.71,105.265,105.98,11681088,0
JPM.US,D,20221010,000000,106.73,107.31,104.52,104.99,8931729,0
JPM.US,D,20221011,000000,104.37,104.54,101.85,101.96,12739700,0
JPM.US,D,20221012,000000,101.8,104.73,101.28,103.61,13180960,0
JPM.US,D,20221013,000000,101.98,109.9,101.76,109.37,22398706,0
JPM.US,D,20221014,000000,111.962,115.24,110.724,111.19,33420141,0
JPM.US,D,20221017,000000,115.41,117.01,114.32,115.86,22276272,0
JPM.US,D,20221018,000000,119.66,120.14,116.96,118.84,21539680,0
JPM.US,D,20221019,000000,117.99,118.83,115.6701,116.51,17072035,0
JPM.US,D,20221020,000000,117.16,118.71,115.65,116.13,12207437,0
JPM.US,D,20221021,000000,116.46,122.39,116.33,122.23,20593310,0
JPM.US,D,20221024,000000,122.07,123.1,121.33,122.38,12624177,0
JPM.US,D,20221025,000000,121.85,123.2707,120.89,122.7,11289101,0
JPM.US,D,20221026,000000,123,125.2,122.88,124.11,11671494,0
JPM.US,D,20221027,000000,125.2,126.2,124.21,124.6,10727612,0
JPM.US,D,20221028,000000,125.29,126.28,124.05,126.08,11859472,0
JPM.US,D,20221031,000000,125.7,127.43,125.59,125.88,13295173,0
JPM.US,D,20221101,000000,126.87,128.28,126.33,128.15,13386945,0
JPM.US,D,20221102,000000,127.65,130.36,126.64,126.97,16546085,0
JPM.US,D,20221103,000000,126.31,128.18,125.91,127.2,12474358,0
JPM.US,D,20221104,000000,129.49,130.83,128.46,130.68,14354353,0
JPM.US,D,20221107,000000,131,132.29,130.4816,131.37,12011157,0
JPM.US,D,20221108,000000,131.24,132.06,130.14,131.45,9884053,0
JPM.US,D,20221109,000000,131.32,131.43,129.22,129.74,9493961,0
JPM.US,D,20221110,000000,132.63,135.25,132.53,135.08,16351589,0
JPM.US,D,20221111,000000,135.19,136.17,133.7805,135.3,10704664,0
JPM.US,D,20221114,000000,134.8,135.73,133.91,133.91,11085604,0
JPM.US,D,20221115,000000,134.68,135.71,131.6,132.94,14038346,0
JPM.US,D,20221116,000000,133,133.56,132.03,133.12,7893359,0
JPM.US,D,20221117,000000,132,132.89,131.28,132.54,8824558,0
JPM.US,D,20221118,000000,134.57,134.67,132.28,133.84,9468537,0
JPM.US,D,20221121,000000,133.74,134.56,132.75,133.05,7800517,0
JPM.US,D,20221122,000000,134,135.27,133.69,135.04,9185670,0
JPM.US,D,20221123,000000,134.94,136.5,134.86,136.48,7316204,0
JPM.US,D,20221125,000000,136.48,137.14,136.055,136.74,3220496,0
JPM.US,D,20221128,000000,136.07,136.71,134.19,134.35,9907551,0
JPM.US,D,20221129,000000,134.66,136.64,134.41,136.56,7925322,0
JPM.US,D,20221130,000000,136.09,138.18,133.19,138.18,14761248,0
JPM.US,D,20221201,000000,138.18,138.66,135.43,136.24,8858472,0
JPM.US,D,20221202,000000,134.49,135.35,133.34,135.16,8932057,0
JPM.US,D,20221205,000000,134.24,134.57,130.6,131.37,10154531,0
JPM.US,D,20221206,000000,133.39,135.11,129.87,131.59,13966691,0
JPM.US,D,20221207,000000,131.31,133.08,130.33,131.5,11739425,0
JPM.US,D,20221208,000000,132.33,132.98,131.43,132.88,8907257,0
JPM.US,D,20221209,000000,132.2,133.76,132,132.16,7957818,0
JPM.US,D,20221212,000000,132.4,134.65,131.6,134.21,8841631,0
JPM.US,D,20221213,000000,136.885,137.09,133.08,134.08,10025383,0
JPM.US,D,20221214,000000,133.78,135.71,132.76,133.41,9966115,0
JPM.US,D,20221215,000000,131.145,132.08,129.05,130.1,12090286,0
JPM.US,D,20221216,000000,129.15,129.9,128.425,129.29,21133707,0
JPM.US,D,20221219,000000,129.65,131.33,129.09,130.06,9017156,0
JPM.US,D,20221220,000000,130.97,132.05,130.2,130.69,8549927,0
JPM.US,D,20221221,000000,132.18,132.98,131.77,132.16,8051704,0
JPM.US,D,20221222,000000,131.1,131.3,128.41,130.66,8651131,0
JPM.US,D,20221223,000000,130.58,131.44,129.64,131.28,5091905,0
JPM.US,D,20221227,000000,131.57,132.22,130.55,131.74,5410991,0
JPM.US,D,20221228,000000,131.85,133.41,131.01,132.46,8827738,0
JPM.US,D,20221229,000000,132.93,133.27,132.31,133.22,6585228,0
JPM.US,D,20221230,000000,132.81,134.33,132.44,134.1,9292519,0
JPM.US,D,20230103,000000,135.24,136.74,133.89,135.12,11054778,0
JPM.US,D,20230104,000000,135.99,137.68,135.57,136.38,11687643,0
JPM.US,D,20230105,000000,135.66,135.71,133.7004,135.35,8381265,0
JPM.US,D,20230106,000000,136.125,138.38,134.49,137.94,10029076,0
JPM.US,D,20230109,000000,138.6,138.88,136.88,137.37,8482297,0
JPM.US,D,20230110,000000,137.79,138.72,137.31,138.6,9048665,0
JPM.US,D,20230111,000000,138.9,139.75,138.1,139.63,8703698,0
JPM.US,D,20230112,000000,140,140.86,139.22,139.49,11001666,0
JPM.US,D,20230113,000000,135.6,143.49,134.8,143.01,20200047,0
JPM.US,D,20230117,000000,141.17,141.54,139.225,140.8,14292881,0
JPM.US,D,20230118,000000,138.92,140.73,136.41,136.57,13392601,0
JPM.US,D,20230119,000000,135.32,135.9,133.59,134.75,13303371,0
JPM.US,D,20230120,000000,135.16,135.49,133.55,135.08,13092492,0
JPM.US,D,20230123,000000,135.115,137.96,134.82,137.27,10487128,0
JPM.US,D,20230124,000000,140.29,140.29,135,138.45,6944991,0
JPM.US,D,20230125,000000,138.05,139.12,137.25,139.12,8967007,0
JPM.US,D,20230126,000000,139.42,140.06,138.36,139.98,7487631,0
JPM.US,D,20230127,000000,140.61,141.255,139.7499,140.32,7489946,0
JPM.US,D,20230130,000000,139.23,140.09,138.91,139.13,6729255,0
JPM.US,D,20230131,000000,139.88,140.07,138.25,139.96,9188738,0
JPM.US,D,20230201,000000,138.21,140.875,138.12,139.59,8841846,0
JPM.US,D,20230202,000000,140,140.46,138,138.94,11822064,0
JPM.US,D,20230203,000000,138.18,142.33,138.13,141.09,11501232,0
JPM.US,D,20230206,000000,140.23,142.24,140.0313,141.92,8406231,0
JPM.US,D,20230207,000000,141.38,144.34,141.18,143.65,10447888,0
JPM.US,D,20230208,000000,142.65,144.04,142.2763,142.64,6957965,0
JPM.US,D,20230209,000000,143.12,143.34,139.87,140.42,6443109,0
JPM.US,D,20230210,000000,139.78,141.28,138.59,141.04,6582853,0
JPM.US,D,20230213,000000,141.3,142.73,140.74,142.57,7134607,0
JPM.US,D,20230214,000000,142.5,143.81,141.595,143.2,9249399,0
JPM.US,D,20230215,000000,141.61,143.89,141.3,143.8,6731172,0
JPM.US,D,20230216,000000,142.91,143.39,141.676,141.82,8165306,0
JPM.US,D,20230217,000000,140.98,142.83,140.07,142.24,7948829,0
JPM.US,D,20230221,000000,140.69,141.34,138.75,139.63,9996283,0
JPM.US,D,20230222,000000,138.92,139.43,137.435,138.56,11107501,0
JPM.US,D,20230223,000000,138.73,140.17,137.94,139.67,8068010,0
JPM.US,D,20230224,000000,139.11,141.36,138.93,140.93,9126888,0
JPM.US,D,20230227,000000,142.11,143.31,141.7201,142.16,10014654,0
JPM.US,D,20230228,000000,142.94,143.76,141.9001,143.35,11019757,0
JPM.US,D,20230301,000000,142.1,143.4583,141.8,142.55,7139155,0
JPM.US,D,20230302,000000,142.24,142.43,139.54,141.07,11107549,0
JPM.US,D,20230303,000000,141.51,143.74,141.08,143.66,9513063,0
JPM.US,D,20230306,000000,143.44,144.04,142.66,142.82,9261255,0
JPM.US,D,20230307,000000,142.01,142.31,137.81,138.62,11747620,0
JPM.US,D,20230308,000000,138,138.59,136.885,137.8,10002548,0
JPM.US,D,20230309,000000,136.76,137.35,129.215,130.34,25888097,0
JPM.US,D,20230310,000000,128.96,135.26,127.82,133.65,37599655,0
JPM.US,D,20230313,000000,131.21,133.88,129.41,131.25,42901132,0
JPM.US,D,20230314,000000,135.28,135.53,131.29,134.62,29648116,0
JPM.US,D,20230315,000000,130.98,130.99,126.73,128.26,34280607,0
JPM.US,D,20230316,000000,128.01,131.95,126.02,130.75,24570587,0
JPM.US,D,20230317,000000,128.38,128.48,125.45,125.81,38395982,0
JPM.US,D,20230320,000000,126.99,129.47,126.01,127.14,22875505,0
JPM.US,D,20230321,000000,130.59,131.73,130.19,130.55,17807808,0
JPM.US,D,20230322,000000,130.56,130.655,127.08,127.18,17250168,0
JPM.US,D,20230323,000000,127.9,129.53,126.02,126.84,16677640,0
JPM.US,D,20230324,000000,125.63,125.68,123.11,124.91,22326916,0
JPM.US,D,20230327,000000,126.79,129.38,126.29,128.49,18853935,0
JPM.US,D,20230328,000000,128.71,129.3417,127.744,128.88,10820466,0
JPM.US,D,20230329,000000,130.1,130.22,127.77,129.14,14595260,0
JPM.US,D,20230330,000000,129.95,130.12,127.65,128.75,12134675,0
JPM.US,D,20230331,000000,129.66,130.34,128.8514,130.31,13105215,0
JPM.US,D,20230403,000000,129.91,131.44,129.41,130.16,11775388,0
JPM.US,D,20230404,000000,130.5,130.59,127.41,128.42,11579916,0
JPM.US,D,20230405,000000,126.8,128.15,126.46,127.61,9614692,0
JPM.US,D,20230406,000000,127,128.08,126.8553,127.47,8760220,0
JPM.US,D,20230410,000000,126.54,128.23,126.22,127.89,9477292,0
JPM.US,D,20230411,000000,128.3,128.94,127.54,128.52,10516267,0
JPM.US,D,20230412,000000,129.18,130.43,128.0603,128.5,11820995,0
JPM.US,D,20230413,000000,128.46,129.04,126.83,128.99,12450242,0
JPM.US,D,20230414,000000,135.15,139.12,134.9001,138.73,43931328,0
JPM.US,D,20230417,000000,139.95,140.06,137.66,139.83,16050486,0
JPM.US,D,20230418,000000,140.27,141.78,139.03,141.4,13760139,0
JPM.US,D,20230419,000000,141.23,141.5,140.4,141.22,9158112,0
JPM.US,D,20230420,000000,139.91,141.43,139.84,140.81,10586245,0
JPM.US,D,20230421,000000,139.74,141.11,138.78,140.54,11842537,0
JPM.US,D,20230424,000000,140.455,141.1,140.04,140.73,7567666,0
JPM.US,D,20230425,000000,139.6,139.96,137.625,137.67,10629325,0
JPM.US,D,20230426,000000,137.62,137.8093,134,135.23,14416145,0
JPM.US,D,20230427,000000,136,137.91,135.66,137.05,9041092,0
JPM.US,D,20230428,000000,136.56,138.32,135.67,138.24,9887262,0
JPM.US,D,20230501,000000,142.26,143.37,140.83,141.2,20415762,0
JPM.US,D,20230502,000000,141.4,142.41,138.43,138.92,14113447,0
JPM.US,D,20230503,000000,138.44,138.6687,135.76,135.98,12930906,0
JPM.US,D,20230504,000000,134.96,135.72,131.81,134.12,17089164,0
JPM.US,D,20230505,000000,136.44,137.88,135.912,136.74,11261394,0
JPM.US,D,20230508,000000,137.49,137.97,136.475,137.07,7484872,0
JPM.US,D,20230509,000000,135.93,136.95,135.21,136.41,7343573,0
JPM.US,D,20230510,000000,137.95,138.06,134.87,136.48,8133416,0
JPM.US,D,20230511,000000,135,136.81,134.9,136.05,7057277,0
JPM.US,D,20230512,000000,136.82,136.99,133.13,134.1,9988598,0
JPM.US,D,20230515,000000,134.27,135.67,133.96,135.23,7639451,0
JPM.US,D,20230516,000000,135.46,135.9382,133.96,134.32,6483267,0
JPM.US,D,20230517,000000,135.9,138.5899,135.46,138.45,12711522,0
JPM.US,D,20230518,000000,138.27,139.73,137.76,139.5,10999607,0
JPM.US,D,20230519,000000,139.79,140.49,138.125,139.18,13492239,0
JPM.US,D,20230522,000000,141,141.64,137.66,138.03,11402476,0
JPM.US,D,20230523,000000,137.54,139.03,136.455,136.59,9514897,0
JPM.US,D,20230524,000000,135.4,136.35,135.08,135.34,8577997,0
JPM.US,D,20230525,000000,134.82,136.27,134.58,135.67,8472505,0
JPM.US,D,20230526,000000,136.11,137.6,135.63,136.94,8579941,0
JPM.US,D,20230530,000000,136.8,137.72,136.02,137.46,7399867,0
JPM.US,D,20230531,000000,136.73,136.84,134.4044,135.71,14219906,0
JPM.US,D,20230601,000000,136.52,138.23,135.445,137.58,12248094,0
JPM.US,D,20230602,000000,139.56,141.48,139.34,140.47,12922471,0
JPM.US,D,20230605,000000,140.11,140.11,138.13,139.09,8511902,0
JPM.US,D,20230606,000000,138.68,140.1,138.2066,139.34,9329541,0
JPM.US,D,20230607,000000,139.55,141.27,138.83,140.69,9281389,0
JPM.US,D,20230608,000000,140.67,140.89,139.4807,140.73,7370043,0
JPM.US,D,20230609,000000,140.35,141.8,140.21,141.01,7253946,0
JPM.US,D,20230612,000000,141.07,141.32,139.76,141,7600196,0
JPM.US,D,20230613,000000,140.48,142.87,140.14,142.02,7701567,0
JPM.US,D,20230614,000000,143,143.61,140.7,141.49,9068729,0
JPM.US,D,20230615,000000,140.59,143.4,140.03,143.09,9343096,0
JPM.US,D,20230616,000000,143.05,143.965,142.5,143.26,13813512,0
JPM.US,D,20230620,000000,142.61,143,141.04,142.53,8431008,0
JPM.US,D,20230621,000000,142.9,144.02,141.691,142.32,9926459,0
JPM.US,D,20230622,000000,142.31,142.6,138.95,139.58,10076325,0
JPM.US,D,20230623,000000,138.54,139.18,137.62,138.85,9919539,0
JPM.US,D,20230626,000000,138.87,140.01,137.69,139.19,8429727,0
JPM.US,D,20230627,000000,139,139.84,138.54,139.2,8154024,0
JPM.US,D,20230628,000000,139.16,139.21,137.96,138.59,7558644,0
JPM.US,D,20230629,000000,140.07,143.56,139.85,143.43,15423230,0
JPM.US,D,20230630,000000,144.6,146,143.66,145.44,14212816,0
JPM.US,D,20230703,000000,146.19,147.48,146,146.61,8021622,0
JPM.US,D,20230705,000000,144.94,145.43,144.36,144.64,8935519,0
JPM.US,D,20230706,000000,143.02,143.39,141.4401,143.21,9714100,0
JPM.US,D,20230707,000000,143.91,145.8436,143,144.34,8981456,0
JPM.US,D,20230710,000000,144.5,145.99,144.5,145.15,9100060,0
JPM.US,D,20230711,000000,146.335,147.82,145.705,147.42,11265592,0
JPM.US,D,20230712,000000,147.45,149.87,147,148.15,11323228,0
JPM.US,D,20230713,000000,148.7,149.37,147.75,148.87,11234925,0
JPM.US,D,20230714,000000,151.55,152.89,148.41,149.77,27028429,0
JPM.US,D,20230717,000000,150.35,153.75,150.35,153.38,17262394,0
JPM.US,D,20230718,000000,153.38,154.4,152.82,153.66,13491725,0
JPM.US,D,20230719,000000,152.75,155.205,152.22,154.25,12510000,0
JPM.US,D,20230720,000000,154.53,156.59,154.41,156.15,9935907,0
JPM.US,D,20230721,000000,155.8,156.14,154.69,154.95,10636378,0
JPM.US,D,20230724,000000,154.97,158.785,154.73,158,14381425,0
JPM.US,D,20230725,000000,157.3,157.7198,155.96,156.82,9944679,0
JPM.US,D,20230726,000000,156.71,158.25,156.275,157.76,8728593,0
JPM.US,D,20230727,000000,157.77,158.78,155.5538,156.02,10778406,0
JPM.US,D,20230728,000000,157.28,157.6,156.4401,156.91,9105974,0
JPM.US,D,20230731,000000,157.18,159.38,157.151,157.96,8894353,0
JPM.US,D,20230801,000000,157.43,158,156.15,157.18,6855682,0
JPM.US,D,20230802,000000,155.56,155.69,153.94,155.4,8303708,0
JPM.US,D,20230803,000000,155,156.92,154.35,156.35,6087542,0
JPM.US,D,20230804,000000,156.4,157.8,155.695,156.02,6209397,0
JPM.US,D,20230807,000000,156.6,157.7,156.6,156.76,7251832,0
JPM.US,D,20230808,000000,154.32,155.98,152.59,155.88,8623379,0
JPM.US,D,20230809,000000,155.32,155.52,153.47,153.79,6277813,0
JPM.US,D,20230810,000000,154.38,155.44,153.09,153.56,5995076,0
JPM.US,D,20230811,000000,153.03,154.52,152.63,154.45,5180690,0
JPM.US,D,20230814,000000,153.61,154.9178,152.92,154.77,5044282,0
JPM.US,D,20230815,000000,152.85,153.2664,150.2301,150.83,10300303,0
JPM.US,D,20230816,000000,150.6,150.96,149.68,150.19,6978235,0
JPM.US,D,20230817,000000,150.88,151.2622,148.4,148.63,9953912,0
JPM.US,D,20230818,000000,147.65,149.5,147.4437,148.97,8517460,0
JPM.US,D,20230821,000000,149.65,150.105,148.02,149.48,8327018,0
JPM.US,D,20230822,000000,149.26,149.6394,145.85,146.38,9681972,0
JPM.US,D,20230823,000000,146.35,147.585,145.46,147.37,7858021,0
JPM.US,D,20230824,000000,147.5,149.41,146.9875,147.23,6534026,0
JPM.US,D,20230825,000000,147.28,148.6199,145.85,147.05,6695537,0
JPM.US,D,20230828,000000,147.57,148.61,147.13,147.56,5094201,0
JPM.US,D,20230829,000000,147.71,148.85,147.18,148.76,6336962,0
JPM.US,D,20230830,000000,148.62,149.15,147.19,148.16,6277318,0
JPM.US,D,20230831,000000,148.26,148.35,145.96,146.33,10933938,0
JPM.US,D,20230901,000000,146.09,148.08,145.7,146.82,7903496,0
JPM.US,D,20230905,000000,147.16,148.2099,145.01,145.2,7854739,0
JPM.US,D,20230906,000000,144.7,145.54,144.11,144.96,8629164,0
JPM.US,D,20230907,000000,144.13,145.2683,143.39,143.72,8373738,0
JPM.US,D,20230908,000000,143.37,144.12,142.65,143.83,7110254,0
JPM.US,D,20230911,000000,144.75,145.05,143.69,144.46,6854220,0
JPM.US,D,20230912,000000,144.5,147.32,144.05,146.34,8363165,0
JPM.US,D,20230913,000000,147.34,147.7,145.82,146.41,8325914,0
JPM.US,D,20230914,000000,147.84,149.895,147.52,149.25,10034931,0
JPM.US,D,20230915,000000,148.92,149.7256,148.31,148.81,19863383,0
JPM.US,D,20230918,000000,148.16,149.14,147.75,149.12,6512360,0
JPM.US,D,20230919,000000,149.5,149.72,147.21,148.93,7945606,0
JPM.US,D,20230920,000000,149.65,150.25,148.135,148.3,7334257,0
JPM.US,D,20230921,000000,147.58,148.855,146.63,147.14,8053410,0
JPM.US,D,20230922,000000,147.29,147.51,145.19,145.73,7071975,0
JPM.US,D,20230925,000000,145.35,146.52,143.7,146.45,7044672,0
JPM.US,D,20230926,000000,144.6,145.84,144.23,144.93,7468405,0
JPM.US,D,20230927,000000,145.19,146.09,144.5115,145.78,6717822,0
JPM.US,D,20230928,000000,146.28,148.87,146.01,147.59,8868063,0
JPM.US,D,20230929,000000,148.6,148.76,144.86,145.02,11917826,0
JPM.US,D,20231002,000000,144.83,145.6223,142.63,143.77,9170644,0
JPM.US,D,20231003,000000,143.2,143.59,142.355,142.71,9431118,0
JPM.US,D,20231004,000000,143.19,143.47,141.93,143.35,8128748,0
JPM.US,D,20231005,000000,142.04,143.1,140.83,142.9,8576237,0
JPM.US,D,20231006,000000,142.91,145.88,142.14,145.1,10270621,0
JPM.US,D,20231009,000000,143.66,145.395,143.5005,144.77,6964907,0
JPM.US,D,20231010,000000,145.42,146.77,145.28,145.65,11288769,0
JPM.US,D,20231011,000000,146.51,147.23,145.02,146.15,8698175,0
JPM.US,D,20231012,000000,146.3,146.96,145.13,145.81,10484436,0
JPM.US,D,20231013,000000,148.5,153.11,147.84,148,29487199,0
JPM.US,D,20231016,000000,149.45,149.52,146.72,147.85,12663461,0
JPM.US,D,20231017,000000,147.57,149.31,146.79,147.53,11482739,0
JPM.US,D,20231018,000000,146.59,147.48,145.37,145.91,9620257,0
JPM.US,D,20231019,000000,145.48,147.02,144.88,145.29,11143631,0
JPM.US,D,20231020,000000,144.57,145.14,142.12,142.95,13332867,0
JPM.US,D,20231023,000000,142.94,143.68,140.73,141,10133410,0
JPM.US,D,20231024,000000,141.19,141.73,140.36,141.17,8881354,0
JPM.US,D,20231025,000000,140.57,141.18,139.51,140.4,8242565,0
JPM.US,D,20231026,000000,139.76,141.665,139.43,140.76,9109431,0
JPM.US,D,20231027,000000,138.95,139.1,135.19,135.69,17434717,0
JPM.US,D,20231030,000000,136.44,138.04,136.04,137.42,9855540,0
JPM.US,D,20231031,000000,137.71,139.24,137.4728,139.06,9672460,0
JPM.US,D,20231101,000000,139.25,140.53,138.47,138.94,9432048,0
JPM.US,D,20231102,000000,140.09,141.48,139.23,141.42,10186175,0
JPM.US,D,20231103,000000,142.19,143.77,141.85,143,9538719,0
JPM.US,D,20231106,000000,143.17,144.19,142.79,144.08,7625063,0
JPM.US,D,20231107,000000,143.51,144.2612,142.82,144.01,6297915,0
JPM.US,D,20231108,000000,144.11,144.84,143.62,144.72,7618169,0
JPM.US,D,20231109,000000,145.44,145.6499,143.7,144.29,7992477,0
JPM.US,D,20231110,000000,144.94,146.48,144.0765,146.43,7983935,0
JPM.US,D,20231113,000000,145.7,146.25,145.16,145.78,6676364,0
JPM.US,D,20231114,000000,146.68,149.25,146.52,148.44,9927723,0
JPM.US,D,20231115,000000,148.46,150.16,148.46,149.74,8365296,0
JPM.US,D,20231116,000000,150.09,151.525,150.09,151.45,8126188,0
JPM.US,D,20231117,000000,152.2,152.86,151.54,152.82,7814064,0
JPM.US,D,20231120,000000,152.08,153.75,151.92,153.29,7020349,0
JPM.US,D,20231121,000000,153.2,153.63,152.57,152.97,7083506,0
JPM.US,D,20231122,000000,153.41,153.88,152.9,153.33,5175135,0
JPM.US,D,20231124,000000,153.59,154.438,153.275,153.54,3496941,0
JPM.US,D,20231127,000000,153.43,153.53,152.71,153.19,6259116,0
JPM.US,D,20231128,000000,153.22,153.87,152.72,153.54,6582937,0
JPM.US,D,20231129,000000,154.17,155.625,154,154.32,9126053,0
JPM.US,D,20231130,000000,154.91,156.13,154.381,156.08,9869790,0
JPM.US,D,20231201,000000,155.82,157.86,155.82,156.84,8916001,0
JPM.US,D,20231204,000000,156.02,158.05,155.88,157.99,9607465,0
JPM.US,D,20231205,000000,157.26,158.5,156.97,157.97,9135597,0
JPM.US,D,20231206,000000,158.84,159.22,156,156.31,9366004,0
JPM.US,D,20231207,000000,156.69,157.31,156.15,156.79,8130874,0
JPM.US,D,20231208,000000,157.26,158.78,156.98,158.52,7369370,0
JPM.US,D,20231211,000000,158.52,159.3,158.15,159.1,8093908,0
JPM.US,D,20231212,000000,159.23,160.645,158.88,160.52,10222978,0
JPM.US,D,20231213,000000,160.52,162.03,159.77,161.06,12379098,0
JPM.US,D,20231214,000000,161.83,164.8399,161.705,163.99,13642990,0
JPM.US,D,20231215,000000,163.08,165.28,162.39,165.23,20309348,0
JPM.US,D,20231218,000000,165.92,167.13,165.63,166.23,8469608,0
JPM.US,D,20231219,000000,166,168.47,165.55,168.45,10345691,0
JPM.US,D,20231220,000000,167.99,169.41,166.45,166.55,10734709,0
JPM.US,D,20231221,000000,166.84,168.09,165.675,167.5,7601678,0
JPM.US,D,20231222,000000,167.5,168.23,167.23,167.4,6576322,0
JPM.US,D,20231226,000000,167.46,168.765,167.18,168.39,4683605,0
JPM.US,D,20231227,000000,167.84,169.47,167.58,169.4,6428643,0
JPM.US,D,20231228,000000,169.35,170.66,168.995,170.3,6320129,0
JPM.US,D,20231229,000000,170,170.69,169.63,170.1,6435102,0
JPM.US,D,20240102,000000,169.09,172.17,168.91,172.08,9977424,0
JPM.US,D,20240103,000000,171.86,172.04,170.37,171.33,9852335,0
JPM.US,D,20240104,000000,170.64,173.35,170.54,171.41,11972545,0
JPM.US,D,20240105,000000,171.47,173.38,171.47,172.27,10066029,0
JPM.US,D,20240108,000000,172.02,172.36,169.485,172.02,11229916,0
JPM.US,D,20240109,000000,171.62,171.79,170.095,170.66,9923630,0
JPM.US,D,20240110,000000,170,171.08,168.95,171.02,9670218,0
JPM.US,D,20240111,000000,170.33,170.36,168.6401,170.3,11919498,0
JPM.US,D,20240112,000000,173.8,176.31,168.9,169.05,19436504,0
JPM.US,D,20240116,000000,164.87,168.09,164.3,167.99,17206420,0
JPM.US,D,20240117,000000,167.34,169.07,166.49,167.09,11107466,0
JPM.US,D,20240118,000000,167.12,167.53,165.24,167.42,9382255,0
JPM.US,D,20240119,000000,167.55,170.57,167.08,170.31,13115664,0
JPM.US,D,20240122,000000,170.46,171.9803,169.71,170.11,12837505,0
JPM.US,D,20240123,000000,169.67,169.75,168.44,168.99,8360829,0
JPM.US,D,20240124,000000,169.36,171.01,168.8627,170.5,9967060,0
JPM.US,D,20240125,000000,172.31,172.99,170.905,172.94,8873481,0
JPM.US,D,20240126,000000,172.61,173.06,171.78,172.28,7442955,0
JPM.US,D,20240129,000000,172.24,172.84,171.3,172.73,6971192,0
JPM.US,D,20240130,000000,172.83,176.7603,172.83,176.27,10822075,0
JPM.US,D,20240131,000000,176.2,178.3,174.34,174.36,11521820,0
JPM.US,D,20240201,000000,173.64,174.84,171.43,173.73,9354798,0
JPM.US,D,20240202,000000,173.3,175.8162,173.26,174.73,8607839,0
JPM.US,D,20240205,000000,173.86,175.09,172.92,174.5,7820160,0
JPM.US,D,20240206,000000,174.61,175.87,173.76,175.1,6765684,0
JPM.US,D,20240207,000000,175.69,175.87,173.96,175.43,7225478,0
JPM.US,D,20240208,000000,175,175.3058,173.57,174.8,6060285,0
JPM.US,D,20240209,000000,175,175.1,173.6731,175.01,6296729,0
JPM.US,D,20240212,000000,174.78,176.808,173.7,175.79,8539316,0
JPM.US,D,20240213,000000,175.32,176.2299,172.615,174.26,8397631,0
JPM.US,D,20240214,000000,175.07,176.1,174.42,176.03,7056664,0
JPM.US,D,20240215,000000,176.15,180.21,176.15,179.87,8723390,0
JPM.US,D,20240216,000000,179.61,179.98,178.16,179.03,8152647,0
JPM.US,D,20240220,000000,179.19,180.46,178.405,179.73,9667959,0
JPM.US,D,20240221,000000,179.95,180.99,178.52,180.9,7027857,0
JPM.US,D,20240222,000000,181.82,183.42,181.24,183.07,9296459,0
JPM.US,D,20240223,000000,183.81,185.2,183.19,183.99,7105833,0
JPM.US,D,20240226,000000,183.75,184.46,182.48,183.36,7145391,0
JPM.US,D,20240227,000000,183.31,183.54,182.24,183.45,5717065,0
JPM.US,D,20240228,000000,183.43,185.2,182.96,184.38,6131608,0
JPM.US,D,20240229,000000,185.66,186.43,183.85,186.06,9643012,0
JPM.US,D,20240301,000000,185.7,186.44,185.1,185.29,6311996,0
JPM.US,D,20240304,000000,184.71,187.59,184.27,186.68,7063605,0
JPM.US,D,20240305,000000,186.36,189.3,186.36,188.55,6617832,0
JPM.US,D,20240306,000000,189.25,190.07,187.63,189.53,7572891,0
JPM.US,D,20240307,000000,189.91,190.5,186.63,187.87,7618277,0
JPM.US,D,20240308,000000,188.44,190.455,187.92,188.22,6172199,0
JPM.US,D,20240311,000000,187.28,188.44,186.22,188.29,5762569,0
JPM.US,D,20240312,000000,188.95,190.16,187.91,189.84,5708384,0
JPM.US,D,20240313,000000,190.36,191.73,189.84,191.38,7795535,0
JPM.US,D,20240314,000000,191.03,191.63,187.103,187.97,10310948,0
JPM.US,D,20240315,000000,186.48,190.94,186.48,190.3,17214229,0
JPM.US,D,20240318,000000,190.63,192.7,189.89,192.66,9013843,0
JPM.US,D,20240319,000000,192.71,193.93,192.38,193.79,8478717,0
JPM.US,D,20240320,000000,194.19,196.56,193.61,196.33,9367043,0
JPM.US,D,20240321,000000,196.52,199.43,196.33,199.06,11203796,0
JPM.US,D,20240322,000000,199.01,200.48,196.54,196.62,8108840,0
JPM.US,D,20240325,000000,196.6,196.94,194.36,194.82,8620015,0
JPM.US,D,20240326,000000,194.59,196.66,194.0554,195.73,5961484,0
JPM.US,D,20240327,000000,196.5,199.6,196.38,199.52,8725757,0
JPM.US,D,20240328,000000,199.49,200.72,198.54,200.3,8628313,0
JPM.US,D,20240401,000000,199.99,200.94,198.565,198.94,7309009,0
JPM.US,D,20240402,000000,198.39,199.78,198.08,198.86,7014683,0
JPM.US,D,20240403,000000,199.04,199.56,197.7,198.3,9353426,0
JPM.US,D,20240404,000000,199.15,199.68,195.55,195.65,9243793,0
JPM.US,D,20240405,000000,196.16,198.1224,195.11,197.45,6532278,0
JPM.US,D,20240408,000000,197.62,198.98,197.62,198.48,8000963,0
JPM.US,D,20240409,000000,198.07,198.88,194.91,197.15,7358631,0
JPM.US,D,20240410,000000,195.55,197.07,194.18,195.47,7681377,0
JPM.US,D,20240411,000000,196,196.57,193.24,195.43,10137699,0
JPM.US,D,20240412,000000,188.32,188.93,182.54,182.79,31532308,0
JPM.US,D,20240415,000000,184.5,187.46,182.195,182.89,14766592,0
JPM.US,D,20240416,000000,182.9,183.16,179.65,180.8,16451801,0
JPM.US,D,20240417,000000,181.37,182.4199,179.2,180.08,9017093,0
JPM.US,D,20240418,000000,181.1,183.36,179.97,181.25,9557720,0
JPM.US,D,20240419,000000,182.4,185.88,181.41,185.8,13379451,0
JPM.US,D,20240422,000000,185.99,190.125,185.98,189.41,11529668,0
JPM.US,D,20240423,000000,191.13,192.225,190.52,192.14,9144372,0
JPM.US,D,20240424,000000,190.53,193.23,190.17,193.08,6964905,0
JPM.US,D,20240425,000000,192.25,193.935,191.18,193.37,9802265,0
JPM.US,D,20240426,000000,193.57,194.87,193.06,193.49,6413655,0
JPM.US,D,20240429,000000,193.48,194.26,192.43,193.28,5411129,0
JPM.US,D,20240430,000000,192.81,194.99,191.64,191.74,8153681,0
JPM.US,D,20240501,000000,192.27,194.46,190.79,191.86,7446703,0
JPM.US,D,20240502,000000,193.07,193.5,189.52,191.66,6501657,0
JPM.US,D,20240503,000000,192,192.529,188.46,190.51,8922775,0
JPM.US,D,20240506,000000,191.73,192.2,189.815,192,7911134,0
JPM.US,D,20240507,000000,191.7,192.93,191.65,191.75,7688771,0
JPM.US,D,20240508,000000,191,196.65,191,195.65,9227561,0
JPM.US,D,20240509,000000,195.17,197.59,195.1,197.5,7977291,0
JPM.US,D,20240510,000000,198.54,199.3399,198.27,198.77,7529790,0
JPM.US,D,20240513,000000,198.8,199.85,198.04,198.73,7049241,0
JPM.US,D,20240514,000000,199,201.58,198.16,201.51,8596175,0
JPM.US,D,20240515,000000,202.01,202.69,199.77,202.11,8369975,0
JPM.US,D,20240516,000000,202.22,204.48,201.9901,202.47,8497927,0
JPM.US,D,20240517,000000,203.81,205.05,202.8149,204.79,9260490,0
JPM.US,D,20240520,000000,204.39,205.88,195.4,195.58,17373253,0
JPM.US,D,20240521,000000,197,199.9,196.6,199.52,14420799,0
JPM.US,D,20240522,000000,199,200.935,197.69,198.31,9425338,0
JPM.US,D,20240523,000000,197.81,198.3,196.07,196.92,8069445,0
JPM.US,D,20240524,000000,197.75,200.76,197.56,200.71,7356233,0
JPM.US,D,20240528,000000,199.86,200.41,198.66,199.5,6910206,0
JPM.US,D,20240529,000000,198,198.99,196.89,198.11,6120045,0
JPM.US,D,20240530,000000,198.56,199.85,198.4,199.33,6829719,0
JPM.US,D,20240531,000000,199.3,203.3,198.35,202.63,14417885,0
JPM.US,D,20240603,000000,202.31,202.42,199.19,201.82,6444309,0
JPM.US,D,20240604,000000,200.16,201.98,198.28,199.16,6848338,0
JPM.US,D,20240605,000000,199.76,199.82,196.92,197.26,8351597,0
JPM.US,D,20240606,000000,197.26,198.02,195.33,196.91,7640289,0
JPM.US,D,20240607,000000,197.43,200.92,197.01,199.95,6964498,0
JPM.US,D,20240610,000000,199.24,200.84,198.44,199.61,6071201,0
JPM.US,D,20240611,000000,197.91,197.94,193.6,194.36,9235302,0
JPM.US,D,20240612,000000,196,196.72,191.31,191.53,12751329,0
JPM.US,D,20240613,000000,192.32,194.58,190.88,193.66,8587786,0
JPM.US,D,20240614,000000,191.45,194.86,191.42,193.78,6874029,0
JPM.US,D,20240617,000000,193.48,195.58,192.64,194.98,8725445,0
JPM.US,D,20240618,000000,194.6,197.96,194.13,197,9022971,0
JPM.US,D,20240620,000000,196.39,199.45,196.11,198.67,8731062,0
JPM.US,D,20240621,000000,196.71,197.17,194.22,196.3,20972495,0
JPM.US,D,20240624,000000,197.81,199.23,197.1,198.88,9785929,0
JPM.US,D,20240625,000000,198.09,200.07,197.74,198.07,6915909,0
JPM.US,D,20240626,000000,197.45,197.94,196.275,197.43,7758582,0
JPM.US,D,20240627,000000,197.44,199.86,196.9,199.17,7913453,0
JPM.US,D,20240628,000000,200.01,202.6,199.3018,202.26,15307616,0
JPM.US,D,20240701,000000,202.84,207.09,202.66,205.45,10205836,0
JPM.US,D,20240702,000000,205.29,208.86,204.77,208.83,7802936,0
JPM.US,D,20240703,000000,209.55,210.38,207.65,208.69,5560925,0
JPM.US,D,20240705,000000,206.99,207.37,204.52,204.79,8093096,0
JPM.US,D,20240708,000000,205.04,206.9,203.97,205.17,8706967,0
JPM.US,D,20240709,000000,205.63,209.76,205.45,207.63,9060258,0
JPM.US,D,20240710,000000,206.14,207.97,205.58,207.8,8328493,0
JPM.US,D,20240711,000000,206.21,208.1,205.38,207.45,10666937,0
JPM.US,D,20240712,000000,204,207.45,202.1,204.94,15443441,0
JPM.US,D,20240715,000000,207.19,211.61,206.72,210.05,10719670,0
JPM.US,D,20240716,000000,210,213.74,208.08,213.62,11557018,0
JPM.US,D,20240717,000000,213.8,217.56,213.27,216.87,11572470,0
JPM.US,D,20240718,000000,215.63,216.635,209.235,209.98,12415125,0
JPM.US,D,20240719,000000,211.2,212.35,208.92,209.78,8095898,0
JPM.US,D,20240722,000000,210.46,212.17,209.71,210.28,7663223,0
JPM.US,D,20240723,000000,211.02,211.475,209.3527,210.33,5557262,0
JPM.US,D,20240724,000000,209.55,212.03,208.07,208.59,7118957,0
JPM.US,D,20240725,000000,208.65,210.19,208.05,208.67,6403774,0
JPM.US,D,20240726,000000,209.24,213.16,208.62,212.24,8027787,0
JPM.US,D,20240729,000000,212.65,213.61,210.545,210.85,6533636,0
JPM.US,D,20240730,000000,213.23,215.79,212.96,215.19,8850705,0
JPM.US,D,20240731,000000,214.78,216.39,212.67,212.8,9071637,0
JPM.US,D,20240801,000000,213.2,213.83,206.38,207.96,10918644,0
JPM.US,D,20240802,000000,203.88,204.67,196.89,199.14,18041676,0
JPM.US,D,20240805,000000,194.05,196.1699,190.9,194.9,13926997,0
JPM.US,D,20240806,000000,195.4,202.6,194,200.34,10605780,0
JPM.US,D,20240807,000000,203.51,205.75,200.2,200.4,9204434,0
JPM.US,D,20240808,000000,202.47,204.91,201.79,204.06,7761199,0
JPM.US,D,20240809,000000,203.47,206.47,202.9,205.8,5540240,0
JPM.US,D,20240812,000000,206.41,207.14,203.66,206.19,6935954,0
JPM.US,D,20240813,000000,207.73,208.09,205.4,207.94,6387942,0
JPM.US,D,20240814,000000,207.74,210.755,207.12,210.24,6999809,0
JPM.US,D,20240815,000000,213,213.89,211.1,211.55,7001005,0
JPM.US,D,20240816,000000,211.69,214.09,211.585,213.97,7931234,0
JPM.US,D,20240819,000000,214,215.53,213.82,215.45,6090818,0
JPM.US,D,20240820,000000,215,216,213.68,214.52,5640223,0
JPM.US,D,20240821,000000,214.43,215,212.84,214.6,5202472,0
JPM.US,D,20240822,000000,214.58,216.8,214.335,216.63,5247098,0
JPM.US,D,20240823,000000,217.6,219.19,216.5,218.31,7213981,0
JPM.US,D,20240826,000000,219.01,219.68,218.05,219.17,5105245,0
JPM.US,D,20240827,000000,219.51,220.42,219.19,220.18,5185221,0
JPM.US,D,20240828,000000,219.25,222.21,219.19,221.29,6506402,0
JPM.US,D,20240829,000000,222.15,222.98,218.94,222.21,6416149,0
JPM.US,D,20240830,000000,222.5,225.48,221.93,224.8,8574128,0
JPM.US,D,20240903,000000,222.3,224.1,219.24,220.3,8956089,0
JPM.US,D,20240904,000000,221.04,222.07,217.21,219.33,7389474,0
JPM.US,D,20240905,000000,220.15,220.8,216.03,217.63,8067874,0
JPM.US,D,20240906,000000,217.6,218.74,211.09,212.46,7776998,0
JPM.US,D,20240909,000000,215.19,218.15,214.175,216.81,8935074,0
JPM.US,D,20240910,000000,218.6,218.64,200.61,205.56,28406903,0
JPM.US,D,20240911,000000,205.25,207.7,201.831,207.23,13658743,0
JPM.US,D,20240912,000000,207.65,208.78,204.89,206.6,9055756,0
JPM.US,D,20240913,000000,206.86,207.8482,203.02,204.32,10226694,0
JPM.US,D,20240916,000000,205.83,208.21,205.59,207.86,8634936,0
JPM.US,D,20240917,000000,207.73,209.93,207.66,209.25,7573345,0
JPM.US,D,20240918,000000,209.01,211.3361,206.7,207.53,8259876,0
JPM.US,D,20240919,000000,209.78,211.91,207.34,210.48,11635168,0
JPM.US,D,20240920,000000,209.93,211.415,209.5,211.09,20884974,0
JPM.US,D,20240923,000000,211,211.8,209.99,211.44,7223491,0
JPM.US,D,20240924,000000,211.15,212.95,210.37,211.59,7323239,0
JPM.US,D,20240925,000000,211.68,212.24,208.61,210.19,8976520,0
JPM.US,D,20240926,000000,211.13,211.7,209.01,209.78,7807480,0
JPM.US,D,20240927,000000,210.65,212.44,209.33,210.5,7032450,0
JPM.US,D,20240930,000000,206.31,210.96,205.26,210.86,8668314,0
JPM.US,D,20241001,000000,208.9,209.09,206.19,207.04,8540064,0
JPM.US,D,20241002,000000,207.08,208.95,205.69,207.29,5810931,0
JPM.US,D,20241003,000000,206.17,206.49,204.34,205.23,7251325,0
JPM.US,D,20241004,000000,209.3,211.67,206.91,211.22,10213415,0
JPM.US,D,20241007,000000,211.03,213.33,209.69,210.93,6718898,0
JPM.US,D,20241008,000000,210.58,211.33,208.38,210.75,6021772,0
JPM.US,D,20241009,000000,209.7,214.24,209.38,213.42,7023998,0
JPM.US,D,20241010,000000,214.81,214.81,211.47,212.84,7927051,0
JPM.US,D,20241011,000000,215.67,224.6299,215.16,222.29,18320650,0
JPM.US,D,20241014,000000,223.2,223.7,218.88,221.48,9048925,0
JPM.US,D,20241015,000000,223.66,225.45,221.82,222.39,9235825,0
JPM.US,D,20241016,000000,222.33,223.68,221.04,223.64,6382515,0
JPM.US,D,20241017,000000,224.27,225.85,223.31,224.42,6470186,0
JPM.US,D,20241018,000000,225,225.92,223.1,225.37,7000543,0
JPM.US,D,20241021,000000,225.22,225.7,222.9,223,5869959,0
JPM.US,D,20241022,000000,223.02,225.28,221.1,224.12,9586793,0
JPM.US,D,20241023,000000,223.66,224.7999,222.53,223.41,6180528,0
JPM.US,D,20241024,000000,221.83,225.06,221.66,224.98,6002202,0
JPM.US,D,20241025,000000,225,225.62,220.875,222.31,6369720,0
JPM.US,D,20241028,000000,223.35,225.64,222.95,225.5,6842956,0
JPM.US,D,20241029,000000,225.21,226.75,222.81,222.9,6580004,0
JPM.US,D,20241030,000000,222.54,226.31,221.58,224.41,7110941,0
JPM.US,D,20241031,000000,224.7,225.69,221.82,221.92,7829932,0
JPM.US,D,20241101,000000,223.56,226.15,222.7,222.94,6923452,0
JPM.US,D,20241104,000000,222.65,223.76,219.17,219.78,8229588,0
JPM.US,D,20241105,000000,220.03,221.96,220,221.49,5600686,0
JPM.US,D,20241106,000000,235,248,234.77,247.06,23987753,0
JPM.US,D,20241107,000000,244.5,244.57,235.22,236.38,16451071,0
JPM.US,D,20241108,000000,239.34,239.34,235.78,236.98,9502100,0
JPM.US,D,20241111,000000,240.32,242.1,239,239.29,9017079,0
JPM.US,D,20241112,000000,240.47,241.46,238.76,239.56,6860956,0
JPM.US,D,20241113,000000,240.64,244.09,240.31,241.16,11472557,0
JPM.US,D,20241114,000000,242.415,244.29,241.05,241.87,10172202,0
JPM.US,D,20241115,000000,242.63,246.42,241.46,245.31,11518836,0
JPM.US,D,20241118,000000,247.84,247.93,242.68,245.03,9052575,0
JPM.US,D,20241119,000000,242.0525,245.1509,241.55,243.09,6792660,0
JPM.US,D,20241120,000000,244.04,244.61,238.64,240.78,9015290,0
JPM.US,D,20241121,000000,243.23,245.49,242.105,244.76,8783516,0
JPM.US,D,20241122,000000,243.0694,249.15,243.0347,248.55,7997307,0
JPM.US,D,20241125,000000,249.9,254.31,249.06,250.29,10295350,0
JPM.US,D,20241126,000000,250.5,251,248.34,249.97,6212142,0
JPM.US,D,20241127,000000,249.34,251.19,248.771,249.79,5472265,0
JPM.US,D,20241129,000000,249.92,251.77,249.445,249.72,5494825,0
JPM.US,D,20241202,000000,249.7,250.25,245.03,246.25,8899741,0
JPM.US,D,20241203,000000,248.23,249.04,244.63,244.82,6657694,0
JPM.US,D,20241204,000000,244.7,245.345,242.23,243.4,7346265,0
JPM.US,D,20241205,000000,245.09,247.18,244.62,245.48,6572536,0
JPM.US,D,20241206,000000,245.75,247.74,244.84,247.36,5519738,0
JPM.US,D,20241209,000000,247,247.8699,243.76,243.81,7076466,0
JPM.US,D,20241210,000000,243.92,247.96,242.22,242.86,9108339,0
JPM.US,D,20241211,000000,244.27,244.27,242.18,243.53,7884442,0
JPM.US,D,20241212,000000,242.96,244.1,241.04,241.53,6113771,0
JPM.US,D,20241213,000000,242.07,242.715,239.1437,239.94,10392749,0
JPM.US,D,20241216,000000,240.26,240.67,237.52,239.58,9032044,0
JPM.US,D,20241217,000000,238.65,239.02,236.63,238.36,8083635,0
JPM.US,D,20241218,000000,239.07,239.07,229.53,230.37,11322358,0
JPM.US,D,20241219,000000,232.27,236.36,232.27,232.96,11790773,0
JPM.US,D,20241220,000000,232,239.21,231.5877,237.6,32348414,0
JPM.US,D,20241223,000000,235.89,238.62,234.88,238.39,8611528,0
JPM.US,D,20241224,000000,239.41,242.4922,239.07,242.31,3729092,0
JPM.US,D,20241226,000000,241.3,243.26,240.79,243.14,4452168,0
JPM.US,D,20241227,000000,242.72,243.39,240.04,241.17,5730607,0
JPM.US,D,20241230,000000,238.8,240.84,237.11,239.32,5723765,0
JPM.US,D,20241231,000000,240,241.4393,239.03,239.71,4870971,0
JPM.US,D,20250102,000000,240.96,243.276,239.45,240,9220914,0
JPM.US,D,20250103,000000,243.88,244.88,240.26,243.28,9491053,0
JPM.US,D,20250106,000000,243.695,245.69,240.58,240.85,9917836,0
JPM.US,D,20250107,000000,242,245.26,240.9,243.17,8753357,0
JPM.US,D,20250108,000000,242.75,244.25,240.5,243.13,8675284,0
JPM.US,D,20250110,000000,243.44,243.81,238.74,239.87,10256829,0
JPM.US,D,20250113,000000,239.67,244.54,239,244.21,10005315,0
JPM.US,D,20250114,000000,242.66,247.72,242.19,247.47,12407386,0
JPM.US,D,20250115,000000,250.4,253.6699,243.68,252.35,18448520,0
JPM.US,D,20250116,000000,254,257.035,252.33,254.27,15292348,0
JPM.US,D,20250117,000000,254.1575,260.62,252.14,259.16,17678101,0
JPM.US,D,20250121,000000,260.07,264.25,259.5037,263.03,13712114,0
JPM.US,D,20250122,000000,262.9,263.38,260.25,262.84,9021914,0
JPM.US,D,20250123,000000,264.69,266.8599,263.81,265.95,10749681,0
JPM.US,D,20250124,000000,263.01,267.1,263.01,264.84,7666261,0
JPM.US,D,20250127,000000,264.17,265.97,262.26,265.85,7522258,0
JPM.US,D,20250128,000000,265.84,267.33,264.8301,267.14,7375391,0
JPM.US,D,20250129,000000,267.16,270.68,265.61,266.58,7684870,0
JPM.US,D,20250130,000000,268.75,269.7,266.6201,268.23,8753466,0
JPM.US,D,20250131,000000,269.23,270.82,266.96,267.3,7196268,0
JPM.US,D,20250203,000000,261.83,268.165,261.7009,266.81,8381361,0
JPM.US,D,20250204,000000,269.275,269.84,266.83,267.94,5625972,0
JPM.US,D,20250205,000000,268.92,270.64,268.33,270.43,5704431,0
JPM.US,D,20250206,000000,272.45,276.98,271.19,276.9,7264371,0
JPM.US,D,20250207,000000,277.27,278.55,274.715,275.8,6857875,0
JPM.US,D,20250210,000000,276.15,276.18,269.59,271.04,8627352,0
JPM.US,D,20250211,000000,270.15,276.22,269.66,274.99,7196376,0
JPM.US,D,20250212,000000,274.08,276.45,273.25,275.45,6683894,0
JPM.US,D,20250213,000000,275.5,276.97,273.81,276.32,8398667,0
JPM.US,D,20250214,000000,277.37,279.2334,276.45,276.59,5688627,0
JPM.US,D,20250218,000000,277.5702,279.97,276.02,279.95,7919798,0
JPM.US,D,20250219,000000,278.38,280.25,277.22,279.25,7007248,0
JPM.US,D,20250220,000000,278.675,278.74,265.735,266.8,13846671,0
JPM.US,D,20250221,000000,268.23,269.1955,262.84,264.24,12835566,0
JPM.US,D,20250224,000000,265.49,267,258.61,261.34,10372751,0
JPM.US,D,20250225,000000,262.235,263,253.35,257.4,9608439,0
JPM.US,D,20250226,000000,257.22,260.9115,256.93,258.79,5943585,0
JPM.US,D,20250227,000000,259.985,263.64,257.86,259.05,8204447,0
JPM.US,D,20250228,000000,260.675,264.81,257.89,264.65,10467126,0
JPM.US,D,20250303,000000,264,266.32,257.82,260.62,9058307,0
JPM.US,D,20250304,000000,255.28,257.23,245.95,250.25,13465630,0
JPM.US,D,20250305,000000,251.04,253.05,247.83,251.53,7861424,0
JPM.US,D,20250306,000000,248.1,249.36,243.85,246.54,9983235,0
JPM.US,D,20250307,000000,245.235,246.72,239.42,242.28,20498734,0
JPM.US,D,20250310,000000,236.34,237.51,228.695,232.22,18887186,0
JPM.US,D,20250311,000000,231.745,233.32,226.69,229.14,18142995,0
JPM.US,D,20250312,000000,234,234.32,227.26,227.9,16054015,0
JPM.US,D,20250313,000000,228.925,229.5,224.23,225.19,16467851,0
JPM.US,D,20250314,000000,228.12,233.143,227.58,232.44,11962108,0
JPM.US,D,20250317,000000,231.165,235.6695,230.455,233.93,9586025,0
JPM.US,D,20250318,000000,234.32,236.17,233.52,234.97,10344866,0
JPM.US,D,20250319,000000,235.84,242.33,234.89,239.11,10120588,0
JPM.US,D,20250320,000000,236.53,241.76,236.2,239.01,8328513,0
JPM.US,D,20250321,000000,237.81,242.3,236.5,241.63,19326865,0
JPM.US,D,20250324,000000,245.48,248.69,244.41,248.06,9422650,0
JPM.US,D,20250325,000000,249.08,251.82,247.6247,251.13,9287694,0
JPM.US,D,20250326,000000,252.6,254.67,249.78,251.03,12785225,0
JPM.US,D,20250327,000000,249.525,250.64,247.18,248.12,8022517,0
JPM.US,D,20250328,000000,246.94,249.505,241.11,242.85,11978417,0
JPM.US,D,20250331,000000,238.6542,245.86,237.3643,245.3,13602996,0
JPM.US,D,20250401,000000,242.63,245.69,240.8818,243.66,8054683,0
JPM.US,D,20250402,000000,241.75,247.245,241.46,245.82,7758750,0
JPM.US,D,20250403,000000,234.27,235.14,227.3,228.69,17188469,0
JPM.US,D,20250404,000000,215.305,217.7,208.93,210.28,27170689,0
JPM.US,D,20250407,000000,203.2451,222.053,202.16,214.44,22914370,0
JPM.US,D,20250408,000000,223.52,227.8378,213.25,216.87,19485734,0
JPM.US,D,20250409,000000,212.77,237.48,211,234.34,24022350,0
JPM.US,D,20250410,000000,229.0611,230.3499,220.1,227.11,18896440,0
JPM.US,D,20250411,000000,225.37,238.575,225,236.2,20284450,0
JPM.US,D,20250414,000000,237.1,239.78,233.6301,234.72,13017824,0
JPM.US,D,20250415,000000,236.1,238.65,232.82,233.13,10912883,0
JPM.US,D,20250416,000000,231.5,233.58,227.93,229.61,9322325,0
JPM.US,D,20250417,000000,230.8,234.34,230.55,231.96,9557946,0
JPM.US,D,20250421,000000,230.005,231.81,226.336,228.99,8716177,0
JPM.US,D,20250422,000000,232,235.99,231.37,235.59,10701399,0
JPM.US,D,20250423,000000,240.58,246.79,240,240.88,14126766,0
JPM.US,D,20250424,000000,239.75,245.4695,237.58,244.64,9055197,0
JPM.US,D,20250425,000000,244.365,245.62,241.75,243.55,8588564,0
JPM.US,D,20250428,000000,244.44,246.8437,240.84,243.22,7394297,0
JPM.US,D,20250429,000000,242.18,245.25,241.69,244.62,7216788,0
JPM.US,D,20250430,000000,241.5,245.22,238.43,244.62,12991699,0
JPM.US,D,20250501,000000,242.85,248.45,242.17,246.89,8689579,0
JPM.US,D,20250502,000000,251.26,253.6187,249.4629,252.51,7165044,0
JPM.US,D,20250505,000000,251.18,255.16,250.5901,252.56,5450744,0
JPM.US,D,20250506,000000,250,252.65,249,249.25,6369934,0
JPM.US,D,20250507,000000,249.85,252.45,248.83,249.39,8724267,0
JPM.US,D,20250508,000000,251.55,255.88,251.55,253.47,8320118,0
JPM.US,D,20250509,000000,254.505,255.51,252.34,253.08,5087639,0
JPM.US,D,20250512,000000,262.9,263.6,258.7,260.05,9603892,0
JPM.US,D,20250513,000000,260.875,263.67,260.39,263.01,8588961,0
JPM.US,D,20250514,000000,263,266.64,262.29,265.64,8643060,0
JPM.US,D,20250515,000000,266.745,269.52,264.76,267.49,9214641,0
JPM.US,D,20250516,000000,267.49,268.4593,264.71,267.56,8932912,0
JPM.US,D,20250519,000000,265.53,268.32,261.93,264.88,12145045,0
JPM.US,D,20250520,000000,262.72,266.66,262.3,265.68,8436337,0
JPM.US,D,20250521,000000,264.01,265.65,260.7263,261.04,7464045,0
JPM.US,D,20250522,000000,259.36,262.3,258.8687,260.67,6514113,0
JPM.US,D,20250523,000000,256.77,261.99,256.0001,260.71,6671841,0
JPM.US,D,20250527,000000,262.04,265.3,261.99,265.29,7506555,0
JPM.US,D,20250528,000000,265.695,266.72,262.9,263.49,5535408,0
JPM.US,D,20250529,000000,264.8,265.4099,262.53,264.37,5081992,0
JPM.US,D,20250530,000000,263.7,265.33,262.725,264,10977662,0
JPM.US,D,20250602,000000,263.02,265.03,261.9,264.66,6011165,0
JPM.US,D,20250603,000000,263.79,266.58,262.88,266.27,6998383,0
JPM.US,D,20250604,000000,265.75,267.12,264.18,264.22,5915710,0
JPM.US,D,20250605,000000,264.53,264.74,260.31,261.95,8179258,0
JPM.US,D,20250606,000000,264.33,266.65,264.26,265.73,7738134,0
JPM.US,D,20250609,000000,266,267.9,263.35,266.74,8285364,0
JPM.US,D,20250610,000000,266,268.9,265.85,268.6,7538135,0
JPM.US,D,20250611,000000,268.67,269.6199,265.7862,268.15,7434064,0
JPM.US,D,20250612,000000,266.86,268.29,265.14,268.24,6618026,0
JPM.US,D,20250613,000000,265.08,267.02,262.71,264.95,7098265,0
JPM.US,D,20250616,000000,267,271.73,266.85,270.36,8566019,0
JPM.US,D,20250617,000000,268.17,270.59,267.8,269.52,6739262,0
JPM.US,D,20250618,000000,269.8,277.72,269.72,273.96,9586440,0
JPM.US,D,20250620,000000,275.53,277.3,273.8119,275,13969674,0
JPM.US,D,20250623,000000,275.395,278.55,272.1128,278.27,8094559,0
JPM.US,D,20250624,000000,280.21,282.715,279.51,281.26,9267941,0
JPM.US,D,20250625,000000,281.255,284.28,280.91,284.06,6826901,0
JPM.US,D,20250626,000000,284.7,289.41,284.47,288.75,8942062,0
JPM.US,D,20250627,000000,285.81,288.6962,285.04,287.11,17868633,0
JPM.US,D,20250630,000000,290.8095,292.65,288.92,289.91,12689156,0
JPM.US,D,20250701,000000,290.89,291.13,286.59,290.41,9338260,0
JPM.US,D,20250702,000000,292.23,292.822,289.7,292,8158692,0
JPM.US,D,20250703,000000,292.15,296.4,291.21,296,6541646,0
JPM.US,D,20250707,000000,295.26,296.04,290.08,291.97,8825732,0
JPM.US,D,20250708,000000,289.275,289.7,280.31,282.78,15440856,0
JPM.US,D,20250709,000000,287.195,287.195,282.48,283.16,11273801,0
JPM.US,D,20250710,000000,283.08,288.31,283,288.19,8413847,0
JPM.US,D,20250711,000000,284.7747,287.38,283.655,286.86,7384674,0
JPM.US,D,20250714,000000,287.11,289.3,285.2556,288.7,9079941,0
JPM.US,D,20250715,000000,288,291.95,285.48,286.55,12526110,0
JPM.US,D,20250716,000000,288.4,290.73,283.01,285.82,9979768,0
JPM.US,D,20250717,000000,283.615,290.2965,283.44,289.9,8509504,0
JPM.US,D,20250718,000000,289.62,292.5,288.23,291.27,12217018,0
JPM.US,D,20250721,000000,290.945,294.18,290.58,290.97,7898141,0
JPM.US,D,20250722,000000,291.5,293.625,289.18,291.43,6717461,0
JPM.US,D,20250723,000000,292.84,296.99,292.55,296.76,7083510,0
JPM.US,D,20250724,000000,297.42,299.5899,296.2,296.55,7001242,0
JPM.US,D,20250725,000000,296.7,298.9,295.955,298.62,5918875,0
JPM.US,D,20250728,000000,297.7,299.43,296.82,298.28,5840417,0
JPM.US,D,20250729,000000,300,301.2931,296.2,297.04,7635719,0
JPM.US,D,20250730,000000,297.42,300.61,297.38,299.63,8061742,0
JPM.US,D,20250731,000000,298.5,300.975,295.5,296.24,14749652,0
JPM.US,D,20250801,000000,290.4,291.795,284.2376,289.37,12007111,0
JPM.US,D,20250804,000000,290.725,294.32,290.26,294.26,6649542,0
JPM.US,D,20250805,000000,294.69,295.785,287.24,291.37,7182333,0
JPM.US,D,20250806,000000,292.045,293.29,290.16,291.35,6330155,0
JPM.US,D,20250807,000000,292.94,293.46,286.41,286.94,8057109,0
JPM.US,D,20250808,000000,288.98,291.23,284.706,288.76,6634506,0
JPM.US,D,20250811,000000,289.34,291.32,288.78,289.56,5510113,0
JPM.US,D,20250812,000000,291.48,294.75,290.34,292.85,8572034,0
JPM.US,D,20250813,000000,293.93,294.55,287.16,290.53,8420407,0
JPM.US,D,20250814,000000,290.4,294.2,289.6391,294.16,6322381,0
JPM.US,D,20250815,000000,294.81,295.5,289.82,290.49,7340518,0
JPM.US,D,20250818,000000,290,291.9,288.41,291.53,5386856,0
JPM.US,D,20250819,000000,290.58,292.48,289.53,290.66,6031520,0
JPM.US,D,20250820,000000,290.95,293.33,287.27,292.24,7374244,0
JPM.US,D,20250821,000000,291.76,292.7661,289.4725,291.47,6624161,0
JPM.US,D,20250822,000000,293.3,297.16,290.13,296.24,8552847,0
JPM.US,D,20250825,000000,296.26,297.3475,294.14,294.9,5856258,0
JPM.US,D,20250826,000000,294.16,298.74,293.5001,298.57,6714749,0
JPM.US,D,20250827,000000,297.525,301.07,297.04,299.28,6056513,0
JPM.US,D,20250828,000000,300.025,301.2399,298.7,301.07,6410535,0
JPM.US,D,20250829,000000,302.04,302.95,299.73,301.42,6796380,0
JPM.US,D,20250902,000000,300.26,300.455,294.5,299.7,7221855,0
JPM.US,D,20250903,000000,300.57,300.57,296.38,299.51,6316911,0
JPM.US,D,20250904,000000,300,304.43,298.28,303.82,6605797,0
JPM.US,D,20250905,000000,303.65,305.15,294.31,294.38,9837709,0
JPM.US,D,20250908,000000,294.89,296.46,291.44,292.91,8188506,0
JPM.US,D,20250909,000000,292.6,299,292.31,297.85,7848196,0
JPM.US,D,20250910,000000,296.7,301.54,295.4,300.54,7787303,0
JPM.US,D,20250911,000000,300.925,305.73,300.7925,305.56,7942489,0
JPM.US,D,20250912,000000,304.815,307.55,303.695,306.91,6846674,0
JPM.US,D,20250915,000000,307.17,309.95,307.17,308.9,7122015,0
JPM.US,D,20250916,000000,309.54,310.9,307.1347,309.19,10525594,0
JPM.US,D,20250917,000000,310.2,312.91,308.7722,311.75,8657765,0
JPM.US,D,20250918,000000,311.395,313.44,309.61,313.23,8050671,0
JPM.US,D,20250919,000000,313.6,315.8,309.12,314.78,23568551,0
JPM.US,D,20250922,000000,309.8,313.7,309.555,312.44,7520190,0
JPM.US,D,20250923,000000,311.815,316.3141,310.58,312.74,8584420,0
JPM.US,D,20250924,000000,314.03,316.5773,311.665,313.42,7310513,0
JPM.US,D,20250925,000000,313.415,315.65,311.8,313.45,7083198,0
JPM.US,D,20250926,000000,314.875,317.81,313.704,316.06,7258136,0
JPM.US,D,20250929,000000,317,318.01,313.66,315.69,6462442,0
JPM.US,D,20250930,000000,316.125,317.41,310.11,315.43,11823315,0
JPM.US,D,20251001,000000,313.34,314.59,307.41,310.71,9235211,0
JPM.US,D,20251002,000000,310,310.56,306.14,307.55,7599973,0
JPM.US,D,20251003,000000,308.575,311.66,308.21,310.03,6029854,0
JPM.US,D,20251006,000000,310.22,311.7474,305.1301,309.18,7214502,0
JPM.US,D,20251007,000000,309.495,310.01,304.7,307.69,8454217,0
JPM.US,D,20251008,000000,308.0138,308.7832,303.55,304.03,6489883,0
JPM.US,D,20251009,000000,305.05,308.035,303.3947,305.53,7060332,0
JPM.US,D,20251010,000000,305.66,310.47,300.81,300.89,8597384,0
JPM.US,D,20251013,000000,305.53,309.46,305.45,307.97,10788680,0
JPM.US,D,20251014,000000,305.84,307,294.21,302.08,16178755,0
JPM.US,D,20251015,000000,306.39,312.1199,305.44,305.69,11354778,0
JPM.US,D,20251016,000000,305.35,308.6799,297.07,298.54,10549447,0
JPM.US,D,20251017,000000,299.17,299.55,294.2,297.56,10153454,0
JPM.US,D,20251020,000000,298.56,303.69,298.1601,302.36,6894943,0
JPM.US,D,20251021,000000,301.66,304.05,297,297.09,7372671,0
JPM.US,D,20251022,000000,297.77,298.0599,290.5448,294.11,8054115,0
JPM.US,D,20251023,000000,294.32,296.3699,292.51,294.54,5438810,0
JPM.US,D,20251024,000000,295.45,302.6,295.45,300.44,7228330,0
JPM.US,D,20251027,000000,302.16,304.53,301.01,304.15,5642222,0
JPM.US,D,20251028,000000,304.88,307.9674,303.16,305.36,6335993,0
JPM.US,D,20251029,000000,303.5,308.245,303.01,305.51,7520324,0
JPM.US,D,20251030,000000,305.75,312.61,305.1,309.44,7514556,0
JPM.US,D,20251031,000000,308.125,312.87,307.25,311.12,7721297,0
JPM.US,D,20251103,000000,311,312.32,306.21,309.35,7770040,0
JPM.US,D,20251104,000000,306.78,312.22,305.1,309.25,7085164,0
JPM.US,D,20251105,000000,309.7,313.1,305.63,311.68,6865198,0
JPM.US,D,20251106,000000,310.99,314.84,310.26,313.42,7206111,0
JPM.US,D,20251107,000000,312.03,314.43,307.642,314.21,7302347,0
JPM.US,D,20251110,000000,314.95,319.555,314.21,316.89,5794505,0
JPM.US,D,20251111,000000,317.5,319.05,315.28,315.62,5030216,0
JPM.US,D,20251112,000000,316.26,322.25,316.21,320.41,10578266,0
JPM.US,D,20251113,000000,319.31,320.6325,309.1,309.48,8973258,0
JPM.US,D,20251114,000000,307.51,307.64,301.23,303.61,10326983,0
JPM.US,D,20251117,000000,303.89,305.59,297.6714,300.37,8344046,0
JPM.US,D,20251118,000000,299.5,302.945,297.02,299.41,8077315,0
JPM.US,D,20251119,000000,299.75,304.4499,299.265,303.27,5546555,0
JPM.US,D,20251120,000000,306.28,309.92,298.16,298.38,7501582,0
JPM.US,D,20251121,000000,301.29,301.68,292.8101,298.02,11766810,0
JPM.US,D,20251124,000000,298.24,299.82,294.51,298,10940186,0
JPM.US,D,20251125,000000,300.06,304.5,295.56,303,8877188,0
JPM.US,D,20251126,000000,304.99,308.525,303.2,307.64,7910851,0
JPM.US,D,20251128,000000,309.1,313.72,308.24,313.08,4322448,0
JPM.US,D,20251201,000000,312.95,314.04,308.54,308.92,7727324,0
JPM.US,D,20251202,000000,308.725,310.48,307.09,307.88,7249043,0
JPM.US,D,20251203,000000,307.2,312.36,306.8,312.13,8535260,0
JPM.US,D,20251204,000000,313.225,318.49,313,316.1,9627834,0
JPM.US,D,20251205,000000,315.595,318.48,314.68,315.04,6518908,0
JPM.US,D,20251208,000000,315.06,316.47,313.3501,315.21,7417191,0
JPM.US,D,20251209,000000,314.95,318.8,300.02,300.51,18049223,0
JPM.US,D,20251210,000000,300.5,311.19,298.46,310.11,18874092,0
JPM.US,D,20251211,000000,309.24,318,309.24,317.38,9721859,0
JPM.US,D,20251212,000000,319.68,320.27,316.6013,318.52,8982911,0
JPM.US,D,20251215,000000,319.77,322.88,318.39,320.02,10864122,0
JPM.US,D,20251216,000000,319.22,319.52,314.4,315.55,8331336,0
JPM.US,D,20251217,000000,318.47,319.37,314.66,314.98,8718653,0
JPM.US,D,20251218,000000,316,317.7,312.22,313,11444909,0
JPM.US,D,20251219,000000,313.88,318.56,313.19,317.21,24494412,0
JPM.US,D,20251222,000000,317.51,323.23,317.51,323.09,8354588,0
JPM.US,D,20251223,000000,323.61,327.78,323.09,325.93,6668305,0
JPM.US,D,20251224,000000,326.4,329.99,325.5014,329.17,4289306,0
JPM.US,D,20251226,000000,329.11,330.86,326.54,327.91,4158293,0
JPM.US,D,20251229,000000,327.68,327.77,323.53,323.75,8635338,0
JPM.US,D,20251230,000000,324.77,324.94,322.49,323.42,7904263,0
JPM.US,D,20251231,000000,324.16,324.875,322.04,322.22,5048531,0
JPM.US,D,20260102,000000,322.5,325.73,320.74,325.48,8054040,0
JPM.US,D,20260105,000000,325.19,337.25,325.19,334.04,10752627,0
JPM.US,D,20260106,000000,332.62,335.87,330.65,334.61,7660787,0
JPM.US,D,20260107,000000,331.14,332.1499,324.6,326.99,9815240,0
JPM.US,D,20260108,000000,326.36,331.4,325.65,329.79,11737068,0
JPM.US,D,20260109,000000,329.34,331.9,328.17,329.19,6738143,0
JPM.US,D,20260112,000000,321.884,326.02,321.23,324.49,12805062,0
JPM.US,D,20260113,000000,324.3,326.86,310.572,310.9,19371171,0
JPM.US,D,20260114,000000,308.2,311.76,306.12,307.87,25951464,0
JPM.US,D,20260115,000000,308.425,312.94,307.75,309.26,14751447,0
JPM.US,D,20260116,000000,310.035,317.21,310,312.47,14652508,0
JPM.US,D,20260120,000000,306.21,311.15,301.86,302.74,12900620,0
JPM.US,D,20260121,000000,303.425,305.4,301.15,302.04,10270144,0
JPM.US,D,20260122,000000,304.8,308.2,302.9,303.63,10535822,0
JPM.US,D,20260123,000000,302,302.37,296.51,297.72,11107925,0
JPM.US,D,20260126,000000,297.81,301.775,297.45,301.04,11752666,0
JPM.US,D,20260127,000000,301.25,301.97,298.15,300.31,11527448,0
JPM.US,D,20260128,000000,300.25,301.92,298.05,300.77,9556743,0
JPM.US,D,20260129,000000,302.4,306.83,302.215,306.42,11579987,0
JPM.US,D,20260130,000000,305.47,307.93,302.555,305.89,11953180,0
JPM.US,D,20260202,000000,305.05,309.3,301.37,308.14,9839360,0
JPM.US,D,20260203,000000,309.73,316.25,309.095,314.85,12687963,0
JPM.US,D,20260204,000000,314.405,319.305,314.405,317.27,9848802,0
JPM.US,D,20260205,000000,315.08,316.01,305.54,310.16,9387999,0
JPM.US,D,20260206,000000,314.71,324.245,314.71,322.4,17797443,0
JPM.US,D,20260209,000000,321.34,326.4,320.1149,322.1,11477473,0
JPM.US,D,20260210,000000,322.55,326.125,315.1201,318.28,9902224,0
JPM.US,D,20260211,000000,322.94,325.28,308.7301,310.82,8703519,0
JPM.US,D,20260212,000000,312.275,313.615,300.02,302.64,13443363,0
JPM.US,D,20260213,000000,298.52,304.29,296.52,302.55,9114526,0
JPM.US,D,20260217,000000,302.76,308.24,302.5,307.13,8896753,0
JPM.US,D,20260218,000000,308.45,312.28,307.22,308.78,7209556,0
JPM.US,D,20260219,000000,307.17,309.18,305.12,308.05,6737705,0
JPM.US,D,20260220,000000,308.58,311,305.68,310.79,7792735,0
JPM.US,D,20260223,000000,308.8,311,295.1,297.67,12955428,0
JPM.US,D,20260224,000000,296.82,299.75,291.38,297.3,13554127,0
JPM.US,D,20260225,000000,298.64,303.6599,297.01,303.3,8095520,0
JPM.US,D,20260226,000000,304.59,309.01,303.64,306.13,7002816,0
JPM.US,D,20260227,000000,300.124,302.95,294.45,300.3,18601022,0
JPM.US,D,20260302,000000,294.81,299.9799,293.21,297.56,8508910,0
JPM.US,D,20260303,000000,292.285,302.39,289.5,300.26,10278153,0
JPM.US,D,20260304,000000,300,301,295.82,299.39,8055668,0
JPM.US,D,20260305,000000,297.85,301.24,292.43,293.55,12732488,0
JPM.US,D,20260306,000000,286.34,289.99,283.71,289.48,13496526,0
JPM.US,D,20260309,000000,285.5,291.0999,280.45,289.92,12241051,0
JPM.US,D,20260310,000000,289.4,292.75,287.18,288.73,8344876,0
JPM.US,D,20260311,000000,288.81,290.4825,284.86,287.52,10204994,0
JPM.US,D,20260312,000000,283.115,283.88,279.1,282.89,13760505,0
JPM.US,D,20260313,000000,284.665,287.19,282.95,283.44,9091183,0
JPM.US,D,20260316,000000,286.53,289.2699,284.61,286.16,8149008,0
JPM.US,D,20260317,000000,289,291.76,285.95,286.89,8961193,0
JPM.US,D,20260318,000000,286.655,289.405,285.1223,287.74,10057039,0
JPM.US,D,20260319,000000,286.9,289.51,284.62,287.97,9846696,0
JPM.US,D,20260320,000000,287.44,290.71,285.27,286.56,22436493,0
JPM.US,D,20260323,000000,294.31,295.75,287.97,289.91,11470841,0
JPM.US,D,20260324,000000,286.17,295.48,285.3701,292.4,11092328,0
JPM.US,D,20260325,000000,294.17,297.64,292.44,295.42,12188164,0
JPM.US,D,20260326,000000,292.58,294.9899,290.73,291.66,8669196,0
JPM.US,D,20260327,000000,289.14,290.11,281.75,282.84,9873292,0
JPM.US,D,20260330,000000,284.74,287.25,282.33,283.77,11734351,0
JPM.US,D,20260331,000000,288.47,295.072,284.945,294.16,12956879,0
JPM.US,D,20260401,000000,295.39,298.72,292.91,295.38,11267167,0
JPM.US,D,20260402,000000,291.91,295.62,288.72,294.6,6669252,0
JPM.US,D,20260406,000000,294.06,296.83,293.195,295.45,7142621,0
JPM.US,D,20260407,000000,293.14,298.18,292.6982,297.4,7849083,0
JPM.US,D,20260408,000000,307.97,311.26,305.33,307.97,10590165,0
JPM.US,D,20260409,000000,306.95,311.26,306.11,310.33,6586601,0
JPM.US,D,20260410,000000,310,310.35,306.72,309.87,6069693,0
JPM.US,D,20260413,000000,307.47,313.74,305.4571,313.68,8318221,0
JPM.US,D,20260414,000000,309.82,314.32,308.87,311.12,11455513,0
JPM.US,D,20260415,000000,313.95,314.24,304.26,305.93,9885824,0
JPM.US,D,20260416,000000,305.35,309.95,305.2,309.95,8208612,0
JPM.US,D,20260417,000000,312.47,314.9,310.09,310.29,11082391,0
JPM.US,D,20260420,000000,310.85,317.13,310.37,316.99,10772003,0
JPM.US,D,20260421,000000,317.49,320.235,312.75,313,7084264,0
JPM.US,D,20260422,000000,314.85,315.1486,311.9404,313.02,5545909,0
JPM.US,D,20260423,000000,313.52,314.99,308.89,311.69,6969656,0
JPM.US,D,20260424,000000,311.15,311.15,307.89,308.28,5211434,0
